<root>
  <part>
    <partNumber>DS192014</partNumber>
    <punctuatedPartNumber>DS-192014</punctuatedPartNumber>
    <partStatusDescription>STANDARD</partStatusDescription>
    <partDescription>530 - Drive Chain - 102 Links</partDescription>
    <unitOfMeasure>Each</unitOfMeasure>
    <brandName>DIAMOND</brandName>
    <supplierNumber>DMD-5301R102NZE</supplierNumber>
    <specialInstructions/>
    <baseDealerPrice>96.70</baseDealerPrice>
    <yourDealerPrice>96.70</yourDealerPrice>
    <baseRetailPrice>151.95</baseRetailPrice>
    <originalRetailPrice>122.95</originalRetailPrice>
    <partImage>http://asset.lemansnet.com/z/LzgvMS8zLzgxM0ZBODYwLTJDNkQtNDFCMi04MjU1LUZCQTJBNzc4MzNBNw==</partImage>
    <productId>0587105451</productId>
    <productName>530 Drive Chain</productName>
    <productImage>http://asset.lemansnet.com/z/LzgvMS8zLzgxM0ZBODYwLTJDNkQtNDFCMi04MjU1LUZCQTJBNzc4MzNBNw==</productImage>
    <bullet1>Oil-impregnated bushing in XDL chain supplies lubrication to the pin bushing area</bullet1>
    <bullet2>Made in the U.S.A.</bullet2>
    <bullet3/>
    <bullet4/>
    <bullet5/>
    <bullet6/>
    <bullet7/>
    <bullet8/>
    <bullet9/>
    <bullet10/>
    <bullet11/>
    <bullet12/>
    <bullet13/>
    <bullet14/>
    <bullet15/>
    <bullet16/>
    <bullet17/>
    <bullet18/>
    <bullet19/>
    <bullet20/>
    <bullet21/>
    <bullet22/>
    <bullet23/>
    <bullet24/>
    <vendorPriceUpdateDate>2023-01-04 00:00:00</vendorPriceUpdateDate>
  </part>
  <part>
    <partNumber>DS192016</partNumber>
    <punctuatedPartNumber>DS-192016</punctuatedPartNumber>
    <partStatusDescription>STANDARD</partStatusDescription>
    <partDescription>530 - Drive Chain - 104 Links</partDescription>
    <unitOfMeasure>Each</unitOfMeasure>
    <brandName>DIAMOND</brandName>
    <supplierNumber>DMD-5301R104NZE</supplierNumber>
    <specialInstructions/>
    <baseDealerPrice>98.50</baseDealerPrice>
    <yourDealerPrice>98.50</yourDealerPrice>
    <baseRetailPrice>153.95</baseRetailPrice>
    <originalRetailPrice>124.95</originalRetailPrice>
    <partImage>http://asset.lemansnet.com/z/LzgvMS8zLzgxM0ZBODYwLTJDNkQtNDFCMi04MjU1LUZCQTJBNzc4MzNBNw==</partImage>
    <productId>0587105451</productId>
    <productName>530 Drive Chain</productName>
    <productImage>http://asset.lemansnet.com/z/LzgvMS8zLzgxM0ZBODYwLTJDNkQtNDFCMi04MjU1LUZCQTJBNzc4MzNBNw==</productImage>
    <bullet1>Oil-impregnated bushing in XDL chain supplies lubrication to the pin bushing area</bullet1>
    <bullet2>Made in the U.S.A.</bullet2>
    <bullet3/>
    <bullet4/>
    <bullet5/>
    <bullet6/>
    <bullet7/>
    <bullet8/>
    <bullet9/>
    <bullet10/>
    <bullet11/>
    <bullet12/>
    <bullet13/>
    <bullet14/>
    <bullet15/>
    <bullet16/>
    <bullet17/>
    <bullet18/>
    <bullet19/>
    <bullet20/>
    <bullet21/>
    <bullet22/>
    <bullet23/>
    <bullet24/>
    <vendorPriceUpdateDate>2023-01-04 00:00:00</vendorPriceUpdateDate>
  </part>
  <part>
    <partNumber>DS192020</partNumber>
    <punctuatedPartNumber>DS-192020</punctuatedPartNumber>
    <partStatusDescription>STANDARD</partStatusDescription>
    <partDescription>530 - Drive Chain - 108 Links</partDescription>
    <unitOfMeasure>Each</unitOfMeasure>
    <brandName>DIAMOND</brandName>
    <supplierNumber>DMD-5301R108NZE</supplierNumber>
    <specialInstructions/>
    <baseDealerPrice>102.40</baseDealerPrice>
    <yourDealerPrice>102.40</yourDealerPrice>
    <baseRetailPrice>158.95</baseRetailPrice>
    <originalRetailPrice>129.95</originalRetailPrice>
    <partImage>http://asset.lemansnet.com/z/LzgvMS8zLzgxM0ZBODYwLTJDNkQtNDFCMi04MjU1LUZCQTJBNzc4MzNBNw==</partImage>
    <productId>0587105451</productId>
    <productName>530 Drive Chain</productName>
    <productImage>http://asset.lemansnet.com/z/LzgvMS8zLzgxM0ZBODYwLTJDNkQtNDFCMi04MjU1LUZCQTJBNzc4MzNBNw==</productImage>
    <bullet1>Oil-impregnated bushing in XDL chain supplies lubrication to the pin bushing area</bullet1>
    <bullet2>Made in the U.S.A.</bullet2>
    <bullet3/>
    <bullet4/>
    <bullet5/>
    <bullet6/>
    <bullet7/>
    <bullet8/>
    <bullet9/>
    <bullet10/>
    <bullet11/>
    <bullet12/>
    <bullet13/>
    <bullet14/>
    <bullet15/>
    <bullet16/>
    <bullet17/>
    <bullet18/>
    <bullet19/>
    <bullet20/>
    <bullet21/>
    <bullet22/>
    <bullet23/>
    <bullet24/>
    <vendorPriceUpdateDate>2023-01-04 00:00:00</vendorPriceUpdateDate>
  </part>
  <part>
    <partNumber>DS192090</partNumber>
    <punctuatedPartNumber>DS-192090</punctuatedPartNumber>
    <partStatusDescription>STANDARD</partStatusDescription>
    <partDescription>Primary Chain - #428-2-82 - 4-Speed</partDescription>
    <unitOfMeasure>Each</unitOfMeasure>
    <brandName>DIAMOND</brandName>
    <supplierNumber>DMD-428-2RV-82NRI</supplierNumber>
    <specialInstructions/>
    <baseDealerPrice>125.00</baseDealerPrice>
    <yourDealerPrice>125.00</yourDealerPrice>
    <baseRetailPrice>194.95</baseRetailPrice>
    <originalRetailPrice>158.95</originalRetailPrice>
    <partImage>http://asset.lemansnet.com/z/LzEvQS9FLzFBRUE1QTQwLTkyMkEtNDQ2RS1BN0Y2LTE0RDUwRDk3MEUxMiwvNS80L0QvNTRENkJCODAtOENFOS00Qzc1LUFGNkEtQkM4MkM5M0Q2RUU4</partImage>
    <productId>0310790682</productId>
    <productName>Primary Chain</productName>
    <productImage>http://asset.lemansnet.com/z/LzUvNC9ELzU0RDZCQjgwLThDRTktNEM3NS1BRjZBLUJDODJDOTNENkVFOA==</productImage>
    <bullet1>Endless link Diamond primary chain</bullet1>
    <bullet2>Made in the U.S.A.</bullet2>
    <bullet3/>
    <bullet4/>
    <bullet5/>
    <bullet6/>
    <bullet7/>
    <bullet8/>
    <bullet9/>
    <bullet10/>
    <bullet11/>
    <bullet12/>
    <bullet13/>
    <bullet14/>
    <bullet15/>
    <bullet16/>
    <bullet17/>
    <bullet18/>
    <bullet19/>
    <bullet20/>
    <bullet21/>
    <bullet22/>
    <bullet23/>
    <bullet24/>
    <vendorPriceUpdateDate>2023-01-04 00:00:00</vendorPriceUpdateDate>
  </part>
  <part>
    <partNumber>DS192152</partNumber>
    <punctuatedPartNumber>DS-192152</punctuatedPartNumber>
    <partStatusDescription>STANDARD</partStatusDescription>
    <partDescription>530 - Connecting Link - Clip</partDescription>
    <unitOfMeasure>Each</unitOfMeasure>
    <brandName>DIAMOND</brandName>
    <supplierNumber>DMD5301SCCOLINK</supplierNumber>
    <specialInstructions/>
    <baseDealerPrice>2.50</baseDealerPrice>
    <yourDealerPrice>2.50</yourDealerPrice>
    <baseRetailPrice>5.95</baseRetailPrice>
    <originalRetailPrice>3.95</originalRetailPrice>
    <partImage>http://asset.lemansnet.com/z/L0UvQy9BL0VDQTc0MTdBLUY5NzgtNDhFRC1BOTE2LTk2QzQ0QUI3QjQ1QQ==</partImage>
    <productId>0331970949</productId>
    <productName>530 Clip Connecting Link</productName>
    <productImage>http://asset.lemansnet.com/z/LzYvRS80LzZFNEQ4NTgwLTk5Q0ItNDBBNy1BMTM5LTZDNjc3RDBFM0EzQg==</productImage>
    <bullet1>Replacement connecting link</bullet1>
    <bullet2/>
    <bullet3/>
    <bullet4/>
    <bullet5/>
    <bullet6/>
    <bullet7/>
    <bullet8/>
    <bullet9/>
    <bullet10/>
    <bullet11/>
    <bullet12/>
    <bullet13/>
    <bullet14/>
    <bullet15/>
    <bullet16/>
    <bullet17/>
    <bullet18/>
    <bullet19/>
    <bullet20/>
    <bullet21/>
    <bullet22/>
    <bullet23/>
    <bullet24/>
    <vendorPriceUpdateDate>2023-01-04 00:00:00</vendorPriceUpdateDate>
  </part>
  <part>
    <partNumber>DS192092</partNumber>
    <punctuatedPartNumber>DS-192092</punctuatedPartNumber>
    <partStatusDescription>STANDARD</partStatusDescription>
    <partDescription>Primary Chain - #35-3-94</partDescription>
    <unitOfMeasure>Each</unitOfMeasure>
    <brandName>DIAMOND</brandName>
    <supplierNumber>DMD-C35-3R94NRI</supplierNumber>
    <specialInstructions/>
    <baseDealerPrice>104.80</baseDealerPrice>
    <yourDealerPrice>104.80</yourDealerPrice>
    <baseRetailPrice>162.95</baseRetailPrice>
    <originalRetailPrice>132.95</originalRetailPrice>
    <partImage>http://asset.lemansnet.com/z/L0YvNC8zL0Y0M0MyOUIzLTQ5REQtNDgxRS04Q0NCLUJBNEYxOUM2NzhCQw==</partImage>
    <productId>0310790682</productId>
    <productName>Primary Chain</productName>
    <productImage>http://asset.lemansnet.com/z/LzUvNC9ELzU0RDZCQjgwLThDRTktNEM3NS1BRjZBLUJDODJDOTNENkVFOA==</productImage>
    <bullet1>Endless link Diamond primary chain</bullet1>
    <bullet2>Made in the U.S.A.</bullet2>
    <bullet3/>
    <bullet4/>
    <bullet5/>
    <bullet6/>
    <bullet7/>
    <bullet8/>
    <bullet9/>
    <bullet10/>
    <bullet11/>
    <bullet12/>
    <bullet13/>
    <bullet14/>
    <bullet15/>
    <bullet16/>
    <bullet17/>
    <bullet18/>
    <bullet19/>
    <bullet20/>
    <bullet21/>
    <bullet22/>
    <bullet23/>
    <bullet24/>
    <vendorPriceUpdateDate>2023-03-02 00:00:00</vendorPriceUpdateDate>
  </part>
  <part>
    <partNumber>DS192218</partNumber>
    <punctuatedPartNumber>DS-192218</punctuatedPartNumber>
    <partStatusDescription>STANDARD</partStatusDescription>
    <partDescription>530 X - DLX - Drive Chain - 106 Links</partDescription>
    <unitOfMeasure>Each</unitOfMeasure>
    <brandName>DIAMOND</brandName>
    <supplierNumber>DL-530-1R106NAE</supplierNumber>
    <specialInstructions/>
    <baseDealerPrice>141.70</baseDealerPrice>
    <yourDealerPrice>141.70</yourDealerPrice>
    <baseRetailPrice>220.95</baseRetailPrice>
    <originalRetailPrice>179.95</originalRetailPrice>
    <partImage>http://asset.lemansnet.com/z/LzgvMS8zLzgxM0ZBODYwLTJDNkQtNDFCMi04MjU1LUZCQTJBNzc4MzNBNw==</partImage>
    <productId>0587105451</productId>
    <productName>530 Drive Chain</productName>
    <productImage>http://asset.lemansnet.com/z/LzgvMS8zLzgxM0ZBODYwLTJDNkQtNDFCMi04MjU1LUZCQTJBNzc4MzNBNw==</productImage>
    <bullet1>Oil-impregnated bushing in XDL chain supplies lubrication to the pin bushing area</bullet1>
    <bullet2>Made in the U.S.A.</bullet2>
    <bullet3/>
    <bullet4/>
    <bullet5/>
    <bullet6/>
    <bullet7/>
    <bullet8/>
    <bullet9/>
    <bullet10/>
    <bullet11/>
    <bullet12/>
    <bullet13/>
    <bullet14/>
    <bullet15/>
    <bullet16/>
    <bullet17/>
    <bullet18/>
    <bullet19/>
    <bullet20/>
    <bullet21/>
    <bullet22/>
    <bullet23/>
    <bullet24/>
    <vendorPriceUpdateDate>2023-01-04 00:00:00</vendorPriceUpdateDate>
  </part>
  <part>
    <partNumber>DS192222</partNumber>
    <punctuatedPartNumber>DS-192222</punctuatedPartNumber>
    <partStatusDescription>STANDARD</partStatusDescription>
    <partDescription>530 X - DLX - Drive Chain - 110 Links</partDescription>
    <unitOfMeasure>Each</unitOfMeasure>
    <brandName>DIAMOND</brandName>
    <supplierNumber>DL-530-1R110NAE</supplierNumber>
    <specialInstructions/>
    <baseDealerPrice>147.10</baseDealerPrice>
    <yourDealerPrice>147.10</yourDealerPrice>
    <baseRetailPrice>227.95</baseRetailPrice>
    <originalRetailPrice>1331.95</originalRetailPrice>
    <partImage>http://asset.lemansnet.com/z/LzgvMS8zLzgxM0ZBODYwLTJDNkQtNDFCMi04MjU1LUZCQTJBNzc4MzNBNw==</partImage>
    <productId>0587105451</productId>
    <productName>530 Drive Chain</productName>
    <productImage>http://asset.lemansnet.com/z/LzgvMS8zLzgxM0ZBODYwLTJDNkQtNDFCMi04MjU1LUZCQTJBNzc4MzNBNw==</productImage>
    <bullet1>Oil-impregnated bushing in XDL chain supplies lubrication to the pin bushing area</bullet1>
    <bullet2>Made in the U.S.A.</bullet2>
    <bullet3/>
    <bullet4/>
    <bullet5/>
    <bullet6/>
    <bullet7/>
    <bullet8/>
    <bullet9/>
    <bullet10/>
    <bullet11/>
    <bullet12/>
    <bullet13/>
    <bullet14/>
    <bullet15/>
    <bullet16/>
    <bullet17/>
    <bullet18/>
    <bullet19/>
    <bullet20/>
    <bullet21/>
    <bullet22/>
    <bullet23/>
    <bullet24/>
    <vendorPriceUpdateDate>2023-01-04 00:00:00</vendorPriceUpdateDate>
  </part>
  <part>
    <partNumber>DS192231</partNumber>
    <punctuatedPartNumber>DS-192231</punctuatedPartNumber>
    <partStatusDescription>STANDARD</partStatusDescription>
    <partDescription>530 X - DLX - Drive Chain - 120 Links</partDescription>
    <unitOfMeasure>Each</unitOfMeasure>
    <brandName>DIAMOND</brandName>
    <supplierNumber>DL-530-1R120NAE</supplierNumber>
    <specialInstructions/>
    <baseDealerPrice>160.50</baseDealerPrice>
    <yourDealerPrice>160.50</yourDealerPrice>
    <baseRetailPrice>248.95</baseRetailPrice>
    <originalRetailPrice>202.95</originalRetailPrice>
    <partImage>http://asset.lemansnet.com/z/LzgvMS8zLzgxM0ZBODYwLTJDNkQtNDFCMi04MjU1LUZCQTJBNzc4MzNBNw==</partImage>
    <productId>0587105451</productId>
    <productName>530 Drive Chain</productName>
    <productImage>http://asset.lemansnet.com/z/LzgvMS8zLzgxM0ZBODYwLTJDNkQtNDFCMi04MjU1LUZCQTJBNzc4MzNBNw==</productImage>
    <bullet1>Oil-impregnated bushing in XDL chain supplies lubrication to the pin bushing area</bullet1>
    <bullet2>Made in the U.S.A.</bullet2>
    <bullet3/>
    <bullet4/>
    <bullet5/>
    <bullet6/>
    <bullet7/>
    <bullet8/>
    <bullet9/>
    <bullet10/>
    <bullet11/>
    <bullet12/>
    <bullet13/>
    <bullet14/>
    <bullet15/>
    <bullet16/>
    <bullet17/>
    <bullet18/>
    <bullet19/>
    <bullet20/>
    <bullet21/>
    <bullet22/>
    <bullet23/>
    <bullet24/>
    <vendorPriceUpdateDate>2023-01-04 00:00:00</vendorPriceUpdateDate>
  </part>
  <part>
    <partNumber>DS192252</partNumber>
    <punctuatedPartNumber>DS-192252</punctuatedPartNumber>
    <partStatusDescription>STANDARD</partStatusDescription>
    <partDescription>530 DL - Connecting Link</partDescription>
    <unitOfMeasure>Each</unitOfMeasure>
    <brandName>DIAMOND</brandName>
    <supplierNumber>DL5301SCCOLINKM</supplierNumber>
    <specialInstructions/>
    <baseDealerPrice>3.00</baseDealerPrice>
    <yourDealerPrice>3.00</yourDealerPrice>
    <baseRetailPrice>6.95</baseRetailPrice>
    <originalRetailPrice>3.95</originalRetailPrice>
    <partImage>http://asset.lemansnet.com/z/LzYvRS80LzZFNEQ4NTgwLTk5Q0ItNDBBNy1BMTM5LTZDNjc3RDBFM0EzQg==</partImage>
    <productId>0331970949</productId>
    <productName>530 Clip Connecting Link</productName>
    <productImage>http://asset.lemansnet.com/z/LzYvRS80LzZFNEQ4NTgwLTk5Q0ItNDBBNy1BMTM5LTZDNjc3RDBFM0EzQg==</productImage>
    <bullet1>Replacement connecting link</bullet1>
    <bullet2/>
    <bullet3/>
    <bullet4/>
    <bullet5/>
    <bullet6/>
    <bullet7/>
    <bullet8/>
    <bullet9/>
    <bullet10/>
    <bullet11/>
    <bullet12/>
    <bullet13/>
    <bullet14/>
    <bullet15/>
    <bullet16/>
    <bullet17/>
    <bullet18/>
    <bullet19/>
    <bullet20/>
    <bullet21/>
    <bullet22/>
    <bullet23/>
    <bullet24/>
    <vendorPriceUpdateDate>2023-01-04 00:00:00</vendorPriceUpdateDate>
  </part>
  <part>
    <partNumber>DS192018</partNumber>
    <punctuatedPartNumber>DS-192018</punctuatedPartNumber>
    <partStatusDescription>STANDARD</partStatusDescription>
    <partDescription>530 - Drive Chain - 106 Links</partDescription>
    <unitOfMeasure>Each</unitOfMeasure>
    <brandName>DIAMOND</brandName>
    <supplierNumber>DMD-5301R106NZE</supplierNumber>
    <specialInstructions/>
    <baseDealerPrice>100.30</baseDealerPrice>
    <yourDealerPrice>100.30</yourDealerPrice>
    <baseRetailPrice>155.95</baseRetailPrice>
    <originalRetailPrice>126.95</originalRetailPrice>
    <partImage>http://asset.lemansnet.com/z/LzgvMS8zLzgxM0ZBODYwLTJDNkQtNDFCMi04MjU1LUZCQTJBNzc4MzNBNw==</partImage>
    <productId>0587105451</productId>
    <productName>530 Drive Chain</productName>
    <productImage>http://asset.lemansnet.com/z/LzgvMS8zLzgxM0ZBODYwLTJDNkQtNDFCMi04MjU1LUZCQTJBNzc4MzNBNw==</productImage>
    <bullet1>Oil-impregnated bushing in XDL chain supplies lubrication to the pin bushing area</bullet1>
    <bullet2>Made in the U.S.A.</bullet2>
    <bullet3/>
    <bullet4/>
    <bullet5/>
    <bullet6/>
    <bullet7/>
    <bullet8/>
    <bullet9/>
    <bullet10/>
    <bullet11/>
    <bullet12/>
    <bullet13/>
    <bullet14/>
    <bullet15/>
    <bullet16/>
    <bullet17/>
    <bullet18/>
    <bullet19/>
    <bullet20/>
    <bullet21/>
    <bullet22/>
    <bullet23/>
    <bullet24/>
    <vendorPriceUpdateDate>2023-01-04 00:00:00</vendorPriceUpdateDate>
  </part>
  <part>
    <partNumber>DS192031</partNumber>
    <punctuatedPartNumber>DS-192031</punctuatedPartNumber>
    <partStatusDescription>STANDARD</partStatusDescription>
    <partDescription>530 - Drive Chain - 120 Links</partDescription>
    <unitOfMeasure>Each</unitOfMeasure>
    <brandName>DIAMOND</brandName>
    <supplierNumber>DMD-5301R120NZE</supplierNumber>
    <specialInstructions/>
    <baseDealerPrice>113.70</baseDealerPrice>
    <yourDealerPrice>113.70</yourDealerPrice>
    <baseRetailPrice>176.95</baseRetailPrice>
    <originalRetailPrice>143.95</originalRetailPrice>
    <partImage>http://asset.lemansnet.com/z/LzgvMS8zLzgxM0ZBODYwLTJDNkQtNDFCMi04MjU1LUZCQTJBNzc4MzNBNw==</partImage>
    <productId>0587105451</productId>
    <productName>530 Drive Chain</productName>
    <productImage>http://asset.lemansnet.com/z/LzgvMS8zLzgxM0ZBODYwLTJDNkQtNDFCMi04MjU1LUZCQTJBNzc4MzNBNw==</productImage>
    <bullet1>Oil-impregnated bushing in XDL chain supplies lubrication to the pin bushing area</bullet1>
    <bullet2>Made in the U.S.A.</bullet2>
    <bullet3/>
    <bullet4/>
    <bullet5/>
    <bullet6/>
    <bullet7/>
    <bullet8/>
    <bullet9/>
    <bullet10/>
    <bullet11/>
    <bullet12/>
    <bullet13/>
    <bullet14/>
    <bullet15/>
    <bullet16/>
    <bullet17/>
    <bullet18/>
    <bullet19/>
    <bullet20/>
    <bullet21/>
    <bullet22/>
    <bullet23/>
    <bullet24/>
    <vendorPriceUpdateDate>2023-01-04 00:00:00</vendorPriceUpdateDate>
  </part>
  <part>
    <partNumber>11200410</partNumber>
    <punctuatedPartNumber>1120-0410</punctuatedPartNumber>
    <partStatusDescription>STANDARD</partStatusDescription>
    <partDescription>Primary Chain - 428-2 x 86</partDescription>
    <unitOfMeasure>Each</unitOfMeasure>
    <brandName>DIAMOND</brandName>
    <supplierNumber>DMD-4282RV86NRI</supplierNumber>
    <specialInstructions/>
    <baseDealerPrice>131.20</baseDealerPrice>
    <yourDealerPrice>131.20</yourDealerPrice>
    <baseRetailPrice>203.95</baseRetailPrice>
    <originalRetailPrice>165.95</originalRetailPrice>
    <partImage>http://asset.lemansnet.com/z/LzMvMS9BLzMxQUMwREUyLTM2RjUtNEVFQy04MkNELTJCNEE4NUFDQjUxOA==</partImage>
    <productId>1384320875</productId>
    <productName>Primary Chain</productName>
    <productImage>http://asset.lemansnet.com/z/LzMvMS9BLzMxQUMwREUyLTM2RjUtNEVFQy04MkNELTJCNEE4NUFDQjUxOA==</productImage>
    <bullet1>Endless link Diamond primary chain</bullet1>
    <bullet2>Made in the U.S.A.</bullet2>
    <bullet3/>
    <bullet4/>
    <bullet5/>
    <bullet6/>
    <bullet7/>
    <bullet8/>
    <bullet9/>
    <bullet10/>
    <bullet11/>
    <bullet12/>
    <bullet13/>
    <bullet14/>
    <bullet15/>
    <bullet16/>
    <bullet17/>
    <bullet18/>
    <bullet19/>
    <bullet20/>
    <bullet21/>
    <bullet22/>
    <bullet23/>
    <bullet24/>
    <vendorPriceUpdateDate>2023-01-04 00:00:00</vendorPriceUpdateDate>
  </part>
  <part>
    <partNumber>DS192022</partNumber>
    <punctuatedPartNumber>DS-192022</punctuatedPartNumber>
    <partStatusDescription>STANDARD</partStatusDescription>
    <partDescription>530 - Drive Chain - 110 Links</partDescription>
    <unitOfMeasure>Each</unitOfMeasure>
    <brandName>DIAMOND</brandName>
    <supplierNumber>DMD-5301R110NZE</supplierNumber>
    <specialInstructions/>
    <baseDealerPrice>104.20</baseDealerPrice>
    <yourDealerPrice>104.20</yourDealerPrice>
    <baseRetailPrice>161.95</baseRetailPrice>
    <originalRetailPrice>131.95</originalRetailPrice>
    <partImage>http://asset.lemansnet.com/z/LzgvMS8zLzgxM0ZBODYwLTJDNkQtNDFCMi04MjU1LUZCQTJBNzc4MzNBNw==</partImage>
    <productId>0587105451</productId>
    <productName>530 Drive Chain</productName>
    <productImage>http://asset.lemansnet.com/z/LzgvMS8zLzgxM0ZBODYwLTJDNkQtNDFCMi04MjU1LUZCQTJBNzc4MzNBNw==</productImage>
    <bullet1>Oil-impregnated bushing in XDL chain supplies lubrication to the pin bushing area</bullet1>
    <bullet2>Made in the U.S.A.</bullet2>
    <bullet3/>
    <bullet4/>
    <bullet5/>
    <bullet6/>
    <bullet7/>
    <bullet8/>
    <bullet9/>
    <bullet10/>
    <bullet11/>
    <bullet12/>
    <bullet13/>
    <bullet14/>
    <bullet15/>
    <bullet16/>
    <bullet17/>
    <bullet18/>
    <bullet19/>
    <bullet20/>
    <bullet21/>
    <bullet22/>
    <bullet23/>
    <bullet24/>
    <vendorPriceUpdateDate>2023-01-04 00:00:00</vendorPriceUpdateDate>
  </part>
  <part>
    <partNumber>DS192216</partNumber>
    <punctuatedPartNumber>DS-192216</punctuatedPartNumber>
    <partStatusDescription>STANDARD</partStatusDescription>
    <partDescription>530 X - DLX - Drive Chain - 104 Links</partDescription>
    <unitOfMeasure>Each</unitOfMeasure>
    <brandName>DIAMOND</brandName>
    <supplierNumber>DL-530-1R104NAE</supplierNumber>
    <specialInstructions/>
    <baseDealerPrice>139.00</baseDealerPrice>
    <yourDealerPrice>139.00</yourDealerPrice>
    <baseRetailPrice>214.95</baseRetailPrice>
    <originalRetailPrice>175.95</originalRetailPrice>
    <partImage>http://asset.lemansnet.com/z/LzgvMS8zLzgxM0ZBODYwLTJDNkQtNDFCMi04MjU1LUZCQTJBNzc4MzNBNw==</partImage>
    <productId>0587105451</productId>
    <productName>530 Drive Chain</productName>
    <productImage>http://asset.lemansnet.com/z/LzgvMS8zLzgxM0ZBODYwLTJDNkQtNDFCMi04MjU1LUZCQTJBNzc4MzNBNw==</productImage>
    <bullet1>Oil-impregnated bushing in XDL chain supplies lubrication to the pin bushing area</bullet1>
    <bullet2>Made in the U.S.A.</bullet2>
    <bullet3/>
    <bullet4/>
    <bullet5/>
    <bullet6/>
    <bullet7/>
    <bullet8/>
    <bullet9/>
    <bullet10/>
    <bullet11/>
    <bullet12/>
    <bullet13/>
    <bullet14/>
    <bullet15/>
    <bullet16/>
    <bullet17/>
    <bullet18/>
    <bullet19/>
    <bullet20/>
    <bullet21/>
    <bullet22/>
    <bullet23/>
    <bullet24/>
    <vendorPriceUpdateDate>2023-01-04 00:00:00</vendorPriceUpdateDate>
  </part>
  <part>
    <partNumber>DS192214</partNumber>
    <punctuatedPartNumber>DS-192214</punctuatedPartNumber>
    <partStatusDescription>STANDARD</partStatusDescription>
    <partDescription>530 X - DLX - Drive Chain - 102 Links</partDescription>
    <unitOfMeasure>Each</unitOfMeasure>
    <brandName>DIAMOND</brandName>
    <supplierNumber>DL-530-1R102NAE</supplierNumber>
    <specialInstructions/>
    <baseDealerPrice>136.30</baseDealerPrice>
    <yourDealerPrice>136.30</yourDealerPrice>
    <baseRetailPrice>211.95</baseRetailPrice>
    <originalRetailPrice>172.95</originalRetailPrice>
    <partImage>http://asset.lemansnet.com/z/LzgvMS8zLzgxM0ZBODYwLTJDNkQtNDFCMi04MjU1LUZCQTJBNzc4MzNBNywvOC8yL0QvODJEMzEwMzItQTRFRC00MUZBLTk2QkEtNzI4Nzc5QUFEMTM1</partImage>
    <productId>0587105451</productId>
    <productName>530 Drive Chain</productName>
    <productImage>http://asset.lemansnet.com/z/LzgvMS8zLzgxM0ZBODYwLTJDNkQtNDFCMi04MjU1LUZCQTJBNzc4MzNBNw==</productImage>
    <bullet1>Oil-impregnated bushing in XDL chain supplies lubrication to the pin bushing area</bullet1>
    <bullet2>Made in the U.S.A.</bullet2>
    <bullet3/>
    <bullet4/>
    <bullet5/>
    <bullet6/>
    <bullet7/>
    <bullet8/>
    <bullet9/>
    <bullet10/>
    <bullet11/>
    <bullet12/>
    <bullet13/>
    <bullet14/>
    <bullet15/>
    <bullet16/>
    <bullet17/>
    <bullet18/>
    <bullet19/>
    <bullet20/>
    <bullet21/>
    <bullet22/>
    <bullet23/>
    <bullet24/>
    <vendorPriceUpdateDate>2023-01-04 00:00:00</vendorPriceUpdateDate>
  </part>
  <part>
    <partNumber>DS192094</partNumber>
    <punctuatedPartNumber>DS-192094</punctuatedPartNumber>
    <partStatusDescription>STANDARD</partStatusDescription>
    <partDescription>Primary Chain - #428-2-76 - 5-Speed</partDescription>
    <unitOfMeasure>Each</unitOfMeasure>
    <brandName>DIAMOND</brandName>
    <supplierNumber>DMD-4282RV76NRI</supplierNumber>
    <specialInstructions/>
    <baseDealerPrice>116.00</baseDealerPrice>
    <yourDealerPrice>116.00</yourDealerPrice>
    <baseRetailPrice>180.95</baseRetailPrice>
    <originalRetailPrice>146.95</originalRetailPrice>
    <partImage>http://asset.lemansnet.com/z/L0EvMi82L0EyNjg5Njg1LUFDNzctNDdBNi04QkZBLUMzQjMzMjNGNzBDOCwvNS80L0QvNTRENkJCODAtOENFOS00Qzc1LUFGNkEtQkM4MkM5M0Q2RUU4</partImage>
    <productId>0310790682</productId>
    <productName>Primary Chain</productName>
    <productImage>http://asset.lemansnet.com/z/LzUvNC9ELzU0RDZCQjgwLThDRTktNEM3NS1BRjZBLUJDODJDOTNENkVFOA==</productImage>
    <bullet1>Endless link Diamond primary chain</bullet1>
    <bullet2>Made in the U.S.A.</bullet2>
    <bullet3/>
    <bullet4/>
    <bullet5/>
    <bullet6/>
    <bullet7/>
    <bullet8/>
    <bullet9/>
    <bullet10/>
    <bullet11/>
    <bullet12/>
    <bullet13/>
    <bullet14/>
    <bullet15/>
    <bullet16/>
    <bullet17/>
    <bullet18/>
    <bullet19/>
    <bullet20/>
    <bullet21/>
    <bullet22/>
    <bullet23/>
    <bullet24/>
    <vendorPriceUpdateDate>2023-01-04 00:00:00</vendorPriceUpdateDate>
  </part>
</root>
