<root>
  <part>
    <partNumber>20301354</partNumber>
    <punctuatedPartNumber>2030-1354</punctuatedPartNumber>
    <partStatusDescription>DISCONTINUED</partStatusDescription>
    <partDescription>Tail Kit with Signals - '17-'20 KLE300BVersys-X 300</partDescription>
    <unitOfMeasure>Kit</unitOfMeasure>
    <brandName>TARGA</brandName>
    <supplierNumber>22-492-L</supplierNumber>
    <specialInstructions/>
    <baseDealerPrice>18.90</baseDealerPrice>
    <yourDealerPrice>18.90</yourDealerPrice>
    <baseRetailPrice>0.00</baseRetailPrice>
    <originalRetailPrice>107.95</originalRetailPrice>
    <partImage>http://asset.lemansnet.com/z/L0QvQi8yL0RCMkFBOUMzLUMzQzYtNDk5RC1BN0NELTc4NEQ4NURCNTYyRiwvQi85L0IvQjlCNzM4MTMtRjcyQS00MzNGLThGODMtMUM1MEU3NEEyNjAy</partImage>
    <productId>0047323281</productId>
    <productName>Tail Kit with Turn Signals</productName>
    <productImage>http://asset.lemansnet.com/z/L0QvRi83L0RGNzNDQzA3LUE4NUMtNDE5MS05NkEyLTlEMEVGQkUwMEVBQw==</productImage>
    <bullet1>Smooth out your tail piece for a great look</bullet1>
    <bullet2>No cutting or drilling of plastic required</bullet2>
    <bullet3/>
    <bullet4/>
    <bullet5/>
    <bullet6/>
    <bullet7/>
    <bullet8/>
    <bullet9/>
    <bullet10/>
    <bullet11/>
    <bullet12/>
    <bullet13/>
    <bullet14/>
    <bullet15/>
    <bullet16/>
    <bullet17/>
    <bullet18/>
    <bullet19/>
    <bullet20/>
    <bullet21/>
    <bullet22/>
    <bullet23/>
    <bullet24/>
    <vendorPriceUpdateDate>2023-04-22 00:00:00</vendorPriceUpdateDate>
  </part>
  <part>
    <partNumber>20301328</partNumber>
    <punctuatedPartNumber>2030-1328</punctuatedPartNumber>
    <partStatusDescription>DISCONTINUED</partStatusDescription>
    <partDescription>Tail Kit with Signals - '18 - CBR300F</partDescription>
    <unitOfMeasure>Kit</unitOfMeasure>
    <brandName>TARGA</brandName>
    <supplierNumber>22-182-L</supplierNumber>
    <specialInstructions/>
    <baseDealerPrice>11.60</baseDealerPrice>
    <yourDealerPrice>11.60</yourDealerPrice>
    <baseRetailPrice>0.00</baseRetailPrice>
    <originalRetailPrice>128.95</originalRetailPrice>
    <partImage>http://asset.lemansnet.com/z/L0UvMS82L0UxNjY4QkQ3LTAyQTQtNDdGMS04MDEzLUVDN0Y1REI1MUU4MSwvNC83LzkvNDc5MjUzNjMtRDRGOC00RjM3LUIxQjctMzAxRDg5RTkxMzgy</partImage>
    <productId>1997891210</productId>
    <productName>Tail Kit with Turn Signals</productName>
    <productImage>http://asset.lemansnet.com/z/L0QvRi83L0RGNzNDQzA3LUE4NUMtNDE5MS05NkEyLTlEMEVGQkUwMEVBQw==</productImage>
    <bullet1>Smooth out your tail piece for a great look</bullet1>
    <bullet2>No cutting or drilling of plastic required</bullet2>
    <bullet3/>
    <bullet4/>
    <bullet5/>
    <bullet6/>
    <bullet7/>
    <bullet8/>
    <bullet9/>
    <bullet10/>
    <bullet11/>
    <bullet12/>
    <bullet13/>
    <bullet14/>
    <bullet15/>
    <bullet16/>
    <bullet17/>
    <bullet18/>
    <bullet19/>
    <bullet20/>
    <bullet21/>
    <bullet22/>
    <bullet23/>
    <bullet24/>
    <vendorPriceUpdateDate>2023-04-22 00:00:00</vendorPriceUpdateDate>
  </part>
  <part>
    <partNumber>20301035</partNumber>
    <punctuatedPartNumber>2030-1035</punctuatedPartNumber>
    <partStatusDescription>DISCONTINUED</partStatusDescription>
    <partDescription>Tail Kit with Signals - Grom</partDescription>
    <unitOfMeasure>Kit</unitOfMeasure>
    <brandName>TARGA</brandName>
    <supplierNumber>22-175-L</supplierNumber>
    <specialInstructions/>
    <baseDealerPrice>25.50</baseDealerPrice>
    <yourDealerPrice>25.50</yourDealerPrice>
    <baseRetailPrice>0.00</baseRetailPrice>
    <originalRetailPrice>145.75</originalRetailPrice>
    <partImage>http://asset.lemansnet.com/z/LzQvNy83LzQ3NzMxMkU4LUU4MDctNDM1QS05NzNDLTExQzQ2NjEwQjA5RCwvOS9BLzEvOUExMUMyQzktOTk1MC00MzhELUE1RkYtODdGODQ4Nzk1RTYw</partImage>
    <productId>0077540565</productId>
    <productName>Tail Kit with Turn Signals</productName>
    <productImage>http://asset.lemansnet.com/z/L0QvRi83L0RGNzNDQzA3LUE4NUMtNDE5MS05NkEyLTlEMEVGQkUwMEVBQw==</productImage>
    <bullet1>Smooth out your tail piece for a great look</bullet1>
    <bullet2>No cutting or drilling of plastic required</bullet2>
    <bullet3/>
    <bullet4/>
    <bullet5/>
    <bullet6/>
    <bullet7/>
    <bullet8/>
    <bullet9/>
    <bullet10/>
    <bullet11/>
    <bullet12/>
    <bullet13/>
    <bullet14/>
    <bullet15/>
    <bullet16/>
    <bullet17/>
    <bullet18/>
    <bullet19/>
    <bullet20/>
    <bullet21/>
    <bullet22/>
    <bullet23/>
    <bullet24/>
    <vendorPriceUpdateDate>2023-04-22 00:00:00</vendorPriceUpdateDate>
  </part>
  <part>
    <partNumber>20301043</partNumber>
    <punctuatedPartNumber>2030-1043</punctuatedPartNumber>
    <partStatusDescription>DISCONTINUED</partStatusDescription>
    <partDescription>X-Tail Kit - Grom</partDescription>
    <unitOfMeasure>Kit</unitOfMeasure>
    <brandName>TARGA</brandName>
    <supplierNumber>22-175-X-L</supplierNumber>
    <specialInstructions/>
    <baseDealerPrice>16.20</baseDealerPrice>
    <yourDealerPrice>16.20</yourDealerPrice>
    <baseRetailPrice>0.00</baseRetailPrice>
    <originalRetailPrice>92.80</originalRetailPrice>
    <partImage>http://asset.lemansnet.com/z/LzIvQi82LzJCNjA0N0M5LTlDMzctNEE2Ni04MEVGLUEwMEM2MTFDQzJFOSwvQi9FL0QvQkVEMDA1M0QtNEEwNy00NDI0LUJDQzgtQTdCMDBGNzc2NjIz</partImage>
    <productId>0456794291</productId>
    <productName>X-Tail Kit</productName>
    <productImage>http://asset.lemansnet.com/z/L0MvQy9FL0NDRTlCRkU0LTM0NzQtNEVFRC04NTdGLTA1RkI1RjYzNjAyMw==</productImage>
    <bullet1>The same great style as our standard kit, but without turn signals</bullet1>
    <bullet2>Aluminum license plate mount and LED license plate light included</bullet2>
    <bullet3>For use on bikes with taillights with integrated turn signals</bullet3>
    <bullet4/>
    <bullet5/>
    <bullet6/>
    <bullet7/>
    <bullet8/>
    <bullet9/>
    <bullet10/>
    <bullet11/>
    <bullet12/>
    <bullet13/>
    <bullet14/>
    <bullet15/>
    <bullet16/>
    <bullet17/>
    <bullet18/>
    <bullet19/>
    <bullet20/>
    <bullet21/>
    <bullet22/>
    <bullet23/>
    <bullet24/>
    <vendorPriceUpdateDate>2023-04-22 00:00:00</vendorPriceUpdateDate>
  </part>
</root>
