<root>
  <part>
    <partNumber>12150001</partNumber>
    <punctuatedPartNumber>1215-0001</punctuatedPartNumber>
    <partStatusDescription>DISCONTINUED</partStatusDescription>
    <partDescription>TRS Plus Cassette - Gen2 - 9-46T - 11-Speed</partDescription>
    <unitOfMeasure>Each</unitOfMeasure>
    <brandName>E*THIRTEEN</brandName>
    <supplierNumber>FW2TPA-101</supplierNumber>
    <specialInstructions>Discontinued Item</specialInstructions>
    <baseDealerPrice>146.73</baseDealerPrice>
    <yourDealerPrice>146.73</yourDealerPrice>
    <baseRetailPrice>219.00</baseRetailPrice>
    <originalRetailPrice>219.00</originalRetailPrice>
    <partImage>http://asset.lemansnet.com/z/L0EvRi9BL0FGQTlGRkRCLUYxOEYtNDZERC1CRUJDLTY3QjI0QTBFMTAxQQ==</partImage>
    <productId>0879461689</productId>
    <productName>Gen2 TRS Plus Cassette</productName>
    <productImage>http://asset.lemansnet.com/z/L0EvRi9BL0FGQTlGRkRCLUYxOEYtNDZERC1CRUJDLTY3QjI0QTBFMTAxQQ==</productImage>
    <bullet1>Features one aluminum cog and ten steel cogs for dramatically increased strength and long-term durability</bullet1>
    <bullet2>Impressive range and updated shifting</bullet2>
    <bullet3>Unique two-piece assembly for individual replacement of parts</bullet3>
    <bullet4>E-Spec approved</bullet4>
    <bullet5>Freehub Mount — XD™ and XDR™ drivers only</bullet5>
    <bullet6>511% range</bullet6>
    <bullet7>For SRAM™ and Shimano™ drivetrains</bullet7>
    <bullet8>11-Speed — 9, 10, 12, 14, 17, 20, 24, 28, 33, 39, 46</bullet8>
    <bullet9/>
    <bullet10/>
    <bullet11/>
    <bullet12/>
    <bullet13/>
    <bullet14/>
    <bullet15/>
    <bullet16/>
    <bullet17/>
    <bullet18/>
    <bullet19/>
    <bullet20/>
    <bullet21/>
    <bullet22/>
    <bullet23/>
    <bullet24/>
    <vendorPriceUpdateDate>2023-01-19 00:00:00</vendorPriceUpdateDate>
  </part>
  <part>
    <partNumber>06302936</partNumber>
    <punctuatedPartNumber>0630-2936</punctuatedPartNumber>
    <partStatusDescription>STANDARD</partStatusDescription>
    <partDescription>Plus 35 Stem - 50 mm Length - Bronze</partDescription>
    <unitOfMeasure>Each</unitOfMeasure>
    <brandName>E*THIRTEEN</brandName>
    <supplierNumber>ST1UPA-107</supplierNumber>
    <specialInstructions/>
    <baseDealerPrice>66.97</baseDealerPrice>
    <yourDealerPrice>66.97</yourDealerPrice>
    <baseRetailPrice>99.95</baseRetailPrice>
    <originalRetailPrice>99.95</originalRetailPrice>
    <partImage>http://asset.lemansnet.com/z/LzAvMC8yLzAwMjk2MzMxLUZBREQtNEU5Qi1BQTVBLTlCRDBGQjI4ODJFQQ==</partImage>
    <productId>1157879022</productId>
    <productName>Plus 35 Stem</productName>
    <productImage>http://asset.lemansnet.com/z/L0QvRi85L0RGOTIxN0UxLUMwMTQtNDEzRC1CNEVFLTdDMzMwMUZFNUUzQw==</productImage>
    <bullet1>Made from ultra-strong Aluminum 7050 T7 alloy to reduce weight and designed with clamps that won't loosen no matter how hard you ride</bullet1>
    <bullet2>Rider insight driven 132° opposing steerer clamp bolts deliver optimal knee clearance, while maintaining alignment during tightening</bullet2>
    <bullet3>Highly machined with a two-tone anodized finish for high quality look as well as function</bullet3>
    <bullet4>35 bar clamp diameter, 1-1/8" steerer clamp, 40 mm steerer clamp stack</bullet4>
    <bullet5/>
    <bullet6/>
    <bullet7/>
    <bullet8/>
    <bullet9/>
    <bullet10/>
    <bullet11/>
    <bullet12/>
    <bullet13/>
    <bullet14/>
    <bullet15/>
    <bullet16/>
    <bullet17/>
    <bullet18/>
    <bullet19/>
    <bullet20/>
    <bullet21/>
    <bullet22/>
    <bullet23/>
    <bullet24/>
    <vendorPriceUpdateDate>2023-01-19 00:00:00</vendorPriceUpdateDate>
  </part>
  <part>
    <partNumber>06302938</partNumber>
    <punctuatedPartNumber>0630-2938</punctuatedPartNumber>
    <partStatusDescription>STANDARD</partStatusDescription>
    <partDescription>Plus 35 Stem - 50 mm Length - Naranja</partDescription>
    <unitOfMeasure>Each</unitOfMeasure>
    <brandName>E*THIRTEEN</brandName>
    <supplierNumber>ST1UPA-109</supplierNumber>
    <specialInstructions/>
    <baseDealerPrice>66.97</baseDealerPrice>
    <yourDealerPrice>66.97</yourDealerPrice>
    <baseRetailPrice>99.95</baseRetailPrice>
    <originalRetailPrice>99.95</originalRetailPrice>
    <partImage>http://asset.lemansnet.com/z/LzUvQy8xLzVDMUVBMjhFLTdDRDItNDgwMi04Q0UyLUVERkEzOUZBREZENg==</partImage>
    <productId>1157879022</productId>
    <productName>Plus 35 Stem</productName>
    <productImage>http://asset.lemansnet.com/z/L0QvRi85L0RGOTIxN0UxLUMwMTQtNDEzRC1CNEVFLTdDMzMwMUZFNUUzQw==</productImage>
    <bullet1>Made from ultra-strong Aluminum 7050 T7 alloy to reduce weight and designed with clamps that won't loosen no matter how hard you ride</bullet1>
    <bullet2>Rider insight driven 132° opposing steerer clamp bolts deliver optimal knee clearance, while maintaining alignment during tightening</bullet2>
    <bullet3>Highly machined with a two-tone anodized finish for high quality look as well as function</bullet3>
    <bullet4>35 bar clamp diameter, 1-1/8" steerer clamp, 40 mm steerer clamp stack</bullet4>
    <bullet5/>
    <bullet6/>
    <bullet7/>
    <bullet8/>
    <bullet9/>
    <bullet10/>
    <bullet11/>
    <bullet12/>
    <bullet13/>
    <bullet14/>
    <bullet15/>
    <bullet16/>
    <bullet17/>
    <bullet18/>
    <bullet19/>
    <bullet20/>
    <bullet21/>
    <bullet22/>
    <bullet23/>
    <bullet24/>
    <vendorPriceUpdateDate>2023-01-19 00:00:00</vendorPriceUpdateDate>
  </part>
  <part>
    <partNumber>12150012</partNumber>
    <punctuatedPartNumber>1215-0012</punctuatedPartNumber>
    <partStatusDescription>DISCONTINUED</partStatusDescription>
    <partDescription>Helix Plus Cassette - 9-50T - 12-Speed</partDescription>
    <unitOfMeasure>Each</unitOfMeasure>
    <brandName>E*THIRTEEN</brandName>
    <supplierNumber>FW2HPA-100</supplierNumber>
    <specialInstructions>Discontinued Item</specialInstructions>
    <baseDealerPrice>146.73</baseDealerPrice>
    <yourDealerPrice>146.73</yourDealerPrice>
    <baseRetailPrice>219.00</baseRetailPrice>
    <originalRetailPrice>219.00</originalRetailPrice>
    <partImage>http://asset.lemansnet.com/z/LzcvQy9ELzdDRDlERDZCLTU2ODEtNDIxNi04QkUxLTYxMjUxMURDQTgyMg==</partImage>
    <productId>1241128868</productId>
    <productName>Helix Plus Cassette</productName>
    <productImage>http://asset.lemansnet.com/z/LzcvQy9ELzdDRDlERDZCLTU2ODEtNDIxNi04QkUxLTYxMjUxMURDQTgyMg==</productImage>
    <bullet1>Engineered for E-Bike durability and cross experience compatibility with SRAM™ and Shimano™ drivetrains</bullet1>
    <bullet2>9-50T combination for your 12 speed MTB allows for 2 tooth smaller front chainring, shorter chain length, more clearance and range</bullet2>
    <bullet3>Designed to shift with Shimano™ and SRAM™ systems without compromise, so the rider can change components without concern</bullet3>
    <bullet4>Improved shifting performance including Shimano™ 12 Speed compatibility</bullet4>
    <bullet5>Improved interface between steel and aluminum clusters</bullet5>
    <bullet6>2-piece design allows for replaceable aluminum cogs </bullet6>
    <bullet7>Reduces rear wheel weights, improves braking, suspension function and handling</bullet7>
    <bullet8>556% range</bullet8>
    <bullet9>XD™ and XDR™ drivers only</bullet9>
    <bullet10/>
    <bullet11/>
    <bullet12/>
    <bullet13/>
    <bullet14/>
    <bullet15/>
    <bullet16/>
    <bullet17/>
    <bullet18/>
    <bullet19/>
    <bullet20/>
    <bullet21/>
    <bullet22/>
    <bullet23/>
    <bullet24/>
    <vendorPriceUpdateDate>2023-01-19 00:00:00</vendorPriceUpdateDate>
  </part>
  <part>
    <partNumber>06302931</partNumber>
    <punctuatedPartNumber>0630-2931</punctuatedPartNumber>
    <partStatusDescription>STANDARD</partStatusDescription>
    <partDescription>Plus 35 Stem - 40 mm Length - Intergalactic</partDescription>
    <unitOfMeasure>Each</unitOfMeasure>
    <brandName>E*THIRTEEN</brandName>
    <supplierNumber>ST1UPA-102</supplierNumber>
    <specialInstructions/>
    <baseDealerPrice>73.67</baseDealerPrice>
    <yourDealerPrice>73.67</yourDealerPrice>
    <baseRetailPrice>109.95</baseRetailPrice>
    <originalRetailPrice>109.95</originalRetailPrice>
    <partImage>http://asset.lemansnet.com/z/L0QvRi85L0RGOTIxN0UxLUMwMTQtNDEzRC1CNEVFLTdDMzMwMUZFNUUzQw==</partImage>
    <productId>1157879022</productId>
    <productName>Plus 35 Stem</productName>
    <productImage>http://asset.lemansnet.com/z/L0QvRi85L0RGOTIxN0UxLUMwMTQtNDEzRC1CNEVFLTdDMzMwMUZFNUUzQw==</productImage>
    <bullet1>Made from ultra-strong Aluminum 7050 T7 alloy to reduce weight and designed with clamps that won't loosen no matter how hard you ride</bullet1>
    <bullet2>Rider insight driven 132° opposing steerer clamp bolts deliver optimal knee clearance, while maintaining alignment during tightening</bullet2>
    <bullet3>Highly machined with a two-tone anodized finish for high quality look as well as function</bullet3>
    <bullet4>35 bar clamp diameter, 1-1/8" steerer clamp, 40 mm steerer clamp stack</bullet4>
    <bullet5/>
    <bullet6/>
    <bullet7/>
    <bullet8/>
    <bullet9/>
    <bullet10/>
    <bullet11/>
    <bullet12/>
    <bullet13/>
    <bullet14/>
    <bullet15/>
    <bullet16/>
    <bullet17/>
    <bullet18/>
    <bullet19/>
    <bullet20/>
    <bullet21/>
    <bullet22/>
    <bullet23/>
    <bullet24/>
    <vendorPriceUpdateDate>2023-01-19 00:00:00</vendorPriceUpdateDate>
  </part>
  <part>
    <partNumber>06302932</partNumber>
    <punctuatedPartNumber>0630-2932</punctuatedPartNumber>
    <partStatusDescription>STANDARD</partStatusDescription>
    <partDescription>Plus 35 Stem - 40 mm Length - Bronze</partDescription>
    <unitOfMeasure>Each</unitOfMeasure>
    <brandName>E*THIRTEEN</brandName>
    <supplierNumber>ST1UPA-103</supplierNumber>
    <specialInstructions/>
    <baseDealerPrice>66.97</baseDealerPrice>
    <yourDealerPrice>66.97</yourDealerPrice>
    <baseRetailPrice>99.95</baseRetailPrice>
    <originalRetailPrice>99.95</originalRetailPrice>
    <partImage>http://asset.lemansnet.com/z/LzAvMC8yLzAwMjk2MzMxLUZBREQtNEU5Qi1BQTVBLTlCRDBGQjI4ODJFQQ==</partImage>
    <productId>1157879022</productId>
    <productName>Plus 35 Stem</productName>
    <productImage>http://asset.lemansnet.com/z/L0QvRi85L0RGOTIxN0UxLUMwMTQtNDEzRC1CNEVFLTdDMzMwMUZFNUUzQw==</productImage>
    <bullet1>Made from ultra-strong Aluminum 7050 T7 alloy to reduce weight and designed with clamps that won't loosen no matter how hard you ride</bullet1>
    <bullet2>Rider insight driven 132° opposing steerer clamp bolts deliver optimal knee clearance, while maintaining alignment during tightening</bullet2>
    <bullet3>Highly machined with a two-tone anodized finish for high quality look as well as function</bullet3>
    <bullet4>35 bar clamp diameter, 1-1/8" steerer clamp, 40 mm steerer clamp stack</bullet4>
    <bullet5/>
    <bullet6/>
    <bullet7/>
    <bullet8/>
    <bullet9/>
    <bullet10/>
    <bullet11/>
    <bullet12/>
    <bullet13/>
    <bullet14/>
    <bullet15/>
    <bullet16/>
    <bullet17/>
    <bullet18/>
    <bullet19/>
    <bullet20/>
    <bullet21/>
    <bullet22/>
    <bullet23/>
    <bullet24/>
    <vendorPriceUpdateDate>2023-01-19 00:00:00</vendorPriceUpdateDate>
  </part>
  <part>
    <partNumber>06302933</partNumber>
    <punctuatedPartNumber>0630-2933</punctuatedPartNumber>
    <partStatusDescription>STANDARD</partStatusDescription>
    <partDescription>Plus 35 Stem - 40 mm Length - Eggplant</partDescription>
    <unitOfMeasure>Each</unitOfMeasure>
    <brandName>E*THIRTEEN</brandName>
    <supplierNumber>ST1UPA-104</supplierNumber>
    <specialInstructions/>
    <baseDealerPrice>66.97</baseDealerPrice>
    <yourDealerPrice>66.97</yourDealerPrice>
    <baseRetailPrice>99.95</baseRetailPrice>
    <originalRetailPrice>99.95</originalRetailPrice>
    <partImage>http://asset.lemansnet.com/z/L0UvQS9DL0VBQ0QxM0NBLUIyMkMtNDcwQi1BMTFELUREMjRBQ0QwNjJDNg==</partImage>
    <productId>1157879022</productId>
    <productName>Plus 35 Stem</productName>
    <productImage>http://asset.lemansnet.com/z/L0QvRi85L0RGOTIxN0UxLUMwMTQtNDEzRC1CNEVFLTdDMzMwMUZFNUUzQw==</productImage>
    <bullet1>Made from ultra-strong Aluminum 7050 T7 alloy to reduce weight and designed with clamps that won't loosen no matter how hard you ride</bullet1>
    <bullet2>Rider insight driven 132° opposing steerer clamp bolts deliver optimal knee clearance, while maintaining alignment during tightening</bullet2>
    <bullet3>Highly machined with a two-tone anodized finish for high quality look as well as function</bullet3>
    <bullet4>35 bar clamp diameter, 1-1/8" steerer clamp, 40 mm steerer clamp stack</bullet4>
    <bullet5/>
    <bullet6/>
    <bullet7/>
    <bullet8/>
    <bullet9/>
    <bullet10/>
    <bullet11/>
    <bullet12/>
    <bullet13/>
    <bullet14/>
    <bullet15/>
    <bullet16/>
    <bullet17/>
    <bullet18/>
    <bullet19/>
    <bullet20/>
    <bullet21/>
    <bullet22/>
    <bullet23/>
    <bullet24/>
    <vendorPriceUpdateDate>2023-01-19 00:00:00</vendorPriceUpdateDate>
  </part>
  <part>
    <partNumber>06302934</partNumber>
    <punctuatedPartNumber>0630-2934</punctuatedPartNumber>
    <partStatusDescription>STANDARD</partStatusDescription>
    <partDescription>Plus 35 Stem - 40 mm Length - Naranja</partDescription>
    <unitOfMeasure>Each</unitOfMeasure>
    <brandName>E*THIRTEEN</brandName>
    <supplierNumber>ST1UPA-105</supplierNumber>
    <specialInstructions/>
    <baseDealerPrice>66.97</baseDealerPrice>
    <yourDealerPrice>66.97</yourDealerPrice>
    <baseRetailPrice>99.95</baseRetailPrice>
    <originalRetailPrice>99.95</originalRetailPrice>
    <partImage>http://asset.lemansnet.com/z/L0QvQi8yL0RCMjYyQUI3LTUxNDUtNDFDMS04QzhDLTI1ODMzRENEQzg5RQ==</partImage>
    <productId>1157879022</productId>
    <productName>Plus 35 Stem</productName>
    <productImage>http://asset.lemansnet.com/z/L0QvRi85L0RGOTIxN0UxLUMwMTQtNDEzRC1CNEVFLTdDMzMwMUZFNUUzQw==</productImage>
    <bullet1>Made from ultra-strong Aluminum 7050 T7 alloy to reduce weight and designed with clamps that won't loosen no matter how hard you ride</bullet1>
    <bullet2>Rider insight driven 132° opposing steerer clamp bolts deliver optimal knee clearance, while maintaining alignment during tightening</bullet2>
    <bullet3>Highly machined with a two-tone anodized finish for high quality look as well as function</bullet3>
    <bullet4>35 bar clamp diameter, 1-1/8" steerer clamp, 40 mm steerer clamp stack</bullet4>
    <bullet5/>
    <bullet6/>
    <bullet7/>
    <bullet8/>
    <bullet9/>
    <bullet10/>
    <bullet11/>
    <bullet12/>
    <bullet13/>
    <bullet14/>
    <bullet15/>
    <bullet16/>
    <bullet17/>
    <bullet18/>
    <bullet19/>
    <bullet20/>
    <bullet21/>
    <bullet22/>
    <bullet23/>
    <bullet24/>
    <vendorPriceUpdateDate>2023-01-19 00:00:00</vendorPriceUpdateDate>
  </part>
  <part>
    <partNumber>06302935</partNumber>
    <punctuatedPartNumber>0630-2935</punctuatedPartNumber>
    <partStatusDescription>STANDARD</partStatusDescription>
    <partDescription>Plus 35 Stem - 50 mm Length - Intergalactic</partDescription>
    <unitOfMeasure>Each</unitOfMeasure>
    <brandName>E*THIRTEEN</brandName>
    <supplierNumber>ST1UPA-106</supplierNumber>
    <specialInstructions/>
    <baseDealerPrice>73.67</baseDealerPrice>
    <yourDealerPrice>73.67</yourDealerPrice>
    <baseRetailPrice>109.95</baseRetailPrice>
    <originalRetailPrice>109.95</originalRetailPrice>
    <partImage>http://asset.lemansnet.com/z/LzAvRS8wLzBFMEM2NUFCLTQ2MDQtNDNGOS1BMzEyLUE2Q0M2OTFGRjJGRg==</partImage>
    <productId>1157879022</productId>
    <productName>Plus 35 Stem</productName>
    <productImage>http://asset.lemansnet.com/z/L0QvRi85L0RGOTIxN0UxLUMwMTQtNDEzRC1CNEVFLTdDMzMwMUZFNUUzQw==</productImage>
    <bullet1>Made from ultra-strong Aluminum 7050 T7 alloy to reduce weight and designed with clamps that won't loosen no matter how hard you ride</bullet1>
    <bullet2>Rider insight driven 132° opposing steerer clamp bolts deliver optimal knee clearance, while maintaining alignment during tightening</bullet2>
    <bullet3>Highly machined with a two-tone anodized finish for high quality look as well as function</bullet3>
    <bullet4>35 bar clamp diameter, 1-1/8" steerer clamp, 40 mm steerer clamp stack</bullet4>
    <bullet5/>
    <bullet6/>
    <bullet7/>
    <bullet8/>
    <bullet9/>
    <bullet10/>
    <bullet11/>
    <bullet12/>
    <bullet13/>
    <bullet14/>
    <bullet15/>
    <bullet16/>
    <bullet17/>
    <bullet18/>
    <bullet19/>
    <bullet20/>
    <bullet21/>
    <bullet22/>
    <bullet23/>
    <bullet24/>
    <vendorPriceUpdateDate>2023-01-19 00:00:00</vendorPriceUpdateDate>
  </part>
  <part>
    <partNumber>06302937</partNumber>
    <punctuatedPartNumber>0630-2937</punctuatedPartNumber>
    <partStatusDescription>STANDARD</partStatusDescription>
    <partDescription>Plus 35 Stem - 50 mm Length - Eggplant</partDescription>
    <unitOfMeasure>Each</unitOfMeasure>
    <brandName>E*THIRTEEN</brandName>
    <supplierNumber>ST1UPA-108</supplierNumber>
    <specialInstructions/>
    <baseDealerPrice>66.97</baseDealerPrice>
    <yourDealerPrice>66.97</yourDealerPrice>
    <baseRetailPrice>99.95</baseRetailPrice>
    <originalRetailPrice>99.95</originalRetailPrice>
    <partImage>http://asset.lemansnet.com/z/L0YvQS9CL0ZBQkNFMjMxLTkzRDctNEFCNy04MTAxLTM1NjFENzI3RjAwRg==</partImage>
    <productId>1157879022</productId>
    <productName>Plus 35 Stem</productName>
    <productImage>http://asset.lemansnet.com/z/L0QvRi85L0RGOTIxN0UxLUMwMTQtNDEzRC1CNEVFLTdDMzMwMUZFNUUzQw==</productImage>
    <bullet1>Made from ultra-strong Aluminum 7050 T7 alloy to reduce weight and designed with clamps that won't loosen no matter how hard you ride</bullet1>
    <bullet2>Rider insight driven 132° opposing steerer clamp bolts deliver optimal knee clearance, while maintaining alignment during tightening</bullet2>
    <bullet3>Highly machined with a two-tone anodized finish for high quality look as well as function</bullet3>
    <bullet4>35 bar clamp diameter, 1-1/8" steerer clamp, 40 mm steerer clamp stack</bullet4>
    <bullet5/>
    <bullet6/>
    <bullet7/>
    <bullet8/>
    <bullet9/>
    <bullet10/>
    <bullet11/>
    <bullet12/>
    <bullet13/>
    <bullet14/>
    <bullet15/>
    <bullet16/>
    <bullet17/>
    <bullet18/>
    <bullet19/>
    <bullet20/>
    <bullet21/>
    <bullet22/>
    <bullet23/>
    <bullet24/>
    <vendorPriceUpdateDate>2023-01-19 00:00:00</vendorPriceUpdateDate>
  </part>
  <part>
    <partNumber>06015988</partNumber>
    <punctuatedPartNumber>0601-5988</punctuatedPartNumber>
    <partStatusDescription>STANDARD</partStatusDescription>
    <partDescription>Race Carbon Handlebar - 35 mm - 20 mm Rise - Seafoam Red</partDescription>
    <unitOfMeasure>Each</unitOfMeasure>
    <brandName>E*THIRTEEN</brandName>
    <supplierNumber>HA1URA-104</supplierNumber>
    <specialInstructions/>
    <baseDealerPrice>99.83</baseDealerPrice>
    <yourDealerPrice>99.83</yourDealerPrice>
    <baseRetailPrice>149.00</baseRetailPrice>
    <originalRetailPrice>149.00</originalRetailPrice>
    <partImage>http://asset.lemansnet.com/z/LzAvNS9GLzA1RkMwMjcyLUE4MUItNDY3RS1BNzQ3LTZBMjQxRkYxMzVGQg==</partImage>
    <productId>1471694368</productId>
    <productName>Race Carbon Handlebar</productName>
    <productImage>http://asset.lemansnet.com/z/L0IvMC9DL0IwQ0Q4OUY1LTc4QjMtNEU5RS04RjRCLURGOEFCM0UxMEVDQQ==</productImage>
    <bullet1>Features an engineered carbon layup and 35 mm barclamp which optimizes strength to weight ration and performance enhancing stiffness, while ensuring chatter damping compliance to take the edge off the trail and the sting out of your wrists</bullet1>
    <bullet2>Tested extensively to exceed every international standard, and validated on the World Cup stage, the Race Carbon is light enough for your trail rocket and strong enough to conquer bike parks and DH tracks</bullet2>
    <bullet3>Ergonomic 9° backsweep and 5° upsweep geometry offers a natural and supportive feel and comfort at all angles</bullet3>
    <bullet4/>
    <bullet5/>
    <bullet6/>
    <bullet7/>
    <bullet8/>
    <bullet9/>
    <bullet10/>
    <bullet11/>
    <bullet12/>
    <bullet13/>
    <bullet14/>
    <bullet15/>
    <bullet16/>
    <bullet17/>
    <bullet18/>
    <bullet19/>
    <bullet20/>
    <bullet21/>
    <bullet22/>
    <bullet23/>
    <bullet24/>
    <vendorPriceUpdateDate>2023-01-19 00:00:00</vendorPriceUpdateDate>
  </part>
  <part>
    <partNumber>06015986</partNumber>
    <punctuatedPartNumber>0601-5986</punctuatedPartNumber>
    <partStatusDescription>STANDARD</partStatusDescription>
    <partDescription>Race Carbon Handlebar - 35 mm - 20 mm Rise - Intergalactic</partDescription>
    <unitOfMeasure>Each</unitOfMeasure>
    <brandName>E*THIRTEEN</brandName>
    <supplierNumber>HA1URA-102</supplierNumber>
    <specialInstructions/>
    <baseDealerPrice>99.83</baseDealerPrice>
    <yourDealerPrice>99.83</yourDealerPrice>
    <baseRetailPrice>149.00</baseRetailPrice>
    <originalRetailPrice>149.00</originalRetailPrice>
    <partImage>http://asset.lemansnet.com/z/LzkvNS9ELzk1REJCN0M1LUE2MEQtNDAwMi1BRDg0LTNBMzlFRjA0RjQyMw==</partImage>
    <productId>1471694368</productId>
    <productName>Race Carbon Handlebar</productName>
    <productImage>http://asset.lemansnet.com/z/L0IvMC9DL0IwQ0Q4OUY1LTc4QjMtNEU5RS04RjRCLURGOEFCM0UxMEVDQQ==</productImage>
    <bullet1>Features an engineered carbon layup and 35 mm barclamp which optimizes strength to weight ration and performance enhancing stiffness, while ensuring chatter damping compliance to take the edge off the trail and the sting out of your wrists</bullet1>
    <bullet2>Tested extensively to exceed every international standard, and validated on the World Cup stage, the Race Carbon is light enough for your trail rocket and strong enough to conquer bike parks and DH tracks</bullet2>
    <bullet3>Ergonomic 9° backsweep and 5° upsweep geometry offers a natural and supportive feel and comfort at all angles</bullet3>
    <bullet4/>
    <bullet5/>
    <bullet6/>
    <bullet7/>
    <bullet8/>
    <bullet9/>
    <bullet10/>
    <bullet11/>
    <bullet12/>
    <bullet13/>
    <bullet14/>
    <bullet15/>
    <bullet16/>
    <bullet17/>
    <bullet18/>
    <bullet19/>
    <bullet20/>
    <bullet21/>
    <bullet22/>
    <bullet23/>
    <bullet24/>
    <vendorPriceUpdateDate>2023-01-19 00:00:00</vendorPriceUpdateDate>
  </part>
  <part>
    <partNumber>06015989</partNumber>
    <punctuatedPartNumber>0601-5989</punctuatedPartNumber>
    <partStatusDescription>STANDARD</partStatusDescription>
    <partDescription>Race Carbon Handlebar - 35 mm - 35 mm Rise - Seafoam Red</partDescription>
    <unitOfMeasure>Each</unitOfMeasure>
    <brandName>E*THIRTEEN</brandName>
    <supplierNumber>HA1URA-105</supplierNumber>
    <specialInstructions/>
    <baseDealerPrice>99.83</baseDealerPrice>
    <yourDealerPrice>99.83</yourDealerPrice>
    <baseRetailPrice>149.00</baseRetailPrice>
    <originalRetailPrice>149.00</originalRetailPrice>
    <partImage>http://asset.lemansnet.com/z/L0YvMi9EL0YyRDZCNzJELURGNTUtNDE3NS05QkVFLTVCODQ1OTI2QzMyQQ==</partImage>
    <productId>1471694368</productId>
    <productName>Race Carbon Handlebar</productName>
    <productImage>http://asset.lemansnet.com/z/L0IvMC9DL0IwQ0Q4OUY1LTc4QjMtNEU5RS04RjRCLURGOEFCM0UxMEVDQQ==</productImage>
    <bullet1>Features an engineered carbon layup and 35 mm barclamp which optimizes strength to weight ration and performance enhancing stiffness, while ensuring chatter damping compliance to take the edge off the trail and the sting out of your wrists</bullet1>
    <bullet2>Tested extensively to exceed every international standard, and validated on the World Cup stage, the Race Carbon is light enough for your trail rocket and strong enough to conquer bike parks and DH tracks</bullet2>
    <bullet3>Ergonomic 9° backsweep and 5° upsweep geometry offers a natural and supportive feel and comfort at all angles</bullet3>
    <bullet4/>
    <bullet5/>
    <bullet6/>
    <bullet7/>
    <bullet8/>
    <bullet9/>
    <bullet10/>
    <bullet11/>
    <bullet12/>
    <bullet13/>
    <bullet14/>
    <bullet15/>
    <bullet16/>
    <bullet17/>
    <bullet18/>
    <bullet19/>
    <bullet20/>
    <bullet21/>
    <bullet22/>
    <bullet23/>
    <bullet24/>
    <vendorPriceUpdateDate>2023-01-19 00:00:00</vendorPriceUpdateDate>
  </part>
  <part>
    <partNumber>06015987</partNumber>
    <punctuatedPartNumber>0601-5987</punctuatedPartNumber>
    <partStatusDescription>STANDARD</partStatusDescription>
    <partDescription>Race Carbon Handlebar - 35 mm - 35 mm Rise - Intergalactic</partDescription>
    <unitOfMeasure>Each</unitOfMeasure>
    <brandName>E*THIRTEEN</brandName>
    <supplierNumber>HA1URA-103</supplierNumber>
    <specialInstructions/>
    <baseDealerPrice>99.83</baseDealerPrice>
    <yourDealerPrice>99.83</yourDealerPrice>
    <baseRetailPrice>149.00</baseRetailPrice>
    <originalRetailPrice>149.00</originalRetailPrice>
    <partImage>http://asset.lemansnet.com/z/LzAvRi9ELzBGREFEREFELTE4MDktNDQ5Ni05QUQ2LUJDOUM3MjA0MzVBRQ==</partImage>
    <productId>1471694368</productId>
    <productName>Race Carbon Handlebar</productName>
    <productImage>http://asset.lemansnet.com/z/L0IvMC9DL0IwQ0Q4OUY1LTc4QjMtNEU5RS04RjRCLURGOEFCM0UxMEVDQQ==</productImage>
    <bullet1>Features an engineered carbon layup and 35 mm barclamp which optimizes strength to weight ration and performance enhancing stiffness, while ensuring chatter damping compliance to take the edge off the trail and the sting out of your wrists</bullet1>
    <bullet2>Tested extensively to exceed every international standard, and validated on the World Cup stage, the Race Carbon is light enough for your trail rocket and strong enough to conquer bike parks and DH tracks</bullet2>
    <bullet3>Ergonomic 9° backsweep and 5° upsweep geometry offers a natural and supportive feel and comfort at all angles</bullet3>
    <bullet4/>
    <bullet5/>
    <bullet6/>
    <bullet7/>
    <bullet8/>
    <bullet9/>
    <bullet10/>
    <bullet11/>
    <bullet12/>
    <bullet13/>
    <bullet14/>
    <bullet15/>
    <bullet16/>
    <bullet17/>
    <bullet18/>
    <bullet19/>
    <bullet20/>
    <bullet21/>
    <bullet22/>
    <bullet23/>
    <bullet24/>
    <vendorPriceUpdateDate>2023-01-19 00:00:00</vendorPriceUpdateDate>
  </part>
  <part>
    <partNumber>12140005</partNumber>
    <punctuatedPartNumber>1214-0005</punctuatedPartNumber>
    <partStatusDescription>STANDARD</partStatusDescription>
    <partDescription>e*spec Direct Mount Chainring - 34T - Brose</partDescription>
    <unitOfMeasure>Each</unitOfMeasure>
    <brandName>E*THIRTEEN</brandName>
    <supplierNumber>CR4UPA-103</supplierNumber>
    <specialInstructions/>
    <baseDealerPrice>40.17</baseDealerPrice>
    <yourDealerPrice>40.17</yourDealerPrice>
    <baseRetailPrice>59.95</baseRetailPrice>
    <originalRetailPrice>59.95</originalRetailPrice>
    <partImage>http://asset.lemansnet.com/z/LzUvNC9BLzU0QTQ1OEY5LTcwRTAtNDFCNS05Q0M2LTRCREQyMUQ0OTI1Mg==</partImage>
    <productId>1311559019</productId>
    <productName>e*spec Direct Mount Chainring</productName>
    <productImage>http://asset.lemansnet.com/z/LzUvNC9BLzU0QTQ1OEY5LTcwRTAtNDFCNS05Q0M2LTRCREQyMUQ0OTI1Mg==</productImage>
    <bullet1>Uses M3 narrow-wide tooth profile which reduces weight without sacrificing chain-retention</bullet1>
    <bullet2>QuickConnect™ mount</bullet2>
    <bullet3>53 mm boost chainline</bullet3>
    <bullet4/>
    <bullet5/>
    <bullet6/>
    <bullet7/>
    <bullet8/>
    <bullet9/>
    <bullet10/>
    <bullet11/>
    <bullet12/>
    <bullet13/>
    <bullet14/>
    <bullet15/>
    <bullet16/>
    <bullet17/>
    <bullet18/>
    <bullet19/>
    <bullet20/>
    <bullet21/>
    <bullet22/>
    <bullet23/>
    <bullet24/>
    <vendorPriceUpdateDate>2023-01-19 00:00:00</vendorPriceUpdateDate>
  </part>
  <part>
    <partNumber>06021359</partNumber>
    <punctuatedPartNumber>0602-1359</punctuatedPartNumber>
    <partStatusDescription>STANDARD</partStatusDescription>
    <partDescription>Base 35 Stem - 40 mm Length - Stealth Black w/ Laser</partDescription>
    <unitOfMeasure>Each</unitOfMeasure>
    <brandName>E*THIRTEEN</brandName>
    <supplierNumber>ST1USA-100</supplierNumber>
    <specialInstructions/>
    <baseDealerPrice>36.82</baseDealerPrice>
    <yourDealerPrice>36.82</yourDealerPrice>
    <baseRetailPrice>54.95</baseRetailPrice>
    <originalRetailPrice>54.95</originalRetailPrice>
    <partImage>http://asset.lemansnet.com/z/LzgvRC82LzhENkU3RjIwLTlCNDgtNDg2Qy05MERBLTU1MEY4NENFNTEyNQ==</partImage>
    <productId>0432693299</productId>
    <productName>Base 35 Stem</productName>
    <productImage>http://asset.lemansnet.com/z/LzgvRC82LzhENkU3RjIwLTlCNDgtNDg2Qy05MERBLTU1MEY4NENFNTEyNQ==</productImage>
    <bullet1>Integrated T25 hardware with rounded heads prevents injury</bullet1>
    <bullet2>Forged and CNC cut from 6061 alloy, bead-blasted then black-anodized, then laser-etched with logos and convenient bar angle indicator markings</bullet2>
    <bullet3>Clamp is ideal for strength to weight ratio</bullet3>
    <bullet4>35 mm bar clamp diameter, 1-1/8" steerer clamp, 40 mm steerer clamp stack</bullet4>
    <bullet5/>
    <bullet6/>
    <bullet7/>
    <bullet8/>
    <bullet9/>
    <bullet10/>
    <bullet11/>
    <bullet12/>
    <bullet13/>
    <bullet14/>
    <bullet15/>
    <bullet16/>
    <bullet17/>
    <bullet18/>
    <bullet19/>
    <bullet20/>
    <bullet21/>
    <bullet22/>
    <bullet23/>
    <bullet24/>
    <vendorPriceUpdateDate>2023-01-19 00:00:00</vendorPriceUpdateDate>
  </part>
  <part>
    <partNumber>06021360</partNumber>
    <punctuatedPartNumber>0602-1360</punctuatedPartNumber>
    <partStatusDescription>STANDARD</partStatusDescription>
    <partDescription>Base 35 Stem - 50 mm Length - Stealth Black w/ Laser</partDescription>
    <unitOfMeasure>Each</unitOfMeasure>
    <brandName>E*THIRTEEN</brandName>
    <supplierNumber>ST1USA-101</supplierNumber>
    <specialInstructions/>
    <baseDealerPrice>36.82</baseDealerPrice>
    <yourDealerPrice>36.82</yourDealerPrice>
    <baseRetailPrice>54.95</baseRetailPrice>
    <originalRetailPrice>54.95</originalRetailPrice>
    <partImage>http://asset.lemansnet.com/z/LzgvNi8yLzg2MkRGMDZGLThDODEtNDEzQi1CREIyLTg0QTJCQkM0NDNGQQ==</partImage>
    <productId>0432693299</productId>
    <productName>Base 35 Stem</productName>
    <productImage>http://asset.lemansnet.com/z/LzgvRC82LzhENkU3RjIwLTlCNDgtNDg2Qy05MERBLTU1MEY4NENFNTEyNQ==</productImage>
    <bullet1>Integrated T25 hardware with rounded heads prevents injury</bullet1>
    <bullet2>Forged and CNC cut from 6061 alloy, bead-blasted then black-anodized, then laser-etched with logos and convenient bar angle indicator markings</bullet2>
    <bullet3>Clamp is ideal for strength to weight ratio</bullet3>
    <bullet4>35 mm bar clamp diameter, 1-1/8" steerer clamp, 40 mm steerer clamp stack</bullet4>
    <bullet5/>
    <bullet6/>
    <bullet7/>
    <bullet8/>
    <bullet9/>
    <bullet10/>
    <bullet11/>
    <bullet12/>
    <bullet13/>
    <bullet14/>
    <bullet15/>
    <bullet16/>
    <bullet17/>
    <bullet18/>
    <bullet19/>
    <bullet20/>
    <bullet21/>
    <bullet22/>
    <bullet23/>
    <bullet24/>
    <vendorPriceUpdateDate>2023-01-19 00:00:00</vendorPriceUpdateDate>
  </part>
  <part>
    <partNumber>06021361</partNumber>
    <punctuatedPartNumber>0602-1361</punctuatedPartNumber>
    <partStatusDescription>STANDARD</partStatusDescription>
    <partDescription>Plus 35 Stem - 40 mm Length - Stealth Black</partDescription>
    <unitOfMeasure>Each</unitOfMeasure>
    <brandName>E*THIRTEEN</brandName>
    <supplierNumber>ST1UPA-100</supplierNumber>
    <specialInstructions/>
    <baseDealerPrice>66.97</baseDealerPrice>
    <yourDealerPrice>66.97</yourDealerPrice>
    <baseRetailPrice>99.95</baseRetailPrice>
    <originalRetailPrice>99.95</originalRetailPrice>
    <partImage>http://asset.lemansnet.com/z/LzgvRC82LzhENkU3RjIwLTlCNDgtNDg2Qy05MERBLTU1MEY4NENFNTEyNQ==</partImage>
    <productId>1157879022</productId>
    <productName>Plus 35 Stem</productName>
    <productImage>http://asset.lemansnet.com/z/L0QvRi85L0RGOTIxN0UxLUMwMTQtNDEzRC1CNEVFLTdDMzMwMUZFNUUzQw==</productImage>
    <bullet1>Made from ultra-strong Aluminum 7050 T7 alloy to reduce weight and designed with clamps that won't loosen no matter how hard you ride</bullet1>
    <bullet2>Rider insight driven 132° opposing steerer clamp bolts deliver optimal knee clearance, while maintaining alignment during tightening</bullet2>
    <bullet3>Highly machined with a two-tone anodized finish for high quality look as well as function</bullet3>
    <bullet4>35 bar clamp diameter, 1-1/8" steerer clamp, 40 mm steerer clamp stack</bullet4>
    <bullet5/>
    <bullet6/>
    <bullet7/>
    <bullet8/>
    <bullet9/>
    <bullet10/>
    <bullet11/>
    <bullet12/>
    <bullet13/>
    <bullet14/>
    <bullet15/>
    <bullet16/>
    <bullet17/>
    <bullet18/>
    <bullet19/>
    <bullet20/>
    <bullet21/>
    <bullet22/>
    <bullet23/>
    <bullet24/>
    <vendorPriceUpdateDate>2023-01-19 00:00:00</vendorPriceUpdateDate>
  </part>
  <part>
    <partNumber>06021362</partNumber>
    <punctuatedPartNumber>0602-1362</punctuatedPartNumber>
    <partStatusDescription>STANDARD</partStatusDescription>
    <partDescription>Plus 35 Stem - 50 mm Length - Stealth Black</partDescription>
    <unitOfMeasure>Each</unitOfMeasure>
    <brandName>E*THIRTEEN</brandName>
    <supplierNumber>ST1UPA-101</supplierNumber>
    <specialInstructions/>
    <baseDealerPrice>66.97</baseDealerPrice>
    <yourDealerPrice>66.97</yourDealerPrice>
    <baseRetailPrice>99.95</baseRetailPrice>
    <originalRetailPrice>99.95</originalRetailPrice>
    <partImage>http://asset.lemansnet.com/z/LzgvRC82LzhENkU3RjIwLTlCNDgtNDg2Qy05MERBLTU1MEY4NENFNTEyNQ==</partImage>
    <productId>1157879022</productId>
    <productName>Plus 35 Stem</productName>
    <productImage>http://asset.lemansnet.com/z/L0QvRi85L0RGOTIxN0UxLUMwMTQtNDEzRC1CNEVFLTdDMzMwMUZFNUUzQw==</productImage>
    <bullet1>Made from ultra-strong Aluminum 7050 T7 alloy to reduce weight and designed with clamps that won't loosen no matter how hard you ride</bullet1>
    <bullet2>Rider insight driven 132° opposing steerer clamp bolts deliver optimal knee clearance, while maintaining alignment during tightening</bullet2>
    <bullet3>Highly machined with a two-tone anodized finish for high quality look as well as function</bullet3>
    <bullet4>35 bar clamp diameter, 1-1/8" steerer clamp, 40 mm steerer clamp stack</bullet4>
    <bullet5/>
    <bullet6/>
    <bullet7/>
    <bullet8/>
    <bullet9/>
    <bullet10/>
    <bullet11/>
    <bullet12/>
    <bullet13/>
    <bullet14/>
    <bullet15/>
    <bullet16/>
    <bullet17/>
    <bullet18/>
    <bullet19/>
    <bullet20/>
    <bullet21/>
    <bullet22/>
    <bullet23/>
    <bullet24/>
    <vendorPriceUpdateDate>2023-01-19 00:00:00</vendorPriceUpdateDate>
  </part>
  <part>
    <partNumber>06015753</partNumber>
    <punctuatedPartNumber>0601-5753</punctuatedPartNumber>
    <partStatusDescription>STANDARD</partStatusDescription>
    <partDescription>Base Handlebar - 35 mm - 20 mm Rise - Stealth Black</partDescription>
    <unitOfMeasure>Each</unitOfMeasure>
    <brandName>E*THIRTEEN</brandName>
    <supplierNumber>HA1USA-100</supplierNumber>
    <specialInstructions/>
    <baseDealerPrice>26.77</baseDealerPrice>
    <yourDealerPrice>26.77</yourDealerPrice>
    <baseRetailPrice>39.95</baseRetailPrice>
    <originalRetailPrice>39.95</originalRetailPrice>
    <partImage>http://asset.lemansnet.com/z/LzQvOS81LzQ5NTc5NDFGLTY3QUItNDIyMy04Qzg0LUFBQTBDOUMxNzJFRQ==</partImage>
    <productId>0297296470</productId>
    <productName>Base Handlebar</productName>
    <productImage>http://asset.lemansnet.com/z/LzQvOS81LzQ5NTc5NDFGLTY3QUItNDIyMy04Qzg0LUFBQTBDOUMxNzJFRQ==</productImage>
    <bullet1>Uses custom engineered butting and bend profiles for optimal strength versus weight and stiffness</bullet1>
    <bullet2>9° of backsweep easier on the wrists than most traditional bends of handlebar and 5 degrees of upsweep offers comfort at all angles</bullet2>
    <bullet3>80 cm width can be cut down for rider preference (76 cm minimum width)</bullet3>
    <bullet4/>
    <bullet5/>
    <bullet6/>
    <bullet7/>
    <bullet8/>
    <bullet9/>
    <bullet10/>
    <bullet11/>
    <bullet12/>
    <bullet13/>
    <bullet14/>
    <bullet15/>
    <bullet16/>
    <bullet17/>
    <bullet18/>
    <bullet19/>
    <bullet20/>
    <bullet21/>
    <bullet22/>
    <bullet23/>
    <bullet24/>
    <vendorPriceUpdateDate>2023-01-19 00:00:00</vendorPriceUpdateDate>
  </part>
  <part>
    <partNumber>06015757</partNumber>
    <punctuatedPartNumber>0601-5757</punctuatedPartNumber>
    <partStatusDescription>STANDARD</partStatusDescription>
    <partDescription>Race Carbon Handlebar - 35 mm - 20 mm Rise - Black</partDescription>
    <unitOfMeasure>Each</unitOfMeasure>
    <brandName>E*THIRTEEN</brandName>
    <supplierNumber>HA1URA-100</supplierNumber>
    <specialInstructions/>
    <baseDealerPrice>99.83</baseDealerPrice>
    <yourDealerPrice>99.83</yourDealerPrice>
    <baseRetailPrice>149.00</baseRetailPrice>
    <originalRetailPrice>149.00</originalRetailPrice>
    <partImage>http://asset.lemansnet.com/z/L0IvMC9DL0IwQ0Q4OUY1LTc4QjMtNEU5RS04RjRCLURGOEFCM0UxMEVDQQ==</partImage>
    <productId>1471694368</productId>
    <productName>Race Carbon Handlebar</productName>
    <productImage>http://asset.lemansnet.com/z/L0IvMC9DL0IwQ0Q4OUY1LTc4QjMtNEU5RS04RjRCLURGOEFCM0UxMEVDQQ==</productImage>
    <bullet1>Features an engineered carbon layup and 35 mm barclamp which optimizes strength to weight ration and performance enhancing stiffness, while ensuring chatter damping compliance to take the edge off the trail and the sting out of your wrists</bullet1>
    <bullet2>Tested extensively to exceed every international standard, and validated on the World Cup stage, the Race Carbon is light enough for your trail rocket and strong enough to conquer bike parks and DH tracks</bullet2>
    <bullet3>Ergonomic 9° backsweep and 5° upsweep geometry offers a natural and supportive feel and comfort at all angles</bullet3>
    <bullet4/>
    <bullet5/>
    <bullet6/>
    <bullet7/>
    <bullet8/>
    <bullet9/>
    <bullet10/>
    <bullet11/>
    <bullet12/>
    <bullet13/>
    <bullet14/>
    <bullet15/>
    <bullet16/>
    <bullet17/>
    <bullet18/>
    <bullet19/>
    <bullet20/>
    <bullet21/>
    <bullet22/>
    <bullet23/>
    <bullet24/>
    <vendorPriceUpdateDate>2023-01-19 00:00:00</vendorPriceUpdateDate>
  </part>
  <part>
    <partNumber>49100034</partNumber>
    <punctuatedPartNumber>4910-0034</punctuatedPartNumber>
    <partStatusDescription>STANDARD</partStatusDescription>
    <partDescription>Base Pedals - Flat - Red</partDescription>
    <unitOfMeasure>Pair</unitOfMeasure>
    <brandName>E*THIRTEEN</brandName>
    <supplierNumber>PD2USA-101</supplierNumber>
    <specialInstructions/>
    <baseDealerPrice>36.82</baseDealerPrice>
    <yourDealerPrice>36.82</yourDealerPrice>
    <baseRetailPrice>54.95</baseRetailPrice>
    <originalRetailPrice>54.95</originalRetailPrice>
    <partImage>http://asset.lemansnet.com/z/LzEvRi9ELzFGREVFRjY4LTVGQzItNDY1NC1BNzc3LTdFNkI5QTgyNDczMQ==</partImage>
    <productId>0518256613</productId>
    <productName>Base Pedals</productName>
    <productImage>http://asset.lemansnet.com/z/LzAvNS80LzA1NEU4ODA4LTQ5RjItNEFFMS1BQkZDLTZBQ0U2QjU1M0M3Mw==</productImage>
    <bullet1>Impact-resistant, low-profile composite platform</bullet1>
    <bullet2>Oversized forged, heat-treated chromoly spindle with durable DU bushings and sealed cartridge bearings</bullet2>
    <bullet3>Uses 22-pin pattern in order to achieve biting traction</bullet3>
    <bullet4>100 mm x 110 mm composite platform houses the 22 pins (11 per side), an inboard bushing + outboard bearing, and steel axle</bullet4>
    <bullet5>6 mm tall pins with 22 replacement 4 mm tall pins</bullet5>
    <bullet6/>
    <bullet7/>
    <bullet8/>
    <bullet9/>
    <bullet10/>
    <bullet11/>
    <bullet12/>
    <bullet13/>
    <bullet14/>
    <bullet15/>
    <bullet16/>
    <bullet17/>
    <bullet18/>
    <bullet19/>
    <bullet20/>
    <bullet21/>
    <bullet22/>
    <bullet23/>
    <bullet24/>
    <vendorPriceUpdateDate>2023-04-22 00:00:00</vendorPriceUpdateDate>
  </part>
  <part>
    <partNumber>49100036</partNumber>
    <punctuatedPartNumber>4910-0036</punctuatedPartNumber>
    <partStatusDescription>STANDARD</partStatusDescription>
    <partDescription>Base Pedals - Flat - Eggplant</partDescription>
    <unitOfMeasure>Pair</unitOfMeasure>
    <brandName>E*THIRTEEN</brandName>
    <supplierNumber>PD2USA-103</supplierNumber>
    <specialInstructions/>
    <baseDealerPrice>36.82</baseDealerPrice>
    <yourDealerPrice>36.82</yourDealerPrice>
    <baseRetailPrice>54.95</baseRetailPrice>
    <originalRetailPrice>54.95</originalRetailPrice>
    <partImage>http://asset.lemansnet.com/z/L0UvMy9CL0UzQjJGQjkzLTdEQzEtNDUxMi05NEEzLUZFQkRDMzkzNUFFRg==</partImage>
    <productId>0518256613</productId>
    <productName>Base Pedals</productName>
    <productImage>http://asset.lemansnet.com/z/LzAvNS80LzA1NEU4ODA4LTQ5RjItNEFFMS1BQkZDLTZBQ0U2QjU1M0M3Mw==</productImage>
    <bullet1>Impact-resistant, low-profile composite platform</bullet1>
    <bullet2>Oversized forged, heat-treated chromoly spindle with durable DU bushings and sealed cartridge bearings</bullet2>
    <bullet3>Uses 22-pin pattern in order to achieve biting traction</bullet3>
    <bullet4>100 mm x 110 mm composite platform houses the 22 pins (11 per side), an inboard bushing + outboard bearing, and steel axle</bullet4>
    <bullet5>6 mm tall pins with 22 replacement 4 mm tall pins</bullet5>
    <bullet6/>
    <bullet7/>
    <bullet8/>
    <bullet9/>
    <bullet10/>
    <bullet11/>
    <bullet12/>
    <bullet13/>
    <bullet14/>
    <bullet15/>
    <bullet16/>
    <bullet17/>
    <bullet18/>
    <bullet19/>
    <bullet20/>
    <bullet21/>
    <bullet22/>
    <bullet23/>
    <bullet24/>
    <vendorPriceUpdateDate>2023-04-22 00:00:00</vendorPriceUpdateDate>
  </part>
  <part>
    <partNumber>06015756</partNumber>
    <punctuatedPartNumber>0601-5756</punctuatedPartNumber>
    <partStatusDescription>STANDARD</partStatusDescription>
    <partDescription>Plus Handlebar - 35 mm - 35 mm Rise - Stealth Black w/ Water Decal</partDescription>
    <unitOfMeasure>Each</unitOfMeasure>
    <brandName>E*THIRTEEN</brandName>
    <supplierNumber>HA1UPA-101</supplierNumber>
    <specialInstructions/>
    <baseDealerPrice>50.22</baseDealerPrice>
    <yourDealerPrice>50.22</yourDealerPrice>
    <baseRetailPrice>74.95</baseRetailPrice>
    <originalRetailPrice>74.95</originalRetailPrice>
    <partImage>http://asset.lemansnet.com/z/LzIvMi8zLzIyMzA0MzdCLUYzQUYtNEU4RS1BNjUzLTg3QkNFMEE2NjA5Ng==</partImage>
    <productId>1448045131</productId>
    <productName>Plus Handlebar</productName>
    <productImage>http://asset.lemansnet.com/z/LzQvMy84LzQzOEVGN0VGLTQ2NkQtNDNCNC1BMDZELUEyOTM4MDk0MzgzMw==</productImage>
    <bullet1>Custom engineered butting and bend profiles</bullet1>
    <bullet2>9° of back sweep is easier on the wrists than most traditional bends of handlebar and 5° of up sweep offers comfort at all angles</bullet2>
    <bullet3>Made out of a triple butted AL-7050-T7 aluminum alloy; offers compliance through vibration and big hits</bullet3>
    <bullet4>Lighter weight for better control and feel; strong enough to allow you to go as big as the trail requires</bullet4>
    <bullet5>80 cm length can be cut down to suit rider preference (76 cm minimum width)</bullet5>
    <bullet6>Tested and validated on the World Cup Stage</bullet6>
    <bullet7/>
    <bullet8/>
    <bullet9/>
    <bullet10/>
    <bullet11/>
    <bullet12/>
    <bullet13/>
    <bullet14/>
    <bullet15/>
    <bullet16/>
    <bullet17/>
    <bullet18/>
    <bullet19/>
    <bullet20/>
    <bullet21/>
    <bullet22/>
    <bullet23/>
    <bullet24/>
    <vendorPriceUpdateDate>2023-01-19 00:00:00</vendorPriceUpdateDate>
  </part>
  <part>
    <partNumber>06015755</partNumber>
    <punctuatedPartNumber>0601-5755</punctuatedPartNumber>
    <partStatusDescription>STANDARD</partStatusDescription>
    <partDescription>Plus Handlebar - 35 mm - 20 mm Rise - Stealth Black w/ Water Decal</partDescription>
    <unitOfMeasure>Each</unitOfMeasure>
    <brandName>E*THIRTEEN</brandName>
    <supplierNumber>HA1UPA-100</supplierNumber>
    <specialInstructions/>
    <baseDealerPrice>50.22</baseDealerPrice>
    <yourDealerPrice>50.22</yourDealerPrice>
    <baseRetailPrice>74.95</baseRetailPrice>
    <originalRetailPrice>74.95</originalRetailPrice>
    <partImage>http://asset.lemansnet.com/z/LzQvMy84LzQzOEVGN0VGLTQ2NkQtNDNCNC1BMDZELUEyOTM4MDk0MzgzMw==</partImage>
    <productId>1448045131</productId>
    <productName>Plus Handlebar</productName>
    <productImage>http://asset.lemansnet.com/z/LzQvMy84LzQzOEVGN0VGLTQ2NkQtNDNCNC1BMDZELUEyOTM4MDk0MzgzMw==</productImage>
    <bullet1>Custom engineered butting and bend profiles</bullet1>
    <bullet2>9° of back sweep is easier on the wrists than most traditional bends of handlebar and 5° of up sweep offers comfort at all angles</bullet2>
    <bullet3>Made out of a triple butted AL-7050-T7 aluminum alloy; offers compliance through vibration and big hits</bullet3>
    <bullet4>Lighter weight for better control and feel; strong enough to allow you to go as big as the trail requires</bullet4>
    <bullet5>80 cm length can be cut down to suit rider preference (76 cm minimum width)</bullet5>
    <bullet6>Tested and validated on the World Cup Stage</bullet6>
    <bullet7/>
    <bullet8/>
    <bullet9/>
    <bullet10/>
    <bullet11/>
    <bullet12/>
    <bullet13/>
    <bullet14/>
    <bullet15/>
    <bullet16/>
    <bullet17/>
    <bullet18/>
    <bullet19/>
    <bullet20/>
    <bullet21/>
    <bullet22/>
    <bullet23/>
    <bullet24/>
    <vendorPriceUpdateDate>2023-01-19 00:00:00</vendorPriceUpdateDate>
  </part>
  <part>
    <partNumber>06015758</partNumber>
    <punctuatedPartNumber>0601-5758</punctuatedPartNumber>
    <partStatusDescription>STANDARD</partStatusDescription>
    <partDescription>Race Carbon Handlebar - 35 mm - 30 mm Rise - Black</partDescription>
    <unitOfMeasure>Each</unitOfMeasure>
    <brandName>E*THIRTEEN</brandName>
    <supplierNumber>HA1URA-101</supplierNumber>
    <specialInstructions/>
    <baseDealerPrice>99.83</baseDealerPrice>
    <yourDealerPrice>99.83</yourDealerPrice>
    <baseRetailPrice>149.00</baseRetailPrice>
    <originalRetailPrice>149.00</originalRetailPrice>
    <partImage>http://asset.lemansnet.com/z/LzEvRS8zLzFFMzA1ODQ2LThFODctNEYxRS05QzU3LUMyRDNCOTNFNDFDOA==</partImage>
    <productId>1471694368</productId>
    <productName>Race Carbon Handlebar</productName>
    <productImage>http://asset.lemansnet.com/z/L0IvMC9DL0IwQ0Q4OUY1LTc4QjMtNEU5RS04RjRCLURGOEFCM0UxMEVDQQ==</productImage>
    <bullet1>Features an engineered carbon layup and 35 mm barclamp which optimizes strength to weight ration and performance enhancing stiffness, while ensuring chatter damping compliance to take the edge off the trail and the sting out of your wrists</bullet1>
    <bullet2>Tested extensively to exceed every international standard, and validated on the World Cup stage, the Race Carbon is light enough for your trail rocket and strong enough to conquer bike parks and DH tracks</bullet2>
    <bullet3>Ergonomic 9° backsweep and 5° upsweep geometry offers a natural and supportive feel and comfort at all angles</bullet3>
    <bullet4/>
    <bullet5/>
    <bullet6/>
    <bullet7/>
    <bullet8/>
    <bullet9/>
    <bullet10/>
    <bullet11/>
    <bullet12/>
    <bullet13/>
    <bullet14/>
    <bullet15/>
    <bullet16/>
    <bullet17/>
    <bullet18/>
    <bullet19/>
    <bullet20/>
    <bullet21/>
    <bullet22/>
    <bullet23/>
    <bullet24/>
    <vendorPriceUpdateDate>2023-01-19 00:00:00</vendorPriceUpdateDate>
  </part>
  <part>
    <partNumber>49100033</partNumber>
    <punctuatedPartNumber>4910-0033</punctuatedPartNumber>
    <partStatusDescription>STANDARD</partStatusDescription>
    <partDescription>Base Pedals - Flat - Black</partDescription>
    <unitOfMeasure>Pair</unitOfMeasure>
    <brandName>E*THIRTEEN</brandName>
    <supplierNumber>PD2USA-100</supplierNumber>
    <specialInstructions/>
    <baseDealerPrice>36.82</baseDealerPrice>
    <yourDealerPrice>36.82</yourDealerPrice>
    <baseRetailPrice>54.95</baseRetailPrice>
    <originalRetailPrice>54.95</originalRetailPrice>
    <partImage>http://asset.lemansnet.com/z/LzAvNS80LzA1NEU4ODA4LTQ5RjItNEFFMS1BQkZDLTZBQ0U2QjU1M0M3Mw==</partImage>
    <productId>0518256613</productId>
    <productName>Base Pedals</productName>
    <productImage>http://asset.lemansnet.com/z/LzAvNS80LzA1NEU4ODA4LTQ5RjItNEFFMS1BQkZDLTZBQ0U2QjU1M0M3Mw==</productImage>
    <bullet1>Impact-resistant, low-profile composite platform</bullet1>
    <bullet2>Oversized forged, heat-treated chromoly spindle with durable DU bushings and sealed cartridge bearings</bullet2>
    <bullet3>Uses 22-pin pattern in order to achieve biting traction</bullet3>
    <bullet4>100 mm x 110 mm composite platform houses the 22 pins (11 per side), an inboard bushing + outboard bearing, and steel axle</bullet4>
    <bullet5>6 mm tall pins with 22 replacement 4 mm tall pins</bullet5>
    <bullet6/>
    <bullet7/>
    <bullet8/>
    <bullet9/>
    <bullet10/>
    <bullet11/>
    <bullet12/>
    <bullet13/>
    <bullet14/>
    <bullet15/>
    <bullet16/>
    <bullet17/>
    <bullet18/>
    <bullet19/>
    <bullet20/>
    <bullet21/>
    <bullet22/>
    <bullet23/>
    <bullet24/>
    <vendorPriceUpdateDate>2023-04-22 00:00:00</vendorPriceUpdateDate>
  </part>
  <part>
    <partNumber>49100035</partNumber>
    <punctuatedPartNumber>4910-0035</punctuatedPartNumber>
    <partStatusDescription>STANDARD</partStatusDescription>
    <partDescription>Base Pedals - Flat - Blue</partDescription>
    <unitOfMeasure>Pair</unitOfMeasure>
    <brandName>E*THIRTEEN</brandName>
    <supplierNumber>PD2USA-102</supplierNumber>
    <specialInstructions/>
    <baseDealerPrice>36.82</baseDealerPrice>
    <yourDealerPrice>36.82</yourDealerPrice>
    <baseRetailPrice>54.95</baseRetailPrice>
    <originalRetailPrice>54.95</originalRetailPrice>
    <partImage>http://asset.lemansnet.com/z/L0MvRC85L0NEOTFEOEExLTVENkItNERDNy04QkNELUQ3ODk3MTgwNEMzRA==</partImage>
    <productId>0518256613</productId>
    <productName>Base Pedals</productName>
    <productImage>http://asset.lemansnet.com/z/LzAvNS80LzA1NEU4ODA4LTQ5RjItNEFFMS1BQkZDLTZBQ0U2QjU1M0M3Mw==</productImage>
    <bullet1>Impact-resistant, low-profile composite platform</bullet1>
    <bullet2>Oversized forged, heat-treated chromoly spindle with durable DU bushings and sealed cartridge bearings</bullet2>
    <bullet3>Uses 22-pin pattern in order to achieve biting traction</bullet3>
    <bullet4>100 mm x 110 mm composite platform houses the 22 pins (11 per side), an inboard bushing + outboard bearing, and steel axle</bullet4>
    <bullet5>6 mm tall pins with 22 replacement 4 mm tall pins</bullet5>
    <bullet6/>
    <bullet7/>
    <bullet8/>
    <bullet9/>
    <bullet10/>
    <bullet11/>
    <bullet12/>
    <bullet13/>
    <bullet14/>
    <bullet15/>
    <bullet16/>
    <bullet17/>
    <bullet18/>
    <bullet19/>
    <bullet20/>
    <bullet21/>
    <bullet22/>
    <bullet23/>
    <bullet24/>
    <vendorPriceUpdateDate>2023-04-22 00:00:00</vendorPriceUpdateDate>
  </part>
  <part>
    <partNumber>49100037</partNumber>
    <punctuatedPartNumber>4910-0037</punctuatedPartNumber>
    <partStatusDescription>STANDARD</partStatusDescription>
    <partDescription>Base Pedals - Flat - Naranja</partDescription>
    <unitOfMeasure>Pair</unitOfMeasure>
    <brandName>E*THIRTEEN</brandName>
    <supplierNumber>PD2USA-104</supplierNumber>
    <specialInstructions/>
    <baseDealerPrice>36.82</baseDealerPrice>
    <yourDealerPrice>36.82</yourDealerPrice>
    <baseRetailPrice>54.95</baseRetailPrice>
    <originalRetailPrice>54.95</originalRetailPrice>
    <partImage>http://asset.lemansnet.com/z/LzYvNy8zLzY3MzU2RjE4LUYwRTQtNENFRS1CREY1LTU2MEREN0Q5NjYzMA==</partImage>
    <productId>0518256613</productId>
    <productName>Base Pedals</productName>
    <productImage>http://asset.lemansnet.com/z/LzAvNS80LzA1NEU4ODA4LTQ5RjItNEFFMS1BQkZDLTZBQ0U2QjU1M0M3Mw==</productImage>
    <bullet1>Impact-resistant, low-profile composite platform</bullet1>
    <bullet2>Oversized forged, heat-treated chromoly spindle with durable DU bushings and sealed cartridge bearings</bullet2>
    <bullet3>Uses 22-pin pattern in order to achieve biting traction</bullet3>
    <bullet4>100 mm x 110 mm composite platform houses the 22 pins (11 per side), an inboard bushing + outboard bearing, and steel axle</bullet4>
    <bullet5>6 mm tall pins with 22 replacement 4 mm tall pins</bullet5>
    <bullet6/>
    <bullet7/>
    <bullet8/>
    <bullet9/>
    <bullet10/>
    <bullet11/>
    <bullet12/>
    <bullet13/>
    <bullet14/>
    <bullet15/>
    <bullet16/>
    <bullet17/>
    <bullet18/>
    <bullet19/>
    <bullet20/>
    <bullet21/>
    <bullet22/>
    <bullet23/>
    <bullet24/>
    <vendorPriceUpdateDate>2023-04-22 00:00:00</vendorPriceUpdateDate>
  </part>
  <part>
    <partNumber>49100038</partNumber>
    <punctuatedPartNumber>4910-0038</punctuatedPartNumber>
    <partStatusDescription>STANDARD</partStatusDescription>
    <partDescription>Plus Pedals - Flat - Aluminum - Black</partDescription>
    <unitOfMeasure>Pair</unitOfMeasure>
    <brandName>E*THIRTEEN</brandName>
    <supplierNumber>PD2UPA-100</supplierNumber>
    <specialInstructions/>
    <baseDealerPrice>99.83</baseDealerPrice>
    <yourDealerPrice>99.83</yourDealerPrice>
    <baseRetailPrice>149.00</baseRetailPrice>
    <originalRetailPrice>149.00</originalRetailPrice>
    <partImage>http://asset.lemansnet.com/z/LzQvRS81LzRFNTAxRjFFLTkyMzEtNEVBOS04QzQ1LTI0RkJENTQ4NTEzMw==</partImage>
    <productId>1604372912</productId>
    <productName>Plus Pedal</productName>
    <productImage>http://asset.lemansnet.com/z/LzQvRS81LzRFNTAxRjFFLTkyMzEtNEVBOS04QzQ1LTI0RkJENTQ4NTEzMw==</productImage>
    <bullet1>Aluminum pedals with 22-pin pattern in order to achieve biting traction</bullet1>
    <bullet2>100 mm x 110 mm machined aluminum platform houses 22 pins (11 per side), a big inboard bearing and two outboard bearings, and a steel axle</bullet2>
    <bullet3/>
    <bullet4/>
    <bullet5/>
    <bullet6/>
    <bullet7/>
    <bullet8/>
    <bullet9/>
    <bullet10/>
    <bullet11/>
    <bullet12/>
    <bullet13/>
    <bullet14/>
    <bullet15/>
    <bullet16/>
    <bullet17/>
    <bullet18/>
    <bullet19/>
    <bullet20/>
    <bullet21/>
    <bullet22/>
    <bullet23/>
    <bullet24/>
    <vendorPriceUpdateDate>2023-04-22 00:00:00</vendorPriceUpdateDate>
  </part>
  <part>
    <partNumber>49100039</partNumber>
    <punctuatedPartNumber>4910-0039</punctuatedPartNumber>
    <partStatusDescription>STANDARD</partStatusDescription>
    <partDescription>Plus Pedals - Flat - Aluminum - Red</partDescription>
    <unitOfMeasure>Pair</unitOfMeasure>
    <brandName>E*THIRTEEN</brandName>
    <supplierNumber>PD2UPA-101</supplierNumber>
    <specialInstructions/>
    <baseDealerPrice>99.83</baseDealerPrice>
    <yourDealerPrice>99.83</yourDealerPrice>
    <baseRetailPrice>149.00</baseRetailPrice>
    <originalRetailPrice>149.00</originalRetailPrice>
    <partImage>http://asset.lemansnet.com/z/LzQvMS8zLzQxMzlGRjAxLTY2MEMtNDBBRC05RjhFLUE3NzZEREIwNDE0Ng==</partImage>
    <productId>1604372912</productId>
    <productName>Plus Pedal</productName>
    <productImage>http://asset.lemansnet.com/z/LzQvRS81LzRFNTAxRjFFLTkyMzEtNEVBOS04QzQ1LTI0RkJENTQ4NTEzMw==</productImage>
    <bullet1>Aluminum pedals with 22-pin pattern in order to achieve biting traction</bullet1>
    <bullet2>100 mm x 110 mm machined aluminum platform houses 22 pins (11 per side), a big inboard bearing and two outboard bearings, and a steel axle</bullet2>
    <bullet3/>
    <bullet4/>
    <bullet5/>
    <bullet6/>
    <bullet7/>
    <bullet8/>
    <bullet9/>
    <bullet10/>
    <bullet11/>
    <bullet12/>
    <bullet13/>
    <bullet14/>
    <bullet15/>
    <bullet16/>
    <bullet17/>
    <bullet18/>
    <bullet19/>
    <bullet20/>
    <bullet21/>
    <bullet22/>
    <bullet23/>
    <bullet24/>
    <vendorPriceUpdateDate>2023-04-22 00:00:00</vendorPriceUpdateDate>
  </part>
  <part>
    <partNumber>49100040</partNumber>
    <punctuatedPartNumber>4910-0040</punctuatedPartNumber>
    <partStatusDescription>STANDARD</partStatusDescription>
    <partDescription>Plus Pedals - Flat - Aluminum - Blue</partDescription>
    <unitOfMeasure>Pair</unitOfMeasure>
    <brandName>E*THIRTEEN</brandName>
    <supplierNumber>PD2UPA-102</supplierNumber>
    <specialInstructions/>
    <baseDealerPrice>99.83</baseDealerPrice>
    <yourDealerPrice>99.83</yourDealerPrice>
    <baseRetailPrice>149.00</baseRetailPrice>
    <originalRetailPrice>149.00</originalRetailPrice>
    <partImage>http://asset.lemansnet.com/z/LzAvRC80LzBENDM0RjcxLUVFOTktNDVFMS05OEU0LTcxRjUyRTMzRjVFOA==</partImage>
    <productId>1604372912</productId>
    <productName>Plus Pedal</productName>
    <productImage>http://asset.lemansnet.com/z/LzQvRS81LzRFNTAxRjFFLTkyMzEtNEVBOS04QzQ1LTI0RkJENTQ4NTEzMw==</productImage>
    <bullet1>Aluminum pedals with 22-pin pattern in order to achieve biting traction</bullet1>
    <bullet2>100 mm x 110 mm machined aluminum platform houses 22 pins (11 per side), a big inboard bearing and two outboard bearings, and a steel axle</bullet2>
    <bullet3/>
    <bullet4/>
    <bullet5/>
    <bullet6/>
    <bullet7/>
    <bullet8/>
    <bullet9/>
    <bullet10/>
    <bullet11/>
    <bullet12/>
    <bullet13/>
    <bullet14/>
    <bullet15/>
    <bullet16/>
    <bullet17/>
    <bullet18/>
    <bullet19/>
    <bullet20/>
    <bullet21/>
    <bullet22/>
    <bullet23/>
    <bullet24/>
    <vendorPriceUpdateDate>2023-04-22 00:00:00</vendorPriceUpdateDate>
  </part>
</root>
