<root>
  <part>
    <partNumber>23310112</partNumber>
    <punctuatedPartNumber>2331-0112</punctuatedPartNumber>
    <partStatusDescription>DISCONTINUED</partStatusDescription>
    <partDescription>Fairing Bracket - GSXR 600/750</partDescription>
    <unitOfMeasure>Each</unitOfMeasure>
    <brandName>MOTOBATT</brandName>
    <supplierNumber>269792</supplierNumber>
    <specialInstructions>Discontinued Item</specialInstructions>
    <baseDealerPrice>66.00</baseDealerPrice>
    <yourDealerPrice>66.00</yourDealerPrice>
    <baseRetailPrice>0.00</baseRetailPrice>
    <originalRetailPrice>156.95</originalRetailPrice>
    <partImage>http://asset.lemansnet.com/z/L0IvNS9EL0I1RDAwNjA0LUZGOUItNEQxOS1CMTVCLTAyQTY1MTY0MjJGQiwvMy9DL0MvM0NDOEMzQzYtNEZDMi00MDBCLTlBNDUtODM2NjhBQUJFQ0M1LC8yLzcvQy8yN0M4RDA4RS0yRTc1LTQyRUItOEUxOS05OEM5RUNEREZCRDI=</partImage>
    <productId>0920917823</productId>
    <productName>Replacement Fairing Bracket</productName>
    <productImage>http://asset.lemansnet.com/z/LzEvQS9CLzFBQjU3RDBDLUVGMTYtNDUzNi05Qzk5LUQ2MEQ1QUUzNkNCNw==</productImage>
    <bullet1>Once it's installed, you won't be able to tell it's a replacement</bullet1>
    <bullet2>Fabricated using the original manufacturer's build process for a strong bracket that fits exactly like OEM</bullet2>
    <bullet3>Match the OEM bracket in dimensions, tolerances and other specifications</bullet3>
    <bullet4>Accept all stock equipment - gauges, mirrors, headlights, etc.</bullet4>
    <bullet5/>
    <bullet6/>
    <bullet7/>
    <bullet8/>
    <bullet9/>
    <bullet10/>
    <bullet11/>
    <bullet12/>
    <bullet13/>
    <bullet14/>
    <bullet15/>
    <bullet16/>
    <bullet17/>
    <bullet18/>
    <bullet19/>
    <bullet20/>
    <bullet21/>
    <bullet22/>
    <bullet23/>
    <bullet24/>
    <vendorPriceUpdateDate>2021-09-14 00:00:00</vendorPriceUpdateDate>
  </part>
  <part>
    <partNumber>23310131</partNumber>
    <punctuatedPartNumber>2331-0131</punctuatedPartNumber>
    <partStatusDescription>DISCONTINUED</partStatusDescription>
    <partDescription>Fairing Bracket - CBR300R</partDescription>
    <unitOfMeasure>Each</unitOfMeasure>
    <brandName>MOTOBATT</brandName>
    <supplierNumber>269592</supplierNumber>
    <specialInstructions>Discontinued Item</specialInstructions>
    <baseDealerPrice>20.40</baseDealerPrice>
    <yourDealerPrice>20.40</yourDealerPrice>
    <baseRetailPrice>0.00</baseRetailPrice>
    <originalRetailPrice>41.95</originalRetailPrice>
    <partImage>http://asset.lemansnet.com/z/L0MvNS9CL0M1QjhGMzA5LURBQkYtNDVBMi1BQkIyLUNCQTVGREE0N0I1Nw==</partImage>
    <productId>0920917823</productId>
    <productName>Replacement Fairing Bracket</productName>
    <productImage>http://asset.lemansnet.com/z/LzEvQS9CLzFBQjU3RDBDLUVGMTYtNDUzNi05Qzk5LUQ2MEQ1QUUzNkNCNw==</productImage>
    <bullet1>Once it's installed, you won't be able to tell it's a replacement</bullet1>
    <bullet2>Fabricated using the original manufacturer's build process for a strong bracket that fits exactly like OEM</bullet2>
    <bullet3>Match the OEM bracket in dimensions, tolerances and other specifications</bullet3>
    <bullet4>Accept all stock equipment - gauges, mirrors, headlights, etc.</bullet4>
    <bullet5/>
    <bullet6/>
    <bullet7/>
    <bullet8/>
    <bullet9/>
    <bullet10/>
    <bullet11/>
    <bullet12/>
    <bullet13/>
    <bullet14/>
    <bullet15/>
    <bullet16/>
    <bullet17/>
    <bullet18/>
    <bullet19/>
    <bullet20/>
    <bullet21/>
    <bullet22/>
    <bullet23/>
    <bullet24/>
    <vendorPriceUpdateDate>2021-09-14 00:00:00</vendorPriceUpdateDate>
  </part>
  <part>
    <partNumber>23310136</partNumber>
    <punctuatedPartNumber>2331-0136</punctuatedPartNumber>
    <partStatusDescription>DISCONTINUED</partStatusDescription>
    <partDescription>Fairing Bracket - Ninja 300</partDescription>
    <unitOfMeasure>Each</unitOfMeasure>
    <brandName>MOTOBATT</brandName>
    <supplierNumber>269696</supplierNumber>
    <specialInstructions>Discontinued Item</specialInstructions>
    <baseDealerPrice>84.20</baseDealerPrice>
    <yourDealerPrice>84.20</yourDealerPrice>
    <baseRetailPrice>0.00</baseRetailPrice>
    <originalRetailPrice>178.95</originalRetailPrice>
    <partImage>http://asset.lemansnet.com/z/LzAvNC82LzA0NkZCMTU1LTFBQTQtNDIzOC05NUVCLTY2NUI1Rjg0QzIwRQ==</partImage>
    <productId>0920917823</productId>
    <productName>Replacement Fairing Bracket</productName>
    <productImage>http://asset.lemansnet.com/z/LzEvQS9CLzFBQjU3RDBDLUVGMTYtNDUzNi05Qzk5LUQ2MEQ1QUUzNkNCNw==</productImage>
    <bullet1>Once it's installed, you won't be able to tell it's a replacement</bullet1>
    <bullet2>Fabricated using the original manufacturer's build process for a strong bracket that fits exactly like OEM</bullet2>
    <bullet3>Match the OEM bracket in dimensions, tolerances and other specifications</bullet3>
    <bullet4>Accept all stock equipment - gauges, mirrors, headlights, etc.</bullet4>
    <bullet5/>
    <bullet6/>
    <bullet7/>
    <bullet8/>
    <bullet9/>
    <bullet10/>
    <bullet11/>
    <bullet12/>
    <bullet13/>
    <bullet14/>
    <bullet15/>
    <bullet16/>
    <bullet17/>
    <bullet18/>
    <bullet19/>
    <bullet20/>
    <bullet21/>
    <bullet22/>
    <bullet23/>
    <bullet24/>
    <vendorPriceUpdateDate>2021-09-14 00:00:00</vendorPriceUpdateDate>
  </part>
  <part>
    <partNumber>23310137</partNumber>
    <punctuatedPartNumber>2331-0137</punctuatedPartNumber>
    <partStatusDescription>DISCONTINUED</partStatusDescription>
    <partDescription>Fairing Bracket - DL650</partDescription>
    <unitOfMeasure>Each</unitOfMeasure>
    <brandName>MOTOBATT</brandName>
    <supplierNumber>269793</supplierNumber>
    <specialInstructions/>
    <baseDealerPrice>39.40</baseDealerPrice>
    <yourDealerPrice>39.40</yourDealerPrice>
    <baseRetailPrice>0.00</baseRetailPrice>
    <originalRetailPrice>152.95</originalRetailPrice>
    <partImage>http://asset.lemansnet.com/z/LzUvQi83LzVCNzBBMTc1LTQ2QkYtNEQ5QS04NjlDLUNGNENFNTI4OTA4NQ==</partImage>
    <productId>0638909765</productId>
    <productName>Replacement Fairing Bracket</productName>
    <productImage>http://asset.lemansnet.com/z/LzEvQS9CLzFBQjU3RDBDLUVGMTYtNDUzNi05Qzk5LUQ2MEQ1QUUzNkNCNw==</productImage>
    <bullet1>Once it's installed, you won't be able to tell it's a replacement</bullet1>
    <bullet2>Fabricated using the original manufacturer's build process for a strong bracket that fits exactly like OEM</bullet2>
    <bullet3>Match the OEM bracket in dimensions, tolerances and other specifications</bullet3>
    <bullet4>Accept all stock equipment - gauges, mirrors, headlights, etc.</bullet4>
    <bullet5/>
    <bullet6/>
    <bullet7/>
    <bullet8/>
    <bullet9/>
    <bullet10/>
    <bullet11/>
    <bullet12/>
    <bullet13/>
    <bullet14/>
    <bullet15/>
    <bullet16/>
    <bullet17/>
    <bullet18/>
    <bullet19/>
    <bullet20/>
    <bullet21/>
    <bullet22/>
    <bullet23/>
    <bullet24/>
    <vendorPriceUpdateDate>2021-09-14 00:00:00</vendorPriceUpdateDate>
  </part>
  <part>
    <partNumber>23310135</partNumber>
    <punctuatedPartNumber>2331-0135</punctuatedPartNumber>
    <partStatusDescription>DISCONTINUED</partStatusDescription>
    <partDescription>Fairing Bracket - ZX-10R</partDescription>
    <unitOfMeasure>Each</unitOfMeasure>
    <brandName>MOTOBATT</brandName>
    <supplierNumber>269695</supplierNumber>
    <specialInstructions>Discontinued Item</specialInstructions>
    <baseDealerPrice>26.60</baseDealerPrice>
    <yourDealerPrice>26.60</yourDealerPrice>
    <baseRetailPrice>0.00</baseRetailPrice>
    <originalRetailPrice>54.95</originalRetailPrice>
    <partImage>http://asset.lemansnet.com/z/LzEvNC82LzE0NjczRTFBLUJENTEtNEJGQy1BRDgwLTlGMkU3Njg4QzAzQg==</partImage>
    <productId>0920917823</productId>
    <productName>Replacement Fairing Bracket</productName>
    <productImage>http://asset.lemansnet.com/z/LzEvQS9CLzFBQjU3RDBDLUVGMTYtNDUzNi05Qzk5LUQ2MEQ1QUUzNkNCNw==</productImage>
    <bullet1>Once it's installed, you won't be able to tell it's a replacement</bullet1>
    <bullet2>Fabricated using the original manufacturer's build process for a strong bracket that fits exactly like OEM</bullet2>
    <bullet3>Match the OEM bracket in dimensions, tolerances and other specifications</bullet3>
    <bullet4>Accept all stock equipment - gauges, mirrors, headlights, etc.</bullet4>
    <bullet5/>
    <bullet6/>
    <bullet7/>
    <bullet8/>
    <bullet9/>
    <bullet10/>
    <bullet11/>
    <bullet12/>
    <bullet13/>
    <bullet14/>
    <bullet15/>
    <bullet16/>
    <bullet17/>
    <bullet18/>
    <bullet19/>
    <bullet20/>
    <bullet21/>
    <bullet22/>
    <bullet23/>
    <bullet24/>
    <vendorPriceUpdateDate>2021-09-14 00:00:00</vendorPriceUpdateDate>
  </part>
  <part>
    <partNumber>23310056</partNumber>
    <punctuatedPartNumber>2331-0056</punctuatedPartNumber>
    <partStatusDescription>DISCONTINUED</partStatusDescription>
    <partDescription>Fairing Bracket - R1</partDescription>
    <unitOfMeasure>Each</unitOfMeasure>
    <brandName>MOTOBATT</brandName>
    <supplierNumber>269889</supplierNumber>
    <specialInstructions>Discontinued Item</specialInstructions>
    <baseDealerPrice>43.40</baseDealerPrice>
    <yourDealerPrice>43.40</yourDealerPrice>
    <baseRetailPrice>0.00</baseRetailPrice>
    <originalRetailPrice>107.95</originalRetailPrice>
    <partImage>http://asset.lemansnet.com/z/L0IvMy83L0IzNzA2NkUyLTZFNTktNEFCNi1BNTAyLTc4N0Y3NEE0NTkwRA==</partImage>
    <productId>0920917823</productId>
    <productName>Replacement Fairing Bracket</productName>
    <productImage>http://asset.lemansnet.com/z/LzEvQS9CLzFBQjU3RDBDLUVGMTYtNDUzNi05Qzk5LUQ2MEQ1QUUzNkNCNw==</productImage>
    <bullet1>Once it's installed, you won't be able to tell it's a replacement</bullet1>
    <bullet2>Fabricated using the original manufacturer's build process for a strong bracket that fits exactly like OEM</bullet2>
    <bullet3>Match the OEM bracket in dimensions, tolerances and other specifications</bullet3>
    <bullet4>Accept all stock equipment - gauges, mirrors, headlights, etc.</bullet4>
    <bullet5/>
    <bullet6/>
    <bullet7/>
    <bullet8/>
    <bullet9/>
    <bullet10/>
    <bullet11/>
    <bullet12/>
    <bullet13/>
    <bullet14/>
    <bullet15/>
    <bullet16/>
    <bullet17/>
    <bullet18/>
    <bullet19/>
    <bullet20/>
    <bullet21/>
    <bullet22/>
    <bullet23/>
    <bullet24/>
    <vendorPriceUpdateDate>2021-09-14 00:00:00</vendorPriceUpdateDate>
  </part>
  <part>
    <partNumber>23310062</partNumber>
    <punctuatedPartNumber>2331-0062</punctuatedPartNumber>
    <partStatusDescription>DISCONTINUED</partStatusDescription>
    <partDescription>Fairing Bracket - Z10R</partDescription>
    <unitOfMeasure>Each</unitOfMeasure>
    <brandName>MOTOBATT</brandName>
    <supplierNumber>269675</supplierNumber>
    <specialInstructions>Discontinued Item</specialInstructions>
    <baseDealerPrice>20.70</baseDealerPrice>
    <yourDealerPrice>20.70</yourDealerPrice>
    <baseRetailPrice>0.00</baseRetailPrice>
    <originalRetailPrice>51.95</originalRetailPrice>
    <partImage>http://asset.lemansnet.com/z/L0EvRi80L0FGNDJBNTBFLTI5N0MtNDdCRC04NDIyLUI3MkQxMjJGRDYxQw==</partImage>
    <productId>0920917823</productId>
    <productName>Replacement Fairing Bracket</productName>
    <productImage>http://asset.lemansnet.com/z/LzEvQS9CLzFBQjU3RDBDLUVGMTYtNDUzNi05Qzk5LUQ2MEQ1QUUzNkNCNw==</productImage>
    <bullet1>Once it's installed, you won't be able to tell it's a replacement</bullet1>
    <bullet2>Fabricated using the original manufacturer's build process for a strong bracket that fits exactly like OEM</bullet2>
    <bullet3>Match the OEM bracket in dimensions, tolerances and other specifications</bullet3>
    <bullet4>Accept all stock equipment - gauges, mirrors, headlights, etc.</bullet4>
    <bullet5/>
    <bullet6/>
    <bullet7/>
    <bullet8/>
    <bullet9/>
    <bullet10/>
    <bullet11/>
    <bullet12/>
    <bullet13/>
    <bullet14/>
    <bullet15/>
    <bullet16/>
    <bullet17/>
    <bullet18/>
    <bullet19/>
    <bullet20/>
    <bullet21/>
    <bullet22/>
    <bullet23/>
    <bullet24/>
    <vendorPriceUpdateDate>2021-09-14 00:00:00</vendorPriceUpdateDate>
  </part>
</root>
