<root>
  <part>
    <partNumber>99030348</partNumber>
    <punctuatedPartNumber>9903-0348</punctuatedPartNumber>
    <partStatusDescription>DISCONTINUED</partStatusDescription>
    <partDescription>Display</partDescription>
    <unitOfMeasure>Each</unitOfMeasure>
    <brandName>TECH MOUNT</brandName>
    <supplierNumber></supplierNumber>
    <specialInstructions/>
    <baseDealerPrice/>
    <yourDealerPrice/>
    <baseRetailPrice>0.00</baseRetailPrice>
    <originalRetailPrice>0.00</originalRetailPrice>
    <partImage>http://asset.lemansnet.com/z/c3RhdGljL3NpdGVzL2xlbWFuc3BsYXRmb3JtL2ltYWdlLWNvbWluZy1zb29u</partImage>
    <productId>1841667463</productId>
    <productName>Display</productName>
    <productImage/>
    <bullet1>Eye-catching displays to strategically place in your store to help increase sales</bullet1>
    <bullet2/>
    <bullet3/>
    <bullet4/>
    <bullet5/>
    <bullet6/>
    <bullet7/>
    <bullet8/>
    <bullet9/>
    <bullet10/>
    <bullet11/>
    <bullet12/>
    <bullet13/>
    <bullet14/>
    <bullet15/>
    <bullet16/>
    <bullet17/>
    <bullet18/>
    <bullet19/>
    <bullet20/>
    <bullet21/>
    <bullet22/>
    <bullet23/>
    <bullet24/>
    <vendorPriceUpdateDate>2023-04-22 00:00:00</vendorPriceUpdateDate>
  </part>
</root>
