<root>
  <part>
    <partNumber>18113603</partNumber>
    <punctuatedPartNumber>1811-3603</punctuatedPartNumber>
    <partStatusDescription>DISCONTINUED</partStatusDescription>
    <partDescription>Straight Pipe Performance Tips - Brushed</partDescription>
    <unitOfMeasure>Pair</unitOfMeasure>
    <brandName>BRITISH CUSTOMS</brandName>
    <supplierNumber>BC902-056-BR</supplierNumber>
    <specialInstructions>DISCONTINUED ITEM</specialInstructions>
    <baseDealerPrice>261.60</baseDealerPrice>
    <yourDealerPrice>261.60</yourDealerPrice>
    <baseRetailPrice>373.95</baseRetailPrice>
    <originalRetailPrice>373.95</originalRetailPrice>
    <partImage>http://asset.lemansnet.com/z/LzgvMi9CLzgyQkI2MTRFLTQzNUEtNDRFMy1CN0JELTVCQUY3RTIzOEEzNQ==</partImage>
    <productId>1177392462</productId>
    <productName>Straight Pipe Performance Tips</productName>
    <productImage>http://asset.lemansnet.com/z/LzgvMi9CLzgyQkI2MTRFLTQzNUEtNDRFMy1CN0JELTVCQUY3RTIzOEEzNQ==</productImage>
    <bullet1>The British Customs Straight Pipe Performance Tips replace the stock muffler with drag racing style tips that greatly improve the look and sound of your Triumph Bonneville Bobber</bullet1>
    <bullet2>These tips install quickly and easily behind the catalytic converter, which helps open up the deep, resonant note of the engine</bullet2>
    <bullet3>They’re made from 304 stainless steel for durability, quality, and weather resistance, and will develop a rich patina that will complement the colors of the header</bullet3>
    <bullet4>Vintage drag racing looks</bullet4>
    <bullet5>13 lbs lighter than stock mufflers</bullet5>
    <bullet6>Installs quickly and easily</bullet6>
    <bullet7>Made in USA</bullet7>
    <bullet8/>
    <bullet9/>
    <bullet10/>
    <bullet11/>
    <bullet12/>
    <bullet13/>
    <bullet14/>
    <bullet15/>
    <bullet16/>
    <bullet17/>
    <bullet18/>
    <bullet19/>
    <bullet20/>
    <bullet21/>
    <bullet22/>
    <bullet23/>
    <bullet24/>
    <vendorPriceUpdateDate>2023-04-22 00:00:00</vendorPriceUpdateDate>
  </part>
  <part>
    <partNumber>20011533</partNumber>
    <punctuatedPartNumber>2001-1533</punctuatedPartNumber>
    <partStatusDescription>DISCONTINUED</partStatusDescription>
    <partDescription>Headlight Ears - Black</partDescription>
    <unitOfMeasure>Pair</unitOfMeasure>
    <brandName>BRITISH CUSTOMS</brandName>
    <supplierNumber>BC504-022-B</supplierNumber>
    <specialInstructions>DISCONTINUED ITEM</specialInstructions>
    <baseDealerPrice>140.00</baseDealerPrice>
    <yourDealerPrice>140.00</yourDealerPrice>
    <baseRetailPrice>199.95</baseRetailPrice>
    <originalRetailPrice>199.95</originalRetailPrice>
    <partImage>http://asset.lemansnet.com/z/LzAvNS84LzA1ODQzREI3LUQyMkYtNDBFQS1BN0U2LTM2QUEyNTBEQzA2NQ==</partImage>
    <productId>0667857499</productId>
    <productName>Headlight Ears</productName>
    <productImage>http://asset.lemansnet.com/z/LzAvNS84LzA1ODQzREI3LUQyMkYtNDBFQS1BN0U2LTM2QUEyNTBEQzA2NQ==</productImage>
    <bullet1>Low-profile Headlight Ears enable some subtle and sublime changes to the front end</bullet1>
    <bullet2>Headlight Ears and stainless steel hardware included</bullet2>
    <bullet3>Black anodized finish</bullet3>
    <bullet4>Made in the USA</bullet4>
    <bullet5/>
    <bullet6/>
    <bullet7/>
    <bullet8/>
    <bullet9/>
    <bullet10/>
    <bullet11/>
    <bullet12/>
    <bullet13/>
    <bullet14/>
    <bullet15/>
    <bullet16/>
    <bullet17/>
    <bullet18/>
    <bullet19/>
    <bullet20/>
    <bullet21/>
    <bullet22/>
    <bullet23/>
    <bullet24/>
    <vendorPriceUpdateDate>2023-04-22 00:00:00</vendorPriceUpdateDate>
  </part>
  <part>
    <partNumber>18113362</partNumber>
    <punctuatedPartNumber>1811-3362</punctuatedPartNumber>
    <partStatusDescription>STANDARD</partStatusDescription>
    <partDescription>Predator Pro™ Mufflers - Polished</partDescription>
    <unitOfMeasure>Pair</unitOfMeasure>
    <brandName>BRITISH CUSTOMS</brandName>
    <supplierNumber>BC902-103-P</supplierNumber>
    <specialInstructions/>
    <baseDealerPrice>483.00</baseDealerPrice>
    <yourDealerPrice>483.00</yourDealerPrice>
    <baseRetailPrice>689.95</baseRetailPrice>
    <originalRetailPrice>729.95</originalRetailPrice>
    <partImage>http://asset.lemansnet.com/z/LzYvNi8wLzY2MDZCRjhFLUI3NTMtNDZBMi1CQzBCLUY0RDg1RUVBOEI1Ng==</partImage>
    <productId>1862994945</productId>
    <productName>Predator Pro™ Slip-On Mufflers</productName>
    <productImage>http://asset.lemansnet.com/z/LzgvOC80Lzg4NDEzMEU4LTcxRDktNEZCQS1BMzgyLUE2MEZBOEM0RDU0QQ==</productImage>
    <bullet1>These high-performance mufflers feature a maintenance free louvered baffle system and are mounted with rubber bushings that isolate engine vibration and significantly reduces bracket fatigue</bullet1>
    <bullet2>Installation is quick and easy for a bolt-on factory fit and finish</bullet2>
    <bullet3>Each system is handcrafted and TIG welded for the specific application</bullet3>
    <bullet4>Free flowing exhaust to increase horsepower</bullet4>
    <bullet5>Fabricated using 100% 304 Stainless Steel</bullet5>
    <bullet6>Classic Triumph exhaust tone</bullet6>
    <bullet7>Made in the USA</bullet7>
    <bullet8/>
    <bullet9/>
    <bullet10/>
    <bullet11/>
    <bullet12/>
    <bullet13/>
    <bullet14/>
    <bullet15/>
    <bullet16/>
    <bullet17/>
    <bullet18/>
    <bullet19/>
    <bullet20/>
    <bullet21/>
    <bullet22/>
    <bullet23/>
    <bullet24/>
    <vendorPriceUpdateDate>2023-04-22 00:00:00</vendorPriceUpdateDate>
  </part>
  <part>
    <partNumber>18120331</partNumber>
    <punctuatedPartNumber>1812-0331</punctuatedPartNumber>
    <partStatusDescription>STANDARD</partStatusDescription>
    <partDescription>Competition Header</partDescription>
    <unitOfMeasure>Each</unitOfMeasure>
    <brandName>BRITISH CUSTOMS</brandName>
    <supplierNumber>BC901-100-BR</supplierNumber>
    <specialInstructions/>
    <baseDealerPrice>181.10</baseDealerPrice>
    <yourDealerPrice>181.10</yourDealerPrice>
    <baseRetailPrice>258.95</baseRetailPrice>
    <originalRetailPrice>258.95</originalRetailPrice>
    <partImage>http://asset.lemansnet.com/z/L0EvNC80L0E0NDFCNjdCLTFFMzUtNDM1OS1CMkYwLTdCQ0NBRUU3MDEyQw==</partImage>
    <productId>2047059895</productId>
    <productName>Competition Header</productName>
    <productImage>http://asset.lemansnet.com/z/L0EvNC80L0E0NDFCNjdCLTFFMzUtNDM1OS1CMkYwLTdCQ0NBRUU3MDEyQw==</productImage>
    <bullet1>Made from 100% 304 Stainless Steel</bullet1>
    <bullet2>1.9 lbs (3.8 lb savings over stock CAT for X-Pipe)</bullet2>
    <bullet3>Uses stock locating pin and left side frame bolt for factory fit</bullet3>
    <bullet4>Handmade in the USA</bullet4>
    <bullet5>Offers more growl and power while reducing heat and weight</bullet5>
    <bullet6>Combine with a Power Commander V for additional tuning capability</bullet6>
    <bullet7/>
    <bullet8/>
    <bullet9/>
    <bullet10/>
    <bullet11/>
    <bullet12/>
    <bullet13/>
    <bullet14/>
    <bullet15/>
    <bullet16/>
    <bullet17/>
    <bullet18/>
    <bullet19/>
    <bullet20/>
    <bullet21/>
    <bullet22/>
    <bullet23/>
    <bullet24/>
    <vendorPriceUpdateDate>2023-03-17 00:00:00</vendorPriceUpdateDate>
  </part>
  <part>
    <partNumber>18113319</partNumber>
    <punctuatedPartNumber>1811-3319</punctuatedPartNumber>
    <partStatusDescription>STANDARD</partStatusDescription>
    <partDescription>Predator Pro™ Mufflers - Polished</partDescription>
    <unitOfMeasure>Each</unitOfMeasure>
    <brandName>BRITISH CUSTOMS</brandName>
    <supplierNumber>BC902-104-P</supplierNumber>
    <specialInstructions/>
    <baseDealerPrice>511.00</baseDealerPrice>
    <yourDealerPrice>511.00</yourDealerPrice>
    <baseRetailPrice>729.95</baseRetailPrice>
    <originalRetailPrice>729.95</originalRetailPrice>
    <partImage>http://asset.lemansnet.com/z/L0IvMy8xL0IzMUNBOTQzLUQ3MDUtNEZGRC05NzNFLUU1RDYxODMzNjUyQg==</partImage>
    <productId>1862994945</productId>
    <productName>Predator Pro™ Slip-On Mufflers</productName>
    <productImage>http://asset.lemansnet.com/z/LzgvOC80Lzg4NDEzMEU4LTcxRDktNEZCQS1BMzgyLUE2MEZBOEM0RDU0QQ==</productImage>
    <bullet1>These high-performance mufflers feature a maintenance free louvered baffle system and are mounted with rubber bushings that isolate engine vibration and significantly reduces bracket fatigue</bullet1>
    <bullet2>Installation is quick and easy for a bolt-on factory fit and finish</bullet2>
    <bullet3>Each system is handcrafted and TIG welded for the specific application</bullet3>
    <bullet4>Free flowing exhaust to increase horsepower</bullet4>
    <bullet5>Fabricated using 100% 304 Stainless Steel</bullet5>
    <bullet6>Classic Triumph exhaust tone</bullet6>
    <bullet7>Made in the USA</bullet7>
    <bullet8/>
    <bullet9/>
    <bullet10/>
    <bullet11/>
    <bullet12/>
    <bullet13/>
    <bullet14/>
    <bullet15/>
    <bullet16/>
    <bullet17/>
    <bullet18/>
    <bullet19/>
    <bullet20/>
    <bullet21/>
    <bullet22/>
    <bullet23/>
    <bullet24/>
    <vendorPriceUpdateDate>2023-04-22 00:00:00</vendorPriceUpdateDate>
  </part>
  <part>
    <partNumber>18113320</partNumber>
    <punctuatedPartNumber>1811-3320</punctuatedPartNumber>
    <partStatusDescription>STANDARD</partStatusDescription>
    <partDescription>Predator Pro™ Mufflers - Polished</partDescription>
    <unitOfMeasure>Pair</unitOfMeasure>
    <brandName>BRITISH CUSTOMS</brandName>
    <supplierNumber>BC902-105-P</supplierNumber>
    <specialInstructions>Discontinued Per Buyer</specialInstructions>
    <baseDealerPrice>483.00</baseDealerPrice>
    <yourDealerPrice>483.00</yourDealerPrice>
    <baseRetailPrice>689.95</baseRetailPrice>
    <originalRetailPrice>729.95</originalRetailPrice>
    <partImage>http://asset.lemansnet.com/z/LzEvQy80LzFDNEQ3QTA2LUYwMUEtNDYyNy04QUQ5LUYwNTJGNTQzRUMzMywvNS9FLzIvNUUyM0FGMTAtRjE0Mi00QTJCLTkyREMtODc0NjBFN0JGNTcyLC8wL0UvMC8wRTA4RDJCNi0xQjQ5LTREMUMtODQ3Mi01MTM1NkM3MzE5MEM=</partImage>
    <productId>1862994945</productId>
    <productName>Predator Pro™ Slip-On Mufflers</productName>
    <productImage>http://asset.lemansnet.com/z/LzgvOC80Lzg4NDEzMEU4LTcxRDktNEZCQS1BMzgyLUE2MEZBOEM0RDU0QQ==</productImage>
    <bullet1>These high-performance mufflers feature a maintenance free louvered baffle system and are mounted with rubber bushings that isolate engine vibration and significantly reduces bracket fatigue</bullet1>
    <bullet2>Installation is quick and easy for a bolt-on factory fit and finish</bullet2>
    <bullet3>Each system is handcrafted and TIG welded for the specific application</bullet3>
    <bullet4>Free flowing exhaust to increase horsepower</bullet4>
    <bullet5>Fabricated using 100% 304 Stainless Steel</bullet5>
    <bullet6>Classic Triumph exhaust tone</bullet6>
    <bullet7>Made in the USA</bullet7>
    <bullet8/>
    <bullet9/>
    <bullet10/>
    <bullet11/>
    <bullet12/>
    <bullet13/>
    <bullet14/>
    <bullet15/>
    <bullet16/>
    <bullet17/>
    <bullet18/>
    <bullet19/>
    <bullet20/>
    <bullet21/>
    <bullet22/>
    <bullet23/>
    <bullet24/>
    <vendorPriceUpdateDate>2023-04-22 00:00:00</vendorPriceUpdateDate>
  </part>
</root>
