<root>
  <part>
    <partNumber>37030015</partNumber>
    <punctuatedPartNumber>3703-0015</punctuatedPartNumber>
    <partStatusDescription>STANDARD</partStatusDescription>
    <partDescription>React SRF Brake Fluid - 1L</partDescription>
    <unitOfMeasure>Each</unitOfMeasure>
    <brandName>CASTROL</brandName>
    <supplierNumber>15B8E8</supplierNumber>
    <specialInstructions/>
    <baseDealerPrice>60.40</baseDealerPrice>
    <yourDealerPrice>60.40</yourDealerPrice>
    <baseRetailPrice>92.92</baseRetailPrice>
    <originalRetailPrice>1084.95</originalRetailPrice>
    <partImage>http://asset.lemansnet.com/z/LzMvQy84LzNDOEEwOTQ1LTJGNUEtNENGOC1BNUQ4LTk3REJFNzM4RUJGOQ==</partImage>
    <productId>1194214214</productId>
    <productName>React SRF Brake Fluid</productName>
    <productImage>http://asset.lemansnet.com/z/LzMvQy84LzNDOEEwOTQ1LTJGNUEtNENGOC1BNUQ4LTk3REJFNzM4RUJGOQ==</productImage>
    <bullet1>Ultra high performance</bullet1>
    <bullet2>Specifically formulated to satisfy the increasing stress of racing</bullet2>
    <bullet3>Unique silicon ester technology absorbs less water than conventional glycol ether fluids and prevents the fluid's high-temperature performance from deteriorating</bullet3>
    <bullet4>Able to withstand temperatures in excess of 300°C</bullet4>
    <bullet5>Available in 1L bottles, case of 12</bullet5>
    <bullet6/>
    <bullet7/>
    <bullet8/>
    <bullet9/>
    <bullet10/>
    <bullet11/>
    <bullet12/>
    <bullet13/>
    <bullet14/>
    <bullet15/>
    <bullet16/>
    <bullet17/>
    <bullet18/>
    <bullet19/>
    <bullet20/>
    <bullet21/>
    <bullet22/>
    <bullet23/>
    <bullet24/>
    <vendorPriceUpdateDate>2023-04-06 00:00:00</vendorPriceUpdateDate>
  </part>
  <part>
    <partNumber>36010363</partNumber>
    <punctuatedPartNumber>3601-0363</punctuatedPartNumber>
    <partStatusDescription>STANDARD</partStatusDescription>
    <partDescription>Power 1® Synthetic Engine Oil - V-Twin - 20W-50 - 1 US quart</partDescription>
    <unitOfMeasure>Each</unitOfMeasure>
    <brandName>CASTROL</brandName>
    <supplierNumber>15D28D</supplierNumber>
    <specialInstructions/>
    <baseDealerPrice>11.42</baseDealerPrice>
    <yourDealerPrice>11.42</yourDealerPrice>
    <baseRetailPrice>17.56</baseRetailPrice>
    <originalRetailPrice>17.95</originalRetailPrice>
    <partImage>http://asset.lemansnet.com/z/LzkvRi9FLzlGRTQ0NDIwLUQ5NkEtNEQyQS1CQ0U1LUZENkNFMTlBRjc3Nw==</partImage>
    <productId>2029017088</productId>
    <productName>Power 1® Synthetic Engine Oil</productName>
    <productImage>http://asset.lemansnet.com/z/L0YvRC84L0ZEODZDQjJDLUVBN0UtNDczOS04Mjk2LTMzQkNDQzRGRDFFMw==</productImage>
    <bullet1>Full Synthetic</bullet1>
    <bullet2>Extreme high temperature air-cooled performance and water-cooled engine performance</bullet2>
    <bullet3>Excellent shear stability to prevent viscosity breakdown</bullet3>
    <bullet4>Superior high speed engine protection to help extend engine life</bullet4>
    <bullet5>Outstanding oil consumption and control, gear shift quality and wet clutch performance</bullet5>
    <bullet6>55-gallon drums are sold to dealers only.</bullet6>
    <bullet7/>
    <bullet8/>
    <bullet9/>
    <bullet10/>
    <bullet11/>
    <bullet12/>
    <bullet13/>
    <bullet14/>
    <bullet15/>
    <bullet16/>
    <bullet17/>
    <bullet18/>
    <bullet19/>
    <bullet20/>
    <bullet21/>
    <bullet22/>
    <bullet23/>
    <bullet24/>
    <vendorPriceUpdateDate>2023-04-06 00:00:00</vendorPriceUpdateDate>
  </part>
  <part>
    <partNumber>36010369</partNumber>
    <punctuatedPartNumber>3601-0369</punctuatedPartNumber>
    <partStatusDescription>STANDARD</partStatusDescription>
    <partDescription>Act Evo® Semi-Synthetic 4T Engine Oil - 10W-40 - 1 U.S. quart</partDescription>
    <unitOfMeasure>Each</unitOfMeasure>
    <brandName>CASTROL</brandName>
    <supplierNumber>15D7D2</supplierNumber>
    <specialInstructions/>
    <baseDealerPrice>7.74</baseDealerPrice>
    <yourDealerPrice>7.74</yourDealerPrice>
    <baseRetailPrice>11.91</baseRetailPrice>
    <originalRetailPrice>12.95</originalRetailPrice>
    <partImage>http://asset.lemansnet.com/z/L0IvMi84L0IyODhBNEYzLTJBNjctNDA4MC04Mjc5LUFDMEM1NzQ2RUZCRA==</partImage>
    <productId>1108811566</productId>
    <productName>Act Evo® Semi-Synthetic 4T Engine Oil</productName>
    <productImage>http://asset.lemansnet.com/z/LzkvRC85LzlEOTU5MDBCLTUyRDAtNDQ1MS04NDFFLUIzQkU4OERCOTExOQ==</productImage>
    <bullet1>Partially-synthetic 4-stroke oil features advanced semi-synthetic protection for reduced temperatures, better shifting and added protection</bullet1>
    <bullet2>TriZone Technology™ allows the use of one oil to protect the engine, clutch and gearbox</bullet2>
    <bullet3>Greatly extends time between oil changes and remains active even when the engine is turned off</bullet3>
    <bullet4/>
    <bullet5/>
    <bullet6/>
    <bullet7/>
    <bullet8/>
    <bullet9/>
    <bullet10/>
    <bullet11/>
    <bullet12/>
    <bullet13/>
    <bullet14/>
    <bullet15/>
    <bullet16/>
    <bullet17/>
    <bullet18/>
    <bullet19/>
    <bullet20/>
    <bullet21/>
    <bullet22/>
    <bullet23/>
    <bullet24/>
    <vendorPriceUpdateDate>2023-04-06 00:00:00</vendorPriceUpdateDate>
  </part>
  <part>
    <partNumber>36010370</partNumber>
    <punctuatedPartNumber>3601-0370</punctuatedPartNumber>
    <partStatusDescription>STANDARD</partStatusDescription>
    <partDescription>Act Evo® Semi-Synthetic 4T Engine Oil - 10W-40 - 1 U.S. gal.</partDescription>
    <unitOfMeasure>Each</unitOfMeasure>
    <brandName>CASTROL</brandName>
    <supplierNumber>15D7D4</supplierNumber>
    <specialInstructions/>
    <baseDealerPrice>30.03</baseDealerPrice>
    <yourDealerPrice>30.03</yourDealerPrice>
    <baseRetailPrice>46.20</baseRetailPrice>
    <originalRetailPrice>47.95</originalRetailPrice>
    <partImage>http://asset.lemansnet.com/z/LzcvMi8yLzcyMjQyQTA4LTRFQzYtNDcyRC04QUNFLUI3OTk5NDE0Mzg5MA==</partImage>
    <productId>1108811566</productId>
    <productName>Act Evo® Semi-Synthetic 4T Engine Oil</productName>
    <productImage>http://asset.lemansnet.com/z/LzkvRC85LzlEOTU5MDBCLTUyRDAtNDQ1MS04NDFFLUIzQkU4OERCOTExOQ==</productImage>
    <bullet1>Partially-synthetic 4-stroke oil features advanced semi-synthetic protection for reduced temperatures, better shifting and added protection</bullet1>
    <bullet2>TriZone Technology™ allows the use of one oil to protect the engine, clutch and gearbox</bullet2>
    <bullet3>Greatly extends time between oil changes and remains active even when the engine is turned off</bullet3>
    <bullet4/>
    <bullet5/>
    <bullet6/>
    <bullet7/>
    <bullet8/>
    <bullet9/>
    <bullet10/>
    <bullet11/>
    <bullet12/>
    <bullet13/>
    <bullet14/>
    <bullet15/>
    <bullet16/>
    <bullet17/>
    <bullet18/>
    <bullet19/>
    <bullet20/>
    <bullet21/>
    <bullet22/>
    <bullet23/>
    <bullet24/>
    <vendorPriceUpdateDate>2023-04-06 00:00:00</vendorPriceUpdateDate>
  </part>
  <part>
    <partNumber>36010371</partNumber>
    <punctuatedPartNumber>3601-0371</punctuatedPartNumber>
    <partStatusDescription>STANDARD</partStatusDescription>
    <partDescription>Act Evo® Semi-Synthetic 4T Engine Oil - 10W-40 - 55 U.S. gal - Drum</partDescription>
    <unitOfMeasure>Each</unitOfMeasure>
    <brandName>CASTROL</brandName>
    <supplierNumber>15D7D3</supplierNumber>
    <specialInstructions>TRUCK PPD/ORD TO SUPT DSK02PJS</specialInstructions>
    <baseDealerPrice>1384.31</baseDealerPrice>
    <yourDealerPrice>1384.31</yourDealerPrice>
    <baseRetailPrice>0.00</baseRetailPrice>
    <originalRetailPrice>0.00</originalRetailPrice>
    <partImage>http://asset.lemansnet.com/z/LzEvOS80LzE5NDdFQTFFLTU1Q0QtNDA3NC05RTAxLTU5NjE4MjBEQURGMA==</partImage>
    <productId>1108811566</productId>
    <productName>Act Evo® Semi-Synthetic 4T Engine Oil</productName>
    <productImage>http://asset.lemansnet.com/z/LzkvRC85LzlEOTU5MDBCLTUyRDAtNDQ1MS04NDFFLUIzQkU4OERCOTExOQ==</productImage>
    <bullet1>Partially-synthetic 4-stroke oil features advanced semi-synthetic protection for reduced temperatures, better shifting and added protection</bullet1>
    <bullet2>TriZone Technology™ allows the use of one oil to protect the engine, clutch and gearbox</bullet2>
    <bullet3>Greatly extends time between oil changes and remains active even when the engine is turned off</bullet3>
    <bullet4/>
    <bullet5/>
    <bullet6/>
    <bullet7/>
    <bullet8/>
    <bullet9/>
    <bullet10/>
    <bullet11/>
    <bullet12/>
    <bullet13/>
    <bullet14/>
    <bullet15/>
    <bullet16/>
    <bullet17/>
    <bullet18/>
    <bullet19/>
    <bullet20/>
    <bullet21/>
    <bullet22/>
    <bullet23/>
    <bullet24/>
    <vendorPriceUpdateDate>2022-09-07 00:00:00</vendorPriceUpdateDate>
  </part>
  <part>
    <partNumber>36010372</partNumber>
    <punctuatedPartNumber>3601-0372</punctuatedPartNumber>
    <partStatusDescription>STANDARD</partStatusDescription>
    <partDescription>Act Evo® Semi-Synthetic 4T Engine Oil - 20W-50 - 1 U.S. quart</partDescription>
    <unitOfMeasure>Each</unitOfMeasure>
    <brandName>CASTROL</brandName>
    <supplierNumber>15D7CF</supplierNumber>
    <specialInstructions/>
    <baseDealerPrice>7.74</baseDealerPrice>
    <yourDealerPrice>7.74</yourDealerPrice>
    <baseRetailPrice>11.91</baseRetailPrice>
    <originalRetailPrice>12.95</originalRetailPrice>
    <partImage>http://asset.lemansnet.com/z/LzEvQi83LzFCN0YzRTk4LTY4QTMtNDgyNy04QUVGLTVBODgxRkU1Q0Q5NQ==</partImage>
    <productId>1108811566</productId>
    <productName>Act Evo® Semi-Synthetic 4T Engine Oil</productName>
    <productImage>http://asset.lemansnet.com/z/LzkvRC85LzlEOTU5MDBCLTUyRDAtNDQ1MS04NDFFLUIzQkU4OERCOTExOQ==</productImage>
    <bullet1>Partially-synthetic 4-stroke oil features advanced semi-synthetic protection for reduced temperatures, better shifting and added protection</bullet1>
    <bullet2>TriZone Technology™ allows the use of one oil to protect the engine, clutch and gearbox</bullet2>
    <bullet3>Greatly extends time between oil changes and remains active even when the engine is turned off</bullet3>
    <bullet4/>
    <bullet5/>
    <bullet6/>
    <bullet7/>
    <bullet8/>
    <bullet9/>
    <bullet10/>
    <bullet11/>
    <bullet12/>
    <bullet13/>
    <bullet14/>
    <bullet15/>
    <bullet16/>
    <bullet17/>
    <bullet18/>
    <bullet19/>
    <bullet20/>
    <bullet21/>
    <bullet22/>
    <bullet23/>
    <bullet24/>
    <vendorPriceUpdateDate>2023-04-06 00:00:00</vendorPriceUpdateDate>
  </part>
  <part>
    <partNumber>36010373</partNumber>
    <punctuatedPartNumber>3601-0373</punctuatedPartNumber>
    <partStatusDescription>STANDARD</partStatusDescription>
    <partDescription>Act Evo® Semi-Synthetic 4T Engine Oil - 20W-50 - 1 U.S. gal.</partDescription>
    <unitOfMeasure>Each</unitOfMeasure>
    <brandName>CASTROL</brandName>
    <supplierNumber>15D7D1</supplierNumber>
    <specialInstructions/>
    <baseDealerPrice>30.03</baseDealerPrice>
    <yourDealerPrice>30.03</yourDealerPrice>
    <baseRetailPrice>46.20</baseRetailPrice>
    <originalRetailPrice>47.95</originalRetailPrice>
    <partImage>http://asset.lemansnet.com/z/L0MvMy8zL0MzMzk0Q0ZDLTUxMzctNEFERS04QkU5LTFGMEREQjFGNjkwOA==</partImage>
    <productId>1108811566</productId>
    <productName>Act Evo® Semi-Synthetic 4T Engine Oil</productName>
    <productImage>http://asset.lemansnet.com/z/LzkvRC85LzlEOTU5MDBCLTUyRDAtNDQ1MS04NDFFLUIzQkU4OERCOTExOQ==</productImage>
    <bullet1>Partially-synthetic 4-stroke oil features advanced semi-synthetic protection for reduced temperatures, better shifting and added protection</bullet1>
    <bullet2>TriZone Technology™ allows the use of one oil to protect the engine, clutch and gearbox</bullet2>
    <bullet3>Greatly extends time between oil changes and remains active even when the engine is turned off</bullet3>
    <bullet4/>
    <bullet5/>
    <bullet6/>
    <bullet7/>
    <bullet8/>
    <bullet9/>
    <bullet10/>
    <bullet11/>
    <bullet12/>
    <bullet13/>
    <bullet14/>
    <bullet15/>
    <bullet16/>
    <bullet17/>
    <bullet18/>
    <bullet19/>
    <bullet20/>
    <bullet21/>
    <bullet22/>
    <bullet23/>
    <bullet24/>
    <vendorPriceUpdateDate>2023-04-06 00:00:00</vendorPriceUpdateDate>
  </part>
  <part>
    <partNumber>36010374</partNumber>
    <punctuatedPartNumber>3601-0374</punctuatedPartNumber>
    <partStatusDescription>STANDARD</partStatusDescription>
    <partDescription>Power 1® Synthetic Engine Oil - 5W-40 - 1 US quart</partDescription>
    <unitOfMeasure>Each</unitOfMeasure>
    <brandName>CASTROL</brandName>
    <supplierNumber>15D29D</supplierNumber>
    <specialInstructions/>
    <baseDealerPrice>11.42</baseDealerPrice>
    <yourDealerPrice>11.42</yourDealerPrice>
    <baseRetailPrice>17.56</baseRetailPrice>
    <originalRetailPrice>17.95</originalRetailPrice>
    <partImage>http://asset.lemansnet.com/z/L0YvRC84L0ZEODZDQjJDLUVBN0UtNDczOS04Mjk2LTMzQkNDQzRGRDFFMw==</partImage>
    <productId>2029017088</productId>
    <productName>Power 1® Synthetic Engine Oil</productName>
    <productImage>http://asset.lemansnet.com/z/L0YvRC84L0ZEODZDQjJDLUVBN0UtNDczOS04Mjk2LTMzQkNDQzRGRDFFMw==</productImage>
    <bullet1>Full Synthetic</bullet1>
    <bullet2>Extreme high temperature air-cooled performance and water-cooled engine performance</bullet2>
    <bullet3>Excellent shear stability to prevent viscosity breakdown</bullet3>
    <bullet4>Superior high speed engine protection to help extend engine life</bullet4>
    <bullet5>Outstanding oil consumption and control, gear shift quality and wet clutch performance</bullet5>
    <bullet6>55-gallon drums are sold to dealers only.</bullet6>
    <bullet7/>
    <bullet8/>
    <bullet9/>
    <bullet10/>
    <bullet11/>
    <bullet12/>
    <bullet13/>
    <bullet14/>
    <bullet15/>
    <bullet16/>
    <bullet17/>
    <bullet18/>
    <bullet19/>
    <bullet20/>
    <bullet21/>
    <bullet22/>
    <bullet23/>
    <bullet24/>
    <vendorPriceUpdateDate>2023-04-06 00:00:00</vendorPriceUpdateDate>
  </part>
  <part>
    <partNumber>36010375</partNumber>
    <punctuatedPartNumber>3601-0375</punctuatedPartNumber>
    <partStatusDescription>STANDARD</partStatusDescription>
    <partDescription>Power 1® Synthetic Engine Oil - 10W-50 - 1 US quart</partDescription>
    <unitOfMeasure>Each</unitOfMeasure>
    <brandName>CASTROL</brandName>
    <supplierNumber>15D2C1</supplierNumber>
    <specialInstructions/>
    <baseDealerPrice>11.42</baseDealerPrice>
    <yourDealerPrice>11.42</yourDealerPrice>
    <baseRetailPrice>17.56</baseRetailPrice>
    <originalRetailPrice>17.95</originalRetailPrice>
    <partImage>http://asset.lemansnet.com/z/LzQvMi9DLzQyQ0M3RUQ4LUNGMDgtNEQyOC05OEI4LTA3NUU3NDg2OUY2NA==</partImage>
    <productId>2029017088</productId>
    <productName>Power 1® Synthetic Engine Oil</productName>
    <productImage>http://asset.lemansnet.com/z/L0YvRC84L0ZEODZDQjJDLUVBN0UtNDczOS04Mjk2LTMzQkNDQzRGRDFFMw==</productImage>
    <bullet1>Full Synthetic</bullet1>
    <bullet2>Extreme high temperature air-cooled performance and water-cooled engine performance</bullet2>
    <bullet3>Excellent shear stability to prevent viscosity breakdown</bullet3>
    <bullet4>Superior high speed engine protection to help extend engine life</bullet4>
    <bullet5>Outstanding oil consumption and control, gear shift quality and wet clutch performance</bullet5>
    <bullet6>55-gallon drums are sold to dealers only.</bullet6>
    <bullet7/>
    <bullet8/>
    <bullet9/>
    <bullet10/>
    <bullet11/>
    <bullet12/>
    <bullet13/>
    <bullet14/>
    <bullet15/>
    <bullet16/>
    <bullet17/>
    <bullet18/>
    <bullet19/>
    <bullet20/>
    <bullet21/>
    <bullet22/>
    <bullet23/>
    <bullet24/>
    <vendorPriceUpdateDate>2023-04-06 00:00:00</vendorPriceUpdateDate>
  </part>
  <part>
    <partNumber>36010376</partNumber>
    <punctuatedPartNumber>3601-0376</punctuatedPartNumber>
    <partStatusDescription>STANDARD</partStatusDescription>
    <partDescription>Power 1® Synthetic Engine Oil - 10W-50 - 55 US gal. - Drum</partDescription>
    <unitOfMeasure>Each</unitOfMeasure>
    <brandName>CASTROL</brandName>
    <supplierNumber>159DC4</supplierNumber>
    <specialInstructions>TRUCK PPD/ORD TO SUPT DSK02PJS</specialInstructions>
    <baseDealerPrice>1997.77</baseDealerPrice>
    <yourDealerPrice>1997.77</yourDealerPrice>
    <baseRetailPrice>0.00</baseRetailPrice>
    <originalRetailPrice>0.00</originalRetailPrice>
    <partImage>http://asset.lemansnet.com/z/LzYvQy80LzZDNDAwMkNFLTE4NTMtNDgxMC1BQTI1LUY0ODJGRjc0RDUwQw==</partImage>
    <productId>2029017088</productId>
    <productName>Power 1® Synthetic Engine Oil</productName>
    <productImage>http://asset.lemansnet.com/z/L0YvRC84L0ZEODZDQjJDLUVBN0UtNDczOS04Mjk2LTMzQkNDQzRGRDFFMw==</productImage>
    <bullet1>Full Synthetic</bullet1>
    <bullet2>Extreme high temperature air-cooled performance and water-cooled engine performance</bullet2>
    <bullet3>Excellent shear stability to prevent viscosity breakdown</bullet3>
    <bullet4>Superior high speed engine protection to help extend engine life</bullet4>
    <bullet5>Outstanding oil consumption and control, gear shift quality and wet clutch performance</bullet5>
    <bullet6>55-gallon drums are sold to dealers only.</bullet6>
    <bullet7/>
    <bullet8/>
    <bullet9/>
    <bullet10/>
    <bullet11/>
    <bullet12/>
    <bullet13/>
    <bullet14/>
    <bullet15/>
    <bullet16/>
    <bullet17/>
    <bullet18/>
    <bullet19/>
    <bullet20/>
    <bullet21/>
    <bullet22/>
    <bullet23/>
    <bullet24/>
    <vendorPriceUpdateDate>2022-09-07 00:00:00</vendorPriceUpdateDate>
  </part>
  <part>
    <partNumber>36010642</partNumber>
    <punctuatedPartNumber>3601-0642</punctuatedPartNumber>
    <partStatusDescription>STANDARD</partStatusDescription>
    <partDescription>Power 1® Synthetic Engine Oil - 10W-40 - 1 US quart</partDescription>
    <unitOfMeasure>Each</unitOfMeasure>
    <brandName>CASTROL</brandName>
    <supplierNumber>15D1C9</supplierNumber>
    <specialInstructions/>
    <baseDealerPrice>11.42</baseDealerPrice>
    <yourDealerPrice>11.42</yourDealerPrice>
    <baseRetailPrice>17.56</baseRetailPrice>
    <originalRetailPrice>17.95</originalRetailPrice>
    <partImage>http://asset.lemansnet.com/z/LzEvNi9CLzE2QjNEREI3LTEwQ0ItNDBDNi04NEUwLTZCNDFEODQ1RDUxOQ==</partImage>
    <productId>2029017088</productId>
    <productName>Power 1® Synthetic Engine Oil</productName>
    <productImage>http://asset.lemansnet.com/z/L0YvRC84L0ZEODZDQjJDLUVBN0UtNDczOS04Mjk2LTMzQkNDQzRGRDFFMw==</productImage>
    <bullet1>Full Synthetic</bullet1>
    <bullet2>Extreme high temperature air-cooled performance and water-cooled engine performance</bullet2>
    <bullet3>Excellent shear stability to prevent viscosity breakdown</bullet3>
    <bullet4>Superior high speed engine protection to help extend engine life</bullet4>
    <bullet5>Outstanding oil consumption and control, gear shift quality and wet clutch performance</bullet5>
    <bullet6>55-gallon drums are sold to dealers only.</bullet6>
    <bullet7/>
    <bullet8/>
    <bullet9/>
    <bullet10/>
    <bullet11/>
    <bullet12/>
    <bullet13/>
    <bullet14/>
    <bullet15/>
    <bullet16/>
    <bullet17/>
    <bullet18/>
    <bullet19/>
    <bullet20/>
    <bullet21/>
    <bullet22/>
    <bullet23/>
    <bullet24/>
    <vendorPriceUpdateDate>2023-04-06 00:00:00</vendorPriceUpdateDate>
  </part>
</root>
