<root>
  <part>
    <partNumber>DS289093</partNumber>
    <punctuatedPartNumber>DS-289093</punctuatedPartNumber>
    <partStatusDescription>STANDARD</partStatusDescription>
    <partDescription>Adjustable Main Jet Set - Bendix/Zenith Carburetors</partDescription>
    <unitOfMeasure>Set</unitOfMeasure>
    <brandName>ZENITH FUEL SYSTEMS</brandName>
    <supplierNumber>C-182-1201</supplierNumber>
    <specialInstructions/>
    <baseDealerPrice>101.90</baseDealerPrice>
    <yourDealerPrice>101.90</yourDealerPrice>
    <baseRetailPrice>144.95</baseRetailPrice>
    <originalRetailPrice>127.95</originalRetailPrice>
    <partImage>http://asset.lemansnet.com/z/LzIvQy9GLzJDRkI3RUZCLUIyRTEtNDJBMy05QjE4LTg3MzRDNTdGRkIyRQ==</partImage>
    <productId>0325930975</productId>
    <productName>Adjustable Main Jet for Bendix or Zenith Carburetors</productName>
    <productImage>http://asset.lemansnet.com/z/LzIvQy9GLzJDRkI3RUZCLUIyRTEtNDJBMy05QjE4LTg3MzRDNTdGRkIyRQ==</productImage>
    <bullet1>Main jet is completely adjustable and eliminates time-consuming jet changes when fine tuning, changing fuels or climates</bullet1>
    <bullet2>Easily installed by drilling and tapping a 9/32"-32 thread in the carburetor body</bullet2>
    <bullet3>Made in the USA</bullet3>
    <bullet4/>
    <bullet5/>
    <bullet6/>
    <bullet7/>
    <bullet8/>
    <bullet9/>
    <bullet10/>
    <bullet11/>
    <bullet12/>
    <bullet13/>
    <bullet14/>
    <bullet15/>
    <bullet16/>
    <bullet17/>
    <bullet18/>
    <bullet19/>
    <bullet20/>
    <bullet21/>
    <bullet22/>
    <bullet23/>
    <bullet24/>
    <vendorPriceUpdateDate>2023-04-22 00:00:00</vendorPriceUpdateDate>
  </part>
  <part>
    <partNumber>DS289084</partNumber>
    <punctuatedPartNumber>DS-289084</punctuatedPartNumber>
    <partStatusDescription>STANDARD</partStatusDescription>
    <partDescription>Carburetor Rebuild Kit - Bendix - '81-'89 Big Twin</partDescription>
    <unitOfMeasure>Kit</unitOfMeasure>
    <brandName>ZENITH FUEL SYSTEMS</brandName>
    <supplierNumber>K2234</supplierNumber>
    <specialInstructions/>
    <baseDealerPrice>54.40</baseDealerPrice>
    <yourDealerPrice>54.40</yourDealerPrice>
    <baseRetailPrice>77.95</baseRetailPrice>
    <originalRetailPrice>72.95</originalRetailPrice>
    <partImage>http://asset.lemansnet.com/z/LzcvMy83LzczNzUyOTdDLUM1MEQtNDlFMy1BN0RELUMyMDlGMjdFQTdDMw==</partImage>
    <productId>0843076890</productId>
    <productName>Genuine Bendix Carb Rebuild Kit</productName>
    <productImage>http://asset.lemansnet.com/z/LzcvMy83LzczNzUyOTdDLUM1MEQtNDlFMy1BN0RELUMyMDlGMjdFQTdDMw==</productImage>
    <bullet1>Rebuild kit includes all necessary gaskets, seals, idle screw and accelerator pump</bullet1>
    <bullet2/>
    <bullet3/>
    <bullet4/>
    <bullet5/>
    <bullet6/>
    <bullet7/>
    <bullet8/>
    <bullet9/>
    <bullet10/>
    <bullet11/>
    <bullet12/>
    <bullet13/>
    <bullet14/>
    <bullet15/>
    <bullet16/>
    <bullet17/>
    <bullet18/>
    <bullet19/>
    <bullet20/>
    <bullet21/>
    <bullet22/>
    <bullet23/>
    <bullet24/>
    <vendorPriceUpdateDate>2023-04-22 00:00:00</vendorPriceUpdateDate>
  </part>
  <part>
    <partNumber>DS289090</partNumber>
    <punctuatedPartNumber>DS-289090</punctuatedPartNumber>
    <partStatusDescription>STANDARD</partStatusDescription>
    <partDescription>Carburetor Rebuild Kit - Bendix - '72-'E76 Sportster</partDescription>
    <unitOfMeasure>Kit</unitOfMeasure>
    <brandName>ZENITH FUEL SYSTEMS</brandName>
    <supplierNumber>K-2177</supplierNumber>
    <specialInstructions/>
    <baseDealerPrice>50.80</baseDealerPrice>
    <yourDealerPrice>50.80</yourDealerPrice>
    <baseRetailPrice>72.95</baseRetailPrice>
    <originalRetailPrice>65.95</originalRetailPrice>
    <partImage>http://asset.lemansnet.com/z/LzkvQi9FLzlCRTkyNTdELUZGNDEtNDY2RC04RURFLUU3MEZFODA1REIzNw==</partImage>
    <productId>0843076890</productId>
    <productName>Genuine Bendix Carb Rebuild Kit</productName>
    <productImage>http://asset.lemansnet.com/z/LzcvMy83LzczNzUyOTdDLUM1MEQtNDlFMy1BN0RELUMyMDlGMjdFQTdDMw==</productImage>
    <bullet1>Rebuild kit includes all necessary gaskets, seals, idle screw and accelerator pump</bullet1>
    <bullet2/>
    <bullet3/>
    <bullet4/>
    <bullet5/>
    <bullet6/>
    <bullet7/>
    <bullet8/>
    <bullet9/>
    <bullet10/>
    <bullet11/>
    <bullet12/>
    <bullet13/>
    <bullet14/>
    <bullet15/>
    <bullet16/>
    <bullet17/>
    <bullet18/>
    <bullet19/>
    <bullet20/>
    <bullet21/>
    <bullet22/>
    <bullet23/>
    <bullet24/>
    <vendorPriceUpdateDate>2022-12-22 00:00:00</vendorPriceUpdateDate>
  </part>
  <part>
    <partNumber>DS289079</partNumber>
    <punctuatedPartNumber>DS-289079</punctuatedPartNumber>
    <partStatusDescription>STANDARD</partStatusDescription>
    <partDescription>Choke Cable Accessory Kit - '84-'89 Big Twin</partDescription>
    <unitOfMeasure>Kit</unitOfMeasure>
    <brandName>ZENITH FUEL SYSTEMS</brandName>
    <supplierNumber>C182-1387</supplierNumber>
    <specialInstructions/>
    <baseDealerPrice>117.50</baseDealerPrice>
    <yourDealerPrice>117.50</yourDealerPrice>
    <baseRetailPrice>169.95</baseRetailPrice>
    <originalRetailPrice>151.95</originalRetailPrice>
    <partImage>http://asset.lemansnet.com/z/L0YvMy82L0YzNkVFN0FBLTE0QUUtNDdFQy05Qjc2LUQ1MzRFOTQ1RjdCRQ==</partImage>
    <productId>0453768122</productId>
    <productName>Choke Cable Accessory Kit</productName>
    <productImage>http://asset.lemansnet.com/z/L0YvMy82L0YzNkVFN0FBLTE0QUUtNDdFQy05Qjc2LUQ1MzRFOTQ1RjdCRQ==</productImage>
    <bullet1>Made in the USA</bullet1>
    <bullet2/>
    <bullet3/>
    <bullet4/>
    <bullet5/>
    <bullet6/>
    <bullet7/>
    <bullet8/>
    <bullet9/>
    <bullet10/>
    <bullet11/>
    <bullet12/>
    <bullet13/>
    <bullet14/>
    <bullet15/>
    <bullet16/>
    <bullet17/>
    <bullet18/>
    <bullet19/>
    <bullet20/>
    <bullet21/>
    <bullet22/>
    <bullet23/>
    <bullet24/>
    <vendorPriceUpdateDate>2023-04-22 00:00:00</vendorPriceUpdateDate>
  </part>
</root>
