<root>
  <part>
    <partNumber>44050212</partNumber>
    <punctuatedPartNumber>4405-0212</punctuatedPartNumber>
    <partStatusDescription>DISCONTINUED</partStatusDescription>
    <partDescription>Soundbar Mount - Honda - Overhead</partDescription>
    <unitOfMeasure>Kit</unitOfMeasure>
    <brandName>VDP</brandName>
    <supplierNumber>792551B</supplierNumber>
    <specialInstructions/>
    <baseDealerPrice>4.80</baseDealerPrice>
    <yourDealerPrice>4.80</yourDealerPrice>
    <baseRetailPrice>0.00</baseRetailPrice>
    <originalRetailPrice>13.95</originalRetailPrice>
    <partImage>http://asset.lemansnet.com/z/L0QvOS9EL0Q5RDlCNkYzLTUyNTItNDQxQS1BMDA4LTY0Q0E3QzBGRkE2Nw==</partImage>
    <productId>2104436803</productId>
    <productName>Mounting Kit for Six-Speaker Sound Bar</productName>
    <productImage>http://asset.lemansnet.com/z/L0UvOS8wL0U5MDRGOUM0LTZGRTgtNEU0OS04MzVELUQ1QTlBRUQ3MzIxQw==</productImage>
    <bullet1>Model specific mounting kit for VDP Six-Speaker Sound Bar</bullet1>
    <bullet2/>
    <bullet3/>
    <bullet4/>
    <bullet5/>
    <bullet6/>
    <bullet7/>
    <bullet8/>
    <bullet9/>
    <bullet10/>
    <bullet11/>
    <bullet12/>
    <bullet13/>
    <bullet14/>
    <bullet15/>
    <bullet16/>
    <bullet17/>
    <bullet18/>
    <bullet19/>
    <bullet20/>
    <bullet21/>
    <bullet22/>
    <bullet23/>
    <bullet24/>
    <vendorPriceUpdateDate>2009-12-29 00:00:00</vendorPriceUpdateDate>
  </part>
</root>
