<root>
  <part>
    <partNumber>99010325</partNumber>
    <punctuatedPartNumber>9901-0325</punctuatedPartNumber>
    <partStatusDescription>NEW</partStatusDescription>
    <partDescription>Arctiva Promo Hoodie - Gray - Medium</partDescription>
    <unitOfMeasure>Each</unitOfMeasure>
    <brandName>PROFORMANCE SCREEN PRINT</brandName>
    <supplierNumber>99010325</supplierNumber>
    <specialInstructions>PROMO USE ONLY ?02KFV</specialInstructions>
    <baseDealerPrice>21.00</baseDealerPrice>
    <yourDealerPrice>21.00</yourDealerPrice>
    <baseRetailPrice>29.95</baseRetailPrice>
    <originalRetailPrice>40.00</originalRetailPrice>
    <partImage>http://asset.lemansnet.com/z/L0IvMC9DL0IwQ0NBRjUyLTk5ODgtNEE4Mi04RkE0LTc2OUQ3MDI1OEY4RSwvNy83L0UvNzdFNjlBMTItRjkyOS00MDFFLUE0NDItRkE1MUMyRDY4Rjg1</partImage>
    <productId>0529229635</productId>
    <productName>Arctiva Promo Hoodie</productName>
    <productImage>http://asset.lemansnet.com/z/L0IvMC9DL0IwQ0NBRjUyLTk5ODgtNEE4Mi04RkE0LTc2OUQ3MDI1OEY4RSxtZWRpYS8wNjYxYTc3OS1jZTUwLTQ4ODUtYjhiMy1mYzZlYTMwZTBjZTk=</productImage>
    <bullet1>80% Cotton / 20% Polyester Blend with direct screen printed graphics</bullet1>
    <bullet2/>
    <bullet3/>
    <bullet4/>
    <bullet5/>
    <bullet6/>
    <bullet7/>
    <bullet8/>
    <bullet9/>
    <bullet10/>
    <bullet11/>
    <bullet12/>
    <bullet13/>
    <bullet14/>
    <bullet15/>
    <bullet16/>
    <bullet17/>
    <bullet18/>
    <bullet19/>
    <bullet20/>
    <bullet21/>
    <bullet22/>
    <bullet23/>
    <bullet24/>
    <vendorPriceUpdateDate>2005-10-06 00:00:00</vendorPriceUpdateDate>
  </part>
  <part>
    <partNumber>99010326</partNumber>
    <punctuatedPartNumber>9901-0326</punctuatedPartNumber>
    <partStatusDescription>NEW</partStatusDescription>
    <partDescription>Arctiva Promo Hoodie - Gray - Large</partDescription>
    <unitOfMeasure>Each</unitOfMeasure>
    <brandName>PROFORMANCE SCREEN PRINT</brandName>
    <supplierNumber>99010326</supplierNumber>
    <specialInstructions>**PROMO USE ONLY** ?02TAR</specialInstructions>
    <baseDealerPrice>21.00</baseDealerPrice>
    <yourDealerPrice>21.00</yourDealerPrice>
    <baseRetailPrice>29.95</baseRetailPrice>
    <originalRetailPrice>40.00</originalRetailPrice>
    <partImage>http://asset.lemansnet.com/z/L0IvMC9DL0IwQ0NBRjUyLTk5ODgtNEE4Mi04RkE0LTc2OUQ3MDI1OEY4RSwvNy83L0UvNzdFNjlBMTItRjkyOS00MDFFLUE0NDItRkE1MUMyRDY4Rjg1</partImage>
    <productId>0529229635</productId>
    <productName>Arctiva Promo Hoodie</productName>
    <productImage>http://asset.lemansnet.com/z/L0IvMC9DL0IwQ0NBRjUyLTk5ODgtNEE4Mi04RkE0LTc2OUQ3MDI1OEY4RSxtZWRpYS8wNjYxYTc3OS1jZTUwLTQ4ODUtYjhiMy1mYzZlYTMwZTBjZTk=</productImage>
    <bullet1>80% Cotton / 20% Polyester Blend with direct screen printed graphics</bullet1>
    <bullet2/>
    <bullet3/>
    <bullet4/>
    <bullet5/>
    <bullet6/>
    <bullet7/>
    <bullet8/>
    <bullet9/>
    <bullet10/>
    <bullet11/>
    <bullet12/>
    <bullet13/>
    <bullet14/>
    <bullet15/>
    <bullet16/>
    <bullet17/>
    <bullet18/>
    <bullet19/>
    <bullet20/>
    <bullet21/>
    <bullet22/>
    <bullet23/>
    <bullet24/>
    <vendorPriceUpdateDate>2005-10-06 00:00:00</vendorPriceUpdateDate>
  </part>
  <part>
    <partNumber>99010327</partNumber>
    <punctuatedPartNumber>9901-0327</punctuatedPartNumber>
    <partStatusDescription>NEW</partStatusDescription>
    <partDescription>Arctiva Promo Hoodie - Gray - XL</partDescription>
    <unitOfMeasure>Each</unitOfMeasure>
    <brandName>PROFORMANCE SCREEN PRINT</brandName>
    <supplierNumber>99010327</supplierNumber>
    <specialInstructions>PROMO USE ONLY ?02KFV</specialInstructions>
    <baseDealerPrice>21.00</baseDealerPrice>
    <yourDealerPrice>21.00</yourDealerPrice>
    <baseRetailPrice>29.95</baseRetailPrice>
    <originalRetailPrice>40.00</originalRetailPrice>
    <partImage>http://asset.lemansnet.com/z/L0IvMC9DL0IwQ0NBRjUyLTk5ODgtNEE4Mi04RkE0LTc2OUQ3MDI1OEY4RSwvNy83L0UvNzdFNjlBMTItRjkyOS00MDFFLUE0NDItRkE1MUMyRDY4Rjg1</partImage>
    <productId>0529229635</productId>
    <productName>Arctiva Promo Hoodie</productName>
    <productImage>http://asset.lemansnet.com/z/L0IvMC9DL0IwQ0NBRjUyLTk5ODgtNEE4Mi04RkE0LTc2OUQ3MDI1OEY4RSxtZWRpYS8wNjYxYTc3OS1jZTUwLTQ4ODUtYjhiMy1mYzZlYTMwZTBjZTk=</productImage>
    <bullet1>80% Cotton / 20% Polyester Blend with direct screen printed graphics</bullet1>
    <bullet2/>
    <bullet3/>
    <bullet4/>
    <bullet5/>
    <bullet6/>
    <bullet7/>
    <bullet8/>
    <bullet9/>
    <bullet10/>
    <bullet11/>
    <bullet12/>
    <bullet13/>
    <bullet14/>
    <bullet15/>
    <bullet16/>
    <bullet17/>
    <bullet18/>
    <bullet19/>
    <bullet20/>
    <bullet21/>
    <bullet22/>
    <bullet23/>
    <bullet24/>
    <vendorPriceUpdateDate>2005-10-06 00:00:00</vendorPriceUpdateDate>
  </part>
  <part>
    <partNumber>99010328</partNumber>
    <punctuatedPartNumber>9901-0328</punctuatedPartNumber>
    <partStatusDescription>NEW</partStatusDescription>
    <partDescription>Arctiva Promo Hoodie - Gray - 2XL</partDescription>
    <unitOfMeasure>Each</unitOfMeasure>
    <brandName>PROFORMANCE SCREEN PRINT</brandName>
    <supplierNumber>99010328</supplierNumber>
    <specialInstructions>PROMO USE ONLY ?02KFV</specialInstructions>
    <baseDealerPrice>21.00</baseDealerPrice>
    <yourDealerPrice>21.00</yourDealerPrice>
    <baseRetailPrice>29.95</baseRetailPrice>
    <originalRetailPrice>40.00</originalRetailPrice>
    <partImage>http://asset.lemansnet.com/z/L0IvMC9DL0IwQ0NBRjUyLTk5ODgtNEE4Mi04RkE0LTc2OUQ3MDI1OEY4RSwvNy83L0UvNzdFNjlBMTItRjkyOS00MDFFLUE0NDItRkE1MUMyRDY4Rjg1</partImage>
    <productId>0529229635</productId>
    <productName>Arctiva Promo Hoodie</productName>
    <productImage>http://asset.lemansnet.com/z/L0IvMC9DL0IwQ0NBRjUyLTk5ODgtNEE4Mi04RkE0LTc2OUQ3MDI1OEY4RSxtZWRpYS8wNjYxYTc3OS1jZTUwLTQ4ODUtYjhiMy1mYzZlYTMwZTBjZTk=</productImage>
    <bullet1>80% Cotton / 20% Polyester Blend with direct screen printed graphics</bullet1>
    <bullet2/>
    <bullet3/>
    <bullet4/>
    <bullet5/>
    <bullet6/>
    <bullet7/>
    <bullet8/>
    <bullet9/>
    <bullet10/>
    <bullet11/>
    <bullet12/>
    <bullet13/>
    <bullet14/>
    <bullet15/>
    <bullet16/>
    <bullet17/>
    <bullet18/>
    <bullet19/>
    <bullet20/>
    <bullet21/>
    <bullet22/>
    <bullet23/>
    <bullet24/>
    <vendorPriceUpdateDate>2005-10-06 00:00:00</vendorPriceUpdateDate>
  </part>
  <part>
    <partNumber>99010329</partNumber>
    <punctuatedPartNumber>9901-0329</punctuatedPartNumber>
    <partStatusDescription>NEW</partStatusDescription>
    <partDescription>Arctiva Promo Hoodie - Gray - 3XL</partDescription>
    <unitOfMeasure>Each</unitOfMeasure>
    <brandName>PROFORMANCE SCREEN PRINT</brandName>
    <supplierNumber>99010329</supplierNumber>
    <specialInstructions>PROMO USE ONLY ?02KFV</specialInstructions>
    <baseDealerPrice>21.00</baseDealerPrice>
    <yourDealerPrice>21.00</yourDealerPrice>
    <baseRetailPrice>29.95</baseRetailPrice>
    <originalRetailPrice>40.00</originalRetailPrice>
    <partImage>http://asset.lemansnet.com/z/L0IvMC9DL0IwQ0NBRjUyLTk5ODgtNEE4Mi04RkE0LTc2OUQ3MDI1OEY4RSwvNy83L0UvNzdFNjlBMTItRjkyOS00MDFFLUE0NDItRkE1MUMyRDY4Rjg1</partImage>
    <productId>0529229635</productId>
    <productName>Arctiva Promo Hoodie</productName>
    <productImage>http://asset.lemansnet.com/z/L0IvMC9DL0IwQ0NBRjUyLTk5ODgtNEE4Mi04RkE0LTc2OUQ3MDI1OEY4RSxtZWRpYS8wNjYxYTc3OS1jZTUwLTQ4ODUtYjhiMy1mYzZlYTMwZTBjZTk=</productImage>
    <bullet1>80% Cotton / 20% Polyester Blend with direct screen printed graphics</bullet1>
    <bullet2/>
    <bullet3/>
    <bullet4/>
    <bullet5/>
    <bullet6/>
    <bullet7/>
    <bullet8/>
    <bullet9/>
    <bullet10/>
    <bullet11/>
    <bullet12/>
    <bullet13/>
    <bullet14/>
    <bullet15/>
    <bullet16/>
    <bullet17/>
    <bullet18/>
    <bullet19/>
    <bullet20/>
    <bullet21/>
    <bullet22/>
    <bullet23/>
    <bullet24/>
    <vendorPriceUpdateDate>2005-10-06 00:00:00</vendorPriceUpdateDate>
  </part>
</root>
