<root>
  <part>
    <partNumber>03500780</partNumber>
    <punctuatedPartNumber>0350-0780</punctuatedPartNumber>
    <partStatusDescription>STANDARD</partStatusDescription>
    <partDescription>Mousse Tube - Platinum - Standard - 80/100-21 | 90/90-21</partDescription>
    <unitOfMeasure>Each</unitOfMeasure>
    <brandName>NITROMOUSSE</brandName>
    <supplierNumber>NM21-220</supplierNumber>
    <specialInstructions/>
    <baseDealerPrice>107.95</baseDealerPrice>
    <yourDealerPrice>107.95</yourDealerPrice>
    <baseRetailPrice>147.95</baseRetailPrice>
    <originalRetailPrice>139.95</originalRetailPrice>
    <partImage>http://asset.lemansnet.com/z/L0IvMi9BL0IyQTFEQTU5LUZBNzAtNEZERS1BMDUxLTQxQUMxNjlFQTA3Nw==</partImage>
    <productId>1736937065</productId>
    <productName>Platinum Standard Mousse Tube</productName>
    <productImage>http://asset.lemansnet.com/z/L0IvMi9BL0IyQTFEQTU5LUZBNzAtNEZERS1BMDUxLTQxQUMxNjlFQTA3Nw==</productImage>
    <bullet1>Nitro's are high tech foam tubes made from proprietary elastomers that have millions of nitrogen charged micro-cells</bullet1>
    <bullet2>Nitro's are 100% flat proof, high performance foam innertubes that replace traditional pneumatic innertubes</bullet2>
    <bullet3>Platinum standard NitroMousse simulates 10-12 psi</bullet3>
    <bullet4/>
    <bullet5/>
    <bullet6/>
    <bullet7/>
    <bullet8/>
    <bullet9/>
    <bullet10/>
    <bullet11/>
    <bullet12/>
    <bullet13/>
    <bullet14/>
    <bullet15/>
    <bullet16/>
    <bullet17/>
    <bullet18/>
    <bullet19/>
    <bullet20/>
    <bullet21/>
    <bullet22/>
    <bullet23/>
    <bullet24/>
    <vendorPriceUpdateDate>2023-08-17 00:00:00</vendorPriceUpdateDate>
  </part>
  <part>
    <partNumber>03500782</partNumber>
    <punctuatedPartNumber>0350-0782</punctuatedPartNumber>
    <partStatusDescription>STANDARD</partStatusDescription>
    <partDescription>Mousse Tube - Platinum - Standard - 100/90-19</partDescription>
    <unitOfMeasure>Each</unitOfMeasure>
    <brandName>NITROMOUSSE</brandName>
    <supplierNumber>NM19-255</supplierNumber>
    <specialInstructions/>
    <baseDealerPrice>107.95</baseDealerPrice>
    <yourDealerPrice>107.95</yourDealerPrice>
    <baseRetailPrice>147.95</baseRetailPrice>
    <originalRetailPrice>139.95</originalRetailPrice>
    <partImage>http://asset.lemansnet.com/z/L0IvMi9BL0IyQTFEQTU5LUZBNzAtNEZERS1BMDUxLTQxQUMxNjlFQTA3Nw==</partImage>
    <productId>1736937065</productId>
    <productName>Platinum Standard Mousse Tube</productName>
    <productImage>http://asset.lemansnet.com/z/L0IvMi9BL0IyQTFEQTU5LUZBNzAtNEZERS1BMDUxLTQxQUMxNjlFQTA3Nw==</productImage>
    <bullet1>Nitro's are high tech foam tubes made from proprietary elastomers that have millions of nitrogen charged micro-cells</bullet1>
    <bullet2>Nitro's are 100% flat proof, high performance foam innertubes that replace traditional pneumatic innertubes</bullet2>
    <bullet3>Platinum standard NitroMousse simulates 10-12 psi</bullet3>
    <bullet4/>
    <bullet5/>
    <bullet6/>
    <bullet7/>
    <bullet8/>
    <bullet9/>
    <bullet10/>
    <bullet11/>
    <bullet12/>
    <bullet13/>
    <bullet14/>
    <bullet15/>
    <bullet16/>
    <bullet17/>
    <bullet18/>
    <bullet19/>
    <bullet20/>
    <bullet21/>
    <bullet22/>
    <bullet23/>
    <bullet24/>
    <vendorPriceUpdateDate>2023-08-17 00:00:00</vendorPriceUpdateDate>
  </part>
  <part>
    <partNumber>03500783</partNumber>
    <punctuatedPartNumber>0350-0783</punctuatedPartNumber>
    <partStatusDescription>STANDARD</partStatusDescription>
    <partDescription>Mousse Tube - Platinum - Standard - 110/90-19 | 120/80-19</partDescription>
    <unitOfMeasure>Each</unitOfMeasure>
    <brandName>NITROMOUSSE</brandName>
    <supplierNumber>NM19-280</supplierNumber>
    <specialInstructions/>
    <baseDealerPrice>107.95</baseDealerPrice>
    <yourDealerPrice>107.95</yourDealerPrice>
    <baseRetailPrice>147.95</baseRetailPrice>
    <originalRetailPrice>139.95</originalRetailPrice>
    <partImage>http://asset.lemansnet.com/z/L0IvMi9BL0IyQTFEQTU5LUZBNzAtNEZERS1BMDUxLTQxQUMxNjlFQTA3Nw==</partImage>
    <productId>1736937065</productId>
    <productName>Platinum Standard Mousse Tube</productName>
    <productImage>http://asset.lemansnet.com/z/L0IvMi9BL0IyQTFEQTU5LUZBNzAtNEZERS1BMDUxLTQxQUMxNjlFQTA3Nw==</productImage>
    <bullet1>Nitro's are high tech foam tubes made from proprietary elastomers that have millions of nitrogen charged micro-cells</bullet1>
    <bullet2>Nitro's are 100% flat proof, high performance foam innertubes that replace traditional pneumatic innertubes</bullet2>
    <bullet3>Platinum standard NitroMousse simulates 10-12 psi</bullet3>
    <bullet4/>
    <bullet5/>
    <bullet6/>
    <bullet7/>
    <bullet8/>
    <bullet9/>
    <bullet10/>
    <bullet11/>
    <bullet12/>
    <bullet13/>
    <bullet14/>
    <bullet15/>
    <bullet16/>
    <bullet17/>
    <bullet18/>
    <bullet19/>
    <bullet20/>
    <bullet21/>
    <bullet22/>
    <bullet23/>
    <bullet24/>
    <vendorPriceUpdateDate>2023-08-17 00:00:00</vendorPriceUpdateDate>
  </part>
  <part>
    <partNumber>03500784</partNumber>
    <punctuatedPartNumber>0350-0784</punctuatedPartNumber>
    <partStatusDescription>STANDARD</partStatusDescription>
    <partDescription>Mousse Tube - Platinum - Standard - 100/100-18</partDescription>
    <unitOfMeasure>Each</unitOfMeasure>
    <brandName>NITROMOUSSE</brandName>
    <supplierNumber>NM18-270</supplierNumber>
    <specialInstructions/>
    <baseDealerPrice>107.95</baseDealerPrice>
    <yourDealerPrice>107.95</yourDealerPrice>
    <baseRetailPrice>147.95</baseRetailPrice>
    <originalRetailPrice>139.95</originalRetailPrice>
    <partImage>http://asset.lemansnet.com/z/L0IvMi9BL0IyQTFEQTU5LUZBNzAtNEZERS1BMDUxLTQxQUMxNjlFQTA3Nw==</partImage>
    <productId>1736937065</productId>
    <productName>Platinum Standard Mousse Tube</productName>
    <productImage>http://asset.lemansnet.com/z/L0IvMi9BL0IyQTFEQTU5LUZBNzAtNEZERS1BMDUxLTQxQUMxNjlFQTA3Nw==</productImage>
    <bullet1>Nitro's are high tech foam tubes made from proprietary elastomers that have millions of nitrogen charged micro-cells</bullet1>
    <bullet2>Nitro's are 100% flat proof, high performance foam innertubes that replace traditional pneumatic innertubes</bullet2>
    <bullet3>Platinum standard NitroMousse simulates 10-12 psi</bullet3>
    <bullet4/>
    <bullet5/>
    <bullet6/>
    <bullet7/>
    <bullet8/>
    <bullet9/>
    <bullet10/>
    <bullet11/>
    <bullet12/>
    <bullet13/>
    <bullet14/>
    <bullet15/>
    <bullet16/>
    <bullet17/>
    <bullet18/>
    <bullet19/>
    <bullet20/>
    <bullet21/>
    <bullet22/>
    <bullet23/>
    <bullet24/>
    <vendorPriceUpdateDate>2023-08-17 00:00:00</vendorPriceUpdateDate>
  </part>
  <part>
    <partNumber>03500785</partNumber>
    <punctuatedPartNumber>0350-0785</punctuatedPartNumber>
    <partStatusDescription>STANDARD</partStatusDescription>
    <partDescription>Mousse Tube - Platinum - Standard - 110/100-18</partDescription>
    <unitOfMeasure>Each</unitOfMeasure>
    <brandName>NITROMOUSSE</brandName>
    <supplierNumber>NM18-285</supplierNumber>
    <specialInstructions/>
    <baseDealerPrice>107.95</baseDealerPrice>
    <yourDealerPrice>107.95</yourDealerPrice>
    <baseRetailPrice>147.95</baseRetailPrice>
    <originalRetailPrice>139.95</originalRetailPrice>
    <partImage>http://asset.lemansnet.com/z/L0IvMi9BL0IyQTFEQTU5LUZBNzAtNEZERS1BMDUxLTQxQUMxNjlFQTA3Nw==</partImage>
    <productId>1736937065</productId>
    <productName>Platinum Standard Mousse Tube</productName>
    <productImage>http://asset.lemansnet.com/z/L0IvMi9BL0IyQTFEQTU5LUZBNzAtNEZERS1BMDUxLTQxQUMxNjlFQTA3Nw==</productImage>
    <bullet1>Nitro's are high tech foam tubes made from proprietary elastomers that have millions of nitrogen charged micro-cells</bullet1>
    <bullet2>Nitro's are 100% flat proof, high performance foam innertubes that replace traditional pneumatic innertubes</bullet2>
    <bullet3>Platinum standard NitroMousse simulates 10-12 psi</bullet3>
    <bullet4/>
    <bullet5/>
    <bullet6/>
    <bullet7/>
    <bullet8/>
    <bullet9/>
    <bullet10/>
    <bullet11/>
    <bullet12/>
    <bullet13/>
    <bullet14/>
    <bullet15/>
    <bullet16/>
    <bullet17/>
    <bullet18/>
    <bullet19/>
    <bullet20/>
    <bullet21/>
    <bullet22/>
    <bullet23/>
    <bullet24/>
    <vendorPriceUpdateDate>2023-08-17 00:00:00</vendorPriceUpdateDate>
  </part>
  <part>
    <partNumber>03500786</partNumber>
    <punctuatedPartNumber>0350-0786</punctuatedPartNumber>
    <partStatusDescription>STANDARD</partStatusDescription>
    <partDescription>Mousse Tube - Platinum - Standard - 120/100-18</partDescription>
    <unitOfMeasure>Each</unitOfMeasure>
    <brandName>NITROMOUSSE</brandName>
    <supplierNumber>NM18-305</supplierNumber>
    <specialInstructions/>
    <baseDealerPrice>107.95</baseDealerPrice>
    <yourDealerPrice>107.95</yourDealerPrice>
    <baseRetailPrice>147.95</baseRetailPrice>
    <originalRetailPrice>139.95</originalRetailPrice>
    <partImage>http://asset.lemansnet.com/z/L0IvMi9BL0IyQTFEQTU5LUZBNzAtNEZERS1BMDUxLTQxQUMxNjlFQTA3Nw==</partImage>
    <productId>1736937065</productId>
    <productName>Platinum Standard Mousse Tube</productName>
    <productImage>http://asset.lemansnet.com/z/L0IvMi9BL0IyQTFEQTU5LUZBNzAtNEZERS1BMDUxLTQxQUMxNjlFQTA3Nw==</productImage>
    <bullet1>Nitro's are high tech foam tubes made from proprietary elastomers that have millions of nitrogen charged micro-cells</bullet1>
    <bullet2>Nitro's are 100% flat proof, high performance foam innertubes that replace traditional pneumatic innertubes</bullet2>
    <bullet3>Platinum standard NitroMousse simulates 10-12 psi</bullet3>
    <bullet4/>
    <bullet5/>
    <bullet6/>
    <bullet7/>
    <bullet8/>
    <bullet9/>
    <bullet10/>
    <bullet11/>
    <bullet12/>
    <bullet13/>
    <bullet14/>
    <bullet15/>
    <bullet16/>
    <bullet17/>
    <bullet18/>
    <bullet19/>
    <bullet20/>
    <bullet21/>
    <bullet22/>
    <bullet23/>
    <bullet24/>
    <vendorPriceUpdateDate>2023-08-17 00:00:00</vendorPriceUpdateDate>
  </part>
  <part>
    <partNumber>03500787</partNumber>
    <punctuatedPartNumber>0350-0787</punctuatedPartNumber>
    <partStatusDescription>STANDARD</partStatusDescription>
    <partDescription>Mousse Tube - Platinum - Standard - 140/80-18</partDescription>
    <unitOfMeasure>Each</unitOfMeasure>
    <brandName>NITROMOUSSE</brandName>
    <supplierNumber>NM18-325</supplierNumber>
    <specialInstructions/>
    <baseDealerPrice>107.95</baseDealerPrice>
    <yourDealerPrice>107.95</yourDealerPrice>
    <baseRetailPrice>147.95</baseRetailPrice>
    <originalRetailPrice>139.95</originalRetailPrice>
    <partImage>http://asset.lemansnet.com/z/L0IvMi9BL0IyQTFEQTU5LUZBNzAtNEZERS1BMDUxLTQxQUMxNjlFQTA3Nw==</partImage>
    <productId>1736937065</productId>
    <productName>Platinum Standard Mousse Tube</productName>
    <productImage>http://asset.lemansnet.com/z/L0IvMi9BL0IyQTFEQTU5LUZBNzAtNEZERS1BMDUxLTQxQUMxNjlFQTA3Nw==</productImage>
    <bullet1>Nitro's are high tech foam tubes made from proprietary elastomers that have millions of nitrogen charged micro-cells</bullet1>
    <bullet2>Nitro's are 100% flat proof, high performance foam innertubes that replace traditional pneumatic innertubes</bullet2>
    <bullet3>Platinum standard NitroMousse simulates 10-12 psi</bullet3>
    <bullet4/>
    <bullet5/>
    <bullet6/>
    <bullet7/>
    <bullet8/>
    <bullet9/>
    <bullet10/>
    <bullet11/>
    <bullet12/>
    <bullet13/>
    <bullet14/>
    <bullet15/>
    <bullet16/>
    <bullet17/>
    <bullet18/>
    <bullet19/>
    <bullet20/>
    <bullet21/>
    <bullet22/>
    <bullet23/>
    <bullet24/>
    <vendorPriceUpdateDate>2023-08-17 00:00:00</vendorPriceUpdateDate>
  </part>
  <part>
    <partNumber>03500788</partNumber>
    <punctuatedPartNumber>0350-0788</punctuatedPartNumber>
    <partStatusDescription>STANDARD</partStatusDescription>
    <partDescription>Mousse Tube - Platinum - Standard - 140/100-18</partDescription>
    <unitOfMeasure>Each</unitOfMeasure>
    <brandName>NITROMOUSSE</brandName>
    <supplierNumber>NM18-345</supplierNumber>
    <specialInstructions/>
    <baseDealerPrice>107.95</baseDealerPrice>
    <yourDealerPrice>107.95</yourDealerPrice>
    <baseRetailPrice>147.95</baseRetailPrice>
    <originalRetailPrice>139.95</originalRetailPrice>
    <partImage>http://asset.lemansnet.com/z/L0IvMi9BL0IyQTFEQTU5LUZBNzAtNEZERS1BMDUxLTQxQUMxNjlFQTA3Nw==</partImage>
    <productId>1736937065</productId>
    <productName>Platinum Standard Mousse Tube</productName>
    <productImage>http://asset.lemansnet.com/z/L0IvMi9BL0IyQTFEQTU5LUZBNzAtNEZERS1BMDUxLTQxQUMxNjlFQTA3Nw==</productImage>
    <bullet1>Nitro's are high tech foam tubes made from proprietary elastomers that have millions of nitrogen charged micro-cells</bullet1>
    <bullet2>Nitro's are 100% flat proof, high performance foam innertubes that replace traditional pneumatic innertubes</bullet2>
    <bullet3>Platinum standard NitroMousse simulates 10-12 psi</bullet3>
    <bullet4/>
    <bullet5/>
    <bullet6/>
    <bullet7/>
    <bullet8/>
    <bullet9/>
    <bullet10/>
    <bullet11/>
    <bullet12/>
    <bullet13/>
    <bullet14/>
    <bullet15/>
    <bullet16/>
    <bullet17/>
    <bullet18/>
    <bullet19/>
    <bullet20/>
    <bullet21/>
    <bullet22/>
    <bullet23/>
    <bullet24/>
    <vendorPriceUpdateDate>2023-08-17 00:00:00</vendorPriceUpdateDate>
  </part>
  <part>
    <partNumber>03500790</partNumber>
    <punctuatedPartNumber>0350-0790</punctuatedPartNumber>
    <partStatusDescription>STANDARD</partStatusDescription>
    <partDescription>Mousse Tube - Plushie - Soft - 120/100-18</partDescription>
    <unitOfMeasure>Each</unitOfMeasure>
    <brandName>NITROMOUSSE</brandName>
    <supplierNumber>NMS18-305</supplierNumber>
    <specialInstructions/>
    <baseDealerPrice>107.95</baseDealerPrice>
    <yourDealerPrice>107.95</yourDealerPrice>
    <baseRetailPrice>147.95</baseRetailPrice>
    <originalRetailPrice>139.95</originalRetailPrice>
    <partImage>http://asset.lemansnet.com/z/LzYvMC85LzYwOTk0MzlELTcyQzEtNDRFQS05NUFBLUNBMkE5NTdFQ0RGQQ==</partImage>
    <productId>0605027931</productId>
    <productName>Plushie Soft Mousse Tube</productName>
    <productImage>http://asset.lemansnet.com/z/LzYvMC85LzYwOTk0MzlELTcyQzEtNDRFQS05NUFBLUNBMkE5NTdFQ0RGQQ==</productImage>
    <bullet1>Nitro's are high tech foam tubes made from proprietary elastomers that have millions of nitrogen charged micro-cells</bullet1>
    <bullet2>Nitro's are 100% flat proof, high performance foam innertubes that replace traditional pneumatic innertubes</bullet2>
    <bullet3>Plushie soft NitroMousse simulates 6-8 psi</bullet3>
    <bullet4/>
    <bullet5/>
    <bullet6/>
    <bullet7/>
    <bullet8/>
    <bullet9/>
    <bullet10/>
    <bullet11/>
    <bullet12/>
    <bullet13/>
    <bullet14/>
    <bullet15/>
    <bullet16/>
    <bullet17/>
    <bullet18/>
    <bullet19/>
    <bullet20/>
    <bullet21/>
    <bullet22/>
    <bullet23/>
    <bullet24/>
    <vendorPriceUpdateDate>2023-08-17 00:00:00</vendorPriceUpdateDate>
  </part>
  <part>
    <partNumber>03500791</partNumber>
    <punctuatedPartNumber>0350-0791</punctuatedPartNumber>
    <partStatusDescription>STANDARD</partStatusDescription>
    <partDescription>Mousse Tube - Plushie - Soft - 140/80-18</partDescription>
    <unitOfMeasure>Each</unitOfMeasure>
    <brandName>NITROMOUSSE</brandName>
    <supplierNumber>NMS18-325</supplierNumber>
    <specialInstructions/>
    <baseDealerPrice>107.95</baseDealerPrice>
    <yourDealerPrice>107.95</yourDealerPrice>
    <baseRetailPrice>147.95</baseRetailPrice>
    <originalRetailPrice>139.95</originalRetailPrice>
    <partImage>http://asset.lemansnet.com/z/LzYvMC85LzYwOTk0MzlELTcyQzEtNDRFQS05NUFBLUNBMkE5NTdFQ0RGQQ==</partImage>
    <productId>0605027931</productId>
    <productName>Plushie Soft Mousse Tube</productName>
    <productImage>http://asset.lemansnet.com/z/LzYvMC85LzYwOTk0MzlELTcyQzEtNDRFQS05NUFBLUNBMkE5NTdFQ0RGQQ==</productImage>
    <bullet1>Nitro's are high tech foam tubes made from proprietary elastomers that have millions of nitrogen charged micro-cells</bullet1>
    <bullet2>Nitro's are 100% flat proof, high performance foam innertubes that replace traditional pneumatic innertubes</bullet2>
    <bullet3>Plushie soft NitroMousse simulates 6-8 psi</bullet3>
    <bullet4/>
    <bullet5/>
    <bullet6/>
    <bullet7/>
    <bullet8/>
    <bullet9/>
    <bullet10/>
    <bullet11/>
    <bullet12/>
    <bullet13/>
    <bullet14/>
    <bullet15/>
    <bullet16/>
    <bullet17/>
    <bullet18/>
    <bullet19/>
    <bullet20/>
    <bullet21/>
    <bullet22/>
    <bullet23/>
    <bullet24/>
    <vendorPriceUpdateDate>2023-08-17 00:00:00</vendorPriceUpdateDate>
  </part>
  <part>
    <partNumber>03500792</partNumber>
    <punctuatedPartNumber>0350-0792</punctuatedPartNumber>
    <partStatusDescription>STANDARD</partStatusDescription>
    <partDescription>Mousse Tube - Plushie - Soft - 90/100-21</partDescription>
    <unitOfMeasure>Each</unitOfMeasure>
    <brandName>NITROMOUSSE</brandName>
    <supplierNumber>NMS21-235</supplierNumber>
    <specialInstructions/>
    <baseDealerPrice>107.95</baseDealerPrice>
    <yourDealerPrice>107.95</yourDealerPrice>
    <baseRetailPrice>147.95</baseRetailPrice>
    <originalRetailPrice>139.95</originalRetailPrice>
    <partImage>http://asset.lemansnet.com/z/LzYvMC85LzYwOTk0MzlELTcyQzEtNDRFQS05NUFBLUNBMkE5NTdFQ0RGQQ==</partImage>
    <productId>0605027931</productId>
    <productName>Plushie Soft Mousse Tube</productName>
    <productImage>http://asset.lemansnet.com/z/LzYvMC85LzYwOTk0MzlELTcyQzEtNDRFQS05NUFBLUNBMkE5NTdFQ0RGQQ==</productImage>
    <bullet1>Nitro's are high tech foam tubes made from proprietary elastomers that have millions of nitrogen charged micro-cells</bullet1>
    <bullet2>Nitro's are 100% flat proof, high performance foam innertubes that replace traditional pneumatic innertubes</bullet2>
    <bullet3>Plushie soft NitroMousse simulates 6-8 psi</bullet3>
    <bullet4/>
    <bullet5/>
    <bullet6/>
    <bullet7/>
    <bullet8/>
    <bullet9/>
    <bullet10/>
    <bullet11/>
    <bullet12/>
    <bullet13/>
    <bullet14/>
    <bullet15/>
    <bullet16/>
    <bullet17/>
    <bullet18/>
    <bullet19/>
    <bullet20/>
    <bullet21/>
    <bullet22/>
    <bullet23/>
    <bullet24/>
    <vendorPriceUpdateDate>2023-08-17 00:00:00</vendorPriceUpdateDate>
  </part>
  <part>
    <partNumber>03500793</partNumber>
    <punctuatedPartNumber>0350-0793</punctuatedPartNumber>
    <partStatusDescription>STANDARD</partStatusDescription>
    <partDescription>Mousse Tube - Plushie - Soft - 110/100-18</partDescription>
    <unitOfMeasure>Each</unitOfMeasure>
    <brandName>NITROMOUSSE</brandName>
    <supplierNumber>NMS18-285</supplierNumber>
    <specialInstructions/>
    <baseDealerPrice>107.95</baseDealerPrice>
    <yourDealerPrice>107.95</yourDealerPrice>
    <baseRetailPrice>147.95</baseRetailPrice>
    <originalRetailPrice>139.95</originalRetailPrice>
    <partImage>http://asset.lemansnet.com/z/LzYvMC85LzYwOTk0MzlELTcyQzEtNDRFQS05NUFBLUNBMkE5NTdFQ0RGQQ==</partImage>
    <productId>0605027931</productId>
    <productName>Plushie Soft Mousse Tube</productName>
    <productImage>http://asset.lemansnet.com/z/LzYvMC85LzYwOTk0MzlELTcyQzEtNDRFQS05NUFBLUNBMkE5NTdFQ0RGQQ==</productImage>
    <bullet1>Nitro's are high tech foam tubes made from proprietary elastomers that have millions of nitrogen charged micro-cells</bullet1>
    <bullet2>Nitro's are 100% flat proof, high performance foam innertubes that replace traditional pneumatic innertubes</bullet2>
    <bullet3>Plushie soft NitroMousse simulates 6-8 psi</bullet3>
    <bullet4/>
    <bullet5/>
    <bullet6/>
    <bullet7/>
    <bullet8/>
    <bullet9/>
    <bullet10/>
    <bullet11/>
    <bullet12/>
    <bullet13/>
    <bullet14/>
    <bullet15/>
    <bullet16/>
    <bullet17/>
    <bullet18/>
    <bullet19/>
    <bullet20/>
    <bullet21/>
    <bullet22/>
    <bullet23/>
    <bullet24/>
    <vendorPriceUpdateDate>2023-08-17 00:00:00</vendorPriceUpdateDate>
  </part>
  <part>
    <partNumber>03500794</partNumber>
    <punctuatedPartNumber>0350-0794</punctuatedPartNumber>
    <partStatusDescription>STANDARD</partStatusDescription>
    <partDescription>Mousse Tube - Platinum - Standard - 80/100-21</partDescription>
    <unitOfMeasure>Each</unitOfMeasure>
    <brandName>NITROMOUSSE</brandName>
    <supplierNumber>NM21-210</supplierNumber>
    <specialInstructions/>
    <baseDealerPrice>107.95</baseDealerPrice>
    <yourDealerPrice>107.95</yourDealerPrice>
    <baseRetailPrice>147.95</baseRetailPrice>
    <originalRetailPrice>139.95</originalRetailPrice>
    <partImage>http://asset.lemansnet.com/z/L0IvMi9BL0IyQTFEQTU5LUZBNzAtNEZERS1BMDUxLTQxQUMxNjlFQTA3Nw==</partImage>
    <productId>1736937065</productId>
    <productName>Platinum Standard Mousse Tube</productName>
    <productImage>http://asset.lemansnet.com/z/L0IvMi9BL0IyQTFEQTU5LUZBNzAtNEZERS1BMDUxLTQxQUMxNjlFQTA3Nw==</productImage>
    <bullet1>Nitro's are high tech foam tubes made from proprietary elastomers that have millions of nitrogen charged micro-cells</bullet1>
    <bullet2>Nitro's are 100% flat proof, high performance foam innertubes that replace traditional pneumatic innertubes</bullet2>
    <bullet3>Platinum standard NitroMousse simulates 10-12 psi</bullet3>
    <bullet4/>
    <bullet5/>
    <bullet6/>
    <bullet7/>
    <bullet8/>
    <bullet9/>
    <bullet10/>
    <bullet11/>
    <bullet12/>
    <bullet13/>
    <bullet14/>
    <bullet15/>
    <bullet16/>
    <bullet17/>
    <bullet18/>
    <bullet19/>
    <bullet20/>
    <bullet21/>
    <bullet22/>
    <bullet23/>
    <bullet24/>
    <vendorPriceUpdateDate>2023-08-17 00:00:00</vendorPriceUpdateDate>
  </part>
  <part>
    <partNumber>03500809</partNumber>
    <punctuatedPartNumber>0350-0809</punctuatedPartNumber>
    <partStatusDescription>DISCONTINUED</partStatusDescription>
    <partDescription>NitroWedge - Platinum - 195</partDescription>
    <unitOfMeasure>Each</unitOfMeasure>
    <brandName>NITROMOUSSE</brandName>
    <supplierNumber>NW-195</supplierNumber>
    <specialInstructions>Discontinued P/Byr</specialInstructions>
    <baseDealerPrice>9.95</baseDealerPrice>
    <yourDealerPrice>9.95</yourDealerPrice>
    <baseRetailPrice>19.95</baseRetailPrice>
    <originalRetailPrice>19.95</originalRetailPrice>
    <partImage>http://asset.lemansnet.com/z/L0YvQi9FL0ZCRUZDNzY2LTFGMDEtNEU2NC05RDBFLTgzNkNGNkQ3ODhDMg==</partImage>
    <productId>1805848177</productId>
    <productName>Platinum Standard NitroWedge</productName>
    <productImage>http://asset.lemansnet.com/z/L0YvQi9FL0ZCRUZDNzY2LTFGMDEtNEU2NC05RDBFLTgzNkNGNkQ3ODhDMg==</productImage>
    <bullet1>NitroWedge is simply an 8" section of a nitro that can be added to increase the psi feel of a NitroMousse</bullet1>
    <bullet2>You can also use it to increase the psi feel of a nitro that has a lot of hours on it and make it last even longer</bullet2>
    <bullet3>Platinum standard NitroWedge simulates 10-12 psi</bullet3>
    <bullet4/>
    <bullet5/>
    <bullet6/>
    <bullet7/>
    <bullet8/>
    <bullet9/>
    <bullet10/>
    <bullet11/>
    <bullet12/>
    <bullet13/>
    <bullet14/>
    <bullet15/>
    <bullet16/>
    <bullet17/>
    <bullet18/>
    <bullet19/>
    <bullet20/>
    <bullet21/>
    <bullet22/>
    <bullet23/>
    <bullet24/>
    <vendorPriceUpdateDate>2023-08-17 00:00:00</vendorPriceUpdateDate>
  </part>
  <part>
    <partNumber>03500810</partNumber>
    <punctuatedPartNumber>0350-0810</punctuatedPartNumber>
    <partStatusDescription>STANDARD</partStatusDescription>
    <partDescription>NitroWedge - Platinum - Standard - 210</partDescription>
    <unitOfMeasure>Each</unitOfMeasure>
    <brandName>NITROMOUSSE</brandName>
    <supplierNumber>NW-210</supplierNumber>
    <specialInstructions/>
    <baseDealerPrice>15.99</baseDealerPrice>
    <yourDealerPrice>15.99</yourDealerPrice>
    <baseRetailPrice>19.95</baseRetailPrice>
    <originalRetailPrice>19.95</originalRetailPrice>
    <partImage>http://asset.lemansnet.com/z/L0YvQi9FL0ZCRUZDNzY2LTFGMDEtNEU2NC05RDBFLTgzNkNGNkQ3ODhDMg==</partImage>
    <productId>0108175858</productId>
    <productName>Platinum Standard NitroWedge</productName>
    <productImage>http://asset.lemansnet.com/z/L0YvQi9FL0ZCRUZDNzY2LTFGMDEtNEU2NC05RDBFLTgzNkNGNkQ3ODhDMg==</productImage>
    <bullet1>NitroWedge is simply an 8" section of a nitro that can be added to increase the psi feel of a NitroMousse</bullet1>
    <bullet2>You can also use it to increase the psi feel of a nitro that has a lot of hours on it and make it last even longer</bullet2>
    <bullet3>Platinum standard NitroWedge simulates 10-12 psi</bullet3>
    <bullet4/>
    <bullet5/>
    <bullet6/>
    <bullet7/>
    <bullet8/>
    <bullet9/>
    <bullet10/>
    <bullet11/>
    <bullet12/>
    <bullet13/>
    <bullet14/>
    <bullet15/>
    <bullet16/>
    <bullet17/>
    <bullet18/>
    <bullet19/>
    <bullet20/>
    <bullet21/>
    <bullet22/>
    <bullet23/>
    <bullet24/>
    <vendorPriceUpdateDate>2023-08-17 00:00:00</vendorPriceUpdateDate>
  </part>
  <part>
    <partNumber>03500817</partNumber>
    <punctuatedPartNumber>0350-0817</punctuatedPartNumber>
    <partStatusDescription>STANDARD</partStatusDescription>
    <partDescription>NitroWedge - Platinum - Standard - 345</partDescription>
    <unitOfMeasure>Each</unitOfMeasure>
    <brandName>NITROMOUSSE</brandName>
    <supplierNumber>NW-345</supplierNumber>
    <specialInstructions/>
    <baseDealerPrice>15.99</baseDealerPrice>
    <yourDealerPrice>15.99</yourDealerPrice>
    <baseRetailPrice>19.95</baseRetailPrice>
    <originalRetailPrice>19.95</originalRetailPrice>
    <partImage>http://asset.lemansnet.com/z/L0YvQi9FL0ZCRUZDNzY2LTFGMDEtNEU2NC05RDBFLTgzNkNGNkQ3ODhDMg==</partImage>
    <productId>0108175858</productId>
    <productName>Platinum Standard NitroWedge</productName>
    <productImage>http://asset.lemansnet.com/z/L0YvQi9FL0ZCRUZDNzY2LTFGMDEtNEU2NC05RDBFLTgzNkNGNkQ3ODhDMg==</productImage>
    <bullet1>NitroWedge is simply an 8" section of a nitro that can be added to increase the psi feel of a NitroMousse</bullet1>
    <bullet2>You can also use it to increase the psi feel of a nitro that has a lot of hours on it and make it last even longer</bullet2>
    <bullet3>Platinum standard NitroWedge simulates 10-12 psi</bullet3>
    <bullet4/>
    <bullet5/>
    <bullet6/>
    <bullet7/>
    <bullet8/>
    <bullet9/>
    <bullet10/>
    <bullet11/>
    <bullet12/>
    <bullet13/>
    <bullet14/>
    <bullet15/>
    <bullet16/>
    <bullet17/>
    <bullet18/>
    <bullet19/>
    <bullet20/>
    <bullet21/>
    <bullet22/>
    <bullet23/>
    <bullet24/>
    <vendorPriceUpdateDate>2023-08-17 00:00:00</vendorPriceUpdateDate>
  </part>
  <part>
    <partNumber>03500818</partNumber>
    <punctuatedPartNumber>0350-0818</punctuatedPartNumber>
    <partStatusDescription>STANDARD</partStatusDescription>
    <partDescription>NitroWedge - Plushie - 220</partDescription>
    <unitOfMeasure>Each</unitOfMeasure>
    <brandName>NITROMOUSSE</brandName>
    <supplierNumber>NWS-220</supplierNumber>
    <specialInstructions/>
    <baseDealerPrice>15.99</baseDealerPrice>
    <yourDealerPrice>15.99</yourDealerPrice>
    <baseRetailPrice>19.95</baseRetailPrice>
    <originalRetailPrice>19.95</originalRetailPrice>
    <partImage>http://asset.lemansnet.com/z/L0YvQi9FL0ZCRUZDNzY2LTFGMDEtNEU2NC05RDBFLTgzNkNGNkQ3ODhDMg==</partImage>
    <productId>1392919491</productId>
    <productName>Plushie Soft NitroWedge</productName>
    <productImage>http://asset.lemansnet.com/z/L0YvQi9FL0ZCRUZDNzY2LTFGMDEtNEU2NC05RDBFLTgzNkNGNkQ3ODhDMg==</productImage>
    <bullet1>NitroWedge is simply an 8" section of a nitro that can be added to increase the psi feel of a NitroMousse</bullet1>
    <bullet2>You can also use it to increase the psi feel of a nitro that has a lot of hours on it and make it last even longer</bullet2>
    <bullet3>Plushie soft NitroWedge simulates 6-8 psi</bullet3>
    <bullet4/>
    <bullet5/>
    <bullet6/>
    <bullet7/>
    <bullet8/>
    <bullet9/>
    <bullet10/>
    <bullet11/>
    <bullet12/>
    <bullet13/>
    <bullet14/>
    <bullet15/>
    <bullet16/>
    <bullet17/>
    <bullet18/>
    <bullet19/>
    <bullet20/>
    <bullet21/>
    <bullet22/>
    <bullet23/>
    <bullet24/>
    <vendorPriceUpdateDate>2023-08-17 00:00:00</vendorPriceUpdateDate>
  </part>
  <part>
    <partNumber>03500822</partNumber>
    <punctuatedPartNumber>0350-0822</punctuatedPartNumber>
    <partStatusDescription>STANDARD</partStatusDescription>
    <partDescription>NitroWedge - Plushie - 325</partDescription>
    <unitOfMeasure>Each</unitOfMeasure>
    <brandName>NITROMOUSSE</brandName>
    <supplierNumber>NWS-325</supplierNumber>
    <specialInstructions/>
    <baseDealerPrice>15.99</baseDealerPrice>
    <yourDealerPrice>15.99</yourDealerPrice>
    <baseRetailPrice>19.95</baseRetailPrice>
    <originalRetailPrice>19.95</originalRetailPrice>
    <partImage>http://asset.lemansnet.com/z/L0YvQi9FL0ZCRUZDNzY2LTFGMDEtNEU2NC05RDBFLTgzNkNGNkQ3ODhDMg==</partImage>
    <productId>1392919491</productId>
    <productName>Plushie Soft NitroWedge</productName>
    <productImage>http://asset.lemansnet.com/z/L0YvQi9FL0ZCRUZDNzY2LTFGMDEtNEU2NC05RDBFLTgzNkNGNkQ3ODhDMg==</productImage>
    <bullet1>NitroWedge is simply an 8" section of a nitro that can be added to increase the psi feel of a NitroMousse</bullet1>
    <bullet2>You can also use it to increase the psi feel of a nitro that has a lot of hours on it and make it last even longer</bullet2>
    <bullet3>Plushie soft NitroWedge simulates 6-8 psi</bullet3>
    <bullet4/>
    <bullet5/>
    <bullet6/>
    <bullet7/>
    <bullet8/>
    <bullet9/>
    <bullet10/>
    <bullet11/>
    <bullet12/>
    <bullet13/>
    <bullet14/>
    <bullet15/>
    <bullet16/>
    <bullet17/>
    <bullet18/>
    <bullet19/>
    <bullet20/>
    <bullet21/>
    <bullet22/>
    <bullet23/>
    <bullet24/>
    <vendorPriceUpdateDate>2023-08-17 00:00:00</vendorPriceUpdateDate>
  </part>
  <part>
    <partNumber>03500781</partNumber>
    <punctuatedPartNumber>0350-0781</punctuatedPartNumber>
    <partStatusDescription>STANDARD</partStatusDescription>
    <partDescription>Mousse Tube - Platinum - Standard - 90/100-21</partDescription>
    <unitOfMeasure>Each</unitOfMeasure>
    <brandName>NITROMOUSSE</brandName>
    <supplierNumber>NM21-235</supplierNumber>
    <specialInstructions/>
    <baseDealerPrice>107.95</baseDealerPrice>
    <yourDealerPrice>107.95</yourDealerPrice>
    <baseRetailPrice>147.95</baseRetailPrice>
    <originalRetailPrice>139.95</originalRetailPrice>
    <partImage>http://asset.lemansnet.com/z/L0IvMi9BL0IyQTFEQTU5LUZBNzAtNEZERS1BMDUxLTQxQUMxNjlFQTA3Nw==</partImage>
    <productId>1736937065</productId>
    <productName>Platinum Standard Mousse Tube</productName>
    <productImage>http://asset.lemansnet.com/z/L0IvMi9BL0IyQTFEQTU5LUZBNzAtNEZERS1BMDUxLTQxQUMxNjlFQTA3Nw==</productImage>
    <bullet1>Nitro's are high tech foam tubes made from proprietary elastomers that have millions of nitrogen charged micro-cells</bullet1>
    <bullet2>Nitro's are 100% flat proof, high performance foam innertubes that replace traditional pneumatic innertubes</bullet2>
    <bullet3>Platinum standard NitroMousse simulates 10-12 psi</bullet3>
    <bullet4/>
    <bullet5/>
    <bullet6/>
    <bullet7/>
    <bullet8/>
    <bullet9/>
    <bullet10/>
    <bullet11/>
    <bullet12/>
    <bullet13/>
    <bullet14/>
    <bullet15/>
    <bullet16/>
    <bullet17/>
    <bullet18/>
    <bullet19/>
    <bullet20/>
    <bullet21/>
    <bullet22/>
    <bullet23/>
    <bullet24/>
    <vendorPriceUpdateDate>2023-08-17 00:00:00</vendorPriceUpdateDate>
  </part>
  <part>
    <partNumber>03500789</partNumber>
    <punctuatedPartNumber>0350-0789</punctuatedPartNumber>
    <partStatusDescription>STANDARD</partStatusDescription>
    <partDescription>Mousse Tube - Plushie - Soft - 80/100-21</partDescription>
    <unitOfMeasure>Each</unitOfMeasure>
    <brandName>NITROMOUSSE</brandName>
    <supplierNumber>NMS21-220</supplierNumber>
    <specialInstructions/>
    <baseDealerPrice>107.95</baseDealerPrice>
    <yourDealerPrice>107.95</yourDealerPrice>
    <baseRetailPrice>147.95</baseRetailPrice>
    <originalRetailPrice>139.95</originalRetailPrice>
    <partImage>http://asset.lemansnet.com/z/LzYvMC85LzYwOTk0MzlELTcyQzEtNDRFQS05NUFBLUNBMkE5NTdFQ0RGQQ==</partImage>
    <productId>0605027931</productId>
    <productName>Plushie Soft Mousse Tube</productName>
    <productImage>http://asset.lemansnet.com/z/LzYvMC85LzYwOTk0MzlELTcyQzEtNDRFQS05NUFBLUNBMkE5NTdFQ0RGQQ==</productImage>
    <bullet1>Nitro's are high tech foam tubes made from proprietary elastomers that have millions of nitrogen charged micro-cells</bullet1>
    <bullet2>Nitro's are 100% flat proof, high performance foam innertubes that replace traditional pneumatic innertubes</bullet2>
    <bullet3>Plushie soft NitroMousse simulates 6-8 psi</bullet3>
    <bullet4/>
    <bullet5/>
    <bullet6/>
    <bullet7/>
    <bullet8/>
    <bullet9/>
    <bullet10/>
    <bullet11/>
    <bullet12/>
    <bullet13/>
    <bullet14/>
    <bullet15/>
    <bullet16/>
    <bullet17/>
    <bullet18/>
    <bullet19/>
    <bullet20/>
    <bullet21/>
    <bullet22/>
    <bullet23/>
    <bullet24/>
    <vendorPriceUpdateDate>2023-08-17 00:00:00</vendorPriceUpdateDate>
  </part>
  <part>
    <partNumber>03500811</partNumber>
    <punctuatedPartNumber>0350-0811</punctuatedPartNumber>
    <partStatusDescription>STANDARD</partStatusDescription>
    <partDescription>NitroWedge - Platinum - Standard - 220</partDescription>
    <unitOfMeasure>Each</unitOfMeasure>
    <brandName>NITROMOUSSE</brandName>
    <supplierNumber>NW-220</supplierNumber>
    <specialInstructions/>
    <baseDealerPrice>15.99</baseDealerPrice>
    <yourDealerPrice>15.99</yourDealerPrice>
    <baseRetailPrice>19.95</baseRetailPrice>
    <originalRetailPrice>19.95</originalRetailPrice>
    <partImage>http://asset.lemansnet.com/z/L0YvQi9FL0ZCRUZDNzY2LTFGMDEtNEU2NC05RDBFLTgzNkNGNkQ3ODhDMg==</partImage>
    <productId>0108175858</productId>
    <productName>Platinum Standard NitroWedge</productName>
    <productImage>http://asset.lemansnet.com/z/L0YvQi9FL0ZCRUZDNzY2LTFGMDEtNEU2NC05RDBFLTgzNkNGNkQ3ODhDMg==</productImage>
    <bullet1>NitroWedge is simply an 8" section of a nitro that can be added to increase the psi feel of a NitroMousse</bullet1>
    <bullet2>You can also use it to increase the psi feel of a nitro that has a lot of hours on it and make it last even longer</bullet2>
    <bullet3>Platinum standard NitroWedge simulates 10-12 psi</bullet3>
    <bullet4/>
    <bullet5/>
    <bullet6/>
    <bullet7/>
    <bullet8/>
    <bullet9/>
    <bullet10/>
    <bullet11/>
    <bullet12/>
    <bullet13/>
    <bullet14/>
    <bullet15/>
    <bullet16/>
    <bullet17/>
    <bullet18/>
    <bullet19/>
    <bullet20/>
    <bullet21/>
    <bullet22/>
    <bullet23/>
    <bullet24/>
    <vendorPriceUpdateDate>2023-08-17 00:00:00</vendorPriceUpdateDate>
  </part>
  <part>
    <partNumber>03500812</partNumber>
    <punctuatedPartNumber>0350-0812</punctuatedPartNumber>
    <partStatusDescription>STANDARD</partStatusDescription>
    <partDescription>NitroWedge - Platinum - Standard - 235</partDescription>
    <unitOfMeasure>Each</unitOfMeasure>
    <brandName>NITROMOUSSE</brandName>
    <supplierNumber>NW-235</supplierNumber>
    <specialInstructions/>
    <baseDealerPrice>15.99</baseDealerPrice>
    <yourDealerPrice>15.99</yourDealerPrice>
    <baseRetailPrice>19.95</baseRetailPrice>
    <originalRetailPrice>19.95</originalRetailPrice>
    <partImage>http://asset.lemansnet.com/z/L0YvQi9FL0ZCRUZDNzY2LTFGMDEtNEU2NC05RDBFLTgzNkNGNkQ3ODhDMg==</partImage>
    <productId>0108175858</productId>
    <productName>Platinum Standard NitroWedge</productName>
    <productImage>http://asset.lemansnet.com/z/L0YvQi9FL0ZCRUZDNzY2LTFGMDEtNEU2NC05RDBFLTgzNkNGNkQ3ODhDMg==</productImage>
    <bullet1>NitroWedge is simply an 8" section of a nitro that can be added to increase the psi feel of a NitroMousse</bullet1>
    <bullet2>You can also use it to increase the psi feel of a nitro that has a lot of hours on it and make it last even longer</bullet2>
    <bullet3>Platinum standard NitroWedge simulates 10-12 psi</bullet3>
    <bullet4/>
    <bullet5/>
    <bullet6/>
    <bullet7/>
    <bullet8/>
    <bullet9/>
    <bullet10/>
    <bullet11/>
    <bullet12/>
    <bullet13/>
    <bullet14/>
    <bullet15/>
    <bullet16/>
    <bullet17/>
    <bullet18/>
    <bullet19/>
    <bullet20/>
    <bullet21/>
    <bullet22/>
    <bullet23/>
    <bullet24/>
    <vendorPriceUpdateDate>2023-08-17 00:00:00</vendorPriceUpdateDate>
  </part>
  <part>
    <partNumber>03500813</partNumber>
    <punctuatedPartNumber>0350-0813</punctuatedPartNumber>
    <partStatusDescription>STANDARD</partStatusDescription>
    <partDescription>NitroWedge - Platinum - Standard - 270</partDescription>
    <unitOfMeasure>Each</unitOfMeasure>
    <brandName>NITROMOUSSE</brandName>
    <supplierNumber>NW-270</supplierNumber>
    <specialInstructions/>
    <baseDealerPrice>15.99</baseDealerPrice>
    <yourDealerPrice>15.99</yourDealerPrice>
    <baseRetailPrice>19.95</baseRetailPrice>
    <originalRetailPrice>19.95</originalRetailPrice>
    <partImage>http://asset.lemansnet.com/z/L0YvQi9FL0ZCRUZDNzY2LTFGMDEtNEU2NC05RDBFLTgzNkNGNkQ3ODhDMg==</partImage>
    <productId>0108175858</productId>
    <productName>Platinum Standard NitroWedge</productName>
    <productImage>http://asset.lemansnet.com/z/L0YvQi9FL0ZCRUZDNzY2LTFGMDEtNEU2NC05RDBFLTgzNkNGNkQ3ODhDMg==</productImage>
    <bullet1>NitroWedge is simply an 8" section of a nitro that can be added to increase the psi feel of a NitroMousse</bullet1>
    <bullet2>You can also use it to increase the psi feel of a nitro that has a lot of hours on it and make it last even longer</bullet2>
    <bullet3>Platinum standard NitroWedge simulates 10-12 psi</bullet3>
    <bullet4/>
    <bullet5/>
    <bullet6/>
    <bullet7/>
    <bullet8/>
    <bullet9/>
    <bullet10/>
    <bullet11/>
    <bullet12/>
    <bullet13/>
    <bullet14/>
    <bullet15/>
    <bullet16/>
    <bullet17/>
    <bullet18/>
    <bullet19/>
    <bullet20/>
    <bullet21/>
    <bullet22/>
    <bullet23/>
    <bullet24/>
    <vendorPriceUpdateDate>2023-08-17 00:00:00</vendorPriceUpdateDate>
  </part>
  <part>
    <partNumber>03500814</partNumber>
    <punctuatedPartNumber>0350-0814</punctuatedPartNumber>
    <partStatusDescription>STANDARD</partStatusDescription>
    <partDescription>NitroWedge - Platinum - Standard - 285</partDescription>
    <unitOfMeasure>Each</unitOfMeasure>
    <brandName>NITROMOUSSE</brandName>
    <supplierNumber>NW-285</supplierNumber>
    <specialInstructions/>
    <baseDealerPrice>15.99</baseDealerPrice>
    <yourDealerPrice>15.99</yourDealerPrice>
    <baseRetailPrice>19.95</baseRetailPrice>
    <originalRetailPrice>19.95</originalRetailPrice>
    <partImage>http://asset.lemansnet.com/z/L0YvQi9FL0ZCRUZDNzY2LTFGMDEtNEU2NC05RDBFLTgzNkNGNkQ3ODhDMg==</partImage>
    <productId>0108175858</productId>
    <productName>Platinum Standard NitroWedge</productName>
    <productImage>http://asset.lemansnet.com/z/L0YvQi9FL0ZCRUZDNzY2LTFGMDEtNEU2NC05RDBFLTgzNkNGNkQ3ODhDMg==</productImage>
    <bullet1>NitroWedge is simply an 8" section of a nitro that can be added to increase the psi feel of a NitroMousse</bullet1>
    <bullet2>You can also use it to increase the psi feel of a nitro that has a lot of hours on it and make it last even longer</bullet2>
    <bullet3>Platinum standard NitroWedge simulates 10-12 psi</bullet3>
    <bullet4/>
    <bullet5/>
    <bullet6/>
    <bullet7/>
    <bullet8/>
    <bullet9/>
    <bullet10/>
    <bullet11/>
    <bullet12/>
    <bullet13/>
    <bullet14/>
    <bullet15/>
    <bullet16/>
    <bullet17/>
    <bullet18/>
    <bullet19/>
    <bullet20/>
    <bullet21/>
    <bullet22/>
    <bullet23/>
    <bullet24/>
    <vendorPriceUpdateDate>2023-08-17 00:00:00</vendorPriceUpdateDate>
  </part>
  <part>
    <partNumber>03500815</partNumber>
    <punctuatedPartNumber>0350-0815</punctuatedPartNumber>
    <partStatusDescription>STANDARD</partStatusDescription>
    <partDescription>NitroWedge - Platinum - Standard - 305</partDescription>
    <unitOfMeasure>Each</unitOfMeasure>
    <brandName>NITROMOUSSE</brandName>
    <supplierNumber>NW-305</supplierNumber>
    <specialInstructions/>
    <baseDealerPrice>15.99</baseDealerPrice>
    <yourDealerPrice>15.99</yourDealerPrice>
    <baseRetailPrice>19.95</baseRetailPrice>
    <originalRetailPrice>19.95</originalRetailPrice>
    <partImage>http://asset.lemansnet.com/z/L0YvQi9FL0ZCRUZDNzY2LTFGMDEtNEU2NC05RDBFLTgzNkNGNkQ3ODhDMg==</partImage>
    <productId>0108175858</productId>
    <productName>Platinum Standard NitroWedge</productName>
    <productImage>http://asset.lemansnet.com/z/L0YvQi9FL0ZCRUZDNzY2LTFGMDEtNEU2NC05RDBFLTgzNkNGNkQ3ODhDMg==</productImage>
    <bullet1>NitroWedge is simply an 8" section of a nitro that can be added to increase the psi feel of a NitroMousse</bullet1>
    <bullet2>You can also use it to increase the psi feel of a nitro that has a lot of hours on it and make it last even longer</bullet2>
    <bullet3>Platinum standard NitroWedge simulates 10-12 psi</bullet3>
    <bullet4/>
    <bullet5/>
    <bullet6/>
    <bullet7/>
    <bullet8/>
    <bullet9/>
    <bullet10/>
    <bullet11/>
    <bullet12/>
    <bullet13/>
    <bullet14/>
    <bullet15/>
    <bullet16/>
    <bullet17/>
    <bullet18/>
    <bullet19/>
    <bullet20/>
    <bullet21/>
    <bullet22/>
    <bullet23/>
    <bullet24/>
    <vendorPriceUpdateDate>2023-08-17 00:00:00</vendorPriceUpdateDate>
  </part>
  <part>
    <partNumber>03500816</partNumber>
    <punctuatedPartNumber>0350-0816</punctuatedPartNumber>
    <partStatusDescription>STANDARD</partStatusDescription>
    <partDescription>NitroWedge - Platinum - Standard - 325</partDescription>
    <unitOfMeasure>Each</unitOfMeasure>
    <brandName>NITROMOUSSE</brandName>
    <supplierNumber>NW-325</supplierNumber>
    <specialInstructions/>
    <baseDealerPrice>15.99</baseDealerPrice>
    <yourDealerPrice>15.99</yourDealerPrice>
    <baseRetailPrice>19.95</baseRetailPrice>
    <originalRetailPrice>19.95</originalRetailPrice>
    <partImage>http://asset.lemansnet.com/z/L0YvQi9FL0ZCRUZDNzY2LTFGMDEtNEU2NC05RDBFLTgzNkNGNkQ3ODhDMg==</partImage>
    <productId>0108175858</productId>
    <productName>Platinum Standard NitroWedge</productName>
    <productImage>http://asset.lemansnet.com/z/L0YvQi9FL0ZCRUZDNzY2LTFGMDEtNEU2NC05RDBFLTgzNkNGNkQ3ODhDMg==</productImage>
    <bullet1>NitroWedge is simply an 8" section of a nitro that can be added to increase the psi feel of a NitroMousse</bullet1>
    <bullet2>You can also use it to increase the psi feel of a nitro that has a lot of hours on it and make it last even longer</bullet2>
    <bullet3>Platinum standard NitroWedge simulates 10-12 psi</bullet3>
    <bullet4/>
    <bullet5/>
    <bullet6/>
    <bullet7/>
    <bullet8/>
    <bullet9/>
    <bullet10/>
    <bullet11/>
    <bullet12/>
    <bullet13/>
    <bullet14/>
    <bullet15/>
    <bullet16/>
    <bullet17/>
    <bullet18/>
    <bullet19/>
    <bullet20/>
    <bullet21/>
    <bullet22/>
    <bullet23/>
    <bullet24/>
    <vendorPriceUpdateDate>2023-08-17 00:00:00</vendorPriceUpdateDate>
  </part>
  <part>
    <partNumber>03500819</partNumber>
    <punctuatedPartNumber>0350-0819</punctuatedPartNumber>
    <partStatusDescription>STANDARD</partStatusDescription>
    <partDescription>NitroWedge - Plushie - 235</partDescription>
    <unitOfMeasure>Each</unitOfMeasure>
    <brandName>NITROMOUSSE</brandName>
    <supplierNumber>NWS-235</supplierNumber>
    <specialInstructions/>
    <baseDealerPrice>15.99</baseDealerPrice>
    <yourDealerPrice>15.99</yourDealerPrice>
    <baseRetailPrice>19.95</baseRetailPrice>
    <originalRetailPrice>19.95</originalRetailPrice>
    <partImage>http://asset.lemansnet.com/z/L0YvQi9FL0ZCRUZDNzY2LTFGMDEtNEU2NC05RDBFLTgzNkNGNkQ3ODhDMg==</partImage>
    <productId>1392919491</productId>
    <productName>Plushie Soft NitroWedge</productName>
    <productImage>http://asset.lemansnet.com/z/L0YvQi9FL0ZCRUZDNzY2LTFGMDEtNEU2NC05RDBFLTgzNkNGNkQ3ODhDMg==</productImage>
    <bullet1>NitroWedge is simply an 8" section of a nitro that can be added to increase the psi feel of a NitroMousse</bullet1>
    <bullet2>You can also use it to increase the psi feel of a nitro that has a lot of hours on it and make it last even longer</bullet2>
    <bullet3>Plushie soft NitroWedge simulates 6-8 psi</bullet3>
    <bullet4/>
    <bullet5/>
    <bullet6/>
    <bullet7/>
    <bullet8/>
    <bullet9/>
    <bullet10/>
    <bullet11/>
    <bullet12/>
    <bullet13/>
    <bullet14/>
    <bullet15/>
    <bullet16/>
    <bullet17/>
    <bullet18/>
    <bullet19/>
    <bullet20/>
    <bullet21/>
    <bullet22/>
    <bullet23/>
    <bullet24/>
    <vendorPriceUpdateDate>2023-08-17 00:00:00</vendorPriceUpdateDate>
  </part>
  <part>
    <partNumber>03500820</partNumber>
    <punctuatedPartNumber>0350-0820</punctuatedPartNumber>
    <partStatusDescription>STANDARD</partStatusDescription>
    <partDescription>NitroWedge - Plushie - 285</partDescription>
    <unitOfMeasure>Each</unitOfMeasure>
    <brandName>NITROMOUSSE</brandName>
    <supplierNumber>NWS-285</supplierNumber>
    <specialInstructions/>
    <baseDealerPrice>15.99</baseDealerPrice>
    <yourDealerPrice>15.99</yourDealerPrice>
    <baseRetailPrice>19.95</baseRetailPrice>
    <originalRetailPrice>19.95</originalRetailPrice>
    <partImage>http://asset.lemansnet.com/z/L0YvQi9FL0ZCRUZDNzY2LTFGMDEtNEU2NC05RDBFLTgzNkNGNkQ3ODhDMg==</partImage>
    <productId>1392919491</productId>
    <productName>Plushie Soft NitroWedge</productName>
    <productImage>http://asset.lemansnet.com/z/L0YvQi9FL0ZCRUZDNzY2LTFGMDEtNEU2NC05RDBFLTgzNkNGNkQ3ODhDMg==</productImage>
    <bullet1>NitroWedge is simply an 8" section of a nitro that can be added to increase the psi feel of a NitroMousse</bullet1>
    <bullet2>You can also use it to increase the psi feel of a nitro that has a lot of hours on it and make it last even longer</bullet2>
    <bullet3>Plushie soft NitroWedge simulates 6-8 psi</bullet3>
    <bullet4/>
    <bullet5/>
    <bullet6/>
    <bullet7/>
    <bullet8/>
    <bullet9/>
    <bullet10/>
    <bullet11/>
    <bullet12/>
    <bullet13/>
    <bullet14/>
    <bullet15/>
    <bullet16/>
    <bullet17/>
    <bullet18/>
    <bullet19/>
    <bullet20/>
    <bullet21/>
    <bullet22/>
    <bullet23/>
    <bullet24/>
    <vendorPriceUpdateDate>2023-08-17 00:00:00</vendorPriceUpdateDate>
  </part>
  <part>
    <partNumber>03500821</partNumber>
    <punctuatedPartNumber>0350-0821</punctuatedPartNumber>
    <partStatusDescription>STANDARD</partStatusDescription>
    <partDescription>NitroWedge - Plushie - 305</partDescription>
    <unitOfMeasure>Each</unitOfMeasure>
    <brandName>NITROMOUSSE</brandName>
    <supplierNumber>NWS-305</supplierNumber>
    <specialInstructions/>
    <baseDealerPrice>15.99</baseDealerPrice>
    <yourDealerPrice>15.99</yourDealerPrice>
    <baseRetailPrice>19.95</baseRetailPrice>
    <originalRetailPrice>19.95</originalRetailPrice>
    <partImage>http://asset.lemansnet.com/z/L0YvQi9FL0ZCRUZDNzY2LTFGMDEtNEU2NC05RDBFLTgzNkNGNkQ3ODhDMg==</partImage>
    <productId>1392919491</productId>
    <productName>Plushie Soft NitroWedge</productName>
    <productImage>http://asset.lemansnet.com/z/L0YvQi9FL0ZCRUZDNzY2LTFGMDEtNEU2NC05RDBFLTgzNkNGNkQ3ODhDMg==</productImage>
    <bullet1>NitroWedge is simply an 8" section of a nitro that can be added to increase the psi feel of a NitroMousse</bullet1>
    <bullet2>You can also use it to increase the psi feel of a nitro that has a lot of hours on it and make it last even longer</bullet2>
    <bullet3>Plushie soft NitroWedge simulates 6-8 psi</bullet3>
    <bullet4/>
    <bullet5/>
    <bullet6/>
    <bullet7/>
    <bullet8/>
    <bullet9/>
    <bullet10/>
    <bullet11/>
    <bullet12/>
    <bullet13/>
    <bullet14/>
    <bullet15/>
    <bullet16/>
    <bullet17/>
    <bullet18/>
    <bullet19/>
    <bullet20/>
    <bullet21/>
    <bullet22/>
    <bullet23/>
    <bullet24/>
    <vendorPriceUpdateDate>2023-08-17 00:00:00</vendorPriceUpdateDate>
  </part>
  <part>
    <partNumber>03500896</partNumber>
    <punctuatedPartNumber>0350-0896</punctuatedPartNumber>
    <partStatusDescription>STANDARD</partStatusDescription>
    <partDescription>NitroMousse Tube - 5150/Platinum - 18"</partDescription>
    <unitOfMeasure>Each</unitOfMeasure>
    <brandName>NITROMOUSSE</brandName>
    <supplierNumber>NM-5150-18</supplierNumber>
    <specialInstructions/>
    <baseDealerPrice>99.95</baseDealerPrice>
    <yourDealerPrice>99.95</yourDealerPrice>
    <baseRetailPrice>137.95</baseRetailPrice>
    <originalRetailPrice>129.95</originalRetailPrice>
    <partImage>http://asset.lemansnet.com/z/LzkvMy9ELzkzRDlFMDBCLTMxRUEtNDY4MC1CRTI0LTA3QzcxNUVCQjAwRSwvQS80LzYvQTQ2RUJGN0QtRjgyNi00RDJDLTlBQUEtMzE1NTE0QUNDNjcyLC9BL0EvOC9BQTg5MjRCQS05RkI2LTQ3RkQtQkUyNC01RDdGMzI5QUUzMjU=</partImage>
    <productId>1735992296</productId>
    <productName>NitroMousse 5150 Tube</productName>
    <productImage>http://asset.lemansnet.com/z/LzkvMy9ELzkzRDlFMDBCLTMxRUEtNDY4MC1CRTI0LTA3QzcxNUVCQjAwRQ==</productImage>
    <bullet1>Channeled crown allows use with sealant and provides a more progressive feel</bullet1>
    <bullet2>Provides increased protection for the tubliss and more stability in the tire</bullet2>
    <bullet3>Provides full circumference sidewall support and incredible rim</bullet3>
    <bullet4>Run extreme low psi for insane traction </bullet4>
    <bullet5>Includes lube for added durability</bullet5>
    <bullet6>Tubliss sold separately.</bullet6>
    <bullet7/>
    <bullet8/>
    <bullet9/>
    <bullet10/>
    <bullet11/>
    <bullet12/>
    <bullet13/>
    <bullet14/>
    <bullet15/>
    <bullet16/>
    <bullet17/>
    <bullet18/>
    <bullet19/>
    <bullet20/>
    <bullet21/>
    <bullet22/>
    <bullet23/>
    <bullet24/>
    <vendorPriceUpdateDate>2025-02-27 00:00:00</vendorPriceUpdateDate>
  </part>
  <part>
    <partNumber>03500897</partNumber>
    <punctuatedPartNumber>0350-0897</punctuatedPartNumber>
    <partStatusDescription>STANDARD</partStatusDescription>
    <partDescription>NitroMousse Tube - 5150/Plushie - 18"</partDescription>
    <unitOfMeasure>Each</unitOfMeasure>
    <brandName>NITROMOUSSE</brandName>
    <supplierNumber>NMS-5150-18</supplierNumber>
    <specialInstructions/>
    <baseDealerPrice>103.95</baseDealerPrice>
    <yourDealerPrice>103.95</yourDealerPrice>
    <baseRetailPrice>142.95</baseRetailPrice>
    <originalRetailPrice>134.95</originalRetailPrice>
    <partImage>http://asset.lemansnet.com/z/LzkvMy9ELzkzRDlFMDBCLTMxRUEtNDY4MC1CRTI0LTA3QzcxNUVCQjAwRSwvQS9BLzgvQUE4OTI0QkEtOUZCNi00N0ZELUJFMjQtNUQ3RjMyOUFFMzI1LC9BLzQvNi9BNDZFQkY3RC1GODI2LTREMkMtOUFBQS0zMTU1MTRBQ0M2NzI=</partImage>
    <productId>1735992296</productId>
    <productName>NitroMousse 5150 Tube</productName>
    <productImage>http://asset.lemansnet.com/z/LzkvMy9ELzkzRDlFMDBCLTMxRUEtNDY4MC1CRTI0LTA3QzcxNUVCQjAwRQ==</productImage>
    <bullet1>Channeled crown allows use with sealant and provides a more progressive feel</bullet1>
    <bullet2>Provides increased protection for the tubliss and more stability in the tire</bullet2>
    <bullet3>Provides full circumference sidewall support and incredible rim</bullet3>
    <bullet4>Run extreme low psi for insane traction </bullet4>
    <bullet5>Includes lube for added durability</bullet5>
    <bullet6>Tubliss sold separately.</bullet6>
    <bullet7/>
    <bullet8/>
    <bullet9/>
    <bullet10/>
    <bullet11/>
    <bullet12/>
    <bullet13/>
    <bullet14/>
    <bullet15/>
    <bullet16/>
    <bullet17/>
    <bullet18/>
    <bullet19/>
    <bullet20/>
    <bullet21/>
    <bullet22/>
    <bullet23/>
    <bullet24/>
    <vendorPriceUpdateDate>2025-02-27 00:00:00</vendorPriceUpdateDate>
  </part>
  <part>
    <partNumber>43202568</partNumber>
    <punctuatedPartNumber>4320-2568</punctuatedPartNumber>
    <partStatusDescription>STANDARD</partStatusDescription>
    <partDescription>Nitromousse Sticker Kit</partDescription>
    <unitOfMeasure>Kit</unitOfMeasure>
    <brandName>NITROMOUSSE</brandName>
    <supplierNumber>NMSK1</supplierNumber>
    <specialInstructions/>
    <baseDealerPrice>3.30</baseDealerPrice>
    <yourDealerPrice>3.30</yourDealerPrice>
    <baseRetailPrice>4.95</baseRetailPrice>
    <originalRetailPrice>4.95</originalRetailPrice>
    <partImage>http://asset.lemansnet.com/z/LzgvMy81LzgzNTlBMTNGLTcyN0QtNDEzRS05RDg1LTlCNTQ3NkUyMjkwMQ==</partImage>
    <productId>0004453314</productId>
    <productName>Sticker Kit</productName>
    <productImage>http://asset.lemansnet.com/z/LzgvMy81LzgzNTlBMTNGLTcyN0QtNDEzRS05RDg1LTlCNTQ3NkUyMjkwMQ==</productImage>
    <bullet1>Assortment of stickers</bullet1>
    <bullet2/>
    <bullet3/>
    <bullet4/>
    <bullet5/>
    <bullet6/>
    <bullet7/>
    <bullet8/>
    <bullet9/>
    <bullet10/>
    <bullet11/>
    <bullet12/>
    <bullet13/>
    <bullet14/>
    <bullet15/>
    <bullet16/>
    <bullet17/>
    <bullet18/>
    <bullet19/>
    <bullet20/>
    <bullet21/>
    <bullet22/>
    <bullet23/>
    <bullet24/>
    <vendorPriceUpdateDate>2023-08-17 00:00:00</vendorPriceUpdateDate>
  </part>
  <part>
    <partNumber>36070058</partNumber>
    <punctuatedPartNumber>3607-0058</punctuatedPartNumber>
    <partStatusDescription>STANDARD</partStatusDescription>
    <partDescription>Cooling Gel - 3 oz net wt.</partDescription>
    <unitOfMeasure>Each</unitOfMeasure>
    <brandName>NITROMOUSSE</brandName>
    <supplierNumber>NMLUBE 85</supplierNumber>
    <specialInstructions/>
    <baseDealerPrice>4.20</baseDealerPrice>
    <yourDealerPrice>4.20</yourDealerPrice>
    <baseRetailPrice>5.95</baseRetailPrice>
    <originalRetailPrice>5.95</originalRetailPrice>
    <partImage>http://asset.lemansnet.com/z/LzQvRC8zLzREMzc0NzMwLTRBNzEtNDVGOS1CMTRBLTY3MjMxREVGQzExRA==</partImage>
    <productId>0109854111</productId>
    <productName>Nitrolube Cooling Gel</productName>
    <productImage>http://asset.lemansnet.com/z/LzQvRC8zLzREMzc0NzMwLTRBNzEtNDVGOS1CMTRBLTY3MjMxREVGQzExRA==</productImage>
    <bullet1>High-quality silicone based lubricant made specifically for Nitromousse</bullet1>
    <bullet2>Reduces friction, disperses heat and ensures a long life of the Nitromousse</bullet2>
    <bullet3>Only one tube per install is needed; do not need to re-lube as long as any extra valve holes in the rim are covered and not losing lubricant.</bullet3>
    <bullet4/>
    <bullet5/>
    <bullet6/>
    <bullet7/>
    <bullet8/>
    <bullet9/>
    <bullet10/>
    <bullet11/>
    <bullet12/>
    <bullet13/>
    <bullet14/>
    <bullet15/>
    <bullet16/>
    <bullet17/>
    <bullet18/>
    <bullet19/>
    <bullet20/>
    <bullet21/>
    <bullet22/>
    <bullet23/>
    <bullet24/>
    <vendorPriceUpdateDate>2023-08-17 00:00:00</vendorPriceUpdateDate>
  </part>
</root>
