<root>
  <part>
    <partNumber>40100008</partNumber>
    <punctuatedPartNumber>4010-0008</punctuatedPartNumber>
    <partStatusDescription>STANDARD</partStatusDescription>
    <partDescription>Safety Cable - 48"</partDescription>
    <unitOfMeasure>Each</unitOfMeasure>
    <brandName>TRIMAX</brandName>
    <supplierNumber>TSC612</supplierNumber>
    <specialInstructions/>
    <baseDealerPrice>6.44</baseDealerPrice>
    <yourDealerPrice>6.44</yourDealerPrice>
    <baseRetailPrice>14.99</baseRetailPrice>
    <originalRetailPrice>9.99</originalRetailPrice>
    <partImage>http://asset.lemansnet.com/z/LzkvNi9ELzk2RDdEQTA3LUYyNkQtNDUyRi1CQUVELUQzNURFNEZDNTJDQSwvNS85LzAvNTkwOTgzNEQtNDY0MS00MUNBLUE3RTUtMUY0QTE2RDVFQTY3</partImage>
    <productId>1097291271</productId>
    <productName>Reminder Cable</productName>
    <productImage>http://asset.lemansnet.com/z/LzkvNi9ELzk2RDdEQTA3LUYyNkQtNDUyRi1CQUVELUQzNURFNEZDNTJDQQ==</productImage>
    <bullet1>Dual-loop reminder cable for disc locks</bullet1>
    <bullet2/>
    <bullet3/>
    <bullet4/>
    <bullet5/>
    <bullet6/>
    <bullet7/>
    <bullet8/>
    <bullet9/>
    <bullet10/>
    <bullet11/>
    <bullet12/>
    <bullet13/>
    <bullet14/>
    <bullet15/>
    <bullet16/>
    <bullet17/>
    <bullet18/>
    <bullet19/>
    <bullet20/>
    <bullet21/>
    <bullet22/>
    <bullet23/>
    <bullet24/>
    <vendorPriceUpdateDate>2022-07-27 00:00:00</vendorPriceUpdateDate>
  </part>
  <part>
    <partNumber>40100012</partNumber>
    <punctuatedPartNumber>4010-0012</punctuatedPartNumber>
    <partStatusDescription>STANDARD</partStatusDescription>
    <partDescription>Braided Cable Lock - 36"</partDescription>
    <unitOfMeasure>Each</unitOfMeasure>
    <brandName>TRIMAX</brandName>
    <supplierNumber>TG2236SX</supplierNumber>
    <specialInstructions/>
    <baseDealerPrice>27.64</baseDealerPrice>
    <yourDealerPrice>27.64</yourDealerPrice>
    <baseRetailPrice>47.99</baseRetailPrice>
    <originalRetailPrice>36.99</originalRetailPrice>
    <partImage>http://asset.lemansnet.com/z/bWVkaWEvODQ1OTcxMWQtZDY3My00MDU3LThkZDAtZWNjYjljNDgxNmZj</partImage>
    <productId>1668422222</productId>
    <productName>Gladiator Series Armored Cable</productName>
    <productImage>http://asset.lemansnet.com/z/bWVkaWEvODQ1OTcxMWQtZDY3My00MDU3LThkZDAtZWNjYjljNDgxNmZj</productImage>
    <bullet1>Maximum-security armor-plated cable locks</bullet1>
    <bullet2>Plastic-covered braided stainless steel covers with hardened armor-plated steel cups that repel saw cuts and bolt cutters</bullet2>
    <bullet3>Flexible for easy transport</bullet3>
    <bullet4>Ballistic-grade polymer lock housing cover resists hammer strikes; protects lock mechanism</bullet4>
    <bullet5>Key cover resists grime and moisture</bullet5>
    <bullet6>Ideal for securing motorcycles, ATVs, trailers, bicycles, watercraft, ladders, and construction equipment</bullet6>
    <bullet7/>
    <bullet8/>
    <bullet9/>
    <bullet10/>
    <bullet11/>
    <bullet12/>
    <bullet13/>
    <bullet14/>
    <bullet15/>
    <bullet16/>
    <bullet17/>
    <bullet18/>
    <bullet19/>
    <bullet20/>
    <bullet21/>
    <bullet22/>
    <bullet23/>
    <bullet24/>
    <vendorPriceUpdateDate>2022-07-27 00:00:00</vendorPriceUpdateDate>
  </part>
  <part>
    <partNumber>40100016</partNumber>
    <punctuatedPartNumber>4010-0016</punctuatedPartNumber>
    <partStatusDescription>STANDARD</partStatusDescription>
    <partDescription>Combo and Cable Locks - 72"</partDescription>
    <unitOfMeasure>Each</unitOfMeasure>
    <brandName>TRIMAX</brandName>
    <supplierNumber>TNRC126</supplierNumber>
    <specialInstructions>NOT COILED 02KFV</specialInstructions>
    <baseDealerPrice>19.98</baseDealerPrice>
    <yourDealerPrice>19.98</yourDealerPrice>
    <baseRetailPrice>38.99</baseRetailPrice>
    <originalRetailPrice>32.95</originalRetailPrice>
    <partImage>http://asset.lemansnet.com/z/LzAvNC8wLzA0MDA3ODk2LUU4ODYtNEI1MS1CODg0LTdGRDZDOEJGOTg4Nw==</partImage>
    <productId>0223178320</productId>
    <productName>Trimaflex™ Cable Lock</productName>
    <productImage>http://asset.lemansnet.com/z/LzIvOS84LzI5ODU0MTY3LTZDQzMtNEVBOC1BODUxLUE3NjI0REU4QjgzQw==</productImage>
    <bullet1>High-strength Trimaflex™ quadra-braid cable with PVC protective coating to prevent surface scratching</bullet1>
    <bullet2>Lock mechanisms are covered in rugged plastic for durability and trouble-free use</bullet2>
    <bullet3/>
    <bullet4/>
    <bullet5/>
    <bullet6/>
    <bullet7/>
    <bullet8/>
    <bullet9/>
    <bullet10/>
    <bullet11/>
    <bullet12/>
    <bullet13/>
    <bullet14/>
    <bullet15/>
    <bullet16/>
    <bullet17/>
    <bullet18/>
    <bullet19/>
    <bullet20/>
    <bullet21/>
    <bullet22/>
    <bullet23/>
    <bullet24/>
    <vendorPriceUpdateDate>2022-07-27 00:00:00</vendorPriceUpdateDate>
  </part>
  <part>
    <partNumber>40100023</partNumber>
    <punctuatedPartNumber>4010-0023</punctuatedPartNumber>
    <partStatusDescription>STANDARD</partStatusDescription>
    <partDescription>Steel Padlock - 1-1/4"</partDescription>
    <unitOfMeasure>Each</unitOfMeasure>
    <brandName>TRIMAX</brandName>
    <supplierNumber>TPL1251S</supplierNumber>
    <specialInstructions/>
    <baseDealerPrice>23.49</baseDealerPrice>
    <yourDealerPrice>23.49</yourDealerPrice>
    <baseRetailPrice>44.99</baseRetailPrice>
    <originalRetailPrice>34.99</originalRetailPrice>
    <partImage>http://asset.lemansnet.com/z/LzAvOS83LzA5NzlFQUYwLUUyNDctNDNCMy1BNzA5LUFBNEVENzVGRkNFOQ==</partImage>
    <productId>1653726689</productId>
    <productName>Maximum Security Padlock</productName>
    <productImage>http://asset.lemansnet.com/z/LzAvOS83LzA5NzlFQUYwLUUyNDctNDNCMy1BNzA5LUFBNEVENzVGRkNFOQ==</productImage>
    <bullet1>Hardened chrome steel padlocks</bullet1>
    <bullet2>Commercial grade</bullet2>
    <bullet3>Ideal for enclosed trailers, forks, cases with T-Hex™ chain and cargo boxes</bullet3>
    <bullet4/>
    <bullet5/>
    <bullet6/>
    <bullet7/>
    <bullet8/>
    <bullet9/>
    <bullet10/>
    <bullet11/>
    <bullet12/>
    <bullet13/>
    <bullet14/>
    <bullet15/>
    <bullet16/>
    <bullet17/>
    <bullet18/>
    <bullet19/>
    <bullet20/>
    <bullet21/>
    <bullet22/>
    <bullet23/>
    <bullet24/>
    <vendorPriceUpdateDate>2022-07-27 00:00:00</vendorPriceUpdateDate>
  </part>
  <part>
    <partNumber>40100030</partNumber>
    <punctuatedPartNumber>4010-0030</punctuatedPartNumber>
    <partStatusDescription>STANDARD</partStatusDescription>
    <partDescription>Receiver Lock - With Key - 1/2" - Chrome</partDescription>
    <unitOfMeasure>Each</unitOfMeasure>
    <brandName>TRIMAX</brandName>
    <supplierNumber>T2</supplierNumber>
    <specialInstructions/>
    <baseDealerPrice>22.00</baseDealerPrice>
    <yourDealerPrice>22.00</yourDealerPrice>
    <baseRetailPrice>44.99</baseRetailPrice>
    <originalRetailPrice>34.99</originalRetailPrice>
    <partImage>http://asset.lemansnet.com/z/LzUvQy8xLzVDMTc2RTE4LTdGOEEtNEEwQS04OThFLUMxQTNDQTg0MDlBMQ==</partImage>
    <productId>0917602414</productId>
    <productName>Machined Hardened Steel Locking Pin</productName>
    <productImage>http://asset.lemansnet.com/z/LzUvQy8xLzVDMTc2RTE4LTdGOEEtNEEwQS04OThFLUMxQTNDQTg0MDlBMQ==</productImage>
    <bullet1>Quarter-turn locks/unlocks head</bullet1>
    <bullet2>Lock can't pop open or false lock</bullet2>
    <bullet3/>
    <bullet4/>
    <bullet5/>
    <bullet6/>
    <bullet7/>
    <bullet8/>
    <bullet9/>
    <bullet10/>
    <bullet11/>
    <bullet12/>
    <bullet13/>
    <bullet14/>
    <bullet15/>
    <bullet16/>
    <bullet17/>
    <bullet18/>
    <bullet19/>
    <bullet20/>
    <bullet21/>
    <bullet22/>
    <bullet23/>
    <bullet24/>
    <vendorPriceUpdateDate>2022-07-27 00:00:00</vendorPriceUpdateDate>
  </part>
  <part>
    <partNumber>40100032</partNumber>
    <punctuatedPartNumber>4010-0032</punctuatedPartNumber>
    <partStatusDescription>STANDARD</partStatusDescription>
    <partDescription>Receiver Lock - With Key - 5/8" - Black</partDescription>
    <unitOfMeasure>Each</unitOfMeasure>
    <brandName>TRIMAX</brandName>
    <supplierNumber>T3 BLACK</supplierNumber>
    <specialInstructions/>
    <baseDealerPrice>23.88</baseDealerPrice>
    <yourDealerPrice>23.88</yourDealerPrice>
    <baseRetailPrice>46.99</baseRetailPrice>
    <originalRetailPrice>36.99</originalRetailPrice>
    <partImage>http://asset.lemansnet.com/z/LzkvNC9FLzk0RUYzN0M4LTYwMTktNDI3NS1BQjkwLTVBMUMyRDE0RkZDNQ==</partImage>
    <productId>0917602414</productId>
    <productName>Machined Hardened Steel Locking Pin</productName>
    <productImage>http://asset.lemansnet.com/z/LzUvQy8xLzVDMTc2RTE4LTdGOEEtNEEwQS04OThFLUMxQTNDQTg0MDlBMQ==</productImage>
    <bullet1>Quarter-turn locks/unlocks head</bullet1>
    <bullet2>Lock can't pop open or false lock</bullet2>
    <bullet3/>
    <bullet4/>
    <bullet5/>
    <bullet6/>
    <bullet7/>
    <bullet8/>
    <bullet9/>
    <bullet10/>
    <bullet11/>
    <bullet12/>
    <bullet13/>
    <bullet14/>
    <bullet15/>
    <bullet16/>
    <bullet17/>
    <bullet18/>
    <bullet19/>
    <bullet20/>
    <bullet21/>
    <bullet22/>
    <bullet23/>
    <bullet24/>
    <vendorPriceUpdateDate>2023-01-30 00:00:00</vendorPriceUpdateDate>
  </part>
  <part>
    <partNumber>40100033</partNumber>
    <punctuatedPartNumber>4010-0033</punctuatedPartNumber>
    <partStatusDescription>STANDARD</partStatusDescription>
    <partDescription>Receiver Combination Lock - 5/8"</partDescription>
    <unitOfMeasure>Each</unitOfMeasure>
    <brandName>TRIMAX</brandName>
    <supplierNumber>MAG200</supplierNumber>
    <specialInstructions/>
    <baseDealerPrice>22.28</baseDealerPrice>
    <yourDealerPrice>22.28</yourDealerPrice>
    <baseRetailPrice>41.99</baseRetailPrice>
    <originalRetailPrice>33.99</originalRetailPrice>
    <partImage>http://asset.lemansnet.com/z/LzAvNi9DLzA2QzZGMzYyLTg0ODItNEIxNC1CNTQ2LUZFRDlERjk3QUJCNywvRC9FLzgvREU4QkQwN0ItMDc5Mi00NTdFLUFCNkEtMDYxMjFCRTMxRTZF</partImage>
    <productId>1227157273</productId>
    <productName>Resettable Combination Receiver Locking Pin</productName>
    <productImage>http://asset.lemansnet.com/z/L0QvRS84L0RFOEJEMDdCLTA3OTItNDU3RS1BQjZBLTA2MTIxQkUzMUU2RQ==</productImage>
    <bullet1>Easy-to-read numbers</bullet1>
    <bullet2>Forged steel lock tip</bullet2>
    <bullet3>Triple-chrome-plated steel pin</bullet3>
    <bullet4>Heavy-duty collar overlaps hitch pin for unmatched strength and security</bullet4>
    <bullet5>For 2" x 2" receivers (Class III, IV, V)</bullet5>
    <bullet6>Protective lock head cover included</bullet6>
    <bullet7/>
    <bullet8/>
    <bullet9/>
    <bullet10/>
    <bullet11/>
    <bullet12/>
    <bullet13/>
    <bullet14/>
    <bullet15/>
    <bullet16/>
    <bullet17/>
    <bullet18/>
    <bullet19/>
    <bullet20/>
    <bullet21/>
    <bullet22/>
    <bullet23/>
    <bullet24/>
    <vendorPriceUpdateDate>2022-07-27 00:00:00</vendorPriceUpdateDate>
  </part>
  <part>
    <partNumber>40100037</partNumber>
    <punctuatedPartNumber>4010-0037</punctuatedPartNumber>
    <partStatusDescription>STANDARD</partStatusDescription>
    <partDescription>Non-Locking Receiver Pin &amp; Clip - Chrome - 5/8"</partDescription>
    <unitOfMeasure>Each</unitOfMeasure>
    <brandName>TRIMAX</brandName>
    <supplierNumber>SP200</supplierNumber>
    <specialInstructions/>
    <baseDealerPrice>6.28</baseDealerPrice>
    <yourDealerPrice>6.28</yourDealerPrice>
    <baseRetailPrice>15.99</baseRetailPrice>
    <originalRetailPrice>10.99</originalRetailPrice>
    <partImage>http://asset.lemansnet.com/z/L0IvQy8zL0JDMzYyMEUwLTc0MEQtNDJFRC05QjEzLTA4MTA5NjJGMTRFNg==</partImage>
    <productId>0708398887</productId>
    <productName>Non-Locking Receiver Pin &amp; Clip</productName>
    <productImage>http://asset.lemansnet.com/z/L0IvQy8zL0JDMzYyMEUwLTc0MEQtNDJFRC05QjEzLTA4MTA5NjJGMTRFNg==</productImage>
    <bullet1>Triple-plated chrome</bullet1>
    <bullet2>Hardened steel with triple plated chrome finish</bullet2>
    <bullet3>Non-Locking receiver pin</bullet3>
    <bullet4/>
    <bullet5/>
    <bullet6/>
    <bullet7/>
    <bullet8/>
    <bullet9/>
    <bullet10/>
    <bullet11/>
    <bullet12/>
    <bullet13/>
    <bullet14/>
    <bullet15/>
    <bullet16/>
    <bullet17/>
    <bullet18/>
    <bullet19/>
    <bullet20/>
    <bullet21/>
    <bullet22/>
    <bullet23/>
    <bullet24/>
    <vendorPriceUpdateDate>2022-07-27 00:00:00</vendorPriceUpdateDate>
  </part>
  <part>
    <partNumber>40100042</partNumber>
    <punctuatedPartNumber>4010-0042</punctuatedPartNumber>
    <partStatusDescription>STANDARD</partStatusDescription>
    <partDescription>Span Coupler Lock - 3-1/2"</partDescription>
    <unitOfMeasure>Each</unitOfMeasure>
    <brandName>TRIMAX</brandName>
    <supplierNumber>TC3</supplierNumber>
    <specialInstructions/>
    <baseDealerPrice>17.63</baseDealerPrice>
    <yourDealerPrice>17.63</yourDealerPrice>
    <baseRetailPrice>33.99</baseRetailPrice>
    <originalRetailPrice>25.99</originalRetailPrice>
    <partImage>http://asset.lemansnet.com/z/LzUvMy8wLzUzMEUyMUQ1LURGMzctNDA2Qy1CMkQ1LUNDQTg5OEQ3NDkyRQ==</partImage>
    <productId>1474575095</productId>
    <productName>Premium Coupler Lock</productName>
    <productImage>http://asset.lemansnet.com/z/LzUvMy8wLzUzMEUyMUQ1LURGMzctNDA2Qy1CMkQ1LUNDQTg5OEQ3NDkyRQ==</productImage>
    <bullet1>Easily quarter-turn locks and unlocks head</bullet1>
    <bullet2>Can't pop open or be falsely locked</bullet2>
    <bullet3>Design incorporates O-ring and watertight cap to help seal out dirt and corrosion from the lock head mechanism</bullet3>
    <bullet4>Full-length solid forged lock pin can't pull out</bullet4>
    <bullet5/>
    <bullet6/>
    <bullet7/>
    <bullet8/>
    <bullet9/>
    <bullet10/>
    <bullet11/>
    <bullet12/>
    <bullet13/>
    <bullet14/>
    <bullet15/>
    <bullet16/>
    <bullet17/>
    <bullet18/>
    <bullet19/>
    <bullet20/>
    <bullet21/>
    <bullet22/>
    <bullet23/>
    <bullet24/>
    <vendorPriceUpdateDate>2022-07-27 00:00:00</vendorPriceUpdateDate>
  </part>
  <part>
    <partNumber>40100052</partNumber>
    <punctuatedPartNumber>4010-0052</punctuatedPartNumber>
    <partStatusDescription>STANDARD</partStatusDescription>
    <partDescription>Cable Lock - Dual Loop - 30'</partDescription>
    <unitOfMeasure>Each</unitOfMeasure>
    <brandName>TRIMAX</brandName>
    <supplierNumber>TDL3010</supplierNumber>
    <specialInstructions/>
    <baseDealerPrice>38.84</baseDealerPrice>
    <yourDealerPrice>38.84</yourDealerPrice>
    <baseRetailPrice>63.99</baseRetailPrice>
    <originalRetailPrice>43.99</originalRetailPrice>
    <partImage>http://asset.lemansnet.com/z/L0IvQy8yL0JDMjM4QjlGLTdDMTgtNEJDOS04QjgwLUNGNUYwODRCNTgxNQ==</partImage>
    <productId>1803539962</productId>
    <productName>Trimaflex™ Max Security Braided Cable</productName>
    <productImage>http://asset.lemansnet.com/z/L0IvQy8yL0JDMjM4QjlGLTdDMTgtNEJDOS04QjgwLUNGNUYwODRCNTgxNQ==</productImage>
    <bullet1>Quadra-braid cables</bullet1>
    <bullet2/>
    <bullet3/>
    <bullet4/>
    <bullet5/>
    <bullet6/>
    <bullet7/>
    <bullet8/>
    <bullet9/>
    <bullet10/>
    <bullet11/>
    <bullet12/>
    <bullet13/>
    <bullet14/>
    <bullet15/>
    <bullet16/>
    <bullet17/>
    <bullet18/>
    <bullet19/>
    <bullet20/>
    <bullet21/>
    <bullet22/>
    <bullet23/>
    <bullet24/>
    <vendorPriceUpdateDate>2022-07-27 00:00:00</vendorPriceUpdateDate>
  </part>
  <part>
    <partNumber>40100054</partNumber>
    <punctuatedPartNumber>4010-0054</punctuatedPartNumber>
    <partStatusDescription>STANDARD</partStatusDescription>
    <partDescription>Cable Lock - Dual Loop - 12'</partDescription>
    <unitOfMeasure>Each</unitOfMeasure>
    <brandName>TRIMAX</brandName>
    <supplierNumber>TDL1212</supplierNumber>
    <specialInstructions/>
    <baseDealerPrice>23.50</baseDealerPrice>
    <yourDealerPrice>23.50</yourDealerPrice>
    <baseRetailPrice>37.99</baseRetailPrice>
    <originalRetailPrice>25.99</originalRetailPrice>
    <partImage>http://asset.lemansnet.com/z/LzgvQy9GLzhDRkJFMkJBLTE1RUQtNDkzRi1CNTE0LTY5M0JGRjFGOTM2Qw==</partImage>
    <productId>1803539962</productId>
    <productName>Trimaflex™ Max Security Braided Cable</productName>
    <productImage>http://asset.lemansnet.com/z/L0IvQy8yL0JDMjM4QjlGLTdDMTgtNEJDOS04QjgwLUNGNUYwODRCNTgxNQ==</productImage>
    <bullet1>Quadra-braid cables</bullet1>
    <bullet2/>
    <bullet3/>
    <bullet4/>
    <bullet5/>
    <bullet6/>
    <bullet7/>
    <bullet8/>
    <bullet9/>
    <bullet10/>
    <bullet11/>
    <bullet12/>
    <bullet13/>
    <bullet14/>
    <bullet15/>
    <bullet16/>
    <bullet17/>
    <bullet18/>
    <bullet19/>
    <bullet20/>
    <bullet21/>
    <bullet22/>
    <bullet23/>
    <bullet24/>
    <vendorPriceUpdateDate>2022-07-27 00:00:00</vendorPriceUpdateDate>
  </part>
  <part>
    <partNumber>40100066</partNumber>
    <punctuatedPartNumber>4010-0066</punctuatedPartNumber>
    <partStatusDescription>STANDARD</partStatusDescription>
    <partDescription>Universal Coupler Lock - 9/16"</partDescription>
    <unitOfMeasure>Each</unitOfMeasure>
    <brandName>TRIMAX</brandName>
    <supplierNumber>UMAX50D</supplierNumber>
    <specialInstructions/>
    <baseDealerPrice>60.21</baseDealerPrice>
    <yourDealerPrice>60.21</yourDealerPrice>
    <baseRetailPrice>94.99</baseRetailPrice>
    <originalRetailPrice>72.99</originalRetailPrice>
    <partImage>http://asset.lemansnet.com/z/LzYvQi82LzZCNjgzMkE4LUFERkItNDkzRC05NzE3LTZBNEM3Q0M2M0M2MQ==</partImage>
    <productId>1116577737</productId>
    <productName>Universal Unattended Trailer Coupler Lock</productName>
    <productImage>http://asset.lemansnet.com/z/LzYvQi82LzZCNjgzMkE4LUFERkItNDkzRC05NzE3LTZBNEM3Q0M2M0M2MQ==</productImage>
    <bullet1>9/16" shackle</bullet1>
    <bullet2>Aluminum body with corrosion-resistant powder-coat finish</bullet2>
    <bullet3>Reinforced shoulder guard resists hammer strikes and saw cuts</bullet3>
    <bullet4>Universal size; fits all coupler types from 1-7/8" to 2-5/16"</bullet4>
    <bullet5>Keyhole cover seals out dirt and grime</bullet5>
    <bullet6/>
    <bullet7/>
    <bullet8/>
    <bullet9/>
    <bullet10/>
    <bullet11/>
    <bullet12/>
    <bullet13/>
    <bullet14/>
    <bullet15/>
    <bullet16/>
    <bullet17/>
    <bullet18/>
    <bullet19/>
    <bullet20/>
    <bullet21/>
    <bullet22/>
    <bullet23/>
    <bullet24/>
    <vendorPriceUpdateDate>2022-07-27 00:00:00</vendorPriceUpdateDate>
  </part>
  <part>
    <partNumber>40100086</partNumber>
    <punctuatedPartNumber>4010-0086</punctuatedPartNumber>
    <partStatusDescription>STANDARD</partStatusDescription>
    <partDescription>Adjustable Coupler Lock - Universal</partDescription>
    <unitOfMeasure>Each</unitOfMeasure>
    <brandName>TRIMAX</brandName>
    <supplierNumber>TC123</supplierNumber>
    <specialInstructions/>
    <baseDealerPrice>18.11</baseDealerPrice>
    <yourDealerPrice>18.11</yourDealerPrice>
    <baseRetailPrice>33.99</baseRetailPrice>
    <originalRetailPrice>25.99</originalRetailPrice>
    <partImage>http://asset.lemansnet.com/z/L0YvMC80L0YwNDEzNkQyLTBBMDMtNDczOS04QjkzLTlFRjBFNDIzMDIyMg==</partImage>
    <productId>0805428731</productId>
    <productName>Adjustable Coupler Lock</productName>
    <productImage>http://asset.lemansnet.com/z/L0YvMC80L0YwNDEzNkQyLTBBMDMtNDczOS04QjkzLTlFRjBFNDIzMDIyMg==</productImage>
    <bullet1>Features an adjustable locking pin</bullet1>
    <bullet2>The coupler has a 7/8" to 31/2" span</bullet2>
    <bullet3>Triple-plated with a chrome finish</bullet3>
    <bullet4/>
    <bullet5/>
    <bullet6/>
    <bullet7/>
    <bullet8/>
    <bullet9/>
    <bullet10/>
    <bullet11/>
    <bullet12/>
    <bullet13/>
    <bullet14/>
    <bullet15/>
    <bullet16/>
    <bullet17/>
    <bullet18/>
    <bullet19/>
    <bullet20/>
    <bullet21/>
    <bullet22/>
    <bullet23/>
    <bullet24/>
    <vendorPriceUpdateDate>2022-07-27 00:00:00</vendorPriceUpdateDate>
  </part>
  <part>
    <partNumber>40100382</partNumber>
    <punctuatedPartNumber>4010-0382</punctuatedPartNumber>
    <partStatusDescription>STANDARD</partStatusDescription>
    <partDescription>Receiver Lock - Black - 5/8" x 3-1/2"</partDescription>
    <unitOfMeasure>Each</unitOfMeasure>
    <brandName>TRIMAX</brandName>
    <supplierNumber>T5BLACK</supplierNumber>
    <specialInstructions/>
    <baseDealerPrice>24.65</baseDealerPrice>
    <yourDealerPrice>24.65</yourDealerPrice>
    <baseRetailPrice>51.99</baseRetailPrice>
    <originalRetailPrice>39.99</originalRetailPrice>
    <partImage>http://asset.lemansnet.com/z/LzYvNS9CLzY1QjFDQUFELUIzODktNDFBQy1BQkMyLTIxRkY0MDMzQUQ4NA==</partImage>
    <productId>1039228691</productId>
    <productName>Key Receiver Lock</productName>
    <productImage>http://asset.lemansnet.com/z/LzEvRi9BLzFGQURGRUE1LTc0NEItNEQ1Qy1BODM2LUVFMzlFMzhFMDM4Qg==</productImage>
    <bullet1>Fit Class V receiver hitches</bullet1>
    <bullet2>5/8" x 3-1/2" span</bullet2>
    <bullet3/>
    <bullet4/>
    <bullet5/>
    <bullet6/>
    <bullet7/>
    <bullet8/>
    <bullet9/>
    <bullet10/>
    <bullet11/>
    <bullet12/>
    <bullet13/>
    <bullet14/>
    <bullet15/>
    <bullet16/>
    <bullet17/>
    <bullet18/>
    <bullet19/>
    <bullet20/>
    <bullet21/>
    <bullet22/>
    <bullet23/>
    <bullet24/>
    <vendorPriceUpdateDate>2022-07-27 00:00:00</vendorPriceUpdateDate>
  </part>
  <part>
    <partNumber>40100383</partNumber>
    <punctuatedPartNumber>4010-0383</punctuatedPartNumber>
    <partStatusDescription>STANDARD</partStatusDescription>
    <partDescription>Receiver Lock - Stainless Steel - 5/8" x 3-1/2"</partDescription>
    <unitOfMeasure>Each</unitOfMeasure>
    <brandName>TRIMAX</brandName>
    <supplierNumber>SXT5</supplierNumber>
    <specialInstructions/>
    <baseDealerPrice>35.51</baseDealerPrice>
    <yourDealerPrice>35.51</yourDealerPrice>
    <baseRetailPrice>64.99</baseRetailPrice>
    <originalRetailPrice>49.99</originalRetailPrice>
    <partImage>http://asset.lemansnet.com/z/LzkvQy85LzlDOTcwQURELTM1NEItNEJFOC1BN0VBLUZFNTUzNEQ5NUQ0Rg==</partImage>
    <productId>1039228691</productId>
    <productName>Key Receiver Lock</productName>
    <productImage>http://asset.lemansnet.com/z/LzEvRi9BLzFGQURGRUE1LTc0NEItNEQ1Qy1BODM2LUVFMzlFMzhFMDM4Qg==</productImage>
    <bullet1>Fit Class V receiver hitches</bullet1>
    <bullet2>5/8" x 3-1/2" span</bullet2>
    <bullet3/>
    <bullet4/>
    <bullet5/>
    <bullet6/>
    <bullet7/>
    <bullet8/>
    <bullet9/>
    <bullet10/>
    <bullet11/>
    <bullet12/>
    <bullet13/>
    <bullet14/>
    <bullet15/>
    <bullet16/>
    <bullet17/>
    <bullet18/>
    <bullet19/>
    <bullet20/>
    <bullet21/>
    <bullet22/>
    <bullet23/>
    <bullet24/>
    <vendorPriceUpdateDate>2022-07-27 00:00:00</vendorPriceUpdateDate>
  </part>
  <part>
    <partNumber>40100001</partNumber>
    <punctuatedPartNumber>4010-0001</punctuatedPartNumber>
    <partStatusDescription>STANDARD</partStatusDescription>
    <partDescription>Dual-Locking Lock</partDescription>
    <unitOfMeasure>Each</unitOfMeasure>
    <brandName>TRIMAX</brandName>
    <supplierNumber>TPW1125</supplierNumber>
    <specialInstructions/>
    <baseDealerPrice>9.75</baseDealerPrice>
    <yourDealerPrice>9.75</yourDealerPrice>
    <baseRetailPrice>15.99</baseRetailPrice>
    <originalRetailPrice>11.99</originalRetailPrice>
    <partImage>http://asset.lemansnet.com/z/L0IvRi82L0JGNjU3NENFLUU1RkMtNDhEMC04M0QxLTM2QzIzNjM4MUNGNg==</partImage>
    <productId>0932820469</productId>
    <productName>Weatherproof Padlock</productName>
    <productImage>http://asset.lemansnet.com/z/L0IvRi82L0JGNjU3NENFLUU1RkMtNDhEMC04M0QxLTM2QzIzNjM4MUNGNg==</productImage>
    <bullet1>Rugged weather-resistant PVC housing covers laminated solid brass lock body</bullet1>
    <bullet2>Dual-locking 1-1/8" x 5/16" diameter hardened shackle</bullet2>
    <bullet3/>
    <bullet4/>
    <bullet5/>
    <bullet6/>
    <bullet7/>
    <bullet8/>
    <bullet9/>
    <bullet10/>
    <bullet11/>
    <bullet12/>
    <bullet13/>
    <bullet14/>
    <bullet15/>
    <bullet16/>
    <bullet17/>
    <bullet18/>
    <bullet19/>
    <bullet20/>
    <bullet21/>
    <bullet22/>
    <bullet23/>
    <bullet24/>
    <vendorPriceUpdateDate>2022-07-27 00:00:00</vendorPriceUpdateDate>
  </part>
  <part>
    <partNumber>40100017</partNumber>
    <punctuatedPartNumber>4010-0017</punctuatedPartNumber>
    <partStatusDescription>STANDARD</partStatusDescription>
    <partDescription>Quick-Release and Cable Locks - 72"</partDescription>
    <unitOfMeasure>Each</unitOfMeasure>
    <brandName>TRIMAX</brandName>
    <supplierNumber>TKC126</supplierNumber>
    <specialInstructions/>
    <baseDealerPrice>20.40</baseDealerPrice>
    <yourDealerPrice>20.40</yourDealerPrice>
    <baseRetailPrice>38.99</baseRetailPrice>
    <originalRetailPrice>29.99</originalRetailPrice>
    <partImage>http://asset.lemansnet.com/z/LzIvOS84LzI5ODU0MTY3LTZDQzMtNEVBOC1BODUxLUE3NjI0REU4QjgzQw==</partImage>
    <productId>0223178320</productId>
    <productName>Trimaflex™ Cable Lock</productName>
    <productImage>http://asset.lemansnet.com/z/LzIvOS84LzI5ODU0MTY3LTZDQzMtNEVBOC1BODUxLUE3NjI0REU4QjgzQw==</productImage>
    <bullet1>High-strength Trimaflex™ quadra-braid cable with PVC protective coating to prevent surface scratching</bullet1>
    <bullet2>Lock mechanisms are covered in rugged plastic for durability and trouble-free use</bullet2>
    <bullet3/>
    <bullet4/>
    <bullet5/>
    <bullet6/>
    <bullet7/>
    <bullet8/>
    <bullet9/>
    <bullet10/>
    <bullet11/>
    <bullet12/>
    <bullet13/>
    <bullet14/>
    <bullet15/>
    <bullet16/>
    <bullet17/>
    <bullet18/>
    <bullet19/>
    <bullet20/>
    <bullet21/>
    <bullet22/>
    <bullet23/>
    <bullet24/>
    <vendorPriceUpdateDate>2022-07-27 00:00:00</vendorPriceUpdateDate>
  </part>
  <part>
    <partNumber>40100020</partNumber>
    <punctuatedPartNumber>4010-0020</punctuatedPartNumber>
    <partStatusDescription>STANDARD</partStatusDescription>
    <partDescription>Stainless Steel Round Padlock - Keyed</partDescription>
    <unitOfMeasure>Each</unitOfMeasure>
    <brandName>TRIMAX</brandName>
    <supplierNumber>TRP170</supplierNumber>
    <specialInstructions/>
    <baseDealerPrice>14.66</baseDealerPrice>
    <yourDealerPrice>14.66</yourDealerPrice>
    <baseRetailPrice>28.99</baseRetailPrice>
    <originalRetailPrice>21.99</originalRetailPrice>
    <partImage>http://asset.lemansnet.com/z/L0MvRi9BL0NGQTg1ODFDLTY2MDctNEZGMy05QzYyLTE2MjlFRkE0MDZEMw==</partImage>
    <productId>1818904831</productId>
    <productName>Stainless Steel Round Padlock</productName>
    <productImage>http://asset.lemansnet.com/z/L0MvRi9BL0NGQTg1ODFDLTY2MDctNEZGMy05QzYyLTE2MjlFRkE0MDZEMw==</productImage>
    <bullet1>2-3/4" (70 mm) round padlock with 3/8" (10 mm) hardened shackle and exclusive armor-plated key core for additional security</bullet1>
    <bullet2>Ideal for enclosed trailers, forks, cases with T-Hex™ chain, and cargo boxes</bullet2>
    <bullet3>Protects against bolt cutters</bullet3>
    <bullet4/>
    <bullet5/>
    <bullet6/>
    <bullet7/>
    <bullet8/>
    <bullet9/>
    <bullet10/>
    <bullet11/>
    <bullet12/>
    <bullet13/>
    <bullet14/>
    <bullet15/>
    <bullet16/>
    <bullet17/>
    <bullet18/>
    <bullet19/>
    <bullet20/>
    <bullet21/>
    <bullet22/>
    <bullet23/>
    <bullet24/>
    <vendorPriceUpdateDate>2022-07-27 00:00:00</vendorPriceUpdateDate>
  </part>
  <part>
    <partNumber>40100025</partNumber>
    <punctuatedPartNumber>4010-0025</punctuatedPartNumber>
    <partStatusDescription>STANDARD</partStatusDescription>
    <partDescription>Hockey Puck Padlock</partDescription>
    <unitOfMeasure>Each</unitOfMeasure>
    <brandName>TRIMAX</brandName>
    <supplierNumber>THPXL</supplierNumber>
    <specialInstructions/>
    <baseDealerPrice>34.07</baseDealerPrice>
    <yourDealerPrice>34.07</yourDealerPrice>
    <baseRetailPrice>62.99</baseRetailPrice>
    <originalRetailPrice>48.99</originalRetailPrice>
    <partImage>http://asset.lemansnet.com/z/LzEvOS9GLzE5RjNGNDM3LUZGRjYtNDJFOC04Qzk5LTg5N0M5QjYwQzFFMywvMS85L0IvMTlCQURGQTgtRkRFNS00MDk1LTlCMzUtOTJFRjk5NTMwOTQ1</partImage>
    <productId>0359319461</productId>
    <productName>Hockey Puck Internal Shackle Lock</productName>
    <productImage>http://asset.lemansnet.com/z/LzEvOS9GLzE5RjNGNDM3LUZGRjYtNDJFOC04Qzk5LTg5N0M5QjYwQzFFMw==</productImage>
    <bullet1>Protects against bolt cutters with no exposed shackle to cut or saw</bullet1>
    <bullet2>Easy-to-use and weather resistant</bullet2>
    <bullet3>Thick 2-7/8" diameter solid steel body with 3/8" diameter internal shackle</bullet3>
    <bullet4/>
    <bullet5/>
    <bullet6/>
    <bullet7/>
    <bullet8/>
    <bullet9/>
    <bullet10/>
    <bullet11/>
    <bullet12/>
    <bullet13/>
    <bullet14/>
    <bullet15/>
    <bullet16/>
    <bullet17/>
    <bullet18/>
    <bullet19/>
    <bullet20/>
    <bullet21/>
    <bullet22/>
    <bullet23/>
    <bullet24/>
    <vendorPriceUpdateDate>2022-07-27 00:00:00</vendorPriceUpdateDate>
  </part>
  <part>
    <partNumber>40100029</partNumber>
    <punctuatedPartNumber>4010-0029</punctuatedPartNumber>
    <partStatusDescription>STANDARD</partStatusDescription>
    <partDescription>U-Lock Lock Chain - 5'</partDescription>
    <unitOfMeasure>Each</unitOfMeasure>
    <brandName>TRIMAX</brandName>
    <supplierNumber>THEX5040</supplierNumber>
    <specialInstructions/>
    <baseDealerPrice>76.49</baseDealerPrice>
    <yourDealerPrice>76.49</yourDealerPrice>
    <baseRetailPrice>144.99</baseRetailPrice>
    <originalRetailPrice>114.99</originalRetailPrice>
    <partImage>http://asset.lemansnet.com/z/L0QvMy8wL0QzMDMxOTgxLTU2MTgtNDE0OS05MEM4LUVDRjZENDY2MjZGNQ==</partImage>
    <productId>2013201789</productId>
    <productName>5' Ultra-Max T-Hex™ Super Chain</productName>
    <productImage>http://asset.lemansnet.com/z/L0QvMy8wL0QzMDMxOTgxLTU2MTgtNDE0OS05MEM4LUVDRjZENDY2MjZGNQ==</productImage>
    <bullet1>Hexagonal-shaped, case-hardened and triple-heat-treated; withstands over 6 tons of pulling force and 11 tons of cutting force</bullet1>
    <bullet2>Durable Nylonex™ sleeve protects against scratches</bullet2>
    <bullet3>Chain features a noose link so chain can be looped</bullet3>
    <bullet4>Includes Tri-Max® U-lock</bullet4>
    <bullet5/>
    <bullet6/>
    <bullet7/>
    <bullet8/>
    <bullet9/>
    <bullet10/>
    <bullet11/>
    <bullet12/>
    <bullet13/>
    <bullet14/>
    <bullet15/>
    <bullet16/>
    <bullet17/>
    <bullet18/>
    <bullet19/>
    <bullet20/>
    <bullet21/>
    <bullet22/>
    <bullet23/>
    <bullet24/>
    <vendorPriceUpdateDate>2022-07-27 00:00:00</vendorPriceUpdateDate>
  </part>
  <part>
    <partNumber>40100031</partNumber>
    <punctuatedPartNumber>4010-0031</punctuatedPartNumber>
    <partStatusDescription>STANDARD</partStatusDescription>
    <partDescription>Receiver Lock - With Key - 5/8" - Chrome</partDescription>
    <unitOfMeasure>Each</unitOfMeasure>
    <brandName>TRIMAX</brandName>
    <supplierNumber>T3</supplierNumber>
    <specialInstructions/>
    <baseDealerPrice>22.45</baseDealerPrice>
    <yourDealerPrice>22.45</yourDealerPrice>
    <baseRetailPrice>44.99</baseRetailPrice>
    <originalRetailPrice>34.99</originalRetailPrice>
    <partImage>http://asset.lemansnet.com/z/LzIvNi82LzI2NkQ0OUI5LTEwRDEtNDA3OS1CRUYzLTIxRjY1NDhFQzdDNg==</partImage>
    <productId>0917602414</productId>
    <productName>Machined Hardened Steel Locking Pin</productName>
    <productImage>http://asset.lemansnet.com/z/LzUvQy8xLzVDMTc2RTE4LTdGOEEtNEEwQS04OThFLUMxQTNDQTg0MDlBMQ==</productImage>
    <bullet1>Quarter-turn locks/unlocks head</bullet1>
    <bullet2>Lock can't pop open or false lock</bullet2>
    <bullet3/>
    <bullet4/>
    <bullet5/>
    <bullet6/>
    <bullet7/>
    <bullet8/>
    <bullet9/>
    <bullet10/>
    <bullet11/>
    <bullet12/>
    <bullet13/>
    <bullet14/>
    <bullet15/>
    <bullet16/>
    <bullet17/>
    <bullet18/>
    <bullet19/>
    <bullet20/>
    <bullet21/>
    <bullet22/>
    <bullet23/>
    <bullet24/>
    <vendorPriceUpdateDate>2022-07-27 00:00:00</vendorPriceUpdateDate>
  </part>
  <part>
    <partNumber>40100041</partNumber>
    <punctuatedPartNumber>4010-0041</punctuatedPartNumber>
    <partStatusDescription>STANDARD</partStatusDescription>
    <partDescription>Span Coupler Lock - 2-1/2"</partDescription>
    <unitOfMeasure>Each</unitOfMeasure>
    <brandName>TRIMAX</brandName>
    <supplierNumber>TC2</supplierNumber>
    <specialInstructions/>
    <baseDealerPrice>17.48</baseDealerPrice>
    <yourDealerPrice>17.48</yourDealerPrice>
    <baseRetailPrice>31.99</baseRetailPrice>
    <originalRetailPrice>24.99</originalRetailPrice>
    <partImage>http://asset.lemansnet.com/z/LzgvQy8yLzhDMkY0RURCLTVEQTUtNDM4NC04OTZDLUE4MDM0QkU1QzRFQg==</partImage>
    <productId>1474575095</productId>
    <productName>Premium Coupler Lock</productName>
    <productImage>http://asset.lemansnet.com/z/LzUvMy8wLzUzMEUyMUQ1LURGMzctNDA2Qy1CMkQ1LUNDQTg5OEQ3NDkyRQ==</productImage>
    <bullet1>Easily quarter-turn locks and unlocks head</bullet1>
    <bullet2>Can't pop open or be falsely locked</bullet2>
    <bullet3>Design incorporates O-ring and watertight cap to help seal out dirt and corrosion from the lock head mechanism</bullet3>
    <bullet4>Full-length solid forged lock pin can't pull out</bullet4>
    <bullet5/>
    <bullet6/>
    <bullet7/>
    <bullet8/>
    <bullet9/>
    <bullet10/>
    <bullet11/>
    <bullet12/>
    <bullet13/>
    <bullet14/>
    <bullet15/>
    <bullet16/>
    <bullet17/>
    <bullet18/>
    <bullet19/>
    <bullet20/>
    <bullet21/>
    <bullet22/>
    <bullet23/>
    <bullet24/>
    <vendorPriceUpdateDate>2022-07-27 00:00:00</vendorPriceUpdateDate>
  </part>
  <part>
    <partNumber>40100047</partNumber>
    <punctuatedPartNumber>4010-0047</punctuatedPartNumber>
    <partStatusDescription>STANDARD</partStatusDescription>
    <partDescription>Coupler and Receiver Lock - 7/8"</partDescription>
    <unitOfMeasure>Set</unitOfMeasure>
    <brandName>TRIMAX</brandName>
    <supplierNumber>SXTM31</supplierNumber>
    <specialInstructions/>
    <baseDealerPrice>56.04</baseDealerPrice>
    <yourDealerPrice>56.04</yourDealerPrice>
    <baseRetailPrice>91.99</baseRetailPrice>
    <originalRetailPrice>70.99</originalRetailPrice>
    <partImage>http://asset.lemansnet.com/z/LzQvRS9BLzRFQUNCMjNGLTc5RUEtNDVGOS1CRkIwLTlGN0JDQkJFMTVBMSwvRS9BLzMvRUEzMUE5NUYtOERDNC00RTEwLUE0RkItOUZFOTE5MzI1MzQzLC9FLzQvOS9FNDlEQjE4OS0zMkExLTRDOTItQTlENi0yQzgwMTQ0Rjc5QkE=</partImage>
    <productId>1348408978</productId>
    <productName>Premium Coupler and Receiver Lock Set</productName>
    <productImage>http://asset.lemansnet.com/z/LzEvQS83LzFBNzBGMjcxLUY0N0YtNEU1OS1CMUIzLTdFNzM3NjlEMUEzRA==</productImage>
    <bullet1>Easily quarter-turn locks and unlocks head</bullet1>
    <bullet2>Can't pop open or be falsely locked</bullet2>
    <bullet3>Design incorporates O-ring and watertight cap to help seal out dirt and corrosion from the lock head mechanism</bullet3>
    <bullet4>Full length solid forged lock pin can't pull out</bullet4>
    <bullet5>Keyed-alike lock set</bullet5>
    <bullet6/>
    <bullet7/>
    <bullet8/>
    <bullet9/>
    <bullet10/>
    <bullet11/>
    <bullet12/>
    <bullet13/>
    <bullet14/>
    <bullet15/>
    <bullet16/>
    <bullet17/>
    <bullet18/>
    <bullet19/>
    <bullet20/>
    <bullet21/>
    <bullet22/>
    <bullet23/>
    <bullet24/>
    <vendorPriceUpdateDate>2022-07-27 00:00:00</vendorPriceUpdateDate>
  </part>
  <part>
    <partNumber>40100050</partNumber>
    <punctuatedPartNumber>4010-0050</punctuatedPartNumber>
    <partStatusDescription>STANDARD</partStatusDescription>
    <partDescription>Cable Combination Lock - Retractable</partDescription>
    <unitOfMeasure>Each</unitOfMeasure>
    <brandName>TRIMAX</brandName>
    <supplierNumber>T33RC</supplierNumber>
    <specialInstructions/>
    <baseDealerPrice>14.78</baseDealerPrice>
    <yourDealerPrice>14.78</yourDealerPrice>
    <baseRetailPrice>25.99</baseRetailPrice>
    <originalRetailPrice>23.99</originalRetailPrice>
    <partImage>http://asset.lemansnet.com/z/L0YvNS9BL0Y1QTNBMzcxLUM0OEEtNDJFRi05NEU5LTlFMDQ3OEZGMzVEMA==</partImage>
    <productId>0376742259</productId>
    <productName>Retractable Cable Combination Lock</productName>
    <productImage>http://asset.lemansnet.com/z/L0YvNS9BL0Y1QTNBMzcxLUM0OEEtNDJFRi05NEU5LTlFMDQ3OEZGMzVEMA==</productImage>
    <bullet1>Rugged three-digit resettable combination lock</bullet1>
    <bullet2>36" long, 1/8" diameter retractable cable</bullet2>
    <bullet3/>
    <bullet4/>
    <bullet5/>
    <bullet6/>
    <bullet7/>
    <bullet8/>
    <bullet9/>
    <bullet10/>
    <bullet11/>
    <bullet12/>
    <bullet13/>
    <bullet14/>
    <bullet15/>
    <bullet16/>
    <bullet17/>
    <bullet18/>
    <bullet19/>
    <bullet20/>
    <bullet21/>
    <bullet22/>
    <bullet23/>
    <bullet24/>
    <vendorPriceUpdateDate>2022-07-27 00:00:00</vendorPriceUpdateDate>
  </part>
  <part>
    <partNumber>40100053</partNumber>
    <punctuatedPartNumber>4010-0053</punctuatedPartNumber>
    <partStatusDescription>STANDARD</partStatusDescription>
    <partDescription>Cable Lock - Dual Loop - 15'</partDescription>
    <unitOfMeasure>Each</unitOfMeasure>
    <brandName>TRIMAX</brandName>
    <supplierNumber>TDL1510</supplierNumber>
    <specialInstructions/>
    <baseDealerPrice>21.73</baseDealerPrice>
    <yourDealerPrice>21.73</yourDealerPrice>
    <baseRetailPrice>35.99</baseRetailPrice>
    <originalRetailPrice>24.99</originalRetailPrice>
    <partImage>http://asset.lemansnet.com/z/LzgvMi8wLzgyMENERjcxLTA1MTctNDU2Qi1BQzE2LTg0RTlCNUFGMjE3Ng==</partImage>
    <productId>1803539962</productId>
    <productName>Trimaflex™ Max Security Braided Cable</productName>
    <productImage>http://asset.lemansnet.com/z/L0IvQy8yL0JDMjM4QjlGLTdDMTgtNEJDOS04QjgwLUNGNUYwODRCNTgxNQ==</productImage>
    <bullet1>Quadra-braid cables</bullet1>
    <bullet2/>
    <bullet3/>
    <bullet4/>
    <bullet5/>
    <bullet6/>
    <bullet7/>
    <bullet8/>
    <bullet9/>
    <bullet10/>
    <bullet11/>
    <bullet12/>
    <bullet13/>
    <bullet14/>
    <bullet15/>
    <bullet16/>
    <bullet17/>
    <bullet18/>
    <bullet19/>
    <bullet20/>
    <bullet21/>
    <bullet22/>
    <bullet23/>
    <bullet24/>
    <vendorPriceUpdateDate>2022-07-27 00:00:00</vendorPriceUpdateDate>
  </part>
  <part>
    <partNumber>40100058</partNumber>
    <punctuatedPartNumber>4010-0058</punctuatedPartNumber>
    <partStatusDescription>STANDARD</partStatusDescription>
    <partDescription>Max 40 U-Lock - Disc/Cables - Yellow</partDescription>
    <unitOfMeasure>Each</unitOfMeasure>
    <brandName>TRIMAX</brandName>
    <supplierNumber>MAX40YL</supplierNumber>
    <specialInstructions/>
    <baseDealerPrice>22.47</baseDealerPrice>
    <yourDealerPrice>22.47</yourDealerPrice>
    <baseRetailPrice>45.99</baseRetailPrice>
    <originalRetailPrice>34.99</originalRetailPrice>
    <partImage>http://asset.lemansnet.com/z/L0IvRS9DL0JFQzkzMkM4LTU1MzYtNDMxQi05QUQxLUQ5OEMzNDZFNjc4Ng==</partImage>
    <productId>1793734496</productId>
    <productName>Max 40 Ultra-High-Security Disc/Cable Lock</productName>
    <productImage>http://asset.lemansnet.com/z/LzIvNy83LzI3N0U3ODdFLTgxOUEtNDBDNi1CRUE3LUI5ODc2NDg1MjNCQg==</productImage>
    <bullet1>For use on motorcycle discs and looped cables</bullet1>
    <bullet2/>
    <bullet3/>
    <bullet4/>
    <bullet5/>
    <bullet6/>
    <bullet7/>
    <bullet8/>
    <bullet9/>
    <bullet10/>
    <bullet11/>
    <bullet12/>
    <bullet13/>
    <bullet14/>
    <bullet15/>
    <bullet16/>
    <bullet17/>
    <bullet18/>
    <bullet19/>
    <bullet20/>
    <bullet21/>
    <bullet22/>
    <bullet23/>
    <bullet24/>
    <vendorPriceUpdateDate>2022-07-27 00:00:00</vendorPriceUpdateDate>
  </part>
  <part>
    <partNumber>40100072</partNumber>
    <punctuatedPartNumber>4010-0072</punctuatedPartNumber>
    <partStatusDescription>STANDARD</partStatusDescription>
    <partDescription>Max60 U-Lock</partDescription>
    <unitOfMeasure>Each</unitOfMeasure>
    <brandName>TRIMAX</brandName>
    <supplierNumber>MAX60</supplierNumber>
    <specialInstructions/>
    <baseDealerPrice>28.58</baseDealerPrice>
    <yourDealerPrice>28.58</yourDealerPrice>
    <baseRetailPrice>54.99</baseRetailPrice>
    <originalRetailPrice>41.99</originalRetailPrice>
    <partImage>http://asset.lemansnet.com/z/L0YvQy81L0ZDNTE3NTkzLUQwRjAtNEM5MC1CREY3LTEyRDVERkFCMUIyNywvQi9FLzcvQkU3RjZGRDUtNkE4Ni00OTNGLUJBMjAtOEJDOTcxRjRFOEE2</partImage>
    <productId>1566798077</productId>
    <productName>Max60 U-Lock</productName>
    <productImage>http://asset.lemansnet.com/z/L0YvQy81L0ZDNTE3NTkzLUQwRjAtNEM5MC1CREY3LTEyRDVERkFCMUIyNw==</productImage>
    <bullet1>Short-shackle disc U-lock</bullet1>
    <bullet2>Features three flat keys with one key equipped with a mini flashlight, and a durable PVC sleeve covers the chrome shackle to prevent marring and scratching</bullet2>
    <bullet3>The hardened solid steel lock prevents prying, sawing and hammer impacts</bullet3>
    <bullet4>Ideal for motorcycles, spare tires, trailers, ATVs, snowmobiles and watercraft</bullet4>
    <bullet5/>
    <bullet6/>
    <bullet7/>
    <bullet8/>
    <bullet9/>
    <bullet10/>
    <bullet11/>
    <bullet12/>
    <bullet13/>
    <bullet14/>
    <bullet15/>
    <bullet16/>
    <bullet17/>
    <bullet18/>
    <bullet19/>
    <bullet20/>
    <bullet21/>
    <bullet22/>
    <bullet23/>
    <bullet24/>
    <vendorPriceUpdateDate>2022-07-27 00:00:00</vendorPriceUpdateDate>
  </part>
  <part>
    <partNumber>40100085</partNumber>
    <punctuatedPartNumber>4010-0085</punctuatedPartNumber>
    <partStatusDescription>STANDARD</partStatusDescription>
    <partDescription>Universal Chock Lock</partDescription>
    <unitOfMeasure>Each</unitOfMeasure>
    <brandName>TRIMAX</brandName>
    <supplierNumber>TCL75</supplierNumber>
    <specialInstructions/>
    <baseDealerPrice>97.45</baseDealerPrice>
    <yourDealerPrice>97.45</yourDealerPrice>
    <baseRetailPrice>179.99</baseRetailPrice>
    <originalRetailPrice>138.99</originalRetailPrice>
    <partImage>http://asset.lemansnet.com/z/LzUvQy9GLzVDRjNGNEVDLTEyQUEtNDIyRS1CMkUxLUMxQjk1MzlCMUQxNw==</partImage>
    <productId>0696636827</productId>
    <productName>Universal Chock Lock</productName>
    <productImage>http://asset.lemansnet.com/z/LzUvQy9GLzVDRjNGNEVDLTEyQUEtNDIyRS1CMkUxLUMxQjk1MzlCMUQxNw==</productImage>
    <bullet1>Ideal for motorcycles, trailers, ATVs, snowmobiles, etc.</bullet1>
    <bullet2>Easy two-step installation: just push lock around the wheel and slide lock tight</bullet2>
    <bullet3>Comes with three keys</bullet3>
    <bullet4/>
    <bullet5/>
    <bullet6/>
    <bullet7/>
    <bullet8/>
    <bullet9/>
    <bullet10/>
    <bullet11/>
    <bullet12/>
    <bullet13/>
    <bullet14/>
    <bullet15/>
    <bullet16/>
    <bullet17/>
    <bullet18/>
    <bullet19/>
    <bullet20/>
    <bullet21/>
    <bullet22/>
    <bullet23/>
    <bullet24/>
    <vendorPriceUpdateDate>2022-07-27 00:00:00</vendorPriceUpdateDate>
  </part>
  <part>
    <partNumber>40100187</partNumber>
    <punctuatedPartNumber>4010-0187</punctuatedPartNumber>
    <partStatusDescription>STANDARD</partStatusDescription>
    <partDescription>Alarm Cable Lock</partDescription>
    <unitOfMeasure>Each</unitOfMeasure>
    <brandName>TRIMAX</brandName>
    <supplierNumber>TAL2572</supplierNumber>
    <specialInstructions/>
    <baseDealerPrice>100.63</baseDealerPrice>
    <yourDealerPrice>100.63</yourDealerPrice>
    <baseRetailPrice>176.99</baseRetailPrice>
    <originalRetailPrice>136.99</originalRetailPrice>
    <partImage>http://asset.lemansnet.com/z/LzMvNy8yLzM3MjQ1MjUwLTdFNEMtNDE4Ny1CRTFDLTMxQzYyMzFCMzkzRQ==</partImage>
    <productId>1327667887</productId>
    <productName>Alarm Cable Lock</productName>
    <productImage>http://asset.lemansnet.com/z/LzMvNy8yLzM3MjQ1MjUwLTdFNEMtNDE4Ny1CRTFDLTMxQzYyMzFCMzkzRQ==</productImage>
    <bullet1>25 mm Quadra-braid cable</bullet1>
    <bullet2>Push-button activation and weather-resistant housing</bullet2>
    <bullet3>Alarm will reset itself</bullet3>
    <bullet4/>
    <bullet5/>
    <bullet6/>
    <bullet7/>
    <bullet8/>
    <bullet9/>
    <bullet10/>
    <bullet11/>
    <bullet12/>
    <bullet13/>
    <bullet14/>
    <bullet15/>
    <bullet16/>
    <bullet17/>
    <bullet18/>
    <bullet19/>
    <bullet20/>
    <bullet21/>
    <bullet22/>
    <bullet23/>
    <bullet24/>
    <vendorPriceUpdateDate>2022-07-27 00:00:00</vendorPriceUpdateDate>
  </part>
  <part>
    <partNumber>40100385</partNumber>
    <punctuatedPartNumber>4010-0385</punctuatedPartNumber>
    <partStatusDescription>STANDARD</partStatusDescription>
    <partDescription>Coupler Lock - Red - 2 Keys</partDescription>
    <unitOfMeasure>Each</unitOfMeasure>
    <brandName>TRIMAX</brandName>
    <supplierNumber>UMAX25D</supplierNumber>
    <specialInstructions/>
    <baseDealerPrice>40.88</baseDealerPrice>
    <yourDealerPrice>40.88</yourDealerPrice>
    <baseRetailPrice>49.99</baseRetailPrice>
    <originalRetailPrice>38.99</originalRetailPrice>
    <partImage>http://asset.lemansnet.com/z/L0IvMi9CL0IyQkYyM0IzLTZDODUtNEY4Ni05RjA5LTkxNzM5NDk0MDFBRQ==</partImage>
    <productId>1640802991</productId>
    <productName>Universal Die-Cast Body Coupler Lock</productName>
    <productImage>http://asset.lemansnet.com/z/L0IvMi9CL0IyQkYyM0IzLTZDODUtNEY4Ni05RjA5LTkxNzM5NDk0MDFBRQ==</productImage>
    <bullet1>Extra security for unattended trailers</bullet1>
    <bullet2>Unmatched patented dual lock system</bullet2>
    <bullet3>Secure to wheel with chain or cable</bullet3>
    <bullet4/>
    <bullet5/>
    <bullet6/>
    <bullet7/>
    <bullet8/>
    <bullet9/>
    <bullet10/>
    <bullet11/>
    <bullet12/>
    <bullet13/>
    <bullet14/>
    <bullet15/>
    <bullet16/>
    <bullet17/>
    <bullet18/>
    <bullet19/>
    <bullet20/>
    <bullet21/>
    <bullet22/>
    <bullet23/>
    <bullet24/>
    <vendorPriceUpdateDate>2022-07-27 00:00:00</vendorPriceUpdateDate>
  </part>
  <part>
    <partNumber>40100034</partNumber>
    <punctuatedPartNumber>4010-0034</punctuatedPartNumber>
    <partStatusDescription>STANDARD</partStatusDescription>
    <partDescription>Receiver Lock - Stainless Steel - 5/8" x 2-3/4"</partDescription>
    <unitOfMeasure>Each</unitOfMeasure>
    <brandName>TRIMAX</brandName>
    <supplierNumber>SXT3</supplierNumber>
    <specialInstructions/>
    <baseDealerPrice>31.77</baseDealerPrice>
    <yourDealerPrice>31.77</yourDealerPrice>
    <baseRetailPrice>59.99</baseRetailPrice>
    <originalRetailPrice>46.99</originalRetailPrice>
    <partImage>http://asset.lemansnet.com/z/L0EvMi9CL0EyQjc4MEY0LTQ5MEUtNDYwQi1BNjM5LUI2M0VFQjgwODc2QQ==</partImage>
    <productId>1104609195</productId>
    <productName>Stainless Steel Locking Receiver Pin</productName>
    <productImage>http://asset.lemansnet.com/z/L0EvMi9CL0EyQjc4MEY0LTQ5MEUtNDYwQi1BNjM5LUI2M0VFQjgwODc2QQ==</productImage>
    <bullet1>Polished 100% stainless steel</bullet1>
    <bullet2>Symmetrical design adds that classic finishing touch</bullet2>
    <bullet3>Head pull strength rated at over 5,000 lb.</bullet3>
    <bullet4>Quarter-turn lock and unlock</bullet4>
    <bullet5>Patented dual-lock lug design</bullet5>
    <bullet6>Internal O-ring cap helps seal out grime for trouble-free use</bullet6>
    <bullet7>Test specifications exceed 40,000 lb.</bullet7>
    <bullet8/>
    <bullet9/>
    <bullet10/>
    <bullet11/>
    <bullet12/>
    <bullet13/>
    <bullet14/>
    <bullet15/>
    <bullet16/>
    <bullet17/>
    <bullet18/>
    <bullet19/>
    <bullet20/>
    <bullet21/>
    <bullet22/>
    <bullet23/>
    <bullet24/>
    <vendorPriceUpdateDate>2022-07-27 00:00:00</vendorPriceUpdateDate>
  </part>
  <part>
    <partNumber>40100036</partNumber>
    <punctuatedPartNumber>4010-0036</punctuatedPartNumber>
    <partStatusDescription>STANDARD</partStatusDescription>
    <partDescription>Non-Locking Receiver Pin &amp; Clip - Chrome - 1/2"</partDescription>
    <unitOfMeasure>Each</unitOfMeasure>
    <brandName>TRIMAX</brandName>
    <supplierNumber>SP125</supplierNumber>
    <specialInstructions/>
    <baseDealerPrice>5.88</baseDealerPrice>
    <yourDealerPrice>5.88</yourDealerPrice>
    <baseRetailPrice>14.99</baseRetailPrice>
    <originalRetailPrice>9.99</originalRetailPrice>
    <partImage>http://asset.lemansnet.com/z/L0IvQy8zL0JDMzYyMEUwLTc0MEQtNDJFRC05QjEzLTA4MTA5NjJGMTRFNg==</partImage>
    <productId>0708398887</productId>
    <productName>Non-Locking Receiver Pin &amp; Clip</productName>
    <productImage>http://asset.lemansnet.com/z/L0IvQy8zL0JDMzYyMEUwLTc0MEQtNDJFRC05QjEzLTA4MTA5NjJGMTRFNg==</productImage>
    <bullet1>Triple-plated chrome</bullet1>
    <bullet2>Hardened steel with triple plated chrome finish</bullet2>
    <bullet3>Non-Locking receiver pin</bullet3>
    <bullet4/>
    <bullet5/>
    <bullet6/>
    <bullet7/>
    <bullet8/>
    <bullet9/>
    <bullet10/>
    <bullet11/>
    <bullet12/>
    <bullet13/>
    <bullet14/>
    <bullet15/>
    <bullet16/>
    <bullet17/>
    <bullet18/>
    <bullet19/>
    <bullet20/>
    <bullet21/>
    <bullet22/>
    <bullet23/>
    <bullet24/>
    <vendorPriceUpdateDate>2022-07-27 00:00:00</vendorPriceUpdateDate>
  </part>
  <part>
    <partNumber>40100038</partNumber>
    <punctuatedPartNumber>4010-0038</punctuatedPartNumber>
    <partStatusDescription>STANDARD</partStatusDescription>
    <partDescription>Universal Nose Coupler Lock</partDescription>
    <unitOfMeasure>Each</unitOfMeasure>
    <brandName>TRIMAX</brandName>
    <supplierNumber>UMAX100</supplierNumber>
    <specialInstructions/>
    <baseDealerPrice>83.63</baseDealerPrice>
    <yourDealerPrice>83.63</yourDealerPrice>
    <baseRetailPrice>149.99</baseRetailPrice>
    <originalRetailPrice>115.99</originalRetailPrice>
    <partImage>http://asset.lemansnet.com/z/L0EvRC9DL0FEQzM2MDVBLUY4OUEtNDBFMC04NzhGLUFFN0I3NUM3RkExNywvNi9ELzUvNkQ1RkNCN0UtM0NDOS00MTc2LUE0MEYtQ0Y0OTUzNjIzRTYw</partImage>
    <productId>2050852420</productId>
    <productName>Universal Coupler Lock</productName>
    <productImage>http://asset.lemansnet.com/z/L0EvRC9DL0FEQzM2MDVBLUY4OUEtNDBFMC04NzhGLUFFN0I3NUM3RkExNw==</productImage>
    <bullet1>Fits all coupler types and sizes from 1-7/8" to 2-5/16"</bullet1>
    <bullet2>Made of high-quality hardened steel</bullet2>
    <bullet3>Ballistic-grade polymer lock housing cover resists hammer strikes and protects lock mechanism</bullet3>
    <bullet4>AMS (Absolute Maximum Security) for your trailer with 360° of solid steel security</bullet4>
    <bullet5>Dual-force coupler lock can be used with cable or chain to secure trailer to ground anchor or fence</bullet5>
    <bullet6>Attractive package for grid rack or counter display</bullet6>
    <bullet7/>
    <bullet8/>
    <bullet9/>
    <bullet10/>
    <bullet11/>
    <bullet12/>
    <bullet13/>
    <bullet14/>
    <bullet15/>
    <bullet16/>
    <bullet17/>
    <bullet18/>
    <bullet19/>
    <bullet20/>
    <bullet21/>
    <bullet22/>
    <bullet23/>
    <bullet24/>
    <vendorPriceUpdateDate>2022-07-27 00:00:00</vendorPriceUpdateDate>
  </part>
  <part>
    <partNumber>40100055</partNumber>
    <punctuatedPartNumber>4010-0055</punctuatedPartNumber>
    <partStatusDescription>STANDARD</partStatusDescription>
    <partDescription>Cable Lock - Dual Loop - 8'</partDescription>
    <unitOfMeasure>Each</unitOfMeasure>
    <brandName>TRIMAX</brandName>
    <supplierNumber>TDL815</supplierNumber>
    <specialInstructions/>
    <baseDealerPrice>23.46</baseDealerPrice>
    <yourDealerPrice>23.46</yourDealerPrice>
    <baseRetailPrice>37.99</baseRetailPrice>
    <originalRetailPrice>25.99</originalRetailPrice>
    <partImage>http://asset.lemansnet.com/z/LzEvRi84LzFGODkwMkI3LTZFMjctNEM0QS1CNEU0LTdDMjZDRUE4NzI4Qg==</partImage>
    <productId>1803539962</productId>
    <productName>Trimaflex™ Max Security Braided Cable</productName>
    <productImage>http://asset.lemansnet.com/z/L0IvQy8yL0JDMjM4QjlGLTdDMTgtNEJDOS04QjgwLUNGNUYwODRCNTgxNQ==</productImage>
    <bullet1>Quadra-braid cables</bullet1>
    <bullet2/>
    <bullet3/>
    <bullet4/>
    <bullet5/>
    <bullet6/>
    <bullet7/>
    <bullet8/>
    <bullet9/>
    <bullet10/>
    <bullet11/>
    <bullet12/>
    <bullet13/>
    <bullet14/>
    <bullet15/>
    <bullet16/>
    <bullet17/>
    <bullet18/>
    <bullet19/>
    <bullet20/>
    <bullet21/>
    <bullet22/>
    <bullet23/>
    <bullet24/>
    <vendorPriceUpdateDate>2022-07-27 00:00:00</vendorPriceUpdateDate>
  </part>
  <part>
    <partNumber>40100074</partNumber>
    <punctuatedPartNumber>4010-0074</punctuatedPartNumber>
    <partStatusDescription>STANDARD</partStatusDescription>
    <partDescription>Quad Braid Cable Lock - 72"</partDescription>
    <unitOfMeasure>Each</unitOfMeasure>
    <brandName>TRIMAX</brandName>
    <supplierNumber>TQ2572</supplierNumber>
    <specialInstructions/>
    <baseDealerPrice>48.49</baseDealerPrice>
    <yourDealerPrice>48.49</yourDealerPrice>
    <baseRetailPrice>79.99</baseRetailPrice>
    <originalRetailPrice>61.99</originalRetailPrice>
    <partImage>http://asset.lemansnet.com/z/L0QvMS9EL0QxREJBNTg1LUE0MDEtNDIwQS1CQzVCLUI2N0REREFGMjQyMA==</partImage>
    <productId>2072097188</productId>
    <productName>Quad-Braid Integrated Cable Lock</productName>
    <productImage>http://asset.lemansnet.com/z/LzcvQy9DLzdDQ0U3NjgzLUYzMTUtNEQzOS04NTI5LTZENzI3QkI1NkVBMA==</productImage>
    <bullet1>High security anti-drill lock core</bullet1>
    <bullet2>Ideal for securing motorcycles, bicycles, watercraft, ladders, construction equipment, and ATVs</bullet2>
    <bullet3/>
    <bullet4/>
    <bullet5/>
    <bullet6/>
    <bullet7/>
    <bullet8/>
    <bullet9/>
    <bullet10/>
    <bullet11/>
    <bullet12/>
    <bullet13/>
    <bullet14/>
    <bullet15/>
    <bullet16/>
    <bullet17/>
    <bullet18/>
    <bullet19/>
    <bullet20/>
    <bullet21/>
    <bullet22/>
    <bullet23/>
    <bullet24/>
    <vendorPriceUpdateDate>2022-07-27 00:00:00</vendorPriceUpdateDate>
  </part>
  <part>
    <partNumber>40100186</partNumber>
    <punctuatedPartNumber>4010-0186</punctuatedPartNumber>
    <partStatusDescription>STANDARD</partStatusDescription>
    <partDescription>Alarm Chain Lock</partDescription>
    <unitOfMeasure>Each</unitOfMeasure>
    <brandName>TRIMAX</brandName>
    <supplierNumber>TAL1036</supplierNumber>
    <specialInstructions/>
    <baseDealerPrice>86.74</baseDealerPrice>
    <yourDealerPrice>86.74</yourDealerPrice>
    <baseRetailPrice>159.99</baseRetailPrice>
    <originalRetailPrice>123.99</originalRetailPrice>
    <partImage>http://asset.lemansnet.com/z/L0EvMy8xL0EzMTNGQjlFLUVEQTktNDVFRi04OEVBLUExNjYzNUQxNTExQQ==</partImage>
    <productId>1909023554</productId>
    <productName>Alarm Chain Lock</productName>
    <productImage>http://asset.lemansnet.com/z/L0EvMy8xL0EzMTNGQjlFLUVEQTktNDVFRi04OEVBLUExNjYzNUQxNTExQQ==</productImage>
    <bullet1>10 mm hardened chain links</bullet1>
    <bullet2>Push-button activation and weather-resistant housing</bullet2>
    <bullet3>Alarm will reset itself</bullet3>
    <bullet4>Includes three keys and batteries</bullet4>
    <bullet5/>
    <bullet6/>
    <bullet7/>
    <bullet8/>
    <bullet9/>
    <bullet10/>
    <bullet11/>
    <bullet12/>
    <bullet13/>
    <bullet14/>
    <bullet15/>
    <bullet16/>
    <bullet17/>
    <bullet18/>
    <bullet19/>
    <bullet20/>
    <bullet21/>
    <bullet22/>
    <bullet23/>
    <bullet24/>
    <vendorPriceUpdateDate>2022-07-27 00:00:00</vendorPriceUpdateDate>
  </part>
  <part>
    <partNumber>40100011</partNumber>
    <punctuatedPartNumber>4010-0011</punctuatedPartNumber>
    <partStatusDescription>STANDARD</partStatusDescription>
    <partDescription>Braided Cable Lock - 72"</partDescription>
    <unitOfMeasure>Each</unitOfMeasure>
    <brandName>TRIMAX</brandName>
    <supplierNumber>TG3072SX</supplierNumber>
    <specialInstructions/>
    <baseDealerPrice>55.06</baseDealerPrice>
    <yourDealerPrice>55.06</yourDealerPrice>
    <baseRetailPrice>92.99</baseRetailPrice>
    <originalRetailPrice>71.99</originalRetailPrice>
    <partImage>http://asset.lemansnet.com/z/LzgvNi9ELzg2RDMxNDcyLUJBOEItNDUyNS1BMjA3LTYyRUQ1MUE2RjJGRg==</partImage>
    <productId>1668422222</productId>
    <productName>Gladiator Series Armored Cable</productName>
    <productImage>http://asset.lemansnet.com/z/bWVkaWEvODQ1OTcxMWQtZDY3My00MDU3LThkZDAtZWNjYjljNDgxNmZj</productImage>
    <bullet1>Maximum-security armor-plated cable locks</bullet1>
    <bullet2>Plastic-covered braided stainless steel covers with hardened armor-plated steel cups that repel saw cuts and bolt cutters</bullet2>
    <bullet3>Flexible for easy transport</bullet3>
    <bullet4>Ballistic-grade polymer lock housing cover resists hammer strikes; protects lock mechanism</bullet4>
    <bullet5>Key cover resists grime and moisture</bullet5>
    <bullet6>Ideal for securing motorcycles, ATVs, trailers, bicycles, watercraft, ladders, and construction equipment</bullet6>
    <bullet7/>
    <bullet8/>
    <bullet9/>
    <bullet10/>
    <bullet11/>
    <bullet12/>
    <bullet13/>
    <bullet14/>
    <bullet15/>
    <bullet16/>
    <bullet17/>
    <bullet18/>
    <bullet19/>
    <bullet20/>
    <bullet21/>
    <bullet22/>
    <bullet23/>
    <bullet24/>
    <vendorPriceUpdateDate>2022-07-27 00:00:00</vendorPriceUpdateDate>
  </part>
  <part>
    <partNumber>40100386</partNumber>
    <punctuatedPartNumber>4010-0386</punctuatedPartNumber>
    <partStatusDescription>STANDARD</partStatusDescription>
    <partDescription>Universal Towing Kit - Keyed Alike</partDescription>
    <unitOfMeasure>Each</unitOfMeasure>
    <brandName>TRIMAX</brandName>
    <supplierNumber>TCP50</supplierNumber>
    <specialInstructions/>
    <baseDealerPrice>107.46</baseDealerPrice>
    <yourDealerPrice>107.46</yourDealerPrice>
    <baseRetailPrice>169.99</baseRetailPrice>
    <originalRetailPrice>130.99</originalRetailPrice>
    <partImage>http://asset.lemansnet.com/z/L0UvNC9BL0U0QUFGMTBBLTYyQUEtNDE2OC1CMjE5LTkxMTUzNzA3M0I3Qw==</partImage>
    <productId>0573152210</productId>
    <productName>Universal Keyed Alike Towing Kit</productName>
    <productImage>http://asset.lemansnet.com/z/L0UvNC9BL0U0QUFGMTBBLTYyQUEtNDE2OC1CMjE5LTkxMTUzNzA3M0I3Qw==</productImage>
    <bullet1>Includes trailer lock, adjustable coupler lock, and universal receiver lock</bullet1>
    <bullet2>Comes with carrying case</bullet2>
    <bullet3/>
    <bullet4/>
    <bullet5/>
    <bullet6/>
    <bullet7/>
    <bullet8/>
    <bullet9/>
    <bullet10/>
    <bullet11/>
    <bullet12/>
    <bullet13/>
    <bullet14/>
    <bullet15/>
    <bullet16/>
    <bullet17/>
    <bullet18/>
    <bullet19/>
    <bullet20/>
    <bullet21/>
    <bullet22/>
    <bullet23/>
    <bullet24/>
    <vendorPriceUpdateDate>2022-07-27 00:00:00</vendorPriceUpdateDate>
  </part>
  <part>
    <partNumber>40100045</partNumber>
    <punctuatedPartNumber>4010-0045</punctuatedPartNumber>
    <partStatusDescription>STANDARD</partStatusDescription>
    <partDescription>Coupler and Receiver Lock - 2-1/2"</partDescription>
    <unitOfMeasure>Set</unitOfMeasure>
    <brandName>TRIMAX</brandName>
    <supplierNumber>TM32</supplierNumber>
    <specialInstructions/>
    <baseDealerPrice>42.30</baseDealerPrice>
    <yourDealerPrice>42.30</yourDealerPrice>
    <baseRetailPrice>75.99</baseRetailPrice>
    <originalRetailPrice>58.99</originalRetailPrice>
    <partImage>http://asset.lemansnet.com/z/LzEvQS83LzFBNzBGMjcxLUY0N0YtNEU1OS1CMUIzLTdFNzM3NjlEMUEzRCwvNy8xLzcvNzE3QUQxRDUtMTdBMC00RTM5LTkzQTYtODZCMjQwNzJGRURELC9GLzIvOC9GMjhEMTQyQi03QkRCLTRFRDMtOTI1OS1FQTExNEFBMUM2MTU=</partImage>
    <productId>1348408978</productId>
    <productName>Premium Coupler and Receiver Lock Set</productName>
    <productImage>http://asset.lemansnet.com/z/LzEvQS83LzFBNzBGMjcxLUY0N0YtNEU1OS1CMUIzLTdFNzM3NjlEMUEzRA==</productImage>
    <bullet1>Easily quarter-turn locks and unlocks head</bullet1>
    <bullet2>Can't pop open or be falsely locked</bullet2>
    <bullet3>Design incorporates O-ring and watertight cap to help seal out dirt and corrosion from the lock head mechanism</bullet3>
    <bullet4>Full length solid forged lock pin can't pull out</bullet4>
    <bullet5>Keyed-alike lock set</bullet5>
    <bullet6/>
    <bullet7/>
    <bullet8/>
    <bullet9/>
    <bullet10/>
    <bullet11/>
    <bullet12/>
    <bullet13/>
    <bullet14/>
    <bullet15/>
    <bullet16/>
    <bullet17/>
    <bullet18/>
    <bullet19/>
    <bullet20/>
    <bullet21/>
    <bullet22/>
    <bullet23/>
    <bullet24/>
    <vendorPriceUpdateDate>2022-07-27 00:00:00</vendorPriceUpdateDate>
  </part>
  <part>
    <partNumber>40100002</partNumber>
    <punctuatedPartNumber>4010-0002</punctuatedPartNumber>
    <partStatusDescription>STANDARD</partStatusDescription>
    <partDescription>Dual-Locking Lock - 3 Pack</partDescription>
    <unitOfMeasure>Set</unitOfMeasure>
    <brandName>TRIMAX</brandName>
    <supplierNumber>TPW3125</supplierNumber>
    <specialInstructions/>
    <baseDealerPrice>22.48</baseDealerPrice>
    <yourDealerPrice>22.48</yourDealerPrice>
    <baseRetailPrice>38.99</baseRetailPrice>
    <originalRetailPrice>29.99</originalRetailPrice>
    <partImage>http://asset.lemansnet.com/z/L0QvMC85L0QwOTc1NDkyLTk5NzItNDI0RS1CNTYwLTlBNjkyRkIwQzQ2NywvRi83LzAvRjcwQUQ0NDctNUYyNy00RjlBLThCNEQtNDYwMDgwMUZGN0Y5</partImage>
    <productId>0932820469</productId>
    <productName>Weatherproof Padlock</productName>
    <productImage>http://asset.lemansnet.com/z/L0IvRi82L0JGNjU3NENFLUU1RkMtNDhEMC04M0QxLTM2QzIzNjM4MUNGNg==</productImage>
    <bullet1>Rugged weather-resistant PVC housing covers laminated solid brass lock body</bullet1>
    <bullet2>Dual-locking 1-1/8" x 5/16" diameter hardened shackle</bullet2>
    <bullet3/>
    <bullet4/>
    <bullet5/>
    <bullet6/>
    <bullet7/>
    <bullet8/>
    <bullet9/>
    <bullet10/>
    <bullet11/>
    <bullet12/>
    <bullet13/>
    <bullet14/>
    <bullet15/>
    <bullet16/>
    <bullet17/>
    <bullet18/>
    <bullet19/>
    <bullet20/>
    <bullet21/>
    <bullet22/>
    <bullet23/>
    <bullet24/>
    <vendorPriceUpdateDate>2022-07-27 00:00:00</vendorPriceUpdateDate>
  </part>
  <part>
    <partNumber>40100018</partNumber>
    <punctuatedPartNumber>4010-0018</punctuatedPartNumber>
    <partStatusDescription>STANDARD</partStatusDescription>
    <partDescription>Combination Padlock</partDescription>
    <unitOfMeasure>Each</unitOfMeasure>
    <brandName>TRIMAX</brandName>
    <supplierNumber>TPC125</supplierNumber>
    <specialInstructions/>
    <baseDealerPrice>33.12</baseDealerPrice>
    <yourDealerPrice>33.12</yourDealerPrice>
    <baseRetailPrice>52.99</baseRetailPrice>
    <originalRetailPrice>40.99</originalRetailPrice>
    <partImage>http://asset.lemansnet.com/z/bWVkaWEvZWFmMDkwY2MtMThlNC00MGQxLWIxNmQtOGZkZDVjMjBhZDI2LC85LzcvOC85NzhBNTlCRi00M0I5LTQ3NTYtQTE3RC1GMDU4Q0MyQjUwRkI=</partImage>
    <productId>1417535487</productId>
    <productName>Resettable Combination Padlock</productName>
    <productImage>http://asset.lemansnet.com/z/LzkvNy84Lzk3OEE1OUJGLTQzQjktNDc1Ni1BMTdELUYwNThDQzJCNTBGQg==</productImage>
    <bullet1>Easy-to-use, resettable combination padlock features 2" W solid brass bodies and hardened shackles</bullet1>
    <bullet2>1.25" x 5/16" diameter shackle</bullet2>
    <bullet3/>
    <bullet4/>
    <bullet5/>
    <bullet6/>
    <bullet7/>
    <bullet8/>
    <bullet9/>
    <bullet10/>
    <bullet11/>
    <bullet12/>
    <bullet13/>
    <bullet14/>
    <bullet15/>
    <bullet16/>
    <bullet17/>
    <bullet18/>
    <bullet19/>
    <bullet20/>
    <bullet21/>
    <bullet22/>
    <bullet23/>
    <bullet24/>
    <vendorPriceUpdateDate>2022-07-27 00:00:00</vendorPriceUpdateDate>
  </part>
  <part>
    <partNumber>40100035</partNumber>
    <punctuatedPartNumber>4010-0035</punctuatedPartNumber>
    <partStatusDescription>STANDARD</partStatusDescription>
    <partDescription>Flip-Tip Non-Locking Receiver Pin - 5/8"</partDescription>
    <unitOfMeasure>Each</unitOfMeasure>
    <brandName>TRIMAX</brandName>
    <supplierNumber>SXTX200</supplierNumber>
    <specialInstructions/>
    <baseDealerPrice>11.50</baseDealerPrice>
    <yourDealerPrice>11.50</yourDealerPrice>
    <baseRetailPrice>25.99</baseRetailPrice>
    <originalRetailPrice>17.99</originalRetailPrice>
    <partImage>http://asset.lemansnet.com/z/bWVkaWEvYWE4MGE5YjAtZWUxMC00YmI5LThlYTAtYzA1NmVhNTZhYjJh</partImage>
    <productId>0176238867</productId>
    <productName>Flip-Tip Non-Locking Receiver Pin</productName>
    <productImage>http://asset.lemansnet.com/z/LzkvNS81Lzk1NUJBODJDLUM0NDYtNDVCRS04QzFFLTNEQzc5MjlBOTIyQg==</productImage>
    <bullet1>Polished stainless steel</bullet1>
    <bullet2>5/8" pin for all Class III, IV and V receivers hitches</bullet2>
    <bullet3>Easy operation; tip snaps firmly into place to install or remove</bullet3>
    <bullet4/>
    <bullet5/>
    <bullet6/>
    <bullet7/>
    <bullet8/>
    <bullet9/>
    <bullet10/>
    <bullet11/>
    <bullet12/>
    <bullet13/>
    <bullet14/>
    <bullet15/>
    <bullet16/>
    <bullet17/>
    <bullet18/>
    <bullet19/>
    <bullet20/>
    <bullet21/>
    <bullet22/>
    <bullet23/>
    <bullet24/>
    <vendorPriceUpdateDate>2022-07-27 00:00:00</vendorPriceUpdateDate>
  </part>
  <part>
    <partNumber>40100057</partNumber>
    <punctuatedPartNumber>4010-0057</punctuatedPartNumber>
    <partStatusDescription>STANDARD</partStatusDescription>
    <partDescription>Max 40 U-Lock - Disc/Cables - Black</partDescription>
    <unitOfMeasure>Each</unitOfMeasure>
    <brandName>TRIMAX</brandName>
    <supplierNumber>MAX40BK</supplierNumber>
    <specialInstructions/>
    <baseDealerPrice>22.47</baseDealerPrice>
    <yourDealerPrice>22.47</yourDealerPrice>
    <baseRetailPrice>45.99</baseRetailPrice>
    <originalRetailPrice>34.99</originalRetailPrice>
    <partImage>http://asset.lemansnet.com/z/LzIvNy83LzI3N0U3ODdFLTgxOUEtNDBDNi1CRUE3LUI5ODc2NDg1MjNCQg==</partImage>
    <productId>1793734496</productId>
    <productName>Max 40 Ultra-High-Security Disc/Cable Lock</productName>
    <productImage>http://asset.lemansnet.com/z/LzIvNy83LzI3N0U3ODdFLTgxOUEtNDBDNi1CRUE3LUI5ODc2NDg1MjNCQg==</productImage>
    <bullet1>For use on motorcycle discs and looped cables</bullet1>
    <bullet2/>
    <bullet3/>
    <bullet4/>
    <bullet5/>
    <bullet6/>
    <bullet7/>
    <bullet8/>
    <bullet9/>
    <bullet10/>
    <bullet11/>
    <bullet12/>
    <bullet13/>
    <bullet14/>
    <bullet15/>
    <bullet16/>
    <bullet17/>
    <bullet18/>
    <bullet19/>
    <bullet20/>
    <bullet21/>
    <bullet22/>
    <bullet23/>
    <bullet24/>
    <vendorPriceUpdateDate>2022-07-27 00:00:00</vendorPriceUpdateDate>
  </part>
  <part>
    <partNumber>40100073</partNumber>
    <punctuatedPartNumber>4010-0073</punctuatedPartNumber>
    <partStatusDescription>STANDARD</partStatusDescription>
    <partDescription>Quad Braid Cable Lock - 48"</partDescription>
    <unitOfMeasure>Each</unitOfMeasure>
    <brandName>TRIMAX</brandName>
    <supplierNumber>TQ2548</supplierNumber>
    <specialInstructions/>
    <baseDealerPrice>40.94</baseDealerPrice>
    <yourDealerPrice>40.94</yourDealerPrice>
    <baseRetailPrice>71.99</baseRetailPrice>
    <originalRetailPrice>55.99</originalRetailPrice>
    <partImage>http://asset.lemansnet.com/z/LzcvQy9DLzdDQ0U3NjgzLUYzMTUtNEQzOS04NTI5LTZENzI3QkI1NkVBMA==</partImage>
    <productId>2072097188</productId>
    <productName>Quad-Braid Integrated Cable Lock</productName>
    <productImage>http://asset.lemansnet.com/z/LzcvQy9DLzdDQ0U3NjgzLUYzMTUtNEQzOS04NTI5LTZENzI3QkI1NkVBMA==</productImage>
    <bullet1>High security anti-drill lock core</bullet1>
    <bullet2>Ideal for securing motorcycles, bicycles, watercraft, ladders, construction equipment, and ATVs</bullet2>
    <bullet3/>
    <bullet4/>
    <bullet5/>
    <bullet6/>
    <bullet7/>
    <bullet8/>
    <bullet9/>
    <bullet10/>
    <bullet11/>
    <bullet12/>
    <bullet13/>
    <bullet14/>
    <bullet15/>
    <bullet16/>
    <bullet17/>
    <bullet18/>
    <bullet19/>
    <bullet20/>
    <bullet21/>
    <bullet22/>
    <bullet23/>
    <bullet24/>
    <vendorPriceUpdateDate>2022-07-27 00:00:00</vendorPriceUpdateDate>
  </part>
  <part>
    <partNumber>40100013</partNumber>
    <punctuatedPartNumber>4010-0013</punctuatedPartNumber>
    <partStatusDescription>STANDARD</partStatusDescription>
    <partDescription>Quadra Braid Lock - 32"</partDescription>
    <unitOfMeasure>Each</unitOfMeasure>
    <brandName>TRIMAX</brandName>
    <supplierNumber>TQ1532</supplierNumber>
    <specialInstructions/>
    <baseDealerPrice>19.67</baseDealerPrice>
    <yourDealerPrice>19.67</yourDealerPrice>
    <baseRetailPrice>30.99</baseRetailPrice>
    <originalRetailPrice>24.95</originalRetailPrice>
    <partImage>http://asset.lemansnet.com/z/LzcvNi8yLzc2MkM5NTAxLUFERjMtNDBDMS1BRDhDLTU2OUFFQjdCMTVFQQ==</partImage>
    <productId>1803539962</productId>
    <productName>Trimaflex™ Max Security Braided Cable</productName>
    <productImage>http://asset.lemansnet.com/z/L0IvQy8yL0JDMjM4QjlGLTdDMTgtNEJDOS04QjgwLUNGNUYwODRCNTgxNQ==</productImage>
    <bullet1>Quadra-braid cables</bullet1>
    <bullet2/>
    <bullet3/>
    <bullet4/>
    <bullet5/>
    <bullet6/>
    <bullet7/>
    <bullet8/>
    <bullet9/>
    <bullet10/>
    <bullet11/>
    <bullet12/>
    <bullet13/>
    <bullet14/>
    <bullet15/>
    <bullet16/>
    <bullet17/>
    <bullet18/>
    <bullet19/>
    <bullet20/>
    <bullet21/>
    <bullet22/>
    <bullet23/>
    <bullet24/>
    <vendorPriceUpdateDate>2022-07-27 00:00:00</vendorPriceUpdateDate>
  </part>
  <part>
    <partNumber>40100015</partNumber>
    <punctuatedPartNumber>4010-0015</punctuatedPartNumber>
    <partStatusDescription>STANDARD</partStatusDescription>
    <partDescription>U-Lock and Cable Locks - 72"</partDescription>
    <unitOfMeasure>Each</unitOfMeasure>
    <brandName>TRIMAX</brandName>
    <supplierNumber>TCU1572</supplierNumber>
    <specialInstructions/>
    <baseDealerPrice>26.48</baseDealerPrice>
    <yourDealerPrice>26.48</yourDealerPrice>
    <baseRetailPrice>44.99</baseRetailPrice>
    <originalRetailPrice>43.95</originalRetailPrice>
    <partImage>http://asset.lemansnet.com/z/LzYvRS9FLzZFRTMwOTgzLTVBMkItNEY4OC1BNjU5LUU4REZDQ0FBNkRCNywvMy82L0QvMzZEODA1QzEtMjE2NS00QzU4LThEODAtN0E2QzU4MEQ4QjE1LC80L0EvMy80QTNDM0JFQi1ERDVBLTQzNzEtOEI5OS0zQ0U3Q0M0NUNBODA=</partImage>
    <productId>0223178320</productId>
    <productName>Trimaflex™ Cable Lock</productName>
    <productImage>http://asset.lemansnet.com/z/LzIvOS84LzI5ODU0MTY3LTZDQzMtNEVBOC1BODUxLUE3NjI0REU4QjgzQw==</productImage>
    <bullet1>High-strength Trimaflex™ quadra-braid cable with PVC protective coating to prevent surface scratching</bullet1>
    <bullet2>Lock mechanisms are covered in rugged plastic for durability and trouble-free use</bullet2>
    <bullet3/>
    <bullet4/>
    <bullet5/>
    <bullet6/>
    <bullet7/>
    <bullet8/>
    <bullet9/>
    <bullet10/>
    <bullet11/>
    <bullet12/>
    <bullet13/>
    <bullet14/>
    <bullet15/>
    <bullet16/>
    <bullet17/>
    <bullet18/>
    <bullet19/>
    <bullet20/>
    <bullet21/>
    <bullet22/>
    <bullet23/>
    <bullet24/>
    <vendorPriceUpdateDate>2022-07-27 00:00:00</vendorPriceUpdateDate>
  </part>
  <part>
    <partNumber>40100049</partNumber>
    <punctuatedPartNumber>4010-0049</punctuatedPartNumber>
    <partStatusDescription>STANDARD</partStatusDescription>
    <partDescription>Combination Cable Lock - Resettable - 10'</partDescription>
    <unitOfMeasure>Each</unitOfMeasure>
    <brandName>TRIMAX</brandName>
    <supplierNumber>MAG 10SC</supplierNumber>
    <specialInstructions/>
    <baseDealerPrice>30.40</baseDealerPrice>
    <yourDealerPrice>30.40</yourDealerPrice>
    <baseRetailPrice>45.99</baseRetailPrice>
    <originalRetailPrice>28.99</originalRetailPrice>
    <partImage>http://asset.lemansnet.com/z/LzkvMS8xLzkxMUE3OUMyLUE5QzMtNEMwMi1CMDNDLTJGRTBGMjcxMkUzQg==</partImage>
    <productId>0678597717</productId>
    <productName>Multi-Purpose Heavy Duty Cable Lock</productName>
    <productImage>http://asset.lemansnet.com/z/LzkvMS8xLzkxMUE3OUMyLUE5QzMtNEMwMi1CMDNDLTJGRTBGMjcxMkUzQg==</productImage>
    <bullet1>Feature 10' x 10mm Trimaflex™ ultra-tough braided cable</bullet1>
    <bullet2>Great for use on bikes, bike carriers, trailers or watercraft on the beach</bullet2>
    <bullet3/>
    <bullet4/>
    <bullet5/>
    <bullet6/>
    <bullet7/>
    <bullet8/>
    <bullet9/>
    <bullet10/>
    <bullet11/>
    <bullet12/>
    <bullet13/>
    <bullet14/>
    <bullet15/>
    <bullet16/>
    <bullet17/>
    <bullet18/>
    <bullet19/>
    <bullet20/>
    <bullet21/>
    <bullet22/>
    <bullet23/>
    <bullet24/>
    <vendorPriceUpdateDate>2022-07-27 00:00:00</vendorPriceUpdateDate>
  </part>
  <part>
    <partNumber>40100181</partNumber>
    <punctuatedPartNumber>4010-0181</punctuatedPartNumber>
    <partStatusDescription>STANDARD</partStatusDescription>
    <partDescription>Disc Lock - Yellow - 5.5 mm</partDescription>
    <unitOfMeasure>Each</unitOfMeasure>
    <brandName>TRIMAX</brandName>
    <supplierNumber>T645S</supplierNumber>
    <specialInstructions/>
    <baseDealerPrice>24.89</baseDealerPrice>
    <yourDealerPrice>24.89</yourDealerPrice>
    <baseRetailPrice>51.99</baseRetailPrice>
    <originalRetailPrice>39.99</originalRetailPrice>
    <partImage>http://asset.lemansnet.com/z/LzUvMC9DLzUwQzNEOTIzLUFERDgtNEEzMS1BMzQ1LTE5RUMxRjE4MjkxQiwvOS82LzMvOTYzMjA5MzAtQzU5Ny00RkU0LTk5MTAtQzEyREMyOEQyQUU0</partImage>
    <productId>1188052461</productId>
    <productName>Rotor/Disc Lock</productName>
    <productImage>http://asset.lemansnet.com/z/LzUvMC9DLzUwQzNEOTIzLUFERDgtNEEzMS1BMzQ1LTE5RUMxRjE4MjkxQg==</productImage>
    <bullet1>Hardened metal rotor/disc locks resist cutting, sawing and chisel attacks</bullet1>
    <bullet2>Comes with carry pouch and a disc lock reminder cable</bullet2>
    <bullet3>Includes an extra mini flashlight key for three total keys</bullet3>
    <bullet4>Features a durable push button lock with high security anti-drill round key lock cores</bullet4>
    <bullet5/>
    <bullet6/>
    <bullet7/>
    <bullet8/>
    <bullet9/>
    <bullet10/>
    <bullet11/>
    <bullet12/>
    <bullet13/>
    <bullet14/>
    <bullet15/>
    <bullet16/>
    <bullet17/>
    <bullet18/>
    <bullet19/>
    <bullet20/>
    <bullet21/>
    <bullet22/>
    <bullet23/>
    <bullet24/>
    <vendorPriceUpdateDate>2022-07-27 00:00:00</vendorPriceUpdateDate>
  </part>
  <part>
    <partNumber>40100182</partNumber>
    <punctuatedPartNumber>4010-0182</punctuatedPartNumber>
    <partStatusDescription>STANDARD</partStatusDescription>
    <partDescription>Disc Lock - Chrome - 10 mm</partDescription>
    <unitOfMeasure>Each</unitOfMeasure>
    <brandName>TRIMAX</brandName>
    <supplierNumber>T665LC</supplierNumber>
    <specialInstructions/>
    <baseDealerPrice>27.45</baseDealerPrice>
    <yourDealerPrice>27.45</yourDealerPrice>
    <baseRetailPrice>56.99</baseRetailPrice>
    <originalRetailPrice>43.99</originalRetailPrice>
    <partImage>http://asset.lemansnet.com/z/LzMvOC8zLzM4Mzk2OTUyLUQyQ0ItNDkzMy1CODgzLTEyQkJEODQ5NzhCOCwvNy84LzAvNzgwOTJDNDItNzkwRi00NjcxLTlGOTYtNzg5MTAyOEM5NUYx</partImage>
    <productId>1188052461</productId>
    <productName>Rotor/Disc Lock</productName>
    <productImage>http://asset.lemansnet.com/z/LzUvMC9DLzUwQzNEOTIzLUFERDgtNEEzMS1BMzQ1LTE5RUMxRjE4MjkxQg==</productImage>
    <bullet1>Hardened metal rotor/disc locks resist cutting, sawing and chisel attacks</bullet1>
    <bullet2>Comes with carry pouch and a disc lock reminder cable</bullet2>
    <bullet3>Includes an extra mini flashlight key for three total keys</bullet3>
    <bullet4>Features a durable push button lock with high security anti-drill round key lock cores</bullet4>
    <bullet5/>
    <bullet6/>
    <bullet7/>
    <bullet8/>
    <bullet9/>
    <bullet10/>
    <bullet11/>
    <bullet12/>
    <bullet13/>
    <bullet14/>
    <bullet15/>
    <bullet16/>
    <bullet17/>
    <bullet18/>
    <bullet19/>
    <bullet20/>
    <bullet21/>
    <bullet22/>
    <bullet23/>
    <bullet24/>
    <vendorPriceUpdateDate>2022-07-27 00:00:00</vendorPriceUpdateDate>
  </part>
  <part>
    <partNumber>40100185</partNumber>
    <punctuatedPartNumber>4010-0185</punctuatedPartNumber>
    <partStatusDescription>STANDARD</partStatusDescription>
    <partDescription>Alarm Disc Lock - 7 mm Pin - Yellow</partDescription>
    <unitOfMeasure>Each</unitOfMeasure>
    <brandName>TRIMAX</brandName>
    <supplierNumber>TAL88YL</supplierNumber>
    <specialInstructions>Actually has a 7mm pin</specialInstructions>
    <baseDealerPrice>54.50</baseDealerPrice>
    <yourDealerPrice>54.50</yourDealerPrice>
    <baseRetailPrice>99.99</baseRetailPrice>
    <originalRetailPrice>77.99</originalRetailPrice>
    <partImage>http://asset.lemansnet.com/z/LzgvRS8xLzhFMTREMEM0LUJERUUtNDgxNS1CQUM4LTQ3MjNBOUY2Q0U1RiwvQi81L0QvQjVENjNDQ0EtQ0E0RC00MDRGLTg0Q0ItOEJFREZBRDg1N0Yx</partImage>
    <productId>0519980715</productId>
    <productName>Alarm Disc Lock</productName>
    <productImage>http://asset.lemansnet.com/z/LzgvRS8xLzhFMTREMEM0LUJERUUtNDgxNS1CQUM4LTQ3MjNBOUY2Q0U1Rg==</productImage>
    <bullet1>Alarmed disc lock with 7 mm pin alerts you to tampering</bullet1>
    <bullet2>Includes reminder cable, carry pouch, 2 keys, and batteries</bullet2>
    <bullet3/>
    <bullet4/>
    <bullet5/>
    <bullet6/>
    <bullet7/>
    <bullet8/>
    <bullet9/>
    <bullet10/>
    <bullet11/>
    <bullet12/>
    <bullet13/>
    <bullet14/>
    <bullet15/>
    <bullet16/>
    <bullet17/>
    <bullet18/>
    <bullet19/>
    <bullet20/>
    <bullet21/>
    <bullet22/>
    <bullet23/>
    <bullet24/>
    <vendorPriceUpdateDate>2022-07-27 00:00:00</vendorPriceUpdateDate>
  </part>
  <part>
    <partNumber>40100380</partNumber>
    <punctuatedPartNumber>4010-0380</punctuatedPartNumber>
    <partStatusDescription>STANDARD</partStatusDescription>
    <partDescription>Right Angle Receiver Lock - 5/8" x 3-1/2"</partDescription>
    <unitOfMeasure>Each</unitOfMeasure>
    <brandName>TRIMAX</brandName>
    <supplierNumber>TRA5</supplierNumber>
    <specialInstructions/>
    <baseDealerPrice>27.82</baseDealerPrice>
    <yourDealerPrice>27.82</yourDealerPrice>
    <baseRetailPrice>54.99</baseRetailPrice>
    <originalRetailPrice>41.99</originalRetailPrice>
    <partImage>http://asset.lemansnet.com/z/LzUvRS9CLzVFQjQzRTAyLUVERjAtNDc1Ny05NjZFLUY2OUIwQTY5QjAwQg==</partImage>
    <productId>0203521011</productId>
    <productName>Right Angle Receiver Lock</productName>
    <productImage>http://asset.lemansnet.com/z/L0IvRS9GL0JFRjUzNTY2LTI0QzktNENGOS04OTM0LUQ1QzY4OUQyRjExRQ==</productImage>
    <bullet1>Machine-forged chrome steel</bullet1>
    <bullet2/>
    <bullet3/>
    <bullet4/>
    <bullet5/>
    <bullet6/>
    <bullet7/>
    <bullet8/>
    <bullet9/>
    <bullet10/>
    <bullet11/>
    <bullet12/>
    <bullet13/>
    <bullet14/>
    <bullet15/>
    <bullet16/>
    <bullet17/>
    <bullet18/>
    <bullet19/>
    <bullet20/>
    <bullet21/>
    <bullet22/>
    <bullet23/>
    <bullet24/>
    <vendorPriceUpdateDate>2022-07-27 00:00:00</vendorPriceUpdateDate>
  </part>
  <part>
    <partNumber>40100381</partNumber>
    <punctuatedPartNumber>4010-0381</punctuatedPartNumber>
    <partStatusDescription>STANDARD</partStatusDescription>
    <partDescription>Receiver Lock - Chrome - 5/8" x 3-1/2"</partDescription>
    <unitOfMeasure>Each</unitOfMeasure>
    <brandName>TRIMAX</brandName>
    <supplierNumber>T5</supplierNumber>
    <specialInstructions/>
    <baseDealerPrice>23.21</baseDealerPrice>
    <yourDealerPrice>23.21</yourDealerPrice>
    <baseRetailPrice>47.99</baseRetailPrice>
    <originalRetailPrice>36.99</originalRetailPrice>
    <partImage>http://asset.lemansnet.com/z/LzEvRi9BLzFGQURGRUE1LTc0NEItNEQ1Qy1BODM2LUVFMzlFMzhFMDM4Qg==</partImage>
    <productId>1039228691</productId>
    <productName>Key Receiver Lock</productName>
    <productImage>http://asset.lemansnet.com/z/LzEvRi9BLzFGQURGRUE1LTc0NEItNEQ1Qy1BODM2LUVFMzlFMzhFMDM4Qg==</productImage>
    <bullet1>Fit Class V receiver hitches</bullet1>
    <bullet2>5/8" x 3-1/2" span</bullet2>
    <bullet3/>
    <bullet4/>
    <bullet5/>
    <bullet6/>
    <bullet7/>
    <bullet8/>
    <bullet9/>
    <bullet10/>
    <bullet11/>
    <bullet12/>
    <bullet13/>
    <bullet14/>
    <bullet15/>
    <bullet16/>
    <bullet17/>
    <bullet18/>
    <bullet19/>
    <bullet20/>
    <bullet21/>
    <bullet22/>
    <bullet23/>
    <bullet24/>
    <vendorPriceUpdateDate>2022-07-27 00:00:00</vendorPriceUpdateDate>
  </part>
  <part>
    <partNumber>40100384</partNumber>
    <punctuatedPartNumber>4010-0384</punctuatedPartNumber>
    <partStatusDescription>STANDARD</partStatusDescription>
    <partDescription>Universal Receiver Lock - 1/2" x 5/8"</partDescription>
    <unitOfMeasure>Each</unitOfMeasure>
    <brandName>TRIMAX</brandName>
    <supplierNumber>TS32</supplierNumber>
    <specialInstructions/>
    <baseDealerPrice>24.21</baseDealerPrice>
    <yourDealerPrice>24.21</yourDealerPrice>
    <baseRetailPrice>46.99</baseRetailPrice>
    <originalRetailPrice>35.99</originalRetailPrice>
    <partImage>http://asset.lemansnet.com/z/LzAvQS9FLzBBRTkxMkJFLUVFNEYtNDM3Ri05NzY4LTM2OUVDMTNERjlEOQ==</partImage>
    <productId>1500716572</productId>
    <productName>Universal Receiver Lock</productName>
    <productImage>http://asset.lemansnet.com/z/LzAvQS9FLzBBRTkxMkJFLUVFNEYtNDM3Ri05NzY4LTM2OUVDMTNERjlEOQ==</productImage>
    <bullet1>Hardened steel with triple-plated chrome finish</bullet1>
    <bullet2>1/2" x 5/8" span</bullet2>
    <bullet3>Fits all 2" receiver hitches</bullet3>
    <bullet4>Hardened steel with triple-plated chrome finish</bullet4>
    <bullet5/>
    <bullet6/>
    <bullet7/>
    <bullet8/>
    <bullet9/>
    <bullet10/>
    <bullet11/>
    <bullet12/>
    <bullet13/>
    <bullet14/>
    <bullet15/>
    <bullet16/>
    <bullet17/>
    <bullet18/>
    <bullet19/>
    <bullet20/>
    <bullet21/>
    <bullet22/>
    <bullet23/>
    <bullet24/>
    <vendorPriceUpdateDate>2022-07-27 00:00:00</vendorPriceUpdateDate>
  </part>
  <part>
    <partNumber>40100039</partNumber>
    <punctuatedPartNumber>4010-0039</punctuatedPartNumber>
    <partStatusDescription>STANDARD</partStatusDescription>
    <partDescription>Span Coupler Lock - 3/4"</partDescription>
    <unitOfMeasure>Each</unitOfMeasure>
    <brandName>TRIMAX</brandName>
    <supplierNumber>TMC10</supplierNumber>
    <specialInstructions>ACT FOR 3/4" SPAN 02JBC</specialInstructions>
    <baseDealerPrice>16.82</baseDealerPrice>
    <yourDealerPrice>16.82</yourDealerPrice>
    <baseRetailPrice>28.99</baseRetailPrice>
    <originalRetailPrice>21.99</originalRetailPrice>
    <partImage>http://asset.lemansnet.com/z/LzgvMy9ELzgzREU3MTQxLUZBQkYtNDZBMC1CRTI4LTE2RUM1Q0VEQTE1NQ==</partImage>
    <productId>1474575095</productId>
    <productName>Premium Coupler Lock</productName>
    <productImage>http://asset.lemansnet.com/z/LzUvMy8wLzUzMEUyMUQ1LURGMzctNDA2Qy1CMkQ1LUNDQTg5OEQ3NDkyRQ==</productImage>
    <bullet1>Easily quarter-turn locks and unlocks head</bullet1>
    <bullet2>Can't pop open or be falsely locked</bullet2>
    <bullet3>Design incorporates O-ring and watertight cap to help seal out dirt and corrosion from the lock head mechanism</bullet3>
    <bullet4>Full-length solid forged lock pin can't pull out</bullet4>
    <bullet5/>
    <bullet6/>
    <bullet7/>
    <bullet8/>
    <bullet9/>
    <bullet10/>
    <bullet11/>
    <bullet12/>
    <bullet13/>
    <bullet14/>
    <bullet15/>
    <bullet16/>
    <bullet17/>
    <bullet18/>
    <bullet19/>
    <bullet20/>
    <bullet21/>
    <bullet22/>
    <bullet23/>
    <bullet24/>
    <vendorPriceUpdateDate>2022-07-27 00:00:00</vendorPriceUpdateDate>
  </part>
  <part>
    <partNumber>40100071</partNumber>
    <punctuatedPartNumber>4010-0071</punctuatedPartNumber>
    <partStatusDescription>STANDARD</partStatusDescription>
    <partDescription>Versa-Cable™ Lock</partDescription>
    <unitOfMeasure>Each</unitOfMeasure>
    <brandName>TRIMAX</brandName>
    <supplierNumber>VMAX6</supplierNumber>
    <specialInstructions/>
    <baseDealerPrice>31.09</baseDealerPrice>
    <yourDealerPrice>31.09</yourDealerPrice>
    <baseRetailPrice>51.99</baseRetailPrice>
    <originalRetailPrice>39.99</originalRetailPrice>
    <partImage>http://asset.lemansnet.com/z/LzAvQi9FLzBCRTc5RkIyLTkwMDUtNDc3MS1CNzZDLUZGNzA1NTU2RDI4Mw==</partImage>
    <productId>1018276498</productId>
    <productName>Versa-Cable™ Lock</productName>
    <productImage>http://asset.lemansnet.com/z/LzAvQi9FLzBCRTc5RkIyLTkwMDUtNDc3MS1CNzZDLUZGNzA1NTU2RDI4Mw==</productImage>
    <bullet1>Multi-use versa cable lock</bullet1>
    <bullet2>Trimaflex™ cable with locking cinching feature</bullet2>
    <bullet3/>
    <bullet4/>
    <bullet5/>
    <bullet6/>
    <bullet7/>
    <bullet8/>
    <bullet9/>
    <bullet10/>
    <bullet11/>
    <bullet12/>
    <bullet13/>
    <bullet14/>
    <bullet15/>
    <bullet16/>
    <bullet17/>
    <bullet18/>
    <bullet19/>
    <bullet20/>
    <bullet21/>
    <bullet22/>
    <bullet23/>
    <bullet24/>
    <vendorPriceUpdateDate>2022-07-27 00:00:00</vendorPriceUpdateDate>
  </part>
  <part>
    <partNumber>40100183</partNumber>
    <punctuatedPartNumber>4010-0183</punctuatedPartNumber>
    <partStatusDescription>STANDARD</partStatusDescription>
    <partDescription>Disc Lock - Yellow - 10 mm</partDescription>
    <unitOfMeasure>Each</unitOfMeasure>
    <brandName>TRIMAX</brandName>
    <supplierNumber>T665LY</supplierNumber>
    <specialInstructions/>
    <baseDealerPrice>27.45</baseDealerPrice>
    <yourDealerPrice>27.45</yourDealerPrice>
    <baseRetailPrice>56.99</baseRetailPrice>
    <originalRetailPrice>43.99</originalRetailPrice>
    <partImage>http://asset.lemansnet.com/z/LzIvQy85LzJDOUYwQkQwLUVGQjQtNDU1NC1BNTk3LUIyRUNEMTEwNjA5MSwvOC85L0UvODlFQjgyMkMtQjA1Mi00RDM0LUI4MzEtMTgwMDdFODIxRDAy</partImage>
    <productId>1188052461</productId>
    <productName>Rotor/Disc Lock</productName>
    <productImage>http://asset.lemansnet.com/z/LzUvMC9DLzUwQzNEOTIzLUFERDgtNEEzMS1BMzQ1LTE5RUMxRjE4MjkxQg==</productImage>
    <bullet1>Hardened metal rotor/disc locks resist cutting, sawing and chisel attacks</bullet1>
    <bullet2>Comes with carry pouch and a disc lock reminder cable</bullet2>
    <bullet3>Includes an extra mini flashlight key for three total keys</bullet3>
    <bullet4>Features a durable push button lock with high security anti-drill round key lock cores</bullet4>
    <bullet5/>
    <bullet6/>
    <bullet7/>
    <bullet8/>
    <bullet9/>
    <bullet10/>
    <bullet11/>
    <bullet12/>
    <bullet13/>
    <bullet14/>
    <bullet15/>
    <bullet16/>
    <bullet17/>
    <bullet18/>
    <bullet19/>
    <bullet20/>
    <bullet21/>
    <bullet22/>
    <bullet23/>
    <bullet24/>
    <vendorPriceUpdateDate>2022-07-27 00:00:00</vendorPriceUpdateDate>
  </part>
  <part>
    <partNumber>40100379</partNumber>
    <punctuatedPartNumber>4010-0379</punctuatedPartNumber>
    <partStatusDescription>STANDARD</partStatusDescription>
    <partDescription>Right Angle Receiver Lock - 5/8" x 2-3/4"</partDescription>
    <unitOfMeasure>Each</unitOfMeasure>
    <brandName>TRIMAX</brandName>
    <supplierNumber>TRA3</supplierNumber>
    <specialInstructions/>
    <baseDealerPrice>27.05</baseDealerPrice>
    <yourDealerPrice>27.05</yourDealerPrice>
    <baseRetailPrice>49.99</baseRetailPrice>
    <originalRetailPrice>37.99</originalRetailPrice>
    <partImage>http://asset.lemansnet.com/z/L0IvRS9GL0JFRjUzNTY2LTI0QzktNENGOS04OTM0LUQ1QzY4OUQyRjExRQ==</partImage>
    <productId>0203521011</productId>
    <productName>Right Angle Receiver Lock</productName>
    <productImage>http://asset.lemansnet.com/z/L0IvRS9GL0JFRjUzNTY2LTI0QzktNENGOS04OTM0LUQ1QzY4OUQyRjExRQ==</productImage>
    <bullet1>Machine-forged chrome steel</bullet1>
    <bullet2/>
    <bullet3/>
    <bullet4/>
    <bullet5/>
    <bullet6/>
    <bullet7/>
    <bullet8/>
    <bullet9/>
    <bullet10/>
    <bullet11/>
    <bullet12/>
    <bullet13/>
    <bullet14/>
    <bullet15/>
    <bullet16/>
    <bullet17/>
    <bullet18/>
    <bullet19/>
    <bullet20/>
    <bullet21/>
    <bullet22/>
    <bullet23/>
    <bullet24/>
    <vendorPriceUpdateDate>2022-07-27 00:00:00</vendorPriceUpdateDate>
  </part>
  <part>
    <partNumber>40100010</partNumber>
    <punctuatedPartNumber>4010-0010</punctuatedPartNumber>
    <partStatusDescription>STANDARD</partStatusDescription>
    <partDescription>Braided Cable Lock - 48"</partDescription>
    <unitOfMeasure>Each</unitOfMeasure>
    <brandName>TRIMAX</brandName>
    <supplierNumber>TG3048SX</supplierNumber>
    <specialInstructions/>
    <baseDealerPrice>36.75</baseDealerPrice>
    <yourDealerPrice>36.75</yourDealerPrice>
    <baseRetailPrice>64.99</baseRetailPrice>
    <originalRetailPrice>50.95</originalRetailPrice>
    <partImage>http://asset.lemansnet.com/z/LzEvMy9ELzEzRDczOThGLTdENjUtNEM0NC04M0UxLTUyQjNFNzkwRDg5Ng==</partImage>
    <productId>1668422222</productId>
    <productName>Gladiator Series Armored Cable</productName>
    <productImage>http://asset.lemansnet.com/z/bWVkaWEvODQ1OTcxMWQtZDY3My00MDU3LThkZDAtZWNjYjljNDgxNmZj</productImage>
    <bullet1>Maximum-security armor-plated cable locks</bullet1>
    <bullet2>Plastic-covered braided stainless steel covers with hardened armor-plated steel cups that repel saw cuts and bolt cutters</bullet2>
    <bullet3>Flexible for easy transport</bullet3>
    <bullet4>Ballistic-grade polymer lock housing cover resists hammer strikes; protects lock mechanism</bullet4>
    <bullet5>Key cover resists grime and moisture</bullet5>
    <bullet6>Ideal for securing motorcycles, ATVs, trailers, bicycles, watercraft, ladders, and construction equipment</bullet6>
    <bullet7/>
    <bullet8/>
    <bullet9/>
    <bullet10/>
    <bullet11/>
    <bullet12/>
    <bullet13/>
    <bullet14/>
    <bullet15/>
    <bullet16/>
    <bullet17/>
    <bullet18/>
    <bullet19/>
    <bullet20/>
    <bullet21/>
    <bullet22/>
    <bullet23/>
    <bullet24/>
    <vendorPriceUpdateDate>2022-07-27 00:00:00</vendorPriceUpdateDate>
  </part>
  <part>
    <partNumber>40100014</partNumber>
    <punctuatedPartNumber>4010-0014</punctuatedPartNumber>
    <partStatusDescription>STANDARD</partStatusDescription>
    <partDescription>Quadra Braid Lock - 72"</partDescription>
    <unitOfMeasure>Each</unitOfMeasure>
    <brandName>TRIMAX</brandName>
    <supplierNumber>TQ2072</supplierNumber>
    <specialInstructions/>
    <baseDealerPrice>33.39</baseDealerPrice>
    <yourDealerPrice>33.39</yourDealerPrice>
    <baseRetailPrice>54.99</baseRetailPrice>
    <originalRetailPrice>42.99</originalRetailPrice>
    <partImage>http://asset.lemansnet.com/z/LzMvRS80LzNFNEUwNzU2LUQwRjItNEY4QS04NDBGLTZGMjI3MTk1MEUwQg==</partImage>
    <productId>1803539962</productId>
    <productName>Trimaflex™ Max Security Braided Cable</productName>
    <productImage>http://asset.lemansnet.com/z/L0IvQy8yL0JDMjM4QjlGLTdDMTgtNEJDOS04QjgwLUNGNUYwODRCNTgxNQ==</productImage>
    <bullet1>Quadra-braid cables</bullet1>
    <bullet2/>
    <bullet3/>
    <bullet4/>
    <bullet5/>
    <bullet6/>
    <bullet7/>
    <bullet8/>
    <bullet9/>
    <bullet10/>
    <bullet11/>
    <bullet12/>
    <bullet13/>
    <bullet14/>
    <bullet15/>
    <bullet16/>
    <bullet17/>
    <bullet18/>
    <bullet19/>
    <bullet20/>
    <bullet21/>
    <bullet22/>
    <bullet23/>
    <bullet24/>
    <vendorPriceUpdateDate>2022-07-27 00:00:00</vendorPriceUpdateDate>
  </part>
  <part>
    <partNumber>40100184</partNumber>
    <punctuatedPartNumber>4010-0184</punctuatedPartNumber>
    <partStatusDescription>STANDARD</partStatusDescription>
    <partDescription>Alarm Disc Lock - 7 mm Pin - Chrome</partDescription>
    <unitOfMeasure>Each</unitOfMeasure>
    <brandName>TRIMAX</brandName>
    <supplierNumber>TAL88</supplierNumber>
    <specialInstructions>Actually has 7mm pin</specialInstructions>
    <baseDealerPrice>54.50</baseDealerPrice>
    <yourDealerPrice>54.50</yourDealerPrice>
    <baseRetailPrice>99.99</baseRetailPrice>
    <originalRetailPrice>77.99</originalRetailPrice>
    <partImage>http://asset.lemansnet.com/z/LzEvQy81LzFDNUJEMTI3LTkyQjUtNDAxNi1CMEQ1LTM0NzFBRjU3MTFFQSwvOC9DL0QvOENEOUMxREUtQjI3RS00NzA5LUFENzItOEE3RkQwNEIzNzgw</partImage>
    <productId>0519980715</productId>
    <productName>Alarm Disc Lock</productName>
    <productImage>http://asset.lemansnet.com/z/LzgvRS8xLzhFMTREMEM0LUJERUUtNDgxNS1CQUM4LTQ3MjNBOUY2Q0U1Rg==</productImage>
    <bullet1>Alarmed disc lock with 7 mm pin alerts you to tampering</bullet1>
    <bullet2>Includes reminder cable, carry pouch, 2 keys, and batteries</bullet2>
    <bullet3/>
    <bullet4/>
    <bullet5/>
    <bullet6/>
    <bullet7/>
    <bullet8/>
    <bullet9/>
    <bullet10/>
    <bullet11/>
    <bullet12/>
    <bullet13/>
    <bullet14/>
    <bullet15/>
    <bullet16/>
    <bullet17/>
    <bullet18/>
    <bullet19/>
    <bullet20/>
    <bullet21/>
    <bullet22/>
    <bullet23/>
    <bullet24/>
    <vendorPriceUpdateDate>2022-07-27 00:00:00</vendorPriceUpdateDate>
  </part>
  <part>
    <partNumber>99030004</partNumber>
    <punctuatedPartNumber>9903-0004</punctuatedPartNumber>
    <partStatusDescription>STANDARD</partStatusDescription>
    <partDescription>Product Display - Header and Hooks</partDescription>
    <unitOfMeasure>Each</unitOfMeasure>
    <brandName>TRIMAX</brandName>
    <supplierNumber>POP RACK</supplierNumber>
    <specialInstructions/>
    <baseDealerPrice>65.00</baseDealerPrice>
    <yourDealerPrice>65.00</yourDealerPrice>
    <baseRetailPrice>0.00</baseRetailPrice>
    <originalRetailPrice>0.00</originalRetailPrice>
    <partImage>http://asset.lemansnet.com/z/L0MvMi83L0MyNzVFMEE3LUVGNzktNDUxRi04RDRGLURBMkFERTU2NkMzQQ==</partImage>
    <productId>0571431039</productId>
    <productName>Product Display</productName>
    <productImage>http://asset.lemansnet.com/z/L0MvMi83L0MyNzVFMEE3LUVGNzktNDUxRi04RDRGLURBMkFERTU2NkMzQQ==</productImage>
    <bullet1>Enhance sales with these attractive point-of-purchase displays</bullet1>
    <bullet2/>
    <bullet3/>
    <bullet4/>
    <bullet5/>
    <bullet6/>
    <bullet7/>
    <bullet8/>
    <bullet9/>
    <bullet10/>
    <bullet11/>
    <bullet12/>
    <bullet13/>
    <bullet14/>
    <bullet15/>
    <bullet16/>
    <bullet17/>
    <bullet18/>
    <bullet19/>
    <bullet20/>
    <bullet21/>
    <bullet22/>
    <bullet23/>
    <bullet24/>
    <vendorPriceUpdateDate>2009-08-13 00:00:00</vendorPriceUpdateDate>
  </part>
  <part>
    <partNumber>99030005</partNumber>
    <punctuatedPartNumber>9903-0005</punctuatedPartNumber>
    <partStatusDescription>STANDARD</partStatusDescription>
    <partDescription>Product Display - Hang Strip</partDescription>
    <unitOfMeasure>Each</unitOfMeasure>
    <brandName>TRIMAX</brandName>
    <supplierNumber>CLIP STRIP</supplierNumber>
    <specialInstructions/>
    <baseDealerPrice>15.00</baseDealerPrice>
    <yourDealerPrice>15.00</yourDealerPrice>
    <baseRetailPrice>0.00</baseRetailPrice>
    <originalRetailPrice>0.00</originalRetailPrice>
    <partImage>http://asset.lemansnet.com/z/L0MvMi83L0MyNzVFMEE3LUVGNzktNDUxRi04RDRGLURBMkFERTU2NkMzQQ==</partImage>
    <productId>0613009152</productId>
    <productName>Product Display</productName>
    <productImage>http://asset.lemansnet.com/z/L0MvMi83L0MyNzVFMEE3LUVGNzktNDUxRi04RDRGLURBMkFERTU2NkMzQQ==</productImage>
    <bullet1>Enhance sales with these attractive point-of-purchase displays</bullet1>
    <bullet2/>
    <bullet3/>
    <bullet4/>
    <bullet5/>
    <bullet6/>
    <bullet7/>
    <bullet8/>
    <bullet9/>
    <bullet10/>
    <bullet11/>
    <bullet12/>
    <bullet13/>
    <bullet14/>
    <bullet15/>
    <bullet16/>
    <bullet17/>
    <bullet18/>
    <bullet19/>
    <bullet20/>
    <bullet21/>
    <bullet22/>
    <bullet23/>
    <bullet24/>
    <vendorPriceUpdateDate>2003-09-04 00:00:00</vendorPriceUpdateDate>
  </part>
</root>
