<root>
  <part>
    <partNumber>DS194254</partNumber>
    <punctuatedPartNumber>DS-194254</punctuatedPartNumber>
    <partStatusDescription>DISCONTINUED</partStatusDescription>
    <partDescription>Breather Gear Air Ramp</partDescription>
    <unitOfMeasure>Each</unitOfMeasure>
    <brandName>HOTOP</brandName>
    <supplierNumber>PBGR-20</supplierNumber>
    <specialInstructions/>
    <baseDealerPrice>12.00</baseDealerPrice>
    <yourDealerPrice>12.00</yourDealerPrice>
    <baseRetailPrice>0.00</baseRetailPrice>
    <originalRetailPrice>44.95</originalRetailPrice>
    <partImage>http://asset.lemansnet.com/z/LzgvRi9GLzhGRkE5RDEzLTIzRjUtNDNFRS1CQzNFLUVFQTcwQkJEQjNGMCwvOC9CL0UvOEJFNjA5RDAtQURFOS00QzVFLTlDODQtOEY3NEVBOTNDOTk2</partImage>
    <productId>1606677772</productId>
    <productName>Air Ramp</productName>
    <productImage>http://asset.lemansnet.com/z/LzgvRi9GLzhGRkE5RDEzLTIzRjUtNDNFRS1CQzNFLUVFQTcwQkJEQjNGMA==</productImage>
    <bullet1>Increases cfm flow by approximately 80%</bullet1>
    <bullet2>Helps remove more air and oil from the crankcase</bullet2>
    <bullet3>Made in the U.S.A.</bullet3>
    <bullet4>Requires the removal of the screen on S&amp;S breather gears.</bullet4>
    <bullet5/>
    <bullet6/>
    <bullet7/>
    <bullet8/>
    <bullet9/>
    <bullet10/>
    <bullet11/>
    <bullet12/>
    <bullet13/>
    <bullet14/>
    <bullet15/>
    <bullet16/>
    <bullet17/>
    <bullet18/>
    <bullet19/>
    <bullet20/>
    <bullet21/>
    <bullet22/>
    <bullet23/>
    <bullet24/>
    <vendorPriceUpdateDate>2010-02-24 00:00:00</vendorPriceUpdateDate>
  </part>
</root>
