<root>
  <part>
    <partNumber>19010861</partNumber>
    <punctuatedPartNumber>1901-0861</punctuatedPartNumber>
    <partStatusDescription>STANDARD</partStatusDescription>
    <partDescription>Replacement OEM Radiator - Right - Honda</partDescription>
    <unitOfMeasure>Each</unitOfMeasure>
    <brandName>KSX</brandName>
    <supplierNumber>19010861</supplierNumber>
    <specialInstructions/>
    <baseDealerPrice>103.30</baseDealerPrice>
    <yourDealerPrice>103.30</yourDealerPrice>
    <baseRetailPrice>159.95</baseRetailPrice>
    <originalRetailPrice>159.95</originalRetailPrice>
    <partImage>http://asset.lemansnet.com/z/L0EvNC9DL0E0QzFEOTk3LTVENEEtNDY1OS05NjFDLTkxMkRBNEY1M0EzMg==</partImage>
    <productId>1680296011</productId>
    <productName>Replacement OEM Radiator</productName>
    <productImage>http://asset.lemansnet.com/z/L0EvNC9DL0E0QzFEOTk3LTVENEEtNDY1OS05NjFDLTkxMkRBNEY1M0EzMg==</productImage>
    <bullet1>Easy mounting and perfect fitting, no modification required</bullet1>
    <bullet2>Same dimensions as OEM</bullet2>
    <bullet3>Includes radiator cap</bullet3>
    <bullet4/>
    <bullet5/>
    <bullet6/>
    <bullet7/>
    <bullet8/>
    <bullet9/>
    <bullet10/>
    <bullet11/>
    <bullet12/>
    <bullet13/>
    <bullet14/>
    <bullet15/>
    <bullet16/>
    <bullet17/>
    <bullet18/>
    <bullet19/>
    <bullet20/>
    <bullet21/>
    <bullet22/>
    <bullet23/>
    <bullet24/>
    <vendorPriceUpdateDate>2023-01-03 00:00:00</vendorPriceUpdateDate>
  </part>
  <part>
    <partNumber>19010862</partNumber>
    <punctuatedPartNumber>1901-0862</punctuatedPartNumber>
    <partStatusDescription>STANDARD</partStatusDescription>
    <partDescription>Replacement OEM Radiator - Right - Honda</partDescription>
    <unitOfMeasure>Each</unitOfMeasure>
    <brandName>KSX</brandName>
    <supplierNumber>19010862</supplierNumber>
    <specialInstructions/>
    <baseDealerPrice>103.30</baseDealerPrice>
    <yourDealerPrice>103.30</yourDealerPrice>
    <baseRetailPrice>159.95</baseRetailPrice>
    <originalRetailPrice>159.95</originalRetailPrice>
    <partImage>http://asset.lemansnet.com/z/LzUvMC8yLzUwMjc4NjIwLTU5MTgtNDVGQS04QjgyLTc3MURGQjc4NUMzQQ==</partImage>
    <productId>1680296011</productId>
    <productName>Replacement OEM Radiator</productName>
    <productImage>http://asset.lemansnet.com/z/L0EvNC9DL0E0QzFEOTk3LTVENEEtNDY1OS05NjFDLTkxMkRBNEY1M0EzMg==</productImage>
    <bullet1>Easy mounting and perfect fitting, no modification required</bullet1>
    <bullet2>Same dimensions as OEM</bullet2>
    <bullet3>Includes radiator cap</bullet3>
    <bullet4/>
    <bullet5/>
    <bullet6/>
    <bullet7/>
    <bullet8/>
    <bullet9/>
    <bullet10/>
    <bullet11/>
    <bullet12/>
    <bullet13/>
    <bullet14/>
    <bullet15/>
    <bullet16/>
    <bullet17/>
    <bullet18/>
    <bullet19/>
    <bullet20/>
    <bullet21/>
    <bullet22/>
    <bullet23/>
    <bullet24/>
    <vendorPriceUpdateDate>2023-01-03 00:00:00</vendorPriceUpdateDate>
  </part>
</root>
