<root>
  <part>
    <partNumber>21101323</partNumber>
    <punctuatedPartNumber>2110-1323</punctuatedPartNumber>
    <partStatusDescription>STANDARD</partStatusDescription>
    <partDescription>Starter - BMW</partDescription>
    <unitOfMeasure>Each</unitOfMeasure>
    <brandName>PSYKHO</brandName>
    <supplierNumber>18916N</supplierNumber>
    <specialInstructions/>
    <baseDealerPrice>97.80</baseDealerPrice>
    <yourDealerPrice>97.80</yourDealerPrice>
    <baseRetailPrice>149.95</baseRetailPrice>
    <originalRetailPrice>199.95</originalRetailPrice>
    <partImage>http://asset.lemansnet.com/z/LzcvMC9FLzcwRTYzODVFLTcyREEtNDJBNC1BMkFDLTUzNzUxMUNFODRBMywvQS85LzgvQTk4OTdFNEUtNEVGMC00OTlBLTk0NDYtNkYyODRGNkM5REE3LC8xLzcvMy8xNzNBRUZDNS1CNTM1LTQwMzItQTBGRS0yQ0YxOEY5NUE0RjA=</partImage>
    <productId>1392050727</productId>
    <productName>Starter</productName>
    <productImage>http://asset.lemansnet.com/z/LzQvRC8xLzREMTUzREVBLTY1RDgtNDgwNy1CQUE0LTlBQzQ1N0U5M0NEMg==</productImage>
    <bullet1>New starters, not remanufactured</bullet1>
    <bullet2>OEM replacement</bullet2>
    <bullet3/>
    <bullet4/>
    <bullet5/>
    <bullet6/>
    <bullet7/>
    <bullet8/>
    <bullet9/>
    <bullet10/>
    <bullet11/>
    <bullet12/>
    <bullet13/>
    <bullet14/>
    <bullet15/>
    <bullet16/>
    <bullet17/>
    <bullet18/>
    <bullet19/>
    <bullet20/>
    <bullet21/>
    <bullet22/>
    <bullet23/>
    <bullet24/>
    <vendorPriceUpdateDate>2023-10-04 00:00:00</vendorPriceUpdateDate>
  </part>
  <part>
    <partNumber>21100258</partNumber>
    <punctuatedPartNumber>2110-0258</punctuatedPartNumber>
    <partStatusDescription>STANDARD</partStatusDescription>
    <partDescription>Starter - Arctic Cat/Suzuki</partDescription>
    <unitOfMeasure>Each</unitOfMeasure>
    <brandName>PSYKHO</brandName>
    <supplierNumber>18807N</supplierNumber>
    <specialInstructions/>
    <baseDealerPrice>89.30</baseDealerPrice>
    <yourDealerPrice>89.30</yourDealerPrice>
    <baseRetailPrice>139.95</baseRetailPrice>
    <originalRetailPrice>133.95</originalRetailPrice>
    <partImage>http://asset.lemansnet.com/z/L0UvRS83L0VFNzk1ODE1LTBDNjctNEE1MC05NzlCLTg5RDNGRTgwNUEwNg==</partImage>
    <productId>0913031662</productId>
    <productName>Starter</productName>
    <productImage>http://asset.lemansnet.com/z/L0YvRC81L0ZENTY0MzdELTRBNzctNEZFNy1CNkNGLUZGMjYzODAzMkQ5OA==</productImage>
    <bullet1>New starters, not remanufactured, replaces OEM exactly</bullet1>
    <bullet2/>
    <bullet3/>
    <bullet4/>
    <bullet5/>
    <bullet6/>
    <bullet7/>
    <bullet8/>
    <bullet9/>
    <bullet10/>
    <bullet11/>
    <bullet12/>
    <bullet13/>
    <bullet14/>
    <bullet15/>
    <bullet16/>
    <bullet17/>
    <bullet18/>
    <bullet19/>
    <bullet20/>
    <bullet21/>
    <bullet22/>
    <bullet23/>
    <bullet24/>
    <vendorPriceUpdateDate>2022-10-12 00:00:00</vendorPriceUpdateDate>
  </part>
  <part>
    <partNumber>21100259</partNumber>
    <punctuatedPartNumber>2110-0259</punctuatedPartNumber>
    <partStatusDescription>DISCONTINUED</partStatusDescription>
    <partDescription>Starter Motor - Suzuki</partDescription>
    <unitOfMeasure>Each</unitOfMeasure>
    <brandName>PSYKHO</brandName>
    <supplierNumber>18794N</supplierNumber>
    <specialInstructions/>
    <baseDealerPrice>29.90</baseDealerPrice>
    <yourDealerPrice>29.90</yourDealerPrice>
    <baseRetailPrice>0.00</baseRetailPrice>
    <originalRetailPrice>133.95</originalRetailPrice>
    <partImage>http://asset.lemansnet.com/z/L0YvRC81L0ZENTY0MzdELTRBNzctNEZFNy1CNkNGLUZGMjYzODAzMkQ5OA==</partImage>
    <productId>1131540715</productId>
    <productName>Starter</productName>
    <productImage>http://asset.lemansnet.com/z/L0YvRC81L0ZENTY0MzdELTRBNzctNEZFNy1CNkNGLUZGMjYzODAzMkQ5OA==</productImage>
    <bullet1>New starters, not remanufactured, replaces OEM exactly</bullet1>
    <bullet2/>
    <bullet3/>
    <bullet4/>
    <bullet5/>
    <bullet6/>
    <bullet7/>
    <bullet8/>
    <bullet9/>
    <bullet10/>
    <bullet11/>
    <bullet12/>
    <bullet13/>
    <bullet14/>
    <bullet15/>
    <bullet16/>
    <bullet17/>
    <bullet18/>
    <bullet19/>
    <bullet20/>
    <bullet21/>
    <bullet22/>
    <bullet23/>
    <bullet24/>
    <vendorPriceUpdateDate>2022-10-12 00:00:00</vendorPriceUpdateDate>
  </part>
  <part>
    <partNumber>21100263</partNumber>
    <punctuatedPartNumber>2110-0263</punctuatedPartNumber>
    <partStatusDescription>STANDARD</partStatusDescription>
    <partDescription>Starter - TRX 250</partDescription>
    <unitOfMeasure>Each</unitOfMeasure>
    <brandName>PSYKHO</brandName>
    <supplierNumber>18337N</supplierNumber>
    <specialInstructions/>
    <baseDealerPrice>72.10</baseDealerPrice>
    <yourDealerPrice>72.10</yourDealerPrice>
    <baseRetailPrice>109.95</baseRetailPrice>
    <originalRetailPrice>119.95</originalRetailPrice>
    <partImage>http://asset.lemansnet.com/z/LzYvMS9FLzYxRUE3QUMyLTRERjMtNDg0NC1CMTlELTRFNzk5QURCRUFGMA==</partImage>
    <productId>1697487475</productId>
    <productName>Starter</productName>
    <productImage>http://asset.lemansnet.com/z/L0UvMy9DL0UzQ0EwQ0IxLTBCNTgtNDVGNi05N0EyLTlEODI3RDEzNUEwQQ==</productImage>
    <bullet1>OEM replacement</bullet1>
    <bullet2>New starters, not remanufactured</bullet2>
    <bullet3/>
    <bullet4/>
    <bullet5/>
    <bullet6/>
    <bullet7/>
    <bullet8/>
    <bullet9/>
    <bullet10/>
    <bullet11/>
    <bullet12/>
    <bullet13/>
    <bullet14/>
    <bullet15/>
    <bullet16/>
    <bullet17/>
    <bullet18/>
    <bullet19/>
    <bullet20/>
    <bullet21/>
    <bullet22/>
    <bullet23/>
    <bullet24/>
    <vendorPriceUpdateDate>2022-10-12 00:00:00</vendorPriceUpdateDate>
  </part>
  <part>
    <partNumber>21100265</partNumber>
    <punctuatedPartNumber>2110-0265</punctuatedPartNumber>
    <partStatusDescription>STANDARD</partStatusDescription>
    <partDescription>Starter - TRX 350</partDescription>
    <unitOfMeasure>Each</unitOfMeasure>
    <brandName>PSYKHO</brandName>
    <supplierNumber>18607N</supplierNumber>
    <specialInstructions/>
    <baseDealerPrice>65.20</baseDealerPrice>
    <yourDealerPrice>65.20</yourDealerPrice>
    <baseRetailPrice>99.95</baseRetailPrice>
    <originalRetailPrice>128.95</originalRetailPrice>
    <partImage>http://asset.lemansnet.com/z/LzcvRC82LzdENjlFODU4LUQzNDYtNDEwQi1BOTgyLTcwQzAwQTJBRjAyNg==</partImage>
    <productId>1697487475</productId>
    <productName>Starter</productName>
    <productImage>http://asset.lemansnet.com/z/L0UvMy9DL0UzQ0EwQ0IxLTBCNTgtNDVGNi05N0EyLTlEODI3RDEzNUEwQQ==</productImage>
    <bullet1>OEM replacement</bullet1>
    <bullet2>New starters, not remanufactured</bullet2>
    <bullet3/>
    <bullet4/>
    <bullet5/>
    <bullet6/>
    <bullet7/>
    <bullet8/>
    <bullet9/>
    <bullet10/>
    <bullet11/>
    <bullet12/>
    <bullet13/>
    <bullet14/>
    <bullet15/>
    <bullet16/>
    <bullet17/>
    <bullet18/>
    <bullet19/>
    <bullet20/>
    <bullet21/>
    <bullet22/>
    <bullet23/>
    <bullet24/>
    <vendorPriceUpdateDate>2022-10-12 00:00:00</vendorPriceUpdateDate>
  </part>
  <part>
    <partNumber>21100266</partNumber>
    <punctuatedPartNumber>2110-0266</punctuatedPartNumber>
    <partStatusDescription>STANDARD</partStatusDescription>
    <partDescription>Starter - TRX 500</partDescription>
    <unitOfMeasure>Each</unitOfMeasure>
    <brandName>PSYKHO</brandName>
    <supplierNumber>18666N</supplierNumber>
    <specialInstructions>N/F 04-09 RUBICON 500 02JDS</specialInstructions>
    <baseDealerPrice>112.00</baseDealerPrice>
    <yourDealerPrice>112.00</yourDealerPrice>
    <baseRetailPrice>171.95</baseRetailPrice>
    <originalRetailPrice>164.95</originalRetailPrice>
    <partImage>http://asset.lemansnet.com/z/LzQvMy8zLzQzMzM5OEI0LTUyNTItNEZCNS05N0JBLTJFNUE1MzExMTBBQw==</partImage>
    <productId>1697487475</productId>
    <productName>Starter</productName>
    <productImage>http://asset.lemansnet.com/z/L0UvMy9DL0UzQ0EwQ0IxLTBCNTgtNDVGNi05N0EyLTlEODI3RDEzNUEwQQ==</productImage>
    <bullet1>OEM replacement</bullet1>
    <bullet2>New starters, not remanufactured</bullet2>
    <bullet3/>
    <bullet4/>
    <bullet5/>
    <bullet6/>
    <bullet7/>
    <bullet8/>
    <bullet9/>
    <bullet10/>
    <bullet11/>
    <bullet12/>
    <bullet13/>
    <bullet14/>
    <bullet15/>
    <bullet16/>
    <bullet17/>
    <bullet18/>
    <bullet19/>
    <bullet20/>
    <bullet21/>
    <bullet22/>
    <bullet23/>
    <bullet24/>
    <vendorPriceUpdateDate>2022-10-12 00:00:00</vendorPriceUpdateDate>
  </part>
  <part>
    <partNumber>21100267</partNumber>
    <punctuatedPartNumber>2110-0267</punctuatedPartNumber>
    <partStatusDescription>STANDARD</partStatusDescription>
    <partDescription>Starter - TRX 400/450</partDescription>
    <unitOfMeasure>Each</unitOfMeasure>
    <brandName>PSYKHO</brandName>
    <supplierNumber>18638N</supplierNumber>
    <specialInstructions/>
    <baseDealerPrice>96.40</baseDealerPrice>
    <yourDealerPrice>96.40</yourDealerPrice>
    <baseRetailPrice>148.95</baseRetailPrice>
    <originalRetailPrice>143.95</originalRetailPrice>
    <partImage>http://asset.lemansnet.com/z/L0YvNi8zL0Y2M0M5MjdCLTE3Q0EtNDQyQy1CQTE3LTIwMThFMjAwNkEzOQ==</partImage>
    <productId>1697487475</productId>
    <productName>Starter</productName>
    <productImage>http://asset.lemansnet.com/z/L0UvMy9DL0UzQ0EwQ0IxLTBCNTgtNDVGNi05N0EyLTlEODI3RDEzNUEwQQ==</productImage>
    <bullet1>OEM replacement</bullet1>
    <bullet2>New starters, not remanufactured</bullet2>
    <bullet3/>
    <bullet4/>
    <bullet5/>
    <bullet6/>
    <bullet7/>
    <bullet8/>
    <bullet9/>
    <bullet10/>
    <bullet11/>
    <bullet12/>
    <bullet13/>
    <bullet14/>
    <bullet15/>
    <bullet16/>
    <bullet17/>
    <bullet18/>
    <bullet19/>
    <bullet20/>
    <bullet21/>
    <bullet22/>
    <bullet23/>
    <bullet24/>
    <vendorPriceUpdateDate>2022-10-12 00:00:00</vendorPriceUpdateDate>
  </part>
  <part>
    <partNumber>21100270</partNumber>
    <punctuatedPartNumber>2110-0270</punctuatedPartNumber>
    <partStatusDescription>STANDARD</partStatusDescription>
    <partDescription>Starter - Polaris</partDescription>
    <unitOfMeasure>Each</unitOfMeasure>
    <brandName>PSYKHO</brandName>
    <supplierNumber>18331N</supplierNumber>
    <specialInstructions/>
    <baseDealerPrice>71.60</baseDealerPrice>
    <yourDealerPrice>71.60</yourDealerPrice>
    <baseRetailPrice>109.95</baseRetailPrice>
    <originalRetailPrice>109.95</originalRetailPrice>
    <partImage>http://asset.lemansnet.com/z/L0EvQi9FL0FCRTkyMjJELTFCNDAtNEQzMC04NjU3LTc1MDIxNjZEODg3NQ==</partImage>
    <productId>0428319875</productId>
    <productName>Starter</productName>
    <productImage>http://asset.lemansnet.com/z/LzYvNS83LzY1N0ZCNURELUY4M0YtNEI5Ny05MEUyLTcyQURFNTZCNDRERA==</productImage>
    <bullet1>OEM replacement</bullet1>
    <bullet2>New starters, not remanufactured</bullet2>
    <bullet3/>
    <bullet4/>
    <bullet5/>
    <bullet6/>
    <bullet7/>
    <bullet8/>
    <bullet9/>
    <bullet10/>
    <bullet11/>
    <bullet12/>
    <bullet13/>
    <bullet14/>
    <bullet15/>
    <bullet16/>
    <bullet17/>
    <bullet18/>
    <bullet19/>
    <bullet20/>
    <bullet21/>
    <bullet22/>
    <bullet23/>
    <bullet24/>
    <vendorPriceUpdateDate>2022-10-12 00:00:00</vendorPriceUpdateDate>
  </part>
  <part>
    <partNumber>21100271</partNumber>
    <punctuatedPartNumber>2110-0271</punctuatedPartNumber>
    <partStatusDescription>STANDARD</partStatusDescription>
    <partDescription>Starter - Polaris</partDescription>
    <unitOfMeasure>Each</unitOfMeasure>
    <brandName>PSYKHO</brandName>
    <supplierNumber>18645N</supplierNumber>
    <specialInstructions/>
    <baseDealerPrice>64.00</baseDealerPrice>
    <yourDealerPrice>64.00</yourDealerPrice>
    <baseRetailPrice>99.95</baseRetailPrice>
    <originalRetailPrice>109.95</originalRetailPrice>
    <partImage>http://asset.lemansnet.com/z/LzQvMS81LzQxNTA2MkU2LThFNjgtNDdENS1CMDIzLTg2RjA5QzQxQTVEQg==</partImage>
    <productId>0428319875</productId>
    <productName>Starter</productName>
    <productImage>http://asset.lemansnet.com/z/LzYvNS83LzY1N0ZCNURELUY4M0YtNEI5Ny05MEUyLTcyQURFNTZCNDRERA==</productImage>
    <bullet1>OEM replacement</bullet1>
    <bullet2>New starters, not remanufactured</bullet2>
    <bullet3/>
    <bullet4/>
    <bullet5/>
    <bullet6/>
    <bullet7/>
    <bullet8/>
    <bullet9/>
    <bullet10/>
    <bullet11/>
    <bullet12/>
    <bullet13/>
    <bullet14/>
    <bullet15/>
    <bullet16/>
    <bullet17/>
    <bullet18/>
    <bullet19/>
    <bullet20/>
    <bullet21/>
    <bullet22/>
    <bullet23/>
    <bullet24/>
    <vendorPriceUpdateDate>2022-10-12 00:00:00</vendorPriceUpdateDate>
  </part>
  <part>
    <partNumber>21100272</partNumber>
    <punctuatedPartNumber>2110-0272</punctuatedPartNumber>
    <partStatusDescription>STANDARD</partStatusDescription>
    <partDescription>Starter - Polaris</partDescription>
    <unitOfMeasure>Each</unitOfMeasure>
    <brandName>PSYKHO</brandName>
    <supplierNumber>18648N</supplierNumber>
    <specialInstructions/>
    <baseDealerPrice>89.30</baseDealerPrice>
    <yourDealerPrice>89.30</yourDealerPrice>
    <baseRetailPrice>139.95</baseRetailPrice>
    <originalRetailPrice>133.95</originalRetailPrice>
    <partImage>http://asset.lemansnet.com/z/LzYvNS83LzY1N0ZCNURELUY4M0YtNEI5Ny05MEUyLTcyQURFNTZCNDRERA==</partImage>
    <productId>0428319875</productId>
    <productName>Starter</productName>
    <productImage>http://asset.lemansnet.com/z/LzYvNS83LzY1N0ZCNURELUY4M0YtNEI5Ny05MEUyLTcyQURFNTZCNDRERA==</productImage>
    <bullet1>OEM replacement</bullet1>
    <bullet2>New starters, not remanufactured</bullet2>
    <bullet3/>
    <bullet4/>
    <bullet5/>
    <bullet6/>
    <bullet7/>
    <bullet8/>
    <bullet9/>
    <bullet10/>
    <bullet11/>
    <bullet12/>
    <bullet13/>
    <bullet14/>
    <bullet15/>
    <bullet16/>
    <bullet17/>
    <bullet18/>
    <bullet19/>
    <bullet20/>
    <bullet21/>
    <bullet22/>
    <bullet23/>
    <bullet24/>
    <vendorPriceUpdateDate>2022-10-12 00:00:00</vendorPriceUpdateDate>
  </part>
  <part>
    <partNumber>21100276</partNumber>
    <punctuatedPartNumber>2110-0276</punctuatedPartNumber>
    <partStatusDescription>STANDARD</partStatusDescription>
    <partDescription>Starter - TRX 250</partDescription>
    <unitOfMeasure>Each</unitOfMeasure>
    <brandName>PSYKHO</brandName>
    <supplierNumber>18336N</supplierNumber>
    <specialInstructions/>
    <baseDealerPrice>73.30</baseDealerPrice>
    <yourDealerPrice>73.30</yourDealerPrice>
    <baseRetailPrice>112.95</baseRetailPrice>
    <originalRetailPrice>125.95</originalRetailPrice>
    <partImage>http://asset.lemansnet.com/z/LzMvQy8yLzNDMjQzRkZDLTg5OTQtNDU2QS05NjU5LUFGOEUwMzRDODQ5Qw==</partImage>
    <productId>1697487475</productId>
    <productName>Starter</productName>
    <productImage>http://asset.lemansnet.com/z/L0UvMy9DL0UzQ0EwQ0IxLTBCNTgtNDVGNi05N0EyLTlEODI3RDEzNUEwQQ==</productImage>
    <bullet1>OEM replacement</bullet1>
    <bullet2>New starters, not remanufactured</bullet2>
    <bullet3/>
    <bullet4/>
    <bullet5/>
    <bullet6/>
    <bullet7/>
    <bullet8/>
    <bullet9/>
    <bullet10/>
    <bullet11/>
    <bullet12/>
    <bullet13/>
    <bullet14/>
    <bullet15/>
    <bullet16/>
    <bullet17/>
    <bullet18/>
    <bullet19/>
    <bullet20/>
    <bullet21/>
    <bullet22/>
    <bullet23/>
    <bullet24/>
    <vendorPriceUpdateDate>2022-10-12 00:00:00</vendorPriceUpdateDate>
  </part>
  <part>
    <partNumber>21100283</partNumber>
    <punctuatedPartNumber>2110-0283</punctuatedPartNumber>
    <partStatusDescription>STANDARD</partStatusDescription>
    <partDescription>Starter Motor - Yamaha</partDescription>
    <unitOfMeasure>Each</unitOfMeasure>
    <brandName>PSYKHO</brandName>
    <supplierNumber>18759N</supplierNumber>
    <specialInstructions/>
    <baseDealerPrice>96.40</baseDealerPrice>
    <yourDealerPrice>96.40</yourDealerPrice>
    <baseRetailPrice>149.95</baseRetailPrice>
    <originalRetailPrice>143.95</originalRetailPrice>
    <partImage>http://asset.lemansnet.com/z/LzcvRC82LzdENjk0QTJELTVDQTktNDIzNS1CMEMyLTY3MDYzQjRCM0FBNg==</partImage>
    <productId>0823556682</productId>
    <productName>Starter</productName>
    <productImage>http://asset.lemansnet.com/z/LzkvMy9BLzkzQUQ0QUEyLTM3MUYtNEI0Ni04N0JBLUQ4NDQyQUY4N0Q4RQ==</productImage>
    <bullet1>New starters, not remanufactured</bullet1>
    <bullet2>OEM replacement</bullet2>
    <bullet3/>
    <bullet4/>
    <bullet5/>
    <bullet6/>
    <bullet7/>
    <bullet8/>
    <bullet9/>
    <bullet10/>
    <bullet11/>
    <bullet12/>
    <bullet13/>
    <bullet14/>
    <bullet15/>
    <bullet16/>
    <bullet17/>
    <bullet18/>
    <bullet19/>
    <bullet20/>
    <bullet21/>
    <bullet22/>
    <bullet23/>
    <bullet24/>
    <vendorPriceUpdateDate>2022-10-12 00:00:00</vendorPriceUpdateDate>
  </part>
  <part>
    <partNumber>21100286</partNumber>
    <punctuatedPartNumber>2110-0286</punctuatedPartNumber>
    <partStatusDescription>STANDARD</partStatusDescription>
    <partDescription>Starter - Kawasaki</partDescription>
    <unitOfMeasure>Each</unitOfMeasure>
    <brandName>PSYKHO</brandName>
    <supplierNumber>18330N-K</supplierNumber>
    <specialInstructions/>
    <baseDealerPrice>88.40</baseDealerPrice>
    <yourDealerPrice>88.40</yourDealerPrice>
    <baseRetailPrice>134.95</baseRetailPrice>
    <originalRetailPrice>131.95</originalRetailPrice>
    <partImage>http://asset.lemansnet.com/z/LzIvNS9ELzI1RERGRDE0LUU3RjktNDA2Ny04REY3LUNGNjI3NERBMTZCNw==</partImage>
    <productId>1078009267</productId>
    <productName>Starter Motor</productName>
    <productImage>http://asset.lemansnet.com/z/L0EvOS84L0E5ODAwOTMwLTQ0RDktNDI0OC1BQTRELUI2OEU0NzE1QTY4NQ==</productImage>
    <bullet1>New starters, not remanufactured</bullet1>
    <bullet2>OEM replacement</bullet2>
    <bullet3/>
    <bullet4/>
    <bullet5/>
    <bullet6/>
    <bullet7/>
    <bullet8/>
    <bullet9/>
    <bullet10/>
    <bullet11/>
    <bullet12/>
    <bullet13/>
    <bullet14/>
    <bullet15/>
    <bullet16/>
    <bullet17/>
    <bullet18/>
    <bullet19/>
    <bullet20/>
    <bullet21/>
    <bullet22/>
    <bullet23/>
    <bullet24/>
    <vendorPriceUpdateDate>2022-10-12 00:00:00</vendorPriceUpdateDate>
  </part>
  <part>
    <partNumber>21101322</partNumber>
    <punctuatedPartNumber>2110-1322</punctuatedPartNumber>
    <partStatusDescription>STANDARD</partStatusDescription>
    <partDescription>Starter - BMW</partDescription>
    <unitOfMeasure>Each</unitOfMeasure>
    <brandName>PSYKHO</brandName>
    <supplierNumber>18915N</supplierNumber>
    <specialInstructions/>
    <baseDealerPrice>96.70</baseDealerPrice>
    <yourDealerPrice>96.70</yourDealerPrice>
    <baseRetailPrice>149.95</baseRetailPrice>
    <originalRetailPrice>199.95</originalRetailPrice>
    <partImage>http://asset.lemansnet.com/z/L0YvMC8wL0YwMEUxNTlDLUY0NTctNDdFMS04RkU0LUY4QzE4NjZDMjZBNywvOS8zL0IvOTNCQTNDRTgtQzhFMy00NTA3LUIzQUYtQTE0NTRCOEZCQTk0</partImage>
    <productId>1392050727</productId>
    <productName>Starter</productName>
    <productImage>http://asset.lemansnet.com/z/LzQvRC8xLzREMTUzREVBLTY1RDgtNDgwNy1CQUE0LTlBQzQ1N0U5M0NEMg==</productImage>
    <bullet1>New starters, not remanufactured</bullet1>
    <bullet2>OEM replacement</bullet2>
    <bullet3/>
    <bullet4/>
    <bullet5/>
    <bullet6/>
    <bullet7/>
    <bullet8/>
    <bullet9/>
    <bullet10/>
    <bullet11/>
    <bullet12/>
    <bullet13/>
    <bullet14/>
    <bullet15/>
    <bullet16/>
    <bullet17/>
    <bullet18/>
    <bullet19/>
    <bullet20/>
    <bullet21/>
    <bullet22/>
    <bullet23/>
    <bullet24/>
    <vendorPriceUpdateDate>2023-10-04 00:00:00</vendorPriceUpdateDate>
  </part>
  <part>
    <partNumber>21101320</partNumber>
    <punctuatedPartNumber>2110-1320</punctuatedPartNumber>
    <partStatusDescription>STANDARD</partStatusDescription>
    <partDescription>Starter - VF700/750</partDescription>
    <unitOfMeasure>Each</unitOfMeasure>
    <brandName>PSYKHO</brandName>
    <supplierNumber>18660N</supplierNumber>
    <specialInstructions/>
    <baseDealerPrice>73.80</baseDealerPrice>
    <yourDealerPrice>73.80</yourDealerPrice>
    <baseRetailPrice>114.95</baseRetailPrice>
    <originalRetailPrice>149.95</originalRetailPrice>
    <partImage>http://asset.lemansnet.com/z/L0EvQi81L0FCNUNDRDU5LTM2Q0EtNDAyRC1CNzUzLTFBNzdCRTlFRkYyMg==</partImage>
    <productId>1392050727</productId>
    <productName>Starter</productName>
    <productImage>http://asset.lemansnet.com/z/LzQvRC8xLzREMTUzREVBLTY1RDgtNDgwNy1CQUE0LTlBQzQ1N0U5M0NEMg==</productImage>
    <bullet1>New starters, not remanufactured</bullet1>
    <bullet2>OEM replacement</bullet2>
    <bullet3/>
    <bullet4/>
    <bullet5/>
    <bullet6/>
    <bullet7/>
    <bullet8/>
    <bullet9/>
    <bullet10/>
    <bullet11/>
    <bullet12/>
    <bullet13/>
    <bullet14/>
    <bullet15/>
    <bullet16/>
    <bullet17/>
    <bullet18/>
    <bullet19/>
    <bullet20/>
    <bullet21/>
    <bullet22/>
    <bullet23/>
    <bullet24/>
    <vendorPriceUpdateDate>2023-10-04 00:00:00</vendorPriceUpdateDate>
  </part>
  <part>
    <partNumber>21101321</partNumber>
    <punctuatedPartNumber>2110-1321</punctuatedPartNumber>
    <partStatusDescription>STANDARD</partStatusDescription>
    <partDescription>Starter - WR 450 F</partDescription>
    <unitOfMeasure>Each</unitOfMeasure>
    <brandName>PSYKHO</brandName>
    <supplierNumber>18844N</supplierNumber>
    <specialInstructions/>
    <baseDealerPrice>108.50</baseDealerPrice>
    <yourDealerPrice>108.50</yourDealerPrice>
    <baseRetailPrice>169.95</baseRetailPrice>
    <originalRetailPrice>209.95</originalRetailPrice>
    <partImage>http://asset.lemansnet.com/z/LzEvQS8yLzFBMjI2RDk2LTNFN0QtNEQxRS1CNjc5LTRFODgxNzQxRjhGQw==</partImage>
    <productId>1392050727</productId>
    <productName>Starter</productName>
    <productImage>http://asset.lemansnet.com/z/LzQvRC8xLzREMTUzREVBLTY1RDgtNDgwNy1CQUE0LTlBQzQ1N0U5M0NEMg==</productImage>
    <bullet1>New starters, not remanufactured</bullet1>
    <bullet2>OEM replacement</bullet2>
    <bullet3/>
    <bullet4/>
    <bullet5/>
    <bullet6/>
    <bullet7/>
    <bullet8/>
    <bullet9/>
    <bullet10/>
    <bullet11/>
    <bullet12/>
    <bullet13/>
    <bullet14/>
    <bullet15/>
    <bullet16/>
    <bullet17/>
    <bullet18/>
    <bullet19/>
    <bullet20/>
    <bullet21/>
    <bullet22/>
    <bullet23/>
    <bullet24/>
    <vendorPriceUpdateDate>2023-10-04 00:00:00</vendorPriceUpdateDate>
  </part>
  <part>
    <partNumber>21100264</partNumber>
    <punctuatedPartNumber>2110-0264</punctuatedPartNumber>
    <partStatusDescription>STANDARD</partStatusDescription>
    <partDescription>Starter - 400 EX</partDescription>
    <unitOfMeasure>Each</unitOfMeasure>
    <brandName>PSYKHO</brandName>
    <supplierNumber>18608N</supplierNumber>
    <specialInstructions/>
    <baseDealerPrice>110.00</baseDealerPrice>
    <yourDealerPrice>110.00</yourDealerPrice>
    <baseRetailPrice>169.95</baseRetailPrice>
    <originalRetailPrice>161.95</originalRetailPrice>
    <partImage>http://asset.lemansnet.com/z/L0UvMy9DL0UzQ0EwQ0IxLTBCNTgtNDVGNi05N0EyLTlEODI3RDEzNUEwQQ==</partImage>
    <productId>1697487475</productId>
    <productName>Starter</productName>
    <productImage>http://asset.lemansnet.com/z/L0UvMy9DL0UzQ0EwQ0IxLTBCNTgtNDVGNi05N0EyLTlEODI3RDEzNUEwQQ==</productImage>
    <bullet1>OEM replacement</bullet1>
    <bullet2>New starters, not remanufactured</bullet2>
    <bullet3/>
    <bullet4/>
    <bullet5/>
    <bullet6/>
    <bullet7/>
    <bullet8/>
    <bullet9/>
    <bullet10/>
    <bullet11/>
    <bullet12/>
    <bullet13/>
    <bullet14/>
    <bullet15/>
    <bullet16/>
    <bullet17/>
    <bullet18/>
    <bullet19/>
    <bullet20/>
    <bullet21/>
    <bullet22/>
    <bullet23/>
    <bullet24/>
    <vendorPriceUpdateDate>2022-10-12 00:00:00</vendorPriceUpdateDate>
  </part>
  <part>
    <partNumber>21101319</partNumber>
    <punctuatedPartNumber>2110-1319</punctuatedPartNumber>
    <partStatusDescription>STANDARD</partStatusDescription>
    <partDescription>Starter - LT80/KFX80</partDescription>
    <unitOfMeasure>Each</unitOfMeasure>
    <brandName>PSYKHO</brandName>
    <supplierNumber>18332N</supplierNumber>
    <specialInstructions/>
    <baseDealerPrice>65.60</baseDealerPrice>
    <yourDealerPrice>65.60</yourDealerPrice>
    <baseRetailPrice>99.95</baseRetailPrice>
    <originalRetailPrice>129.95</originalRetailPrice>
    <partImage>http://asset.lemansnet.com/z/L0MvQy9FL0NDRUZEQkFBLUE2MTAtNDQ2MS1BQzFBLTI3NzdBQzRGN0NBRCwvNC9ELzEvNEQxNTNERUEtNjVEOC00ODA3LUJBQTQtOUFDNDU3RTkzQ0Qy</partImage>
    <productId>1392050727</productId>
    <productName>Starter</productName>
    <productImage>http://asset.lemansnet.com/z/LzQvRC8xLzREMTUzREVBLTY1RDgtNDgwNy1CQUE0LTlBQzQ1N0U5M0NEMg==</productImage>
    <bullet1>New starters, not remanufactured</bullet1>
    <bullet2>OEM replacement</bullet2>
    <bullet3/>
    <bullet4/>
    <bullet5/>
    <bullet6/>
    <bullet7/>
    <bullet8/>
    <bullet9/>
    <bullet10/>
    <bullet11/>
    <bullet12/>
    <bullet13/>
    <bullet14/>
    <bullet15/>
    <bullet16/>
    <bullet17/>
    <bullet18/>
    <bullet19/>
    <bullet20/>
    <bullet21/>
    <bullet22/>
    <bullet23/>
    <bullet24/>
    <vendorPriceUpdateDate>2023-10-04 00:00:00</vendorPriceUpdateDate>
  </part>
  <part>
    <partNumber>21100289</partNumber>
    <punctuatedPartNumber>2110-0289</punctuatedPartNumber>
    <partStatusDescription>STANDARD</partStatusDescription>
    <partDescription>Starter Motor - Sea Doo</partDescription>
    <unitOfMeasure>Each</unitOfMeasure>
    <brandName>PSYKHO</brandName>
    <supplierNumber>18531N</supplierNumber>
    <specialInstructions/>
    <baseDealerPrice>89.30</baseDealerPrice>
    <yourDealerPrice>89.30</yourDealerPrice>
    <baseRetailPrice>139.95</baseRetailPrice>
    <originalRetailPrice>133.95</originalRetailPrice>
    <partImage>http://asset.lemansnet.com/z/LzUvQS85LzVBOTA3MzdBLUEzNzYtNDRBMi1BMzZDLUMzQkY2NEYwQzE5Qw==</partImage>
    <productId>0983781809</productId>
    <productName>Starter Motor for Sea-Doo</productName>
    <productImage>http://asset.lemansnet.com/z/LzUvQS85LzVBOTA3MzdBLUEzNzYtNDRBMi1BMzZDLUMzQkY2NEYwQzE5Qw==</productImage>
    <bullet1>New starters, not remanufactured, replace OEM exactly</bullet1>
    <bullet2/>
    <bullet3/>
    <bullet4/>
    <bullet5/>
    <bullet6/>
    <bullet7/>
    <bullet8/>
    <bullet9/>
    <bullet10/>
    <bullet11/>
    <bullet12/>
    <bullet13/>
    <bullet14/>
    <bullet15/>
    <bullet16/>
    <bullet17/>
    <bullet18/>
    <bullet19/>
    <bullet20/>
    <bullet21/>
    <bullet22/>
    <bullet23/>
    <bullet24/>
    <vendorPriceUpdateDate>2022-10-12 00:00:00</vendorPriceUpdateDate>
  </part>
  <part>
    <partNumber>21100285</partNumber>
    <punctuatedPartNumber>2110-0285</punctuatedPartNumber>
    <partStatusDescription>STANDARD</partStatusDescription>
    <partDescription>Starter Motor - Sea Doo</partDescription>
    <unitOfMeasure>Each</unitOfMeasure>
    <brandName>PSYKHO</brandName>
    <supplierNumber>18415N</supplierNumber>
    <specialInstructions/>
    <baseDealerPrice>89.30</baseDealerPrice>
    <yourDealerPrice>89.30</yourDealerPrice>
    <baseRetailPrice>139.95</baseRetailPrice>
    <originalRetailPrice>133.95</originalRetailPrice>
    <partImage>http://asset.lemansnet.com/z/LzQvOS8yLzQ5MjQ5MjMxLUFBRjAtNDgxNy05QjE2LUJGNzM2RjE0OUI4Qw==</partImage>
    <productId>0525418176</productId>
    <productName>Starter</productName>
    <productImage>http://asset.lemansnet.com/z/LzQvOS8yLzQ5MjQ5MjMxLUFBRjAtNDgxNy05QjE2LUJGNzM2RjE0OUI4Qw==</productImage>
    <bullet1>New starters, not remanufactured</bullet1>
    <bullet2>OEM replacement</bullet2>
    <bullet3/>
    <bullet4/>
    <bullet5/>
    <bullet6/>
    <bullet7/>
    <bullet8/>
    <bullet9/>
    <bullet10/>
    <bullet11/>
    <bullet12/>
    <bullet13/>
    <bullet14/>
    <bullet15/>
    <bullet16/>
    <bullet17/>
    <bullet18/>
    <bullet19/>
    <bullet20/>
    <bullet21/>
    <bullet22/>
    <bullet23/>
    <bullet24/>
    <vendorPriceUpdateDate>2022-10-12 00:00:00</vendorPriceUpdateDate>
  </part>
  <part>
    <partNumber>21100288</partNumber>
    <punctuatedPartNumber>2110-0288</punctuatedPartNumber>
    <partStatusDescription>STANDARD</partStatusDescription>
    <partDescription>Starter Motor - Yamaha</partDescription>
    <unitOfMeasure>Each</unitOfMeasure>
    <brandName>PSYKHO</brandName>
    <supplierNumber>18420N</supplierNumber>
    <specialInstructions/>
    <baseDealerPrice>102.30</baseDealerPrice>
    <yourDealerPrice>102.30</yourDealerPrice>
    <baseRetailPrice>159.95</baseRetailPrice>
    <originalRetailPrice>146.95</originalRetailPrice>
    <partImage>http://asset.lemansnet.com/z/L0YvRC9GL0ZERjZFRkNDLTVEMTEtNDRGMC05NTg1LTA3MjRFNDE2MUI4Mw==</partImage>
    <productId>0823556682</productId>
    <productName>Starter</productName>
    <productImage>http://asset.lemansnet.com/z/LzkvMy9BLzkzQUQ0QUEyLTM3MUYtNEI0Ni04N0JBLUQ4NDQyQUY4N0Q4RQ==</productImage>
    <bullet1>New starters, not remanufactured</bullet1>
    <bullet2>OEM replacement</bullet2>
    <bullet3/>
    <bullet4/>
    <bullet5/>
    <bullet6/>
    <bullet7/>
    <bullet8/>
    <bullet9/>
    <bullet10/>
    <bullet11/>
    <bullet12/>
    <bullet13/>
    <bullet14/>
    <bullet15/>
    <bullet16/>
    <bullet17/>
    <bullet18/>
    <bullet19/>
    <bullet20/>
    <bullet21/>
    <bullet22/>
    <bullet23/>
    <bullet24/>
    <vendorPriceUpdateDate>2022-10-12 00:00:00</vendorPriceUpdateDate>
  </part>
  <part>
    <partNumber>21100280</partNumber>
    <punctuatedPartNumber>2110-0280</punctuatedPartNumber>
    <partStatusDescription>STANDARD</partStatusDescription>
    <partDescription>Starter Motor - Yamaha</partDescription>
    <unitOfMeasure>Each</unitOfMeasure>
    <brandName>PSYKHO</brandName>
    <supplierNumber>18753N</supplierNumber>
    <specialInstructions/>
    <baseDealerPrice>76.80</baseDealerPrice>
    <yourDealerPrice>76.80</yourDealerPrice>
    <baseRetailPrice>119.95</baseRetailPrice>
    <originalRetailPrice>120.95</originalRetailPrice>
    <partImage>http://asset.lemansnet.com/z/L0EvQi8zL0FCM0VGMTM4LTlDOTMtNEUxNS1BNkFDLThBNUU4QUY2MkJCRA==</partImage>
    <productId>0823556682</productId>
    <productName>Starter</productName>
    <productImage>http://asset.lemansnet.com/z/LzkvMy9BLzkzQUQ0QUEyLTM3MUYtNEI0Ni04N0JBLUQ4NDQyQUY4N0Q4RQ==</productImage>
    <bullet1>New starters, not remanufactured</bullet1>
    <bullet2>OEM replacement</bullet2>
    <bullet3/>
    <bullet4/>
    <bullet5/>
    <bullet6/>
    <bullet7/>
    <bullet8/>
    <bullet9/>
    <bullet10/>
    <bullet11/>
    <bullet12/>
    <bullet13/>
    <bullet14/>
    <bullet15/>
    <bullet16/>
    <bullet17/>
    <bullet18/>
    <bullet19/>
    <bullet20/>
    <bullet21/>
    <bullet22/>
    <bullet23/>
    <bullet24/>
    <vendorPriceUpdateDate>2022-10-12 00:00:00</vendorPriceUpdateDate>
  </part>
  <part>
    <partNumber>21100290</partNumber>
    <punctuatedPartNumber>2110-0290</punctuatedPartNumber>
    <partStatusDescription>STANDARD</partStatusDescription>
    <partDescription>Starter Motor - Sea Doo</partDescription>
    <unitOfMeasure>Each</unitOfMeasure>
    <brandName>PSYKHO</brandName>
    <supplierNumber>18416N</supplierNumber>
    <specialInstructions/>
    <baseDealerPrice>77.80</baseDealerPrice>
    <yourDealerPrice>77.80</yourDealerPrice>
    <baseRetailPrice>119.95</baseRetailPrice>
    <originalRetailPrice>133.95</originalRetailPrice>
    <partImage>http://asset.lemansnet.com/z/L0MvNC8yL0M0MjA1MjVDLTkzQ0ItNEM3Ri04NTMwLUU5NzUwRDM4OTFCNw==</partImage>
    <productId>0525418176</productId>
    <productName>Starter</productName>
    <productImage>http://asset.lemansnet.com/z/LzQvOS8yLzQ5MjQ5MjMxLUFBRjAtNDgxNy05QjE2LUJGNzM2RjE0OUI4Qw==</productImage>
    <bullet1>New starters, not remanufactured</bullet1>
    <bullet2>OEM replacement</bullet2>
    <bullet3/>
    <bullet4/>
    <bullet5/>
    <bullet6/>
    <bullet7/>
    <bullet8/>
    <bullet9/>
    <bullet10/>
    <bullet11/>
    <bullet12/>
    <bullet13/>
    <bullet14/>
    <bullet15/>
    <bullet16/>
    <bullet17/>
    <bullet18/>
    <bullet19/>
    <bullet20/>
    <bullet21/>
    <bullet22/>
    <bullet23/>
    <bullet24/>
    <vendorPriceUpdateDate>2022-10-12 00:00:00</vendorPriceUpdateDate>
  </part>
  <part>
    <partNumber>21101324</partNumber>
    <punctuatedPartNumber>2110-1324</punctuatedPartNumber>
    <partStatusDescription>STANDARD</partStatusDescription>
    <partDescription>Starter - Ducati</partDescription>
    <unitOfMeasure>Each</unitOfMeasure>
    <brandName>PSYKHO</brandName>
    <supplierNumber>19876N</supplierNumber>
    <specialInstructions/>
    <baseDealerPrice>155.50</baseDealerPrice>
    <yourDealerPrice>155.50</yourDealerPrice>
    <baseRetailPrice>239.95</baseRetailPrice>
    <originalRetailPrice>249.95</originalRetailPrice>
    <partImage>http://asset.lemansnet.com/z/LzIvNS8zLzI1MzAyNkQ5LUFDNTEtNEEzNC1CNkM2LTU2NjJFMjEwNzVENQ==</partImage>
    <productId>1392050727</productId>
    <productName>Starter</productName>
    <productImage>http://asset.lemansnet.com/z/LzQvRC8xLzREMTUzREVBLTY1RDgtNDgwNy1CQUE0LTlBQzQ1N0U5M0NEMg==</productImage>
    <bullet1>New starters, not remanufactured</bullet1>
    <bullet2>OEM replacement</bullet2>
    <bullet3/>
    <bullet4/>
    <bullet5/>
    <bullet6/>
    <bullet7/>
    <bullet8/>
    <bullet9/>
    <bullet10/>
    <bullet11/>
    <bullet12/>
    <bullet13/>
    <bullet14/>
    <bullet15/>
    <bullet16/>
    <bullet17/>
    <bullet18/>
    <bullet19/>
    <bullet20/>
    <bullet21/>
    <bullet22/>
    <bullet23/>
    <bullet24/>
    <vendorPriceUpdateDate>2023-10-04 00:00:00</vendorPriceUpdateDate>
  </part>
  <part>
    <partNumber>21100274</partNumber>
    <punctuatedPartNumber>2110-0274</punctuatedPartNumber>
    <partStatusDescription>STANDARD</partStatusDescription>
    <partDescription>Starter - E-Ton/Polaris</partDescription>
    <unitOfMeasure>Each</unitOfMeasure>
    <brandName>PSYKHO</brandName>
    <supplierNumber>18644N</supplierNumber>
    <specialInstructions/>
    <baseDealerPrice>40.00</baseDealerPrice>
    <yourDealerPrice>40.00</yourDealerPrice>
    <baseRetailPrice>61.95</baseRetailPrice>
    <originalRetailPrice>79.95</originalRetailPrice>
    <partImage>http://asset.lemansnet.com/z/L0YvRi8zL0ZGMzIxOEY5LTY4NzktNDhGNy1CQkY1LTY0NjkzNzc2MzhENA==</partImage>
    <productId>0428319875</productId>
    <productName>Starter</productName>
    <productImage>http://asset.lemansnet.com/z/LzYvNS83LzY1N0ZCNURELUY4M0YtNEI5Ny05MEUyLTcyQURFNTZCNDRERA==</productImage>
    <bullet1>OEM replacement</bullet1>
    <bullet2>New starters, not remanufactured</bullet2>
    <bullet3/>
    <bullet4/>
    <bullet5/>
    <bullet6/>
    <bullet7/>
    <bullet8/>
    <bullet9/>
    <bullet10/>
    <bullet11/>
    <bullet12/>
    <bullet13/>
    <bullet14/>
    <bullet15/>
    <bullet16/>
    <bullet17/>
    <bullet18/>
    <bullet19/>
    <bullet20/>
    <bullet21/>
    <bullet22/>
    <bullet23/>
    <bullet24/>
    <vendorPriceUpdateDate>2022-10-12 00:00:00</vendorPriceUpdateDate>
  </part>
  <part>
    <partNumber>21100293</partNumber>
    <punctuatedPartNumber>2110-0293</punctuatedPartNumber>
    <partStatusDescription>STANDARD</partStatusDescription>
    <partDescription>Starter Motor - Yamaha</partDescription>
    <unitOfMeasure>Each</unitOfMeasure>
    <brandName>PSYKHO</brandName>
    <supplierNumber>18421N</supplierNumber>
    <specialInstructions>NOT FOR VX MODELS 02DLW</specialInstructions>
    <baseDealerPrice>93.60</baseDealerPrice>
    <yourDealerPrice>93.60</yourDealerPrice>
    <baseRetailPrice>144.95</baseRetailPrice>
    <originalRetailPrice>143.95</originalRetailPrice>
    <partImage>http://asset.lemansnet.com/z/LzQvNy8xLzQ3MTNGNjk0LUNBRDAtNDI2QS04MjJBLTlCQUEzNzlCQzA3Qg==</partImage>
    <productId>0823556682</productId>
    <productName>Starter</productName>
    <productImage>http://asset.lemansnet.com/z/LzkvMy9BLzkzQUQ0QUEyLTM3MUYtNEI0Ni04N0JBLUQ4NDQyQUY4N0Q4RQ==</productImage>
    <bullet1>New starters, not remanufactured</bullet1>
    <bullet2>OEM replacement</bullet2>
    <bullet3/>
    <bullet4/>
    <bullet5/>
    <bullet6/>
    <bullet7/>
    <bullet8/>
    <bullet9/>
    <bullet10/>
    <bullet11/>
    <bullet12/>
    <bullet13/>
    <bullet14/>
    <bullet15/>
    <bullet16/>
    <bullet17/>
    <bullet18/>
    <bullet19/>
    <bullet20/>
    <bullet21/>
    <bullet22/>
    <bullet23/>
    <bullet24/>
    <vendorPriceUpdateDate>2022-10-12 00:00:00</vendorPriceUpdateDate>
  </part>
  <part>
    <partNumber>21100273</partNumber>
    <punctuatedPartNumber>2110-0273</punctuatedPartNumber>
    <partStatusDescription>STANDARD</partStatusDescription>
    <partDescription>Starter - E-Ton/Polaris</partDescription>
    <unitOfMeasure>Each</unitOfMeasure>
    <brandName>PSYKHO</brandName>
    <supplierNumber>18642N</supplierNumber>
    <specialInstructions/>
    <baseDealerPrice>46.70</baseDealerPrice>
    <yourDealerPrice>46.70</yourDealerPrice>
    <baseRetailPrice>71.95</baseRetailPrice>
    <originalRetailPrice>80.95</originalRetailPrice>
    <partImage>http://asset.lemansnet.com/z/LzQvNS82LzQ1NjhDQTAwLTZCMDktNEFFNS04MzM3LTk4QTI1OEM0M0Y4OQ==</partImage>
    <productId>0428319875</productId>
    <productName>Starter</productName>
    <productImage>http://asset.lemansnet.com/z/LzYvNS83LzY1N0ZCNURELUY4M0YtNEI5Ny05MEUyLTcyQURFNTZCNDRERA==</productImage>
    <bullet1>OEM replacement</bullet1>
    <bullet2>New starters, not remanufactured</bullet2>
    <bullet3/>
    <bullet4/>
    <bullet5/>
    <bullet6/>
    <bullet7/>
    <bullet8/>
    <bullet9/>
    <bullet10/>
    <bullet11/>
    <bullet12/>
    <bullet13/>
    <bullet14/>
    <bullet15/>
    <bullet16/>
    <bullet17/>
    <bullet18/>
    <bullet19/>
    <bullet20/>
    <bullet21/>
    <bullet22/>
    <bullet23/>
    <bullet24/>
    <vendorPriceUpdateDate>2022-10-12 00:00:00</vendorPriceUpdateDate>
  </part>
  <part>
    <partNumber>21100277</partNumber>
    <punctuatedPartNumber>2110-0277</punctuatedPartNumber>
    <partStatusDescription>STANDARD</partStatusDescription>
    <partDescription>Starter - KLF220/250</partDescription>
    <unitOfMeasure>Each</unitOfMeasure>
    <brandName>PSYKHO</brandName>
    <supplierNumber>18716N</supplierNumber>
    <specialInstructions/>
    <baseDealerPrice>80.40</baseDealerPrice>
    <yourDealerPrice>80.40</yourDealerPrice>
    <baseRetailPrice>124.95</baseRetailPrice>
    <originalRetailPrice>128.95</originalRetailPrice>
    <partImage>http://asset.lemansnet.com/z/L0EvOS84L0E5ODAwOTMwLTQ0RDktNDI0OC1BQTRELUI2OEU0NzE1QTY4NQ==</partImage>
    <productId>1078009267</productId>
    <productName>Starter Motor</productName>
    <productImage>http://asset.lemansnet.com/z/L0EvOS84L0E5ODAwOTMwLTQ0RDktNDI0OC1BQTRELUI2OEU0NzE1QTY4NQ==</productImage>
    <bullet1>New starters, not remanufactured</bullet1>
    <bullet2>OEM replacement</bullet2>
    <bullet3/>
    <bullet4/>
    <bullet5/>
    <bullet6/>
    <bullet7/>
    <bullet8/>
    <bullet9/>
    <bullet10/>
    <bullet11/>
    <bullet12/>
    <bullet13/>
    <bullet14/>
    <bullet15/>
    <bullet16/>
    <bullet17/>
    <bullet18/>
    <bullet19/>
    <bullet20/>
    <bullet21/>
    <bullet22/>
    <bullet23/>
    <bullet24/>
    <vendorPriceUpdateDate>2022-10-12 00:00:00</vendorPriceUpdateDate>
  </part>
  <part>
    <partNumber>21100278</partNumber>
    <punctuatedPartNumber>2110-0278</punctuatedPartNumber>
    <partStatusDescription>STANDARD</partStatusDescription>
    <partDescription>Starter - Kawasaki</partDescription>
    <unitOfMeasure>Each</unitOfMeasure>
    <brandName>PSYKHO</brandName>
    <supplierNumber>18701N</supplierNumber>
    <specialInstructions/>
    <baseDealerPrice>89.30</baseDealerPrice>
    <yourDealerPrice>89.30</yourDealerPrice>
    <baseRetailPrice>139.95</baseRetailPrice>
    <originalRetailPrice>133.95</originalRetailPrice>
    <partImage>http://asset.lemansnet.com/z/LzEvMC9DLzEwQ0U5RTUzLTkxNDctNEM1QS05NkRBLUMzN0QzRDQzRjY4OQ==</partImage>
    <productId>1078009267</productId>
    <productName>Starter Motor</productName>
    <productImage>http://asset.lemansnet.com/z/L0EvOS84L0E5ODAwOTMwLTQ0RDktNDI0OC1BQTRELUI2OEU0NzE1QTY4NQ==</productImage>
    <bullet1>New starters, not remanufactured</bullet1>
    <bullet2>OEM replacement</bullet2>
    <bullet3/>
    <bullet4/>
    <bullet5/>
    <bullet6/>
    <bullet7/>
    <bullet8/>
    <bullet9/>
    <bullet10/>
    <bullet11/>
    <bullet12/>
    <bullet13/>
    <bullet14/>
    <bullet15/>
    <bullet16/>
    <bullet17/>
    <bullet18/>
    <bullet19/>
    <bullet20/>
    <bullet21/>
    <bullet22/>
    <bullet23/>
    <bullet24/>
    <vendorPriceUpdateDate>2022-10-12 00:00:00</vendorPriceUpdateDate>
  </part>
  <part>
    <partNumber>21100281</partNumber>
    <punctuatedPartNumber>2110-0281</punctuatedPartNumber>
    <partStatusDescription>STANDARD</partStatusDescription>
    <partDescription>Starter Motor - Yamaha</partDescription>
    <unitOfMeasure>Each</unitOfMeasure>
    <brandName>PSYKHO</brandName>
    <supplierNumber>18756N</supplierNumber>
    <specialInstructions/>
    <baseDealerPrice>76.50</baseDealerPrice>
    <yourDealerPrice>76.50</yourDealerPrice>
    <baseRetailPrice>119.95</baseRetailPrice>
    <originalRetailPrice>123.95</originalRetailPrice>
    <partImage>http://asset.lemansnet.com/z/LzkvMy9BLzkzQUQ0QUEyLTM3MUYtNEI0Ni04N0JBLUQ4NDQyQUY4N0Q4RQ==</partImage>
    <productId>0823556682</productId>
    <productName>Starter</productName>
    <productImage>http://asset.lemansnet.com/z/LzkvMy9BLzkzQUQ0QUEyLTM3MUYtNEI0Ni04N0JBLUQ4NDQyQUY4N0Q4RQ==</productImage>
    <bullet1>New starters, not remanufactured</bullet1>
    <bullet2>OEM replacement</bullet2>
    <bullet3/>
    <bullet4/>
    <bullet5/>
    <bullet6/>
    <bullet7/>
    <bullet8/>
    <bullet9/>
    <bullet10/>
    <bullet11/>
    <bullet12/>
    <bullet13/>
    <bullet14/>
    <bullet15/>
    <bullet16/>
    <bullet17/>
    <bullet18/>
    <bullet19/>
    <bullet20/>
    <bullet21/>
    <bullet22/>
    <bullet23/>
    <bullet24/>
    <vendorPriceUpdateDate>2022-10-12 00:00:00</vendorPriceUpdateDate>
  </part>
  <part>
    <partNumber>21100282</partNumber>
    <punctuatedPartNumber>2110-0282</punctuatedPartNumber>
    <partStatusDescription>STANDARD</partStatusDescription>
    <partDescription>Starter Motor - Yamaha</partDescription>
    <unitOfMeasure>Each</unitOfMeasure>
    <brandName>PSYKHO</brandName>
    <supplierNumber>18760N</supplierNumber>
    <specialInstructions/>
    <baseDealerPrice>87.30</baseDealerPrice>
    <yourDealerPrice>87.30</yourDealerPrice>
    <baseRetailPrice>134.95</baseRetailPrice>
    <originalRetailPrice>133.95</originalRetailPrice>
    <partImage>http://asset.lemansnet.com/z/L0QvRC8xL0REMTJCRDk0LTk0QzAtNEE4MS04NkY4LTQ2NDVBOTlDQzY1Rg==</partImage>
    <productId>0823556682</productId>
    <productName>Starter</productName>
    <productImage>http://asset.lemansnet.com/z/LzkvMy9BLzkzQUQ0QUEyLTM3MUYtNEI0Ni04N0JBLUQ4NDQyQUY4N0Q4RQ==</productImage>
    <bullet1>New starters, not remanufactured</bullet1>
    <bullet2>OEM replacement</bullet2>
    <bullet3/>
    <bullet4/>
    <bullet5/>
    <bullet6/>
    <bullet7/>
    <bullet8/>
    <bullet9/>
    <bullet10/>
    <bullet11/>
    <bullet12/>
    <bullet13/>
    <bullet14/>
    <bullet15/>
    <bullet16/>
    <bullet17/>
    <bullet18/>
    <bullet19/>
    <bullet20/>
    <bullet21/>
    <bullet22/>
    <bullet23/>
    <bullet24/>
    <vendorPriceUpdateDate>2022-10-12 00:00:00</vendorPriceUpdateDate>
  </part>
  <part>
    <partNumber>21100292</partNumber>
    <punctuatedPartNumber>2110-0292</punctuatedPartNumber>
    <partStatusDescription>STANDARD</partStatusDescription>
    <partDescription>Starter Motor - Sea Doo</partDescription>
    <unitOfMeasure>Each</unitOfMeasure>
    <brandName>PSYKHO</brandName>
    <supplierNumber>18399N</supplierNumber>
    <specialInstructions/>
    <baseDealerPrice>89.30</baseDealerPrice>
    <yourDealerPrice>89.30</yourDealerPrice>
    <baseRetailPrice>139.95</baseRetailPrice>
    <originalRetailPrice>133.95</originalRetailPrice>
    <partImage>http://asset.lemansnet.com/z/L0YvRC9EL0ZERDRCREVELTJEQjgtNDMyMi04QzRBLTU4M0FDMkQ1NUMwRA==</partImage>
    <productId>0525418176</productId>
    <productName>Starter</productName>
    <productImage>http://asset.lemansnet.com/z/LzQvOS8yLzQ5MjQ5MjMxLUFBRjAtNDgxNy05QjE2LUJGNzM2RjE0OUI4Qw==</productImage>
    <bullet1>New starters, not remanufactured</bullet1>
    <bullet2>OEM replacement</bullet2>
    <bullet3/>
    <bullet4/>
    <bullet5/>
    <bullet6/>
    <bullet7/>
    <bullet8/>
    <bullet9/>
    <bullet10/>
    <bullet11/>
    <bullet12/>
    <bullet13/>
    <bullet14/>
    <bullet15/>
    <bullet16/>
    <bullet17/>
    <bullet18/>
    <bullet19/>
    <bullet20/>
    <bullet21/>
    <bullet22/>
    <bullet23/>
    <bullet24/>
    <vendorPriceUpdateDate>2022-10-12 00:00:00</vendorPriceUpdateDate>
  </part>
  <part>
    <partNumber>21100294</partNumber>
    <punctuatedPartNumber>2110-0294</punctuatedPartNumber>
    <partStatusDescription>STANDARD</partStatusDescription>
    <partDescription>Starter - Kawasaki</partDescription>
    <unitOfMeasure>Each</unitOfMeasure>
    <brandName>PSYKHO</brandName>
    <supplierNumber>18445N</supplierNumber>
    <specialInstructions/>
    <baseDealerPrice>96.40</baseDealerPrice>
    <yourDealerPrice>96.40</yourDealerPrice>
    <baseRetailPrice>149.95</baseRetailPrice>
    <originalRetailPrice>143.95</originalRetailPrice>
    <partImage>http://asset.lemansnet.com/z/LzkvQy9CLzlDQkZCNDRDLTI1RTgtNEIzMC1BMTgzLTY4Q0UwRDZDMTk3Mw==</partImage>
    <productId>0823556682</productId>
    <productName>Starter</productName>
    <productImage>http://asset.lemansnet.com/z/LzkvMy9BLzkzQUQ0QUEyLTM3MUYtNEI0Ni04N0JBLUQ4NDQyQUY4N0Q4RQ==</productImage>
    <bullet1>New starters, not remanufactured</bullet1>
    <bullet2>OEM replacement</bullet2>
    <bullet3/>
    <bullet4/>
    <bullet5/>
    <bullet6/>
    <bullet7/>
    <bullet8/>
    <bullet9/>
    <bullet10/>
    <bullet11/>
    <bullet12/>
    <bullet13/>
    <bullet14/>
    <bullet15/>
    <bullet16/>
    <bullet17/>
    <bullet18/>
    <bullet19/>
    <bullet20/>
    <bullet21/>
    <bullet22/>
    <bullet23/>
    <bullet24/>
    <vendorPriceUpdateDate>2022-10-12 00:00:00</vendorPriceUpdateDate>
  </part>
  <part>
    <partNumber>21100295</partNumber>
    <punctuatedPartNumber>2110-0295</punctuatedPartNumber>
    <partStatusDescription>STANDARD</partStatusDescription>
    <partDescription>Starter Motor - Sea Doo</partDescription>
    <unitOfMeasure>Each</unitOfMeasure>
    <brandName>PSYKHO</brandName>
    <supplierNumber>18532N</supplierNumber>
    <specialInstructions/>
    <baseDealerPrice>89.40</baseDealerPrice>
    <yourDealerPrice>89.40</yourDealerPrice>
    <baseRetailPrice>139.95</baseRetailPrice>
    <originalRetailPrice>133.95</originalRetailPrice>
    <partImage>http://asset.lemansnet.com/z/LzUvMC82LzUwNjc4QjZDLThGNjEtNDQ4NC04RUE0LTU5RDNFOTBDNzUwQg==</partImage>
    <productId>0525418176</productId>
    <productName>Starter</productName>
    <productImage>http://asset.lemansnet.com/z/LzQvOS8yLzQ5MjQ5MjMxLUFBRjAtNDgxNy05QjE2LUJGNzM2RjE0OUI4Qw==</productImage>
    <bullet1>New starters, not remanufactured</bullet1>
    <bullet2>OEM replacement</bullet2>
    <bullet3/>
    <bullet4/>
    <bullet5/>
    <bullet6/>
    <bullet7/>
    <bullet8/>
    <bullet9/>
    <bullet10/>
    <bullet11/>
    <bullet12/>
    <bullet13/>
    <bullet14/>
    <bullet15/>
    <bullet16/>
    <bullet17/>
    <bullet18/>
    <bullet19/>
    <bullet20/>
    <bullet21/>
    <bullet22/>
    <bullet23/>
    <bullet24/>
    <vendorPriceUpdateDate>2022-10-12 00:00:00</vendorPriceUpdateDate>
  </part>
  <part>
    <partNumber>21100296</partNumber>
    <punctuatedPartNumber>2110-0296</punctuatedPartNumber>
    <partStatusDescription>STANDARD</partStatusDescription>
    <partDescription>Scooter Starter - 150cc</partDescription>
    <unitOfMeasure>Each</unitOfMeasure>
    <brandName>PSYKHO</brandName>
    <supplierNumber>19572N</supplierNumber>
    <specialInstructions/>
    <baseDealerPrice>56.30</baseDealerPrice>
    <yourDealerPrice>56.30</yourDealerPrice>
    <baseRetailPrice>89.95</baseRetailPrice>
    <originalRetailPrice>82.95</originalRetailPrice>
    <partImage>http://asset.lemansnet.com/z/L0EvOS9CL0E5QjQ4NUI0LUQ3MkMtNDBDRC05MUQyLTgwODJCNEI0RTQ0Ng==</partImage>
    <productId>1746826816</productId>
    <productName>Scooter Starter</productName>
    <productImage>http://asset.lemansnet.com/z/L0EvOS9CL0E5QjQ4NUI0LUQ3MkMtNDBDRC05MUQyLTgwODJCNEI0RTQ0Ng==</productImage>
    <bullet1>OEM replacement</bullet1>
    <bullet2/>
    <bullet3/>
    <bullet4/>
    <bullet5/>
    <bullet6/>
    <bullet7/>
    <bullet8/>
    <bullet9/>
    <bullet10/>
    <bullet11/>
    <bullet12/>
    <bullet13/>
    <bullet14/>
    <bullet15/>
    <bullet16/>
    <bullet17/>
    <bullet18/>
    <bullet19/>
    <bullet20/>
    <bullet21/>
    <bullet22/>
    <bullet23/>
    <bullet24/>
    <vendorPriceUpdateDate>2022-10-12 00:00:00</vendorPriceUpdateDate>
  </part>
  <part>
    <partNumber>21100304</partNumber>
    <punctuatedPartNumber>2110-0304</punctuatedPartNumber>
    <partStatusDescription>STANDARD</partStatusDescription>
    <partDescription>Starter Motor - Polaris</partDescription>
    <unitOfMeasure>Each</unitOfMeasure>
    <brandName>PSYKHO</brandName>
    <supplierNumber>5768N</supplierNumber>
    <specialInstructions/>
    <baseDealerPrice>89.60</baseDealerPrice>
    <yourDealerPrice>89.60</yourDealerPrice>
    <baseRetailPrice>139.95</baseRetailPrice>
    <originalRetailPrice>156.95</originalRetailPrice>
    <partImage>http://asset.lemansnet.com/z/L0YvRi9DL0ZGQ0NGRjZELTdERTItNEM1RS1BM0VDLUZGRURFRDdGRjExQw==</partImage>
    <productId>1469870869</productId>
    <productName>Starter Motor</productName>
    <productImage>http://asset.lemansnet.com/z/L0QvMC82L0QwNkY0OEZBLTZBRjItNDdGNS04OUFDLTdENzkxQTBEMkZDNg==</productImage>
    <bullet1>Manufactured to meet or exceed OEM specifications</bullet1>
    <bullet2>Direct replacement for expensive original equipment combining top quality and low cost</bullet2>
    <bullet3/>
    <bullet4/>
    <bullet5/>
    <bullet6/>
    <bullet7/>
    <bullet8/>
    <bullet9/>
    <bullet10/>
    <bullet11/>
    <bullet12/>
    <bullet13/>
    <bullet14/>
    <bullet15/>
    <bullet16/>
    <bullet17/>
    <bullet18/>
    <bullet19/>
    <bullet20/>
    <bullet21/>
    <bullet22/>
    <bullet23/>
    <bullet24/>
    <vendorPriceUpdateDate>2022-10-12 00:00:00</vendorPriceUpdateDate>
  </part>
</root>
