<root>
  <part>
    <partNumber>02230212</partNumber>
    <punctuatedPartNumber>0223-0212</punctuatedPartNumber>
    <partStatusDescription>DISCONTINUED</partStatusDescription>
    <partDescription>Center Cap - Replacement/Wheel - HD10 - Chrome</partDescription>
    <unitOfMeasure>Each</unitOfMeasure>
    <brandName>STI TIRE &amp; WHEEL</brandName>
    <supplierNumber>CAPHD10110-CH</supplierNumber>
    <specialInstructions/>
    <baseDealerPrice>2.00</baseDealerPrice>
    <yourDealerPrice>2.00</yourDealerPrice>
    <baseRetailPrice>0.00</baseRetailPrice>
    <originalRetailPrice>8.92</originalRetailPrice>
    <partImage>http://asset.lemansnet.com/z/LzkvQi9GLzlCRjk3NEU2LUY4MzMtNDY5QS05MTk0LURDNDZFOTBDQzEyNg==</partImage>
    <productId>1959792465</productId>
    <productName>Replacement HD10 Wheel Center Cap</productName>
    <productImage>http://asset.lemansnet.com/z/LzkvQi9GLzlCRjk3NEU2LUY4MzMtNDY5QS05MTk0LURDNDZFOTBDQzEyNg==</productImage>
    <bullet1>Top-grade product expertly made in compliance with stringent industry standards to offer a fusion of a well-balanced design and high level of craftsmanship</bullet1>
    <bullet2>Replacement center cap for HD10 wheels</bullet2>
    <bullet3>Bolt-in</bullet3>
    <bullet4/>
    <bullet5/>
    <bullet6/>
    <bullet7/>
    <bullet8/>
    <bullet9/>
    <bullet10/>
    <bullet11/>
    <bullet12/>
    <bullet13/>
    <bullet14/>
    <bullet15/>
    <bullet16/>
    <bullet17/>
    <bullet18/>
    <bullet19/>
    <bullet20/>
    <bullet21/>
    <bullet22/>
    <bullet23/>
    <bullet24/>
    <vendorPriceUpdateDate>2022-06-02 00:00:00</vendorPriceUpdateDate>
  </part>
</root>
