<root>
  <part>
    <partNumber>11310827</partNumber>
    <punctuatedPartNumber>1131-0827</punctuatedPartNumber>
    <partStatusDescription>DISCONTINUED</partStatusDescription>
    <partDescription>Clutch Drive Plate</partDescription>
    <unitOfMeasure>Each</unitOfMeasure>
    <brandName>KG POWERSPORTS</brandName>
    <supplierNumber>KGSP-701</supplierNumber>
    <specialInstructions>Discontinued P/Byr</specialInstructions>
    <baseDealerPrice>2.50</baseDealerPrice>
    <yourDealerPrice>2.50</yourDealerPrice>
    <baseRetailPrice>0.00</baseRetailPrice>
    <originalRetailPrice>8.95</originalRetailPrice>
    <partImage>http://asset.lemansnet.com/z/LzUvQS9ELzVBREJFNzJGLTBDN0EtNDRCQS1CMzU2LTkyRjE3NkQwOUQ5OQ==</partImage>
    <productId>1309387695</productId>
    <productName>Clutch Drive Plate</productName>
    <productImage>http://asset.lemansnet.com/z/LzcvMS80LzcxNDYzMTI1LThBMjYtNDMxRC04NzNGLTQzNjQ4QzQ4MTU3OQ==</productImage>
    <bullet1>KG's full line of products is designed to provide riders with the highest quality, best performance and longest life in race and daily applications</bullet1>
    <bullet2>Steel and aluminum Clutch Plates are designed to be long-lasting and meet strict OEM specifications</bullet2>
    <bullet3/>
    <bullet4/>
    <bullet5/>
    <bullet6/>
    <bullet7/>
    <bullet8/>
    <bullet9/>
    <bullet10/>
    <bullet11/>
    <bullet12/>
    <bullet13/>
    <bullet14/>
    <bullet15/>
    <bullet16/>
    <bullet17/>
    <bullet18/>
    <bullet19/>
    <bullet20/>
    <bullet21/>
    <bullet22/>
    <bullet23/>
    <bullet24/>
    <vendorPriceUpdateDate>2015-02-27 00:00:00</vendorPriceUpdateDate>
  </part>
  <part>
    <partNumber>11310831</partNumber>
    <punctuatedPartNumber>1131-0831</punctuatedPartNumber>
    <partStatusDescription>DISCONTINUED</partStatusDescription>
    <partDescription>Clutch Drive Plate</partDescription>
    <unitOfMeasure>Each</unitOfMeasure>
    <brandName>KG POWERSPORTS</brandName>
    <supplierNumber>KGSP-705</supplierNumber>
    <specialInstructions>Discontinued P/Byr</specialInstructions>
    <baseDealerPrice>2.50</baseDealerPrice>
    <yourDealerPrice>2.50</yourDealerPrice>
    <baseRetailPrice>0.00</baseRetailPrice>
    <originalRetailPrice>8.95</originalRetailPrice>
    <partImage>http://asset.lemansnet.com/z/LzcvMS80LzcxNDYzMTI1LThBMjYtNDMxRC04NzNGLTQzNjQ4QzQ4MTU3OQ==</partImage>
    <productId>1309387695</productId>
    <productName>Clutch Drive Plate</productName>
    <productImage>http://asset.lemansnet.com/z/LzcvMS80LzcxNDYzMTI1LThBMjYtNDMxRC04NzNGLTQzNjQ4QzQ4MTU3OQ==</productImage>
    <bullet1>KG's full line of products is designed to provide riders with the highest quality, best performance and longest life in race and daily applications</bullet1>
    <bullet2>Steel and aluminum Clutch Plates are designed to be long-lasting and meet strict OEM specifications</bullet2>
    <bullet3/>
    <bullet4/>
    <bullet5/>
    <bullet6/>
    <bullet7/>
    <bullet8/>
    <bullet9/>
    <bullet10/>
    <bullet11/>
    <bullet12/>
    <bullet13/>
    <bullet14/>
    <bullet15/>
    <bullet16/>
    <bullet17/>
    <bullet18/>
    <bullet19/>
    <bullet20/>
    <bullet21/>
    <bullet22/>
    <bullet23/>
    <bullet24/>
    <vendorPriceUpdateDate>2015-02-27 00:00:00</vendorPriceUpdateDate>
  </part>
  <part>
    <partNumber>11310942</partNumber>
    <punctuatedPartNumber>1131-0942</punctuatedPartNumber>
    <partStatusDescription>DISCONTINUED</partStatusDescription>
    <partDescription>Clutch Drive Plate</partDescription>
    <unitOfMeasure>Each</unitOfMeasure>
    <brandName>KG POWERSPORTS</brandName>
    <supplierNumber>KGSP-807</supplierNumber>
    <specialInstructions>Discontinued P/Byr</specialInstructions>
    <baseDealerPrice>2.80</baseDealerPrice>
    <yourDealerPrice>2.80</yourDealerPrice>
    <baseRetailPrice>0.00</baseRetailPrice>
    <originalRetailPrice>9.95</originalRetailPrice>
    <partImage>http://asset.lemansnet.com/z/LzIvRC9ELzJERDlERDc0LTgxRkYtNDUzNy04NUYwLUJCRjJBRjUzOTdFMw==</partImage>
    <productId>1309387695</productId>
    <productName>Clutch Drive Plate</productName>
    <productImage>http://asset.lemansnet.com/z/LzcvMS80LzcxNDYzMTI1LThBMjYtNDMxRC04NzNGLTQzNjQ4QzQ4MTU3OQ==</productImage>
    <bullet1>KG's full line of products is designed to provide riders with the highest quality, best performance and longest life in race and daily applications</bullet1>
    <bullet2>Steel and aluminum Clutch Plates are designed to be long-lasting and meet strict OEM specifications</bullet2>
    <bullet3/>
    <bullet4/>
    <bullet5/>
    <bullet6/>
    <bullet7/>
    <bullet8/>
    <bullet9/>
    <bullet10/>
    <bullet11/>
    <bullet12/>
    <bullet13/>
    <bullet14/>
    <bullet15/>
    <bullet16/>
    <bullet17/>
    <bullet18/>
    <bullet19/>
    <bullet20/>
    <bullet21/>
    <bullet22/>
    <bullet23/>
    <bullet24/>
    <vendorPriceUpdateDate>2015-02-27 00:00:00</vendorPriceUpdateDate>
  </part>
  <part>
    <partNumber>11312307</partNumber>
    <punctuatedPartNumber>1131-2307</punctuatedPartNumber>
    <partStatusDescription>DISCONTINUED</partStatusDescription>
    <partDescription>Clutch Drive Plate - Steel</partDescription>
    <unitOfMeasure>Each</unitOfMeasure>
    <brandName>KG POWERSPORTS</brandName>
    <supplierNumber>KGSP-916</supplierNumber>
    <specialInstructions>Discontinued P/Byr</specialInstructions>
    <baseDealerPrice>2.50</baseDealerPrice>
    <yourDealerPrice>2.50</yourDealerPrice>
    <baseRetailPrice>0.00</baseRetailPrice>
    <originalRetailPrice>8.95</originalRetailPrice>
    <partImage>http://asset.lemansnet.com/z/L0MvOS9GL0M5RkUwQ0NFLTQwOUEtNEZDQy1BMkQ2LTFENjkwMUU0QjlCMg==</partImage>
    <productId>1309387695</productId>
    <productName>Clutch Drive Plate</productName>
    <productImage>http://asset.lemansnet.com/z/LzcvMS80LzcxNDYzMTI1LThBMjYtNDMxRC04NzNGLTQzNjQ4QzQ4MTU3OQ==</productImage>
    <bullet1>KG's full line of products is designed to provide riders with the highest quality, best performance and longest life in race and daily applications</bullet1>
    <bullet2>Steel and aluminum Clutch Plates are designed to be long-lasting and meet strict OEM specifications</bullet2>
    <bullet3/>
    <bullet4/>
    <bullet5/>
    <bullet6/>
    <bullet7/>
    <bullet8/>
    <bullet9/>
    <bullet10/>
    <bullet11/>
    <bullet12/>
    <bullet13/>
    <bullet14/>
    <bullet15/>
    <bullet16/>
    <bullet17/>
    <bullet18/>
    <bullet19/>
    <bullet20/>
    <bullet21/>
    <bullet22/>
    <bullet23/>
    <bullet24/>
    <vendorPriceUpdateDate>2023-04-22 00:00:00</vendorPriceUpdateDate>
  </part>
  <part>
    <partNumber>11310927</partNumber>
    <punctuatedPartNumber>1131-0927</punctuatedPartNumber>
    <partStatusDescription>DISCONTINUED</partStatusDescription>
    <partDescription>Clutch Spring Set</partDescription>
    <unitOfMeasure>Set</unitOfMeasure>
    <brandName>KG POWERSPORTS</brandName>
    <supplierNumber>KGS-802</supplierNumber>
    <specialInstructions>Discontinued P/Byr</specialInstructions>
    <baseDealerPrice>5.60</baseDealerPrice>
    <yourDealerPrice>5.60</yourDealerPrice>
    <baseRetailPrice>0.00</baseRetailPrice>
    <originalRetailPrice>18.95</originalRetailPrice>
    <partImage>http://asset.lemansnet.com/z/L0UvNS9FL0U1RUYzNzM4LUU2MTItNDEwQi04Mjk4LUE4RENDNDA0MTU3OQ==</partImage>
    <productId>0055491888</productId>
    <productName>High Performance Clutch Spring Set</productName>
    <productImage>http://asset.lemansnet.com/z/L0IvOC8zL0I4MzI1RDhGLTdBMDAtNEFENC1CRDA4LTI0MzY0RjVEOTJDMA==</productImage>
    <bullet1>Made approximately 12%-20% stronger than OEM, the user can expect positive disc engagement with smooth lever operation.</bullet1>
    <bullet2>KG's full line of products is designed to provide riders with the highest quality, best performance and longest life in race and daily applications</bullet2>
    <bullet3/>
    <bullet4/>
    <bullet5/>
    <bullet6/>
    <bullet7/>
    <bullet8/>
    <bullet9/>
    <bullet10/>
    <bullet11/>
    <bullet12/>
    <bullet13/>
    <bullet14/>
    <bullet15/>
    <bullet16/>
    <bullet17/>
    <bullet18/>
    <bullet19/>
    <bullet20/>
    <bullet21/>
    <bullet22/>
    <bullet23/>
    <bullet24/>
    <vendorPriceUpdateDate>2023-04-22 00:00:00</vendorPriceUpdateDate>
  </part>
  <part>
    <partNumber>11310945</partNumber>
    <punctuatedPartNumber>1131-0945</punctuatedPartNumber>
    <partStatusDescription>DISCONTINUED</partStatusDescription>
    <partDescription>Clutch Drive Plate</partDescription>
    <unitOfMeasure>Each</unitOfMeasure>
    <brandName>KG POWERSPORTS</brandName>
    <supplierNumber>KGSP-810</supplierNumber>
    <specialInstructions>Discontinued P/Byr</specialInstructions>
    <baseDealerPrice>2.20</baseDealerPrice>
    <yourDealerPrice>2.20</yourDealerPrice>
    <baseRetailPrice>0.00</baseRetailPrice>
    <originalRetailPrice>7.95</originalRetailPrice>
    <partImage>http://asset.lemansnet.com/z/L0IvQy83L0JDN0FBMDJFLTJDMjctNEMyRC05RkIyLTU3NURDN0RBNTFFNA==</partImage>
    <productId>0596847697</productId>
    <productName>Clutch Drive Plate</productName>
    <productImage>http://asset.lemansnet.com/z/LzcvMS80LzcxNDYzMTI1LThBMjYtNDMxRC04NzNGLTQzNjQ4QzQ4MTU3OQ==</productImage>
    <bullet1>KG's full line of products is designed to provide riders with the highest quality, best performance and longest life in race and daily applications</bullet1>
    <bullet2>Steel and aluminum Clutch Plates are designed to be long-lasting and meet strict OEM specifications</bullet2>
    <bullet3/>
    <bullet4/>
    <bullet5/>
    <bullet6/>
    <bullet7/>
    <bullet8/>
    <bullet9/>
    <bullet10/>
    <bullet11/>
    <bullet12/>
    <bullet13/>
    <bullet14/>
    <bullet15/>
    <bullet16/>
    <bullet17/>
    <bullet18/>
    <bullet19/>
    <bullet20/>
    <bullet21/>
    <bullet22/>
    <bullet23/>
    <bullet24/>
    <vendorPriceUpdateDate>2015-02-27 00:00:00</vendorPriceUpdateDate>
  </part>
  <part>
    <partNumber>11310946</partNumber>
    <punctuatedPartNumber>1131-0946</punctuatedPartNumber>
    <partStatusDescription>DISCONTINUED</partStatusDescription>
    <partDescription>Clutch Drive Plate</partDescription>
    <unitOfMeasure>Each</unitOfMeasure>
    <brandName>KG POWERSPORTS</brandName>
    <supplierNumber>KGSP-811</supplierNumber>
    <specialInstructions>Discontinued P/Byr</specialInstructions>
    <baseDealerPrice>2.20</baseDealerPrice>
    <yourDealerPrice>2.20</yourDealerPrice>
    <baseRetailPrice>0.00</baseRetailPrice>
    <originalRetailPrice>7.95</originalRetailPrice>
    <partImage>http://asset.lemansnet.com/z/LzEvQS8wLzFBMENERTA3LTc2M0YtNDFENS05RjAyLUMzRjk5M0Q4NjFDOQ==</partImage>
    <productId>0693927598</productId>
    <productName>Clutch Drive Plate</productName>
    <productImage>http://asset.lemansnet.com/z/LzcvMS80LzcxNDYzMTI1LThBMjYtNDMxRC04NzNGLTQzNjQ4QzQ4MTU3OQ==</productImage>
    <bullet1>KG's full line of products is designed to provide riders with the highest quality, best performance and longest life in race and daily applications</bullet1>
    <bullet2>Steel and aluminum Clutch Plates are designed to be long-lasting and meet strict OEM specifications</bullet2>
    <bullet3/>
    <bullet4/>
    <bullet5/>
    <bullet6/>
    <bullet7/>
    <bullet8/>
    <bullet9/>
    <bullet10/>
    <bullet11/>
    <bullet12/>
    <bullet13/>
    <bullet14/>
    <bullet15/>
    <bullet16/>
    <bullet17/>
    <bullet18/>
    <bullet19/>
    <bullet20/>
    <bullet21/>
    <bullet22/>
    <bullet23/>
    <bullet24/>
    <vendorPriceUpdateDate>2011-10-20 00:00:00</vendorPriceUpdateDate>
  </part>
  <part>
    <partNumber>11311900</partNumber>
    <punctuatedPartNumber>1131-1900</punctuatedPartNumber>
    <partStatusDescription>DISCONTINUED</partStatusDescription>
    <partDescription>Clutch Drive Plate</partDescription>
    <unitOfMeasure>Each</unitOfMeasure>
    <brandName>KG POWERSPORTS</brandName>
    <supplierNumber>KGSP-904</supplierNumber>
    <specialInstructions>Discontinued P/Byr</specialInstructions>
    <baseDealerPrice>2.50</baseDealerPrice>
    <yourDealerPrice>2.50</yourDealerPrice>
    <baseRetailPrice>0.00</baseRetailPrice>
    <originalRetailPrice>8.95</originalRetailPrice>
    <partImage>http://asset.lemansnet.com/z/LzIvQS9GLzJBRjgwMjEyLTlCQTgtNDNENi1BMzczLTFBOTAwNUM5NTVGMw==</partImage>
    <productId>1500784810</productId>
    <productName>Clutch Drive Plate</productName>
    <productImage>http://asset.lemansnet.com/z/LzcvMS80LzcxNDYzMTI1LThBMjYtNDMxRC04NzNGLTQzNjQ4QzQ4MTU3OQ==</productImage>
    <bullet1>KG's full line of products is designed to provide riders with the highest quality, best performance and longest life in race and daily applications</bullet1>
    <bullet2>Steel and aluminum Clutch Plates are designed to be long-lasting and meet strict OEM specifications</bullet2>
    <bullet3/>
    <bullet4/>
    <bullet5/>
    <bullet6/>
    <bullet7/>
    <bullet8/>
    <bullet9/>
    <bullet10/>
    <bullet11/>
    <bullet12/>
    <bullet13/>
    <bullet14/>
    <bullet15/>
    <bullet16/>
    <bullet17/>
    <bullet18/>
    <bullet19/>
    <bullet20/>
    <bullet21/>
    <bullet22/>
    <bullet23/>
    <bullet24/>
    <vendorPriceUpdateDate>2011-10-20 00:00:00</vendorPriceUpdateDate>
  </part>
  <part>
    <partNumber>11312070</partNumber>
    <punctuatedPartNumber>1131-2070</punctuatedPartNumber>
    <partStatusDescription>DISCONTINUED</partStatusDescription>
    <partDescription>High Performance Clutch Disc Set</partDescription>
    <unitOfMeasure>Set</unitOfMeasure>
    <brandName>KG POWERSPORTS</brandName>
    <supplierNumber>KG263-6HPK</supplierNumber>
    <specialInstructions>Discontinued P/Byr</specialInstructions>
    <baseDealerPrice>17.80</baseDealerPrice>
    <yourDealerPrice>17.80</yourDealerPrice>
    <baseRetailPrice>0.00</baseRetailPrice>
    <originalRetailPrice>56.95</originalRetailPrice>
    <partImage>http://asset.lemansnet.com/z/L0YvNi9GL0Y2RjUxQjg3LTM1QUUtNDI4OC04OTI3LTU5MDRFQTE3NzQ0RA==</partImage>
    <productId>0156134778</productId>
    <productName>High Performance Clutch Disc Set</productName>
    <productImage>http://asset.lemansnet.com/z/L0YvNi9GL0Y2RjUxQjg3LTM1QUUtNDI4OC04OTI3LTU5MDRFQTE3NzQ0RA==</productImage>
    <bullet1>KG's full line of products is designed to provide riders with the highest quality, best performance and longest life in race and daily applications</bullet1>
    <bullet2>Aramid High Performance Clutch Disc Sets use aramid to add strength, reduce wear and increase life of the friction material; aggressive riders will benefit from the superior performance of race-proven aramid</bullet2>
    <bullet3/>
    <bullet4/>
    <bullet5/>
    <bullet6/>
    <bullet7/>
    <bullet8/>
    <bullet9/>
    <bullet10/>
    <bullet11/>
    <bullet12/>
    <bullet13/>
    <bullet14/>
    <bullet15/>
    <bullet16/>
    <bullet17/>
    <bullet18/>
    <bullet19/>
    <bullet20/>
    <bullet21/>
    <bullet22/>
    <bullet23/>
    <bullet24/>
    <vendorPriceUpdateDate>2023-04-22 00:00:00</vendorPriceUpdateDate>
  </part>
  <part>
    <partNumber>KGSP304</partNumber>
    <punctuatedPartNumber>KGSP-304</punctuatedPartNumber>
    <partStatusDescription>DISCONTINUED</partStatusDescription>
    <partDescription>Clutch Drive Plate - Steel</partDescription>
    <unitOfMeasure>Each</unitOfMeasure>
    <brandName>KG POWERSPORTS</brandName>
    <supplierNumber>KGSP-304</supplierNumber>
    <specialInstructions>Discontinued Item</specialInstructions>
    <baseDealerPrice>2.20</baseDealerPrice>
    <yourDealerPrice>2.20</yourDealerPrice>
    <baseRetailPrice>0.00</baseRetailPrice>
    <originalRetailPrice>7.95</originalRetailPrice>
    <partImage>http://asset.lemansnet.com/z/LzkvNC82Lzk0NjMxQjdGLUM0NTYtNDg1MC04MjZFLTQzQjE0OEREMkM0OQ==</partImage>
    <productId>1309387695</productId>
    <productName>Clutch Drive Plate</productName>
    <productImage>http://asset.lemansnet.com/z/LzcvMS80LzcxNDYzMTI1LThBMjYtNDMxRC04NzNGLTQzNjQ4QzQ4MTU3OQ==</productImage>
    <bullet1>KG's full line of products is designed to provide riders with the highest quality, best performance and longest life in race and daily applications</bullet1>
    <bullet2>Steel and aluminum Clutch Plates are designed to be long-lasting and meet strict OEM specifications</bullet2>
    <bullet3/>
    <bullet4/>
    <bullet5/>
    <bullet6/>
    <bullet7/>
    <bullet8/>
    <bullet9/>
    <bullet10/>
    <bullet11/>
    <bullet12/>
    <bullet13/>
    <bullet14/>
    <bullet15/>
    <bullet16/>
    <bullet17/>
    <bullet18/>
    <bullet19/>
    <bullet20/>
    <bullet21/>
    <bullet22/>
    <bullet23/>
    <bullet24/>
    <vendorPriceUpdateDate>2015-02-27 00:00:00</vendorPriceUpdateDate>
  </part>
  <part>
    <partNumber>KGSP410</partNumber>
    <punctuatedPartNumber>KGSP-410</punctuatedPartNumber>
    <partStatusDescription>DISCONTINUED</partStatusDescription>
    <partDescription>Clutch Drive Plate - Steel</partDescription>
    <unitOfMeasure>Each</unitOfMeasure>
    <brandName>KG POWERSPORTS</brandName>
    <supplierNumber>KGSP-410</supplierNumber>
    <specialInstructions>Discontinued Item</specialInstructions>
    <baseDealerPrice>2.20</baseDealerPrice>
    <yourDealerPrice>2.20</yourDealerPrice>
    <baseRetailPrice>0.00</baseRetailPrice>
    <originalRetailPrice>7.95</originalRetailPrice>
    <partImage>http://asset.lemansnet.com/z/L0YvQy9BL0ZDQTQzNDE2LUMxNTQtNDlDQy1CMEQ0LThENDQ4QjIxQUNFQw==</partImage>
    <productId>1309387695</productId>
    <productName>Clutch Drive Plate</productName>
    <productImage>http://asset.lemansnet.com/z/LzcvMS80LzcxNDYzMTI1LThBMjYtNDMxRC04NzNGLTQzNjQ4QzQ4MTU3OQ==</productImage>
    <bullet1>KG's full line of products is designed to provide riders with the highest quality, best performance and longest life in race and daily applications</bullet1>
    <bullet2>Steel and aluminum Clutch Plates are designed to be long-lasting and meet strict OEM specifications</bullet2>
    <bullet3/>
    <bullet4/>
    <bullet5/>
    <bullet6/>
    <bullet7/>
    <bullet8/>
    <bullet9/>
    <bullet10/>
    <bullet11/>
    <bullet12/>
    <bullet13/>
    <bullet14/>
    <bullet15/>
    <bullet16/>
    <bullet17/>
    <bullet18/>
    <bullet19/>
    <bullet20/>
    <bullet21/>
    <bullet22/>
    <bullet23/>
    <bullet24/>
    <vendorPriceUpdateDate>2015-02-27 00:00:00</vendorPriceUpdateDate>
  </part>
  <part>
    <partNumber>KGSP509</partNumber>
    <punctuatedPartNumber>KGSP-509</punctuatedPartNumber>
    <partStatusDescription>DISCONTINUED</partStatusDescription>
    <partDescription>Clutch Drive Plate - Steel</partDescription>
    <unitOfMeasure>Each</unitOfMeasure>
    <brandName>KG POWERSPORTS</brandName>
    <supplierNumber>KGSP-509</supplierNumber>
    <specialInstructions>Discontinued Item</specialInstructions>
    <baseDealerPrice>2.20</baseDealerPrice>
    <yourDealerPrice>2.20</yourDealerPrice>
    <baseRetailPrice>0.00</baseRetailPrice>
    <originalRetailPrice>7.95</originalRetailPrice>
    <partImage>http://asset.lemansnet.com/z/LzAvMC9ELzAwRDBGQzY0LTgxRDAtNDI5Qy1BNUQ5LTE3NDBCM0Y2OTA5Mw==</partImage>
    <productId>0272233579</productId>
    <productName>Clutch Drive Plate</productName>
    <productImage>http://asset.lemansnet.com/z/LzcvMS80LzcxNDYzMTI1LThBMjYtNDMxRC04NzNGLTQzNjQ4QzQ4MTU3OQ==</productImage>
    <bullet1>KG's full line of products is designed to provide riders with the highest quality, best performance and longest life in race and daily applications</bullet1>
    <bullet2>Steel and aluminum Clutch Plates are designed to be long-lasting and meet strict OEM specifications</bullet2>
    <bullet3/>
    <bullet4/>
    <bullet5/>
    <bullet6/>
    <bullet7/>
    <bullet8/>
    <bullet9/>
    <bullet10/>
    <bullet11/>
    <bullet12/>
    <bullet13/>
    <bullet14/>
    <bullet15/>
    <bullet16/>
    <bullet17/>
    <bullet18/>
    <bullet19/>
    <bullet20/>
    <bullet21/>
    <bullet22/>
    <bullet23/>
    <bullet24/>
    <vendorPriceUpdateDate>2015-02-27 00:00:00</vendorPriceUpdateDate>
  </part>
  <part>
    <partNumber>KG0446</partNumber>
    <punctuatedPartNumber>KG044-6</punctuatedPartNumber>
    <partStatusDescription>DISCONTINUED</partStatusDescription>
    <partDescription>Clutch Disc Set</partDescription>
    <unitOfMeasure>Set</unitOfMeasure>
    <brandName>KG POWERSPORTS</brandName>
    <supplierNumber>KG044-6</supplierNumber>
    <specialInstructions>Discontinued Item</specialInstructions>
    <baseDealerPrice>14.30</baseDealerPrice>
    <yourDealerPrice>14.30</yourDealerPrice>
    <baseRetailPrice>0.00</baseRetailPrice>
    <originalRetailPrice>45.95</originalRetailPrice>
    <partImage>http://asset.lemansnet.com/z/L0YvOC9GL0Y4RkUxMDJCLUNFNzktNEFFMC1BOEZELUU4NzNBMTQxQkRBNg==</partImage>
    <productId>2067991398</productId>
    <productName>Pro Clutch Cork Disc Set</productName>
    <productImage>http://asset.lemansnet.com/z/LzQvMi9CLzQyQkEzODE4LUE1RUUtNDREMC1CMEZDLUNFMTE4NURENjc5NQ==</productImage>
    <bullet1>Pro Friction Discs use specially blended cork-based materials that are designed and manufactured to meet or exceed OEM clutch requirements</bullet1>
    <bullet2/>
    <bullet3/>
    <bullet4/>
    <bullet5/>
    <bullet6/>
    <bullet7/>
    <bullet8/>
    <bullet9/>
    <bullet10/>
    <bullet11/>
    <bullet12/>
    <bullet13/>
    <bullet14/>
    <bullet15/>
    <bullet16/>
    <bullet17/>
    <bullet18/>
    <bullet19/>
    <bullet20/>
    <bullet21/>
    <bullet22/>
    <bullet23/>
    <bullet24/>
    <vendorPriceUpdateDate>2023-04-22 00:00:00</vendorPriceUpdateDate>
  </part>
  <part>
    <partNumber>KGS057</partNumber>
    <punctuatedPartNumber>KGS-057</punctuatedPartNumber>
    <partStatusDescription>DISCONTINUED</partStatusDescription>
    <partDescription>Clutch Spring Set</partDescription>
    <unitOfMeasure>Set</unitOfMeasure>
    <brandName>KG POWERSPORTS</brandName>
    <supplierNumber>KGS-057</supplierNumber>
    <specialInstructions>Discontinued Item</specialInstructions>
    <baseDealerPrice>4.70</baseDealerPrice>
    <yourDealerPrice>4.70</yourDealerPrice>
    <baseRetailPrice>0.00</baseRetailPrice>
    <originalRetailPrice>15.95</originalRetailPrice>
    <partImage>http://asset.lemansnet.com/z/LzEvMy8wLzEzMDdEMjU1LTZFNUQtNEI3Qy05NUMyLUM0RjE3REQ3MDMxQw==</partImage>
    <productId>0055491888</productId>
    <productName>High Performance Clutch Spring Set</productName>
    <productImage>http://asset.lemansnet.com/z/L0IvOC8zL0I4MzI1RDhGLTdBMDAtNEFENC1CRDA4LTI0MzY0RjVEOTJDMA==</productImage>
    <bullet1>Made approximately 12%-20% stronger than OEM, the user can expect positive disc engagement with smooth lever operation.</bullet1>
    <bullet2>KG's full line of products is designed to provide riders with the highest quality, best performance and longest life in race and daily applications</bullet2>
    <bullet3/>
    <bullet4/>
    <bullet5/>
    <bullet6/>
    <bullet7/>
    <bullet8/>
    <bullet9/>
    <bullet10/>
    <bullet11/>
    <bullet12/>
    <bullet13/>
    <bullet14/>
    <bullet15/>
    <bullet16/>
    <bullet17/>
    <bullet18/>
    <bullet19/>
    <bullet20/>
    <bullet21/>
    <bullet22/>
    <bullet23/>
    <bullet24/>
    <vendorPriceUpdateDate>2023-04-22 00:00:00</vendorPriceUpdateDate>
  </part>
  <part>
    <partNumber>KGSP505</partNumber>
    <punctuatedPartNumber>KGSP-505</punctuatedPartNumber>
    <partStatusDescription>DISCONTINUED</partStatusDescription>
    <partDescription>Clutch Drive Plate - Steel</partDescription>
    <unitOfMeasure>Each</unitOfMeasure>
    <brandName>KG POWERSPORTS</brandName>
    <supplierNumber>KGSP-505</supplierNumber>
    <specialInstructions>Discontinued Item</specialInstructions>
    <baseDealerPrice>2.20</baseDealerPrice>
    <yourDealerPrice>2.20</yourDealerPrice>
    <baseRetailPrice>0.00</baseRetailPrice>
    <originalRetailPrice>7.95</originalRetailPrice>
    <partImage>http://asset.lemansnet.com/z/L0QvRi82L0RGNjEzOTUyLUJBMDMtNDVCRS1CMDRGLUE0NjM2NzYzRkUwOA==</partImage>
    <productId>1309387695</productId>
    <productName>Clutch Drive Plate</productName>
    <productImage>http://asset.lemansnet.com/z/LzcvMS80LzcxNDYzMTI1LThBMjYtNDMxRC04NzNGLTQzNjQ4QzQ4MTU3OQ==</productImage>
    <bullet1>KG's full line of products is designed to provide riders with the highest quality, best performance and longest life in race and daily applications</bullet1>
    <bullet2>Steel and aluminum Clutch Plates are designed to be long-lasting and meet strict OEM specifications</bullet2>
    <bullet3/>
    <bullet4/>
    <bullet5/>
    <bullet6/>
    <bullet7/>
    <bullet8/>
    <bullet9/>
    <bullet10/>
    <bullet11/>
    <bullet12/>
    <bullet13/>
    <bullet14/>
    <bullet15/>
    <bullet16/>
    <bullet17/>
    <bullet18/>
    <bullet19/>
    <bullet20/>
    <bullet21/>
    <bullet22/>
    <bullet23/>
    <bullet24/>
    <vendorPriceUpdateDate>2015-02-27 00:00:00</vendorPriceUpdateDate>
  </part>
  <part>
    <partNumber>KGSP507</partNumber>
    <punctuatedPartNumber>KGSP-507</punctuatedPartNumber>
    <partStatusDescription>DISCONTINUED</partStatusDescription>
    <partDescription>Clutch Drive Plate - Steel</partDescription>
    <unitOfMeasure>Each</unitOfMeasure>
    <brandName>KG POWERSPORTS</brandName>
    <supplierNumber>KGSP-507</supplierNumber>
    <specialInstructions>Discontinued Item</specialInstructions>
    <baseDealerPrice>2.20</baseDealerPrice>
    <yourDealerPrice>2.20</yourDealerPrice>
    <baseRetailPrice>0.00</baseRetailPrice>
    <originalRetailPrice>7.95</originalRetailPrice>
    <partImage>http://asset.lemansnet.com/z/LzIvNS8wLzI1MEMyN0VFLUZDMTQtNEI0Ri1BQ0NDLTM1NTY5NzdENUVDOQ==</partImage>
    <productId>1309387695</productId>
    <productName>Clutch Drive Plate</productName>
    <productImage>http://asset.lemansnet.com/z/LzcvMS80LzcxNDYzMTI1LThBMjYtNDMxRC04NzNGLTQzNjQ4QzQ4MTU3OQ==</productImage>
    <bullet1>KG's full line of products is designed to provide riders with the highest quality, best performance and longest life in race and daily applications</bullet1>
    <bullet2>Steel and aluminum Clutch Plates are designed to be long-lasting and meet strict OEM specifications</bullet2>
    <bullet3/>
    <bullet4/>
    <bullet5/>
    <bullet6/>
    <bullet7/>
    <bullet8/>
    <bullet9/>
    <bullet10/>
    <bullet11/>
    <bullet12/>
    <bullet13/>
    <bullet14/>
    <bullet15/>
    <bullet16/>
    <bullet17/>
    <bullet18/>
    <bullet19/>
    <bullet20/>
    <bullet21/>
    <bullet22/>
    <bullet23/>
    <bullet24/>
    <vendorPriceUpdateDate>2015-02-27 00:00:00</vendorPriceUpdateDate>
  </part>
  <part>
    <partNumber>KG03410</partNumber>
    <punctuatedPartNumber>KG034-10</punctuatedPartNumber>
    <partStatusDescription>DISCONTINUED</partStatusDescription>
    <partDescription>Clutch Disc Set</partDescription>
    <unitOfMeasure>Set</unitOfMeasure>
    <brandName>KG POWERSPORTS</brandName>
    <supplierNumber>KG034-10</supplierNumber>
    <specialInstructions>Discontinued Item</specialInstructions>
    <baseDealerPrice>30.20</baseDealerPrice>
    <yourDealerPrice>30.20</yourDealerPrice>
    <baseRetailPrice>0.00</baseRetailPrice>
    <originalRetailPrice>96.95</originalRetailPrice>
    <partImage>http://asset.lemansnet.com/z/LzAvQS80LzBBNDFERkY1LTE1RDUtNDEyMi04RUUzLUFCOUY4QURGRjgyNQ==</partImage>
    <productId>2067991398</productId>
    <productName>Pro Clutch Cork Disc Set</productName>
    <productImage>http://asset.lemansnet.com/z/LzQvMi9CLzQyQkEzODE4LUE1RUUtNDREMC1CMEZDLUNFMTE4NURENjc5NQ==</productImage>
    <bullet1>Pro Friction Discs use specially blended cork-based materials that are designed and manufactured to meet or exceed OEM clutch requirements</bullet1>
    <bullet2/>
    <bullet3/>
    <bullet4/>
    <bullet5/>
    <bullet6/>
    <bullet7/>
    <bullet8/>
    <bullet9/>
    <bullet10/>
    <bullet11/>
    <bullet12/>
    <bullet13/>
    <bullet14/>
    <bullet15/>
    <bullet16/>
    <bullet17/>
    <bullet18/>
    <bullet19/>
    <bullet20/>
    <bullet21/>
    <bullet22/>
    <bullet23/>
    <bullet24/>
    <vendorPriceUpdateDate>2023-04-22 00:00:00</vendorPriceUpdateDate>
  </part>
  <part>
    <partNumber>KG0508</partNumber>
    <punctuatedPartNumber>KG050-8</punctuatedPartNumber>
    <partStatusDescription>DISCONTINUED</partStatusDescription>
    <partDescription>Clutch Disc Set</partDescription>
    <unitOfMeasure>Set</unitOfMeasure>
    <brandName>KG POWERSPORTS</brandName>
    <supplierNumber>KG050-8</supplierNumber>
    <specialInstructions>Discontinued Item</specialInstructions>
    <baseDealerPrice>25.30</baseDealerPrice>
    <yourDealerPrice>25.30</yourDealerPrice>
    <baseRetailPrice>0.00</baseRetailPrice>
    <originalRetailPrice>80.95</originalRetailPrice>
    <partImage>http://asset.lemansnet.com/z/LzQvMi9CLzQyQkEzODE4LUE1RUUtNDREMC1CMEZDLUNFMTE4NURENjc5NSwvRi82L0YvRjZGNTFCODctMzVBRS00Mjg4LTg5MjctNTkwNEVBMTc3NDRE</partImage>
    <productId>2067991398</productId>
    <productName>Pro Clutch Cork Disc Set</productName>
    <productImage>http://asset.lemansnet.com/z/LzQvMi9CLzQyQkEzODE4LUE1RUUtNDREMC1CMEZDLUNFMTE4NURENjc5NQ==</productImage>
    <bullet1>Pro Friction Discs use specially blended cork-based materials that are designed and manufactured to meet or exceed OEM clutch requirements</bullet1>
    <bullet2/>
    <bullet3/>
    <bullet4/>
    <bullet5/>
    <bullet6/>
    <bullet7/>
    <bullet8/>
    <bullet9/>
    <bullet10/>
    <bullet11/>
    <bullet12/>
    <bullet13/>
    <bullet14/>
    <bullet15/>
    <bullet16/>
    <bullet17/>
    <bullet18/>
    <bullet19/>
    <bullet20/>
    <bullet21/>
    <bullet22/>
    <bullet23/>
    <bullet24/>
    <vendorPriceUpdateDate>2023-04-22 00:00:00</vendorPriceUpdateDate>
  </part>
  <part>
    <partNumber>KGSP401</partNumber>
    <punctuatedPartNumber>KGSP-401</punctuatedPartNumber>
    <partStatusDescription>DISCONTINUED</partStatusDescription>
    <partDescription>Clutch Drive Plate - Steel</partDescription>
    <unitOfMeasure>Each</unitOfMeasure>
    <brandName>KG POWERSPORTS</brandName>
    <supplierNumber>KGSP-401</supplierNumber>
    <specialInstructions>Discontinued Item</specialInstructions>
    <baseDealerPrice>2.20</baseDealerPrice>
    <yourDealerPrice>2.20</yourDealerPrice>
    <baseRetailPrice>0.00</baseRetailPrice>
    <originalRetailPrice>7.95</originalRetailPrice>
    <partImage>http://asset.lemansnet.com/z/LzQvMC9ELzQwRDNFMjJCLURBQjEtNDNBRC05QkFBLTU5MDgxRkQwODYyOQ==</partImage>
    <productId>0639332807</productId>
    <productName>Clutch Drive Plate</productName>
    <productImage>http://asset.lemansnet.com/z/LzcvMS80LzcxNDYzMTI1LThBMjYtNDMxRC04NzNGLTQzNjQ4QzQ4MTU3OQ==</productImage>
    <bullet1>KG's full line of products is designed to provide riders with the highest quality, best performance and longest life in race and daily applications</bullet1>
    <bullet2>Steel and aluminum Clutch Plates are designed to be long-lasting and meet strict OEM specifications</bullet2>
    <bullet3/>
    <bullet4/>
    <bullet5/>
    <bullet6/>
    <bullet7/>
    <bullet8/>
    <bullet9/>
    <bullet10/>
    <bullet11/>
    <bullet12/>
    <bullet13/>
    <bullet14/>
    <bullet15/>
    <bullet16/>
    <bullet17/>
    <bullet18/>
    <bullet19/>
    <bullet20/>
    <bullet21/>
    <bullet22/>
    <bullet23/>
    <bullet24/>
    <vendorPriceUpdateDate>2015-02-27 00:00:00</vendorPriceUpdateDate>
  </part>
  <part>
    <partNumber>KGSP405</partNumber>
    <punctuatedPartNumber>KGSP-405</punctuatedPartNumber>
    <partStatusDescription>DISCONTINUED</partStatusDescription>
    <partDescription>Clutch Drive Plate - Steel</partDescription>
    <unitOfMeasure>Each</unitOfMeasure>
    <brandName>KG POWERSPORTS</brandName>
    <supplierNumber>KGSP-405</supplierNumber>
    <specialInstructions>Discontinued Item</specialInstructions>
    <baseDealerPrice>2.20</baseDealerPrice>
    <yourDealerPrice>2.20</yourDealerPrice>
    <baseRetailPrice>0.00</baseRetailPrice>
    <originalRetailPrice>7.95</originalRetailPrice>
    <partImage>http://asset.lemansnet.com/z/LzMvNS81LzM1NUU0NkEyLTU5NjEtNEQ3NC05Mzc0LTUzMUQzMTJDOTA4Nw==</partImage>
    <productId>1309387695</productId>
    <productName>Clutch Drive Plate</productName>
    <productImage>http://asset.lemansnet.com/z/LzcvMS80LzcxNDYzMTI1LThBMjYtNDMxRC04NzNGLTQzNjQ4QzQ4MTU3OQ==</productImage>
    <bullet1>KG's full line of products is designed to provide riders with the highest quality, best performance and longest life in race and daily applications</bullet1>
    <bullet2>Steel and aluminum Clutch Plates are designed to be long-lasting and meet strict OEM specifications</bullet2>
    <bullet3/>
    <bullet4/>
    <bullet5/>
    <bullet6/>
    <bullet7/>
    <bullet8/>
    <bullet9/>
    <bullet10/>
    <bullet11/>
    <bullet12/>
    <bullet13/>
    <bullet14/>
    <bullet15/>
    <bullet16/>
    <bullet17/>
    <bullet18/>
    <bullet19/>
    <bullet20/>
    <bullet21/>
    <bullet22/>
    <bullet23/>
    <bullet24/>
    <vendorPriceUpdateDate>2015-02-27 00:00:00</vendorPriceUpdateDate>
  </part>
  <part>
    <partNumber>KGSP406</partNumber>
    <punctuatedPartNumber>KGSP-406</punctuatedPartNumber>
    <partStatusDescription>DISCONTINUED</partStatusDescription>
    <partDescription>Clutch Drive Plate - Steel</partDescription>
    <unitOfMeasure>Each</unitOfMeasure>
    <brandName>KG POWERSPORTS</brandName>
    <supplierNumber>KGSP-406</supplierNumber>
    <specialInstructions>Discontinued Item</specialInstructions>
    <baseDealerPrice>2.20</baseDealerPrice>
    <yourDealerPrice>2.20</yourDealerPrice>
    <baseRetailPrice>0.00</baseRetailPrice>
    <originalRetailPrice>7.95</originalRetailPrice>
    <partImage>http://asset.lemansnet.com/z/L0YvQy8zL0ZDMzg0QjBBLTg5MTAtNDYzNS04MEZDLTkwNzM1OUQ3NDY3MQ==</partImage>
    <productId>1818878626</productId>
    <productName>Clutch Drive Plate</productName>
    <productImage>http://asset.lemansnet.com/z/LzcvMS80LzcxNDYzMTI1LThBMjYtNDMxRC04NzNGLTQzNjQ4QzQ4MTU3OQ==</productImage>
    <bullet1>KG's full line of products is designed to provide riders with the highest quality, best performance and longest life in race and daily applications</bullet1>
    <bullet2>Steel and aluminum Clutch Plates are designed to be long-lasting and meet strict OEM specifications</bullet2>
    <bullet3/>
    <bullet4/>
    <bullet5/>
    <bullet6/>
    <bullet7/>
    <bullet8/>
    <bullet9/>
    <bullet10/>
    <bullet11/>
    <bullet12/>
    <bullet13/>
    <bullet14/>
    <bullet15/>
    <bullet16/>
    <bullet17/>
    <bullet18/>
    <bullet19/>
    <bullet20/>
    <bullet21/>
    <bullet22/>
    <bullet23/>
    <bullet24/>
    <vendorPriceUpdateDate>2015-02-27 00:00:00</vendorPriceUpdateDate>
  </part>
</root>
