<root>
  <part>
    <partNumber>10220039</partNumber>
    <punctuatedPartNumber>1022-0039</punctuatedPartNumber>
    <partStatusDescription>STANDARD</partStatusDescription>
    <partDescription>Replacement Oxygen Sensor</partDescription>
    <unitOfMeasure>Each</unitOfMeasure>
    <brandName>THUNDERMAX</brandName>
    <supplierNumber>309-355</supplierNumber>
    <specialInstructions/>
    <baseDealerPrice>91.00</baseDealerPrice>
    <yourDealerPrice>91.00</yourDealerPrice>
    <baseRetailPrice>129.95</baseRetailPrice>
    <originalRetailPrice>130.95</originalRetailPrice>
    <partImage>http://asset.lemansnet.com/z/LzQvRC9BLzREQUYyRkNBLTcwMzQtNDBEMC1BMzBDLUE3RUEzQ0IxOTE4Qw==</partImage>
    <productId>1229112174</productId>
    <productName>Replacement ECM Oxygen Sensor</productName>
    <productImage>http://asset.lemansnet.com/z/LzQvRC9BLzREQUYyRkNBLTcwMzQtNDBEMC1BMzBDLUE3RUEzQ0IxOTE4Qw==</productImage>
    <bullet1>Easy installation: replace the factory ECM, install new O² sensors and harness, load the correct map for your bike, and ride</bullet1>
    <bullet2>Replacement oxygen sensor for Thundermax ECM auto tune system</bullet2>
    <bullet3>Made in the USA</bullet3>
    <bullet4>Because of possible clearance issues, some aftermarket exhaust systems may require modifications or relocation of their Oxygen sensor port bungs.</bullet4>
    <bullet5/>
    <bullet6/>
    <bullet7/>
    <bullet8/>
    <bullet9/>
    <bullet10/>
    <bullet11/>
    <bullet12/>
    <bullet13/>
    <bullet14/>
    <bullet15/>
    <bullet16/>
    <bullet17/>
    <bullet18/>
    <bullet19/>
    <bullet20/>
    <bullet21/>
    <bullet22/>
    <bullet23/>
    <bullet24/>
    <vendorPriceUpdateDate>2021-06-23 00:00:00</vendorPriceUpdateDate>
  </part>
  <part>
    <partNumber>10202795</partNumber>
    <punctuatedPartNumber>1020-2795</punctuatedPartNumber>
    <partStatusDescription>STANDARD</partStatusDescription>
    <partDescription>ThunderMax Engine Control Module Kit with Integral Auto Tune - '18-'20 Softail</partDescription>
    <unitOfMeasure>Kit</unitOfMeasure>
    <brandName>THUNDERMAX</brandName>
    <supplierNumber>309-589</supplierNumber>
    <specialInstructions/>
    <baseDealerPrice>780.90</baseDealerPrice>
    <yourDealerPrice>780.90</yourDealerPrice>
    <baseRetailPrice>1088.95</baseRetailPrice>
    <originalRetailPrice>1088.95</originalRetailPrice>
    <partImage>http://asset.lemansnet.com/z/L0MvRS9BL0NFQUI1QUIzLUU2RkEtNDNEOC04NTRFLTk3OUEyMzkxQTQ3QSwvQy84L0IvQzhCRThCNkEtREVEOC00QkM1LUEyQUMtQ0VEQTU1QjAyRjBF</partImage>
    <productId>1379428386</productId>
    <productName>ThunderMax Engine Control Module Kit with Integral Auto Tune</productName>
    <productImage>http://asset.lemansnet.com/z/LzgvQy9FLzhDRTRBRERGLTE2Q0UtNDQ2OS04RTlDLTI2MzYxREZDNDExMw==</productImage>
    <bullet1>Includes ThunderMax ECM with Auto-Tune Module, plug-in harness and two wide-band sensors, TMax software and communication USB cable, Quick-Start Easy Install and Comprehensive User's Manual, technical support and free software and updates</bullet1>
    <bullet2>Hundreds of maps available to download for your bike (based on model, engine size, exhaust system air cleaner, pistons, cams, etc.) - load the map of your choice and the integral auto-tune will do the rest</bullet2>
    <bullet3>Software program allows live monitoring, recording and examination of diagnostic codes and datalogs including number of starts, engine temperature and rpm operation</bullet3>
    <bullet4>Utilizes wide-band oxygen sensors and works as a closed-loop control system to continuously self-adjust and properly tune the motorcycle's air/fuel ratio for all riding conditions</bullet4>
    <bullet5>ThunderMax ECM with Auto-Tune module mounts conveniently in place of the factory ECM and plugs in to the existing harness</bullet5>
    <bullet6>Easy installation: replace the factory ECM, install new oxygen sensors and harness, load the correct map for your bike, and ride</bullet6>
    <bullet7>New maps, software, firmware updates, map analysis and tech support available online at no charge</bullet7>
    <bullet8>Adjustable front and rear cylinder AFR maps, ignition timing (spark) maps, and startup maps</bullet8>
    <bullet9>Works with all popular exhaust systems and is compatible with high-performance camshafts</bullet9>
    <bullet10>Rider can adjust idle speed, rev limit and speedometer calibration</bullet10>
    <bullet11>Improves throttle response, exhaust sound and driveability</bullet11>
    <bullet12>Supports turbo, nitrous and supercharger applications</bullet12>
    <bullet13>Does not require dyno tuning</bullet13>
    <bullet14>Made in the USA</bullet14>
    <bullet15/>
    <bullet16/>
    <bullet17/>
    <bullet18/>
    <bullet19/>
    <bullet20/>
    <bullet21/>
    <bullet22/>
    <bullet23/>
    <bullet24/>
    <vendorPriceUpdateDate>2023-04-22 00:00:00</vendorPriceUpdateDate>
  </part>
  <part>
    <partNumber>10202850</partNumber>
    <punctuatedPartNumber>1020-2850</punctuatedPartNumber>
    <partStatusDescription>STANDARD</partStatusDescription>
    <partDescription>ThunderMax Engine Control Module Kit with Integral Auto Tune - '14-'17 Softail</partDescription>
    <unitOfMeasure>Kit</unitOfMeasure>
    <brandName>THUNDERMAX</brandName>
    <supplierNumber>309-563</supplierNumber>
    <specialInstructions/>
    <baseDealerPrice>780.90</baseDealerPrice>
    <yourDealerPrice>780.90</yourDealerPrice>
    <baseRetailPrice>1088.95</baseRetailPrice>
    <originalRetailPrice>1088.95</originalRetailPrice>
    <partImage>http://asset.lemansnet.com/z/LzgvNi8wLzg2MEVFNjdCLTNBNTgtNEY2OC04QkFCLTE2MzFFREFBNzhCRA==</partImage>
    <productId>1379428386</productId>
    <productName>ThunderMax Engine Control Module Kit with Integral Auto Tune</productName>
    <productImage>http://asset.lemansnet.com/z/LzgvQy9FLzhDRTRBRERGLTE2Q0UtNDQ2OS04RTlDLTI2MzYxREZDNDExMw==</productImage>
    <bullet1>Includes ThunderMax ECM with Auto-Tune Module, plug-in harness and two wide-band sensors, TMax software and communication USB cable, Quick-Start Easy Install and Comprehensive User's Manual, technical support and free software and updates</bullet1>
    <bullet2>Hundreds of maps available to download for your bike (based on model, engine size, exhaust system air cleaner, pistons, cams, etc.) - load the map of your choice and the integral auto-tune will do the rest</bullet2>
    <bullet3>Software program allows live monitoring, recording and examination of diagnostic codes and datalogs including number of starts, engine temperature and rpm operation</bullet3>
    <bullet4>Utilizes wide-band oxygen sensors and works as a closed-loop control system to continuously self-adjust and properly tune the motorcycle's air/fuel ratio for all riding conditions</bullet4>
    <bullet5>ThunderMax ECM with Auto-Tune module mounts conveniently in place of the factory ECM and plugs in to the existing harness</bullet5>
    <bullet6>Easy installation: replace the factory ECM, install new oxygen sensors and harness, load the correct map for your bike, and ride</bullet6>
    <bullet7>New maps, software, firmware updates, map analysis and tech support available online at no charge</bullet7>
    <bullet8>Adjustable front and rear cylinder AFR maps, ignition timing (spark) maps, and startup maps</bullet8>
    <bullet9>Works with all popular exhaust systems and is compatible with high-performance camshafts</bullet9>
    <bullet10>Rider can adjust idle speed, rev limit and speedometer calibration</bullet10>
    <bullet11>Improves throttle response, exhaust sound and driveability</bullet11>
    <bullet12>Supports turbo, nitrous and supercharger applications</bullet12>
    <bullet13>Does not require dyno tuning</bullet13>
    <bullet14>Made in the USA</bullet14>
    <bullet15/>
    <bullet16/>
    <bullet17/>
    <bullet18/>
    <bullet19/>
    <bullet20/>
    <bullet21/>
    <bullet22/>
    <bullet23/>
    <bullet24/>
    <vendorPriceUpdateDate>2023-04-22 00:00:00</vendorPriceUpdateDate>
  </part>
  <part>
    <partNumber>10203514</partNumber>
    <punctuatedPartNumber>1020-3514</punctuatedPartNumber>
    <partStatusDescription>STANDARD</partStatusDescription>
    <partDescription>ThunderMax Engine Control Module Kit with Integral Auto Tune - '21-'24 Touring</partDescription>
    <unitOfMeasure>Kit</unitOfMeasure>
    <brandName>THUNDERMAX</brandName>
    <supplierNumber>309-591</supplierNumber>
    <specialInstructions>Also fits 24-FLHTK/FLTRK/FLHRXS and 21-24 FLHTCUTG/FLRT/FLTRT models</specialInstructions>
    <baseDealerPrice>780.80</baseDealerPrice>
    <yourDealerPrice>780.80</yourDealerPrice>
    <baseRetailPrice>1115.95</baseRetailPrice>
    <originalRetailPrice>1115.95</originalRetailPrice>
    <partImage>http://asset.lemansnet.com/z/LzcvOC80Lzc4NDkwRTRDLTcxREUtNENDMi1BQzdELUFEQ0Y3NzQ1MTFBNywvNy9CLzEvN0IxQTMyNDEtNkEzNS00ODVFLUJFRDgtQzE4NjMzRTQ1QzI5LC9FLzYvRC9FNkQ4RTk2MC02Mjc2LTRGOEEtOUM4RC1EN0VCRUI4RkVGMTA=</partImage>
    <productId>1379428386</productId>
    <productName>ThunderMax Engine Control Module Kit with Integral Auto Tune</productName>
    <productImage>http://asset.lemansnet.com/z/LzgvQy9FLzhDRTRBRERGLTE2Q0UtNDQ2OS04RTlDLTI2MzYxREZDNDExMw==</productImage>
    <bullet1>Includes ThunderMax ECM with Auto-Tune Module, plug-in harness and two wide-band sensors, TMax software and communication USB cable, Quick-Start Easy Install and Comprehensive User's Manual, technical support and free software and updates</bullet1>
    <bullet2>Hundreds of maps available to download for your bike (based on model, engine size, exhaust system air cleaner, pistons, cams, etc.) - load the map of your choice and the integral auto-tune will do the rest</bullet2>
    <bullet3>Software program allows live monitoring, recording and examination of diagnostic codes and datalogs including number of starts, engine temperature and rpm operation</bullet3>
    <bullet4>Utilizes wide-band oxygen sensors and works as a closed-loop control system to continuously self-adjust and properly tune the motorcycle's air/fuel ratio for all riding conditions</bullet4>
    <bullet5>ThunderMax ECM with Auto-Tune module mounts conveniently in place of the factory ECM and plugs in to the existing harness</bullet5>
    <bullet6>Easy installation: replace the factory ECM, install new oxygen sensors and harness, load the correct map for your bike, and ride</bullet6>
    <bullet7>New maps, software, firmware updates, map analysis and tech support available online at no charge</bullet7>
    <bullet8>Adjustable front and rear cylinder AFR maps, ignition timing (spark) maps, and startup maps</bullet8>
    <bullet9>Works with all popular exhaust systems and is compatible with high-performance camshafts</bullet9>
    <bullet10>Rider can adjust idle speed, rev limit and speedometer calibration</bullet10>
    <bullet11>Improves throttle response, exhaust sound and driveability</bullet11>
    <bullet12>Supports turbo, nitrous and supercharger applications</bullet12>
    <bullet13>Does not require dyno tuning</bullet13>
    <bullet14>Made in the USA</bullet14>
    <bullet15/>
    <bullet16/>
    <bullet17/>
    <bullet18/>
    <bullet19/>
    <bullet20/>
    <bullet21/>
    <bullet22/>
    <bullet23/>
    <bullet24/>
    <vendorPriceUpdateDate>2023-04-22 00:00:00</vendorPriceUpdateDate>
  </part>
  <part>
    <partNumber>10203515</partNumber>
    <punctuatedPartNumber>1020-3515</punctuatedPartNumber>
    <partStatusDescription>STANDARD</partStatusDescription>
    <partDescription>ThunderMax Engine Control Module Kit with Integral Auto Tune - '21-'24 Softail</partDescription>
    <unitOfMeasure>Kit</unitOfMeasure>
    <brandName>THUNDERMAX</brandName>
    <supplierNumber>309-592</supplierNumber>
    <specialInstructions>Now fits 21-24 models</specialInstructions>
    <baseDealerPrice>780.80</baseDealerPrice>
    <yourDealerPrice>780.80</yourDealerPrice>
    <baseRetailPrice>1170.95</baseRetailPrice>
    <originalRetailPrice>1170.95</originalRetailPrice>
    <partImage>http://asset.lemansnet.com/z/LzEvNC8wLzE0MDM3ODcyLTFCNDItNEZEOS04QTU1LThGNTA0NTAwNjgwRCwvOS81LzkvOTU5OEY5NUQtRUU0MS00REVCLTk4MDQtMkYwN0VDODg0NUVG</partImage>
    <productId>1379428386</productId>
    <productName>ThunderMax Engine Control Module Kit with Integral Auto Tune</productName>
    <productImage>http://asset.lemansnet.com/z/LzgvQy9FLzhDRTRBRERGLTE2Q0UtNDQ2OS04RTlDLTI2MzYxREZDNDExMw==</productImage>
    <bullet1>Includes ThunderMax ECM with Auto-Tune Module, plug-in harness and two wide-band sensors, TMax software and communication USB cable, Quick-Start Easy Install and Comprehensive User's Manual, technical support and free software and updates</bullet1>
    <bullet2>Hundreds of maps available to download for your bike (based on model, engine size, exhaust system air cleaner, pistons, cams, etc.) - load the map of your choice and the integral auto-tune will do the rest</bullet2>
    <bullet3>Software program allows live monitoring, recording and examination of diagnostic codes and datalogs including number of starts, engine temperature and rpm operation</bullet3>
    <bullet4>Utilizes wide-band oxygen sensors and works as a closed-loop control system to continuously self-adjust and properly tune the motorcycle's air/fuel ratio for all riding conditions</bullet4>
    <bullet5>ThunderMax ECM with Auto-Tune module mounts conveniently in place of the factory ECM and plugs in to the existing harness</bullet5>
    <bullet6>Easy installation: replace the factory ECM, install new oxygen sensors and harness, load the correct map for your bike, and ride</bullet6>
    <bullet7>New maps, software, firmware updates, map analysis and tech support available online at no charge</bullet7>
    <bullet8>Adjustable front and rear cylinder AFR maps, ignition timing (spark) maps, and startup maps</bullet8>
    <bullet9>Works with all popular exhaust systems and is compatible with high-performance camshafts</bullet9>
    <bullet10>Rider can adjust idle speed, rev limit and speedometer calibration</bullet10>
    <bullet11>Improves throttle response, exhaust sound and driveability</bullet11>
    <bullet12>Supports turbo, nitrous and supercharger applications</bullet12>
    <bullet13>Does not require dyno tuning</bullet13>
    <bullet14>Made in the USA</bullet14>
    <bullet15/>
    <bullet16/>
    <bullet17/>
    <bullet18/>
    <bullet19/>
    <bullet20/>
    <bullet21/>
    <bullet22/>
    <bullet23/>
    <bullet24/>
    <vendorPriceUpdateDate>2023-04-22 00:00:00</vendorPriceUpdateDate>
  </part>
  <part>
    <partNumber>10201848</partNumber>
    <punctuatedPartNumber>1020-1848</punctuatedPartNumber>
    <partStatusDescription>STANDARD</partStatusDescription>
    <partDescription>ThunderMax Engine Control Module Kit with Integral Auto Tune - '11 Softail</partDescription>
    <unitOfMeasure>Kit</unitOfMeasure>
    <brandName>THUNDERMAX</brandName>
    <supplierNumber>309-361</supplierNumber>
    <specialInstructions/>
    <baseDealerPrice>780.90</baseDealerPrice>
    <yourDealerPrice>780.90</yourDealerPrice>
    <baseRetailPrice>1088.95</baseRetailPrice>
    <originalRetailPrice>1088.95</originalRetailPrice>
    <partImage>http://asset.lemansnet.com/z/L0UvMS82L0UxNkE2OTVGLTA1RTItNDg3My1BMzhCLTA2QkMyMDA0REIyMiwvQi8yL0QvQjJEODE2QzMtODU1Qy00MjFDLTlGNDItOUZFOTYwREY5NkM2</partImage>
    <productId>1379428386</productId>
    <productName>ThunderMax Engine Control Module Kit with Integral Auto Tune</productName>
    <productImage>http://asset.lemansnet.com/z/LzgvQy9FLzhDRTRBRERGLTE2Q0UtNDQ2OS04RTlDLTI2MzYxREZDNDExMw==</productImage>
    <bullet1>Includes ThunderMax ECM with Auto-Tune Module, plug-in harness and two wide-band sensors, TMax software and communication USB cable, Quick-Start Easy Install and Comprehensive User's Manual, technical support and free software and updates</bullet1>
    <bullet2>Hundreds of maps available to download for your bike (based on model, engine size, exhaust system air cleaner, pistons, cams, etc.) - load the map of your choice and the integral auto-tune will do the rest</bullet2>
    <bullet3>Software program allows live monitoring, recording and examination of diagnostic codes and datalogs including number of starts, engine temperature and rpm operation</bullet3>
    <bullet4>Utilizes wide-band oxygen sensors and works as a closed-loop control system to continuously self-adjust and properly tune the motorcycle's air/fuel ratio for all riding conditions</bullet4>
    <bullet5>ThunderMax ECM with Auto-Tune module mounts conveniently in place of the factory ECM and plugs in to the existing harness</bullet5>
    <bullet6>Easy installation: replace the factory ECM, install new oxygen sensors and harness, load the correct map for your bike, and ride</bullet6>
    <bullet7>New maps, software, firmware updates, map analysis and tech support available online at no charge</bullet7>
    <bullet8>Adjustable front and rear cylinder AFR maps, ignition timing (spark) maps, and startup maps</bullet8>
    <bullet9>Works with all popular exhaust systems and is compatible with high-performance camshafts</bullet9>
    <bullet10>Rider can adjust idle speed, rev limit and speedometer calibration</bullet10>
    <bullet11>Improves throttle response, exhaust sound and driveability</bullet11>
    <bullet12>Supports turbo, nitrous and supercharger applications</bullet12>
    <bullet13>Does not require dyno tuning</bullet13>
    <bullet14>Made in the USA</bullet14>
    <bullet15/>
    <bullet16/>
    <bullet17/>
    <bullet18/>
    <bullet19/>
    <bullet20/>
    <bullet21/>
    <bullet22/>
    <bullet23/>
    <bullet24/>
    <vendorPriceUpdateDate>2023-04-22 00:00:00</vendorPriceUpdateDate>
  </part>
  <part>
    <partNumber>10201851</partNumber>
    <punctuatedPartNumber>1020-1851</punctuatedPartNumber>
    <partStatusDescription>STANDARD</partStatusDescription>
    <partDescription>ThunderMax Engine Control Module Kit with Integral Auto Tune - '01-'10 Softail/Sportster/Touring</partDescription>
    <unitOfMeasure>Kit</unitOfMeasure>
    <brandName>THUNDERMAX</brandName>
    <supplierNumber>309-460</supplierNumber>
    <specialInstructions/>
    <baseDealerPrice>780.90</baseDealerPrice>
    <yourDealerPrice>780.90</yourDealerPrice>
    <baseRetailPrice>1088.95</baseRetailPrice>
    <originalRetailPrice>1088.95</originalRetailPrice>
    <partImage>http://asset.lemansnet.com/z/LzUvQi9CLzVCQkY2MjE1LUJDNzMtNDZERi05RTJELTAyNkQwRjlBODE4QSwvMy9EL0QvM0RERTA1RUItRkUzRS00QjZBLUFFQjktMTA0RDI0NkEwRUFF</partImage>
    <productId>1379428386</productId>
    <productName>ThunderMax Engine Control Module Kit with Integral Auto Tune</productName>
    <productImage>http://asset.lemansnet.com/z/LzgvQy9FLzhDRTRBRERGLTE2Q0UtNDQ2OS04RTlDLTI2MzYxREZDNDExMw==</productImage>
    <bullet1>Includes ThunderMax ECM with Auto-Tune Module, plug-in harness and two wide-band sensors, TMax software and communication USB cable, Quick-Start Easy Install and Comprehensive User's Manual, technical support and free software and updates</bullet1>
    <bullet2>Hundreds of maps available to download for your bike (based on model, engine size, exhaust system air cleaner, pistons, cams, etc.) - load the map of your choice and the integral auto-tune will do the rest</bullet2>
    <bullet3>Software program allows live monitoring, recording and examination of diagnostic codes and datalogs including number of starts, engine temperature and rpm operation</bullet3>
    <bullet4>Utilizes wide-band oxygen sensors and works as a closed-loop control system to continuously self-adjust and properly tune the motorcycle's air/fuel ratio for all riding conditions</bullet4>
    <bullet5>ThunderMax ECM with Auto-Tune module mounts conveniently in place of the factory ECM and plugs in to the existing harness</bullet5>
    <bullet6>Easy installation: replace the factory ECM, install new oxygen sensors and harness, load the correct map for your bike, and ride</bullet6>
    <bullet7>New maps, software, firmware updates, map analysis and tech support available online at no charge</bullet7>
    <bullet8>Adjustable front and rear cylinder AFR maps, ignition timing (spark) maps, and startup maps</bullet8>
    <bullet9>Works with all popular exhaust systems and is compatible with high-performance camshafts</bullet9>
    <bullet10>Rider can adjust idle speed, rev limit and speedometer calibration</bullet10>
    <bullet11>Improves throttle response, exhaust sound and driveability</bullet11>
    <bullet12>Supports turbo, nitrous and supercharger applications</bullet12>
    <bullet13>Does not require dyno tuning</bullet13>
    <bullet14>Made in the USA</bullet14>
    <bullet15/>
    <bullet16/>
    <bullet17/>
    <bullet18/>
    <bullet19/>
    <bullet20/>
    <bullet21/>
    <bullet22/>
    <bullet23/>
    <bullet24/>
    <vendorPriceUpdateDate>2023-04-22 00:00:00</vendorPriceUpdateDate>
  </part>
  <part>
    <partNumber>10201853</partNumber>
    <punctuatedPartNumber>1020-1853</punctuatedPartNumber>
    <partStatusDescription>STANDARD</partStatusDescription>
    <partDescription>ThunderMax Engine Control Module Kit with Integral Auto Tune - '02-'16 V-Rod</partDescription>
    <unitOfMeasure>Kit</unitOfMeasure>
    <brandName>THUNDERMAX</brandName>
    <supplierNumber>309-466</supplierNumber>
    <specialInstructions/>
    <baseDealerPrice>780.90</baseDealerPrice>
    <yourDealerPrice>780.90</yourDealerPrice>
    <baseRetailPrice>1088.95</baseRetailPrice>
    <originalRetailPrice>1088.95</originalRetailPrice>
    <partImage>http://asset.lemansnet.com/z/LzYvQi85LzZCOTM5NDNBLTU3OTQtNDUzOS1BNjBELUU5NTYzRThDMDQ1Qg==</partImage>
    <productId>1379428386</productId>
    <productName>ThunderMax Engine Control Module Kit with Integral Auto Tune</productName>
    <productImage>http://asset.lemansnet.com/z/LzgvQy9FLzhDRTRBRERGLTE2Q0UtNDQ2OS04RTlDLTI2MzYxREZDNDExMw==</productImage>
    <bullet1>Includes ThunderMax ECM with Auto-Tune Module, plug-in harness and two wide-band sensors, TMax software and communication USB cable, Quick-Start Easy Install and Comprehensive User's Manual, technical support and free software and updates</bullet1>
    <bullet2>Hundreds of maps available to download for your bike (based on model, engine size, exhaust system air cleaner, pistons, cams, etc.) - load the map of your choice and the integral auto-tune will do the rest</bullet2>
    <bullet3>Software program allows live monitoring, recording and examination of diagnostic codes and datalogs including number of starts, engine temperature and rpm operation</bullet3>
    <bullet4>Utilizes wide-band oxygen sensors and works as a closed-loop control system to continuously self-adjust and properly tune the motorcycle's air/fuel ratio for all riding conditions</bullet4>
    <bullet5>ThunderMax ECM with Auto-Tune module mounts conveniently in place of the factory ECM and plugs in to the existing harness</bullet5>
    <bullet6>Easy installation: replace the factory ECM, install new oxygen sensors and harness, load the correct map for your bike, and ride</bullet6>
    <bullet7>New maps, software, firmware updates, map analysis and tech support available online at no charge</bullet7>
    <bullet8>Adjustable front and rear cylinder AFR maps, ignition timing (spark) maps, and startup maps</bullet8>
    <bullet9>Works with all popular exhaust systems and is compatible with high-performance camshafts</bullet9>
    <bullet10>Rider can adjust idle speed, rev limit and speedometer calibration</bullet10>
    <bullet11>Improves throttle response, exhaust sound and driveability</bullet11>
    <bullet12>Supports turbo, nitrous and supercharger applications</bullet12>
    <bullet13>Does not require dyno tuning</bullet13>
    <bullet14>Made in the USA</bullet14>
    <bullet15/>
    <bullet16/>
    <bullet17/>
    <bullet18/>
    <bullet19/>
    <bullet20/>
    <bullet21/>
    <bullet22/>
    <bullet23/>
    <bullet24/>
    <vendorPriceUpdateDate>2023-04-22 00:00:00</vendorPriceUpdateDate>
  </part>
  <part>
    <partNumber>10202118</partNumber>
    <punctuatedPartNumber>1020-2118</punctuatedPartNumber>
    <partStatusDescription>STANDARD</partStatusDescription>
    <partDescription>ThunderMax Engine Control Module Kit with Integral Auto Tune - '14-'16 Touring/Trike</partDescription>
    <unitOfMeasure>Kit</unitOfMeasure>
    <brandName>THUNDERMAX</brandName>
    <supplierNumber>309-562</supplierNumber>
    <specialInstructions/>
    <baseDealerPrice>780.90</baseDealerPrice>
    <yourDealerPrice>780.90</yourDealerPrice>
    <baseRetailPrice>1088.95</baseRetailPrice>
    <originalRetailPrice>1088.95</originalRetailPrice>
    <partImage>http://asset.lemansnet.com/z/L0YvNy8yL0Y3MjMwMzE1LTcyODktNDc5MC1CNUZBLTRCMERBODA1NDA0RSwvRC9BLzkvREE5OUIxMjQtNzdFOC00RTg3LTg0OTMtNkRFRThGOTYwMkFB</partImage>
    <productId>1379428386</productId>
    <productName>ThunderMax Engine Control Module Kit with Integral Auto Tune</productName>
    <productImage>http://asset.lemansnet.com/z/LzgvQy9FLzhDRTRBRERGLTE2Q0UtNDQ2OS04RTlDLTI2MzYxREZDNDExMw==</productImage>
    <bullet1>Includes ThunderMax ECM with Auto-Tune Module, plug-in harness and two wide-band sensors, TMax software and communication USB cable, Quick-Start Easy Install and Comprehensive User's Manual, technical support and free software and updates</bullet1>
    <bullet2>Hundreds of maps available to download for your bike (based on model, engine size, exhaust system air cleaner, pistons, cams, etc.) - load the map of your choice and the integral auto-tune will do the rest</bullet2>
    <bullet3>Software program allows live monitoring, recording and examination of diagnostic codes and datalogs including number of starts, engine temperature and rpm operation</bullet3>
    <bullet4>Utilizes wide-band oxygen sensors and works as a closed-loop control system to continuously self-adjust and properly tune the motorcycle's air/fuel ratio for all riding conditions</bullet4>
    <bullet5>ThunderMax ECM with Auto-Tune module mounts conveniently in place of the factory ECM and plugs in to the existing harness</bullet5>
    <bullet6>Easy installation: replace the factory ECM, install new oxygen sensors and harness, load the correct map for your bike, and ride</bullet6>
    <bullet7>New maps, software, firmware updates, map analysis and tech support available online at no charge</bullet7>
    <bullet8>Adjustable front and rear cylinder AFR maps, ignition timing (spark) maps, and startup maps</bullet8>
    <bullet9>Works with all popular exhaust systems and is compatible with high-performance camshafts</bullet9>
    <bullet10>Rider can adjust idle speed, rev limit and speedometer calibration</bullet10>
    <bullet11>Improves throttle response, exhaust sound and driveability</bullet11>
    <bullet12>Supports turbo, nitrous and supercharger applications</bullet12>
    <bullet13>Does not require dyno tuning</bullet13>
    <bullet14>Made in the USA</bullet14>
    <bullet15/>
    <bullet16/>
    <bullet17/>
    <bullet18/>
    <bullet19/>
    <bullet20/>
    <bullet21/>
    <bullet22/>
    <bullet23/>
    <bullet24/>
    <vendorPriceUpdateDate>2023-04-22 00:00:00</vendorPriceUpdateDate>
  </part>
  <part>
    <partNumber>10202360</partNumber>
    <punctuatedPartNumber>1020-2360</punctuatedPartNumber>
    <partStatusDescription>STANDARD</partStatusDescription>
    <partDescription>ThunderMax Engine Control Module Kit with Integral Auto Tune - '12-'20 Dyna/Softail/Sportster</partDescription>
    <unitOfMeasure>Kit</unitOfMeasure>
    <brandName>THUNDERMAX</brandName>
    <supplierNumber>309-382</supplierNumber>
    <specialInstructions/>
    <baseDealerPrice>780.90</baseDealerPrice>
    <yourDealerPrice>780.90</yourDealerPrice>
    <baseRetailPrice>1088.95</baseRetailPrice>
    <originalRetailPrice>1088.95</originalRetailPrice>
    <partImage>http://asset.lemansnet.com/z/LzcvMC85LzcwOTRDQkYwLTRGQ0EtNEUyRS05RUY1LTRFQkE2NURFQTUxNw==</partImage>
    <productId>1379428386</productId>
    <productName>ThunderMax Engine Control Module Kit with Integral Auto Tune</productName>
    <productImage>http://asset.lemansnet.com/z/LzgvQy9FLzhDRTRBRERGLTE2Q0UtNDQ2OS04RTlDLTI2MzYxREZDNDExMw==</productImage>
    <bullet1>Includes ThunderMax ECM with Auto-Tune Module, plug-in harness and two wide-band sensors, TMax software and communication USB cable, Quick-Start Easy Install and Comprehensive User's Manual, technical support and free software and updates</bullet1>
    <bullet2>Hundreds of maps available to download for your bike (based on model, engine size, exhaust system air cleaner, pistons, cams, etc.) - load the map of your choice and the integral auto-tune will do the rest</bullet2>
    <bullet3>Software program allows live monitoring, recording and examination of diagnostic codes and datalogs including number of starts, engine temperature and rpm operation</bullet3>
    <bullet4>Utilizes wide-band oxygen sensors and works as a closed-loop control system to continuously self-adjust and properly tune the motorcycle's air/fuel ratio for all riding conditions</bullet4>
    <bullet5>ThunderMax ECM with Auto-Tune module mounts conveniently in place of the factory ECM and plugs in to the existing harness</bullet5>
    <bullet6>Easy installation: replace the factory ECM, install new oxygen sensors and harness, load the correct map for your bike, and ride</bullet6>
    <bullet7>New maps, software, firmware updates, map analysis and tech support available online at no charge</bullet7>
    <bullet8>Adjustable front and rear cylinder AFR maps, ignition timing (spark) maps, and startup maps</bullet8>
    <bullet9>Works with all popular exhaust systems and is compatible with high-performance camshafts</bullet9>
    <bullet10>Rider can adjust idle speed, rev limit and speedometer calibration</bullet10>
    <bullet11>Improves throttle response, exhaust sound and driveability</bullet11>
    <bullet12>Supports turbo, nitrous and supercharger applications</bullet12>
    <bullet13>Does not require dyno tuning</bullet13>
    <bullet14>Made in the USA</bullet14>
    <bullet15/>
    <bullet16/>
    <bullet17/>
    <bullet18/>
    <bullet19/>
    <bullet20/>
    <bullet21/>
    <bullet22/>
    <bullet23/>
    <bullet24/>
    <vendorPriceUpdateDate>2023-04-22 00:00:00</vendorPriceUpdateDate>
  </part>
  <part>
    <partNumber>10202361</partNumber>
    <punctuatedPartNumber>1020-2361</punctuatedPartNumber>
    <partStatusDescription>STANDARD</partStatusDescription>
    <partDescription>ThunderMax Engine Control Module Kit with Integral Auto Tune - '04-'13 Dyna/Softail/Sportster</partDescription>
    <unitOfMeasure>Kit</unitOfMeasure>
    <brandName>THUNDERMAX</brandName>
    <supplierNumber>309-485</supplierNumber>
    <specialInstructions/>
    <baseDealerPrice>780.90</baseDealerPrice>
    <yourDealerPrice>780.90</yourDealerPrice>
    <baseRetailPrice>1088.95</baseRetailPrice>
    <originalRetailPrice>1088.95</originalRetailPrice>
    <partImage>http://asset.lemansnet.com/z/L0UvQS83L0VBN0Y2OTRDLUQ2OTQtNDRCNi1BQkMyLUNDQThFQTU5NjJGNCwvOS85LzIvOTkyQjcwOUUtOTFFRi00NjYzLTlBMDEtQkRFMUUwNDYyQ0I2</partImage>
    <productId>1379428386</productId>
    <productName>ThunderMax Engine Control Module Kit with Integral Auto Tune</productName>
    <productImage>http://asset.lemansnet.com/z/LzgvQy9FLzhDRTRBRERGLTE2Q0UtNDQ2OS04RTlDLTI2MzYxREZDNDExMw==</productImage>
    <bullet1>Includes ThunderMax ECM with Auto-Tune Module, plug-in harness and two wide-band sensors, TMax software and communication USB cable, Quick-Start Easy Install and Comprehensive User's Manual, technical support and free software and updates</bullet1>
    <bullet2>Hundreds of maps available to download for your bike (based on model, engine size, exhaust system air cleaner, pistons, cams, etc.) - load the map of your choice and the integral auto-tune will do the rest</bullet2>
    <bullet3>Software program allows live monitoring, recording and examination of diagnostic codes and datalogs including number of starts, engine temperature and rpm operation</bullet3>
    <bullet4>Utilizes wide-band oxygen sensors and works as a closed-loop control system to continuously self-adjust and properly tune the motorcycle's air/fuel ratio for all riding conditions</bullet4>
    <bullet5>ThunderMax ECM with Auto-Tune module mounts conveniently in place of the factory ECM and plugs in to the existing harness</bullet5>
    <bullet6>Easy installation: replace the factory ECM, install new oxygen sensors and harness, load the correct map for your bike, and ride</bullet6>
    <bullet7>New maps, software, firmware updates, map analysis and tech support available online at no charge</bullet7>
    <bullet8>Adjustable front and rear cylinder AFR maps, ignition timing (spark) maps, and startup maps</bullet8>
    <bullet9>Works with all popular exhaust systems and is compatible with high-performance camshafts</bullet9>
    <bullet10>Rider can adjust idle speed, rev limit and speedometer calibration</bullet10>
    <bullet11>Improves throttle response, exhaust sound and driveability</bullet11>
    <bullet12>Supports turbo, nitrous and supercharger applications</bullet12>
    <bullet13>Does not require dyno tuning</bullet13>
    <bullet14>Made in the USA</bullet14>
    <bullet15/>
    <bullet16/>
    <bullet17/>
    <bullet18/>
    <bullet19/>
    <bullet20/>
    <bullet21/>
    <bullet22/>
    <bullet23/>
    <bullet24/>
    <vendorPriceUpdateDate>2023-04-22 00:00:00</vendorPriceUpdateDate>
  </part>
  <part>
    <partNumber>07130243</partNumber>
    <punctuatedPartNumber>0713-0243</punctuatedPartNumber>
    <partStatusDescription>STANDARD</partStatusDescription>
    <partDescription>Oil Cooler Fan - M8 Touring/Trike</partDescription>
    <unitOfMeasure>Each</unitOfMeasure>
    <brandName>THUNDERMAX</brandName>
    <supplierNumber>EA7000</supplierNumber>
    <specialInstructions/>
    <baseDealerPrice>196.90</baseDealerPrice>
    <yourDealerPrice>196.90</yourDealerPrice>
    <baseRetailPrice>262.95</baseRetailPrice>
    <originalRetailPrice>262.95</originalRetailPrice>
    <partImage>http://asset.lemansnet.com/z/LzgvRi82LzhGNjVEMTRELTdDNEEtNDg4QS05MTBFLUVGNTgxNkQ1N0RGOCwvQy80L0QvQzREOUJBRDktNUI3Qi00REY4LUJGQjUtM0JFRkQyRDkxRkE3LC9CLzMvMC9CMzBDNDg5NC04QkQwLTRCOTktOTA5Qy1GRTZFNERDOUY4QTE=</partImage>
    <productId>0024212363</productId>
    <productName>Oil Cooler Fan</productName>
    <productImage>http://asset.lemansnet.com/z/LzgvRi82LzhGNjVEMTRELTdDNEEtNDg4QS05MTBFLUVGNTgxNkQ1N0RGOA==</productImage>
    <bullet1>Uses engine temp and vehicle speed to reduce heat and keep engines running cool</bullet1>
    <bullet2>Takes only 15 minutes to install; does not require oil cooler removal</bullet2>
    <bullet3>Plug-n-play installation on M8 models equipped with ThunderMax ECM</bullet3>
    <bullet4>Made in the USA</bullet4>
    <bullet5/>
    <bullet6/>
    <bullet7/>
    <bullet8/>
    <bullet9/>
    <bullet10/>
    <bullet11/>
    <bullet12/>
    <bullet13/>
    <bullet14/>
    <bullet15/>
    <bullet16/>
    <bullet17/>
    <bullet18/>
    <bullet19/>
    <bullet20/>
    <bullet21/>
    <bullet22/>
    <bullet23/>
    <bullet24/>
    <vendorPriceUpdateDate>2021-06-23 00:00:00</vendorPriceUpdateDate>
  </part>
  <part>
    <partNumber>10200836</partNumber>
    <punctuatedPartNumber>1020-0836</punctuatedPartNumber>
    <partStatusDescription>STANDARD</partStatusDescription>
    <partDescription>ThunderMax Engine Control Module Kit with Integral Auto Tune - Touring/Trike/Throttle-by-Wire</partDescription>
    <unitOfMeasure>Kit</unitOfMeasure>
    <brandName>THUNDERMAX</brandName>
    <supplierNumber>309-362</supplierNumber>
    <specialInstructions/>
    <baseDealerPrice>780.90</baseDealerPrice>
    <yourDealerPrice>780.90</yourDealerPrice>
    <baseRetailPrice>1088.95</baseRetailPrice>
    <originalRetailPrice>1088.95</originalRetailPrice>
    <partImage>http://asset.lemansnet.com/z/L0UvMS82L0UxNkE2OTVGLTA1RTItNDg3My1BMzhCLTA2QkMyMDA0REIyMg==</partImage>
    <productId>1379428386</productId>
    <productName>ThunderMax Engine Control Module Kit with Integral Auto Tune</productName>
    <productImage>http://asset.lemansnet.com/z/LzgvQy9FLzhDRTRBRERGLTE2Q0UtNDQ2OS04RTlDLTI2MzYxREZDNDExMw==</productImage>
    <bullet1>Includes ThunderMax ECM with Auto-Tune Module, plug-in harness and two wide-band sensors, TMax software and communication USB cable, Quick-Start Easy Install and Comprehensive User's Manual, technical support and free software and updates</bullet1>
    <bullet2>Hundreds of maps available to download for your bike (based on model, engine size, exhaust system air cleaner, pistons, cams, etc.) - load the map of your choice and the integral auto-tune will do the rest</bullet2>
    <bullet3>Software program allows live monitoring, recording and examination of diagnostic codes and datalogs including number of starts, engine temperature and rpm operation</bullet3>
    <bullet4>Utilizes wide-band oxygen sensors and works as a closed-loop control system to continuously self-adjust and properly tune the motorcycle's air/fuel ratio for all riding conditions</bullet4>
    <bullet5>ThunderMax ECM with Auto-Tune module mounts conveniently in place of the factory ECM and plugs in to the existing harness</bullet5>
    <bullet6>Easy installation: replace the factory ECM, install new oxygen sensors and harness, load the correct map for your bike, and ride</bullet6>
    <bullet7>New maps, software, firmware updates, map analysis and tech support available online at no charge</bullet7>
    <bullet8>Adjustable front and rear cylinder AFR maps, ignition timing (spark) maps, and startup maps</bullet8>
    <bullet9>Works with all popular exhaust systems and is compatible with high-performance camshafts</bullet9>
    <bullet10>Rider can adjust idle speed, rev limit and speedometer calibration</bullet10>
    <bullet11>Improves throttle response, exhaust sound and driveability</bullet11>
    <bullet12>Supports turbo, nitrous and supercharger applications</bullet12>
    <bullet13>Does not require dyno tuning</bullet13>
    <bullet14>Made in the USA</bullet14>
    <bullet15/>
    <bullet16/>
    <bullet17/>
    <bullet18/>
    <bullet19/>
    <bullet20/>
    <bullet21/>
    <bullet22/>
    <bullet23/>
    <bullet24/>
    <vendorPriceUpdateDate>2023-04-22 00:00:00</vendorPriceUpdateDate>
  </part>
  <part>
    <partNumber>10204289</partNumber>
    <punctuatedPartNumber>1020-4289</punctuatedPartNumber>
    <partStatusDescription>STANDARD</partStatusDescription>
    <partDescription>Engine Control Module with Integral Auto Tune System - M8 Touring</partDescription>
    <unitOfMeasure>Kit</unitOfMeasure>
    <brandName>THUNDERMAX</brandName>
    <supplierNumber>309-605</supplierNumber>
    <specialInstructions>REPLACED 1020-4244</specialInstructions>
    <baseDealerPrice>780.90</baseDealerPrice>
    <yourDealerPrice>780.90</yourDealerPrice>
    <baseRetailPrice>1088.95</baseRetailPrice>
    <originalRetailPrice>1088.95</originalRetailPrice>
    <partImage>http://asset.lemansnet.com/z/L0YvMi82L0YyNjdFNzkxLTlERTEtNEI2OS04NDBCLUMyMTE1RDlBNEE4OSwvMC8zLzUvMDM1NjNEQjItODRGQi00MzU3LUE1RjktNEIyMDVCOEYzQTkz</partImage>
    <productId>0467379935</productId>
    <productName>Engine Control Module with Integral Auto Tune System</productName>
    <productImage>http://asset.lemansnet.com/z/L0YvMi82L0YyNjdFNzkxLTlERTEtNEI2OS04NDBCLUMyMTE1RDlBNEE4OQ==</productImage>
    <bullet1>ThunderMax ECM with Auto-Tune module mounts conveniently in place of the factory ECM and plugs in to the existing harness</bullet1>
    <bullet2>Utilizes wide-band oxygen sensors and works as a closed-loop control system to continuously self-adjust and properly tune the motorcycle’s air/fuel ratio for all riding conditions</bullet2>
    <bullet3>Easy installation: replace the factory ECM, install new oxygen sensors and harness, load the correct map for your bike, and ride</bullet3>
    <bullet4>Includes ThunderMax ECM with Auto-Tune Module, plug-in harness and two wide-band sensors, TMax software and communication USB cable, Quick-Start Easy Install and Comprehensive User’s Manual, technical support and free software and updates</bullet4>
    <bullet5> Hundreds of maps available to download for your bike (based on model, engine size, exhaust system air cleaner, pistons, cams, etc.) – load the map of your choice and the integral auto-tune will do the rest</bullet5>
    <bullet6>Improves throttle response, exhaust sound and driveability</bullet6>
    <bullet7>Rider can adjust idle speed, rev limit and speedometer calibration</bullet7>
    <bullet8>Adjustable front and rear cylinder AFR maps, ignition timing (spark) maps, and startup map</bullet8>
    <bullet9>Works with all popular exhaust systems and is compatible with high-performance camshafts</bullet9>
    <bullet10>Supports turbo, nitrous and supercharger applications</bullet10>
    <bullet11>Software program allows live monitoring, recording and examination of diagnostic codes and datalogs including number of starts, engine temperature and rpm operation</bullet11>
    <bullet12>New maps, software, firmware updates, map analysis and tech support available online at no charge</bullet12>
    <bullet13>Made in the USA</bullet13>
    <bullet14>Because of possible clearance issues, some aftermarket exhaust systems may require modifications or relocation of their O2 sensor port bungs.</bullet14>
    <bullet15>Does not require dyno tuning.</bullet15>
    <bullet16/>
    <bullet17/>
    <bullet18/>
    <bullet19/>
    <bullet20/>
    <bullet21/>
    <bullet22/>
    <bullet23/>
    <bullet24/>
    <vendorPriceUpdateDate>2025-06-25 00:00:00</vendorPriceUpdateDate>
  </part>
  <part>
    <partNumber>21200023</partNumber>
    <punctuatedPartNumber>2120-0023</punctuatedPartNumber>
    <partStatusDescription>STANDARD</partStatusDescription>
    <partDescription>Micro Harness Controller</partDescription>
    <unitOfMeasure>Kit</unitOfMeasure>
    <brandName>THUNDERMAX</brandName>
    <supplierNumber>EA4260</supplierNumber>
    <specialInstructions/>
    <baseDealerPrice>251.80</baseDealerPrice>
    <yourDealerPrice>251.80</yourDealerPrice>
    <baseRetailPrice>359.95</baseRetailPrice>
    <originalRetailPrice>359.95</originalRetailPrice>
    <partImage>http://asset.lemansnet.com/z/L0YvQi9GL0ZCRjlEQjkzLTcwMzYtNENGOS05NURFLTg3ODhDMUZDREU4QQ==</partImage>
    <productId>2129482846</productId>
    <productName>Micro Harness Controller Kit</productName>
    <productImage>http://asset.lemansnet.com/z/L0YvQi9GL0ZCRjlEQjkzLTcwMzYtNENGOS05NURFLTg3ODhDMUZDREU4QQ==</productImage>
    <bullet1>Performs all fuse, relay (includes starter relay) and signal-canceling functions in one simple package</bullet1>
    <bullet2>Provides multiple flasher combinations (signal canceling, hazard lights, running lights and turn signal) from one dual-filament bulb</bullet2>
    <bullet3>Billet 6061 T-6 aluminum housing and 7' trim-to-fit wiring design is compact and easily hidden on custom motorcycles</bullet3>
    <bullet4>Utilizes relays to distribute all power functions, thus eliminating the need to run large wires to all the switches</bullet4>
    <bullet5>Weather-resistant connections for trouble-free use in extreme environments</bullet5>
    <bullet6>Can be used with micro switches</bullet6>
    <bullet7>For choppers and custom bikes w/o separate brake light (except '04-'20 Big Dog w/proprietary hand controls).</bullet7>
    <bullet8/>
    <bullet9/>
    <bullet10/>
    <bullet11/>
    <bullet12/>
    <bullet13/>
    <bullet14/>
    <bullet15/>
    <bullet16/>
    <bullet17/>
    <bullet18/>
    <bullet19/>
    <bullet20/>
    <bullet21/>
    <bullet22/>
    <bullet23/>
    <bullet24/>
    <vendorPriceUpdateDate>2021-06-23 00:00:00</vendorPriceUpdateDate>
  </part>
  <part>
    <partNumber>21200085</partNumber>
    <punctuatedPartNumber>2120-0085</punctuatedPartNumber>
    <partStatusDescription>STANDARD</partStatusDescription>
    <partDescription>Push Button Converter - Harley Davidson</partDescription>
    <unitOfMeasure>Each</unitOfMeasure>
    <brandName>THUNDERMAX</brandName>
    <supplierNumber>EA4093</supplierNumber>
    <specialInstructions/>
    <baseDealerPrice>30.70</baseDealerPrice>
    <yourDealerPrice>30.70</yourDealerPrice>
    <baseRetailPrice>46.95</baseRetailPrice>
    <originalRetailPrice>46.95</originalRetailPrice>
    <partImage>http://asset.lemansnet.com/z/L0IvQi84L0JCODc5RTlFLThEMzYtNEM5NS04RjlDLUEwOEUzOTE0QUM5RA==</partImage>
    <productId>1639323969</productId>
    <productName>Push-Button Converter</productName>
    <productImage>http://asset.lemansnet.com/z/L0IvQi84L0JCODc5RTlFLThEMzYtNEM5NS04RjlDLUEwOEUzOTE0QUM5RA==</productImage>
    <bullet1>Convenient way to wire up push-button hand control switches</bullet1>
    <bullet2>Takes momentary signal from a push-button hand control switch and converts it to a standard "latching" signal</bullet2>
    <bullet3>Design is fully circuit-protected and has no relays to wear out</bullet3>
    <bullet4>Compact size, measures just 2" x 0.6" x 0.5"</bullet4>
    <bullet5>Simple six-wire hookup, wiring diagram included</bullet5>
    <bullet6>Designed for use with 12 V electrical systems such as Thunder Heart's Micro Harness Controller; 1 A maximum load</bullet6>
    <bullet7/>
    <bullet8/>
    <bullet9/>
    <bullet10/>
    <bullet11/>
    <bullet12/>
    <bullet13/>
    <bullet14/>
    <bullet15/>
    <bullet16/>
    <bullet17/>
    <bullet18/>
    <bullet19/>
    <bullet20/>
    <bullet21/>
    <bullet22/>
    <bullet23/>
    <bullet24/>
    <vendorPriceUpdateDate>2021-06-23 00:00:00</vendorPriceUpdateDate>
  </part>
  <part>
    <partNumber>21200086</partNumber>
    <punctuatedPartNumber>2120-0086</punctuatedPartNumber>
    <partStatusDescription>STANDARD</partStatusDescription>
    <partDescription>Micro Harness Controller</partDescription>
    <unitOfMeasure>Kit</unitOfMeasure>
    <brandName>THUNDERMAX</brandName>
    <supplierNumber>EA4360</supplierNumber>
    <specialInstructions/>
    <baseDealerPrice>282.00</baseDealerPrice>
    <yourDealerPrice>282.00</yourDealerPrice>
    <baseRetailPrice>406.95</baseRetailPrice>
    <originalRetailPrice>406.95</originalRetailPrice>
    <partImage>http://asset.lemansnet.com/z/LzIvNS9CLzI1QjhFOTg2LTMzMzYtNDUyOC04M0VGLUMwRUEwOUYzQzU4Mg==</partImage>
    <productId>1768242694</productId>
    <productName>Micro Harness Controller Kit</productName>
    <productImage>http://asset.lemansnet.com/z/LzIvNS9CLzI1QjhFOTg2LTMzMzYtNDUyOC04M0VGLUMwRUEwOUYzQzU4Mg==</productImage>
    <bullet1>Performs all fuse, relay (includes starter relay) and signal-canceling functions in one simple package</bullet1>
    <bullet2>Provides multiple flasher combinations (signal canceling, hazard lights, running lights and turn signal) from one dual-filament bulb</bullet2>
    <bullet3>Billet 6061 T-6 aluminum housing and 7' trim-to-fit wiring design is compact and easily hidden on custom motorcycles</bullet3>
    <bullet4>Utilizes relays to distribute all power functions, thus eliminating the need to run large wires to all the switches</bullet4>
    <bullet5>Weather-resistant connections for trouble-free use in extreme environments</bullet5>
    <bullet6>Can be used with micro switches</bullet6>
    <bullet7>For choppers and custom bikes w/ separate brake light (except '04-'20 Big Dogs w/proprietary hand controls).</bullet7>
    <bullet8/>
    <bullet9/>
    <bullet10/>
    <bullet11/>
    <bullet12/>
    <bullet13/>
    <bullet14/>
    <bullet15/>
    <bullet16/>
    <bullet17/>
    <bullet18/>
    <bullet19/>
    <bullet20/>
    <bullet21/>
    <bullet22/>
    <bullet23/>
    <bullet24/>
    <vendorPriceUpdateDate>2021-06-23 00:00:00</vendorPriceUpdateDate>
  </part>
  <part>
    <partNumber>21010070</partNumber>
    <punctuatedPartNumber>2101-0070</punctuatedPartNumber>
    <partStatusDescription>STANDARD</partStatusDescription>
    <partDescription>Stand-Alone Ignition System - Twin Cam</partDescription>
    <unitOfMeasure>Kit</unitOfMeasure>
    <brandName>THUNDERMAX</brandName>
    <supplierNumber>EA5012</supplierNumber>
    <specialInstructions/>
    <baseDealerPrice>273.75</baseDealerPrice>
    <yourDealerPrice>273.75</yourDealerPrice>
    <baseRetailPrice>365.95</baseRetailPrice>
    <originalRetailPrice>365.95</originalRetailPrice>
    <partImage>http://asset.lemansnet.com/z/LzQvRC84LzREODhDOTU1LTc1MzktNEQ0Ri1BQ0YzLTEyMTdDNzRCODhDQQ==</partImage>
    <productId>1644874756</productId>
    <productName>Twin Cam Stand-Alone Ignition System</productName>
    <productImage>http://asset.lemansnet.com/z/LzQvRC84LzREODhDOTU1LTc1MzktNEQ0Ri1BQ0YzLTEyMTdDNzRCODhDQQ==</productImage>
    <bullet1>Designed for use in custom applications where a Twin Cam motor and crank sensor are used</bullet1>
    <bullet2>Complete ignition system includes module, coil, wires, Smart Link software, communication cable and instructions (no Harley factory harness required)</bullet2>
    <bullet3>Consolidates ignition components into a small, easy-to-mount package</bullet3>
    <bullet4>Integrated high-output single-fire operation</bullet4>
    <bullet5>Fully programmable spark timing and rev-limit setting</bullet5>
    <bullet6>Real-time diagnostic features aid in troubleshooting and tuning</bullet6>
    <bullet7>Uses factory crank trigger for improved starting and performance</bullet7>
    <bullet8>Rugged billet aluminum housing is weather- and vibration-resistant</bullet8>
    <bullet9>Custom mounting with 1/4"-20 bolts, 2" apart</bullet9>
    <bullet10/>
    <bullet11/>
    <bullet12/>
    <bullet13/>
    <bullet14/>
    <bullet15/>
    <bullet16/>
    <bullet17/>
    <bullet18/>
    <bullet19/>
    <bullet20/>
    <bullet21/>
    <bullet22/>
    <bullet23/>
    <bullet24/>
    <vendorPriceUpdateDate>2021-06-23 00:00:00</vendorPriceUpdateDate>
  </part>
  <part>
    <partNumber>DS243195</partNumber>
    <punctuatedPartNumber>DS-243195</punctuatedPartNumber>
    <partStatusDescription>STANDARD</partStatusDescription>
    <partDescription>Transmission Speedometer Sensor</partDescription>
    <unitOfMeasure>Each</unitOfMeasure>
    <brandName>THUNDERMAX</brandName>
    <supplierNumber>EA4100CHR-DS</supplierNumber>
    <specialInstructions/>
    <baseDealerPrice>59.90</baseDealerPrice>
    <yourDealerPrice>59.90</yourDealerPrice>
    <baseRetailPrice>90.95</baseRetailPrice>
    <originalRetailPrice>90.95</originalRetailPrice>
    <partImage>http://asset.lemansnet.com/z/LzAvMi9FLzAyRUQ2NDJELTQ1MTItNDM1MC05NkMwLUNGMEI4NzUzQThBRA==</partImage>
    <productId>1675169781</productId>
    <productName>Transmission Speedometer Sensor</productName>
    <productImage>http://asset.lemansnet.com/z/LzAvMi9FLzAyRUQ2NDJELTQ1MTItNDM1MC05NkMwLUNGMEI4NzUzQThBRA==</productImage>
    <bullet1>Chrome billet sensor</bullet1>
    <bullet2>Includes OEM Deutsch connector</bullet2>
    <bullet3>Made in the USA</bullet3>
    <bullet4/>
    <bullet5/>
    <bullet6/>
    <bullet7/>
    <bullet8/>
    <bullet9/>
    <bullet10/>
    <bullet11/>
    <bullet12/>
    <bullet13/>
    <bullet14/>
    <bullet15/>
    <bullet16/>
    <bullet17/>
    <bullet18/>
    <bullet19/>
    <bullet20/>
    <bullet21/>
    <bullet22/>
    <bullet23/>
    <bullet24/>
    <vendorPriceUpdateDate>2021-06-23 00:00:00</vendorPriceUpdateDate>
  </part>
  <part>
    <partNumber>21200675</partNumber>
    <punctuatedPartNumber>2120-0675</punctuatedPartNumber>
    <partStatusDescription>STANDARD</partStatusDescription>
    <partDescription>Electronic Harness Controller</partDescription>
    <unitOfMeasure>Each</unitOfMeasure>
    <brandName>THUNDERMAX</brandName>
    <supplierNumber>EA4250D-C</supplierNumber>
    <specialInstructions/>
    <baseDealerPrice>259.00</baseDealerPrice>
    <yourDealerPrice>259.00</yourDealerPrice>
    <baseRetailPrice>369.95</baseRetailPrice>
    <originalRetailPrice>369.95</originalRetailPrice>
    <partImage>http://asset.lemansnet.com/z/LzQvNS81LzQ1NTUwMEYxLTM5OUItNDBCRi05ODQzLUEzRERBODQ4NDU3Qw==</partImage>
    <productId>0202035003</productId>
    <productName>Electronic Harness Controller</productName>
    <productImage>http://asset.lemansnet.com/z/LzQvNS81LzQ1NTUwMEYxLTM5OUItNDBCRi05ODQzLUEzRERBODQ4NDU3Qw==</productImage>
    <bullet1>Allows a dual-filament bulb to be used in three ways: tail, brake and turn signal (excluding the need for a center brake light); includes ribbon cable for integrating generic indicator lights</bullet1>
    <bullet2>Performs all fuse, relay and signal-canceling functions in one simple package</bullet2>
    <bullet3>Weather-resistant connections for trouble-free use in extreme environments</bullet3>
    <bullet4>Trim-to-fit harnesses allow installation on most custom bikes</bullet4>
    <bullet5>Compact design makes it easy to hide on a custom motorcycle</bullet5>
    <bullet6/>
    <bullet7/>
    <bullet8/>
    <bullet9/>
    <bullet10/>
    <bullet11/>
    <bullet12/>
    <bullet13/>
    <bullet14/>
    <bullet15/>
    <bullet16/>
    <bullet17/>
    <bullet18/>
    <bullet19/>
    <bullet20/>
    <bullet21/>
    <bullet22/>
    <bullet23/>
    <bullet24/>
    <vendorPriceUpdateDate>2023-04-22 00:00:00</vendorPriceUpdateDate>
  </part>
  <part>
    <partNumber>10202664</partNumber>
    <punctuatedPartNumber>1020-2664</punctuatedPartNumber>
    <partStatusDescription>STANDARD</partStatusDescription>
    <partDescription>ThunderMax Engine Control Module Kit with Integral Auto Tune - '17-'20 Touring/Trike</partDescription>
    <unitOfMeasure>Kit</unitOfMeasure>
    <brandName>THUNDERMAX</brandName>
    <supplierNumber>309-588</supplierNumber>
    <specialInstructions>Year application for H-D Trike models should be 17-20</specialInstructions>
    <baseDealerPrice>780.90</baseDealerPrice>
    <yourDealerPrice>780.90</yourDealerPrice>
    <baseRetailPrice>1088.95</baseRetailPrice>
    <originalRetailPrice>1088.95</originalRetailPrice>
    <partImage>http://asset.lemansnet.com/z/L0YvNy9BL0Y3QTE2RjA2LTk3RDgtNDVBMS04NTlBLUY5RTZCN0FBNUI0RSwvNC9FLzMvNEUzN0Y1Q0UtMUY3OC00MkE5LTk4QUMtOUE4MTE5Q0VENDJB</partImage>
    <productId>1379428386</productId>
    <productName>ThunderMax Engine Control Module Kit with Integral Auto Tune</productName>
    <productImage>http://asset.lemansnet.com/z/LzgvQy9FLzhDRTRBRERGLTE2Q0UtNDQ2OS04RTlDLTI2MzYxREZDNDExMw==</productImage>
    <bullet1>Includes ThunderMax ECM with Auto-Tune Module, plug-in harness and two wide-band sensors, TMax software and communication USB cable, Quick-Start Easy Install and Comprehensive User's Manual, technical support and free software and updates</bullet1>
    <bullet2>Hundreds of maps available to download for your bike (based on model, engine size, exhaust system air cleaner, pistons, cams, etc.) - load the map of your choice and the integral auto-tune will do the rest</bullet2>
    <bullet3>Software program allows live monitoring, recording and examination of diagnostic codes and datalogs including number of starts, engine temperature and rpm operation</bullet3>
    <bullet4>Utilizes wide-band oxygen sensors and works as a closed-loop control system to continuously self-adjust and properly tune the motorcycle's air/fuel ratio for all riding conditions</bullet4>
    <bullet5>ThunderMax ECM with Auto-Tune module mounts conveniently in place of the factory ECM and plugs in to the existing harness</bullet5>
    <bullet6>Easy installation: replace the factory ECM, install new oxygen sensors and harness, load the correct map for your bike, and ride</bullet6>
    <bullet7>New maps, software, firmware updates, map analysis and tech support available online at no charge</bullet7>
    <bullet8>Adjustable front and rear cylinder AFR maps, ignition timing (spark) maps, and startup maps</bullet8>
    <bullet9>Works with all popular exhaust systems and is compatible with high-performance camshafts</bullet9>
    <bullet10>Rider can adjust idle speed, rev limit and speedometer calibration</bullet10>
    <bullet11>Improves throttle response, exhaust sound and driveability</bullet11>
    <bullet12>Supports turbo, nitrous and supercharger applications</bullet12>
    <bullet13>Does not require dyno tuning</bullet13>
    <bullet14>Made in the USA</bullet14>
    <bullet15/>
    <bullet16/>
    <bullet17/>
    <bullet18/>
    <bullet19/>
    <bullet20/>
    <bullet21/>
    <bullet22/>
    <bullet23/>
    <bullet24/>
    <vendorPriceUpdateDate>2023-04-22 00:00:00</vendorPriceUpdateDate>
  </part>
  <part>
    <partNumber>10201855</partNumber>
    <punctuatedPartNumber>1020-1855</punctuatedPartNumber>
    <partStatusDescription>STANDARD</partStatusDescription>
    <partDescription>Pigtail USB Harness</partDescription>
    <unitOfMeasure>Each</unitOfMeasure>
    <brandName>THUNDERMAX</brandName>
    <supplierNumber>309-424</supplierNumber>
    <specialInstructions/>
    <baseDealerPrice>13.60</baseDealerPrice>
    <yourDealerPrice>13.60</yourDealerPrice>
    <baseRetailPrice>20.95</baseRetailPrice>
    <originalRetailPrice>20.95</originalRetailPrice>
    <partImage>http://asset.lemansnet.com/z/LzMvMS82LzMxNkQ2QURDLTVGMjYtNENBNC1BOEQ4LUFDNDY2OEFFNTVDOA==</partImage>
    <productId>0558451447</productId>
    <productName>Pigtail Harness</productName>
    <productImage>http://asset.lemansnet.com/z/LzkvRC9DLzlEQzRCNjQxLTgxNjItNEE1NC05NkI0LUM5MTAwMzE3NjY5Ng==</productImage>
    <bullet1>Handy for motorcycle models with tight clearances around the ECM such as Dyna, Softail Rocker and '02-'05 V-Rod models</bullet1>
    <bullet2>Allows a second port for the communication cable connection to the ThunderMax</bullet2>
    <bullet3>Made in the USA</bullet3>
    <bullet4/>
    <bullet5/>
    <bullet6/>
    <bullet7/>
    <bullet8/>
    <bullet9/>
    <bullet10/>
    <bullet11/>
    <bullet12/>
    <bullet13/>
    <bullet14/>
    <bullet15/>
    <bullet16/>
    <bullet17/>
    <bullet18/>
    <bullet19/>
    <bullet20/>
    <bullet21/>
    <bullet22/>
    <bullet23/>
    <bullet24/>
    <vendorPriceUpdateDate>2021-06-23 00:00:00</vendorPriceUpdateDate>
  </part>
  <part>
    <partNumber>21200084</partNumber>
    <punctuatedPartNumber>2120-0084</punctuatedPartNumber>
    <partStatusDescription>STANDARD</partStatusDescription>
    <partDescription>Center Module - Brake Light - Harley Davidson</partDescription>
    <unitOfMeasure>Each</unitOfMeasure>
    <brandName>THUNDERMAX</brandName>
    <supplierNumber>EA4094</supplierNumber>
    <specialInstructions/>
    <baseDealerPrice>30.70</baseDealerPrice>
    <yourDealerPrice>30.70</yourDealerPrice>
    <baseRetailPrice>46.95</baseRetailPrice>
    <originalRetailPrice>46.95</originalRetailPrice>
    <partImage>http://asset.lemansnet.com/z/L0UvOC83L0U4Nzg4QTU4LTk4Q0UtNEFCOC1CRjU3LTBCRjg2ODk4REQ5Qg==</partImage>
    <productId>1766976323</productId>
    <productName>Center Brake Light Module</productName>
    <productImage>http://asset.lemansnet.com/z/L0UvOC83L0U4Nzg4QTU4LTk4Q0UtNEFCOC1CRjU3LTBCRjg2ODk4REQ5Qg==</productImage>
    <bullet1>Allows installation of a center brake light on choppers and custom bikes when used with Thunder Heart’s Micro Harness Controller part # 2120-0023</bullet1>
    <bullet2>Compatible with LED and incandescent bulbs</bullet2>
    <bullet3>Solid-state construction, fully circuit-protected and has no relays to wear out</bullet3>
    <bullet4>Simple four-wire hookup; wiring diagram included</bullet4>
    <bullet5/>
    <bullet6/>
    <bullet7/>
    <bullet8/>
    <bullet9/>
    <bullet10/>
    <bullet11/>
    <bullet12/>
    <bullet13/>
    <bullet14/>
    <bullet15/>
    <bullet16/>
    <bullet17/>
    <bullet18/>
    <bullet19/>
    <bullet20/>
    <bullet21/>
    <bullet22/>
    <bullet23/>
    <bullet24/>
    <vendorPriceUpdateDate>2021-06-23 00:00:00</vendorPriceUpdateDate>
  </part>
  <part>
    <partNumber>10220059</partNumber>
    <punctuatedPartNumber>1022-0059</punctuatedPartNumber>
    <partStatusDescription>STANDARD</partStatusDescription>
    <partDescription>Pigtail ECM Harness</partDescription>
    <unitOfMeasure>Each</unitOfMeasure>
    <brandName>THUNDERMAX</brandName>
    <supplierNumber>309-324</supplierNumber>
    <specialInstructions/>
    <baseDealerPrice>13.60</baseDealerPrice>
    <yourDealerPrice>13.60</yourDealerPrice>
    <baseRetailPrice>20.95</baseRetailPrice>
    <originalRetailPrice>20.95</originalRetailPrice>
    <partImage>http://asset.lemansnet.com/z/LzkvRC9DLzlEQzRCNjQxLTgxNjItNEE1NC05NkI0LUM5MTAwMzE3NjY5Ng==</partImage>
    <productId>0558451447</productId>
    <productName>Pigtail Harness</productName>
    <productImage>http://asset.lemansnet.com/z/LzkvRC9DLzlEQzRCNjQxLTgxNjItNEE1NC05NkI0LUM5MTAwMzE3NjY5Ng==</productImage>
    <bullet1>Handy for motorcycle models with tight clearances around the ECM such as Dyna, Softail Rocker and '02-'05 V-Rod models</bullet1>
    <bullet2>Allows a second port for the communication cable connection to the ThunderMax</bullet2>
    <bullet3>Made in the USA</bullet3>
    <bullet4/>
    <bullet5/>
    <bullet6/>
    <bullet7/>
    <bullet8/>
    <bullet9/>
    <bullet10/>
    <bullet11/>
    <bullet12/>
    <bullet13/>
    <bullet14/>
    <bullet15/>
    <bullet16/>
    <bullet17/>
    <bullet18/>
    <bullet19/>
    <bullet20/>
    <bullet21/>
    <bullet22/>
    <bullet23/>
    <bullet24/>
    <vendorPriceUpdateDate>2021-06-23 00:00:00</vendorPriceUpdateDate>
  </part>
</root>
