<root>
  <part>
    <partNumber>DS197001</partNumber>
    <punctuatedPartNumber>DS-197001</punctuatedPartNumber>
    <partStatusDescription>STANDARD</partStatusDescription>
    <partDescription>Rear Drive Belt - 132-Tooth - 1 1/2"</partDescription>
    <unitOfMeasure>Each</unitOfMeasure>
    <brandName>PANTHER</brandName>
    <supplierNumber>62-0938</supplierNumber>
    <specialInstructions/>
    <baseDealerPrice>184.90</baseDealerPrice>
    <yourDealerPrice>184.90</yourDealerPrice>
    <baseRetailPrice>273.95</baseRetailPrice>
    <originalRetailPrice>266.95</originalRetailPrice>
    <partImage>http://asset.lemansnet.com/z/L0QvNC82L0Q0NjVBRkM4LTE2RjUtNEFCRi1CNjRELUNGQzlCRENFOUFCRg==</partImage>
    <productId>1904088893</productId>
    <productName>Rear Drive Belt</productName>
    <productImage>http://asset.lemansnet.com/z/LzYvNC9GLzY0RjcwQ0EwLUJGOTgtNEMxNS04M0M4LTc0MTcwMEU0QzI5NQ==</productImage>
    <bullet1>Improved RPP™ Panther® Design</bullet1>
    <bullet2>Feature ULTRA-CORD™ tensile members and the Able™ compound</bullet2>
    <bullet3>ULTRA-CORD doesn't stretch or shrink, thus reducing the strain on bearings, shafts, and other drive components</bullet3>
    <bullet4>ULTRA-CORD resists degradation and moisture to give you longer belt life</bullet4>
    <bullet5>The Able compound, an advanced polymer, resists tooth shear, adding to the belt's stability</bullet5>
    <bullet6>The rugged parabolic tooth profile reduces noise and offers drive efficiency up to 98%</bullet6>
    <bullet7>Made in the U.S.A.</bullet7>
    <bullet8>No warranty claims are made or implied.</bullet8>
    <bullet9/>
    <bullet10/>
    <bullet11/>
    <bullet12/>
    <bullet13/>
    <bullet14/>
    <bullet15/>
    <bullet16/>
    <bullet17/>
    <bullet18/>
    <bullet19/>
    <bullet20/>
    <bullet21/>
    <bullet22/>
    <bullet23/>
    <bullet24/>
    <vendorPriceUpdateDate>2023-01-09 00:00:00</vendorPriceUpdateDate>
  </part>
  <part>
    <partNumber>DS197002</partNumber>
    <punctuatedPartNumber>DS-197002</punctuatedPartNumber>
    <partStatusDescription>STANDARD</partStatusDescription>
    <partDescription>Rear Drive Belt - 136-Tooth - 1 1/2"</partDescription>
    <unitOfMeasure>Each</unitOfMeasure>
    <brandName>PANTHER</brandName>
    <supplierNumber>62-0964</supplierNumber>
    <specialInstructions/>
    <baseDealerPrice>189.90</baseDealerPrice>
    <yourDealerPrice>189.90</yourDealerPrice>
    <baseRetailPrice>282.95</baseRetailPrice>
    <originalRetailPrice>281.95</originalRetailPrice>
    <partImage>http://asset.lemansnet.com/z/LzMvQy85LzNDOTFEQjJCLTVDQTMtNDUwMC04NEJBLTk0QTlEQzlFRkI4Qg==</partImage>
    <productId>1904088893</productId>
    <productName>Rear Drive Belt</productName>
    <productImage>http://asset.lemansnet.com/z/LzYvNC9GLzY0RjcwQ0EwLUJGOTgtNEMxNS04M0M4LTc0MTcwMEU0QzI5NQ==</productImage>
    <bullet1>Improved RPP™ Panther® Design</bullet1>
    <bullet2>Feature ULTRA-CORD™ tensile members and the Able™ compound</bullet2>
    <bullet3>ULTRA-CORD doesn't stretch or shrink, thus reducing the strain on bearings, shafts, and other drive components</bullet3>
    <bullet4>ULTRA-CORD resists degradation and moisture to give you longer belt life</bullet4>
    <bullet5>The Able compound, an advanced polymer, resists tooth shear, adding to the belt's stability</bullet5>
    <bullet6>The rugged parabolic tooth profile reduces noise and offers drive efficiency up to 98%</bullet6>
    <bullet7>Made in the U.S.A.</bullet7>
    <bullet8>No warranty claims are made or implied.</bullet8>
    <bullet9/>
    <bullet10/>
    <bullet11/>
    <bullet12/>
    <bullet13/>
    <bullet14/>
    <bullet15/>
    <bullet16/>
    <bullet17/>
    <bullet18/>
    <bullet19/>
    <bullet20/>
    <bullet21/>
    <bullet22/>
    <bullet23/>
    <bullet24/>
    <vendorPriceUpdateDate>2023-01-09 00:00:00</vendorPriceUpdateDate>
  </part>
  <part>
    <partNumber>DS197005</partNumber>
    <punctuatedPartNumber>DS-197005</punctuatedPartNumber>
    <partStatusDescription>STANDARD</partStatusDescription>
    <partDescription>Rear Drive Belt - 133-Tooth - 1 1/2"</partDescription>
    <unitOfMeasure>Each</unitOfMeasure>
    <brandName>PANTHER</brandName>
    <supplierNumber>62-0942</supplierNumber>
    <specialInstructions/>
    <baseDealerPrice>172.90</baseDealerPrice>
    <yourDealerPrice>172.90</yourDealerPrice>
    <baseRetailPrice>256.95</baseRetailPrice>
    <originalRetailPrice>250.95</originalRetailPrice>
    <partImage>http://asset.lemansnet.com/z/LzMvNy9CLzM3QjEyQURBLTA3RTgtNDRENS1CN0Q3LTg4RDgwMEE3NDFBMg==</partImage>
    <productId>1904088893</productId>
    <productName>Rear Drive Belt</productName>
    <productImage>http://asset.lemansnet.com/z/LzYvNC9GLzY0RjcwQ0EwLUJGOTgtNEMxNS04M0M4LTc0MTcwMEU0QzI5NQ==</productImage>
    <bullet1>Improved RPP™ Panther® Design</bullet1>
    <bullet2>Feature ULTRA-CORD™ tensile members and the Able™ compound</bullet2>
    <bullet3>ULTRA-CORD doesn't stretch or shrink, thus reducing the strain on bearings, shafts, and other drive components</bullet3>
    <bullet4>ULTRA-CORD resists degradation and moisture to give you longer belt life</bullet4>
    <bullet5>The Able compound, an advanced polymer, resists tooth shear, adding to the belt's stability</bullet5>
    <bullet6>The rugged parabolic tooth profile reduces noise and offers drive efficiency up to 98%</bullet6>
    <bullet7>Made in the U.S.A.</bullet7>
    <bullet8>No warranty claims are made or implied.</bullet8>
    <bullet9/>
    <bullet10/>
    <bullet11/>
    <bullet12/>
    <bullet13/>
    <bullet14/>
    <bullet15/>
    <bullet16/>
    <bullet17/>
    <bullet18/>
    <bullet19/>
    <bullet20/>
    <bullet21/>
    <bullet22/>
    <bullet23/>
    <bullet24/>
    <vendorPriceUpdateDate>2023-01-09 00:00:00</vendorPriceUpdateDate>
  </part>
  <part>
    <partNumber>DS197007</partNumber>
    <punctuatedPartNumber>DS-197007</punctuatedPartNumber>
    <partStatusDescription>STANDARD</partStatusDescription>
    <partDescription>Rear Drive Belt - 125-Tooth - 1-1/8"</partDescription>
    <unitOfMeasure>Each</unitOfMeasure>
    <brandName>PANTHER</brandName>
    <supplierNumber>62-0944</supplierNumber>
    <specialInstructions/>
    <baseDealerPrice>154.90</baseDealerPrice>
    <yourDealerPrice>154.90</yourDealerPrice>
    <baseRetailPrice>227.95</baseRetailPrice>
    <originalRetailPrice>223.95</originalRetailPrice>
    <partImage>http://asset.lemansnet.com/z/LzMvNC8yLzM0MkM2NjE4LTlEQzgtNDUwNi05ODcwLTUwNEEwNTk2MUEzRQ==</partImage>
    <productId>1904088893</productId>
    <productName>Rear Drive Belt</productName>
    <productImage>http://asset.lemansnet.com/z/LzYvNC9GLzY0RjcwQ0EwLUJGOTgtNEMxNS04M0M4LTc0MTcwMEU0QzI5NQ==</productImage>
    <bullet1>Improved RPP™ Panther® Design</bullet1>
    <bullet2>Feature ULTRA-CORD™ tensile members and the Able™ compound</bullet2>
    <bullet3>ULTRA-CORD doesn't stretch or shrink, thus reducing the strain on bearings, shafts, and other drive components</bullet3>
    <bullet4>ULTRA-CORD resists degradation and moisture to give you longer belt life</bullet4>
    <bullet5>The Able compound, an advanced polymer, resists tooth shear, adding to the belt's stability</bullet5>
    <bullet6>The rugged parabolic tooth profile reduces noise and offers drive efficiency up to 98%</bullet6>
    <bullet7>Made in the U.S.A.</bullet7>
    <bullet8>No warranty claims are made or implied.</bullet8>
    <bullet9/>
    <bullet10/>
    <bullet11/>
    <bullet12/>
    <bullet13/>
    <bullet14/>
    <bullet15/>
    <bullet16/>
    <bullet17/>
    <bullet18/>
    <bullet19/>
    <bullet20/>
    <bullet21/>
    <bullet22/>
    <bullet23/>
    <bullet24/>
    <vendorPriceUpdateDate>2023-01-09 00:00:00</vendorPriceUpdateDate>
  </part>
  <part>
    <partNumber>DS197004</partNumber>
    <punctuatedPartNumber>DS-197004</punctuatedPartNumber>
    <partStatusDescription>STANDARD</partStatusDescription>
    <partDescription>Rear Drive Belt - 130-Tooth - 1 1/2"</partDescription>
    <unitOfMeasure>Each</unitOfMeasure>
    <brandName>PANTHER</brandName>
    <supplierNumber>62-0941</supplierNumber>
    <specialInstructions/>
    <baseDealerPrice>181.90</baseDealerPrice>
    <yourDealerPrice>181.90</yourDealerPrice>
    <baseRetailPrice>270.95</baseRetailPrice>
    <originalRetailPrice>263.95</originalRetailPrice>
    <partImage>http://asset.lemansnet.com/z/LzYvMS8yLzYxMjY0QTE3LTA5MUYtNDE3Ny05OTM2LTZGMDc0QkY3RkY1NA==</partImage>
    <productId>1904088893</productId>
    <productName>Rear Drive Belt</productName>
    <productImage>http://asset.lemansnet.com/z/LzYvNC9GLzY0RjcwQ0EwLUJGOTgtNEMxNS04M0M4LTc0MTcwMEU0QzI5NQ==</productImage>
    <bullet1>Improved RPP™ Panther® Design</bullet1>
    <bullet2>Feature ULTRA-CORD™ tensile members and the Able™ compound</bullet2>
    <bullet3>ULTRA-CORD doesn't stretch or shrink, thus reducing the strain on bearings, shafts, and other drive components</bullet3>
    <bullet4>ULTRA-CORD resists degradation and moisture to give you longer belt life</bullet4>
    <bullet5>The Able compound, an advanced polymer, resists tooth shear, adding to the belt's stability</bullet5>
    <bullet6>The rugged parabolic tooth profile reduces noise and offers drive efficiency up to 98%</bullet6>
    <bullet7>Made in the U.S.A.</bullet7>
    <bullet8>No warranty claims are made or implied.</bullet8>
    <bullet9/>
    <bullet10/>
    <bullet11/>
    <bullet12/>
    <bullet13/>
    <bullet14/>
    <bullet15/>
    <bullet16/>
    <bullet17/>
    <bullet18/>
    <bullet19/>
    <bullet20/>
    <bullet21/>
    <bullet22/>
    <bullet23/>
    <bullet24/>
    <vendorPriceUpdateDate>2023-01-09 00:00:00</vendorPriceUpdateDate>
  </part>
  <part>
    <partNumber>DS197008</partNumber>
    <punctuatedPartNumber>DS-197008</punctuatedPartNumber>
    <partStatusDescription>STANDARD</partStatusDescription>
    <partDescription>Rear Drive Belt - 128-Tooth - 1 1/8"</partDescription>
    <unitOfMeasure>Each</unitOfMeasure>
    <brandName>PANTHER</brandName>
    <supplierNumber>62-0945</supplierNumber>
    <specialInstructions/>
    <baseDealerPrice>159.90</baseDealerPrice>
    <yourDealerPrice>159.90</yourDealerPrice>
    <baseRetailPrice>236.95</baseRetailPrice>
    <originalRetailPrice>230.95</originalRetailPrice>
    <partImage>http://asset.lemansnet.com/z/L0YvNi81L0Y2NUYzRTk1LTdFRTAtNDU3QS04NDIwLTUxNDIyOEFBNUM1MiwvMS9CLzkvMUI5RjExMjUtRkI3Qy00OTJBLTg0MTMtOUFFNjMzOEMwMEVE</partImage>
    <productId>1904088893</productId>
    <productName>Rear Drive Belt</productName>
    <productImage>http://asset.lemansnet.com/z/LzYvNC9GLzY0RjcwQ0EwLUJGOTgtNEMxNS04M0M4LTc0MTcwMEU0QzI5NQ==</productImage>
    <bullet1>Improved RPP™ Panther® Design</bullet1>
    <bullet2>Feature ULTRA-CORD™ tensile members and the Able™ compound</bullet2>
    <bullet3>ULTRA-CORD doesn't stretch or shrink, thus reducing the strain on bearings, shafts, and other drive components</bullet3>
    <bullet4>ULTRA-CORD resists degradation and moisture to give you longer belt life</bullet4>
    <bullet5>The Able compound, an advanced polymer, resists tooth shear, adding to the belt's stability</bullet5>
    <bullet6>The rugged parabolic tooth profile reduces noise and offers drive efficiency up to 98%</bullet6>
    <bullet7>Made in the U.S.A.</bullet7>
    <bullet8>No warranty claims are made or implied.</bullet8>
    <bullet9/>
    <bullet10/>
    <bullet11/>
    <bullet12/>
    <bullet13/>
    <bullet14/>
    <bullet15/>
    <bullet16/>
    <bullet17/>
    <bullet18/>
    <bullet19/>
    <bullet20/>
    <bullet21/>
    <bullet22/>
    <bullet23/>
    <bullet24/>
    <vendorPriceUpdateDate>2023-01-09 00:00:00</vendorPriceUpdateDate>
  </part>
  <part>
    <partNumber>23020003</partNumber>
    <punctuatedPartNumber>2302-0003</punctuatedPartNumber>
    <partStatusDescription>STANDARD</partStatusDescription>
    <partDescription>Rear Drive Belt - 130-Tooth - 1 1/2"</partDescription>
    <unitOfMeasure>Each</unitOfMeasure>
    <brandName>PANTHER</brandName>
    <supplierNumber>62-1233</supplierNumber>
    <specialInstructions>ACT 1.5" WIDE ?02CPP</specialInstructions>
    <baseDealerPrice>177.90</baseDealerPrice>
    <yourDealerPrice>177.90</yourDealerPrice>
    <baseRetailPrice>263.95</baseRetailPrice>
    <originalRetailPrice>257.95</originalRetailPrice>
    <partImage>http://asset.lemansnet.com/z/LzMvNC80LzM0NDIzRDMxLTJENUYtNDdEMC1CMkQ5LTIwMDYzREYwOUQ2RiwvMS9CLzkvMUI5RjExMjUtRkI3Qy00OTJBLTg0MTMtOUFFNjMzOEMwMEVE</partImage>
    <productId>1313724810</productId>
    <productName>Rear Drive Belt</productName>
    <productImage>http://asset.lemansnet.com/z/LzMvNC80LzM0NDIzRDMxLTJENUYtNDdEMC1CMkQ5LTIwMDYzREYwOUQ2Rg==</productImage>
    <bullet1>Synchro-cog drive belts</bullet1>
    <bullet2>Direct OEM replacements</bullet2>
    <bullet3/>
    <bullet4/>
    <bullet5/>
    <bullet6/>
    <bullet7/>
    <bullet8/>
    <bullet9/>
    <bullet10/>
    <bullet11/>
    <bullet12/>
    <bullet13/>
    <bullet14/>
    <bullet15/>
    <bullet16/>
    <bullet17/>
    <bullet18/>
    <bullet19/>
    <bullet20/>
    <bullet21/>
    <bullet22/>
    <bullet23/>
    <bullet24/>
    <vendorPriceUpdateDate>2023-01-09 00:00:00</vendorPriceUpdateDate>
  </part>
  <part>
    <partNumber>23020001</partNumber>
    <punctuatedPartNumber>2302-0001</punctuatedPartNumber>
    <partStatusDescription>STANDARD</partStatusDescription>
    <partDescription>Rear Drive Belt - 150-Tooth - 1 3/8"</partDescription>
    <unitOfMeasure>Each</unitOfMeasure>
    <brandName>PANTHER</brandName>
    <supplierNumber>62-1232</supplierNumber>
    <specialInstructions/>
    <baseDealerPrice>189.90</baseDealerPrice>
    <yourDealerPrice>189.90</yourDealerPrice>
    <baseRetailPrice>281.95</baseRetailPrice>
    <originalRetailPrice>273.95</originalRetailPrice>
    <partImage>http://asset.lemansnet.com/z/LzYvNC9GLzY0RjcwQ0EwLUJGOTgtNEMxNS04M0M4LTc0MTcwMEU0QzI5NQ==</partImage>
    <productId>1904088893</productId>
    <productName>Rear Drive Belt</productName>
    <productImage>http://asset.lemansnet.com/z/LzYvNC9GLzY0RjcwQ0EwLUJGOTgtNEMxNS04M0M4LTc0MTcwMEU0QzI5NQ==</productImage>
    <bullet1>Improved RPP™ Panther® Design</bullet1>
    <bullet2>Feature ULTRA-CORD™ tensile members and the Able™ compound</bullet2>
    <bullet3>ULTRA-CORD doesn't stretch or shrink, thus reducing the strain on bearings, shafts, and other drive components</bullet3>
    <bullet4>ULTRA-CORD resists degradation and moisture to give you longer belt life</bullet4>
    <bullet5>The Able compound, an advanced polymer, resists tooth shear, adding to the belt's stability</bullet5>
    <bullet6>The rugged parabolic tooth profile reduces noise and offers drive efficiency up to 98%</bullet6>
    <bullet7>Made in the U.S.A.</bullet7>
    <bullet8>No warranty claims are made or implied.</bullet8>
    <bullet9/>
    <bullet10/>
    <bullet11/>
    <bullet12/>
    <bullet13/>
    <bullet14/>
    <bullet15/>
    <bullet16/>
    <bullet17/>
    <bullet18/>
    <bullet19/>
    <bullet20/>
    <bullet21/>
    <bullet22/>
    <bullet23/>
    <bullet24/>
    <vendorPriceUpdateDate>2023-01-09 00:00:00</vendorPriceUpdateDate>
  </part>
  <part>
    <partNumber>23020004</partNumber>
    <punctuatedPartNumber>2302-0004</punctuatedPartNumber>
    <partStatusDescription>STANDARD</partStatusDescription>
    <partDescription>Rear Drive Belt - 130-tooth - 1"</partDescription>
    <unitOfMeasure>Each</unitOfMeasure>
    <brandName>PANTHER</brandName>
    <supplierNumber>62-1234</supplierNumber>
    <specialInstructions/>
    <baseDealerPrice>140.90</baseDealerPrice>
    <yourDealerPrice>140.90</yourDealerPrice>
    <baseRetailPrice>207.95</baseRetailPrice>
    <originalRetailPrice>202.95</originalRetailPrice>
    <partImage>http://asset.lemansnet.com/z/LzYvNi85LzY2OUJDNThELURBQzUtNEMzQy04NjczLTg4MjkxMkE1RUQ1OA==</partImage>
    <productId>1313724810</productId>
    <productName>Rear Drive Belt</productName>
    <productImage>http://asset.lemansnet.com/z/LzMvNC80LzM0NDIzRDMxLTJENUYtNDdEMC1CMkQ5LTIwMDYzREYwOUQ2Rg==</productImage>
    <bullet1>Synchro-cog drive belts</bullet1>
    <bullet2>Direct OEM replacements</bullet2>
    <bullet3/>
    <bullet4/>
    <bullet5/>
    <bullet6/>
    <bullet7/>
    <bullet8/>
    <bullet9/>
    <bullet10/>
    <bullet11/>
    <bullet12/>
    <bullet13/>
    <bullet14/>
    <bullet15/>
    <bullet16/>
    <bullet17/>
    <bullet18/>
    <bullet19/>
    <bullet20/>
    <bullet21/>
    <bullet22/>
    <bullet23/>
    <bullet24/>
    <vendorPriceUpdateDate>2023-01-09 00:00:00</vendorPriceUpdateDate>
  </part>
  <part>
    <partNumber>MBR135</partNumber>
    <punctuatedPartNumber>MBR-135</punctuatedPartNumber>
    <partStatusDescription>STANDARD</partStatusDescription>
    <partDescription>Rear Drive Belt - 135-Tooth - 1 1/8"</partDescription>
    <unitOfMeasure>Each</unitOfMeasure>
    <brandName>PANTHER</brandName>
    <supplierNumber>62-1172</supplierNumber>
    <specialInstructions/>
    <baseDealerPrice>146.90</baseDealerPrice>
    <yourDealerPrice>146.90</yourDealerPrice>
    <baseRetailPrice>216.95</baseRetailPrice>
    <originalRetailPrice>211.95</originalRetailPrice>
    <partImage>http://asset.lemansnet.com/z/L0QvNC82L0Q0NjVBRkM4LTE2RjUtNEFCRi1CNjRELUNGQzlCRENFOUFCRg==</partImage>
    <productId>1904088893</productId>
    <productName>Rear Drive Belt</productName>
    <productImage>http://asset.lemansnet.com/z/LzYvNC9GLzY0RjcwQ0EwLUJGOTgtNEMxNS04M0M4LTc0MTcwMEU0QzI5NQ==</productImage>
    <bullet1>Improved RPP™ Panther® Design</bullet1>
    <bullet2>Feature ULTRA-CORD™ tensile members and the Able™ compound</bullet2>
    <bullet3>ULTRA-CORD doesn't stretch or shrink, thus reducing the strain on bearings, shafts, and other drive components</bullet3>
    <bullet4>ULTRA-CORD resists degradation and moisture to give you longer belt life</bullet4>
    <bullet5>The Able compound, an advanced polymer, resists tooth shear, adding to the belt's stability</bullet5>
    <bullet6>The rugged parabolic tooth profile reduces noise and offers drive efficiency up to 98%</bullet6>
    <bullet7>Made in the U.S.A.</bullet7>
    <bullet8>No warranty claims are made or implied.</bullet8>
    <bullet9/>
    <bullet10/>
    <bullet11/>
    <bullet12/>
    <bullet13/>
    <bullet14/>
    <bullet15/>
    <bullet16/>
    <bullet17/>
    <bullet18/>
    <bullet19/>
    <bullet20/>
    <bullet21/>
    <bullet22/>
    <bullet23/>
    <bullet24/>
    <vendorPriceUpdateDate>2023-01-09 00:00:00</vendorPriceUpdateDate>
  </part>
  <part>
    <partNumber>MBR139</partNumber>
    <punctuatedPartNumber>MBR-139</punctuatedPartNumber>
    <partStatusDescription>STANDARD</partStatusDescription>
    <partDescription>Rear Drive Belt - 139-Tooth - 1 1/2"</partDescription>
    <unitOfMeasure>Each</unitOfMeasure>
    <brandName>PANTHER</brandName>
    <supplierNumber>62-1178</supplierNumber>
    <specialInstructions/>
    <baseDealerPrice>195.90</baseDealerPrice>
    <yourDealerPrice>195.90</yourDealerPrice>
    <baseRetailPrice>291.95</baseRetailPrice>
    <originalRetailPrice>289.95</originalRetailPrice>
    <partImage>http://asset.lemansnet.com/z/L0QvNC82L0Q0NjVBRkM4LTE2RjUtNEFCRi1CNjRELUNGQzlCRENFOUFCRg==</partImage>
    <productId>1904088893</productId>
    <productName>Rear Drive Belt</productName>
    <productImage>http://asset.lemansnet.com/z/LzYvNC9GLzY0RjcwQ0EwLUJGOTgtNEMxNS04M0M4LTc0MTcwMEU0QzI5NQ==</productImage>
    <bullet1>Improved RPP™ Panther® Design</bullet1>
    <bullet2>Feature ULTRA-CORD™ tensile members and the Able™ compound</bullet2>
    <bullet3>ULTRA-CORD doesn't stretch or shrink, thus reducing the strain on bearings, shafts, and other drive components</bullet3>
    <bullet4>ULTRA-CORD resists degradation and moisture to give you longer belt life</bullet4>
    <bullet5>The Able compound, an advanced polymer, resists tooth shear, adding to the belt's stability</bullet5>
    <bullet6>The rugged parabolic tooth profile reduces noise and offers drive efficiency up to 98%</bullet6>
    <bullet7>Made in the U.S.A.</bullet7>
    <bullet8>No warranty claims are made or implied.</bullet8>
    <bullet9/>
    <bullet10/>
    <bullet11/>
    <bullet12/>
    <bullet13/>
    <bullet14/>
    <bullet15/>
    <bullet16/>
    <bullet17/>
    <bullet18/>
    <bullet19/>
    <bullet20/>
    <bullet21/>
    <bullet22/>
    <bullet23/>
    <bullet24/>
    <vendorPriceUpdateDate>2023-01-09 00:00:00</vendorPriceUpdateDate>
  </part>
  <part>
    <partNumber>DS197006</partNumber>
    <punctuatedPartNumber>DS-197006</punctuatedPartNumber>
    <partStatusDescription>STANDARD</partStatusDescription>
    <partDescription>Rear Drive Belt - 128-Tooth - 1 1/2"</partDescription>
    <unitOfMeasure>Each</unitOfMeasure>
    <brandName>PANTHER</brandName>
    <supplierNumber>62-0943</supplierNumber>
    <specialInstructions/>
    <baseDealerPrice>170.90</baseDealerPrice>
    <yourDealerPrice>170.90</yourDealerPrice>
    <baseRetailPrice>253.95</baseRetailPrice>
    <originalRetailPrice>247.95</originalRetailPrice>
    <partImage>http://asset.lemansnet.com/z/LzkvMi8zLzkyM0I1M0Q3LUQ2MTYtNEI3NC1BQTFBLTNFMTNFMEJBMDMxOA==</partImage>
    <productId>1904088893</productId>
    <productName>Rear Drive Belt</productName>
    <productImage>http://asset.lemansnet.com/z/LzYvNC9GLzY0RjcwQ0EwLUJGOTgtNEMxNS04M0M4LTc0MTcwMEU0QzI5NQ==</productImage>
    <bullet1>Improved RPP™ Panther® Design</bullet1>
    <bullet2>Feature ULTRA-CORD™ tensile members and the Able™ compound</bullet2>
    <bullet3>ULTRA-CORD doesn't stretch or shrink, thus reducing the strain on bearings, shafts, and other drive components</bullet3>
    <bullet4>ULTRA-CORD resists degradation and moisture to give you longer belt life</bullet4>
    <bullet5>The Able compound, an advanced polymer, resists tooth shear, adding to the belt's stability</bullet5>
    <bullet6>The rugged parabolic tooth profile reduces noise and offers drive efficiency up to 98%</bullet6>
    <bullet7>Made in the U.S.A.</bullet7>
    <bullet8>No warranty claims are made or implied.</bullet8>
    <bullet9/>
    <bullet10/>
    <bullet11/>
    <bullet12/>
    <bullet13/>
    <bullet14/>
    <bullet15/>
    <bullet16/>
    <bullet17/>
    <bullet18/>
    <bullet19/>
    <bullet20/>
    <bullet21/>
    <bullet22/>
    <bullet23/>
    <bullet24/>
    <vendorPriceUpdateDate>2023-01-09 00:00:00</vendorPriceUpdateDate>
  </part>
  <part>
    <partNumber>DS197003</partNumber>
    <punctuatedPartNumber>DS-197003</punctuatedPartNumber>
    <partStatusDescription>STANDARD</partStatusDescription>
    <partDescription>Rear Drive Belt - 126-Tooth - 1 1/2"</partDescription>
    <unitOfMeasure>Each</unitOfMeasure>
    <brandName>PANTHER</brandName>
    <supplierNumber>62-0940</supplierNumber>
    <specialInstructions/>
    <baseDealerPrice>178.90</baseDealerPrice>
    <yourDealerPrice>178.90</yourDealerPrice>
    <baseRetailPrice>265.95</baseRetailPrice>
    <originalRetailPrice>264.95</originalRetailPrice>
    <partImage>http://asset.lemansnet.com/z/L0QvNC82L0Q0NjVBRkM4LTE2RjUtNEFCRi1CNjRELUNGQzlCRENFOUFCRg==</partImage>
    <productId>1904088893</productId>
    <productName>Rear Drive Belt</productName>
    <productImage>http://asset.lemansnet.com/z/LzYvNC9GLzY0RjcwQ0EwLUJGOTgtNEMxNS04M0M4LTc0MTcwMEU0QzI5NQ==</productImage>
    <bullet1>Improved RPP™ Panther® Design</bullet1>
    <bullet2>Feature ULTRA-CORD™ tensile members and the Able™ compound</bullet2>
    <bullet3>ULTRA-CORD doesn't stretch or shrink, thus reducing the strain on bearings, shafts, and other drive components</bullet3>
    <bullet4>ULTRA-CORD resists degradation and moisture to give you longer belt life</bullet4>
    <bullet5>The Able compound, an advanced polymer, resists tooth shear, adding to the belt's stability</bullet5>
    <bullet6>The rugged parabolic tooth profile reduces noise and offers drive efficiency up to 98%</bullet6>
    <bullet7>Made in the U.S.A.</bullet7>
    <bullet8>No warranty claims are made or implied.</bullet8>
    <bullet9/>
    <bullet10/>
    <bullet11/>
    <bullet12/>
    <bullet13/>
    <bullet14/>
    <bullet15/>
    <bullet16/>
    <bullet17/>
    <bullet18/>
    <bullet19/>
    <bullet20/>
    <bullet21/>
    <bullet22/>
    <bullet23/>
    <bullet24/>
    <vendorPriceUpdateDate>2023-01-09 00:00:00</vendorPriceUpdateDate>
  </part>
</root>
