<root>
  <part>
    <partNumber>39200400</partNumber>
    <punctuatedPartNumber>3920-0400</punctuatedPartNumber>
    <partStatusDescription>STANDARD</partStatusDescription>
    <partDescription>Ratchet Strap - 1" x 15' - Red</partDescription>
    <unitOfMeasure>Each</unitOfMeasure>
    <brandName>ERICKSON</brandName>
    <supplierNumber>01400</supplierNumber>
    <specialInstructions/>
    <baseDealerPrice>4.75</baseDealerPrice>
    <yourDealerPrice>4.75</yourDealerPrice>
    <baseRetailPrice>7.95</baseRetailPrice>
    <originalRetailPrice>9.95</originalRetailPrice>
    <partImage>http://asset.lemansnet.com/z/LzkvNC9GLzk0Rjk5MTEyLTE3MDItNEI5QS1BNzNELUQ3QkY2MkJBRDMwNCwvNS80LzcvNTQ3RUNEMzYtQUE5NS00NTI2LUE4QzgtMThBNEJBMzc5RjAz</partImage>
    <productId>0128037425</productId>
    <productName>1" X 15' Light Duty Ratchet Strap</productName>
    <productImage>http://asset.lemansnet.com/z/LzkvNC9GLzk0Rjk5MTEyLTE3MDItNEI5QS1BNzNELUQ3QkY2MkJBRDMwNA==</productImage>
    <bullet1>Red polyester webbing construction</bullet1>
    <bullet2>Vinyl-coated hardened steel "S" hooks</bullet2>
    <bullet3>Black powder-coated ratchet</bullet3>
    <bullet4>Maximum load 500 lb. rated; 160 lb. working load</bullet4>
    <bullet5/>
    <bullet6/>
    <bullet7/>
    <bullet8/>
    <bullet9/>
    <bullet10/>
    <bullet11/>
    <bullet12/>
    <bullet13/>
    <bullet14/>
    <bullet15/>
    <bullet16/>
    <bullet17/>
    <bullet18/>
    <bullet19/>
    <bullet20/>
    <bullet21/>
    <bullet22/>
    <bullet23/>
    <bullet24/>
    <vendorPriceUpdateDate>2022-10-14 00:00:00</vendorPriceUpdateDate>
  </part>
  <part>
    <partNumber>39200402</partNumber>
    <punctuatedPartNumber>3920-0402</punctuatedPartNumber>
    <partStatusDescription>STANDARD</partStatusDescription>
    <partDescription>Buckle Tie-Down - 1" x 5-1/2' - 4 Pack -Red</partDescription>
    <unitOfMeasure>4 Pack</unitOfMeasure>
    <brandName>ERICKSON</brandName>
    <supplierNumber>05605</supplierNumber>
    <specialInstructions/>
    <baseDealerPrice>16.20</baseDealerPrice>
    <yourDealerPrice>16.20</yourDealerPrice>
    <baseRetailPrice>24.95</baseRetailPrice>
    <originalRetailPrice>26.95</originalRetailPrice>
    <partImage>http://asset.lemansnet.com/z/L0MvRC8xL0NEMTlFOUE0LTgzNUQtNDdBMy04NzQxLUQ3QjMwMjhCNzlCRQ==</partImage>
    <productId>1002280775</productId>
    <productName>1" X 5-1/2' Cam Buckle Tie-Down 4-Pack</productName>
    <productImage>http://asset.lemansnet.com/z/L0MvRC8xL0NEMTlFOUE0LTgzNUQtNDdBMy04NzQxLUQ3QjMwMjhCNzlCRQ==</productImage>
    <bullet1>Red polyester webbing construction</bullet1>
    <bullet2>Cam buckle is easy to use; pull tight and push thumb button to release</bullet2>
    <bullet3>Vinyl-coated hardened steel "S" hooks</bullet3>
    <bullet4>Maximum load 900 lb.; 300 lb. working load</bullet4>
    <bullet5/>
    <bullet6/>
    <bullet7/>
    <bullet8/>
    <bullet9/>
    <bullet10/>
    <bullet11/>
    <bullet12/>
    <bullet13/>
    <bullet14/>
    <bullet15/>
    <bullet16/>
    <bullet17/>
    <bullet18/>
    <bullet19/>
    <bullet20/>
    <bullet21/>
    <bullet22/>
    <bullet23/>
    <bullet24/>
    <vendorPriceUpdateDate>2023-04-22 00:00:00</vendorPriceUpdateDate>
  </part>
  <part>
    <partNumber>39200403</partNumber>
    <punctuatedPartNumber>3920-0403</punctuatedPartNumber>
    <partStatusDescription>STANDARD</partStatusDescription>
    <partDescription>Ratchet Straps - 1" x 6' - Red - Pair</partDescription>
    <unitOfMeasure>2 Pack</unitOfMeasure>
    <brandName>ERICKSON</brandName>
    <supplierNumber>05710</supplierNumber>
    <specialInstructions/>
    <baseDealerPrice>11.65</baseDealerPrice>
    <yourDealerPrice>11.65</yourDealerPrice>
    <baseRetailPrice>17.95</baseRetailPrice>
    <originalRetailPrice>17.95</originalRetailPrice>
    <partImage>http://asset.lemansnet.com/z/LzYvRi82LzZGNjY4QkQ3LTU1REEtNDIzNC04MDEzLTBFNjc4RDM0OTJGMSwvRS85LzkvRTk5NzkyM0QtQzU4RS00Mjg4LUJDMDYtMzNDQUJGMjUxNjE3</partImage>
    <productId>1342394382</productId>
    <productName>1" X 6' Soft-Grip Ratchet Strap 2-Pack</productName>
    <productImage>http://asset.lemansnet.com/z/LzYvRi82LzZGNjY4QkQ3LTU1REEtNDIzNC04MDEzLTBFNjc4RDM0OTJGMQ==</productImage>
    <bullet1>Heavy-duty red polyester webbing straps</bullet1>
    <bullet2>Extra-long hardened steel vinyl-coated "S" hooks</bullet2>
    <bullet3>Hooks are designed to fit 1" diameter tubing</bullet3>
    <bullet4>Soft grip ratchet is easy on the hands</bullet4>
    <bullet5>Maximum load 1,200 lb.; 400-lb. working load</bullet5>
    <bullet6/>
    <bullet7/>
    <bullet8/>
    <bullet9/>
    <bullet10/>
    <bullet11/>
    <bullet12/>
    <bullet13/>
    <bullet14/>
    <bullet15/>
    <bullet16/>
    <bullet17/>
    <bullet18/>
    <bullet19/>
    <bullet20/>
    <bullet21/>
    <bullet22/>
    <bullet23/>
    <bullet24/>
    <vendorPriceUpdateDate>2022-10-14 00:00:00</vendorPriceUpdateDate>
  </part>
  <part>
    <partNumber>39200404</partNumber>
    <punctuatedPartNumber>3920-0404</punctuatedPartNumber>
    <partStatusDescription>STANDARD</partStatusDescription>
    <partDescription>Ratchet Tie-Down - 1.25" x 8' - Camo</partDescription>
    <unitOfMeasure>2 Pack</unitOfMeasure>
    <brandName>ERICKSON</brandName>
    <supplierNumber>05714</supplierNumber>
    <specialInstructions/>
    <baseDealerPrice>19.20</baseDealerPrice>
    <yourDealerPrice>19.20</yourDealerPrice>
    <baseRetailPrice>29.54</baseRetailPrice>
    <originalRetailPrice>27.95</originalRetailPrice>
    <partImage>http://asset.lemansnet.com/z/L0QvOS80L0Q5NDdFQjMwLTE3QzUtNEU1My1CQURCLUIwOTU2N0EzNzREMSwvMy9ELzgvM0Q4MTAwMTEtRDc5Ri00ODg2LTgzQkQtRjBBNDU4MEUzM0Y3</partImage>
    <productId>0422362422</productId>
    <productName>1-1/4" X 8' Camouflage Ratchet Tie-Down Straps</productName>
    <productImage>http://asset.lemansnet.com/z/L0QvOS80L0Q5NDdFQjMwLTE3QzUtNEU1My1CQURCLUIwOTU2N0EzNzREMQ==</productImage>
    <bullet1>Digital camo pattern on polyester webbing</bullet1>
    <bullet2>Ergonomic rubber handle ratchets</bullet2>
    <bullet3>Vinyl-coated hardened steel "S" hooks with safety latch</bullet3>
    <bullet4>Sewn-in "V" ring allows you to create a soft-tie loop to help prevent abrasion</bullet4>
    <bullet5>Maximum load 2,400 lb.; 800 lb. working load rated</bullet5>
    <bullet6/>
    <bullet7/>
    <bullet8/>
    <bullet9/>
    <bullet10/>
    <bullet11/>
    <bullet12/>
    <bullet13/>
    <bullet14/>
    <bullet15/>
    <bullet16/>
    <bullet17/>
    <bullet18/>
    <bullet19/>
    <bullet20/>
    <bullet21/>
    <bullet22/>
    <bullet23/>
    <bullet24/>
    <vendorPriceUpdateDate>2023-04-22 00:00:00</vendorPriceUpdateDate>
  </part>
  <part>
    <partNumber>39200405</partNumber>
    <punctuatedPartNumber>3920-0405</punctuatedPartNumber>
    <partStatusDescription>STANDARD</partStatusDescription>
    <partDescription>Ratchet Tie-Downs - 1-1/2" x 8' - Black</partDescription>
    <unitOfMeasure>2 Pack</unitOfMeasure>
    <brandName>ERICKSON</brandName>
    <supplierNumber>05716</supplierNumber>
    <specialInstructions/>
    <baseDealerPrice>22.70</baseDealerPrice>
    <yourDealerPrice>22.70</yourDealerPrice>
    <baseRetailPrice>34.95</baseRetailPrice>
    <originalRetailPrice>33.95</originalRetailPrice>
    <partImage>http://asset.lemansnet.com/z/LzYvMS9CLzYxQjlFREVCLTFDRkMtNDUxMS1CN0YyLTBEQjEyNTk2NzFDNSwvRi83LzMvRjczMEY0ODAtMDcxNC00QzQ4LTkxMjEtQTZGMkZFMEY4NDE3</partImage>
    <productId>1249785446</productId>
    <productName>1-1/2" X 8' Ratchet Tie-Down Straps</productName>
    <productImage>http://asset.lemansnet.com/z/LzYvMS9CLzYxQjlFREVCLTFDRkMtNDUxMS1CN0YyLTBEQjEyNTk2NzFDNQ==</productImage>
    <bullet1>Strong 1.5" W polyester webbing</bullet1>
    <bullet2>Ergonomic wide rubber handle ratchet is easy on the hands</bullet2>
    <bullet3>Flat snap hooks with keeper</bullet3>
    <bullet4>Sewn-in "V" rings so you can make a soft tie</bullet4>
    <bullet5>3,000 lb. maximum load; 1,000-lb. working load rated</bullet5>
    <bullet6/>
    <bullet7/>
    <bullet8/>
    <bullet9/>
    <bullet10/>
    <bullet11/>
    <bullet12/>
    <bullet13/>
    <bullet14/>
    <bullet15/>
    <bullet16/>
    <bullet17/>
    <bullet18/>
    <bullet19/>
    <bullet20/>
    <bullet21/>
    <bullet22/>
    <bullet23/>
    <bullet24/>
    <vendorPriceUpdateDate>2023-04-22 00:00:00</vendorPriceUpdateDate>
  </part>
  <part>
    <partNumber>39200407</partNumber>
    <punctuatedPartNumber>3920-0407</punctuatedPartNumber>
    <partStatusDescription>STANDARD</partStatusDescription>
    <partDescription>Soft Tie Tie-Down - 1" x 6' - Red</partDescription>
    <unitOfMeasure>2 Pack</unitOfMeasure>
    <brandName>ERICKSON</brandName>
    <supplierNumber>05727</supplierNumber>
    <specialInstructions/>
    <baseDealerPrice>9.70</baseDealerPrice>
    <yourDealerPrice>9.70</yourDealerPrice>
    <baseRetailPrice>14.95</baseRetailPrice>
    <originalRetailPrice>17.95</originalRetailPrice>
    <partImage>http://asset.lemansnet.com/z/L0MvNC83L0M0N0Y0RTVFLUFFRUYtNDk4Qy1BNkQxLTU2NURCMDk5MjMwMA==</partImage>
    <productId>0431675345</productId>
    <productName>1" X 6' Tie-Downs with Built-In Soft Ties</productName>
    <productImage>http://asset.lemansnet.com/z/L0MvNC83L0M0N0Y0RTVFLUFFRUYtNDk4Qy1BNkQxLTU2NURCMDk5MjMwMA==</productImage>
    <bullet1>Red polyester webbing</bullet1>
    <bullet2>Cam strap with built-in soft ties</bullet2>
    <bullet3>Vinyl-coated hardened steel "S" hooks</bullet3>
    <bullet4>1,200 lb. maximum load; 400-lb. working load rated</bullet4>
    <bullet5/>
    <bullet6/>
    <bullet7/>
    <bullet8/>
    <bullet9/>
    <bullet10/>
    <bullet11/>
    <bullet12/>
    <bullet13/>
    <bullet14/>
    <bullet15/>
    <bullet16/>
    <bullet17/>
    <bullet18/>
    <bullet19/>
    <bullet20/>
    <bullet21/>
    <bullet22/>
    <bullet23/>
    <bullet24/>
    <vendorPriceUpdateDate>2023-04-22 00:00:00</vendorPriceUpdateDate>
  </part>
  <part>
    <partNumber>39200408</partNumber>
    <punctuatedPartNumber>3920-0408</punctuatedPartNumber>
    <partStatusDescription>STANDARD</partStatusDescription>
    <partDescription>Over-Center Buckle Strap - 1" x 6' - Red</partDescription>
    <unitOfMeasure>2 Pack</unitOfMeasure>
    <brandName>ERICKSON</brandName>
    <supplierNumber>05729</supplierNumber>
    <specialInstructions/>
    <baseDealerPrice>9.70</baseDealerPrice>
    <yourDealerPrice>9.70</yourDealerPrice>
    <baseRetailPrice>14.95</baseRetailPrice>
    <originalRetailPrice>18.95</originalRetailPrice>
    <partImage>http://asset.lemansnet.com/z/L0YvMC8zL0YwMzcyRTAwLTQ4MkUtNDM4Qy04NTFGLTBGQUU3OThCMThFMywvNS9ELzgvNUQ4NzI0NUEtQkVENy00MjkyLTlGQUMtRURBRUY0MDg5RDY5</partImage>
    <productId>1260600859</productId>
    <productName>1" X 6' Tie-Downs with Over-Center Style Buckles</productName>
    <productImage>http://asset.lemansnet.com/z/L0YvMC8zL0YwMzcyRTAwLTQ4MkUtNDM4Qy04NTFGLTBGQUU3OThCMThFMw==</productImage>
    <bullet1>Red polyester webbing</bullet1>
    <bullet2>Over-center style buckle locks tight, will not fray the webbing</bullet2>
    <bullet3>Vinyl-coated hardened steel "S" hooks</bullet3>
    <bullet4>1,200 lb. maximum load; 400-lb. working load rated</bullet4>
    <bullet5/>
    <bullet6/>
    <bullet7/>
    <bullet8/>
    <bullet9/>
    <bullet10/>
    <bullet11/>
    <bullet12/>
    <bullet13/>
    <bullet14/>
    <bullet15/>
    <bullet16/>
    <bullet17/>
    <bullet18/>
    <bullet19/>
    <bullet20/>
    <bullet21/>
    <bullet22/>
    <bullet23/>
    <bullet24/>
    <vendorPriceUpdateDate>2023-04-22 00:00:00</vendorPriceUpdateDate>
  </part>
  <part>
    <partNumber>39200409</partNumber>
    <punctuatedPartNumber>3920-0409</punctuatedPartNumber>
    <partStatusDescription>STANDARD</partStatusDescription>
    <partDescription>Ratchet Straps - 1.5" x 6' - Black</partDescription>
    <unitOfMeasure>2 Pack</unitOfMeasure>
    <brandName>ERICKSON</brandName>
    <supplierNumber>05735</supplierNumber>
    <specialInstructions/>
    <baseDealerPrice>16.20</baseDealerPrice>
    <yourDealerPrice>16.20</yourDealerPrice>
    <baseRetailPrice>24.95</baseRetailPrice>
    <originalRetailPrice>26.95</originalRetailPrice>
    <partImage>http://asset.lemansnet.com/z/LzUvQi8wLzVCMDQ2QTc2LTI1N0EtNDkwQS1CRDI3LTdGOTIzOTYxQzk4RiwvNi81L0IvNjVCOTA3QUMtQjZGQS00MDlBLUEwRTAtRDQwMTAwQzNENTQw</partImage>
    <productId>0534398973</productId>
    <productName>1.5" X 6' Ratchet Straps</productName>
    <productImage>http://asset.lemansnet.com/z/LzUvQi8wLzVCMDQ2QTc2LTI1N0EtNDkwQS1CRDI3LTdGOTIzOTYxQzk4Rg==</productImage>
    <bullet1>Strong 1.5" wide black polyester webbing</bullet1>
    <bullet2>Large hardened steel vinyl-coated "S" hooks</bullet2>
    <bullet3>Wide handle chromate finish ratchet</bullet3>
    <bullet4>3,000 lb. maximum load; 1,000-lb. working load rated</bullet4>
    <bullet5/>
    <bullet6/>
    <bullet7/>
    <bullet8/>
    <bullet9/>
    <bullet10/>
    <bullet11/>
    <bullet12/>
    <bullet13/>
    <bullet14/>
    <bullet15/>
    <bullet16/>
    <bullet17/>
    <bullet18/>
    <bullet19/>
    <bullet20/>
    <bullet21/>
    <bullet22/>
    <bullet23/>
    <bullet24/>
    <vendorPriceUpdateDate>2023-04-22 00:00:00</vendorPriceUpdateDate>
  </part>
  <part>
    <partNumber>39200410</partNumber>
    <punctuatedPartNumber>3920-0410</punctuatedPartNumber>
    <partStatusDescription>STANDARD</partStatusDescription>
    <partDescription>Removable Anchor Points</partDescription>
    <unitOfMeasure>2 Pack</unitOfMeasure>
    <brandName>ERICKSON</brandName>
    <supplierNumber>09093</supplierNumber>
    <specialInstructions/>
    <baseDealerPrice>11.65</baseDealerPrice>
    <yourDealerPrice>11.65</yourDealerPrice>
    <baseRetailPrice>17.95</baseRetailPrice>
    <originalRetailPrice>20.95</originalRetailPrice>
    <partImage>http://asset.lemansnet.com/z/L0IvMS83L0IxN0Q4MkFGLTk0QkYtNDYwMC1CRjlCLUI5MTI3OUNBMDVERCwvMy9CLzUvM0I1ODY2QTAtNEFBNC00NDRGLUJBOTUtOTAyMkQ3ODIwQTUz</partImage>
    <productId>0834898955</productId>
    <productName>Removable Anchor Points</productName>
    <productImage>http://asset.lemansnet.com/z/L0IvMS83L0IxN0Q4MkFGLTk0QkYtNDYwMC1CRjlCLUI5MTI3OUNBMDVERA==</productImage>
    <bullet1>Chromate finish to prevent corrosion</bullet1>
    <bullet2>Top can be removed from the base</bullet2>
    <bullet3>Large ring accepts most types of hooks</bullet3>
    <bullet4>5,000 lb. maximum load; 1,600-lb. working load rated</bullet4>
    <bullet5/>
    <bullet6/>
    <bullet7/>
    <bullet8/>
    <bullet9/>
    <bullet10/>
    <bullet11/>
    <bullet12/>
    <bullet13/>
    <bullet14/>
    <bullet15/>
    <bullet16/>
    <bullet17/>
    <bullet18/>
    <bullet19/>
    <bullet20/>
    <bullet21/>
    <bullet22/>
    <bullet23/>
    <bullet24/>
    <vendorPriceUpdateDate>2023-04-22 00:00:00</vendorPriceUpdateDate>
  </part>
  <part>
    <partNumber>39200411</partNumber>
    <punctuatedPartNumber>3920-0411</punctuatedPartNumber>
    <partStatusDescription>STANDARD</partStatusDescription>
    <partDescription>Wire Flip Anchor - 1200 LB</partDescription>
    <unitOfMeasure>2 Pack</unitOfMeasure>
    <brandName>ERICKSON</brandName>
    <supplierNumber>09108</supplierNumber>
    <specialInstructions/>
    <baseDealerPrice>3.00</baseDealerPrice>
    <yourDealerPrice>3.00</yourDealerPrice>
    <baseRetailPrice>4.95</baseRetailPrice>
    <originalRetailPrice>5.95</originalRetailPrice>
    <partImage>http://asset.lemansnet.com/z/LzUvNi80LzU2NEEzNjAxLURGRkMtNDk5NS1BMUZGLTNFRDhDMDI2M0YxOSwvRi8zLzAvRjMwMjM4MkQtREMyMy00RTdFLThEQTEtODQxMzhFMTUyMERC</partImage>
    <productId>1176399871</productId>
    <productName>Wire Flip-Style Anchor Rings</productName>
    <productImage>http://asset.lemansnet.com/z/LzUvNi80LzU2NEEzNjAxLURGRkMtNDk5NS1BMUZGLTNFRDhDMDI2M0YxOQ==</productImage>
    <bullet1>Chromate finish</bullet1>
    <bullet2>Mounting base has two 1/4" diameter holes</bullet2>
    <bullet3>Wire ring measures 1/4" in diameter</bullet3>
    <bullet4>Ring outside length is 1.75", outside width is 1.5"</bullet4>
    <bullet5>400-lb. working load rated</bullet5>
    <bullet6/>
    <bullet7/>
    <bullet8/>
    <bullet9/>
    <bullet10/>
    <bullet11/>
    <bullet12/>
    <bullet13/>
    <bullet14/>
    <bullet15/>
    <bullet16/>
    <bullet17/>
    <bullet18/>
    <bullet19/>
    <bullet20/>
    <bullet21/>
    <bullet22/>
    <bullet23/>
    <bullet24/>
    <vendorPriceUpdateDate>2023-04-22 00:00:00</vendorPriceUpdateDate>
  </part>
  <part>
    <partNumber>39200412</partNumber>
    <punctuatedPartNumber>3920-0412</punctuatedPartNumber>
    <partStatusDescription>STANDARD</partStatusDescription>
    <partDescription>Surface Mount Anchor - 1200 LB</partDescription>
    <unitOfMeasure>Each</unitOfMeasure>
    <brandName>ERICKSON</brandName>
    <supplierNumber>09110</supplierNumber>
    <specialInstructions/>
    <baseDealerPrice>3.50</baseDealerPrice>
    <yourDealerPrice>3.50</yourDealerPrice>
    <baseRetailPrice>5.95</baseRetailPrice>
    <originalRetailPrice>6.95</originalRetailPrice>
    <partImage>http://asset.lemansnet.com/z/LzIvQS9FLzJBRTI0Q0Q3LTExOEMtNDdBMC04MkUyLTU1MTdFODJCOUM0RSwvQS84LzUvQTg1NTVCODgtOTc0Ri00Q0Y5LUFFRTUtOUJEM0IyRDYzQkVB</partImage>
    <productId>1433881252</productId>
    <productName>Surface-Mount Anchor Ring</productName>
    <productImage>http://asset.lemansnet.com/z/LzIvQS9FLzJBRTI0Q0Q3LTExOEMtNDdBMC04MkUyLTU1MTdFODJCOUM0RQ==</productImage>
    <bullet1>Bright zinc-plated finish</bullet1>
    <bullet2>Anchor ring measures 1/4" wide</bullet2>
    <bullet3>Base plate has two 1/4" mounting holes</bullet3>
    <bullet4>1,200 lb. maximum load; 400-lb. working load rated</bullet4>
    <bullet5/>
    <bullet6/>
    <bullet7/>
    <bullet8/>
    <bullet9/>
    <bullet10/>
    <bullet11/>
    <bullet12/>
    <bullet13/>
    <bullet14/>
    <bullet15/>
    <bullet16/>
    <bullet17/>
    <bullet18/>
    <bullet19/>
    <bullet20/>
    <bullet21/>
    <bullet22/>
    <bullet23/>
    <bullet24/>
    <vendorPriceUpdateDate>2022-10-14 00:00:00</vendorPriceUpdateDate>
  </part>
  <part>
    <partNumber>39200413</partNumber>
    <punctuatedPartNumber>3920-0413</punctuatedPartNumber>
    <partStatusDescription>STANDARD</partStatusDescription>
    <partDescription>Flip-Style Anchor Rings - 5000 lb-Rated</partDescription>
    <unitOfMeasure>2 Pack</unitOfMeasure>
    <brandName>ERICKSON</brandName>
    <supplierNumber>09170</supplierNumber>
    <specialInstructions/>
    <baseDealerPrice>4.75</baseDealerPrice>
    <yourDealerPrice>4.75</yourDealerPrice>
    <baseRetailPrice>7.95</baseRetailPrice>
    <originalRetailPrice>7.95</originalRetailPrice>
    <partImage>http://asset.lemansnet.com/z/LzcvQy9FLzdDRURDNzc5LTlCOUItNDEyNy04OTk5LUNDNDc1MDk3OEIyNSwvRS9BLzkvRUE5QTQ4OTAtMzYzNC00MTg1LUIwNjItQTVGQUQ1QTUzMjVC</partImage>
    <productId>0598368216</productId>
    <productName>5,000 lb-Rated Flip-Style Anchor Rings</productName>
    <productImage>http://asset.lemansnet.com/z/LzcvQy9FLzdDRURDNzc5LTlCOUItNDEyNy04OTk5LUNDNDc1MDk3OEIyNQ==</productImage>
    <bullet1>Zinc-plated finish</bullet1>
    <bullet2>Ring measures 3/8" thick</bullet2>
    <bullet3>Mount plate measures 3-1/2" L and has two 3/8" mounting holes</bullet3>
    <bullet4>Overall ring length is 2-1/4"</bullet4>
    <bullet5>5,000 lb. maximum load; 1,660-lb. working load rated</bullet5>
    <bullet6/>
    <bullet7/>
    <bullet8/>
    <bullet9/>
    <bullet10/>
    <bullet11/>
    <bullet12/>
    <bullet13/>
    <bullet14/>
    <bullet15/>
    <bullet16/>
    <bullet17/>
    <bullet18/>
    <bullet19/>
    <bullet20/>
    <bullet21/>
    <bullet22/>
    <bullet23/>
    <bullet24/>
    <vendorPriceUpdateDate>2023-04-22 00:00:00</vendorPriceUpdateDate>
  </part>
  <part>
    <partNumber>39200414</partNumber>
    <punctuatedPartNumber>3920-0414</punctuatedPartNumber>
    <partStatusDescription>STANDARD</partStatusDescription>
    <partDescription>2 Slot E-Track - 4" - 6000 LB</partDescription>
    <unitOfMeasure>Each</unitOfMeasure>
    <brandName>ERICKSON</brandName>
    <supplierNumber>19145</supplierNumber>
    <specialInstructions/>
    <baseDealerPrice>2.50</baseDealerPrice>
    <yourDealerPrice>2.50</yourDealerPrice>
    <baseRetailPrice>3.95</baseRetailPrice>
    <originalRetailPrice>4.95</originalRetailPrice>
    <partImage>http://asset.lemansnet.com/z/LzMvMS83LzMxNzRFRDhGLTJFMEMtNEU1Ri1BM0I3LTU4NDA0NUUxOEEzQQ==</partImage>
    <productId>0390082779</productId>
    <productName>E-Track</productName>
    <productImage>http://asset.lemansnet.com/z/LzMvMS83LzMxNzRFRDhGLTJFMEMtNEU1Ri1BM0I3LTU4NDA0NUUxOEEzQQ==</productImage>
    <bullet1>Zinc-plated finish</bullet1>
    <bullet2>Anchor holes are 1/4" on 2" centers</bullet2>
    <bullet3>All are 6,000 lb. maximum load rated</bullet3>
    <bullet4/>
    <bullet5/>
    <bullet6/>
    <bullet7/>
    <bullet8/>
    <bullet9/>
    <bullet10/>
    <bullet11/>
    <bullet12/>
    <bullet13/>
    <bullet14/>
    <bullet15/>
    <bullet16/>
    <bullet17/>
    <bullet18/>
    <bullet19/>
    <bullet20/>
    <bullet21/>
    <bullet22/>
    <bullet23/>
    <bullet24/>
    <vendorPriceUpdateDate>2022-10-14 00:00:00</vendorPriceUpdateDate>
  </part>
  <part>
    <partNumber>39200415</partNumber>
    <punctuatedPartNumber>3920-0415</punctuatedPartNumber>
    <partStatusDescription>STANDARD</partStatusDescription>
    <partDescription>Vertical E-Track - 4' - 6000 LB</partDescription>
    <unitOfMeasure>Each</unitOfMeasure>
    <brandName>ERICKSON</brandName>
    <supplierNumber>19146</supplierNumber>
    <specialInstructions/>
    <baseDealerPrice>13.00</baseDealerPrice>
    <yourDealerPrice>13.00</yourDealerPrice>
    <baseRetailPrice>19.95</baseRetailPrice>
    <originalRetailPrice>21.95</originalRetailPrice>
    <partImage>http://asset.lemansnet.com/z/LzEvMC83LzEwN0Q4M0YzLTg0QTktNDk2My1BREQxLTExNjZEODkwNjE3RQ==</partImage>
    <productId>0390082779</productId>
    <productName>E-Track</productName>
    <productImage>http://asset.lemansnet.com/z/LzMvMS83LzMxNzRFRDhGLTJFMEMtNEU1Ri1BM0I3LTU4NDA0NUUxOEEzQQ==</productImage>
    <bullet1>Zinc-plated finish</bullet1>
    <bullet2>Anchor holes are 1/4" on 2" centers</bullet2>
    <bullet3>All are 6,000 lb. maximum load rated</bullet3>
    <bullet4/>
    <bullet5/>
    <bullet6/>
    <bullet7/>
    <bullet8/>
    <bullet9/>
    <bullet10/>
    <bullet11/>
    <bullet12/>
    <bullet13/>
    <bullet14/>
    <bullet15/>
    <bullet16/>
    <bullet17/>
    <bullet18/>
    <bullet19/>
    <bullet20/>
    <bullet21/>
    <bullet22/>
    <bullet23/>
    <bullet24/>
    <vendorPriceUpdateDate>2022-10-14 00:00:00</vendorPriceUpdateDate>
  </part>
  <part>
    <partNumber>39200416</partNumber>
    <punctuatedPartNumber>3920-0416</punctuatedPartNumber>
    <partStatusDescription>STANDARD</partStatusDescription>
    <partDescription>1 Slot E-Track - 4' - 6000 LB</partDescription>
    <unitOfMeasure>Each</unitOfMeasure>
    <brandName>ERICKSON</brandName>
    <supplierNumber>19147</supplierNumber>
    <specialInstructions/>
    <baseDealerPrice>15.50</baseDealerPrice>
    <yourDealerPrice>15.50</yourDealerPrice>
    <baseRetailPrice>23.95</baseRetailPrice>
    <originalRetailPrice>28.95</originalRetailPrice>
    <partImage>http://asset.lemansnet.com/z/L0UvQi8zL0VCMzk3OTQ4LURDREQtNDU3Mi1BRTI4LTI5MDhFRDVFMzVENA==</partImage>
    <productId>0390082779</productId>
    <productName>E-Track</productName>
    <productImage>http://asset.lemansnet.com/z/LzMvMS83LzMxNzRFRDhGLTJFMEMtNEU1Ri1BM0I3LTU4NDA0NUUxOEEzQQ==</productImage>
    <bullet1>Zinc-plated finish</bullet1>
    <bullet2>Anchor holes are 1/4" on 2" centers</bullet2>
    <bullet3>All are 6,000 lb. maximum load rated</bullet3>
    <bullet4/>
    <bullet5/>
    <bullet6/>
    <bullet7/>
    <bullet8/>
    <bullet9/>
    <bullet10/>
    <bullet11/>
    <bullet12/>
    <bullet13/>
    <bullet14/>
    <bullet15/>
    <bullet16/>
    <bullet17/>
    <bullet18/>
    <bullet19/>
    <bullet20/>
    <bullet21/>
    <bullet22/>
    <bullet23/>
    <bullet24/>
    <vendorPriceUpdateDate>2022-10-14 00:00:00</vendorPriceUpdateDate>
  </part>
  <part>
    <partNumber>39200417</partNumber>
    <punctuatedPartNumber>3920-0417</punctuatedPartNumber>
    <partStatusDescription>STANDARD</partStatusDescription>
    <partDescription>Ratchet Tie-Down - 1.25" x 12' - Gray</partDescription>
    <unitOfMeasure>2 Pack</unitOfMeasure>
    <brandName>ERICKSON</brandName>
    <supplierNumber>31353</supplierNumber>
    <specialInstructions/>
    <baseDealerPrice>19.20</baseDealerPrice>
    <yourDealerPrice>19.20</yourDealerPrice>
    <baseRetailPrice>29.95</baseRetailPrice>
    <originalRetailPrice>31.95</originalRetailPrice>
    <partImage>http://asset.lemansnet.com/z/LzgvMy9GLzgzRkNCNEE4LTUxQTYtNDE2Mi1CMDkwLTc2OTE0QTFFMDM3QywvQi84LzEvQjgxMDhFRkYtRDAyRC00NUI4LThBMzEtN0NBN0JFM0U4MkU0</partImage>
    <productId>1158237798</productId>
    <productName>Ratchet Tie-downs with Web Clamps and Safety Hooks</productName>
    <productImage>http://asset.lemansnet.com/z/LzgvMy9GLzgzRkNCNEE4LTUxQTYtNDE2Mi1CMDkwLTc2OTE0QTFFMDM3Qw==</productImage>
    <bullet1>Silver polyester webbing</bullet1>
    <bullet2>Clamp restrains excess webbing by working like a mouse trap</bullet2>
    <bullet3>Heavy duty vinyl-coated "S" hooks with safety clips</bullet3>
    <bullet4>Hooks will fit up to 1" diameter tubing</bullet4>
    <bullet5>2,000 lb. maximum load; 660-lb. working load rated</bullet5>
    <bullet6/>
    <bullet7/>
    <bullet8/>
    <bullet9/>
    <bullet10/>
    <bullet11/>
    <bullet12/>
    <bullet13/>
    <bullet14/>
    <bullet15/>
    <bullet16/>
    <bullet17/>
    <bullet18/>
    <bullet19/>
    <bullet20/>
    <bullet21/>
    <bullet22/>
    <bullet23/>
    <bullet24/>
    <vendorPriceUpdateDate>2023-04-22 00:00:00</vendorPriceUpdateDate>
  </part>
  <part>
    <partNumber>39200418</partNumber>
    <punctuatedPartNumber>3920-0418</punctuatedPartNumber>
    <partStatusDescription>STANDARD</partStatusDescription>
    <partDescription>Cam-Lock Tie-Downs - 2" x 8'</partDescription>
    <unitOfMeasure>2 Pack</unitOfMeasure>
    <brandName>ERICKSON</brandName>
    <supplierNumber>34409</supplierNumber>
    <specialInstructions>MAY BE YELLOW OR ORANGE 02NAB</specialInstructions>
    <baseDealerPrice>15.50</baseDealerPrice>
    <yourDealerPrice>15.50</yourDealerPrice>
    <baseRetailPrice>23.95</baseRetailPrice>
    <originalRetailPrice>28.95</originalRetailPrice>
    <partImage>http://asset.lemansnet.com/z/L0YvRS83L0ZFN0VGN0FBLUVGQ0QtNDBBMy05Njg0LTQ1N0Q5QzY1MTA0RiwvOC9DL0EvOENBQ0ExRkEtMEVDQi00M0JGLUI2NzktMzM0QjdDNDhGNTM1</partImage>
    <productId>1831786690</productId>
    <productName>2" X 8' Cam-Lock Tie-Downs</productName>
    <productImage>http://asset.lemansnet.com/z/L0YvRS83L0ZFN0VGN0FBLUVGQ0QtNDBBMy05Njg0LTQ1N0Q5QzY1MTA0Rg==</productImage>
    <bullet1>Yellow polyester webbing</bullet1>
    <bullet2>Deluxe heavy-duty cam buckle straps</bullet2>
    <bullet3>Vinyl-coated "S" hooks</bullet3>
    <bullet4>2,200 lb. maximum load; 730-lb. working load rated</bullet4>
    <bullet5>Color may vary between yellow/orange.</bullet5>
    <bullet6/>
    <bullet7/>
    <bullet8/>
    <bullet9/>
    <bullet10/>
    <bullet11/>
    <bullet12/>
    <bullet13/>
    <bullet14/>
    <bullet15/>
    <bullet16/>
    <bullet17/>
    <bullet18/>
    <bullet19/>
    <bullet20/>
    <bullet21/>
    <bullet22/>
    <bullet23/>
    <bullet24/>
    <vendorPriceUpdateDate>2023-04-22 00:00:00</vendorPriceUpdateDate>
  </part>
  <part>
    <partNumber>39200419</partNumber>
    <punctuatedPartNumber>3920-0419</punctuatedPartNumber>
    <partStatusDescription>STANDARD</partStatusDescription>
    <partDescription>Retractable Ratchet Tie-Downs - 6' - Black</partDescription>
    <unitOfMeasure>2 Pack</unitOfMeasure>
    <brandName>ERICKSON</brandName>
    <supplierNumber>34413</supplierNumber>
    <specialInstructions/>
    <baseDealerPrice>19.20</baseDealerPrice>
    <yourDealerPrice>19.20</yourDealerPrice>
    <baseRetailPrice>29.95</baseRetailPrice>
    <originalRetailPrice>29.95</originalRetailPrice>
    <partImage>http://asset.lemansnet.com/z/L0IvMS9BL0IxQTdGMjM0LTc0MUQtNDgzRC1CQUFFLUNERjYwMTEzQkM1NywvOS9BLzQvOUE0MTczNjEtOEJBOS00Q0I5LTg2NzUtREM0OERDOUFCNDgz</partImage>
    <productId>0914007615</productId>
    <productName>Retractable Ratcheting Tie-Downs</productName>
    <productImage>http://asset.lemansnet.com/z/L0IvMS9BL0IxQTdGMjM0LTc0MUQtNDgzRC1CQUFFLUNERjYwMTEzQkM1Nw==</productImage>
    <bullet1>Strong 1" wide black polyester webbing</bullet1>
    <bullet2>Ratchet to tighten the strap</bullet2>
    <bullet3>Push-button release mechanism for ease of use</bullet3>
    <bullet4>All excess webbing stores in the housing</bullet4>
    <bullet5>Vinyl-coated steel "S" hooks</bullet5>
    <bullet6/>
    <bullet7/>
    <bullet8/>
    <bullet9/>
    <bullet10/>
    <bullet11/>
    <bullet12/>
    <bullet13/>
    <bullet14/>
    <bullet15/>
    <bullet16/>
    <bullet17/>
    <bullet18/>
    <bullet19/>
    <bullet20/>
    <bullet21/>
    <bullet22/>
    <bullet23/>
    <bullet24/>
    <vendorPriceUpdateDate>2023-04-22 00:00:00</vendorPriceUpdateDate>
  </part>
  <part>
    <partNumber>39200420</partNumber>
    <punctuatedPartNumber>3920-0420</punctuatedPartNumber>
    <partStatusDescription>STANDARD</partStatusDescription>
    <partDescription>Retractable Ratchet Tie-Downs - 10' - Black</partDescription>
    <unitOfMeasure>2 Pack</unitOfMeasure>
    <brandName>ERICKSON</brandName>
    <supplierNumber>34415</supplierNumber>
    <specialInstructions/>
    <baseDealerPrice>21.40</baseDealerPrice>
    <yourDealerPrice>21.40</yourDealerPrice>
    <baseRetailPrice>32.95</baseRetailPrice>
    <originalRetailPrice>34.95</originalRetailPrice>
    <partImage>http://asset.lemansnet.com/z/LzgvQi9CLzhCQkZCQTFCLTBDRTQtNDBBMy04QTI5LTIxMDYzRkFEN0IxRSwvQS8xLzIvQTEyNzU5OEQtMjEyMi00NENGLTlBNzUtNDE3MTVGODU3MDUy</partImage>
    <productId>0914007615</productId>
    <productName>Retractable Ratcheting Tie-Downs</productName>
    <productImage>http://asset.lemansnet.com/z/L0IvMS9BL0IxQTdGMjM0LTc0MUQtNDgzRC1CQUFFLUNERjYwMTEzQkM1Nw==</productImage>
    <bullet1>Strong 1" wide black polyester webbing</bullet1>
    <bullet2>Ratchet to tighten the strap</bullet2>
    <bullet3>Push-button release mechanism for ease of use</bullet3>
    <bullet4>All excess webbing stores in the housing</bullet4>
    <bullet5>Vinyl-coated steel "S" hooks</bullet5>
    <bullet6/>
    <bullet7/>
    <bullet8/>
    <bullet9/>
    <bullet10/>
    <bullet11/>
    <bullet12/>
    <bullet13/>
    <bullet14/>
    <bullet15/>
    <bullet16/>
    <bullet17/>
    <bullet18/>
    <bullet19/>
    <bullet20/>
    <bullet21/>
    <bullet22/>
    <bullet23/>
    <bullet24/>
    <vendorPriceUpdateDate>2023-04-22 00:00:00</vendorPriceUpdateDate>
  </part>
  <part>
    <partNumber>39200421</partNumber>
    <punctuatedPartNumber>3920-0421</punctuatedPartNumber>
    <partStatusDescription>STANDARD</partStatusDescription>
    <partDescription>E-Track Tie Off Ring</partDescription>
    <unitOfMeasure>Each</unitOfMeasure>
    <brandName>ERICKSON</brandName>
    <supplierNumber>59147</supplierNumber>
    <specialInstructions/>
    <baseDealerPrice>5.80</baseDealerPrice>
    <yourDealerPrice>5.80</yourDealerPrice>
    <baseRetailPrice>8.95</baseRetailPrice>
    <originalRetailPrice>11.95</originalRetailPrice>
    <partImage>http://asset.lemansnet.com/z/L0UvQi8zL0VCMzY4RjZELTg1QTgtNDNGNy1BOEQ3LUFGNjFGRDcxOUFDOA==</partImage>
    <productId>1901843924</productId>
    <productName>E-Track Tie-Off Ring</productName>
    <productImage>http://asset.lemansnet.com/z/L0UvQi8zL0VCMzY4RjZELTg1QTgtNDNGNy1BOEQ3LUFGNjFGRDcxOUFDOA==</productImage>
    <bullet1>Zinc-plated finish</bullet1>
    <bullet2>Finger tab release</bullet2>
    <bullet3>Accepts almost any "S" hook strap end</bullet3>
    <bullet4>6,000 lb. maximum load rated</bullet4>
    <bullet5/>
    <bullet6/>
    <bullet7/>
    <bullet8/>
    <bullet9/>
    <bullet10/>
    <bullet11/>
    <bullet12/>
    <bullet13/>
    <bullet14/>
    <bullet15/>
    <bullet16/>
    <bullet17/>
    <bullet18/>
    <bullet19/>
    <bullet20/>
    <bullet21/>
    <bullet22/>
    <bullet23/>
    <bullet24/>
    <vendorPriceUpdateDate>2022-10-14 00:00:00</vendorPriceUpdateDate>
  </part>
  <part>
    <partNumber>39200432</partNumber>
    <punctuatedPartNumber>3920-0432</punctuatedPartNumber>
    <partStatusDescription>STANDARD</partStatusDescription>
    <partDescription>Cargo Net - Black - 28" x 28"</partDescription>
    <unitOfMeasure>Each</unitOfMeasure>
    <brandName>ERICKSON</brandName>
    <supplierNumber>01014</supplierNumber>
    <specialInstructions/>
    <baseDealerPrice>8.40</baseDealerPrice>
    <yourDealerPrice>8.40</yourDealerPrice>
    <baseRetailPrice>12.95</baseRetailPrice>
    <originalRetailPrice>13.95</originalRetailPrice>
    <partImage>http://asset.lemansnet.com/z/LzUvRi82LzVGNjYxNjAwLTY4ODMtNEI4RC04N0Q4LTU3OEFGRENGRTMzNw==</partImage>
    <productId>0701863479</productId>
    <productName>Cargo Nets</productName>
    <productImage>http://asset.lemansnet.com/z/LzIvOS8xLzI5MTFBNkJDLTYxMTktNDYwNy1CMDIwLUY5QzUwNTg0MkRDMA==</productImage>
    <bullet1>Varied sized cargo nets for simple item securing.</bullet1>
    <bullet2/>
    <bullet3/>
    <bullet4/>
    <bullet5/>
    <bullet6/>
    <bullet7/>
    <bullet8/>
    <bullet9/>
    <bullet10/>
    <bullet11/>
    <bullet12/>
    <bullet13/>
    <bullet14/>
    <bullet15/>
    <bullet16/>
    <bullet17/>
    <bullet18/>
    <bullet19/>
    <bullet20/>
    <bullet21/>
    <bullet22/>
    <bullet23/>
    <bullet24/>
    <vendorPriceUpdateDate>2022-10-14 00:00:00</vendorPriceUpdateDate>
  </part>
  <part>
    <partNumber>39300012</partNumber>
    <punctuatedPartNumber>3930-0012</punctuatedPartNumber>
    <partStatusDescription>STANDARD</partStatusDescription>
    <partDescription>Motorcycle Carrier Receiver</partDescription>
    <unitOfMeasure>Each</unitOfMeasure>
    <brandName>ERICKSON</brandName>
    <supplierNumber>07508</supplierNumber>
    <specialInstructions/>
    <baseDealerPrice>162.00</baseDealerPrice>
    <yourDealerPrice>162.00</yourDealerPrice>
    <baseRetailPrice>249.95</baseRetailPrice>
    <originalRetailPrice>219.95</originalRetailPrice>
    <partImage>http://asset.lemansnet.com/z/L0UvMC8yL0UwMjAxMzMwLTFGMUEtNDlEQy05MDk5LUQ2NjcxNDZBNTk3MCwvQi85LzgvQjk4MTg1QTItNzRFQS00MDhBLUI0NkQtRjQzOTkxODY3MTgy</partImage>
    <productId>0714060306</productId>
    <productName>Motorcycle Carrier</productName>
    <productImage>http://asset.lemansnet.com/z/L0IvOS84L0I5ODE4NUEyLTc0RUEtNDA4QS1CNDZELUY0Mzk5MTg2NzE4Mg==</productImage>
    <bullet1>Trailer hitch mounted motorcycle carrier</bullet1>
    <bullet2>Rated up to 500 lbs</bullet2>
    <bullet3>Motorcycle carrier measures 75-1/2" L x 5" W</bullet3>
    <bullet4>Motorcycles can be loaded or unloaded from either side</bullet4>
    <bullet5>Easily adjusts to fit multiple wheel sizes</bullet5>
    <bullet6>Assembly required</bullet6>
    <bullet7/>
    <bullet8/>
    <bullet9/>
    <bullet10/>
    <bullet11/>
    <bullet12/>
    <bullet13/>
    <bullet14/>
    <bullet15/>
    <bullet16/>
    <bullet17/>
    <bullet18/>
    <bullet19/>
    <bullet20/>
    <bullet21/>
    <bullet22/>
    <bullet23/>
    <bullet24/>
    <vendorPriceUpdateDate>2022-10-14 00:00:00</vendorPriceUpdateDate>
  </part>
  <part>
    <partNumber>39100096</partNumber>
    <punctuatedPartNumber>3910-0096</punctuatedPartNumber>
    <partStatusDescription>STANDARD</partStatusDescription>
    <partDescription>Ramp Kit</partDescription>
    <unitOfMeasure>Pair</unitOfMeasure>
    <brandName>ERICKSON</brandName>
    <supplierNumber>07400</supplierNumber>
    <specialInstructions/>
    <baseDealerPrice>40.80</baseDealerPrice>
    <yourDealerPrice>40.80</yourDealerPrice>
    <baseRetailPrice>59.95</baseRetailPrice>
    <originalRetailPrice>59.95</originalRetailPrice>
    <partImage>http://asset.lemansnet.com/z/LzQvNC8xLzQ0MUFBQ0VBLTZFNkYtNEExRC04MjI0LUU0RTU5MDY1QTM4QQ==</partImage>
    <productId>0409118233</productId>
    <productName>Ramp Kit</productName>
    <productImage>http://asset.lemansnet.com/z/LzQvNC8xLzQ0MUFBQ0VBLTZFNkYtNEExRC04MjI0LUU0RTU5MDY1QTM4QQ==</productImage>
    <bullet1>Converts boards into a 750-lb. capacity loading ramp kit</bullet1>
    <bullet2>Attaches to 2" x 8" wood planks (planks not included)</bullet2>
    <bullet3>Includes two ramp plates (7-1/2" W x 8-1/2" L), carriage bolts, nuts and washers</bullet3>
    <bullet4/>
    <bullet5/>
    <bullet6/>
    <bullet7/>
    <bullet8/>
    <bullet9/>
    <bullet10/>
    <bullet11/>
    <bullet12/>
    <bullet13/>
    <bullet14/>
    <bullet15/>
    <bullet16/>
    <bullet17/>
    <bullet18/>
    <bullet19/>
    <bullet20/>
    <bullet21/>
    <bullet22/>
    <bullet23/>
    <bullet24/>
    <vendorPriceUpdateDate>2023-04-22 00:00:00</vendorPriceUpdateDate>
  </part>
  <part>
    <partNumber>39200433</partNumber>
    <punctuatedPartNumber>3920-0433</punctuatedPartNumber>
    <partStatusDescription>STANDARD</partStatusDescription>
    <partDescription>Cargo Net - Black - 15" x 30"</partDescription>
    <unitOfMeasure>Each</unitOfMeasure>
    <brandName>ERICKSON</brandName>
    <supplierNumber>01016</supplierNumber>
    <specialInstructions/>
    <baseDealerPrice>6.45</baseDealerPrice>
    <yourDealerPrice>6.45</yourDealerPrice>
    <baseRetailPrice>9.95</baseRetailPrice>
    <originalRetailPrice>10.95</originalRetailPrice>
    <partImage>http://asset.lemansnet.com/z/LzIvOS8xLzI5MTFBNkJDLTYxMTktNDYwNy1CMDIwLUY5QzUwNTg0MkRDMA==</partImage>
    <productId>0701863479</productId>
    <productName>Cargo Nets</productName>
    <productImage>http://asset.lemansnet.com/z/LzIvOS8xLzI5MTFBNkJDLTYxMTktNDYwNy1CMDIwLUY5QzUwNTg0MkRDMA==</productImage>
    <bullet1>Varied sized cargo nets for simple item securing.</bullet1>
    <bullet2/>
    <bullet3/>
    <bullet4/>
    <bullet5/>
    <bullet6/>
    <bullet7/>
    <bullet8/>
    <bullet9/>
    <bullet10/>
    <bullet11/>
    <bullet12/>
    <bullet13/>
    <bullet14/>
    <bullet15/>
    <bullet16/>
    <bullet17/>
    <bullet18/>
    <bullet19/>
    <bullet20/>
    <bullet21/>
    <bullet22/>
    <bullet23/>
    <bullet24/>
    <vendorPriceUpdateDate>2022-10-14 00:00:00</vendorPriceUpdateDate>
  </part>
</root>
