<root>
  <part>
    <partNumber>21030069</partNumber>
    <punctuatedPartNumber>2103-0069</punctuatedPartNumber>
    <partStatusDescription>STANDARD</partStatusDescription>
    <partDescription>Spark Plug - #4162</partDescription>
    <unitOfMeasure>Each</unitOfMeasure>
    <brandName>AUTOLITE</brandName>
    <supplierNumber>4162</supplierNumber>
    <specialInstructions/>
    <baseDealerPrice>4.40</baseDealerPrice>
    <yourDealerPrice>4.40</yourDealerPrice>
    <baseRetailPrice>7.70</baseRetailPrice>
    <originalRetailPrice>5.95</originalRetailPrice>
    <partImage>http://asset.lemansnet.com/z/LzYvNi85LzY2OTVDMDJDLUU5NzQtNDU4Qi1CQUVDLTg0RTI1RTAwMzJFRiwvOC9BLzIvOEEyREU3OTctMUE4RS00QTNFLUI0RTYtNEZFQjk1QUIyMDJD</partImage>
    <productId>2127348082</productId>
    <productName>Spark Plug</productName>
    <productImage>http://asset.lemansnet.com/z/LzEvQi8zLzFCMzZGMzFCLUU3QTMtNDU5Ri1CNkEyLTkyRTNDOTVFNEIxMw==</productImage>
    <bullet1>Designed for a sharper, leaner spark with tapered nickel/chrome alloy tip and copper center electrode</bullet1>
    <bullet2>Made in the USA</bullet2>
    <bullet3/>
    <bullet4/>
    <bullet5/>
    <bullet6/>
    <bullet7/>
    <bullet8/>
    <bullet9/>
    <bullet10/>
    <bullet11/>
    <bullet12/>
    <bullet13/>
    <bullet14/>
    <bullet15/>
    <bullet16/>
    <bullet17/>
    <bullet18/>
    <bullet19/>
    <bullet20/>
    <bullet21/>
    <bullet22/>
    <bullet23/>
    <bullet24/>
    <vendorPriceUpdateDate>2022-08-09 00:00:00</vendorPriceUpdateDate>
  </part>
  <part>
    <partNumber>21030113</partNumber>
    <punctuatedPartNumber>2103-0113</punctuatedPartNumber>
    <partStatusDescription>STANDARD</partStatusDescription>
    <partDescription>Spark Plug - #4063</partDescription>
    <unitOfMeasure>Each</unitOfMeasure>
    <brandName>AUTOLITE</brandName>
    <supplierNumber>4063</supplierNumber>
    <specialInstructions/>
    <baseDealerPrice>4.40</baseDealerPrice>
    <yourDealerPrice>4.40</yourDealerPrice>
    <baseRetailPrice>7.70</baseRetailPrice>
    <originalRetailPrice>5.95</originalRetailPrice>
    <partImage>http://asset.lemansnet.com/z/L0UvQy8wL0VDMDZEQ0RCLTdCODgtNDZERC1BQzE0LTUxQ0FFODY0NTg5QSwvRi83L0QvRjdEQ0JBOTItNkJFQi00RkIzLUI2NjAtNjI2RTQzN0NBRUMz</partImage>
    <productId>2127348082</productId>
    <productName>Spark Plug</productName>
    <productImage>http://asset.lemansnet.com/z/LzEvQi8zLzFCMzZGMzFCLUU3QTMtNDU5Ri1CNkEyLTkyRTNDOTVFNEIxMw==</productImage>
    <bullet1>Designed for a sharper, leaner spark with tapered nickel/chrome alloy tip and copper center electrode</bullet1>
    <bullet2>Made in the USA</bullet2>
    <bullet3/>
    <bullet4/>
    <bullet5/>
    <bullet6/>
    <bullet7/>
    <bullet8/>
    <bullet9/>
    <bullet10/>
    <bullet11/>
    <bullet12/>
    <bullet13/>
    <bullet14/>
    <bullet15/>
    <bullet16/>
    <bullet17/>
    <bullet18/>
    <bullet19/>
    <bullet20/>
    <bullet21/>
    <bullet22/>
    <bullet23/>
    <bullet24/>
    <vendorPriceUpdateDate>2022-08-09 00:00:00</vendorPriceUpdateDate>
  </part>
  <part>
    <partNumber>21030118</partNumber>
    <punctuatedPartNumber>2103-0118</punctuatedPartNumber>
    <partStatusDescription>STANDARD</partStatusDescription>
    <partDescription>Spark Plug - #4302</partDescription>
    <unitOfMeasure>Each</unitOfMeasure>
    <brandName>AUTOLITE</brandName>
    <supplierNumber>4302</supplierNumber>
    <specialInstructions/>
    <baseDealerPrice>4.40</baseDealerPrice>
    <yourDealerPrice>4.40</yourDealerPrice>
    <baseRetailPrice>7.70</baseRetailPrice>
    <originalRetailPrice>5.95</originalRetailPrice>
    <partImage>http://asset.lemansnet.com/z/LzcvQi80LzdCNDZBMEM0LTI4QzMtNDY0RS1CMEYxLTk0M0Q3NjQ5RjQxNw==</partImage>
    <productId>2127348082</productId>
    <productName>Spark Plug</productName>
    <productImage>http://asset.lemansnet.com/z/LzEvQi8zLzFCMzZGMzFCLUU3QTMtNDU5Ri1CNkEyLTkyRTNDOTVFNEIxMw==</productImage>
    <bullet1>Designed for a sharper, leaner spark with tapered nickel/chrome alloy tip and copper center electrode</bullet1>
    <bullet2>Made in the USA</bullet2>
    <bullet3/>
    <bullet4/>
    <bullet5/>
    <bullet6/>
    <bullet7/>
    <bullet8/>
    <bullet9/>
    <bullet10/>
    <bullet11/>
    <bullet12/>
    <bullet13/>
    <bullet14/>
    <bullet15/>
    <bullet16/>
    <bullet17/>
    <bullet18/>
    <bullet19/>
    <bullet20/>
    <bullet21/>
    <bullet22/>
    <bullet23/>
    <bullet24/>
    <vendorPriceUpdateDate>2022-08-09 00:00:00</vendorPriceUpdateDate>
  </part>
  <part>
    <partNumber>21030119</partNumber>
    <punctuatedPartNumber>2103-0119</punctuatedPartNumber>
    <partStatusDescription>STANDARD</partStatusDescription>
    <partDescription>Spark Plug - #4303</partDescription>
    <unitOfMeasure>Each</unitOfMeasure>
    <brandName>AUTOLITE</brandName>
    <supplierNumber>4303</supplierNumber>
    <specialInstructions/>
    <baseDealerPrice>4.40</baseDealerPrice>
    <yourDealerPrice>4.40</yourDealerPrice>
    <baseRetailPrice>7.70</baseRetailPrice>
    <originalRetailPrice>5.95</originalRetailPrice>
    <partImage>http://asset.lemansnet.com/z/LzgvNC9FLzg0RTU2N0UwLTI2MDQtNDAzMy05Rjg1LTFERkIzRkMxRDk2RiwvOC9ELzIvOEQyQTc0REEtRTU2QS00NjM2LTg4NzYtRDhCNzk3Rjk5MEJF</partImage>
    <productId>2127348082</productId>
    <productName>Spark Plug</productName>
    <productImage>http://asset.lemansnet.com/z/LzEvQi8zLzFCMzZGMzFCLUU3QTMtNDU5Ri1CNkEyLTkyRTNDOTVFNEIxMw==</productImage>
    <bullet1>Designed for a sharper, leaner spark with tapered nickel/chrome alloy tip and copper center electrode</bullet1>
    <bullet2>Made in the USA</bullet2>
    <bullet3/>
    <bullet4/>
    <bullet5/>
    <bullet6/>
    <bullet7/>
    <bullet8/>
    <bullet9/>
    <bullet10/>
    <bullet11/>
    <bullet12/>
    <bullet13/>
    <bullet14/>
    <bullet15/>
    <bullet16/>
    <bullet17/>
    <bullet18/>
    <bullet19/>
    <bullet20/>
    <bullet21/>
    <bullet22/>
    <bullet23/>
    <bullet24/>
    <vendorPriceUpdateDate>2022-08-09 00:00:00</vendorPriceUpdateDate>
  </part>
  <part>
    <partNumber>21030122</partNumber>
    <punctuatedPartNumber>2103-0122</punctuatedPartNumber>
    <partStatusDescription>STANDARD</partStatusDescription>
    <partDescription>Spark Plug - #3922</partDescription>
    <unitOfMeasure>Each</unitOfMeasure>
    <brandName>AUTOLITE</brandName>
    <supplierNumber>3922</supplierNumber>
    <specialInstructions/>
    <baseDealerPrice>3.70</baseDealerPrice>
    <yourDealerPrice>3.70</yourDealerPrice>
    <baseRetailPrice>6.88</baseRetailPrice>
    <originalRetailPrice>5.95</originalRetailPrice>
    <partImage>http://asset.lemansnet.com/z/LzEvOC83LzE4NzZGRDFELUIxNTctNDYxNi1CRUE4LTVDRDA0MDJEMzc0QywvMS81LzcvMTU3NEREODAtOEIzQi00QTE5LUI1MzYtQjNCMzFFRUMyRDg3</partImage>
    <productId>2127348082</productId>
    <productName>Spark Plug</productName>
    <productImage>http://asset.lemansnet.com/z/LzEvQi8zLzFCMzZGMzFCLUU3QTMtNDU5Ri1CNkEyLTkyRTNDOTVFNEIxMw==</productImage>
    <bullet1>Designed for a sharper, leaner spark with tapered nickel/chrome alloy tip and copper center electrode</bullet1>
    <bullet2>Made in the USA</bullet2>
    <bullet3/>
    <bullet4/>
    <bullet5/>
    <bullet6/>
    <bullet7/>
    <bullet8/>
    <bullet9/>
    <bullet10/>
    <bullet11/>
    <bullet12/>
    <bullet13/>
    <bullet14/>
    <bullet15/>
    <bullet16/>
    <bullet17/>
    <bullet18/>
    <bullet19/>
    <bullet20/>
    <bullet21/>
    <bullet22/>
    <bullet23/>
    <bullet24/>
    <vendorPriceUpdateDate>2022-08-09 00:00:00</vendorPriceUpdateDate>
  </part>
  <part>
    <partNumber>21030414</partNumber>
    <punctuatedPartNumber>2103-0414</punctuatedPartNumber>
    <partStatusDescription>STANDARD</partStatusDescription>
    <partDescription>Spark Plug - XS3923</partDescription>
    <unitOfMeasure>Each</unitOfMeasure>
    <brandName>AUTOLITE</brandName>
    <supplierNumber>XS3923</supplierNumber>
    <specialInstructions/>
    <baseDealerPrice>8.30</baseDealerPrice>
    <yourDealerPrice>8.30</yourDealerPrice>
    <baseRetailPrice>14.33</baseRetailPrice>
    <originalRetailPrice>12.95</originalRetailPrice>
    <partImage>http://asset.lemansnet.com/z/LzQvRS83LzRFN0NGQ0MwLUEyMzktNDQxOC1BRjlDLTI5QURBNkU5RDc0NiwvQi9BLzMvQkEzOTNGQUQtNDhCNS00MjhGLUFFMEYtQkVEQkY1NUNBNkI3</partImage>
    <productId>0991823109</productId>
    <productName>Xtreme Sport Spark Plug</productName>
    <productImage>http://asset.lemansnet.com/z/LzkvRC81LzlENUZEMzQ0LUFBRjgtNDQ5Ni05MzcyLTE5MzYwNUE0RkQxNw==</productImage>
    <bullet1>More focused ignition to prevent fouling than leading standard plug</bullet1>
    <bullet2>.6mm finewire design with Sport V-trim ground electrode engineered to offer improved ignitability and durability over a standard plug</bullet2>
    <bullet3>Up to 26% quicker starts than leading standard plug</bullet3>
    <bullet4>More horsepower and better fuel efficiency than standard plug</bullet4>
    <bullet5>Meets or exceeds OEM design</bullet5>
    <bullet6/>
    <bullet7/>
    <bullet8/>
    <bullet9/>
    <bullet10/>
    <bullet11/>
    <bullet12/>
    <bullet13/>
    <bullet14/>
    <bullet15/>
    <bullet16/>
    <bullet17/>
    <bullet18/>
    <bullet19/>
    <bullet20/>
    <bullet21/>
    <bullet22/>
    <bullet23/>
    <bullet24/>
    <vendorPriceUpdateDate>2022-08-09 00:00:00</vendorPriceUpdateDate>
  </part>
  <part>
    <partNumber>21030417</partNumber>
    <punctuatedPartNumber>2103-0417</punctuatedPartNumber>
    <partStatusDescription>STANDARD</partStatusDescription>
    <partDescription>Spark Plug - XS4163</partDescription>
    <unitOfMeasure>Each</unitOfMeasure>
    <brandName>AUTOLITE</brandName>
    <supplierNumber>XS4163</supplierNumber>
    <specialInstructions/>
    <baseDealerPrice>8.30</baseDealerPrice>
    <yourDealerPrice>8.30</yourDealerPrice>
    <baseRetailPrice>14.33</baseRetailPrice>
    <originalRetailPrice>12.95</originalRetailPrice>
    <partImage>http://asset.lemansnet.com/z/LzkvRC81LzlENUZEMzQ0LUFBRjgtNDQ5Ni05MzcyLTE5MzYwNUE0RkQxNywvRC8yLzMvRDIzRjFFRUQtQTY3My00MDIyLTlFNDYtOUVDQjRFOTBCQkM4</partImage>
    <productId>0991823109</productId>
    <productName>Xtreme Sport Spark Plug</productName>
    <productImage>http://asset.lemansnet.com/z/LzkvRC81LzlENUZEMzQ0LUFBRjgtNDQ5Ni05MzcyLTE5MzYwNUE0RkQxNw==</productImage>
    <bullet1>More focused ignition to prevent fouling than leading standard plug</bullet1>
    <bullet2>.6mm finewire design with Sport V-trim ground electrode engineered to offer improved ignitability and durability over a standard plug</bullet2>
    <bullet3>Up to 26% quicker starts than leading standard plug</bullet3>
    <bullet4>More horsepower and better fuel efficiency than standard plug</bullet4>
    <bullet5>Meets or exceeds OEM design</bullet5>
    <bullet6/>
    <bullet7/>
    <bullet8/>
    <bullet9/>
    <bullet10/>
    <bullet11/>
    <bullet12/>
    <bullet13/>
    <bullet14/>
    <bullet15/>
    <bullet16/>
    <bullet17/>
    <bullet18/>
    <bullet19/>
    <bullet20/>
    <bullet21/>
    <bullet22/>
    <bullet23/>
    <bullet24/>
    <vendorPriceUpdateDate>2022-08-09 00:00:00</vendorPriceUpdateDate>
  </part>
  <part>
    <partNumber>21030418</partNumber>
    <punctuatedPartNumber>2103-0418</punctuatedPartNumber>
    <partStatusDescription>STANDARD</partStatusDescription>
    <partDescription>Spark Plug - XS4164</partDescription>
    <unitOfMeasure>Each</unitOfMeasure>
    <brandName>AUTOLITE</brandName>
    <supplierNumber>XS4164</supplierNumber>
    <specialInstructions/>
    <baseDealerPrice>8.30</baseDealerPrice>
    <yourDealerPrice>8.30</yourDealerPrice>
    <baseRetailPrice>14.33</baseRetailPrice>
    <originalRetailPrice>12.95</originalRetailPrice>
    <partImage>http://asset.lemansnet.com/z/L0YvOC81L0Y4NUM3QkMyLTgxQzItNDU0Ny1BOUMzLTI4REFDRjU0QzZGNCwvRS85L0EvRTlBMDlGREEtRDE3OC00QzgwLUEwNEUtRDRBMzg4QzlDODg1LC85LzQvOS85NDlCODhEQy05MDk3LTQ4RjctOEVGQi1CRDQzQzExNTdFMEQ=</partImage>
    <productId>0991823109</productId>
    <productName>Xtreme Sport Spark Plug</productName>
    <productImage>http://asset.lemansnet.com/z/LzkvRC81LzlENUZEMzQ0LUFBRjgtNDQ5Ni05MzcyLTE5MzYwNUE0RkQxNw==</productImage>
    <bullet1>More focused ignition to prevent fouling than leading standard plug</bullet1>
    <bullet2>.6mm finewire design with Sport V-trim ground electrode engineered to offer improved ignitability and durability over a standard plug</bullet2>
    <bullet3>Up to 26% quicker starts than leading standard plug</bullet3>
    <bullet4>More horsepower and better fuel efficiency than standard plug</bullet4>
    <bullet5>Meets or exceeds OEM design</bullet5>
    <bullet6/>
    <bullet7/>
    <bullet8/>
    <bullet9/>
    <bullet10/>
    <bullet11/>
    <bullet12/>
    <bullet13/>
    <bullet14/>
    <bullet15/>
    <bullet16/>
    <bullet17/>
    <bullet18/>
    <bullet19/>
    <bullet20/>
    <bullet21/>
    <bullet22/>
    <bullet23/>
    <bullet24/>
    <vendorPriceUpdateDate>2022-08-09 00:00:00</vendorPriceUpdateDate>
  </part>
  <part>
    <partNumber>21030419</partNumber>
    <punctuatedPartNumber>2103-0419</punctuatedPartNumber>
    <partStatusDescription>STANDARD</partStatusDescription>
    <partDescription>Spark Plug - XS4302</partDescription>
    <unitOfMeasure>Each</unitOfMeasure>
    <brandName>AUTOLITE</brandName>
    <supplierNumber>XS4302</supplierNumber>
    <specialInstructions/>
    <baseDealerPrice>8.30</baseDealerPrice>
    <yourDealerPrice>8.30</yourDealerPrice>
    <baseRetailPrice>14.33</baseRetailPrice>
    <originalRetailPrice>12.95</originalRetailPrice>
    <partImage>http://asset.lemansnet.com/z/LzQvQS8xLzRBMUQxNDc4LTFCOUEtNDExRi1COTVBLTBFNzc2MDQwMUIxRCwvMy9GLzcvM0Y3ODU0QzYtN0FDNS00RUM2LUE2NEYtMzhEOTQ2RUNGMTNC</partImage>
    <productId>0991823109</productId>
    <productName>Xtreme Sport Spark Plug</productName>
    <productImage>http://asset.lemansnet.com/z/LzkvRC81LzlENUZEMzQ0LUFBRjgtNDQ5Ni05MzcyLTE5MzYwNUE0RkQxNw==</productImage>
    <bullet1>More focused ignition to prevent fouling than leading standard plug</bullet1>
    <bullet2>.6mm finewire design with Sport V-trim ground electrode engineered to offer improved ignitability and durability over a standard plug</bullet2>
    <bullet3>Up to 26% quicker starts than leading standard plug</bullet3>
    <bullet4>More horsepower and better fuel efficiency than standard plug</bullet4>
    <bullet5>Meets or exceeds OEM design</bullet5>
    <bullet6/>
    <bullet7/>
    <bullet8/>
    <bullet9/>
    <bullet10/>
    <bullet11/>
    <bullet12/>
    <bullet13/>
    <bullet14/>
    <bullet15/>
    <bullet16/>
    <bullet17/>
    <bullet18/>
    <bullet19/>
    <bullet20/>
    <bullet21/>
    <bullet22/>
    <bullet23/>
    <bullet24/>
    <vendorPriceUpdateDate>2022-08-09 00:00:00</vendorPriceUpdateDate>
  </part>
  <part>
    <partNumber>21030415</partNumber>
    <punctuatedPartNumber>2103-0415</punctuatedPartNumber>
    <partStatusDescription>DISCONTINUED</partStatusDescription>
    <partDescription>Spark Plug - XS3924</partDescription>
    <unitOfMeasure>Each</unitOfMeasure>
    <brandName>AUTOLITE</brandName>
    <supplierNumber>XS3924</supplierNumber>
    <specialInstructions/>
    <baseDealerPrice>3.60</baseDealerPrice>
    <yourDealerPrice>3.60</yourDealerPrice>
    <baseRetailPrice>9.99</baseRetailPrice>
    <originalRetailPrice>12.95</originalRetailPrice>
    <partImage>http://asset.lemansnet.com/z/LzIvMy9BLzIzQTYyQ0Y5LTNENjUtNDg5Qi1CMjMyLTNDRDE3RTIzOUU0QiwvQi9BLzMvQkEzOTNGQUQtNDhCNS00MjhGLUFFMEYtQkVEQkY1NUNBNkI3</partImage>
    <productId>1615289840</productId>
    <productName>Xtreme Sport Spark Plug</productName>
    <productImage>http://asset.lemansnet.com/z/LzkvRC81LzlENUZEMzQ0LUFBRjgtNDQ5Ni05MzcyLTE5MzYwNUE0RkQxNw==</productImage>
    <bullet1>More focused ignition to prevent fouling than leading standard plug</bullet1>
    <bullet2>.6mm finewire design with Sport V-trim ground electrode engineered to offer improved ignitability and durability over a standard plug</bullet2>
    <bullet3>Up to 26% quicker starts than leading standard plug</bullet3>
    <bullet4>More horsepower and better fuel efficiency than standard plug</bullet4>
    <bullet5>Meets or exceeds OEM design</bullet5>
    <bullet6/>
    <bullet7/>
    <bullet8/>
    <bullet9/>
    <bullet10/>
    <bullet11/>
    <bullet12/>
    <bullet13/>
    <bullet14/>
    <bullet15/>
    <bullet16/>
    <bullet17/>
    <bullet18/>
    <bullet19/>
    <bullet20/>
    <bullet21/>
    <bullet22/>
    <bullet23/>
    <bullet24/>
    <vendorPriceUpdateDate>2022-08-09 00:00:00</vendorPriceUpdateDate>
  </part>
  <part>
    <partNumber>21030416</partNumber>
    <punctuatedPartNumber>2103-0416</punctuatedPartNumber>
    <partStatusDescription>STANDARD</partStatusDescription>
    <partDescription>Spark Plug - XS4162</partDescription>
    <unitOfMeasure>Each</unitOfMeasure>
    <brandName>AUTOLITE</brandName>
    <supplierNumber>XS4162</supplierNumber>
    <specialInstructions/>
    <baseDealerPrice>8.30</baseDealerPrice>
    <yourDealerPrice>8.30</yourDealerPrice>
    <baseRetailPrice>14.33</baseRetailPrice>
    <originalRetailPrice>12.95</originalRetailPrice>
    <partImage>http://asset.lemansnet.com/z/LzgvRi82LzhGNkVGRkExLTIxNEItNDZGRC04QkFDLTMxRDU4NDA3RUI1RCwvOS80LzkvOTQ5Qjg4REMtOTA5Ny00OEY3LThFRkItQkQ0M0MxMTU3RTBE</partImage>
    <productId>0991823109</productId>
    <productName>Xtreme Sport Spark Plug</productName>
    <productImage>http://asset.lemansnet.com/z/LzkvRC81LzlENUZEMzQ0LUFBRjgtNDQ5Ni05MzcyLTE5MzYwNUE0RkQxNw==</productImage>
    <bullet1>More focused ignition to prevent fouling than leading standard plug</bullet1>
    <bullet2>.6mm finewire design with Sport V-trim ground electrode engineered to offer improved ignitability and durability over a standard plug</bullet2>
    <bullet3>Up to 26% quicker starts than leading standard plug</bullet3>
    <bullet4>More horsepower and better fuel efficiency than standard plug</bullet4>
    <bullet5>Meets or exceeds OEM design</bullet5>
    <bullet6/>
    <bullet7/>
    <bullet8/>
    <bullet9/>
    <bullet10/>
    <bullet11/>
    <bullet12/>
    <bullet13/>
    <bullet14/>
    <bullet15/>
    <bullet16/>
    <bullet17/>
    <bullet18/>
    <bullet19/>
    <bullet20/>
    <bullet21/>
    <bullet22/>
    <bullet23/>
    <bullet24/>
    <vendorPriceUpdateDate>2022-08-09 00:00:00</vendorPriceUpdateDate>
  </part>
  <part>
    <partNumber>AU4275</partNumber>
    <punctuatedPartNumber>AU-4275</punctuatedPartNumber>
    <partStatusDescription>STANDARD</partStatusDescription>
    <partDescription>Spark Plug - #4275</partDescription>
    <unitOfMeasure>Each</unitOfMeasure>
    <brandName>AUTOLITE</brandName>
    <supplierNumber>4275</supplierNumber>
    <specialInstructions/>
    <baseDealerPrice>3.80</baseDealerPrice>
    <yourDealerPrice>3.80</yourDealerPrice>
    <baseRetailPrice>6.27</baseRetailPrice>
    <originalRetailPrice>4.95</originalRetailPrice>
    <partImage>http://asset.lemansnet.com/z/L0QvQS83L0RBN0RCQjkxLTE0M0YtNDEzMi05NEJGLUIwRDUxOTM0MEIzNiwvRi9CL0EvRkJBQTc2MzAtRTM2RS00QTI3LThBMEYtOUQwRTY5MTExQThB</partImage>
    <productId>2127348082</productId>
    <productName>Spark Plug</productName>
    <productImage>http://asset.lemansnet.com/z/LzEvQi8zLzFCMzZGMzFCLUU3QTMtNDU5Ri1CNkEyLTkyRTNDOTVFNEIxMw==</productImage>
    <bullet1>Designed for a sharper, leaner spark with tapered nickel/chrome alloy tip and copper center electrode</bullet1>
    <bullet2>Made in the USA</bullet2>
    <bullet3/>
    <bullet4/>
    <bullet5/>
    <bullet6/>
    <bullet7/>
    <bullet8/>
    <bullet9/>
    <bullet10/>
    <bullet11/>
    <bullet12/>
    <bullet13/>
    <bullet14/>
    <bullet15/>
    <bullet16/>
    <bullet17/>
    <bullet18/>
    <bullet19/>
    <bullet20/>
    <bullet21/>
    <bullet22/>
    <bullet23/>
    <bullet24/>
    <vendorPriceUpdateDate>2022-08-09 00:00:00</vendorPriceUpdateDate>
  </part>
  <part>
    <partNumber>AU2585</partNumber>
    <punctuatedPartNumber>AU-2585</punctuatedPartNumber>
    <partStatusDescription>STANDARD</partStatusDescription>
    <partDescription>Spark Plug - #4345</partDescription>
    <unitOfMeasure>Each</unitOfMeasure>
    <brandName>AUTOLITE</brandName>
    <supplierNumber>4345</supplierNumber>
    <specialInstructions/>
    <baseDealerPrice>3.80</baseDealerPrice>
    <yourDealerPrice>3.80</yourDealerPrice>
    <baseRetailPrice>6.65</baseRetailPrice>
    <originalRetailPrice>5.95</originalRetailPrice>
    <partImage>http://asset.lemansnet.com/z/L0IvQy8yL0JDMkY1MTcxLUQwQzAtNEVCRS04NDRDLTBDQjIwMzAxNjQ5QywvMC8yL0UvMDJFMjg4MDEtRDA1Ri00RTlBLUI0ODYtQ0E0RUNCRUZDMDEx</partImage>
    <productId>2127348082</productId>
    <productName>Spark Plug</productName>
    <productImage>http://asset.lemansnet.com/z/LzEvQi8zLzFCMzZGMzFCLUU3QTMtNDU5Ri1CNkEyLTkyRTNDOTVFNEIxMw==</productImage>
    <bullet1>Designed for a sharper, leaner spark with tapered nickel/chrome alloy tip and copper center electrode</bullet1>
    <bullet2>Made in the USA</bullet2>
    <bullet3/>
    <bullet4/>
    <bullet5/>
    <bullet6/>
    <bullet7/>
    <bullet8/>
    <bullet9/>
    <bullet10/>
    <bullet11/>
    <bullet12/>
    <bullet13/>
    <bullet14/>
    <bullet15/>
    <bullet16/>
    <bullet17/>
    <bullet18/>
    <bullet19/>
    <bullet20/>
    <bullet21/>
    <bullet22/>
    <bullet23/>
    <bullet24/>
    <vendorPriceUpdateDate>2022-08-09 00:00:00</vendorPriceUpdateDate>
  </part>
  <part>
    <partNumber>AU4163</partNumber>
    <punctuatedPartNumber>AU-4163</punctuatedPartNumber>
    <partStatusDescription>STANDARD</partStatusDescription>
    <partDescription>Spark Plug - DPR8EA9/DR8ESL</partDescription>
    <unitOfMeasure>Each</unitOfMeasure>
    <brandName>AUTOLITE</brandName>
    <supplierNumber>4163</supplierNumber>
    <specialInstructions/>
    <baseDealerPrice>4.40</baseDealerPrice>
    <yourDealerPrice>4.40</yourDealerPrice>
    <baseRetailPrice>7.70</baseRetailPrice>
    <originalRetailPrice>5.95</originalRetailPrice>
    <partImage>http://asset.lemansnet.com/z/LzEvQi8zLzFCMzZGMzFCLUU3QTMtNDU5Ri1CNkEyLTkyRTNDOTVFNEIxMywvOC9BLzIvOEEyREU3OTctMUE4RS00QTNFLUI0RTYtNEZFQjk1QUIyMDJD</partImage>
    <productId>2127348082</productId>
    <productName>Spark Plug</productName>
    <productImage>http://asset.lemansnet.com/z/LzEvQi8zLzFCMzZGMzFCLUU3QTMtNDU5Ri1CNkEyLTkyRTNDOTVFNEIxMw==</productImage>
    <bullet1>Designed for a sharper, leaner spark with tapered nickel/chrome alloy tip and copper center electrode</bullet1>
    <bullet2>Made in the USA</bullet2>
    <bullet3/>
    <bullet4/>
    <bullet5/>
    <bullet6/>
    <bullet7/>
    <bullet8/>
    <bullet9/>
    <bullet10/>
    <bullet11/>
    <bullet12/>
    <bullet13/>
    <bullet14/>
    <bullet15/>
    <bullet16/>
    <bullet17/>
    <bullet18/>
    <bullet19/>
    <bullet20/>
    <bullet21/>
    <bullet22/>
    <bullet23/>
    <bullet24/>
    <vendorPriceUpdateDate>2022-08-09 00:00:00</vendorPriceUpdateDate>
  </part>
  <part>
    <partNumber>AU4164</partNumber>
    <punctuatedPartNumber>AU-4164</punctuatedPartNumber>
    <partStatusDescription>STANDARD</partStatusDescription>
    <partDescription>Spark Plug - #4164</partDescription>
    <unitOfMeasure>Each</unitOfMeasure>
    <brandName>AUTOLITE</brandName>
    <supplierNumber>4164</supplierNumber>
    <specialInstructions/>
    <baseDealerPrice>4.40</baseDealerPrice>
    <yourDealerPrice>4.40</yourDealerPrice>
    <baseRetailPrice>7.70</baseRetailPrice>
    <originalRetailPrice>5.95</originalRetailPrice>
    <partImage>http://asset.lemansnet.com/z/L0MvRi9GL0NGRjBBNURELUY2OTktNEQwRS1CRDVGLUU0MUQyMjJGMkRBMiwvOC9BLzIvOEEyREU3OTctMUE4RS00QTNFLUI0RTYtNEZFQjk1QUIyMDJD</partImage>
    <productId>2127348082</productId>
    <productName>Spark Plug</productName>
    <productImage>http://asset.lemansnet.com/z/LzEvQi8zLzFCMzZGMzFCLUU3QTMtNDU5Ri1CNkEyLTkyRTNDOTVFNEIxMw==</productImage>
    <bullet1>Designed for a sharper, leaner spark with tapered nickel/chrome alloy tip and copper center electrode</bullet1>
    <bullet2>Made in the USA</bullet2>
    <bullet3/>
    <bullet4/>
    <bullet5/>
    <bullet6/>
    <bullet7/>
    <bullet8/>
    <bullet9/>
    <bullet10/>
    <bullet11/>
    <bullet12/>
    <bullet13/>
    <bullet14/>
    <bullet15/>
    <bullet16/>
    <bullet17/>
    <bullet18/>
    <bullet19/>
    <bullet20/>
    <bullet21/>
    <bullet22/>
    <bullet23/>
    <bullet24/>
    <vendorPriceUpdateDate>2022-08-09 00:00:00</vendorPriceUpdateDate>
  </part>
  <part>
    <partNumber>AU996</partNumber>
    <punctuatedPartNumber>AU-996</punctuatedPartNumber>
    <partStatusDescription>STANDARD</partStatusDescription>
    <partDescription>Spark Plug - #4316</partDescription>
    <unitOfMeasure>Each</unitOfMeasure>
    <brandName>AUTOLITE</brandName>
    <supplierNumber>4316</supplierNumber>
    <specialInstructions/>
    <baseDealerPrice>3.80</baseDealerPrice>
    <yourDealerPrice>3.80</yourDealerPrice>
    <baseRetailPrice>6.27</baseRetailPrice>
    <originalRetailPrice>4.95</originalRetailPrice>
    <partImage>http://asset.lemansnet.com/z/LzIvMC8xLzIwMTE0MUQzLTI2OTgtNERDMy04NUM4LTdERTFFREJFQzI4QywvOC9FLzUvOEU1OUI3MjQtNDBCRS00OEZGLUExNzAtM0VCQUQ1OTgyRENG</partImage>
    <productId>2127348082</productId>
    <productName>Spark Plug</productName>
    <productImage>http://asset.lemansnet.com/z/LzEvQi8zLzFCMzZGMzFCLUU3QTMtNDU5Ri1CNkEyLTkyRTNDOTVFNEIxMw==</productImage>
    <bullet1>Designed for a sharper, leaner spark with tapered nickel/chrome alloy tip and copper center electrode</bullet1>
    <bullet2>Made in the USA</bullet2>
    <bullet3/>
    <bullet4/>
    <bullet5/>
    <bullet6/>
    <bullet7/>
    <bullet8/>
    <bullet9/>
    <bullet10/>
    <bullet11/>
    <bullet12/>
    <bullet13/>
    <bullet14/>
    <bullet15/>
    <bullet16/>
    <bullet17/>
    <bullet18/>
    <bullet19/>
    <bullet20/>
    <bullet21/>
    <bullet22/>
    <bullet23/>
    <bullet24/>
    <vendorPriceUpdateDate>2022-08-09 00:00:00</vendorPriceUpdateDate>
  </part>
  <part>
    <partNumber>AU4123</partNumber>
    <punctuatedPartNumber>AU-4123</punctuatedPartNumber>
    <partStatusDescription>STANDARD</partStatusDescription>
    <partDescription>Spark Plug - #4123</partDescription>
    <unitOfMeasure>Each</unitOfMeasure>
    <brandName>AUTOLITE</brandName>
    <supplierNumber>4123</supplierNumber>
    <specialInstructions/>
    <baseDealerPrice>4.40</baseDealerPrice>
    <yourDealerPrice>4.40</yourDealerPrice>
    <baseRetailPrice>7.70</baseRetailPrice>
    <originalRetailPrice>5.95</originalRetailPrice>
    <partImage>http://asset.lemansnet.com/z/LzkvQS85LzlBOUUzRThDLTZENTYtNDkxNy05N0U0LTQ4NDFGQTRFMDgxRCwvQS83LzMvQTczOUM0MDEtRjk3RC00MDVFLThBOEMtNTgyQ0U1MEFGRDlE</partImage>
    <productId>2127348082</productId>
    <productName>Spark Plug</productName>
    <productImage>http://asset.lemansnet.com/z/LzEvQi8zLzFCMzZGMzFCLUU3QTMtNDU5Ri1CNkEyLTkyRTNDOTVFNEIxMw==</productImage>
    <bullet1>Designed for a sharper, leaner spark with tapered nickel/chrome alloy tip and copper center electrode</bullet1>
    <bullet2>Made in the USA</bullet2>
    <bullet3/>
    <bullet4/>
    <bullet5/>
    <bullet6/>
    <bullet7/>
    <bullet8/>
    <bullet9/>
    <bullet10/>
    <bullet11/>
    <bullet12/>
    <bullet13/>
    <bullet14/>
    <bullet15/>
    <bullet16/>
    <bullet17/>
    <bullet18/>
    <bullet19/>
    <bullet20/>
    <bullet21/>
    <bullet22/>
    <bullet23/>
    <bullet24/>
    <vendorPriceUpdateDate>2022-08-09 00:00:00</vendorPriceUpdateDate>
  </part>
  <part>
    <partNumber>AU4265</partNumber>
    <punctuatedPartNumber>AU-4265</punctuatedPartNumber>
    <partStatusDescription>STANDARD</partStatusDescription>
    <partDescription>Spark Plug - #4265</partDescription>
    <unitOfMeasure>Each</unitOfMeasure>
    <brandName>AUTOLITE</brandName>
    <supplierNumber>4265</supplierNumber>
    <specialInstructions/>
    <baseDealerPrice>4.40</baseDealerPrice>
    <yourDealerPrice>4.40</yourDealerPrice>
    <baseRetailPrice>7.70</baseRetailPrice>
    <originalRetailPrice>5.95</originalRetailPrice>
    <partImage>http://asset.lemansnet.com/z/LzgvQS82LzhBNkZGMzJCLTVFQ0QtNDZBOC1BMjlFLUYwNDQ2MTNFRTdCQg==</partImage>
    <productId>2127348082</productId>
    <productName>Spark Plug</productName>
    <productImage>http://asset.lemansnet.com/z/LzEvQi8zLzFCMzZGMzFCLUU3QTMtNDU5Ri1CNkEyLTkyRTNDOTVFNEIxMw==</productImage>
    <bullet1>Designed for a sharper, leaner spark with tapered nickel/chrome alloy tip and copper center electrode</bullet1>
    <bullet2>Made in the USA</bullet2>
    <bullet3/>
    <bullet4/>
    <bullet5/>
    <bullet6/>
    <bullet7/>
    <bullet8/>
    <bullet9/>
    <bullet10/>
    <bullet11/>
    <bullet12/>
    <bullet13/>
    <bullet14/>
    <bullet15/>
    <bullet16/>
    <bullet17/>
    <bullet18/>
    <bullet19/>
    <bullet20/>
    <bullet21/>
    <bullet22/>
    <bullet23/>
    <bullet24/>
    <vendorPriceUpdateDate>2022-08-09 00:00:00</vendorPriceUpdateDate>
  </part>
  <part>
    <partNumber>21030116</partNumber>
    <punctuatedPartNumber>2103-0116</punctuatedPartNumber>
    <partStatusDescription>DISCONTINUED</partStatusDescription>
    <partDescription>Spark Plug - #4263</partDescription>
    <unitOfMeasure>Each</unitOfMeasure>
    <brandName>AUTOLITE</brandName>
    <supplierNumber>4263</supplierNumber>
    <specialInstructions>Discontinued Per Buyer</specialInstructions>
    <baseDealerPrice>4.40</baseDealerPrice>
    <yourDealerPrice>4.40</yourDealerPrice>
    <baseRetailPrice>7.70</baseRetailPrice>
    <originalRetailPrice>5.95</originalRetailPrice>
    <partImage>http://asset.lemansnet.com/z/L0MvRC8wL0NEMDI5OTQxLTUxMUUtNEUxRS04MDFGLTQ2QTkxMkIxRTQ1Ng==</partImage>
    <productId>2127348082</productId>
    <productName>Spark Plug</productName>
    <productImage>http://asset.lemansnet.com/z/LzEvQi8zLzFCMzZGMzFCLUU3QTMtNDU5Ri1CNkEyLTkyRTNDOTVFNEIxMw==</productImage>
    <bullet1>Designed for a sharper, leaner spark with tapered nickel/chrome alloy tip and copper center electrode</bullet1>
    <bullet2>Made in the USA</bullet2>
    <bullet3/>
    <bullet4/>
    <bullet5/>
    <bullet6/>
    <bullet7/>
    <bullet8/>
    <bullet9/>
    <bullet10/>
    <bullet11/>
    <bullet12/>
    <bullet13/>
    <bullet14/>
    <bullet15/>
    <bullet16/>
    <bullet17/>
    <bullet18/>
    <bullet19/>
    <bullet20/>
    <bullet21/>
    <bullet22/>
    <bullet23/>
    <bullet24/>
    <vendorPriceUpdateDate>2022-08-09 00:00:00</vendorPriceUpdateDate>
  </part>
  <part>
    <partNumber>21030120</partNumber>
    <punctuatedPartNumber>2103-0120</punctuatedPartNumber>
    <partStatusDescription>DISCONTINUED</partStatusDescription>
    <partDescription>Spark Plug - #4194</partDescription>
    <unitOfMeasure>Each</unitOfMeasure>
    <brandName>AUTOLITE</brandName>
    <supplierNumber>4194</supplierNumber>
    <specialInstructions>Discontinued Per Buyer</specialInstructions>
    <baseDealerPrice>3.80</baseDealerPrice>
    <yourDealerPrice>3.80</yourDealerPrice>
    <baseRetailPrice>6.27</baseRetailPrice>
    <originalRetailPrice>4.95</originalRetailPrice>
    <partImage>http://asset.lemansnet.com/z/L0EvOS83L0E5N0E4RkU2LTg2QjItNDRBMi1CMEVELTJDNDAwRTJGRThGMiwvOC9ELzIvOEQyQTc0REEtRTU2QS00NjM2LTg4NzYtRDhCNzk3Rjk5MEJF</partImage>
    <productId>2127348082</productId>
    <productName>Spark Plug</productName>
    <productImage>http://asset.lemansnet.com/z/LzEvQi8zLzFCMzZGMzFCLUU3QTMtNDU5Ri1CNkEyLTkyRTNDOTVFNEIxMw==</productImage>
    <bullet1>Designed for a sharper, leaner spark with tapered nickel/chrome alloy tip and copper center electrode</bullet1>
    <bullet2>Made in the USA</bullet2>
    <bullet3/>
    <bullet4/>
    <bullet5/>
    <bullet6/>
    <bullet7/>
    <bullet8/>
    <bullet9/>
    <bullet10/>
    <bullet11/>
    <bullet12/>
    <bullet13/>
    <bullet14/>
    <bullet15/>
    <bullet16/>
    <bullet17/>
    <bullet18/>
    <bullet19/>
    <bullet20/>
    <bullet21/>
    <bullet22/>
    <bullet23/>
    <bullet24/>
    <vendorPriceUpdateDate>2022-08-09 00:00:00</vendorPriceUpdateDate>
  </part>
  <part>
    <partNumber>21030420</partNumber>
    <punctuatedPartNumber>2103-0420</punctuatedPartNumber>
    <partStatusDescription>DISCONTINUED</partStatusDescription>
    <partDescription>Spark Plug - XS4303</partDescription>
    <unitOfMeasure>Each</unitOfMeasure>
    <brandName>AUTOLITE</brandName>
    <supplierNumber>XS4303</supplierNumber>
    <specialInstructions>Discontinued Per Buyer</specialInstructions>
    <baseDealerPrice>8.30</baseDealerPrice>
    <yourDealerPrice>8.30</yourDealerPrice>
    <baseRetailPrice>14.33</baseRetailPrice>
    <originalRetailPrice>12.95</originalRetailPrice>
    <partImage>http://asset.lemansnet.com/z/LzkvNi8wLzk2MDY4NDkxLTU0ODUtNDgxNC04RjQwLTk1OEU3NEUyRDdEOCwvOC80LzkvODQ5RjE1RDktMERENi00RjVFLUEzNUMtNEVCNUE1MUY2QUNC</partImage>
    <productId>0991823109</productId>
    <productName>Xtreme Sport Spark Plug</productName>
    <productImage>http://asset.lemansnet.com/z/LzkvRC81LzlENUZEMzQ0LUFBRjgtNDQ5Ni05MzcyLTE5MzYwNUE0RkQxNw==</productImage>
    <bullet1>More focused ignition to prevent fouling than leading standard plug</bullet1>
    <bullet2>.6mm finewire design with Sport V-trim ground electrode engineered to offer improved ignitability and durability over a standard plug</bullet2>
    <bullet3>Up to 26% quicker starts than leading standard plug</bullet3>
    <bullet4>More horsepower and better fuel efficiency than standard plug</bullet4>
    <bullet5>Meets or exceeds OEM design</bullet5>
    <bullet6/>
    <bullet7/>
    <bullet8/>
    <bullet9/>
    <bullet10/>
    <bullet11/>
    <bullet12/>
    <bullet13/>
    <bullet14/>
    <bullet15/>
    <bullet16/>
    <bullet17/>
    <bullet18/>
    <bullet19/>
    <bullet20/>
    <bullet21/>
    <bullet22/>
    <bullet23/>
    <bullet24/>
    <vendorPriceUpdateDate>2022-08-09 00:00:00</vendorPriceUpdateDate>
  </part>
</root>
