<root>
  <part>
    <partNumber>11410384</partNumber>
    <punctuatedPartNumber>1141-0384</punctuatedPartNumber>
    <partStatusDescription>STANDARD</partStatusDescription>
    <partDescription>Clutch Roller Kit - Maverick X3</partDescription>
    <unitOfMeasure>Kit</unitOfMeasure>
    <brandName>FETT BROTHERS</brandName>
    <supplierNumber>SKSR3</supplierNumber>
    <specialInstructions/>
    <baseDealerPrice>71.93</baseDealerPrice>
    <yourDealerPrice>71.93</yourDealerPrice>
    <baseRetailPrice>108.99</baseRetailPrice>
    <originalRetailPrice>104.99</originalRetailPrice>
    <partImage>http://asset.lemansnet.com/z/LzYvNi9FLzY2RUIxODI4LUUyN0ItNDZERC1BQzk5LTJCMUM4MDg1QTRCNw==</partImage>
    <productId>0053530276</productId>
    <productName>Secondary Clutch Roller Kit</productName>
    <productImage>http://asset.lemansnet.com/z/LzYvNi9FLzY2RUIxODI4LUUyN0ItNDZERC1BQzk5LTJCMUM4MDg1QTRCNw==</productImage>
    <bullet1>Designed to improve clutch action</bullet1>
    <bullet2>Stainless steel washers eliminates friction and corrosion</bullet2>
    <bullet3>Sold by set (3 rollers) with washers for one clutch</bullet3>
    <bullet4/>
    <bullet5/>
    <bullet6/>
    <bullet7/>
    <bullet8/>
    <bullet9/>
    <bullet10/>
    <bullet11/>
    <bullet12/>
    <bullet13/>
    <bullet14/>
    <bullet15/>
    <bullet16/>
    <bullet17/>
    <bullet18/>
    <bullet19/>
    <bullet20/>
    <bullet21/>
    <bullet22/>
    <bullet23/>
    <bullet24/>
    <vendorPriceUpdateDate>2023-04-22 00:00:00</vendorPriceUpdateDate>
  </part>
  <part>
    <partNumber>11400491</partNumber>
    <punctuatedPartNumber>1140-0491</punctuatedPartNumber>
    <partStatusDescription>STANDARD</partStatusDescription>
    <partDescription>Clutch Cover Bushing - Arcitc Cat</partDescription>
    <unitOfMeasure>Kit</unitOfMeasure>
    <brandName>FETT BROTHERS</brandName>
    <supplierNumber>CAB216</supplierNumber>
    <specialInstructions/>
    <baseDealerPrice>21.77</baseDealerPrice>
    <yourDealerPrice>21.77</yourDealerPrice>
    <baseRetailPrice>32.99</baseRetailPrice>
    <originalRetailPrice>30.99</originalRetailPrice>
    <partImage>http://asset.lemansnet.com/z/L0IvNi9BL0I2QUE0M0FBLTc5MzktNERFNy05RDg5LTg2RUU2MjM5OUI4NA==</partImage>
    <productId>1952666773</productId>
    <productName>Primary Clutch Cover Bearing</productName>
    <productImage>http://asset.lemansnet.com/z/LzgvQi8yLzhCMkNDRjE3LTI3NzItNDRDOC1BRUVDLTdEM0M3NzZBNkZCRQ==</productImage>
    <bullet1>Teflon fiber bearings resist heat for consistent clutch performance</bullet1>
    <bullet2>Bearings supplied with new clips/retainers when required for easy installation</bullet2>
    <bullet3>Made in the U.S.A.</bullet3>
    <bullet4/>
    <bullet5/>
    <bullet6/>
    <bullet7/>
    <bullet8/>
    <bullet9/>
    <bullet10/>
    <bullet11/>
    <bullet12/>
    <bullet13/>
    <bullet14/>
    <bullet15/>
    <bullet16/>
    <bullet17/>
    <bullet18/>
    <bullet19/>
    <bullet20/>
    <bullet21/>
    <bullet22/>
    <bullet23/>
    <bullet24/>
    <vendorPriceUpdateDate>2022-06-01 00:00:00</vendorPriceUpdateDate>
  </part>
  <part>
    <partNumber>11400535</partNumber>
    <punctuatedPartNumber>1140-0535</punctuatedPartNumber>
    <partStatusDescription>DISCONTINUED</partStatusDescription>
    <partDescription>Roller Clutch Kit - 1 mm Oversize - Ski-Doo</partDescription>
    <unitOfMeasure>Kit</unitOfMeasure>
    <brandName>FETT BROTHERS</brandName>
    <supplierNumber>SKR165K</supplierNumber>
    <specialInstructions>Discontinued Item</specialInstructions>
    <baseDealerPrice>21.80</baseDealerPrice>
    <yourDealerPrice>21.80</yourDealerPrice>
    <baseRetailPrice>0.00</baseRetailPrice>
    <originalRetailPrice>104.99</originalRetailPrice>
    <partImage>http://asset.lemansnet.com/z/L0EvNi9BL0E2QTNBMDcwLUQwODktNDM1QS1CNTRBLTkzRDdDM0M3QjBGNQ==</partImage>
    <productId>0496956726</productId>
    <productName>Clutch Rebuild/Roller Kit</productName>
    <productImage>http://asset.lemansnet.com/z/LzAvNC83LzA0NzYyMDg4LUJEOEMtNDE3MS1BMjdGLUREODBEQUI0Mzk4Rg==</productImage>
    <bullet1>PTFE fiber bearings resist heat (without melting) for consistent clutching</bullet1>
    <bullet2>Durable machined fiber secondary rollers</bullet2>
    <bullet3>Complete kits include needed installation fasteners (pins, circlips, retainers)</bullet3>
    <bullet4>Made in the U.S.A.</bullet4>
    <bullet5/>
    <bullet6/>
    <bullet7/>
    <bullet8/>
    <bullet9/>
    <bullet10/>
    <bullet11/>
    <bullet12/>
    <bullet13/>
    <bullet14/>
    <bullet15/>
    <bullet16/>
    <bullet17/>
    <bullet18/>
    <bullet19/>
    <bullet20/>
    <bullet21/>
    <bullet22/>
    <bullet23/>
    <bullet24/>
    <vendorPriceUpdateDate>2023-04-22 00:00:00</vendorPriceUpdateDate>
  </part>
  <part>
    <partNumber>11400537</partNumber>
    <punctuatedPartNumber>1140-0537</punctuatedPartNumber>
    <partStatusDescription>STANDARD</partStatusDescription>
    <partDescription>Clutch Rebuild Kit - Ski-Doo</partDescription>
    <unitOfMeasure>Kit</unitOfMeasure>
    <brandName>FETT BROTHERS</brandName>
    <supplierNumber>SKTRAK1</supplierNumber>
    <specialInstructions/>
    <baseDealerPrice>130.67</baseDealerPrice>
    <yourDealerPrice>130.67</yourDealerPrice>
    <baseRetailPrice>197.99</baseRetailPrice>
    <originalRetailPrice>189.99</originalRetailPrice>
    <partImage>http://asset.lemansnet.com/z/LzQvNS9FLzQ1RTA0OEFCLTM2NEItNDczNy05M0JELTU4RkU5MENFMkU1OQ==</partImage>
    <productId>1128794807</productId>
    <productName>Clutch Rebuild/Roller Kit</productName>
    <productImage>http://asset.lemansnet.com/z/LzAvNC83LzA0NzYyMDg4LUJEOEMtNDE3MS1BMjdGLUREODBEQUI0Mzk4Rg==</productImage>
    <bullet1>PTFE fiber bearings resist heat (without melting) for consistent clutching</bullet1>
    <bullet2>Durable machined fiber secondary rollers</bullet2>
    <bullet3>Complete kits include needed installation fasteners (pins, circlips, retainers)</bullet3>
    <bullet4>Made in the U.S.A.</bullet4>
    <bullet5/>
    <bullet6/>
    <bullet7/>
    <bullet8/>
    <bullet9/>
    <bullet10/>
    <bullet11/>
    <bullet12/>
    <bullet13/>
    <bullet14/>
    <bullet15/>
    <bullet16/>
    <bullet17/>
    <bullet18/>
    <bullet19/>
    <bullet20/>
    <bullet21/>
    <bullet22/>
    <bullet23/>
    <bullet24/>
    <vendorPriceUpdateDate>2023-04-22 00:00:00</vendorPriceUpdateDate>
  </part>
  <part>
    <partNumber>11400632</partNumber>
    <punctuatedPartNumber>1140-0632</punctuatedPartNumber>
    <partStatusDescription>DISCONTINUED</partStatusDescription>
    <partDescription>Spider Button Kit - Polaris</partDescription>
    <unitOfMeasure>6 Pack</unitOfMeasure>
    <brandName>FETT BROTHERS</brandName>
    <supplierNumber>PLSBK2</supplierNumber>
    <specialInstructions/>
    <baseDealerPrice>21.80</baseDealerPrice>
    <yourDealerPrice>21.80</yourDealerPrice>
    <baseRetailPrice>0.00</baseRetailPrice>
    <originalRetailPrice>54.99</originalRetailPrice>
    <partImage>http://asset.lemansnet.com/z/LzkvNy82Lzk3NjgwQjAzLTBGN0MtNDhCQy1CMUMyLTg3RTk3Qjc5RDhENA==</partImage>
    <productId>0808546956</productId>
    <productName>Spider Button Kit</productName>
    <productImage>http://asset.lemansnet.com/z/L0QvMC8yL0QwMkRGRjE2LTNFRjYtNDc0My1BNzc4LTM4RkRBMjcxOTAxRA==</productImage>
    <bullet1>Keep sliders tight with precision replacements</bullet1>
    <bullet2>Slider buttons eliminate tower free play and clutch rattle</bullet2>
    <bullet3/>
    <bullet4/>
    <bullet5/>
    <bullet6/>
    <bullet7/>
    <bullet8/>
    <bullet9/>
    <bullet10/>
    <bullet11/>
    <bullet12/>
    <bullet13/>
    <bullet14/>
    <bullet15/>
    <bullet16/>
    <bullet17/>
    <bullet18/>
    <bullet19/>
    <bullet20/>
    <bullet21/>
    <bullet22/>
    <bullet23/>
    <bullet24/>
    <vendorPriceUpdateDate>2023-04-22 00:00:00</vendorPriceUpdateDate>
  </part>
  <part>
    <partNumber>11400633</partNumber>
    <punctuatedPartNumber>1140-0633</punctuatedPartNumber>
    <partStatusDescription>DISCONTINUED</partStatusDescription>
    <partDescription>Clutch Cover Bushing - Short - Polaris</partDescription>
    <unitOfMeasure>2 Pack</unitOfMeasure>
    <brandName>FETT BROTHERS</brandName>
    <supplierNumber>CAB260</supplierNumber>
    <specialInstructions/>
    <baseDealerPrice>15.30</baseDealerPrice>
    <yourDealerPrice>15.30</yourDealerPrice>
    <baseRetailPrice>0.00</baseRetailPrice>
    <originalRetailPrice>30.99</originalRetailPrice>
    <partImage>http://asset.lemansnet.com/z/LzgvQi8yLzhCMkNDRjE3LTI3NzItNDRDOC1BRUVDLTdEM0M3NzZBNkZCRQ==</partImage>
    <productId>0087943386</productId>
    <productName>Primary Clutch Cover Bearing</productName>
    <productImage>http://asset.lemansnet.com/z/LzgvQi8yLzhCMkNDRjE3LTI3NzItNDRDOC1BRUVDLTdEM0M3NzZBNkZCRQ==</productImage>
    <bullet1>Teflon fiber bearings resist heat for consistent clutch performance</bullet1>
    <bullet2>Bearings supplied with new clips/retainers when required for easy installation</bullet2>
    <bullet3>Made in the U.S.A.</bullet3>
    <bullet4/>
    <bullet5/>
    <bullet6/>
    <bullet7/>
    <bullet8/>
    <bullet9/>
    <bullet10/>
    <bullet11/>
    <bullet12/>
    <bullet13/>
    <bullet14/>
    <bullet15/>
    <bullet16/>
    <bullet17/>
    <bullet18/>
    <bullet19/>
    <bullet20/>
    <bullet21/>
    <bullet22/>
    <bullet23/>
    <bullet24/>
    <vendorPriceUpdateDate>2022-06-01 00:00:00</vendorPriceUpdateDate>
  </part>
  <part>
    <partNumber>11400634</partNumber>
    <punctuatedPartNumber>1140-0634</punctuatedPartNumber>
    <partStatusDescription>DISCONTINUED</partStatusDescription>
    <partDescription>Clutch Cover Bushing - Long - Polaris</partDescription>
    <unitOfMeasure>Kit</unitOfMeasure>
    <brandName>FETT BROTHERS</brandName>
    <supplierNumber>CAB261</supplierNumber>
    <specialInstructions/>
    <baseDealerPrice>15.30</baseDealerPrice>
    <yourDealerPrice>15.30</yourDealerPrice>
    <baseRetailPrice>0.00</baseRetailPrice>
    <originalRetailPrice>30.99</originalRetailPrice>
    <partImage>http://asset.lemansnet.com/z/LzgvOS9GLzg5RkFCMjhGLTMwNjItNDkzMi05Mjc5LTFCQjA1NjMxOUVGRA==</partImage>
    <productId>0087943386</productId>
    <productName>Primary Clutch Cover Bearing</productName>
    <productImage>http://asset.lemansnet.com/z/LzgvQi8yLzhCMkNDRjE3LTI3NzItNDRDOC1BRUVDLTdEM0M3NzZBNkZCRQ==</productImage>
    <bullet1>Teflon fiber bearings resist heat for consistent clutch performance</bullet1>
    <bullet2>Bearings supplied with new clips/retainers when required for easy installation</bullet2>
    <bullet3>Made in the U.S.A.</bullet3>
    <bullet4/>
    <bullet5/>
    <bullet6/>
    <bullet7/>
    <bullet8/>
    <bullet9/>
    <bullet10/>
    <bullet11/>
    <bullet12/>
    <bullet13/>
    <bullet14/>
    <bullet15/>
    <bullet16/>
    <bullet17/>
    <bullet18/>
    <bullet19/>
    <bullet20/>
    <bullet21/>
    <bullet22/>
    <bullet23/>
    <bullet24/>
    <vendorPriceUpdateDate>2022-06-01 00:00:00</vendorPriceUpdateDate>
  </part>
  <part>
    <partNumber>11400635</partNumber>
    <punctuatedPartNumber>1140-0635</punctuatedPartNumber>
    <partStatusDescription>STANDARD</partStatusDescription>
    <partDescription>Sheave Bushing - Polaris</partDescription>
    <unitOfMeasure>Kit</unitOfMeasure>
    <brandName>FETT BROTHERS</brandName>
    <supplierNumber>CAB265</supplierNumber>
    <specialInstructions/>
    <baseDealerPrice>21.77</baseDealerPrice>
    <yourDealerPrice>21.77</yourDealerPrice>
    <baseRetailPrice>32.99</baseRetailPrice>
    <originalRetailPrice>30.99</originalRetailPrice>
    <partImage>http://asset.lemansnet.com/z/LzQvQS82LzRBNjRBNzVFLTgyQ0QtNDZFMy05NkM3LUJFRTU5QTI2MEQ2QQ==</partImage>
    <productId>1922313736</productId>
    <productName>Movable Sheave Bearing Kit for P85 Clutch</productName>
    <productImage>http://asset.lemansnet.com/z/LzQvQS82LzRBNjRBNzVFLTgyQ0QtNDZFMy05NkM3LUJFRTU5QTI2MEQ2QQ==</productImage>
    <bullet1>Includes steel retaining ring for precise replacement</bullet1>
    <bullet2>Proper clutch tolerances give longer belt life and more mpg</bullet2>
    <bullet3>Made in the USA</bullet3>
    <bullet4/>
    <bullet5/>
    <bullet6/>
    <bullet7/>
    <bullet8/>
    <bullet9/>
    <bullet10/>
    <bullet11/>
    <bullet12/>
    <bullet13/>
    <bullet14/>
    <bullet15/>
    <bullet16/>
    <bullet17/>
    <bullet18/>
    <bullet19/>
    <bullet20/>
    <bullet21/>
    <bullet22/>
    <bullet23/>
    <bullet24/>
    <vendorPriceUpdateDate>2022-06-01 00:00:00</vendorPriceUpdateDate>
  </part>
  <part>
    <partNumber>11410190</partNumber>
    <punctuatedPartNumber>1141-0190</punctuatedPartNumber>
    <partStatusDescription>STANDARD</partStatusDescription>
    <partDescription>Secondary Rollers - QRS - Can-Am/Ski-Doo</partDescription>
    <unitOfMeasure>2 Pack</unitOfMeasure>
    <brandName>FETT BROTHERS</brandName>
    <supplierNumber>SKSR1</supplierNumber>
    <specialInstructions/>
    <baseDealerPrice>48.17</baseDealerPrice>
    <yourDealerPrice>48.17</yourDealerPrice>
    <baseRetailPrice>72.99</baseRetailPrice>
    <originalRetailPrice>69.99</originalRetailPrice>
    <partImage>http://asset.lemansnet.com/z/LzMvOC9GLzM4RjdEMDNDLTQ1NTQtNDgxQy05ODMxLTRCRUU5REJCRTBBQQ==</partImage>
    <productId>0599871460</productId>
    <productName>Clutch Roller Kit</productName>
    <productImage>http://asset.lemansnet.com/z/LzMvOC9GLzM4RjdEMDNDLTQ1NTQtNDgxQy05ODMxLTRCRUU5REJCRTBBQQ==</productImage>
    <bullet1>Durable machined fiber secondary rollers</bullet1>
    <bullet2>Fiber compound is heat, wear, and corrosion resistant</bullet2>
    <bullet3>Quicker response, consistent RPM, and, less belt wear</bullet3>
    <bullet4>Made in the USA</bullet4>
    <bullet5/>
    <bullet6/>
    <bullet7/>
    <bullet8/>
    <bullet9/>
    <bullet10/>
    <bullet11/>
    <bullet12/>
    <bullet13/>
    <bullet14/>
    <bullet15/>
    <bullet16/>
    <bullet17/>
    <bullet18/>
    <bullet19/>
    <bullet20/>
    <bullet21/>
    <bullet22/>
    <bullet23/>
    <bullet24/>
    <vendorPriceUpdateDate>2023-04-22 00:00:00</vendorPriceUpdateDate>
  </part>
  <part>
    <partNumber>11410257</partNumber>
    <punctuatedPartNumber>1141-0257</punctuatedPartNumber>
    <partStatusDescription>STANDARD</partStatusDescription>
    <partDescription>Secondary Rollers - Yamaha</partDescription>
    <unitOfMeasure>3 Pack</unitOfMeasure>
    <brandName>FETT BROTHERS</brandName>
    <supplierNumber>YASR1</supplierNumber>
    <specialInstructions/>
    <baseDealerPrice>71.93</baseDealerPrice>
    <yourDealerPrice>71.93</yourDealerPrice>
    <baseRetailPrice>108.99</baseRetailPrice>
    <originalRetailPrice>104.99</originalRetailPrice>
    <partImage>http://asset.lemansnet.com/z/L0QvRC81L0RENTlGQUFGLTU5MjItNERFOS1BQTQwLUE0NEZCRTNBNDIwQw==</partImage>
    <productId>0599871460</productId>
    <productName>Clutch Roller Kit</productName>
    <productImage>http://asset.lemansnet.com/z/LzMvOC9GLzM4RjdEMDNDLTQ1NTQtNDgxQy05ODMxLTRCRUU5REJCRTBBQQ==</productImage>
    <bullet1>Durable machined fiber secondary rollers</bullet1>
    <bullet2>Fiber compound is heat, wear, and corrosion resistant</bullet2>
    <bullet3>Quicker response, consistent RPM, and, less belt wear</bullet3>
    <bullet4>Made in the USA</bullet4>
    <bullet5/>
    <bullet6/>
    <bullet7/>
    <bullet8/>
    <bullet9/>
    <bullet10/>
    <bullet11/>
    <bullet12/>
    <bullet13/>
    <bullet14/>
    <bullet15/>
    <bullet16/>
    <bullet17/>
    <bullet18/>
    <bullet19/>
    <bullet20/>
    <bullet21/>
    <bullet22/>
    <bullet23/>
    <bullet24/>
    <vendorPriceUpdateDate>2023-04-22 00:00:00</vendorPriceUpdateDate>
  </part>
  <part>
    <partNumber>11400536</partNumber>
    <punctuatedPartNumber>1140-0536</punctuatedPartNumber>
    <partStatusDescription>STANDARD</partStatusDescription>
    <partDescription>Clutch Spider Kit - Arctic Cat</partDescription>
    <unitOfMeasure>Kit</unitOfMeasure>
    <brandName>FETT BROTHERS</brandName>
    <supplierNumber>ACSK1</supplierNumber>
    <specialInstructions/>
    <baseDealerPrice>133.97</baseDealerPrice>
    <yourDealerPrice>133.97</yourDealerPrice>
    <baseRetailPrice>202.99</baseRetailPrice>
    <originalRetailPrice>194.99</originalRetailPrice>
    <partImage>http://asset.lemansnet.com/z/LzAvNC83LzA0NzYyMDg4LUJEOEMtNDE3MS1BMjdGLUREODBEQUI0Mzk4Rg==</partImage>
    <productId>1424490867</productId>
    <productName>Clutch Rebuild/Roller Kit</productName>
    <productImage>http://asset.lemansnet.com/z/LzAvNC83LzA0NzYyMDg4LUJEOEMtNDE3MS1BMjdGLUREODBEQUI0Mzk4Rg==</productImage>
    <bullet1>PTFE fiber bearings resist heat (without melting) for consistent clutching</bullet1>
    <bullet2>Durable machined fiber secondary rollers</bullet2>
    <bullet3>Complete kits include needed installation fasteners (pins, circlips, retainers)</bullet3>
    <bullet4>Made in the U.S.A.</bullet4>
    <bullet5/>
    <bullet6/>
    <bullet7/>
    <bullet8/>
    <bullet9/>
    <bullet10/>
    <bullet11/>
    <bullet12/>
    <bullet13/>
    <bullet14/>
    <bullet15/>
    <bullet16/>
    <bullet17/>
    <bullet18/>
    <bullet19/>
    <bullet20/>
    <bullet21/>
    <bullet22/>
    <bullet23/>
    <bullet24/>
    <vendorPriceUpdateDate>2023-04-22 00:00:00</vendorPriceUpdateDate>
  </part>
  <part>
    <partNumber>11400563</partNumber>
    <punctuatedPartNumber>1140-0563</punctuatedPartNumber>
    <partStatusDescription>STANDARD</partStatusDescription>
    <partDescription>Clutch Sheave Bushing - Arctic Cat</partDescription>
    <unitOfMeasure>Kit</unitOfMeasure>
    <brandName>FETT BROTHERS</brandName>
    <supplierNumber>CAB218</supplierNumber>
    <specialInstructions/>
    <baseDealerPrice>21.77</baseDealerPrice>
    <yourDealerPrice>21.77</yourDealerPrice>
    <baseRetailPrice>32.99</baseRetailPrice>
    <originalRetailPrice>30.99</originalRetailPrice>
    <partImage>http://asset.lemansnet.com/z/LzIvMi8xLzIyMTkzMTk3LUNBNUUtNDM2Qi1BRTcxLTkyMUNGOUFGOTcyOQ==</partImage>
    <productId>1250041797</productId>
    <productName>Movable Sheave Bearing Kit for 33mm Clutch</productName>
    <productImage>http://asset.lemansnet.com/z/LzIvMi8xLzIyMTkzMTk3LUNBNUUtNDM2Qi1BRTcxLTkyMUNGOUFGOTcyOQ==</productImage>
    <bullet1>For '00-'15 33 mm Arctic Cat clutches</bullet1>
    <bullet2>Includes new steel retainer ring</bullet2>
    <bullet3>High quality components made in the USA</bullet3>
    <bullet4>Not for use with 1000 twin 2-strokes.</bullet4>
    <bullet5/>
    <bullet6/>
    <bullet7/>
    <bullet8/>
    <bullet9/>
    <bullet10/>
    <bullet11/>
    <bullet12/>
    <bullet13/>
    <bullet14/>
    <bullet15/>
    <bullet16/>
    <bullet17/>
    <bullet18/>
    <bullet19/>
    <bullet20/>
    <bullet21/>
    <bullet22/>
    <bullet23/>
    <bullet24/>
    <vendorPriceUpdateDate>2022-06-01 00:00:00</vendorPriceUpdateDate>
  </part>
  <part>
    <partNumber>11400630</partNumber>
    <punctuatedPartNumber>1140-0630</punctuatedPartNumber>
    <partStatusDescription>STANDARD</partStatusDescription>
    <partDescription>Clutch Rebuild Kit - Polaris</partDescription>
    <unitOfMeasure>Kit</unitOfMeasure>
    <brandName>FETT BROTHERS</brandName>
    <supplierNumber>PLCRK1</supplierNumber>
    <specialInstructions/>
    <baseDealerPrice>158.39</baseDealerPrice>
    <yourDealerPrice>158.39</yourDealerPrice>
    <baseRetailPrice>239.99</baseRetailPrice>
    <originalRetailPrice>229.99</originalRetailPrice>
    <partImage>http://asset.lemansnet.com/z/LzgvNC8wLzg0MEZFOTM4LTdGNkItNDFDMi1BQzgyLUE1OTRCREMwQUM5OA==</partImage>
    <productId>0154280758</productId>
    <productName>Clutch Rebuild Kit</productName>
    <productImage>http://asset.lemansnet.com/z/LzgvNC8wLzg0MEZFOTM4LTdGNkItNDFDMi1BQzgyLUE1OTRCREMwQUM5OA==</productImage>
    <bullet1>All the high wear parts in one kit</bullet1>
    <bullet2>12 &amp; 22 mm Teflon™ fiber cover bearings with clip</bullet2>
    <bullet3>Teflon fiber moveable sheave bearing with steel retainer ring</bullet3>
    <bullet4>14 mm wide rollers, 25 mm pin, and 6.2 mm thick buttons</bullet4>
    <bullet5>Complete kits for worn spider components</bullet5>
    <bullet6>14 mm wide rollers, 25 mm pin, and 6.2 mm thick buttons</bullet6>
    <bullet7>Includes rollers/pins/washers/slider buttons</bullet7>
    <bullet8/>
    <bullet9/>
    <bullet10/>
    <bullet11/>
    <bullet12/>
    <bullet13/>
    <bullet14/>
    <bullet15/>
    <bullet16/>
    <bullet17/>
    <bullet18/>
    <bullet19/>
    <bullet20/>
    <bullet21/>
    <bullet22/>
    <bullet23/>
    <bullet24/>
    <vendorPriceUpdateDate>2023-04-22 00:00:00</vendorPriceUpdateDate>
  </part>
  <part>
    <partNumber>47500122</partNumber>
    <punctuatedPartNumber>4750-0122</punctuatedPartNumber>
    <partStatusDescription>DISCONTINUED</partStatusDescription>
    <partDescription>Universal Repair Bracket Slide Rail Repair Kit - Standard - 3/8-16 x 11” long size</partDescription>
    <unitOfMeasure>Kit</unitOfMeasure>
    <brandName>FETT BROTHERS</brandName>
    <supplierNumber>ASRB1</supplierNumber>
    <specialInstructions>Discontinued Part</specialInstructions>
    <baseDealerPrice>61.70</baseDealerPrice>
    <yourDealerPrice>61.70</yourDealerPrice>
    <baseRetailPrice>0.00</baseRetailPrice>
    <originalRetailPrice>109.99</originalRetailPrice>
    <partImage>http://asset.lemansnet.com/z/LzUvOC9CLzU4QkM4NEZCLUY0NjAtNEUyQi05NjBDLTE2NDdFQUM5NTk3Mw==</partImage>
    <productId>2093813993</productId>
    <productName>Rail Repair Bracket</productName>
    <productImage>http://asset.lemansnet.com/z/LzUvRC8wLzVEMDFENDk3LTE4RUQtNDYxMC04NjFGLTVDNkNFOUUyQzI3Mg==</productImage>
    <bullet1>Know the type of thread used on your sled to order appropriate kit</bullet1>
    <bullet2>Lower front shock bolt tends to loosen and elongate mount hole in the rail</bullet2>
    <bullet3>Economical fix for elongated slide rail holes</bullet3>
    <bullet4>Bolt on aluminum plate eliminates welding or rail replacement</bullet4>
    <bullet5>Available in 2 options to fit most snowmobiles</bullet5>
    <bullet6>Install before damage occurs as preventative insurance</bullet6>
    <bullet7>Plates have no holes, drill to match the holes of your model</bullet7>
    <bullet8>Simple garage tools and limited mechanical skill required for installation</bullet8>
    <bullet9/>
    <bullet10/>
    <bullet11/>
    <bullet12/>
    <bullet13/>
    <bullet14/>
    <bullet15/>
    <bullet16/>
    <bullet17/>
    <bullet18/>
    <bullet19/>
    <bullet20/>
    <bullet21/>
    <bullet22/>
    <bullet23/>
    <bullet24/>
    <vendorPriceUpdateDate>2023-04-22 00:00:00</vendorPriceUpdateDate>
  </part>
  <part>
    <partNumber>11400281</partNumber>
    <punctuatedPartNumber>1140-0281</punctuatedPartNumber>
    <partStatusDescription>STANDARD</partStatusDescription>
    <partDescription>Cam Arm Bushings</partDescription>
    <unitOfMeasure>3 Pack</unitOfMeasure>
    <brandName>FETT BROTHERS</brandName>
    <supplierNumber>CAB210</supplierNumber>
    <specialInstructions/>
    <baseDealerPrice>21.77</baseDealerPrice>
    <yourDealerPrice>21.77</yourDealerPrice>
    <baseRetailPrice>32.99</baseRetailPrice>
    <originalRetailPrice>30.99</originalRetailPrice>
    <partImage>http://asset.lemansnet.com/z/LzUvQy9BLzVDQUU5QkZBLTNGRTAtNDkzMS05M0Y1LUM2MzJEMzRERUExNCwvNC8yLzYvNDI2ODdDQTYtQTVBMy00RDZBLUE4QzMtRUYyNUI4QzQzQ0M3</partImage>
    <productId>0505158815</productId>
    <productName>Cam Arm Bearings</productName>
    <productImage>http://asset.lemansnet.com/z/LzUvQy9BLzVDQUU5QkZBLTNGRTAtNDkzMS05M0Y1LUM2MzJEMzRERUExNA==</productImage>
    <bullet1>Made in U.S.A</bullet1>
    <bullet2/>
    <bullet3/>
    <bullet4/>
    <bullet5/>
    <bullet6/>
    <bullet7/>
    <bullet8/>
    <bullet9/>
    <bullet10/>
    <bullet11/>
    <bullet12/>
    <bullet13/>
    <bullet14/>
    <bullet15/>
    <bullet16/>
    <bullet17/>
    <bullet18/>
    <bullet19/>
    <bullet20/>
    <bullet21/>
    <bullet22/>
    <bullet23/>
    <bullet24/>
    <vendorPriceUpdateDate>2023-04-22 00:00:00</vendorPriceUpdateDate>
  </part>
  <part>
    <partNumber>11400562</partNumber>
    <punctuatedPartNumber>1140-0562</punctuatedPartNumber>
    <partStatusDescription>STANDARD</partStatusDescription>
    <partDescription>Spider Button Kit - Arctic Cat</partDescription>
    <unitOfMeasure>6 Pack</unitOfMeasure>
    <brandName>FETT BROTHERS</brandName>
    <supplierNumber>ACSBK2</supplierNumber>
    <specialInstructions/>
    <baseDealerPrice>37.61</baseDealerPrice>
    <yourDealerPrice>37.61</yourDealerPrice>
    <baseRetailPrice>56.99</baseRetailPrice>
    <originalRetailPrice>54.99</originalRetailPrice>
    <partImage>http://asset.lemansnet.com/z/L0QvMC8yL0QwMkRGRjE2LTNFRjYtNDc0My1BNzc4LTM4RkRBMjcxOTAxRA==</partImage>
    <productId>0376845214</productId>
    <productName>Spider Button Kit</productName>
    <productImage>http://asset.lemansnet.com/z/L0QvMC8yL0QwMkRGRjE2LTNFRjYtNDc0My1BNzc4LTM4RkRBMjcxOTAxRA==</productImage>
    <bullet1>Keep sliders tight with precision replacements</bullet1>
    <bullet2>Slider buttons eliminate tower free play and clutch rattle</bullet2>
    <bullet3/>
    <bullet4/>
    <bullet5/>
    <bullet6/>
    <bullet7/>
    <bullet8/>
    <bullet9/>
    <bullet10/>
    <bullet11/>
    <bullet12/>
    <bullet13/>
    <bullet14/>
    <bullet15/>
    <bullet16/>
    <bullet17/>
    <bullet18/>
    <bullet19/>
    <bullet20/>
    <bullet21/>
    <bullet22/>
    <bullet23/>
    <bullet24/>
    <vendorPriceUpdateDate>2023-04-22 00:00:00</vendorPriceUpdateDate>
  </part>
  <part>
    <partNumber>CTW013</partNumber>
    <punctuatedPartNumber>CTW013</punctuatedPartNumber>
    <partStatusDescription>STANDARD</partStatusDescription>
    <partDescription>Offset Timing Key - 1.4° Offset - Arctic Cat</partDescription>
    <unitOfMeasure>Each</unitOfMeasure>
    <brandName>FETT BROTHERS</brandName>
    <supplierNumber>CTW010</supplierNumber>
    <specialInstructions/>
    <baseDealerPrice>21.11</baseDealerPrice>
    <yourDealerPrice>21.11</yourDealerPrice>
    <baseRetailPrice>31.99</baseRetailPrice>
    <originalRetailPrice>29.99</originalRetailPrice>
    <partImage>http://asset.lemansnet.com/z/L0MvOS9CL0M5QjZBNTU0LUU3QUMtNDU1RS1BMjkzLUQ3NkYxRTJBRDJDNg==</partImage>
    <productId>0117905301</productId>
    <productName>Offset Timing Key</productName>
    <productImage>http://asset.lemansnet.com/z/LzMvMi9BLzMyQUE3RTNELTgxRDktNDE5Qi04Qzg1LTYyN0E1QUQ0NUU2NQ==</productImage>
    <bullet1>More power and acceleration with up to 2 horsepower gain</bullet1>
    <bullet2>Degrees of advance depend upon stroke, rod location and offset</bullet2>
    <bullet3>Simple timing option for fixed stator plates</bullet3>
    <bullet4>Work with both stock and modified engines</bullet4>
    <bullet5>More timing offset equals more heat, so re-jetting will be required.</bullet5>
    <bullet6>Using premium fuel (91 octane minimum) with these offset keys is highly recommended.</bullet6>
    <bullet7/>
    <bullet8/>
    <bullet9/>
    <bullet10/>
    <bullet11/>
    <bullet12/>
    <bullet13/>
    <bullet14/>
    <bullet15/>
    <bullet16/>
    <bullet17/>
    <bullet18/>
    <bullet19/>
    <bullet20/>
    <bullet21/>
    <bullet22/>
    <bullet23/>
    <bullet24/>
    <vendorPriceUpdateDate>2022-06-01 00:00:00</vendorPriceUpdateDate>
  </part>
  <part>
    <partNumber>CTW020</partNumber>
    <punctuatedPartNumber>CTW020</punctuatedPartNumber>
    <partStatusDescription>STANDARD</partStatusDescription>
    <partDescription>Offset Timing Key - 2.5° Offset - Arctic Cat</partDescription>
    <unitOfMeasure>Each</unitOfMeasure>
    <brandName>FETT BROTHERS</brandName>
    <supplierNumber>CTW020</supplierNumber>
    <specialInstructions/>
    <baseDealerPrice>21.11</baseDealerPrice>
    <yourDealerPrice>21.11</yourDealerPrice>
    <baseRetailPrice>31.99</baseRetailPrice>
    <originalRetailPrice>29.99</originalRetailPrice>
    <partImage>http://asset.lemansnet.com/z/LzAvMC9DLzAwQzAxQzI0LUNCMzQtNENBNy1BQ0JELTRBQzM3RkRGQ0QxMg==</partImage>
    <productId>1895492511</productId>
    <productName>Offset Timing Key</productName>
    <productImage>http://asset.lemansnet.com/z/LzMvMi9BLzMyQUE3RTNELTgxRDktNDE5Qi04Qzg1LTYyN0E1QUQ0NUU2NQ==</productImage>
    <bullet1>More power and acceleration with up to 2 horsepower gain</bullet1>
    <bullet2>Degrees of advance depend upon stroke, rod location and offset</bullet2>
    <bullet3>Simple timing option for fixed stator plates</bullet3>
    <bullet4>Work with both stock and modified engines</bullet4>
    <bullet5>More timing offset equals more heat, so re-jetting will be required.</bullet5>
    <bullet6>Using premium fuel (91 octane minimum) with these offset keys is highly recommended.</bullet6>
    <bullet7/>
    <bullet8/>
    <bullet9/>
    <bullet10/>
    <bullet11/>
    <bullet12/>
    <bullet13/>
    <bullet14/>
    <bullet15/>
    <bullet16/>
    <bullet17/>
    <bullet18/>
    <bullet19/>
    <bullet20/>
    <bullet21/>
    <bullet22/>
    <bullet23/>
    <bullet24/>
    <vendorPriceUpdateDate>2022-06-01 00:00:00</vendorPriceUpdateDate>
  </part>
  <part>
    <partNumber>09220077</partNumber>
    <punctuatedPartNumber>0922-0077</punctuatedPartNumber>
    <partStatusDescription>STANDARD</partStatusDescription>
    <partDescription>Offset Timing Key - 1.1° Offset - Ski-Doo</partDescription>
    <unitOfMeasure>Each</unitOfMeasure>
    <brandName>FETT BROTHERS</brandName>
    <supplierNumber>SKW010</supplierNumber>
    <specialInstructions/>
    <baseDealerPrice>21.11</baseDealerPrice>
    <yourDealerPrice>21.11</yourDealerPrice>
    <baseRetailPrice>31.99</baseRetailPrice>
    <originalRetailPrice>29.99</originalRetailPrice>
    <partImage>http://asset.lemansnet.com/z/L0QvQy81L0RDNUI0OTkxLTc3N0ItNDc3MS04MEVDLTE5NjdBMjlEQjdBMw==</partImage>
    <productId>1895492511</productId>
    <productName>Offset Timing Key</productName>
    <productImage>http://asset.lemansnet.com/z/LzMvMi9BLzMyQUE3RTNELTgxRDktNDE5Qi04Qzg1LTYyN0E1QUQ0NUU2NQ==</productImage>
    <bullet1>More power and acceleration with up to 2 horsepower gain</bullet1>
    <bullet2>Degrees of advance depend upon stroke, rod location and offset</bullet2>
    <bullet3>Simple timing option for fixed stator plates</bullet3>
    <bullet4>Work with both stock and modified engines</bullet4>
    <bullet5>More timing offset equals more heat, so re-jetting will be required.</bullet5>
    <bullet6>Using premium fuel (91 octane minimum) with these offset keys is highly recommended.</bullet6>
    <bullet7/>
    <bullet8/>
    <bullet9/>
    <bullet10/>
    <bullet11/>
    <bullet12/>
    <bullet13/>
    <bullet14/>
    <bullet15/>
    <bullet16/>
    <bullet17/>
    <bullet18/>
    <bullet19/>
    <bullet20/>
    <bullet21/>
    <bullet22/>
    <bullet23/>
    <bullet24/>
    <vendorPriceUpdateDate>2022-06-01 00:00:00</vendorPriceUpdateDate>
  </part>
  <part>
    <partNumber>09220078</partNumber>
    <punctuatedPartNumber>0922-0078</punctuatedPartNumber>
    <partStatusDescription>STANDARD</partStatusDescription>
    <partDescription>Offset Timing Key - 2.4° Offset - Ski-Doo</partDescription>
    <unitOfMeasure>Each</unitOfMeasure>
    <brandName>FETT BROTHERS</brandName>
    <supplierNumber>SKW020</supplierNumber>
    <specialInstructions/>
    <baseDealerPrice>21.11</baseDealerPrice>
    <yourDealerPrice>21.11</yourDealerPrice>
    <baseRetailPrice>31.99</baseRetailPrice>
    <originalRetailPrice>29.99</originalRetailPrice>
    <partImage>http://asset.lemansnet.com/z/LzQvNi85LzQ2OTMwRUFFLTZFMjctNDdGOC1CRkEwLTI3NTcxNjQxQTlDQQ==</partImage>
    <productId>1895492511</productId>
    <productName>Offset Timing Key</productName>
    <productImage>http://asset.lemansnet.com/z/LzMvMi9BLzMyQUE3RTNELTgxRDktNDE5Qi04Qzg1LTYyN0E1QUQ0NUU2NQ==</productImage>
    <bullet1>More power and acceleration with up to 2 horsepower gain</bullet1>
    <bullet2>Degrees of advance depend upon stroke, rod location and offset</bullet2>
    <bullet3>Simple timing option for fixed stator plates</bullet3>
    <bullet4>Work with both stock and modified engines</bullet4>
    <bullet5>More timing offset equals more heat, so re-jetting will be required.</bullet5>
    <bullet6>Using premium fuel (91 octane minimum) with these offset keys is highly recommended.</bullet6>
    <bullet7/>
    <bullet8/>
    <bullet9/>
    <bullet10/>
    <bullet11/>
    <bullet12/>
    <bullet13/>
    <bullet14/>
    <bullet15/>
    <bullet16/>
    <bullet17/>
    <bullet18/>
    <bullet19/>
    <bullet20/>
    <bullet21/>
    <bullet22/>
    <bullet23/>
    <bullet24/>
    <vendorPriceUpdateDate>2022-06-01 00:00:00</vendorPriceUpdateDate>
  </part>
  <part>
    <partNumber>11400723</partNumber>
    <punctuatedPartNumber>1140-0723</punctuatedPartNumber>
    <partStatusDescription>STANDARD</partStatusDescription>
    <partDescription>Clutch Spider Kit - Arctic Cat</partDescription>
    <unitOfMeasure>Kit</unitOfMeasure>
    <brandName>FETT BROTHERS</brandName>
    <supplierNumber>ACSK2</supplierNumber>
    <specialInstructions/>
    <baseDealerPrice>144.53</baseDealerPrice>
    <yourDealerPrice>144.53</yourDealerPrice>
    <baseRetailPrice>218.99</baseRetailPrice>
    <originalRetailPrice>209.99</originalRetailPrice>
    <partImage>http://asset.lemansnet.com/z/LzUvOC82LzU4NjgyN0EzLTc2Q0ItNDVCRi1BNjM3LTUwMEU5OTc0RjkxMywvQi9CLzQvQkI0RjM2MkUtMkVDMS00RjdBLTlEMEItNDlEMEU5NzA1REZB</partImage>
    <productId>1510618763</productId>
    <productName>Clutch Spider Kit</productName>
    <productImage>http://asset.lemansnet.com/z/LzUvOC82LzU4NjgyN0EzLTc2Q0ItNDVCRi1BNjM3LTUwMEU5OTc0RjkxMw==</productImage>
    <bullet1>Finish ground pins with QPQ treatment , hardened rollers with teflon fiber bearing, roller spacer washers, and precision cut slider buttons.</bullet1>
    <bullet2>It does take special clutch tools and knowledge to remove clutch from engine and disassemble the clutch.</bullet2>
    <bullet3>Made in the U.S.A.</bullet3>
    <bullet4/>
    <bullet5/>
    <bullet6/>
    <bullet7/>
    <bullet8/>
    <bullet9/>
    <bullet10/>
    <bullet11/>
    <bullet12/>
    <bullet13/>
    <bullet14/>
    <bullet15/>
    <bullet16/>
    <bullet17/>
    <bullet18/>
    <bullet19/>
    <bullet20/>
    <bullet21/>
    <bullet22/>
    <bullet23/>
    <bullet24/>
    <vendorPriceUpdateDate>2023-04-22 00:00:00</vendorPriceUpdateDate>
  </part>
  <part>
    <partNumber>05020549</partNumber>
    <punctuatedPartNumber>0502-0549</punctuatedPartNumber>
    <partStatusDescription>STANDARD</partStatusDescription>
    <partDescription>Belly Brace - Ski-Doo Gen 4</partDescription>
    <unitOfMeasure>Each</unitOfMeasure>
    <brandName>FETT BROTHERS</brandName>
    <supplierNumber>SKBB2</supplierNumber>
    <specialInstructions/>
    <baseDealerPrice>39.59</baseDealerPrice>
    <yourDealerPrice>39.59</yourDealerPrice>
    <baseRetailPrice>59.99</baseRetailPrice>
    <originalRetailPrice>59.99</originalRetailPrice>
    <partImage>http://asset.lemansnet.com/z/LzUvOC9DLzU4QzczODQxLTg2MkMtNEVGMS1BNDFCLUZCQjJEMDlFMzc5QSwvQi83LzMvQjczNzAyNzEtREQ3MS00MDk2LUE1MEItQzVDNDM3NEIxMzA5</partImage>
    <productId>0034564391</productId>
    <productName>Belly Brace</productName>
    <productImage>http://asset.lemansnet.com/z/L0IvOS9FL0I5RUE0OEEwLTcyNEYtNEI5NS1CNDcxLTg4NTk1MkNGRURDNA==</productImage>
    <bullet1>Strengthens A-arm mounting points to prevent costly repairs</bullet1>
    <bullet2>Protects entire A-arm/steering area against rocks or other hard hits</bullet2>
    <bullet3>Durable steel is zinc plated black for great appearance</bullet3>
    <bullet4>Helps to prevent stock cast steering mount from breakage</bullet4>
    <bullet5>Fit both 2- or 4- stroke models and can be used with skid plates</bullet5>
    <bullet6>Includes all hardware and installation instructions</bullet6>
    <bullet7>Brace up the well-known "weak link" in Ski-doo front ends</bullet7>
    <bullet8>Frame braces or skid plates can still be used</bullet8>
    <bullet9>Includes all hardware and instructions for easy mounting</bullet9>
    <bullet10/>
    <bullet11/>
    <bullet12/>
    <bullet13/>
    <bullet14/>
    <bullet15/>
    <bullet16/>
    <bullet17/>
    <bullet18/>
    <bullet19/>
    <bullet20/>
    <bullet21/>
    <bullet22/>
    <bullet23/>
    <bullet24/>
    <vendorPriceUpdateDate>2022-06-01 00:00:00</vendorPriceUpdateDate>
  </part>
  <part>
    <partNumber>11400445</partNumber>
    <punctuatedPartNumber>1140-0445</punctuatedPartNumber>
    <partStatusDescription>STANDARD</partStatusDescription>
    <partDescription>Clutch Rollers - Ski-Doo</partDescription>
    <unitOfMeasure>Kit</unitOfMeasure>
    <brandName>FETT BROTHERS</brandName>
    <supplierNumber>SKR155P</supplierNumber>
    <specialInstructions/>
    <baseDealerPrice>51.47</baseDealerPrice>
    <yourDealerPrice>51.47</yourDealerPrice>
    <baseRetailPrice>77.99</baseRetailPrice>
    <originalRetailPrice>74.99</originalRetailPrice>
    <partImage>http://asset.lemansnet.com/z/LzUvNC81LzU0NTRCQTNFLTBCODUtNDM2MS1BMjc2LUZGRTNFQ0I3OTQyRQ==</partImage>
    <productId>1580344581</productId>
    <productName>Clutch Rebuild/Roller Kit</productName>
    <productImage>http://asset.lemansnet.com/z/LzAvNC83LzA0NzYyMDg4LUJEOEMtNDE3MS1BMjdGLUREODBEQUI0Mzk4Rg==</productImage>
    <bullet1>PTFE fiber bearings resist heat (without melting) for consistent clutching</bullet1>
    <bullet2>Durable machined fiber secondary rollers</bullet2>
    <bullet3>Complete kits include needed installation fasteners (pins, circlips, retainers)</bullet3>
    <bullet4>Made in the U.S.A.</bullet4>
    <bullet5/>
    <bullet6/>
    <bullet7/>
    <bullet8/>
    <bullet9/>
    <bullet10/>
    <bullet11/>
    <bullet12/>
    <bullet13/>
    <bullet14/>
    <bullet15/>
    <bullet16/>
    <bullet17/>
    <bullet18/>
    <bullet19/>
    <bullet20/>
    <bullet21/>
    <bullet22/>
    <bullet23/>
    <bullet24/>
    <vendorPriceUpdateDate>2023-04-22 00:00:00</vendorPriceUpdateDate>
  </part>
  <part>
    <partNumber>11400446</partNumber>
    <punctuatedPartNumber>1140-0446</punctuatedPartNumber>
    <partStatusDescription>STANDARD</partStatusDescription>
    <partDescription>Clutch Rollers - 1 mm Oversize - Ski-Doo</partDescription>
    <unitOfMeasure>Kit</unitOfMeasure>
    <brandName>FETT BROTHERS</brandName>
    <supplierNumber>SKR165P</supplierNumber>
    <specialInstructions>WASHERS NOT INCLUDED 02JBC</specialInstructions>
    <baseDealerPrice>51.47</baseDealerPrice>
    <yourDealerPrice>51.47</yourDealerPrice>
    <baseRetailPrice>77.99</baseRetailPrice>
    <originalRetailPrice>78.95</originalRetailPrice>
    <partImage>http://asset.lemansnet.com/z/LzUvNC81LzU0NTRCQTNFLTBCODUtNDM2MS1BMjc2LUZGRTNFQ0I3OTQyRQ==</partImage>
    <productId>0269898874</productId>
    <productName>Clutch Rebuild/Roller Kit</productName>
    <productImage>http://asset.lemansnet.com/z/LzAvNC83LzA0NzYyMDg4LUJEOEMtNDE3MS1BMjdGLUREODBEQUI0Mzk4Rg==</productImage>
    <bullet1>PTFE fiber bearings resist heat (without melting) for consistent clutching</bullet1>
    <bullet2>Durable machined fiber secondary rollers</bullet2>
    <bullet3>Complete kits include needed installation fasteners (pins, circlips, retainers)</bullet3>
    <bullet4>Made in the U.S.A.</bullet4>
    <bullet5/>
    <bullet6/>
    <bullet7/>
    <bullet8/>
    <bullet9/>
    <bullet10/>
    <bullet11/>
    <bullet12/>
    <bullet13/>
    <bullet14/>
    <bullet15/>
    <bullet16/>
    <bullet17/>
    <bullet18/>
    <bullet19/>
    <bullet20/>
    <bullet21/>
    <bullet22/>
    <bullet23/>
    <bullet24/>
    <vendorPriceUpdateDate>2023-04-22 00:00:00</vendorPriceUpdateDate>
  </part>
  <part>
    <partNumber>11400492</partNumber>
    <punctuatedPartNumber>1140-0492</punctuatedPartNumber>
    <partStatusDescription>STANDARD</partStatusDescription>
    <partDescription>Clutch Bushing - Ski-Doo</partDescription>
    <unitOfMeasure>Kit</unitOfMeasure>
    <brandName>FETT BROTHERS</brandName>
    <supplierNumber>CAB235</supplierNumber>
    <specialInstructions/>
    <baseDealerPrice>21.77</baseDealerPrice>
    <yourDealerPrice>21.77</yourDealerPrice>
    <baseRetailPrice>32.99</baseRetailPrice>
    <originalRetailPrice>30.99</originalRetailPrice>
    <partImage>http://asset.lemansnet.com/z/LzgvMC8yLzgwMjExRjk3LTJFMzktNDNFRS1BOUQwLTEyQjk3NEFGOTdBMw==</partImage>
    <productId>1318899646</productId>
    <productName>Movable Sheave Bearing Kit for TRA Clutch</productName>
    <productImage>http://asset.lemansnet.com/z/LzgvMC8yLzgwMjExRjk3LTJFMzktNDNFRS1BOUQwLTEyQjk3NEFGOTdBMw==</productImage>
    <bullet1>Proper clutch tolerances give longer belt life and more mpg</bullet1>
    <bullet2>Includes new circlip</bullet2>
    <bullet3>Made in the USA</bullet3>
    <bullet4/>
    <bullet5/>
    <bullet6/>
    <bullet7/>
    <bullet8/>
    <bullet9/>
    <bullet10/>
    <bullet11/>
    <bullet12/>
    <bullet13/>
    <bullet14/>
    <bullet15/>
    <bullet16/>
    <bullet17/>
    <bullet18/>
    <bullet19/>
    <bullet20/>
    <bullet21/>
    <bullet22/>
    <bullet23/>
    <bullet24/>
    <vendorPriceUpdateDate>2022-06-01 00:00:00</vendorPriceUpdateDate>
  </part>
  <part>
    <partNumber>11400534</partNumber>
    <punctuatedPartNumber>1140-0534</punctuatedPartNumber>
    <partStatusDescription>STANDARD</partStatusDescription>
    <partDescription>Clutch Roller Kit - Ski-Doo</partDescription>
    <unitOfMeasure>Kit</unitOfMeasure>
    <brandName>FETT BROTHERS</brandName>
    <supplierNumber>SKR155K</supplierNumber>
    <specialInstructions/>
    <baseDealerPrice>71.93</baseDealerPrice>
    <yourDealerPrice>71.93</yourDealerPrice>
    <baseRetailPrice>108.99</baseRetailPrice>
    <originalRetailPrice>104.99</originalRetailPrice>
    <partImage>http://asset.lemansnet.com/z/L0MvQS8zL0NBMzMzNzk1LTkwOUItNDVBMS05NkQ1LTA2MEQwREI2OEVGMA==</partImage>
    <productId>0269898874</productId>
    <productName>Clutch Rebuild/Roller Kit</productName>
    <productImage>http://asset.lemansnet.com/z/LzAvNC83LzA0NzYyMDg4LUJEOEMtNDE3MS1BMjdGLUREODBEQUI0Mzk4Rg==</productImage>
    <bullet1>PTFE fiber bearings resist heat (without melting) for consistent clutching</bullet1>
    <bullet2>Durable machined fiber secondary rollers</bullet2>
    <bullet3>Complete kits include needed installation fasteners (pins, circlips, retainers)</bullet3>
    <bullet4>Made in the U.S.A.</bullet4>
    <bullet5/>
    <bullet6/>
    <bullet7/>
    <bullet8/>
    <bullet9/>
    <bullet10/>
    <bullet11/>
    <bullet12/>
    <bullet13/>
    <bullet14/>
    <bullet15/>
    <bullet16/>
    <bullet17/>
    <bullet18/>
    <bullet19/>
    <bullet20/>
    <bullet21/>
    <bullet22/>
    <bullet23/>
    <bullet24/>
    <vendorPriceUpdateDate>2023-04-22 00:00:00</vendorPriceUpdateDate>
  </part>
  <part>
    <partNumber>11400631</partNumber>
    <punctuatedPartNumber>1140-0631</punctuatedPartNumber>
    <partStatusDescription>STANDARD</partStatusDescription>
    <partDescription>Clutch Spider Kit - Polaris</partDescription>
    <unitOfMeasure>Kit</unitOfMeasure>
    <brandName>FETT BROTHERS</brandName>
    <supplierNumber>PLSK1</supplierNumber>
    <specialInstructions/>
    <baseDealerPrice>130.67</baseDealerPrice>
    <yourDealerPrice>130.67</yourDealerPrice>
    <baseRetailPrice>197.99</baseRetailPrice>
    <originalRetailPrice>189.99</originalRetailPrice>
    <partImage>http://asset.lemansnet.com/z/L0EvMC9GL0EwRkNDRTZCLUQ0Q0EtNEQ1Mi1BMzdBLTY1RjNBODBCMUY5Mw==</partImage>
    <productId>0154280758</productId>
    <productName>Clutch Rebuild Kit</productName>
    <productImage>http://asset.lemansnet.com/z/LzgvNC8wLzg0MEZFOTM4LTdGNkItNDFDMi1BQzgyLUE1OTRCREMwQUM5OA==</productImage>
    <bullet1>All the high wear parts in one kit</bullet1>
    <bullet2>12 &amp; 22 mm Teflon™ fiber cover bearings with clip</bullet2>
    <bullet3>Teflon fiber moveable sheave bearing with steel retainer ring</bullet3>
    <bullet4>14 mm wide rollers, 25 mm pin, and 6.2 mm thick buttons</bullet4>
    <bullet5>Complete kits for worn spider components</bullet5>
    <bullet6>14 mm wide rollers, 25 mm pin, and 6.2 mm thick buttons</bullet6>
    <bullet7>Includes rollers/pins/washers/slider buttons</bullet7>
    <bullet8/>
    <bullet9/>
    <bullet10/>
    <bullet11/>
    <bullet12/>
    <bullet13/>
    <bullet14/>
    <bullet15/>
    <bullet16/>
    <bullet17/>
    <bullet18/>
    <bullet19/>
    <bullet20/>
    <bullet21/>
    <bullet22/>
    <bullet23/>
    <bullet24/>
    <vendorPriceUpdateDate>2023-04-22 00:00:00</vendorPriceUpdateDate>
  </part>
  <part>
    <partNumber>09220067</partNumber>
    <punctuatedPartNumber>0922-0067</punctuatedPartNumber>
    <partStatusDescription>STANDARD</partStatusDescription>
    <partDescription>Offset Timing Key - 1.4° Offset - Arctic Cat</partDescription>
    <unitOfMeasure>Each</unitOfMeasure>
    <brandName>FETT BROTHERS</brandName>
    <supplierNumber>CTR010</supplierNumber>
    <specialInstructions/>
    <baseDealerPrice>21.11</baseDealerPrice>
    <yourDealerPrice>21.11</yourDealerPrice>
    <baseRetailPrice>31.99</baseRetailPrice>
    <originalRetailPrice>29.99</originalRetailPrice>
    <partImage>http://asset.lemansnet.com/z/LzYvMC8yLzYwMjQzNUFBLTJGNDUtNDAzQS04RUVFLUU3RkNDMzQ3RTA4Rg==</partImage>
    <productId>2098517557</productId>
    <productName>Offset Timing Key</productName>
    <productImage>http://asset.lemansnet.com/z/LzMvMi9BLzMyQUE3RTNELTgxRDktNDE5Qi04Qzg1LTYyN0E1QUQ0NUU2NQ==</productImage>
    <bullet1>More power and acceleration with up to 2 horsepower gain</bullet1>
    <bullet2>Degrees of advance depend upon stroke, rod location and offset</bullet2>
    <bullet3>Simple timing option for fixed stator plates</bullet3>
    <bullet4>Work with both stock and modified engines</bullet4>
    <bullet5>More timing offset equals more heat, so re-jetting will be required.</bullet5>
    <bullet6>Using premium fuel (91 octane minimum) with these offset keys is highly recommended.</bullet6>
    <bullet7/>
    <bullet8/>
    <bullet9/>
    <bullet10/>
    <bullet11/>
    <bullet12/>
    <bullet13/>
    <bullet14/>
    <bullet15/>
    <bullet16/>
    <bullet17/>
    <bullet18/>
    <bullet19/>
    <bullet20/>
    <bullet21/>
    <bullet22/>
    <bullet23/>
    <bullet24/>
    <vendorPriceUpdateDate>2022-06-01 00:00:00</vendorPriceUpdateDate>
  </part>
  <part>
    <partNumber>09220075</partNumber>
    <punctuatedPartNumber>0922-0075</punctuatedPartNumber>
    <partStatusDescription>STANDARD</partStatusDescription>
    <partDescription>Offset Timing Key - 1.5° Offset - Polaris</partDescription>
    <unitOfMeasure>Each</unitOfMeasure>
    <brandName>FETT BROTHERS</brandName>
    <supplierNumber>PLW010</supplierNumber>
    <specialInstructions/>
    <baseDealerPrice>21.11</baseDealerPrice>
    <yourDealerPrice>21.11</yourDealerPrice>
    <baseRetailPrice>31.99</baseRetailPrice>
    <originalRetailPrice>29.99</originalRetailPrice>
    <partImage>http://asset.lemansnet.com/z/LzcvOC8wLzc4MDM1ODc4LUI2RDItNDVCOS04MzQ3LUY1RkU3QkYyRTJBMQ==</partImage>
    <productId>1895492511</productId>
    <productName>Offset Timing Key</productName>
    <productImage>http://asset.lemansnet.com/z/LzMvMi9BLzMyQUE3RTNELTgxRDktNDE5Qi04Qzg1LTYyN0E1QUQ0NUU2NQ==</productImage>
    <bullet1>More power and acceleration with up to 2 horsepower gain</bullet1>
    <bullet2>Degrees of advance depend upon stroke, rod location and offset</bullet2>
    <bullet3>Simple timing option for fixed stator plates</bullet3>
    <bullet4>Work with both stock and modified engines</bullet4>
    <bullet5>More timing offset equals more heat, so re-jetting will be required.</bullet5>
    <bullet6>Using premium fuel (91 octane minimum) with these offset keys is highly recommended.</bullet6>
    <bullet7/>
    <bullet8/>
    <bullet9/>
    <bullet10/>
    <bullet11/>
    <bullet12/>
    <bullet13/>
    <bullet14/>
    <bullet15/>
    <bullet16/>
    <bullet17/>
    <bullet18/>
    <bullet19/>
    <bullet20/>
    <bullet21/>
    <bullet22/>
    <bullet23/>
    <bullet24/>
    <vendorPriceUpdateDate>2022-06-01 00:00:00</vendorPriceUpdateDate>
  </part>
  <part>
    <partNumber>09220076</partNumber>
    <punctuatedPartNumber>0922-0076</punctuatedPartNumber>
    <partStatusDescription>STANDARD</partStatusDescription>
    <partDescription>Offset Timing Key - 2.5° Offset - Polaris</partDescription>
    <unitOfMeasure>Each</unitOfMeasure>
    <brandName>FETT BROTHERS</brandName>
    <supplierNumber>PLW020</supplierNumber>
    <specialInstructions/>
    <baseDealerPrice>21.11</baseDealerPrice>
    <yourDealerPrice>21.11</yourDealerPrice>
    <baseRetailPrice>31.99</baseRetailPrice>
    <originalRetailPrice>29.99</originalRetailPrice>
    <partImage>http://asset.lemansnet.com/z/LzcvMC8yLzcwMjlDQzExLTg4NUYtNEI4NS1CN0NGLTkyNjQwNTM3RjY1Nw==</partImage>
    <productId>1895492511</productId>
    <productName>Offset Timing Key</productName>
    <productImage>http://asset.lemansnet.com/z/LzMvMi9BLzMyQUE3RTNELTgxRDktNDE5Qi04Qzg1LTYyN0E1QUQ0NUU2NQ==</productImage>
    <bullet1>More power and acceleration with up to 2 horsepower gain</bullet1>
    <bullet2>Degrees of advance depend upon stroke, rod location and offset</bullet2>
    <bullet3>Simple timing option for fixed stator plates</bullet3>
    <bullet4>Work with both stock and modified engines</bullet4>
    <bullet5>More timing offset equals more heat, so re-jetting will be required.</bullet5>
    <bullet6>Using premium fuel (91 octane minimum) with these offset keys is highly recommended.</bullet6>
    <bullet7/>
    <bullet8/>
    <bullet9/>
    <bullet10/>
    <bullet11/>
    <bullet12/>
    <bullet13/>
    <bullet14/>
    <bullet15/>
    <bullet16/>
    <bullet17/>
    <bullet18/>
    <bullet19/>
    <bullet20/>
    <bullet21/>
    <bullet22/>
    <bullet23/>
    <bullet24/>
    <vendorPriceUpdateDate>2022-06-01 00:00:00</vendorPriceUpdateDate>
  </part>
  <part>
    <partNumber>11410204</partNumber>
    <punctuatedPartNumber>1141-0204</punctuatedPartNumber>
    <partStatusDescription>STANDARD</partStatusDescription>
    <partDescription>Secondary Rollers - Arctic Cat</partDescription>
    <unitOfMeasure>2 Pack</unitOfMeasure>
    <brandName>FETT BROTHERS</brandName>
    <supplierNumber>ACSR3</supplierNumber>
    <specialInstructions>Discontinued Per Buyer</specialInstructions>
    <baseDealerPrice>48.17</baseDealerPrice>
    <yourDealerPrice>48.17</yourDealerPrice>
    <baseRetailPrice>72.99</baseRetailPrice>
    <originalRetailPrice>69.99</originalRetailPrice>
    <partImage>http://asset.lemansnet.com/z/LzcvNy9FLzc3RTBEOTJFLTc3NUMtNDFDNS05MDMzLUEzODMxRjRBNDU2Mg==</partImage>
    <productId>0599871460</productId>
    <productName>Clutch Roller Kit</productName>
    <productImage>http://asset.lemansnet.com/z/LzMvOC9GLzM4RjdEMDNDLTQ1NTQtNDgxQy05ODMxLTRCRUU5REJCRTBBQQ==</productImage>
    <bullet1>Durable machined fiber secondary rollers</bullet1>
    <bullet2>Fiber compound is heat, wear, and corrosion resistant</bullet2>
    <bullet3>Quicker response, consistent RPM, and, less belt wear</bullet3>
    <bullet4>Made in the USA</bullet4>
    <bullet5/>
    <bullet6/>
    <bullet7/>
    <bullet8/>
    <bullet9/>
    <bullet10/>
    <bullet11/>
    <bullet12/>
    <bullet13/>
    <bullet14/>
    <bullet15/>
    <bullet16/>
    <bullet17/>
    <bullet18/>
    <bullet19/>
    <bullet20/>
    <bullet21/>
    <bullet22/>
    <bullet23/>
    <bullet24/>
    <vendorPriceUpdateDate>2023-04-22 00:00:00</vendorPriceUpdateDate>
  </part>
  <part>
    <partNumber>11410350</partNumber>
    <punctuatedPartNumber>1141-0350</punctuatedPartNumber>
    <partStatusDescription>STANDARD</partStatusDescription>
    <partDescription>Secondary Rollers - Arctic Cat/Yamaha/Ski-Doo</partDescription>
    <unitOfMeasure>Kit</unitOfMeasure>
    <brandName>FETT BROTHERS</brandName>
    <supplierNumber>SR200</supplierNumber>
    <specialInstructions/>
    <baseDealerPrice>58.73</baseDealerPrice>
    <yourDealerPrice>58.73</yourDealerPrice>
    <baseRetailPrice>88.99</baseRetailPrice>
    <originalRetailPrice>84.99</originalRetailPrice>
    <partImage>http://asset.lemansnet.com/z/LzgvQy82LzhDNjRDQ0FBLUQyMDItNDJGNi1BOEY2LUFENUU2Q0Y3MjJDRCwvNi83LzIvNjcyNDAzMjQtRkY3MC00NTQ5LUEzQUYtRTRCRjdGQjM3OTUz</partImage>
    <productId>0068228196</productId>
    <productName>Roller Kit</productName>
    <productImage>http://asset.lemansnet.com/z/LzgvQy82LzhDNjRDQ0FBLUQyMDItNDJGNi1BOEY2LUFENUU2Q0Y3MjJDRA==</productImage>
    <bullet1>Fiber compound is heat, wear, and corrosion resistant</bullet1>
    <bullet2>Machined rollers have tighter pin clearance to prevent roller from twisting and binding</bullet2>
    <bullet3>Close tolerances give consistent RPM and less binding lowers belt temp for longer belt life</bullet3>
    <bullet4>Stainless steel washers eliminate the friction of roller rubbing on casting</bullet4>
    <bullet5>Made in the USA</bullet5>
    <bullet6/>
    <bullet7/>
    <bullet8/>
    <bullet9/>
    <bullet10/>
    <bullet11/>
    <bullet12/>
    <bullet13/>
    <bullet14/>
    <bullet15/>
    <bullet16/>
    <bullet17/>
    <bullet18/>
    <bullet19/>
    <bullet20/>
    <bullet21/>
    <bullet22/>
    <bullet23/>
    <bullet24/>
    <vendorPriceUpdateDate>2023-04-22 00:00:00</vendorPriceUpdateDate>
  </part>
  <part>
    <partNumber>38030152</partNumber>
    <punctuatedPartNumber>3803-0152</punctuatedPartNumber>
    <partStatusDescription>STANDARD</partStatusDescription>
    <partDescription>Clutch Bearing Driver - Removal/Installation - Sheave - Polaris</partDescription>
    <unitOfMeasure>Each</unitOfMeasure>
    <brandName>FETT BROTHERS</brandName>
    <supplierNumber>CAB266</supplierNumber>
    <specialInstructions/>
    <baseDealerPrice>31.07</baseDealerPrice>
    <yourDealerPrice>31.07</yourDealerPrice>
    <baseRetailPrice>41.99</baseRetailPrice>
    <originalRetailPrice>39.99</originalRetailPrice>
    <partImage>http://asset.lemansnet.com/z/L0QvRS8zL0RFMzBCQzZBLThENTAtNEQxMy1BRURBLUM1MjhDREIwQUQ4NQ==</partImage>
    <productId>0975184444</productId>
    <productName>Clutch Bearing Driver</productName>
    <productImage>http://asset.lemansnet.com/z/LzYvMC82LzYwNkNCMzI3LTg3NzktNDM1QS1BNjFFLURCOEE3RDYyOEY0Qw==</productImage>
    <bullet1>Eliminate bearing damage caused by trying to find a correct sized socket</bullet1>
    <bullet2>Drivers to remove and install cover/sheave bearings</bullet2>
    <bullet3>Precision machined for no-damage installation</bullet3>
    <bullet4/>
    <bullet5/>
    <bullet6/>
    <bullet7/>
    <bullet8/>
    <bullet9/>
    <bullet10/>
    <bullet11/>
    <bullet12/>
    <bullet13/>
    <bullet14/>
    <bullet15/>
    <bullet16/>
    <bullet17/>
    <bullet18/>
    <bullet19/>
    <bullet20/>
    <bullet21/>
    <bullet22/>
    <bullet23/>
    <bullet24/>
    <vendorPriceUpdateDate>2022-06-01 00:00:00</vendorPriceUpdateDate>
  </part>
  <part>
    <partNumber>38030148</partNumber>
    <punctuatedPartNumber>3803-0148</punctuatedPartNumber>
    <partStatusDescription>STANDARD</partStatusDescription>
    <partDescription>Clutch Bearing Driver - Removal/Installation - Bearing Cover - Arctic Cat</partDescription>
    <unitOfMeasure>Each</unitOfMeasure>
    <brandName>FETT BROTHERS</brandName>
    <supplierNumber>CAB217</supplierNumber>
    <specialInstructions/>
    <baseDealerPrice>31.07</baseDealerPrice>
    <yourDealerPrice>31.07</yourDealerPrice>
    <baseRetailPrice>41.99</baseRetailPrice>
    <originalRetailPrice>39.99</originalRetailPrice>
    <partImage>http://asset.lemansnet.com/z/LzYvMC82LzYwNkNCMzI3LTg3NzktNDM1QS1BNjFFLURCOEE3RDYyOEY0Qw==</partImage>
    <productId>0975184444</productId>
    <productName>Clutch Bearing Driver</productName>
    <productImage>http://asset.lemansnet.com/z/LzYvMC82LzYwNkNCMzI3LTg3NzktNDM1QS1BNjFFLURCOEE3RDYyOEY0Qw==</productImage>
    <bullet1>Eliminate bearing damage caused by trying to find a correct sized socket</bullet1>
    <bullet2>Drivers to remove and install cover/sheave bearings</bullet2>
    <bullet3>Precision machined for no-damage installation</bullet3>
    <bullet4/>
    <bullet5/>
    <bullet6/>
    <bullet7/>
    <bullet8/>
    <bullet9/>
    <bullet10/>
    <bullet11/>
    <bullet12/>
    <bullet13/>
    <bullet14/>
    <bullet15/>
    <bullet16/>
    <bullet17/>
    <bullet18/>
    <bullet19/>
    <bullet20/>
    <bullet21/>
    <bullet22/>
    <bullet23/>
    <bullet24/>
    <vendorPriceUpdateDate>2022-06-01 00:00:00</vendorPriceUpdateDate>
  </part>
  <part>
    <partNumber>38030149</partNumber>
    <punctuatedPartNumber>3803-0149</punctuatedPartNumber>
    <partStatusDescription>STANDARD</partStatusDescription>
    <partDescription>Clutch Bearing Driver - Removal/Installation - Sheave - Ski-Doo</partDescription>
    <unitOfMeasure>Each</unitOfMeasure>
    <brandName>FETT BROTHERS</brandName>
    <supplierNumber>CAB236</supplierNumber>
    <specialInstructions/>
    <baseDealerPrice>31.07</baseDealerPrice>
    <yourDealerPrice>31.07</yourDealerPrice>
    <baseRetailPrice>41.99</baseRetailPrice>
    <originalRetailPrice>39.99</originalRetailPrice>
    <partImage>http://asset.lemansnet.com/z/LzMvMS9FLzMxRTNDMEI2LTg1MEItNDY2RC04QkNDLUJBMDkxNjRGMDFFNA==</partImage>
    <productId>0975184444</productId>
    <productName>Clutch Bearing Driver</productName>
    <productImage>http://asset.lemansnet.com/z/LzYvMC82LzYwNkNCMzI3LTg3NzktNDM1QS1BNjFFLURCOEE3RDYyOEY0Qw==</productImage>
    <bullet1>Eliminate bearing damage caused by trying to find a correct sized socket</bullet1>
    <bullet2>Drivers to remove and install cover/sheave bearings</bullet2>
    <bullet3>Precision machined for no-damage installation</bullet3>
    <bullet4/>
    <bullet5/>
    <bullet6/>
    <bullet7/>
    <bullet8/>
    <bullet9/>
    <bullet10/>
    <bullet11/>
    <bullet12/>
    <bullet13/>
    <bullet14/>
    <bullet15/>
    <bullet16/>
    <bullet17/>
    <bullet18/>
    <bullet19/>
    <bullet20/>
    <bullet21/>
    <bullet22/>
    <bullet23/>
    <bullet24/>
    <vendorPriceUpdateDate>2022-06-01 00:00:00</vendorPriceUpdateDate>
  </part>
  <part>
    <partNumber>38030150</partNumber>
    <punctuatedPartNumber>3803-0150</punctuatedPartNumber>
    <partStatusDescription>STANDARD</partStatusDescription>
    <partDescription>Clutch Bearing Driver - Removal/Installation - Sheave - Arctic Cat</partDescription>
    <unitOfMeasure>Each</unitOfMeasure>
    <brandName>FETT BROTHERS</brandName>
    <supplierNumber>CAB237</supplierNumber>
    <specialInstructions/>
    <baseDealerPrice>31.07</baseDealerPrice>
    <yourDealerPrice>31.07</yourDealerPrice>
    <baseRetailPrice>41.99</baseRetailPrice>
    <originalRetailPrice>39.99</originalRetailPrice>
    <partImage>http://asset.lemansnet.com/z/LzgvMi9ELzgyREUwQTUxLTIzMTgtNEY3MS1BNEMzLTZGQzlGMTU5QTQ4NQ==</partImage>
    <productId>0975184444</productId>
    <productName>Clutch Bearing Driver</productName>
    <productImage>http://asset.lemansnet.com/z/LzYvMC82LzYwNkNCMzI3LTg3NzktNDM1QS1BNjFFLURCOEE3RDYyOEY0Qw==</productImage>
    <bullet1>Eliminate bearing damage caused by trying to find a correct sized socket</bullet1>
    <bullet2>Drivers to remove and install cover/sheave bearings</bullet2>
    <bullet3>Precision machined for no-damage installation</bullet3>
    <bullet4/>
    <bullet5/>
    <bullet6/>
    <bullet7/>
    <bullet8/>
    <bullet9/>
    <bullet10/>
    <bullet11/>
    <bullet12/>
    <bullet13/>
    <bullet14/>
    <bullet15/>
    <bullet16/>
    <bullet17/>
    <bullet18/>
    <bullet19/>
    <bullet20/>
    <bullet21/>
    <bullet22/>
    <bullet23/>
    <bullet24/>
    <vendorPriceUpdateDate>2022-06-01 00:00:00</vendorPriceUpdateDate>
  </part>
  <part>
    <partNumber>38030151</partNumber>
    <punctuatedPartNumber>3803-0151</punctuatedPartNumber>
    <partStatusDescription>STANDARD</partStatusDescription>
    <partDescription>Clutch Bearing Driver - Removal/Installation - Bearing Cover - Polaris</partDescription>
    <unitOfMeasure>Each</unitOfMeasure>
    <brandName>FETT BROTHERS</brandName>
    <supplierNumber>CAB262</supplierNumber>
    <specialInstructions/>
    <baseDealerPrice>31.07</baseDealerPrice>
    <yourDealerPrice>31.07</yourDealerPrice>
    <baseRetailPrice>41.99</baseRetailPrice>
    <originalRetailPrice>39.99</originalRetailPrice>
    <partImage>http://asset.lemansnet.com/z/LzkvMC82LzkwNkFGQUE4LTkyQzEtNENFQS1BQTU3LUNDNDBEMzYzQ0M5OQ==</partImage>
    <productId>0975184444</productId>
    <productName>Clutch Bearing Driver</productName>
    <productImage>http://asset.lemansnet.com/z/LzYvMC82LzYwNkNCMzI3LTg3NzktNDM1QS1BNjFFLURCOEE3RDYyOEY0Qw==</productImage>
    <bullet1>Eliminate bearing damage caused by trying to find a correct sized socket</bullet1>
    <bullet2>Drivers to remove and install cover/sheave bearings</bullet2>
    <bullet3>Precision machined for no-damage installation</bullet3>
    <bullet4/>
    <bullet5/>
    <bullet6/>
    <bullet7/>
    <bullet8/>
    <bullet9/>
    <bullet10/>
    <bullet11/>
    <bullet12/>
    <bullet13/>
    <bullet14/>
    <bullet15/>
    <bullet16/>
    <bullet17/>
    <bullet18/>
    <bullet19/>
    <bullet20/>
    <bullet21/>
    <bullet22/>
    <bullet23/>
    <bullet24/>
    <vendorPriceUpdateDate>2022-06-01 00:00:00</vendorPriceUpdateDate>
  </part>
</root>
