<root>
  <part>
    <partNumber>44010281</partNumber>
    <punctuatedPartNumber>4401-0281</punctuatedPartNumber>
    <partStatusDescription>STANDARD</partStatusDescription>
    <partDescription>Panel Mount USB Port</partDescription>
    <unitOfMeasure>Each</unitOfMeasure>
    <brandName>JENSEN</brandName>
    <supplierNumber>USBP124A</supplierNumber>
    <specialInstructions/>
    <baseDealerPrice>20.00</baseDealerPrice>
    <yourDealerPrice>20.00</yourDealerPrice>
    <baseRetailPrice>28.95</baseRetailPrice>
    <originalRetailPrice>28.95</originalRetailPrice>
    <partImage>http://asset.lemansnet.com/z/LzEvNy8zLzE3MzM0QTQzLUVEQkEtNEIxMS1CMTMxLTIwNjAyQkYzOUI3OA==</partImage>
    <productId>1877288432</productId>
    <productName>Panel Mount USB Port</productName>
    <productImage>http://asset.lemansnet.com/z/LzEvNy8zLzE3MzM0QTQzLUVEQkEtNEIxMS1CMTMxLTIwNjAyQkYzOUI3OA==</productImage>
    <bullet1>Allows charging of external storage devices</bullet1>
    <bullet2>UV-resistant finishes/materials</bullet2>
    <bullet3>Corrosion resistant materials</bullet3>
    <bullet4>Waterproof design/construction</bullet4>
    <bullet5>10' cable</bullet5>
    <bullet6>Compatible with part #s 4401-0280, 4401-0279, 4401-0278, 4401-0277.</bullet6>
    <bullet7/>
    <bullet8/>
    <bullet9/>
    <bullet10/>
    <bullet11/>
    <bullet12/>
    <bullet13/>
    <bullet14/>
    <bullet15/>
    <bullet16/>
    <bullet17/>
    <bullet18/>
    <bullet19/>
    <bullet20/>
    <bullet21/>
    <bullet22/>
    <bullet23/>
    <bullet24/>
    <vendorPriceUpdateDate>1900-01-01 00:00:00</vendorPriceUpdateDate>
  </part>
  <part>
    <partNumber>44010042</partNumber>
    <punctuatedPartNumber>4401-0042</punctuatedPartNumber>
    <partStatusDescription>STANDARD</partStatusDescription>
    <partDescription>14" Antenna - Universal</partDescription>
    <unitOfMeasure>Each</unitOfMeasure>
    <brandName>JENSEN</brandName>
    <supplierNumber>1181039</supplierNumber>
    <specialInstructions>Cable measures 60" long</specialInstructions>
    <baseDealerPrice>17.70</baseDealerPrice>
    <yourDealerPrice>17.70</yourDealerPrice>
    <baseRetailPrice>25.95</baseRetailPrice>
    <originalRetailPrice>25.95</originalRetailPrice>
    <partImage>http://asset.lemansnet.com/z/LzkvRS8wLzlFMDZEM0M2LUYwNjAtNDE3Ny05QkYxLTdEQUE2MzdENDE0OQ==</partImage>
    <productId>1176338671</productId>
    <productName>Heavy-Duty Universal Top/Side-Mount Rubber Mast Antenna</productName>
    <productImage>http://asset.lemansnet.com/z/LzUvMy82LzUzNjA0MjVFLTRCNzItNDhGMC1CNTZFLThGQ0EyRkM5NjA5Ng==</productImage>
    <bullet1>Attached cable</bullet1>
    <bullet2>6" rubber mast top/side-mount antenna</bullet2>
    <bullet3>Rubber gasket for watertight mounting</bullet3>
    <bullet4>Withstands tough environments with its heavy-duty design</bullet4>
    <bullet5>Antenna angles 45° maximum</bullet5>
    <bullet6/>
    <bullet7/>
    <bullet8/>
    <bullet9/>
    <bullet10/>
    <bullet11/>
    <bullet12/>
    <bullet13/>
    <bullet14/>
    <bullet15/>
    <bullet16/>
    <bullet17/>
    <bullet18/>
    <bullet19/>
    <bullet20/>
    <bullet21/>
    <bullet22/>
    <bullet23/>
    <bullet24/>
    <vendorPriceUpdateDate>2021-06-16 00:00:00</vendorPriceUpdateDate>
  </part>
  <part>
    <partNumber>44050154</partNumber>
    <punctuatedPartNumber>4405-0154</punctuatedPartNumber>
    <partStatusDescription>STANDARD</partStatusDescription>
    <partDescription>6.5" Speaker with Tweeter - Universal</partDescription>
    <unitOfMeasure>Each</unitOfMeasure>
    <brandName>JENSEN</brandName>
    <supplierNumber>MSX60RV</supplierNumber>
    <specialInstructions/>
    <baseDealerPrice>30.00</baseDealerPrice>
    <yourDealerPrice>30.00</yourDealerPrice>
    <baseRetailPrice>45.95</baseRetailPrice>
    <originalRetailPrice>41.95</originalRetailPrice>
    <partImage>http://asset.lemansnet.com/z/L0IvOS9EL0I5RDE2OTY3LTdBOTEtNDk4Qi1BNERCLTY1MDVBNDQ3MzFEOA==</partImage>
    <productId>0896676816</productId>
    <productName>MSX60RV 6.5” High-Performance Coaxial Speaker with Silk Dome Tweeter</productName>
    <productImage>http://asset.lemansnet.com/z/L0IvOS9EL0I5RDE2OTY3LTdBOTEtNDk4Qi1BNERCLTY1MDVBNDQ3MzFEOA==</productImage>
    <bullet1>Weatherproof design for outdoor use</bullet1>
    <bullet2>UV/corrosion-resistant material</bullet2>
    <bullet3>One-piece molded chassis with integrated drip-edge</bullet3>
    <bullet4>Silk dome tweeter</bullet4>
    <bullet5>6.5" polypropylene woofer</bullet5>
    <bullet6>Magnet weight: 11 oz.</bullet6>
    <bullet7>Mounting depth: 2.3"</bullet7>
    <bullet8>Hole size: 5"</bullet8>
    <bullet9>Impedance: 4 ohms</bullet9>
    <bullet10>Frequency response: 65hz-20khz</bullet10>
    <bullet11>Max power handling: 75W</bullet11>
    <bullet12/>
    <bullet13/>
    <bullet14/>
    <bullet15/>
    <bullet16/>
    <bullet17/>
    <bullet18/>
    <bullet19/>
    <bullet20/>
    <bullet21/>
    <bullet22/>
    <bullet23/>
    <bullet24/>
    <vendorPriceUpdateDate>2021-06-16 00:00:00</vendorPriceUpdateDate>
  </part>
  <part>
    <partNumber>21201214</partNumber>
    <punctuatedPartNumber>2120-1214</punctuatedPartNumber>
    <partStatusDescription>STANDARD</partStatusDescription>
    <partDescription>Panel Mount USB Port</partDescription>
    <unitOfMeasure>Each</unitOfMeasure>
    <brandName>JENSEN</brandName>
    <supplierNumber>USB42C</supplierNumber>
    <specialInstructions/>
    <baseDealerPrice>16.50</baseDealerPrice>
    <yourDealerPrice>16.50</yourDealerPrice>
    <baseRetailPrice>25.95</baseRetailPrice>
    <originalRetailPrice>25.95</originalRetailPrice>
    <partImage>http://asset.lemansnet.com/z/L0MvQy81L0NDNTkwMTRGLTUzMTgtNDQwNi05MDEwLTBFQThFMjVDMDQ2RQ==</partImage>
    <productId>0274567409</productId>
    <productName>Panel Mount Dual USB Charger</productName>
    <productImage>http://asset.lemansnet.com/z/L0MvQy81L0NDNTkwMTRGLTUzMTgtNDQwNi05MDEwLTBFQThFMjVDMDQ2RQ==</productImage>
    <bullet1>UV resistant material </bullet1>
    <bullet2>1 USB-C port and 1 USB-A port</bullet2>
    <bullet3>4.8 A charging current</bullet3>
    <bullet4>Epoxy coated PCB for superior protection against water </bullet4>
    <bullet5>Blue LED illuminated face</bullet5>
    <bullet6>Watertight rubber cover</bullet6>
    <bullet7>12 V DC input</bullet7>
    <bullet8/>
    <bullet9/>
    <bullet10/>
    <bullet11/>
    <bullet12/>
    <bullet13/>
    <bullet14/>
    <bullet15/>
    <bullet16/>
    <bullet17/>
    <bullet18/>
    <bullet19/>
    <bullet20/>
    <bullet21/>
    <bullet22/>
    <bullet23/>
    <bullet24/>
    <vendorPriceUpdateDate>2022-11-21 00:00:00</vendorPriceUpdateDate>
  </part>
  <part>
    <partNumber>44010272</partNumber>
    <punctuatedPartNumber>4401-0272</punctuatedPartNumber>
    <partStatusDescription>STANDARD</partStatusDescription>
    <partDescription>Bluetooth Stereo - 160 W</partDescription>
    <unitOfMeasure>Each</unitOfMeasure>
    <brandName>JENSEN</brandName>
    <supplierNumber>XMH100</supplierNumber>
    <specialInstructions/>
    <baseDealerPrice>145.20</baseDealerPrice>
    <yourDealerPrice>145.20</yourDealerPrice>
    <baseRetailPrice>219.95</baseRetailPrice>
    <originalRetailPrice>289.95</originalRetailPrice>
    <partImage>http://asset.lemansnet.com/z/LzcvQy9GLzdDRjVGMUQxLTNGREItNDk0Qy1BRDZFLTMwRUE2N0Q3NjYzNQ==</partImage>
    <productId>1775371813</productId>
    <productName>Bluetooth Stereo</productName>
    <productImage>http://asset.lemansnet.com/z/LzcvQy9GLzdDRjVGMUQxLTNGREItNDk0Qy1BRDZFLTMwRUE2N0Q3NjYzNQ==</productImage>
    <bullet1>Dedicated Bluetooth button for quick pairing in any mode</bullet1>
    <bullet2>Weatherband</bullet2>
    <bullet3>AM/FM tuner</bullet3>
    <bullet4>Rear USB input for MP3 enabled devices</bullet4>
    <bullet5>Rear AUX input (RCA)</bullet5>
    <bullet6>Line-out audio (RCA)</bullet6>
    <bullet7>Daylight-readable segmented LCD display and LED backlit buttons</bullet7>
    <bullet8>Conformal coated circuit boards</bullet8>
    <bullet9>Electronic audio settings (bass/treble/balance/fader)</bullet9>
    <bullet10/>
    <bullet11/>
    <bullet12/>
    <bullet13/>
    <bullet14/>
    <bullet15/>
    <bullet16/>
    <bullet17/>
    <bullet18/>
    <bullet19/>
    <bullet20/>
    <bullet21/>
    <bullet22/>
    <bullet23/>
    <bullet24/>
    <vendorPriceUpdateDate>2022-11-21 00:00:00</vendorPriceUpdateDate>
  </part>
  <part>
    <partNumber>44010277</partNumber>
    <punctuatedPartNumber>4401-0277</punctuatedPartNumber>
    <partStatusDescription>STANDARD</partStatusDescription>
    <partDescription>Bluetooth Stereo</partDescription>
    <unitOfMeasure>Each</unitOfMeasure>
    <brandName>JENSEN</brandName>
    <supplierNumber>JHD22B</supplierNumber>
    <specialInstructions>CUSTOM APPLICATIONS ONLY/ NOT FOR HARLEY DAVIDSON FAIRINGS</specialInstructions>
    <baseDealerPrice>209.00</baseDealerPrice>
    <yourDealerPrice>209.00</yourDealerPrice>
    <baseRetailPrice>299.95</baseRetailPrice>
    <originalRetailPrice>285.00</originalRetailPrice>
    <partImage>http://asset.lemansnet.com/z/LzYvNC8wLzY0MEU3OTc0LUI2MUItNEZGQy1CQzc2LTNDRTRFNzE0OTUyRA==</partImage>
    <productId>1451177085</productId>
    <productName>Heavy Duty Bluetooth Stereo</productName>
    <productImage>http://asset.lemansnet.com/z/LzYvNC8wLzY0MEU3OTc0LUI2MUItNEZGQy1CQzc2LTNDRTRFNzE0OTUyRA==</productImage>
    <bullet1>180 W max power (45 W x 4); 100 W RMS (25 W x 4)</bullet1>
    <bullet2>Bluetooth streaming audio </bullet2>
    <bullet3>Water and UV resistant front panel (IPX5)</bullet3>
    <bullet4>Weather band</bullet4>
    <bullet5>AM/FM tuner with 30 presets</bullet5>
    <bullet6>Rear USB port for device charging (1 A output)</bullet6>
    <bullet7>Stereo pre-amp line-level output (2 V RMS)</bullet7>
    <bullet8>Amplifier remote trigger (12 V DC)</bullet8>
    <bullet9>PA microphone input </bullet9>
    <bullet10>Audio settings (volume/bass/treble/balance/fade)</bullet10>
    <bullet11>Toggle switch between day and night display</bullet11>
    <bullet12>Daylight-readable, segmented LCD</bullet12>
    <bullet13>2-wire power with non-volatile memory and clock support</bullet13>
    <bullet14>Low battery alert</bullet14>
    <bullet15>Work timer </bullet15>
    <bullet16>Shallow mounting depth for easy installation in custom applications </bullet16>
    <bullet17>Not compatible with OEM handlebar audio controls.</bullet17>
    <bullet18/>
    <bullet19/>
    <bullet20/>
    <bullet21/>
    <bullet22/>
    <bullet23/>
    <bullet24/>
    <vendorPriceUpdateDate>2023-10-16 00:00:00</vendorPriceUpdateDate>
  </part>
  <part>
    <partNumber>44010278</partNumber>
    <punctuatedPartNumber>4401-0278</punctuatedPartNumber>
    <partStatusDescription>STANDARD</partStatusDescription>
    <partDescription>Bluetooth Stereo</partDescription>
    <unitOfMeasure>Each</unitOfMeasure>
    <brandName>JENSEN</brandName>
    <supplierNumber>JHD62B</supplierNumber>
    <specialInstructions>CUSTOM APPLICATIONS ONLY/ NOT FOR HARLEY DAVIDSON FAIRINGS</specialInstructions>
    <baseDealerPrice>249.00</baseDealerPrice>
    <yourDealerPrice>249.00</yourDealerPrice>
    <baseRetailPrice>369.95</baseRetailPrice>
    <originalRetailPrice>340.00</originalRetailPrice>
    <partImage>http://asset.lemansnet.com/z/LzcvMC84LzcwODYzNUE5LURGNkUtNDA5MS1BRTM3LTYyNzk1MTRGN0M0Mw==</partImage>
    <productId>0102592083</productId>
    <productName>Heavy Duty Bluetooth Stereo</productName>
    <productImage>http://asset.lemansnet.com/z/LzcvMC84LzcwODYzNUE5LURGNkUtNDA5MS1BRTM3LTYyNzk1MTRGN0M0Mw==</productImage>
    <bullet1>180 W max power (45 W x 4); 100 W RMS (25 W x 4)</bullet1>
    <bullet2>Bluetooth streaming audio</bullet2>
    <bullet3>Hands-free calling</bullet3>
    <bullet4>Water and UV resistant front panel (IPX5)</bullet4>
    <bullet5>Weather band</bullet5>
    <bullet6>App control ready</bullet6>
    <bullet7>AM/FM tuner with 30 presets</bullet7>
    <bullet8>Rear USB port for device charging (1 A output)</bullet8>
    <bullet9>Stereo pre-amp line-level output (2 V RMS)</bullet9>
    <bullet10>Amplifier remote trigger (12 V DC)</bullet10>
    <bullet11>Audio settings (volume/bass/treble/balance/fade)</bullet11>
    <bullet12>Toggle switch between day and night display</bullet12>
    <bullet13>Full dot matrix LCD</bullet13>
    <bullet14>2-wire power with non-volatile memory and clock support</bullet14>
    <bullet15>Remote turn on</bullet15>
    <bullet16>Low battery alert</bullet16>
    <bullet17>Work timer</bullet17>
    <bullet18>Shallow mounting depth for easy installation in custom applications </bullet18>
    <bullet19>Not compatible with OEM handlebar audio controls</bullet19>
    <bullet20/>
    <bullet21/>
    <bullet22/>
    <bullet23/>
    <bullet24/>
    <vendorPriceUpdateDate>2023-10-16 00:00:00</vendorPriceUpdateDate>
  </part>
  <part>
    <partNumber>44010279</partNumber>
    <punctuatedPartNumber>4401-0279</punctuatedPartNumber>
    <partStatusDescription>STANDARD</partStatusDescription>
    <partDescription>Bluetooth Stereo</partDescription>
    <unitOfMeasure>Each</unitOfMeasure>
    <brandName>JENSEN</brandName>
    <supplierNumber>JHD922BT</supplierNumber>
    <specialInstructions/>
    <baseDealerPrice>210.00</baseDealerPrice>
    <yourDealerPrice>210.00</yourDealerPrice>
    <baseRetailPrice>315.95</baseRetailPrice>
    <originalRetailPrice>284.00</originalRetailPrice>
    <partImage>http://asset.lemansnet.com/z/LzAvOS9DLzA5Qzg3QzhCLUE4MkUtNDIyQS1BQkNELUM1RkEwM0QyMzg2Qg==</partImage>
    <productId>2044757085</productId>
    <productName>Heavy Duty Bluetooth Stereo</productName>
    <productImage>http://asset.lemansnet.com/z/LzAvOS9DLzA5Qzg3QzhCLUE4MkUtNDIyQS1BQkNELUM1RkEwM0QyMzg2Qg==</productImage>
    <bullet1>180 W max power (45 W x 4); 100 W RMS (25 W x 4)</bullet1>
    <bullet2>Bluetooth streaming audio </bullet2>
    <bullet3>Weather band</bullet3>
    <bullet4>AM/FM tuner with 30 presets</bullet4>
    <bullet5>Audio settings (volume/bass/treble/balance/fade)</bullet5>
    <bullet6>Toggle switch between day and night display</bullet6>
    <bullet7>Daylight-readable, segmented LCD</bullet7>
    <bullet8>Two-wire power with non-volatile memory and clock support</bullet8>
    <bullet9>Low battery alert</bullet9>
    <bullet10>Work time</bullet10>
    <bullet11/>
    <bullet12/>
    <bullet13/>
    <bullet14/>
    <bullet15/>
    <bullet16/>
    <bullet17/>
    <bullet18/>
    <bullet19/>
    <bullet20/>
    <bullet21/>
    <bullet22/>
    <bullet23/>
    <bullet24/>
    <vendorPriceUpdateDate>2023-10-16 00:00:00</vendorPriceUpdateDate>
  </part>
  <part>
    <partNumber>44010280</partNumber>
    <punctuatedPartNumber>4401-0280</punctuatedPartNumber>
    <partStatusDescription>STANDARD</partStatusDescription>
    <partDescription>Bluetooth Stereo</partDescription>
    <unitOfMeasure>Each</unitOfMeasure>
    <brandName>JENSEN</brandName>
    <supplierNumber>JHD962BT</supplierNumber>
    <specialInstructions/>
    <baseDealerPrice>270.00</baseDealerPrice>
    <yourDealerPrice>270.00</yourDealerPrice>
    <baseRetailPrice>399.95</baseRetailPrice>
    <originalRetailPrice>371.00</originalRetailPrice>
    <partImage>http://asset.lemansnet.com/z/LzIvMi9BLzIyQTM0MzZGLTY2MjgtNDgxQS04MDFDLTFGQkMxQUM1NTNFQQ==</partImage>
    <productId>0300418464</productId>
    <productName>Heavy Duty Bluetooth Stereo</productName>
    <productImage>http://asset.lemansnet.com/z/LzIvMi9BLzIyQTM0MzZGLTY2MjgtNDgxQS04MDFDLTFGQkMxQUM1NTNFQQ==</productImage>
    <bullet1>50 W max power (25 W x 2); 20 W RMS (10 W x 2)</bullet1>
    <bullet2>Bluetooth streaming audio and hands-free calling</bullet2>
    <bullet3>Water and UV resistant front panel (IPX6)</bullet3>
    <bullet4>App control ready</bullet4>
    <bullet5>Digital Audio Broadcasting</bullet5>
    <bullet6>AM/FM tuner with 30 presets</bullet6>
    <bullet7>Weather band</bullet7>
    <bullet8>Rear USB port for device charging (1 A out-put)</bullet8>
    <bullet9>Stereo pre-amp line level output (2 V RMS)</bullet9>
    <bullet10>Amplifier remote trigger (12 V DC)</bullet10>
    <bullet11>Toggle switch between day and night display</bullet11>
    <bullet12>Full dot matrix LCD</bullet12>
    <bullet13>2-wire power with non-volatile memory and clock support</bullet13>
    <bullet14>Remote turn on</bullet14>
    <bullet15>Low battery alert</bullet15>
    <bullet16>Work timer</bullet16>
    <bullet17/>
    <bullet18/>
    <bullet19/>
    <bullet20/>
    <bullet21/>
    <bullet22/>
    <bullet23/>
    <bullet24/>
    <vendorPriceUpdateDate>2023-10-16 00:00:00</vendorPriceUpdateDate>
  </part>
  <part>
    <partNumber>44050153</partNumber>
    <punctuatedPartNumber>4405-0153</punctuatedPartNumber>
    <partStatusDescription>STANDARD</partStatusDescription>
    <partDescription>5.25" Marine-Grade Speaker</partDescription>
    <unitOfMeasure>Each</unitOfMeasure>
    <brandName>JENSEN</brandName>
    <supplierNumber>MS5006B</supplierNumber>
    <specialInstructions/>
    <baseDealerPrice>13.20</baseDealerPrice>
    <yourDealerPrice>13.20</yourDealerPrice>
    <baseRetailPrice>20.95</baseRetailPrice>
    <originalRetailPrice>20.95</originalRetailPrice>
    <partImage>http://asset.lemansnet.com/z/L0EvMy9DL0EzQzg4Q0RBLTkwOTgtNEFBQS1BRjg3LTM2QzI3Q0JFMEI4OA==</partImage>
    <productId>1796796505</productId>
    <productName>MS5006B 5.25" Dual-Cone Marine-Grade Speaker</productName>
    <productImage>http://asset.lemansnet.com/z/L0EvMy9DL0EzQzg4Q0RBLTkwOTgtNEFBQS1BRjg3LTM2QzI3Q0JFMEI4OA==</productImage>
    <bullet1>Sensitivity: 91 dB</bullet1>
    <bullet2>Frequency: 79hz-20kHz</bullet2>
    <bullet3>Nominal impedance: 4 ohms</bullet3>
    <bullet4>Polypropylene woofer: 5-1/4"</bullet4>
    <bullet5>Magnet: 2.9 oz.</bullet5>
    <bullet6>Mounting hole dia.: 4-1/2"; mounting depth: 1-1/2"</bullet6>
    <bullet7>Tweeter type: Mylar® whizzer</bullet7>
    <bullet8>Max power handling: 30W</bullet8>
    <bullet9/>
    <bullet10/>
    <bullet11/>
    <bullet12/>
    <bullet13/>
    <bullet14/>
    <bullet15/>
    <bullet16/>
    <bullet17/>
    <bullet18/>
    <bullet19/>
    <bullet20/>
    <bullet21/>
    <bullet22/>
    <bullet23/>
    <bullet24/>
    <vendorPriceUpdateDate>2021-06-16 00:00:00</vendorPriceUpdateDate>
  </part>
  <part>
    <partNumber>44050480</partNumber>
    <punctuatedPartNumber>4405-0480</punctuatedPartNumber>
    <partStatusDescription>DISCONTINUED</partStatusDescription>
    <partDescription>Roll Bar Speaker - with Amplifier</partDescription>
    <unitOfMeasure>Pair</unitOfMeasure>
    <brandName>JENSEN</brandName>
    <supplierNumber>JXHD65ROPSBT</supplierNumber>
    <specialInstructions/>
    <baseDealerPrice>202.37</baseDealerPrice>
    <yourDealerPrice>202.37</yourDealerPrice>
    <baseRetailPrice>429.95</baseRetailPrice>
    <originalRetailPrice>429.95</originalRetailPrice>
    <partImage>http://asset.lemansnet.com/z/LzMvOS9FLzM5RUZGNzkwLUUzREItNEU5OS05RDlBLTUzQzI0RUZBREI1NQ==</partImage>
    <productId>0849285351</productId>
    <productName>6.5" Heavy Duty Coaxial Speakers</productName>
    <productImage>http://asset.lemansnet.com/z/LzkvRS9BLzlFQUJGOTc1LTAzM0ItNDI2MC1BNTc2LTA4RTAxQzUxQ0Q0Rg==</productImage>
    <bullet1>Full range of audio reproduction through 6-1/2" polypropylene woofer with 1" silk dome tweeter</bullet1>
    <bullet2>Made from ASTM B117 corrosion resistant materials and has a D4329 UV stable finish</bullet2>
    <bullet3>Aluminum mounting clamp with square and round plastic clamp adapters</bullet3>
    <bullet4>Fits round bars: 1-5/8" to 3"</bullet4>
    <bullet5>Fits square bars: 3 x 1-1/2" and 3" x 2"</bullet5>
    <bullet6>IPX5 waterproof</bullet6>
    <bullet7/>
    <bullet8/>
    <bullet9/>
    <bullet10/>
    <bullet11/>
    <bullet12/>
    <bullet13/>
    <bullet14/>
    <bullet15/>
    <bullet16/>
    <bullet17/>
    <bullet18/>
    <bullet19/>
    <bullet20/>
    <bullet21/>
    <bullet22/>
    <bullet23/>
    <bullet24/>
    <vendorPriceUpdateDate>2023-04-22 00:00:00</vendorPriceUpdateDate>
  </part>
  <part>
    <partNumber>44010043</partNumber>
    <punctuatedPartNumber>4401-0043</punctuatedPartNumber>
    <partStatusDescription>STANDARD</partStatusDescription>
    <partDescription>Radio Mount - JHD910</partDescription>
    <unitOfMeasure>Each</unitOfMeasure>
    <brandName>JENSEN</brandName>
    <supplierNumber>VOSHD4MNT</supplierNumber>
    <specialInstructions/>
    <baseDealerPrice>15.80</baseDealerPrice>
    <yourDealerPrice>15.80</yourDealerPrice>
    <baseRetailPrice>24.95</baseRetailPrice>
    <originalRetailPrice>34.95</originalRetailPrice>
    <partImage>http://asset.lemansnet.com/z/LzcvNi9BLzc2QTNFNjlDLUUxREMtNDI3RS05MkJFLTQ5MUZEMTJDRUVENQ==</partImage>
    <productId>1374297284</productId>
    <productName>JHD910 Stereo Mount</productName>
    <productImage>http://asset.lemansnet.com/z/LzcvNi9BLzc2QTNFNjlDLUUxREMtNDI3RS05MkJFLTQ5MUZEMTJDRUVENQ==</productImage>
    <bullet1>Stereo Mount for Jensen JHD910</bullet1>
    <bullet2/>
    <bullet3/>
    <bullet4/>
    <bullet5/>
    <bullet6/>
    <bullet7/>
    <bullet8/>
    <bullet9/>
    <bullet10/>
    <bullet11/>
    <bullet12/>
    <bullet13/>
    <bullet14/>
    <bullet15/>
    <bullet16/>
    <bullet17/>
    <bullet18/>
    <bullet19/>
    <bullet20/>
    <bullet21/>
    <bullet22/>
    <bullet23/>
    <bullet24/>
    <vendorPriceUpdateDate>2021-06-16 00:00:00</vendorPriceUpdateDate>
  </part>
  <part>
    <partNumber>44010050</partNumber>
    <punctuatedPartNumber>4401-0050</punctuatedPartNumber>
    <partStatusDescription>STANDARD</partStatusDescription>
    <partDescription>6" Antenna - Universal</partDescription>
    <unitOfMeasure>Each</unitOfMeasure>
    <brandName>JENSEN</brandName>
    <supplierNumber>JAN139</supplierNumber>
    <specialInstructions/>
    <baseDealerPrice>18.00</baseDealerPrice>
    <yourDealerPrice>18.00</yourDealerPrice>
    <baseRetailPrice>27.95</baseRetailPrice>
    <originalRetailPrice>27.95</originalRetailPrice>
    <partImage>http://asset.lemansnet.com/z/LzUvMy82LzUzNjA0MjVFLTRCNzItNDhGMC1CNTZFLThGQ0EyRkM5NjA5Ng==</partImage>
    <productId>1176338671</productId>
    <productName>Heavy-Duty Universal Top/Side-Mount Rubber Mast Antenna</productName>
    <productImage>http://asset.lemansnet.com/z/LzUvMy82LzUzNjA0MjVFLTRCNzItNDhGMC1CNTZFLThGQ0EyRkM5NjA5Ng==</productImage>
    <bullet1>Attached cable</bullet1>
    <bullet2>6" rubber mast top/side-mount antenna</bullet2>
    <bullet3>Rubber gasket for watertight mounting</bullet3>
    <bullet4>Withstands tough environments with its heavy-duty design</bullet4>
    <bullet5>Antenna angles 45° maximum</bullet5>
    <bullet6/>
    <bullet7/>
    <bullet8/>
    <bullet9/>
    <bullet10/>
    <bullet11/>
    <bullet12/>
    <bullet13/>
    <bullet14/>
    <bullet15/>
    <bullet16/>
    <bullet17/>
    <bullet18/>
    <bullet19/>
    <bullet20/>
    <bullet21/>
    <bullet22/>
    <bullet23/>
    <bullet24/>
    <vendorPriceUpdateDate>2021-06-16 00:00:00</vendorPriceUpdateDate>
  </part>
  <part>
    <partNumber>44010163</partNumber>
    <punctuatedPartNumber>4401-0163</punctuatedPartNumber>
    <partStatusDescription>STANDARD</partStatusDescription>
    <partDescription>Amplified Antenna</partDescription>
    <unitOfMeasure>Each</unitOfMeasure>
    <brandName>JENSEN</brandName>
    <supplierNumber>AN150SR</supplierNumber>
    <specialInstructions/>
    <baseDealerPrice>16.10</baseDealerPrice>
    <yourDealerPrice>16.10</yourDealerPrice>
    <baseRetailPrice>25.95</baseRetailPrice>
    <originalRetailPrice>20.95</originalRetailPrice>
    <partImage>http://asset.lemansnet.com/z/LzkvNS8zLzk1M0I4M0IyLTNFQUMtNEY4RC1BRUQxLUQxOEQ4QkMzOTE5MQ==</partImage>
    <productId>1629740627</productId>
    <productName>AM/FM Amplified Antenna</productName>
    <productImage>http://asset.lemansnet.com/z/LzkvNS8zLzk1M0I4M0IyLTNFQUMtNEY4RC1BRUQxLUQxOEQ4QkMzOTE5MQ==</productImage>
    <bullet1>Combines remarkable reception and installation ease</bullet1>
    <bullet2>Designed for demanding AM/FM listeners</bullet2>
    <bullet3>Includes a 7 ft. cable</bullet3>
    <bullet4>Measures 14-1/2" W x 7/8" H x 3/4" D</bullet4>
    <bullet5/>
    <bullet6/>
    <bullet7/>
    <bullet8/>
    <bullet9/>
    <bullet10/>
    <bullet11/>
    <bullet12/>
    <bullet13/>
    <bullet14/>
    <bullet15/>
    <bullet16/>
    <bullet17/>
    <bullet18/>
    <bullet19/>
    <bullet20/>
    <bullet21/>
    <bullet22/>
    <bullet23/>
    <bullet24/>
    <vendorPriceUpdateDate>2021-06-16 00:00:00</vendorPriceUpdateDate>
  </part>
  <part>
    <partNumber>44010164</partNumber>
    <punctuatedPartNumber>4401-0164</punctuatedPartNumber>
    <partStatusDescription>STANDARD</partStatusDescription>
    <partDescription>Antenna Extension Cable - 48" - Universal</partDescription>
    <unitOfMeasure>Each</unitOfMeasure>
    <brandName>JENSEN</brandName>
    <supplierNumber>0300187</supplierNumber>
    <specialInstructions/>
    <baseDealerPrice>4.50</baseDealerPrice>
    <yourDealerPrice>4.50</yourDealerPrice>
    <baseRetailPrice>6.95</baseRetailPrice>
    <originalRetailPrice>6.95</originalRetailPrice>
    <partImage>http://asset.lemansnet.com/z/LzAvMC9ELzAwRENDNjA1LUUyN0ItNDIxNC04NUY0LUMxNjU4QzFBNjcwRA==</partImage>
    <productId>0980892434</productId>
    <productName>Universal AM/FM Antenna Extension Cable</productName>
    <productImage>http://asset.lemansnet.com/z/LzAvMC9ELzAwRENDNjA1LUUyN0ItNDIxNC04NUY0LUMxNjU4QzFBNjcwRA==</productImage>
    <bullet1>Compatible with all JENSEN antennas</bullet1>
    <bullet2>Includes impedance matching capacitor</bullet2>
    <bullet3>Designed for use with AM/FM stereos</bullet3>
    <bullet4>Not for use with 14-15 Dresser Models</bullet4>
    <bullet5/>
    <bullet6/>
    <bullet7/>
    <bullet8/>
    <bullet9/>
    <bullet10/>
    <bullet11/>
    <bullet12/>
    <bullet13/>
    <bullet14/>
    <bullet15/>
    <bullet16/>
    <bullet17/>
    <bullet18/>
    <bullet19/>
    <bullet20/>
    <bullet21/>
    <bullet22/>
    <bullet23/>
    <bullet24/>
    <vendorPriceUpdateDate>2013-09-17 00:00:00</vendorPriceUpdateDate>
  </part>
  <part>
    <partNumber>44010171</partNumber>
    <punctuatedPartNumber>4401-0171</punctuatedPartNumber>
    <partStatusDescription>STANDARD</partStatusDescription>
    <partDescription>Bluetooth Amplifier - Universal</partDescription>
    <unitOfMeasure>Each</unitOfMeasure>
    <brandName>JENSEN</brandName>
    <supplierNumber>JAHD240BT</supplierNumber>
    <specialInstructions/>
    <baseDealerPrice>90.00</baseDealerPrice>
    <yourDealerPrice>90.00</yourDealerPrice>
    <baseRetailPrice>129.95</baseRetailPrice>
    <originalRetailPrice>129.95</originalRetailPrice>
    <partImage>http://asset.lemansnet.com/z/LzYvMi9BLzYyQTAyQjlGLTcyRkUtNDU4Mi1BN0YzLTM4MkIzMzQ4RDkyMQ==</partImage>
    <productId>0747005792</productId>
    <productName>Universal 2-Channel Bluetooth® Amplifier</productName>
    <productImage>http://asset.lemansnet.com/z/LzYvMi9BLzYyQTAyQjlGLTcyRkUtNDU4Mi1BN0YzLTM4MkIzMzQ4RDkyMQ==</productImage>
    <bullet1>This amp's compact size makes it easy to add music to nearly any bike</bullet1>
    <bullet2>80 watt max power (40 watt RMS)</bullet2>
    <bullet3>Bluetooth® audio (AVRCP, A2DP) allows you to play music stored on a Bluetooth®-equipped phone or MP3 player with no wires</bullet3>
    <bullet4>Waterproof (IPX6)</bullet4>
    <bullet5>Illuminated program button</bullet5>
    <bullet6>4 Ohm - 8 Ohm stable</bullet6>
    <bullet7>Operating voltage: 10 - 18VDC</bullet7>
    <bullet8>Frequency response: 20 Hz - 20 KHz</bullet8>
    <bullet9>Red LED power indicator</bullet9>
    <bullet10>Epoxy potted enclosure</bullet10>
    <bullet11>Corrosion resistant (ASTM B117)</bullet11>
    <bullet12/>
    <bullet13/>
    <bullet14/>
    <bullet15/>
    <bullet16/>
    <bullet17/>
    <bullet18/>
    <bullet19/>
    <bullet20/>
    <bullet21/>
    <bullet22/>
    <bullet23/>
    <bullet24/>
    <vendorPriceUpdateDate>2021-06-16 00:00:00</vendorPriceUpdateDate>
  </part>
  <part>
    <partNumber>44010183</partNumber>
    <punctuatedPartNumber>4401-0183</punctuatedPartNumber>
    <partStatusDescription>STANDARD</partStatusDescription>
    <partDescription>Vehicle Tuner for Sirius XM</partDescription>
    <unitOfMeasure>Each</unitOfMeasure>
    <brandName>JENSEN</brandName>
    <supplierNumber>SXV300V1L</supplierNumber>
    <specialInstructions/>
    <baseDealerPrice>57.10</baseDealerPrice>
    <yourDealerPrice>57.10</yourDealerPrice>
    <baseRetailPrice>81.95</baseRetailPrice>
    <originalRetailPrice>81.95</originalRetailPrice>
    <partImage>http://asset.lemansnet.com/z/L0YvRS83L0ZFN0QyMjQ3LTM3MjQtNEI4Qy04MEIzLTRFNzBGQzE0MjlCQQ==</partImage>
    <productId>0177031585</productId>
    <productName>Sirius XM Vehicle Tuner</productName>
    <productImage>http://asset.lemansnet.com/z/L0YvRS83L0ZFN0QyMjQ3LTM3MjQtNEI4Qy04MEIzLTRFNzBGQzE0MjlCQQ==</productImage>
    <bullet1>Features 20+ channels of additional music, sports, entertainment and SiriusXM Latino, a collection of 12 Spanish language channels</bullet1>
    <bullet2>Connect, control and enjoy through the vehicle's in-dash audio system</bullet2>
    <bullet3>Compact size hides discreetly behind the dash for a fully integrated look</bullet3>
    <bullet4>Single interface cable connection to SiriusXM-Ready car stereo simplifies installation</bullet4>
    <bullet5>Includes vehicle tuner, magnetic mount antenna and installation guide</bullet5>
    <bullet6/>
    <bullet7/>
    <bullet8/>
    <bullet9/>
    <bullet10/>
    <bullet11/>
    <bullet12/>
    <bullet13/>
    <bullet14/>
    <bullet15/>
    <bullet16/>
    <bullet17/>
    <bullet18/>
    <bullet19/>
    <bullet20/>
    <bullet21/>
    <bullet22/>
    <bullet23/>
    <bullet24/>
    <vendorPriceUpdateDate>2019-04-09 00:00:00</vendorPriceUpdateDate>
  </part>
  <part>
    <partNumber>44010266</partNumber>
    <punctuatedPartNumber>4401-0266</punctuatedPartNumber>
    <partStatusDescription>DISCONTINUED</partStatusDescription>
    <partDescription>4-Channel Amplifier - Bluetooth</partDescription>
    <unitOfMeasure>Each</unitOfMeasure>
    <brandName>JENSEN</brandName>
    <supplierNumber>JAHD440BT</supplierNumber>
    <specialInstructions>Discontinue Item</specialInstructions>
    <baseDealerPrice>97.00</baseDealerPrice>
    <yourDealerPrice>97.00</yourDealerPrice>
    <baseRetailPrice>173.95</baseRetailPrice>
    <originalRetailPrice>173.95</originalRetailPrice>
    <partImage>http://asset.lemansnet.com/z/LzAvOS8zLzA5M0I3MEY1LTUzMjMtNDc2Ri1BNUZFLUUwRjE0MDY1MkI2RCwvQy8wLzYvQzA2QzY0QUEtRDI1Qy00MUY4LUE3NjEtQzI3Mjc5Mjg5RjIy</partImage>
    <productId>0920422693</productId>
    <productName>4-Channel Bluetooth Amplifier</productName>
    <productImage>http://asset.lemansnet.com/z/L0MvMC82L0MwNkM2NEFBLUQyNUMtNDFGOC1BNzYxLUMyNzI3OTI4OUYyMg==</productImage>
    <bullet1>Bluetooth audio</bullet1>
    <bullet2>RCA audio input connectors</bullet2>
    <bullet3>4-8 ohm stable</bullet3>
    <bullet4>Frequency response: 20Hz - 20kHz</bullet4>
    <bullet5>Input sensitivity: 600mV</bullet5>
    <bullet6>15 A fuse in waterproof holder</bullet6>
    <bullet7>Epoxy potted enclosure</bullet7>
    <bullet8>Corrosion and water-resistant</bullet8>
    <bullet9/>
    <bullet10/>
    <bullet11/>
    <bullet12/>
    <bullet13/>
    <bullet14/>
    <bullet15/>
    <bullet16/>
    <bullet17/>
    <bullet18/>
    <bullet19/>
    <bullet20/>
    <bullet21/>
    <bullet22/>
    <bullet23/>
    <bullet24/>
    <vendorPriceUpdateDate>2022-03-03 00:00:00</vendorPriceUpdateDate>
  </part>
  <part>
    <partNumber>44050875</partNumber>
    <punctuatedPartNumber>4405-0875</punctuatedPartNumber>
    <partStatusDescription>STANDARD</partStatusDescription>
    <partDescription>2-Way Speakers - Black</partDescription>
    <unitOfMeasure>Pair</unitOfMeasure>
    <brandName>JENSEN</brandName>
    <supplierNumber>JXHD30PS</supplierNumber>
    <specialInstructions/>
    <baseDealerPrice>83.10</baseDealerPrice>
    <yourDealerPrice>83.10</yourDealerPrice>
    <baseRetailPrice>119.95</baseRetailPrice>
    <originalRetailPrice>119.95</originalRetailPrice>
    <partImage>http://asset.lemansnet.com/z/L0QvRC8zL0REMzMwOTkwLTVERjAtNEE0RC1CMTI0LUM2RTZENDg3MEQ2Mw==</partImage>
    <productId>0503223487</productId>
    <productName>2-Way Speakers</productName>
    <productImage>http://asset.lemansnet.com/z/L0QvRC8zL0REMzMwOTkwLTVERjAtNEE0RC1CMTI0LUM2RTZENDg3MEQ2Mw==</productImage>
    <bullet1>Waterproof bridged woofer/tweeter</bullet1>
    <bullet2>Polypropylene cone</bullet2>
    <bullet3>Ferro fluid cooling on tweeter</bullet3>
    <bullet4>Rubber suspension/surround</bullet4>
    <bullet5>Four-layer ASV voice coil</bullet5>
    <bullet6>U-brackets included</bullet6>
    <bullet7>Rear AMPS mounting pattern for additional mounting options</bullet7>
    <bullet8>Fixed grilles</bullet8>
    <bullet9>Corrosion and UV resistant</bullet9>
    <bullet10/>
    <bullet11/>
    <bullet12/>
    <bullet13/>
    <bullet14/>
    <bullet15/>
    <bullet16/>
    <bullet17/>
    <bullet18/>
    <bullet19/>
    <bullet20/>
    <bullet21/>
    <bullet22/>
    <bullet23/>
    <bullet24/>
    <vendorPriceUpdateDate>2023-04-22 00:00:00</vendorPriceUpdateDate>
  </part>
  <part>
    <partNumber>44010137</partNumber>
    <punctuatedPartNumber>4401-0137</punctuatedPartNumber>
    <partStatusDescription>STANDARD</partStatusDescription>
    <partDescription>Auxiliary Port</partDescription>
    <unitOfMeasure>Each</unitOfMeasure>
    <brandName>JENSEN</brandName>
    <supplierNumber>JPORTG</supplierNumber>
    <specialInstructions/>
    <baseDealerPrice>9.70</baseDealerPrice>
    <yourDealerPrice>9.70</yourDealerPrice>
    <baseRetailPrice>15.95</baseRetailPrice>
    <originalRetailPrice>18.95</originalRetailPrice>
    <partImage>http://asset.lemansnet.com/z/LzkvQS82LzlBNkY0NjM3LTM3QkMtNDI5MC1CN0E4LUUxQThERkQ4NzYzMQ==</partImage>
    <productId>0532515282</productId>
    <productName>USB Interface and 1/8" Auxiliary Input Jack</productName>
    <productImage>http://asset.lemansnet.com/z/L0QvRC9EL0RERDlBNzA5LUM4RkUtNEY4OS1COEZCLUQyMDVGN0RCQkUwMw==</productImage>
    <bullet1>USB Interface and/or 1/8" Auxiliary Input Jack</bullet1>
    <bullet2>Waterproof design</bullet2>
    <bullet3>USB port allows for connection of external storage device</bullet3>
    <bullet4>1/8" audio jack allows input of any MP3 player or external audio device</bullet4>
    <bullet5>Audio connector (RCA)</bullet5>
    <bullet6>For use with any stereo with USB capability and/or auxiliary audio inputs</bullet6>
    <bullet7>ASTM B117 Salt Spray Exposure Standard Compliant</bullet7>
    <bullet8>ASTM D4329 UV Exposure Standard Compliant</bullet8>
    <bullet9>Through hole mount with threaded housing and knurled securing nut</bullet9>
    <bullet10/>
    <bullet11/>
    <bullet12/>
    <bullet13/>
    <bullet14/>
    <bullet15/>
    <bullet16/>
    <bullet17/>
    <bullet18/>
    <bullet19/>
    <bullet20/>
    <bullet21/>
    <bullet22/>
    <bullet23/>
    <bullet24/>
    <vendorPriceUpdateDate>2021-06-16 00:00:00</vendorPriceUpdateDate>
  </part>
</root>
