<root>
  <part>
    <partNumber>39100082</partNumber>
    <punctuatedPartNumber>3910-0082</punctuatedPartNumber>
    <partStatusDescription>STANDARD</partStatusDescription>
    <partDescription>Arched Folding Ramps - 12"x 89"</partDescription>
    <unitOfMeasure>Pair</unitOfMeasure>
    <brandName>YUTRAX</brandName>
    <supplierNumber>TX107</supplierNumber>
    <specialInstructions/>
    <baseDealerPrice>326.20</baseDealerPrice>
    <yourDealerPrice>326.20</yourDealerPrice>
    <baseRetailPrice>434.95</baseRetailPrice>
    <originalRetailPrice>439.95</originalRetailPrice>
    <partImage>http://asset.lemansnet.com/z/LzMvRC80LzNENDg4NzI3LTVGOTYtNDBFQS05NzVDLTA4RkRGMDM1MTJDRSwvQy8xL0MvQzFDRkU0QzEtMDNEQi00NUZBLTlCODEtNEIxM0I2RjY4MkRDLC9FLzIvQS9FMkEyOTVEMi1EMTdDLTQ2QkEtODJBNy0zMDJFOEEyMUIyMzI=</partImage>
    <productId>0029640441</productId>
    <productName>Loading Ramps</productName>
    <productImage>http://asset.lemansnet.com/z/LzMvRC80LzNENDg4NzI3LTVGOTYtNDBFQS05NzVDLTA4RkRGMDM1MTJDRQ==</productImage>
    <bullet1>Lightweight aluminum, fully-welded construction</bullet1>
    <bullet2>Extruded rectangular side rails resist bending</bullet2>
    <bullet3>Taller, rectangular cross sections support more weight</bullet3>
    <bullet4>Joints and hinges are welded, not riveted</bullet4>
    <bullet5>Do not ride motorcycle/ATV/UTV on ramp at any time.</bullet5>
    <bullet6/>
    <bullet7/>
    <bullet8/>
    <bullet9/>
    <bullet10/>
    <bullet11/>
    <bullet12/>
    <bullet13/>
    <bullet14/>
    <bullet15/>
    <bullet16/>
    <bullet17/>
    <bullet18/>
    <bullet19/>
    <bullet20/>
    <bullet21/>
    <bullet22/>
    <bullet23/>
    <bullet24/>
    <vendorPriceUpdateDate>2023-04-22 00:00:00</vendorPriceUpdateDate>
  </part>
  <part>
    <partNumber>39100083</partNumber>
    <punctuatedPartNumber>3910-0083</punctuatedPartNumber>
    <partStatusDescription>STANDARD</partStatusDescription>
    <partDescription>Tri-Fold Ramp - 50" x 69"</partDescription>
    <unitOfMeasure>Each</unitOfMeasure>
    <brandName>YUTRAX</brandName>
    <supplierNumber>TX103</supplierNumber>
    <specialInstructions/>
    <baseDealerPrice>212.20</baseDealerPrice>
    <yourDealerPrice>212.20</yourDealerPrice>
    <baseRetailPrice>282.99</baseRetailPrice>
    <originalRetailPrice>353.95</originalRetailPrice>
    <partImage>http://asset.lemansnet.com/z/LzMvRC8yLzNEMjEwNTVBLTFDMTMtNENBQy05Nzg5LUEwMzQ5NEQwNDhEMywvNi9DL0YvNkNGRTlFRUMtOTJBNy00MUQ4LUE1MzQtNEI0NDc1ODcxQzE2</partImage>
    <productId>0029640441</productId>
    <productName>Loading Ramps</productName>
    <productImage>http://asset.lemansnet.com/z/LzMvRC80LzNENDg4NzI3LTVGOTYtNDBFQS05NzVDLTA4RkRGMDM1MTJDRQ==</productImage>
    <bullet1>Lightweight aluminum, fully-welded construction</bullet1>
    <bullet2>Extruded rectangular side rails resist bending</bullet2>
    <bullet3>Taller, rectangular cross sections support more weight</bullet3>
    <bullet4>Joints and hinges are welded, not riveted</bullet4>
    <bullet5>Do not ride motorcycle/ATV/UTV on ramp at any time.</bullet5>
    <bullet6/>
    <bullet7/>
    <bullet8/>
    <bullet9/>
    <bullet10/>
    <bullet11/>
    <bullet12/>
    <bullet13/>
    <bullet14/>
    <bullet15/>
    <bullet16/>
    <bullet17/>
    <bullet18/>
    <bullet19/>
    <bullet20/>
    <bullet21/>
    <bullet22/>
    <bullet23/>
    <bullet24/>
    <vendorPriceUpdateDate>2023-01-25 00:00:00</vendorPriceUpdateDate>
  </part>
  <part>
    <partNumber>39100084</partNumber>
    <punctuatedPartNumber>3910-0084</punctuatedPartNumber>
    <partStatusDescription>STANDARD</partStatusDescription>
    <partDescription>Tri-Fold Ramp - 50" x 78"</partDescription>
    <unitOfMeasure>Each</unitOfMeasure>
    <brandName>YUTRAX</brandName>
    <supplierNumber>TX104</supplierNumber>
    <specialInstructions/>
    <baseDealerPrice>291.90</baseDealerPrice>
    <yourDealerPrice>291.90</yourDealerPrice>
    <baseRetailPrice>389.95</baseRetailPrice>
    <originalRetailPrice>389.95</originalRetailPrice>
    <partImage>http://asset.lemansnet.com/z/LzMvRC8yLzNEMjEwNTVBLTFDMTMtNENBQy05Nzg5LUEwMzQ5NEQwNDhEMywvNS9EL0EvNURBQ0Y3REItNkM1OS00NzI0LUJFMUYtQTFCMDFBQjM2NDlC</partImage>
    <productId>0029640441</productId>
    <productName>Loading Ramps</productName>
    <productImage>http://asset.lemansnet.com/z/LzMvRC80LzNENDg4NzI3LTVGOTYtNDBFQS05NzVDLTA4RkRGMDM1MTJDRQ==</productImage>
    <bullet1>Lightweight aluminum, fully-welded construction</bullet1>
    <bullet2>Extruded rectangular side rails resist bending</bullet2>
    <bullet3>Taller, rectangular cross sections support more weight</bullet3>
    <bullet4>Joints and hinges are welded, not riveted</bullet4>
    <bullet5>Do not ride motorcycle/ATV/UTV on ramp at any time.</bullet5>
    <bullet6/>
    <bullet7/>
    <bullet8/>
    <bullet9/>
    <bullet10/>
    <bullet11/>
    <bullet12/>
    <bullet13/>
    <bullet14/>
    <bullet15/>
    <bullet16/>
    <bullet17/>
    <bullet18/>
    <bullet19/>
    <bullet20/>
    <bullet21/>
    <bullet22/>
    <bullet23/>
    <bullet24/>
    <vendorPriceUpdateDate>2023-01-25 00:00:00</vendorPriceUpdateDate>
  </part>
  <part>
    <partNumber>39100085</partNumber>
    <punctuatedPartNumber>3910-0085</punctuatedPartNumber>
    <partStatusDescription>STANDARD</partStatusDescription>
    <partDescription>Ramp - 14" x 69"</partDescription>
    <unitOfMeasure>Pair</unitOfMeasure>
    <brandName>YUTRAX</brandName>
    <supplierNumber>TX195</supplierNumber>
    <specialInstructions/>
    <baseDealerPrice>142.70</baseDealerPrice>
    <yourDealerPrice>142.70</yourDealerPrice>
    <baseRetailPrice>190.99</baseRetailPrice>
    <originalRetailPrice>223.95</originalRetailPrice>
    <partImage>http://asset.lemansnet.com/z/LzIvOC81LzI4NUE0NEY2LTRGQzYtNDExOS05RkE3LThBM0MyQTg1QTcwMSwvMC9FLzgvMEU4MUYxNTgtOUE4My00OTNELTk4Q0MtMUVBNzUzNzlFQzU0</partImage>
    <productId>0029640441</productId>
    <productName>Loading Ramps</productName>
    <productImage>http://asset.lemansnet.com/z/LzMvRC80LzNENDg4NzI3LTVGOTYtNDBFQS05NzVDLTA4RkRGMDM1MTJDRQ==</productImage>
    <bullet1>Lightweight aluminum, fully-welded construction</bullet1>
    <bullet2>Extruded rectangular side rails resist bending</bullet2>
    <bullet3>Taller, rectangular cross sections support more weight</bullet3>
    <bullet4>Joints and hinges are welded, not riveted</bullet4>
    <bullet5>Do not ride motorcycle/ATV/UTV on ramp at any time.</bullet5>
    <bullet6/>
    <bullet7/>
    <bullet8/>
    <bullet9/>
    <bullet10/>
    <bullet11/>
    <bullet12/>
    <bullet13/>
    <bullet14/>
    <bullet15/>
    <bullet16/>
    <bullet17/>
    <bullet18/>
    <bullet19/>
    <bullet20/>
    <bullet21/>
    <bullet22/>
    <bullet23/>
    <bullet24/>
    <vendorPriceUpdateDate>2023-04-22 00:00:00</vendorPriceUpdateDate>
  </part>
  <part>
    <partNumber>39100086</partNumber>
    <punctuatedPartNumber>3910-0086</punctuatedPartNumber>
    <partStatusDescription>STANDARD</partStatusDescription>
    <partDescription>Bi-Fold Ramp - 48" x 69"</partDescription>
    <unitOfMeasure>Each</unitOfMeasure>
    <brandName>YUTRAX</brandName>
    <supplierNumber>TX102</supplierNumber>
    <specialInstructions/>
    <baseDealerPrice>226.80</baseDealerPrice>
    <yourDealerPrice>226.80</yourDealerPrice>
    <baseRetailPrice>302.95</baseRetailPrice>
    <originalRetailPrice>303.95</originalRetailPrice>
    <partImage>http://asset.lemansnet.com/z/LzYvMi9DLzYyQzZBQTkxLTc5NUYtNDdFOC05NUZFLUQ4RkU4NDNGQjAxQiwvMS9FL0EvMUVBOTUyNDQtMDE3Qy00Q0Q2LUJEMEMtMzAxRjc0OUNGN0JB</partImage>
    <productId>0029640441</productId>
    <productName>Loading Ramps</productName>
    <productImage>http://asset.lemansnet.com/z/LzMvRC80LzNENDg4NzI3LTVGOTYtNDBFQS05NzVDLTA4RkRGMDM1MTJDRQ==</productImage>
    <bullet1>Lightweight aluminum, fully-welded construction</bullet1>
    <bullet2>Extruded rectangular side rails resist bending</bullet2>
    <bullet3>Taller, rectangular cross sections support more weight</bullet3>
    <bullet4>Joints and hinges are welded, not riveted</bullet4>
    <bullet5>Do not ride motorcycle/ATV/UTV on ramp at any time.</bullet5>
    <bullet6/>
    <bullet7/>
    <bullet8/>
    <bullet9/>
    <bullet10/>
    <bullet11/>
    <bullet12/>
    <bullet13/>
    <bullet14/>
    <bullet15/>
    <bullet16/>
    <bullet17/>
    <bullet18/>
    <bullet19/>
    <bullet20/>
    <bullet21/>
    <bullet22/>
    <bullet23/>
    <bullet24/>
    <vendorPriceUpdateDate>2023-01-25 00:00:00</vendorPriceUpdateDate>
  </part>
  <part>
    <partNumber>39100087</partNumber>
    <punctuatedPartNumber>3910-0087</punctuatedPartNumber>
    <partStatusDescription>STANDARD</partStatusDescription>
    <partDescription>Arched Folding Ramp - 12" x 89"</partDescription>
    <unitOfMeasure>Each</unitOfMeasure>
    <brandName>YUTRAX</brandName>
    <supplierNumber>TX106</supplierNumber>
    <specialInstructions/>
    <baseDealerPrice>177.70</baseDealerPrice>
    <yourDealerPrice>177.70</yourDealerPrice>
    <baseRetailPrice>236.95</baseRetailPrice>
    <originalRetailPrice>225.95</originalRetailPrice>
    <partImage>http://asset.lemansnet.com/z/L0IvOS8wL0I5MEVCMjdELUZFQTgtNEUxMS05Qjc2LUNENkM3Q0I5NUM3MywvRS8xLzkvRTE5OUE1MTYtOEI4Ri00NThDLTk1RTYtREJGRkE0QTI2REFELC8xL0UvQi8xRUJDQzkyMS1BOTFELTQ1NUEtQjY0Ri1COUY4NzAyMEI2NDA=</partImage>
    <productId>0029640441</productId>
    <productName>Loading Ramps</productName>
    <productImage>http://asset.lemansnet.com/z/LzMvRC80LzNENDg4NzI3LTVGOTYtNDBFQS05NzVDLTA4RkRGMDM1MTJDRQ==</productImage>
    <bullet1>Lightweight aluminum, fully-welded construction</bullet1>
    <bullet2>Extruded rectangular side rails resist bending</bullet2>
    <bullet3>Taller, rectangular cross sections support more weight</bullet3>
    <bullet4>Joints and hinges are welded, not riveted</bullet4>
    <bullet5>Do not ride motorcycle/ATV/UTV on ramp at any time.</bullet5>
    <bullet6/>
    <bullet7/>
    <bullet8/>
    <bullet9/>
    <bullet10/>
    <bullet11/>
    <bullet12/>
    <bullet13/>
    <bullet14/>
    <bullet15/>
    <bullet16/>
    <bullet17/>
    <bullet18/>
    <bullet19/>
    <bullet20/>
    <bullet21/>
    <bullet22/>
    <bullet23/>
    <bullet24/>
    <vendorPriceUpdateDate>2023-01-25 00:00:00</vendorPriceUpdateDate>
  </part>
  <part>
    <partNumber>39100118</partNumber>
    <punctuatedPartNumber>3910-0118</punctuatedPartNumber>
    <partStatusDescription>STANDARD</partStatusDescription>
    <partDescription>Arched Loading Ramps - 12" x 90"</partDescription>
    <unitOfMeasure>Pair</unitOfMeasure>
    <brandName>YUTRAX</brandName>
    <supplierNumber>YR501</supplierNumber>
    <specialInstructions/>
    <baseDealerPrice>333.70</baseDealerPrice>
    <yourDealerPrice>333.70</yourDealerPrice>
    <baseRetailPrice>444.95</baseRetailPrice>
    <originalRetailPrice>375.95</originalRetailPrice>
    <partImage>http://asset.lemansnet.com/z/L0UvNy85L0U3OUYwMjJCLTdGNEEtNDQ0My04NDdBLUY1RUVBNEY1Q0MwNQ==</partImage>
    <productId>0029640441</productId>
    <productName>Loading Ramps</productName>
    <productImage>http://asset.lemansnet.com/z/LzMvRC80LzNENDg4NzI3LTVGOTYtNDBFQS05NzVDLTA4RkRGMDM1MTJDRQ==</productImage>
    <bullet1>Lightweight aluminum, fully-welded construction</bullet1>
    <bullet2>Extruded rectangular side rails resist bending</bullet2>
    <bullet3>Taller, rectangular cross sections support more weight</bullet3>
    <bullet4>Joints and hinges are welded, not riveted</bullet4>
    <bullet5>Do not ride motorcycle/ATV/UTV on ramp at any time.</bullet5>
    <bullet6/>
    <bullet7/>
    <bullet8/>
    <bullet9/>
    <bullet10/>
    <bullet11/>
    <bullet12/>
    <bullet13/>
    <bullet14/>
    <bullet15/>
    <bullet16/>
    <bullet17/>
    <bullet18/>
    <bullet19/>
    <bullet20/>
    <bullet21/>
    <bullet22/>
    <bullet23/>
    <bullet24/>
    <vendorPriceUpdateDate>2025-08-05 00:00:00</vendorPriceUpdateDate>
  </part>
</root>
