<root>
  <part>
    <partNumber>RRC1</partNumber>
    <punctuatedPartNumber>RRC-1</punctuatedPartNumber>
    <partStatusDescription>STANDARD</partStatusDescription>
    <partDescription>Measuring Cup</partDescription>
    <unitOfMeasure>Each</unitOfMeasure>
    <brandName>RATIO RITE</brandName>
    <supplierNumber>RRC1</supplierNumber>
    <specialInstructions/>
    <baseDealerPrice>3.60</baseDealerPrice>
    <yourDealerPrice>3.60</yourDealerPrice>
    <baseRetailPrice>6.95</baseRetailPrice>
    <originalRetailPrice>6.95</originalRetailPrice>
    <partImage>http://asset.lemansnet.com/z/bWVkaWEvNjhiOTgyZjEtN2FlMC00NTIwLWE4MDgtYmQ4ZjZhOWE0MTgyLC9CL0YvNC9CRjRFOTMzOS05MjYxLTQzRkMtQTY4RS01NDVFM0YxNzY4QTY=</partImage>
    <productId>1711600088</productId>
    <productName>Measurement Cup</productName>
    <productImage>http://asset.lemansnet.com/z/bWVkaWEvNjhiOTgyZjEtN2FlMC00NTIwLWE4MDgtYmQ4ZjZhOWE0MTgy</productImage>
    <bullet1>For 2 cycle engines and chemicals</bullet1>
    <bullet2>Eliminate the mistakes and guesswork of measuring fluids</bullet2>
    <bullet3>Allows proper premix ratios from 16:1 to 70:1</bullet3>
    <bullet4>Calibrated in cubic centimeters, ounces and pints</bullet4>
    <bullet5>Lid makes mixing safer and easier</bullet5>
    <bullet6/>
    <bullet7/>
    <bullet8/>
    <bullet9/>
    <bullet10/>
    <bullet11/>
    <bullet12/>
    <bullet13/>
    <bullet14/>
    <bullet15/>
    <bullet16/>
    <bullet17/>
    <bullet18/>
    <bullet19/>
    <bullet20/>
    <bullet21/>
    <bullet22/>
    <bullet23/>
    <bullet24/>
    <vendorPriceUpdateDate>2015-12-09 00:00:00</vendorPriceUpdateDate>
  </part>
  <part>
    <partNumber>RRL1</partNumber>
    <punctuatedPartNumber>RRL-1</punctuatedPartNumber>
    <partStatusDescription>STANDARD</partStatusDescription>
    <partDescription>Lid</partDescription>
    <unitOfMeasure>Each</unitOfMeasure>
    <brandName>RATIO RITE</brandName>
    <supplierNumber>RRL1</supplierNumber>
    <specialInstructions/>
    <baseDealerPrice>1.70</baseDealerPrice>
    <yourDealerPrice>1.70</yourDealerPrice>
    <baseRetailPrice>2.95</baseRetailPrice>
    <originalRetailPrice>2.95</originalRetailPrice>
    <partImage>http://asset.lemansnet.com/z/LzAvNS9DLzA1QzcwNEJGLUM5RUQtNDMwRS04QjJDLUY0RUI1RDdFMTgzMSwvQi9GLzQvQkY0RTkzMzktOTI2MS00M0ZDLUE2OEUtNTQ1RTNGMTc2OEE2</partImage>
    <productId>1711600088</productId>
    <productName>Measurement Cup</productName>
    <productImage>http://asset.lemansnet.com/z/bWVkaWEvNjhiOTgyZjEtN2FlMC00NTIwLWE4MDgtYmQ4ZjZhOWE0MTgy</productImage>
    <bullet1>For 2 cycle engines and chemicals</bullet1>
    <bullet2>Eliminate the mistakes and guesswork of measuring fluids</bullet2>
    <bullet3>Allows proper premix ratios from 16:1 to 70:1</bullet3>
    <bullet4>Calibrated in cubic centimeters, ounces and pints</bullet4>
    <bullet5>Lid makes mixing safer and easier</bullet5>
    <bullet6/>
    <bullet7/>
    <bullet8/>
    <bullet9/>
    <bullet10/>
    <bullet11/>
    <bullet12/>
    <bullet13/>
    <bullet14/>
    <bullet15/>
    <bullet16/>
    <bullet17/>
    <bullet18/>
    <bullet19/>
    <bullet20/>
    <bullet21/>
    <bullet22/>
    <bullet23/>
    <bullet24/>
    <vendorPriceUpdateDate>2015-12-09 00:00:00</vendorPriceUpdateDate>
  </part>
</root>
