<root>
  <part>
    <partNumber>16201747</partNumber>
    <punctuatedPartNumber>1620-1747</punctuatedPartNumber>
    <partStatusDescription>STANDARD</partStatusDescription>
    <partDescription>Banana Board Foot Pegs - Male Mount - Chrome without Rivets</partDescription>
    <unitOfMeasure>Pair</unitOfMeasure>
    <brandName>CYCLESMITHS</brandName>
    <supplierNumber>126-NR</supplierNumber>
    <specialInstructions/>
    <baseDealerPrice>175.00</baseDealerPrice>
    <yourDealerPrice>175.00</yourDealerPrice>
    <baseRetailPrice>249.95</baseRetailPrice>
    <originalRetailPrice>249.95</originalRetailPrice>
    <partImage>http://asset.lemansnet.com/z/LzUvQS82LzVBNjA1RDc5LUI3NkQtNDlEQy1CQkZGLUI2MDI1MTBBMzQ5Rg==</partImage>
    <productId>1659598042</productId>
    <productName>Banana Board Foot Pegs</productName>
    <productImage>http://asset.lemansnet.com/z/LzUvNi8wLzU2MDc2NzFBLTA5M0ItNEE5Mi04MkE5LUVEMUU3QjdDNDBCMQ==</productImage>
    <bullet1>Optional banana footpegs are designed to match floorboards; sold separately</bullet1>
    <bullet2>Matching highway/passenger peg available separately</bullet2>
    <bullet3>Made in the USA</bullet3>
    <bullet4/>
    <bullet5/>
    <bullet6/>
    <bullet7/>
    <bullet8/>
    <bullet9/>
    <bullet10/>
    <bullet11/>
    <bullet12/>
    <bullet13/>
    <bullet14/>
    <bullet15/>
    <bullet16/>
    <bullet17/>
    <bullet18/>
    <bullet19/>
    <bullet20/>
    <bullet21/>
    <bullet22/>
    <bullet23/>
    <bullet24/>
    <vendorPriceUpdateDate>2023-04-22 00:00:00</vendorPriceUpdateDate>
  </part>
  <part>
    <partNumber>06012541</partNumber>
    <punctuatedPartNumber>0601-2541</punctuatedPartNumber>
    <partStatusDescription>STANDARD</partStatusDescription>
    <partDescription>1-1/4" Handlebar for Baggers - 13" - Chrome</partDescription>
    <unitOfMeasure>Each</unitOfMeasure>
    <brandName>CYCLESMITHS</brandName>
    <supplierNumber>113-W-14-H</supplierNumber>
    <specialInstructions/>
    <baseDealerPrice>245.00</baseDealerPrice>
    <yourDealerPrice>245.00</yourDealerPrice>
    <baseRetailPrice>349.95</baseRetailPrice>
    <originalRetailPrice>374.95</originalRetailPrice>
    <partImage>http://asset.lemansnet.com/z/L0YvQi82L0ZCNjJBRkJDLTEyNkItNDdEMC05RDlDLTRGNDFCOEFGRDgxMw==</partImage>
    <productId>0156196942</productId>
    <productName>1-1/4" Handlebar for Baggers</productName>
    <productImage>http://asset.lemansnet.com/z/L0YvQi9GL0ZCRkY5RkRBLTJBRjYtNEE1QS1BRjQ4LUZBOEIzRkREQzA5NA==</productImage>
    <bullet1>Unique contours allow handlebars to fit FLHT/FLHX/FLTRX without any modifications to the fairing</bullet1>
    <bullet2>Drilled for internal wiring; accept stock handlebar clamp, risers, controls and optional hydraulic clutch controls</bullet2>
    <bullet3>3-1/2" on-center knurling</bullet3>
    <bullet4>Made in the USA</bullet4>
    <bullet5/>
    <bullet6/>
    <bullet7/>
    <bullet8/>
    <bullet9/>
    <bullet10/>
    <bullet11/>
    <bullet12/>
    <bullet13/>
    <bullet14/>
    <bullet15/>
    <bullet16/>
    <bullet17/>
    <bullet18/>
    <bullet19/>
    <bullet20/>
    <bullet21/>
    <bullet22/>
    <bullet23/>
    <bullet24/>
    <vendorPriceUpdateDate>2022-12-05 00:00:00</vendorPriceUpdateDate>
  </part>
  <part>
    <partNumber>06010789</partNumber>
    <punctuatedPartNumber>0601-0789</punctuatedPartNumber>
    <partStatusDescription>STANDARD</partStatusDescription>
    <partDescription>1-1/4" Premium Series Ape Hanger Handlebar - 13" - TBW - Chrome</partDescription>
    <unitOfMeasure>Each</unitOfMeasure>
    <brandName>CYCLESMITHS</brandName>
    <supplierNumber>113-08</supplierNumber>
    <specialInstructions/>
    <baseDealerPrice>245.00</baseDealerPrice>
    <yourDealerPrice>245.00</yourDealerPrice>
    <baseRetailPrice>349.95</baseRetailPrice>
    <originalRetailPrice>374.95</originalRetailPrice>
    <partImage>http://asset.lemansnet.com/z/L0IvNS81L0I1NTVCRDIwLTY5NjktNDgyOC05REJCLUY0NzY3QkJBODMwRA==</partImage>
    <productId>0939469635</productId>
    <productName>1-1/4" Premium Series Ape Hanger Handlebar</productName>
    <productImage>http://asset.lemansnet.com/z/L0IvNS81L0I1NTVCRDIwLTY5NjktNDgyOC05REJCLUY0NzY3QkJBODMwRA==</productImage>
    <bullet1>Revolutionary Premium Series FATBARS are lighter and stronger with less vibration and improved moment of inertia</bullet1>
    <bullet2>Beautiful mandrel bends that are fully round, not the usual flattened non-mandrel bends</bullet2>
    <bullet3>Stronger DOM center tube</bullet3>
    <bullet4>Aluminum end tubes help lower vibrations</bullet4>
    <bullet5>The moment of inertia is greatly improved because of the unique lightweight aluminum end tubes, allowing for easier and quicker steering</bullet5>
    <bullet6>Bars are opened up and have an ergonomic wrist angle that lets you ride longer and more comfortably</bullet6>
    <bullet7>CNC and hand-blended wiring holes and paths designed to smoothly run internal wires</bullet7>
    <bullet8>Accept stock handlebar clamps, risers and controls</bullet8>
    <bullet9>Clamping area has 3-1/2” on-center knurling</bullet9>
    <bullet10>Made in the USA</bullet10>
    <bullet11/>
    <bullet12/>
    <bullet13/>
    <bullet14/>
    <bullet15/>
    <bullet16/>
    <bullet17/>
    <bullet18/>
    <bullet19/>
    <bullet20/>
    <bullet21/>
    <bullet22/>
    <bullet23/>
    <bullet24/>
    <vendorPriceUpdateDate>2022-12-05 00:00:00</vendorPriceUpdateDate>
  </part>
  <part>
    <partNumber>06010791</partNumber>
    <punctuatedPartNumber>0601-0791</punctuatedPartNumber>
    <partStatusDescription>STANDARD</partStatusDescription>
    <partDescription>1-1/4" Premium Series Ape Hanger Handlebar - 16" - TBW - Chrome</partDescription>
    <unitOfMeasure>Each</unitOfMeasure>
    <brandName>CYCLESMITHS</brandName>
    <supplierNumber>113-16-08</supplierNumber>
    <specialInstructions/>
    <baseDealerPrice>245.00</baseDealerPrice>
    <yourDealerPrice>245.00</yourDealerPrice>
    <baseRetailPrice>349.95</baseRetailPrice>
    <originalRetailPrice>374.95</originalRetailPrice>
    <partImage>http://asset.lemansnet.com/z/L0IvNS81L0I1NTVCRDIwLTY5NjktNDgyOC05REJCLUY0NzY3QkJBODMwRA==</partImage>
    <productId>0939469635</productId>
    <productName>1-1/4" Premium Series Ape Hanger Handlebar</productName>
    <productImage>http://asset.lemansnet.com/z/L0IvNS81L0I1NTVCRDIwLTY5NjktNDgyOC05REJCLUY0NzY3QkJBODMwRA==</productImage>
    <bullet1>Revolutionary Premium Series FATBARS are lighter and stronger with less vibration and improved moment of inertia</bullet1>
    <bullet2>Beautiful mandrel bends that are fully round, not the usual flattened non-mandrel bends</bullet2>
    <bullet3>Stronger DOM center tube</bullet3>
    <bullet4>Aluminum end tubes help lower vibrations</bullet4>
    <bullet5>The moment of inertia is greatly improved because of the unique lightweight aluminum end tubes, allowing for easier and quicker steering</bullet5>
    <bullet6>Bars are opened up and have an ergonomic wrist angle that lets you ride longer and more comfortably</bullet6>
    <bullet7>CNC and hand-blended wiring holes and paths designed to smoothly run internal wires</bullet7>
    <bullet8>Accept stock handlebar clamps, risers and controls</bullet8>
    <bullet9>Clamping area has 3-1/2” on-center knurling</bullet9>
    <bullet10>Made in the USA</bullet10>
    <bullet11/>
    <bullet12/>
    <bullet13/>
    <bullet14/>
    <bullet15/>
    <bullet16/>
    <bullet17/>
    <bullet18/>
    <bullet19/>
    <bullet20/>
    <bullet21/>
    <bullet22/>
    <bullet23/>
    <bullet24/>
    <vendorPriceUpdateDate>2022-12-05 00:00:00</vendorPriceUpdateDate>
  </part>
  <part>
    <partNumber>06010797</partNumber>
    <punctuatedPartNumber>0601-0797</punctuatedPartNumber>
    <partStatusDescription>STANDARD</partStatusDescription>
    <partDescription>1-1/4" Handlebar - Ape Hanger - 16" - Chrome</partDescription>
    <unitOfMeasure>Each</unitOfMeasure>
    <brandName>CYCLESMITHS</brandName>
    <supplierNumber>113-16-NS</supplierNumber>
    <specialInstructions/>
    <baseDealerPrice>245.00</baseDealerPrice>
    <yourDealerPrice>245.00</yourDealerPrice>
    <baseRetailPrice>349.95</baseRetailPrice>
    <originalRetailPrice>374.95</originalRetailPrice>
    <partImage>http://asset.lemansnet.com/z/L0IvNC84L0I0ODQwRTBCLTkxN0MtNDc4OC1BRTQyLTRFQTYzQjM1RkU4MQ==</partImage>
    <productId>0549348217</productId>
    <productName>1-1/4" Handlebar</productName>
    <productImage>http://asset.lemansnet.com/z/LzAvMy8yLzAzMkFGRTI3LTc4RjUtNDdCNy1CNEVGLUMzRjM4MzQ1NzUzMA==</productImage>
    <bullet1>High-grade steel tube construction</bullet1>
    <bullet2>Full 1-1/4" diameter in the clamping area</bullet2>
    <bullet3>Drilled for internal wiring; accept stock handlebar controls or optional hydraulic clutch control</bullet3>
    <bullet4>Made in the USA</bullet4>
    <bullet5/>
    <bullet6/>
    <bullet7/>
    <bullet8/>
    <bullet9/>
    <bullet10/>
    <bullet11/>
    <bullet12/>
    <bullet13/>
    <bullet14/>
    <bullet15/>
    <bullet16/>
    <bullet17/>
    <bullet18/>
    <bullet19/>
    <bullet20/>
    <bullet21/>
    <bullet22/>
    <bullet23/>
    <bullet24/>
    <vendorPriceUpdateDate>2022-12-05 00:00:00</vendorPriceUpdateDate>
  </part>
  <part>
    <partNumber>DS254435</partNumber>
    <punctuatedPartNumber>DS-254435</punctuatedPartNumber>
    <partStatusDescription>STANDARD</partStatusDescription>
    <partDescription>Banana Boards - Chrome with Rivets</partDescription>
    <unitOfMeasure>Pair</unitOfMeasure>
    <brandName>CYCLESMITHS</brandName>
    <supplierNumber>105FOOTBOARD</supplierNumber>
    <specialInstructions/>
    <baseDealerPrice>329.00</baseDealerPrice>
    <yourDealerPrice>329.00</yourDealerPrice>
    <baseRetailPrice>469.95</baseRetailPrice>
    <originalRetailPrice>469.95</originalRetailPrice>
    <partImage>http://asset.lemansnet.com/z/LzYvNS84LzY1ODIyREE0LUUwMDEtNEZGNS05MDE4LUUxMTk3NjZBM0Q3RA==</partImage>
    <productId>1587797592</productId>
    <productName>Banana Boards</productName>
    <productImage>http://asset.lemansnet.com/z/L0IvOC84L0I4ODFDMzEzLTExOTUtNDczNi1BQzBELTVGNUYyQ0QxRENFNQ==</productImage>
    <bullet1>Unique, trademark-bowed footboards featuring machined billet construction and black rubber inserts</bullet1>
    <bullet2>Mounting brackets allow width adjustability</bullet2>
    <bullet3>Provide more lean angle than stock and most other long-style floorboards</bullet3>
    <bullet4>Made in the USA</bullet4>
    <bullet5>Optional banana shifter pedal and footpegs designed to match floorboards sold separately.</bullet5>
    <bullet6>Matching highway/passenger peg and rear board inserts available separately.</bullet6>
    <bullet7/>
    <bullet8/>
    <bullet9/>
    <bullet10/>
    <bullet11/>
    <bullet12/>
    <bullet13/>
    <bullet14/>
    <bullet15/>
    <bullet16/>
    <bullet17/>
    <bullet18/>
    <bullet19/>
    <bullet20/>
    <bullet21/>
    <bullet22/>
    <bullet23/>
    <bullet24/>
    <vendorPriceUpdateDate>2023-04-22 00:00:00</vendorPriceUpdateDate>
  </part>
  <part>
    <partNumber>16110076</partNumber>
    <punctuatedPartNumber>1611-0076</punctuatedPartNumber>
    <partStatusDescription>STANDARD</partStatusDescription>
    <partDescription>Banana Brake Pedal Cover - Black - without Rivets</partDescription>
    <unitOfMeasure>Each</unitOfMeasure>
    <brandName>CYCLESMITHS</brandName>
    <supplierNumber>123-BP-NR</supplierNumber>
    <specialInstructions/>
    <baseDealerPrice>84.00</baseDealerPrice>
    <yourDealerPrice>84.00</yourDealerPrice>
    <baseRetailPrice>119.95</baseRetailPrice>
    <originalRetailPrice>119.95</originalRetailPrice>
    <partImage>http://asset.lemansnet.com/z/L0EvMC85L0EwOTMzRjAxLTAxMTktNEVGOC04MzNGLTRENTYwM0QyNTBGRQ==</partImage>
    <productId>0999352729</productId>
    <productName>Banana Board Brake Pedal Cover</productName>
    <productImage>http://asset.lemansnet.com/z/L0EvMC85L0EwOTMzRjAxLTAxMTktNEVGOC04MzNGLTRENTYwM0QyNTBGRQ==</productImage>
    <bullet1>Machined billet construction</bullet1>
    <bullet2>Replaceable black edge-tucked rubber inserts</bullet2>
    <bullet3>Available with or without bright-finish rivets</bullet3>
    <bullet4>Matches Banana Boards™ shifter pegs and footpegs (sold separately)</bullet4>
    <bullet5>Made in the USA</bullet5>
    <bullet6/>
    <bullet7/>
    <bullet8/>
    <bullet9/>
    <bullet10/>
    <bullet11/>
    <bullet12/>
    <bullet13/>
    <bullet14/>
    <bullet15/>
    <bullet16/>
    <bullet17/>
    <bullet18/>
    <bullet19/>
    <bullet20/>
    <bullet21/>
    <bullet22/>
    <bullet23/>
    <bullet24/>
    <vendorPriceUpdateDate>2022-12-05 00:00:00</vendorPriceUpdateDate>
  </part>
</root>
