<root>
  <part>
    <partNumber>17020429</partNumber>
    <punctuatedPartNumber>1702-0429</punctuatedPartNumber>
    <partStatusDescription>STANDARD</partStatusDescription>
    <partDescription>Caliper Seal Kit and Pistons</partDescription>
    <unitOfMeasure>Kit</unitOfMeasure>
    <brandName>CYCLE CRAFT</brandName>
    <supplierNumber>19257</supplierNumber>
    <specialInstructions>FITS 08-18 TOUR/06-17VROD02MAF</specialInstructions>
    <baseDealerPrice>42.90</baseDealerPrice>
    <yourDealerPrice>42.90</yourDealerPrice>
    <baseRetailPrice>66.00</baseRetailPrice>
    <originalRetailPrice>64.95</originalRetailPrice>
    <partImage>http://asset.lemansnet.com/z/L0IvRC8zL0JEMzE4MUFCLTQ5REMtNERBMS05N0M5LTIyMkY2RTE3MDFDNg==</partImage>
    <productId>1985959036</productId>
    <productName>Caliper Seal Kit</productName>
    <productImage>http://asset.lemansnet.com/z/LzgvRC83LzhEN0MzNkFGLUFDMEItNDM0Mi04MDAwLTI1RkRDN0QxQzdBNQ==</productImage>
    <bullet1>Neoprene seals are required when rebuilding calipers on Harley models</bullet1>
    <bullet2>Front and rear kit includes seal and dust boot</bullet2>
    <bullet3/>
    <bullet4/>
    <bullet5/>
    <bullet6/>
    <bullet7/>
    <bullet8/>
    <bullet9/>
    <bullet10/>
    <bullet11/>
    <bullet12/>
    <bullet13/>
    <bullet14/>
    <bullet15/>
    <bullet16/>
    <bullet17/>
    <bullet18/>
    <bullet19/>
    <bullet20/>
    <bullet21/>
    <bullet22/>
    <bullet23/>
    <bullet24/>
    <vendorPriceUpdateDate>2023-04-22 00:00:00</vendorPriceUpdateDate>
  </part>
  <part>
    <partNumber>18302</partNumber>
    <punctuatedPartNumber>18302</punctuatedPartNumber>
    <partStatusDescription>STANDARD</partStatusDescription>
    <partDescription>Starter Cage - 185/200 - 4 Bolt</partDescription>
    <unitOfMeasure>Each</unitOfMeasure>
    <brandName>CYCLE CRAFT</brandName>
    <supplierNumber>39-18302</supplierNumber>
    <specialInstructions/>
    <baseDealerPrice>15.80</baseDealerPrice>
    <yourDealerPrice>15.80</yourDealerPrice>
    <baseRetailPrice>24.35</baseRetailPrice>
    <originalRetailPrice>21.95</originalRetailPrice>
    <partImage>http://asset.lemansnet.com/z/LzUvOS9CLzU5QkNBMDNFLURENUItNDE1NC1BN0NFLURDRDQ0OUJFQTNEMA==</partImage>
    <productId>1741857680</productId>
    <productName>Pull-Start Kit and Replacement Part</productName>
    <productImage>http://asset.lemansnet.com/z/L0QvQi9EL0RCRDc0MzNBLUFFMTQtNDk0Qy1BQTdCLTE2N0MyODgxNjUyMg==</productImage>
    <bullet1>Kit contains main spring, cover plate, throw-out springs, pawls, D-washers, rope and pull handle</bullet1>
    <bullet2>Parts fit all models ATC185/200; will also fit ATC 90/110 models if different rope is used</bullet2>
    <bullet3/>
    <bullet4/>
    <bullet5/>
    <bullet6/>
    <bullet7/>
    <bullet8/>
    <bullet9/>
    <bullet10/>
    <bullet11/>
    <bullet12/>
    <bullet13/>
    <bullet14/>
    <bullet15/>
    <bullet16/>
    <bullet17/>
    <bullet18/>
    <bullet19/>
    <bullet20/>
    <bullet21/>
    <bullet22/>
    <bullet23/>
    <bullet24/>
    <vendorPriceUpdateDate>2023-04-20 00:00:00</vendorPriceUpdateDate>
  </part>
  <part>
    <partNumber>17020324</partNumber>
    <punctuatedPartNumber>1702-0324</punctuatedPartNumber>
    <partStatusDescription>STANDARD</partStatusDescription>
    <partDescription>Caliper Seals &amp; Pistons</partDescription>
    <unitOfMeasure>Kit</unitOfMeasure>
    <brandName>CYCLE CRAFT</brandName>
    <supplierNumber>19143M</supplierNumber>
    <specialInstructions>YR APP F/XL S/B 00-03ONLY?25PJL</specialInstructions>
    <baseDealerPrice>42.30</baseDealerPrice>
    <yourDealerPrice>42.30</yourDealerPrice>
    <baseRetailPrice>65.10</baseRetailPrice>
    <originalRetailPrice>54.95</originalRetailPrice>
    <partImage>http://asset.lemansnet.com/z/L0QvRi9EL0RGRDJBQjIyLUU0OUQtNEI4OS05NTk4LTA0RDE1OTRDRkJBMQ==</partImage>
    <productId>1735088636</productId>
    <productName>4-Piston Caliper and Piston Seal Kit</productName>
    <productImage>http://asset.lemansnet.com/z/L0QvRi9EL0RGRDJBQjIyLUU0OUQtNEI4OS05NTk4LTA0RDE1OTRDRkJBMQ==</productImage>
    <bullet1>Includes four billet pistons, four piston seals, four dust seals, and two caliper half seals</bullet1>
    <bullet2/>
    <bullet3/>
    <bullet4/>
    <bullet5/>
    <bullet6/>
    <bullet7/>
    <bullet8/>
    <bullet9/>
    <bullet10/>
    <bullet11/>
    <bullet12/>
    <bullet13/>
    <bullet14/>
    <bullet15/>
    <bullet16/>
    <bullet17/>
    <bullet18/>
    <bullet19/>
    <bullet20/>
    <bullet21/>
    <bullet22/>
    <bullet23/>
    <bullet24/>
    <vendorPriceUpdateDate>2023-04-22 00:00:00</vendorPriceUpdateDate>
  </part>
  <part>
    <partNumber>17020428</partNumber>
    <punctuatedPartNumber>1702-0428</punctuatedPartNumber>
    <partStatusDescription>STANDARD</partStatusDescription>
    <partDescription>Front/Rear Caliper Seal Kit</partDescription>
    <unitOfMeasure>Kit</unitOfMeasure>
    <brandName>CYCLE CRAFT</brandName>
    <supplierNumber>19258</supplierNumber>
    <specialInstructions>FITS 08-18 TOUR/06-17VROD02MAF</specialInstructions>
    <baseDealerPrice>16.20</baseDealerPrice>
    <yourDealerPrice>16.20</yourDealerPrice>
    <baseRetailPrice>24.95</baseRetailPrice>
    <originalRetailPrice>24.95</originalRetailPrice>
    <partImage>http://asset.lemansnet.com/z/LzQvQy8zLzRDMzYyNkM2LTM5QkUtNDFCRi04QzY0LTZGOUUxMkIzQTg1RQ==</partImage>
    <productId>1985959036</productId>
    <productName>Caliper Seal Kit</productName>
    <productImage>http://asset.lemansnet.com/z/LzgvRC83LzhEN0MzNkFGLUFDMEItNDM0Mi04MDAwLTI1RkRDN0QxQzdBNQ==</productImage>
    <bullet1>Neoprene seals are required when rebuilding calipers on Harley models</bullet1>
    <bullet2>Front and rear kit includes seal and dust boot</bullet2>
    <bullet3/>
    <bullet4/>
    <bullet5/>
    <bullet6/>
    <bullet7/>
    <bullet8/>
    <bullet9/>
    <bullet10/>
    <bullet11/>
    <bullet12/>
    <bullet13/>
    <bullet14/>
    <bullet15/>
    <bullet16/>
    <bullet17/>
    <bullet18/>
    <bullet19/>
    <bullet20/>
    <bullet21/>
    <bullet22/>
    <bullet23/>
    <bullet24/>
    <vendorPriceUpdateDate>2023-04-22 00:00:00</vendorPriceUpdateDate>
  </part>
  <part>
    <partNumber>10060279</partNumber>
    <punctuatedPartNumber>1006-0279</punctuatedPartNumber>
    <partStatusDescription>STANDARD</partStatusDescription>
    <partDescription>Main Jets - Keihin - #210 - 5-Pack</partDescription>
    <unitOfMeasure>5 Pack</unitOfMeasure>
    <brandName>CYCLE CRAFT</brandName>
    <supplierNumber>20770</supplierNumber>
    <specialInstructions/>
    <baseDealerPrice>12.60</baseDealerPrice>
    <yourDealerPrice>12.60</yourDealerPrice>
    <baseRetailPrice>6.95</baseRetailPrice>
    <originalRetailPrice>15.95</originalRetailPrice>
    <partImage>http://asset.lemansnet.com/z/LzQvQi8yLzRCMjhBMzU5LTQwOEMtNDcyNy1BRTc1LTg0MTRFQ0NCQURBMCwvNS83L0IvNTdCNzMxNEQtRDZGMi00OUZDLTk3RDktRjYwNzI5MUZEMzc2</partImage>
    <productId>2080490960</productId>
    <productName>Main Jets for CV-Type Keihin Carb</productName>
    <productImage>http://asset.lemansnet.com/z/LzQvQi8yLzRCMjhBMzU5LTQwOEMtNDcyNy1BRTc1LTg0MTRFQ0NCQURBMA==</productImage>
    <bullet1>Individual jets sold to dealer in five-packs; sold to consumer each</bullet1>
    <bullet2>Precision-made in Japan</bullet2>
    <bullet3/>
    <bullet4/>
    <bullet5/>
    <bullet6/>
    <bullet7/>
    <bullet8/>
    <bullet9/>
    <bullet10/>
    <bullet11/>
    <bullet12/>
    <bullet13/>
    <bullet14/>
    <bullet15/>
    <bullet16/>
    <bullet17/>
    <bullet18/>
    <bullet19/>
    <bullet20/>
    <bullet21/>
    <bullet22/>
    <bullet23/>
    <bullet24/>
    <vendorPriceUpdateDate>2023-04-22 00:00:00</vendorPriceUpdateDate>
  </part>
  <part>
    <partNumber>10060280</partNumber>
    <punctuatedPartNumber>1006-0280</punctuatedPartNumber>
    <partStatusDescription>STANDARD</partStatusDescription>
    <partDescription>Main Jets - Keihin - #220 - 5-Pack</partDescription>
    <unitOfMeasure>5 Pack</unitOfMeasure>
    <brandName>CYCLE CRAFT</brandName>
    <supplierNumber>20771</supplierNumber>
    <specialInstructions/>
    <baseDealerPrice>12.60</baseDealerPrice>
    <yourDealerPrice>12.60</yourDealerPrice>
    <baseRetailPrice>6.95</baseRetailPrice>
    <originalRetailPrice>15.95</originalRetailPrice>
    <partImage>http://asset.lemansnet.com/z/LzQvQi8yLzRCMjhBMzU5LTQwOEMtNDcyNy1BRTc1LTg0MTRFQ0NCQURBMCwvNS83L0IvNTdCNzMxNEQtRDZGMi00OUZDLTk3RDktRjYwNzI5MUZEMzc2</partImage>
    <productId>2080490960</productId>
    <productName>Main Jets for CV-Type Keihin Carb</productName>
    <productImage>http://asset.lemansnet.com/z/LzQvQi8yLzRCMjhBMzU5LTQwOEMtNDcyNy1BRTc1LTg0MTRFQ0NCQURBMA==</productImage>
    <bullet1>Individual jets sold to dealer in five-packs; sold to consumer each</bullet1>
    <bullet2>Precision-made in Japan</bullet2>
    <bullet3/>
    <bullet4/>
    <bullet5/>
    <bullet6/>
    <bullet7/>
    <bullet8/>
    <bullet9/>
    <bullet10/>
    <bullet11/>
    <bullet12/>
    <bullet13/>
    <bullet14/>
    <bullet15/>
    <bullet16/>
    <bullet17/>
    <bullet18/>
    <bullet19/>
    <bullet20/>
    <bullet21/>
    <bullet22/>
    <bullet23/>
    <bullet24/>
    <vendorPriceUpdateDate>2023-04-22 00:00:00</vendorPriceUpdateDate>
  </part>
  <part>
    <partNumber>10060282</partNumber>
    <punctuatedPartNumber>1006-0282</punctuatedPartNumber>
    <partStatusDescription>DISCONTINUED</partStatusDescription>
    <partDescription>Main Jets - Keihin - #240 - 5-Pack</partDescription>
    <unitOfMeasure>5 Pack</unitOfMeasure>
    <brandName>CYCLE CRAFT</brandName>
    <supplierNumber>20773</supplierNumber>
    <specialInstructions>Discontinued P/Byr</specialInstructions>
    <baseDealerPrice>12.60</baseDealerPrice>
    <yourDealerPrice>12.60</yourDealerPrice>
    <baseRetailPrice>6.95</baseRetailPrice>
    <originalRetailPrice>15.95</originalRetailPrice>
    <partImage>http://asset.lemansnet.com/z/LzQvQi8yLzRCMjhBMzU5LTQwOEMtNDcyNy1BRTc1LTg0MTRFQ0NCQURBMCwvNS83L0IvNTdCNzMxNEQtRDZGMi00OUZDLTk3RDktRjYwNzI5MUZEMzc2</partImage>
    <productId>2080490960</productId>
    <productName>Main Jets for CV-Type Keihin Carb</productName>
    <productImage>http://asset.lemansnet.com/z/LzQvQi8yLzRCMjhBMzU5LTQwOEMtNDcyNy1BRTc1LTg0MTRFQ0NCQURBMA==</productImage>
    <bullet1>Individual jets sold to dealer in five-packs; sold to consumer each</bullet1>
    <bullet2>Precision-made in Japan</bullet2>
    <bullet3/>
    <bullet4/>
    <bullet5/>
    <bullet6/>
    <bullet7/>
    <bullet8/>
    <bullet9/>
    <bullet10/>
    <bullet11/>
    <bullet12/>
    <bullet13/>
    <bullet14/>
    <bullet15/>
    <bullet16/>
    <bullet17/>
    <bullet18/>
    <bullet19/>
    <bullet20/>
    <bullet21/>
    <bullet22/>
    <bullet23/>
    <bullet24/>
    <vendorPriceUpdateDate>2023-04-22 00:00:00</vendorPriceUpdateDate>
  </part>
  <part>
    <partNumber>10050155</partNumber>
    <punctuatedPartNumber>1005-0155</punctuatedPartNumber>
    <partStatusDescription>STANDARD</partStatusDescription>
    <partDescription>CV Carburetor Keihin Pilot Jets - #55 - 5-Pack</partDescription>
    <unitOfMeasure>5 Pack</unitOfMeasure>
    <brandName>CYCLE CRAFT</brandName>
    <supplierNumber>20780</supplierNumber>
    <specialInstructions/>
    <baseDealerPrice>18.30</baseDealerPrice>
    <yourDealerPrice>18.30</yourDealerPrice>
    <baseRetailPrice>9.95</baseRetailPrice>
    <originalRetailPrice>23.95</originalRetailPrice>
    <partImage>http://asset.lemansnet.com/z/L0UvRS85L0VFOTJCMzY5LTI5MzAtNDgxRi05Rjk4LTYyRjNGRkExMjM4Mw==</partImage>
    <productId>0859168264</productId>
    <productName>Pilot Jets for Keihin Carburetors</productName>
    <productImage>http://asset.lemansnet.com/z/L0UvRS85L0VFOTJCMzY5LTI5MzAtNDgxRi05Rjk4LTYyRjNGRkExMjM4Mw==</productImage>
    <bullet1>Individual jets sold to dealer in five-packs; sold to consumer each</bullet1>
    <bullet2>Precision-made in Japan</bullet2>
    <bullet3/>
    <bullet4/>
    <bullet5/>
    <bullet6/>
    <bullet7/>
    <bullet8/>
    <bullet9/>
    <bullet10/>
    <bullet11/>
    <bullet12/>
    <bullet13/>
    <bullet14/>
    <bullet15/>
    <bullet16/>
    <bullet17/>
    <bullet18/>
    <bullet19/>
    <bullet20/>
    <bullet21/>
    <bullet22/>
    <bullet23/>
    <bullet24/>
    <vendorPriceUpdateDate>2023-04-22 00:00:00</vendorPriceUpdateDate>
  </part>
  <part>
    <partNumber>21252</partNumber>
    <punctuatedPartNumber>21252</punctuatedPartNumber>
    <partStatusDescription>STANDARD</partStatusDescription>
    <partDescription>Friction Washers - 10 Pack</partDescription>
    <unitOfMeasure>10 Pack</unitOfMeasure>
    <brandName>CYCLE CRAFT</brandName>
    <supplierNumber>39-21252</supplierNumber>
    <specialInstructions/>
    <baseDealerPrice>24.20</baseDealerPrice>
    <yourDealerPrice>24.20</yourDealerPrice>
    <baseRetailPrice>37.23</baseRetailPrice>
    <originalRetailPrice>34.95</originalRetailPrice>
    <partImage>http://asset.lemansnet.com/z/LzEvNi9BLzE2QUExMTBELTg3RTktNDg2RC1CRTc4LTg4REFCMDkwRDQ3Qw==</partImage>
    <productId>1741857680</productId>
    <productName>Pull-Start Kit and Replacement Part</productName>
    <productImage>http://asset.lemansnet.com/z/L0QvQi9EL0RCRDc0MzNBLUFFMTQtNDk0Qy1BQTdCLTE2N0MyODgxNjUyMg==</productImage>
    <bullet1>Kit contains main spring, cover plate, throw-out springs, pawls, D-washers, rope and pull handle</bullet1>
    <bullet2>Parts fit all models ATC185/200; will also fit ATC 90/110 models if different rope is used</bullet2>
    <bullet3/>
    <bullet4/>
    <bullet5/>
    <bullet6/>
    <bullet7/>
    <bullet8/>
    <bullet9/>
    <bullet10/>
    <bullet11/>
    <bullet12/>
    <bullet13/>
    <bullet14/>
    <bullet15/>
    <bullet16/>
    <bullet17/>
    <bullet18/>
    <bullet19/>
    <bullet20/>
    <bullet21/>
    <bullet22/>
    <bullet23/>
    <bullet24/>
    <vendorPriceUpdateDate>2023-04-22 00:00:00</vendorPriceUpdateDate>
  </part>
  <part>
    <partNumber>21253</partNumber>
    <punctuatedPartNumber>21253</punctuatedPartNumber>
    <partStatusDescription>STANDARD</partStatusDescription>
    <partDescription>Friction Plate</partDescription>
    <unitOfMeasure>Each</unitOfMeasure>
    <brandName>CYCLE CRAFT</brandName>
    <supplierNumber>39-21253</supplierNumber>
    <specialInstructions/>
    <baseDealerPrice>9.30</baseDealerPrice>
    <yourDealerPrice>9.30</yourDealerPrice>
    <baseRetailPrice>14.31</baseRetailPrice>
    <originalRetailPrice>14.95</originalRetailPrice>
    <partImage>http://asset.lemansnet.com/z/L0IvQy8wL0JDMEM0RkNCLUI2QjItNDZGRi1CMTQ0LURBOUM2QjM5RTVBQQ==</partImage>
    <productId>1741857680</productId>
    <productName>Pull-Start Kit and Replacement Part</productName>
    <productImage>http://asset.lemansnet.com/z/L0QvQi9EL0RCRDc0MzNBLUFFMTQtNDk0Qy1BQTdCLTE2N0MyODgxNjUyMg==</productImage>
    <bullet1>Kit contains main spring, cover plate, throw-out springs, pawls, D-washers, rope and pull handle</bullet1>
    <bullet2>Parts fit all models ATC185/200; will also fit ATC 90/110 models if different rope is used</bullet2>
    <bullet3/>
    <bullet4/>
    <bullet5/>
    <bullet6/>
    <bullet7/>
    <bullet8/>
    <bullet9/>
    <bullet10/>
    <bullet11/>
    <bullet12/>
    <bullet13/>
    <bullet14/>
    <bullet15/>
    <bullet16/>
    <bullet17/>
    <bullet18/>
    <bullet19/>
    <bullet20/>
    <bullet21/>
    <bullet22/>
    <bullet23/>
    <bullet24/>
    <vendorPriceUpdateDate>2023-04-20 00:00:00</vendorPriceUpdateDate>
  </part>
  <part>
    <partNumber>20500067</partNumber>
    <punctuatedPartNumber>2050-0067</punctuatedPartNumber>
    <partStatusDescription>STANDARD</partStatusDescription>
    <partDescription>Flasher - 12 V - 2-Pin</partDescription>
    <unitOfMeasure>Each</unitOfMeasure>
    <brandName>CYCLE CRAFT</brandName>
    <supplierNumber>18462</supplierNumber>
    <specialInstructions/>
    <baseDealerPrice>5.80</baseDealerPrice>
    <yourDealerPrice>5.80</yourDealerPrice>
    <baseRetailPrice>8.95</baseRetailPrice>
    <originalRetailPrice>9.95</originalRetailPrice>
    <partImage>http://asset.lemansnet.com/z/LzUvRi80LzVGNEU1M0UyLUZENkUtNEJGRS1BMzRELUJGQ0U3NUI4RUIwOQ==</partImage>
    <productId>0659491722</productId>
    <productName>Bi-Metal Flasher</productName>
    <productImage>http://asset.lemansnet.com/z/LzUvRi80LzVGNEU1M0UyLUZENkUtNEJGRS1BMzRELUJGQ0U3NUI4RUIwOQ==</productImage>
    <bullet1>Directional and hazard flashers</bullet1>
    <bullet2/>
    <bullet3/>
    <bullet4/>
    <bullet5/>
    <bullet6/>
    <bullet7/>
    <bullet8/>
    <bullet9/>
    <bullet10/>
    <bullet11/>
    <bullet12/>
    <bullet13/>
    <bullet14/>
    <bullet15/>
    <bullet16/>
    <bullet17/>
    <bullet18/>
    <bullet19/>
    <bullet20/>
    <bullet21/>
    <bullet22/>
    <bullet23/>
    <bullet24/>
    <vendorPriceUpdateDate>2023-04-20 00:00:00</vendorPriceUpdateDate>
  </part>
  <part>
    <partNumber>20500068</partNumber>
    <punctuatedPartNumber>2050-0068</punctuatedPartNumber>
    <partStatusDescription>STANDARD</partStatusDescription>
    <partDescription>Flasher - 12 V - Solid-State</partDescription>
    <unitOfMeasure>Each</unitOfMeasure>
    <brandName>CYCLE CRAFT</brandName>
    <supplierNumber>18466</supplierNumber>
    <specialInstructions/>
    <baseDealerPrice>12.30</baseDealerPrice>
    <yourDealerPrice>12.30</yourDealerPrice>
    <baseRetailPrice>18.95</baseRetailPrice>
    <originalRetailPrice>18.95</originalRetailPrice>
    <partImage>http://asset.lemansnet.com/z/LzYvQy8wLzZDMDIwMzczLTUwNEQtNDA4Qy1CNEYyLTFCQTdGQjdDM0VDNw==</partImage>
    <productId>1110689980</productId>
    <productName>Solid State Flasher</productName>
    <productImage>http://asset.lemansnet.com/z/LzYvQy8wLzZDMDIwMzczLTUwNEQtNDA4Qy1CNEYyLTFCQTdGQjdDM0VDNw==</productImage>
    <bullet1>Directional and hazard flashers</bullet1>
    <bullet2/>
    <bullet3/>
    <bullet4/>
    <bullet5/>
    <bullet6/>
    <bullet7/>
    <bullet8/>
    <bullet9/>
    <bullet10/>
    <bullet11/>
    <bullet12/>
    <bullet13/>
    <bullet14/>
    <bullet15/>
    <bullet16/>
    <bullet17/>
    <bullet18/>
    <bullet19/>
    <bullet20/>
    <bullet21/>
    <bullet22/>
    <bullet23/>
    <bullet24/>
    <vendorPriceUpdateDate>2023-04-20 00:00:00</vendorPriceUpdateDate>
  </part>
  <part>
    <partNumber>DS289534</partNumber>
    <punctuatedPartNumber>DS289534</punctuatedPartNumber>
    <partStatusDescription>STANDARD</partStatusDescription>
    <partDescription>Main Jets - Keihin - #145 - 5-Pack</partDescription>
    <unitOfMeasure>5 Pack</unitOfMeasure>
    <brandName>CYCLE CRAFT</brandName>
    <supplierNumber>20738</supplierNumber>
    <specialInstructions/>
    <baseDealerPrice>12.60</baseDealerPrice>
    <yourDealerPrice>12.60</yourDealerPrice>
    <baseRetailPrice>6.95</baseRetailPrice>
    <originalRetailPrice>15.95</originalRetailPrice>
    <partImage>http://asset.lemansnet.com/z/LzQvQi8yLzRCMjhBMzU5LTQwOEMtNDcyNy1BRTc1LTg0MTRFQ0NCQURBMCwvNS83L0IvNTdCNzMxNEQtRDZGMi00OUZDLTk3RDktRjYwNzI5MUZEMzc2</partImage>
    <productId>2080490960</productId>
    <productName>Main Jets for CV-Type Keihin Carb</productName>
    <productImage>http://asset.lemansnet.com/z/LzQvQi8yLzRCMjhBMzU5LTQwOEMtNDcyNy1BRTc1LTg0MTRFQ0NCQURBMA==</productImage>
    <bullet1>Individual jets sold to dealer in five-packs; sold to consumer each</bullet1>
    <bullet2>Precision-made in Japan</bullet2>
    <bullet3/>
    <bullet4/>
    <bullet5/>
    <bullet6/>
    <bullet7/>
    <bullet8/>
    <bullet9/>
    <bullet10/>
    <bullet11/>
    <bullet12/>
    <bullet13/>
    <bullet14/>
    <bullet15/>
    <bullet16/>
    <bullet17/>
    <bullet18/>
    <bullet19/>
    <bullet20/>
    <bullet21/>
    <bullet22/>
    <bullet23/>
    <bullet24/>
    <vendorPriceUpdateDate>2023-04-22 00:00:00</vendorPriceUpdateDate>
  </part>
  <part>
    <partNumber>DS289535</partNumber>
    <punctuatedPartNumber>DS289535</punctuatedPartNumber>
    <partStatusDescription>STANDARD</partStatusDescription>
    <partDescription>Main Jets - Keihin - #150 - 5-Pack</partDescription>
    <unitOfMeasure>5 Pack</unitOfMeasure>
    <brandName>CYCLE CRAFT</brandName>
    <supplierNumber>20739</supplierNumber>
    <specialInstructions/>
    <baseDealerPrice>12.60</baseDealerPrice>
    <yourDealerPrice>12.60</yourDealerPrice>
    <baseRetailPrice>6.95</baseRetailPrice>
    <originalRetailPrice>15.95</originalRetailPrice>
    <partImage>http://asset.lemansnet.com/z/LzQvQi8yLzRCMjhBMzU5LTQwOEMtNDcyNy1BRTc1LTg0MTRFQ0NCQURBMCwvNS83L0IvNTdCNzMxNEQtRDZGMi00OUZDLTk3RDktRjYwNzI5MUZEMzc2</partImage>
    <productId>2080490960</productId>
    <productName>Main Jets for CV-Type Keihin Carb</productName>
    <productImage>http://asset.lemansnet.com/z/LzQvQi8yLzRCMjhBMzU5LTQwOEMtNDcyNy1BRTc1LTg0MTRFQ0NCQURBMA==</productImage>
    <bullet1>Individual jets sold to dealer in five-packs; sold to consumer each</bullet1>
    <bullet2>Precision-made in Japan</bullet2>
    <bullet3/>
    <bullet4/>
    <bullet5/>
    <bullet6/>
    <bullet7/>
    <bullet8/>
    <bullet9/>
    <bullet10/>
    <bullet11/>
    <bullet12/>
    <bullet13/>
    <bullet14/>
    <bullet15/>
    <bullet16/>
    <bullet17/>
    <bullet18/>
    <bullet19/>
    <bullet20/>
    <bullet21/>
    <bullet22/>
    <bullet23/>
    <bullet24/>
    <vendorPriceUpdateDate>2023-04-22 00:00:00</vendorPriceUpdateDate>
  </part>
  <part>
    <partNumber>DS289536</partNumber>
    <punctuatedPartNumber>DS289536</punctuatedPartNumber>
    <partStatusDescription>STANDARD</partStatusDescription>
    <partDescription>Main Jets - Keihin - #155 - 5-Pack</partDescription>
    <unitOfMeasure>5 Pack</unitOfMeasure>
    <brandName>CYCLE CRAFT</brandName>
    <supplierNumber>20740</supplierNumber>
    <specialInstructions/>
    <baseDealerPrice>12.60</baseDealerPrice>
    <yourDealerPrice>12.60</yourDealerPrice>
    <baseRetailPrice>6.95</baseRetailPrice>
    <originalRetailPrice>15.95</originalRetailPrice>
    <partImage>http://asset.lemansnet.com/z/LzQvQi8yLzRCMjhBMzU5LTQwOEMtNDcyNy1BRTc1LTg0MTRFQ0NCQURBMCwvNS83L0IvNTdCNzMxNEQtRDZGMi00OUZDLTk3RDktRjYwNzI5MUZEMzc2</partImage>
    <productId>2080490960</productId>
    <productName>Main Jets for CV-Type Keihin Carb</productName>
    <productImage>http://asset.lemansnet.com/z/LzQvQi8yLzRCMjhBMzU5LTQwOEMtNDcyNy1BRTc1LTg0MTRFQ0NCQURBMA==</productImage>
    <bullet1>Individual jets sold to dealer in five-packs; sold to consumer each</bullet1>
    <bullet2>Precision-made in Japan</bullet2>
    <bullet3/>
    <bullet4/>
    <bullet5/>
    <bullet6/>
    <bullet7/>
    <bullet8/>
    <bullet9/>
    <bullet10/>
    <bullet11/>
    <bullet12/>
    <bullet13/>
    <bullet14/>
    <bullet15/>
    <bullet16/>
    <bullet17/>
    <bullet18/>
    <bullet19/>
    <bullet20/>
    <bullet21/>
    <bullet22/>
    <bullet23/>
    <bullet24/>
    <vendorPriceUpdateDate>2023-04-22 00:00:00</vendorPriceUpdateDate>
  </part>
  <part>
    <partNumber>DS289537</partNumber>
    <punctuatedPartNumber>DS289537</punctuatedPartNumber>
    <partStatusDescription>STANDARD</partStatusDescription>
    <partDescription>Main Jets - Keihin - #205 - 5-Pack</partDescription>
    <unitOfMeasure>5 Pack</unitOfMeasure>
    <brandName>CYCLE CRAFT</brandName>
    <supplierNumber>20741</supplierNumber>
    <specialInstructions/>
    <baseDealerPrice>12.60</baseDealerPrice>
    <yourDealerPrice>12.60</yourDealerPrice>
    <baseRetailPrice>6.95</baseRetailPrice>
    <originalRetailPrice>15.95</originalRetailPrice>
    <partImage>http://asset.lemansnet.com/z/LzQvQi8yLzRCMjhBMzU5LTQwOEMtNDcyNy1BRTc1LTg0MTRFQ0NCQURBMCwvNS83L0IvNTdCNzMxNEQtRDZGMi00OUZDLTk3RDktRjYwNzI5MUZEMzc2</partImage>
    <productId>2080490960</productId>
    <productName>Main Jets for CV-Type Keihin Carb</productName>
    <productImage>http://asset.lemansnet.com/z/LzQvQi8yLzRCMjhBMzU5LTQwOEMtNDcyNy1BRTc1LTg0MTRFQ0NCQURBMA==</productImage>
    <bullet1>Individual jets sold to dealer in five-packs; sold to consumer each</bullet1>
    <bullet2>Precision-made in Japan</bullet2>
    <bullet3/>
    <bullet4/>
    <bullet5/>
    <bullet6/>
    <bullet7/>
    <bullet8/>
    <bullet9/>
    <bullet10/>
    <bullet11/>
    <bullet12/>
    <bullet13/>
    <bullet14/>
    <bullet15/>
    <bullet16/>
    <bullet17/>
    <bullet18/>
    <bullet19/>
    <bullet20/>
    <bullet21/>
    <bullet22/>
    <bullet23/>
    <bullet24/>
    <vendorPriceUpdateDate>2023-04-22 00:00:00</vendorPriceUpdateDate>
  </part>
  <part>
    <partNumber>DS289539</partNumber>
    <punctuatedPartNumber>DS289539</punctuatedPartNumber>
    <partStatusDescription>STANDARD</partStatusDescription>
    <partDescription>CV Carburetor Keihin Pilot Jets - #50 - 5-Pack</partDescription>
    <unitOfMeasure>5 Pack</unitOfMeasure>
    <brandName>CYCLE CRAFT</brandName>
    <supplierNumber>20742</supplierNumber>
    <specialInstructions/>
    <baseDealerPrice>18.30</baseDealerPrice>
    <yourDealerPrice>18.30</yourDealerPrice>
    <baseRetailPrice>9.95</baseRetailPrice>
    <originalRetailPrice>23.95</originalRetailPrice>
    <partImage>http://asset.lemansnet.com/z/L0UvRS85L0VFOTJCMzY5LTI5MzAtNDgxRi05Rjk4LTYyRjNGRkExMjM4Mw==</partImage>
    <productId>0859168264</productId>
    <productName>Pilot Jets for Keihin Carburetors</productName>
    <productImage>http://asset.lemansnet.com/z/L0UvRS85L0VFOTJCMzY5LTI5MzAtNDgxRi05Rjk4LTYyRjNGRkExMjM4Mw==</productImage>
    <bullet1>Individual jets sold to dealer in five-packs; sold to consumer each</bullet1>
    <bullet2>Precision-made in Japan</bullet2>
    <bullet3/>
    <bullet4/>
    <bullet5/>
    <bullet6/>
    <bullet7/>
    <bullet8/>
    <bullet9/>
    <bullet10/>
    <bullet11/>
    <bullet12/>
    <bullet13/>
    <bullet14/>
    <bullet15/>
    <bullet16/>
    <bullet17/>
    <bullet18/>
    <bullet19/>
    <bullet20/>
    <bullet21/>
    <bullet22/>
    <bullet23/>
    <bullet24/>
    <vendorPriceUpdateDate>2023-04-22 00:00:00</vendorPriceUpdateDate>
  </part>
  <part>
    <partNumber>DS289540</partNumber>
    <punctuatedPartNumber>DS289540</punctuatedPartNumber>
    <partStatusDescription>STANDARD</partStatusDescription>
    <partDescription>CV Carburetor Keihin Pilot Jets - #52 - 5-Pack</partDescription>
    <unitOfMeasure>5 Pack</unitOfMeasure>
    <brandName>CYCLE CRAFT</brandName>
    <supplierNumber>20743</supplierNumber>
    <specialInstructions/>
    <baseDealerPrice>18.30</baseDealerPrice>
    <yourDealerPrice>18.30</yourDealerPrice>
    <baseRetailPrice>9.95</baseRetailPrice>
    <originalRetailPrice>23.95</originalRetailPrice>
    <partImage>http://asset.lemansnet.com/z/L0UvRS85L0VFOTJCMzY5LTI5MzAtNDgxRi05Rjk4LTYyRjNGRkExMjM4Mw==</partImage>
    <productId>0859168264</productId>
    <productName>Pilot Jets for Keihin Carburetors</productName>
    <productImage>http://asset.lemansnet.com/z/L0UvRS85L0VFOTJCMzY5LTI5MzAtNDgxRi05Rjk4LTYyRjNGRkExMjM4Mw==</productImage>
    <bullet1>Individual jets sold to dealer in five-packs; sold to consumer each</bullet1>
    <bullet2>Precision-made in Japan</bullet2>
    <bullet3/>
    <bullet4/>
    <bullet5/>
    <bullet6/>
    <bullet7/>
    <bullet8/>
    <bullet9/>
    <bullet10/>
    <bullet11/>
    <bullet12/>
    <bullet13/>
    <bullet14/>
    <bullet15/>
    <bullet16/>
    <bullet17/>
    <bullet18/>
    <bullet19/>
    <bullet20/>
    <bullet21/>
    <bullet22/>
    <bullet23/>
    <bullet24/>
    <vendorPriceUpdateDate>2023-04-22 00:00:00</vendorPriceUpdateDate>
  </part>
  <part>
    <partNumber>DS289541</partNumber>
    <punctuatedPartNumber>DS289541</punctuatedPartNumber>
    <partStatusDescription>STANDARD</partStatusDescription>
    <partDescription>CV Carburetor Keihin Pilot Jets - #54 - 5-Pack</partDescription>
    <unitOfMeasure>5 Pack</unitOfMeasure>
    <brandName>CYCLE CRAFT</brandName>
    <supplierNumber>20744</supplierNumber>
    <specialInstructions/>
    <baseDealerPrice>18.30</baseDealerPrice>
    <yourDealerPrice>18.30</yourDealerPrice>
    <baseRetailPrice>9.95</baseRetailPrice>
    <originalRetailPrice>23.95</originalRetailPrice>
    <partImage>http://asset.lemansnet.com/z/L0UvRS85L0VFOTJCMzY5LTI5MzAtNDgxRi05Rjk4LTYyRjNGRkExMjM4Mw==</partImage>
    <productId>0859168264</productId>
    <productName>Pilot Jets for Keihin Carburetors</productName>
    <productImage>http://asset.lemansnet.com/z/L0UvRS85L0VFOTJCMzY5LTI5MzAtNDgxRi05Rjk4LTYyRjNGRkExMjM4Mw==</productImage>
    <bullet1>Individual jets sold to dealer in five-packs; sold to consumer each</bullet1>
    <bullet2>Precision-made in Japan</bullet2>
    <bullet3/>
    <bullet4/>
    <bullet5/>
    <bullet6/>
    <bullet7/>
    <bullet8/>
    <bullet9/>
    <bullet10/>
    <bullet11/>
    <bullet12/>
    <bullet13/>
    <bullet14/>
    <bullet15/>
    <bullet16/>
    <bullet17/>
    <bullet18/>
    <bullet19/>
    <bullet20/>
    <bullet21/>
    <bullet22/>
    <bullet23/>
    <bullet24/>
    <vendorPriceUpdateDate>2023-04-22 00:00:00</vendorPriceUpdateDate>
  </part>
  <part>
    <partNumber>DS289089</partNumber>
    <punctuatedPartNumber>DS-289089</punctuatedPartNumber>
    <partStatusDescription>STANDARD</partStatusDescription>
    <partDescription>Rebuild Kit - Keihin Butterfly Carburetor/Sportster</partDescription>
    <unitOfMeasure>Kit</unitOfMeasure>
    <brandName>CYCLE CRAFT</brandName>
    <supplierNumber>20706-PB</supplierNumber>
    <specialInstructions/>
    <baseDealerPrice>16.90</baseDealerPrice>
    <yourDealerPrice>16.90</yourDealerPrice>
    <baseRetailPrice>26.00</baseRetailPrice>
    <originalRetailPrice>23.95</originalRetailPrice>
    <partImage>http://asset.lemansnet.com/z/LzUvMC9FLzUwRTAyNzFGLTQ0OTYtNEM3My04RjZDLUFBNzkwM0I5NUI0NQ==</partImage>
    <productId>0728228532</productId>
    <productName>Carburetor Rebuild Kit for Keihin</productName>
    <productImage>http://asset.lemansnet.com/z/LzUvMC9FLzUwRTAyNzFGLTQ0OTYtNEM3My04RjZDLUFBNzkwM0I5NUI0NQ==</productImage>
    <bullet1>Includes the necessary parts for rebuilding the carburetor</bullet1>
    <bullet2/>
    <bullet3/>
    <bullet4/>
    <bullet5/>
    <bullet6/>
    <bullet7/>
    <bullet8/>
    <bullet9/>
    <bullet10/>
    <bullet11/>
    <bullet12/>
    <bullet13/>
    <bullet14/>
    <bullet15/>
    <bullet16/>
    <bullet17/>
    <bullet18/>
    <bullet19/>
    <bullet20/>
    <bullet21/>
    <bullet22/>
    <bullet23/>
    <bullet24/>
    <vendorPriceUpdateDate>2023-04-22 00:00:00</vendorPriceUpdateDate>
  </part>
  <part>
    <partNumber>DS289098</partNumber>
    <punctuatedPartNumber>DS-289098</punctuatedPartNumber>
    <partStatusDescription>STANDARD</partStatusDescription>
    <partDescription>Rebuild Kit - Keihin Constant Velocity Carburetor</partDescription>
    <unitOfMeasure>Kit</unitOfMeasure>
    <brandName>CYCLE CRAFT</brandName>
    <supplierNumber>20709</supplierNumber>
    <specialInstructions/>
    <baseDealerPrice>16.70</baseDealerPrice>
    <yourDealerPrice>16.70</yourDealerPrice>
    <baseRetailPrice>25.70</baseRetailPrice>
    <originalRetailPrice>27.95</originalRetailPrice>
    <partImage>http://asset.lemansnet.com/z/LzkvOC80Lzk4NEJFMzlDLURFNTktNDIxOC05NzBELThEREI3NzBFNEY2OQ==</partImage>
    <productId>0728228532</productId>
    <productName>Carburetor Rebuild Kit for Keihin</productName>
    <productImage>http://asset.lemansnet.com/z/LzUvMC9FLzUwRTAyNzFGLTQ0OTYtNEM3My04RjZDLUFBNzkwM0I5NUI0NQ==</productImage>
    <bullet1>Includes the necessary parts for rebuilding the carburetor</bullet1>
    <bullet2/>
    <bullet3/>
    <bullet4/>
    <bullet5/>
    <bullet6/>
    <bullet7/>
    <bullet8/>
    <bullet9/>
    <bullet10/>
    <bullet11/>
    <bullet12/>
    <bullet13/>
    <bullet14/>
    <bullet15/>
    <bullet16/>
    <bullet17/>
    <bullet18/>
    <bullet19/>
    <bullet20/>
    <bullet21/>
    <bullet22/>
    <bullet23/>
    <bullet24/>
    <vendorPriceUpdateDate>2023-04-22 00:00:00</vendorPriceUpdateDate>
  </part>
  <part>
    <partNumber>DS289304</partNumber>
    <punctuatedPartNumber>DS-289304</punctuatedPartNumber>
    <partStatusDescription>STANDARD</partStatusDescription>
    <partDescription>Recalibration Kit - 40 mm Keihin CV Carburetor</partDescription>
    <unitOfMeasure>Kit</unitOfMeasure>
    <brandName>CYCLE CRAFT</brandName>
    <supplierNumber>16541</supplierNumber>
    <specialInstructions/>
    <baseDealerPrice>43.50</baseDealerPrice>
    <yourDealerPrice>43.50</yourDealerPrice>
    <baseRetailPrice>67.00</baseRetailPrice>
    <originalRetailPrice>64.95</originalRetailPrice>
    <partImage>http://asset.lemansnet.com/z/L0UvOS9CL0U5Qjg0RThGLUNCMkYtNDVDMi04Qjg1LUY3Q0UyRkI3MzY1Ng==</partImage>
    <productId>1512533967</productId>
    <productName>Recalibration Kit for 40mm Keihin CV Carburetor</productName>
    <productImage>http://asset.lemansnet.com/z/L0UvOS9CL0U5Qjg0RThGLUNCMkYtNDVDMi04Qjg1LUY3Q0UyRkI3MzY1Ng==</productImage>
    <bullet1>Kit has all the components for dialing in a CV carburetor with or without an accelerator pump</bullet1>
    <bullet2>Super high-quality recalibration kit for CV carburetors</bullet2>
    <bullet3/>
    <bullet4/>
    <bullet5/>
    <bullet6/>
    <bullet7/>
    <bullet8/>
    <bullet9/>
    <bullet10/>
    <bullet11/>
    <bullet12/>
    <bullet13/>
    <bullet14/>
    <bullet15/>
    <bullet16/>
    <bullet17/>
    <bullet18/>
    <bullet19/>
    <bullet20/>
    <bullet21/>
    <bullet22/>
    <bullet23/>
    <bullet24/>
    <vendorPriceUpdateDate>2023-04-20 00:00:00</vendorPriceUpdateDate>
  </part>
  <part>
    <partNumber>DS289310</partNumber>
    <punctuatedPartNumber>DS-289310</punctuatedPartNumber>
    <partStatusDescription>STANDARD</partStatusDescription>
    <partDescription>Keihin Pilot Jets - #50 - 5-Pack</partDescription>
    <unitOfMeasure>5 Pack</unitOfMeasure>
    <brandName>CYCLE CRAFT</brandName>
    <supplierNumber>22748</supplierNumber>
    <specialInstructions/>
    <baseDealerPrice>18.30</baseDealerPrice>
    <yourDealerPrice>18.30</yourDealerPrice>
    <baseRetailPrice>9.95</baseRetailPrice>
    <originalRetailPrice>23.95</originalRetailPrice>
    <partImage>http://asset.lemansnet.com/z/L0UvRS85L0VFOTJCMzY5LTI5MzAtNDgxRi05Rjk4LTYyRjNGRkExMjM4MywvNy84LzYvNzg2Rjg0QTMtNDZENi00MDdDLThBMzEtOTA0RUE1MkRGRUU2</partImage>
    <productId>1734098602</productId>
    <productName>Pilot Jets for Keihin Butterfly Carburetors</productName>
    <productImage>http://asset.lemansnet.com/z/L0UvRS85L0VFOTJCMzY5LTI5MzAtNDgxRi05Rjk4LTYyRjNGRkExMjM4Mw==</productImage>
    <bullet1>Individual jets sold to dealer in five-packs; sold to consumer each</bullet1>
    <bullet2>Precision-made in Japan</bullet2>
    <bullet3/>
    <bullet4/>
    <bullet5/>
    <bullet6/>
    <bullet7/>
    <bullet8/>
    <bullet9/>
    <bullet10/>
    <bullet11/>
    <bullet12/>
    <bullet13/>
    <bullet14/>
    <bullet15/>
    <bullet16/>
    <bullet17/>
    <bullet18/>
    <bullet19/>
    <bullet20/>
    <bullet21/>
    <bullet22/>
    <bullet23/>
    <bullet24/>
    <vendorPriceUpdateDate>2023-04-22 00:00:00</vendorPriceUpdateDate>
  </part>
  <part>
    <partNumber>DS289315</partNumber>
    <punctuatedPartNumber>DS-289315</punctuatedPartNumber>
    <partStatusDescription>STANDARD</partStatusDescription>
    <partDescription>CV Carburetor Keihin Pilot Jets - #40 - 5-Pack</partDescription>
    <unitOfMeasure>5 Pack</unitOfMeasure>
    <brandName>CYCLE CRAFT</brandName>
    <supplierNumber>20731</supplierNumber>
    <specialInstructions/>
    <baseDealerPrice>18.30</baseDealerPrice>
    <yourDealerPrice>18.30</yourDealerPrice>
    <baseRetailPrice>9.95</baseRetailPrice>
    <originalRetailPrice>23.95</originalRetailPrice>
    <partImage>http://asset.lemansnet.com/z/L0UvRS85L0VFOTJCMzY5LTI5MzAtNDgxRi05Rjk4LTYyRjNGRkExMjM4Mw==</partImage>
    <productId>0859168264</productId>
    <productName>Pilot Jets for Keihin Carburetors</productName>
    <productImage>http://asset.lemansnet.com/z/L0UvRS85L0VFOTJCMzY5LTI5MzAtNDgxRi05Rjk4LTYyRjNGRkExMjM4Mw==</productImage>
    <bullet1>Individual jets sold to dealer in five-packs; sold to consumer each</bullet1>
    <bullet2>Precision-made in Japan</bullet2>
    <bullet3/>
    <bullet4/>
    <bullet5/>
    <bullet6/>
    <bullet7/>
    <bullet8/>
    <bullet9/>
    <bullet10/>
    <bullet11/>
    <bullet12/>
    <bullet13/>
    <bullet14/>
    <bullet15/>
    <bullet16/>
    <bullet17/>
    <bullet18/>
    <bullet19/>
    <bullet20/>
    <bullet21/>
    <bullet22/>
    <bullet23/>
    <bullet24/>
    <vendorPriceUpdateDate>2023-04-22 00:00:00</vendorPriceUpdateDate>
  </part>
  <part>
    <partNumber>DS289316</partNumber>
    <punctuatedPartNumber>DS-289316</punctuatedPartNumber>
    <partStatusDescription>STANDARD</partStatusDescription>
    <partDescription>CV Carburetor Keihin Pilot Jets - #42 - 5-Pack</partDescription>
    <unitOfMeasure>5 Pack</unitOfMeasure>
    <brandName>CYCLE CRAFT</brandName>
    <supplierNumber>20732</supplierNumber>
    <specialInstructions/>
    <baseDealerPrice>18.30</baseDealerPrice>
    <yourDealerPrice>18.30</yourDealerPrice>
    <baseRetailPrice>9.95</baseRetailPrice>
    <originalRetailPrice>23.95</originalRetailPrice>
    <partImage>http://asset.lemansnet.com/z/L0UvRS85L0VFOTJCMzY5LTI5MzAtNDgxRi05Rjk4LTYyRjNGRkExMjM4Mw==</partImage>
    <productId>0859168264</productId>
    <productName>Pilot Jets for Keihin Carburetors</productName>
    <productImage>http://asset.lemansnet.com/z/L0UvRS85L0VFOTJCMzY5LTI5MzAtNDgxRi05Rjk4LTYyRjNGRkExMjM4Mw==</productImage>
    <bullet1>Individual jets sold to dealer in five-packs; sold to consumer each</bullet1>
    <bullet2>Precision-made in Japan</bullet2>
    <bullet3/>
    <bullet4/>
    <bullet5/>
    <bullet6/>
    <bullet7/>
    <bullet8/>
    <bullet9/>
    <bullet10/>
    <bullet11/>
    <bullet12/>
    <bullet13/>
    <bullet14/>
    <bullet15/>
    <bullet16/>
    <bullet17/>
    <bullet18/>
    <bullet19/>
    <bullet20/>
    <bullet21/>
    <bullet22/>
    <bullet23/>
    <bullet24/>
    <vendorPriceUpdateDate>2023-04-22 00:00:00</vendorPriceUpdateDate>
  </part>
  <part>
    <partNumber>DS289317</partNumber>
    <punctuatedPartNumber>DS-289317</punctuatedPartNumber>
    <partStatusDescription>STANDARD</partStatusDescription>
    <partDescription>CV Carburetor Keihin Pilot Jets - #44 - 5-Pack</partDescription>
    <unitOfMeasure>5 Pack</unitOfMeasure>
    <brandName>CYCLE CRAFT</brandName>
    <supplierNumber>20733</supplierNumber>
    <specialInstructions/>
    <baseDealerPrice>18.30</baseDealerPrice>
    <yourDealerPrice>18.30</yourDealerPrice>
    <baseRetailPrice>9.95</baseRetailPrice>
    <originalRetailPrice>23.95</originalRetailPrice>
    <partImage>http://asset.lemansnet.com/z/L0UvRS85L0VFOTJCMzY5LTI5MzAtNDgxRi05Rjk4LTYyRjNGRkExMjM4Mw==</partImage>
    <productId>0859168264</productId>
    <productName>Pilot Jets for Keihin Carburetors</productName>
    <productImage>http://asset.lemansnet.com/z/L0UvRS85L0VFOTJCMzY5LTI5MzAtNDgxRi05Rjk4LTYyRjNGRkExMjM4Mw==</productImage>
    <bullet1>Individual jets sold to dealer in five-packs; sold to consumer each</bullet1>
    <bullet2>Precision-made in Japan</bullet2>
    <bullet3/>
    <bullet4/>
    <bullet5/>
    <bullet6/>
    <bullet7/>
    <bullet8/>
    <bullet9/>
    <bullet10/>
    <bullet11/>
    <bullet12/>
    <bullet13/>
    <bullet14/>
    <bullet15/>
    <bullet16/>
    <bullet17/>
    <bullet18/>
    <bullet19/>
    <bullet20/>
    <bullet21/>
    <bullet22/>
    <bullet23/>
    <bullet24/>
    <vendorPriceUpdateDate>2023-04-22 00:00:00</vendorPriceUpdateDate>
  </part>
  <part>
    <partNumber>DS289318</partNumber>
    <punctuatedPartNumber>DS-289318</punctuatedPartNumber>
    <partStatusDescription>STANDARD</partStatusDescription>
    <partDescription>CV Carburetor Keihin Pilot Jets - #45 - 5-Pack</partDescription>
    <unitOfMeasure>5 Pack</unitOfMeasure>
    <brandName>CYCLE CRAFT</brandName>
    <supplierNumber>20734</supplierNumber>
    <specialInstructions/>
    <baseDealerPrice>18.30</baseDealerPrice>
    <yourDealerPrice>18.30</yourDealerPrice>
    <baseRetailPrice>9.95</baseRetailPrice>
    <originalRetailPrice>23.95</originalRetailPrice>
    <partImage>http://asset.lemansnet.com/z/L0UvRS85L0VFOTJCMzY5LTI5MzAtNDgxRi05Rjk4LTYyRjNGRkExMjM4Mw==</partImage>
    <productId>0859168264</productId>
    <productName>Pilot Jets for Keihin Carburetors</productName>
    <productImage>http://asset.lemansnet.com/z/L0UvRS85L0VFOTJCMzY5LTI5MzAtNDgxRi05Rjk4LTYyRjNGRkExMjM4Mw==</productImage>
    <bullet1>Individual jets sold to dealer in five-packs; sold to consumer each</bullet1>
    <bullet2>Precision-made in Japan</bullet2>
    <bullet3/>
    <bullet4/>
    <bullet5/>
    <bullet6/>
    <bullet7/>
    <bullet8/>
    <bullet9/>
    <bullet10/>
    <bullet11/>
    <bullet12/>
    <bullet13/>
    <bullet14/>
    <bullet15/>
    <bullet16/>
    <bullet17/>
    <bullet18/>
    <bullet19/>
    <bullet20/>
    <bullet21/>
    <bullet22/>
    <bullet23/>
    <bullet24/>
    <vendorPriceUpdateDate>2023-04-22 00:00:00</vendorPriceUpdateDate>
  </part>
  <part>
    <partNumber>DS289319</partNumber>
    <punctuatedPartNumber>DS-289319</punctuatedPartNumber>
    <partStatusDescription>STANDARD</partStatusDescription>
    <partDescription>CV Carburetor Keihin Pilot Jets - #46 - 5-Pack</partDescription>
    <unitOfMeasure>5 Pack</unitOfMeasure>
    <brandName>CYCLE CRAFT</brandName>
    <supplierNumber>20735</supplierNumber>
    <specialInstructions/>
    <baseDealerPrice>18.30</baseDealerPrice>
    <yourDealerPrice>18.30</yourDealerPrice>
    <baseRetailPrice>9.95</baseRetailPrice>
    <originalRetailPrice>23.95</originalRetailPrice>
    <partImage>http://asset.lemansnet.com/z/L0UvRS85L0VFOTJCMzY5LTI5MzAtNDgxRi05Rjk4LTYyRjNGRkExMjM4Mw==</partImage>
    <productId>0859168264</productId>
    <productName>Pilot Jets for Keihin Carburetors</productName>
    <productImage>http://asset.lemansnet.com/z/L0UvRS85L0VFOTJCMzY5LTI5MzAtNDgxRi05Rjk4LTYyRjNGRkExMjM4Mw==</productImage>
    <bullet1>Individual jets sold to dealer in five-packs; sold to consumer each</bullet1>
    <bullet2>Precision-made in Japan</bullet2>
    <bullet3/>
    <bullet4/>
    <bullet5/>
    <bullet6/>
    <bullet7/>
    <bullet8/>
    <bullet9/>
    <bullet10/>
    <bullet11/>
    <bullet12/>
    <bullet13/>
    <bullet14/>
    <bullet15/>
    <bullet16/>
    <bullet17/>
    <bullet18/>
    <bullet19/>
    <bullet20/>
    <bullet21/>
    <bullet22/>
    <bullet23/>
    <bullet24/>
    <vendorPriceUpdateDate>2023-04-22 00:00:00</vendorPriceUpdateDate>
  </part>
  <part>
    <partNumber>DS289320</partNumber>
    <punctuatedPartNumber>DS-289320</punctuatedPartNumber>
    <partStatusDescription>STANDARD</partStatusDescription>
    <partDescription>CV Carburetor Keihin Pilot Jets - #48</partDescription>
    <unitOfMeasure>5 Pack</unitOfMeasure>
    <brandName>CYCLE CRAFT</brandName>
    <supplierNumber>20736</supplierNumber>
    <specialInstructions/>
    <baseDealerPrice>18.30</baseDealerPrice>
    <yourDealerPrice>18.30</yourDealerPrice>
    <baseRetailPrice>9.95</baseRetailPrice>
    <originalRetailPrice>23.95</originalRetailPrice>
    <partImage>http://asset.lemansnet.com/z/L0UvRS85L0VFOTJCMzY5LTI5MzAtNDgxRi05Rjk4LTYyRjNGRkExMjM4Mw==</partImage>
    <productId>0859168264</productId>
    <productName>Pilot Jets for Keihin Carburetors</productName>
    <productImage>http://asset.lemansnet.com/z/L0UvRS85L0VFOTJCMzY5LTI5MzAtNDgxRi05Rjk4LTYyRjNGRkExMjM4Mw==</productImage>
    <bullet1>Individual jets sold to dealer in five-packs; sold to consumer each</bullet1>
    <bullet2>Precision-made in Japan</bullet2>
    <bullet3/>
    <bullet4/>
    <bullet5/>
    <bullet6/>
    <bullet7/>
    <bullet8/>
    <bullet9/>
    <bullet10/>
    <bullet11/>
    <bullet12/>
    <bullet13/>
    <bullet14/>
    <bullet15/>
    <bullet16/>
    <bullet17/>
    <bullet18/>
    <bullet19/>
    <bullet20/>
    <bullet21/>
    <bullet22/>
    <bullet23/>
    <bullet24/>
    <vendorPriceUpdateDate>2023-04-22 00:00:00</vendorPriceUpdateDate>
  </part>
  <part>
    <partNumber>DS289321</partNumber>
    <punctuatedPartNumber>DS-289321</punctuatedPartNumber>
    <partStatusDescription>STANDARD</partStatusDescription>
    <partDescription>Main Jets - Keihin - #160 - 5-Pack</partDescription>
    <unitOfMeasure>5 Pack</unitOfMeasure>
    <brandName>CYCLE CRAFT</brandName>
    <supplierNumber>20722</supplierNumber>
    <specialInstructions/>
    <baseDealerPrice>12.60</baseDealerPrice>
    <yourDealerPrice>12.60</yourDealerPrice>
    <baseRetailPrice>6.95</baseRetailPrice>
    <originalRetailPrice>15.95</originalRetailPrice>
    <partImage>http://asset.lemansnet.com/z/LzQvQi8yLzRCMjhBMzU5LTQwOEMtNDcyNy1BRTc1LTg0MTRFQ0NCQURBMCwvNS83L0IvNTdCNzMxNEQtRDZGMi00OUZDLTk3RDktRjYwNzI5MUZEMzc2</partImage>
    <productId>2080490960</productId>
    <productName>Main Jets for CV-Type Keihin Carb</productName>
    <productImage>http://asset.lemansnet.com/z/LzQvQi8yLzRCMjhBMzU5LTQwOEMtNDcyNy1BRTc1LTg0MTRFQ0NCQURBMA==</productImage>
    <bullet1>Individual jets sold to dealer in five-packs; sold to consumer each</bullet1>
    <bullet2>Precision-made in Japan</bullet2>
    <bullet3/>
    <bullet4/>
    <bullet5/>
    <bullet6/>
    <bullet7/>
    <bullet8/>
    <bullet9/>
    <bullet10/>
    <bullet11/>
    <bullet12/>
    <bullet13/>
    <bullet14/>
    <bullet15/>
    <bullet16/>
    <bullet17/>
    <bullet18/>
    <bullet19/>
    <bullet20/>
    <bullet21/>
    <bullet22/>
    <bullet23/>
    <bullet24/>
    <vendorPriceUpdateDate>2023-04-22 00:00:00</vendorPriceUpdateDate>
  </part>
  <part>
    <partNumber>DS289322</partNumber>
    <punctuatedPartNumber>DS-289322</punctuatedPartNumber>
    <partStatusDescription>STANDARD</partStatusDescription>
    <partDescription>Main Jets - Keihin - #165 - 5-Pack</partDescription>
    <unitOfMeasure>5 Pack</unitOfMeasure>
    <brandName>CYCLE CRAFT</brandName>
    <supplierNumber>20723</supplierNumber>
    <specialInstructions/>
    <baseDealerPrice>12.60</baseDealerPrice>
    <yourDealerPrice>12.60</yourDealerPrice>
    <baseRetailPrice>6.95</baseRetailPrice>
    <originalRetailPrice>15.95</originalRetailPrice>
    <partImage>http://asset.lemansnet.com/z/LzQvQi8yLzRCMjhBMzU5LTQwOEMtNDcyNy1BRTc1LTg0MTRFQ0NCQURBMCwvNS83L0IvNTdCNzMxNEQtRDZGMi00OUZDLTk3RDktRjYwNzI5MUZEMzc2</partImage>
    <productId>2080490960</productId>
    <productName>Main Jets for CV-Type Keihin Carb</productName>
    <productImage>http://asset.lemansnet.com/z/LzQvQi8yLzRCMjhBMzU5LTQwOEMtNDcyNy1BRTc1LTg0MTRFQ0NCQURBMA==</productImage>
    <bullet1>Individual jets sold to dealer in five-packs; sold to consumer each</bullet1>
    <bullet2>Precision-made in Japan</bullet2>
    <bullet3/>
    <bullet4/>
    <bullet5/>
    <bullet6/>
    <bullet7/>
    <bullet8/>
    <bullet9/>
    <bullet10/>
    <bullet11/>
    <bullet12/>
    <bullet13/>
    <bullet14/>
    <bullet15/>
    <bullet16/>
    <bullet17/>
    <bullet18/>
    <bullet19/>
    <bullet20/>
    <bullet21/>
    <bullet22/>
    <bullet23/>
    <bullet24/>
    <vendorPriceUpdateDate>2023-04-22 00:00:00</vendorPriceUpdateDate>
  </part>
  <part>
    <partNumber>DS289323</partNumber>
    <punctuatedPartNumber>DS-289323</punctuatedPartNumber>
    <partStatusDescription>STANDARD</partStatusDescription>
    <partDescription>Main Jets - Keihin - #170 - 5-Pack</partDescription>
    <unitOfMeasure>5 Pack</unitOfMeasure>
    <brandName>CYCLE CRAFT</brandName>
    <supplierNumber>20724</supplierNumber>
    <specialInstructions/>
    <baseDealerPrice>12.60</baseDealerPrice>
    <yourDealerPrice>12.60</yourDealerPrice>
    <baseRetailPrice>6.95</baseRetailPrice>
    <originalRetailPrice>15.95</originalRetailPrice>
    <partImage>http://asset.lemansnet.com/z/LzQvQi8yLzRCMjhBMzU5LTQwOEMtNDcyNy1BRTc1LTg0MTRFQ0NCQURBMCwvNS83L0IvNTdCNzMxNEQtRDZGMi00OUZDLTk3RDktRjYwNzI5MUZEMzc2</partImage>
    <productId>2080490960</productId>
    <productName>Main Jets for CV-Type Keihin Carb</productName>
    <productImage>http://asset.lemansnet.com/z/LzQvQi8yLzRCMjhBMzU5LTQwOEMtNDcyNy1BRTc1LTg0MTRFQ0NCQURBMA==</productImage>
    <bullet1>Individual jets sold to dealer in five-packs; sold to consumer each</bullet1>
    <bullet2>Precision-made in Japan</bullet2>
    <bullet3/>
    <bullet4/>
    <bullet5/>
    <bullet6/>
    <bullet7/>
    <bullet8/>
    <bullet9/>
    <bullet10/>
    <bullet11/>
    <bullet12/>
    <bullet13/>
    <bullet14/>
    <bullet15/>
    <bullet16/>
    <bullet17/>
    <bullet18/>
    <bullet19/>
    <bullet20/>
    <bullet21/>
    <bullet22/>
    <bullet23/>
    <bullet24/>
    <vendorPriceUpdateDate>2023-04-22 00:00:00</vendorPriceUpdateDate>
  </part>
  <part>
    <partNumber>DS289324</partNumber>
    <punctuatedPartNumber>DS-289324</punctuatedPartNumber>
    <partStatusDescription>STANDARD</partStatusDescription>
    <partDescription>Main Jets - Keihin - #175 - 5-Pack</partDescription>
    <unitOfMeasure>5 Pack</unitOfMeasure>
    <brandName>CYCLE CRAFT</brandName>
    <supplierNumber>20725</supplierNumber>
    <specialInstructions/>
    <baseDealerPrice>12.60</baseDealerPrice>
    <yourDealerPrice>12.60</yourDealerPrice>
    <baseRetailPrice>6.95</baseRetailPrice>
    <originalRetailPrice>15.95</originalRetailPrice>
    <partImage>http://asset.lemansnet.com/z/LzQvQi8yLzRCMjhBMzU5LTQwOEMtNDcyNy1BRTc1LTg0MTRFQ0NCQURBMCwvNS83L0IvNTdCNzMxNEQtRDZGMi00OUZDLTk3RDktRjYwNzI5MUZEMzc2</partImage>
    <productId>2080490960</productId>
    <productName>Main Jets for CV-Type Keihin Carb</productName>
    <productImage>http://asset.lemansnet.com/z/LzQvQi8yLzRCMjhBMzU5LTQwOEMtNDcyNy1BRTc1LTg0MTRFQ0NCQURBMA==</productImage>
    <bullet1>Individual jets sold to dealer in five-packs; sold to consumer each</bullet1>
    <bullet2>Precision-made in Japan</bullet2>
    <bullet3/>
    <bullet4/>
    <bullet5/>
    <bullet6/>
    <bullet7/>
    <bullet8/>
    <bullet9/>
    <bullet10/>
    <bullet11/>
    <bullet12/>
    <bullet13/>
    <bullet14/>
    <bullet15/>
    <bullet16/>
    <bullet17/>
    <bullet18/>
    <bullet19/>
    <bullet20/>
    <bullet21/>
    <bullet22/>
    <bullet23/>
    <bullet24/>
    <vendorPriceUpdateDate>2023-04-22 00:00:00</vendorPriceUpdateDate>
  </part>
  <part>
    <partNumber>DS289325</partNumber>
    <punctuatedPartNumber>DS-289325</punctuatedPartNumber>
    <partStatusDescription>STANDARD</partStatusDescription>
    <partDescription>Main Jets - Keihin - #180 - 5-Pack</partDescription>
    <unitOfMeasure>5 Pack</unitOfMeasure>
    <brandName>CYCLE CRAFT</brandName>
    <supplierNumber>20726</supplierNumber>
    <specialInstructions/>
    <baseDealerPrice>12.60</baseDealerPrice>
    <yourDealerPrice>12.60</yourDealerPrice>
    <baseRetailPrice>6.95</baseRetailPrice>
    <originalRetailPrice>15.95</originalRetailPrice>
    <partImage>http://asset.lemansnet.com/z/LzQvQi8yLzRCMjhBMzU5LTQwOEMtNDcyNy1BRTc1LTg0MTRFQ0NCQURBMCwvNS83L0IvNTdCNzMxNEQtRDZGMi00OUZDLTk3RDktRjYwNzI5MUZEMzc2</partImage>
    <productId>2080490960</productId>
    <productName>Main Jets for CV-Type Keihin Carb</productName>
    <productImage>http://asset.lemansnet.com/z/LzQvQi8yLzRCMjhBMzU5LTQwOEMtNDcyNy1BRTc1LTg0MTRFQ0NCQURBMA==</productImage>
    <bullet1>Individual jets sold to dealer in five-packs; sold to consumer each</bullet1>
    <bullet2>Precision-made in Japan</bullet2>
    <bullet3/>
    <bullet4/>
    <bullet5/>
    <bullet6/>
    <bullet7/>
    <bullet8/>
    <bullet9/>
    <bullet10/>
    <bullet11/>
    <bullet12/>
    <bullet13/>
    <bullet14/>
    <bullet15/>
    <bullet16/>
    <bullet17/>
    <bullet18/>
    <bullet19/>
    <bullet20/>
    <bullet21/>
    <bullet22/>
    <bullet23/>
    <bullet24/>
    <vendorPriceUpdateDate>2023-04-22 00:00:00</vendorPriceUpdateDate>
  </part>
  <part>
    <partNumber>DS289326</partNumber>
    <punctuatedPartNumber>DS-289326</punctuatedPartNumber>
    <partStatusDescription>STANDARD</partStatusDescription>
    <partDescription>Main Jets - Keihin - #185 - 5-Pack</partDescription>
    <unitOfMeasure>5 Pack</unitOfMeasure>
    <brandName>CYCLE CRAFT</brandName>
    <supplierNumber>20727</supplierNumber>
    <specialInstructions/>
    <baseDealerPrice>12.60</baseDealerPrice>
    <yourDealerPrice>12.60</yourDealerPrice>
    <baseRetailPrice>6.95</baseRetailPrice>
    <originalRetailPrice>15.95</originalRetailPrice>
    <partImage>http://asset.lemansnet.com/z/LzQvQi8yLzRCMjhBMzU5LTQwOEMtNDcyNy1BRTc1LTg0MTRFQ0NCQURBMCwvNS83L0IvNTdCNzMxNEQtRDZGMi00OUZDLTk3RDktRjYwNzI5MUZEMzc2</partImage>
    <productId>2080490960</productId>
    <productName>Main Jets for CV-Type Keihin Carb</productName>
    <productImage>http://asset.lemansnet.com/z/LzQvQi8yLzRCMjhBMzU5LTQwOEMtNDcyNy1BRTc1LTg0MTRFQ0NCQURBMA==</productImage>
    <bullet1>Individual jets sold to dealer in five-packs; sold to consumer each</bullet1>
    <bullet2>Precision-made in Japan</bullet2>
    <bullet3/>
    <bullet4/>
    <bullet5/>
    <bullet6/>
    <bullet7/>
    <bullet8/>
    <bullet9/>
    <bullet10/>
    <bullet11/>
    <bullet12/>
    <bullet13/>
    <bullet14/>
    <bullet15/>
    <bullet16/>
    <bullet17/>
    <bullet18/>
    <bullet19/>
    <bullet20/>
    <bullet21/>
    <bullet22/>
    <bullet23/>
    <bullet24/>
    <vendorPriceUpdateDate>2023-04-22 00:00:00</vendorPriceUpdateDate>
  </part>
  <part>
    <partNumber>DS289327</partNumber>
    <punctuatedPartNumber>DS-289327</punctuatedPartNumber>
    <partStatusDescription>STANDARD</partStatusDescription>
    <partDescription>Main Jets - Keihin - #190 - 5-Pack</partDescription>
    <unitOfMeasure>5 Pack</unitOfMeasure>
    <brandName>CYCLE CRAFT</brandName>
    <supplierNumber>20728</supplierNumber>
    <specialInstructions/>
    <baseDealerPrice>12.60</baseDealerPrice>
    <yourDealerPrice>12.60</yourDealerPrice>
    <baseRetailPrice>6.95</baseRetailPrice>
    <originalRetailPrice>15.95</originalRetailPrice>
    <partImage>http://asset.lemansnet.com/z/LzQvQi8yLzRCMjhBMzU5LTQwOEMtNDcyNy1BRTc1LTg0MTRFQ0NCQURBMCwvNS83L0IvNTdCNzMxNEQtRDZGMi00OUZDLTk3RDktRjYwNzI5MUZEMzc2</partImage>
    <productId>2080490960</productId>
    <productName>Main Jets for CV-Type Keihin Carb</productName>
    <productImage>http://asset.lemansnet.com/z/LzQvQi8yLzRCMjhBMzU5LTQwOEMtNDcyNy1BRTc1LTg0MTRFQ0NCQURBMA==</productImage>
    <bullet1>Individual jets sold to dealer in five-packs; sold to consumer each</bullet1>
    <bullet2>Precision-made in Japan</bullet2>
    <bullet3/>
    <bullet4/>
    <bullet5/>
    <bullet6/>
    <bullet7/>
    <bullet8/>
    <bullet9/>
    <bullet10/>
    <bullet11/>
    <bullet12/>
    <bullet13/>
    <bullet14/>
    <bullet15/>
    <bullet16/>
    <bullet17/>
    <bullet18/>
    <bullet19/>
    <bullet20/>
    <bullet21/>
    <bullet22/>
    <bullet23/>
    <bullet24/>
    <vendorPriceUpdateDate>2023-04-22 00:00:00</vendorPriceUpdateDate>
  </part>
  <part>
    <partNumber>DS289328</partNumber>
    <punctuatedPartNumber>DS-289328</punctuatedPartNumber>
    <partStatusDescription>STANDARD</partStatusDescription>
    <partDescription>Main Jets - Keihin - #195 - 5-Pack</partDescription>
    <unitOfMeasure>5 Pack</unitOfMeasure>
    <brandName>CYCLE CRAFT</brandName>
    <supplierNumber>20729</supplierNumber>
    <specialInstructions/>
    <baseDealerPrice>12.60</baseDealerPrice>
    <yourDealerPrice>12.60</yourDealerPrice>
    <baseRetailPrice>6.95</baseRetailPrice>
    <originalRetailPrice>15.95</originalRetailPrice>
    <partImage>http://asset.lemansnet.com/z/LzQvQi8yLzRCMjhBMzU5LTQwOEMtNDcyNy1BRTc1LTg0MTRFQ0NCQURBMCwvNS83L0IvNTdCNzMxNEQtRDZGMi00OUZDLTk3RDktRjYwNzI5MUZEMzc2</partImage>
    <productId>2080490960</productId>
    <productName>Main Jets for CV-Type Keihin Carb</productName>
    <productImage>http://asset.lemansnet.com/z/LzQvQi8yLzRCMjhBMzU5LTQwOEMtNDcyNy1BRTc1LTg0MTRFQ0NCQURBMA==</productImage>
    <bullet1>Individual jets sold to dealer in five-packs; sold to consumer each</bullet1>
    <bullet2>Precision-made in Japan</bullet2>
    <bullet3/>
    <bullet4/>
    <bullet5/>
    <bullet6/>
    <bullet7/>
    <bullet8/>
    <bullet9/>
    <bullet10/>
    <bullet11/>
    <bullet12/>
    <bullet13/>
    <bullet14/>
    <bullet15/>
    <bullet16/>
    <bullet17/>
    <bullet18/>
    <bullet19/>
    <bullet20/>
    <bullet21/>
    <bullet22/>
    <bullet23/>
    <bullet24/>
    <vendorPriceUpdateDate>2023-04-22 00:00:00</vendorPriceUpdateDate>
  </part>
  <part>
    <partNumber>DS289329</partNumber>
    <punctuatedPartNumber>DS-289329</punctuatedPartNumber>
    <partStatusDescription>STANDARD</partStatusDescription>
    <partDescription>Main Jets - Keihin - #200 - 5-Pack</partDescription>
    <unitOfMeasure>5 Pack</unitOfMeasure>
    <brandName>CYCLE CRAFT</brandName>
    <supplierNumber>20730</supplierNumber>
    <specialInstructions/>
    <baseDealerPrice>12.60</baseDealerPrice>
    <yourDealerPrice>12.60</yourDealerPrice>
    <baseRetailPrice>6.95</baseRetailPrice>
    <originalRetailPrice>15.95</originalRetailPrice>
    <partImage>http://asset.lemansnet.com/z/LzQvQi8yLzRCMjhBMzU5LTQwOEMtNDcyNy1BRTc1LTg0MTRFQ0NCQURBMCwvNS83L0IvNTdCNzMxNEQtRDZGMi00OUZDLTk3RDktRjYwNzI5MUZEMzc2</partImage>
    <productId>2080490960</productId>
    <productName>Main Jets for CV-Type Keihin Carb</productName>
    <productImage>http://asset.lemansnet.com/z/LzQvQi8yLzRCMjhBMzU5LTQwOEMtNDcyNy1BRTc1LTg0MTRFQ0NCQURBMA==</productImage>
    <bullet1>Individual jets sold to dealer in five-packs; sold to consumer each</bullet1>
    <bullet2>Precision-made in Japan</bullet2>
    <bullet3/>
    <bullet4/>
    <bullet5/>
    <bullet6/>
    <bullet7/>
    <bullet8/>
    <bullet9/>
    <bullet10/>
    <bullet11/>
    <bullet12/>
    <bullet13/>
    <bullet14/>
    <bullet15/>
    <bullet16/>
    <bullet17/>
    <bullet18/>
    <bullet19/>
    <bullet20/>
    <bullet21/>
    <bullet22/>
    <bullet23/>
    <bullet24/>
    <vendorPriceUpdateDate>2023-04-22 00:00:00</vendorPriceUpdateDate>
  </part>
  <part>
    <partNumber>DS530471</partNumber>
    <punctuatedPartNumber>DS-530471</punctuatedPartNumber>
    <partStatusDescription>STANDARD</partStatusDescription>
    <partDescription>Caliper Seal Kit - Front - XLBT</partDescription>
    <unitOfMeasure>Kit</unitOfMeasure>
    <brandName>CYCLE CRAFT</brandName>
    <supplierNumber>19133</supplierNumber>
    <specialInstructions/>
    <baseDealerPrice>8.00</baseDealerPrice>
    <yourDealerPrice>8.00</yourDealerPrice>
    <baseRetailPrice>12.35</baseRetailPrice>
    <originalRetailPrice>17.95</originalRetailPrice>
    <partImage>http://asset.lemansnet.com/z/LzEvQy9CLzFDQkJFMkFDLTc4RTktNDJBQy04RjAxLUVENjIxMDI4M0NBMg==</partImage>
    <productId>1985959036</productId>
    <productName>Caliper Seal Kit</productName>
    <productImage>http://asset.lemansnet.com/z/LzgvRC83LzhEN0MzNkFGLUFDMEItNDM0Mi04MDAwLTI1RkRDN0QxQzdBNQ==</productImage>
    <bullet1>Neoprene seals are required when rebuilding calipers on Harley models</bullet1>
    <bullet2>Front and rear kit includes seal and dust boot</bullet2>
    <bullet3/>
    <bullet4/>
    <bullet5/>
    <bullet6/>
    <bullet7/>
    <bullet8/>
    <bullet9/>
    <bullet10/>
    <bullet11/>
    <bullet12/>
    <bullet13/>
    <bullet14/>
    <bullet15/>
    <bullet16/>
    <bullet17/>
    <bullet18/>
    <bullet19/>
    <bullet20/>
    <bullet21/>
    <bullet22/>
    <bullet23/>
    <bullet24/>
    <vendorPriceUpdateDate>2023-04-22 00:00:00</vendorPriceUpdateDate>
  </part>
  <part>
    <partNumber>DS530472</partNumber>
    <punctuatedPartNumber>DS-530472</punctuatedPartNumber>
    <partStatusDescription>STANDARD</partStatusDescription>
    <partDescription>Rear Caliper Seal Kit - XL</partDescription>
    <unitOfMeasure>Kit</unitOfMeasure>
    <brandName>CYCLE CRAFT</brandName>
    <supplierNumber>19135</supplierNumber>
    <specialInstructions/>
    <baseDealerPrice>8.00</baseDealerPrice>
    <yourDealerPrice>8.00</yourDealerPrice>
    <baseRetailPrice>12.35</baseRetailPrice>
    <originalRetailPrice>17.95</originalRetailPrice>
    <partImage>http://asset.lemansnet.com/z/LzgvRC83LzhEN0MzNkFGLUFDMEItNDM0Mi04MDAwLTI1RkRDN0QxQzdBNQ==</partImage>
    <productId>1985959036</productId>
    <productName>Caliper Seal Kit</productName>
    <productImage>http://asset.lemansnet.com/z/LzgvRC83LzhEN0MzNkFGLUFDMEItNDM0Mi04MDAwLTI1RkRDN0QxQzdBNQ==</productImage>
    <bullet1>Neoprene seals are required when rebuilding calipers on Harley models</bullet1>
    <bullet2>Front and rear kit includes seal and dust boot</bullet2>
    <bullet3/>
    <bullet4/>
    <bullet5/>
    <bullet6/>
    <bullet7/>
    <bullet8/>
    <bullet9/>
    <bullet10/>
    <bullet11/>
    <bullet12/>
    <bullet13/>
    <bullet14/>
    <bullet15/>
    <bullet16/>
    <bullet17/>
    <bullet18/>
    <bullet19/>
    <bullet20/>
    <bullet21/>
    <bullet22/>
    <bullet23/>
    <bullet24/>
    <vendorPriceUpdateDate>2023-04-22 00:00:00</vendorPriceUpdateDate>
  </part>
  <part>
    <partNumber>DS530473</partNumber>
    <punctuatedPartNumber>DS-530473</punctuatedPartNumber>
    <partStatusDescription>STANDARD</partStatusDescription>
    <partDescription>Rear Caliper Seal Kit - XL/Big Twin</partDescription>
    <unitOfMeasure>Kit</unitOfMeasure>
    <brandName>CYCLE CRAFT</brandName>
    <supplierNumber>19136</supplierNumber>
    <specialInstructions/>
    <baseDealerPrice>8.00</baseDealerPrice>
    <yourDealerPrice>8.00</yourDealerPrice>
    <baseRetailPrice>12.35</baseRetailPrice>
    <originalRetailPrice>17.95</originalRetailPrice>
    <partImage>http://asset.lemansnet.com/z/L0MvMi84L0MyODZGM0VGLTk1NzQtNDBBNS05QUM2LTc0RjlEODg2N0UzOA==</partImage>
    <productId>1985959036</productId>
    <productName>Caliper Seal Kit</productName>
    <productImage>http://asset.lemansnet.com/z/LzgvRC83LzhEN0MzNkFGLUFDMEItNDM0Mi04MDAwLTI1RkRDN0QxQzdBNQ==</productImage>
    <bullet1>Neoprene seals are required when rebuilding calipers on Harley models</bullet1>
    <bullet2>Front and rear kit includes seal and dust boot</bullet2>
    <bullet3/>
    <bullet4/>
    <bullet5/>
    <bullet6/>
    <bullet7/>
    <bullet8/>
    <bullet9/>
    <bullet10/>
    <bullet11/>
    <bullet12/>
    <bullet13/>
    <bullet14/>
    <bullet15/>
    <bullet16/>
    <bullet17/>
    <bullet18/>
    <bullet19/>
    <bullet20/>
    <bullet21/>
    <bullet22/>
    <bullet23/>
    <bullet24/>
    <vendorPriceUpdateDate>2023-04-22 00:00:00</vendorPriceUpdateDate>
  </part>
  <part>
    <partNumber>DS530474</partNumber>
    <punctuatedPartNumber>DS-530474</punctuatedPartNumber>
    <partStatusDescription>STANDARD</partStatusDescription>
    <partDescription>Rear Caliper Seal Kit - 77-81XL</partDescription>
    <unitOfMeasure>Each</unitOfMeasure>
    <brandName>CYCLE CRAFT</brandName>
    <supplierNumber>19134</supplierNumber>
    <specialInstructions/>
    <baseDealerPrice>8.00</baseDealerPrice>
    <yourDealerPrice>8.00</yourDealerPrice>
    <baseRetailPrice>12.35</baseRetailPrice>
    <originalRetailPrice>13.95</originalRetailPrice>
    <partImage>http://asset.lemansnet.com/z/LzgvRC83LzhEN0MzNkFGLUFDMEItNDM0Mi04MDAwLTI1RkRDN0QxQzdBNQ==</partImage>
    <productId>0711645034</productId>
    <productName>XL Caliper Seal Kit</productName>
    <productImage>http://asset.lemansnet.com/z/LzgvRC83LzhEN0MzNkFGLUFDMEItNDM0Mi04MDAwLTI1RkRDN0QxQzdBNQ==</productImage>
    <bullet1>Neoprene seals are required when rebuilding calipers on Harley models</bullet1>
    <bullet2>Includes seal and dust boot</bullet2>
    <bullet3/>
    <bullet4/>
    <bullet5/>
    <bullet6/>
    <bullet7/>
    <bullet8/>
    <bullet9/>
    <bullet10/>
    <bullet11/>
    <bullet12/>
    <bullet13/>
    <bullet14/>
    <bullet15/>
    <bullet16/>
    <bullet17/>
    <bullet18/>
    <bullet19/>
    <bullet20/>
    <bullet21/>
    <bullet22/>
    <bullet23/>
    <bullet24/>
    <vendorPriceUpdateDate>2023-04-22 00:00:00</vendorPriceUpdateDate>
  </part>
  <part>
    <partNumber>10060281</partNumber>
    <punctuatedPartNumber>1006-0281</punctuatedPartNumber>
    <partStatusDescription>STANDARD</partStatusDescription>
    <partDescription>Main Jets - Keihin - #230 - 5-Pack</partDescription>
    <unitOfMeasure>5 Pack</unitOfMeasure>
    <brandName>CYCLE CRAFT</brandName>
    <supplierNumber>20772</supplierNumber>
    <specialInstructions/>
    <baseDealerPrice>12.60</baseDealerPrice>
    <yourDealerPrice>12.60</yourDealerPrice>
    <baseRetailPrice>6.95</baseRetailPrice>
    <originalRetailPrice>15.95</originalRetailPrice>
    <partImage>http://asset.lemansnet.com/z/LzQvQi8yLzRCMjhBMzU5LTQwOEMtNDcyNy1BRTc1LTg0MTRFQ0NCQURBMCwvNS83L0IvNTdCNzMxNEQtRDZGMi00OUZDLTk3RDktRjYwNzI5MUZEMzc2</partImage>
    <productId>2080490960</productId>
    <productName>Main Jets for CV-Type Keihin Carb</productName>
    <productImage>http://asset.lemansnet.com/z/LzQvQi8yLzRCMjhBMzU5LTQwOEMtNDcyNy1BRTc1LTg0MTRFQ0NCQURBMA==</productImage>
    <bullet1>Individual jets sold to dealer in five-packs; sold to consumer each</bullet1>
    <bullet2>Precision-made in Japan</bullet2>
    <bullet3/>
    <bullet4/>
    <bullet5/>
    <bullet6/>
    <bullet7/>
    <bullet8/>
    <bullet9/>
    <bullet10/>
    <bullet11/>
    <bullet12/>
    <bullet13/>
    <bullet14/>
    <bullet15/>
    <bullet16/>
    <bullet17/>
    <bullet18/>
    <bullet19/>
    <bullet20/>
    <bullet21/>
    <bullet22/>
    <bullet23/>
    <bullet24/>
    <vendorPriceUpdateDate>2023-04-22 00:00:00</vendorPriceUpdateDate>
  </part>
  <part>
    <partNumber>02130425</partNumber>
    <punctuatedPartNumber>0213-0425</punctuatedPartNumber>
    <partStatusDescription>STANDARD</partStatusDescription>
    <partDescription>Hub - 4-Bolt - Rear - 4/110 - 24 Spline</partDescription>
    <unitOfMeasure>Each</unitOfMeasure>
    <brandName>CYCLE CRAFT</brandName>
    <supplierNumber>21195</supplierNumber>
    <specialInstructions/>
    <baseDealerPrice>72.30</baseDealerPrice>
    <yourDealerPrice>72.30</yourDealerPrice>
    <baseRetailPrice>111.25</baseRetailPrice>
    <originalRetailPrice>93.95</originalRetailPrice>
    <partImage>http://asset.lemansnet.com/z/LzYvNi80LzY2NDZCRUJGLTQ0Q0EtNDI5Qi04QjgwLTU2RTZCQUMxNzQ3NA==</partImage>
    <productId>1831198729</productId>
    <productName>Rear Wheel Hub</productName>
    <productImage>http://asset.lemansnet.com/z/LzAvRi80LzBGNDExODIxLUI1NjQtNDRGOS04NjgzLUVGRDU3QjE2ODQ5Qw==</productImage>
    <bullet1>OEM replacement</bullet1>
    <bullet2>Bolt cast hub</bullet2>
    <bullet3/>
    <bullet4/>
    <bullet5/>
    <bullet6/>
    <bullet7/>
    <bullet8/>
    <bullet9/>
    <bullet10/>
    <bullet11/>
    <bullet12/>
    <bullet13/>
    <bullet14/>
    <bullet15/>
    <bullet16/>
    <bullet17/>
    <bullet18/>
    <bullet19/>
    <bullet20/>
    <bullet21/>
    <bullet22/>
    <bullet23/>
    <bullet24/>
    <vendorPriceUpdateDate>2023-04-20 00:00:00</vendorPriceUpdateDate>
  </part>
  <part>
    <partNumber>DS289538</partNumber>
    <punctuatedPartNumber>DS289538</punctuatedPartNumber>
    <partStatusDescription>STANDARD</partStatusDescription>
    <partDescription>Master Main Jet Kit - Keihin</partDescription>
    <unitOfMeasure>Kit</unitOfMeasure>
    <brandName>CYCLE CRAFT</brandName>
    <supplierNumber>20745</supplierNumber>
    <specialInstructions/>
    <baseDealerPrice>140.40</baseDealerPrice>
    <yourDealerPrice>140.40</yourDealerPrice>
    <baseRetailPrice>216.00</baseRetailPrice>
    <originalRetailPrice>251.95</originalRetailPrice>
    <partImage>http://asset.lemansnet.com/z/LzAvMi8wLzAyMDk0QkI2LUNEMzUtNDY3NS1BNTRCLTAwNTVGRTM3REYyOA==</partImage>
    <productId>0581881232</productId>
    <productName>Master Jet Kit for CV-Type Keihin Carburetors</productName>
    <productImage>http://asset.lemansnet.com/z/LzAvMi8wLzAyMDk0QkI2LUNEMzUtNDY3NS1BNTRCLTAwNTVGRTM3REYyOA==</productImage>
    <bullet1>Master jet kit consists of 14 five-packs, includes jets from #140 to #250; you furnish box</bullet1>
    <bullet2>Precision-made in Japan</bullet2>
    <bullet3/>
    <bullet4/>
    <bullet5/>
    <bullet6/>
    <bullet7/>
    <bullet8/>
    <bullet9/>
    <bullet10/>
    <bullet11/>
    <bullet12/>
    <bullet13/>
    <bullet14/>
    <bullet15/>
    <bullet16/>
    <bullet17/>
    <bullet18/>
    <bullet19/>
    <bullet20/>
    <bullet21/>
    <bullet22/>
    <bullet23/>
    <bullet24/>
    <vendorPriceUpdateDate>2023-04-22 00:00:00</vendorPriceUpdateDate>
  </part>
  <part>
    <partNumber>DS289542</partNumber>
    <punctuatedPartNumber>DS289542</punctuatedPartNumber>
    <partStatusDescription>STANDARD</partStatusDescription>
    <partDescription>Master Pilot Jet Kit - Keihin</partDescription>
    <unitOfMeasure>Kit</unitOfMeasure>
    <brandName>CYCLE CRAFT</brandName>
    <supplierNumber>20746</supplierNumber>
    <specialInstructions>Discontinued Per Buyer</specialInstructions>
    <baseDealerPrice>149.50</baseDealerPrice>
    <yourDealerPrice>149.50</yourDealerPrice>
    <baseRetailPrice>230.00</baseRetailPrice>
    <originalRetailPrice>222.95</originalRetailPrice>
    <partImage>http://asset.lemansnet.com/z/L0MvRS9EL0NFREM1QkVGLUM3RDgtNDJDNi1CNkVDLTk0RjU2NUY1RTVEQg==</partImage>
    <productId>0911506462</productId>
    <productName>Master Pilot Jet Kit for Keihin Carburetors</productName>
    <productImage>http://asset.lemansnet.com/z/L0MvRS9EL0NFREM1QkVGLUM3RDgtNDJDNi1CNkVDLTk0RjU2NUY1RTVEQg==</productImage>
    <bullet1>Master kit for CV-style consists of nine five-packs, includes jets from #40 to #55; you furnish box</bullet1>
    <bullet2>Precision-made in Japan</bullet2>
    <bullet3/>
    <bullet4/>
    <bullet5/>
    <bullet6/>
    <bullet7/>
    <bullet8/>
    <bullet9/>
    <bullet10/>
    <bullet11/>
    <bullet12/>
    <bullet13/>
    <bullet14/>
    <bullet15/>
    <bullet16/>
    <bullet17/>
    <bullet18/>
    <bullet19/>
    <bullet20/>
    <bullet21/>
    <bullet22/>
    <bullet23/>
    <bullet24/>
    <vendorPriceUpdateDate>2023-04-22 00:00:00</vendorPriceUpdateDate>
  </part>
</root>
