<root>
  <part>
    <partNumber>20500152</partNumber>
    <punctuatedPartNumber>2050-0152</punctuatedPartNumber>
    <partStatusDescription>STANDARD</partStatusDescription>
    <partDescription>LED Flasher Relay 7-Pin - Suzuki</partDescription>
    <unitOfMeasure>Each</unitOfMeasure>
    <brandName>MOTO MPH</brandName>
    <supplierNumber>MPH-S</supplierNumber>
    <specialInstructions/>
    <baseDealerPrice>22.10</baseDealerPrice>
    <yourDealerPrice>22.10</yourDealerPrice>
    <baseRetailPrice>32.95</baseRetailPrice>
    <originalRetailPrice>32.95</originalRetailPrice>
    <partImage>http://asset.lemansnet.com/z/L0IvOS8yL0I5MjM0MTgxLTY5NDMtNEYwOS1CQ0Y5LTk4RjY0NjJBNTFDOA==</partImage>
    <productId>1698952429</productId>
    <productName>Flasher Relay</productName>
    <productImage>http://asset.lemansnet.com/z/L0IvOS8yL0I5MjM0MTgxLTY5NDMtNEYwOS1CQ0Y5LTk4RjY0NjJBNTFDOA==</productImage>
    <bullet1>Correct the fast flashing that occurs when replacing standard turn signal bulbs with LED bulbs</bullet1>
    <bullet2/>
    <bullet3/>
    <bullet4/>
    <bullet5/>
    <bullet6/>
    <bullet7/>
    <bullet8/>
    <bullet9/>
    <bullet10/>
    <bullet11/>
    <bullet12/>
    <bullet13/>
    <bullet14/>
    <bullet15/>
    <bullet16/>
    <bullet17/>
    <bullet18/>
    <bullet19/>
    <bullet20/>
    <bullet21/>
    <bullet22/>
    <bullet23/>
    <bullet24/>
    <vendorPriceUpdateDate>2013-08-16 00:00:00</vendorPriceUpdateDate>
  </part>
  <part>
    <partNumber>20401199</partNumber>
    <punctuatedPartNumber>2040-1199</punctuatedPartNumber>
    <partStatusDescription>STANDARD</partStatusDescription>
    <partDescription>Marker Light - 250 Ninja - Smoke</partDescription>
    <unitOfMeasure>Pair</unitOfMeasure>
    <brandName>MOTO MPH</brandName>
    <supplierNumber>MPH-1239S</supplierNumber>
    <specialInstructions/>
    <baseDealerPrice>38.20</baseDealerPrice>
    <yourDealerPrice>38.20</yourDealerPrice>
    <baseRetailPrice>56.95</baseRetailPrice>
    <originalRetailPrice>56.95</originalRetailPrice>
    <partImage>http://asset.lemansnet.com/z/LzMvMy9DLzMzQzYxNkVBLUM5OEUtNEFBNS04NDQyLUVBQzk1RTIzNEIwOQ==</partImage>
    <productId>0783997174</productId>
    <productName>LED Flush-Mount Marker Lights</productName>
    <productImage>http://asset.lemansnet.com/z/L0QvOS9FL0Q5RTU4OUI0LTUxRDYtNDkzRS1BNjBFLTU1NUMzODcyNkY4QQ==</productImage>
    <bullet1>Replace bulky signals with these sleek and aerodynamic flush-mount dual-function marker lights</bullet1>
    <bullet2>Forward-facing, super bright LEDs</bullet2>
    <bullet3>Easy Plug-and-Play installation</bullet3>
    <bullet4/>
    <bullet5/>
    <bullet6/>
    <bullet7/>
    <bullet8/>
    <bullet9/>
    <bullet10/>
    <bullet11/>
    <bullet12/>
    <bullet13/>
    <bullet14/>
    <bullet15/>
    <bullet16/>
    <bullet17/>
    <bullet18/>
    <bullet19/>
    <bullet20/>
    <bullet21/>
    <bullet22/>
    <bullet23/>
    <bullet24/>
    <vendorPriceUpdateDate>2013-08-16 00:00:00</vendorPriceUpdateDate>
  </part>
  <part>
    <partNumber>20401263</partNumber>
    <punctuatedPartNumber>2040-1263</punctuatedPartNumber>
    <partStatusDescription>STANDARD</partStatusDescription>
    <partDescription>Marker Light - S1000RR - Smoke</partDescription>
    <unitOfMeasure>Pair</unitOfMeasure>
    <brandName>MOTO MPH</brandName>
    <supplierNumber>MPH-10241S</supplierNumber>
    <specialInstructions/>
    <baseDealerPrice>43.60</baseDealerPrice>
    <yourDealerPrice>43.60</yourDealerPrice>
    <baseRetailPrice>64.95</baseRetailPrice>
    <originalRetailPrice>64.95</originalRetailPrice>
    <partImage>http://asset.lemansnet.com/z/L0QvNi8xL0Q2MTc0NEY3LUNERTktNDQzRC1CQTQzLUQ4ODlERDhEMURDNw==</partImage>
    <productId>0783997174</productId>
    <productName>LED Flush-Mount Marker Lights</productName>
    <productImage>http://asset.lemansnet.com/z/L0QvOS9FL0Q5RTU4OUI0LTUxRDYtNDkzRS1BNjBFLTU1NUMzODcyNkY4QQ==</productImage>
    <bullet1>Replace bulky signals with these sleek and aerodynamic flush-mount dual-function marker lights</bullet1>
    <bullet2>Forward-facing, super bright LEDs</bullet2>
    <bullet3>Easy Plug-and-Play installation</bullet3>
    <bullet4/>
    <bullet5/>
    <bullet6/>
    <bullet7/>
    <bullet8/>
    <bullet9/>
    <bullet10/>
    <bullet11/>
    <bullet12/>
    <bullet13/>
    <bullet14/>
    <bullet15/>
    <bullet16/>
    <bullet17/>
    <bullet18/>
    <bullet19/>
    <bullet20/>
    <bullet21/>
    <bullet22/>
    <bullet23/>
    <bullet24/>
    <vendorPriceUpdateDate>2013-08-16 00:00:00</vendorPriceUpdateDate>
  </part>
  <part>
    <partNumber>20500154</partNumber>
    <punctuatedPartNumber>2050-0154</punctuatedPartNumber>
    <partStatusDescription>STANDARD</partStatusDescription>
    <partDescription>Universal LED Flasher - 3-PIN 21 W</partDescription>
    <unitOfMeasure>Each</unitOfMeasure>
    <brandName>MOTO MPH</brandName>
    <supplierNumber>MPH-U3</supplierNumber>
    <specialInstructions/>
    <baseDealerPrice>8.70</baseDealerPrice>
    <yourDealerPrice>8.70</yourDealerPrice>
    <baseRetailPrice>12.95</baseRetailPrice>
    <originalRetailPrice>12.95</originalRetailPrice>
    <partImage>http://asset.lemansnet.com/z/LzMvQS84LzNBODZFRkFCLTZENDUtNDA4NS1CRjMyLUM1RkM2QjNEOENFMw==</partImage>
    <productId>1268861795</productId>
    <productName>Flasher Relay</productName>
    <productImage>http://asset.lemansnet.com/z/LzMvQS84LzNBODZFRkFCLTZENDUtNDA4NS1CRjMyLUM1RkM2QjNEOENFMw==</productImage>
    <bullet1>Correct the fast flashing that occurs when replacing standard turn signal bulbs with LED bulbs</bullet1>
    <bullet2/>
    <bullet3/>
    <bullet4/>
    <bullet5/>
    <bullet6/>
    <bullet7/>
    <bullet8/>
    <bullet9/>
    <bullet10/>
    <bullet11/>
    <bullet12/>
    <bullet13/>
    <bullet14/>
    <bullet15/>
    <bullet16/>
    <bullet17/>
    <bullet18/>
    <bullet19/>
    <bullet20/>
    <bullet21/>
    <bullet22/>
    <bullet23/>
    <bullet24/>
    <vendorPriceUpdateDate>2013-08-16 00:00:00</vendorPriceUpdateDate>
  </part>
  <part>
    <partNumber>20500151</partNumber>
    <punctuatedPartNumber>2050-0151</punctuatedPartNumber>
    <partStatusDescription>STANDARD</partStatusDescription>
    <partDescription>10 W Flash Relay</partDescription>
    <unitOfMeasure>Each</unitOfMeasure>
    <brandName>MOTO MPH</brandName>
    <supplierNumber>MPH-HKY</supplierNumber>
    <specialInstructions/>
    <baseDealerPrice>8.70</baseDealerPrice>
    <yourDealerPrice>8.70</yourDealerPrice>
    <baseRetailPrice>12.95</baseRetailPrice>
    <originalRetailPrice>12.95</originalRetailPrice>
    <partImage>http://asset.lemansnet.com/z/L0IvNy9DL0I3QzJGQjY0LTMzODMtNEQ5Ny1BNDM0LTQ3QjFCMUQ1MjMzQQ==</partImage>
    <productId>1550529527</productId>
    <productName>Flasher Relay</productName>
    <productImage>http://asset.lemansnet.com/z/L0IvNy9DL0I3QzJGQjY0LTMzODMtNEQ5Ny1BNDM0LTQ3QjFCMUQ1MjMzQQ==</productImage>
    <bullet1>Correct the fast flashing that occurs when replacing standard turn signal bulbs with LED bulbs</bullet1>
    <bullet2/>
    <bullet3/>
    <bullet4/>
    <bullet5/>
    <bullet6/>
    <bullet7/>
    <bullet8/>
    <bullet9/>
    <bullet10/>
    <bullet11/>
    <bullet12/>
    <bullet13/>
    <bullet14/>
    <bullet15/>
    <bullet16/>
    <bullet17/>
    <bullet18/>
    <bullet19/>
    <bullet20/>
    <bullet21/>
    <bullet22/>
    <bullet23/>
    <bullet24/>
    <vendorPriceUpdateDate>2013-08-16 00:00:00</vendorPriceUpdateDate>
  </part>
  <part>
    <partNumber>20500153</partNumber>
    <punctuatedPartNumber>2050-0153</punctuatedPartNumber>
    <partStatusDescription>STANDARD</partStatusDescription>
    <partDescription>Universal LED Flasher 2-Pin 10 W</partDescription>
    <unitOfMeasure>Each</unitOfMeasure>
    <brandName>MOTO MPH</brandName>
    <supplierNumber>MPH-U2</supplierNumber>
    <specialInstructions/>
    <baseDealerPrice>8.70</baseDealerPrice>
    <yourDealerPrice>8.70</yourDealerPrice>
    <baseRetailPrice>12.95</baseRetailPrice>
    <originalRetailPrice>12.95</originalRetailPrice>
    <partImage>http://asset.lemansnet.com/z/LzcvRi83LzdGNzdFNTFCLTA1ODEtNDVCRC05OEE2LTIwNjI3NDI3RjI4RCwvQi85L0EvQjlBOTRFQjYtODJDMS00NjY3LUIxN0QtQjkwOUJGMDhBQTNF</partImage>
    <productId>0195996172</productId>
    <productName>Flasher Relay</productName>
    <productImage>http://asset.lemansnet.com/z/LzcvRi83LzdGNzdFNTFCLTA1ODEtNDVCRC05OEE2LTIwNjI3NDI3RjI4RA==</productImage>
    <bullet1>Correct the fast flashing that occurs when replacing standard turn signal bulbs with LED bulbs</bullet1>
    <bullet2/>
    <bullet3/>
    <bullet4/>
    <bullet5/>
    <bullet6/>
    <bullet7/>
    <bullet8/>
    <bullet9/>
    <bullet10/>
    <bullet11/>
    <bullet12/>
    <bullet13/>
    <bullet14/>
    <bullet15/>
    <bullet16/>
    <bullet17/>
    <bullet18/>
    <bullet19/>
    <bullet20/>
    <bullet21/>
    <bullet22/>
    <bullet23/>
    <bullet24/>
    <vendorPriceUpdateDate>2013-08-16 00:00:00</vendorPriceUpdateDate>
  </part>
  <part>
    <partNumber>20500155</partNumber>
    <punctuatedPartNumber>2050-0155</punctuatedPartNumber>
    <partStatusDescription>STANDARD</partStatusDescription>
    <partDescription>Universal LED Flasher - 2-Pin</partDescription>
    <unitOfMeasure>Each</unitOfMeasure>
    <brandName>MOTO MPH</brandName>
    <supplierNumber>MPH-U2R</supplierNumber>
    <specialInstructions/>
    <baseDealerPrice>11.40</baseDealerPrice>
    <yourDealerPrice>11.40</yourDealerPrice>
    <baseRetailPrice>16.95</baseRetailPrice>
    <originalRetailPrice>17.95</originalRetailPrice>
    <partImage>http://asset.lemansnet.com/z/L0QvMC84L0QwOEU0RDhBLTU0QTItNDVCQy1BNDc2LTdGQTM2MTExMkNFMQ==</partImage>
    <productId>0109159291</productId>
    <productName>Flasher Relay</productName>
    <productImage>http://asset.lemansnet.com/z/L0QvMC84L0QwOEU0RDhBLTU0QTItNDVCQy1BNDc2LTdGQTM2MTExMkNFMQ==</productImage>
    <bullet1>Correct the fast flashing that occurs when replacing standard turn signal bulbs with LED bulbs</bullet1>
    <bullet2/>
    <bullet3/>
    <bullet4/>
    <bullet5/>
    <bullet6/>
    <bullet7/>
    <bullet8/>
    <bullet9/>
    <bullet10/>
    <bullet11/>
    <bullet12/>
    <bullet13/>
    <bullet14/>
    <bullet15/>
    <bullet16/>
    <bullet17/>
    <bullet18/>
    <bullet19/>
    <bullet20/>
    <bullet21/>
    <bullet22/>
    <bullet23/>
    <bullet24/>
    <vendorPriceUpdateDate>2013-08-16 00:00:00</vendorPriceUpdateDate>
  </part>
  <part>
    <partNumber>20401515</partNumber>
    <punctuatedPartNumber>2040-1515</punctuatedPartNumber>
    <partStatusDescription>STANDARD</partStatusDescription>
    <partDescription>Marker Lights - Melted - Black Matte</partDescription>
    <unitOfMeasure>Pair</unitOfMeasure>
    <brandName>MOTO MPH</brandName>
    <supplierNumber>MPH-1210</supplierNumber>
    <specialInstructions/>
    <baseDealerPrice>44.90</baseDealerPrice>
    <yourDealerPrice>44.90</yourDealerPrice>
    <baseRetailPrice>66.95</baseRetailPrice>
    <originalRetailPrice>66.95</originalRetailPrice>
    <partImage>http://asset.lemansnet.com/z/LzUvNi9GLzU2RjRBQjg1LTM2MjMtNDBCNC1BQzY4LTFBRjIzQUM0MTUyNA==</partImage>
    <productId>1121326112</productId>
    <productName>Melted LED Marker Light</productName>
    <productImage>http://asset.lemansnet.com/z/LzUvNi9GLzU2RjRBQjg1LTM2MjMtNDBCNC1BQzY4LTFBRjIzQUM0MTUyNA==</productImage>
    <bullet1>Universal LED marker lights include reverse polarity protection</bullet1>
    <bullet2>Steel stalk-style marker light with rubber vibration damper system, features a wraparound "melted" lens that faces forward and outward for a wide field of visibility, the Euro-influenced design is a compact version of larger forms that can be seen on Italian bikes</bullet2>
    <bullet3>Include two marker lights with two-wire hookup and universal bullet connectors</bullet3>
    <bullet4/>
    <bullet5/>
    <bullet6/>
    <bullet7/>
    <bullet8/>
    <bullet9/>
    <bullet10/>
    <bullet11/>
    <bullet12/>
    <bullet13/>
    <bullet14/>
    <bullet15/>
    <bullet16/>
    <bullet17/>
    <bullet18/>
    <bullet19/>
    <bullet20/>
    <bullet21/>
    <bullet22/>
    <bullet23/>
    <bullet24/>
    <vendorPriceUpdateDate>2023-04-22 00:00:00</vendorPriceUpdateDate>
  </part>
  <part>
    <partNumber>20401198</partNumber>
    <punctuatedPartNumber>2040-1198</punctuatedPartNumber>
    <partStatusDescription>STANDARD</partStatusDescription>
    <partDescription>Marker Light - 250 Ninja - Clear</partDescription>
    <unitOfMeasure>Pair</unitOfMeasure>
    <brandName>MOTO MPH</brandName>
    <supplierNumber>MPH-1239C</supplierNumber>
    <specialInstructions/>
    <baseDealerPrice>36.90</baseDealerPrice>
    <yourDealerPrice>36.90</yourDealerPrice>
    <baseRetailPrice>54.95</baseRetailPrice>
    <originalRetailPrice>54.95</originalRetailPrice>
    <partImage>http://asset.lemansnet.com/z/L0QvOS9FL0Q5RTU4OUI0LTUxRDYtNDkzRS1BNjBFLTU1NUMzODcyNkY4QQ==</partImage>
    <productId>0783997174</productId>
    <productName>LED Flush-Mount Marker Lights</productName>
    <productImage>http://asset.lemansnet.com/z/L0QvOS9FL0Q5RTU4OUI0LTUxRDYtNDkzRS1BNjBFLTU1NUMzODcyNkY4QQ==</productImage>
    <bullet1>Replace bulky signals with these sleek and aerodynamic flush-mount dual-function marker lights</bullet1>
    <bullet2>Forward-facing, super bright LEDs</bullet2>
    <bullet3>Easy Plug-and-Play installation</bullet3>
    <bullet4/>
    <bullet5/>
    <bullet6/>
    <bullet7/>
    <bullet8/>
    <bullet9/>
    <bullet10/>
    <bullet11/>
    <bullet12/>
    <bullet13/>
    <bullet14/>
    <bullet15/>
    <bullet16/>
    <bullet17/>
    <bullet18/>
    <bullet19/>
    <bullet20/>
    <bullet21/>
    <bullet22/>
    <bullet23/>
    <bullet24/>
    <vendorPriceUpdateDate>2013-08-16 00:00:00</vendorPriceUpdateDate>
  </part>
</root>
