<root>
  <part>
    <partNumber>06580073</partNumber>
    <punctuatedPartNumber>0658-0073</punctuatedPartNumber>
    <partStatusDescription>STANDARD</partStatusDescription>
    <partDescription>Cable Drum Adapter - Oversized</partDescription>
    <unitOfMeasure>Each</unitOfMeasure>
    <brandName>PRO JET SPORTS</brandName>
    <supplierNumber>CB-00205</supplierNumber>
    <specialInstructions/>
    <baseDealerPrice>31.20</baseDealerPrice>
    <yourDealerPrice>31.20</yourDealerPrice>
    <baseRetailPrice>43.68</baseRetailPrice>
    <originalRetailPrice>37.95</originalRetailPrice>
    <partImage>http://asset.lemansnet.com/z/LzkvMC8xLzkwMTE3NEQxLUREQjMtNEI1My05QzA1LUE3QkQ3NzlFNDZDMywvMS9GL0MvMUZDOEEwOTItMkQxQi00ODgxLUFENUUtQzA2MEQ3N0FDODA5LC83LzQvMi83NDJGQzFCNy1DOTg5LTRCQjMtOUU1Mi1ERjU3RDAwNDcxRjg=</partImage>
    <productId>0465543651</productId>
    <productName>Cable Drum Adapter</productName>
    <productImage>http://asset.lemansnet.com/z/LzQvRS8xLzRFMTI2MUNBLTY4RDQtNENGMy04RDZCLTI4NTc0NTE1NUNFNg==</productImage>
    <bullet1>Replaces stock carb lever when changing manifolds or custom-installations</bullet1>
    <bullet2>"D"-hole prevents loosening or rotation</bullet2>
    <bullet3/>
    <bullet4/>
    <bullet5/>
    <bullet6/>
    <bullet7/>
    <bullet8/>
    <bullet9/>
    <bullet10/>
    <bullet11/>
    <bullet12/>
    <bullet13/>
    <bullet14/>
    <bullet15/>
    <bullet16/>
    <bullet17/>
    <bullet18/>
    <bullet19/>
    <bullet20/>
    <bullet21/>
    <bullet22/>
    <bullet23/>
    <bullet24/>
    <vendorPriceUpdateDate>2017-05-10 00:00:00</vendorPriceUpdateDate>
  </part>
  <part>
    <partNumber>06580072</partNumber>
    <punctuatedPartNumber>0658-0072</punctuatedPartNumber>
    <partStatusDescription>STANDARD</partStatusDescription>
    <partDescription>Cable Drum Adapter - 18 mm</partDescription>
    <unitOfMeasure>Each</unitOfMeasure>
    <brandName>PRO JET SPORTS</brandName>
    <supplierNumber>CB-00200</supplierNumber>
    <specialInstructions/>
    <baseDealerPrice>27.30</baseDealerPrice>
    <yourDealerPrice>27.30</yourDealerPrice>
    <baseRetailPrice>38.22</baseRetailPrice>
    <originalRetailPrice>33.95</originalRetailPrice>
    <partImage>http://asset.lemansnet.com/z/LzQvRS8xLzRFMTI2MUNBLTY4RDQtNENGMy04RDZCLTI4NTc0NTE1NUNFNg==</partImage>
    <productId>0465543651</productId>
    <productName>Cable Drum Adapter</productName>
    <productImage>http://asset.lemansnet.com/z/LzQvRS8xLzRFMTI2MUNBLTY4RDQtNENGMy04RDZCLTI4NTc0NTE1NUNFNg==</productImage>
    <bullet1>Replaces stock carb lever when changing manifolds or custom-installations</bullet1>
    <bullet2>"D"-hole prevents loosening or rotation</bullet2>
    <bullet3/>
    <bullet4/>
    <bullet5/>
    <bullet6/>
    <bullet7/>
    <bullet8/>
    <bullet9/>
    <bullet10/>
    <bullet11/>
    <bullet12/>
    <bullet13/>
    <bullet14/>
    <bullet15/>
    <bullet16/>
    <bullet17/>
    <bullet18/>
    <bullet19/>
    <bullet20/>
    <bullet21/>
    <bullet22/>
    <bullet23/>
    <bullet24/>
    <vendorPriceUpdateDate>2017-05-10 00:00:00</vendorPriceUpdateDate>
  </part>
</root>
