<root>
  <part>
    <partNumber>37060101</partNumber>
    <punctuatedPartNumber>3706-0101</punctuatedPartNumber>
    <partStatusDescription>STANDARD</partStatusDescription>
    <partDescription>Plastic Shine - 11 US fl oz.</partDescription>
    <unitOfMeasure>Each</unitOfMeasure>
    <brandName>ENGINE ICE</brandName>
    <supplierNumber>13130</supplierNumber>
    <specialInstructions/>
    <baseDealerPrice>9.00</baseDealerPrice>
    <yourDealerPrice>9.00</yourDealerPrice>
    <baseRetailPrice>13.99</baseRetailPrice>
    <originalRetailPrice>13.99</originalRetailPrice>
    <partImage>http://asset.lemansnet.com/z/L0QvQS81L0RBNTVCMjJBLTIzQUEtNDI5OC04Qzc3LUMxM0IxMzhBNkZCQQ==</partImage>
    <productId>0436648011</productId>
    <productName>Plastic Shine</productName>
    <productImage>http://asset.lemansnet.com/z/L0QvQS81L0RBNTVCMjJBLTIzQUEtNDI5OC04Qzc3LUMxM0IxMzhBNkZCQQ==</productImage>
    <bullet1>Silicone based, fast drying, fine mist aerosol designed to restore old faded plastics and keep your powersports vehicle looking brand new with "right out of the can" shine and protection</bullet1>
    <bullet2>Coats and protects while inhibiting corrosion on metal parts</bullet2>
    <bullet3>Creates a dust-resistant surface</bullet3>
    <bullet4>Non-greasy formula</bullet4>
    <bullet5>Fingerprint-resistant finish</bullet5>
    <bullet6>Helps restore factory shine</bullet6>
    <bullet7>Pleasant cherry scent</bullet7>
    <bullet8>Made in the USA</bullet8>
    <bullet9/>
    <bullet10/>
    <bullet11/>
    <bullet12/>
    <bullet13/>
    <bullet14/>
    <bullet15/>
    <bullet16/>
    <bullet17/>
    <bullet18/>
    <bullet19/>
    <bullet20/>
    <bullet21/>
    <bullet22/>
    <bullet23/>
    <bullet24/>
    <vendorPriceUpdateDate>2023-02-27 00:00:00</vendorPriceUpdateDate>
  </part>
  <part>
    <partNumber>37050034</partNumber>
    <punctuatedPartNumber>3705-0034</punctuatedPartNumber>
    <partStatusDescription>STANDARD</partStatusDescription>
    <partDescription>Premixed Coolant - SXS/ATV/UTV - 64 US fl oz.</partDescription>
    <unitOfMeasure>Each</unitOfMeasure>
    <brandName>ENGINE ICE</brandName>
    <supplierNumber>12556</supplierNumber>
    <specialInstructions/>
    <baseDealerPrice>16.50</baseDealerPrice>
    <yourDealerPrice>16.50</yourDealerPrice>
    <baseRetailPrice>26.99</baseRetailPrice>
    <originalRetailPrice>26.99</originalRetailPrice>
    <partImage>http://asset.lemansnet.com/z/LzgvRS9DLzhFQzYwRkRGLTc4MzItNDA1Qy05QjBELTk4M0U3RTlDNzA0MSwvMC84LzQvMDg0RTVDNTAtRUU3NS00MzlGLUEyMjctQzI4NTE1MUZFNjNC</partImage>
    <productId>1170033337</productId>
    <productName>Hi-Performance Powersports Coolant</productName>
    <productImage>http://asset.lemansnet.com/z/LzgvRS9DLzhFQzYwRkRGLTc4MzItNDA1Qy05QjBELTk4M0U3RTlDNzA0MQ==</productImage>
    <bullet1>Superior heat reduction vs competition* (*Independently lab tested against leading competitive products)</bullet1>
    <bullet2>Less toxic than traditional ethylene glycol coolants</bullet2>
    <bullet3>Phosphate free</bullet3>
    <bullet4>New oat technology</bullet4>
    <bullet5>Ready to use - prediluted</bullet5>
    <bullet6/>
    <bullet7/>
    <bullet8/>
    <bullet9/>
    <bullet10/>
    <bullet11/>
    <bullet12/>
    <bullet13/>
    <bullet14/>
    <bullet15/>
    <bullet16/>
    <bullet17/>
    <bullet18/>
    <bullet19/>
    <bullet20/>
    <bullet21/>
    <bullet22/>
    <bullet23/>
    <bullet24/>
    <vendorPriceUpdateDate>2022-09-01 00:00:00</vendorPriceUpdateDate>
  </part>
  <part>
    <partNumber>37050040</partNumber>
    <punctuatedPartNumber>3705-0040</punctuatedPartNumber>
    <partStatusDescription>STANDARD</partStatusDescription>
    <partDescription>Coolant System Flush and Clean - 1/2 Gallon</partDescription>
    <unitOfMeasure>Each</unitOfMeasure>
    <brandName>ENGINE ICE</brandName>
    <supplierNumber>12930</supplierNumber>
    <specialInstructions/>
    <baseDealerPrice>11.30</baseDealerPrice>
    <yourDealerPrice>11.30</yourDealerPrice>
    <baseRetailPrice>19.99</baseRetailPrice>
    <originalRetailPrice>14.99</originalRetailPrice>
    <partImage>http://asset.lemansnet.com/z/LzAvRi84LzBGODlCMjE5LTFGNjEtNDc5Ri05OUUxLUFBQjRCRTgzMjhDMCwvOC85L0QvODlEN0M4MjYtQjQ2Ri00RDRBLTlFMEYtMzk0RTQzMzRBMUVD</partImage>
    <productId>2088456285</productId>
    <productName>Coolant System Flush and Clean</productName>
    <productImage>http://asset.lemansnet.com/z/LzAvRi84LzBGODlCMjE5LTFGNjEtNDc5Ri05OUUxLUFBQjRCRTgzMjhDMA==</productImage>
    <bullet1>Maintenance made easy: engine ice coolant system flush and clean simplifies the process of maintaining your cooling system, ensuring longevity and reliability</bullet1>
    <bullet2>Enhanced performance: keeps your high-performance vehicle running smoothly by eliminating sludge, mineral scale, and contamination</bullet2>
    <bullet3>Effective contaminant removal: removes corrosion, scale, grease, rust, and sludge left behind from previous coolant usage</bullet3>
    <bullet4>Protection against corrosion: safeguard your system against breakdowns and corrosion with our specially formulated solution</bullet4>
    <bullet5>Safe for components: compatible with typical cooling system components and safe for aluminum and other metals</bullet5>
    <bullet6>Optimal functionality: maintains a high-performance cooling system for peak efficiency</bullet6>
    <bullet7>For use with, or compatible with, all brands of coolant/antifreeze</bullet7>
    <bullet8>Ready to use: No mixing required for hassle-free application</bullet8>
    <bullet9/>
    <bullet10/>
    <bullet11/>
    <bullet12/>
    <bullet13/>
    <bullet14/>
    <bullet15/>
    <bullet16/>
    <bullet17/>
    <bullet18/>
    <bullet19/>
    <bullet20/>
    <bullet21/>
    <bullet22/>
    <bullet23/>
    <bullet24/>
    <vendorPriceUpdateDate>2023-02-28 00:00:00</vendorPriceUpdateDate>
  </part>
  <part>
    <partNumber>37050041</partNumber>
    <punctuatedPartNumber>3705-0041</punctuatedPartNumber>
    <partStatusDescription>STANDARD</partStatusDescription>
    <partDescription>Ice Water Racing Coolant - 12 US fl oz.</partDescription>
    <unitOfMeasure>Each</unitOfMeasure>
    <brandName>ENGINE ICE</brandName>
    <supplierNumber>13071</supplierNumber>
    <specialInstructions/>
    <baseDealerPrice>8.50</baseDealerPrice>
    <yourDealerPrice>8.50</yourDealerPrice>
    <baseRetailPrice>12.99</baseRetailPrice>
    <originalRetailPrice>12.99</originalRetailPrice>
    <partImage>http://asset.lemansnet.com/z/LzQvMy9BLzQzQTg1OEE0LThEODEtNDhGMS1BREMwLTIyRkExOEFFMjUxOA==</partImage>
    <productId>1939996844</productId>
    <productName>Ice Water Racing Coolant</productName>
    <productImage>http://asset.lemansnet.com/z/LzQvMy9BLzQzQTg1OEE0LThEODEtNDhGMS1BREMwLTIyRkExOEFFMjUxOA==</productImage>
    <bullet1>Ice water improves the ability of water to wet transfer surfaces by 50% providing a significant reduction in surface tension, moving heat away from the engine </bullet1>
    <bullet2>Just add one 12 oz pouch to 3-5 gallons of water for optional racing performance</bullet2>
    <bullet3>Significantly lowers engine temperatures and improves horsepower vs. traditional antifreeze</bullet3>
    <bullet4>Superior heat transfer over antifreeze</bullet4>
    <bullet5>Superior corrosion and oxidation protection</bullet5>
    <bullet6>Protect all of your parts, including cast iron, brass, steel, and rubber</bullet6>
    <bullet7>Superior protection of silicone seals and hoses</bullet7>
    <bullet8>Glycol free for most racing applications</bullet8>
    <bullet9>Coolant only. Contains no freeze protection.</bullet9>
    <bullet10/>
    <bullet11/>
    <bullet12/>
    <bullet13/>
    <bullet14/>
    <bullet15/>
    <bullet16/>
    <bullet17/>
    <bullet18/>
    <bullet19/>
    <bullet20/>
    <bullet21/>
    <bullet22/>
    <bullet23/>
    <bullet24/>
    <vendorPriceUpdateDate>2023-02-28 00:00:00</vendorPriceUpdateDate>
  </part>
  <part>
    <partNumber>81081100</partNumber>
    <punctuatedPartNumber>81081100</punctuatedPartNumber>
    <partStatusDescription>STANDARD</partStatusDescription>
    <partDescription>Premixed Motorcycle Coolant - 64 US fl oz.</partDescription>
    <unitOfMeasure>Each</unitOfMeasure>
    <brandName>ENGINE ICE</brandName>
    <supplierNumber>10850</supplierNumber>
    <specialInstructions/>
    <baseDealerPrice>16.50</baseDealerPrice>
    <yourDealerPrice>16.50</yourDealerPrice>
    <baseRetailPrice>26.99</baseRetailPrice>
    <originalRetailPrice>26.99</originalRetailPrice>
    <partImage>http://asset.lemansnet.com/z/LzAvRS84LzBFODJBODI5LTEwMTMtNENGQi1BODM4LTU4RjREOThBRjZEMSwvOC9BLzcvOEE3RTcwQTctRDg2Mi00QzBELUJGQ0EtNUMyQkM4MDBEQUZE</partImage>
    <productId>1170033337</productId>
    <productName>Hi-Performance Powersports Coolant</productName>
    <productImage>http://asset.lemansnet.com/z/LzgvRS9DLzhFQzYwRkRGLTc4MzItNDA1Qy05QjBELTk4M0U3RTlDNzA0MQ==</productImage>
    <bullet1>Superior heat reduction vs competition* (*Independently lab tested against leading competitive products)</bullet1>
    <bullet2>Less toxic than traditional ethylene glycol coolants</bullet2>
    <bullet3>Phosphate free</bullet3>
    <bullet4>New oat technology</bullet4>
    <bullet5>Ready to use - prediluted</bullet5>
    <bullet6/>
    <bullet7/>
    <bullet8/>
    <bullet9/>
    <bullet10/>
    <bullet11/>
    <bullet12/>
    <bullet13/>
    <bullet14/>
    <bullet15/>
    <bullet16/>
    <bullet17/>
    <bullet18/>
    <bullet19/>
    <bullet20/>
    <bullet21/>
    <bullet22/>
    <bullet23/>
    <bullet24/>
    <vendorPriceUpdateDate>2022-09-01 00:00:00</vendorPriceUpdateDate>
  </part>
  <part>
    <partNumber>37050035</partNumber>
    <punctuatedPartNumber>3705-0035</punctuatedPartNumber>
    <partStatusDescription>STANDARD</partStatusDescription>
    <partDescription>Premixed Coolant - Snow &amp; Winter - 64 US fl oz.</partDescription>
    <unitOfMeasure>Each</unitOfMeasure>
    <brandName>ENGINE ICE</brandName>
    <supplierNumber>12557</supplierNumber>
    <specialInstructions/>
    <baseDealerPrice>16.50</baseDealerPrice>
    <yourDealerPrice>16.50</yourDealerPrice>
    <baseRetailPrice>26.99</baseRetailPrice>
    <originalRetailPrice>26.99</originalRetailPrice>
    <partImage>http://asset.lemansnet.com/z/L0EvRi9FL0FGRUI4MzgzLUQ1NzktNEVGNi1CQUU0LTM1ODJCQjYxMTkxMywvOC8xLzgvODE4OEM4QTQtM0JFOC00OUU2LTg1REMtNTBGQTFEMUE2Mjgx</partImage>
    <productId>1170033337</productId>
    <productName>Hi-Performance Powersports Coolant</productName>
    <productImage>http://asset.lemansnet.com/z/LzgvRS9DLzhFQzYwRkRGLTc4MzItNDA1Qy05QjBELTk4M0U3RTlDNzA0MQ==</productImage>
    <bullet1>Superior heat reduction vs competition* (*Independently lab tested against leading competitive products)</bullet1>
    <bullet2>Less toxic than traditional ethylene glycol coolants</bullet2>
    <bullet3>Phosphate free</bullet3>
    <bullet4>New oat technology</bullet4>
    <bullet5>Ready to use - prediluted</bullet5>
    <bullet6/>
    <bullet7/>
    <bullet8/>
    <bullet9/>
    <bullet10/>
    <bullet11/>
    <bullet12/>
    <bullet13/>
    <bullet14/>
    <bullet15/>
    <bullet16/>
    <bullet17/>
    <bullet18/>
    <bullet19/>
    <bullet20/>
    <bullet21/>
    <bullet22/>
    <bullet23/>
    <bullet24/>
    <vendorPriceUpdateDate>2022-09-01 00:00:00</vendorPriceUpdateDate>
  </part>
  <part>
    <partNumber>37050044</partNumber>
    <punctuatedPartNumber>3705-0044</punctuatedPartNumber>
    <partStatusDescription>STANDARD</partStatusDescription>
    <partDescription>Engine Ice Pure Performance Racing Coolant - 1/2 Gallon</partDescription>
    <unitOfMeasure>Each</unitOfMeasure>
    <brandName>ENGINE ICE</brandName>
    <supplierNumber>13388</supplierNumber>
    <specialInstructions/>
    <baseDealerPrice>13.30</baseDealerPrice>
    <yourDealerPrice>13.30</yourDealerPrice>
    <baseRetailPrice>22.99</baseRetailPrice>
    <originalRetailPrice>22.99</originalRetailPrice>
    <partImage>http://asset.lemansnet.com/z/L0UvRS9GL0VFRjhEQzYwLTlGMEYtNEI1NS04NUQ1LUU2MzEyQThFRkQ4RA==</partImage>
    <productId>1650620353</productId>
    <productName>Engine Ice Pure Performance Racing Coolant</productName>
    <productImage>http://asset.lemansnet.com/z/L0UvRS9GL0VFRjhEQzYwLTlGMEYtNEI1NS04NUQ1LUU2MzEyQThFRkQ4RA==</productImage>
    <bullet1>Pure Performance is engineered for racing performance by reducing surface tension on aluminum surfaces and swiftly dissipating heat from the engine</bullet1>
    <bullet2>Protects from corrosion 10x more than using water alone</bullet2>
    <bullet3>Protects rubber hoses and seals - 2EH free</bullet3>
    <bullet4>Glycol free</bullet4>
    <bullet5>Non-toxic</bullet5>
    <bullet6>Ready to use</bullet6>
    <bullet7>Boil-over protection up to 248°F</bullet7>
    <bullet8>Not an Antifreeze - Coolant only.</bullet8>
    <bullet9>&gt; Meets ASTM D3306 corrosion requirements.</bullet9>
    <bullet10>For best performance, drain and replace Engine Ice once per year. (Two times per year in racing applications).</bullet10>
    <bullet11/>
    <bullet12/>
    <bullet13/>
    <bullet14/>
    <bullet15/>
    <bullet16/>
    <bullet17/>
    <bullet18/>
    <bullet19/>
    <bullet20/>
    <bullet21/>
    <bullet22/>
    <bullet23/>
    <bullet24/>
    <vendorPriceUpdateDate>2025-05-23 00:00:00</vendorPriceUpdateDate>
  </part>
</root>
