<root>
  <part>
    <partNumber>10500288</partNumber>
    <punctuatedPartNumber>1050-0288</punctuatedPartNumber>
    <partStatusDescription>STANDARD</partStatusDescription>
    <partDescription>Vacuum Piston Assembly - CV/CVK Keihin Carburetors</partDescription>
    <unitOfMeasure>Each</unitOfMeasure>
    <brandName>CYCLE PRO LLC</brandName>
    <supplierNumber>20755</supplierNumber>
    <specialInstructions/>
    <baseDealerPrice>40.30</baseDealerPrice>
    <yourDealerPrice>40.30</yourDealerPrice>
    <baseRetailPrice>62.00</baseRetailPrice>
    <originalRetailPrice>55.95</originalRetailPrice>
    <partImage>http://asset.lemansnet.com/z/LzQvMy85LzQzOUVFQjU5LUY2N0QtNDA2Mi1BNzVCLUJDOEMwMjQ3MjBGQg==</partImage>
    <productId>0001348200</productId>
    <productName>Vacuum Piston Assembly</productName>
    <productImage>http://asset.lemansnet.com/z/LzQvMy85LzQzOUVFQjU5LUY2N0QtNDA2Mi1BNzVCLUJDOEMwMjQ3MjBGQg==</productImage>
    <bullet1>Replaces the stock assembly</bullet1>
    <bullet2/>
    <bullet3/>
    <bullet4/>
    <bullet5/>
    <bullet6/>
    <bullet7/>
    <bullet8/>
    <bullet9/>
    <bullet10/>
    <bullet11/>
    <bullet12/>
    <bullet13/>
    <bullet14/>
    <bullet15/>
    <bullet16/>
    <bullet17/>
    <bullet18/>
    <bullet19/>
    <bullet20/>
    <bullet21/>
    <bullet22/>
    <bullet23/>
    <bullet24/>
    <vendorPriceUpdateDate>2023-04-20 00:00:00</vendorPriceUpdateDate>
  </part>
  <part>
    <partNumber>10500289</partNumber>
    <punctuatedPartNumber>1050-0289</punctuatedPartNumber>
    <partStatusDescription>STANDARD</partStatusDescription>
    <partDescription>Idle Air Adjusting Screw - Butterfly Carburetor</partDescription>
    <unitOfMeasure>Each</unitOfMeasure>
    <brandName>CYCLE PRO LLC</brandName>
    <supplierNumber>20756</supplierNumber>
    <specialInstructions/>
    <baseDealerPrice>24.40</baseDealerPrice>
    <yourDealerPrice>24.40</yourDealerPrice>
    <baseRetailPrice>37.55</baseRetailPrice>
    <originalRetailPrice>33.95</originalRetailPrice>
    <partImage>http://asset.lemansnet.com/z/LzEvRS83LzFFNzcwNkQ1LTQ0NkMtNEYyMy1CNDg4LUIxRThBQkVFMzZCOQ==</partImage>
    <productId>1343544811</productId>
    <productName>Idle Air Adjusting Screw</productName>
    <productImage>http://asset.lemansnet.com/z/LzEvRS83LzFFNzcwNkQ1LTQ0NkMtNEYyMy1CNDg4LUIxRThBQkVFMzZCOQ==</productImage>
    <bullet1>Knurled head is slotted for quick, simple adjustment</bullet1>
    <bullet2>Makes adjusting fuel mixture very easy</bullet2>
    <bullet3/>
    <bullet4/>
    <bullet5/>
    <bullet6/>
    <bullet7/>
    <bullet8/>
    <bullet9/>
    <bullet10/>
    <bullet11/>
    <bullet12/>
    <bullet13/>
    <bullet14/>
    <bullet15/>
    <bullet16/>
    <bullet17/>
    <bullet18/>
    <bullet19/>
    <bullet20/>
    <bullet21/>
    <bullet22/>
    <bullet23/>
    <bullet24/>
    <vendorPriceUpdateDate>2023-04-20 00:00:00</vendorPriceUpdateDate>
  </part>
  <part>
    <partNumber>10500410</partNumber>
    <punctuatedPartNumber>1050-0410</punctuatedPartNumber>
    <partStatusDescription>STANDARD</partStatusDescription>
    <partDescription>EZ Quick™ Tuner Kit - Sportster</partDescription>
    <unitOfMeasure>Kit</unitOfMeasure>
    <brandName>CYCLE PRO LLC</brandName>
    <supplierNumber>20760</supplierNumber>
    <specialInstructions/>
    <baseDealerPrice>35.40</baseDealerPrice>
    <yourDealerPrice>35.40</yourDealerPrice>
    <baseRetailPrice>54.50</baseRetailPrice>
    <originalRetailPrice>55.95</originalRetailPrice>
    <partImage>http://asset.lemansnet.com/z/LzgvOC84Lzg4ODFBOEIxLUQ2MDAtNEE0Ni04Q0ZELTFEMDIxNDNCOTc5Rg==</partImage>
    <productId>1740548454</productId>
    <productName>EZ Quick™ Tuner Kit</productName>
    <productImage>http://asset.lemansnet.com/z/LzgvOC84Lzg4ODFBOEIxLUQ2MDAtNEE0Ni04Q0ZELTFEMDIxNDNCOTc5Rg==</productImage>
    <bullet1>EZ install and includes Cycle Pro Flow Jets</bullet1>
    <bullet2>Direct fit with no drilling needed</bullet2>
    <bullet3>Improved engine performance</bullet3>
    <bullet4>Made of all high-quality brass jets</bullet4>
    <bullet5/>
    <bullet6/>
    <bullet7/>
    <bullet8/>
    <bullet9/>
    <bullet10/>
    <bullet11/>
    <bullet12/>
    <bullet13/>
    <bullet14/>
    <bullet15/>
    <bullet16/>
    <bullet17/>
    <bullet18/>
    <bullet19/>
    <bullet20/>
    <bullet21/>
    <bullet22/>
    <bullet23/>
    <bullet24/>
    <vendorPriceUpdateDate>2023-04-22 00:00:00</vendorPriceUpdateDate>
  </part>
  <part>
    <partNumber>10500412</partNumber>
    <punctuatedPartNumber>1050-0412</punctuatedPartNumber>
    <partStatusDescription>STANDARD</partStatusDescription>
    <partDescription>EZ Quick™ Tuner Kit - Twin Cam</partDescription>
    <unitOfMeasure>Kit</unitOfMeasure>
    <brandName>CYCLE PRO LLC</brandName>
    <supplierNumber>20762</supplierNumber>
    <specialInstructions/>
    <baseDealerPrice>56.70</baseDealerPrice>
    <yourDealerPrice>56.70</yourDealerPrice>
    <baseRetailPrice>87.25</baseRetailPrice>
    <originalRetailPrice>89.95</originalRetailPrice>
    <partImage>http://asset.lemansnet.com/z/LzEvNS9FLzE1RTRGODBFLThBMUItNEY4OS1CRjY2LTI5NjFFM0Q3MjA3RA==</partImage>
    <productId>1740548454</productId>
    <productName>EZ Quick™ Tuner Kit</productName>
    <productImage>http://asset.lemansnet.com/z/LzgvOC84Lzg4ODFBOEIxLUQ2MDAtNEE0Ni04Q0ZELTFEMDIxNDNCOTc5Rg==</productImage>
    <bullet1>EZ install and includes Cycle Pro Flow Jets</bullet1>
    <bullet2>Direct fit with no drilling needed</bullet2>
    <bullet3>Improved engine performance</bullet3>
    <bullet4>Made of all high-quality brass jets</bullet4>
    <bullet5/>
    <bullet6/>
    <bullet7/>
    <bullet8/>
    <bullet9/>
    <bullet10/>
    <bullet11/>
    <bullet12/>
    <bullet13/>
    <bullet14/>
    <bullet15/>
    <bullet16/>
    <bullet17/>
    <bullet18/>
    <bullet19/>
    <bullet20/>
    <bullet21/>
    <bullet22/>
    <bullet23/>
    <bullet24/>
    <vendorPriceUpdateDate>2023-04-22 00:00:00</vendorPriceUpdateDate>
  </part>
  <part>
    <partNumber>10500413</partNumber>
    <punctuatedPartNumber>1050-0413</punctuatedPartNumber>
    <partStatusDescription>STANDARD</partStatusDescription>
    <partDescription>EZ Quick™ Tuner Kit - Twin Cam</partDescription>
    <unitOfMeasure>Kit</unitOfMeasure>
    <brandName>CYCLE PRO LLC</brandName>
    <supplierNumber>20763</supplierNumber>
    <specialInstructions/>
    <baseDealerPrice>50.60</baseDealerPrice>
    <yourDealerPrice>50.60</yourDealerPrice>
    <baseRetailPrice>77.85</baseRetailPrice>
    <originalRetailPrice>80.95</originalRetailPrice>
    <partImage>http://asset.lemansnet.com/z/LzUvMC9GLzUwRjc2MzJCLUM3M0UtNDIzNi04MDQxLTREMzdFMUMyRkZDMw==</partImage>
    <productId>1740548454</productId>
    <productName>EZ Quick™ Tuner Kit</productName>
    <productImage>http://asset.lemansnet.com/z/LzgvOC84Lzg4ODFBOEIxLUQ2MDAtNEE0Ni04Q0ZELTFEMDIxNDNCOTc5Rg==</productImage>
    <bullet1>EZ install and includes Cycle Pro Flow Jets</bullet1>
    <bullet2>Direct fit with no drilling needed</bullet2>
    <bullet3>Improved engine performance</bullet3>
    <bullet4>Made of all high-quality brass jets</bullet4>
    <bullet5/>
    <bullet6/>
    <bullet7/>
    <bullet8/>
    <bullet9/>
    <bullet10/>
    <bullet11/>
    <bullet12/>
    <bullet13/>
    <bullet14/>
    <bullet15/>
    <bullet16/>
    <bullet17/>
    <bullet18/>
    <bullet19/>
    <bullet20/>
    <bullet21/>
    <bullet22/>
    <bullet23/>
    <bullet24/>
    <vendorPriceUpdateDate>2023-04-22 00:00:00</vendorPriceUpdateDate>
  </part>
  <part>
    <partNumber>10500290</partNumber>
    <punctuatedPartNumber>1050-0290</punctuatedPartNumber>
    <partStatusDescription>STANDARD</partStatusDescription>
    <partDescription>Idle Air Adjusting Screw - Constant Velocity Carburetor</partDescription>
    <unitOfMeasure>Each</unitOfMeasure>
    <brandName>CYCLE PRO LLC</brandName>
    <supplierNumber>20757</supplierNumber>
    <specialInstructions/>
    <baseDealerPrice>24.40</baseDealerPrice>
    <yourDealerPrice>24.40</yourDealerPrice>
    <baseRetailPrice>37.55</baseRetailPrice>
    <originalRetailPrice>33.95</originalRetailPrice>
    <partImage>http://asset.lemansnet.com/z/LzkvRS9BLzlFQTIyNUQ0LUEwMDEtNEI1Ri1CRkIxLTY5NUM0NTJFODM0MA==</partImage>
    <productId>1343544811</productId>
    <productName>Idle Air Adjusting Screw</productName>
    <productImage>http://asset.lemansnet.com/z/LzEvRS83LzFFNzcwNkQ1LTQ0NkMtNEYyMy1CNDg4LUIxRThBQkVFMzZCOQ==</productImage>
    <bullet1>Knurled head is slotted for quick, simple adjustment</bullet1>
    <bullet2>Makes adjusting fuel mixture very easy</bullet2>
    <bullet3/>
    <bullet4/>
    <bullet5/>
    <bullet6/>
    <bullet7/>
    <bullet8/>
    <bullet9/>
    <bullet10/>
    <bullet11/>
    <bullet12/>
    <bullet13/>
    <bullet14/>
    <bullet15/>
    <bullet16/>
    <bullet17/>
    <bullet18/>
    <bullet19/>
    <bullet20/>
    <bullet21/>
    <bullet22/>
    <bullet23/>
    <bullet24/>
    <vendorPriceUpdateDate>2023-04-20 00:00:00</vendorPriceUpdateDate>
  </part>
  <part>
    <partNumber>10500409</partNumber>
    <punctuatedPartNumber>1050-0409</punctuatedPartNumber>
    <partStatusDescription>STANDARD</partStatusDescription>
    <partDescription>High-Performance CV 40 mm Carburetor</partDescription>
    <unitOfMeasure>Each</unitOfMeasure>
    <brandName>CYCLE PRO LLC</brandName>
    <supplierNumber>30100</supplierNumber>
    <specialInstructions/>
    <baseDealerPrice>199.30</baseDealerPrice>
    <yourDealerPrice>199.30</yourDealerPrice>
    <baseRetailPrice>306.65</baseRetailPrice>
    <originalRetailPrice>260.95</originalRetailPrice>
    <partImage>http://asset.lemansnet.com/z/LzIvRC80LzJENDU0RkE5LTNGQzEtNEIwNC05NkExLThGNTQyQzE1MjY1OQ==</partImage>
    <productId>1999829884</productId>
    <productName>High-Performance CV 40 mm Carburetor</productName>
    <productImage>http://asset.lemansnet.com/z/LzcvNi9CLzc2QkRGN0VGLTBDNEQtNDFDRS05RTU0LTFFRjg4Q0Q3MDU3Ng==</productImage>
    <bullet1>Includes assortments of main and pilot jets for full coverage and instruction sheet for tuning suggestions</bullet1>
    <bullet2>Comes assembled with Cycle Pro® upgrades to the emulsion tube and slide spring</bullet2>
    <bullet3>All parts are tested and quality controlled</bullet3>
    <bullet4/>
    <bullet5/>
    <bullet6/>
    <bullet7/>
    <bullet8/>
    <bullet9/>
    <bullet10/>
    <bullet11/>
    <bullet12/>
    <bullet13/>
    <bullet14/>
    <bullet15/>
    <bullet16/>
    <bullet17/>
    <bullet18/>
    <bullet19/>
    <bullet20/>
    <bullet21/>
    <bullet22/>
    <bullet23/>
    <bullet24/>
    <vendorPriceUpdateDate>2023-04-22 00:00:00</vendorPriceUpdateDate>
  </part>
  <part>
    <partNumber>10500411</partNumber>
    <punctuatedPartNumber>1050-0411</punctuatedPartNumber>
    <partStatusDescription>STANDARD</partStatusDescription>
    <partDescription>EZ Quick™ Tuner Kit - Sportster</partDescription>
    <unitOfMeasure>Kit</unitOfMeasure>
    <brandName>CYCLE PRO LLC</brandName>
    <supplierNumber>20761</supplierNumber>
    <specialInstructions/>
    <baseDealerPrice>34.30</baseDealerPrice>
    <yourDealerPrice>34.30</yourDealerPrice>
    <baseRetailPrice>52.80</baseRetailPrice>
    <originalRetailPrice>51.95</originalRetailPrice>
    <partImage>http://asset.lemansnet.com/z/L0IvMi9DL0IyQ0E2MkQ1LUI2OUUtNDZBQi1COUFDLThDNzhFQjkwRjEzMQ==</partImage>
    <productId>1740548454</productId>
    <productName>EZ Quick™ Tuner Kit</productName>
    <productImage>http://asset.lemansnet.com/z/LzgvOC84Lzg4ODFBOEIxLUQ2MDAtNEE0Ni04Q0ZELTFEMDIxNDNCOTc5Rg==</productImage>
    <bullet1>EZ install and includes Cycle Pro Flow Jets</bullet1>
    <bullet2>Direct fit with no drilling needed</bullet2>
    <bullet3>Improved engine performance</bullet3>
    <bullet4>Made of all high-quality brass jets</bullet4>
    <bullet5/>
    <bullet6/>
    <bullet7/>
    <bullet8/>
    <bullet9/>
    <bullet10/>
    <bullet11/>
    <bullet12/>
    <bullet13/>
    <bullet14/>
    <bullet15/>
    <bullet16/>
    <bullet17/>
    <bullet18/>
    <bullet19/>
    <bullet20/>
    <bullet21/>
    <bullet22/>
    <bullet23/>
    <bullet24/>
    <vendorPriceUpdateDate>2023-04-22 00:00:00</vendorPriceUpdateDate>
  </part>
  <part>
    <partNumber>10500416</partNumber>
    <punctuatedPartNumber>1050-0416</punctuatedPartNumber>
    <partStatusDescription>STANDARD</partStatusDescription>
    <partDescription>EZ Quick™ Tuner Kit - Evolution Big Twin</partDescription>
    <unitOfMeasure>Kit</unitOfMeasure>
    <brandName>CYCLE PRO LLC</brandName>
    <supplierNumber>20766</supplierNumber>
    <specialInstructions/>
    <baseDealerPrice>32.10</baseDealerPrice>
    <yourDealerPrice>32.10</yourDealerPrice>
    <baseRetailPrice>49.40</baseRetailPrice>
    <originalRetailPrice>49.95</originalRetailPrice>
    <partImage>http://asset.lemansnet.com/z/LzYvNC9CLzY0QjFCNUJBLUZFMTYtNEREOS1CNzgzLTJGRDYxOEE1MTBFMw==</partImage>
    <productId>1740548454</productId>
    <productName>EZ Quick™ Tuner Kit</productName>
    <productImage>http://asset.lemansnet.com/z/LzgvOC84Lzg4ODFBOEIxLUQ2MDAtNEE0Ni04Q0ZELTFEMDIxNDNCOTc5Rg==</productImage>
    <bullet1>EZ install and includes Cycle Pro Flow Jets</bullet1>
    <bullet2>Direct fit with no drilling needed</bullet2>
    <bullet3>Improved engine performance</bullet3>
    <bullet4>Made of all high-quality brass jets</bullet4>
    <bullet5/>
    <bullet6/>
    <bullet7/>
    <bullet8/>
    <bullet9/>
    <bullet10/>
    <bullet11/>
    <bullet12/>
    <bullet13/>
    <bullet14/>
    <bullet15/>
    <bullet16/>
    <bullet17/>
    <bullet18/>
    <bullet19/>
    <bullet20/>
    <bullet21/>
    <bullet22/>
    <bullet23/>
    <bullet24/>
    <vendorPriceUpdateDate>2023-04-22 00:00:00</vendorPriceUpdateDate>
  </part>
  <part>
    <partNumber>10220255</partNumber>
    <punctuatedPartNumber>1022-0255</punctuatedPartNumber>
    <partStatusDescription>STANDARD</partStatusDescription>
    <partDescription>Replacement Throttle Position Sensor - Dyna/Softail/Touring</partDescription>
    <unitOfMeasure>Each</unitOfMeasure>
    <brandName>CYCLE PRO LLC</brandName>
    <supplierNumber>18484</supplierNumber>
    <specialInstructions/>
    <baseDealerPrice>41.50</baseDealerPrice>
    <yourDealerPrice>41.50</yourDealerPrice>
    <baseRetailPrice>63.85</baseRetailPrice>
    <originalRetailPrice>59.95</originalRetailPrice>
    <partImage>http://asset.lemansnet.com/z/LzUvRC9GLzVERjQ3MkU4LTI0MzctNDg0MC1BNzRDLTEyMDc4RkUyMDRBNCwvOS85LzIvOTkyRkM1RUItNzFENS00MDg0LTgxQjEtMUU4MEY4NzFFNjNC</partImage>
    <productId>1932788420</productId>
    <productName>Replacement Throttle Position Sensor</productName>
    <productImage>http://asset.lemansnet.com/z/LzkvRS8zLzlFM0I5MEI0LTBCN0ItNDc2Ni1BNTczLTMxNjAxOEJCMDg5Nw==</productImage>
    <bullet1>Achieve maximum fuel efficiency and power from the engine</bullet1>
    <bullet2>Direct replacement and upgraded from the OEM design</bullet2>
    <bullet3/>
    <bullet4/>
    <bullet5/>
    <bullet6/>
    <bullet7/>
    <bullet8/>
    <bullet9/>
    <bullet10/>
    <bullet11/>
    <bullet12/>
    <bullet13/>
    <bullet14/>
    <bullet15/>
    <bullet16/>
    <bullet17/>
    <bullet18/>
    <bullet19/>
    <bullet20/>
    <bullet21/>
    <bullet22/>
    <bullet23/>
    <bullet24/>
    <vendorPriceUpdateDate>2023-04-20 00:00:00</vendorPriceUpdateDate>
  </part>
  <part>
    <partNumber>10220252</partNumber>
    <punctuatedPartNumber>1022-0252</punctuatedPartNumber>
    <partStatusDescription>STANDARD</partStatusDescription>
    <partDescription>Replacement Throttle Position Sensor - Touring</partDescription>
    <unitOfMeasure>Each</unitOfMeasure>
    <brandName>CYCLE PRO LLC</brandName>
    <supplierNumber>18480</supplierNumber>
    <specialInstructions/>
    <baseDealerPrice>53.50</baseDealerPrice>
    <yourDealerPrice>53.50</yourDealerPrice>
    <baseRetailPrice>82.35</baseRetailPrice>
    <originalRetailPrice>76.95</originalRetailPrice>
    <partImage>http://asset.lemansnet.com/z/LzkvRS8zLzlFM0I5MEI0LTBCN0ItNDc2Ni1BNTczLTMxNjAxOEJCMDg5NywvMS8yLzUvMTI1Mzc4NEItRDg0Ni00MzAwLThDRUMtQUZDMzIxM0FEREI0</partImage>
    <productId>1932788420</productId>
    <productName>Replacement Throttle Position Sensor</productName>
    <productImage>http://asset.lemansnet.com/z/LzkvRS8zLzlFM0I5MEI0LTBCN0ItNDc2Ni1BNTczLTMxNjAxOEJCMDg5Nw==</productImage>
    <bullet1>Achieve maximum fuel efficiency and power from the engine</bullet1>
    <bullet2>Direct replacement and upgraded from the OEM design</bullet2>
    <bullet3/>
    <bullet4/>
    <bullet5/>
    <bullet6/>
    <bullet7/>
    <bullet8/>
    <bullet9/>
    <bullet10/>
    <bullet11/>
    <bullet12/>
    <bullet13/>
    <bullet14/>
    <bullet15/>
    <bullet16/>
    <bullet17/>
    <bullet18/>
    <bullet19/>
    <bullet20/>
    <bullet21/>
    <bullet22/>
    <bullet23/>
    <bullet24/>
    <vendorPriceUpdateDate>2023-04-20 00:00:00</vendorPriceUpdateDate>
  </part>
  <part>
    <partNumber>10220253</partNumber>
    <punctuatedPartNumber>1022-0253</punctuatedPartNumber>
    <partStatusDescription>STANDARD</partStatusDescription>
    <partDescription>Replacement Throttle Position Sensor - Dyna/Softail/Sportster/Touring</partDescription>
    <unitOfMeasure>Each</unitOfMeasure>
    <brandName>CYCLE PRO LLC</brandName>
    <supplierNumber>18481</supplierNumber>
    <specialInstructions/>
    <baseDealerPrice>33.50</baseDealerPrice>
    <yourDealerPrice>33.50</yourDealerPrice>
    <baseRetailPrice>51.55</baseRetailPrice>
    <originalRetailPrice>46.95</originalRetailPrice>
    <partImage>http://asset.lemansnet.com/z/L0YvMy9CL0YzQjZGMkI1LTIxNDYtNDkyRS04RkI1LTlCQTU0NTRDM0EzRSwvQi85LzMvQjkzNzg2QzItMTA5Ny00N0E4LUJCQzAtMkE4NTVEMEFGNUQx</partImage>
    <productId>1932788420</productId>
    <productName>Replacement Throttle Position Sensor</productName>
    <productImage>http://asset.lemansnet.com/z/LzkvRS8zLzlFM0I5MEI0LTBCN0ItNDc2Ni1BNTczLTMxNjAxOEJCMDg5Nw==</productImage>
    <bullet1>Achieve maximum fuel efficiency and power from the engine</bullet1>
    <bullet2>Direct replacement and upgraded from the OEM design</bullet2>
    <bullet3/>
    <bullet4/>
    <bullet5/>
    <bullet6/>
    <bullet7/>
    <bullet8/>
    <bullet9/>
    <bullet10/>
    <bullet11/>
    <bullet12/>
    <bullet13/>
    <bullet14/>
    <bullet15/>
    <bullet16/>
    <bullet17/>
    <bullet18/>
    <bullet19/>
    <bullet20/>
    <bullet21/>
    <bullet22/>
    <bullet23/>
    <bullet24/>
    <vendorPriceUpdateDate>2023-04-20 00:00:00</vendorPriceUpdateDate>
  </part>
  <part>
    <partNumber>10220254</partNumber>
    <punctuatedPartNumber>1022-0254</punctuatedPartNumber>
    <partStatusDescription>STANDARD</partStatusDescription>
    <partDescription>Replacement Throttle Position Sensor - V-Rod</partDescription>
    <unitOfMeasure>Each</unitOfMeasure>
    <brandName>CYCLE PRO LLC</brandName>
    <supplierNumber>18482</supplierNumber>
    <specialInstructions/>
    <baseDealerPrice>41.50</baseDealerPrice>
    <yourDealerPrice>41.50</yourDealerPrice>
    <baseRetailPrice>63.85</baseRetailPrice>
    <originalRetailPrice>59.95</originalRetailPrice>
    <partImage>http://asset.lemansnet.com/z/LzkvMy8zLzkzMzk2Q0Q0LTQxM0EtNDFFMC04NEY4LUZGQTRDNTk2NUI2NywvQy9CLzgvQ0I4MjVEQjgtNUY5OC00NzZDLTgzN0ItQkY4RkQ1MTREREFF</partImage>
    <productId>1932788420</productId>
    <productName>Replacement Throttle Position Sensor</productName>
    <productImage>http://asset.lemansnet.com/z/LzkvRS8zLzlFM0I5MEI0LTBCN0ItNDc2Ni1BNTczLTMxNjAxOEJCMDg5Nw==</productImage>
    <bullet1>Achieve maximum fuel efficiency and power from the engine</bullet1>
    <bullet2>Direct replacement and upgraded from the OEM design</bullet2>
    <bullet3/>
    <bullet4/>
    <bullet5/>
    <bullet6/>
    <bullet7/>
    <bullet8/>
    <bullet9/>
    <bullet10/>
    <bullet11/>
    <bullet12/>
    <bullet13/>
    <bullet14/>
    <bullet15/>
    <bullet16/>
    <bullet17/>
    <bullet18/>
    <bullet19/>
    <bullet20/>
    <bullet21/>
    <bullet22/>
    <bullet23/>
    <bullet24/>
    <vendorPriceUpdateDate>2023-04-20 00:00:00</vendorPriceUpdateDate>
  </part>
  <part>
    <partNumber>18611404</partNumber>
    <punctuatedPartNumber>1861-1404</punctuatedPartNumber>
    <partStatusDescription>STANDARD</partStatusDescription>
    <partDescription>O2 Sensor - 27729-10</partDescription>
    <unitOfMeasure>Each</unitOfMeasure>
    <brandName>CYCLE PRO LLC</brandName>
    <supplierNumber>14275</supplierNumber>
    <specialInstructions>ACT 12MM N/B SENSOR 25PJL</specialInstructions>
    <baseDealerPrice>63.00</baseDealerPrice>
    <yourDealerPrice>63.00</yourDealerPrice>
    <baseRetailPrice>97.70</baseRetailPrice>
    <originalRetailPrice>85.95</originalRetailPrice>
    <partImage>http://asset.lemansnet.com/z/LzMvNS85LzM1OTU2RkM3LTNEQ0ItNEQyRS1CRTRGLTRBOTQwMENFNUUxMg==</partImage>
    <productId>0172467762</productId>
    <productName>Oxygen Sensor</productName>
    <productImage>http://asset.lemansnet.com/z/LzMvNC8yLzM0MjU2Q0M2LTlBNDAtNDNGOS1CMjBFLTA1QzE0QjE1NTNERQ==</productImage>
    <bullet1>Precision made for outstanding performance</bullet1>
    <bullet2>Meets or exceeds OEM specifications</bullet2>
    <bullet3>12 mm narrow band</bullet3>
    <bullet4>Easy fit with no modifications needed</bullet4>
    <bullet5>Extra high temperature dual shield end</bullet5>
    <bullet6>Sold as each</bullet6>
    <bullet7>Made in the U.S.A.</bullet7>
    <bullet8/>
    <bullet9/>
    <bullet10/>
    <bullet11/>
    <bullet12/>
    <bullet13/>
    <bullet14/>
    <bullet15/>
    <bullet16/>
    <bullet17/>
    <bullet18/>
    <bullet19/>
    <bullet20/>
    <bullet21/>
    <bullet22/>
    <bullet23/>
    <bullet24/>
    <vendorPriceUpdateDate>2023-04-20 00:00:00</vendorPriceUpdateDate>
  </part>
  <part>
    <partNumber>18611405</partNumber>
    <punctuatedPartNumber>1861-1405</punctuatedPartNumber>
    <partStatusDescription>STANDARD</partStatusDescription>
    <partDescription>O2 Sensor - 27809-10</partDescription>
    <unitOfMeasure>Each</unitOfMeasure>
    <brandName>CYCLE PRO LLC</brandName>
    <supplierNumber>14276</supplierNumber>
    <specialInstructions>ACT 12MM N/B SENSOR 25PJL</specialInstructions>
    <baseDealerPrice>63.50</baseDealerPrice>
    <yourDealerPrice>63.50</yourDealerPrice>
    <baseRetailPrice>97.70</baseRetailPrice>
    <originalRetailPrice>85.95</originalRetailPrice>
    <partImage>http://asset.lemansnet.com/z/LzMvNC8yLzM0MjU2Q0M2LTlBNDAtNDNGOS1CMjBFLTA1QzE0QjE1NTNERQ==</partImage>
    <productId>0289860765</productId>
    <productName>Oxygen Sensor</productName>
    <productImage>http://asset.lemansnet.com/z/LzMvNC8yLzM0MjU2Q0M2LTlBNDAtNDNGOS1CMjBFLTA1QzE0QjE1NTNERQ==</productImage>
    <bullet1>Precision made for outstanding performance</bullet1>
    <bullet2>Meets or exceeds OEM specifications</bullet2>
    <bullet3>12 mm narrow band</bullet3>
    <bullet4>Easy fit with no modifications needed</bullet4>
    <bullet5>Extra high temperature dual shield end</bullet5>
    <bullet6>Sold as each</bullet6>
    <bullet7>Made in the U.S.A.</bullet7>
    <bullet8/>
    <bullet9/>
    <bullet10/>
    <bullet11/>
    <bullet12/>
    <bullet13/>
    <bullet14/>
    <bullet15/>
    <bullet16/>
    <bullet17/>
    <bullet18/>
    <bullet19/>
    <bullet20/>
    <bullet21/>
    <bullet22/>
    <bullet23/>
    <bullet24/>
    <vendorPriceUpdateDate>2023-04-20 00:00:00</vendorPriceUpdateDate>
  </part>
  <part>
    <partNumber>18611406</partNumber>
    <punctuatedPartNumber>1861-1406</punctuatedPartNumber>
    <partStatusDescription>STANDARD</partStatusDescription>
    <partDescription>O2 Sensor - 32700005</partDescription>
    <unitOfMeasure>Each</unitOfMeasure>
    <brandName>CYCLE PRO LLC</brandName>
    <supplierNumber>14278</supplierNumber>
    <specialInstructions>ACT 12MM N/B SENSOR 25PJL</specialInstructions>
    <baseDealerPrice>63.50</baseDealerPrice>
    <yourDealerPrice>63.50</yourDealerPrice>
    <baseRetailPrice>97.70</baseRetailPrice>
    <originalRetailPrice>85.95</originalRetailPrice>
    <partImage>http://asset.lemansnet.com/z/L0MvOC8zL0M4MzZGMUUxLTA1MEItNDY3NC05RTVCLTlGNDJDN0E0MzVFRg==</partImage>
    <productId>1246382897</productId>
    <productName>Oxygen Sensor</productName>
    <productImage>http://asset.lemansnet.com/z/LzMvNC8yLzM0MjU2Q0M2LTlBNDAtNDNGOS1CMjBFLTA1QzE0QjE1NTNERQ==</productImage>
    <bullet1>Precision made for outstanding performance</bullet1>
    <bullet2>Meets or exceeds OEM specifications</bullet2>
    <bullet3>12 mm narrow band</bullet3>
    <bullet4>Easy fit with no modifications needed</bullet4>
    <bullet5>Extra high temperature dual shield end</bullet5>
    <bullet6>Sold as each</bullet6>
    <bullet7>Made in the U.S.A.</bullet7>
    <bullet8/>
    <bullet9/>
    <bullet10/>
    <bullet11/>
    <bullet12/>
    <bullet13/>
    <bullet14/>
    <bullet15/>
    <bullet16/>
    <bullet17/>
    <bullet18/>
    <bullet19/>
    <bullet20/>
    <bullet21/>
    <bullet22/>
    <bullet23/>
    <bullet24/>
    <vendorPriceUpdateDate>2023-04-20 00:00:00</vendorPriceUpdateDate>
  </part>
  <part>
    <partNumber>18611407</partNumber>
    <punctuatedPartNumber>1861-1407</punctuatedPartNumber>
    <partStatusDescription>STANDARD</partStatusDescription>
    <partDescription>O2 Sensor - 32700006</partDescription>
    <unitOfMeasure>Each</unitOfMeasure>
    <brandName>CYCLE PRO LLC</brandName>
    <supplierNumber>14279</supplierNumber>
    <specialInstructions>ACT 12MM N/B SENSOR 25PJL</specialInstructions>
    <baseDealerPrice>63.50</baseDealerPrice>
    <yourDealerPrice>63.50</yourDealerPrice>
    <baseRetailPrice>97.70</baseRetailPrice>
    <originalRetailPrice>85.95</originalRetailPrice>
    <partImage>http://asset.lemansnet.com/z/LzQvMi9DLzQyQzUxQjVDLUFGQzEtNDY1Ri1BMUNBLTRDRjA2MUZGREYwQQ==</partImage>
    <productId>0088452632</productId>
    <productName>Oxygen Sensor</productName>
    <productImage>http://asset.lemansnet.com/z/LzMvNC8yLzM0MjU2Q0M2LTlBNDAtNDNGOS1CMjBFLTA1QzE0QjE1NTNERQ==</productImage>
    <bullet1>Precision made for outstanding performance</bullet1>
    <bullet2>Meets or exceeds OEM specifications</bullet2>
    <bullet3>12 mm narrow band</bullet3>
    <bullet4>Easy fit with no modifications needed</bullet4>
    <bullet5>Extra high temperature dual shield end</bullet5>
    <bullet6>Sold as each</bullet6>
    <bullet7>Made in the U.S.A.</bullet7>
    <bullet8/>
    <bullet9/>
    <bullet10/>
    <bullet11/>
    <bullet12/>
    <bullet13/>
    <bullet14/>
    <bullet15/>
    <bullet16/>
    <bullet17/>
    <bullet18/>
    <bullet19/>
    <bullet20/>
    <bullet21/>
    <bullet22/>
    <bullet23/>
    <bullet24/>
    <vendorPriceUpdateDate>2023-04-20 00:00:00</vendorPriceUpdateDate>
  </part>
  <part>
    <partNumber>18611408</partNumber>
    <punctuatedPartNumber>1861-1408</punctuatedPartNumber>
    <partStatusDescription>STANDARD</partStatusDescription>
    <partDescription>O2 Sensor - 32700026</partDescription>
    <unitOfMeasure>Each</unitOfMeasure>
    <brandName>CYCLE PRO LLC</brandName>
    <supplierNumber>14280</supplierNumber>
    <specialInstructions>ACT 12MM N/B SENSOR 25PJL</specialInstructions>
    <baseDealerPrice>63.50</baseDealerPrice>
    <yourDealerPrice>63.50</yourDealerPrice>
    <baseRetailPrice>97.70</baseRetailPrice>
    <originalRetailPrice>85.95</originalRetailPrice>
    <partImage>http://asset.lemansnet.com/z/LzEvQi9DLzFCQzQ2OTY3LTQ2QUEtNDczOS1CQUE5LUEwQzNDRTAxNzQ5MQ==</partImage>
    <productId>1378083211</productId>
    <productName>Oxygen Sensor</productName>
    <productImage>http://asset.lemansnet.com/z/LzMvNC8yLzM0MjU2Q0M2LTlBNDAtNDNGOS1CMjBFLTA1QzE0QjE1NTNERQ==</productImage>
    <bullet1>Precision made for outstanding performance</bullet1>
    <bullet2>Meets or exceeds OEM specifications</bullet2>
    <bullet3>12 mm narrow band</bullet3>
    <bullet4>Easy fit with no modifications needed</bullet4>
    <bullet5>Extra high temperature dual shield end</bullet5>
    <bullet6>Sold as each</bullet6>
    <bullet7>Made in the U.S.A.</bullet7>
    <bullet8/>
    <bullet9/>
    <bullet10/>
    <bullet11/>
    <bullet12/>
    <bullet13/>
    <bullet14/>
    <bullet15/>
    <bullet16/>
    <bullet17/>
    <bullet18/>
    <bullet19/>
    <bullet20/>
    <bullet21/>
    <bullet22/>
    <bullet23/>
    <bullet24/>
    <vendorPriceUpdateDate>2023-04-20 00:00:00</vendorPriceUpdateDate>
  </part>
  <part>
    <partNumber>18611466</partNumber>
    <punctuatedPartNumber>1861-1466</punctuatedPartNumber>
    <partStatusDescription>STANDARD</partStatusDescription>
    <partDescription>12 mm Oxygen Sensor</partDescription>
    <unitOfMeasure>Each</unitOfMeasure>
    <brandName>CYCLE PRO LLC</brandName>
    <supplierNumber>14282</supplierNumber>
    <specialInstructions>ACT 12MM N/B SENSOR 25PJL</specialInstructions>
    <baseDealerPrice>64.60</baseDealerPrice>
    <yourDealerPrice>64.60</yourDealerPrice>
    <baseRetailPrice>99.50</baseRetailPrice>
    <originalRetailPrice>83.95</originalRetailPrice>
    <partImage>http://asset.lemansnet.com/z/L0UvQi9GL0VCRjAwNkExLTAxNjctNDcwMy1BM0JELUNFQUZEODM1NTVDMA==</partImage>
    <productId>1197549019</productId>
    <productName>12 mm Oxygen Sensor</productName>
    <productImage>http://asset.lemansnet.com/z/L0UvQi9GL0VCRjAwNkExLTAxNjctNDcwMy1BM0JELUNFQUZEODM1NTVDMA==</productImage>
    <bullet1>Precision made for outstanding performance</bullet1>
    <bullet2>Direct fit, no modifications needed</bullet2>
    <bullet3>Extra high temperature dual shield end</bullet3>
    <bullet4>Meets or exceeds OEM specifications</bullet4>
    <bullet5>Made in the U.S.A.</bullet5>
    <bullet6/>
    <bullet7/>
    <bullet8/>
    <bullet9/>
    <bullet10/>
    <bullet11/>
    <bullet12/>
    <bullet13/>
    <bullet14/>
    <bullet15/>
    <bullet16/>
    <bullet17/>
    <bullet18/>
    <bullet19/>
    <bullet20/>
    <bullet21/>
    <bullet22/>
    <bullet23/>
    <bullet24/>
    <vendorPriceUpdateDate>2023-04-20 00:00:00</vendorPriceUpdateDate>
  </part>
  <part>
    <partNumber>18611467</partNumber>
    <punctuatedPartNumber>1861-1467</punctuatedPartNumber>
    <partStatusDescription>STANDARD</partStatusDescription>
    <partDescription>12 mm Oxygen Sensor</partDescription>
    <unitOfMeasure>Each</unitOfMeasure>
    <brandName>CYCLE PRO LLC</brandName>
    <supplierNumber>14283</supplierNumber>
    <specialInstructions>ACT 12MM N/B SENSOR 25PJL</specialInstructions>
    <baseDealerPrice>64.60</baseDealerPrice>
    <yourDealerPrice>64.60</yourDealerPrice>
    <baseRetailPrice>99.50</baseRetailPrice>
    <originalRetailPrice>83.95</originalRetailPrice>
    <partImage>http://asset.lemansnet.com/z/L0IvQy9DL0JDQzE4QzIxLUMwRTAtNEUzMS04N0I3LTAyREQ4NEMwQzZDRA==</partImage>
    <productId>0344428098</productId>
    <productName>12 mm Oxygen Sensor</productName>
    <productImage>http://asset.lemansnet.com/z/L0IvQy9DL0JDQzE4QzIxLUMwRTAtNEUzMS04N0I3LTAyREQ4NEMwQzZDRA==</productImage>
    <bullet1>Precision made for outstanding performance</bullet1>
    <bullet2>Meets or exceeds OEM specifications</bullet2>
    <bullet3>Direct fit, no modifications needed</bullet3>
    <bullet4>Extra high temperature dual shield end</bullet4>
    <bullet5>Made in the U.S.A.</bullet5>
    <bullet6/>
    <bullet7/>
    <bullet8/>
    <bullet9/>
    <bullet10/>
    <bullet11/>
    <bullet12/>
    <bullet13/>
    <bullet14/>
    <bullet15/>
    <bullet16/>
    <bullet17/>
    <bullet18/>
    <bullet19/>
    <bullet20/>
    <bullet21/>
    <bullet22/>
    <bullet23/>
    <bullet24/>
    <vendorPriceUpdateDate>2023-04-20 00:00:00</vendorPriceUpdateDate>
  </part>
  <part>
    <partNumber>18610977</partNumber>
    <punctuatedPartNumber>1861-0977</punctuatedPartNumber>
    <partStatusDescription>STANDARD</partStatusDescription>
    <partDescription>18 mm Oxygen Sensor</partDescription>
    <unitOfMeasure>Each</unitOfMeasure>
    <brandName>CYCLE PRO LLC</brandName>
    <supplierNumber>14272</supplierNumber>
    <specialInstructions/>
    <baseDealerPrice>50.60</baseDealerPrice>
    <yourDealerPrice>50.60</yourDealerPrice>
    <baseRetailPrice>77.85</baseRetailPrice>
    <originalRetailPrice>71.95</originalRetailPrice>
    <partImage>http://asset.lemansnet.com/z/LzQvQS84LzRBODA5M0JBLTZBOEQtNDE3My1CNDgzLTYxNTI0RTZBM0ZEOQ==</partImage>
    <productId>1509032723</productId>
    <productName>18 mm Oxygen Sensor</productName>
    <productImage>http://asset.lemansnet.com/z/LzQvQS84LzRBODA5M0JBLTZBOEQtNDE3My1CNDgzLTYxNTI0RTZBM0ZEOQ==</productImage>
    <bullet1>Precision-made for outstanding performance</bullet1>
    <bullet2>Meets or exceeds OEM standards</bullet2>
    <bullet3>Easy fit with no modifications needed</bullet3>
    <bullet4>Extra high-temperature dual-shield end</bullet4>
    <bullet5>Made in the U.S.A.</bullet5>
    <bullet6/>
    <bullet7/>
    <bullet8/>
    <bullet9/>
    <bullet10/>
    <bullet11/>
    <bullet12/>
    <bullet13/>
    <bullet14/>
    <bullet15/>
    <bullet16/>
    <bullet17/>
    <bullet18/>
    <bullet19/>
    <bullet20/>
    <bullet21/>
    <bullet22/>
    <bullet23/>
    <bullet24/>
    <vendorPriceUpdateDate>2023-04-20 00:00:00</vendorPriceUpdateDate>
  </part>
  <part>
    <partNumber>17020251</partNumber>
    <punctuatedPartNumber>1702-0251</punctuatedPartNumber>
    <partStatusDescription>STANDARD</partStatusDescription>
    <partDescription>Front Caliper Seal Kit</partDescription>
    <unitOfMeasure>Kit</unitOfMeasure>
    <brandName>CYCLE PRO LLC</brandName>
    <supplierNumber>19131M</supplierNumber>
    <specialInstructions/>
    <baseDealerPrice>8.00</baseDealerPrice>
    <yourDealerPrice>8.00</yourDealerPrice>
    <baseRetailPrice>12.35</baseRetailPrice>
    <originalRetailPrice>13.95</originalRetailPrice>
    <partImage>http://asset.lemansnet.com/z/L0IvNC84L0I0ODI5OTJBLTQ5MDAtNEY3MS04MDI3LTk5NkJGMDIzNEE1RA==</partImage>
    <productId>2011716056</productId>
    <productName>Brake Caliper Seal Kit</productName>
    <productImage>http://asset.lemansnet.com/z/L0IvNC84L0I0ODI5OTJBLTQ5MDAtNEY3MS04MDI3LTk5NkJGMDIzNEE1RA==</productImage>
    <bullet1>Neoprene seals are required when rebuilding calipers on Harley models</bullet1>
    <bullet2>Front and rear kits include seal and dust boot</bullet2>
    <bullet3/>
    <bullet4/>
    <bullet5/>
    <bullet6/>
    <bullet7/>
    <bullet8/>
    <bullet9/>
    <bullet10/>
    <bullet11/>
    <bullet12/>
    <bullet13/>
    <bullet14/>
    <bullet15/>
    <bullet16/>
    <bullet17/>
    <bullet18/>
    <bullet19/>
    <bullet20/>
    <bullet21/>
    <bullet22/>
    <bullet23/>
    <bullet24/>
    <vendorPriceUpdateDate>2023-04-22 00:00:00</vendorPriceUpdateDate>
  </part>
  <part>
    <partNumber>17020252</partNumber>
    <punctuatedPartNumber>1702-0252</punctuatedPartNumber>
    <partStatusDescription>STANDARD</partStatusDescription>
    <partDescription>Front Caliper Seal Kit</partDescription>
    <unitOfMeasure>Kit</unitOfMeasure>
    <brandName>CYCLE PRO LLC</brandName>
    <supplierNumber>19132M</supplierNumber>
    <specialInstructions/>
    <baseDealerPrice>8.00</baseDealerPrice>
    <yourDealerPrice>8.00</yourDealerPrice>
    <baseRetailPrice>12.35</baseRetailPrice>
    <originalRetailPrice>13.95</originalRetailPrice>
    <partImage>http://asset.lemansnet.com/z/LzYvMC80LzYwNDE5M0M3LUUwOUQtNDZEQi04NEIyLTA5QUE5QjI0MDUwMA==</partImage>
    <productId>2011716056</productId>
    <productName>Brake Caliper Seal Kit</productName>
    <productImage>http://asset.lemansnet.com/z/L0IvNC84L0I0ODI5OTJBLTQ5MDAtNEY3MS04MDI3LTk5NkJGMDIzNEE1RA==</productImage>
    <bullet1>Neoprene seals are required when rebuilding calipers on Harley models</bullet1>
    <bullet2>Front and rear kits include seal and dust boot</bullet2>
    <bullet3/>
    <bullet4/>
    <bullet5/>
    <bullet6/>
    <bullet7/>
    <bullet8/>
    <bullet9/>
    <bullet10/>
    <bullet11/>
    <bullet12/>
    <bullet13/>
    <bullet14/>
    <bullet15/>
    <bullet16/>
    <bullet17/>
    <bullet18/>
    <bullet19/>
    <bullet20/>
    <bullet21/>
    <bullet22/>
    <bullet23/>
    <bullet24/>
    <vendorPriceUpdateDate>2023-04-22 00:00:00</vendorPriceUpdateDate>
  </part>
  <part>
    <partNumber>17020253</partNumber>
    <punctuatedPartNumber>1702-0253</punctuatedPartNumber>
    <partStatusDescription>STANDARD</partStatusDescription>
    <partDescription>Front/Rear Caliper Seal Kit</partDescription>
    <unitOfMeasure>Kit</unitOfMeasure>
    <brandName>CYCLE PRO LLC</brandName>
    <supplierNumber>19137M</supplierNumber>
    <specialInstructions/>
    <baseDealerPrice>8.00</baseDealerPrice>
    <yourDealerPrice>8.00</yourDealerPrice>
    <baseRetailPrice>12.35</baseRetailPrice>
    <originalRetailPrice>13.95</originalRetailPrice>
    <partImage>http://asset.lemansnet.com/z/LzIvOC9GLzI4RjFGQTRDLUM4QTYtNDlGNi04RjQ4LTk4NjMxNzcwNzREQg==</partImage>
    <productId>1937718472</productId>
    <productName>Brake Caliper Seal Kit</productName>
    <productImage>http://asset.lemansnet.com/z/L0IvNC84L0I0ODI5OTJBLTQ5MDAtNEY3MS04MDI3LTk5NkJGMDIzNEE1RA==</productImage>
    <bullet1>Neoprene seals are required when rebuilding calipers on Harley models</bullet1>
    <bullet2>Front and rear kits include seal and dust boot</bullet2>
    <bullet3/>
    <bullet4/>
    <bullet5/>
    <bullet6/>
    <bullet7/>
    <bullet8/>
    <bullet9/>
    <bullet10/>
    <bullet11/>
    <bullet12/>
    <bullet13/>
    <bullet14/>
    <bullet15/>
    <bullet16/>
    <bullet17/>
    <bullet18/>
    <bullet19/>
    <bullet20/>
    <bullet21/>
    <bullet22/>
    <bullet23/>
    <bullet24/>
    <vendorPriceUpdateDate>2023-04-22 00:00:00</vendorPriceUpdateDate>
  </part>
  <part>
    <partNumber>17020255</partNumber>
    <punctuatedPartNumber>1702-0255</punctuatedPartNumber>
    <partStatusDescription>STANDARD</partStatusDescription>
    <partDescription>Caliper Seal Kit - Front/Rear</partDescription>
    <unitOfMeasure>Kit</unitOfMeasure>
    <brandName>CYCLE PRO LLC</brandName>
    <supplierNumber>19140M</supplierNumber>
    <specialInstructions>YR APP F/XL S/B 00-03ONLY?25PJL</specialInstructions>
    <baseDealerPrice>12.30</baseDealerPrice>
    <yourDealerPrice>12.30</yourDealerPrice>
    <baseRetailPrice>18.95</baseRetailPrice>
    <originalRetailPrice>18.95</originalRetailPrice>
    <partImage>http://asset.lemansnet.com/z/LzYvMS8zLzYxMzcxRTUzLTYyRkItNDdDRC1CQzA3LTY0NkUxOTg0OTU0MQ==</partImage>
    <productId>1752519465</productId>
    <productName>Caliper Seal Kit</productName>
    <productImage>http://asset.lemansnet.com/z/LzYvMS8zLzYxMzcxRTUzLTYyRkItNDdDRC1CQzA3LTY0NkUxOTg0OTU0MQ==</productImage>
    <bullet1>Neoprene seals are required when rebuilding calipers on Harley models.</bullet1>
    <bullet2/>
    <bullet3/>
    <bullet4/>
    <bullet5/>
    <bullet6/>
    <bullet7/>
    <bullet8/>
    <bullet9/>
    <bullet10/>
    <bullet11/>
    <bullet12/>
    <bullet13/>
    <bullet14/>
    <bullet15/>
    <bullet16/>
    <bullet17/>
    <bullet18/>
    <bullet19/>
    <bullet20/>
    <bullet21/>
    <bullet22/>
    <bullet23/>
    <bullet24/>
    <vendorPriceUpdateDate>2023-04-22 00:00:00</vendorPriceUpdateDate>
  </part>
  <part>
    <partNumber>17020256</partNumber>
    <punctuatedPartNumber>1702-0256</punctuatedPartNumber>
    <partStatusDescription>STANDARD</partStatusDescription>
    <partDescription>Caliper Seal Kit and Pistons - Front</partDescription>
    <unitOfMeasure>Kit</unitOfMeasure>
    <brandName>CYCLE PRO LLC</brandName>
    <supplierNumber>19254M</supplierNumber>
    <specialInstructions/>
    <baseDealerPrice>26.00</baseDealerPrice>
    <yourDealerPrice>26.00</yourDealerPrice>
    <baseRetailPrice>40.00</baseRetailPrice>
    <originalRetailPrice>41.95</originalRetailPrice>
    <partImage>http://asset.lemansnet.com/z/LzgvNS80Lzg1NDBBRDY1LTVCQUYtNDU1Qy05NzAzLUFCOTE5QzBGQTk4QQ==</partImage>
    <productId>0726299493</productId>
    <productName>Caliper Seal Kit</productName>
    <productImage>http://asset.lemansnet.com/z/LzYvMS8zLzYxMzcxRTUzLTYyRkItNDdDRC1CQzA3LTY0NkUxOTg0OTU0MQ==</productImage>
    <bullet1>Neoprene seals are required when rebuilding calipers on Harley models.</bullet1>
    <bullet2/>
    <bullet3/>
    <bullet4/>
    <bullet5/>
    <bullet6/>
    <bullet7/>
    <bullet8/>
    <bullet9/>
    <bullet10/>
    <bullet11/>
    <bullet12/>
    <bullet13/>
    <bullet14/>
    <bullet15/>
    <bullet16/>
    <bullet17/>
    <bullet18/>
    <bullet19/>
    <bullet20/>
    <bullet21/>
    <bullet22/>
    <bullet23/>
    <bullet24/>
    <vendorPriceUpdateDate>2023-04-22 00:00:00</vendorPriceUpdateDate>
  </part>
  <part>
    <partNumber>17020254</partNumber>
    <punctuatedPartNumber>1702-0254</punctuatedPartNumber>
    <partStatusDescription>STANDARD</partStatusDescription>
    <partDescription>Front/Rear Caliper Seal Kit</partDescription>
    <unitOfMeasure>Kit</unitOfMeasure>
    <brandName>CYCLE PRO LLC</brandName>
    <supplierNumber>19138M</supplierNumber>
    <specialInstructions/>
    <baseDealerPrice>8.40</baseDealerPrice>
    <yourDealerPrice>8.40</yourDealerPrice>
    <baseRetailPrice>12.95</baseRetailPrice>
    <originalRetailPrice>14.95</originalRetailPrice>
    <partImage>http://asset.lemansnet.com/z/L0IvMy81L0IzNUI0OTE0LUJEQUQtNEJDNy04RDkzLTlGRjdFMTY5MUM4RQ==</partImage>
    <productId>1961807409</productId>
    <productName>Brake Caliper Seal Kit</productName>
    <productImage>http://asset.lemansnet.com/z/L0IvNC84L0I0ODI5OTJBLTQ5MDAtNEY3MS04MDI3LTk5NkJGMDIzNEE1RA==</productImage>
    <bullet1>Neoprene seals are required when rebuilding calipers on Harley models</bullet1>
    <bullet2>Front and rear kits include seal and dust boot</bullet2>
    <bullet3/>
    <bullet4/>
    <bullet5/>
    <bullet6/>
    <bullet7/>
    <bullet8/>
    <bullet9/>
    <bullet10/>
    <bullet11/>
    <bullet12/>
    <bullet13/>
    <bullet14/>
    <bullet15/>
    <bullet16/>
    <bullet17/>
    <bullet18/>
    <bullet19/>
    <bullet20/>
    <bullet21/>
    <bullet22/>
    <bullet23/>
    <bullet24/>
    <vendorPriceUpdateDate>2023-04-22 00:00:00</vendorPriceUpdateDate>
  </part>
  <part>
    <partNumber>10031931</partNumber>
    <punctuatedPartNumber>1003-1931</punctuatedPartNumber>
    <partStatusDescription>STANDARD</partStatusDescription>
    <partDescription>Carburetor Float Bowl - 40 mm</partDescription>
    <unitOfMeasure>Each</unitOfMeasure>
    <brandName>CYCLE PRO LLC</brandName>
    <supplierNumber>16708</supplierNumber>
    <specialInstructions/>
    <baseDealerPrice>23.90</baseDealerPrice>
    <yourDealerPrice>23.90</yourDealerPrice>
    <baseRetailPrice>36.80</baseRetailPrice>
    <originalRetailPrice>45.95</originalRetailPrice>
    <partImage>http://asset.lemansnet.com/z/L0YvOS9GL0Y5RjQwRkUzLUIzNzAtNDA2RS1CMDU5LUY0QzNCQTBCRTY3OQ==</partImage>
    <productId>1895410642</productId>
    <productName>Float Bowl for 40 mm Constant Velocity Carburetor</productName>
    <productImage>http://asset.lemansnet.com/z/L0YvOS9GL0Y5RjQwRkUzLUIzNzAtNDA2RS1CMDU5LUY0QzNCQTBCRTY3OQ==</productImage>
    <bullet1>Upgraded with Cycle Pro® accelerator pump circuit</bullet1>
    <bullet2>Includes viton rubber molded seal</bullet2>
    <bullet3/>
    <bullet4/>
    <bullet5/>
    <bullet6/>
    <bullet7/>
    <bullet8/>
    <bullet9/>
    <bullet10/>
    <bullet11/>
    <bullet12/>
    <bullet13/>
    <bullet14/>
    <bullet15/>
    <bullet16/>
    <bullet17/>
    <bullet18/>
    <bullet19/>
    <bullet20/>
    <bullet21/>
    <bullet22/>
    <bullet23/>
    <bullet24/>
    <vendorPriceUpdateDate>2023-04-22 00:00:00</vendorPriceUpdateDate>
  </part>
  <part>
    <partNumber>10030352</partNumber>
    <punctuatedPartNumber>1003-0352</punctuatedPartNumber>
    <partStatusDescription>STANDARD</partStatusDescription>
    <partDescription>Air Mixture Screw Kit</partDescription>
    <unitOfMeasure>Kit</unitOfMeasure>
    <brandName>CYCLE PRO LLC</brandName>
    <supplierNumber>20781</supplierNumber>
    <specialInstructions/>
    <baseDealerPrice>8.10</baseDealerPrice>
    <yourDealerPrice>8.10</yourDealerPrice>
    <baseRetailPrice>12.50</baseRetailPrice>
    <originalRetailPrice>14.95</originalRetailPrice>
    <partImage>http://asset.lemansnet.com/z/LzcvRi8wLzdGMEUxOTQyLUNFMTgtNDk5Qi1CREM1LUY1RjJBQjU3RDNDQQ==</partImage>
    <productId>1599437223</productId>
    <productName>Air Mixture Screw Kit</productName>
    <productImage>http://asset.lemansnet.com/z/LzcvRi8wLzdGMEUxOTQyLUNFMTgtNDk5Qi1CREM1LUY1RjJBQjU3RDNDQQ==</productImage>
    <bullet1>Air mixture screw kit includes: washer, spring and O-ring</bullet1>
    <bullet2/>
    <bullet3/>
    <bullet4/>
    <bullet5/>
    <bullet6/>
    <bullet7/>
    <bullet8/>
    <bullet9/>
    <bullet10/>
    <bullet11/>
    <bullet12/>
    <bullet13/>
    <bullet14/>
    <bullet15/>
    <bullet16/>
    <bullet17/>
    <bullet18/>
    <bullet19/>
    <bullet20/>
    <bullet21/>
    <bullet22/>
    <bullet23/>
    <bullet24/>
    <vendorPriceUpdateDate>2023-04-22 00:00:00</vendorPriceUpdateDate>
  </part>
  <part>
    <partNumber>10030351</partNumber>
    <punctuatedPartNumber>1003-0351</punctuatedPartNumber>
    <partStatusDescription>STANDARD</partStatusDescription>
    <partDescription>Diaphragm Rebuild Kit - Super E/G</partDescription>
    <unitOfMeasure>Kit</unitOfMeasure>
    <brandName>CYCLE PRO LLC</brandName>
    <supplierNumber>20721</supplierNumber>
    <specialInstructions/>
    <baseDealerPrice>8.90</baseDealerPrice>
    <yourDealerPrice>8.90</yourDealerPrice>
    <baseRetailPrice>13.70</baseRetailPrice>
    <originalRetailPrice>14.95</originalRetailPrice>
    <partImage>http://asset.lemansnet.com/z/LzEvMC8wLzEwMEQ1NUVCLTlFMDAtNDkyMi04REU1LUYzQjBFNzEyQ0E3RA==</partImage>
    <productId>2006116983</productId>
    <productName>Diaphragm Rebuild Kit</productName>
    <productImage>http://asset.lemansnet.com/z/LzEvMC8wLzEwMEQ1NUVCLTlFMDAtNDkyMi04REU1LUYzQjBFNzEyQ0E3RA==</productImage>
    <bullet1>Complete with upgraded rubber components; diaphragm, 2 O-rings, boot and spring to completely rebuild the accelerator pump</bullet1>
    <bullet2>Carburetor diaphragm rebuild kit for all Keihin carbs (including late Constant Velocity carburetors)</bullet2>
    <bullet3/>
    <bullet4/>
    <bullet5/>
    <bullet6/>
    <bullet7/>
    <bullet8/>
    <bullet9/>
    <bullet10/>
    <bullet11/>
    <bullet12/>
    <bullet13/>
    <bullet14/>
    <bullet15/>
    <bullet16/>
    <bullet17/>
    <bullet18/>
    <bullet19/>
    <bullet20/>
    <bullet21/>
    <bullet22/>
    <bullet23/>
    <bullet24/>
    <vendorPriceUpdateDate>2023-04-22 00:00:00</vendorPriceUpdateDate>
  </part>
  <part>
    <partNumber>22120866</partNumber>
    <punctuatedPartNumber>2212-0866</punctuatedPartNumber>
    <partStatusDescription>STANDARD</partStatusDescription>
    <partDescription>Oil Pressure Sensor</partDescription>
    <unitOfMeasure>Each</unitOfMeasure>
    <brandName>CYCLE PRO LLC</brandName>
    <supplierNumber>18432</supplierNumber>
    <specialInstructions/>
    <baseDealerPrice>40.00</baseDealerPrice>
    <yourDealerPrice>40.00</yourDealerPrice>
    <baseRetailPrice>61.55</baseRetailPrice>
    <originalRetailPrice>53.95</originalRetailPrice>
    <partImage>http://asset.lemansnet.com/z/L0UvRC85L0VEOUJFN0VDLTMwOTUtNDA1Qy1COEVGLTY0MjI2M0EzNkZBNw==</partImage>
    <productId>0543920742</productId>
    <productName>Oil Pressure Sensor</productName>
    <productImage>http://asset.lemansnet.com/z/L0UvRC85L0VEOUJFN0VDLTMwOTUtNDA1Qy1COEVGLTY0MjI2M0EzNkZBNw==</productImage>
    <bullet1>Accurate reproductions of the OEM sending units</bullet1>
    <bullet2>Precision calibrated</bullet2>
    <bullet3/>
    <bullet4/>
    <bullet5/>
    <bullet6/>
    <bullet7/>
    <bullet8/>
    <bullet9/>
    <bullet10/>
    <bullet11/>
    <bullet12/>
    <bullet13/>
    <bullet14/>
    <bullet15/>
    <bullet16/>
    <bullet17/>
    <bullet18/>
    <bullet19/>
    <bullet20/>
    <bullet21/>
    <bullet22/>
    <bullet23/>
    <bullet24/>
    <vendorPriceUpdateDate>2023-04-20 00:00:00</vendorPriceUpdateDate>
  </part>
  <part>
    <partNumber>22120867</partNumber>
    <punctuatedPartNumber>2212-0867</punctuatedPartNumber>
    <partStatusDescription>STANDARD</partStatusDescription>
    <partDescription>Oil Pressure Sensor</partDescription>
    <unitOfMeasure>Each</unitOfMeasure>
    <brandName>CYCLE PRO LLC</brandName>
    <supplierNumber>18438</supplierNumber>
    <specialInstructions/>
    <baseDealerPrice>42.40</baseDealerPrice>
    <yourDealerPrice>42.40</yourDealerPrice>
    <baseRetailPrice>65.25</baseRetailPrice>
    <originalRetailPrice>69.95</originalRetailPrice>
    <partImage>http://asset.lemansnet.com/z/L0UvMS80L0UxNEQ1NzUzLTVCQUYtNDUxNy1CNjIwLTJEMjdEMEI5NEZBRQ==</partImage>
    <productId>0543920742</productId>
    <productName>Oil Pressure Sensor</productName>
    <productImage>http://asset.lemansnet.com/z/L0UvRC85L0VEOUJFN0VDLTMwOTUtNDA1Qy1COEVGLTY0MjI2M0EzNkZBNw==</productImage>
    <bullet1>Accurate reproductions of the OEM sending units</bullet1>
    <bullet2>Precision calibrated</bullet2>
    <bullet3/>
    <bullet4/>
    <bullet5/>
    <bullet6/>
    <bullet7/>
    <bullet8/>
    <bullet9/>
    <bullet10/>
    <bullet11/>
    <bullet12/>
    <bullet13/>
    <bullet14/>
    <bullet15/>
    <bullet16/>
    <bullet17/>
    <bullet18/>
    <bullet19/>
    <bullet20/>
    <bullet21/>
    <bullet22/>
    <bullet23/>
    <bullet24/>
    <vendorPriceUpdateDate>2023-04-20 00:00:00</vendorPriceUpdateDate>
  </part>
  <part>
    <partNumber>22120868</partNumber>
    <punctuatedPartNumber>2212-0868</punctuatedPartNumber>
    <partStatusDescription>STANDARD</partStatusDescription>
    <partDescription>Oil Pressure Sensor</partDescription>
    <unitOfMeasure>Each</unitOfMeasure>
    <brandName>CYCLE PRO LLC</brandName>
    <supplierNumber>18446</supplierNumber>
    <specialInstructions/>
    <baseDealerPrice>18.30</baseDealerPrice>
    <yourDealerPrice>18.30</yourDealerPrice>
    <baseRetailPrice>28.15</baseRetailPrice>
    <originalRetailPrice>22.95</originalRetailPrice>
    <partImage>http://asset.lemansnet.com/z/LzAvMy9ELzAzREY1ODlFLTZEMkQtNDY4Ni04RkU2LThFNjMzMERFNkUxQg==</partImage>
    <productId>0543920742</productId>
    <productName>Oil Pressure Sensor</productName>
    <productImage>http://asset.lemansnet.com/z/L0UvRC85L0VEOUJFN0VDLTMwOTUtNDA1Qy1COEVGLTY0MjI2M0EzNkZBNw==</productImage>
    <bullet1>Accurate reproductions of the OEM sending units</bullet1>
    <bullet2>Precision calibrated</bullet2>
    <bullet3/>
    <bullet4/>
    <bullet5/>
    <bullet6/>
    <bullet7/>
    <bullet8/>
    <bullet9/>
    <bullet10/>
    <bullet11/>
    <bullet12/>
    <bullet13/>
    <bullet14/>
    <bullet15/>
    <bullet16/>
    <bullet17/>
    <bullet18/>
    <bullet19/>
    <bullet20/>
    <bullet21/>
    <bullet22/>
    <bullet23/>
    <bullet24/>
    <vendorPriceUpdateDate>2023-04-20 00:00:00</vendorPriceUpdateDate>
  </part>
  <part>
    <partNumber>18610978</partNumber>
    <punctuatedPartNumber>1861-0978</punctuatedPartNumber>
    <partStatusDescription>STANDARD</partStatusDescription>
    <partDescription>18 mm Oxygen Sensor</partDescription>
    <unitOfMeasure>Each</unitOfMeasure>
    <brandName>CYCLE PRO LLC</brandName>
    <supplierNumber>14273</supplierNumber>
    <specialInstructions/>
    <baseDealerPrice>50.60</baseDealerPrice>
    <yourDealerPrice>50.60</yourDealerPrice>
    <baseRetailPrice>77.85</baseRetailPrice>
    <originalRetailPrice>71.95</originalRetailPrice>
    <partImage>http://asset.lemansnet.com/z/LzAvRS85LzBFOTk4RjAwLUUxMzAtNDU4Qy05RTJDLTMzNjdFMzFEOUI4MSwvNC9BLzgvNEE4MDkzQkEtNkE4RC00MTczLUI0ODMtNjE1MjRFNkEzRkQ5</partImage>
    <productId>1509032723</productId>
    <productName>18 mm Oxygen Sensor</productName>
    <productImage>http://asset.lemansnet.com/z/LzQvQS84LzRBODA5M0JBLTZBOEQtNDE3My1CNDgzLTYxNTI0RTZBM0ZEOQ==</productImage>
    <bullet1>Precision-made for outstanding performance</bullet1>
    <bullet2>Meets or exceeds OEM standards</bullet2>
    <bullet3>Easy fit with no modifications needed</bullet3>
    <bullet4>Extra high-temperature dual-shield end</bullet4>
    <bullet5>Made in the U.S.A.</bullet5>
    <bullet6/>
    <bullet7/>
    <bullet8/>
    <bullet9/>
    <bullet10/>
    <bullet11/>
    <bullet12/>
    <bullet13/>
    <bullet14/>
    <bullet15/>
    <bullet16/>
    <bullet17/>
    <bullet18/>
    <bullet19/>
    <bullet20/>
    <bullet21/>
    <bullet22/>
    <bullet23/>
    <bullet24/>
    <vendorPriceUpdateDate>2023-04-20 00:00:00</vendorPriceUpdateDate>
  </part>
  <part>
    <partNumber>18610979</partNumber>
    <punctuatedPartNumber>1861-0979</punctuatedPartNumber>
    <partStatusDescription>STANDARD</partStatusDescription>
    <partDescription>18 mm Oxygen Sensor</partDescription>
    <unitOfMeasure>Each</unitOfMeasure>
    <brandName>CYCLE PRO LLC</brandName>
    <supplierNumber>14274</supplierNumber>
    <specialInstructions/>
    <baseDealerPrice>50.60</baseDealerPrice>
    <yourDealerPrice>50.60</yourDealerPrice>
    <baseRetailPrice>77.85</baseRetailPrice>
    <originalRetailPrice>71.95</originalRetailPrice>
    <partImage>http://asset.lemansnet.com/z/LzQvQS84LzRBODA5M0JBLTZBOEQtNDE3My1CNDgzLTYxNTI0RTZBM0ZEOQ==</partImage>
    <productId>1509032723</productId>
    <productName>18 mm Oxygen Sensor</productName>
    <productImage>http://asset.lemansnet.com/z/LzQvQS84LzRBODA5M0JBLTZBOEQtNDE3My1CNDgzLTYxNTI0RTZBM0ZEOQ==</productImage>
    <bullet1>Precision-made for outstanding performance</bullet1>
    <bullet2>Meets or exceeds OEM standards</bullet2>
    <bullet3>Easy fit with no modifications needed</bullet3>
    <bullet4>Extra high-temperature dual-shield end</bullet4>
    <bullet5>Made in the U.S.A.</bullet5>
    <bullet6/>
    <bullet7/>
    <bullet8/>
    <bullet9/>
    <bullet10/>
    <bullet11/>
    <bullet12/>
    <bullet13/>
    <bullet14/>
    <bullet15/>
    <bullet16/>
    <bullet17/>
    <bullet18/>
    <bullet19/>
    <bullet20/>
    <bullet21/>
    <bullet22/>
    <bullet23/>
    <bullet24/>
    <vendorPriceUpdateDate>2023-04-20 00:00:00</vendorPriceUpdateDate>
  </part>
  <part>
    <partNumber>10500415</partNumber>
    <punctuatedPartNumber>1050-0415</punctuatedPartNumber>
    <partStatusDescription>STANDARD</partStatusDescription>
    <partDescription>EZ Quick™ Tuner Kit - Sportster</partDescription>
    <unitOfMeasure>Kit</unitOfMeasure>
    <brandName>CYCLE PRO LLC</brandName>
    <supplierNumber>20765</supplierNumber>
    <specialInstructions/>
    <baseDealerPrice>32.10</baseDealerPrice>
    <yourDealerPrice>32.10</yourDealerPrice>
    <baseRetailPrice>49.40</baseRetailPrice>
    <originalRetailPrice>49.95</originalRetailPrice>
    <partImage>http://asset.lemansnet.com/z/LzgvQS8wLzhBMDM3MTg1LTFGOTktNEIzQS1BOTc5LTE1MzlBRTVGRTNFNw==</partImage>
    <productId>1740548454</productId>
    <productName>EZ Quick™ Tuner Kit</productName>
    <productImage>http://asset.lemansnet.com/z/LzgvOC84Lzg4ODFBOEIxLUQ2MDAtNEE0Ni04Q0ZELTFEMDIxNDNCOTc5Rg==</productImage>
    <bullet1>EZ install and includes Cycle Pro Flow Jets</bullet1>
    <bullet2>Direct fit with no drilling needed</bullet2>
    <bullet3>Improved engine performance</bullet3>
    <bullet4>Made of all high-quality brass jets</bullet4>
    <bullet5/>
    <bullet6/>
    <bullet7/>
    <bullet8/>
    <bullet9/>
    <bullet10/>
    <bullet11/>
    <bullet12/>
    <bullet13/>
    <bullet14/>
    <bullet15/>
    <bullet16/>
    <bullet17/>
    <bullet18/>
    <bullet19/>
    <bullet20/>
    <bullet21/>
    <bullet22/>
    <bullet23/>
    <bullet24/>
    <vendorPriceUpdateDate>2023-04-22 00:00:00</vendorPriceUpdateDate>
  </part>
  <part>
    <partNumber>10500414</partNumber>
    <punctuatedPartNumber>1050-0414</punctuatedPartNumber>
    <partStatusDescription>STANDARD</partStatusDescription>
    <partDescription>EZ Quick™ Tuner Kit - Sportster</partDescription>
    <unitOfMeasure>Kit</unitOfMeasure>
    <brandName>CYCLE PRO LLC</brandName>
    <supplierNumber>20764</supplierNumber>
    <specialInstructions/>
    <baseDealerPrice>32.10</baseDealerPrice>
    <yourDealerPrice>32.10</yourDealerPrice>
    <baseRetailPrice>49.40</baseRetailPrice>
    <originalRetailPrice>49.95</originalRetailPrice>
    <partImage>http://asset.lemansnet.com/z/LzMvRC85LzNEOTQ3NzY2LTNDMUMtNDI1MS1BM0I2LUM2RkUyQURFNzU0Rg==</partImage>
    <productId>1740548454</productId>
    <productName>EZ Quick™ Tuner Kit</productName>
    <productImage>http://asset.lemansnet.com/z/LzgvOC84Lzg4ODFBOEIxLUQ2MDAtNEE0Ni04Q0ZELTFEMDIxNDNCOTc5Rg==</productImage>
    <bullet1>EZ install and includes Cycle Pro Flow Jets</bullet1>
    <bullet2>Direct fit with no drilling needed</bullet2>
    <bullet3>Improved engine performance</bullet3>
    <bullet4>Made of all high-quality brass jets</bullet4>
    <bullet5/>
    <bullet6/>
    <bullet7/>
    <bullet8/>
    <bullet9/>
    <bullet10/>
    <bullet11/>
    <bullet12/>
    <bullet13/>
    <bullet14/>
    <bullet15/>
    <bullet16/>
    <bullet17/>
    <bullet18/>
    <bullet19/>
    <bullet20/>
    <bullet21/>
    <bullet22/>
    <bullet23/>
    <bullet24/>
    <vendorPriceUpdateDate>2023-04-22 00:00:00</vendorPriceUpdateDate>
  </part>
  <part>
    <partNumber>18611409</partNumber>
    <punctuatedPartNumber>1861-1409</punctuatedPartNumber>
    <partStatusDescription>STANDARD</partStatusDescription>
    <partDescription>O2 Sensor - 27690-08</partDescription>
    <unitOfMeasure>Each</unitOfMeasure>
    <brandName>CYCLE PRO LLC</brandName>
    <supplierNumber>14281</supplierNumber>
    <specialInstructions>ACT 12MM N/B SENSOR 25PJL</specialInstructions>
    <baseDealerPrice>63.50</baseDealerPrice>
    <yourDealerPrice>63.50</yourDealerPrice>
    <baseRetailPrice>97.70</baseRetailPrice>
    <originalRetailPrice>85.95</originalRetailPrice>
    <partImage>http://asset.lemansnet.com/z/LzgvRS9ELzhFRDNGRTk2LTUxMDQtNDIxOC05RTY0LUYyM0VGNTVDQzc2Rg==</partImage>
    <productId>0992935873</productId>
    <productName>Oxygen Sensor</productName>
    <productImage>http://asset.lemansnet.com/z/LzMvNC8yLzM0MjU2Q0M2LTlBNDAtNDNGOS1CMjBFLTA1QzE0QjE1NTNERQ==</productImage>
    <bullet1>Precision made for outstanding performance</bullet1>
    <bullet2>Meets or exceeds OEM specifications</bullet2>
    <bullet3>12 mm narrow band</bullet3>
    <bullet4>Easy fit with no modifications needed</bullet4>
    <bullet5>Extra high temperature dual shield end</bullet5>
    <bullet6>Sold as each</bullet6>
    <bullet7>Made in the U.S.A.</bullet7>
    <bullet8/>
    <bullet9/>
    <bullet10/>
    <bullet11/>
    <bullet12/>
    <bullet13/>
    <bullet14/>
    <bullet15/>
    <bullet16/>
    <bullet17/>
    <bullet18/>
    <bullet19/>
    <bullet20/>
    <bullet21/>
    <bullet22/>
    <bullet23/>
    <bullet24/>
    <vendorPriceUpdateDate>2023-04-20 00:00:00</vendorPriceUpdateDate>
  </part>
</root>
