<root>
  <part>
    <partNumber>37060048</partNumber>
    <punctuatedPartNumber>3706-0048</punctuatedPartNumber>
    <partStatusDescription>STANDARD</partStatusDescription>
    <partDescription>Protector with PTEF Concentrate - 1 U.S. gal.</partDescription>
    <unitOfMeasure>Each</unitOfMeasure>
    <brandName>STAR BRITE</brandName>
    <supplierNumber>093900N</supplierNumber>
    <specialInstructions/>
    <baseDealerPrice>37.99</baseDealerPrice>
    <yourDealerPrice>37.99</yourDealerPrice>
    <baseRetailPrice>69.93</baseRetailPrice>
    <originalRetailPrice>69.93</originalRetailPrice>
    <partImage>http://asset.lemansnet.com/z/LzAvQi82LzBCNjhGNjYzLUE0M0YtNERERC1CNDg0LUI5OTYxNEFEM0IwRQ==</partImage>
    <productId>1062514106</productId>
    <productName>Salt Off Protector with PTEF</productName>
    <productImage>http://asset.lemansnet.com/z/L0QvRi9DL0RGQzY1ODlFLUEzOUQtNEM2MC05MkRDLThBRTFFMUNDODNDQw==</productImage>
    <bullet1>Removes salt deposits from metal, fiberglass, plastic, or painted surfaces</bullet1>
    <bullet2>Rinses away salt buildup on hulls, decks, rails, towers, trailers, lower units and jets of PWC and jet boats, and more</bullet2>
    <bullet3>Leaves a protective PTEF® coating to prevent future salt damage; PTEF® is Star Brite's registered trademark name for polytetrafluoroethylene</bullet3>
    <bullet4>Also can be used as a motorflush in I/O and outboard engines and for protecting fishing and dive gear</bullet4>
    <bullet5/>
    <bullet6/>
    <bullet7/>
    <bullet8/>
    <bullet9/>
    <bullet10/>
    <bullet11/>
    <bullet12/>
    <bullet13/>
    <bullet14/>
    <bullet15/>
    <bullet16/>
    <bullet17/>
    <bullet18/>
    <bullet19/>
    <bullet20/>
    <bullet21/>
    <bullet22/>
    <bullet23/>
    <bullet24/>
    <vendorPriceUpdateDate>2023-02-14 00:00:00</vendorPriceUpdateDate>
  </part>
  <part>
    <partNumber>37060049</partNumber>
    <punctuatedPartNumber>3706-0049</punctuatedPartNumber>
    <partStatusDescription>STANDARD</partStatusDescription>
    <partDescription>Protector with PTEF - 22 U.S. fl oz.</partDescription>
    <unitOfMeasure>Each</unitOfMeasure>
    <brandName>STAR BRITE</brandName>
    <supplierNumber>93922</supplierNumber>
    <specialInstructions/>
    <baseDealerPrice>7.13</baseDealerPrice>
    <yourDealerPrice>7.13</yourDealerPrice>
    <baseRetailPrice>13.77</baseRetailPrice>
    <originalRetailPrice>14.95</originalRetailPrice>
    <partImage>http://asset.lemansnet.com/z/L0QvRi9DL0RGQzY1ODlFLUEzOUQtNEM2MC05MkRDLThBRTFFMUNDODNDQw==</partImage>
    <productId>1062514106</productId>
    <productName>Salt Off Protector with PTEF</productName>
    <productImage>http://asset.lemansnet.com/z/L0QvRi9DL0RGQzY1ODlFLUEzOUQtNEM2MC05MkRDLThBRTFFMUNDODNDQw==</productImage>
    <bullet1>Removes salt deposits from metal, fiberglass, plastic, or painted surfaces</bullet1>
    <bullet2>Rinses away salt buildup on hulls, decks, rails, towers, trailers, lower units and jets of PWC and jet boats, and more</bullet2>
    <bullet3>Leaves a protective PTEF® coating to prevent future salt damage; PTEF® is Star Brite's registered trademark name for polytetrafluoroethylene</bullet3>
    <bullet4>Also can be used as a motorflush in I/O and outboard engines and for protecting fishing and dive gear</bullet4>
    <bullet5/>
    <bullet6/>
    <bullet7/>
    <bullet8/>
    <bullet9/>
    <bullet10/>
    <bullet11/>
    <bullet12/>
    <bullet13/>
    <bullet14/>
    <bullet15/>
    <bullet16/>
    <bullet17/>
    <bullet18/>
    <bullet19/>
    <bullet20/>
    <bullet21/>
    <bullet22/>
    <bullet23/>
    <bullet24/>
    <vendorPriceUpdateDate>2023-02-14 00:00:00</vendorPriceUpdateDate>
  </part>
  <part>
    <partNumber>37060050</partNumber>
    <punctuatedPartNumber>3706-0050</punctuatedPartNumber>
    <partStatusDescription>STANDARD</partStatusDescription>
    <partDescription>Protector with PTEF Concentrate - 32 U.S. fl oz.</partDescription>
    <unitOfMeasure>Each</unitOfMeasure>
    <brandName>STAR BRITE</brandName>
    <supplierNumber>93932</supplierNumber>
    <specialInstructions/>
    <baseDealerPrice>13.34</baseDealerPrice>
    <yourDealerPrice>13.34</yourDealerPrice>
    <baseRetailPrice>25.51</baseRetailPrice>
    <originalRetailPrice>25.51</originalRetailPrice>
    <partImage>http://asset.lemansnet.com/z/LzkvMy9GLzkzRjRDRDM0LTVBQjAtNDZENi1BOEExLTVGRTIwNDgzMkRCQg==</partImage>
    <productId>1062514106</productId>
    <productName>Salt Off Protector with PTEF</productName>
    <productImage>http://asset.lemansnet.com/z/L0QvRi9DL0RGQzY1ODlFLUEzOUQtNEM2MC05MkRDLThBRTFFMUNDODNDQw==</productImage>
    <bullet1>Removes salt deposits from metal, fiberglass, plastic, or painted surfaces</bullet1>
    <bullet2>Rinses away salt buildup on hulls, decks, rails, towers, trailers, lower units and jets of PWC and jet boats, and more</bullet2>
    <bullet3>Leaves a protective PTEF® coating to prevent future salt damage; PTEF® is Star Brite's registered trademark name for polytetrafluoroethylene</bullet3>
    <bullet4>Also can be used as a motorflush in I/O and outboard engines and for protecting fishing and dive gear</bullet4>
    <bullet5/>
    <bullet6/>
    <bullet7/>
    <bullet8/>
    <bullet9/>
    <bullet10/>
    <bullet11/>
    <bullet12/>
    <bullet13/>
    <bullet14/>
    <bullet15/>
    <bullet16/>
    <bullet17/>
    <bullet18/>
    <bullet19/>
    <bullet20/>
    <bullet21/>
    <bullet22/>
    <bullet23/>
    <bullet24/>
    <vendorPriceUpdateDate>2023-02-14 00:00:00</vendorPriceUpdateDate>
  </part>
  <part>
    <partNumber>37060051</partNumber>
    <punctuatedPartNumber>3706-0051</punctuatedPartNumber>
    <partStatusDescription>STANDARD</partStatusDescription>
    <partDescription>Protector with PTEF - 32 U.S. fl oz. - with Applicator</partDescription>
    <unitOfMeasure>Kit</unitOfMeasure>
    <brandName>STAR BRITE</brandName>
    <supplierNumber>94000</supplierNumber>
    <specialInstructions/>
    <baseDealerPrice>26.27</baseDealerPrice>
    <yourDealerPrice>26.27</yourDealerPrice>
    <baseRetailPrice>48.88</baseRetailPrice>
    <originalRetailPrice>48.88</originalRetailPrice>
    <partImage>http://asset.lemansnet.com/z/LzkvRC9CLzlEQjU1NzlBLTExMTgtNEFBQy04QkM5LTQ2QTM4QjUzOTk1QQ==</partImage>
    <productId>1062514106</productId>
    <productName>Salt Off Protector with PTEF</productName>
    <productImage>http://asset.lemansnet.com/z/L0QvRi9DL0RGQzY1ODlFLUEzOUQtNEM2MC05MkRDLThBRTFFMUNDODNDQw==</productImage>
    <bullet1>Removes salt deposits from metal, fiberglass, plastic, or painted surfaces</bullet1>
    <bullet2>Rinses away salt buildup on hulls, decks, rails, towers, trailers, lower units and jets of PWC and jet boats, and more</bullet2>
    <bullet3>Leaves a protective PTEF® coating to prevent future salt damage; PTEF® is Star Brite's registered trademark name for polytetrafluoroethylene</bullet3>
    <bullet4>Also can be used as a motorflush in I/O and outboard engines and for protecting fishing and dive gear</bullet4>
    <bullet5/>
    <bullet6/>
    <bullet7/>
    <bullet8/>
    <bullet9/>
    <bullet10/>
    <bullet11/>
    <bullet12/>
    <bullet13/>
    <bullet14/>
    <bullet15/>
    <bullet16/>
    <bullet17/>
    <bullet18/>
    <bullet19/>
    <bullet20/>
    <bullet21/>
    <bullet22/>
    <bullet23/>
    <bullet24/>
    <vendorPriceUpdateDate>2023-02-14 00:00:00</vendorPriceUpdateDate>
  </part>
  <part>
    <partNumber>37060059</partNumber>
    <punctuatedPartNumber>3706-0059</punctuatedPartNumber>
    <partStatusDescription>STANDARD</partStatusDescription>
    <partDescription>Bike Guard Protector - 22 U.S. fl oz.</partDescription>
    <unitOfMeasure>Each</unitOfMeasure>
    <brandName>STAR BRITE</brandName>
    <supplierNumber>98022</supplierNumber>
    <specialInstructions/>
    <baseDealerPrice>9.58</baseDealerPrice>
    <yourDealerPrice>9.58</yourDealerPrice>
    <baseRetailPrice>19.11</baseRetailPrice>
    <originalRetailPrice>19.11</originalRetailPrice>
    <partImage>http://asset.lemansnet.com/z/LzMvNi9GLzM2RjAzRkQ3LTFERjAtNDg2MS05NEQ5LTc5NDQwMjE5NzFGRg==</partImage>
    <productId>0893466296</productId>
    <productName>Ultimate Bike Guard</productName>
    <productImage>http://asset.lemansnet.com/z/LzMvNi9GLzM2RjAzRkQ3LTFERjAtNDg2MS05NEQ5LTc5NDQwMjE5NzFGRg==</productImage>
    <bullet1>A waterless cleaner that removes light road grime, bug debris, greasy fingerprints and more</bullet1>
    <bullet2>Enhances stainless, chrome, painted surfaces, plastic, rubber, and leather surfaces</bullet2>
    <bullet3>Protective polymers bond to surface to help repel dirt and UV damage</bullet3>
    <bullet4>Safe for all clearcoats, wraps and metal flake paints on bikes and helmets (avoid over-spray onto visors)</bullet4>
    <bullet5/>
    <bullet6/>
    <bullet7/>
    <bullet8/>
    <bullet9/>
    <bullet10/>
    <bullet11/>
    <bullet12/>
    <bullet13/>
    <bullet14/>
    <bullet15/>
    <bullet16/>
    <bullet17/>
    <bullet18/>
    <bullet19/>
    <bullet20/>
    <bullet21/>
    <bullet22/>
    <bullet23/>
    <bullet24/>
    <vendorPriceUpdateDate>2023-02-14 00:00:00</vendorPriceUpdateDate>
  </part>
  <part>
    <partNumber>37060061</partNumber>
    <punctuatedPartNumber>3706-0061</punctuatedPartNumber>
    <partStatusDescription>STANDARD</partStatusDescription>
    <partDescription>Corrosion Protector - 22 U.S. fl oz.</partDescription>
    <unitOfMeasure>Each</unitOfMeasure>
    <brandName>STAR BRITE</brandName>
    <supplierNumber>95422</supplierNumber>
    <specialInstructions/>
    <baseDealerPrice>14.02</baseDealerPrice>
    <yourDealerPrice>14.02</yourDealerPrice>
    <baseRetailPrice>24.95</baseRetailPrice>
    <originalRetailPrice>24.95</originalRetailPrice>
    <partImage>http://asset.lemansnet.com/z/L0YvNy9GL0Y3RjUzRTY1LTI1REMtNEU5Mi04MEY1LTI4QjM3RjkwMjI4OQ==</partImage>
    <productId>0735406479</productId>
    <productName>Ultimate Corrosion Blocker</productName>
    <productImage>http://asset.lemansnet.com/z/L0YvNy9GL0Y3RjUzRTY1LTI1REMtNEU5Mi04MEY1LTI4QjM3RjkwMjI4OQ==</productImage>
    <bullet1>Creates an invisible, non-sticky barrier against corrosion</bullet1>
    <bullet2>Non-aerosol formula is safe for all painted, chromed and bare metal surfaces</bullet2>
    <bullet3>PTFE® polymers bond to treated surfaces to help repel moisture, dirt, grime and more</bullet3>
    <bullet4>Easy to use; spray and let dry</bullet4>
    <bullet5>Ideal for protecting bikes, cars, trucks, tools, trailers and all other metal surfaces</bullet5>
    <bullet6>Available in 22-fluid ounce spray bottles, 6 per case</bullet6>
    <bullet7/>
    <bullet8/>
    <bullet9/>
    <bullet10/>
    <bullet11/>
    <bullet12/>
    <bullet13/>
    <bullet14/>
    <bullet15/>
    <bullet16/>
    <bullet17/>
    <bullet18/>
    <bullet19/>
    <bullet20/>
    <bullet21/>
    <bullet22/>
    <bullet23/>
    <bullet24/>
    <vendorPriceUpdateDate>2023-02-14 00:00:00</vendorPriceUpdateDate>
  </part>
  <part>
    <partNumber>37060111</partNumber>
    <punctuatedPartNumber>3706-0111</punctuatedPartNumber>
    <partStatusDescription>STANDARD</partStatusDescription>
    <partDescription>Ceramic Metal Protectant - 22 U.S. fl oz</partDescription>
    <unitOfMeasure>Each</unitOfMeasure>
    <brandName>STAR BRITE</brandName>
    <supplierNumber>203322</supplierNumber>
    <specialInstructions/>
    <baseDealerPrice>11.00</baseDealerPrice>
    <yourDealerPrice>11.00</yourDealerPrice>
    <baseRetailPrice>17.00</baseRetailPrice>
    <originalRetailPrice>17.00</originalRetailPrice>
    <partImage>http://asset.lemansnet.com/z/LzQvNS9FLzQ1RUI3ODM4LTBCNjQtNDFDMC05NEQ0LTk1Mjc2RUY4MEEzNiwvRC84LzkvRDg5MzgxMkItOEU5Qy00QTRBLTkwMjMtNjE1N0REN0NDMDhG</partImage>
    <productId>0368820764</productId>
    <productName>Ceramic Metal Protectant</productName>
    <productImage>http://asset.lemansnet.com/z/LzQvNS9FLzQ1RUI3ODM4LTBCNjQtNDFDMC05NEQ0LTk1Mjc2RUY4MEEzNg==</productImage>
    <bullet1>Excellent for pontoons, trailers, towers, and all raw or polished metals</bullet1>
    <bullet2>SiO2 ceramic polymers block damaging UV, salt, corrosion, and dirt</bullet2>
    <bullet3>Makes cleaning and maintaining both raw and polished metal surfaces easier</bullet3>
    <bullet4/>
    <bullet5/>
    <bullet6/>
    <bullet7/>
    <bullet8/>
    <bullet9/>
    <bullet10/>
    <bullet11/>
    <bullet12/>
    <bullet13/>
    <bullet14/>
    <bullet15/>
    <bullet16/>
    <bullet17/>
    <bullet18/>
    <bullet19/>
    <bullet20/>
    <bullet21/>
    <bullet22/>
    <bullet23/>
    <bullet24/>
    <vendorPriceUpdateDate>2024-04-26 00:00:00</vendorPriceUpdateDate>
  </part>
  <part>
    <partNumber>37060112</partNumber>
    <punctuatedPartNumber>3706-0112</punctuatedPartNumber>
    <partStatusDescription>STANDARD</partStatusDescription>
    <partDescription>Ceramic Speed Detailer - 22 U.S. fl oz</partDescription>
    <unitOfMeasure>Each</unitOfMeasure>
    <brandName>STAR BRITE</brandName>
    <supplierNumber>203722</supplierNumber>
    <specialInstructions/>
    <baseDealerPrice>10.00</baseDealerPrice>
    <yourDealerPrice>10.00</yourDealerPrice>
    <baseRetailPrice>15.25</baseRetailPrice>
    <originalRetailPrice>15.25</originalRetailPrice>
    <partImage>http://asset.lemansnet.com/z/LzAvMS9GLzAxRjkxOTAzLUYxRTItNDRCRC1CMENFLTczNTkzNDMzOUEzNSwvOS80L0UvOTRFRkE4RTktMkVBMC00QjAyLTlFRjUtNTgyQzkzMUUxQzEz</partImage>
    <productId>2138471730</productId>
    <productName>Ceramic Speed Detailer</productName>
    <productImage>http://asset.lemansnet.com/z/LzAvMS9GLzAxRjkxOTAzLUYxRTItNDRCRC1CMENFLTczNTkzNDMzOUEzNQ==</productImage>
    <bullet1>Infused SiO2 Ceramic polymer for shine and protection against UV, spotting, and staining</bullet1>
    <bullet2>Light cleans and adds shine to fiberglass, vinyl, painted surfaces, polished metal, and rubrails</bullet2>
    <bullet3>Shake before use. Simply spray product onto surface and wipe using a soft cloth, buffing lightly as needed on any deposits. Wipe up excess. Use as often as needed.</bullet3>
    <bullet4>For best results, apply product to surfaces that are cool to the touch.</bullet4>
    <bullet5/>
    <bullet6/>
    <bullet7/>
    <bullet8/>
    <bullet9/>
    <bullet10/>
    <bullet11/>
    <bullet12/>
    <bullet13/>
    <bullet14/>
    <bullet15/>
    <bullet16/>
    <bullet17/>
    <bullet18/>
    <bullet19/>
    <bullet20/>
    <bullet21/>
    <bullet22/>
    <bullet23/>
    <bullet24/>
    <vendorPriceUpdateDate>2024-04-26 00:00:00</vendorPriceUpdateDate>
  </part>
  <part>
    <partNumber>37060113</partNumber>
    <punctuatedPartNumber>3706-0113</punctuatedPartNumber>
    <partStatusDescription>STANDARD</partStatusDescription>
    <partDescription>Ceramic Vinyl Protectant - 22 U.S fl oz.</partDescription>
    <unitOfMeasure>Each</unitOfMeasure>
    <brandName>STAR BRITE</brandName>
    <supplierNumber>203922</supplierNumber>
    <specialInstructions/>
    <baseDealerPrice>13.65</baseDealerPrice>
    <yourDealerPrice>13.65</yourDealerPrice>
    <baseRetailPrice>21.00</baseRetailPrice>
    <originalRetailPrice>21.00</originalRetailPrice>
    <partImage>http://asset.lemansnet.com/z/L0IvMi80L0IyNDc4NkU3LTBCN0QtNDZGRC1BNkU2LTVENzNCNTY0NUMyQSwvMy83L0EvMzdBMzY4QUQtQkU3MC00M0FELTg3OTctQ0QwRDkyMEU0M0E5</partImage>
    <productId>0943689026</productId>
    <productName>Ceramic Vinyl Protectant</productName>
    <productImage>http://asset.lemansnet.com/z/L0IvMi80L0IyNDc4NkU3LTBCN0QtNDZGRC1BNkU2LTVENzNCNTY0NUMyQQ==</productImage>
    <bullet1>Advanced SiO2 ceramic formula provides MAXIMUM protection fading, UV damage, and staining</bullet1>
    <bullet2>Restores suppleness and moisture to vinyl, rubber, plastic, and leather surfaces</bullet2>
    <bullet3>Shake before use. Spray onto surface to be treated or, to avoid overspray, spray onto a soft cloth and apply to surface. Spread evenly and wipe up excess. Use as often as needed to enhance appearance and remove light dust, dirt, salt spray, or grime.</bullet3>
    <bullet4>Product is slick. Do not apply to bike or motorcycle tires or seats. Avoid spraying on non-skid, gas/brake pedals, or other surfaces intended to be non-slip.</bullet4>
    <bullet5/>
    <bullet6/>
    <bullet7/>
    <bullet8/>
    <bullet9/>
    <bullet10/>
    <bullet11/>
    <bullet12/>
    <bullet13/>
    <bullet14/>
    <bullet15/>
    <bullet16/>
    <bullet17/>
    <bullet18/>
    <bullet19/>
    <bullet20/>
    <bullet21/>
    <bullet22/>
    <bullet23/>
    <bullet24/>
    <vendorPriceUpdateDate>2024-04-26 00:00:00</vendorPriceUpdateDate>
  </part>
  <part>
    <partNumber>37130081</partNumber>
    <punctuatedPartNumber>3713-0081</punctuatedPartNumber>
    <partStatusDescription>STANDARD</partStatusDescription>
    <partDescription>Chrome and Stainless Steel Polish - 8 U.S. fl oz.</partDescription>
    <unitOfMeasure>Each</unitOfMeasure>
    <brandName>STAR BRITE</brandName>
    <supplierNumber>082708</supplierNumber>
    <specialInstructions/>
    <baseDealerPrice>9.35</baseDealerPrice>
    <yourDealerPrice>9.35</yourDealerPrice>
    <baseRetailPrice>16.26</baseRetailPrice>
    <originalRetailPrice>16.26</originalRetailPrice>
    <partImage>http://asset.lemansnet.com/z/L0MvNS81L0M1NTM0NjNFLUY1RDEtNDQyNC05RTVFLTdCQjg3QzRFMkNENw==</partImage>
    <productId>1332682596</productId>
    <productName>Chrome &amp; Stainless Polish</productName>
    <productImage>http://asset.lemansnet.com/z/L0MvNS81L0M1NTM0NjNFLUY1RDEtNDQyNC05RTVFLTdCQjg3QzRFMkNENw==</productImage>
    <bullet1>Cleans and shines all chrome and stainless steel surfaces in one easy step</bullet1>
    <bullet2>Protects against pitting, discoloration, staining and/or rusting</bullet2>
    <bullet3>Easy-to-use wipe-on, wipe-off formula</bullet3>
    <bullet4>Resists salt and water spray</bullet4>
    <bullet5>Bonds to metal for long-lasting protection</bullet5>
    <bullet6>Also good for copper, tin, and brass</bullet6>
    <bullet7>Leaves a dazzling shine</bullet7>
    <bullet8>Quickly removes surface corrosion</bullet8>
    <bullet9>Provides a barrier to future stains and corrosion</bullet9>
    <bullet10>Removes dirt, grime, salt deposits, surface rust</bullet10>
    <bullet11>No hard buffing needed to clean surface</bullet11>
    <bullet12>Available in 8-ounce bottles</bullet12>
    <bullet13/>
    <bullet14/>
    <bullet15/>
    <bullet16/>
    <bullet17/>
    <bullet18/>
    <bullet19/>
    <bullet20/>
    <bullet21/>
    <bullet22/>
    <bullet23/>
    <bullet24/>
    <vendorPriceUpdateDate>2023-02-14 00:00:00</vendorPriceUpdateDate>
  </part>
  <part>
    <partNumber>37160006</partNumber>
    <punctuatedPartNumber>3716-0006</punctuatedPartNumber>
    <partStatusDescription>STANDARD</partStatusDescription>
    <partDescription>Ceramic Seal &amp; Wax - 16 oz.</partDescription>
    <unitOfMeasure>Each</unitOfMeasure>
    <brandName>STAR BRITE</brandName>
    <supplierNumber>204116</supplierNumber>
    <specialInstructions/>
    <baseDealerPrice>15.25</baseDealerPrice>
    <yourDealerPrice>15.25</yourDealerPrice>
    <baseRetailPrice>23.50</baseRetailPrice>
    <originalRetailPrice>23.50</originalRetailPrice>
    <partImage>http://asset.lemansnet.com/z/LzcvNy9CLzc3QkEzRUI1LTlGOTctNDExRS04MDZBLTY1N0U3QzBDQkZERSwvQy8wLzcvQzA3QzI5MEItRTVCNy00QjIxLThEQkEtQ0Q4RDI3RTUxNEEz</partImage>
    <productId>1797394907</productId>
    <productName>Ceramic Seal &amp; Wax</productName>
    <productImage>http://asset.lemansnet.com/z/LzcvNy9CLzc3QkEzRUI1LTlGOTctNDExRS04MDZBLTY1N0U3QzBDQkZERQ==</productImage>
    <bullet1>This easy to apply formula will outlast traditional waxes and is designed for use on fiberglass, gelcoat, and painted surfaces</bullet1>
    <bullet2>Repels dirt, grime, dust, and waterspots for an easy-to-clean, candy-like finish</bullet2>
    <bullet3>Unparalleled SiO2 ceramic technology guards against future staining</bullet3>
    <bullet4>Powerful deep-cleaning surfactants blast through dirt and grime</bullet4>
    <bullet5/>
    <bullet6/>
    <bullet7/>
    <bullet8/>
    <bullet9/>
    <bullet10/>
    <bullet11/>
    <bullet12/>
    <bullet13/>
    <bullet14/>
    <bullet15/>
    <bullet16/>
    <bullet17/>
    <bullet18/>
    <bullet19/>
    <bullet20/>
    <bullet21/>
    <bullet22/>
    <bullet23/>
    <bullet24/>
    <vendorPriceUpdateDate>2024-04-29 00:00:00</vendorPriceUpdateDate>
  </part>
  <part>
    <partNumber>37040254</partNumber>
    <punctuatedPartNumber>3704-0254</punctuatedPartNumber>
    <partStatusDescription>STANDARD</partStatusDescription>
    <partDescription>Microfiber Wash Mitt - Blue</partDescription>
    <unitOfMeasure>Each</unitOfMeasure>
    <brandName>STAR BRITE</brandName>
    <supplierNumber>40105</supplierNumber>
    <specialInstructions/>
    <baseDealerPrice>6.43</baseDealerPrice>
    <yourDealerPrice>6.43</yourDealerPrice>
    <baseRetailPrice>10.48</baseRetailPrice>
    <originalRetailPrice>10.48</originalRetailPrice>
    <partImage>http://asset.lemansnet.com/z/LzMvNC9FLzM0RUU1QjEzLTBGQkUtNDg5Ny1BMzUwLTA3NUUxMTYzN0EwRg==</partImage>
    <productId>0791071240</productId>
    <productName>Microfiber Raggae Wash Mitt</productName>
    <productImage>http://asset.lemansnet.com/z/LzMvNC9FLzM0RUU1QjEzLTBGQkUtNDg5Ny1BMzUwLTA3NUUxMTYzN0EwRg==</productImage>
    <bullet1>Made of Microfiber material that is highly absorbent yet super soft, so it will not scratch gelcoat or painted surfaces</bullet1>
    <bullet2>Use wet for washing, dry for dusting</bullet2>
    <bullet3>Machine washable</bullet3>
    <bullet4/>
    <bullet5/>
    <bullet6/>
    <bullet7/>
    <bullet8/>
    <bullet9/>
    <bullet10/>
    <bullet11/>
    <bullet12/>
    <bullet13/>
    <bullet14/>
    <bullet15/>
    <bullet16/>
    <bullet17/>
    <bullet18/>
    <bullet19/>
    <bullet20/>
    <bullet21/>
    <bullet22/>
    <bullet23/>
    <bullet24/>
    <vendorPriceUpdateDate>2023-02-14 00:00:00</vendorPriceUpdateDate>
  </part>
  <part>
    <partNumber>37040279</partNumber>
    <punctuatedPartNumber>3704-0279</punctuatedPartNumber>
    <partStatusDescription>STANDARD</partStatusDescription>
    <partDescription>Mildew Remover/Cleaner - 16 U.S. fl oz.</partDescription>
    <unitOfMeasure>Each</unitOfMeasure>
    <brandName>STAR BRITE</brandName>
    <supplierNumber>098616</supplierNumber>
    <specialInstructions/>
    <baseDealerPrice>8.19</baseDealerPrice>
    <yourDealerPrice>8.19</yourDealerPrice>
    <baseRetailPrice>13.77</baseRetailPrice>
    <originalRetailPrice>13.77</originalRetailPrice>
    <partImage>http://asset.lemansnet.com/z/LzEvOC9GLzE4RjZBODVCLTdCRjAtNEFFOC04QUFBLTMwRkVFRTQwNEREMQ==</partImage>
    <productId>0457868755</productId>
    <productName>Ultimate Mildew Stain Remover</productName>
    <productImage>http://asset.lemansnet.com/z/LzEvOC9GLzE4RjZBODVCLTdCRjAtNEFFOC04QUFBLTMwRkVFRTQwNEREMQ==</productImage>
    <bullet1>Removes mildew stains on contact without heavy scrubbing</bullet1>
    <bullet2>Safe for use on vinyl, fiberglass, plastic, tile, grout and more</bullet2>
    <bullet3>Simple to use; spray on, scrub lightly, and rinse off stains</bullet3>
    <bullet4>Specially buffered formula will not harm vinyl upholstery or thread</bullet4>
    <bullet5>Available in 16-ounce spray bottles</bullet5>
    <bullet6/>
    <bullet7/>
    <bullet8/>
    <bullet9/>
    <bullet10/>
    <bullet11/>
    <bullet12/>
    <bullet13/>
    <bullet14/>
    <bullet15/>
    <bullet16/>
    <bullet17/>
    <bullet18/>
    <bullet19/>
    <bullet20/>
    <bullet21/>
    <bullet22/>
    <bullet23/>
    <bullet24/>
    <vendorPriceUpdateDate>2023-02-14 00:00:00</vendorPriceUpdateDate>
  </part>
  <part>
    <partNumber>37040280</partNumber>
    <punctuatedPartNumber>3704-0280</punctuatedPartNumber>
    <partStatusDescription>STANDARD</partStatusDescription>
    <partDescription>Ultimate Fiberglass Cleaner - 16 U.S. fl oz.</partDescription>
    <unitOfMeasure>Each</unitOfMeasure>
    <brandName>STAR BRITE</brandName>
    <supplierNumber>098916</supplierNumber>
    <specialInstructions/>
    <baseDealerPrice>7.89</baseDealerPrice>
    <yourDealerPrice>7.89</yourDealerPrice>
    <baseRetailPrice>13.28</baseRetailPrice>
    <originalRetailPrice>13.28</originalRetailPrice>
    <partImage>http://asset.lemansnet.com/z/LzAvRi8xLzBGMTYyNkIyLTYxOTEtNDI3Mi1BNUVELUI4NkNBMkIyNkFGQQ==</partImage>
    <productId>0046425477</productId>
    <productName>Fiberglass Stain Remover</productName>
    <productImage>http://asset.lemansnet.com/z/LzAvRi8xLzBGMTYyNkIyLTYxOTEtNDI3Mi1BNUVELUI4NkNBMkIyNkFGQQ==</productImage>
    <bullet1>Gel formula stays exactly where it is applied to maximize cleaning power</bullet1>
    <bullet2>Removes "yellowing" and tough waterline stains</bullet2>
    <bullet3>Dissolves rust, dried leaf spots, fish blood and more</bullet3>
    <bullet4>Works on all fiberglass and painted surfaces; ideal for vertical surfaces</bullet4>
    <bullet5>Available in 16-ounce spray bottles</bullet5>
    <bullet6/>
    <bullet7/>
    <bullet8/>
    <bullet9/>
    <bullet10/>
    <bullet11/>
    <bullet12/>
    <bullet13/>
    <bullet14/>
    <bullet15/>
    <bullet16/>
    <bullet17/>
    <bullet18/>
    <bullet19/>
    <bullet20/>
    <bullet21/>
    <bullet22/>
    <bullet23/>
    <bullet24/>
    <vendorPriceUpdateDate>2023-02-14 00:00:00</vendorPriceUpdateDate>
  </part>
  <part>
    <partNumber>37040281</partNumber>
    <punctuatedPartNumber>3704-0281</punctuatedPartNumber>
    <partStatusDescription>STANDARD</partStatusDescription>
    <partDescription>Magic Sponge Cleaner - 18 Pack</partDescription>
    <unitOfMeasure>Each</unitOfMeasure>
    <brandName>STAR BRITE</brandName>
    <supplierNumber>041018</supplierNumber>
    <specialInstructions/>
    <baseDealerPrice>37.49</baseDealerPrice>
    <yourDealerPrice>37.49</yourDealerPrice>
    <baseRetailPrice>4.41</baseRetailPrice>
    <originalRetailPrice>4.41</originalRetailPrice>
    <partImage>http://asset.lemansnet.com/z/L0IvQy8zL0JDMzQ3QTQ1LTY1MDQtNEVEQi04NDA0LTIxREVEMDMxMEE5RQ==</partImage>
    <productId>1664059681</productId>
    <productName>Ultimate Magic Sponge</productName>
    <productImage>http://asset.lemansnet.com/z/L0IvQy8zL0JDMzQ3QTQ1LTY1MDQtNEVEQi04NDA0LTIxREVEMDMxMEE5RQ==</productImage>
    <bullet1>Quickly clean streaks, scuffs and stains from vinyl and fiberglass surfaces</bullet1>
    <bullet2>Ideal for home, RV, auto, boat and more</bullet2>
    <bullet3>Available as a display pack of 18 sponges</bullet3>
    <bullet4/>
    <bullet5/>
    <bullet6/>
    <bullet7/>
    <bullet8/>
    <bullet9/>
    <bullet10/>
    <bullet11/>
    <bullet12/>
    <bullet13/>
    <bullet14/>
    <bullet15/>
    <bullet16/>
    <bullet17/>
    <bullet18/>
    <bullet19/>
    <bullet20/>
    <bullet21/>
    <bullet22/>
    <bullet23/>
    <bullet24/>
    <vendorPriceUpdateDate>2023-04-22 00:00:00</vendorPriceUpdateDate>
  </part>
  <part>
    <partNumber>37040453</partNumber>
    <punctuatedPartNumber>3704-0453</punctuatedPartNumber>
    <partStatusDescription>STANDARD</partStatusDescription>
    <partDescription>Ceramic Wash &amp; Wax - 32 U.S. oz</partDescription>
    <unitOfMeasure>Each</unitOfMeasure>
    <brandName>STAR BRITE</brandName>
    <supplierNumber>203532</supplierNumber>
    <specialInstructions/>
    <baseDealerPrice>11.75</baseDealerPrice>
    <yourDealerPrice>11.75</yourDealerPrice>
    <baseRetailPrice>17.99</baseRetailPrice>
    <originalRetailPrice>17.99</originalRetailPrice>
    <partImage>http://asset.lemansnet.com/z/L0MvNy9DL0M3Q0EyQ0NFLUY5N0ItNDMxRS1CODcxLTJBRDQyQUNERkE4MSwvNS8yL0MvNTJDNDM0QzQtMzkwMS00ODEyLTkwMEEtM0RCMTJDQzdDMzYx</partImage>
    <productId>1336165393</productId>
    <productName>Ceramic Wash &amp; Wax</productName>
    <productImage>http://asset.lemansnet.com/z/L0MvNy9DL0M3Q0EyQ0NFLUY5N0ItNDMxRS1CODcxLTJBRDQyQUNERkE4MQ==</productImage>
    <bullet1>Powerful deep-cleaning surfactants blast through dirt and grime</bullet1>
    <bullet2>Unparalleled SiO2 ceramic technology guards against future staining</bullet2>
    <bullet3>Repels dirt, grime, dust, and waterspots for an easy-to-clean, candy-like finish</bullet3>
    <bullet4>For best results, use when the surface is cool to the touch.</bullet4>
    <bullet5/>
    <bullet6/>
    <bullet7/>
    <bullet8/>
    <bullet9/>
    <bullet10/>
    <bullet11/>
    <bullet12/>
    <bullet13/>
    <bullet14/>
    <bullet15/>
    <bullet16/>
    <bullet17/>
    <bullet18/>
    <bullet19/>
    <bullet20/>
    <bullet21/>
    <bullet22/>
    <bullet23/>
    <bullet24/>
    <vendorPriceUpdateDate>2024-04-26 00:00:00</vendorPriceUpdateDate>
  </part>
  <part>
    <partNumber>37060069</partNumber>
    <punctuatedPartNumber>3706-0069</punctuatedPartNumber>
    <partStatusDescription>STANDARD</partStatusDescription>
    <partDescription>Salt-Off Applicator</partDescription>
    <unitOfMeasure>Each</unitOfMeasure>
    <brandName>STAR BRITE</brandName>
    <supplierNumber>094100</supplierNumber>
    <specialInstructions/>
    <baseDealerPrice>15.11</baseDealerPrice>
    <yourDealerPrice>15.11</yourDealerPrice>
    <baseRetailPrice>25.49</baseRetailPrice>
    <originalRetailPrice>25.49</originalRetailPrice>
    <partImage>http://asset.lemansnet.com/z/LzcvNS80Lzc1NEFDOURFLTkyQjUtNEE5Ri05MEM1LTc3NDFFQkNDNkY2QQ==</partImage>
    <productId>1681534966</productId>
    <productName>Salt Off Applicator</productName>
    <productImage>http://asset.lemansnet.com/z/LzcvNS80Lzc1NEFDOURFLTkyQjUtNEE5Ri05MEM1LTc3NDFFQkNDNkY2QQ==</productImage>
    <bullet1>Allows for easy application of Salt Off to metal surfaces or to flush an engine</bullet1>
    <bullet2>Reservoir attaches between garden hose and either engine flusher or spray nozzle</bullet2>
    <bullet3>On/off switch control flow of water or Salt Off to surface being treated</bullet3>
    <bullet4/>
    <bullet5/>
    <bullet6/>
    <bullet7/>
    <bullet8/>
    <bullet9/>
    <bullet10/>
    <bullet11/>
    <bullet12/>
    <bullet13/>
    <bullet14/>
    <bullet15/>
    <bullet16/>
    <bullet17/>
    <bullet18/>
    <bullet19/>
    <bullet20/>
    <bullet21/>
    <bullet22/>
    <bullet23/>
    <bullet24/>
    <vendorPriceUpdateDate>2023-02-14 00:00:00</vendorPriceUpdateDate>
  </part>
  <part>
    <partNumber>37100020</partNumber>
    <punctuatedPartNumber>3710-0020</punctuatedPartNumber>
    <partStatusDescription>STANDARD</partStatusDescription>
    <partDescription>Liquid Sealant - Black - 1 oz. net wt</partDescription>
    <unitOfMeasure>Each</unitOfMeasure>
    <brandName>STAR BRITE</brandName>
    <supplierNumber>84154</supplierNumber>
    <specialInstructions/>
    <baseDealerPrice>6.79</baseDealerPrice>
    <yourDealerPrice>6.79</yourDealerPrice>
    <baseRetailPrice>11.08</baseRetailPrice>
    <originalRetailPrice>11.08</originalRetailPrice>
    <partImage>http://asset.lemansnet.com/z/LzAvMy8yLzAzMkZCRDAzLUM3Q0ItNDQyMi05NDA2LTcyQzE4MTZDMEQ2OQ==</partImage>
    <productId>0920404450</productId>
    <productName>Liquid Electrical Tape</productName>
    <productImage>http://asset.lemansnet.com/z/LzcvQS9FLzdBRTczQzZGLTQ4Q0UtNERBNi05MUY4LUNFNzMxMzg1MzJGNw==</productImage>
    <bullet1>Forms an airtight, protective, waterproof, UV resistant, dielectric coating in minutes</bullet1>
    <bullet2>Prevents corrosion on wires and terminals, protects against vibration</bullet2>
    <bullet3>Adheres to all metal, plastic, vinyl, rubber and composite surfaces</bullet3>
    <bullet4>Patented, UL-tested, fast-drying formula</bullet4>
    <bullet5>Hundreds of uses - bilge pumps, outdoor exposed wiring, sprinkler pumps, timers, underground wiring, outdoor lighting fixtures, instruments, anywhere a weatherproof and dependable connection is needed</bullet5>
    <bullet6/>
    <bullet7/>
    <bullet8/>
    <bullet9/>
    <bullet10/>
    <bullet11/>
    <bullet12/>
    <bullet13/>
    <bullet14/>
    <bullet15/>
    <bullet16/>
    <bullet17/>
    <bullet18/>
    <bullet19/>
    <bullet20/>
    <bullet21/>
    <bullet22/>
    <bullet23/>
    <bullet24/>
    <vendorPriceUpdateDate>2023-02-14 00:00:00</vendorPriceUpdateDate>
  </part>
  <part>
    <partNumber>37100021</partNumber>
    <punctuatedPartNumber>3710-0021</punctuatedPartNumber>
    <partStatusDescription>STANDARD</partStatusDescription>
    <partDescription>Liquid Sealant - Red - 1 oz. net wt.</partDescription>
    <unitOfMeasure>Each</unitOfMeasure>
    <brandName>STAR BRITE</brandName>
    <supplierNumber>84155</supplierNumber>
    <specialInstructions/>
    <baseDealerPrice>6.79</baseDealerPrice>
    <yourDealerPrice>6.79</yourDealerPrice>
    <baseRetailPrice>11.08</baseRetailPrice>
    <originalRetailPrice>11.08</originalRetailPrice>
    <partImage>http://asset.lemansnet.com/z/LzUvRS9ELzVFRDQ5MTFBLTM2RTItNEREQy1BQTE4LUFGNTQ0RUEwMzJCMA==</partImage>
    <productId>0920404450</productId>
    <productName>Liquid Electrical Tape</productName>
    <productImage>http://asset.lemansnet.com/z/LzcvQS9FLzdBRTczQzZGLTQ4Q0UtNERBNi05MUY4LUNFNzMxMzg1MzJGNw==</productImage>
    <bullet1>Forms an airtight, protective, waterproof, UV resistant, dielectric coating in minutes</bullet1>
    <bullet2>Prevents corrosion on wires and terminals, protects against vibration</bullet2>
    <bullet3>Adheres to all metal, plastic, vinyl, rubber and composite surfaces</bullet3>
    <bullet4>Patented, UL-tested, fast-drying formula</bullet4>
    <bullet5>Hundreds of uses - bilge pumps, outdoor exposed wiring, sprinkler pumps, timers, underground wiring, outdoor lighting fixtures, instruments, anywhere a weatherproof and dependable connection is needed</bullet5>
    <bullet6/>
    <bullet7/>
    <bullet8/>
    <bullet9/>
    <bullet10/>
    <bullet11/>
    <bullet12/>
    <bullet13/>
    <bullet14/>
    <bullet15/>
    <bullet16/>
    <bullet17/>
    <bullet18/>
    <bullet19/>
    <bullet20/>
    <bullet21/>
    <bullet22/>
    <bullet23/>
    <bullet24/>
    <vendorPriceUpdateDate>2023-02-14 00:00:00</vendorPriceUpdateDate>
  </part>
  <part>
    <partNumber>38500387</partNumber>
    <punctuatedPartNumber>3850-0387</punctuatedPartNumber>
    <partStatusDescription>STANDARD</partStatusDescription>
    <partDescription>Oil Pad - Absorbent - 17 x 19 - 5-Pack</partDescription>
    <unitOfMeasure>5 Pack</unitOfMeasure>
    <brandName>STAR BRITE</brandName>
    <supplierNumber>091845</supplierNumber>
    <specialInstructions/>
    <baseDealerPrice>9.26</baseDealerPrice>
    <yourDealerPrice>9.26</yourDealerPrice>
    <baseRetailPrice>16.20</baseRetailPrice>
    <originalRetailPrice>16.20</originalRetailPrice>
    <partImage>http://asset.lemansnet.com/z/LzgvQy9GLzhDRjJBQzc1LTVFQzgtNDFERC1CNUUxLTUxNTIwMDI1Q0EzNw==</partImage>
    <productId>0363810675</productId>
    <productName>Oil Absorbent Sheets</productName>
    <productImage>http://asset.lemansnet.com/z/LzgvQy9GLzhDRjJBQzc1LTVFQzgtNDFERC1CNUUxLTUxNTIwMDI1Q0EzNw==</productImage>
    <bullet1>Perfect for shop use; under stored vehicles, on shop benches to hold tools/parts, for mess-free carburetor repairs or any fuel or oil related repairs</bullet1>
    <bullet2>The most effective way to clean up or avoid an oil or fuel spill</bullet2>
    <bullet3>Absorbs 13 to 25 times its weight in oil and related liquids</bullet3>
    <bullet4>Ideal for wrapping fuel nozzle to prevent refueling spills</bullet4>
    <bullet5>Will not absorb water</bullet5>
    <bullet6/>
    <bullet7/>
    <bullet8/>
    <bullet9/>
    <bullet10/>
    <bullet11/>
    <bullet12/>
    <bullet13/>
    <bullet14/>
    <bullet15/>
    <bullet16/>
    <bullet17/>
    <bullet18/>
    <bullet19/>
    <bullet20/>
    <bullet21/>
    <bullet22/>
    <bullet23/>
    <bullet24/>
    <vendorPriceUpdateDate>2023-04-22 00:00:00</vendorPriceUpdateDate>
  </part>
  <part>
    <partNumber>37040167</partNumber>
    <punctuatedPartNumber>3704-0167</punctuatedPartNumber>
    <partStatusDescription>STANDARD</partStatusDescription>
    <partDescription>Water Spot Remover - 22 U.S. fl oz.</partDescription>
    <unitOfMeasure>Each</unitOfMeasure>
    <brandName>STAR BRITE</brandName>
    <supplierNumber>092022P</supplierNumber>
    <specialInstructions/>
    <baseDealerPrice>7.99</baseDealerPrice>
    <yourDealerPrice>7.99</yourDealerPrice>
    <baseRetailPrice>21.24</baseRetailPrice>
    <originalRetailPrice>21.24</originalRetailPrice>
    <partImage>http://asset.lemansnet.com/z/L0YvMC82L0YwNkJBMjE1LUZENTAtNEU2MS04NjFELTQxMEZGQTUzNDNCNQ==</partImage>
    <productId>0089953423</productId>
    <productName>Water Spot Remover</productName>
    <productImage>http://asset.lemansnet.com/z/L0YvMC82L0YwNkJBMjE1LUZENTAtNEU2MS04NjFELTQxMEZGQTUzNDNCNQ==</productImage>
    <bullet1>Quickly removes stubborn water spots from fiberglass, metal and painted surfaces</bullet1>
    <bullet2>Spray-on and wipe-off to remove spots and add shine</bullet2>
    <bullet3>Non-abrasive, non toxic formula</bullet3>
    <bullet4/>
    <bullet5/>
    <bullet6/>
    <bullet7/>
    <bullet8/>
    <bullet9/>
    <bullet10/>
    <bullet11/>
    <bullet12/>
    <bullet13/>
    <bullet14/>
    <bullet15/>
    <bullet16/>
    <bullet17/>
    <bullet18/>
    <bullet19/>
    <bullet20/>
    <bullet21/>
    <bullet22/>
    <bullet23/>
    <bullet24/>
    <vendorPriceUpdateDate>2023-02-14 00:00:00</vendorPriceUpdateDate>
  </part>
  <part>
    <partNumber>37040235</partNumber>
    <punctuatedPartNumber>3704-0235</punctuatedPartNumber>
    <partStatusDescription>STANDARD</partStatusDescription>
    <partDescription>Cleaner - 1 U.S. gal.</partDescription>
    <unitOfMeasure>Each</unitOfMeasure>
    <brandName>STAR BRITE</brandName>
    <supplierNumber>83200</supplierNumber>
    <specialInstructions/>
    <baseDealerPrice>35.11</baseDealerPrice>
    <yourDealerPrice>35.11</yourDealerPrice>
    <baseRetailPrice>56.46</baseRetailPrice>
    <originalRetailPrice>56.46</originalRetailPrice>
    <partImage>http://asset.lemansnet.com/z/LzEvMS80LzExNEU1MjM0LTdGOUItNDVFMS05ODhCLUMzNTRDOThEMjhGNQ==</partImage>
    <productId>1296672085</productId>
    <productName>Ultimate Xtreme Clean Cleaner and Degreaser</productName>
    <productImage>http://asset.lemansnet.com/z/LzMvRS8zLzNFM0Y0QTdFLTI1OTUtNDJBQi05QUE2LTUxODA2MTREMDQ5Mg==</productImage>
    <bullet1>Removes even the toughest dirt and greasy stains, even tough-to-clean porous surfaces</bullet1>
    <bullet2>Special chelating agents break the bond that holds bugs, dirt or stains without heavy scrubbing</bullet2>
    <bullet3>Cleans fiberglass, vinyl, plastic and metal</bullet3>
    <bullet4/>
    <bullet5/>
    <bullet6/>
    <bullet7/>
    <bullet8/>
    <bullet9/>
    <bullet10/>
    <bullet11/>
    <bullet12/>
    <bullet13/>
    <bullet14/>
    <bullet15/>
    <bullet16/>
    <bullet17/>
    <bullet18/>
    <bullet19/>
    <bullet20/>
    <bullet21/>
    <bullet22/>
    <bullet23/>
    <bullet24/>
    <vendorPriceUpdateDate>2023-02-14 00:00:00</vendorPriceUpdateDate>
  </part>
  <part>
    <partNumber>37040209</partNumber>
    <punctuatedPartNumber>3704-0209</punctuatedPartNumber>
    <partStatusDescription>STANDARD</partStatusDescription>
    <partDescription>Cleaner - 22 U.S. fl oz.</partDescription>
    <unitOfMeasure>Each</unitOfMeasure>
    <brandName>STAR BRITE</brandName>
    <supplierNumber>83222P</supplierNumber>
    <specialInstructions/>
    <baseDealerPrice>9.25</baseDealerPrice>
    <yourDealerPrice>9.25</yourDealerPrice>
    <baseRetailPrice>17.35</baseRetailPrice>
    <originalRetailPrice>17.35</originalRetailPrice>
    <partImage>http://asset.lemansnet.com/z/LzMvRS8zLzNFM0Y0QTdFLTI1OTUtNDJBQi05QUE2LTUxODA2MTREMDQ5Mg==</partImage>
    <productId>1296672085</productId>
    <productName>Ultimate Xtreme Clean Cleaner and Degreaser</productName>
    <productImage>http://asset.lemansnet.com/z/LzMvRS8zLzNFM0Y0QTdFLTI1OTUtNDJBQi05QUE2LTUxODA2MTREMDQ5Mg==</productImage>
    <bullet1>Removes even the toughest dirt and greasy stains, even tough-to-clean porous surfaces</bullet1>
    <bullet2>Special chelating agents break the bond that holds bugs, dirt or stains without heavy scrubbing</bullet2>
    <bullet3>Cleans fiberglass, vinyl, plastic and metal</bullet3>
    <bullet4/>
    <bullet5/>
    <bullet6/>
    <bullet7/>
    <bullet8/>
    <bullet9/>
    <bullet10/>
    <bullet11/>
    <bullet12/>
    <bullet13/>
    <bullet14/>
    <bullet15/>
    <bullet16/>
    <bullet17/>
    <bullet18/>
    <bullet19/>
    <bullet20/>
    <bullet21/>
    <bullet22/>
    <bullet23/>
    <bullet24/>
    <vendorPriceUpdateDate>2023-02-14 00:00:00</vendorPriceUpdateDate>
  </part>
  <part>
    <partNumber>37060060</partNumber>
    <punctuatedPartNumber>3706-0060</punctuatedPartNumber>
    <partStatusDescription>STANDARD</partStatusDescription>
    <partDescription>Matte Finish Protector - 22 U.S. fl oz</partDescription>
    <unitOfMeasure>Each</unitOfMeasure>
    <brandName>STAR BRITE</brandName>
    <supplierNumber>98122</supplierNumber>
    <specialInstructions/>
    <baseDealerPrice>9.16</baseDealerPrice>
    <yourDealerPrice>9.16</yourDealerPrice>
    <baseRetailPrice>17.85</baseRetailPrice>
    <originalRetailPrice>17.85</originalRetailPrice>
    <partImage>http://asset.lemansnet.com/z/L0MvNC9DL0M0Q0EyREFBLTAxMzItNDAzNy1BM0U2LThDRTQyMjlCMEYxOA==</partImage>
    <productId>0099895115</productId>
    <productName>Ultimate Matte Finish</productName>
    <productImage>http://asset.lemansnet.com/z/L0MvNC9DL0M0Q0EyREFBLTAxMzItNDAzNy1BM0U2LThDRTQyMjlCMEYxOA==</productImage>
    <bullet1>Specifically formulated to enhance matte, denim, flat, satin and other non-glossy finishes</bullet1>
    <bullet2>Protective, non-glossy PTEF polymers bond to treated surface to help repel dirt and UV damage</bullet2>
    <bullet3>Removes road grime, dirt, greasy smudges, bug debris and more</bullet3>
    <bullet4>Safe for all metal, plastic, wrapped and painted surfaces</bullet4>
    <bullet5>Ideal for tanks, bags, pipes and helmets</bullet5>
    <bullet6/>
    <bullet7/>
    <bullet8/>
    <bullet9/>
    <bullet10/>
    <bullet11/>
    <bullet12/>
    <bullet13/>
    <bullet14/>
    <bullet15/>
    <bullet16/>
    <bullet17/>
    <bullet18/>
    <bullet19/>
    <bullet20/>
    <bullet21/>
    <bullet22/>
    <bullet23/>
    <bullet24/>
    <vendorPriceUpdateDate>2023-02-14 00:00:00</vendorPriceUpdateDate>
  </part>
  <part>
    <partNumber>37100019</partNumber>
    <punctuatedPartNumber>3710-0019</punctuatedPartNumber>
    <partStatusDescription>STANDARD</partStatusDescription>
    <partDescription>Liquid Sealant - Clear - 4 U.S. fl oz.</partDescription>
    <unitOfMeasure>Each</unitOfMeasure>
    <brandName>STAR BRITE</brandName>
    <supplierNumber>84108</supplierNumber>
    <specialInstructions/>
    <baseDealerPrice>8.83</baseDealerPrice>
    <yourDealerPrice>8.83</yourDealerPrice>
    <baseRetailPrice>14.67</baseRetailPrice>
    <originalRetailPrice>14.67</originalRetailPrice>
    <partImage>http://asset.lemansnet.com/z/L0QvMC82L0QwNkU2Q0NELTAxNjItNDYxQi04Q0YzLUVCMTkwMzBEODQzMQ==</partImage>
    <productId>0920404450</productId>
    <productName>Liquid Electrical Tape</productName>
    <productImage>http://asset.lemansnet.com/z/LzcvQS9FLzdBRTczQzZGLTQ4Q0UtNERBNi05MUY4LUNFNzMxMzg1MzJGNw==</productImage>
    <bullet1>Forms an airtight, protective, waterproof, UV resistant, dielectric coating in minutes</bullet1>
    <bullet2>Prevents corrosion on wires and terminals, protects against vibration</bullet2>
    <bullet3>Adheres to all metal, plastic, vinyl, rubber and composite surfaces</bullet3>
    <bullet4>Patented, UL-tested, fast-drying formula</bullet4>
    <bullet5>Hundreds of uses - bilge pumps, outdoor exposed wiring, sprinkler pumps, timers, underground wiring, outdoor lighting fixtures, instruments, anywhere a weatherproof and dependable connection is needed</bullet5>
    <bullet6/>
    <bullet7/>
    <bullet8/>
    <bullet9/>
    <bullet10/>
    <bullet11/>
    <bullet12/>
    <bullet13/>
    <bullet14/>
    <bullet15/>
    <bullet16/>
    <bullet17/>
    <bullet18/>
    <bullet19/>
    <bullet20/>
    <bullet21/>
    <bullet22/>
    <bullet23/>
    <bullet24/>
    <vendorPriceUpdateDate>2023-02-14 00:00:00</vendorPriceUpdateDate>
  </part>
  <part>
    <partNumber>38500327</partNumber>
    <punctuatedPartNumber>3850-0327</punctuatedPartNumber>
    <partStatusDescription>STANDARD</partStatusDescription>
    <partDescription>Pad Oil Absorb Sngl 200Ct</partDescription>
    <unitOfMeasure>200 Pack</unitOfMeasure>
    <brandName>STAR BRITE</brandName>
    <supplierNumber>91820</supplierNumber>
    <specialInstructions/>
    <baseDealerPrice>81.22</baseDealerPrice>
    <yourDealerPrice>81.22</yourDealerPrice>
    <baseRetailPrice>126.60</baseRetailPrice>
    <originalRetailPrice>126.60</originalRetailPrice>
    <partImage>http://asset.lemansnet.com/z/LzQvMi80LzQyNEU0QjFFLTUyREYtNDNERS04QTc5LTNGRjk4OTE5RThDRQ==</partImage>
    <productId>0926082308</productId>
    <productName>Bulk Oil Pads</productName>
    <productImage>http://asset.lemansnet.com/z/LzQvMi80LzQyNEU0QjFFLTUyREYtNDNERS04QTc5LTNGRjk4OTE5RThDRQ==</productImage>
    <bullet1>Quickly absorb oil and fuel for effective clean up, but will not absorb water</bullet1>
    <bullet2>Ideal for wrapping fuel nozzle to prevent refueling spills</bullet2>
    <bullet3>Can be wrung out and re-used</bullet3>
    <bullet4/>
    <bullet5/>
    <bullet6/>
    <bullet7/>
    <bullet8/>
    <bullet9/>
    <bullet10/>
    <bullet11/>
    <bullet12/>
    <bullet13/>
    <bullet14/>
    <bullet15/>
    <bullet16/>
    <bullet17/>
    <bullet18/>
    <bullet19/>
    <bullet20/>
    <bullet21/>
    <bullet22/>
    <bullet23/>
    <bullet24/>
    <vendorPriceUpdateDate>2023-04-22 00:00:00</vendorPriceUpdateDate>
  </part>
  <part>
    <partNumber>38500328</partNumber>
    <punctuatedPartNumber>3850-0328</punctuatedPartNumber>
    <partStatusDescription>STANDARD</partStatusDescription>
    <partDescription>Pad Oil Absorb Hvy 100Ct</partDescription>
    <unitOfMeasure>100 Pack</unitOfMeasure>
    <brandName>STAR BRITE</brandName>
    <supplierNumber>91825</supplierNumber>
    <specialInstructions/>
    <baseDealerPrice>78.78</baseDealerPrice>
    <yourDealerPrice>78.78</yourDealerPrice>
    <baseRetailPrice>122.17</baseRetailPrice>
    <originalRetailPrice>122.17</originalRetailPrice>
    <partImage>http://asset.lemansnet.com/z/L0MvNS82L0M1NjREN0E4LUU3NDgtNEYzQi1BOTBGLTcxNEUzQTNGOUY4NQ==</partImage>
    <productId>0926082308</productId>
    <productName>Bulk Oil Pads</productName>
    <productImage>http://asset.lemansnet.com/z/LzQvMi80LzQyNEU0QjFFLTUyREYtNDNERS04QTc5LTNGRjk4OTE5RThDRQ==</productImage>
    <bullet1>Quickly absorb oil and fuel for effective clean up, but will not absorb water</bullet1>
    <bullet2>Ideal for wrapping fuel nozzle to prevent refueling spills</bullet2>
    <bullet3>Can be wrung out and re-used</bullet3>
    <bullet4/>
    <bullet5/>
    <bullet6/>
    <bullet7/>
    <bullet8/>
    <bullet9/>
    <bullet10/>
    <bullet11/>
    <bullet12/>
    <bullet13/>
    <bullet14/>
    <bullet15/>
    <bullet16/>
    <bullet17/>
    <bullet18/>
    <bullet19/>
    <bullet20/>
    <bullet21/>
    <bullet22/>
    <bullet23/>
    <bullet24/>
    <vendorPriceUpdateDate>2023-04-22 00:00:00</vendorPriceUpdateDate>
  </part>
  <part>
    <partNumber>37050012</partNumber>
    <punctuatedPartNumber>3705-0012</punctuatedPartNumber>
    <partStatusDescription>STANDARD</partStatusDescription>
    <partDescription>Premixed Coolant - 64 U.S. fl oz.</partDescription>
    <unitOfMeasure>Each</unitOfMeasure>
    <brandName>STAR BRITE</brandName>
    <supplierNumber>33264</supplierNumber>
    <specialInstructions/>
    <baseDealerPrice>13.77</baseDealerPrice>
    <yourDealerPrice>13.77</yourDealerPrice>
    <baseRetailPrice>21.19</baseRetailPrice>
    <originalRetailPrice>44.70</originalRetailPrice>
    <partImage>http://asset.lemansnet.com/z/LzkvQi80LzlCNDU0MEYwLTIyOTMtNDA0My05NzY5LTdENjE0OTZGMzc5Mw==</partImage>
    <productId>1567833574</productId>
    <productName>Star Cool Engine Coolant</productName>
    <productImage>http://asset.lemansnet.com/z/LzkvQi80LzlCNDU0MEYwLTIyOTMtNDA0My05NzY5LTdENjE0OTZGMzc5Mw==</productImage>
    <bullet1>Formulated to maximize horsepower</bullet1>
    <bullet2>Revolutionary additive package maintains optimum engine temperature</bullet2>
    <bullet3>Ideal for all water-cooled engines; exceeds OEM specs</bullet3>
    <bullet4>Seals pinhole leaks or cracks</bullet4>
    <bullet5>Protects against boil-over to 256°F and against freezing to -26°F</bullet5>
    <bullet6>No silicates, phosphates or other ingredients that clog radiators</bullet6>
    <bullet7>Available in 64-fluid ounce bottles, 4 per case</bullet7>
    <bullet8/>
    <bullet9/>
    <bullet10/>
    <bullet11/>
    <bullet12/>
    <bullet13/>
    <bullet14/>
    <bullet15/>
    <bullet16/>
    <bullet17/>
    <bullet18/>
    <bullet19/>
    <bullet20/>
    <bullet21/>
    <bullet22/>
    <bullet23/>
    <bullet24/>
    <vendorPriceUpdateDate>2023-02-14 00:00:00</vendorPriceUpdateDate>
  </part>
  <part>
    <partNumber>36200007</partNumber>
    <punctuatedPartNumber>3620-0007</punctuatedPartNumber>
    <partStatusDescription>STANDARD</partStatusDescription>
    <partDescription>Fogging Oil - 12 oz. net wt. - Aerosol</partDescription>
    <unitOfMeasure>Each</unitOfMeasure>
    <brandName>STAR BRITE</brandName>
    <supplierNumber>084812</supplierNumber>
    <specialInstructions/>
    <baseDealerPrice>7.63</baseDealerPrice>
    <yourDealerPrice>7.63</yourDealerPrice>
    <baseRetailPrice>14.65</baseRetailPrice>
    <originalRetailPrice>14.65</originalRetailPrice>
    <partImage>http://asset.lemansnet.com/z/LzQvNi80LzQ2NDU0REI3LTM1MDgtNEZEMS1CQkZBLTQ1OEJDNjFFNjczNA==</partImage>
    <productId>1498061615</productId>
    <productName>Fogging Oil</productName>
    <productImage>http://asset.lemansnet.com/z/LzQvNi80LzQ2NDU0REI3LTM1MDgtNEZEMS1CQkZBLTQ1OEJDNjFFNjczNA==</productImage>
    <bullet1>Prevents corrosion when storing engines for an extended period of time</bullet1>
    <bullet2>Special formula makes starting engines after storage quick and easy</bullet2>
    <bullet3>Protects cylinder walls, piston rings and other combustion chamber surfaces from rust and corrosion during storage</bullet3>
    <bullet4>Excellent for inboard and outboard marine engines</bullet4>
    <bullet5>Available in 12-ounce aerosol cans</bullet5>
    <bullet6/>
    <bullet7/>
    <bullet8/>
    <bullet9/>
    <bullet10/>
    <bullet11/>
    <bullet12/>
    <bullet13/>
    <bullet14/>
    <bullet15/>
    <bullet16/>
    <bullet17/>
    <bullet18/>
    <bullet19/>
    <bullet20/>
    <bullet21/>
    <bullet22/>
    <bullet23/>
    <bullet24/>
    <vendorPriceUpdateDate>2023-02-14 00:00:00</vendorPriceUpdateDate>
  </part>
  <part>
    <partNumber>36200012</partNumber>
    <punctuatedPartNumber>3620-0012</punctuatedPartNumber>
    <partStatusDescription>STANDARD</partStatusDescription>
    <partDescription>Snap &amp; Zipper Lube - 1.75 oz. net wt.</partDescription>
    <unitOfMeasure>Each</unitOfMeasure>
    <brandName>STAR BRITE</brandName>
    <supplierNumber>089102</supplierNumber>
    <specialInstructions/>
    <baseDealerPrice>8.46</baseDealerPrice>
    <yourDealerPrice>8.46</yourDealerPrice>
    <baseRetailPrice>15.34</baseRetailPrice>
    <originalRetailPrice>15.34</originalRetailPrice>
    <partImage>http://asset.lemansnet.com/z/LzQvQS9BLzRBQTg1QTgwLTJCQUEtNDMxNS1CMDZCLUMyOEQwM0Q2Mzk2Qg==</partImage>
    <productId>0977403510</productId>
    <productName>Snap &amp; Zipper Lubricant</productName>
    <productImage>http://asset.lemansnet.com/z/LzQvQS9BLzRBQTg1QTgwLTJCQUEtNDMxNS1CMDZCLUMyOEQwM0Q2Mzk2Qg==</productImage>
    <bullet1>Apply to boat snaps, metal and plastic zippers to protect against corrosion, reduce wear and friction, prevent binding and repel salt spray deposits</bullet1>
    <bullet2>No-staining and non-toxic</bullet2>
    <bullet3>Reduces friction and wear</bullet3>
    <bullet4>Will not wash off</bullet4>
    <bullet5>Protects from -75° to +510°F</bullet5>
    <bullet6/>
    <bullet7/>
    <bullet8/>
    <bullet9/>
    <bullet10/>
    <bullet11/>
    <bullet12/>
    <bullet13/>
    <bullet14/>
    <bullet15/>
    <bullet16/>
    <bullet17/>
    <bullet18/>
    <bullet19/>
    <bullet20/>
    <bullet21/>
    <bullet22/>
    <bullet23/>
    <bullet24/>
    <vendorPriceUpdateDate>2023-02-14 00:00:00</vendorPriceUpdateDate>
  </part>
  <part>
    <partNumber>37100017</partNumber>
    <punctuatedPartNumber>3710-0017</punctuatedPartNumber>
    <partStatusDescription>STANDARD</partStatusDescription>
    <partDescription>Liquid Sealant - Black - 4 U.S. fl oz.</partDescription>
    <unitOfMeasure>Each</unitOfMeasure>
    <brandName>STAR BRITE</brandName>
    <supplierNumber>84104</supplierNumber>
    <specialInstructions/>
    <baseDealerPrice>8.83</baseDealerPrice>
    <yourDealerPrice>8.83</yourDealerPrice>
    <baseRetailPrice>14.67</baseRetailPrice>
    <originalRetailPrice>14.67</originalRetailPrice>
    <partImage>http://asset.lemansnet.com/z/LzcvQS9FLzdBRTczQzZGLTQ4Q0UtNERBNi05MUY4LUNFNzMxMzg1MzJGNw==</partImage>
    <productId>0920404450</productId>
    <productName>Liquid Electrical Tape</productName>
    <productImage>http://asset.lemansnet.com/z/LzcvQS9FLzdBRTczQzZGLTQ4Q0UtNERBNi05MUY4LUNFNzMxMzg1MzJGNw==</productImage>
    <bullet1>Forms an airtight, protective, waterproof, UV resistant, dielectric coating in minutes</bullet1>
    <bullet2>Prevents corrosion on wires and terminals, protects against vibration</bullet2>
    <bullet3>Adheres to all metal, plastic, vinyl, rubber and composite surfaces</bullet3>
    <bullet4>Patented, UL-tested, fast-drying formula</bullet4>
    <bullet5>Hundreds of uses - bilge pumps, outdoor exposed wiring, sprinkler pumps, timers, underground wiring, outdoor lighting fixtures, instruments, anywhere a weatherproof and dependable connection is needed</bullet5>
    <bullet6/>
    <bullet7/>
    <bullet8/>
    <bullet9/>
    <bullet10/>
    <bullet11/>
    <bullet12/>
    <bullet13/>
    <bullet14/>
    <bullet15/>
    <bullet16/>
    <bullet17/>
    <bullet18/>
    <bullet19/>
    <bullet20/>
    <bullet21/>
    <bullet22/>
    <bullet23/>
    <bullet24/>
    <vendorPriceUpdateDate>2023-02-14 00:00:00</vendorPriceUpdateDate>
  </part>
  <part>
    <partNumber>37100018</partNumber>
    <punctuatedPartNumber>3710-0018</punctuatedPartNumber>
    <partStatusDescription>STANDARD</partStatusDescription>
    <partDescription>Liquid Sealant - Red - 4 U.S. fl oz.</partDescription>
    <unitOfMeasure>Each</unitOfMeasure>
    <brandName>STAR BRITE</brandName>
    <supplierNumber>84105</supplierNumber>
    <specialInstructions/>
    <baseDealerPrice>8.83</baseDealerPrice>
    <yourDealerPrice>8.83</yourDealerPrice>
    <baseRetailPrice>14.67</baseRetailPrice>
    <originalRetailPrice>14.67</originalRetailPrice>
    <partImage>http://asset.lemansnet.com/z/LzgvQi8wLzhCMDJFMDU2LTc5RTMtNDEwRC04MjgzLUNCQjNGN0Q1MDI3OQ==</partImage>
    <productId>0920404450</productId>
    <productName>Liquid Electrical Tape</productName>
    <productImage>http://asset.lemansnet.com/z/LzcvQS9FLzdBRTczQzZGLTQ4Q0UtNERBNi05MUY4LUNFNzMxMzg1MzJGNw==</productImage>
    <bullet1>Forms an airtight, protective, waterproof, UV resistant, dielectric coating in minutes</bullet1>
    <bullet2>Prevents corrosion on wires and terminals, protects against vibration</bullet2>
    <bullet3>Adheres to all metal, plastic, vinyl, rubber and composite surfaces</bullet3>
    <bullet4>Patented, UL-tested, fast-drying formula</bullet4>
    <bullet5>Hundreds of uses - bilge pumps, outdoor exposed wiring, sprinkler pumps, timers, underground wiring, outdoor lighting fixtures, instruments, anywhere a weatherproof and dependable connection is needed</bullet5>
    <bullet6/>
    <bullet7/>
    <bullet8/>
    <bullet9/>
    <bullet10/>
    <bullet11/>
    <bullet12/>
    <bullet13/>
    <bullet14/>
    <bullet15/>
    <bullet16/>
    <bullet17/>
    <bullet18/>
    <bullet19/>
    <bullet20/>
    <bullet21/>
    <bullet22/>
    <bullet23/>
    <bullet24/>
    <vendorPriceUpdateDate>2023-02-14 00:00:00</vendorPriceUpdateDate>
  </part>
  <part>
    <partNumber>37060062</partNumber>
    <punctuatedPartNumber>3706-0062</punctuatedPartNumber>
    <partStatusDescription>STANDARD</partStatusDescription>
    <partDescription>Ultimate Products - 22 U.S. fl oz. Each - 24 Pack Display</partDescription>
    <unitOfMeasure>Each</unitOfMeasure>
    <brandName>STAR BRITE</brandName>
    <supplierNumber>83615</supplierNumber>
    <specialInstructions/>
    <baseDealerPrice>219.15</baseDealerPrice>
    <yourDealerPrice>219.15</yourDealerPrice>
    <baseRetailPrice>0.00</baseRetailPrice>
    <originalRetailPrice>334.95</originalRetailPrice>
    <partImage>http://asset.lemansnet.com/z/L0YvRi80L0ZGNDUxOEQ0LUY5N0YtNEQ1Mi1CREI5LUU1NzMyQzJDNUJGMA==</partImage>
    <productId>0860997837</productId>
    <productName>Ultimate Product Display</productName>
    <productImage>http://asset.lemansnet.com/z/L0YvRi80L0ZGNDUxOEQ0LUY5N0YtNEQ1Mi1CREI5LUU1NzMyQzJDNUJGMA==</productImage>
    <bullet1>Attractive header card draws consumer attention</bullet1>
    <bullet2>Compact size allows it to be located anywhere in the store</bullet2>
    <bullet3>Durable construction for long service life</bullet3>
    <bullet4>Easy to refill</bullet4>
    <bullet5>Each display comes loaded with six 22-ounce spray bottles of Ultimate Xtreme Clean, Ultimate Bike Guard, Ultimate Water Spot Remover, and Ultimate Matte Finish</bullet5>
    <bullet6/>
    <bullet7/>
    <bullet8/>
    <bullet9/>
    <bullet10/>
    <bullet11/>
    <bullet12/>
    <bullet13/>
    <bullet14/>
    <bullet15/>
    <bullet16/>
    <bullet17/>
    <bullet18/>
    <bullet19/>
    <bullet20/>
    <bullet21/>
    <bullet22/>
    <bullet23/>
    <bullet24/>
    <vendorPriceUpdateDate>2023-04-22 00:00:00</vendorPriceUpdateDate>
  </part>
</root>
