<root>
  <part>
    <partNumber>47020073</partNumber>
    <punctuatedPartNumber>4702-0073</punctuatedPartNumber>
    <partStatusDescription>STANDARD</partStatusDescription>
    <partDescription>Anti-Stab Wheel Kit - Centered - For 8.75" Shaft</partDescription>
    <unitOfMeasure>Kit</unitOfMeasure>
    <brandName>WAHL BROS. RACING</brandName>
    <supplierNumber>02-791A</supplierNumber>
    <specialInstructions/>
    <baseDealerPrice>114.95</baseDealerPrice>
    <yourDealerPrice>114.95</yourDealerPrice>
    <baseRetailPrice>164.95</baseRetailPrice>
    <originalRetailPrice>149.95</originalRetailPrice>
    <partImage>http://asset.lemansnet.com/z/LzcvMC8yLzcwMkZFNjA0LUREM0UtNDMxOC1BMTdELTFENzJBN0JBMjY0QQ==</partImage>
    <productId>0799065858</productId>
    <productName>Anti-Stab Wheel Kit</productName>
    <productImage>http://asset.lemansnet.com/z/LzQvNS9GLzQ1RjE2OURBLUJEQUMtNDk2NS1BNEEyLTg5RUZEMjk2NTk0MA==</productImage>
    <bullet1>Use to keep the track from contacting rail tips</bullet1>
    <bullet2>Centered kits are for suspensions with offset or dual limiter straps</bullet2>
    <bullet3>Split wheel kits are for suspensions with centered limiter straps</bullet3>
    <bullet4>It is necessary to install an anti-stab wheel kit when shortening the suspension rail or removing the rail tip protectors</bullet4>
    <bullet5>Installation instructions are included</bullet5>
    <bullet6>It is recommended to use thread lock when installing bolts.</bullet6>
    <bullet7/>
    <bullet8/>
    <bullet9/>
    <bullet10/>
    <bullet11/>
    <bullet12/>
    <bullet13/>
    <bullet14/>
    <bullet15/>
    <bullet16/>
    <bullet17/>
    <bullet18/>
    <bullet19/>
    <bullet20/>
    <bullet21/>
    <bullet22/>
    <bullet23/>
    <bullet24/>
    <vendorPriceUpdateDate>2023-04-22 00:00:00</vendorPriceUpdateDate>
  </part>
  <part>
    <partNumber>12410019</partNumber>
    <punctuatedPartNumber>1241-0019</punctuatedPartNumber>
    <partStatusDescription>STANDARD</partStatusDescription>
    <partDescription>No-Slip Drive Sprocket - 8-Tooth</partDescription>
    <unitOfMeasure>Pair</unitOfMeasure>
    <brandName>WAHL BROS. RACING</brandName>
    <supplierNumber>02-593A</supplierNumber>
    <specialInstructions>N/F RX1 02JDS</specialInstructions>
    <baseDealerPrice>163.95</baseDealerPrice>
    <yourDealerPrice>163.95</yourDealerPrice>
    <baseRetailPrice>234.95</baseRetailPrice>
    <originalRetailPrice>229.95</originalRetailPrice>
    <partImage>http://asset.lemansnet.com/z/L0MvNS9BL0M1QTNFQ0E5LUI5Q0MtNDcwQS04RTUyLUNENTE0Mzg5ODczQg==</partImage>
    <productId>1265852364</productId>
    <productName>No Slip Drive Sprocket™</productName>
    <productImage>http://asset.lemansnet.com/z/L0MvNS9BL0M1QTNFQ0E5LUI5Q0MtNDcwQS04RTUyLUNENTE0Mzg5ODczQg==</productImage>
    <bullet1>Specifically designed for less rotating mass</bullet1>
    <bullet2>Built to drive off of four track lugs and track clips at the same time (on full windowed tracks only)</bullet2>
    <bullet3>Extra involutes are eliminated with these sprockets</bullet3>
    <bullet4>Some models will require the front of the slide rails to be shortened for clearance. It is recommended that the skid frame be installed without the springs and cycled to check rail tip clearance.</bullet4>
    <bullet5/>
    <bullet6/>
    <bullet7/>
    <bullet8/>
    <bullet9/>
    <bullet10/>
    <bullet11/>
    <bullet12/>
    <bullet13/>
    <bullet14/>
    <bullet15/>
    <bullet16/>
    <bullet17/>
    <bullet18/>
    <bullet19/>
    <bullet20/>
    <bullet21/>
    <bullet22/>
    <bullet23/>
    <bullet24/>
    <vendorPriceUpdateDate>2023-04-22 00:00:00</vendorPriceUpdateDate>
  </part>
  <part>
    <partNumber>12410009</partNumber>
    <punctuatedPartNumber>1241-0009</punctuatedPartNumber>
    <partStatusDescription>STANDARD</partStatusDescription>
    <partDescription>No-Slip Drive Sprocket - 9-Tooth</partDescription>
    <unitOfMeasure>Pair</unitOfMeasure>
    <brandName>WAHL BROS. RACING</brandName>
    <supplierNumber>02-579A</supplierNumber>
    <specialInstructions>N/F RX1 02JDS</specialInstructions>
    <baseDealerPrice>157.95</baseDealerPrice>
    <yourDealerPrice>157.95</yourDealerPrice>
    <baseRetailPrice>225.95</baseRetailPrice>
    <originalRetailPrice>219.95</originalRetailPrice>
    <partImage>http://asset.lemansnet.com/z/L0MvNS9BL0M1QTNFQ0E5LUI5Q0MtNDcwQS04RTUyLUNENTE0Mzg5ODczQg==</partImage>
    <productId>0523760925</productId>
    <productName>No Slip Drive Sprocket™</productName>
    <productImage>http://asset.lemansnet.com/z/L0MvNS9BL0M1QTNFQ0E5LUI5Q0MtNDcwQS04RTUyLUNENTE0Mzg5ODczQg==</productImage>
    <bullet1>Specifically designed for less rotating mass</bullet1>
    <bullet2>Built to drive off of four track lugs and track clips at the same time (on full windowed tracks only)</bullet2>
    <bullet3>Extra involutes are eliminated with these sprockets</bullet3>
    <bullet4>Some models will require the front of the slide rails to be shortened for clearance. It is recommended that the skid frame be installed without the springs and cycled to check rail tip clearance.</bullet4>
    <bullet5/>
    <bullet6/>
    <bullet7/>
    <bullet8/>
    <bullet9/>
    <bullet10/>
    <bullet11/>
    <bullet12/>
    <bullet13/>
    <bullet14/>
    <bullet15/>
    <bullet16/>
    <bullet17/>
    <bullet18/>
    <bullet19/>
    <bullet20/>
    <bullet21/>
    <bullet22/>
    <bullet23/>
    <bullet24/>
    <vendorPriceUpdateDate>2023-04-22 00:00:00</vendorPriceUpdateDate>
  </part>
  <part>
    <partNumber>12410018</partNumber>
    <punctuatedPartNumber>1241-0018</punctuatedPartNumber>
    <partStatusDescription>DISCONTINUED</partStatusDescription>
    <partDescription>No-Slip Drive Sprocket - 8-Tooth</partDescription>
    <unitOfMeasure>Pair</unitOfMeasure>
    <brandName>WAHL BROS. RACING</brandName>
    <supplierNumber>02-590A</supplierNumber>
    <specialInstructions>N/F RX1 02JDS</specialInstructions>
    <baseDealerPrice>121.80</baseDealerPrice>
    <yourDealerPrice>121.80</yourDealerPrice>
    <baseRetailPrice>0.00</baseRetailPrice>
    <originalRetailPrice>229.95</originalRetailPrice>
    <partImage>http://asset.lemansnet.com/z/L0MvNS9BL0M1QTNFQ0E5LUI5Q0MtNDcwQS04RTUyLUNENTE0Mzg5ODczQg==</partImage>
    <productId>2121720143</productId>
    <productName>No Slip Drive Sprocket™</productName>
    <productImage>http://asset.lemansnet.com/z/L0MvNS9BL0M1QTNFQ0E5LUI5Q0MtNDcwQS04RTUyLUNENTE0Mzg5ODczQg==</productImage>
    <bullet1>Specifically designed for less rotating mass</bullet1>
    <bullet2>Built to drive off of four track lugs and track clips at the same time (on full windowed tracks only)</bullet2>
    <bullet3>Extra involutes are eliminated with these sprockets</bullet3>
    <bullet4>Some models will require the front of the slide rails to be shortened for clearance. It is recommended that the skid frame be installed without the springs and cycled to check rail tip clearance.</bullet4>
    <bullet5/>
    <bullet6/>
    <bullet7/>
    <bullet8/>
    <bullet9/>
    <bullet10/>
    <bullet11/>
    <bullet12/>
    <bullet13/>
    <bullet14/>
    <bullet15/>
    <bullet16/>
    <bullet17/>
    <bullet18/>
    <bullet19/>
    <bullet20/>
    <bullet21/>
    <bullet22/>
    <bullet23/>
    <bullet24/>
    <vendorPriceUpdateDate>2023-04-22 00:00:00</vendorPriceUpdateDate>
  </part>
  <part>
    <partNumber>12410005</partNumber>
    <punctuatedPartNumber>1241-0005</punctuatedPartNumber>
    <partStatusDescription>STANDARD</partStatusDescription>
    <partDescription>No-Slip Drive Sprocket - 8 Tooth</partDescription>
    <unitOfMeasure>Pair</unitOfMeasure>
    <brandName>WAHL BROS. RACING</brandName>
    <supplierNumber>02-575A</supplierNumber>
    <specialInstructions/>
    <baseDealerPrice>149.95</baseDealerPrice>
    <yourDealerPrice>149.95</yourDealerPrice>
    <baseRetailPrice>214.95</baseRetailPrice>
    <originalRetailPrice>209.95</originalRetailPrice>
    <partImage>http://asset.lemansnet.com/z/L0YvOC9EL0Y4RDU2QkExLThBQUEtNDYzRi05RERDLTA5MTEzMEU4NjRDMg==</partImage>
    <productId>1265852364</productId>
    <productName>No Slip Drive Sprocket™</productName>
    <productImage>http://asset.lemansnet.com/z/L0MvNS9BL0M1QTNFQ0E5LUI5Q0MtNDcwQS04RTUyLUNENTE0Mzg5ODczQg==</productImage>
    <bullet1>Specifically designed for less rotating mass</bullet1>
    <bullet2>Built to drive off of four track lugs and track clips at the same time (on full windowed tracks only)</bullet2>
    <bullet3>Extra involutes are eliminated with these sprockets</bullet3>
    <bullet4>Some models will require the front of the slide rails to be shortened for clearance. It is recommended that the skid frame be installed without the springs and cycled to check rail tip clearance.</bullet4>
    <bullet5/>
    <bullet6/>
    <bullet7/>
    <bullet8/>
    <bullet9/>
    <bullet10/>
    <bullet11/>
    <bullet12/>
    <bullet13/>
    <bullet14/>
    <bullet15/>
    <bullet16/>
    <bullet17/>
    <bullet18/>
    <bullet19/>
    <bullet20/>
    <bullet21/>
    <bullet22/>
    <bullet23/>
    <bullet24/>
    <vendorPriceUpdateDate>2023-04-22 00:00:00</vendorPriceUpdateDate>
  </part>
  <part>
    <partNumber>12410006</partNumber>
    <punctuatedPartNumber>1241-0006</punctuatedPartNumber>
    <partStatusDescription>STANDARD</partStatusDescription>
    <partDescription>No-Slip Drive Sprocket - 8-Tooth</partDescription>
    <unitOfMeasure>Pair</unitOfMeasure>
    <brandName>WAHL BROS. RACING</brandName>
    <supplierNumber>02-576A</supplierNumber>
    <specialInstructions>N/F RX1 02JDS</specialInstructions>
    <baseDealerPrice>149.95</baseDealerPrice>
    <yourDealerPrice>149.95</yourDealerPrice>
    <baseRetailPrice>214.95</baseRetailPrice>
    <originalRetailPrice>209.95</originalRetailPrice>
    <partImage>http://asset.lemansnet.com/z/L0MvNS9BL0M1QTNFQ0E5LUI5Q0MtNDcwQS04RTUyLUNENTE0Mzg5ODczQg==</partImage>
    <productId>1265852364</productId>
    <productName>No Slip Drive Sprocket™</productName>
    <productImage>http://asset.lemansnet.com/z/L0MvNS9BL0M1QTNFQ0E5LUI5Q0MtNDcwQS04RTUyLUNENTE0Mzg5ODczQg==</productImage>
    <bullet1>Specifically designed for less rotating mass</bullet1>
    <bullet2>Built to drive off of four track lugs and track clips at the same time (on full windowed tracks only)</bullet2>
    <bullet3>Extra involutes are eliminated with these sprockets</bullet3>
    <bullet4>Some models will require the front of the slide rails to be shortened for clearance. It is recommended that the skid frame be installed without the springs and cycled to check rail tip clearance.</bullet4>
    <bullet5/>
    <bullet6/>
    <bullet7/>
    <bullet8/>
    <bullet9/>
    <bullet10/>
    <bullet11/>
    <bullet12/>
    <bullet13/>
    <bullet14/>
    <bullet15/>
    <bullet16/>
    <bullet17/>
    <bullet18/>
    <bullet19/>
    <bullet20/>
    <bullet21/>
    <bullet22/>
    <bullet23/>
    <bullet24/>
    <vendorPriceUpdateDate>2023-04-22 00:00:00</vendorPriceUpdateDate>
  </part>
  <part>
    <partNumber>12410008</partNumber>
    <punctuatedPartNumber>1241-0008</punctuatedPartNumber>
    <partStatusDescription>STANDARD</partStatusDescription>
    <partDescription>No-Slip Drive Sprocket - 9-Tooth</partDescription>
    <unitOfMeasure>Pair</unitOfMeasure>
    <brandName>WAHL BROS. RACING</brandName>
    <supplierNumber>02-578A</supplierNumber>
    <specialInstructions/>
    <baseDealerPrice>157.95</baseDealerPrice>
    <yourDealerPrice>157.95</yourDealerPrice>
    <baseRetailPrice>225.95</baseRetailPrice>
    <originalRetailPrice>219.95</originalRetailPrice>
    <partImage>http://asset.lemansnet.com/z/L0MvNS9BL0M1QTNFQ0E5LUI5Q0MtNDcwQS04RTUyLUNENTE0Mzg5ODczQg==</partImage>
    <productId>1265852364</productId>
    <productName>No Slip Drive Sprocket™</productName>
    <productImage>http://asset.lemansnet.com/z/L0MvNS9BL0M1QTNFQ0E5LUI5Q0MtNDcwQS04RTUyLUNENTE0Mzg5ODczQg==</productImage>
    <bullet1>Specifically designed for less rotating mass</bullet1>
    <bullet2>Built to drive off of four track lugs and track clips at the same time (on full windowed tracks only)</bullet2>
    <bullet3>Extra involutes are eliminated with these sprockets</bullet3>
    <bullet4>Some models will require the front of the slide rails to be shortened for clearance. It is recommended that the skid frame be installed without the springs and cycled to check rail tip clearance.</bullet4>
    <bullet5/>
    <bullet6/>
    <bullet7/>
    <bullet8/>
    <bullet9/>
    <bullet10/>
    <bullet11/>
    <bullet12/>
    <bullet13/>
    <bullet14/>
    <bullet15/>
    <bullet16/>
    <bullet17/>
    <bullet18/>
    <bullet19/>
    <bullet20/>
    <bullet21/>
    <bullet22/>
    <bullet23/>
    <bullet24/>
    <vendorPriceUpdateDate>2023-04-22 00:00:00</vendorPriceUpdateDate>
  </part>
  <part>
    <partNumber>12410017</partNumber>
    <punctuatedPartNumber>1241-0017</punctuatedPartNumber>
    <partStatusDescription>DISCONTINUED</partStatusDescription>
    <partDescription>No-Slip Drive Sprocket - 8-Tooth</partDescription>
    <unitOfMeasure>Pair</unitOfMeasure>
    <brandName>WAHL BROS. RACING</brandName>
    <supplierNumber>02-589A</supplierNumber>
    <specialInstructions>Discontinued Item</specialInstructions>
    <baseDealerPrice>147.60</baseDealerPrice>
    <yourDealerPrice>147.60</yourDealerPrice>
    <baseRetailPrice>0.00</baseRetailPrice>
    <originalRetailPrice>229.95</originalRetailPrice>
    <partImage>http://asset.lemansnet.com/z/L0MvNS9BL0M1QTNFQ0E5LUI5Q0MtNDcwQS04RTUyLUNENTE0Mzg5ODczQg==</partImage>
    <productId>0855066578</productId>
    <productName>No Slip Drive Sprocket™</productName>
    <productImage>http://asset.lemansnet.com/z/L0MvNS9BL0M1QTNFQ0E5LUI5Q0MtNDcwQS04RTUyLUNENTE0Mzg5ODczQg==</productImage>
    <bullet1>Specifically designed for less rotating mass</bullet1>
    <bullet2>Built to drive off of four track lugs and track clips at the same time (on full windowed tracks only)</bullet2>
    <bullet3>Extra involutes are eliminated with these sprockets</bullet3>
    <bullet4>Some models will require the front of the slide rails to be shortened for clearance. It is recommended that the skid frame be installed without the springs and cycled to check rail tip clearance.</bullet4>
    <bullet5/>
    <bullet6/>
    <bullet7/>
    <bullet8/>
    <bullet9/>
    <bullet10/>
    <bullet11/>
    <bullet12/>
    <bullet13/>
    <bullet14/>
    <bullet15/>
    <bullet16/>
    <bullet17/>
    <bullet18/>
    <bullet19/>
    <bullet20/>
    <bullet21/>
    <bullet22/>
    <bullet23/>
    <bullet24/>
    <vendorPriceUpdateDate>2023-04-22 00:00:00</vendorPriceUpdateDate>
  </part>
  <part>
    <partNumber>12410020</partNumber>
    <punctuatedPartNumber>1241-0020</punctuatedPartNumber>
    <partStatusDescription>DISCONTINUED</partStatusDescription>
    <partDescription>No-Slip Drive Sprocket - 8-Tooth</partDescription>
    <unitOfMeasure>Pair</unitOfMeasure>
    <brandName>WAHL BROS. RACING</brandName>
    <supplierNumber>02-591A</supplierNumber>
    <specialInstructions/>
    <baseDealerPrice>121.80</baseDealerPrice>
    <yourDealerPrice>121.80</yourDealerPrice>
    <baseRetailPrice>0.00</baseRetailPrice>
    <originalRetailPrice>229.95</originalRetailPrice>
    <partImage>http://asset.lemansnet.com/z/L0MvNS9BL0M1QTNFQ0E5LUI5Q0MtNDcwQS04RTUyLUNENTE0Mzg5ODczQg==</partImage>
    <productId>1147070646</productId>
    <productName>No Slip Drive Sprocket™</productName>
    <productImage>http://asset.lemansnet.com/z/L0MvNS9BL0M1QTNFQ0E5LUI5Q0MtNDcwQS04RTUyLUNENTE0Mzg5ODczQg==</productImage>
    <bullet1>Specifically designed for less rotating mass</bullet1>
    <bullet2>Built to drive off of four track lugs and track clips at the same time (on full windowed tracks only)</bullet2>
    <bullet3>Extra involutes are eliminated with these sprockets</bullet3>
    <bullet4>Some models will require the front of the slide rails to be shortened for clearance. It is recommended that the skid frame be installed without the springs and cycled to check rail tip clearance.</bullet4>
    <bullet5/>
    <bullet6/>
    <bullet7/>
    <bullet8/>
    <bullet9/>
    <bullet10/>
    <bullet11/>
    <bullet12/>
    <bullet13/>
    <bullet14/>
    <bullet15/>
    <bullet16/>
    <bullet17/>
    <bullet18/>
    <bullet19/>
    <bullet20/>
    <bullet21/>
    <bullet22/>
    <bullet23/>
    <bullet24/>
    <vendorPriceUpdateDate>2023-04-22 00:00:00</vendorPriceUpdateDate>
  </part>
  <part>
    <partNumber>12410012</partNumber>
    <punctuatedPartNumber>1241-0012</punctuatedPartNumber>
    <partStatusDescription>STANDARD</partStatusDescription>
    <partDescription>No-Slip Drive Sprocket - 10-Tooth</partDescription>
    <unitOfMeasure>Pair</unitOfMeasure>
    <brandName>WAHL BROS. RACING</brandName>
    <supplierNumber>02-583A</supplierNumber>
    <specialInstructions>N/F RX1 02JDS</specialInstructions>
    <baseDealerPrice>163.95</baseDealerPrice>
    <yourDealerPrice>163.95</yourDealerPrice>
    <baseRetailPrice>234.95</baseRetailPrice>
    <originalRetailPrice>229.95</originalRetailPrice>
    <partImage>http://asset.lemansnet.com/z/L0MvNS9BL0M1QTNFQ0E5LUI5Q0MtNDcwQS04RTUyLUNENTE0Mzg5ODczQg==</partImage>
    <productId>0460437747</productId>
    <productName>No Slip Drive Sprocket™</productName>
    <productImage>http://asset.lemansnet.com/z/L0MvNS9BL0M1QTNFQ0E5LUI5Q0MtNDcwQS04RTUyLUNENTE0Mzg5ODczQg==</productImage>
    <bullet1>Specifically designed for less rotating mass</bullet1>
    <bullet2>Built to drive off of four track lugs and track clips at the same time (on full windowed tracks only)</bullet2>
    <bullet3>Extra involutes are eliminated with these sprockets</bullet3>
    <bullet4>Some models will require the front of the slide rails to be shortened for clearance. It is recommended that the skid frame be installed without the springs and cycled to check rail tip clearance.</bullet4>
    <bullet5/>
    <bullet6/>
    <bullet7/>
    <bullet8/>
    <bullet9/>
    <bullet10/>
    <bullet11/>
    <bullet12/>
    <bullet13/>
    <bullet14/>
    <bullet15/>
    <bullet16/>
    <bullet17/>
    <bullet18/>
    <bullet19/>
    <bullet20/>
    <bullet21/>
    <bullet22/>
    <bullet23/>
    <bullet24/>
    <vendorPriceUpdateDate>2023-04-22 00:00:00</vendorPriceUpdateDate>
  </part>
  <part>
    <partNumber>47020074</partNumber>
    <punctuatedPartNumber>4702-0074</punctuatedPartNumber>
    <partStatusDescription>STANDARD</partStatusDescription>
    <partDescription>Anti-Stab Wheel Kit - Split - For 8-5/8" Shaft</partDescription>
    <unitOfMeasure>Kit</unitOfMeasure>
    <brandName>WAHL BROS. RACING</brandName>
    <supplierNumber>02-792A</supplierNumber>
    <specialInstructions/>
    <baseDealerPrice>114.95</baseDealerPrice>
    <yourDealerPrice>114.95</yourDealerPrice>
    <baseRetailPrice>164.95</baseRetailPrice>
    <originalRetailPrice>149.95</originalRetailPrice>
    <partImage>http://asset.lemansnet.com/z/LzEvNi9CLzE2QjE5MUI4LTAwNzEtNDQzMC1BREVCLTNDMDA4OEE2NTgzRQ==</partImage>
    <productId>0799065858</productId>
    <productName>Anti-Stab Wheel Kit</productName>
    <productImage>http://asset.lemansnet.com/z/LzQvNS9GLzQ1RjE2OURBLUJEQUMtNDk2NS1BNEEyLTg5RUZEMjk2NTk0MA==</productImage>
    <bullet1>Use to keep the track from contacting rail tips</bullet1>
    <bullet2>Centered kits are for suspensions with offset or dual limiter straps</bullet2>
    <bullet3>Split wheel kits are for suspensions with centered limiter straps</bullet3>
    <bullet4>It is necessary to install an anti-stab wheel kit when shortening the suspension rail or removing the rail tip protectors</bullet4>
    <bullet5>Installation instructions are included</bullet5>
    <bullet6>It is recommended to use thread lock when installing bolts.</bullet6>
    <bullet7/>
    <bullet8/>
    <bullet9/>
    <bullet10/>
    <bullet11/>
    <bullet12/>
    <bullet13/>
    <bullet14/>
    <bullet15/>
    <bullet16/>
    <bullet17/>
    <bullet18/>
    <bullet19/>
    <bullet20/>
    <bullet21/>
    <bullet22/>
    <bullet23/>
    <bullet24/>
    <vendorPriceUpdateDate>2023-04-22 00:00:00</vendorPriceUpdateDate>
  </part>
  <part>
    <partNumber>47020072</partNumber>
    <punctuatedPartNumber>4702-0072</punctuatedPartNumber>
    <partStatusDescription>STANDARD</partStatusDescription>
    <partDescription>Anti-Stab Wheel Kit - Split - For 8.75" Shaft</partDescription>
    <unitOfMeasure>Kit</unitOfMeasure>
    <brandName>WAHL BROS. RACING</brandName>
    <supplierNumber>02-790A</supplierNumber>
    <specialInstructions>Discontinued Per Buyer</specialInstructions>
    <baseDealerPrice>114.95</baseDealerPrice>
    <yourDealerPrice>114.95</yourDealerPrice>
    <baseRetailPrice>164.95</baseRetailPrice>
    <originalRetailPrice>149.95</originalRetailPrice>
    <partImage>http://asset.lemansnet.com/z/LzIvQy84LzJDODZBNDU3LTlGMjMtNDA0MC05RTNDLTM3NUZCNUM4RkFCMw==</partImage>
    <productId>0799065858</productId>
    <productName>Anti-Stab Wheel Kit</productName>
    <productImage>http://asset.lemansnet.com/z/LzQvNS9GLzQ1RjE2OURBLUJEQUMtNDk2NS1BNEEyLTg5RUZEMjk2NTk0MA==</productImage>
    <bullet1>Use to keep the track from contacting rail tips</bullet1>
    <bullet2>Centered kits are for suspensions with offset or dual limiter straps</bullet2>
    <bullet3>Split wheel kits are for suspensions with centered limiter straps</bullet3>
    <bullet4>It is necessary to install an anti-stab wheel kit when shortening the suspension rail or removing the rail tip protectors</bullet4>
    <bullet5>Installation instructions are included</bullet5>
    <bullet6>It is recommended to use thread lock when installing bolts.</bullet6>
    <bullet7/>
    <bullet8/>
    <bullet9/>
    <bullet10/>
    <bullet11/>
    <bullet12/>
    <bullet13/>
    <bullet14/>
    <bullet15/>
    <bullet16/>
    <bullet17/>
    <bullet18/>
    <bullet19/>
    <bullet20/>
    <bullet21/>
    <bullet22/>
    <bullet23/>
    <bullet24/>
    <vendorPriceUpdateDate>2023-04-22 00:00:00</vendorPriceUpdateDate>
  </part>
  <part>
    <partNumber>47020075</partNumber>
    <punctuatedPartNumber>4702-0075</punctuatedPartNumber>
    <partStatusDescription>STANDARD</partStatusDescription>
    <partDescription>Anti-Stab Wheel Kit - Centered - For 8-5/8" Shaft</partDescription>
    <unitOfMeasure>Kit</unitOfMeasure>
    <brandName>WAHL BROS. RACING</brandName>
    <supplierNumber>02-793A</supplierNumber>
    <specialInstructions>Discontinued Per Buyer</specialInstructions>
    <baseDealerPrice>114.95</baseDealerPrice>
    <yourDealerPrice>114.95</yourDealerPrice>
    <baseRetailPrice>164.95</baseRetailPrice>
    <originalRetailPrice>149.95</originalRetailPrice>
    <partImage>http://asset.lemansnet.com/z/L0YvQi81L0ZCNUUwMjJFLTQzNzctNDRBOS1BNTk0LUZCMzcwNkM3NDg1OA==</partImage>
    <productId>0799065858</productId>
    <productName>Anti-Stab Wheel Kit</productName>
    <productImage>http://asset.lemansnet.com/z/LzQvNS9GLzQ1RjE2OURBLUJEQUMtNDk2NS1BNEEyLTg5RUZEMjk2NTk0MA==</productImage>
    <bullet1>Use to keep the track from contacting rail tips</bullet1>
    <bullet2>Centered kits are for suspensions with offset or dual limiter straps</bullet2>
    <bullet3>Split wheel kits are for suspensions with centered limiter straps</bullet3>
    <bullet4>It is necessary to install an anti-stab wheel kit when shortening the suspension rail or removing the rail tip protectors</bullet4>
    <bullet5>Installation instructions are included</bullet5>
    <bullet6>It is recommended to use thread lock when installing bolts.</bullet6>
    <bullet7/>
    <bullet8/>
    <bullet9/>
    <bullet10/>
    <bullet11/>
    <bullet12/>
    <bullet13/>
    <bullet14/>
    <bullet15/>
    <bullet16/>
    <bullet17/>
    <bullet18/>
    <bullet19/>
    <bullet20/>
    <bullet21/>
    <bullet22/>
    <bullet23/>
    <bullet24/>
    <vendorPriceUpdateDate>2023-04-22 00:00:00</vendorPriceUpdateDate>
  </part>
  <part>
    <partNumber>12410007</partNumber>
    <punctuatedPartNumber>1241-0007</punctuatedPartNumber>
    <partStatusDescription>STANDARD</partStatusDescription>
    <partDescription>No-Slip Drive Sprocket - 8-Tooth</partDescription>
    <unitOfMeasure>Pair</unitOfMeasure>
    <brandName>WAHL BROS. RACING</brandName>
    <supplierNumber>02-577A</supplierNumber>
    <specialInstructions/>
    <baseDealerPrice>149.95</baseDealerPrice>
    <yourDealerPrice>149.95</yourDealerPrice>
    <baseRetailPrice>214.95</baseRetailPrice>
    <originalRetailPrice>209.95</originalRetailPrice>
    <partImage>http://asset.lemansnet.com/z/L0MvNS9BL0M1QTNFQ0E5LUI5Q0MtNDcwQS04RTUyLUNENTE0Mzg5ODczQg==</partImage>
    <productId>1265852364</productId>
    <productName>No Slip Drive Sprocket™</productName>
    <productImage>http://asset.lemansnet.com/z/L0MvNS9BL0M1QTNFQ0E5LUI5Q0MtNDcwQS04RTUyLUNENTE0Mzg5ODczQg==</productImage>
    <bullet1>Specifically designed for less rotating mass</bullet1>
    <bullet2>Built to drive off of four track lugs and track clips at the same time (on full windowed tracks only)</bullet2>
    <bullet3>Extra involutes are eliminated with these sprockets</bullet3>
    <bullet4>Some models will require the front of the slide rails to be shortened for clearance. It is recommended that the skid frame be installed without the springs and cycled to check rail tip clearance.</bullet4>
    <bullet5/>
    <bullet6/>
    <bullet7/>
    <bullet8/>
    <bullet9/>
    <bullet10/>
    <bullet11/>
    <bullet12/>
    <bullet13/>
    <bullet14/>
    <bullet15/>
    <bullet16/>
    <bullet17/>
    <bullet18/>
    <bullet19/>
    <bullet20/>
    <bullet21/>
    <bullet22/>
    <bullet23/>
    <bullet24/>
    <vendorPriceUpdateDate>2023-04-22 00:00:00</vendorPriceUpdateDate>
  </part>
  <part>
    <partNumber>12410010</partNumber>
    <punctuatedPartNumber>1241-0010</punctuatedPartNumber>
    <partStatusDescription>STANDARD</partStatusDescription>
    <partDescription>No-Slip Drive Sprocket - 9-Tooth</partDescription>
    <unitOfMeasure>Pair</unitOfMeasure>
    <brandName>WAHL BROS. RACING</brandName>
    <supplierNumber>02-581A</supplierNumber>
    <specialInstructions/>
    <baseDealerPrice>157.95</baseDealerPrice>
    <yourDealerPrice>157.95</yourDealerPrice>
    <baseRetailPrice>225.95</baseRetailPrice>
    <originalRetailPrice>219.95</originalRetailPrice>
    <partImage>http://asset.lemansnet.com/z/L0MvNS9BL0M1QTNFQ0E5LUI5Q0MtNDcwQS04RTUyLUNENTE0Mzg5ODczQg==</partImage>
    <productId>0082218601</productId>
    <productName>No Slip Drive Sprocket™</productName>
    <productImage>http://asset.lemansnet.com/z/L0MvNS9BL0M1QTNFQ0E5LUI5Q0MtNDcwQS04RTUyLUNENTE0Mzg5ODczQg==</productImage>
    <bullet1>Specifically designed for less rotating mass</bullet1>
    <bullet2>Built to drive off of four track lugs and track clips at the same time (on full windowed tracks only)</bullet2>
    <bullet3>Extra involutes are eliminated with these sprockets</bullet3>
    <bullet4>Some models will require the front of the slide rails to be shortened for clearance. It is recommended that the skid frame be installed without the springs and cycled to check rail tip clearance.</bullet4>
    <bullet5/>
    <bullet6/>
    <bullet7/>
    <bullet8/>
    <bullet9/>
    <bullet10/>
    <bullet11/>
    <bullet12/>
    <bullet13/>
    <bullet14/>
    <bullet15/>
    <bullet16/>
    <bullet17/>
    <bullet18/>
    <bullet19/>
    <bullet20/>
    <bullet21/>
    <bullet22/>
    <bullet23/>
    <bullet24/>
    <vendorPriceUpdateDate>2023-04-22 00:00:00</vendorPriceUpdateDate>
  </part>
  <part>
    <partNumber>12410013</partNumber>
    <punctuatedPartNumber>1241-0013</punctuatedPartNumber>
    <partStatusDescription>STANDARD</partStatusDescription>
    <partDescription>No-Slip Drive Sprocket - 10-Tooth</partDescription>
    <unitOfMeasure>Pair</unitOfMeasure>
    <brandName>WAHL BROS. RACING</brandName>
    <supplierNumber>02-585A</supplierNumber>
    <specialInstructions>Discontinued Per Buyer</specialInstructions>
    <baseDealerPrice>163.95</baseDealerPrice>
    <yourDealerPrice>163.95</yourDealerPrice>
    <baseRetailPrice>234.95</baseRetailPrice>
    <originalRetailPrice>229.95</originalRetailPrice>
    <partImage>http://asset.lemansnet.com/z/L0MvNS9BL0M1QTNFQ0E5LUI5Q0MtNDcwQS04RTUyLUNENTE0Mzg5ODczQg==</partImage>
    <productId>0025085014</productId>
    <productName>No Slip Drive Sprocket™</productName>
    <productImage>http://asset.lemansnet.com/z/L0MvNS9BL0M1QTNFQ0E5LUI5Q0MtNDcwQS04RTUyLUNENTE0Mzg5ODczQg==</productImage>
    <bullet1>Specifically designed for less rotating mass</bullet1>
    <bullet2>Built to drive off of four track lugs and track clips at the same time (on full windowed tracks only)</bullet2>
    <bullet3>Extra involutes are eliminated with these sprockets</bullet3>
    <bullet4>Some models will require the front of the slide rails to be shortened for clearance. It is recommended that the skid frame be installed without the springs and cycled to check rail tip clearance.</bullet4>
    <bullet5/>
    <bullet6/>
    <bullet7/>
    <bullet8/>
    <bullet9/>
    <bullet10/>
    <bullet11/>
    <bullet12/>
    <bullet13/>
    <bullet14/>
    <bullet15/>
    <bullet16/>
    <bullet17/>
    <bullet18/>
    <bullet19/>
    <bullet20/>
    <bullet21/>
    <bullet22/>
    <bullet23/>
    <bullet24/>
    <vendorPriceUpdateDate>2023-04-22 00:00:00</vendorPriceUpdateDate>
  </part>
  <part>
    <partNumber>12410015</partNumber>
    <punctuatedPartNumber>1241-0015</punctuatedPartNumber>
    <partStatusDescription>STANDARD</partStatusDescription>
    <partDescription>No-Slip Drive Sprocket - 7-Tooth</partDescription>
    <unitOfMeasure>Pair</unitOfMeasure>
    <brandName>WAHL BROS. RACING</brandName>
    <supplierNumber>02-587A</supplierNumber>
    <specialInstructions>N/F RX1 02JDS</specialInstructions>
    <baseDealerPrice>157.95</baseDealerPrice>
    <yourDealerPrice>157.95</yourDealerPrice>
    <baseRetailPrice>225.95</baseRetailPrice>
    <originalRetailPrice>219.95</originalRetailPrice>
    <partImage>http://asset.lemansnet.com/z/L0MvNS9BL0M1QTNFQ0E5LUI5Q0MtNDcwQS04RTUyLUNENTE0Mzg5ODczQg==</partImage>
    <productId>1265852364</productId>
    <productName>No Slip Drive Sprocket™</productName>
    <productImage>http://asset.lemansnet.com/z/L0MvNS9BL0M1QTNFQ0E5LUI5Q0MtNDcwQS04RTUyLUNENTE0Mzg5ODczQg==</productImage>
    <bullet1>Specifically designed for less rotating mass</bullet1>
    <bullet2>Built to drive off of four track lugs and track clips at the same time (on full windowed tracks only)</bullet2>
    <bullet3>Extra involutes are eliminated with these sprockets</bullet3>
    <bullet4>Some models will require the front of the slide rails to be shortened for clearance. It is recommended that the skid frame be installed without the springs and cycled to check rail tip clearance.</bullet4>
    <bullet5/>
    <bullet6/>
    <bullet7/>
    <bullet8/>
    <bullet9/>
    <bullet10/>
    <bullet11/>
    <bullet12/>
    <bullet13/>
    <bullet14/>
    <bullet15/>
    <bullet16/>
    <bullet17/>
    <bullet18/>
    <bullet19/>
    <bullet20/>
    <bullet21/>
    <bullet22/>
    <bullet23/>
    <bullet24/>
    <vendorPriceUpdateDate>2023-04-22 00:00:00</vendorPriceUpdateDate>
  </part>
  <part>
    <partNumber>12410023</partNumber>
    <punctuatedPartNumber>1241-0023</punctuatedPartNumber>
    <partStatusDescription>STANDARD</partStatusDescription>
    <partDescription>No-Slip Drive Sprocket - 8 Tooth - 2.86" Pitch - Polaris</partDescription>
    <unitOfMeasure>Pair</unitOfMeasure>
    <brandName>WAHL BROS. RACING</brandName>
    <supplierNumber>02-551A</supplierNumber>
    <specialInstructions/>
    <baseDealerPrice>189.95</baseDealerPrice>
    <yourDealerPrice>189.95</yourDealerPrice>
    <baseRetailPrice>259.95</baseRetailPrice>
    <originalRetailPrice>239.95</originalRetailPrice>
    <partImage>http://asset.lemansnet.com/z/L0MvNS9BL0M1QTNFQ0E5LUI5Q0MtNDcwQS04RTUyLUNENTE0Mzg5ODczQg==</partImage>
    <productId>1265852364</productId>
    <productName>No Slip Drive Sprocket™</productName>
    <productImage>http://asset.lemansnet.com/z/L0MvNS9BL0M1QTNFQ0E5LUI5Q0MtNDcwQS04RTUyLUNENTE0Mzg5ODczQg==</productImage>
    <bullet1>Specifically designed for less rotating mass</bullet1>
    <bullet2>Built to drive off of four track lugs and track clips at the same time (on full windowed tracks only)</bullet2>
    <bullet3>Extra involutes are eliminated with these sprockets</bullet3>
    <bullet4>Some models will require the front of the slide rails to be shortened for clearance. It is recommended that the skid frame be installed without the springs and cycled to check rail tip clearance.</bullet4>
    <bullet5/>
    <bullet6/>
    <bullet7/>
    <bullet8/>
    <bullet9/>
    <bullet10/>
    <bullet11/>
    <bullet12/>
    <bullet13/>
    <bullet14/>
    <bullet15/>
    <bullet16/>
    <bullet17/>
    <bullet18/>
    <bullet19/>
    <bullet20/>
    <bullet21/>
    <bullet22/>
    <bullet23/>
    <bullet24/>
    <vendorPriceUpdateDate>2023-04-22 00:00:00</vendorPriceUpdateDate>
  </part>
</root>
