<root>
  <part>
    <partNumber>46020210</partNumber>
    <punctuatedPartNumber>4602-0210</punctuatedPartNumber>
    <partStatusDescription>STANDARD</partStatusDescription>
    <partDescription>SKIS C&amp;A TMX ORANGE</partDescription>
    <unitOfMeasure>PR</unitOfMeasure>
    <brandName>C&amp;A PRO</brandName>
    <supplierNumber>77100428</supplierNumber>
    <specialInstructions/>
    <baseDealerPrice>328.97</baseDealerPrice>
    <yourDealerPrice>328.97</yourDealerPrice>
    <baseRetailPrice>469.95</baseRetailPrice>
    <originalRetailPrice>469.95</originalRetailPrice>
    <partImage>http://asset.lemansnet.com/z/L0QvQS81L0RBNTIzQ0U1LTQyMkMtNDZEMy1CRjg1LTc5MDgwNjgzRDgwNQ==</partImage>
    <productId>0054971397</productId>
    <productName>SKIS C&amp;A TMX ORANGE</productName>
    <productImage/>
    <bullet1/>
    <bullet2/>
    <bullet3/>
    <bullet4/>
    <bullet5/>
    <bullet6/>
    <bullet7/>
    <bullet8/>
    <bullet9/>
    <bullet10/>
    <bullet11/>
    <bullet12/>
    <bullet13/>
    <bullet14/>
    <bullet15/>
    <bullet16/>
    <bullet17/>
    <bullet18/>
    <bullet19/>
    <bullet20/>
    <bullet21/>
    <bullet22/>
    <bullet23/>
    <bullet24/>
    <vendorPriceUpdateDate>2024-05-16 00:00:00</vendorPriceUpdateDate>
  </part>
  <part>
    <partNumber>46020012</partNumber>
    <punctuatedPartNumber>4602-0012</punctuatedPartNumber>
    <partStatusDescription>STANDARD</partStatusDescription>
    <partDescription>Razor RZ Skis - Black - 6" - Pair</partDescription>
    <unitOfMeasure>Pair</unitOfMeasure>
    <brandName>C&amp;A PRO</brandName>
    <supplierNumber>77020320</supplierNumber>
    <specialInstructions/>
    <baseDealerPrice>244.97</baseDealerPrice>
    <yourDealerPrice>244.97</yourDealerPrice>
    <baseRetailPrice>349.95</baseRetailPrice>
    <originalRetailPrice>399.95</originalRetailPrice>
    <partImage>http://asset.lemansnet.com/z/LzYvQS84LzZBODZGMjNBLTA1QjItNEJEMy1CNTRFLUIxOUZCNTdCMTNCOQ==</partImage>
    <productId>1825591287</productId>
    <productName>Razor RZ Skis</productName>
    <productImage>http://asset.lemansnet.com/z/L0UvQi9EL0VCRDBCMDQzLUUwQjgtNDBFRC05OUE4LTY5NEM0RkE4RTIxQw==</productImage>
    <bullet1>Skis come out of the mold flat, then tips are bent into place, causing a natural outward pressure</bullet1>
    <bullet2>Preloaded tips absorb much of a bump’s load before it reaches the sled</bullet2>
    <bullet3>While other plastic skis use rigid, bolted-on metal mounting saddles, the patented C &amp; A all-plastic saddle is molded into the ski, allowing the most flex and reverse flex around</bullet3>
    <bullet4>Simple 90° angles on a square keel and flat-bottom design floats on the snow instead of relying on engineered-in lift the way other skis do</bullet4>
    <bullet5>Exclusive ball and cup ski tip loop assembly reduces rigidity and increases tip flexibility</bullet5>
    <bullet6>Mounting kit must be purchased separately</bullet6>
    <bullet7>High-performance Razor Ski has been designed to provide aggressive control for experienced riders and racers</bullet7>
    <bullet8>Features are very similar to the ADX ski but with "V" shaped outboard keels</bullet8>
    <bullet9>Total weight is 6.6 lbs. (including handle)</bullet9>
    <bullet10/>
    <bullet11/>
    <bullet12/>
    <bullet13/>
    <bullet14/>
    <bullet15/>
    <bullet16/>
    <bullet17/>
    <bullet18/>
    <bullet19/>
    <bullet20/>
    <bullet21/>
    <bullet22/>
    <bullet23/>
    <bullet24/>
    <vendorPriceUpdateDate>2023-04-22 00:00:00</vendorPriceUpdateDate>
  </part>
  <part>
    <partNumber>46020013</partNumber>
    <punctuatedPartNumber>4602-0013</punctuatedPartNumber>
    <partStatusDescription>STANDARD</partStatusDescription>
    <partDescription>Razor RZ Skis - Red - 6" - Pair</partDescription>
    <unitOfMeasure>Pair</unitOfMeasure>
    <brandName>C&amp;A PRO</brandName>
    <supplierNumber>77050320</supplierNumber>
    <specialInstructions/>
    <baseDealerPrice>244.97</baseDealerPrice>
    <yourDealerPrice>244.97</yourDealerPrice>
    <baseRetailPrice>349.95</baseRetailPrice>
    <originalRetailPrice>399.95</originalRetailPrice>
    <partImage>http://asset.lemansnet.com/z/L0UvQi9EL0VCRDBCMDQzLUUwQjgtNDBFRC05OUE4LTY5NEM0RkE4RTIxQw==</partImage>
    <productId>1825591287</productId>
    <productName>Razor RZ Skis</productName>
    <productImage>http://asset.lemansnet.com/z/L0UvQi9EL0VCRDBCMDQzLUUwQjgtNDBFRC05OUE4LTY5NEM0RkE4RTIxQw==</productImage>
    <bullet1>Skis come out of the mold flat, then tips are bent into place, causing a natural outward pressure</bullet1>
    <bullet2>Preloaded tips absorb much of a bump’s load before it reaches the sled</bullet2>
    <bullet3>While other plastic skis use rigid, bolted-on metal mounting saddles, the patented C &amp; A all-plastic saddle is molded into the ski, allowing the most flex and reverse flex around</bullet3>
    <bullet4>Simple 90° angles on a square keel and flat-bottom design floats on the snow instead of relying on engineered-in lift the way other skis do</bullet4>
    <bullet5>Exclusive ball and cup ski tip loop assembly reduces rigidity and increases tip flexibility</bullet5>
    <bullet6>Mounting kit must be purchased separately</bullet6>
    <bullet7>High-performance Razor Ski has been designed to provide aggressive control for experienced riders and racers</bullet7>
    <bullet8>Features are very similar to the ADX ski but with "V" shaped outboard keels</bullet8>
    <bullet9>Total weight is 6.6 lbs. (including handle)</bullet9>
    <bullet10/>
    <bullet11/>
    <bullet12/>
    <bullet13/>
    <bullet14/>
    <bullet15/>
    <bullet16/>
    <bullet17/>
    <bullet18/>
    <bullet19/>
    <bullet20/>
    <bullet21/>
    <bullet22/>
    <bullet23/>
    <bullet24/>
    <vendorPriceUpdateDate>2023-04-22 00:00:00</vendorPriceUpdateDate>
  </part>
  <part>
    <partNumber>46020014</partNumber>
    <punctuatedPartNumber>4602-0014</punctuatedPartNumber>
    <partStatusDescription>STANDARD</partStatusDescription>
    <partDescription>Razor RZ Skis - Blue - 6" - Pair</partDescription>
    <unitOfMeasure>Pair</unitOfMeasure>
    <brandName>C&amp;A PRO</brandName>
    <supplierNumber>77260320</supplierNumber>
    <specialInstructions/>
    <baseDealerPrice>244.97</baseDealerPrice>
    <yourDealerPrice>244.97</yourDealerPrice>
    <baseRetailPrice>349.95</baseRetailPrice>
    <originalRetailPrice>399.95</originalRetailPrice>
    <partImage>http://asset.lemansnet.com/z/L0EvNy81L0E3NTM2NTE5LTg3N0QtNDE3QS1CNTRELTEyRDU4Njg3REJGMQ==</partImage>
    <productId>1825591287</productId>
    <productName>Razor RZ Skis</productName>
    <productImage>http://asset.lemansnet.com/z/L0UvQi9EL0VCRDBCMDQzLUUwQjgtNDBFRC05OUE4LTY5NEM0RkE4RTIxQw==</productImage>
    <bullet1>Skis come out of the mold flat, then tips are bent into place, causing a natural outward pressure</bullet1>
    <bullet2>Preloaded tips absorb much of a bump’s load before it reaches the sled</bullet2>
    <bullet3>While other plastic skis use rigid, bolted-on metal mounting saddles, the patented C &amp; A all-plastic saddle is molded into the ski, allowing the most flex and reverse flex around</bullet3>
    <bullet4>Simple 90° angles on a square keel and flat-bottom design floats on the snow instead of relying on engineered-in lift the way other skis do</bullet4>
    <bullet5>Exclusive ball and cup ski tip loop assembly reduces rigidity and increases tip flexibility</bullet5>
    <bullet6>Mounting kit must be purchased separately</bullet6>
    <bullet7>High-performance Razor Ski has been designed to provide aggressive control for experienced riders and racers</bullet7>
    <bullet8>Features are very similar to the ADX ski but with "V" shaped outboard keels</bullet8>
    <bullet9>Total weight is 6.6 lbs. (including handle)</bullet9>
    <bullet10/>
    <bullet11/>
    <bullet12/>
    <bullet13/>
    <bullet14/>
    <bullet15/>
    <bullet16/>
    <bullet17/>
    <bullet18/>
    <bullet19/>
    <bullet20/>
    <bullet21/>
    <bullet22/>
    <bullet23/>
    <bullet24/>
    <vendorPriceUpdateDate>2023-04-22 00:00:00</vendorPriceUpdateDate>
  </part>
  <part>
    <partNumber>46020040</partNumber>
    <punctuatedPartNumber>4602-0040</punctuatedPartNumber>
    <partStatusDescription>STANDARD</partStatusDescription>
    <partDescription>Razor RZ Skis - White - 6" - Pair</partDescription>
    <unitOfMeasure>Pair</unitOfMeasure>
    <brandName>C&amp;A PRO</brandName>
    <supplierNumber>77010320</supplierNumber>
    <specialInstructions/>
    <baseDealerPrice>264.97</baseDealerPrice>
    <yourDealerPrice>264.97</yourDealerPrice>
    <baseRetailPrice>369.95</baseRetailPrice>
    <originalRetailPrice>439.95</originalRetailPrice>
    <partImage>http://asset.lemansnet.com/z/LzIvMC8xLzIwMUFCREFFLTVDNTktNEMzRi1BOTFELUQ5QkY4NjQ3NzczMQ==</partImage>
    <productId>1825591287</productId>
    <productName>Razor RZ Skis</productName>
    <productImage>http://asset.lemansnet.com/z/L0UvQi9EL0VCRDBCMDQzLUUwQjgtNDBFRC05OUE4LTY5NEM0RkE4RTIxQw==</productImage>
    <bullet1>Skis come out of the mold flat, then tips are bent into place, causing a natural outward pressure</bullet1>
    <bullet2>Preloaded tips absorb much of a bump’s load before it reaches the sled</bullet2>
    <bullet3>While other plastic skis use rigid, bolted-on metal mounting saddles, the patented C &amp; A all-plastic saddle is molded into the ski, allowing the most flex and reverse flex around</bullet3>
    <bullet4>Simple 90° angles on a square keel and flat-bottom design floats on the snow instead of relying on engineered-in lift the way other skis do</bullet4>
    <bullet5>Exclusive ball and cup ski tip loop assembly reduces rigidity and increases tip flexibility</bullet5>
    <bullet6>Mounting kit must be purchased separately</bullet6>
    <bullet7>High-performance Razor Ski has been designed to provide aggressive control for experienced riders and racers</bullet7>
    <bullet8>Features are very similar to the ADX ski but with "V" shaped outboard keels</bullet8>
    <bullet9>Total weight is 6.6 lbs. (including handle)</bullet9>
    <bullet10/>
    <bullet11/>
    <bullet12/>
    <bullet13/>
    <bullet14/>
    <bullet15/>
    <bullet16/>
    <bullet17/>
    <bullet18/>
    <bullet19/>
    <bullet20/>
    <bullet21/>
    <bullet22/>
    <bullet23/>
    <bullet24/>
    <vendorPriceUpdateDate>2023-04-22 00:00:00</vendorPriceUpdateDate>
  </part>
  <part>
    <partNumber>46020043</partNumber>
    <punctuatedPartNumber>4602-0043</punctuatedPartNumber>
    <partStatusDescription>STANDARD</partStatusDescription>
    <partDescription>MTX Mountain and Trail Skis - Black - 8"</partDescription>
    <unitOfMeasure>Pair</unitOfMeasure>
    <brandName>C&amp;A PRO</brandName>
    <supplierNumber>77020392</supplierNumber>
    <specialInstructions/>
    <baseDealerPrice>328.97</baseDealerPrice>
    <yourDealerPrice>328.97</yourDealerPrice>
    <baseRetailPrice>469.95</baseRetailPrice>
    <originalRetailPrice>459.95</originalRetailPrice>
    <partImage>http://asset.lemansnet.com/z/LzYvMy83LzYzN0UxMjJGLUZEM0YtNERCMS04QjBFLTIxMDc3QUNCRUU0NSwvMy83LzMvMzczNzM3NTctQUMyRC00QUIzLTkzMkItMjAwQkI0MzBGODBB</partImage>
    <productId>0220997414</productId>
    <productName>MTX Mountain and Trail Skis</productName>
    <productImage>http://asset.lemansnet.com/z/LzcvRS82LzdFNjAxNkI2LTQxMDItNDk3OC1BODU3LUQwRjg5RjNCODFEMw==</productImage>
    <bullet1>Skis are designed for top performance top modern 4-stroke machines in deep powder conditions that demand maximum flotation and agile steering</bullet1>
    <bullet2>8" wide profile; the additional width provides an extended surface to give the front-end-lift needed in powder to reduce drag on components under the sled</bullet2>
    <bullet3>Skis feature X Edge 90° design with rounded outer ribs and a contoured center keel for easy maneuverability when trail riding</bullet3>
    <bullet4>Overall design is optimized to minimize weight with the increased width; just 6.8 lbs. with handle</bullet4>
    <bullet5>Uses same handle, carbides and mounting kits as all other C&amp;A skis</bullet5>
    <bullet6>Extra rear heel height for good carry in reverse</bullet6>
    <bullet7>Adjustable flexible tip</bullet7>
    <bullet8/>
    <bullet9/>
    <bullet10/>
    <bullet11/>
    <bullet12/>
    <bullet13/>
    <bullet14/>
    <bullet15/>
    <bullet16/>
    <bullet17/>
    <bullet18/>
    <bullet19/>
    <bullet20/>
    <bullet21/>
    <bullet22/>
    <bullet23/>
    <bullet24/>
    <vendorPriceUpdateDate>2023-04-22 00:00:00</vendorPriceUpdateDate>
  </part>
  <part>
    <partNumber>46020046</partNumber>
    <punctuatedPartNumber>4602-0046</punctuatedPartNumber>
    <partStatusDescription>DISCONTINUED</partStatusDescription>
    <partDescription>MTX Mountain and Trail Skis - Yellow - 8"</partDescription>
    <unitOfMeasure>Pair</unitOfMeasure>
    <brandName>C&amp;A PRO</brandName>
    <supplierNumber>77170392</supplierNumber>
    <specialInstructions>Discontinued Item</specialInstructions>
    <baseDealerPrice>328.97</baseDealerPrice>
    <yourDealerPrice>328.97</yourDealerPrice>
    <baseRetailPrice>0.00</baseRetailPrice>
    <originalRetailPrice>459.95</originalRetailPrice>
    <partImage>http://asset.lemansnet.com/z/LzIvNS9ELzI1RDY3Q0VCLTMwREEtNEZFRi1BQTUwLTJGRDQ5MzA5NEUyOQ==</partImage>
    <productId>0993685981</productId>
    <productName>MTX Mountain and Trail Skis</productName>
    <productImage>http://asset.lemansnet.com/z/LzcvRS82LzdFNjAxNkI2LTQxMDItNDk3OC1BODU3LUQwRjg5RjNCODFEMw==</productImage>
    <bullet1>Skis are designed for top performance top modern 4-stroke machines in deep powder conditions that demand maximum flotation and agile steering</bullet1>
    <bullet2>8" wide profile; the additional width provides an extended surface to give the front-end-lift needed in powder to reduce drag on components under the sled</bullet2>
    <bullet3>Skis feature X Edge 90° design with rounded outer ribs and a contoured center keel for easy maneuverability when trail riding</bullet3>
    <bullet4>Overall design is optimized to minimize weight with the increased width; just 6.8 lbs. with handle</bullet4>
    <bullet5>Uses same handle, carbides and mounting kits as all other C&amp;A skis</bullet5>
    <bullet6>Extra rear heel height for good carry in reverse</bullet6>
    <bullet7>Adjustable flexible tip</bullet7>
    <bullet8/>
    <bullet9/>
    <bullet10/>
    <bullet11/>
    <bullet12/>
    <bullet13/>
    <bullet14/>
    <bullet15/>
    <bullet16/>
    <bullet17/>
    <bullet18/>
    <bullet19/>
    <bullet20/>
    <bullet21/>
    <bullet22/>
    <bullet23/>
    <bullet24/>
    <vendorPriceUpdateDate>2023-04-22 00:00:00</vendorPriceUpdateDate>
  </part>
  <part>
    <partNumber>46020060</partNumber>
    <punctuatedPartNumber>4602-0060</punctuatedPartNumber>
    <partStatusDescription>STANDARD</partStatusDescription>
    <partDescription>Mount Kit - 10 mm</partDescription>
    <unitOfMeasure>Pair</unitOfMeasure>
    <brandName>C&amp;A PRO</brandName>
    <supplierNumber>76000294</supplierNumber>
    <specialInstructions>N/F 16 MODELS> 46030102 02JDS</specialInstructions>
    <baseDealerPrice>34.97</baseDealerPrice>
    <yourDealerPrice>34.97</yourDealerPrice>
    <baseRetailPrice>49.95</baseRetailPrice>
    <originalRetailPrice>45.95</originalRetailPrice>
    <partImage>http://asset.lemansnet.com/z/LzkvQy8zLzlDMzNDMjlBLUVCQTQtNDIwMS04RDFGLUNCQ0E4MTgyOUNFOA==</partImage>
    <productId>0200841573</productId>
    <productName>Ski Mounting Kit</productName>
    <productImage>http://asset.lemansnet.com/z/LzAvQS8xLzBBMUU1QTMzLTMxODMtNDFBRi1BMzhFLTQ0MzIxRDY0RkEyOQ==</productImage>
    <bullet1>Includes; 2 bolts, 2 nuts, 2 rubber dampeners, 4 bushings, 4 washers</bullet1>
    <bullet2/>
    <bullet3/>
    <bullet4/>
    <bullet5/>
    <bullet6/>
    <bullet7/>
    <bullet8/>
    <bullet9/>
    <bullet10/>
    <bullet11/>
    <bullet12/>
    <bullet13/>
    <bullet14/>
    <bullet15/>
    <bullet16/>
    <bullet17/>
    <bullet18/>
    <bullet19/>
    <bullet20/>
    <bullet21/>
    <bullet22/>
    <bullet23/>
    <bullet24/>
    <vendorPriceUpdateDate>2023-04-22 00:00:00</vendorPriceUpdateDate>
  </part>
  <part>
    <partNumber>46020061</partNumber>
    <punctuatedPartNumber>4602-0061</punctuatedPartNumber>
    <partStatusDescription>STANDARD</partStatusDescription>
    <partDescription>Mount Kit - 10 mm</partDescription>
    <unitOfMeasure>Pair</unitOfMeasure>
    <brandName>C&amp;A PRO</brandName>
    <supplierNumber>76000224</supplierNumber>
    <specialInstructions/>
    <baseDealerPrice>34.97</baseDealerPrice>
    <yourDealerPrice>34.97</yourDealerPrice>
    <baseRetailPrice>49.95</baseRetailPrice>
    <originalRetailPrice>45.95</originalRetailPrice>
    <partImage>http://asset.lemansnet.com/z/LzAvNi9DLzA2Q0IyQjVGLUZFOTQtNEY3OS1BQjY5LTg0ODczNEY3N0EzOA==</partImage>
    <productId>0200841573</productId>
    <productName>Ski Mounting Kit</productName>
    <productImage>http://asset.lemansnet.com/z/LzAvQS8xLzBBMUU1QTMzLTMxODMtNDFBRi1BMzhFLTQ0MzIxRDY0RkEyOQ==</productImage>
    <bullet1>Includes; 2 bolts, 2 nuts, 2 rubber dampeners, 4 bushings, 4 washers</bullet1>
    <bullet2/>
    <bullet3/>
    <bullet4/>
    <bullet5/>
    <bullet6/>
    <bullet7/>
    <bullet8/>
    <bullet9/>
    <bullet10/>
    <bullet11/>
    <bullet12/>
    <bullet13/>
    <bullet14/>
    <bullet15/>
    <bullet16/>
    <bullet17/>
    <bullet18/>
    <bullet19/>
    <bullet20/>
    <bullet21/>
    <bullet22/>
    <bullet23/>
    <bullet24/>
    <vendorPriceUpdateDate>2023-04-22 00:00:00</vendorPriceUpdateDate>
  </part>
  <part>
    <partNumber>CAY</partNumber>
    <punctuatedPartNumber>CA-Y</punctuatedPartNumber>
    <partStatusDescription>STANDARD</partStatusDescription>
    <partDescription>Mount Kit - 10 mm</partDescription>
    <unitOfMeasure>Pair</unitOfMeasure>
    <brandName>C&amp;A PRO</brandName>
    <supplierNumber>76000189</supplierNumber>
    <specialInstructions/>
    <baseDealerPrice>34.97</baseDealerPrice>
    <yourDealerPrice>34.97</yourDealerPrice>
    <baseRetailPrice>49.95</baseRetailPrice>
    <originalRetailPrice>45.95</originalRetailPrice>
    <partImage>http://asset.lemansnet.com/z/L0MvOC85L0M4OTNENzZDLUI4NjQtNDc3Qi04QkQ1LTQ5Mjc1N0ZBQ0YzNQ==</partImage>
    <productId>0200841573</productId>
    <productName>Ski Mounting Kit</productName>
    <productImage>http://asset.lemansnet.com/z/LzAvQS8xLzBBMUU1QTMzLTMxODMtNDFBRi1BMzhFLTQ0MzIxRDY0RkEyOQ==</productImage>
    <bullet1>Includes; 2 bolts, 2 nuts, 2 rubber dampeners, 4 bushings, 4 washers</bullet1>
    <bullet2/>
    <bullet3/>
    <bullet4/>
    <bullet5/>
    <bullet6/>
    <bullet7/>
    <bullet8/>
    <bullet9/>
    <bullet10/>
    <bullet11/>
    <bullet12/>
    <bullet13/>
    <bullet14/>
    <bullet15/>
    <bullet16/>
    <bullet17/>
    <bullet18/>
    <bullet19/>
    <bullet20/>
    <bullet21/>
    <bullet22/>
    <bullet23/>
    <bullet24/>
    <vendorPriceUpdateDate>2023-04-22 00:00:00</vendorPriceUpdateDate>
  </part>
  <part>
    <partNumber>46020066</partNumber>
    <punctuatedPartNumber>4602-0066</punctuatedPartNumber>
    <partStatusDescription>STANDARD</partStatusDescription>
    <partDescription>BX Skis - Black - 7.25"</partDescription>
    <unitOfMeasure>Pair</unitOfMeasure>
    <brandName>C&amp;A PRO</brandName>
    <supplierNumber>77020399</supplierNumber>
    <specialInstructions/>
    <baseDealerPrice>328.97</baseDealerPrice>
    <yourDealerPrice>328.97</yourDealerPrice>
    <baseRetailPrice>469.95</baseRetailPrice>
    <originalRetailPrice>459.95</originalRetailPrice>
    <partImage>http://asset.lemansnet.com/z/LzIvOS84LzI5ODJGN0Q3LTA4OTAtNEU5My05QzgxLTg3MEEzQjZEODhFQw==</partImage>
    <productId>1679755187</productId>
    <productName>BX Mountain Boondocking Skis</productName>
    <productImage>http://asset.lemansnet.com/z/LzIvOS84LzI5ODJGN0Q3LTA4OTAtNEU5My05QzgxLTg3MEEzQjZEODhFQw==</productImage>
    <bullet1>Skis come out of the mold flat, then tips are bent into place, causing a natural outward pressure</bullet1>
    <bullet2>Preloaded tips absorb much of a bump’s load before it reaches the sled</bullet2>
    <bullet3>While other plastic skis use rigid, bolted-on metal mounting saddles, the patented C &amp; A all-plastic saddle is molded into the ski, allowing the most flex and reverse flex around</bullet3>
    <bullet4>Simple 90° angles on a square keel and flat-bottom design floats on the snow instead of relying on engineered-in lift the way other skis do</bullet4>
    <bullet5>Exclusive ball and cup ski tip loop assembly reduces rigidity and increases tip flexibility</bullet5>
    <bullet6>Mounting kit must be purchased separately</bullet6>
    <bullet7>Countless hours of R&amp;D and on-location to perfect a ski for today's lightweight mountain snowmobiles</bullet7>
    <bullet8>The BX has a progressively curved rocker on the bottom of the ski, on both sides of the keel, to allow riders a smooth transition when navigating through trees</bullet8>
    <bullet9>The integrated snow traction grooves on either side of the center keel aid the ski in maintaining grip on the snow at even the most severe angles</bullet9>
    <bullet10>The tail of the BX tapers to a slimmer profile to help initiate a transition into a side-hill for effortless navigation</bullet10>
    <bullet11>Ski also features a larger than normal kicked up tail to allow riders to use reverse in situations they never have been able to before</bullet11>
    <bullet12>Lastly, unlike any other aftermarket ski out there, the BX offers very desirable boot traction features on the top to help riders in deep snow boarding situations</bullet12>
    <bullet13>Although the BX is a new mountain ski, it is not a replacement for the MTX; it is simply an addition to the line-up</bullet13>
    <bullet14>The MTX ski works exceptionally well on today’s heavier 4-stroke sleds and on mountain trails</bullet14>
    <bullet15>This new BX ski works phenomenally on all the lighter weight 2-stroke mountain sleds</bullet15>
    <bullet16/>
    <bullet17/>
    <bullet18/>
    <bullet19/>
    <bullet20/>
    <bullet21/>
    <bullet22/>
    <bullet23/>
    <bullet24/>
    <vendorPriceUpdateDate>2023-04-22 00:00:00</vendorPriceUpdateDate>
  </part>
  <part>
    <partNumber>46020096</partNumber>
    <punctuatedPartNumber>4602-0096</punctuatedPartNumber>
    <partStatusDescription>STANDARD</partStatusDescription>
    <partDescription>XCS Ski - Red</partDescription>
    <unitOfMeasure>Each</unitOfMeasure>
    <brandName>C&amp;A PRO</brandName>
    <supplierNumber>77050410</supplierNumber>
    <specialInstructions/>
    <baseDealerPrice>342.97</baseDealerPrice>
    <yourDealerPrice>342.97</yourDealerPrice>
    <baseRetailPrice>489.95</baseRetailPrice>
    <originalRetailPrice>479.95</originalRetailPrice>
    <partImage>http://asset.lemansnet.com/z/L0YvNC85L0Y0OTZGREI2LURGNDMtNEQyNi05QkU2LTUxOUJFRURBQUJDMQ==</partImage>
    <productId>1983276134</productId>
    <productName>XCS Crossover Ski</productName>
    <productImage>http://asset.lemansnet.com/z/L0YvNC85L0Y0OTZGREI2LURGNDMtNEQyNi05QkU2LTUxOUJFRURBQUJDMQ==</productImage>
    <bullet1>Perfect ski for both deep snow and trail conditions</bullet1>
    <bullet2>Deep center keel for aggressive handling</bullet2>
    <bullet3>Snow scoops to maintain grip on trail and additional lift in deep snow</bullet3>
    <bullet4>Ski width: 6.75", length: 45", center keel height: 1", weight: 7.9 lb. per ski</bullet4>
    <bullet5/>
    <bullet6/>
    <bullet7/>
    <bullet8/>
    <bullet9/>
    <bullet10/>
    <bullet11/>
    <bullet12/>
    <bullet13/>
    <bullet14/>
    <bullet15/>
    <bullet16/>
    <bullet17/>
    <bullet18/>
    <bullet19/>
    <bullet20/>
    <bullet21/>
    <bullet22/>
    <bullet23/>
    <bullet24/>
    <vendorPriceUpdateDate>2023-04-22 00:00:00</vendorPriceUpdateDate>
  </part>
  <part>
    <partNumber>46020132</partNumber>
    <punctuatedPartNumber>4602-0132</punctuatedPartNumber>
    <partStatusDescription>STANDARD</partStatusDescription>
    <partDescription>XPT Ski - Green</partDescription>
    <unitOfMeasure>Pair</unitOfMeasure>
    <brandName>C&amp;A PRO</brandName>
    <supplierNumber>77380420</supplierNumber>
    <specialInstructions/>
    <baseDealerPrice>300.97</baseDealerPrice>
    <yourDealerPrice>300.97</yourDealerPrice>
    <baseRetailPrice>429.95</baseRetailPrice>
    <originalRetailPrice>419.95</originalRetailPrice>
    <partImage>http://asset.lemansnet.com/z/L0QvMS9BL0QxQUUxMDdDLUMxQzAtNDdGMC1CRDFELUNEOTc2NDY4M0ZFRA==</partImage>
    <productId>0912366559</productId>
    <productName>XPT Skis</productName>
    <productImage>http://asset.lemansnet.com/z/LzkvQS83LzlBNzA1QkE3LUNGNkEtNEYyMi04OEVBLTZBREU4OTM0NURENw==</productImage>
    <bullet1>Maximum width of 6.25" to give the ski a stable platform in both loose and hard pack trail conditions</bullet1>
    <bullet2>3/8" deep keels keep the machine track straight in a wide array of conditions</bullet2>
    <bullet3>3/4" deep center keel guides the XPT through all corners with confidence without the rider effort</bullet3>
    <bullet4>Tapered rear section and raised tail offer excellent off camber cornering and enable reversing out of any situation</bullet4>
    <bullet5/>
    <bullet6/>
    <bullet7/>
    <bullet8/>
    <bullet9/>
    <bullet10/>
    <bullet11/>
    <bullet12/>
    <bullet13/>
    <bullet14/>
    <bullet15/>
    <bullet16/>
    <bullet17/>
    <bullet18/>
    <bullet19/>
    <bullet20/>
    <bullet21/>
    <bullet22/>
    <bullet23/>
    <bullet24/>
    <vendorPriceUpdateDate>2023-04-22 00:00:00</vendorPriceUpdateDate>
  </part>
  <part>
    <partNumber>46030101</partNumber>
    <punctuatedPartNumber>4603-0101</punctuatedPartNumber>
    <partStatusDescription>STANDARD</partStatusDescription>
    <partDescription>Replacement Ski Handles - Orange - Pair</partDescription>
    <unitOfMeasure>Pair</unitOfMeasure>
    <brandName>C&amp;A PRO</brandName>
    <supplierNumber>77020375</supplierNumber>
    <specialInstructions/>
    <baseDealerPrice>49.46</baseDealerPrice>
    <yourDealerPrice>49.46</yourDealerPrice>
    <baseRetailPrice>65.95</baseRetailPrice>
    <originalRetailPrice>70.95</originalRetailPrice>
    <partImage>http://asset.lemansnet.com/z/LzEvNi8yLzE2MjI0MzA4LTUxMUItNENEQS1CODM5LTJBMzcwMEY0QUNCOQ==</partImage>
    <productId>1875090851</productId>
    <productName>Replacement Ski Handles</productName>
    <productImage>http://asset.lemansnet.com/z/LzQvRi83LzRGNzZDRDQzLUVFMkUtNDM3NC05RUM2LTBDNkE1QzE1MkNDNA==</productImage>
    <bullet1>Made of Ultra High Molecular Weight (UHMW) poly</bullet1>
    <bullet2>Direct replacements for all previous design C&amp;A handles</bullet2>
    <bullet3>Unmatched durability</bullet3>
    <bullet4>Hardware included</bullet4>
    <bullet5>Race legal</bullet5>
    <bullet6/>
    <bullet7/>
    <bullet8/>
    <bullet9/>
    <bullet10/>
    <bullet11/>
    <bullet12/>
    <bullet13/>
    <bullet14/>
    <bullet15/>
    <bullet16/>
    <bullet17/>
    <bullet18/>
    <bullet19/>
    <bullet20/>
    <bullet21/>
    <bullet22/>
    <bullet23/>
    <bullet24/>
    <vendorPriceUpdateDate>2019-04-09 00:00:00</vendorPriceUpdateDate>
  </part>
  <part>
    <partNumber>46030102</partNumber>
    <punctuatedPartNumber>4603-0102</punctuatedPartNumber>
    <partStatusDescription>STANDARD</partStatusDescription>
    <partDescription>Mount Kit - 10 mm</partDescription>
    <unitOfMeasure>Pair</unitOfMeasure>
    <brandName>C&amp;A PRO</brandName>
    <supplierNumber>76000355</supplierNumber>
    <specialInstructions/>
    <baseDealerPrice>34.97</baseDealerPrice>
    <yourDealerPrice>34.97</yourDealerPrice>
    <baseRetailPrice>49.95</baseRetailPrice>
    <originalRetailPrice>45.95</originalRetailPrice>
    <partImage>http://asset.lemansnet.com/z/LzAvMy9GLzAzRjFGOUE3LUU5NDktNEFGQy1BQTExLTdEMDQ0RTY2MjA0Qw==</partImage>
    <productId>0200841573</productId>
    <productName>Ski Mounting Kit</productName>
    <productImage>http://asset.lemansnet.com/z/LzAvQS8xLzBBMUU1QTMzLTMxODMtNDFBRi1BMzhFLTQ0MzIxRDY0RkEyOQ==</productImage>
    <bullet1>Includes; 2 bolts, 2 nuts, 2 rubber dampeners, 4 bushings, 4 washers</bullet1>
    <bullet2/>
    <bullet3/>
    <bullet4/>
    <bullet5/>
    <bullet6/>
    <bullet7/>
    <bullet8/>
    <bullet9/>
    <bullet10/>
    <bullet11/>
    <bullet12/>
    <bullet13/>
    <bullet14/>
    <bullet15/>
    <bullet16/>
    <bullet17/>
    <bullet18/>
    <bullet19/>
    <bullet20/>
    <bullet21/>
    <bullet22/>
    <bullet23/>
    <bullet24/>
    <vendorPriceUpdateDate>2023-04-22 00:00:00</vendorPriceUpdateDate>
  </part>
  <part>
    <partNumber>46030105</partNumber>
    <punctuatedPartNumber>4603-0105</punctuatedPartNumber>
    <partStatusDescription>STANDARD</partStatusDescription>
    <partDescription>Mount Kit - 10 mm</partDescription>
    <unitOfMeasure>Pair</unitOfMeasure>
    <brandName>C&amp;A PRO</brandName>
    <supplierNumber>76000359</supplierNumber>
    <specialInstructions/>
    <baseDealerPrice>48.97</baseDealerPrice>
    <yourDealerPrice>48.97</yourDealerPrice>
    <baseRetailPrice>69.95</baseRetailPrice>
    <originalRetailPrice>63.95</originalRetailPrice>
    <partImage>http://asset.lemansnet.com/z/LzUvMy9BLzUzQUM0QTQ2LUFBRUItNDJFMC04MDA4LUEyMkIyRDJBQkUxNw==</partImage>
    <productId>0200841573</productId>
    <productName>Ski Mounting Kit</productName>
    <productImage>http://asset.lemansnet.com/z/LzAvQS8xLzBBMUU1QTMzLTMxODMtNDFBRi1BMzhFLTQ0MzIxRDY0RkEyOQ==</productImage>
    <bullet1>Includes; 2 bolts, 2 nuts, 2 rubber dampeners, 4 bushings, 4 washers</bullet1>
    <bullet2/>
    <bullet3/>
    <bullet4/>
    <bullet5/>
    <bullet6/>
    <bullet7/>
    <bullet8/>
    <bullet9/>
    <bullet10/>
    <bullet11/>
    <bullet12/>
    <bullet13/>
    <bullet14/>
    <bullet15/>
    <bullet16/>
    <bullet17/>
    <bullet18/>
    <bullet19/>
    <bullet20/>
    <bullet21/>
    <bullet22/>
    <bullet23/>
    <bullet24/>
    <vendorPriceUpdateDate>2023-04-22 00:00:00</vendorPriceUpdateDate>
  </part>
  <part>
    <partNumber>46030071</partNumber>
    <punctuatedPartNumber>4603-0071</punctuatedPartNumber>
    <partStatusDescription>STANDARD</partStatusDescription>
    <partDescription>Replacement Ski Handles - White - Pair</partDescription>
    <unitOfMeasure>Pair</unitOfMeasure>
    <brandName>C&amp;A PRO</brandName>
    <supplierNumber>77020372</supplierNumber>
    <specialInstructions/>
    <baseDealerPrice>51.71</baseDealerPrice>
    <yourDealerPrice>51.71</yourDealerPrice>
    <baseRetailPrice>68.95</baseRetailPrice>
    <originalRetailPrice>73.95</originalRetailPrice>
    <partImage>http://asset.lemansnet.com/z/LzAvQi9BLzBCQUNCMUQ5LTgxRjYtNDgwMi1BQUI5LUUzNDJCMjZCOUM2MA==</partImage>
    <productId>1875090851</productId>
    <productName>Replacement Ski Handles</productName>
    <productImage>http://asset.lemansnet.com/z/LzQvRi83LzRGNzZDRDQzLUVFMkUtNDM3NC05RUM2LTBDNkE1QzE1MkNDNA==</productImage>
    <bullet1>Made of Ultra High Molecular Weight (UHMW) poly</bullet1>
    <bullet2>Direct replacements for all previous design C&amp;A handles</bullet2>
    <bullet3>Unmatched durability</bullet3>
    <bullet4>Hardware included</bullet4>
    <bullet5>Race legal</bullet5>
    <bullet6/>
    <bullet7/>
    <bullet8/>
    <bullet9/>
    <bullet10/>
    <bullet11/>
    <bullet12/>
    <bullet13/>
    <bullet14/>
    <bullet15/>
    <bullet16/>
    <bullet17/>
    <bullet18/>
    <bullet19/>
    <bullet20/>
    <bullet21/>
    <bullet22/>
    <bullet23/>
    <bullet24/>
    <vendorPriceUpdateDate>2023-04-22 00:00:00</vendorPriceUpdateDate>
  </part>
  <part>
    <partNumber>46030073</partNumber>
    <punctuatedPartNumber>4603-0073</punctuatedPartNumber>
    <partStatusDescription>STANDARD</partStatusDescription>
    <partDescription>Replacement Ski Handles - Red - Pair</partDescription>
    <unitOfMeasure>Pair</unitOfMeasure>
    <brandName>C&amp;A PRO</brandName>
    <supplierNumber>77020369</supplierNumber>
    <specialInstructions/>
    <baseDealerPrice>49.46</baseDealerPrice>
    <yourDealerPrice>49.46</yourDealerPrice>
    <baseRetailPrice>65.95</baseRetailPrice>
    <originalRetailPrice>70.95</originalRetailPrice>
    <partImage>http://asset.lemansnet.com/z/LzIvQS9BLzJBQTU5RkNCLUYzOEMtNDI3MC04ODA0LUUzODNFRDZGRjY4Qg==</partImage>
    <productId>1875090851</productId>
    <productName>Replacement Ski Handles</productName>
    <productImage>http://asset.lemansnet.com/z/LzQvRi83LzRGNzZDRDQzLUVFMkUtNDM3NC05RUM2LTBDNkE1QzE1MkNDNA==</productImage>
    <bullet1>Made of Ultra High Molecular Weight (UHMW) poly</bullet1>
    <bullet2>Direct replacements for all previous design C&amp;A handles</bullet2>
    <bullet3>Unmatched durability</bullet3>
    <bullet4>Hardware included</bullet4>
    <bullet5>Race legal</bullet5>
    <bullet6/>
    <bullet7/>
    <bullet8/>
    <bullet9/>
    <bullet10/>
    <bullet11/>
    <bullet12/>
    <bullet13/>
    <bullet14/>
    <bullet15/>
    <bullet16/>
    <bullet17/>
    <bullet18/>
    <bullet19/>
    <bullet20/>
    <bullet21/>
    <bullet22/>
    <bullet23/>
    <bullet24/>
    <vendorPriceUpdateDate>2023-04-22 00:00:00</vendorPriceUpdateDate>
  </part>
  <part>
    <partNumber>46030107</partNumber>
    <punctuatedPartNumber>4603-0107</punctuatedPartNumber>
    <partStatusDescription>STANDARD</partStatusDescription>
    <partDescription>Mount Kit - 10 mm</partDescription>
    <unitOfMeasure>Pair</unitOfMeasure>
    <brandName>C&amp;A PRO</brandName>
    <supplierNumber>76000366</supplierNumber>
    <specialInstructions/>
    <baseDealerPrice>34.97</baseDealerPrice>
    <yourDealerPrice>34.97</yourDealerPrice>
    <baseRetailPrice>49.95</baseRetailPrice>
    <originalRetailPrice>45.95</originalRetailPrice>
    <partImage>http://asset.lemansnet.com/z/L0MvMy8yL0MzMkE0Qzk4LUQ1QzgtNDhDQy1BRjRGLUUwRUEyRUNCODBDMA==</partImage>
    <productId>0200841573</productId>
    <productName>Ski Mounting Kit</productName>
    <productImage>http://asset.lemansnet.com/z/LzAvQS8xLzBBMUU1QTMzLTMxODMtNDFBRi1BMzhFLTQ0MzIxRDY0RkEyOQ==</productImage>
    <bullet1>Includes; 2 bolts, 2 nuts, 2 rubber dampeners, 4 bushings, 4 washers</bullet1>
    <bullet2/>
    <bullet3/>
    <bullet4/>
    <bullet5/>
    <bullet6/>
    <bullet7/>
    <bullet8/>
    <bullet9/>
    <bullet10/>
    <bullet11/>
    <bullet12/>
    <bullet13/>
    <bullet14/>
    <bullet15/>
    <bullet16/>
    <bullet17/>
    <bullet18/>
    <bullet19/>
    <bullet20/>
    <bullet21/>
    <bullet22/>
    <bullet23/>
    <bullet24/>
    <vendorPriceUpdateDate>2023-04-22 00:00:00</vendorPriceUpdateDate>
  </part>
  <part>
    <partNumber>46030158</partNumber>
    <punctuatedPartNumber>4603-0158</punctuatedPartNumber>
    <partStatusDescription>STANDARD</partStatusDescription>
    <partDescription>Mount Kit - 10 mm</partDescription>
    <unitOfMeasure>Pair</unitOfMeasure>
    <brandName>C&amp;A PRO</brandName>
    <supplierNumber>76000378</supplierNumber>
    <specialInstructions/>
    <baseDealerPrice>34.97</baseDealerPrice>
    <yourDealerPrice>34.97</yourDealerPrice>
    <baseRetailPrice>49.95</baseRetailPrice>
    <originalRetailPrice>45.95</originalRetailPrice>
    <partImage>http://asset.lemansnet.com/z/LzEvMy81LzEzNTk5QTYxLUE3QjAtNEJDOC1COTBGLThENjdBMDlCMEFFNQ==</partImage>
    <productId>0200841573</productId>
    <productName>Ski Mounting Kit</productName>
    <productImage>http://asset.lemansnet.com/z/LzAvQS8xLzBBMUU1QTMzLTMxODMtNDFBRi1BMzhFLTQ0MzIxRDY0RkEyOQ==</productImage>
    <bullet1>Includes; 2 bolts, 2 nuts, 2 rubber dampeners, 4 bushings, 4 washers</bullet1>
    <bullet2/>
    <bullet3/>
    <bullet4/>
    <bullet5/>
    <bullet6/>
    <bullet7/>
    <bullet8/>
    <bullet9/>
    <bullet10/>
    <bullet11/>
    <bullet12/>
    <bullet13/>
    <bullet14/>
    <bullet15/>
    <bullet16/>
    <bullet17/>
    <bullet18/>
    <bullet19/>
    <bullet20/>
    <bullet21/>
    <bullet22/>
    <bullet23/>
    <bullet24/>
    <vendorPriceUpdateDate>2023-04-22 00:00:00</vendorPriceUpdateDate>
  </part>
  <part>
    <partNumber>46020128</partNumber>
    <punctuatedPartNumber>4602-0128</punctuatedPartNumber>
    <partStatusDescription>STANDARD</partStatusDescription>
    <partDescription>XPT Ski - Red</partDescription>
    <unitOfMeasure>Pair</unitOfMeasure>
    <brandName>C&amp;A PRO</brandName>
    <supplierNumber>77050420</supplierNumber>
    <specialInstructions/>
    <baseDealerPrice>300.97</baseDealerPrice>
    <yourDealerPrice>300.97</yourDealerPrice>
    <baseRetailPrice>429.95</baseRetailPrice>
    <originalRetailPrice>419.95</originalRetailPrice>
    <partImage>http://asset.lemansnet.com/z/LzMvMi9ELzMyRERDODRFLTZDMTUtNDE5QS1COTU2LTAxMTFCRkFERjJBRQ==</partImage>
    <productId>0912366559</productId>
    <productName>XPT Skis</productName>
    <productImage>http://asset.lemansnet.com/z/LzkvQS83LzlBNzA1QkE3LUNGNkEtNEYyMi04OEVBLTZBREU4OTM0NURENw==</productImage>
    <bullet1>Maximum width of 6.25" to give the ski a stable platform in both loose and hard pack trail conditions</bullet1>
    <bullet2>3/8" deep keels keep the machine track straight in a wide array of conditions</bullet2>
    <bullet3>3/4" deep center keel guides the XPT through all corners with confidence without the rider effort</bullet3>
    <bullet4>Tapered rear section and raised tail offer excellent off camber cornering and enable reversing out of any situation</bullet4>
    <bullet5/>
    <bullet6/>
    <bullet7/>
    <bullet8/>
    <bullet9/>
    <bullet10/>
    <bullet11/>
    <bullet12/>
    <bullet13/>
    <bullet14/>
    <bullet15/>
    <bullet16/>
    <bullet17/>
    <bullet18/>
    <bullet19/>
    <bullet20/>
    <bullet21/>
    <bullet22/>
    <bullet23/>
    <bullet24/>
    <vendorPriceUpdateDate>2023-04-22 00:00:00</vendorPriceUpdateDate>
  </part>
  <part>
    <partNumber>46020131</partNumber>
    <punctuatedPartNumber>4602-0131</punctuatedPartNumber>
    <partStatusDescription>STANDARD</partStatusDescription>
    <partDescription>XPT Ski - Blue</partDescription>
    <unitOfMeasure>Pair</unitOfMeasure>
    <brandName>C&amp;A PRO</brandName>
    <supplierNumber>77260420</supplierNumber>
    <specialInstructions/>
    <baseDealerPrice>300.97</baseDealerPrice>
    <yourDealerPrice>300.97</yourDealerPrice>
    <baseRetailPrice>429.95</baseRetailPrice>
    <originalRetailPrice>419.95</originalRetailPrice>
    <partImage>http://asset.lemansnet.com/z/L0IvMS8wL0IxMDU5NDYzLTAyMDgtNDczOC05RjUwLTU5RTNERTUzN0ZBQQ==</partImage>
    <productId>0912366559</productId>
    <productName>XPT Skis</productName>
    <productImage>http://asset.lemansnet.com/z/LzkvQS83LzlBNzA1QkE3LUNGNkEtNEYyMi04OEVBLTZBREU4OTM0NURENw==</productImage>
    <bullet1>Maximum width of 6.25" to give the ski a stable platform in both loose and hard pack trail conditions</bullet1>
    <bullet2>3/8" deep keels keep the machine track straight in a wide array of conditions</bullet2>
    <bullet3>3/4" deep center keel guides the XPT through all corners with confidence without the rider effort</bullet3>
    <bullet4>Tapered rear section and raised tail offer excellent off camber cornering and enable reversing out of any situation</bullet4>
    <bullet5/>
    <bullet6/>
    <bullet7/>
    <bullet8/>
    <bullet9/>
    <bullet10/>
    <bullet11/>
    <bullet12/>
    <bullet13/>
    <bullet14/>
    <bullet15/>
    <bullet16/>
    <bullet17/>
    <bullet18/>
    <bullet19/>
    <bullet20/>
    <bullet21/>
    <bullet22/>
    <bullet23/>
    <bullet24/>
    <vendorPriceUpdateDate>2023-04-22 00:00:00</vendorPriceUpdateDate>
  </part>
  <part>
    <partNumber>46030069</partNumber>
    <punctuatedPartNumber>4603-0069</punctuatedPartNumber>
    <partStatusDescription>STANDARD</partStatusDescription>
    <partDescription>Mount Kit - 10 mm</partDescription>
    <unitOfMeasure>Pair</unitOfMeasure>
    <brandName>C&amp;A PRO</brandName>
    <supplierNumber>76000325</supplierNumber>
    <specialInstructions/>
    <baseDealerPrice>34.97</baseDealerPrice>
    <yourDealerPrice>34.97</yourDealerPrice>
    <baseRetailPrice>49.95</baseRetailPrice>
    <originalRetailPrice>49.95</originalRetailPrice>
    <partImage>http://asset.lemansnet.com/z/L0EvRS82L0FFNjhGMUE0LTEyM0EtNDJGMi05Mjc4LUY0NUEzM0IzQzE4RQ==</partImage>
    <productId>0200841573</productId>
    <productName>Ski Mounting Kit</productName>
    <productImage>http://asset.lemansnet.com/z/LzAvQS8xLzBBMUU1QTMzLTMxODMtNDFBRi1BMzhFLTQ0MzIxRDY0RkEyOQ==</productImage>
    <bullet1>Includes; 2 bolts, 2 nuts, 2 rubber dampeners, 4 bushings, 4 washers</bullet1>
    <bullet2/>
    <bullet3/>
    <bullet4/>
    <bullet5/>
    <bullet6/>
    <bullet7/>
    <bullet8/>
    <bullet9/>
    <bullet10/>
    <bullet11/>
    <bullet12/>
    <bullet13/>
    <bullet14/>
    <bullet15/>
    <bullet16/>
    <bullet17/>
    <bullet18/>
    <bullet19/>
    <bullet20/>
    <bullet21/>
    <bullet22/>
    <bullet23/>
    <bullet24/>
    <vendorPriceUpdateDate>2023-04-22 00:00:00</vendorPriceUpdateDate>
  </part>
  <part>
    <partNumber>46030070</partNumber>
    <punctuatedPartNumber>4603-0070</punctuatedPartNumber>
    <partStatusDescription>STANDARD</partStatusDescription>
    <partDescription>Replacement Ski Handles - Black - Pair</partDescription>
    <unitOfMeasure>Pair</unitOfMeasure>
    <brandName>C&amp;A PRO</brandName>
    <supplierNumber>77020363</supplierNumber>
    <specialInstructions/>
    <baseDealerPrice>49.46</baseDealerPrice>
    <yourDealerPrice>49.46</yourDealerPrice>
    <baseRetailPrice>65.95</baseRetailPrice>
    <originalRetailPrice>70.95</originalRetailPrice>
    <partImage>http://asset.lemansnet.com/z/LzYvNS9ELzY1RDhBMjg4LTY1QzItNEI4OC1BNzU2LTMyRDM2MENCOTBGOA==</partImage>
    <productId>1875090851</productId>
    <productName>Replacement Ski Handles</productName>
    <productImage>http://asset.lemansnet.com/z/LzQvRi83LzRGNzZDRDQzLUVFMkUtNDM3NC05RUM2LTBDNkE1QzE1MkNDNA==</productImage>
    <bullet1>Made of Ultra High Molecular Weight (UHMW) poly</bullet1>
    <bullet2>Direct replacements for all previous design C&amp;A handles</bullet2>
    <bullet3>Unmatched durability</bullet3>
    <bullet4>Hardware included</bullet4>
    <bullet5>Race legal</bullet5>
    <bullet6/>
    <bullet7/>
    <bullet8/>
    <bullet9/>
    <bullet10/>
    <bullet11/>
    <bullet12/>
    <bullet13/>
    <bullet14/>
    <bullet15/>
    <bullet16/>
    <bullet17/>
    <bullet18/>
    <bullet19/>
    <bullet20/>
    <bullet21/>
    <bullet22/>
    <bullet23/>
    <bullet24/>
    <vendorPriceUpdateDate>2023-04-22 00:00:00</vendorPriceUpdateDate>
  </part>
  <part>
    <partNumber>46020087</partNumber>
    <punctuatedPartNumber>4602-0087</punctuatedPartNumber>
    <partStatusDescription>STANDARD</partStatusDescription>
    <partDescription>XCS Ski - Black</partDescription>
    <unitOfMeasure>Each</unitOfMeasure>
    <brandName>C&amp;A PRO</brandName>
    <supplierNumber>77020410</supplierNumber>
    <specialInstructions/>
    <baseDealerPrice>342.97</baseDealerPrice>
    <yourDealerPrice>342.97</yourDealerPrice>
    <baseRetailPrice>489.95</baseRetailPrice>
    <originalRetailPrice>479.95</originalRetailPrice>
    <partImage>http://asset.lemansnet.com/z/L0EvQy9DL0FDQzJFMTRFLTRFRjktNDZFNS04MDc4LTc0QTUyODY2MjQxQiwvOC84LzgvODg4MzkxQ0MtQjVGQy00MzJGLUExQUQtN0Y2REJBRDc2Q0Ey</partImage>
    <productId>1983276134</productId>
    <productName>XCS Crossover Ski</productName>
    <productImage>http://asset.lemansnet.com/z/L0YvNC85L0Y0OTZGREI2LURGNDMtNEQyNi05QkU2LTUxOUJFRURBQUJDMQ==</productImage>
    <bullet1>Perfect ski for both deep snow and trail conditions</bullet1>
    <bullet2>Deep center keel for aggressive handling</bullet2>
    <bullet3>Snow scoops to maintain grip on trail and additional lift in deep snow</bullet3>
    <bullet4>Ski width: 6.75", length: 45", center keel height: 1", weight: 7.9 lb. per ski</bullet4>
    <bullet5/>
    <bullet6/>
    <bullet7/>
    <bullet8/>
    <bullet9/>
    <bullet10/>
    <bullet11/>
    <bullet12/>
    <bullet13/>
    <bullet14/>
    <bullet15/>
    <bullet16/>
    <bullet17/>
    <bullet18/>
    <bullet19/>
    <bullet20/>
    <bullet21/>
    <bullet22/>
    <bullet23/>
    <bullet24/>
    <vendorPriceUpdateDate>2023-04-22 00:00:00</vendorPriceUpdateDate>
  </part>
  <part>
    <partNumber>46020126</partNumber>
    <punctuatedPartNumber>4602-0126</punctuatedPartNumber>
    <partStatusDescription>STANDARD</partStatusDescription>
    <partDescription>XPT Ski - Black</partDescription>
    <unitOfMeasure>Pair</unitOfMeasure>
    <brandName>C&amp;A PRO</brandName>
    <supplierNumber>77020420</supplierNumber>
    <specialInstructions/>
    <baseDealerPrice>300.97</baseDealerPrice>
    <yourDealerPrice>300.97</yourDealerPrice>
    <baseRetailPrice>429.95</baseRetailPrice>
    <originalRetailPrice>419.95</originalRetailPrice>
    <partImage>http://asset.lemansnet.com/z/LzkvQS83LzlBNzA1QkE3LUNGNkEtNEYyMi04OEVBLTZBREU4OTM0NURENw==</partImage>
    <productId>0912366559</productId>
    <productName>XPT Skis</productName>
    <productImage>http://asset.lemansnet.com/z/LzkvQS83LzlBNzA1QkE3LUNGNkEtNEYyMi04OEVBLTZBREU4OTM0NURENw==</productImage>
    <bullet1>Maximum width of 6.25" to give the ski a stable platform in both loose and hard pack trail conditions</bullet1>
    <bullet2>3/8" deep keels keep the machine track straight in a wide array of conditions</bullet2>
    <bullet3>3/4" deep center keel guides the XPT through all corners with confidence without the rider effort</bullet3>
    <bullet4>Tapered rear section and raised tail offer excellent off camber cornering and enable reversing out of any situation</bullet4>
    <bullet5/>
    <bullet6/>
    <bullet7/>
    <bullet8/>
    <bullet9/>
    <bullet10/>
    <bullet11/>
    <bullet12/>
    <bullet13/>
    <bullet14/>
    <bullet15/>
    <bullet16/>
    <bullet17/>
    <bullet18/>
    <bullet19/>
    <bullet20/>
    <bullet21/>
    <bullet22/>
    <bullet23/>
    <bullet24/>
    <vendorPriceUpdateDate>2023-04-22 00:00:00</vendorPriceUpdateDate>
  </part>
  <part>
    <partNumber>46020207</partNumber>
    <punctuatedPartNumber>4602-0207</punctuatedPartNumber>
    <partStatusDescription>STANDARD</partStatusDescription>
    <partDescription>TMX Ski Set - 42" - White</partDescription>
    <unitOfMeasure>Pair</unitOfMeasure>
    <brandName>C&amp;A PRO</brandName>
    <supplierNumber>77010428</supplierNumber>
    <specialInstructions/>
    <baseDealerPrice>348.97</baseDealerPrice>
    <yourDealerPrice>348.97</yourDealerPrice>
    <baseRetailPrice>489.95</baseRetailPrice>
    <originalRetailPrice>469.95</originalRetailPrice>
    <partImage>http://asset.lemansnet.com/z/LzYvRi8xLzZGMTczQTZDLUFENDItNDE3Qi04MzE3LUY0REQzRUE0NDQyOA==</partImage>
    <productId>0901363288</productId>
    <productName>TMX Skis</productName>
    <productImage>http://asset.lemansnet.com/z/LzYvRi8xLzZGMTczQTZDLUFENDItNDE3Qi04MzE3LUY0REQzRUE0NDQyOA==</productImage>
    <bullet1>Designed for technical mountain riders</bullet1>
    <bullet2>Lighter and more finely tuned than previous BX skis</bullet2>
    <bullet3>Unique rockered keel makes sidehilling a breeze and provides excellent grip on slopes</bullet3>
    <bullet4> Raised tapered tail and snow scoops</bullet4>
    <bullet5>2” wide keel creates a lighter steering effort over hard-packed snow</bullet5>
    <bullet6>Integrated traction grooves for increased grip in deep powder</bullet6>
    <bullet7>Ski width: 6.75”, length: 42”, keel height: 1.125”, weight: 7.2 lbs. per ski</bullet7>
    <bullet8/>
    <bullet9/>
    <bullet10/>
    <bullet11/>
    <bullet12/>
    <bullet13/>
    <bullet14/>
    <bullet15/>
    <bullet16/>
    <bullet17/>
    <bullet18/>
    <bullet19/>
    <bullet20/>
    <bullet21/>
    <bullet22/>
    <bullet23/>
    <bullet24/>
    <vendorPriceUpdateDate>2024-05-16 00:00:00</vendorPriceUpdateDate>
  </part>
  <part>
    <partNumber>46020208</partNumber>
    <punctuatedPartNumber>4602-0208</punctuatedPartNumber>
    <partStatusDescription>STANDARD</partStatusDescription>
    <partDescription>TMX Ski Set - 42" - Black</partDescription>
    <unitOfMeasure>Pair</unitOfMeasure>
    <brandName>C&amp;A PRO</brandName>
    <supplierNumber>77020428</supplierNumber>
    <specialInstructions/>
    <baseDealerPrice>328.97</baseDealerPrice>
    <yourDealerPrice>328.97</yourDealerPrice>
    <baseRetailPrice>469.95</baseRetailPrice>
    <originalRetailPrice>469.95</originalRetailPrice>
    <partImage>http://asset.lemansnet.com/z/L0YvNi8xL0Y2MTE5OTIzLTk0QjAtNEQ1OC05RTY3LTg2NTBCNzEyRDE4NA==</partImage>
    <productId>0044310738</productId>
    <productName>TMX Skis</productName>
    <productImage>http://asset.lemansnet.com/z/LzYvRi8xLzZGMTczQTZDLUFENDItNDE3Qi04MzE3LUY0REQzRUE0NDQyOA==</productImage>
    <bullet1>Designed for technical mountain riders</bullet1>
    <bullet2>Lighter and more finely tuned than previous BX skis</bullet2>
    <bullet3>Unique rockered keel makes sidehilling a breeze and provides excellent grip on slopes</bullet3>
    <bullet4> Raised tapered tail and snow scoops</bullet4>
    <bullet5>2” wide keel creates a lighter steering effort over hard-packed snow</bullet5>
    <bullet6>Integrated traction grooves for increased grip in deep powder</bullet6>
    <bullet7>Ski width: 6.75”, length: 42”, keel height: 1.125”, weight: 7.2 lbs. per ski</bullet7>
    <bullet8/>
    <bullet9/>
    <bullet10/>
    <bullet11/>
    <bullet12/>
    <bullet13/>
    <bullet14/>
    <bullet15/>
    <bullet16/>
    <bullet17/>
    <bullet18/>
    <bullet19/>
    <bullet20/>
    <bullet21/>
    <bullet22/>
    <bullet23/>
    <bullet24/>
    <vendorPriceUpdateDate>2024-05-16 00:00:00</vendorPriceUpdateDate>
  </part>
  <part>
    <partNumber>46020209</partNumber>
    <punctuatedPartNumber>4602-0209</punctuatedPartNumber>
    <partStatusDescription>STANDARD</partStatusDescription>
    <partDescription>TMX Ski Set - 42" - Red</partDescription>
    <unitOfMeasure>Pair</unitOfMeasure>
    <brandName>C&amp;A PRO</brandName>
    <supplierNumber>77050428</supplierNumber>
    <specialInstructions/>
    <baseDealerPrice>328.97</baseDealerPrice>
    <yourDealerPrice>328.97</yourDealerPrice>
    <baseRetailPrice>469.95</baseRetailPrice>
    <originalRetailPrice>469.95</originalRetailPrice>
    <partImage>http://asset.lemansnet.com/z/LzIvOC81LzI4NUY4QkVGLTAzNUUtNDFDRS04QzFFLThGOEQ1MDAxRjUzNQ==</partImage>
    <productId>1917068301</productId>
    <productName>TMX Skis</productName>
    <productImage>http://asset.lemansnet.com/z/LzYvRi8xLzZGMTczQTZDLUFENDItNDE3Qi04MzE3LUY0REQzRUE0NDQyOA==</productImage>
    <bullet1>Designed for technical mountain riders</bullet1>
    <bullet2>Lighter and more finely tuned than previous BX skis</bullet2>
    <bullet3>Unique rockered keel makes sidehilling a breeze and provides excellent grip on slopes</bullet3>
    <bullet4> Raised tapered tail and snow scoops</bullet4>
    <bullet5>2” wide keel creates a lighter steering effort over hard-packed snow</bullet5>
    <bullet6>Integrated traction grooves for increased grip in deep powder</bullet6>
    <bullet7>Ski width: 6.75”, length: 42”, keel height: 1.125”, weight: 7.2 lbs. per ski</bullet7>
    <bullet8/>
    <bullet9/>
    <bullet10/>
    <bullet11/>
    <bullet12/>
    <bullet13/>
    <bullet14/>
    <bullet15/>
    <bullet16/>
    <bullet17/>
    <bullet18/>
    <bullet19/>
    <bullet20/>
    <bullet21/>
    <bullet22/>
    <bullet23/>
    <bullet24/>
    <vendorPriceUpdateDate>2024-05-16 00:00:00</vendorPriceUpdateDate>
  </part>
  <part>
    <partNumber>46020211</partNumber>
    <punctuatedPartNumber>4602-0211</punctuatedPartNumber>
    <partStatusDescription>STANDARD</partStatusDescription>
    <partDescription>TMX Ski Set - 42" - Yellow</partDescription>
    <unitOfMeasure>Pair</unitOfMeasure>
    <brandName>C&amp;A PRO</brandName>
    <supplierNumber>77170428</supplierNumber>
    <specialInstructions/>
    <baseDealerPrice>328.97</baseDealerPrice>
    <yourDealerPrice>328.97</yourDealerPrice>
    <baseRetailPrice>469.95</baseRetailPrice>
    <originalRetailPrice>469.95</originalRetailPrice>
    <partImage>http://asset.lemansnet.com/z/L0IvMy9DL0IzQ0FBRDBCLUMyRTQtNEM3RS05MjlFLUVENkM0N0U4N0NBOQ==</partImage>
    <productId>1480647077</productId>
    <productName>TMX Skis</productName>
    <productImage>http://asset.lemansnet.com/z/LzYvRi8xLzZGMTczQTZDLUFENDItNDE3Qi04MzE3LUY0REQzRUE0NDQyOA==</productImage>
    <bullet1>Designed for technical mountain riders</bullet1>
    <bullet2>Lighter and more finely tuned than previous BX skis</bullet2>
    <bullet3>Unique rockered keel makes sidehilling a breeze and provides excellent grip on slopes</bullet3>
    <bullet4> Raised tapered tail and snow scoops</bullet4>
    <bullet5>2” wide keel creates a lighter steering effort over hard-packed snow</bullet5>
    <bullet6>Integrated traction grooves for increased grip in deep powder</bullet6>
    <bullet7>Ski width: 6.75”, length: 42”, keel height: 1.125”, weight: 7.2 lbs. per ski</bullet7>
    <bullet8/>
    <bullet9/>
    <bullet10/>
    <bullet11/>
    <bullet12/>
    <bullet13/>
    <bullet14/>
    <bullet15/>
    <bullet16/>
    <bullet17/>
    <bullet18/>
    <bullet19/>
    <bullet20/>
    <bullet21/>
    <bullet22/>
    <bullet23/>
    <bullet24/>
    <vendorPriceUpdateDate>2024-05-16 00:00:00</vendorPriceUpdateDate>
  </part>
  <part>
    <partNumber>46020212</partNumber>
    <punctuatedPartNumber>4602-0212</punctuatedPartNumber>
    <partStatusDescription>STANDARD</partStatusDescription>
    <partDescription>TMX Ski Set - 42" - Blue</partDescription>
    <unitOfMeasure>Pair</unitOfMeasure>
    <brandName>C&amp;A PRO</brandName>
    <supplierNumber>77260428</supplierNumber>
    <specialInstructions/>
    <baseDealerPrice>328.97</baseDealerPrice>
    <yourDealerPrice>328.97</yourDealerPrice>
    <baseRetailPrice>469.95</baseRetailPrice>
    <originalRetailPrice>469.95</originalRetailPrice>
    <partImage>http://asset.lemansnet.com/z/LzgvMC83LzgwN0VBMjZGLThCNzItNDVFMi1BRkFGLTk4MzA2MUQ0OTFEOA==</partImage>
    <productId>1789379633</productId>
    <productName>TMX Skis</productName>
    <productImage>http://asset.lemansnet.com/z/LzYvRi8xLzZGMTczQTZDLUFENDItNDE3Qi04MzE3LUY0REQzRUE0NDQyOA==</productImage>
    <bullet1>Designed for technical mountain riders</bullet1>
    <bullet2>Lighter and more finely tuned than previous BX skis</bullet2>
    <bullet3>Unique rockered keel makes sidehilling a breeze and provides excellent grip on slopes</bullet3>
    <bullet4> Raised tapered tail and snow scoops</bullet4>
    <bullet5>2” wide keel creates a lighter steering effort over hard-packed snow</bullet5>
    <bullet6>Integrated traction grooves for increased grip in deep powder</bullet6>
    <bullet7>Ski width: 6.75”, length: 42”, keel height: 1.125”, weight: 7.2 lbs. per ski</bullet7>
    <bullet8/>
    <bullet9/>
    <bullet10/>
    <bullet11/>
    <bullet12/>
    <bullet13/>
    <bullet14/>
    <bullet15/>
    <bullet16/>
    <bullet17/>
    <bullet18/>
    <bullet19/>
    <bullet20/>
    <bullet21/>
    <bullet22/>
    <bullet23/>
    <bullet24/>
    <vendorPriceUpdateDate>2024-05-16 00:00:00</vendorPriceUpdateDate>
  </part>
  <part>
    <partNumber>46020213</partNumber>
    <punctuatedPartNumber>4602-0213</punctuatedPartNumber>
    <partStatusDescription>STANDARD</partStatusDescription>
    <partDescription>TMX Ski Set - 42" - Green</partDescription>
    <unitOfMeasure>Pair</unitOfMeasure>
    <brandName>C&amp;A PRO</brandName>
    <supplierNumber>77380428</supplierNumber>
    <specialInstructions/>
    <baseDealerPrice>328.97</baseDealerPrice>
    <yourDealerPrice>328.97</yourDealerPrice>
    <baseRetailPrice>469.95</baseRetailPrice>
    <originalRetailPrice>469.95</originalRetailPrice>
    <partImage>http://asset.lemansnet.com/z/LzUvNC9FLzU0RTA5Njg3LTcxOEUtNDAyMC1BNzI2LUJGMjk3MEYyNjMzQQ==</partImage>
    <productId>1640085371</productId>
    <productName>TMX Skis</productName>
    <productImage>http://asset.lemansnet.com/z/LzYvRi8xLzZGMTczQTZDLUFENDItNDE3Qi04MzE3LUY0REQzRUE0NDQyOA==</productImage>
    <bullet1>Designed for technical mountain riders</bullet1>
    <bullet2>Lighter and more finely tuned than previous BX skis</bullet2>
    <bullet3>Unique rockered keel makes sidehilling a breeze and provides excellent grip on slopes</bullet3>
    <bullet4> Raised tapered tail and snow scoops</bullet4>
    <bullet5>2” wide keel creates a lighter steering effort over hard-packed snow</bullet5>
    <bullet6>Integrated traction grooves for increased grip in deep powder</bullet6>
    <bullet7>Ski width: 6.75”, length: 42”, keel height: 1.125”, weight: 7.2 lbs. per ski</bullet7>
    <bullet8/>
    <bullet9/>
    <bullet10/>
    <bullet11/>
    <bullet12/>
    <bullet13/>
    <bullet14/>
    <bullet15/>
    <bullet16/>
    <bullet17/>
    <bullet18/>
    <bullet19/>
    <bullet20/>
    <bullet21/>
    <bullet22/>
    <bullet23/>
    <bullet24/>
    <vendorPriceUpdateDate>2024-05-16 00:00:00</vendorPriceUpdateDate>
  </part>
  <part>
    <partNumber>46030242</partNumber>
    <punctuatedPartNumber>4603-0242</punctuatedPartNumber>
    <partStatusDescription>STANDARD</partStatusDescription>
    <partDescription>HANDLE SKI PAIR MEDIUM GREEN</partDescription>
    <unitOfMeasure>PR</unitOfMeasure>
    <brandName>C&amp;A PRO</brandName>
    <supplierNumber>77020434</supplierNumber>
    <specialInstructions/>
    <baseDealerPrice>54.71</baseDealerPrice>
    <yourDealerPrice>54.71</yourDealerPrice>
    <baseRetailPrice>72.95</baseRetailPrice>
    <originalRetailPrice>72.95</originalRetailPrice>
    <partImage>http://asset.lemansnet.com/z/L0IvNy8yL0I3MjM5QjdELUNFMTgtNDNEOS1CNjdDLUMxMDQzMkRFMTY0NywvNy8xLzkvNzE5MzhGNEQtNkJDRC00MDQ0LUEwMDQtRTREMDczRDE0N0Y0</partImage>
    <productId>0152563141</productId>
    <productName>HANDLE SKI PAIR MEDIUM GREEN</productName>
    <productImage/>
    <bullet1/>
    <bullet2/>
    <bullet3/>
    <bullet4/>
    <bullet5/>
    <bullet6/>
    <bullet7/>
    <bullet8/>
    <bullet9/>
    <bullet10/>
    <bullet11/>
    <bullet12/>
    <bullet13/>
    <bullet14/>
    <bullet15/>
    <bullet16/>
    <bullet17/>
    <bullet18/>
    <bullet19/>
    <bullet20/>
    <bullet21/>
    <bullet22/>
    <bullet23/>
    <bullet24/>
    <vendorPriceUpdateDate>2024-05-16 00:00:00</vendorPriceUpdateDate>
  </part>
  <part>
    <partNumber>CAA</partNumber>
    <punctuatedPartNumber>CA-A</punctuatedPartNumber>
    <partStatusDescription>STANDARD</partStatusDescription>
    <partDescription>Mount Kit - 7/16"</partDescription>
    <unitOfMeasure>Pair</unitOfMeasure>
    <brandName>C&amp;A PRO</brandName>
    <supplierNumber>76000179</supplierNumber>
    <specialInstructions/>
    <baseDealerPrice>34.97</baseDealerPrice>
    <yourDealerPrice>34.97</yourDealerPrice>
    <baseRetailPrice>49.95</baseRetailPrice>
    <originalRetailPrice>45.95</originalRetailPrice>
    <partImage>http://asset.lemansnet.com/z/LzcvMi8wLzcyMDkyMkJGLTQyMkItNDJDNy05RkY4LUM1QkNGQ0JBNTM5Nw==</partImage>
    <productId>0200841573</productId>
    <productName>Ski Mounting Kit</productName>
    <productImage>http://asset.lemansnet.com/z/LzAvQS8xLzBBMUU1QTMzLTMxODMtNDFBRi1BMzhFLTQ0MzIxRDY0RkEyOQ==</productImage>
    <bullet1>Includes; 2 bolts, 2 nuts, 2 rubber dampeners, 4 bushings, 4 washers</bullet1>
    <bullet2/>
    <bullet3/>
    <bullet4/>
    <bullet5/>
    <bullet6/>
    <bullet7/>
    <bullet8/>
    <bullet9/>
    <bullet10/>
    <bullet11/>
    <bullet12/>
    <bullet13/>
    <bullet14/>
    <bullet15/>
    <bullet16/>
    <bullet17/>
    <bullet18/>
    <bullet19/>
    <bullet20/>
    <bullet21/>
    <bullet22/>
    <bullet23/>
    <bullet24/>
    <vendorPriceUpdateDate>2023-04-22 00:00:00</vendorPriceUpdateDate>
  </part>
  <part>
    <partNumber>CAP</partNumber>
    <punctuatedPartNumber>CA-P</punctuatedPartNumber>
    <partStatusDescription>STANDARD</partStatusDescription>
    <partDescription>Mount Kit - 3/8"</partDescription>
    <unitOfMeasure>Pair</unitOfMeasure>
    <brandName>C&amp;A PRO</brandName>
    <supplierNumber>76000184</supplierNumber>
    <specialInstructions/>
    <baseDealerPrice>34.97</baseDealerPrice>
    <yourDealerPrice>34.97</yourDealerPrice>
    <baseRetailPrice>49.95</baseRetailPrice>
    <originalRetailPrice>45.95</originalRetailPrice>
    <partImage>http://asset.lemansnet.com/z/LzMvNS85LzM1OUNCOTA2LTcwNDktNDk2QS04Mjg2LUE4QUU1QkQ0MjQxMCwvMS9CL0YvMUJGMTU0OUUtMUE3MS00NzU2LUI0QUUtQkY0OTcwQzQwN0M2</partImage>
    <productId>0200841573</productId>
    <productName>Ski Mounting Kit</productName>
    <productImage>http://asset.lemansnet.com/z/LzAvQS8xLzBBMUU1QTMzLTMxODMtNDFBRi1BMzhFLTQ0MzIxRDY0RkEyOQ==</productImage>
    <bullet1>Includes; 2 bolts, 2 nuts, 2 rubber dampeners, 4 bushings, 4 washers</bullet1>
    <bullet2/>
    <bullet3/>
    <bullet4/>
    <bullet5/>
    <bullet6/>
    <bullet7/>
    <bullet8/>
    <bullet9/>
    <bullet10/>
    <bullet11/>
    <bullet12/>
    <bullet13/>
    <bullet14/>
    <bullet15/>
    <bullet16/>
    <bullet17/>
    <bullet18/>
    <bullet19/>
    <bullet20/>
    <bullet21/>
    <bullet22/>
    <bullet23/>
    <bullet24/>
    <vendorPriceUpdateDate>2023-04-22 00:00:00</vendorPriceUpdateDate>
  </part>
  <part>
    <partNumber>46020118</partNumber>
    <punctuatedPartNumber>4602-0118</punctuatedPartNumber>
    <partStatusDescription>STANDARD</partStatusDescription>
    <partDescription>Mount Kit - 10 mm</partDescription>
    <unitOfMeasure>Pair</unitOfMeasure>
    <brandName>C&amp;A PRO</brandName>
    <supplierNumber>76000372</supplierNumber>
    <specialInstructions/>
    <baseDealerPrice>34.97</baseDealerPrice>
    <yourDealerPrice>34.97</yourDealerPrice>
    <baseRetailPrice>49.95</baseRetailPrice>
    <originalRetailPrice>45.95</originalRetailPrice>
    <partImage>http://asset.lemansnet.com/z/LzMvNC81LzM0NUM0Nzc4LTI2QTMtNEFGNy05RTgyLUE0ODE0MUQxMkQ1Qw==</partImage>
    <productId>0200841573</productId>
    <productName>Ski Mounting Kit</productName>
    <productImage>http://asset.lemansnet.com/z/LzAvQS8xLzBBMUU1QTMzLTMxODMtNDFBRi1BMzhFLTQ0MzIxRDY0RkEyOQ==</productImage>
    <bullet1>Includes; 2 bolts, 2 nuts, 2 rubber dampeners, 4 bushings, 4 washers</bullet1>
    <bullet2/>
    <bullet3/>
    <bullet4/>
    <bullet5/>
    <bullet6/>
    <bullet7/>
    <bullet8/>
    <bullet9/>
    <bullet10/>
    <bullet11/>
    <bullet12/>
    <bullet13/>
    <bullet14/>
    <bullet15/>
    <bullet16/>
    <bullet17/>
    <bullet18/>
    <bullet19/>
    <bullet20/>
    <bullet21/>
    <bullet22/>
    <bullet23/>
    <bullet24/>
    <vendorPriceUpdateDate>2023-04-22 00:00:00</vendorPriceUpdateDate>
  </part>
  <part>
    <partNumber>46020030</partNumber>
    <punctuatedPartNumber>4602-0030</punctuatedPartNumber>
    <partStatusDescription>STANDARD</partStatusDescription>
    <partDescription>Mount Kit - 10 mm</partDescription>
    <unitOfMeasure>Pair</unitOfMeasure>
    <brandName>C&amp;A PRO</brandName>
    <supplierNumber>76000282</supplierNumber>
    <specialInstructions>N/F 06-07 NYTRO 02JBC</specialInstructions>
    <baseDealerPrice>34.97</baseDealerPrice>
    <yourDealerPrice>34.97</yourDealerPrice>
    <baseRetailPrice>49.95</baseRetailPrice>
    <originalRetailPrice>45.95</originalRetailPrice>
    <partImage>http://asset.lemansnet.com/z/LzQvNy81LzQ3NUFENjA5LTUzMEMtNDMzMy1BMzcxLTMwQkM2MUJFMDBENQ==</partImage>
    <productId>0200841573</productId>
    <productName>Ski Mounting Kit</productName>
    <productImage>http://asset.lemansnet.com/z/LzAvQS8xLzBBMUU1QTMzLTMxODMtNDFBRi1BMzhFLTQ0MzIxRDY0RkEyOQ==</productImage>
    <bullet1>Includes; 2 bolts, 2 nuts, 2 rubber dampeners, 4 bushings, 4 washers</bullet1>
    <bullet2/>
    <bullet3/>
    <bullet4/>
    <bullet5/>
    <bullet6/>
    <bullet7/>
    <bullet8/>
    <bullet9/>
    <bullet10/>
    <bullet11/>
    <bullet12/>
    <bullet13/>
    <bullet14/>
    <bullet15/>
    <bullet16/>
    <bullet17/>
    <bullet18/>
    <bullet19/>
    <bullet20/>
    <bullet21/>
    <bullet22/>
    <bullet23/>
    <bullet24/>
    <vendorPriceUpdateDate>2023-04-22 00:00:00</vendorPriceUpdateDate>
  </part>
  <part>
    <partNumber>46020049</partNumber>
    <punctuatedPartNumber>4602-0049</punctuatedPartNumber>
    <partStatusDescription>STANDARD</partStatusDescription>
    <partDescription>Mount Kit - 10 mm</partDescription>
    <unitOfMeasure>Pair</unitOfMeasure>
    <brandName>C&amp;A PRO</brandName>
    <supplierNumber>76000290</supplierNumber>
    <specialInstructions/>
    <baseDealerPrice>34.97</baseDealerPrice>
    <yourDealerPrice>34.97</yourDealerPrice>
    <baseRetailPrice>49.95</baseRetailPrice>
    <originalRetailPrice>45.95</originalRetailPrice>
    <partImage>http://asset.lemansnet.com/z/L0IvNS8zL0I1MzQwNjI1LThBMUMtNEJFQi1BOTg3LThGQTQwQzMwMzM3Qw==</partImage>
    <productId>0200841573</productId>
    <productName>Ski Mounting Kit</productName>
    <productImage>http://asset.lemansnet.com/z/LzAvQS8xLzBBMUU1QTMzLTMxODMtNDFBRi1BMzhFLTQ0MzIxRDY0RkEyOQ==</productImage>
    <bullet1>Includes; 2 bolts, 2 nuts, 2 rubber dampeners, 4 bushings, 4 washers</bullet1>
    <bullet2/>
    <bullet3/>
    <bullet4/>
    <bullet5/>
    <bullet6/>
    <bullet7/>
    <bullet8/>
    <bullet9/>
    <bullet10/>
    <bullet11/>
    <bullet12/>
    <bullet13/>
    <bullet14/>
    <bullet15/>
    <bullet16/>
    <bullet17/>
    <bullet18/>
    <bullet19/>
    <bullet20/>
    <bullet21/>
    <bullet22/>
    <bullet23/>
    <bullet24/>
    <vendorPriceUpdateDate>2023-04-22 00:00:00</vendorPriceUpdateDate>
  </part>
  <part>
    <partNumber>46020029</partNumber>
    <punctuatedPartNumber>4602-0029</punctuatedPartNumber>
    <partStatusDescription>STANDARD</partStatusDescription>
    <partDescription>Mount Kit - 3/8"</partDescription>
    <unitOfMeasure>Pair</unitOfMeasure>
    <brandName>C&amp;A PRO</brandName>
    <supplierNumber>76000271</supplierNumber>
    <specialInstructions/>
    <baseDealerPrice>34.97</baseDealerPrice>
    <yourDealerPrice>34.97</yourDealerPrice>
    <baseRetailPrice>49.95</baseRetailPrice>
    <originalRetailPrice>45.95</originalRetailPrice>
    <partImage>http://asset.lemansnet.com/z/LzAvQS8xLzBBMUU1QTMzLTMxODMtNDFBRi1BMzhFLTQ0MzIxRDY0RkEyOQ==</partImage>
    <productId>0200841573</productId>
    <productName>Ski Mounting Kit</productName>
    <productImage>http://asset.lemansnet.com/z/LzAvQS8xLzBBMUU1QTMzLTMxODMtNDFBRi1BMzhFLTQ0MzIxRDY0RkEyOQ==</productImage>
    <bullet1>Includes; 2 bolts, 2 nuts, 2 rubber dampeners, 4 bushings, 4 washers</bullet1>
    <bullet2/>
    <bullet3/>
    <bullet4/>
    <bullet5/>
    <bullet6/>
    <bullet7/>
    <bullet8/>
    <bullet9/>
    <bullet10/>
    <bullet11/>
    <bullet12/>
    <bullet13/>
    <bullet14/>
    <bullet15/>
    <bullet16/>
    <bullet17/>
    <bullet18/>
    <bullet19/>
    <bullet20/>
    <bullet21/>
    <bullet22/>
    <bullet23/>
    <bullet24/>
    <vendorPriceUpdateDate>2023-04-22 00:00:00</vendorPriceUpdateDate>
  </part>
  <part>
    <partNumber>46020048</partNumber>
    <punctuatedPartNumber>4602-0048</punctuatedPartNumber>
    <partStatusDescription>STANDARD</partStatusDescription>
    <partDescription>Mount Kit - 10 mm</partDescription>
    <unitOfMeasure>Pair</unitOfMeasure>
    <brandName>C&amp;A PRO</brandName>
    <supplierNumber>76000270</supplierNumber>
    <specialInstructions/>
    <baseDealerPrice>34.97</baseDealerPrice>
    <yourDealerPrice>34.97</yourDealerPrice>
    <baseRetailPrice>49.95</baseRetailPrice>
    <originalRetailPrice>45.95</originalRetailPrice>
    <partImage>http://asset.lemansnet.com/z/LzAvRi9CLzBGQjY5OTQ3LUUwMkItNEZFOC1CN0M0LTE3QjZDQzBBRjVDOA==</partImage>
    <productId>0200841573</productId>
    <productName>Ski Mounting Kit</productName>
    <productImage>http://asset.lemansnet.com/z/LzAvQS8xLzBBMUU1QTMzLTMxODMtNDFBRi1BMzhFLTQ0MzIxRDY0RkEyOQ==</productImage>
    <bullet1>Includes; 2 bolts, 2 nuts, 2 rubber dampeners, 4 bushings, 4 washers</bullet1>
    <bullet2/>
    <bullet3/>
    <bullet4/>
    <bullet5/>
    <bullet6/>
    <bullet7/>
    <bullet8/>
    <bullet9/>
    <bullet10/>
    <bullet11/>
    <bullet12/>
    <bullet13/>
    <bullet14/>
    <bullet15/>
    <bullet16/>
    <bullet17/>
    <bullet18/>
    <bullet19/>
    <bullet20/>
    <bullet21/>
    <bullet22/>
    <bullet23/>
    <bullet24/>
    <vendorPriceUpdateDate>2023-04-22 00:00:00</vendorPriceUpdateDate>
  </part>
  <part>
    <partNumber>46020067</partNumber>
    <punctuatedPartNumber>4602-0067</punctuatedPartNumber>
    <partStatusDescription>STANDARD</partStatusDescription>
    <partDescription>BX Skis - White - 7.25"</partDescription>
    <unitOfMeasure>Pair</unitOfMeasure>
    <brandName>C&amp;A PRO</brandName>
    <supplierNumber>77010399</supplierNumber>
    <specialInstructions/>
    <baseDealerPrice>348.97</baseDealerPrice>
    <yourDealerPrice>348.97</yourDealerPrice>
    <baseRetailPrice>489.95</baseRetailPrice>
    <originalRetailPrice>479.95</originalRetailPrice>
    <partImage>http://asset.lemansnet.com/z/LzkvMC9FLzkwRTgwMkQ5LUY2OUQtNDYwNS1BMEYwLTVFQjBEODQ0MDFGRA==</partImage>
    <productId>1679755187</productId>
    <productName>BX Mountain Boondocking Skis</productName>
    <productImage>http://asset.lemansnet.com/z/LzIvOS84LzI5ODJGN0Q3LTA4OTAtNEU5My05QzgxLTg3MEEzQjZEODhFQw==</productImage>
    <bullet1>Skis come out of the mold flat, then tips are bent into place, causing a natural outward pressure</bullet1>
    <bullet2>Preloaded tips absorb much of a bump’s load before it reaches the sled</bullet2>
    <bullet3>While other plastic skis use rigid, bolted-on metal mounting saddles, the patented C &amp; A all-plastic saddle is molded into the ski, allowing the most flex and reverse flex around</bullet3>
    <bullet4>Simple 90° angles on a square keel and flat-bottom design floats on the snow instead of relying on engineered-in lift the way other skis do</bullet4>
    <bullet5>Exclusive ball and cup ski tip loop assembly reduces rigidity and increases tip flexibility</bullet5>
    <bullet6>Mounting kit must be purchased separately</bullet6>
    <bullet7>Countless hours of R&amp;D and on-location to perfect a ski for today's lightweight mountain snowmobiles</bullet7>
    <bullet8>The BX has a progressively curved rocker on the bottom of the ski, on both sides of the keel, to allow riders a smooth transition when navigating through trees</bullet8>
    <bullet9>The integrated snow traction grooves on either side of the center keel aid the ski in maintaining grip on the snow at even the most severe angles</bullet9>
    <bullet10>The tail of the BX tapers to a slimmer profile to help initiate a transition into a side-hill for effortless navigation</bullet10>
    <bullet11>Ski also features a larger than normal kicked up tail to allow riders to use reverse in situations they never have been able to before</bullet11>
    <bullet12>Lastly, unlike any other aftermarket ski out there, the BX offers very desirable boot traction features on the top to help riders in deep snow boarding situations</bullet12>
    <bullet13>Although the BX is a new mountain ski, it is not a replacement for the MTX; it is simply an addition to the line-up</bullet13>
    <bullet14>The MTX ski works exceptionally well on today’s heavier 4-stroke sleds and on mountain trails</bullet14>
    <bullet15>This new BX ski works phenomenally on all the lighter weight 2-stroke mountain sleds</bullet15>
    <bullet16/>
    <bullet17/>
    <bullet18/>
    <bullet19/>
    <bullet20/>
    <bullet21/>
    <bullet22/>
    <bullet23/>
    <bullet24/>
    <vendorPriceUpdateDate>2023-04-22 00:00:00</vendorPriceUpdateDate>
  </part>
  <part>
    <partNumber>46020086</partNumber>
    <punctuatedPartNumber>4602-0086</punctuatedPartNumber>
    <partStatusDescription>STANDARD</partStatusDescription>
    <partDescription>XCS Ski - White</partDescription>
    <unitOfMeasure>Each</unitOfMeasure>
    <brandName>C&amp;A PRO</brandName>
    <supplierNumber>77010410</supplierNumber>
    <specialInstructions/>
    <baseDealerPrice>362.97</baseDealerPrice>
    <yourDealerPrice>362.97</yourDealerPrice>
    <baseRetailPrice>509.95</baseRetailPrice>
    <originalRetailPrice>499.95</originalRetailPrice>
    <partImage>http://asset.lemansnet.com/z/L0YvQS8yL0ZBMkUxQkE1LUE1NkYtNDc4OC05NjI0LTAxOTA5QkNERTI5Ng==</partImage>
    <productId>1983276134</productId>
    <productName>XCS Crossover Ski</productName>
    <productImage>http://asset.lemansnet.com/z/L0YvNC85L0Y0OTZGREI2LURGNDMtNEQyNi05QkU2LTUxOUJFRURBQUJDMQ==</productImage>
    <bullet1>Perfect ski for both deep snow and trail conditions</bullet1>
    <bullet2>Deep center keel for aggressive handling</bullet2>
    <bullet3>Snow scoops to maintain grip on trail and additional lift in deep snow</bullet3>
    <bullet4>Ski width: 6.75", length: 45", center keel height: 1", weight: 7.9 lb. per ski</bullet4>
    <bullet5/>
    <bullet6/>
    <bullet7/>
    <bullet8/>
    <bullet9/>
    <bullet10/>
    <bullet11/>
    <bullet12/>
    <bullet13/>
    <bullet14/>
    <bullet15/>
    <bullet16/>
    <bullet17/>
    <bullet18/>
    <bullet19/>
    <bullet20/>
    <bullet21/>
    <bullet22/>
    <bullet23/>
    <bullet24/>
    <vendorPriceUpdateDate>2023-04-22 00:00:00</vendorPriceUpdateDate>
  </part>
  <part>
    <partNumber>46020097</partNumber>
    <punctuatedPartNumber>4602-0097</punctuatedPartNumber>
    <partStatusDescription>STANDARD</partStatusDescription>
    <partDescription>XCS Ski - Orange</partDescription>
    <unitOfMeasure>Each</unitOfMeasure>
    <brandName>C&amp;A PRO</brandName>
    <supplierNumber>77100410</supplierNumber>
    <specialInstructions/>
    <baseDealerPrice>342.97</baseDealerPrice>
    <yourDealerPrice>342.97</yourDealerPrice>
    <baseRetailPrice>489.95</baseRetailPrice>
    <originalRetailPrice>479.95</originalRetailPrice>
    <partImage>http://asset.lemansnet.com/z/LzEvMC84LzEwOEY0RDNCLUE5QUUtNDE4NS05QzgyLTMxRkU1NTZBRjE1NA==</partImage>
    <productId>1983276134</productId>
    <productName>XCS Crossover Ski</productName>
    <productImage>http://asset.lemansnet.com/z/L0YvNC85L0Y0OTZGREI2LURGNDMtNEQyNi05QkU2LTUxOUJFRURBQUJDMQ==</productImage>
    <bullet1>Perfect ski for both deep snow and trail conditions</bullet1>
    <bullet2>Deep center keel for aggressive handling</bullet2>
    <bullet3>Snow scoops to maintain grip on trail and additional lift in deep snow</bullet3>
    <bullet4>Ski width: 6.75", length: 45", center keel height: 1", weight: 7.9 lb. per ski</bullet4>
    <bullet5/>
    <bullet6/>
    <bullet7/>
    <bullet8/>
    <bullet9/>
    <bullet10/>
    <bullet11/>
    <bullet12/>
    <bullet13/>
    <bullet14/>
    <bullet15/>
    <bullet16/>
    <bullet17/>
    <bullet18/>
    <bullet19/>
    <bullet20/>
    <bullet21/>
    <bullet22/>
    <bullet23/>
    <bullet24/>
    <vendorPriceUpdateDate>2023-04-22 00:00:00</vendorPriceUpdateDate>
  </part>
  <part>
    <partNumber>46020098</partNumber>
    <punctuatedPartNumber>4602-0098</punctuatedPartNumber>
    <partStatusDescription>STANDARD</partStatusDescription>
    <partDescription>XCS Ski - Yellow</partDescription>
    <unitOfMeasure>Each</unitOfMeasure>
    <brandName>C&amp;A PRO</brandName>
    <supplierNumber>77170410</supplierNumber>
    <specialInstructions/>
    <baseDealerPrice>342.97</baseDealerPrice>
    <yourDealerPrice>342.97</yourDealerPrice>
    <baseRetailPrice>489.95</baseRetailPrice>
    <originalRetailPrice>479.95</originalRetailPrice>
    <partImage>http://asset.lemansnet.com/z/L0IvRS9GL0JFRjE2RUQ0LTM3OUEtNDZFRS1BRUE3LTk4MjA1MjQ4MUJFQQ==</partImage>
    <productId>1983276134</productId>
    <productName>XCS Crossover Ski</productName>
    <productImage>http://asset.lemansnet.com/z/L0YvNC85L0Y0OTZGREI2LURGNDMtNEQyNi05QkU2LTUxOUJFRURBQUJDMQ==</productImage>
    <bullet1>Perfect ski for both deep snow and trail conditions</bullet1>
    <bullet2>Deep center keel for aggressive handling</bullet2>
    <bullet3>Snow scoops to maintain grip on trail and additional lift in deep snow</bullet3>
    <bullet4>Ski width: 6.75", length: 45", center keel height: 1", weight: 7.9 lb. per ski</bullet4>
    <bullet5/>
    <bullet6/>
    <bullet7/>
    <bullet8/>
    <bullet9/>
    <bullet10/>
    <bullet11/>
    <bullet12/>
    <bullet13/>
    <bullet14/>
    <bullet15/>
    <bullet16/>
    <bullet17/>
    <bullet18/>
    <bullet19/>
    <bullet20/>
    <bullet21/>
    <bullet22/>
    <bullet23/>
    <bullet24/>
    <vendorPriceUpdateDate>2023-04-22 00:00:00</vendorPriceUpdateDate>
  </part>
  <part>
    <partNumber>46020015</partNumber>
    <punctuatedPartNumber>4602-0015</punctuatedPartNumber>
    <partStatusDescription>STANDARD</partStatusDescription>
    <partDescription>Razor RZ Skis - Yellow - 6" - Pair</partDescription>
    <unitOfMeasure>Pair</unitOfMeasure>
    <brandName>C&amp;A PRO</brandName>
    <supplierNumber>77170320</supplierNumber>
    <specialInstructions/>
    <baseDealerPrice>244.97</baseDealerPrice>
    <yourDealerPrice>244.97</yourDealerPrice>
    <baseRetailPrice>349.95</baseRetailPrice>
    <originalRetailPrice>399.95</originalRetailPrice>
    <partImage>http://asset.lemansnet.com/z/LzIvQy82LzJDNkU1QjRCLTQyRjAtNDQ4Ni04NjI1LTU4OTc0MjVEMzY5QSwvQS8wLzAvQTAwQzNENkYtQTAxMC00OTg0LUIwREQtMDk5QjEyRTdCOTQy</partImage>
    <productId>1825591287</productId>
    <productName>Razor RZ Skis</productName>
    <productImage>http://asset.lemansnet.com/z/L0UvQi9EL0VCRDBCMDQzLUUwQjgtNDBFRC05OUE4LTY5NEM0RkE4RTIxQw==</productImage>
    <bullet1>Skis come out of the mold flat, then tips are bent into place, causing a natural outward pressure</bullet1>
    <bullet2>Preloaded tips absorb much of a bump’s load before it reaches the sled</bullet2>
    <bullet3>While other plastic skis use rigid, bolted-on metal mounting saddles, the patented C &amp; A all-plastic saddle is molded into the ski, allowing the most flex and reverse flex around</bullet3>
    <bullet4>Simple 90° angles on a square keel and flat-bottom design floats on the snow instead of relying on engineered-in lift the way other skis do</bullet4>
    <bullet5>Exclusive ball and cup ski tip loop assembly reduces rigidity and increases tip flexibility</bullet5>
    <bullet6>Mounting kit must be purchased separately</bullet6>
    <bullet7>High-performance Razor Ski has been designed to provide aggressive control for experienced riders and racers</bullet7>
    <bullet8>Features are very similar to the ADX ski but with "V" shaped outboard keels</bullet8>
    <bullet9>Total weight is 6.6 lbs. (including handle)</bullet9>
    <bullet10/>
    <bullet11/>
    <bullet12/>
    <bullet13/>
    <bullet14/>
    <bullet15/>
    <bullet16/>
    <bullet17/>
    <bullet18/>
    <bullet19/>
    <bullet20/>
    <bullet21/>
    <bullet22/>
    <bullet23/>
    <bullet24/>
    <vendorPriceUpdateDate>2023-04-22 00:00:00</vendorPriceUpdateDate>
  </part>
  <part>
    <partNumber>46020044</partNumber>
    <punctuatedPartNumber>4602-0044</punctuatedPartNumber>
    <partStatusDescription>STANDARD</partStatusDescription>
    <partDescription>MTX Mountain and Trail Skis - White - 8"</partDescription>
    <unitOfMeasure>Pair</unitOfMeasure>
    <brandName>C&amp;A PRO</brandName>
    <supplierNumber>77010392</supplierNumber>
    <specialInstructions>Discontinued Per Buyer</specialInstructions>
    <baseDealerPrice>348.97</baseDealerPrice>
    <yourDealerPrice>348.97</yourDealerPrice>
    <baseRetailPrice>489.95</baseRetailPrice>
    <originalRetailPrice>479.95</originalRetailPrice>
    <partImage>http://asset.lemansnet.com/z/LzcvRS82LzdFNjAxNkI2LTQxMDItNDk3OC1BODU3LUQwRjg5RjNCODFEMw==</partImage>
    <productId>0220997414</productId>
    <productName>MTX Mountain and Trail Skis</productName>
    <productImage>http://asset.lemansnet.com/z/LzcvRS82LzdFNjAxNkI2LTQxMDItNDk3OC1BODU3LUQwRjg5RjNCODFEMw==</productImage>
    <bullet1>Skis are designed for top performance top modern 4-stroke machines in deep powder conditions that demand maximum flotation and agile steering</bullet1>
    <bullet2>8" wide profile; the additional width provides an extended surface to give the front-end-lift needed in powder to reduce drag on components under the sled</bullet2>
    <bullet3>Skis feature X Edge 90° design with rounded outer ribs and a contoured center keel for easy maneuverability when trail riding</bullet3>
    <bullet4>Overall design is optimized to minimize weight with the increased width; just 6.8 lbs. with handle</bullet4>
    <bullet5>Uses same handle, carbides and mounting kits as all other C&amp;A skis</bullet5>
    <bullet6>Extra rear heel height for good carry in reverse</bullet6>
    <bullet7>Adjustable flexible tip</bullet7>
    <bullet8/>
    <bullet9/>
    <bullet10/>
    <bullet11/>
    <bullet12/>
    <bullet13/>
    <bullet14/>
    <bullet15/>
    <bullet16/>
    <bullet17/>
    <bullet18/>
    <bullet19/>
    <bullet20/>
    <bullet21/>
    <bullet22/>
    <bullet23/>
    <bullet24/>
    <vendorPriceUpdateDate>2023-04-22 00:00:00</vendorPriceUpdateDate>
  </part>
  <part>
    <partNumber>CASD</partNumber>
    <punctuatedPartNumber>CA-SD</punctuatedPartNumber>
    <partStatusDescription>STANDARD</partStatusDescription>
    <partDescription>Mount Kit - 12 mm</partDescription>
    <unitOfMeasure>Pair</unitOfMeasure>
    <brandName>C&amp;A PRO</brandName>
    <supplierNumber>76000194</supplierNumber>
    <specialInstructions/>
    <baseDealerPrice>34.97</baseDealerPrice>
    <yourDealerPrice>34.97</yourDealerPrice>
    <baseRetailPrice>49.95</baseRetailPrice>
    <originalRetailPrice>49.95</originalRetailPrice>
    <partImage>http://asset.lemansnet.com/z/L0QvOS8zL0Q5MzZFNzEwLTk5RDAtNDM3RS1BRUU2LTc3OTQ4MTEwMTU5Mw==</partImage>
    <productId>0200841573</productId>
    <productName>Ski Mounting Kit</productName>
    <productImage>http://asset.lemansnet.com/z/LzAvQS8xLzBBMUU1QTMzLTMxODMtNDFBRi1BMzhFLTQ0MzIxRDY0RkEyOQ==</productImage>
    <bullet1>Includes; 2 bolts, 2 nuts, 2 rubber dampeners, 4 bushings, 4 washers</bullet1>
    <bullet2/>
    <bullet3/>
    <bullet4/>
    <bullet5/>
    <bullet6/>
    <bullet7/>
    <bullet8/>
    <bullet9/>
    <bullet10/>
    <bullet11/>
    <bullet12/>
    <bullet13/>
    <bullet14/>
    <bullet15/>
    <bullet16/>
    <bullet17/>
    <bullet18/>
    <bullet19/>
    <bullet20/>
    <bullet21/>
    <bullet22/>
    <bullet23/>
    <bullet24/>
    <vendorPriceUpdateDate>2023-04-22 00:00:00</vendorPriceUpdateDate>
  </part>
  <part>
    <partNumber>46020127</partNumber>
    <punctuatedPartNumber>4602-0127</punctuatedPartNumber>
    <partStatusDescription>STANDARD</partStatusDescription>
    <partDescription>XPT Ski - White</partDescription>
    <unitOfMeasure>Pair</unitOfMeasure>
    <brandName>C&amp;A PRO</brandName>
    <supplierNumber>77010420</supplierNumber>
    <specialInstructions/>
    <baseDealerPrice>320.97</baseDealerPrice>
    <yourDealerPrice>320.97</yourDealerPrice>
    <baseRetailPrice>449.95</baseRetailPrice>
    <originalRetailPrice>439.95</originalRetailPrice>
    <partImage>http://asset.lemansnet.com/z/L0EvRC9FL0FERUREMTI2LThEQkQtNDUxRi1COTY3LUJEQjBGNTlEODM5Qg==</partImage>
    <productId>0912366559</productId>
    <productName>XPT Skis</productName>
    <productImage>http://asset.lemansnet.com/z/LzkvQS83LzlBNzA1QkE3LUNGNkEtNEYyMi04OEVBLTZBREU4OTM0NURENw==</productImage>
    <bullet1>Maximum width of 6.25" to give the ski a stable platform in both loose and hard pack trail conditions</bullet1>
    <bullet2>3/8" deep keels keep the machine track straight in a wide array of conditions</bullet2>
    <bullet3>3/4" deep center keel guides the XPT through all corners with confidence without the rider effort</bullet3>
    <bullet4>Tapered rear section and raised tail offer excellent off camber cornering and enable reversing out of any situation</bullet4>
    <bullet5/>
    <bullet6/>
    <bullet7/>
    <bullet8/>
    <bullet9/>
    <bullet10/>
    <bullet11/>
    <bullet12/>
    <bullet13/>
    <bullet14/>
    <bullet15/>
    <bullet16/>
    <bullet17/>
    <bullet18/>
    <bullet19/>
    <bullet20/>
    <bullet21/>
    <bullet22/>
    <bullet23/>
    <bullet24/>
    <vendorPriceUpdateDate>2023-04-22 00:00:00</vendorPriceUpdateDate>
  </part>
  <part>
    <partNumber>46020130</partNumber>
    <punctuatedPartNumber>4602-0130</punctuatedPartNumber>
    <partStatusDescription>STANDARD</partStatusDescription>
    <partDescription>XPT Ski - Yellow</partDescription>
    <unitOfMeasure>Pair</unitOfMeasure>
    <brandName>C&amp;A PRO</brandName>
    <supplierNumber>77170420</supplierNumber>
    <specialInstructions/>
    <baseDealerPrice>300.97</baseDealerPrice>
    <yourDealerPrice>300.97</yourDealerPrice>
    <baseRetailPrice>429.95</baseRetailPrice>
    <originalRetailPrice>419.95</originalRetailPrice>
    <partImage>http://asset.lemansnet.com/z/L0YvMS9BL0YxQUMwNjA0LTlCNTQtNEU1Ni1BRDhGLUM0RUNERjVGNDI0NA==</partImage>
    <productId>0912366559</productId>
    <productName>XPT Skis</productName>
    <productImage>http://asset.lemansnet.com/z/LzkvQS83LzlBNzA1QkE3LUNGNkEtNEYyMi04OEVBLTZBREU4OTM0NURENw==</productImage>
    <bullet1>Maximum width of 6.25" to give the ski a stable platform in both loose and hard pack trail conditions</bullet1>
    <bullet2>3/8" deep keels keep the machine track straight in a wide array of conditions</bullet2>
    <bullet3>3/4" deep center keel guides the XPT through all corners with confidence without the rider effort</bullet3>
    <bullet4>Tapered rear section and raised tail offer excellent off camber cornering and enable reversing out of any situation</bullet4>
    <bullet5/>
    <bullet6/>
    <bullet7/>
    <bullet8/>
    <bullet9/>
    <bullet10/>
    <bullet11/>
    <bullet12/>
    <bullet13/>
    <bullet14/>
    <bullet15/>
    <bullet16/>
    <bullet17/>
    <bullet18/>
    <bullet19/>
    <bullet20/>
    <bullet21/>
    <bullet22/>
    <bullet23/>
    <bullet24/>
    <vendorPriceUpdateDate>2023-04-22 00:00:00</vendorPriceUpdateDate>
  </part>
  <part>
    <partNumber>46030072</partNumber>
    <punctuatedPartNumber>4603-0072</punctuatedPartNumber>
    <partStatusDescription>STANDARD</partStatusDescription>
    <partDescription>Replacement Ski Handles - Yellow - Pair</partDescription>
    <unitOfMeasure>Pair</unitOfMeasure>
    <brandName>C&amp;A PRO</brandName>
    <supplierNumber>77020365</supplierNumber>
    <specialInstructions/>
    <baseDealerPrice>49.46</baseDealerPrice>
    <yourDealerPrice>49.46</yourDealerPrice>
    <baseRetailPrice>65.95</baseRetailPrice>
    <originalRetailPrice>70.95</originalRetailPrice>
    <partImage>http://asset.lemansnet.com/z/L0EvMy9CL0EzQjBEQTY0LUJGRTAtNDBCQi04RjhELTBGMzg2MzhCQzE0OA==</partImage>
    <productId>1875090851</productId>
    <productName>Replacement Ski Handles</productName>
    <productImage>http://asset.lemansnet.com/z/LzQvRi83LzRGNzZDRDQzLUVFMkUtNDM3NC05RUM2LTBDNkE1QzE1MkNDNA==</productImage>
    <bullet1>Made of Ultra High Molecular Weight (UHMW) poly</bullet1>
    <bullet2>Direct replacements for all previous design C&amp;A handles</bullet2>
    <bullet3>Unmatched durability</bullet3>
    <bullet4>Hardware included</bullet4>
    <bullet5>Race legal</bullet5>
    <bullet6/>
    <bullet7/>
    <bullet8/>
    <bullet9/>
    <bullet10/>
    <bullet11/>
    <bullet12/>
    <bullet13/>
    <bullet14/>
    <bullet15/>
    <bullet16/>
    <bullet17/>
    <bullet18/>
    <bullet19/>
    <bullet20/>
    <bullet21/>
    <bullet22/>
    <bullet23/>
    <bullet24/>
    <vendorPriceUpdateDate>2023-04-22 00:00:00</vendorPriceUpdateDate>
  </part>
  <part>
    <partNumber>46030100</partNumber>
    <punctuatedPartNumber>4603-0100</punctuatedPartNumber>
    <partStatusDescription>STANDARD</partStatusDescription>
    <partDescription>Replacement Ski Handles - Green - Pair</partDescription>
    <unitOfMeasure>Pair</unitOfMeasure>
    <brandName>C&amp;A PRO</brandName>
    <supplierNumber>77020371</supplierNumber>
    <specialInstructions/>
    <baseDealerPrice>49.46</baseDealerPrice>
    <yourDealerPrice>49.46</yourDealerPrice>
    <baseRetailPrice>65.95</baseRetailPrice>
    <originalRetailPrice>70.95</originalRetailPrice>
    <partImage>http://asset.lemansnet.com/z/L0EvRC9GL0FERjE2NjMyLURENEEtNEMwRS1BMkJBLTAwRUYxRjc0MDBBRQ==</partImage>
    <productId>1875090851</productId>
    <productName>Replacement Ski Handles</productName>
    <productImage>http://asset.lemansnet.com/z/LzQvRi83LzRGNzZDRDQzLUVFMkUtNDM3NC05RUM2LTBDNkE1QzE1MkNDNA==</productImage>
    <bullet1>Made of Ultra High Molecular Weight (UHMW) poly</bullet1>
    <bullet2>Direct replacements for all previous design C&amp;A handles</bullet2>
    <bullet3>Unmatched durability</bullet3>
    <bullet4>Hardware included</bullet4>
    <bullet5>Race legal</bullet5>
    <bullet6/>
    <bullet7/>
    <bullet8/>
    <bullet9/>
    <bullet10/>
    <bullet11/>
    <bullet12/>
    <bullet13/>
    <bullet14/>
    <bullet15/>
    <bullet16/>
    <bullet17/>
    <bullet18/>
    <bullet19/>
    <bullet20/>
    <bullet21/>
    <bullet22/>
    <bullet23/>
    <bullet24/>
    <vendorPriceUpdateDate>2019-04-09 00:00:00</vendorPriceUpdateDate>
  </part>
  <part>
    <partNumber>46030106</partNumber>
    <punctuatedPartNumber>4603-0106</punctuatedPartNumber>
    <partStatusDescription>STANDARD</partStatusDescription>
    <partDescription>Mount Kit - 10 mm</partDescription>
    <unitOfMeasure>Pair</unitOfMeasure>
    <brandName>C&amp;A PRO</brandName>
    <supplierNumber>76000360</supplierNumber>
    <specialInstructions>Discontinued Per Buyer</specialInstructions>
    <baseDealerPrice>48.97</baseDealerPrice>
    <yourDealerPrice>48.97</yourDealerPrice>
    <baseRetailPrice>69.95</baseRetailPrice>
    <originalRetailPrice>63.95</originalRetailPrice>
    <partImage>http://asset.lemansnet.com/z/LzgvQy8zLzhDM0Y4NDlELUQwNzQtNDczMC05QzAyLTlBRDMyQjUxQzJFRg==</partImage>
    <productId>0200841573</productId>
    <productName>Ski Mounting Kit</productName>
    <productImage>http://asset.lemansnet.com/z/LzAvQS8xLzBBMUU1QTMzLTMxODMtNDFBRi1BMzhFLTQ0MzIxRDY0RkEyOQ==</productImage>
    <bullet1>Includes; 2 bolts, 2 nuts, 2 rubber dampeners, 4 bushings, 4 washers</bullet1>
    <bullet2/>
    <bullet3/>
    <bullet4/>
    <bullet5/>
    <bullet6/>
    <bullet7/>
    <bullet8/>
    <bullet9/>
    <bullet10/>
    <bullet11/>
    <bullet12/>
    <bullet13/>
    <bullet14/>
    <bullet15/>
    <bullet16/>
    <bullet17/>
    <bullet18/>
    <bullet19/>
    <bullet20/>
    <bullet21/>
    <bullet22/>
    <bullet23/>
    <bullet24/>
    <vendorPriceUpdateDate>2023-04-22 00:00:00</vendorPriceUpdateDate>
  </part>
  <part>
    <partNumber>46030204</partNumber>
    <punctuatedPartNumber>4603-0204</punctuatedPartNumber>
    <partStatusDescription>STANDARD</partStatusDescription>
    <partDescription>Replacement Ski Handles - Navy - Pair</partDescription>
    <unitOfMeasure>Pair</unitOfMeasure>
    <brandName>C&amp;A PRO</brandName>
    <supplierNumber>77020416</supplierNumber>
    <specialInstructions/>
    <baseDealerPrice>54.71</baseDealerPrice>
    <yourDealerPrice>54.71</yourDealerPrice>
    <baseRetailPrice>72.95</baseRetailPrice>
    <originalRetailPrice>78.95</originalRetailPrice>
    <partImage>http://asset.lemansnet.com/z/LzEvQi82LzFCNkZERkQ1LUUyRTYtNEZGQS05OUQ5LTgyNDQwNTBEM0VBRQ==</partImage>
    <productId>1875090851</productId>
    <productName>Replacement Ski Handles</productName>
    <productImage>http://asset.lemansnet.com/z/LzQvRi83LzRGNzZDRDQzLUVFMkUtNDM3NC05RUM2LTBDNkE1QzE1MkNDNA==</productImage>
    <bullet1>Made of Ultra High Molecular Weight (UHMW) poly</bullet1>
    <bullet2>Direct replacements for all previous design C&amp;A handles</bullet2>
    <bullet3>Unmatched durability</bullet3>
    <bullet4>Hardware included</bullet4>
    <bullet5>Race legal</bullet5>
    <bullet6/>
    <bullet7/>
    <bullet8/>
    <bullet9/>
    <bullet10/>
    <bullet11/>
    <bullet12/>
    <bullet13/>
    <bullet14/>
    <bullet15/>
    <bullet16/>
    <bullet17/>
    <bullet18/>
    <bullet19/>
    <bullet20/>
    <bullet21/>
    <bullet22/>
    <bullet23/>
    <bullet24/>
    <vendorPriceUpdateDate>2023-04-22 00:00:00</vendorPriceUpdateDate>
  </part>
  <part>
    <partNumber>46030205</partNumber>
    <punctuatedPartNumber>4603-0205</punctuatedPartNumber>
    <partStatusDescription>STANDARD</partStatusDescription>
    <partDescription>Replacement Ski Handles - Teal - Pair</partDescription>
    <unitOfMeasure>Pair</unitOfMeasure>
    <brandName>C&amp;A PRO</brandName>
    <supplierNumber>77020418</supplierNumber>
    <specialInstructions/>
    <baseDealerPrice>54.71</baseDealerPrice>
    <yourDealerPrice>54.71</yourDealerPrice>
    <baseRetailPrice>72.95</baseRetailPrice>
    <originalRetailPrice>78.95</originalRetailPrice>
    <partImage>http://asset.lemansnet.com/z/L0QvOS9DL0Q5Q0UyQ0UyLTcyMEYtNEE5MS04NjAzLUE3RTQ3RjRFMUVDMw==</partImage>
    <productId>1875090851</productId>
    <productName>Replacement Ski Handles</productName>
    <productImage>http://asset.lemansnet.com/z/LzQvRi83LzRGNzZDRDQzLUVFMkUtNDM3NC05RUM2LTBDNkE1QzE1MkNDNA==</productImage>
    <bullet1>Made of Ultra High Molecular Weight (UHMW) poly</bullet1>
    <bullet2>Direct replacements for all previous design C&amp;A handles</bullet2>
    <bullet3>Unmatched durability</bullet3>
    <bullet4>Hardware included</bullet4>
    <bullet5>Race legal</bullet5>
    <bullet6/>
    <bullet7/>
    <bullet8/>
    <bullet9/>
    <bullet10/>
    <bullet11/>
    <bullet12/>
    <bullet13/>
    <bullet14/>
    <bullet15/>
    <bullet16/>
    <bullet17/>
    <bullet18/>
    <bullet19/>
    <bullet20/>
    <bullet21/>
    <bullet22/>
    <bullet23/>
    <bullet24/>
    <vendorPriceUpdateDate>2023-04-22 00:00:00</vendorPriceUpdateDate>
  </part>
  <part>
    <partNumber>46030206</partNumber>
    <punctuatedPartNumber>4603-0206</punctuatedPartNumber>
    <partStatusDescription>STANDARD</partStatusDescription>
    <partDescription>Replacement Ski Handles - Lime - Pair</partDescription>
    <unitOfMeasure>Pair</unitOfMeasure>
    <brandName>C&amp;A PRO</brandName>
    <supplierNumber>77020422</supplierNumber>
    <specialInstructions/>
    <baseDealerPrice>54.71</baseDealerPrice>
    <yourDealerPrice>54.71</yourDealerPrice>
    <baseRetailPrice>72.95</baseRetailPrice>
    <originalRetailPrice>78.95</originalRetailPrice>
    <partImage>http://asset.lemansnet.com/z/LzcvMC84LzcwOEI2NTcwLTk0M0UtNDJDRS1CQjYwLTREQjU3QjYxRkFEQg==</partImage>
    <productId>1875090851</productId>
    <productName>Replacement Ski Handles</productName>
    <productImage>http://asset.lemansnet.com/z/LzQvRi83LzRGNzZDRDQzLUVFMkUtNDM3NC05RUM2LTBDNkE1QzE1MkNDNA==</productImage>
    <bullet1>Made of Ultra High Molecular Weight (UHMW) poly</bullet1>
    <bullet2>Direct replacements for all previous design C&amp;A handles</bullet2>
    <bullet3>Unmatched durability</bullet3>
    <bullet4>Hardware included</bullet4>
    <bullet5>Race legal</bullet5>
    <bullet6/>
    <bullet7/>
    <bullet8/>
    <bullet9/>
    <bullet10/>
    <bullet11/>
    <bullet12/>
    <bullet13/>
    <bullet14/>
    <bullet15/>
    <bullet16/>
    <bullet17/>
    <bullet18/>
    <bullet19/>
    <bullet20/>
    <bullet21/>
    <bullet22/>
    <bullet23/>
    <bullet24/>
    <vendorPriceUpdateDate>2023-04-22 00:00:00</vendorPriceUpdateDate>
  </part>
</root>
