<root>
  <part>
    <partNumber>46020185</partNumber>
    <punctuatedPartNumber>4602-0185</punctuatedPartNumber>
    <partStatusDescription>DISCONTINUED</partStatusDescription>
    <partDescription>XM Mountain Ski - Fuschia</partDescription>
    <unitOfMeasure>Each</unitOfMeasure>
    <brandName>CURVE INDUSTRIES</brandName>
    <supplierNumber>XM1511</supplierNumber>
    <specialInstructions/>
    <baseDealerPrice>93.10</baseDealerPrice>
    <yourDealerPrice>93.10</yourDealerPrice>
    <baseRetailPrice>0.00</baseRetailPrice>
    <originalRetailPrice>174.99</originalRetailPrice>
    <partImage>http://asset.lemansnet.com/z/LzEvOC9BLzE4QTczNzRCLTI2ODEtNDIyQy04MUMyLTdFN0NBMTM1OUI1OCwvQS8yLzkvQTI5QzhBQUMtNUNDQi00OEJFLUFEMzktNDAyMkQzMDM3MDk0</partImage>
    <productId>1257481096</productId>
    <productName>XM/XM Pro Mountain Ski</productName>
    <productImage>http://asset.lemansnet.com/z/LzEvRS9DLzFFQzQ4RDAzLTI5RTItNDk3OS04NkIyLTlEN0NBNkFDN0U3Mg==</productImage>
    <bullet1>UHMW polyethylene construction provides unmatched durability</bullet1>
    <bullet2>Variable geometry, exclusive edge design and flat shelf platform</bullet2>
    <bullet3>X brace structure</bullet3>
    <bullet4>Bracing for strength</bullet4>
    <bullet5>Traction grips</bullet5>
    <bullet6>Tapered rear</bullet6>
    <bullet7>XM models feature ultimate flexibility, predictable handling and light weight (under 4 lb.)</bullet7>
    <bullet8>XM Pro models have same profile/features as XM models</bullet8>
    <bullet9>XM Pro models for riders who require superior durability and rigidity</bullet9>
    <bullet10>Made in the U.S.A.</bullet10>
    <bullet11>Required XS/XSM/XM/XM PRO mount kit not included; sold separately</bullet11>
    <bullet12>Does not include loops, loop hardware or a carbide.</bullet12>
    <bullet13/>
    <bullet14/>
    <bullet15/>
    <bullet16/>
    <bullet17/>
    <bullet18/>
    <bullet19/>
    <bullet20/>
    <bullet21/>
    <bullet22/>
    <bullet23/>
    <bullet24/>
    <vendorPriceUpdateDate>2020-06-11 00:00:00</vendorPriceUpdateDate>
  </part>
  <part>
    <partNumber>46020186</partNumber>
    <punctuatedPartNumber>4602-0186</punctuatedPartNumber>
    <partStatusDescription>DISCONTINUED</partStatusDescription>
    <partDescription>XM Mountain Ski - Green</partDescription>
    <unitOfMeasure>Each</unitOfMeasure>
    <brandName>CURVE INDUSTRIES</brandName>
    <supplierNumber>XM1512</supplierNumber>
    <specialInstructions/>
    <baseDealerPrice>93.10</baseDealerPrice>
    <yourDealerPrice>93.10</yourDealerPrice>
    <baseRetailPrice>0.00</baseRetailPrice>
    <originalRetailPrice>174.99</originalRetailPrice>
    <partImage>http://asset.lemansnet.com/z/L0IvQi8zL0JCMzBBOTlELTY5QjgtNEZBOS05NEVGLTZENjA0MTA3MDREOCwvNC80L0QvNDREQTY1MTgtRjlFOC00RjgyLUFDNTUtQkY2ODAxMzc5NzU5</partImage>
    <productId>1257481096</productId>
    <productName>XM/XM Pro Mountain Ski</productName>
    <productImage>http://asset.lemansnet.com/z/LzEvRS9DLzFFQzQ4RDAzLTI5RTItNDk3OS04NkIyLTlEN0NBNkFDN0U3Mg==</productImage>
    <bullet1>UHMW polyethylene construction provides unmatched durability</bullet1>
    <bullet2>Variable geometry, exclusive edge design and flat shelf platform</bullet2>
    <bullet3>X brace structure</bullet3>
    <bullet4>Bracing for strength</bullet4>
    <bullet5>Traction grips</bullet5>
    <bullet6>Tapered rear</bullet6>
    <bullet7>XM models feature ultimate flexibility, predictable handling and light weight (under 4 lb.)</bullet7>
    <bullet8>XM Pro models have same profile/features as XM models</bullet8>
    <bullet9>XM Pro models for riders who require superior durability and rigidity</bullet9>
    <bullet10>Made in the U.S.A.</bullet10>
    <bullet11>Required XS/XSM/XM/XM PRO mount kit not included; sold separately</bullet11>
    <bullet12>Does not include loops, loop hardware or a carbide.</bullet12>
    <bullet13/>
    <bullet14/>
    <bullet15/>
    <bullet16/>
    <bullet17/>
    <bullet18/>
    <bullet19/>
    <bullet20/>
    <bullet21/>
    <bullet22/>
    <bullet23/>
    <bullet24/>
    <vendorPriceUpdateDate>2020-06-11 00:00:00</vendorPriceUpdateDate>
  </part>
  <part>
    <partNumber>46020187</partNumber>
    <punctuatedPartNumber>4602-0187</punctuatedPartNumber>
    <partStatusDescription>DISCONTINUED</partStatusDescription>
    <partDescription>XM Pro Mountain Ski - Black</partDescription>
    <unitOfMeasure>Each</unitOfMeasure>
    <brandName>CURVE INDUSTRIES</brandName>
    <supplierNumber>XM1500-PRO</supplierNumber>
    <specialInstructions/>
    <baseDealerPrice>97.90</baseDealerPrice>
    <yourDealerPrice>97.90</yourDealerPrice>
    <baseRetailPrice>0.00</baseRetailPrice>
    <originalRetailPrice>184.99</originalRetailPrice>
    <partImage>http://asset.lemansnet.com/z/L0YvOC9BL0Y4QUU4MTRDLTZCRjctNEFGRi05QjY4LTFDMjNDN0VDQjBDMywvNC81LzAvNDUwQjg5M0YtRDIwNS00RjhDLTg1RTktMTAyQjE4RjFERTM4</partImage>
    <productId>1257481096</productId>
    <productName>XM/XM Pro Mountain Ski</productName>
    <productImage>http://asset.lemansnet.com/z/LzEvRS9DLzFFQzQ4RDAzLTI5RTItNDk3OS04NkIyLTlEN0NBNkFDN0U3Mg==</productImage>
    <bullet1>UHMW polyethylene construction provides unmatched durability</bullet1>
    <bullet2>Variable geometry, exclusive edge design and flat shelf platform</bullet2>
    <bullet3>X brace structure</bullet3>
    <bullet4>Bracing for strength</bullet4>
    <bullet5>Traction grips</bullet5>
    <bullet6>Tapered rear</bullet6>
    <bullet7>XM models feature ultimate flexibility, predictable handling and light weight (under 4 lb.)</bullet7>
    <bullet8>XM Pro models have same profile/features as XM models</bullet8>
    <bullet9>XM Pro models for riders who require superior durability and rigidity</bullet9>
    <bullet10>Made in the U.S.A.</bullet10>
    <bullet11>Required XS/XSM/XM/XM PRO mount kit not included; sold separately</bullet11>
    <bullet12>Does not include loops, loop hardware or a carbide.</bullet12>
    <bullet13/>
    <bullet14/>
    <bullet15/>
    <bullet16/>
    <bullet17/>
    <bullet18/>
    <bullet19/>
    <bullet20/>
    <bullet21/>
    <bullet22/>
    <bullet23/>
    <bullet24/>
    <vendorPriceUpdateDate>2020-06-11 00:00:00</vendorPriceUpdateDate>
  </part>
  <part>
    <partNumber>46020196</partNumber>
    <punctuatedPartNumber>4602-0196</punctuatedPartNumber>
    <partStatusDescription>DISCONTINUED</partStatusDescription>
    <partDescription>XM Pro Mountain Ski - Green</partDescription>
    <unitOfMeasure>Each</unitOfMeasure>
    <brandName>CURVE INDUSTRIES</brandName>
    <supplierNumber>XM1512-PRO</supplierNumber>
    <specialInstructions/>
    <baseDealerPrice>97.90</baseDealerPrice>
    <yourDealerPrice>97.90</yourDealerPrice>
    <baseRetailPrice>0.00</baseRetailPrice>
    <originalRetailPrice>184.99</originalRetailPrice>
    <partImage>http://asset.lemansnet.com/z/L0IvQi8zL0JCMzBBOTlELTY5QjgtNEZBOS05NEVGLTZENjA0MTA3MDREOCwvNC80L0QvNDREQTY1MTgtRjlFOC00RjgyLUFDNTUtQkY2ODAxMzc5NzU5</partImage>
    <productId>1257481096</productId>
    <productName>XM/XM Pro Mountain Ski</productName>
    <productImage>http://asset.lemansnet.com/z/LzEvRS9DLzFFQzQ4RDAzLTI5RTItNDk3OS04NkIyLTlEN0NBNkFDN0U3Mg==</productImage>
    <bullet1>UHMW polyethylene construction provides unmatched durability</bullet1>
    <bullet2>Variable geometry, exclusive edge design and flat shelf platform</bullet2>
    <bullet3>X brace structure</bullet3>
    <bullet4>Bracing for strength</bullet4>
    <bullet5>Traction grips</bullet5>
    <bullet6>Tapered rear</bullet6>
    <bullet7>XM models feature ultimate flexibility, predictable handling and light weight (under 4 lb.)</bullet7>
    <bullet8>XM Pro models have same profile/features as XM models</bullet8>
    <bullet9>XM Pro models for riders who require superior durability and rigidity</bullet9>
    <bullet10>Made in the U.S.A.</bullet10>
    <bullet11>Required XS/XSM/XM/XM PRO mount kit not included; sold separately</bullet11>
    <bullet12>Does not include loops, loop hardware or a carbide.</bullet12>
    <bullet13/>
    <bullet14/>
    <bullet15/>
    <bullet16/>
    <bullet17/>
    <bullet18/>
    <bullet19/>
    <bullet20/>
    <bullet21/>
    <bullet22/>
    <bullet23/>
    <bullet24/>
    <vendorPriceUpdateDate>2020-06-11 00:00:00</vendorPriceUpdateDate>
  </part>
  <part>
    <partNumber>46020177</partNumber>
    <punctuatedPartNumber>4602-0177</punctuatedPartNumber>
    <partStatusDescription>DISCONTINUED</partStatusDescription>
    <partDescription>XM Mountain Ski - Black</partDescription>
    <unitOfMeasure>Each</unitOfMeasure>
    <brandName>CURVE INDUSTRIES</brandName>
    <supplierNumber>XM1500</supplierNumber>
    <specialInstructions/>
    <baseDealerPrice>93.10</baseDealerPrice>
    <yourDealerPrice>93.10</yourDealerPrice>
    <baseRetailPrice>0.00</baseRetailPrice>
    <originalRetailPrice>174.99</originalRetailPrice>
    <partImage>http://asset.lemansnet.com/z/L0YvOC9BL0Y4QUU4MTRDLTZCRjctNEFGRi05QjY4LTFDMjNDN0VDQjBDMywvNC81LzAvNDUwQjg5M0YtRDIwNS00RjhDLTg1RTktMTAyQjE4RjFERTM4</partImage>
    <productId>1257481096</productId>
    <productName>XM/XM Pro Mountain Ski</productName>
    <productImage>http://asset.lemansnet.com/z/LzEvRS9DLzFFQzQ4RDAzLTI5RTItNDk3OS04NkIyLTlEN0NBNkFDN0U3Mg==</productImage>
    <bullet1>UHMW polyethylene construction provides unmatched durability</bullet1>
    <bullet2>Variable geometry, exclusive edge design and flat shelf platform</bullet2>
    <bullet3>X brace structure</bullet3>
    <bullet4>Bracing for strength</bullet4>
    <bullet5>Traction grips</bullet5>
    <bullet6>Tapered rear</bullet6>
    <bullet7>XM models feature ultimate flexibility, predictable handling and light weight (under 4 lb.)</bullet7>
    <bullet8>XM Pro models have same profile/features as XM models</bullet8>
    <bullet9>XM Pro models for riders who require superior durability and rigidity</bullet9>
    <bullet10>Made in the U.S.A.</bullet10>
    <bullet11>Required XS/XSM/XM/XM PRO mount kit not included; sold separately</bullet11>
    <bullet12>Does not include loops, loop hardware or a carbide.</bullet12>
    <bullet13/>
    <bullet14/>
    <bullet15/>
    <bullet16/>
    <bullet17/>
    <bullet18/>
    <bullet19/>
    <bullet20/>
    <bullet21/>
    <bullet22/>
    <bullet23/>
    <bullet24/>
    <vendorPriceUpdateDate>2020-06-11 00:00:00</vendorPriceUpdateDate>
  </part>
  <part>
    <partNumber>46020178</partNumber>
    <punctuatedPartNumber>4602-0178</punctuatedPartNumber>
    <partStatusDescription>DISCONTINUED</partStatusDescription>
    <partDescription>XM Mountain Ski - Blue</partDescription>
    <unitOfMeasure>Each</unitOfMeasure>
    <brandName>CURVE INDUSTRIES</brandName>
    <supplierNumber>XM1501</supplierNumber>
    <specialInstructions/>
    <baseDealerPrice>93.10</baseDealerPrice>
    <yourDealerPrice>93.10</yourDealerPrice>
    <baseRetailPrice>0.00</baseRetailPrice>
    <originalRetailPrice>174.99</originalRetailPrice>
    <partImage>http://asset.lemansnet.com/z/L0UvNy80L0U3NDQyQjBGLUQ3NUItNDNDOC1CMzlELUI0RUMwNDAzNDQwMCwvMy8yLzEvMzIxODNCNTEtOTc5Mi00MzVFLTk1NUUtQzFDQjgyRDRDMDI0</partImage>
    <productId>1257481096</productId>
    <productName>XM/XM Pro Mountain Ski</productName>
    <productImage>http://asset.lemansnet.com/z/LzEvRS9DLzFFQzQ4RDAzLTI5RTItNDk3OS04NkIyLTlEN0NBNkFDN0U3Mg==</productImage>
    <bullet1>UHMW polyethylene construction provides unmatched durability</bullet1>
    <bullet2>Variable geometry, exclusive edge design and flat shelf platform</bullet2>
    <bullet3>X brace structure</bullet3>
    <bullet4>Bracing for strength</bullet4>
    <bullet5>Traction grips</bullet5>
    <bullet6>Tapered rear</bullet6>
    <bullet7>XM models feature ultimate flexibility, predictable handling and light weight (under 4 lb.)</bullet7>
    <bullet8>XM Pro models have same profile/features as XM models</bullet8>
    <bullet9>XM Pro models for riders who require superior durability and rigidity</bullet9>
    <bullet10>Made in the U.S.A.</bullet10>
    <bullet11>Required XS/XSM/XM/XM PRO mount kit not included; sold separately</bullet11>
    <bullet12>Does not include loops, loop hardware or a carbide.</bullet12>
    <bullet13/>
    <bullet14/>
    <bullet15/>
    <bullet16/>
    <bullet17/>
    <bullet18/>
    <bullet19/>
    <bullet20/>
    <bullet21/>
    <bullet22/>
    <bullet23/>
    <bullet24/>
    <vendorPriceUpdateDate>2020-06-11 00:00:00</vendorPriceUpdateDate>
  </part>
</root>
