<root>
  <part>
    <partNumber>10102522</partNumber>
    <punctuatedPartNumber>1010-2522</punctuatedPartNumber>
    <partStatusDescription>STANDARD</partStatusDescription>
    <partDescription>Blow-Off Valve Kit - Polaris</partDescription>
    <unitOfMeasure>Kit</unitOfMeasure>
    <brandName>XDR</brandName>
    <supplierNumber>615904</supplierNumber>
    <specialInstructions/>
    <baseDealerPrice>140.70</baseDealerPrice>
    <yourDealerPrice>140.70</yourDealerPrice>
    <baseRetailPrice>201.00</baseRetailPrice>
    <originalRetailPrice>155.00</originalRetailPrice>
    <partImage>http://asset.lemansnet.com/z/LzgvQi9ELzhCREU4M0ExLTQyNjQtNDRGMy04MEIyLUFCNjM4ODZDRkQwQw==</partImage>
    <productId>0187871332</productId>
    <productName>Blow-Off Valve Kit</productName>
    <productImage>http://asset.lemansnet.com/z/LzIvNy9DLzI3QzVGNDVBLTIyQ0QtNDI5RC1BMUM0LTUxQjk5RUZCNjM4Mw==</productImage>
    <bullet1>Designed for extreme boost pressure; adjustable spring and piston</bullet1>
    <bullet2>Prolongs turbo life and improves boost response</bullet2>
    <bullet3>Cone air filter protects against debris</bullet3>
    <bullet4>CNC-machined billet aluminum</bullet4>
    <bullet5/>
    <bullet6/>
    <bullet7/>
    <bullet8/>
    <bullet9/>
    <bullet10/>
    <bullet11/>
    <bullet12/>
    <bullet13/>
    <bullet14/>
    <bullet15/>
    <bullet16/>
    <bullet17/>
    <bullet18/>
    <bullet19/>
    <bullet20/>
    <bullet21/>
    <bullet22/>
    <bullet23/>
    <bullet24/>
    <vendorPriceUpdateDate>2022-11-09 00:00:00</vendorPriceUpdateDate>
  </part>
  <part>
    <partNumber>10202861</partNumber>
    <punctuatedPartNumber>1020-2861</punctuatedPartNumber>
    <partStatusDescription>DISCONTINUED</partStatusDescription>
    <partDescription>Delta Boost Module - Can-Am</partDescription>
    <unitOfMeasure>Each</unitOfMeasure>
    <brandName>XDR</brandName>
    <supplierNumber>18110</supplierNumber>
    <specialInstructions/>
    <baseDealerPrice>16.70</baseDealerPrice>
    <yourDealerPrice>16.70</yourDealerPrice>
    <baseRetailPrice>0.00</baseRetailPrice>
    <originalRetailPrice>434.00</originalRetailPrice>
    <partImage>http://asset.lemansnet.com/z/L0YvRC9DL0ZEQzAzQ0M3LTBCRDYtNEUwQi04NjkwLTA0RTMxMjFEOEY0NiwvMy9FLzMvM0UzODg4MEMtRTdCMC00ODA0LUJBNTItQjJCQUQ2OTI5ODQ4</partImage>
    <productId>1593160366</productId>
    <productName>Delta Boost Module</productName>
    <productImage>http://asset.lemansnet.com/z/L0YvRC9DL0ZEQzAzQ0M3LTBCRDYtNEUwQi04NjkwLTA0RTMxMjFEOEY0Ng==</productImage>
    <bullet1>This module simply installs in-line with the boost sensor in the factory harness and is controlled by a downloadable Bluetooth app for both IOS and Android platforms</bullet1>
    <bullet2>The app shows you real-time boost pressures and offers 4 different power settings; Valet mode, which is great when handing off the keys to a less experienced driver; Standard mode, which is the stock boost setting; Sport mode, which gains up to 3 psi over the stock boost and Max mode, which gives you an added 4 psi over stock for shredding the trail</bullet2>
    <bullet3>Module is fully sealed from moisture and dirt</bullet3>
    <bullet4>Detailed installation instructions are downloadable for a quick and easy install</bullet4>
    <bullet5>A simple way to gain up to 4 psi in boost pressure with an easy to install plug and play</bullet5>
    <bullet6>Horsepower and torque gains throughout the useable rpm range to accelerate you past the competition</bullet6>
    <bullet7>Made in the USA</bullet7>
    <bullet8/>
    <bullet9/>
    <bullet10/>
    <bullet11/>
    <bullet12/>
    <bullet13/>
    <bullet14/>
    <bullet15/>
    <bullet16/>
    <bullet17/>
    <bullet18/>
    <bullet19/>
    <bullet20/>
    <bullet21/>
    <bullet22/>
    <bullet23/>
    <bullet24/>
    <vendorPriceUpdateDate>2022-11-09 00:00:00</vendorPriceUpdateDate>
  </part>
  <part>
    <partNumber>18611263</partNumber>
    <punctuatedPartNumber>1861-1263</punctuatedPartNumber>
    <partStatusDescription>DISCONTINUED</partStatusDescription>
    <partDescription>Inlet Pipe Heat Shield</partDescription>
    <unitOfMeasure>Each</unitOfMeasure>
    <brandName>XDR</brandName>
    <supplierNumber>7508</supplierNumber>
    <specialInstructions/>
    <baseDealerPrice>19.20</baseDealerPrice>
    <yourDealerPrice>19.20</yourDealerPrice>
    <baseRetailPrice>0.00</baseRetailPrice>
    <originalRetailPrice>104.00</originalRetailPrice>
    <partImage>http://asset.lemansnet.com/z/L0QvNy84L0Q3ODAyRTg5LTI2QjgtNDk0Qi1CNzJGLUJEMzVDRjg5NzNFOCwvQy82LzcvQzY3RTlDOTktNjM3QS00REExLUFDNDEtNjdEQUI0RDY2MDQ3</partImage>
    <productId>1616654993</productId>
    <productName>Inlet Pipe Heat Shield</productName>
    <productImage>http://asset.lemansnet.com/z/L0QvNy84L0Q3ODAyRTg5LTI2QjgtNDk0Qi1CNzJGLUJEMzVDRjg5NzNFOA==</productImage>
    <bullet1>Offers additional heat protection</bullet1>
    <bullet2>Constructed of brushed 409S stainless steel</bullet2>
    <bullet3>Easy, direct bolt-on installation</bullet3>
    <bullet4>Laser-cut XDR logo</bullet4>
    <bullet5>Made in the U.S.A.</bullet5>
    <bullet6/>
    <bullet7/>
    <bullet8/>
    <bullet9/>
    <bullet10/>
    <bullet11/>
    <bullet12/>
    <bullet13/>
    <bullet14/>
    <bullet15/>
    <bullet16/>
    <bullet17/>
    <bullet18/>
    <bullet19/>
    <bullet20/>
    <bullet21/>
    <bullet22/>
    <bullet23/>
    <bullet24/>
    <vendorPriceUpdateDate>2022-11-09 00:00:00</vendorPriceUpdateDate>
  </part>
  <part>
    <partNumber>18310762</partNumber>
    <punctuatedPartNumber>1831-0762</punctuatedPartNumber>
    <partStatusDescription>DISCONTINUED</partStatusDescription>
    <partDescription>Muffler</partDescription>
    <unitOfMeasure>Each</unitOfMeasure>
    <brandName>XDR</brandName>
    <supplierNumber>7520</supplierNumber>
    <specialInstructions/>
    <baseDealerPrice>192.80</baseDealerPrice>
    <yourDealerPrice>192.80</yourDealerPrice>
    <baseRetailPrice>0.00</baseRetailPrice>
    <originalRetailPrice>1289.00</originalRetailPrice>
    <partImage>http://asset.lemansnet.com/z/L0UvQi83L0VCNzcwRjBELTM2MUMtNDY2Ri05NUFGLURGNkUzRUExMzU2OQ==</partImage>
    <productId>0130093216</productId>
    <productName>Off-Road Competition Exhaust</productName>
    <productImage>http://asset.lemansnet.com/z/L0UvQi83L0VCNzcwRjBELTM2MUMtNDY2Ri05NUFGLURGNkUzRUExMzU2OQ==</productImage>
    <bullet1>Connects at the factory flanged connection and is firmly held in place using the factory rubber mounts and springs</bullet1>
    <bullet2>409S stainless steel construction</bullet2>
    <bullet3>2.50-inch mandrel-bent inlet tube flows into the XDR "straight-through" cross-flow Competition muffler providing a deep moderate to aggressive sound level</bullet3>
    <bullet4>The dual 2.25-inch mandrel-bent tailpipes are tucked up high within the rear fenders and are finished off with a pair of 3.50-inch brushed 304s stainless steel tips with black anodized aluminum end caps</bullet4>
    <bullet5>Comes with a custom black powder coated heat shield to show everyone behind you why you sound so good</bullet5>
    <bullet6>Includes all necessary hardware and detailed instructions</bullet6>
    <bullet7>Does not include a catalytic converter</bullet7>
    <bullet8>For Competition use only</bullet8>
    <bullet9/>
    <bullet10/>
    <bullet11/>
    <bullet12/>
    <bullet13/>
    <bullet14/>
    <bullet15/>
    <bullet16/>
    <bullet17/>
    <bullet18/>
    <bullet19/>
    <bullet20/>
    <bullet21/>
    <bullet22/>
    <bullet23/>
    <bullet24/>
    <vendorPriceUpdateDate>2022-11-09 00:00:00</vendorPriceUpdateDate>
  </part>
  <part>
    <partNumber>16021186</partNumber>
    <punctuatedPartNumber>1602-1186</punctuatedPartNumber>
    <partStatusDescription>STANDARD</partStatusDescription>
    <partDescription>Hill Killer Shift Kit - Black - RZR</partDescription>
    <unitOfMeasure>Kit</unitOfMeasure>
    <brandName>XDR</brandName>
    <supplierNumber>81168</supplierNumber>
    <specialInstructions/>
    <baseDealerPrice>348.30</baseDealerPrice>
    <yourDealerPrice>348.30</yourDealerPrice>
    <baseRetailPrice>497.57</baseRetailPrice>
    <originalRetailPrice>375.00</originalRetailPrice>
    <partImage>http://asset.lemansnet.com/z/LzgvNy81Lzg3NUM1QzJDLUE2ODgtNDMxNi05NUJBLTY0M0ZGOUU3NUMxNA==</partImage>
    <productId>0562168794</productId>
    <productName>Hill Killer Shift Kit</productName>
    <productImage>http://asset.lemansnet.com/z/LzgvNy81Lzg3NUM1QzJDLUE2ODgtNDMxNi05NUJBLTY0M0ZGOUU3NUMxNA==</productImage>
    <bullet1>CNC-billet aluminum Magnum Grip shift handle</bullet1>
    <bullet2>Stainless steel Hill Killer gate plate</bullet2>
    <bullet3>Replaceable Magnum Grip side plates</bullet3>
    <bullet4>Racing gated shifter reliability</bullet4>
    <bullet5/>
    <bullet6/>
    <bullet7/>
    <bullet8/>
    <bullet9/>
    <bullet10/>
    <bullet11/>
    <bullet12/>
    <bullet13/>
    <bullet14/>
    <bullet15/>
    <bullet16/>
    <bullet17/>
    <bullet18/>
    <bullet19/>
    <bullet20/>
    <bullet21/>
    <bullet22/>
    <bullet23/>
    <bullet24/>
    <vendorPriceUpdateDate>2022-11-09 00:00:00</vendorPriceUpdateDate>
  </part>
  <part>
    <partNumber>16021228</partNumber>
    <punctuatedPartNumber>1602-1228</punctuatedPartNumber>
    <partStatusDescription>DISCONTINUED</partStatusDescription>
    <partDescription>Magnum Shifter Lever - Black - Textron Wildcat</partDescription>
    <unitOfMeasure>Each</unitOfMeasure>
    <brandName>XDR</brandName>
    <supplierNumber>81230</supplierNumber>
    <specialInstructions/>
    <baseDealerPrice>28.00</baseDealerPrice>
    <yourDealerPrice>28.00</yourDealerPrice>
    <baseRetailPrice>0.00</baseRetailPrice>
    <originalRetailPrice>138.00</originalRetailPrice>
    <partImage>http://asset.lemansnet.com/z/LzUvNi8wLzU2MDQxQTYxLUFCQkItNDg3Ny1COUY3LTkzQTY5MDVFRUQwRQ==</partImage>
    <productId>0600413116</productId>
    <productName>Magnum Grip Shift Handle</productName>
    <productImage>http://asset.lemansnet.com/z/LzUvQy9ELzVDRDVDMzgwLTlGREMtNDIwRC04RTQ1LTU1QTJCMjQ0MjI0Nw==</productImage>
    <bullet1>CNC-machined billet aluminum</bullet1>
    <bullet2>Replaceable Magnum grip side plates</bullet2>
    <bullet3>Quick and easy installation</bullet3>
    <bullet4/>
    <bullet5/>
    <bullet6/>
    <bullet7/>
    <bullet8/>
    <bullet9/>
    <bullet10/>
    <bullet11/>
    <bullet12/>
    <bullet13/>
    <bullet14/>
    <bullet15/>
    <bullet16/>
    <bullet17/>
    <bullet18/>
    <bullet19/>
    <bullet20/>
    <bullet21/>
    <bullet22/>
    <bullet23/>
    <bullet24/>
    <vendorPriceUpdateDate>2022-11-09 00:00:00</vendorPriceUpdateDate>
  </part>
  <part>
    <partNumber>16021188</partNumber>
    <punctuatedPartNumber>1602-1188</punctuatedPartNumber>
    <partStatusDescription>DISCONTINUED</partStatusDescription>
    <partDescription>Shift Lever Knob</partDescription>
    <unitOfMeasure>Each</unitOfMeasure>
    <brandName>XDR</brandName>
    <supplierNumber>81172</supplierNumber>
    <specialInstructions>Discontinued Item</specialInstructions>
    <baseDealerPrice>29.90</baseDealerPrice>
    <yourDealerPrice>29.90</yourDealerPrice>
    <baseRetailPrice>45.95</baseRetailPrice>
    <originalRetailPrice>59.02</originalRetailPrice>
    <partImage>http://asset.lemansnet.com/z/L0QvQS8zL0RBMzNFQTFCLTc5N0EtNDY1RS1CQzM1LUM4OEJERjBEMUExQw==</partImage>
    <productId>0528650098</productId>
    <productName>Shift Knob</productName>
    <productImage>http://asset.lemansnet.com/z/L0QvQS8zL0RBMzNFQTFCLTc5N0EtNDY1RS1CQzM1LUM4OEJERjBEMUExQw==</productImage>
    <bullet1>Patterned after the classic B&amp;M shift knob used in many race applications</bullet1>
    <bullet2>Has a polished Black finish</bullet2>
    <bullet3>Quick and easy installation</bullet3>
    <bullet4>Round knob</bullet4>
    <bullet5>B&amp;M logo</bullet5>
    <bullet6/>
    <bullet7/>
    <bullet8/>
    <bullet9/>
    <bullet10/>
    <bullet11/>
    <bullet12/>
    <bullet13/>
    <bullet14/>
    <bullet15/>
    <bullet16/>
    <bullet17/>
    <bullet18/>
    <bullet19/>
    <bullet20/>
    <bullet21/>
    <bullet22/>
    <bullet23/>
    <bullet24/>
    <vendorPriceUpdateDate>2022-11-09 00:00:00</vendorPriceUpdateDate>
  </part>
  <part>
    <partNumber>16021208</partNumber>
    <punctuatedPartNumber>1602-1208</punctuatedPartNumber>
    <partStatusDescription>DISCONTINUED</partStatusDescription>
    <partDescription>Shift Lever Knob - White - Polaris</partDescription>
    <unitOfMeasure>Each</unitOfMeasure>
    <brandName>XDR</brandName>
    <supplierNumber>81228</supplierNumber>
    <specialInstructions>Discontinued Item</specialInstructions>
    <baseDealerPrice>83.70</baseDealerPrice>
    <yourDealerPrice>83.70</yourDealerPrice>
    <baseRetailPrice>128.95</baseRetailPrice>
    <originalRetailPrice>154.00</originalRetailPrice>
    <partImage>http://asset.lemansnet.com/z/LzUvNy83LzU3Nzg5RTlBLTgzQzMtNEQ5OC1COTY0LUYyQjRGNzI0MTUwNg==</partImage>
    <productId>0600413116</productId>
    <productName>Magnum Grip Shift Handle</productName>
    <productImage>http://asset.lemansnet.com/z/LzUvQy9ELzVDRDVDMzgwLTlGREMtNDIwRC04RTQ1LTU1QTJCMjQ0MjI0Nw==</productImage>
    <bullet1>CNC-machined billet aluminum</bullet1>
    <bullet2>Replaceable Magnum grip side plates</bullet2>
    <bullet3>Quick and easy installation</bullet3>
    <bullet4/>
    <bullet5/>
    <bullet6/>
    <bullet7/>
    <bullet8/>
    <bullet9/>
    <bullet10/>
    <bullet11/>
    <bullet12/>
    <bullet13/>
    <bullet14/>
    <bullet15/>
    <bullet16/>
    <bullet17/>
    <bullet18/>
    <bullet19/>
    <bullet20/>
    <bullet21/>
    <bullet22/>
    <bullet23/>
    <bullet24/>
    <vendorPriceUpdateDate>2022-11-09 00:00:00</vendorPriceUpdateDate>
  </part>
  <part>
    <partNumber>16021182</partNumber>
    <punctuatedPartNumber>1602-1182</punctuatedPartNumber>
    <partStatusDescription>DISCONTINUED</partStatusDescription>
    <partDescription>Hill Climb Gated Plate - Can-Am Maverick</partDescription>
    <unitOfMeasure>Kit</unitOfMeasure>
    <brandName>XDR</brandName>
    <supplierNumber>80756</supplierNumber>
    <specialInstructions>Discontinued P/Byr</specialInstructions>
    <baseDealerPrice>23.60</baseDealerPrice>
    <yourDealerPrice>23.60</yourDealerPrice>
    <baseRetailPrice>36.95</baseRetailPrice>
    <originalRetailPrice>129.00</originalRetailPrice>
    <partImage>http://asset.lemansnet.com/z/LzQvNi9FLzQ2RUYyM0UxLTM2OUItNEFCQi05NzNCLTk3QUY3Njc4NEY2Nw==</partImage>
    <productId>0519514663</productId>
    <productName>Gated Shift Plate</productName>
    <productImage>http://asset.lemansnet.com/z/LzQvNi9FLzQ2RUYyM0UxLTM2OUItNEFCQi05NzNCLTk3QUY3Njc4NEY2Nw==</productImage>
    <bullet1>Stainless steel</bullet1>
    <bullet2>XDR Hill Killer Gate pattern</bullet2>
    <bullet3>B&amp;M Racing Shifter reliability</bullet3>
    <bullet4/>
    <bullet5/>
    <bullet6/>
    <bullet7/>
    <bullet8/>
    <bullet9/>
    <bullet10/>
    <bullet11/>
    <bullet12/>
    <bullet13/>
    <bullet14/>
    <bullet15/>
    <bullet16/>
    <bullet17/>
    <bullet18/>
    <bullet19/>
    <bullet20/>
    <bullet21/>
    <bullet22/>
    <bullet23/>
    <bullet24/>
    <vendorPriceUpdateDate>2022-11-09 00:00:00</vendorPriceUpdateDate>
  </part>
  <part>
    <partNumber>16021189</partNumber>
    <punctuatedPartNumber>1602-1189</punctuatedPartNumber>
    <partStatusDescription>DISCONTINUED</partStatusDescription>
    <partDescription>Shift Lever Knob - Black - Yamaha YXZ</partDescription>
    <unitOfMeasure>Each</unitOfMeasure>
    <brandName>XDR</brandName>
    <supplierNumber>81209</supplierNumber>
    <specialInstructions>Discontinued P/Byr</specialInstructions>
    <baseDealerPrice>29.10</baseDealerPrice>
    <yourDealerPrice>29.10</yourDealerPrice>
    <baseRetailPrice>44.95</baseRetailPrice>
    <originalRetailPrice>154.00</originalRetailPrice>
    <partImage>http://asset.lemansnet.com/z/L0YvNi8yL0Y2MjkwQTdBLTM5Q0EtNDg1Ri04RjJGLUZFMzU0NzI5MTczMA==</partImage>
    <productId>0600413116</productId>
    <productName>Magnum Grip Shift Handle</productName>
    <productImage>http://asset.lemansnet.com/z/LzUvQy9ELzVDRDVDMzgwLTlGREMtNDIwRC04RTQ1LTU1QTJCMjQ0MjI0Nw==</productImage>
    <bullet1>CNC-machined billet aluminum</bullet1>
    <bullet2>Replaceable Magnum grip side plates</bullet2>
    <bullet3>Quick and easy installation</bullet3>
    <bullet4/>
    <bullet5/>
    <bullet6/>
    <bullet7/>
    <bullet8/>
    <bullet9/>
    <bullet10/>
    <bullet11/>
    <bullet12/>
    <bullet13/>
    <bullet14/>
    <bullet15/>
    <bullet16/>
    <bullet17/>
    <bullet18/>
    <bullet19/>
    <bullet20/>
    <bullet21/>
    <bullet22/>
    <bullet23/>
    <bullet24/>
    <vendorPriceUpdateDate>2022-11-09 00:00:00</vendorPriceUpdateDate>
  </part>
  <part>
    <partNumber>10102496</partNumber>
    <punctuatedPartNumber>1010-2496</punctuatedPartNumber>
    <partStatusDescription>STANDARD</partStatusDescription>
    <partDescription>Blow-Off Valve Kit - Can-Am</partDescription>
    <unitOfMeasure>Kit</unitOfMeasure>
    <brandName>XDR</brandName>
    <supplierNumber>615903</supplierNumber>
    <specialInstructions/>
    <baseDealerPrice>163.00</baseDealerPrice>
    <yourDealerPrice>163.00</yourDealerPrice>
    <baseRetailPrice>232.86</baseRetailPrice>
    <originalRetailPrice>275.99</originalRetailPrice>
    <partImage>http://asset.lemansnet.com/z/LzIvNy9DLzI3QzVGNDVBLTIyQ0QtNDI5RC1BMUM0LTUxQjk5RUZCNjM4Mw==</partImage>
    <productId>0187871332</productId>
    <productName>Blow-Off Valve Kit</productName>
    <productImage>http://asset.lemansnet.com/z/LzIvNy9DLzI3QzVGNDVBLTIyQ0QtNDI5RC1BMUM0LTUxQjk5RUZCNjM4Mw==</productImage>
    <bullet1>Designed for extreme boost pressure; adjustable spring and piston</bullet1>
    <bullet2>Prolongs turbo life and improves boost response</bullet2>
    <bullet3>Cone air filter protects against debris</bullet3>
    <bullet4>CNC-machined billet aluminum</bullet4>
    <bullet5/>
    <bullet6/>
    <bullet7/>
    <bullet8/>
    <bullet9/>
    <bullet10/>
    <bullet11/>
    <bullet12/>
    <bullet13/>
    <bullet14/>
    <bullet15/>
    <bullet16/>
    <bullet17/>
    <bullet18/>
    <bullet19/>
    <bullet20/>
    <bullet21/>
    <bullet22/>
    <bullet23/>
    <bullet24/>
    <vendorPriceUpdateDate>2022-11-09 00:00:00</vendorPriceUpdateDate>
  </part>
  <part>
    <partNumber>16021159</partNumber>
    <punctuatedPartNumber>1602-1159</punctuatedPartNumber>
    <partStatusDescription>STANDARD</partStatusDescription>
    <partDescription>Shifter - Manual - Yamaha</partDescription>
    <unitOfMeasure>Kit</unitOfMeasure>
    <brandName>XDR</brandName>
    <supplierNumber>81148</supplierNumber>
    <specialInstructions/>
    <baseDealerPrice>279.40</baseDealerPrice>
    <yourDealerPrice>279.40</yourDealerPrice>
    <baseRetailPrice>399.14</baseRetailPrice>
    <originalRetailPrice>388.00</originalRetailPrice>
    <partImage>http://asset.lemansnet.com/z/LzMvRC9FLzNERTY4MDU4LTE5NkItNDMyQy04OTY1LTlGQjc3NzlGRkY5NCwvRS9ELzgvRUQ4OENGQzItQzFGNS00OTk0LUE3RUItNjVDOTAwMkQ4RTlB</partImage>
    <productId>1346931662</productId>
    <productName>Gated Shifter</productName>
    <productImage>http://asset.lemansnet.com/z/LzEvMy9FLzEzRUJGODNBLUJFN0YtNDEyNC1CN0IyLTdDNUQ4NENFQTIxQw==</productImage>
    <bullet1>CNC-machined billet black anodized aluminum</bullet1>
    <bullet2>Ergonomic handle and polycarbonate grip</bullet2>
    <bullet3>Automatic transmission shifters can be secured with padlock when not in use</bullet3>
    <bullet4>Hardware and instructions included</bullet4>
    <bullet5/>
    <bullet6/>
    <bullet7/>
    <bullet8/>
    <bullet9/>
    <bullet10/>
    <bullet11/>
    <bullet12/>
    <bullet13/>
    <bullet14/>
    <bullet15/>
    <bullet16/>
    <bullet17/>
    <bullet18/>
    <bullet19/>
    <bullet20/>
    <bullet21/>
    <bullet22/>
    <bullet23/>
    <bullet24/>
    <vendorPriceUpdateDate>2022-11-09 00:00:00</vendorPriceUpdateDate>
  </part>
  <part>
    <partNumber>16021161</partNumber>
    <punctuatedPartNumber>1602-1161</punctuatedPartNumber>
    <partStatusDescription>STANDARD</partStatusDescription>
    <partDescription>Gated Shifter - Automatic - Polaris</partDescription>
    <unitOfMeasure>Kit</unitOfMeasure>
    <brandName>XDR</brandName>
    <supplierNumber>81126</supplierNumber>
    <specialInstructions/>
    <baseDealerPrice>328.90</baseDealerPrice>
    <yourDealerPrice>328.90</yourDealerPrice>
    <baseRetailPrice>469.86</baseRetailPrice>
    <originalRetailPrice>359.00</originalRetailPrice>
    <partImage>http://asset.lemansnet.com/z/L0IvOC8yL0I4MjlERTQ1LTAwQjQtNDZENC1COTMwLTk3QzNERDBBNzUwQSwvRS80LzcvRTQ3QUU4RDItRDU5My00MEM3LTlEOEEtODEwMUNCNTgzQUJELC8xLzMvRS8xM0VCRjgzQS1CRTdGLTQxMjQtQjdCMi03QzVEODRDRUEyMUM=</partImage>
    <productId>1346931662</productId>
    <productName>Gated Shifter</productName>
    <productImage>http://asset.lemansnet.com/z/LzEvMy9FLzEzRUJGODNBLUJFN0YtNDEyNC1CN0IyLTdDNUQ4NENFQTIxQw==</productImage>
    <bullet1>CNC-machined billet black anodized aluminum</bullet1>
    <bullet2>Ergonomic handle and polycarbonate grip</bullet2>
    <bullet3>Automatic transmission shifters can be secured with padlock when not in use</bullet3>
    <bullet4>Hardware and instructions included</bullet4>
    <bullet5/>
    <bullet6/>
    <bullet7/>
    <bullet8/>
    <bullet9/>
    <bullet10/>
    <bullet11/>
    <bullet12/>
    <bullet13/>
    <bullet14/>
    <bullet15/>
    <bullet16/>
    <bullet17/>
    <bullet18/>
    <bullet19/>
    <bullet20/>
    <bullet21/>
    <bullet22/>
    <bullet23/>
    <bullet24/>
    <vendorPriceUpdateDate>2022-11-09 00:00:00</vendorPriceUpdateDate>
  </part>
  <part>
    <partNumber>16021290</partNumber>
    <punctuatedPartNumber>1602-1290</punctuatedPartNumber>
    <partStatusDescription>STANDARD</partStatusDescription>
    <partDescription>Dual Gated Shifter</partDescription>
    <unitOfMeasure>Each</unitOfMeasure>
    <brandName>XDR</brandName>
    <supplierNumber>81174</supplierNumber>
    <specialInstructions/>
    <baseDealerPrice>437.50</baseDealerPrice>
    <yourDealerPrice>437.50</yourDealerPrice>
    <baseRetailPrice>625.00</baseRetailPrice>
    <originalRetailPrice>476.00</originalRetailPrice>
    <partImage>http://asset.lemansnet.com/z/L0IvMC82L0IwNjQ0MEI5LUYyREYtNEM3MS05QjRBLTI2NzA3NTkxMEQzOQ==</partImage>
    <productId>1165495962</productId>
    <productName>Magnum Grip Dual-Gate Shifter</productName>
    <productImage>http://asset.lemansnet.com/z/L0IvMC82L0IwNjQ0MEI5LUYyREYtNEM3MS05QjRBLTI2NzA3NTkxMEQzOQ==</productImage>
    <bullet1>One-piece CNC machined 304S stainless steel gates</bullet1>
    <bullet2>CNC-machined billet aluminum Magnum-Grip shift handle</bullet2>
    <bullet3>Standard gate pattern and Hill Killer pattern</bullet3>
    <bullet4>Replaceable Magnum-Grip side grip plates</bullet4>
    <bullet5>B&amp;M Racing gated shifter reliability</bullet5>
    <bullet6/>
    <bullet7/>
    <bullet8/>
    <bullet9/>
    <bullet10/>
    <bullet11/>
    <bullet12/>
    <bullet13/>
    <bullet14/>
    <bullet15/>
    <bullet16/>
    <bullet17/>
    <bullet18/>
    <bullet19/>
    <bullet20/>
    <bullet21/>
    <bullet22/>
    <bullet23/>
    <bullet24/>
    <vendorPriceUpdateDate>2022-11-09 00:00:00</vendorPriceUpdateDate>
  </part>
  <part>
    <partNumber>16021160</partNumber>
    <punctuatedPartNumber>1602-1160</punctuatedPartNumber>
    <partStatusDescription>STANDARD</partStatusDescription>
    <partDescription>Gated Shifter - Automatic -Can-Am</partDescription>
    <unitOfMeasure>Kit</unitOfMeasure>
    <brandName>XDR</brandName>
    <supplierNumber>81149</supplierNumber>
    <specialInstructions/>
    <baseDealerPrice>495.50</baseDealerPrice>
    <yourDealerPrice>495.50</yourDealerPrice>
    <baseRetailPrice>707.86</baseRetailPrice>
    <originalRetailPrice>595.00</originalRetailPrice>
    <partImage>http://asset.lemansnet.com/z/LzcvMy82LzczNjg3NDQ2LUYwN0QtNDZBOS04OEIxLTE0MkNBMTU2M0RGQywvMC80LzIvMDQyM0Q0OTUtQjdBMi00NkFELUEyREItNjU0RjhGMzhGOUQ2</partImage>
    <productId>1346931662</productId>
    <productName>Gated Shifter</productName>
    <productImage>http://asset.lemansnet.com/z/LzEvMy9FLzEzRUJGODNBLUJFN0YtNDEyNC1CN0IyLTdDNUQ4NENFQTIxQw==</productImage>
    <bullet1>CNC-machined billet black anodized aluminum</bullet1>
    <bullet2>Ergonomic handle and polycarbonate grip</bullet2>
    <bullet3>Automatic transmission shifters can be secured with padlock when not in use</bullet3>
    <bullet4>Hardware and instructions included</bullet4>
    <bullet5/>
    <bullet6/>
    <bullet7/>
    <bullet8/>
    <bullet9/>
    <bullet10/>
    <bullet11/>
    <bullet12/>
    <bullet13/>
    <bullet14/>
    <bullet15/>
    <bullet16/>
    <bullet17/>
    <bullet18/>
    <bullet19/>
    <bullet20/>
    <bullet21/>
    <bullet22/>
    <bullet23/>
    <bullet24/>
    <vendorPriceUpdateDate>2022-11-09 00:00:00</vendorPriceUpdateDate>
  </part>
  <part>
    <partNumber>16021311</partNumber>
    <punctuatedPartNumber>1602-1311</punctuatedPartNumber>
    <partStatusDescription>STANDARD</partStatusDescription>
    <partDescription>Dual Gated Shifter - X3</partDescription>
    <unitOfMeasure>Each</unitOfMeasure>
    <brandName>XDR</brandName>
    <supplierNumber>81171</supplierNumber>
    <specialInstructions/>
    <baseDealerPrice>577.20</baseDealerPrice>
    <yourDealerPrice>577.20</yourDealerPrice>
    <baseRetailPrice>824.57</baseRetailPrice>
    <originalRetailPrice>632.00</originalRetailPrice>
    <partImage>http://asset.lemansnet.com/z/L0YvQy84L0ZDODI2QjM1LUMzMEQtNEYwQS04MTE5LTYxRjgzNDcxOUI5Qw==</partImage>
    <productId>1165495962</productId>
    <productName>Magnum Grip Dual-Gate Shifter</productName>
    <productImage>http://asset.lemansnet.com/z/L0IvMC82L0IwNjQ0MEI5LUYyREYtNEM3MS05QjRBLTI2NzA3NTkxMEQzOQ==</productImage>
    <bullet1>One-piece CNC machined 304S stainless steel gates</bullet1>
    <bullet2>CNC-machined billet aluminum Magnum-Grip shift handle</bullet2>
    <bullet3>Standard gate pattern and Hill Killer pattern</bullet3>
    <bullet4>Replaceable Magnum-Grip side grip plates</bullet4>
    <bullet5>B&amp;M Racing gated shifter reliability</bullet5>
    <bullet6/>
    <bullet7/>
    <bullet8/>
    <bullet9/>
    <bullet10/>
    <bullet11/>
    <bullet12/>
    <bullet13/>
    <bullet14/>
    <bullet15/>
    <bullet16/>
    <bullet17/>
    <bullet18/>
    <bullet19/>
    <bullet20/>
    <bullet21/>
    <bullet22/>
    <bullet23/>
    <bullet24/>
    <vendorPriceUpdateDate>2022-11-09 00:00:00</vendorPriceUpdateDate>
  </part>
  <part>
    <partNumber>18310765</partNumber>
    <punctuatedPartNumber>1831-0765</punctuatedPartNumber>
    <partStatusDescription>STANDARD</partStatusDescription>
    <partDescription>RZR XP 1000 Muffler</partDescription>
    <unitOfMeasure>Each</unitOfMeasure>
    <brandName>XDR</brandName>
    <supplierNumber>7523</supplierNumber>
    <specialInstructions/>
    <baseDealerPrice>846.00</baseDealerPrice>
    <yourDealerPrice>846.00</yourDealerPrice>
    <baseRetailPrice>1208.57</baseRetailPrice>
    <originalRetailPrice>1178.00</originalRetailPrice>
    <partImage>http://asset.lemansnet.com/z/LzYvRC9CLzZEQjU4NTRGLUE0NjctNEE0NS05OTRGLUREQTA1RTlBNEM3OA==</partImage>
    <productId>0021949791</productId>
    <productName>Off-Road Competition Exhaust</productName>
    <productImage>http://asset.lemansnet.com/z/LzYvRC9CLzZEQjU4NTRGLUE0NjctNEE0NS05OTRGLUREQTA1RTlBNEM3OA==</productImage>
    <bullet1>Connects at the factory flanged connection and is firmly held in place using the factory rubber mounts and springs</bullet1>
    <bullet2>409S stainless steel construction</bullet2>
    <bullet3>A 2.50-inch mandrel-bent inlet tube flows into the XDR Off-Road cross-flow performance muffler</bullet3>
    <bullet4>Dual 2.25-inch mandrel-bent tailpipes tuck up high within the rear fenders and provide a moderate to aggressive deep sound level</bullet4>
    <bullet5>The tailpipes are finished off with a pair of 3.50-inch dual wall brushed 304s stainless steel tips with black anodized aluminum ends</bullet5>
    <bullet6>The factory exhaust cut-out is replaced with a custom black powder coated heat shield that shows everyone behind you why you sound so good</bullet6>
    <bullet7>Includes all hardware and installation instructions</bullet7>
    <bullet8>For off-highway competition use only</bullet8>
    <bullet9/>
    <bullet10/>
    <bullet11/>
    <bullet12/>
    <bullet13/>
    <bullet14/>
    <bullet15/>
    <bullet16/>
    <bullet17/>
    <bullet18/>
    <bullet19/>
    <bullet20/>
    <bullet21/>
    <bullet22/>
    <bullet23/>
    <bullet24/>
    <vendorPriceUpdateDate>2022-11-09 00:00:00</vendorPriceUpdateDate>
  </part>
  <part>
    <partNumber>16021162</partNumber>
    <punctuatedPartNumber>1602-1162</punctuatedPartNumber>
    <partStatusDescription>STANDARD</partStatusDescription>
    <partDescription>Gated Shifter - Automatic - Polaris</partDescription>
    <unitOfMeasure>Kit</unitOfMeasure>
    <brandName>XDR</brandName>
    <supplierNumber>81151</supplierNumber>
    <specialInstructions/>
    <baseDealerPrice>348.30</baseDealerPrice>
    <yourDealerPrice>348.30</yourDealerPrice>
    <baseRetailPrice>497.57</baseRetailPrice>
    <originalRetailPrice>375.00</originalRetailPrice>
    <partImage>http://asset.lemansnet.com/z/L0UvOC9FL0U4RTBEODAxLTIxRTUtNEM1Qy05NDQ1LTM4OENEOTI5NDNDNg==</partImage>
    <productId>1346931662</productId>
    <productName>Gated Shifter</productName>
    <productImage>http://asset.lemansnet.com/z/LzEvMy9FLzEzRUJGODNBLUJFN0YtNDEyNC1CN0IyLTdDNUQ4NENFQTIxQw==</productImage>
    <bullet1>CNC-machined billet black anodized aluminum</bullet1>
    <bullet2>Ergonomic handle and polycarbonate grip</bullet2>
    <bullet3>Automatic transmission shifters can be secured with padlock when not in use</bullet3>
    <bullet4>Hardware and instructions included</bullet4>
    <bullet5/>
    <bullet6/>
    <bullet7/>
    <bullet8/>
    <bullet9/>
    <bullet10/>
    <bullet11/>
    <bullet12/>
    <bullet13/>
    <bullet14/>
    <bullet15/>
    <bullet16/>
    <bullet17/>
    <bullet18/>
    <bullet19/>
    <bullet20/>
    <bullet21/>
    <bullet22/>
    <bullet23/>
    <bullet24/>
    <vendorPriceUpdateDate>2022-11-09 00:00:00</vendorPriceUpdateDate>
  </part>
</root>
