<root>
  <part>
    <partNumber>IW31</partNumber>
    <punctuatedPartNumber>IW31</punctuatedPartNumber>
    <partStatusDescription>DISCONTINUED</partStatusDescription>
    <partDescription>Iridium Spark Plug - IW31</partDescription>
    <unitOfMeasure>Each</unitOfMeasure>
    <brandName>DENSO</brandName>
    <supplierNumber>5319</supplierNumber>
    <specialInstructions>Discontinued Part</specialInstructions>
    <baseDealerPrice>13.90</baseDealerPrice>
    <yourDealerPrice>7.20</yourDealerPrice>
    <baseRetailPrice>0.00</baseRetailPrice>
    <originalRetailPrice>24.95</originalRetailPrice>
    <partImage>http://asset.lemansnet.com/z/L0YvNS9DL0Y1QzE1RUJELUNERUItNDZCMi05RkUxLThCQjFGRjE3MTgzNiwvMC9BLzcvMEE3OUJBNzMtMTA5Mi00REM4LUJGOEQtRDVGQjA2NDg4MDEz</partImage>
    <productId>0493409396</productId>
    <productName>Iridium Spark Plug — Iridium</productName>
    <productImage>http://asset.lemansnet.com/z/L0QvRi83L0RGNzhEQTI5LUEwNzMtNERBRC05RUY0LTVCMTUwNTk2QUU4NA==</productImage>
    <bullet1>Six times harder than platinum, iridium withstands temperatures up to 4,000°F</bullet1>
    <bullet2>Because the iridium electrodes of these plugs can be shrunk to only 0.4mm, voltage requirements decrease while firing performance improves</bullet2>
    <bullet3>360° laser welding of electrode provides a seal that resists wear even in the worst conditions</bullet3>
    <bullet4>Ground electrode features a tapered cut and U-groove that form a large volume area for the flame's center</bullet4>
    <bullet5/>
    <bullet6/>
    <bullet7/>
    <bullet8/>
    <bullet9/>
    <bullet10/>
    <bullet11/>
    <bullet12/>
    <bullet13/>
    <bullet14/>
    <bullet15/>
    <bullet16/>
    <bullet17/>
    <bullet18/>
    <bullet19/>
    <bullet20/>
    <bullet21/>
    <bullet22/>
    <bullet23/>
    <bullet24/>
    <vendorPriceUpdateDate>2022-09-21 00:00:00</vendorPriceUpdateDate>
  </part>
  <part>
    <partNumber>IWF22</partNumber>
    <punctuatedPartNumber>IWF22</punctuatedPartNumber>
    <partStatusDescription>DISCONTINUED</partStatusDescription>
    <partDescription>Iridium Spark Plug - IWF22</partDescription>
    <unitOfMeasure>Each</unitOfMeasure>
    <brandName>DENSO</brandName>
    <supplierNumber>5379</supplierNumber>
    <specialInstructions>Discontinued Part</specialInstructions>
    <baseDealerPrice>8.20</baseDealerPrice>
    <yourDealerPrice>4.30</yourDealerPrice>
    <baseRetailPrice>0.00</baseRetailPrice>
    <originalRetailPrice>14.95</originalRetailPrice>
    <partImage>http://asset.lemansnet.com/z/LzgvMy83LzgzNzY3QUExLTlFQzUtNDA0OC1BMzdGLTUzMjQ5RUY4MDQ4RSwvMC9BLzcvMEE3OUJBNzMtMTA5Mi00REM4LUJGOEQtRDVGQjA2NDg4MDEz</partImage>
    <productId>0493409396</productId>
    <productName>Iridium Spark Plug — Iridium</productName>
    <productImage>http://asset.lemansnet.com/z/L0QvRi83L0RGNzhEQTI5LUEwNzMtNERBRC05RUY0LTVCMTUwNTk2QUU4NA==</productImage>
    <bullet1>Six times harder than platinum, iridium withstands temperatures up to 4,000°F</bullet1>
    <bullet2>Because the iridium electrodes of these plugs can be shrunk to only 0.4mm, voltage requirements decrease while firing performance improves</bullet2>
    <bullet3>360° laser welding of electrode provides a seal that resists wear even in the worst conditions</bullet3>
    <bullet4>Ground electrode features a tapered cut and U-groove that form a large volume area for the flame's center</bullet4>
    <bullet5/>
    <bullet6/>
    <bullet7/>
    <bullet8/>
    <bullet9/>
    <bullet10/>
    <bullet11/>
    <bullet12/>
    <bullet13/>
    <bullet14/>
    <bullet15/>
    <bullet16/>
    <bullet17/>
    <bullet18/>
    <bullet19/>
    <bullet20/>
    <bullet21/>
    <bullet22/>
    <bullet23/>
    <bullet24/>
    <vendorPriceUpdateDate>2022-09-21 00:00:00</vendorPriceUpdateDate>
  </part>
  <part>
    <partNumber>IX22</partNumber>
    <punctuatedPartNumber>IX22</punctuatedPartNumber>
    <partStatusDescription>DISCONTINUED</partStatusDescription>
    <partDescription>Iridium Spark Plug - IX22</partDescription>
    <unitOfMeasure>Each</unitOfMeasure>
    <brandName>DENSO</brandName>
    <supplierNumber>5371</supplierNumber>
    <specialInstructions>Discontinued Part</specialInstructions>
    <baseDealerPrice>7.50</baseDealerPrice>
    <yourDealerPrice>7.50</yourDealerPrice>
    <baseRetailPrice>12.95</baseRetailPrice>
    <originalRetailPrice>13.95</originalRetailPrice>
    <partImage>http://asset.lemansnet.com/z/LzYvMi8wLzYyMDhGODJGLTBFN0MtNEYxNC1CNzUzLTlDODYwNjVDMDUzQSwvMC9BLzcvMEE3OUJBNzMtMTA5Mi00REM4LUJGOEQtRDVGQjA2NDg4MDEz</partImage>
    <productId>0493409396</productId>
    <productName>Iridium Spark Plug — Iridium</productName>
    <productImage>http://asset.lemansnet.com/z/L0QvRi83L0RGNzhEQTI5LUEwNzMtNERBRC05RUY0LTVCMTUwNTk2QUU4NA==</productImage>
    <bullet1>Six times harder than platinum, iridium withstands temperatures up to 4,000°F</bullet1>
    <bullet2>Because the iridium electrodes of these plugs can be shrunk to only 0.4mm, voltage requirements decrease while firing performance improves</bullet2>
    <bullet3>360° laser welding of electrode provides a seal that resists wear even in the worst conditions</bullet3>
    <bullet4>Ground electrode features a tapered cut and U-groove that form a large volume area for the flame's center</bullet4>
    <bullet5/>
    <bullet6/>
    <bullet7/>
    <bullet8/>
    <bullet9/>
    <bullet10/>
    <bullet11/>
    <bullet12/>
    <bullet13/>
    <bullet14/>
    <bullet15/>
    <bullet16/>
    <bullet17/>
    <bullet18/>
    <bullet19/>
    <bullet20/>
    <bullet21/>
    <bullet22/>
    <bullet23/>
    <bullet24/>
    <vendorPriceUpdateDate>2022-09-21 00:00:00</vendorPriceUpdateDate>
  </part>
  <part>
    <partNumber>IK16</partNumber>
    <punctuatedPartNumber>IK16</punctuatedPartNumber>
    <partStatusDescription>DISCONTINUED</partStatusDescription>
    <partDescription>Iridium Spark Plug - IK16</partDescription>
    <unitOfMeasure>Each</unitOfMeasure>
    <brandName>DENSO</brandName>
    <supplierNumber>5303</supplierNumber>
    <specialInstructions>Discontinued Part</specialInstructions>
    <baseDealerPrice>7.10</baseDealerPrice>
    <yourDealerPrice>7.10</yourDealerPrice>
    <baseRetailPrice>11.95</baseRetailPrice>
    <originalRetailPrice>11.95</originalRetailPrice>
    <partImage>http://asset.lemansnet.com/z/L0QvRi83L0RGNzhEQTI5LUEwNzMtNERBRC05RUY0LTVCMTUwNTk2QUU4NCwvMC9BLzcvMEE3OUJBNzMtMTA5Mi00REM4LUJGOEQtRDVGQjA2NDg4MDEz</partImage>
    <productId>0493409396</productId>
    <productName>Iridium Spark Plug — Iridium</productName>
    <productImage>http://asset.lemansnet.com/z/L0QvRi83L0RGNzhEQTI5LUEwNzMtNERBRC05RUY0LTVCMTUwNTk2QUU4NA==</productImage>
    <bullet1>Six times harder than platinum, iridium withstands temperatures up to 4,000°F</bullet1>
    <bullet2>Because the iridium electrodes of these plugs can be shrunk to only 0.4mm, voltage requirements decrease while firing performance improves</bullet2>
    <bullet3>360° laser welding of electrode provides a seal that resists wear even in the worst conditions</bullet3>
    <bullet4>Ground electrode features a tapered cut and U-groove that form a large volume area for the flame's center</bullet4>
    <bullet5/>
    <bullet6/>
    <bullet7/>
    <bullet8/>
    <bullet9/>
    <bullet10/>
    <bullet11/>
    <bullet12/>
    <bullet13/>
    <bullet14/>
    <bullet15/>
    <bullet16/>
    <bullet17/>
    <bullet18/>
    <bullet19/>
    <bullet20/>
    <bullet21/>
    <bullet22/>
    <bullet23/>
    <bullet24/>
    <vendorPriceUpdateDate>2022-09-21 00:00:00</vendorPriceUpdateDate>
  </part>
  <part>
    <partNumber>IU22</partNumber>
    <punctuatedPartNumber>IU22</punctuatedPartNumber>
    <partStatusDescription>STANDARD</partStatusDescription>
    <partDescription>Iridium Spark Plug - IU22</partDescription>
    <unitOfMeasure>Each</unitOfMeasure>
    <brandName>DENSO</brandName>
    <supplierNumber>5361</supplierNumber>
    <specialInstructions/>
    <baseDealerPrice>9.70</baseDealerPrice>
    <yourDealerPrice>9.70</yourDealerPrice>
    <baseRetailPrice>16.95</baseRetailPrice>
    <originalRetailPrice>14.95</originalRetailPrice>
    <partImage>http://asset.lemansnet.com/z/L0EvMi9GL0EyRjkxRkQ2LTNDNkEtNEVBQy1CRUZCLUExMjkwMDI0MzA3OCwvMC9BLzcvMEE3OUJBNzMtMTA5Mi00REM4LUJGOEQtRDVGQjA2NDg4MDEz</partImage>
    <productId>0271124870</productId>
    <productName>Iridium Spark Plug — Iridium</productName>
    <productImage>http://asset.lemansnet.com/z/L0QvRi83L0RGNzhEQTI5LUEwNzMtNERBRC05RUY0LTVCMTUwNTk2QUU4NA==</productImage>
    <bullet1>Six times harder than platinum, iridium withstands temperatures up to 4,000°F</bullet1>
    <bullet2>Because the iridium electrodes of these plugs can be shrunk to only 0.4mm, voltage requirements decrease while firing performance improves</bullet2>
    <bullet3>360° laser welding of electrode provides a seal that resists wear even in the worst conditions</bullet3>
    <bullet4>Ground electrode features a tapered cut and U-groove that form a large volume area for the flame's center</bullet4>
    <bullet5/>
    <bullet6/>
    <bullet7/>
    <bullet8/>
    <bullet9/>
    <bullet10/>
    <bullet11/>
    <bullet12/>
    <bullet13/>
    <bullet14/>
    <bullet15/>
    <bullet16/>
    <bullet17/>
    <bullet18/>
    <bullet19/>
    <bullet20/>
    <bullet21/>
    <bullet22/>
    <bullet23/>
    <bullet24/>
    <vendorPriceUpdateDate>2022-09-21 00:00:00</vendorPriceUpdateDate>
  </part>
  <part>
    <partNumber>IU24</partNumber>
    <punctuatedPartNumber>IU24</punctuatedPartNumber>
    <partStatusDescription>STANDARD</partStatusDescription>
    <partDescription>Iridium Spark Plug - IU24</partDescription>
    <unitOfMeasure>Each</unitOfMeasure>
    <brandName>DENSO</brandName>
    <supplierNumber>5362</supplierNumber>
    <specialInstructions/>
    <baseDealerPrice>9.70</baseDealerPrice>
    <yourDealerPrice>9.70</yourDealerPrice>
    <baseRetailPrice>16.95</baseRetailPrice>
    <originalRetailPrice>14.95</originalRetailPrice>
    <partImage>http://asset.lemansnet.com/z/L0IvMC83L0IwNzFFNjM3LTAzQTctNDJFQi1BNzU5LUI1M0NFN0JENDgzRiwvMC9BLzcvMEE3OUJBNzMtMTA5Mi00REM4LUJGOEQtRDVGQjA2NDg4MDEz</partImage>
    <productId>0271124870</productId>
    <productName>Iridium Spark Plug — Iridium</productName>
    <productImage>http://asset.lemansnet.com/z/L0QvRi83L0RGNzhEQTI5LUEwNzMtNERBRC05RUY0LTVCMTUwNTk2QUU4NA==</productImage>
    <bullet1>Six times harder than platinum, iridium withstands temperatures up to 4,000°F</bullet1>
    <bullet2>Because the iridium electrodes of these plugs can be shrunk to only 0.4mm, voltage requirements decrease while firing performance improves</bullet2>
    <bullet3>360° laser welding of electrode provides a seal that resists wear even in the worst conditions</bullet3>
    <bullet4>Ground electrode features a tapered cut and U-groove that form a large volume area for the flame's center</bullet4>
    <bullet5/>
    <bullet6/>
    <bullet7/>
    <bullet8/>
    <bullet9/>
    <bullet10/>
    <bullet11/>
    <bullet12/>
    <bullet13/>
    <bullet14/>
    <bullet15/>
    <bullet16/>
    <bullet17/>
    <bullet18/>
    <bullet19/>
    <bullet20/>
    <bullet21/>
    <bullet22/>
    <bullet23/>
    <bullet24/>
    <vendorPriceUpdateDate>2022-09-21 00:00:00</vendorPriceUpdateDate>
  </part>
  <part>
    <partNumber>IU24A</partNumber>
    <punctuatedPartNumber>IU24A</punctuatedPartNumber>
    <partStatusDescription>STANDARD</partStatusDescription>
    <partDescription>Iridium Spark Plug - IU24A</partDescription>
    <unitOfMeasure>Each</unitOfMeasure>
    <brandName>DENSO</brandName>
    <supplierNumber>5365</supplierNumber>
    <specialInstructions/>
    <baseDealerPrice>9.70</baseDealerPrice>
    <yourDealerPrice>9.70</yourDealerPrice>
    <baseRetailPrice>16.95</baseRetailPrice>
    <originalRetailPrice>14.95</originalRetailPrice>
    <partImage>http://asset.lemansnet.com/z/LzgvNy81Lzg3NUQ3NENDLUIzODctNDkyNy1BN0VFLThENTlDOTQ4QTY4RiwvMC9BLzcvMEE3OUJBNzMtMTA5Mi00REM4LUJGOEQtRDVGQjA2NDg4MDEz</partImage>
    <productId>0271124870</productId>
    <productName>Iridium Spark Plug — Iridium</productName>
    <productImage>http://asset.lemansnet.com/z/L0QvRi83L0RGNzhEQTI5LUEwNzMtNERBRC05RUY0LTVCMTUwNTk2QUU4NA==</productImage>
    <bullet1>Six times harder than platinum, iridium withstands temperatures up to 4,000°F</bullet1>
    <bullet2>Because the iridium electrodes of these plugs can be shrunk to only 0.4mm, voltage requirements decrease while firing performance improves</bullet2>
    <bullet3>360° laser welding of electrode provides a seal that resists wear even in the worst conditions</bullet3>
    <bullet4>Ground electrode features a tapered cut and U-groove that form a large volume area for the flame's center</bullet4>
    <bullet5/>
    <bullet6/>
    <bullet7/>
    <bullet8/>
    <bullet9/>
    <bullet10/>
    <bullet11/>
    <bullet12/>
    <bullet13/>
    <bullet14/>
    <bullet15/>
    <bullet16/>
    <bullet17/>
    <bullet18/>
    <bullet19/>
    <bullet20/>
    <bullet21/>
    <bullet22/>
    <bullet23/>
    <bullet24/>
    <vendorPriceUpdateDate>2022-09-21 00:00:00</vendorPriceUpdateDate>
  </part>
  <part>
    <partNumber>IU27</partNumber>
    <punctuatedPartNumber>IU27</punctuatedPartNumber>
    <partStatusDescription>STANDARD</partStatusDescription>
    <partDescription>Iridium Spark Plug - IU27</partDescription>
    <unitOfMeasure>Each</unitOfMeasure>
    <brandName>DENSO</brandName>
    <supplierNumber>5363</supplierNumber>
    <specialInstructions/>
    <baseDealerPrice>9.70</baseDealerPrice>
    <yourDealerPrice>9.70</yourDealerPrice>
    <baseRetailPrice>16.95</baseRetailPrice>
    <originalRetailPrice>14.95</originalRetailPrice>
    <partImage>http://asset.lemansnet.com/z/LzMvNy9FLzM3RTYwODMzLThFNjAtNDk5Qi05QjJDLUFCNEVCNDlEMDQ4MiwvMC9BLzcvMEE3OUJBNzMtMTA5Mi00REM4LUJGOEQtRDVGQjA2NDg4MDEz</partImage>
    <productId>0271124870</productId>
    <productName>Iridium Spark Plug — Iridium</productName>
    <productImage>http://asset.lemansnet.com/z/L0QvRi83L0RGNzhEQTI5LUEwNzMtNERBRC05RUY0LTVCMTUwNTk2QUU4NA==</productImage>
    <bullet1>Six times harder than platinum, iridium withstands temperatures up to 4,000°F</bullet1>
    <bullet2>Because the iridium electrodes of these plugs can be shrunk to only 0.4mm, voltage requirements decrease while firing performance improves</bullet2>
    <bullet3>360° laser welding of electrode provides a seal that resists wear even in the worst conditions</bullet3>
    <bullet4>Ground electrode features a tapered cut and U-groove that form a large volume area for the flame's center</bullet4>
    <bullet5/>
    <bullet6/>
    <bullet7/>
    <bullet8/>
    <bullet9/>
    <bullet10/>
    <bullet11/>
    <bullet12/>
    <bullet13/>
    <bullet14/>
    <bullet15/>
    <bullet16/>
    <bullet17/>
    <bullet18/>
    <bullet19/>
    <bullet20/>
    <bullet21/>
    <bullet22/>
    <bullet23/>
    <bullet24/>
    <vendorPriceUpdateDate>2022-09-21 00:00:00</vendorPriceUpdateDate>
  </part>
  <part>
    <partNumber>IU27A</partNumber>
    <punctuatedPartNumber>IU27A</punctuatedPartNumber>
    <partStatusDescription>STANDARD</partStatusDescription>
    <partDescription>Iridium Spark Plug - IU27A</partDescription>
    <unitOfMeasure>Each</unitOfMeasure>
    <brandName>DENSO</brandName>
    <supplierNumber>5366</supplierNumber>
    <specialInstructions/>
    <baseDealerPrice>9.70</baseDealerPrice>
    <yourDealerPrice>9.70</yourDealerPrice>
    <baseRetailPrice>16.95</baseRetailPrice>
    <originalRetailPrice>14.95</originalRetailPrice>
    <partImage>http://asset.lemansnet.com/z/L0MvQS8zL0NBMzk0MUI4LTg5MUQtNDk3NC04REUyLTMzNjZDNkUwNUU0QiwvMC9BLzcvMEE3OUJBNzMtMTA5Mi00REM4LUJGOEQtRDVGQjA2NDg4MDEz</partImage>
    <productId>0271124870</productId>
    <productName>Iridium Spark Plug — Iridium</productName>
    <productImage>http://asset.lemansnet.com/z/L0QvRi83L0RGNzhEQTI5LUEwNzMtNERBRC05RUY0LTVCMTUwNTk2QUU4NA==</productImage>
    <bullet1>Six times harder than platinum, iridium withstands temperatures up to 4,000°F</bullet1>
    <bullet2>Because the iridium electrodes of these plugs can be shrunk to only 0.4mm, voltage requirements decrease while firing performance improves</bullet2>
    <bullet3>360° laser welding of electrode provides a seal that resists wear even in the worst conditions</bullet3>
    <bullet4>Ground electrode features a tapered cut and U-groove that form a large volume area for the flame's center</bullet4>
    <bullet5/>
    <bullet6/>
    <bullet7/>
    <bullet8/>
    <bullet9/>
    <bullet10/>
    <bullet11/>
    <bullet12/>
    <bullet13/>
    <bullet14/>
    <bullet15/>
    <bullet16/>
    <bullet17/>
    <bullet18/>
    <bullet19/>
    <bullet20/>
    <bullet21/>
    <bullet22/>
    <bullet23/>
    <bullet24/>
    <vendorPriceUpdateDate>2022-09-21 00:00:00</vendorPriceUpdateDate>
  </part>
  <part>
    <partNumber>IU31A</partNumber>
    <punctuatedPartNumber>IU31A</punctuatedPartNumber>
    <partStatusDescription>STANDARD</partStatusDescription>
    <partDescription>Iridium Spark Plug - IU31A</partDescription>
    <unitOfMeasure>Each</unitOfMeasure>
    <brandName>DENSO</brandName>
    <supplierNumber>5367</supplierNumber>
    <specialInstructions/>
    <baseDealerPrice>16.40</baseDealerPrice>
    <yourDealerPrice>16.40</yourDealerPrice>
    <baseRetailPrice>27.95</baseRetailPrice>
    <originalRetailPrice>26.95</originalRetailPrice>
    <partImage>http://asset.lemansnet.com/z/L0YvNi8yL0Y2MkZCNzBFLUNEMzEtNDY1Ni1CNTU0LThFMjY5MDVBRkU2OCwvMC9BLzcvMEE3OUJBNzMtMTA5Mi00REM4LUJGOEQtRDVGQjA2NDg4MDEz</partImage>
    <productId>0271124870</productId>
    <productName>Iridium Spark Plug — Iridium</productName>
    <productImage>http://asset.lemansnet.com/z/L0QvRi83L0RGNzhEQTI5LUEwNzMtNERBRC05RUY0LTVCMTUwNTk2QUU4NA==</productImage>
    <bullet1>Six times harder than platinum, iridium withstands temperatures up to 4,000°F</bullet1>
    <bullet2>Because the iridium electrodes of these plugs can be shrunk to only 0.4mm, voltage requirements decrease while firing performance improves</bullet2>
    <bullet3>360° laser welding of electrode provides a seal that resists wear even in the worst conditions</bullet3>
    <bullet4>Ground electrode features a tapered cut and U-groove that form a large volume area for the flame's center</bullet4>
    <bullet5/>
    <bullet6/>
    <bullet7/>
    <bullet8/>
    <bullet9/>
    <bullet10/>
    <bullet11/>
    <bullet12/>
    <bullet13/>
    <bullet14/>
    <bullet15/>
    <bullet16/>
    <bullet17/>
    <bullet18/>
    <bullet19/>
    <bullet20/>
    <bullet21/>
    <bullet22/>
    <bullet23/>
    <bullet24/>
    <vendorPriceUpdateDate>2022-09-21 00:00:00</vendorPriceUpdateDate>
  </part>
  <part>
    <partNumber>IUF22</partNumber>
    <punctuatedPartNumber>IUF22</punctuatedPartNumber>
    <partStatusDescription>STANDARD</partStatusDescription>
    <partDescription>Iridium Spark Plug - IUF22</partDescription>
    <unitOfMeasure>Each</unitOfMeasure>
    <brandName>DENSO</brandName>
    <supplierNumber>5383</supplierNumber>
    <specialInstructions/>
    <baseDealerPrice>9.70</baseDealerPrice>
    <yourDealerPrice>9.70</yourDealerPrice>
    <baseRetailPrice>16.95</baseRetailPrice>
    <originalRetailPrice>14.95</originalRetailPrice>
    <partImage>http://asset.lemansnet.com/z/LzkvNC8wLzk0MDBBRTAwLThDOEItNDcxMS04NzMxLUE0MzlBMDQ3MURCMCwvMC9BLzcvMEE3OUJBNzMtMTA5Mi00REM4LUJGOEQtRDVGQjA2NDg4MDEz</partImage>
    <productId>0271124870</productId>
    <productName>Iridium Spark Plug — Iridium</productName>
    <productImage>http://asset.lemansnet.com/z/L0QvRi83L0RGNzhEQTI5LUEwNzMtNERBRC05RUY0LTVCMTUwNTk2QUU4NA==</productImage>
    <bullet1>Six times harder than platinum, iridium withstands temperatures up to 4,000°F</bullet1>
    <bullet2>Because the iridium electrodes of these plugs can be shrunk to only 0.4mm, voltage requirements decrease while firing performance improves</bullet2>
    <bullet3>360° laser welding of electrode provides a seal that resists wear even in the worst conditions</bullet3>
    <bullet4>Ground electrode features a tapered cut and U-groove that form a large volume area for the flame's center</bullet4>
    <bullet5/>
    <bullet6/>
    <bullet7/>
    <bullet8/>
    <bullet9/>
    <bullet10/>
    <bullet11/>
    <bullet12/>
    <bullet13/>
    <bullet14/>
    <bullet15/>
    <bullet16/>
    <bullet17/>
    <bullet18/>
    <bullet19/>
    <bullet20/>
    <bullet21/>
    <bullet22/>
    <bullet23/>
    <bullet24/>
    <vendorPriceUpdateDate>2022-09-21 00:00:00</vendorPriceUpdateDate>
  </part>
  <part>
    <partNumber>IUH24</partNumber>
    <punctuatedPartNumber>IUH24</punctuatedPartNumber>
    <partStatusDescription>STANDARD</partStatusDescription>
    <partDescription>Iridium Spark Plug - IUH24</partDescription>
    <unitOfMeasure>Each</unitOfMeasure>
    <brandName>DENSO</brandName>
    <supplierNumber>5368</supplierNumber>
    <specialInstructions/>
    <baseDealerPrice>9.70</baseDealerPrice>
    <yourDealerPrice>9.70</yourDealerPrice>
    <baseRetailPrice>16.95</baseRetailPrice>
    <originalRetailPrice>14.95</originalRetailPrice>
    <partImage>http://asset.lemansnet.com/z/L0YvNS9DL0Y1QzhCOEY2LTdGNjktNDBDNi1BQzNGLTA0NjJENENEMDY5NiwvMC9BLzcvMEE3OUJBNzMtMTA5Mi00REM4LUJGOEQtRDVGQjA2NDg4MDEz</partImage>
    <productId>0271124870</productId>
    <productName>Iridium Spark Plug — Iridium</productName>
    <productImage>http://asset.lemansnet.com/z/L0QvRi83L0RGNzhEQTI5LUEwNzMtNERBRC05RUY0LTVCMTUwNTk2QUU4NA==</productImage>
    <bullet1>Six times harder than platinum, iridium withstands temperatures up to 4,000°F</bullet1>
    <bullet2>Because the iridium electrodes of these plugs can be shrunk to only 0.4mm, voltage requirements decrease while firing performance improves</bullet2>
    <bullet3>360° laser welding of electrode provides a seal that resists wear even in the worst conditions</bullet3>
    <bullet4>Ground electrode features a tapered cut and U-groove that form a large volume area for the flame's center</bullet4>
    <bullet5/>
    <bullet6/>
    <bullet7/>
    <bullet8/>
    <bullet9/>
    <bullet10/>
    <bullet11/>
    <bullet12/>
    <bullet13/>
    <bullet14/>
    <bullet15/>
    <bullet16/>
    <bullet17/>
    <bullet18/>
    <bullet19/>
    <bullet20/>
    <bullet21/>
    <bullet22/>
    <bullet23/>
    <bullet24/>
    <vendorPriceUpdateDate>2022-09-21 00:00:00</vendorPriceUpdateDate>
  </part>
  <part>
    <partNumber>IUH27</partNumber>
    <punctuatedPartNumber>IUH27</punctuatedPartNumber>
    <partStatusDescription>STANDARD</partStatusDescription>
    <partDescription>Iridium Spark Plug - IUH27</partDescription>
    <unitOfMeasure>Each</unitOfMeasure>
    <brandName>DENSO</brandName>
    <supplierNumber>5369</supplierNumber>
    <specialInstructions/>
    <baseDealerPrice>9.70</baseDealerPrice>
    <yourDealerPrice>9.70</yourDealerPrice>
    <baseRetailPrice>16.95</baseRetailPrice>
    <originalRetailPrice>14.95</originalRetailPrice>
    <partImage>http://asset.lemansnet.com/z/LzYvOS81LzY5NURDOEE4LUJDMUQtNDEwMy04M0VDLTIzMUUxQ0JGRDU4OCwvMC9BLzcvMEE3OUJBNzMtMTA5Mi00REM4LUJGOEQtRDVGQjA2NDg4MDEz</partImage>
    <productId>0271124870</productId>
    <productName>Iridium Spark Plug — Iridium</productName>
    <productImage>http://asset.lemansnet.com/z/L0QvRi83L0RGNzhEQTI5LUEwNzMtNERBRC05RUY0LTVCMTUwNTk2QUU4NA==</productImage>
    <bullet1>Six times harder than platinum, iridium withstands temperatures up to 4,000°F</bullet1>
    <bullet2>Because the iridium electrodes of these plugs can be shrunk to only 0.4mm, voltage requirements decrease while firing performance improves</bullet2>
    <bullet3>360° laser welding of electrode provides a seal that resists wear even in the worst conditions</bullet3>
    <bullet4>Ground electrode features a tapered cut and U-groove that form a large volume area for the flame's center</bullet4>
    <bullet5/>
    <bullet6/>
    <bullet7/>
    <bullet8/>
    <bullet9/>
    <bullet10/>
    <bullet11/>
    <bullet12/>
    <bullet13/>
    <bullet14/>
    <bullet15/>
    <bullet16/>
    <bullet17/>
    <bullet18/>
    <bullet19/>
    <bullet20/>
    <bullet21/>
    <bullet22/>
    <bullet23/>
    <bullet24/>
    <vendorPriceUpdateDate>2022-09-21 00:00:00</vendorPriceUpdateDate>
  </part>
  <part>
    <partNumber>IW16</partNumber>
    <punctuatedPartNumber>IW16</punctuatedPartNumber>
    <partStatusDescription>STANDARD</partStatusDescription>
    <partDescription>Iridium Spark Plug - IW16</partDescription>
    <unitOfMeasure>Each</unitOfMeasure>
    <brandName>DENSO</brandName>
    <supplierNumber>5305</supplierNumber>
    <specialInstructions/>
    <baseDealerPrice>8.40</baseDealerPrice>
    <yourDealerPrice>8.40</yourDealerPrice>
    <baseRetailPrice>14.95</baseRetailPrice>
    <originalRetailPrice>11.95</originalRetailPrice>
    <partImage>http://asset.lemansnet.com/z/LzYvMi9FLzYyRUQ4RUVBLTU4RDItNDZCQy1COTE3LUU0QjVBNDI5Q0Q5MSwvMC9BLzcvMEE3OUJBNzMtMTA5Mi00REM4LUJGOEQtRDVGQjA2NDg4MDEz</partImage>
    <productId>0271124870</productId>
    <productName>Iridium Spark Plug — Iridium</productName>
    <productImage>http://asset.lemansnet.com/z/L0QvRi83L0RGNzhEQTI5LUEwNzMtNERBRC05RUY0LTVCMTUwNTk2QUU4NA==</productImage>
    <bullet1>Six times harder than platinum, iridium withstands temperatures up to 4,000°F</bullet1>
    <bullet2>Because the iridium electrodes of these plugs can be shrunk to only 0.4mm, voltage requirements decrease while firing performance improves</bullet2>
    <bullet3>360° laser welding of electrode provides a seal that resists wear even in the worst conditions</bullet3>
    <bullet4>Ground electrode features a tapered cut and U-groove that form a large volume area for the flame's center</bullet4>
    <bullet5/>
    <bullet6/>
    <bullet7/>
    <bullet8/>
    <bullet9/>
    <bullet10/>
    <bullet11/>
    <bullet12/>
    <bullet13/>
    <bullet14/>
    <bullet15/>
    <bullet16/>
    <bullet17/>
    <bullet18/>
    <bullet19/>
    <bullet20/>
    <bullet21/>
    <bullet22/>
    <bullet23/>
    <bullet24/>
    <vendorPriceUpdateDate>2022-09-21 00:00:00</vendorPriceUpdateDate>
  </part>
  <part>
    <partNumber>IW20</partNumber>
    <punctuatedPartNumber>IW20</punctuatedPartNumber>
    <partStatusDescription>STANDARD</partStatusDescription>
    <partDescription>Iridium Spark Plug - IW20</partDescription>
    <unitOfMeasure>Each</unitOfMeasure>
    <brandName>DENSO</brandName>
    <supplierNumber>5306</supplierNumber>
    <specialInstructions/>
    <baseDealerPrice>8.40</baseDealerPrice>
    <yourDealerPrice>8.40</yourDealerPrice>
    <baseRetailPrice>14.95</baseRetailPrice>
    <originalRetailPrice>11.95</originalRetailPrice>
    <partImage>http://asset.lemansnet.com/z/LzYvQS82LzZBNkI1OTkxLTcyNzQtNDI1Ni1CM0E4LTlFMDcwM0UyMUQ3QSwvMC9BLzcvMEE3OUJBNzMtMTA5Mi00REM4LUJGOEQtRDVGQjA2NDg4MDEz</partImage>
    <productId>0271124870</productId>
    <productName>Iridium Spark Plug — Iridium</productName>
    <productImage>http://asset.lemansnet.com/z/L0QvRi83L0RGNzhEQTI5LUEwNzMtNERBRC05RUY0LTVCMTUwNTk2QUU4NA==</productImage>
    <bullet1>Six times harder than platinum, iridium withstands temperatures up to 4,000°F</bullet1>
    <bullet2>Because the iridium electrodes of these plugs can be shrunk to only 0.4mm, voltage requirements decrease while firing performance improves</bullet2>
    <bullet3>360° laser welding of electrode provides a seal that resists wear even in the worst conditions</bullet3>
    <bullet4>Ground electrode features a tapered cut and U-groove that form a large volume area for the flame's center</bullet4>
    <bullet5/>
    <bullet6/>
    <bullet7/>
    <bullet8/>
    <bullet9/>
    <bullet10/>
    <bullet11/>
    <bullet12/>
    <bullet13/>
    <bullet14/>
    <bullet15/>
    <bullet16/>
    <bullet17/>
    <bullet18/>
    <bullet19/>
    <bullet20/>
    <bullet21/>
    <bullet22/>
    <bullet23/>
    <bullet24/>
    <vendorPriceUpdateDate>2022-09-21 00:00:00</vendorPriceUpdateDate>
  </part>
  <part>
    <partNumber>IW22</partNumber>
    <punctuatedPartNumber>IW22</punctuatedPartNumber>
    <partStatusDescription>STANDARD</partStatusDescription>
    <partDescription>Iridium Spark Plug - IW22</partDescription>
    <unitOfMeasure>Each</unitOfMeasure>
    <brandName>DENSO</brandName>
    <supplierNumber>5307</supplierNumber>
    <specialInstructions/>
    <baseDealerPrice>8.90</baseDealerPrice>
    <yourDealerPrice>8.90</yourDealerPrice>
    <baseRetailPrice>15.95</baseRetailPrice>
    <originalRetailPrice>13.95</originalRetailPrice>
    <partImage>http://asset.lemansnet.com/z/L0EvOS85L0E5OTBFRDQ1LUZGOEUtNEE4MC1CRkFDLTNDMDMwMzMzNkFDNSwvMC9BLzcvMEE3OUJBNzMtMTA5Mi00REM4LUJGOEQtRDVGQjA2NDg4MDEz</partImage>
    <productId>0271124870</productId>
    <productName>Iridium Spark Plug — Iridium</productName>
    <productImage>http://asset.lemansnet.com/z/L0QvRi83L0RGNzhEQTI5LUEwNzMtNERBRC05RUY0LTVCMTUwNTk2QUU4NA==</productImage>
    <bullet1>Six times harder than platinum, iridium withstands temperatures up to 4,000°F</bullet1>
    <bullet2>Because the iridium electrodes of these plugs can be shrunk to only 0.4mm, voltage requirements decrease while firing performance improves</bullet2>
    <bullet3>360° laser welding of electrode provides a seal that resists wear even in the worst conditions</bullet3>
    <bullet4>Ground electrode features a tapered cut and U-groove that form a large volume area for the flame's center</bullet4>
    <bullet5/>
    <bullet6/>
    <bullet7/>
    <bullet8/>
    <bullet9/>
    <bullet10/>
    <bullet11/>
    <bullet12/>
    <bullet13/>
    <bullet14/>
    <bullet15/>
    <bullet16/>
    <bullet17/>
    <bullet18/>
    <bullet19/>
    <bullet20/>
    <bullet21/>
    <bullet22/>
    <bullet23/>
    <bullet24/>
    <vendorPriceUpdateDate>2022-09-21 00:00:00</vendorPriceUpdateDate>
  </part>
  <part>
    <partNumber>IW24</partNumber>
    <punctuatedPartNumber>IW24</punctuatedPartNumber>
    <partStatusDescription>STANDARD</partStatusDescription>
    <partDescription>Iridium Spark Plug - IW24</partDescription>
    <unitOfMeasure>Each</unitOfMeasure>
    <brandName>DENSO</brandName>
    <supplierNumber>5316</supplierNumber>
    <specialInstructions/>
    <baseDealerPrice>8.90</baseDealerPrice>
    <yourDealerPrice>8.90</yourDealerPrice>
    <baseRetailPrice>15.95</baseRetailPrice>
    <originalRetailPrice>13.95</originalRetailPrice>
    <partImage>http://asset.lemansnet.com/z/LzMvRC81LzNENTI2MjRBLUNDOEEtNDY5Qy04RDFDLTNBMkJFODExNThDMywvMC9BLzcvMEE3OUJBNzMtMTA5Mi00REM4LUJGOEQtRDVGQjA2NDg4MDEz</partImage>
    <productId>0271124870</productId>
    <productName>Iridium Spark Plug — Iridium</productName>
    <productImage>http://asset.lemansnet.com/z/L0QvRi83L0RGNzhEQTI5LUEwNzMtNERBRC05RUY0LTVCMTUwNTk2QUU4NA==</productImage>
    <bullet1>Six times harder than platinum, iridium withstands temperatures up to 4,000°F</bullet1>
    <bullet2>Because the iridium electrodes of these plugs can be shrunk to only 0.4mm, voltage requirements decrease while firing performance improves</bullet2>
    <bullet3>360° laser welding of electrode provides a seal that resists wear even in the worst conditions</bullet3>
    <bullet4>Ground electrode features a tapered cut and U-groove that form a large volume area for the flame's center</bullet4>
    <bullet5/>
    <bullet6/>
    <bullet7/>
    <bullet8/>
    <bullet9/>
    <bullet10/>
    <bullet11/>
    <bullet12/>
    <bullet13/>
    <bullet14/>
    <bullet15/>
    <bullet16/>
    <bullet17/>
    <bullet18/>
    <bullet19/>
    <bullet20/>
    <bullet21/>
    <bullet22/>
    <bullet23/>
    <bullet24/>
    <vendorPriceUpdateDate>2022-09-21 00:00:00</vendorPriceUpdateDate>
  </part>
  <part>
    <partNumber>IW27</partNumber>
    <punctuatedPartNumber>IW27</punctuatedPartNumber>
    <partStatusDescription>STANDARD</partStatusDescription>
    <partDescription>Iridium Spark Plug - IW27</partDescription>
    <unitOfMeasure>Each</unitOfMeasure>
    <brandName>DENSO</brandName>
    <supplierNumber>5317</supplierNumber>
    <specialInstructions/>
    <baseDealerPrice>9.70</baseDealerPrice>
    <yourDealerPrice>9.70</yourDealerPrice>
    <baseRetailPrice>16.95</baseRetailPrice>
    <originalRetailPrice>14.95</originalRetailPrice>
    <partImage>http://asset.lemansnet.com/z/LzAvRC85LzBEOTY3MEUwLTYzNzktNDlFRC1BQzdFLUUzNEVGMEJBNUY1OCwvMC9BLzcvMEE3OUJBNzMtMTA5Mi00REM4LUJGOEQtRDVGQjA2NDg4MDEz</partImage>
    <productId>0271124870</productId>
    <productName>Iridium Spark Plug — Iridium</productName>
    <productImage>http://asset.lemansnet.com/z/L0QvRi83L0RGNzhEQTI5LUEwNzMtNERBRC05RUY0LTVCMTUwNTk2QUU4NA==</productImage>
    <bullet1>Six times harder than platinum, iridium withstands temperatures up to 4,000°F</bullet1>
    <bullet2>Because the iridium electrodes of these plugs can be shrunk to only 0.4mm, voltage requirements decrease while firing performance improves</bullet2>
    <bullet3>360° laser welding of electrode provides a seal that resists wear even in the worst conditions</bullet3>
    <bullet4>Ground electrode features a tapered cut and U-groove that form a large volume area for the flame's center</bullet4>
    <bullet5/>
    <bullet6/>
    <bullet7/>
    <bullet8/>
    <bullet9/>
    <bullet10/>
    <bullet11/>
    <bullet12/>
    <bullet13/>
    <bullet14/>
    <bullet15/>
    <bullet16/>
    <bullet17/>
    <bullet18/>
    <bullet19/>
    <bullet20/>
    <bullet21/>
    <bullet22/>
    <bullet23/>
    <bullet24/>
    <vendorPriceUpdateDate>2022-09-21 00:00:00</vendorPriceUpdateDate>
  </part>
  <part>
    <partNumber>IWF24</partNumber>
    <punctuatedPartNumber>IWF24</punctuatedPartNumber>
    <partStatusDescription>STANDARD</partStatusDescription>
    <partDescription>Iridium Spark Plug - IWF24</partDescription>
    <unitOfMeasure>Each</unitOfMeasure>
    <brandName>DENSO</brandName>
    <supplierNumber>5380</supplierNumber>
    <specialInstructions/>
    <baseDealerPrice>9.70</baseDealerPrice>
    <yourDealerPrice>9.70</yourDealerPrice>
    <baseRetailPrice>16.95</baseRetailPrice>
    <originalRetailPrice>14.95</originalRetailPrice>
    <partImage>http://asset.lemansnet.com/z/LzgvRi9GLzhGRkZBRjZGLTFENUEtNEYzOC1BNTk4LUZBMkJGMUZBQUJEMCwvMC9BLzcvMEE3OUJBNzMtMTA5Mi00REM4LUJGOEQtRDVGQjA2NDg4MDEz</partImage>
    <productId>0271124870</productId>
    <productName>Iridium Spark Plug — Iridium</productName>
    <productImage>http://asset.lemansnet.com/z/L0QvRi83L0RGNzhEQTI5LUEwNzMtNERBRC05RUY0LTVCMTUwNTk2QUU4NA==</productImage>
    <bullet1>Six times harder than platinum, iridium withstands temperatures up to 4,000°F</bullet1>
    <bullet2>Because the iridium electrodes of these plugs can be shrunk to only 0.4mm, voltage requirements decrease while firing performance improves</bullet2>
    <bullet3>360° laser welding of electrode provides a seal that resists wear even in the worst conditions</bullet3>
    <bullet4>Ground electrode features a tapered cut and U-groove that form a large volume area for the flame's center</bullet4>
    <bullet5/>
    <bullet6/>
    <bullet7/>
    <bullet8/>
    <bullet9/>
    <bullet10/>
    <bullet11/>
    <bullet12/>
    <bullet13/>
    <bullet14/>
    <bullet15/>
    <bullet16/>
    <bullet17/>
    <bullet18/>
    <bullet19/>
    <bullet20/>
    <bullet21/>
    <bullet22/>
    <bullet23/>
    <bullet24/>
    <vendorPriceUpdateDate>2022-09-21 00:00:00</vendorPriceUpdateDate>
  </part>
  <part>
    <partNumber>IX22B</partNumber>
    <punctuatedPartNumber>IX22B</punctuatedPartNumber>
    <partStatusDescription>STANDARD</partStatusDescription>
    <partDescription>Iridium Spark Plug - IX22B</partDescription>
    <unitOfMeasure>Each</unitOfMeasure>
    <brandName>DENSO</brandName>
    <supplierNumber>5375</supplierNumber>
    <specialInstructions/>
    <baseDealerPrice>9.70</baseDealerPrice>
    <yourDealerPrice>9.70</yourDealerPrice>
    <baseRetailPrice>16.95</baseRetailPrice>
    <originalRetailPrice>14.95</originalRetailPrice>
    <partImage>http://asset.lemansnet.com/z/LzAvRC83LzBENzM2REFBLUUwOEMtNDJBRi1BMERDLURGRkZENTQ5NjkwQywvMC9BLzcvMEE3OUJBNzMtMTA5Mi00REM4LUJGOEQtRDVGQjA2NDg4MDEz</partImage>
    <productId>0271124870</productId>
    <productName>Iridium Spark Plug — Iridium</productName>
    <productImage>http://asset.lemansnet.com/z/L0QvRi83L0RGNzhEQTI5LUEwNzMtNERBRC05RUY0LTVCMTUwNTk2QUU4NA==</productImage>
    <bullet1>Six times harder than platinum, iridium withstands temperatures up to 4,000°F</bullet1>
    <bullet2>Because the iridium electrodes of these plugs can be shrunk to only 0.4mm, voltage requirements decrease while firing performance improves</bullet2>
    <bullet3>360° laser welding of electrode provides a seal that resists wear even in the worst conditions</bullet3>
    <bullet4>Ground electrode features a tapered cut and U-groove that form a large volume area for the flame's center</bullet4>
    <bullet5/>
    <bullet6/>
    <bullet7/>
    <bullet8/>
    <bullet9/>
    <bullet10/>
    <bullet11/>
    <bullet12/>
    <bullet13/>
    <bullet14/>
    <bullet15/>
    <bullet16/>
    <bullet17/>
    <bullet18/>
    <bullet19/>
    <bullet20/>
    <bullet21/>
    <bullet22/>
    <bullet23/>
    <bullet24/>
    <vendorPriceUpdateDate>2022-09-21 00:00:00</vendorPriceUpdateDate>
  </part>
  <part>
    <partNumber>IX24</partNumber>
    <punctuatedPartNumber>IX24</punctuatedPartNumber>
    <partStatusDescription>STANDARD</partStatusDescription>
    <partDescription>Iridium Spark Plug - IX24</partDescription>
    <unitOfMeasure>Each</unitOfMeasure>
    <brandName>DENSO</brandName>
    <supplierNumber>5372</supplierNumber>
    <specialInstructions/>
    <baseDealerPrice>9.70</baseDealerPrice>
    <yourDealerPrice>9.70</yourDealerPrice>
    <baseRetailPrice>16.95</baseRetailPrice>
    <originalRetailPrice>14.95</originalRetailPrice>
    <partImage>http://asset.lemansnet.com/z/LzEvOC9ELzE4RERCNjAwLTYxMTQtNDE1MC1BOEExLUQ2RTA4ODU0MzYyQywvMC9BLzcvMEE3OUJBNzMtMTA5Mi00REM4LUJGOEQtRDVGQjA2NDg4MDEz</partImage>
    <productId>0271124870</productId>
    <productName>Iridium Spark Plug — Iridium</productName>
    <productImage>http://asset.lemansnet.com/z/L0QvRi83L0RGNzhEQTI5LUEwNzMtNERBRC05RUY0LTVCMTUwNTk2QUU4NA==</productImage>
    <bullet1>Six times harder than platinum, iridium withstands temperatures up to 4,000°F</bullet1>
    <bullet2>Because the iridium electrodes of these plugs can be shrunk to only 0.4mm, voltage requirements decrease while firing performance improves</bullet2>
    <bullet3>360° laser welding of electrode provides a seal that resists wear even in the worst conditions</bullet3>
    <bullet4>Ground electrode features a tapered cut and U-groove that form a large volume area for the flame's center</bullet4>
    <bullet5/>
    <bullet6/>
    <bullet7/>
    <bullet8/>
    <bullet9/>
    <bullet10/>
    <bullet11/>
    <bullet12/>
    <bullet13/>
    <bullet14/>
    <bullet15/>
    <bullet16/>
    <bullet17/>
    <bullet18/>
    <bullet19/>
    <bullet20/>
    <bullet21/>
    <bullet22/>
    <bullet23/>
    <bullet24/>
    <vendorPriceUpdateDate>2022-09-21 00:00:00</vendorPriceUpdateDate>
  </part>
  <part>
    <partNumber>IX24B</partNumber>
    <punctuatedPartNumber>IX24B</punctuatedPartNumber>
    <partStatusDescription>STANDARD</partStatusDescription>
    <partDescription>Iridium Spark Plug - IX24B</partDescription>
    <unitOfMeasure>Each</unitOfMeasure>
    <brandName>DENSO</brandName>
    <supplierNumber>5376</supplierNumber>
    <specialInstructions/>
    <baseDealerPrice>9.70</baseDealerPrice>
    <yourDealerPrice>9.70</yourDealerPrice>
    <baseRetailPrice>16.95</baseRetailPrice>
    <originalRetailPrice>14.95</originalRetailPrice>
    <partImage>http://asset.lemansnet.com/z/LzUvRC8yLzVEMkU4NTYyLUMwMEYtNDVDRi04NjhGLTk3Q0I5MTc2MTkyMiwvMC9BLzcvMEE3OUJBNzMtMTA5Mi00REM4LUJGOEQtRDVGQjA2NDg4MDEz</partImage>
    <productId>0271124870</productId>
    <productName>Iridium Spark Plug — Iridium</productName>
    <productImage>http://asset.lemansnet.com/z/L0QvRi83L0RGNzhEQTI5LUEwNzMtNERBRC05RUY0LTVCMTUwNTk2QUU4NA==</productImage>
    <bullet1>Six times harder than platinum, iridium withstands temperatures up to 4,000°F</bullet1>
    <bullet2>Because the iridium electrodes of these plugs can be shrunk to only 0.4mm, voltage requirements decrease while firing performance improves</bullet2>
    <bullet3>360° laser welding of electrode provides a seal that resists wear even in the worst conditions</bullet3>
    <bullet4>Ground electrode features a tapered cut and U-groove that form a large volume area for the flame's center</bullet4>
    <bullet5/>
    <bullet6/>
    <bullet7/>
    <bullet8/>
    <bullet9/>
    <bullet10/>
    <bullet11/>
    <bullet12/>
    <bullet13/>
    <bullet14/>
    <bullet15/>
    <bullet16/>
    <bullet17/>
    <bullet18/>
    <bullet19/>
    <bullet20/>
    <bullet21/>
    <bullet22/>
    <bullet23/>
    <bullet24/>
    <vendorPriceUpdateDate>2022-09-21 00:00:00</vendorPriceUpdateDate>
  </part>
  <part>
    <partNumber>IX27</partNumber>
    <punctuatedPartNumber>IX27</punctuatedPartNumber>
    <partStatusDescription>STANDARD</partStatusDescription>
    <partDescription>Iridium Spark Plug - IX27</partDescription>
    <unitOfMeasure>Each</unitOfMeasure>
    <brandName>DENSO</brandName>
    <supplierNumber>5373</supplierNumber>
    <specialInstructions/>
    <baseDealerPrice>9.70</baseDealerPrice>
    <yourDealerPrice>9.70</yourDealerPrice>
    <baseRetailPrice>16.95</baseRetailPrice>
    <originalRetailPrice>14.95</originalRetailPrice>
    <partImage>http://asset.lemansnet.com/z/LzcvQS9CLzdBQjk3MUMwLUNCODAtNDRDQy1BRjVGLTc5RjlGNzgwMzY2OCwvMC9BLzcvMEE3OUJBNzMtMTA5Mi00REM4LUJGOEQtRDVGQjA2NDg4MDEz</partImage>
    <productId>0271124870</productId>
    <productName>Iridium Spark Plug — Iridium</productName>
    <productImage>http://asset.lemansnet.com/z/L0QvRi83L0RGNzhEQTI5LUEwNzMtNERBRC05RUY0LTVCMTUwNTk2QUU4NA==</productImage>
    <bullet1>Six times harder than platinum, iridium withstands temperatures up to 4,000°F</bullet1>
    <bullet2>Because the iridium electrodes of these plugs can be shrunk to only 0.4mm, voltage requirements decrease while firing performance improves</bullet2>
    <bullet3>360° laser welding of electrode provides a seal that resists wear even in the worst conditions</bullet3>
    <bullet4>Ground electrode features a tapered cut and U-groove that form a large volume area for the flame's center</bullet4>
    <bullet5/>
    <bullet6/>
    <bullet7/>
    <bullet8/>
    <bullet9/>
    <bullet10/>
    <bullet11/>
    <bullet12/>
    <bullet13/>
    <bullet14/>
    <bullet15/>
    <bullet16/>
    <bullet17/>
    <bullet18/>
    <bullet19/>
    <bullet20/>
    <bullet21/>
    <bullet22/>
    <bullet23/>
    <bullet24/>
    <vendorPriceUpdateDate>2022-09-21 00:00:00</vendorPriceUpdateDate>
  </part>
  <part>
    <partNumber>IK20</partNumber>
    <punctuatedPartNumber>IK20</punctuatedPartNumber>
    <partStatusDescription>STANDARD</partStatusDescription>
    <partDescription>Iridium Spark Plug - IK20</partDescription>
    <unitOfMeasure>Each</unitOfMeasure>
    <brandName>DENSO</brandName>
    <supplierNumber>5304</supplierNumber>
    <specialInstructions/>
    <baseDealerPrice>8.40</baseDealerPrice>
    <yourDealerPrice>8.40</yourDealerPrice>
    <baseRetailPrice>14.95</baseRetailPrice>
    <originalRetailPrice>11.95</originalRetailPrice>
    <partImage>http://asset.lemansnet.com/z/LzYvMy9ELzYzREM5QkM2LTMwOUYtNEVDMi1BNUY3LUQ0ODlGNTlBQkRCNA==</partImage>
    <productId>0271124870</productId>
    <productName>Iridium Spark Plug — Iridium</productName>
    <productImage>http://asset.lemansnet.com/z/L0QvRi83L0RGNzhEQTI5LUEwNzMtNERBRC05RUY0LTVCMTUwNTk2QUU4NA==</productImage>
    <bullet1>Six times harder than platinum, iridium withstands temperatures up to 4,000°F</bullet1>
    <bullet2>Because the iridium electrodes of these plugs can be shrunk to only 0.4mm, voltage requirements decrease while firing performance improves</bullet2>
    <bullet3>360° laser welding of electrode provides a seal that resists wear even in the worst conditions</bullet3>
    <bullet4>Ground electrode features a tapered cut and U-groove that form a large volume area for the flame's center</bullet4>
    <bullet5/>
    <bullet6/>
    <bullet7/>
    <bullet8/>
    <bullet9/>
    <bullet10/>
    <bullet11/>
    <bullet12/>
    <bullet13/>
    <bullet14/>
    <bullet15/>
    <bullet16/>
    <bullet17/>
    <bullet18/>
    <bullet19/>
    <bullet20/>
    <bullet21/>
    <bullet22/>
    <bullet23/>
    <bullet24/>
    <vendorPriceUpdateDate>2022-09-21 00:00:00</vendorPriceUpdateDate>
  </part>
  <part>
    <partNumber>X22EPRU9</partNumber>
    <punctuatedPartNumber>X22EPR-U9</punctuatedPartNumber>
    <partStatusDescription>STANDARD</partStatusDescription>
    <partDescription>Spark Plug - X22EPR-U9</partDescription>
    <unitOfMeasure>Each</unitOfMeasure>
    <brandName>DENSO</brandName>
    <supplierNumber>4086</supplierNumber>
    <specialInstructions/>
    <baseDealerPrice>3.10</baseDealerPrice>
    <yourDealerPrice>3.10</yourDealerPrice>
    <baseRetailPrice>5.95</baseRetailPrice>
    <originalRetailPrice>3.95</originalRetailPrice>
    <partImage>http://asset.lemansnet.com/z/LzcvMi8yLzcyMkVEQzY4LUY1RTYtNEIyQi05MDVFLTM4RjMyRDA2NzM1NA==</partImage>
    <productId>0408051594</productId>
    <productName>U-Groove Spark Plug</productName>
    <productImage>http://asset.lemansnet.com/z/L0MvNS9CL0M1QjcyRTVDLTQyNkUtNDk4Qi1BRjU5LUFCRDdFQzBCOEMzMg==</productImage>
    <bullet1>100 percent pre-fired to ensure reliable operation</bullet1>
    <bullet2>Copper core center electrode for superior thermal conductivity</bullet2>
    <bullet3>Unique five-rib insulator reduces flashover and decreases voltage loss</bullet3>
    <bullet4>Dual copper and glass seal bonds the center electrode and insulator together for a gas-tight seal.</bullet4>
    <bullet5>Original Equipment in automotive applications</bullet5>
    <bullet6/>
    <bullet7/>
    <bullet8/>
    <bullet9/>
    <bullet10/>
    <bullet11/>
    <bullet12/>
    <bullet13/>
    <bullet14/>
    <bullet15/>
    <bullet16/>
    <bullet17/>
    <bullet18/>
    <bullet19/>
    <bullet20/>
    <bullet21/>
    <bullet22/>
    <bullet23/>
    <bullet24/>
    <vendorPriceUpdateDate>2022-09-21 00:00:00</vendorPriceUpdateDate>
  </part>
  <part>
    <partNumber>X22ESU</partNumber>
    <punctuatedPartNumber>X22ES-U</punctuatedPartNumber>
    <partStatusDescription>STANDARD</partStatusDescription>
    <partDescription>Spark Plug - X22ES-U</partDescription>
    <unitOfMeasure>Each</unitOfMeasure>
    <brandName>DENSO</brandName>
    <supplierNumber>4090</supplierNumber>
    <specialInstructions/>
    <baseDealerPrice>2.90</baseDealerPrice>
    <yourDealerPrice>2.90</yourDealerPrice>
    <baseRetailPrice>4.95</baseRetailPrice>
    <originalRetailPrice>3.95</originalRetailPrice>
    <partImage>http://asset.lemansnet.com/z/L0IvRS84L0JFODM3MkQyLUE5REYtNDgwMy1CNEQ2LURDMkM2N0UyRTgwOQ==</partImage>
    <productId>0408051594</productId>
    <productName>U-Groove Spark Plug</productName>
    <productImage>http://asset.lemansnet.com/z/L0MvNS9CL0M1QjcyRTVDLTQyNkUtNDk4Qi1BRjU5LUFCRDdFQzBCOEMzMg==</productImage>
    <bullet1>100 percent pre-fired to ensure reliable operation</bullet1>
    <bullet2>Copper core center electrode for superior thermal conductivity</bullet2>
    <bullet3>Unique five-rib insulator reduces flashover and decreases voltage loss</bullet3>
    <bullet4>Dual copper and glass seal bonds the center electrode and insulator together for a gas-tight seal.</bullet4>
    <bullet5>Original Equipment in automotive applications</bullet5>
    <bullet6/>
    <bullet7/>
    <bullet8/>
    <bullet9/>
    <bullet10/>
    <bullet11/>
    <bullet12/>
    <bullet13/>
    <bullet14/>
    <bullet15/>
    <bullet16/>
    <bullet17/>
    <bullet18/>
    <bullet19/>
    <bullet20/>
    <bullet21/>
    <bullet22/>
    <bullet23/>
    <bullet24/>
    <vendorPriceUpdateDate>2022-09-21 00:00:00</vendorPriceUpdateDate>
  </part>
  <part>
    <partNumber>X24EPRU9</partNumber>
    <punctuatedPartNumber>X24EPR-U9</punctuatedPartNumber>
    <partStatusDescription>STANDARD</partStatusDescription>
    <partDescription>Spark Plug - X24EPR-U9</partDescription>
    <unitOfMeasure>Each</unitOfMeasure>
    <brandName>DENSO</brandName>
    <supplierNumber>4096</supplierNumber>
    <specialInstructions/>
    <baseDealerPrice>3.10</baseDealerPrice>
    <yourDealerPrice>3.10</yourDealerPrice>
    <baseRetailPrice>5.95</baseRetailPrice>
    <originalRetailPrice>3.95</originalRetailPrice>
    <partImage>http://asset.lemansnet.com/z/L0IvRS84L0JFODM3MkQyLUE5REYtNDgwMy1CNEQ2LURDMkM2N0UyRTgwOQ==</partImage>
    <productId>0408051594</productId>
    <productName>U-Groove Spark Plug</productName>
    <productImage>http://asset.lemansnet.com/z/L0MvNS9CL0M1QjcyRTVDLTQyNkUtNDk4Qi1BRjU5LUFCRDdFQzBCOEMzMg==</productImage>
    <bullet1>100 percent pre-fired to ensure reliable operation</bullet1>
    <bullet2>Copper core center electrode for superior thermal conductivity</bullet2>
    <bullet3>Unique five-rib insulator reduces flashover and decreases voltage loss</bullet3>
    <bullet4>Dual copper and glass seal bonds the center electrode and insulator together for a gas-tight seal.</bullet4>
    <bullet5>Original Equipment in automotive applications</bullet5>
    <bullet6/>
    <bullet7/>
    <bullet8/>
    <bullet9/>
    <bullet10/>
    <bullet11/>
    <bullet12/>
    <bullet13/>
    <bullet14/>
    <bullet15/>
    <bullet16/>
    <bullet17/>
    <bullet18/>
    <bullet19/>
    <bullet20/>
    <bullet21/>
    <bullet22/>
    <bullet23/>
    <bullet24/>
    <vendorPriceUpdateDate>2022-09-21 00:00:00</vendorPriceUpdateDate>
  </part>
  <part>
    <partNumber>X24ESRU</partNumber>
    <punctuatedPartNumber>X24ESR-U</punctuatedPartNumber>
    <partStatusDescription>STANDARD</partStatusDescription>
    <partDescription>Spark Plug - X24ESR-U</partDescription>
    <unitOfMeasure>Each</unitOfMeasure>
    <brandName>DENSO</brandName>
    <supplierNumber>4101</supplierNumber>
    <specialInstructions/>
    <baseDealerPrice>3.10</baseDealerPrice>
    <yourDealerPrice>3.10</yourDealerPrice>
    <baseRetailPrice>5.95</baseRetailPrice>
    <originalRetailPrice>3.95</originalRetailPrice>
    <partImage>http://asset.lemansnet.com/z/L0MvNS9CL0M1QjcyRTVDLTQyNkUtNDk4Qi1BRjU5LUFCRDdFQzBCOEMzMg==</partImage>
    <productId>0408051594</productId>
    <productName>U-Groove Spark Plug</productName>
    <productImage>http://asset.lemansnet.com/z/L0MvNS9CL0M1QjcyRTVDLTQyNkUtNDk4Qi1BRjU5LUFCRDdFQzBCOEMzMg==</productImage>
    <bullet1>100 percent pre-fired to ensure reliable operation</bullet1>
    <bullet2>Copper core center electrode for superior thermal conductivity</bullet2>
    <bullet3>Unique five-rib insulator reduces flashover and decreases voltage loss</bullet3>
    <bullet4>Dual copper and glass seal bonds the center electrode and insulator together for a gas-tight seal.</bullet4>
    <bullet5>Original Equipment in automotive applications</bullet5>
    <bullet6/>
    <bullet7/>
    <bullet8/>
    <bullet9/>
    <bullet10/>
    <bullet11/>
    <bullet12/>
    <bullet13/>
    <bullet14/>
    <bullet15/>
    <bullet16/>
    <bullet17/>
    <bullet18/>
    <bullet19/>
    <bullet20/>
    <bullet21/>
    <bullet22/>
    <bullet23/>
    <bullet24/>
    <vendorPriceUpdateDate>2022-09-21 00:00:00</vendorPriceUpdateDate>
  </part>
  <part>
    <partNumber>X24ESU</partNumber>
    <punctuatedPartNumber>X24ES-U</punctuatedPartNumber>
    <partStatusDescription>STANDARD</partStatusDescription>
    <partDescription>Spark Plug - X24ES-U</partDescription>
    <unitOfMeasure>Each</unitOfMeasure>
    <brandName>DENSO</brandName>
    <supplierNumber>4099</supplierNumber>
    <specialInstructions/>
    <baseDealerPrice>2.90</baseDealerPrice>
    <yourDealerPrice>2.90</yourDealerPrice>
    <baseRetailPrice>4.95</baseRetailPrice>
    <originalRetailPrice>3.95</originalRetailPrice>
    <partImage>http://asset.lemansnet.com/z/L0IvRS84L0JFODM3MkQyLUE5REYtNDgwMy1CNEQ2LURDMkM2N0UyRTgwOQ==</partImage>
    <productId>0408051594</productId>
    <productName>U-Groove Spark Plug</productName>
    <productImage>http://asset.lemansnet.com/z/L0MvNS9CL0M1QjcyRTVDLTQyNkUtNDk4Qi1BRjU5LUFCRDdFQzBCOEMzMg==</productImage>
    <bullet1>100 percent pre-fired to ensure reliable operation</bullet1>
    <bullet2>Copper core center electrode for superior thermal conductivity</bullet2>
    <bullet3>Unique five-rib insulator reduces flashover and decreases voltage loss</bullet3>
    <bullet4>Dual copper and glass seal bonds the center electrode and insulator together for a gas-tight seal.</bullet4>
    <bullet5>Original Equipment in automotive applications</bullet5>
    <bullet6/>
    <bullet7/>
    <bullet8/>
    <bullet9/>
    <bullet10/>
    <bullet11/>
    <bullet12/>
    <bullet13/>
    <bullet14/>
    <bullet15/>
    <bullet16/>
    <bullet17/>
    <bullet18/>
    <bullet19/>
    <bullet20/>
    <bullet21/>
    <bullet22/>
    <bullet23/>
    <bullet24/>
    <vendorPriceUpdateDate>2022-09-21 00:00:00</vendorPriceUpdateDate>
  </part>
  <part>
    <partNumber>X27ESU</partNumber>
    <punctuatedPartNumber>X27ES-U</punctuatedPartNumber>
    <partStatusDescription>STANDARD</partStatusDescription>
    <partDescription>Spark Plug - X27ES-U</partDescription>
    <unitOfMeasure>Each</unitOfMeasure>
    <brandName>DENSO</brandName>
    <supplierNumber>4114</supplierNumber>
    <specialInstructions/>
    <baseDealerPrice>2.90</baseDealerPrice>
    <yourDealerPrice>2.90</yourDealerPrice>
    <baseRetailPrice>4.95</baseRetailPrice>
    <originalRetailPrice>3.95</originalRetailPrice>
    <partImage>http://asset.lemansnet.com/z/L0IvRS84L0JFODM3MkQyLUE5REYtNDgwMy1CNEQ2LURDMkM2N0UyRTgwOQ==</partImage>
    <productId>0408051594</productId>
    <productName>U-Groove Spark Plug</productName>
    <productImage>http://asset.lemansnet.com/z/L0MvNS9CL0M1QjcyRTVDLTQyNkUtNDk4Qi1BRjU5LUFCRDdFQzBCOEMzMg==</productImage>
    <bullet1>100 percent pre-fired to ensure reliable operation</bullet1>
    <bullet2>Copper core center electrode for superior thermal conductivity</bullet2>
    <bullet3>Unique five-rib insulator reduces flashover and decreases voltage loss</bullet3>
    <bullet4>Dual copper and glass seal bonds the center electrode and insulator together for a gas-tight seal.</bullet4>
    <bullet5>Original Equipment in automotive applications</bullet5>
    <bullet6/>
    <bullet7/>
    <bullet8/>
    <bullet9/>
    <bullet10/>
    <bullet11/>
    <bullet12/>
    <bullet13/>
    <bullet14/>
    <bullet15/>
    <bullet16/>
    <bullet17/>
    <bullet18/>
    <bullet19/>
    <bullet20/>
    <bullet21/>
    <bullet22/>
    <bullet23/>
    <bullet24/>
    <vendorPriceUpdateDate>2022-09-21 00:00:00</vendorPriceUpdateDate>
  </part>
  <part>
    <partNumber>W16FSU</partNumber>
    <punctuatedPartNumber>W16FS-U</punctuatedPartNumber>
    <partStatusDescription>STANDARD</partStatusDescription>
    <partDescription>Spark Plug - W16FS-U</partDescription>
    <unitOfMeasure>Each</unitOfMeasure>
    <brandName>DENSO</brandName>
    <supplierNumber>3034</supplierNumber>
    <specialInstructions/>
    <baseDealerPrice>2.30</baseDealerPrice>
    <yourDealerPrice>2.30</yourDealerPrice>
    <baseRetailPrice>3.95</baseRetailPrice>
    <originalRetailPrice>2.95</originalRetailPrice>
    <partImage>http://asset.lemansnet.com/z/LzIvRS9CLzJFQjQyNkJDLUQxODgtNDE2RS1CQzE2LTM5REE5NDM5MUIxQw==</partImage>
    <productId>0408051594</productId>
    <productName>U-Groove Spark Plug</productName>
    <productImage>http://asset.lemansnet.com/z/L0MvNS9CL0M1QjcyRTVDLTQyNkUtNDk4Qi1BRjU5LUFCRDdFQzBCOEMzMg==</productImage>
    <bullet1>100 percent pre-fired to ensure reliable operation</bullet1>
    <bullet2>Copper core center electrode for superior thermal conductivity</bullet2>
    <bullet3>Unique five-rib insulator reduces flashover and decreases voltage loss</bullet3>
    <bullet4>Dual copper and glass seal bonds the center electrode and insulator together for a gas-tight seal.</bullet4>
    <bullet5>Original Equipment in automotive applications</bullet5>
    <bullet6/>
    <bullet7/>
    <bullet8/>
    <bullet9/>
    <bullet10/>
    <bullet11/>
    <bullet12/>
    <bullet13/>
    <bullet14/>
    <bullet15/>
    <bullet16/>
    <bullet17/>
    <bullet18/>
    <bullet19/>
    <bullet20/>
    <bullet21/>
    <bullet22/>
    <bullet23/>
    <bullet24/>
    <vendorPriceUpdateDate>2022-09-21 00:00:00</vendorPriceUpdateDate>
  </part>
  <part>
    <partNumber>W20EPU</partNumber>
    <punctuatedPartNumber>W20EP-U</punctuatedPartNumber>
    <partStatusDescription>STANDARD</partStatusDescription>
    <partDescription>Spark Plug - W20EP-U</partDescription>
    <unitOfMeasure>Each</unitOfMeasure>
    <brandName>DENSO</brandName>
    <supplierNumber>3043</supplierNumber>
    <specialInstructions/>
    <baseDealerPrice>2.30</baseDealerPrice>
    <yourDealerPrice>2.30</yourDealerPrice>
    <baseRetailPrice>3.95</baseRetailPrice>
    <originalRetailPrice>2.95</originalRetailPrice>
    <partImage>http://asset.lemansnet.com/z/L0YvQy9GL0ZDRjUxNDAyLTE3RkItNDA2NC1CNEU0LUYzMEUzOUE1NDk3NA==</partImage>
    <productId>0408051594</productId>
    <productName>U-Groove Spark Plug</productName>
    <productImage>http://asset.lemansnet.com/z/L0MvNS9CL0M1QjcyRTVDLTQyNkUtNDk4Qi1BRjU5LUFCRDdFQzBCOEMzMg==</productImage>
    <bullet1>100 percent pre-fired to ensure reliable operation</bullet1>
    <bullet2>Copper core center electrode for superior thermal conductivity</bullet2>
    <bullet3>Unique five-rib insulator reduces flashover and decreases voltage loss</bullet3>
    <bullet4>Dual copper and glass seal bonds the center electrode and insulator together for a gas-tight seal.</bullet4>
    <bullet5>Original Equipment in automotive applications</bullet5>
    <bullet6/>
    <bullet7/>
    <bullet8/>
    <bullet9/>
    <bullet10/>
    <bullet11/>
    <bullet12/>
    <bullet13/>
    <bullet14/>
    <bullet15/>
    <bullet16/>
    <bullet17/>
    <bullet18/>
    <bullet19/>
    <bullet20/>
    <bullet21/>
    <bullet22/>
    <bullet23/>
    <bullet24/>
    <vendorPriceUpdateDate>2022-09-21 00:00:00</vendorPriceUpdateDate>
  </part>
  <part>
    <partNumber>W22EPU</partNumber>
    <punctuatedPartNumber>W22EP-U</punctuatedPartNumber>
    <partStatusDescription>STANDARD</partStatusDescription>
    <partDescription>Spark Plug - W22EP-U</partDescription>
    <unitOfMeasure>Each</unitOfMeasure>
    <brandName>DENSO</brandName>
    <supplierNumber>3085</supplierNumber>
    <specialInstructions/>
    <baseDealerPrice>2.30</baseDealerPrice>
    <yourDealerPrice>2.30</yourDealerPrice>
    <baseRetailPrice>3.95</baseRetailPrice>
    <originalRetailPrice>2.95</originalRetailPrice>
    <partImage>http://asset.lemansnet.com/z/L0IvRS84L0JFODM3MkQyLUE5REYtNDgwMy1CNEQ2LURDMkM2N0UyRTgwOQ==</partImage>
    <productId>0408051594</productId>
    <productName>U-Groove Spark Plug</productName>
    <productImage>http://asset.lemansnet.com/z/L0MvNS9CL0M1QjcyRTVDLTQyNkUtNDk4Qi1BRjU5LUFCRDdFQzBCOEMzMg==</productImage>
    <bullet1>100 percent pre-fired to ensure reliable operation</bullet1>
    <bullet2>Copper core center electrode for superior thermal conductivity</bullet2>
    <bullet3>Unique five-rib insulator reduces flashover and decreases voltage loss</bullet3>
    <bullet4>Dual copper and glass seal bonds the center electrode and insulator together for a gas-tight seal.</bullet4>
    <bullet5>Original Equipment in automotive applications</bullet5>
    <bullet6/>
    <bullet7/>
    <bullet8/>
    <bullet9/>
    <bullet10/>
    <bullet11/>
    <bullet12/>
    <bullet13/>
    <bullet14/>
    <bullet15/>
    <bullet16/>
    <bullet17/>
    <bullet18/>
    <bullet19/>
    <bullet20/>
    <bullet21/>
    <bullet22/>
    <bullet23/>
    <bullet24/>
    <vendorPriceUpdateDate>2022-09-21 00:00:00</vendorPriceUpdateDate>
  </part>
  <part>
    <partNumber>W22ESU</partNumber>
    <punctuatedPartNumber>W22ES-U</punctuatedPartNumber>
    <partStatusDescription>STANDARD</partStatusDescription>
    <partDescription>Spark Plug - W22ES-U</partDescription>
    <unitOfMeasure>Each</unitOfMeasure>
    <brandName>DENSO</brandName>
    <supplierNumber>3093</supplierNumber>
    <specialInstructions/>
    <baseDealerPrice>2.30</baseDealerPrice>
    <yourDealerPrice>2.30</yourDealerPrice>
    <baseRetailPrice>3.95</baseRetailPrice>
    <originalRetailPrice>2.95</originalRetailPrice>
    <partImage>http://asset.lemansnet.com/z/L0IvRS9EL0JFRDdFRTk2LThENkQtNDAyNi1BMzkyLTU3RDQxNzg0MzlCOQ==</partImage>
    <productId>0408051594</productId>
    <productName>U-Groove Spark Plug</productName>
    <productImage>http://asset.lemansnet.com/z/L0MvNS9CL0M1QjcyRTVDLTQyNkUtNDk4Qi1BRjU5LUFCRDdFQzBCOEMzMg==</productImage>
    <bullet1>100 percent pre-fired to ensure reliable operation</bullet1>
    <bullet2>Copper core center electrode for superior thermal conductivity</bullet2>
    <bullet3>Unique five-rib insulator reduces flashover and decreases voltage loss</bullet3>
    <bullet4>Dual copper and glass seal bonds the center electrode and insulator together for a gas-tight seal.</bullet4>
    <bullet5>Original Equipment in automotive applications</bullet5>
    <bullet6/>
    <bullet7/>
    <bullet8/>
    <bullet9/>
    <bullet10/>
    <bullet11/>
    <bullet12/>
    <bullet13/>
    <bullet14/>
    <bullet15/>
    <bullet16/>
    <bullet17/>
    <bullet18/>
    <bullet19/>
    <bullet20/>
    <bullet21/>
    <bullet22/>
    <bullet23/>
    <bullet24/>
    <vendorPriceUpdateDate>2022-09-21 00:00:00</vendorPriceUpdateDate>
  </part>
  <part>
    <partNumber>W24ESRU</partNumber>
    <punctuatedPartNumber>W24ESR-U</punctuatedPartNumber>
    <partStatusDescription>STANDARD</partStatusDescription>
    <partDescription>Spark Plug - W24ESR-U</partDescription>
    <unitOfMeasure>Each</unitOfMeasure>
    <brandName>DENSO</brandName>
    <supplierNumber>4033</supplierNumber>
    <specialInstructions/>
    <baseDealerPrice>3.00</baseDealerPrice>
    <yourDealerPrice>3.00</yourDealerPrice>
    <baseRetailPrice>5.95</baseRetailPrice>
    <originalRetailPrice>3.95</originalRetailPrice>
    <partImage>http://asset.lemansnet.com/z/L0YvNS9CL0Y1QjQ3MUQ1LTMxNUItNEI2Ni05NzEwLUE0NDg5NzhGMjZDMA==</partImage>
    <productId>0408051594</productId>
    <productName>U-Groove Spark Plug</productName>
    <productImage>http://asset.lemansnet.com/z/L0MvNS9CL0M1QjcyRTVDLTQyNkUtNDk4Qi1BRjU5LUFCRDdFQzBCOEMzMg==</productImage>
    <bullet1>100 percent pre-fired to ensure reliable operation</bullet1>
    <bullet2>Copper core center electrode for superior thermal conductivity</bullet2>
    <bullet3>Unique five-rib insulator reduces flashover and decreases voltage loss</bullet3>
    <bullet4>Dual copper and glass seal bonds the center electrode and insulator together for a gas-tight seal.</bullet4>
    <bullet5>Original Equipment in automotive applications</bullet5>
    <bullet6/>
    <bullet7/>
    <bullet8/>
    <bullet9/>
    <bullet10/>
    <bullet11/>
    <bullet12/>
    <bullet13/>
    <bullet14/>
    <bullet15/>
    <bullet16/>
    <bullet17/>
    <bullet18/>
    <bullet19/>
    <bullet20/>
    <bullet21/>
    <bullet22/>
    <bullet23/>
    <bullet24/>
    <vendorPriceUpdateDate>2022-09-21 00:00:00</vendorPriceUpdateDate>
  </part>
  <part>
    <partNumber>W24ESU</partNumber>
    <punctuatedPartNumber>W24ES-U</punctuatedPartNumber>
    <partStatusDescription>STANDARD</partStatusDescription>
    <partDescription>Spark Plug - W24ES-U</partDescription>
    <unitOfMeasure>Each</unitOfMeasure>
    <brandName>DENSO</brandName>
    <supplierNumber>4030</supplierNumber>
    <specialInstructions/>
    <baseDealerPrice>2.30</baseDealerPrice>
    <yourDealerPrice>2.30</yourDealerPrice>
    <baseRetailPrice>3.95</baseRetailPrice>
    <originalRetailPrice>2.95</originalRetailPrice>
    <partImage>http://asset.lemansnet.com/z/LzEvOS9BLzE5QTc1N0MyLURFRTQtNDlCNi1BRkM1LTU4RkJGNERDNTkwNw==</partImage>
    <productId>0408051594</productId>
    <productName>U-Groove Spark Plug</productName>
    <productImage>http://asset.lemansnet.com/z/L0MvNS9CL0M1QjcyRTVDLTQyNkUtNDk4Qi1BRjU5LUFCRDdFQzBCOEMzMg==</productImage>
    <bullet1>100 percent pre-fired to ensure reliable operation</bullet1>
    <bullet2>Copper core center electrode for superior thermal conductivity</bullet2>
    <bullet3>Unique five-rib insulator reduces flashover and decreases voltage loss</bullet3>
    <bullet4>Dual copper and glass seal bonds the center electrode and insulator together for a gas-tight seal.</bullet4>
    <bullet5>Original Equipment in automotive applications</bullet5>
    <bullet6/>
    <bullet7/>
    <bullet8/>
    <bullet9/>
    <bullet10/>
    <bullet11/>
    <bullet12/>
    <bullet13/>
    <bullet14/>
    <bullet15/>
    <bullet16/>
    <bullet17/>
    <bullet18/>
    <bullet19/>
    <bullet20/>
    <bullet21/>
    <bullet22/>
    <bullet23/>
    <bullet24/>
    <vendorPriceUpdateDate>2022-09-21 00:00:00</vendorPriceUpdateDate>
  </part>
  <part>
    <partNumber>W24FSU</partNumber>
    <punctuatedPartNumber>W24FS-U</punctuatedPartNumber>
    <partStatusDescription>STANDARD</partStatusDescription>
    <partDescription>Spark Plug - W24FS-U</partDescription>
    <unitOfMeasure>Each</unitOfMeasure>
    <brandName>DENSO</brandName>
    <supplierNumber>4038</supplierNumber>
    <specialInstructions/>
    <baseDealerPrice>2.30</baseDealerPrice>
    <yourDealerPrice>2.30</yourDealerPrice>
    <baseRetailPrice>3.95</baseRetailPrice>
    <originalRetailPrice>2.95</originalRetailPrice>
    <partImage>http://asset.lemansnet.com/z/LzEvNy9GLzE3RkZFM0M5LThEOEMtNDA5OS1BQUU1LUNDMzU4OTA4RTVDMg==</partImage>
    <productId>0408051594</productId>
    <productName>U-Groove Spark Plug</productName>
    <productImage>http://asset.lemansnet.com/z/L0MvNS9CL0M1QjcyRTVDLTQyNkUtNDk4Qi1BRjU5LUFCRDdFQzBCOEMzMg==</productImage>
    <bullet1>100 percent pre-fired to ensure reliable operation</bullet1>
    <bullet2>Copper core center electrode for superior thermal conductivity</bullet2>
    <bullet3>Unique five-rib insulator reduces flashover and decreases voltage loss</bullet3>
    <bullet4>Dual copper and glass seal bonds the center electrode and insulator together for a gas-tight seal.</bullet4>
    <bullet5>Original Equipment in automotive applications</bullet5>
    <bullet6/>
    <bullet7/>
    <bullet8/>
    <bullet9/>
    <bullet10/>
    <bullet11/>
    <bullet12/>
    <bullet13/>
    <bullet14/>
    <bullet15/>
    <bullet16/>
    <bullet17/>
    <bullet18/>
    <bullet19/>
    <bullet20/>
    <bullet21/>
    <bullet22/>
    <bullet23/>
    <bullet24/>
    <vendorPriceUpdateDate>2022-09-21 00:00:00</vendorPriceUpdateDate>
  </part>
  <part>
    <partNumber>W27ESRU</partNumber>
    <punctuatedPartNumber>W27ESR-U</punctuatedPartNumber>
    <partStatusDescription>STANDARD</partStatusDescription>
    <partDescription>Spark Plug - W27ESR-U</partDescription>
    <unitOfMeasure>Each</unitOfMeasure>
    <brandName>DENSO</brandName>
    <supplierNumber>4045</supplierNumber>
    <specialInstructions/>
    <baseDealerPrice>3.00</baseDealerPrice>
    <yourDealerPrice>3.00</yourDealerPrice>
    <baseRetailPrice>5.95</baseRetailPrice>
    <originalRetailPrice>3.95</originalRetailPrice>
    <partImage>http://asset.lemansnet.com/z/LzAvNi80LzA2NDFENzczLTI5QTAtNDc3Qy04NEQxLTJENzcxRkM1MkQwRg==</partImage>
    <productId>0408051594</productId>
    <productName>U-Groove Spark Plug</productName>
    <productImage>http://asset.lemansnet.com/z/L0MvNS9CL0M1QjcyRTVDLTQyNkUtNDk4Qi1BRjU5LUFCRDdFQzBCOEMzMg==</productImage>
    <bullet1>100 percent pre-fired to ensure reliable operation</bullet1>
    <bullet2>Copper core center electrode for superior thermal conductivity</bullet2>
    <bullet3>Unique five-rib insulator reduces flashover and decreases voltage loss</bullet3>
    <bullet4>Dual copper and glass seal bonds the center electrode and insulator together for a gas-tight seal.</bullet4>
    <bullet5>Original Equipment in automotive applications</bullet5>
    <bullet6/>
    <bullet7/>
    <bullet8/>
    <bullet9/>
    <bullet10/>
    <bullet11/>
    <bullet12/>
    <bullet13/>
    <bullet14/>
    <bullet15/>
    <bullet16/>
    <bullet17/>
    <bullet18/>
    <bullet19/>
    <bullet20/>
    <bullet21/>
    <bullet22/>
    <bullet23/>
    <bullet24/>
    <vendorPriceUpdateDate>2022-09-21 00:00:00</vendorPriceUpdateDate>
  </part>
  <part>
    <partNumber>U22FSU</partNumber>
    <punctuatedPartNumber>U22FS-U</punctuatedPartNumber>
    <partStatusDescription>STANDARD</partStatusDescription>
    <partDescription>Spark Plug - U22FS-U</partDescription>
    <unitOfMeasure>Each</unitOfMeasure>
    <brandName>DENSO</brandName>
    <supplierNumber>4006</supplierNumber>
    <specialInstructions/>
    <baseDealerPrice>3.00</baseDealerPrice>
    <yourDealerPrice>3.00</yourDealerPrice>
    <baseRetailPrice>5.95</baseRetailPrice>
    <originalRetailPrice>3.95</originalRetailPrice>
    <partImage>http://asset.lemansnet.com/z/LzcvNi8yLzc2MjZFMjZGLTcxMDctNEQ1Ny1CMEQyLTQxOEVCMUREQTM4OQ==</partImage>
    <productId>0408051594</productId>
    <productName>U-Groove Spark Plug</productName>
    <productImage>http://asset.lemansnet.com/z/L0MvNS9CL0M1QjcyRTVDLTQyNkUtNDk4Qi1BRjU5LUFCRDdFQzBCOEMzMg==</productImage>
    <bullet1>100 percent pre-fired to ensure reliable operation</bullet1>
    <bullet2>Copper core center electrode for superior thermal conductivity</bullet2>
    <bullet3>Unique five-rib insulator reduces flashover and decreases voltage loss</bullet3>
    <bullet4>Dual copper and glass seal bonds the center electrode and insulator together for a gas-tight seal.</bullet4>
    <bullet5>Original Equipment in automotive applications</bullet5>
    <bullet6/>
    <bullet7/>
    <bullet8/>
    <bullet9/>
    <bullet10/>
    <bullet11/>
    <bullet12/>
    <bullet13/>
    <bullet14/>
    <bullet15/>
    <bullet16/>
    <bullet17/>
    <bullet18/>
    <bullet19/>
    <bullet20/>
    <bullet21/>
    <bullet22/>
    <bullet23/>
    <bullet24/>
    <vendorPriceUpdateDate>2022-09-21 00:00:00</vendorPriceUpdateDate>
  </part>
  <part>
    <partNumber>IX27B</partNumber>
    <punctuatedPartNumber>IX27B</punctuatedPartNumber>
    <partStatusDescription>DISCONTINUED</partStatusDescription>
    <partDescription>Iridium Spark Plug - IX27B</partDescription>
    <unitOfMeasure>Each</unitOfMeasure>
    <brandName>DENSO</brandName>
    <supplierNumber>5377</supplierNumber>
    <specialInstructions>Discontinued P/Byr</specialInstructions>
    <baseDealerPrice>9.70</baseDealerPrice>
    <yourDealerPrice>9.70</yourDealerPrice>
    <baseRetailPrice>16.95</baseRetailPrice>
    <originalRetailPrice>14.95</originalRetailPrice>
    <partImage>http://asset.lemansnet.com/z/L0QvOS84L0Q5ODk2NzI5LTlFQUQtNDJGQy1BNDc4LUFCNkMwRkRCQzkzQSwvMC9BLzcvMEE3OUJBNzMtMTA5Mi00REM4LUJGOEQtRDVGQjA2NDg4MDEz</partImage>
    <productId>0271124870</productId>
    <productName>Iridium Spark Plug — Iridium</productName>
    <productImage>http://asset.lemansnet.com/z/L0QvRi83L0RGNzhEQTI5LUEwNzMtNERBRC05RUY0LTVCMTUwNTk2QUU4NA==</productImage>
    <bullet1>Six times harder than platinum, iridium withstands temperatures up to 4,000°F</bullet1>
    <bullet2>Because the iridium electrodes of these plugs can be shrunk to only 0.4mm, voltage requirements decrease while firing performance improves</bullet2>
    <bullet3>360° laser welding of electrode provides a seal that resists wear even in the worst conditions</bullet3>
    <bullet4>Ground electrode features a tapered cut and U-groove that form a large volume area for the flame's center</bullet4>
    <bullet5/>
    <bullet6/>
    <bullet7/>
    <bullet8/>
    <bullet9/>
    <bullet10/>
    <bullet11/>
    <bullet12/>
    <bullet13/>
    <bullet14/>
    <bullet15/>
    <bullet16/>
    <bullet17/>
    <bullet18/>
    <bullet19/>
    <bullet20/>
    <bullet21/>
    <bullet22/>
    <bullet23/>
    <bullet24/>
    <vendorPriceUpdateDate>2022-09-21 00:00:00</vendorPriceUpdateDate>
  </part>
  <part>
    <partNumber>W27ESU</partNumber>
    <punctuatedPartNumber>W27ES-U</punctuatedPartNumber>
    <partStatusDescription>STANDARD</partStatusDescription>
    <partDescription>Spark Plug - W27ES-U</partDescription>
    <unitOfMeasure>Each</unitOfMeasure>
    <brandName>DENSO</brandName>
    <supplierNumber>4046</supplierNumber>
    <specialInstructions/>
    <baseDealerPrice>2.30</baseDealerPrice>
    <yourDealerPrice>2.30</yourDealerPrice>
    <baseRetailPrice>3.95</baseRetailPrice>
    <originalRetailPrice>2.95</originalRetailPrice>
    <partImage>http://asset.lemansnet.com/z/L0IvQi8wL0JCMEJBN0NFLTY4MUMtNDhCMy04QTk2LTdGNDE0NzUwNEFCOQ==</partImage>
    <productId>0408051594</productId>
    <productName>U-Groove Spark Plug</productName>
    <productImage>http://asset.lemansnet.com/z/L0MvNS9CL0M1QjcyRTVDLTQyNkUtNDk4Qi1BRjU5LUFCRDdFQzBCOEMzMg==</productImage>
    <bullet1>100 percent pre-fired to ensure reliable operation</bullet1>
    <bullet2>Copper core center electrode for superior thermal conductivity</bullet2>
    <bullet3>Unique five-rib insulator reduces flashover and decreases voltage loss</bullet3>
    <bullet4>Dual copper and glass seal bonds the center electrode and insulator together for a gas-tight seal.</bullet4>
    <bullet5>Original Equipment in automotive applications</bullet5>
    <bullet6/>
    <bullet7/>
    <bullet8/>
    <bullet9/>
    <bullet10/>
    <bullet11/>
    <bullet12/>
    <bullet13/>
    <bullet14/>
    <bullet15/>
    <bullet16/>
    <bullet17/>
    <bullet18/>
    <bullet19/>
    <bullet20/>
    <bullet21/>
    <bullet22/>
    <bullet23/>
    <bullet24/>
    <vendorPriceUpdateDate>2022-09-21 00:00:00</vendorPriceUpdateDate>
  </part>
</root>
