<root>
  <part>
    <partNumber>C8289</partNumber>
    <punctuatedPartNumber>C8289</punctuatedPartNumber>
    <partStatusDescription>DISCONTINUED</partStatusDescription>
    <partDescription>Tire - Lumberjack - Front - 23x8-11 - 2 Ply</partDescription>
    <unitOfMeasure>Each</unitOfMeasure>
    <brandName>CHENG SHIN</brandName>
    <supplierNumber>TM00587100</supplierNumber>
    <specialInstructions/>
    <baseDealerPrice>46.74</baseDealerPrice>
    <yourDealerPrice>46.74</yourDealerPrice>
    <baseRetailPrice>0.00</baseRetailPrice>
    <originalRetailPrice>145.95</originalRetailPrice>
    <partImage>http://asset.lemansnet.com/z/LzkvMC9ELzkwRENCOEU1LTgwNDItNDk3OC05NEExLUZFNUMzNzU0RkRCRQ==</partImage>
    <productId>2095677485</productId>
    <productName>Lumberjack Tire</productName>
    <productImage>http://asset.lemansnet.com/z/LzkvMC9ELzkwRENCOEU1LTgwNDItNDk3OC05NEExLUZFNUMzNzU0RkRCRQ==</productImage>
    <bullet1>Self-cleaning tread pattern helps prevent getting bogged down</bullet1>
    <bullet2>Tackle tough terrain and conditions with large lugs</bullet2>
    <bullet3/>
    <bullet4/>
    <bullet5/>
    <bullet6/>
    <bullet7/>
    <bullet8/>
    <bullet9/>
    <bullet10/>
    <bullet11/>
    <bullet12/>
    <bullet13/>
    <bullet14/>
    <bullet15/>
    <bullet16/>
    <bullet17/>
    <bullet18/>
    <bullet19/>
    <bullet20/>
    <bullet21/>
    <bullet22/>
    <bullet23/>
    <bullet24/>
    <vendorPriceUpdateDate>2023-04-03 00:00:00</vendorPriceUpdateDate>
  </part>
  <part>
    <partNumber>C8291</partNumber>
    <punctuatedPartNumber>C8291</punctuatedPartNumber>
    <partStatusDescription>STANDARD</partStatusDescription>
    <partDescription>Tire C829 - Front/Rear - 22x11R8 - 2 Ply</partDescription>
    <unitOfMeasure>Each</unitOfMeasure>
    <brandName>CHENG SHIN</brandName>
    <supplierNumber>TM00571100</supplierNumber>
    <specialInstructions/>
    <baseDealerPrice>65.00</baseDealerPrice>
    <yourDealerPrice>62.40</yourDealerPrice>
    <baseRetailPrice>94.00</baseRetailPrice>
    <originalRetailPrice>123.95</originalRetailPrice>
    <partImage>http://asset.lemansnet.com/z/bWVkaWEvNjdmZTk1MjMtYTA4OS00MWExLWE3MjAtYmMzNzc5ODI0MjVj</partImage>
    <productId>1134373993</productId>
    <productName>C829 Tire</productName>
    <productImage>http://asset.lemansnet.com/z/bWVkaWEvNjdmZTk1MjMtYTA4OS00MWExLWE3MjAtYmMzNzc5ODI0MjVj</productImage>
    <bullet1>Features a tread pattern that was designed to offer traction wherever the day takes you, from loose terrain to hardpack</bullet1>
    <bullet2>Offers excellent cornering traction with minimal slip</bullet2>
    <bullet3>Tire compound formulated for longevity</bullet3>
    <bullet4/>
    <bullet5/>
    <bullet6/>
    <bullet7/>
    <bullet8/>
    <bullet9/>
    <bullet10/>
    <bullet11/>
    <bullet12/>
    <bullet13/>
    <bullet14/>
    <bullet15/>
    <bullet16/>
    <bullet17/>
    <bullet18/>
    <bullet19/>
    <bullet20/>
    <bullet21/>
    <bullet22/>
    <bullet23/>
    <bullet24/>
    <vendorPriceUpdateDate>2023-04-03 00:00:00</vendorPriceUpdateDate>
  </part>
  <part>
    <partNumber>C8285</partNumber>
    <punctuatedPartNumber>C8285</punctuatedPartNumber>
    <partStatusDescription>DISCONTINUED</partStatusDescription>
    <partDescription>Tire - Lumberjack - Front - 22x7-11 - 2 Ply</partDescription>
    <unitOfMeasure>Each</unitOfMeasure>
    <brandName>CHENG SHIN</brandName>
    <supplierNumber>TM00586100</supplierNumber>
    <specialInstructions>Discontinued P/Byr</specialInstructions>
    <baseDealerPrice>60.80</baseDealerPrice>
    <yourDealerPrice>60.80</yourDealerPrice>
    <baseRetailPrice>88.00</baseRetailPrice>
    <originalRetailPrice>117.95</originalRetailPrice>
    <partImage>http://asset.lemansnet.com/z/LzkvMC9ELzkwRENCOEU1LTgwNDItNDk3OC05NEExLUZFNUMzNzU0RkRCRQ==</partImage>
    <productId>1064567839</productId>
    <productName>Lumberjack Tire</productName>
    <productImage>http://asset.lemansnet.com/z/LzkvMC9ELzkwRENCOEU1LTgwNDItNDk3OC05NEExLUZFNUMzNzU0RkRCRQ==</productImage>
    <bullet1>Self-cleaning tread pattern helps prevent getting bogged down</bullet1>
    <bullet2>Tackle tough terrain and conditions with large lugs</bullet2>
    <bullet3/>
    <bullet4/>
    <bullet5/>
    <bullet6/>
    <bullet7/>
    <bullet8/>
    <bullet9/>
    <bullet10/>
    <bullet11/>
    <bullet12/>
    <bullet13/>
    <bullet14/>
    <bullet15/>
    <bullet16/>
    <bullet17/>
    <bullet18/>
    <bullet19/>
    <bullet20/>
    <bullet21/>
    <bullet22/>
    <bullet23/>
    <bullet24/>
    <vendorPriceUpdateDate>2023-04-03 00:00:00</vendorPriceUpdateDate>
  </part>
  <part>
    <partNumber>C8295</partNumber>
    <punctuatedPartNumber>C8295</punctuatedPartNumber>
    <partStatusDescription>STANDARD</partStatusDescription>
    <partDescription>Tire - C829 - Front/Rear - 145/70-6 - 2 Ply</partDescription>
    <unitOfMeasure>Each</unitOfMeasure>
    <brandName>CHENG SHIN</brandName>
    <supplierNumber>TM02005000</supplierNumber>
    <specialInstructions>ACT 145X70X6 02DLW</specialInstructions>
    <baseDealerPrice>24.90</baseDealerPrice>
    <yourDealerPrice>23.90</yourDealerPrice>
    <baseRetailPrice>36.00</baseRetailPrice>
    <originalRetailPrice>46.95</originalRetailPrice>
    <partImage>http://asset.lemansnet.com/z/bWVkaWEvNjdmZTk1MjMtYTA4OS00MWExLWE3MjAtYmMzNzc5ODI0MjVj</partImage>
    <productId>0148259824</productId>
    <productName>C829 Tire</productName>
    <productImage>http://asset.lemansnet.com/z/bWVkaWEvNjdmZTk1MjMtYTA4OS00MWExLWE3MjAtYmMzNzc5ODI0MjVj</productImage>
    <bullet1>Features a tread pattern that was designed to offer traction wherever the day takes you, from loose terrain to hardpack</bullet1>
    <bullet2>Offers excellent cornering traction with minimal slip</bullet2>
    <bullet3>Tire compound formulated for longevity</bullet3>
    <bullet4/>
    <bullet5/>
    <bullet6/>
    <bullet7/>
    <bullet8/>
    <bullet9/>
    <bullet10/>
    <bullet11/>
    <bullet12/>
    <bullet13/>
    <bullet14/>
    <bullet15/>
    <bullet16/>
    <bullet17/>
    <bullet18/>
    <bullet19/>
    <bullet20/>
    <bullet21/>
    <bullet22/>
    <bullet23/>
    <bullet24/>
    <vendorPriceUpdateDate>2023-04-03 00:00:00</vendorPriceUpdateDate>
  </part>
  <part>
    <partNumber>C183A1</partNumber>
    <punctuatedPartNumber>C183A1</punctuatedPartNumber>
    <partStatusDescription>STANDARD</partStatusDescription>
    <partDescription>Tire - C183A - Front/Rear - 2.75/3.00-12</partDescription>
    <unitOfMeasure>Each</unitOfMeasure>
    <brandName>CHENG SHIN</brandName>
    <supplierNumber>TM16912000</supplierNumber>
    <specialInstructions/>
    <baseDealerPrice>24.00</baseDealerPrice>
    <yourDealerPrice>23.04</yourDealerPrice>
    <baseRetailPrice>39.00</baseRetailPrice>
    <originalRetailPrice>43.95</originalRetailPrice>
    <partImage>http://asset.lemansnet.com/z/LzkvNS9FLzk1RTE4OTYxLThFMkYtNDFBNC04Njk5LTJFMzhFNjdFQUIxQg==</partImage>
    <productId>0277268333</productId>
    <productName>C183A Tire</productName>
    <productImage>http://asset.lemansnet.com/z/L0IvNS9CL0I1QjUyMEUzLTJDQjctNEYzNy05ODU3LTdDNTE0QzMwMEU0RA==</productImage>
    <bullet1>Aggressive, open-tread blocks for soft, loamy conditions</bullet1>
    <bullet2>Large paddle-scoop knobs for maximum hookup</bullet2>
    <bullet3>Sand/soft terrrain</bullet3>
    <bullet4/>
    <bullet5/>
    <bullet6/>
    <bullet7/>
    <bullet8/>
    <bullet9/>
    <bullet10/>
    <bullet11/>
    <bullet12/>
    <bullet13/>
    <bullet14/>
    <bullet15/>
    <bullet16/>
    <bullet17/>
    <bullet18/>
    <bullet19/>
    <bullet20/>
    <bullet21/>
    <bullet22/>
    <bullet23/>
    <bullet24/>
    <vendorPriceUpdateDate>2023-04-03 00:00:00</vendorPriceUpdateDate>
  </part>
  <part>
    <partNumber>C7552</partNumber>
    <punctuatedPartNumber>C7552</punctuatedPartNumber>
    <partStatusDescription>STANDARD</partStatusDescription>
    <partDescription>Tire - C755 - Rear - 3.00-16</partDescription>
    <unitOfMeasure>Each</unitOfMeasure>
    <brandName>CHENG SHIN</brandName>
    <supplierNumber>TM35943000</supplierNumber>
    <specialInstructions/>
    <baseDealerPrice>43.00</baseDealerPrice>
    <yourDealerPrice>41.28</yourDealerPrice>
    <baseRetailPrice>70.00</baseRetailPrice>
    <originalRetailPrice>76.95</originalRetailPrice>
    <partImage>http://asset.lemansnet.com/z/L0QvRS8yL0RFMjc0ODdDLTgzMzUtNDdGNS1CQzRCLTMxMjBCNjZDQTVGRQ==</partImage>
    <productId>0157981887</productId>
    <productName>C755 Tire</productName>
    <productImage>http://asset.lemansnet.com/z/LzkvNi8xLzk2MTJDRUFCLUU1NjgtNDVBQS04OEZCLUU4M0U4REY4N0YyNQ==</productImage>
    <bullet1>Compact knob spacing for general off-road and hard-track use</bullet1>
    <bullet2>Asymmetric knob pattern for maximum rubber contact</bullet2>
    <bullet3>Hard/Intermediate terrain</bullet3>
    <bullet4/>
    <bullet5/>
    <bullet6/>
    <bullet7/>
    <bullet8/>
    <bullet9/>
    <bullet10/>
    <bullet11/>
    <bullet12/>
    <bullet13/>
    <bullet14/>
    <bullet15/>
    <bullet16/>
    <bullet17/>
    <bullet18/>
    <bullet19/>
    <bullet20/>
    <bullet21/>
    <bullet22/>
    <bullet23/>
    <bullet24/>
    <vendorPriceUpdateDate>2023-04-03 00:00:00</vendorPriceUpdateDate>
  </part>
  <part>
    <partNumber>C8292</partNumber>
    <punctuatedPartNumber>C8292</punctuatedPartNumber>
    <partStatusDescription>STANDARD</partStatusDescription>
    <partDescription>Tire - C829 - Front/Rear - 25x12R9 - 2 Ply</partDescription>
    <unitOfMeasure>Each</unitOfMeasure>
    <brandName>CHENG SHIN</brandName>
    <supplierNumber>TM00572100</supplierNumber>
    <specialInstructions/>
    <baseDealerPrice>85.60</baseDealerPrice>
    <yourDealerPrice>82.18</yourDealerPrice>
    <baseRetailPrice>124.00</baseRetailPrice>
    <originalRetailPrice>153.95</originalRetailPrice>
    <partImage>http://asset.lemansnet.com/z/bWVkaWEvNjdmZTk1MjMtYTA4OS00MWExLWE3MjAtYmMzNzc5ODI0MjVj</partImage>
    <productId>1337989841</productId>
    <productName>C829 Tire</productName>
    <productImage>http://asset.lemansnet.com/z/bWVkaWEvNjdmZTk1MjMtYTA4OS00MWExLWE3MjAtYmMzNzc5ODI0MjVj</productImage>
    <bullet1>Features a tread pattern that was designed to offer traction wherever the day takes you, from loose terrain to hardpack</bullet1>
    <bullet2>Offers excellent cornering traction with minimal slip</bullet2>
    <bullet3>Tire compound formulated for longevity</bullet3>
    <bullet4/>
    <bullet5/>
    <bullet6/>
    <bullet7/>
    <bullet8/>
    <bullet9/>
    <bullet10/>
    <bullet11/>
    <bullet12/>
    <bullet13/>
    <bullet14/>
    <bullet15/>
    <bullet16/>
    <bullet17/>
    <bullet18/>
    <bullet19/>
    <bullet20/>
    <bullet21/>
    <bullet22/>
    <bullet23/>
    <bullet24/>
    <vendorPriceUpdateDate>2023-04-03 00:00:00</vendorPriceUpdateDate>
  </part>
  <part>
    <partNumber>C8293</partNumber>
    <punctuatedPartNumber>C8293</punctuatedPartNumber>
    <partStatusDescription>STANDARD</partStatusDescription>
    <partDescription>Tire - C829 - Front/Rear - 16x8-7 - 2 Ply</partDescription>
    <unitOfMeasure>Each</unitOfMeasure>
    <brandName>CHENG SHIN</brandName>
    <supplierNumber>TM00568100</supplierNumber>
    <specialInstructions/>
    <baseDealerPrice>38.10</baseDealerPrice>
    <yourDealerPrice>36.58</yourDealerPrice>
    <baseRetailPrice>55.00</baseRetailPrice>
    <originalRetailPrice>71.95</originalRetailPrice>
    <partImage>http://asset.lemansnet.com/z/bWVkaWEvNjdmZTk1MjMtYTA4OS00MWExLWE3MjAtYmMzNzc5ODI0MjVj</partImage>
    <productId>0678161383</productId>
    <productName>C829 Tire</productName>
    <productImage>http://asset.lemansnet.com/z/bWVkaWEvNjdmZTk1MjMtYTA4OS00MWExLWE3MjAtYmMzNzc5ODI0MjVj</productImage>
    <bullet1>Features a tread pattern that was designed to offer traction wherever the day takes you, from loose terrain to hardpack</bullet1>
    <bullet2>Offers excellent cornering traction with minimal slip</bullet2>
    <bullet3>Tire compound formulated for longevity</bullet3>
    <bullet4/>
    <bullet5/>
    <bullet6/>
    <bullet7/>
    <bullet8/>
    <bullet9/>
    <bullet10/>
    <bullet11/>
    <bullet12/>
    <bullet13/>
    <bullet14/>
    <bullet15/>
    <bullet16/>
    <bullet17/>
    <bullet18/>
    <bullet19/>
    <bullet20/>
    <bullet21/>
    <bullet22/>
    <bullet23/>
    <bullet24/>
    <vendorPriceUpdateDate>2023-04-03 00:00:00</vendorPriceUpdateDate>
  </part>
  <part>
    <partNumber>C8294</partNumber>
    <punctuatedPartNumber>C8294</punctuatedPartNumber>
    <partStatusDescription>STANDARD</partStatusDescription>
    <partDescription>Tire - C829 - Front/Rear - 20x7-8 - 2 Ply</partDescription>
    <unitOfMeasure>Each</unitOfMeasure>
    <brandName>CHENG SHIN</brandName>
    <supplierNumber>TM00570100</supplierNumber>
    <specialInstructions/>
    <baseDealerPrice>45.60</baseDealerPrice>
    <yourDealerPrice>43.78</yourDealerPrice>
    <baseRetailPrice>66.00</baseRetailPrice>
    <originalRetailPrice>87.95</originalRetailPrice>
    <partImage>http://asset.lemansnet.com/z/bWVkaWEvNjdmZTk1MjMtYTA4OS00MWExLWE3MjAtYmMzNzc5ODI0MjVj</partImage>
    <productId>0007015161</productId>
    <productName>C829 Tire</productName>
    <productImage>http://asset.lemansnet.com/z/bWVkaWEvNjdmZTk1MjMtYTA4OS00MWExLWE3MjAtYmMzNzc5ODI0MjVj</productImage>
    <bullet1>Features a tread pattern that was designed to offer traction wherever the day takes you, from loose terrain to hardpack</bullet1>
    <bullet2>Offers excellent cornering traction with minimal slip</bullet2>
    <bullet3>Tire compound formulated for longevity</bullet3>
    <bullet4/>
    <bullet5/>
    <bullet6/>
    <bullet7/>
    <bullet8/>
    <bullet9/>
    <bullet10/>
    <bullet11/>
    <bullet12/>
    <bullet13/>
    <bullet14/>
    <bullet15/>
    <bullet16/>
    <bullet17/>
    <bullet18/>
    <bullet19/>
    <bullet20/>
    <bullet21/>
    <bullet22/>
    <bullet23/>
    <bullet24/>
    <vendorPriceUpdateDate>2023-04-03 00:00:00</vendorPriceUpdateDate>
  </part>
  <part>
    <partNumber>C8296</partNumber>
    <punctuatedPartNumber>C8296</punctuatedPartNumber>
    <partStatusDescription>STANDARD</partStatusDescription>
    <partDescription>Tire - C829 - Front/Rear - 21x9-8 - 2 Ply</partDescription>
    <unitOfMeasure>Each</unitOfMeasure>
    <brandName>CHENG SHIN</brandName>
    <supplierNumber>TM00569100</supplierNumber>
    <specialInstructions/>
    <baseDealerPrice>55.30</baseDealerPrice>
    <yourDealerPrice>53.09</yourDealerPrice>
    <baseRetailPrice>80.00</baseRetailPrice>
    <originalRetailPrice>106.95</originalRetailPrice>
    <partImage>http://asset.lemansnet.com/z/bWVkaWEvNjdmZTk1MjMtYTA4OS00MWExLWE3MjAtYmMzNzc5ODI0MjVj</partImage>
    <productId>0549246051</productId>
    <productName>C829 Tire</productName>
    <productImage>http://asset.lemansnet.com/z/bWVkaWEvNjdmZTk1MjMtYTA4OS00MWExLWE3MjAtYmMzNzc5ODI0MjVj</productImage>
    <bullet1>Features a tread pattern that was designed to offer traction wherever the day takes you, from loose terrain to hardpack</bullet1>
    <bullet2>Offers excellent cornering traction with minimal slip</bullet2>
    <bullet3>Tire compound formulated for longevity</bullet3>
    <bullet4/>
    <bullet5/>
    <bullet6/>
    <bullet7/>
    <bullet8/>
    <bullet9/>
    <bullet10/>
    <bullet11/>
    <bullet12/>
    <bullet13/>
    <bullet14/>
    <bullet15/>
    <bullet16/>
    <bullet17/>
    <bullet18/>
    <bullet19/>
    <bullet20/>
    <bullet21/>
    <bullet22/>
    <bullet23/>
    <bullet24/>
    <vendorPriceUpdateDate>2023-04-03 00:00:00</vendorPriceUpdateDate>
  </part>
</root>
