<root>
  <part>
    <partNumber>03560012</partNumber>
    <punctuatedPartNumber>0356-0012</punctuatedPartNumber>
    <partStatusDescription>DISCONTINUED</partStatusDescription>
    <partDescription>Tube Defender - 2.0 to 2.3</partDescription>
    <unitOfMeasure>Each</unitOfMeasure>
    <brandName>FLAT TIRE DEFENDER</brandName>
    <supplierNumber>TD2.0/2.3-1</supplierNumber>
    <specialInstructions>DISC ITEM</specialInstructions>
    <baseDealerPrice>20.08</baseDealerPrice>
    <yourDealerPrice>20.08</yourDealerPrice>
    <baseRetailPrice>38.95</baseRetailPrice>
    <originalRetailPrice>38.95</originalRetailPrice>
    <partImage>http://asset.lemansnet.com/z/LzcvOC84Lzc4ODM1OTZFLUVFODYtNEJDMS04NDc3LUU4QTE5NzhCRTkxMSwvRC82LzkvRDY5REQwNUYtRkEwQi00NjYxLUEzMzgtNkNCQkQ3QUIyMkQ4LC81L0MvRS81Q0UyNjZERi04Rjg1LTRBRDEtQjZEQy00RjhEOTEwRDM3MTU=</partImage>
    <productId>2099792558</productId>
    <productName>Tube Defender Foam Tire Inserts</productName>
    <productImage>http://asset.lemansnet.com/z/LzgvNy8yLzg3MjFFODY5LTAxQzQtNDI1MS05MTIwLTEwQkVBN0MwMTg3RQ==</productImage>
    <bullet1>Made of high quality high-density closed-cell polyurethane foam</bullet1>
    <bullet2>Provides a protective barrier between inner tube and tire tread/sidewall</bullet2>
    <bullet3>Provides up to 14 mm protection in tread area and 4 mm protection in the sidewall area</bullet3>
    <bullet4>Smooths out rough terrain; increases traction</bullet4>
    <bullet5>One length – cut to fit wheel sizes 26”, 27.5”, and 29”</bullet5>
    <bullet6>Designed for bicycles using inner tubes</bullet6>
    <bullet7>Protects against inner tube pinch flats</bullet7>
    <bullet8>Easy to Install</bullet8>
    <bullet9>May require narrower inner tube to compensate for reduced tire volume – not included with purchase</bullet9>
    <bullet10/>
    <bullet11/>
    <bullet12/>
    <bullet13/>
    <bullet14/>
    <bullet15/>
    <bullet16/>
    <bullet17/>
    <bullet18/>
    <bullet19/>
    <bullet20/>
    <bullet21/>
    <bullet22/>
    <bullet23/>
    <bullet24/>
    <vendorPriceUpdateDate>2021-06-16 00:00:00</vendorPriceUpdateDate>
  </part>
  <part>
    <partNumber>03560013</partNumber>
    <punctuatedPartNumber>0356-0013</punctuatedPartNumber>
    <partStatusDescription>DISCONTINUED</partStatusDescription>
    <partDescription>Tube Defender - 2.0 to 2.3 - 2 Pack</partDescription>
    <unitOfMeasure>2 Pack</unitOfMeasure>
    <brandName>FLAT TIRE DEFENDER</brandName>
    <supplierNumber>TD2.0/2.3-2</supplierNumber>
    <specialInstructions>DISC ITEM</specialInstructions>
    <baseDealerPrice>36.94</baseDealerPrice>
    <yourDealerPrice>36.94</yourDealerPrice>
    <baseRetailPrice>73.95</baseRetailPrice>
    <originalRetailPrice>73.95</originalRetailPrice>
    <partImage>http://asset.lemansnet.com/z/LzgvNy8yLzg3MjFFODY5LTAxQzQtNDI1MS05MTIwLTEwQkVBN0MwMTg3RSwvMC8yLzgvMDI4ODdDMzItREQ4MS00Mzc0LUE1MzctQzhDRjA5QTZENTg0</partImage>
    <productId>2099792558</productId>
    <productName>Tube Defender Foam Tire Inserts</productName>
    <productImage>http://asset.lemansnet.com/z/LzgvNy8yLzg3MjFFODY5LTAxQzQtNDI1MS05MTIwLTEwQkVBN0MwMTg3RQ==</productImage>
    <bullet1>Made of high quality high-density closed-cell polyurethane foam</bullet1>
    <bullet2>Provides a protective barrier between inner tube and tire tread/sidewall</bullet2>
    <bullet3>Provides up to 14 mm protection in tread area and 4 mm protection in the sidewall area</bullet3>
    <bullet4>Smooths out rough terrain; increases traction</bullet4>
    <bullet5>One length – cut to fit wheel sizes 26”, 27.5”, and 29”</bullet5>
    <bullet6>Designed for bicycles using inner tubes</bullet6>
    <bullet7>Protects against inner tube pinch flats</bullet7>
    <bullet8>Easy to Install</bullet8>
    <bullet9>May require narrower inner tube to compensate for reduced tire volume – not included with purchase</bullet9>
    <bullet10/>
    <bullet11/>
    <bullet12/>
    <bullet13/>
    <bullet14/>
    <bullet15/>
    <bullet16/>
    <bullet17/>
    <bullet18/>
    <bullet19/>
    <bullet20/>
    <bullet21/>
    <bullet22/>
    <bullet23/>
    <bullet24/>
    <vendorPriceUpdateDate>2021-06-16 00:00:00</vendorPriceUpdateDate>
  </part>
  <part>
    <partNumber>03560007</partNumber>
    <punctuatedPartNumber>0356-0007</punctuatedPartNumber>
    <partStatusDescription>DISCONTINUED</partStatusDescription>
    <partDescription>FTD II Foam Tire Inserts Kit - 27.5" - 2 Pack</partDescription>
    <unitOfMeasure>2 Pack</unitOfMeasure>
    <brandName>FLAT TIRE DEFENDER</brandName>
    <supplierNumber>FTD-27-2</supplierNumber>
    <specialInstructions>DISC ITEM</specialInstructions>
    <baseDealerPrice>45.00</baseDealerPrice>
    <yourDealerPrice>45.00</yourDealerPrice>
    <baseRetailPrice>91.50</baseRetailPrice>
    <originalRetailPrice>91.50</originalRetailPrice>
    <partImage>http://asset.lemansnet.com/z/L0MvMC81L0MwNTVENzlGLUVGMTMtNDRBMy04N0FGLUQxOEIwRkVGRTg1MCwvRS9GL0YvRUZGMkI5RDYtOUFDOC00NkU3LUE5OTItMTkzQzRDODBCREVGLG1lZGlhL2I5YjkxYTg0LTcxZTItNDU5Ny04OGE1LTcyZmVkYjhkMjk1MA==</partImage>
    <productId>0621993152</productId>
    <productName>FTD II Foam Tire Inserts for Tubeless Tires</productName>
    <productImage>http://asset.lemansnet.com/z/L0UvRi9GL0VGRjJCOUQ2LTlBQzgtNDZFNy1BOTkyLTE5M0M0QzgwQkRFRg==</productImage>
    <bullet1>Taller shape maximizes tire sidewall support and allows lower tire pressure for increased traction</bullet1>
    <bullet2>Light weight to minimize rolling resistance and un-sprung weight</bullet2>
    <bullet3>Helps protect your rim</bullet3>
    <bullet4>High-quality foam rubber construction</bullet4>
    <bullet5>Snug fit on rim to minimize burping</bullet5>
    <bullet6>Inner channel design for easier installation and sealant flow</bullet6>
    <bullet7>Fits inner rim width 28 mm to 40 mm</bullet7>
    <bullet8/>
    <bullet9/>
    <bullet10/>
    <bullet11/>
    <bullet12/>
    <bullet13/>
    <bullet14/>
    <bullet15/>
    <bullet16/>
    <bullet17/>
    <bullet18/>
    <bullet19/>
    <bullet20/>
    <bullet21/>
    <bullet22/>
    <bullet23/>
    <bullet24/>
    <vendorPriceUpdateDate>2023-04-22 00:00:00</vendorPriceUpdateDate>
  </part>
</root>
