<root>
  <part>
    <partNumber>08102023</partNumber>
    <punctuatedPartNumber>0810-2023</punctuatedPartNumber>
    <partStatusDescription>DISCONTINUED</partStatusDescription>
    <partDescription>IST Seat - Low Rider - Air Cell</partDescription>
    <unitOfMeasure>Each</unitOfMeasure>
    <brandName>AIRHAWK</brandName>
    <supplierNumber>FA-BMW-002</supplierNumber>
    <specialInstructions>DISCONTINUED ITEM</specialInstructions>
    <baseDealerPrice>264.20</baseDealerPrice>
    <yourDealerPrice>264.20</yourDealerPrice>
    <baseRetailPrice>406.95</baseRetailPrice>
    <originalRetailPrice>515.95</originalRetailPrice>
    <partImage>http://asset.lemansnet.com/z/LzkvOS80Lzk5NEQxRkRBLTgzNjEtNEMxNS04QjI3LTRGRUU3RDc1OTc0NA==</partImage>
    <productId>0767756139</productId>
    <productName>Independent Suspension Technology Seat — Solo Seat</productName>
    <productImage>http://asset.lemansnet.com/z/LzkvOS80Lzk5NEQxRkRBLTgzNjEtNEMxNS04QjI3LTRGRUU3RDc1OTc0NA==</productImage>
    <bullet1>Every Airhawk seat pan is built on the patented IST (Independent Suspension Technology) from Danny Gray Custom Motorcycle Seats</bullet1>
    <bullet2>Patented Air Cell Technology eliminates hot spots, pressure points, and fatigue associated with riding</bullet2>
    <bullet3>Seats ergonomically distribute weight</bullet3>
    <bullet4>Sculpted to center rider in the seat instead of pushing them into the tank</bullet4>
    <bullet5>Seats maintain narrow leg passage with comfort</bullet5>
    <bullet6>Air seat material is a breathable, water-repellent Space Mesh for ultimate comfort</bullet6>
    <bullet7/>
    <bullet8/>
    <bullet9/>
    <bullet10/>
    <bullet11/>
    <bullet12/>
    <bullet13/>
    <bullet14/>
    <bullet15/>
    <bullet16/>
    <bullet17/>
    <bullet18/>
    <bullet19/>
    <bullet20/>
    <bullet21/>
    <bullet22/>
    <bullet23/>
    <bullet24/>
    <vendorPriceUpdateDate>2018-12-18 00:00:00</vendorPriceUpdateDate>
  </part>
  <part>
    <partNumber>08140019</partNumber>
    <punctuatedPartNumber>0814-0019</punctuatedPartNumber>
    <partStatusDescription>DISCONTINUED</partStatusDescription>
    <partDescription>BIke/E-Bike/Exercise Bike Seat - Large - Stitched</partDescription>
    <unitOfMeasure>Each</unitOfMeasure>
    <brandName>AIRHAWK</brandName>
    <supplierNumber>FA-BIKE-LG-ST</supplierNumber>
    <specialInstructions>DISCONTINUED ITEM</specialInstructions>
    <baseDealerPrice>90.20</baseDealerPrice>
    <yourDealerPrice>90.20</yourDealerPrice>
    <baseRetailPrice>139.00</baseRetailPrice>
    <originalRetailPrice>139.00</originalRetailPrice>
    <partImage>http://asset.lemansnet.com/z/LzEvRC8xLzFEMUQzQjBGLUE5N0EtNDZGOS1CQ0JFLTY1MThFRDNFQzUzOQ==</partImage>
    <productId>1489357488</productId>
    <productName>Bike/E-Bike/Exercise Bike Seat</productName>
    <productImage>http://asset.lemansnet.com/z/LzMvOC9ELzM4RDZFRTMyLTc5QTEtNDhGQy1BMjMwLTYyQTc4MDE0MDc4QQ==</productImage>
    <bullet1>Bike saddle cover made of genuine leather</bullet1>
    <bullet2>Bucket resin enhanced, injection molded poly</bullet2>
    <bullet3>Independent Suspension Technology® (IST®) eliminates much of the compression and shock of varying road surfaces to ensure your ride is smooth</bullet3>
    <bullet4>Soft and flexible interconnected air cells evenly distribute pressure throughout your seat improving your blood flow and conforming to your specific anatomy as you shift and move</bullet4>
    <bullet5>The thin foam layer balances the diaphragm's interaction with the IST bucket design—also allows the seat cover to smoothly flex with your body's motion</bullet5>
    <bullet6>Evenly distributes body weight to keep you comfortable during extended periods of riding or sitting</bullet6>
    <bullet7>Air Cell Technology doesn’t degrade or lose shape over time, unlike cushions made with gels and foams</bullet7>
    <bullet8/>
    <bullet9/>
    <bullet10/>
    <bullet11/>
    <bullet12/>
    <bullet13/>
    <bullet14/>
    <bullet15/>
    <bullet16/>
    <bullet17/>
    <bullet18/>
    <bullet19/>
    <bullet20/>
    <bullet21/>
    <bullet22/>
    <bullet23/>
    <bullet24/>
    <vendorPriceUpdateDate>2022-11-07 00:00:00</vendorPriceUpdateDate>
  </part>
  <part>
    <partNumber>08140020</partNumber>
    <punctuatedPartNumber>0814-0020</punctuatedPartNumber>
    <partStatusDescription>DISCONTINUED</partStatusDescription>
    <partDescription>BIke/E-Bike/Exercise Bike Seat - Medium - Smooth</partDescription>
    <unitOfMeasure>Each</unitOfMeasure>
    <brandName>AIRHAWK</brandName>
    <supplierNumber>FA-BIKE-MD-SM</supplierNumber>
    <specialInstructions>Discontinued Item</specialInstructions>
    <baseDealerPrice>83.50</baseDealerPrice>
    <yourDealerPrice>83.50</yourDealerPrice>
    <baseRetailPrice>129.00</baseRetailPrice>
    <originalRetailPrice>129.00</originalRetailPrice>
    <partImage>http://asset.lemansnet.com/z/LzQvMy9FLzQzRTczMzExLUIxNTAtNDk1NC1CQjE0LTQwNDVEQjMwQTM3Ng==</partImage>
    <productId>1489357488</productId>
    <productName>Bike/E-Bike/Exercise Bike Seat</productName>
    <productImage>http://asset.lemansnet.com/z/LzMvOC9ELzM4RDZFRTMyLTc5QTEtNDhGQy1BMjMwLTYyQTc4MDE0MDc4QQ==</productImage>
    <bullet1>Bike saddle cover made of genuine leather</bullet1>
    <bullet2>Bucket resin enhanced, injection molded poly</bullet2>
    <bullet3>Independent Suspension Technology® (IST®) eliminates much of the compression and shock of varying road surfaces to ensure your ride is smooth</bullet3>
    <bullet4>Soft and flexible interconnected air cells evenly distribute pressure throughout your seat improving your blood flow and conforming to your specific anatomy as you shift and move</bullet4>
    <bullet5>The thin foam layer balances the diaphragm's interaction with the IST bucket design—also allows the seat cover to smoothly flex with your body's motion</bullet5>
    <bullet6>Evenly distributes body weight to keep you comfortable during extended periods of riding or sitting</bullet6>
    <bullet7>Air Cell Technology doesn’t degrade or lose shape over time, unlike cushions made with gels and foams</bullet7>
    <bullet8/>
    <bullet9/>
    <bullet10/>
    <bullet11/>
    <bullet12/>
    <bullet13/>
    <bullet14/>
    <bullet15/>
    <bullet16/>
    <bullet17/>
    <bullet18/>
    <bullet19/>
    <bullet20/>
    <bullet21/>
    <bullet22/>
    <bullet23/>
    <bullet24/>
    <vendorPriceUpdateDate>2022-11-07 00:00:00</vendorPriceUpdateDate>
  </part>
  <part>
    <partNumber>08140021</partNumber>
    <punctuatedPartNumber>0814-0021</punctuatedPartNumber>
    <partStatusDescription>DISCONTINUED</partStatusDescription>
    <partDescription>BIke/E-Bike/Exercise Bike Seat - Medium - Stitched</partDescription>
    <unitOfMeasure>Each</unitOfMeasure>
    <brandName>AIRHAWK</brandName>
    <supplierNumber>FA-BIKE-MD-ST</supplierNumber>
    <specialInstructions>DISCONTINUED ITEM</specialInstructions>
    <baseDealerPrice>83.80</baseDealerPrice>
    <yourDealerPrice>83.80</yourDealerPrice>
    <baseRetailPrice>129.00</baseRetailPrice>
    <originalRetailPrice>129.00</originalRetailPrice>
    <partImage>http://asset.lemansnet.com/z/LzQvQy9BLzRDQTA3MUJGLUJCOTMtNDlEMy1CQ0EwLTU0MjhEOEZFMkY1MQ==</partImage>
    <productId>1489357488</productId>
    <productName>Bike/E-Bike/Exercise Bike Seat</productName>
    <productImage>http://asset.lemansnet.com/z/LzMvOC9ELzM4RDZFRTMyLTc5QTEtNDhGQy1BMjMwLTYyQTc4MDE0MDc4QQ==</productImage>
    <bullet1>Bike saddle cover made of genuine leather</bullet1>
    <bullet2>Bucket resin enhanced, injection molded poly</bullet2>
    <bullet3>Independent Suspension Technology® (IST®) eliminates much of the compression and shock of varying road surfaces to ensure your ride is smooth</bullet3>
    <bullet4>Soft and flexible interconnected air cells evenly distribute pressure throughout your seat improving your blood flow and conforming to your specific anatomy as you shift and move</bullet4>
    <bullet5>The thin foam layer balances the diaphragm's interaction with the IST bucket design—also allows the seat cover to smoothly flex with your body's motion</bullet5>
    <bullet6>Evenly distributes body weight to keep you comfortable during extended periods of riding or sitting</bullet6>
    <bullet7>Air Cell Technology doesn’t degrade or lose shape over time, unlike cushions made with gels and foams</bullet7>
    <bullet8/>
    <bullet9/>
    <bullet10/>
    <bullet11/>
    <bullet12/>
    <bullet13/>
    <bullet14/>
    <bullet15/>
    <bullet16/>
    <bullet17/>
    <bullet18/>
    <bullet19/>
    <bullet20/>
    <bullet21/>
    <bullet22/>
    <bullet23/>
    <bullet24/>
    <vendorPriceUpdateDate>2022-11-07 00:00:00</vendorPriceUpdateDate>
  </part>
  <part>
    <partNumber>08140018</partNumber>
    <punctuatedPartNumber>0814-0018</punctuatedPartNumber>
    <partStatusDescription>STANDARD</partStatusDescription>
    <partDescription>BIke/E-Bike/Exercise Bike Seat - Large - Smooth</partDescription>
    <unitOfMeasure>Each</unitOfMeasure>
    <brandName>AIRHAWK</brandName>
    <supplierNumber>FA-BIKE-LG-SM</supplierNumber>
    <specialInstructions/>
    <baseDealerPrice>90.20</baseDealerPrice>
    <yourDealerPrice>90.20</yourDealerPrice>
    <baseRetailPrice>139.00</baseRetailPrice>
    <originalRetailPrice>139.00</originalRetailPrice>
    <partImage>http://asset.lemansnet.com/z/LzMvOC9ELzM4RDZFRTMyLTc5QTEtNDhGQy1BMjMwLTYyQTc4MDE0MDc4QQ==</partImage>
    <productId>1273230395</productId>
    <productName>Bike/E-Bike/Exercise Bike Seat</productName>
    <productImage>http://asset.lemansnet.com/z/LzMvOC9ELzM4RDZFRTMyLTc5QTEtNDhGQy1BMjMwLTYyQTc4MDE0MDc4QQ==</productImage>
    <bullet1>Bike saddle cover made of genuine leather</bullet1>
    <bullet2>Bucket resin enhanced, injection molded poly</bullet2>
    <bullet3>Independent Suspension Technology® (IST®) eliminates much of the compression and shock of varying road surfaces to ensure your ride is smooth</bullet3>
    <bullet4>Soft and flexible interconnected air cells evenly distribute pressure throughout your seat improving your blood flow and conforming to your specific anatomy as you shift and move</bullet4>
    <bullet5>The thin foam layer balances the diaphragm's interaction with the IST bucket design—also allows the seat cover to smoothly flex with your body's motion</bullet5>
    <bullet6>Evenly distributes body weight to keep you comfortable during extended periods of riding or sitting</bullet6>
    <bullet7>Air Cell Technology doesn’t degrade or lose shape over time, unlike cushions made with gels and foams</bullet7>
    <bullet8/>
    <bullet9/>
    <bullet10/>
    <bullet11/>
    <bullet12/>
    <bullet13/>
    <bullet14/>
    <bullet15/>
    <bullet16/>
    <bullet17/>
    <bullet18/>
    <bullet19/>
    <bullet20/>
    <bullet21/>
    <bullet22/>
    <bullet23/>
    <bullet24/>
    <vendorPriceUpdateDate>2022-11-07 00:00:00</vendorPriceUpdateDate>
  </part>
</root>
