<root>
  <part>
    <partNumber>TRI6</partNumber>
    <punctuatedPartNumber>TRI-6</punctuatedPartNumber>
    <partStatusDescription>STANDARD</partStatusDescription>
    <partDescription>Lubricant - 6 oz. net wt. - Aerosol</partDescription>
    <unitOfMeasure>Each</unitOfMeasure>
    <brandName>TRI-FLOW</brandName>
    <supplierNumber>TF200050</supplierNumber>
    <specialInstructions/>
    <baseDealerPrice>10.65</baseDealerPrice>
    <yourDealerPrice>10.65</yourDealerPrice>
    <baseRetailPrice>15.05</baseRetailPrice>
    <originalRetailPrice>15.06</originalRetailPrice>
    <partImage>http://asset.lemansnet.com/z/LzMvMy9ELzMzRDk3NERELTUwNEItNDM5Mi1BNEEyLThENzYzQkRGQzRBOQ==</partImage>
    <productId>0160076955</productId>
    <productName>Superior Lubricant</productName>
    <productImage>http://asset.lemansnet.com/z/LzMvMy9ELzMzRDk3NERELTUwNEItNDM5Mi1BNEEyLThENzYzQkRGQzRBOQ==</productImage>
    <bullet1>This unique concentrated formula contains micron-sized particles of PTFE to create a long-lasting film</bullet1>
    <bullet2>Reduces friction and wear</bullet2>
    <bullet3>Penetrates and lubricates any mechanism that's difficult to operate due to wear or corrosion</bullet3>
    <bullet4>Provides protection from dirt and sand</bullet4>
    <bullet5/>
    <bullet6/>
    <bullet7/>
    <bullet8/>
    <bullet9/>
    <bullet10/>
    <bullet11/>
    <bullet12/>
    <bullet13/>
    <bullet14/>
    <bullet15/>
    <bullet16/>
    <bullet17/>
    <bullet18/>
    <bullet19/>
    <bullet20/>
    <bullet21/>
    <bullet22/>
    <bullet23/>
    <bullet24/>
    <vendorPriceUpdateDate>2022-01-29 00:00:00</vendorPriceUpdateDate>
  </part>
</root>
