<root>
  <part>
    <partNumber>99012614</partNumber>
    <punctuatedPartNumber>9901-2614</punctuatedPartNumber>
    <partStatusDescription>DISCONTINUED</partStatusDescription>
    <partDescription>CATALOG 2020 HAYNES</partDescription>
    <unitOfMeasure>6PK</unitOfMeasure>
    <brandName>HAYNES</brandName>
    <supplierNumber>9901-2614</supplierNumber>
    <specialInstructions>Discontinued P/Byr</specialInstructions>
    <baseDealerPrice>0.00</baseDealerPrice>
    <yourDealerPrice/>
    <baseRetailPrice>0.00</baseRetailPrice>
    <originalRetailPrice>0.00</originalRetailPrice>
    <partImage>http://asset.lemansnet.com/z/c3RhdGljL3NpdGVzL2xlbWFuc3BsYXRmb3JtL2ltYWdlLWNvbWluZy1zb29u</partImage>
    <productId>1555245369</productId>
    <productName>CATALOG 2020 HAYNES</productName>
    <productImage/>
    <bullet1/>
    <bullet2/>
    <bullet3/>
    <bullet4/>
    <bullet5/>
    <bullet6/>
    <bullet7/>
    <bullet8/>
    <bullet9/>
    <bullet10/>
    <bullet11/>
    <bullet12/>
    <bullet13/>
    <bullet14/>
    <bullet15/>
    <bullet16/>
    <bullet17/>
    <bullet18/>
    <bullet19/>
    <bullet20/>
    <bullet21/>
    <bullet22/>
    <bullet23/>
    <bullet24/>
    <vendorPriceUpdateDate>2023-04-22 00:00:00</vendorPriceUpdateDate>
  </part>
  <part>
    <partNumber>42010327</partNumber>
    <punctuatedPartNumber>4201-0327</punctuatedPartNumber>
    <partStatusDescription>DISCONTINUED</partStatusDescription>
    <partDescription>Manual - Honda - CRF1000 Africa Twin</partDescription>
    <unitOfMeasure>Each</unitOfMeasure>
    <brandName>HAYNES</brandName>
    <supplierNumber>M6434</supplierNumber>
    <specialInstructions>Discontinued Part</specialInstructions>
    <baseDealerPrice>36.90</baseDealerPrice>
    <yourDealerPrice>36.90</yourDealerPrice>
    <baseRetailPrice>59.95</baseRetailPrice>
    <originalRetailPrice>59.95</originalRetailPrice>
    <partImage>http://asset.lemansnet.com/z/LzUvOS85LzU5OTc0MkU4LTNFQUUtNDgwNi04NkI5LTg5QUVENjc4RENCRA==</partImage>
    <productId>0275173253</productId>
    <productName>Motorcycle Repair Manual — Honda</productName>
    <productImage>http://asset.lemansnet.com/z/LzgvNi9GLzg2RkQ3N0RGLTA3MjQtNDE4Qi1BQkMzLUMwN0Y3MTc3MDU3MA==</productImage>
    <bullet1>Every Haynes manual is based on a complete teardown and then a step-by-step rebuild</bullet1>
    <bullet2>Everything is covered, from a complete engine rebuild to changing an oil filter</bullet2>
    <bullet3/>
    <bullet4/>
    <bullet5/>
    <bullet6/>
    <bullet7/>
    <bullet8/>
    <bullet9/>
    <bullet10/>
    <bullet11/>
    <bullet12/>
    <bullet13/>
    <bullet14/>
    <bullet15/>
    <bullet16/>
    <bullet17/>
    <bullet18/>
    <bullet19/>
    <bullet20/>
    <bullet21/>
    <bullet22/>
    <bullet23/>
    <bullet24/>
    <vendorPriceUpdateDate>2023-02-16 00:00:00</vendorPriceUpdateDate>
  </part>
  <part>
    <partNumber>HM2053</partNumber>
    <punctuatedPartNumber>HM-2053</punctuatedPartNumber>
    <partStatusDescription>DISCONTINUED</partStatusDescription>
    <partDescription>Manual - Kawasaki - EN450/500</partDescription>
    <unitOfMeasure>Each</unitOfMeasure>
    <brandName>HAYNES</brandName>
    <supplierNumber>M2053</supplierNumber>
    <specialInstructions>DISCONTINUED ITEM</specialInstructions>
    <baseDealerPrice>36.90</baseDealerPrice>
    <yourDealerPrice>36.90</yourDealerPrice>
    <baseRetailPrice>59.95</baseRetailPrice>
    <originalRetailPrice>59.95</originalRetailPrice>
    <partImage>http://asset.lemansnet.com/z/LzQvQy9ELzRDRDUxODY0LTk5RTEtNDJBOC04Mjc0LUYyRDI3NzA0OENCMw==</partImage>
    <productId>2063098405</productId>
    <productName>Motorcycle Repair Manual — Kawasaki</productName>
    <productImage>http://asset.lemansnet.com/z/LzgvNi9GLzg2RkQ3N0RGLTA3MjQtNDE4Qi1BQkMzLUMwN0Y3MTc3MDU3MA==</productImage>
    <bullet1>Every Haynes manual is based on a complete teardown and then a step-by-step rebuild</bullet1>
    <bullet2>Everything is covered, from a complete engine rebuild to changing an oil filter</bullet2>
    <bullet3/>
    <bullet4/>
    <bullet5/>
    <bullet6/>
    <bullet7/>
    <bullet8/>
    <bullet9/>
    <bullet10/>
    <bullet11/>
    <bullet12/>
    <bullet13/>
    <bullet14/>
    <bullet15/>
    <bullet16/>
    <bullet17/>
    <bullet18/>
    <bullet19/>
    <bullet20/>
    <bullet21/>
    <bullet22/>
    <bullet23/>
    <bullet24/>
    <vendorPriceUpdateDate>2023-02-16 00:00:00</vendorPriceUpdateDate>
  </part>
  <part>
    <partNumber>HM2126</partNumber>
    <punctuatedPartNumber>HM2126</punctuatedPartNumber>
    <partStatusDescription>DISCONTINUED</partStatusDescription>
    <partDescription>Manual - Yamaha - YFM350ER &amp; Big Bear</partDescription>
    <unitOfMeasure>Each</unitOfMeasure>
    <brandName>HAYNES</brandName>
    <supplierNumber>M2126</supplierNumber>
    <specialInstructions>Discontinued Part</specialInstructions>
    <baseDealerPrice>36.90</baseDealerPrice>
    <yourDealerPrice>36.90</yourDealerPrice>
    <baseRetailPrice>59.95</baseRetailPrice>
    <originalRetailPrice>59.95</originalRetailPrice>
    <partImage>http://asset.lemansnet.com/z/LzkvNC9BLzk0QUUyMjRELUQ4QjMtNDZDMC1CMjA5LTRBMDJBMDcwQkU3Rg==</partImage>
    <productId>1291541259</productId>
    <productName>ATV Service &amp; Repair Manual</productName>
    <productImage>http://asset.lemansnet.com/z/LzkvNC9BLzk0QUUyMjRELUQ4QjMtNDZDMC1CMjA5LTRBMDJBMDcwQkU3Rg==</productImage>
    <bullet1>Every Haynes manual illustrates and explains the complete teardown and rebuilding procedure step-by-step</bullet1>
    <bullet2>Covers all aspects of maintenance and repair from a complete engine rebuild to changing an oil filter</bullet2>
    <bullet3/>
    <bullet4/>
    <bullet5/>
    <bullet6/>
    <bullet7/>
    <bullet8/>
    <bullet9/>
    <bullet10/>
    <bullet11/>
    <bullet12/>
    <bullet13/>
    <bullet14/>
    <bullet15/>
    <bullet16/>
    <bullet17/>
    <bullet18/>
    <bullet19/>
    <bullet20/>
    <bullet21/>
    <bullet22/>
    <bullet23/>
    <bullet24/>
    <vendorPriceUpdateDate>2023-02-16 00:00:00</vendorPriceUpdateDate>
  </part>
  <part>
    <partNumber>HM2145</partNumber>
    <punctuatedPartNumber>HM2145</punctuatedPartNumber>
    <partStatusDescription>DISCONTINUED</partStatusDescription>
    <partDescription>Manual - Yamaha - XJ600S</partDescription>
    <unitOfMeasure>Each</unitOfMeasure>
    <brandName>HAYNES</brandName>
    <supplierNumber>M2145</supplierNumber>
    <specialInstructions>Discontinued Part</specialInstructions>
    <baseDealerPrice>36.90</baseDealerPrice>
    <yourDealerPrice>36.90</yourDealerPrice>
    <baseRetailPrice>59.95</baseRetailPrice>
    <originalRetailPrice>59.95</originalRetailPrice>
    <partImage>http://asset.lemansnet.com/z/LzIvNy9ELzI3RDBFODU2LTA4QzItNDUxNS1BMTY0LTFDQzAyMTZFNEYwMQ==</partImage>
    <productId>1249667769</productId>
    <productName>Motorcycle Repair Manual — Yamaha</productName>
    <productImage>http://asset.lemansnet.com/z/LzgvNi9GLzg2RkQ3N0RGLTA3MjQtNDE4Qi1BQkMzLUMwN0Y3MTc3MDU3MA==</productImage>
    <bullet1>Every Haynes manual is based on a complete teardown and then a step-by-step rebuild</bullet1>
    <bullet2>Everything is covered, from a complete engine rebuild to changing an oil filter</bullet2>
    <bullet3/>
    <bullet4/>
    <bullet5/>
    <bullet6/>
    <bullet7/>
    <bullet8/>
    <bullet9/>
    <bullet10/>
    <bullet11/>
    <bullet12/>
    <bullet13/>
    <bullet14/>
    <bullet15/>
    <bullet16/>
    <bullet17/>
    <bullet18/>
    <bullet19/>
    <bullet20/>
    <bullet21/>
    <bullet22/>
    <bullet23/>
    <bullet24/>
    <vendorPriceUpdateDate>2023-02-16 00:00:00</vendorPriceUpdateDate>
  </part>
  <part>
    <partNumber>HM2351</partNumber>
    <punctuatedPartNumber>HM-2351</punctuatedPartNumber>
    <partStatusDescription>DISCONTINUED</partStatusDescription>
    <partDescription>Manual - Kawasaki - Bayou 220 / 300, Prairie 300</partDescription>
    <unitOfMeasure>Each</unitOfMeasure>
    <brandName>HAYNES</brandName>
    <supplierNumber>M2351</supplierNumber>
    <specialInstructions>Discontinued Part</specialInstructions>
    <baseDealerPrice>36.90</baseDealerPrice>
    <yourDealerPrice>36.90</yourDealerPrice>
    <baseRetailPrice>59.95</baseRetailPrice>
    <originalRetailPrice>59.95</originalRetailPrice>
    <partImage>http://asset.lemansnet.com/z/L0EvOS80L0E5NDA4RDc0LTRCQTEtNDlDQS05QzQzLTAxOEI4RjBBMkNFOA==</partImage>
    <productId>1291541259</productId>
    <productName>ATV Service &amp; Repair Manual</productName>
    <productImage>http://asset.lemansnet.com/z/LzkvNC9BLzk0QUUyMjRELUQ4QjMtNDZDMC1CMjA5LTRBMDJBMDcwQkU3Rg==</productImage>
    <bullet1>Every Haynes manual illustrates and explains the complete teardown and rebuilding procedure step-by-step</bullet1>
    <bullet2>Covers all aspects of maintenance and repair from a complete engine rebuild to changing an oil filter</bullet2>
    <bullet3/>
    <bullet4/>
    <bullet5/>
    <bullet6/>
    <bullet7/>
    <bullet8/>
    <bullet9/>
    <bullet10/>
    <bullet11/>
    <bullet12/>
    <bullet13/>
    <bullet14/>
    <bullet15/>
    <bullet16/>
    <bullet17/>
    <bullet18/>
    <bullet19/>
    <bullet20/>
    <bullet21/>
    <bullet22/>
    <bullet23/>
    <bullet24/>
    <vendorPriceUpdateDate>2023-02-16 00:00:00</vendorPriceUpdateDate>
  </part>
  <part>
    <partNumber>HM2219</partNumber>
    <punctuatedPartNumber>HM2219</punctuatedPartNumber>
    <partStatusDescription>DISCONTINUED</partStatusDescription>
    <partDescription>Manual - Honda - XR250R / 250L / 400R</partDescription>
    <unitOfMeasure>Each</unitOfMeasure>
    <brandName>HAYNES</brandName>
    <supplierNumber>M2219</supplierNumber>
    <specialInstructions>Discontinued Part</specialInstructions>
    <baseDealerPrice>30.70</baseDealerPrice>
    <yourDealerPrice>30.70</yourDealerPrice>
    <baseRetailPrice>49.95</baseRetailPrice>
    <originalRetailPrice>49.95</originalRetailPrice>
    <partImage>http://asset.lemansnet.com/z/L0EvQi9DL0FCQzM2NDRFLUFCRjEtNDVBMi05MjRGLURGMjY4NjBCRkY2MQ==</partImage>
    <productId>0275173253</productId>
    <productName>Motorcycle Repair Manual — Honda</productName>
    <productImage>http://asset.lemansnet.com/z/LzgvNi9GLzg2RkQ3N0RGLTA3MjQtNDE4Qi1BQkMzLUMwN0Y3MTc3MDU3MA==</productImage>
    <bullet1>Every Haynes manual is based on a complete teardown and then a step-by-step rebuild</bullet1>
    <bullet2>Everything is covered, from a complete engine rebuild to changing an oil filter</bullet2>
    <bullet3/>
    <bullet4/>
    <bullet5/>
    <bullet6/>
    <bullet7/>
    <bullet8/>
    <bullet9/>
    <bullet10/>
    <bullet11/>
    <bullet12/>
    <bullet13/>
    <bullet14/>
    <bullet15/>
    <bullet16/>
    <bullet17/>
    <bullet18/>
    <bullet19/>
    <bullet20/>
    <bullet21/>
    <bullet22/>
    <bullet23/>
    <bullet24/>
    <vendorPriceUpdateDate>2023-02-16 00:00:00</vendorPriceUpdateDate>
  </part>
  <part>
    <partNumber>HM2457</partNumber>
    <punctuatedPartNumber>HM-2457</punctuatedPartNumber>
    <partStatusDescription>DISCONTINUED</partStatusDescription>
    <partDescription>Manual - Kawasaki - VN700/VN800</partDescription>
    <unitOfMeasure>Each</unitOfMeasure>
    <brandName>HAYNES</brandName>
    <supplierNumber>M2457</supplierNumber>
    <specialInstructions>DISCONTINUED ITEM</specialInstructions>
    <baseDealerPrice>36.90</baseDealerPrice>
    <yourDealerPrice>36.90</yourDealerPrice>
    <baseRetailPrice>59.95</baseRetailPrice>
    <originalRetailPrice>59.95</originalRetailPrice>
    <partImage>http://asset.lemansnet.com/z/L0MvOC83L0M4Nzg0MTMyLURFOEQtNEUzNC1BOTQwLTJDRDI5MDI3OTNGNA==</partImage>
    <productId>2063098405</productId>
    <productName>Motorcycle Repair Manual — Kawasaki</productName>
    <productImage>http://asset.lemansnet.com/z/LzgvNi9GLzg2RkQ3N0RGLTA3MjQtNDE4Qi1BQkMzLUMwN0Y3MTc3MDU3MA==</productImage>
    <bullet1>Every Haynes manual is based on a complete teardown and then a step-by-step rebuild</bullet1>
    <bullet2>Everything is covered, from a complete engine rebuild to changing an oil filter</bullet2>
    <bullet3/>
    <bullet4/>
    <bullet5/>
    <bullet6/>
    <bullet7/>
    <bullet8/>
    <bullet9/>
    <bullet10/>
    <bullet11/>
    <bullet12/>
    <bullet13/>
    <bullet14/>
    <bullet15/>
    <bullet16/>
    <bullet17/>
    <bullet18/>
    <bullet19/>
    <bullet20/>
    <bullet21/>
    <bullet22/>
    <bullet23/>
    <bullet24/>
    <vendorPriceUpdateDate>2023-02-16 00:00:00</vendorPriceUpdateDate>
  </part>
  <part>
    <partNumber>42010112</partNumber>
    <punctuatedPartNumber>4201-0112</punctuatedPartNumber>
    <partStatusDescription>STANDARD</partStatusDescription>
    <partDescription>Manual - Yamaha - YFM Kodiak / YFM Grizzly</partDescription>
    <unitOfMeasure>Each</unitOfMeasure>
    <brandName>HAYNES</brandName>
    <supplierNumber>M2567</supplierNumber>
    <specialInstructions/>
    <baseDealerPrice>30.70</baseDealerPrice>
    <yourDealerPrice>30.70</yourDealerPrice>
    <baseRetailPrice>49.95</baseRetailPrice>
    <originalRetailPrice>49.95</originalRetailPrice>
    <partImage>http://asset.lemansnet.com/z/LzUvNS9DLzU1QzU0QTNCLUNFNUYtNEUzMy1BMTExLTBFQTEyRkY3OTUzRA==</partImage>
    <productId>2123534661</productId>
    <productName>ATV Service &amp; Repair Manual</productName>
    <productImage>http://asset.lemansnet.com/z/LzkvNC9BLzk0QUUyMjRELUQ4QjMtNDZDMC1CMjA5LTRBMDJBMDcwQkU3Rg==</productImage>
    <bullet1>Every Haynes manual illustrates and explains the complete teardown and rebuilding procedure step-by-step</bullet1>
    <bullet2>Covers all aspects of maintenance and repair from a complete engine rebuild to changing an oil filter</bullet2>
    <bullet3/>
    <bullet4/>
    <bullet5/>
    <bullet6/>
    <bullet7/>
    <bullet8/>
    <bullet9/>
    <bullet10/>
    <bullet11/>
    <bullet12/>
    <bullet13/>
    <bullet14/>
    <bullet15/>
    <bullet16/>
    <bullet17/>
    <bullet18/>
    <bullet19/>
    <bullet20/>
    <bullet21/>
    <bullet22/>
    <bullet23/>
    <bullet24/>
    <vendorPriceUpdateDate>2023-02-16 00:00:00</vendorPriceUpdateDate>
  </part>
  <part>
    <partNumber>42010158</partNumber>
    <punctuatedPartNumber>4201-0158</punctuatedPartNumber>
    <partStatusDescription>STANDARD</partStatusDescription>
    <partDescription>Manual - Honda - CRF250/450</partDescription>
    <unitOfMeasure>Each</unitOfMeasure>
    <brandName>HAYNES</brandName>
    <supplierNumber>M2630</supplierNumber>
    <specialInstructions/>
    <baseDealerPrice>30.70</baseDealerPrice>
    <yourDealerPrice>30.70</yourDealerPrice>
    <baseRetailPrice>49.95</baseRetailPrice>
    <originalRetailPrice>49.95</originalRetailPrice>
    <partImage>http://asset.lemansnet.com/z/L0EvNS82L0E1NkI2QzE2LUFBNTQtNEVEQy05RkU0LTU1MzZCQUMxRkJBQw==</partImage>
    <productId>0275173253</productId>
    <productName>Motorcycle Repair Manual — Honda</productName>
    <productImage>http://asset.lemansnet.com/z/LzgvNi9GLzg2RkQ3N0RGLTA3MjQtNDE4Qi1BQkMzLUMwN0Y3MTc3MDU3MA==</productImage>
    <bullet1>Every Haynes manual is based on a complete teardown and then a step-by-step rebuild</bullet1>
    <bullet2>Everything is covered, from a complete engine rebuild to changing an oil filter</bullet2>
    <bullet3/>
    <bullet4/>
    <bullet5/>
    <bullet6/>
    <bullet7/>
    <bullet8/>
    <bullet9/>
    <bullet10/>
    <bullet11/>
    <bullet12/>
    <bullet13/>
    <bullet14/>
    <bullet15/>
    <bullet16/>
    <bullet17/>
    <bullet18/>
    <bullet19/>
    <bullet20/>
    <bullet21/>
    <bullet22/>
    <bullet23/>
    <bullet24/>
    <vendorPriceUpdateDate>2023-02-16 00:00:00</vendorPriceUpdateDate>
  </part>
  <part>
    <partNumber>42010273</partNumber>
    <punctuatedPartNumber>4201-0273</punctuatedPartNumber>
    <partStatusDescription>STANDARD</partStatusDescription>
    <partDescription>Manual - Triumph - Bonneville '01-'15</partDescription>
    <unitOfMeasure>Each</unitOfMeasure>
    <brandName>HAYNES</brandName>
    <supplierNumber>M4364</supplierNumber>
    <specialInstructions/>
    <baseDealerPrice>36.90</baseDealerPrice>
    <yourDealerPrice>36.90</yourDealerPrice>
    <baseRetailPrice>59.95</baseRetailPrice>
    <originalRetailPrice>59.95</originalRetailPrice>
    <partImage>http://asset.lemansnet.com/z/LzAvNi8yLzA2MjI4QUI1LUIzNEUtNEJCMS1CQTM2LTk0RjI0MTA5RTNDOQ==</partImage>
    <productId>1231992775</productId>
    <productName>Motorcycle Repair Manual — Triumph</productName>
    <productImage>http://asset.lemansnet.com/z/LzgvNi9GLzg2RkQ3N0RGLTA3MjQtNDE4Qi1BQkMzLUMwN0Y3MTc3MDU3MA==</productImage>
    <bullet1>Every Haynes manual is based on a complete teardown and then a step-by-step rebuild</bullet1>
    <bullet2>Everything is covered, from a complete engine rebuild to changing an oil filter</bullet2>
    <bullet3/>
    <bullet4/>
    <bullet5/>
    <bullet6/>
    <bullet7/>
    <bullet8/>
    <bullet9/>
    <bullet10/>
    <bullet11/>
    <bullet12/>
    <bullet13/>
    <bullet14/>
    <bullet15/>
    <bullet16/>
    <bullet17/>
    <bullet18/>
    <bullet19/>
    <bullet20/>
    <bullet21/>
    <bullet22/>
    <bullet23/>
    <bullet24/>
    <vendorPriceUpdateDate>2023-02-16 00:00:00</vendorPriceUpdateDate>
  </part>
  <part>
    <partNumber>42010280</partNumber>
    <punctuatedPartNumber>4201-0280</punctuatedPartNumber>
    <partStatusDescription>STANDARD</partStatusDescription>
    <partDescription>Manual - BMW - S1000 '10-'17</partDescription>
    <unitOfMeasure>Each</unitOfMeasure>
    <brandName>HAYNES</brandName>
    <supplierNumber>M6400</supplierNumber>
    <specialInstructions/>
    <baseDealerPrice>36.90</baseDealerPrice>
    <yourDealerPrice>36.90</yourDealerPrice>
    <baseRetailPrice>59.95</baseRetailPrice>
    <originalRetailPrice>59.95</originalRetailPrice>
    <partImage>http://asset.lemansnet.com/z/LzQvMC84LzQwOEJDODM5LTFCNTAtNDlGQi05NEM4LUU0RUNEMzMyNEJCMA==</partImage>
    <productId>2021609437</productId>
    <productName>Motorcycle Repair Manual — BMW</productName>
    <productImage>http://asset.lemansnet.com/z/LzgvNi9GLzg2RkQ3N0RGLTA3MjQtNDE4Qi1BQkMzLUMwN0Y3MTc3MDU3MA==</productImage>
    <bullet1>Every Haynes manual is based on a complete teardown and then a step-by-step rebuild</bullet1>
    <bullet2>Everything is covered, from a complete engine rebuild to changing an oil filter</bullet2>
    <bullet3/>
    <bullet4/>
    <bullet5/>
    <bullet6/>
    <bullet7/>
    <bullet8/>
    <bullet9/>
    <bullet10/>
    <bullet11/>
    <bullet12/>
    <bullet13/>
    <bullet14/>
    <bullet15/>
    <bullet16/>
    <bullet17/>
    <bullet18/>
    <bullet19/>
    <bullet20/>
    <bullet21/>
    <bullet22/>
    <bullet23/>
    <bullet24/>
    <vendorPriceUpdateDate>2023-02-16 00:00:00</vendorPriceUpdateDate>
  </part>
  <part>
    <partNumber>42010284</partNumber>
    <punctuatedPartNumber>4201-0284</punctuatedPartNumber>
    <partStatusDescription>DISCONTINUED</partStatusDescription>
    <partDescription>Manual - Honda - CB600F / CBR600F</partDescription>
    <unitOfMeasure>Each</unitOfMeasure>
    <brandName>HAYNES</brandName>
    <supplierNumber>M5572</supplierNumber>
    <specialInstructions/>
    <baseDealerPrice>12.10</baseDealerPrice>
    <yourDealerPrice>12.10</yourDealerPrice>
    <baseRetailPrice>0.00</baseRetailPrice>
    <originalRetailPrice>59.95</originalRetailPrice>
    <partImage>http://asset.lemansnet.com/z/LzgvMS9FLzgxRUFENkVBLTM2MzAtNEEwRS1CRUUxLTBDNjc1NTlCQ0E3Qw==</partImage>
    <productId>0569430861</productId>
    <productName>Motorcycle Repair Manual — Honda</productName>
    <productImage>http://asset.lemansnet.com/z/LzgvNi9GLzg2RkQ3N0RGLTA3MjQtNDE4Qi1BQkMzLUMwN0Y3MTc3MDU3MA==</productImage>
    <bullet1>Every Haynes manual is based on a complete teardown and then a step-by-step rebuild</bullet1>
    <bullet2>Everything is covered, from a complete engine rebuild to changing an oil filter</bullet2>
    <bullet3/>
    <bullet4/>
    <bullet5/>
    <bullet6/>
    <bullet7/>
    <bullet8/>
    <bullet9/>
    <bullet10/>
    <bullet11/>
    <bullet12/>
    <bullet13/>
    <bullet14/>
    <bullet15/>
    <bullet16/>
    <bullet17/>
    <bullet18/>
    <bullet19/>
    <bullet20/>
    <bullet21/>
    <bullet22/>
    <bullet23/>
    <bullet24/>
    <vendorPriceUpdateDate>2023-02-16 00:00:00</vendorPriceUpdateDate>
  </part>
  <part>
    <partNumber>42010105</partNumber>
    <punctuatedPartNumber>4201-0105</punctuatedPartNumber>
    <partStatusDescription>STANDARD</partStatusDescription>
    <partDescription>Manual - Honda - CBR929/954</partDescription>
    <unitOfMeasure>Each</unitOfMeasure>
    <brandName>HAYNES</brandName>
    <supplierNumber>M4060</supplierNumber>
    <specialInstructions/>
    <baseDealerPrice>36.90</baseDealerPrice>
    <yourDealerPrice>36.90</yourDealerPrice>
    <baseRetailPrice>59.95</baseRetailPrice>
    <originalRetailPrice>59.95</originalRetailPrice>
    <partImage>http://asset.lemansnet.com/z/LzgvNi9GLzg2RkQ3N0RGLTA3MjQtNDE4Qi1BQkMzLUMwN0Y3MTc3MDU3MA==</partImage>
    <productId>0275173253</productId>
    <productName>Motorcycle Repair Manual — Honda</productName>
    <productImage>http://asset.lemansnet.com/z/LzgvNi9GLzg2RkQ3N0RGLTA3MjQtNDE4Qi1BQkMzLUMwN0Y3MTc3MDU3MA==</productImage>
    <bullet1>Every Haynes manual is based on a complete teardown and then a step-by-step rebuild</bullet1>
    <bullet2>Everything is covered, from a complete engine rebuild to changing an oil filter</bullet2>
    <bullet3/>
    <bullet4/>
    <bullet5/>
    <bullet6/>
    <bullet7/>
    <bullet8/>
    <bullet9/>
    <bullet10/>
    <bullet11/>
    <bullet12/>
    <bullet13/>
    <bullet14/>
    <bullet15/>
    <bullet16/>
    <bullet17/>
    <bullet18/>
    <bullet19/>
    <bullet20/>
    <bullet21/>
    <bullet22/>
    <bullet23/>
    <bullet24/>
    <vendorPriceUpdateDate>2023-02-16 00:00:00</vendorPriceUpdateDate>
  </part>
  <part>
    <partNumber>42010106</partNumber>
    <punctuatedPartNumber>4201-0106</punctuatedPartNumber>
    <partStatusDescription>STANDARD</partStatusDescription>
    <partDescription>Manual - Polaris - 250-500cc</partDescription>
    <unitOfMeasure>Each</unitOfMeasure>
    <brandName>HAYNES</brandName>
    <supplierNumber>M2508</supplierNumber>
    <specialInstructions/>
    <baseDealerPrice>30.70</baseDealerPrice>
    <yourDealerPrice>30.70</yourDealerPrice>
    <baseRetailPrice>49.95</baseRetailPrice>
    <originalRetailPrice>49.95</originalRetailPrice>
    <partImage>http://asset.lemansnet.com/z/LzcvQS9ELzdBREI1MzY0LTdBOTEtNDhGRC1COUM5LURDQzYyQ0M1MjcwNw==</partImage>
    <productId>2123534661</productId>
    <productName>ATV Service &amp; Repair Manual</productName>
    <productImage>http://asset.lemansnet.com/z/LzkvNC9BLzk0QUUyMjRELUQ4QjMtNDZDMC1CMjA5LTRBMDJBMDcwQkU3Rg==</productImage>
    <bullet1>Every Haynes manual illustrates and explains the complete teardown and rebuilding procedure step-by-step</bullet1>
    <bullet2>Covers all aspects of maintenance and repair from a complete engine rebuild to changing an oil filter</bullet2>
    <bullet3/>
    <bullet4/>
    <bullet5/>
    <bullet6/>
    <bullet7/>
    <bullet8/>
    <bullet9/>
    <bullet10/>
    <bullet11/>
    <bullet12/>
    <bullet13/>
    <bullet14/>
    <bullet15/>
    <bullet16/>
    <bullet17/>
    <bullet18/>
    <bullet19/>
    <bullet20/>
    <bullet21/>
    <bullet22/>
    <bullet23/>
    <bullet24/>
    <vendorPriceUpdateDate>2023-02-16 00:00:00</vendorPriceUpdateDate>
  </part>
  <part>
    <partNumber>42010271</partNumber>
    <punctuatedPartNumber>4201-0271</punctuatedPartNumber>
    <partStatusDescription>STANDARD</partStatusDescription>
    <partDescription>Manual - Honda - CMX250 / CB250 '85-'16</partDescription>
    <unitOfMeasure>Each</unitOfMeasure>
    <brandName>HAYNES</brandName>
    <supplierNumber>M2756</supplierNumber>
    <specialInstructions/>
    <baseDealerPrice>36.90</baseDealerPrice>
    <yourDealerPrice>36.90</yourDealerPrice>
    <baseRetailPrice>59.95</baseRetailPrice>
    <originalRetailPrice>59.95</originalRetailPrice>
    <partImage>http://asset.lemansnet.com/z/LzIvOS9GLzI5RjExMkYyLTFDMDktNEE1My1CNURBLUJBQTUzNEMyNUEzMQ==</partImage>
    <productId>0275173253</productId>
    <productName>Motorcycle Repair Manual — Honda</productName>
    <productImage>http://asset.lemansnet.com/z/LzgvNi9GLzg2RkQ3N0RGLTA3MjQtNDE4Qi1BQkMzLUMwN0Y3MTc3MDU3MA==</productImage>
    <bullet1>Every Haynes manual is based on a complete teardown and then a step-by-step rebuild</bullet1>
    <bullet2>Everything is covered, from a complete engine rebuild to changing an oil filter</bullet2>
    <bullet3/>
    <bullet4/>
    <bullet5/>
    <bullet6/>
    <bullet7/>
    <bullet8/>
    <bullet9/>
    <bullet10/>
    <bullet11/>
    <bullet12/>
    <bullet13/>
    <bullet14/>
    <bullet15/>
    <bullet16/>
    <bullet17/>
    <bullet18/>
    <bullet19/>
    <bullet20/>
    <bullet21/>
    <bullet22/>
    <bullet23/>
    <bullet24/>
    <vendorPriceUpdateDate>2023-02-16 00:00:00</vendorPriceUpdateDate>
  </part>
  <part>
    <partNumber>42010038</partNumber>
    <punctuatedPartNumber>4201-0038</punctuatedPartNumber>
    <partStatusDescription>STANDARD</partStatusDescription>
    <partDescription>Manual - Harley-Davidson - Sportster '70-'13</partDescription>
    <unitOfMeasure>Each</unitOfMeasure>
    <brandName>HAYNES</brandName>
    <supplierNumber>M2534</supplierNumber>
    <specialInstructions/>
    <baseDealerPrice>36.90</baseDealerPrice>
    <yourDealerPrice>36.90</yourDealerPrice>
    <baseRetailPrice>59.95</baseRetailPrice>
    <originalRetailPrice>59.95</originalRetailPrice>
    <partImage>http://asset.lemansnet.com/z/LzYvQy82LzZDNkIzQjc1LTNENjItNDU2Qy05RUU3LUMzNkI0OEM1REU2OQ==</partImage>
    <productId>0435616452</productId>
    <productName>Motorcycle Repair Manual</productName>
    <productImage>http://asset.lemansnet.com/z/LzYvQy82LzZDNkIzQjc1LTNENjItNDU2Qy05RUU3LUMzNkI0OEM1REU2OQ==</productImage>
    <bullet1>Every Haynes manual is based on a complete teardown and then a step-by-step rebuild</bullet1>
    <bullet2>Everything is covered, from a complete engine rebuild to changing an oil filter</bullet2>
    <bullet3/>
    <bullet4/>
    <bullet5/>
    <bullet6/>
    <bullet7/>
    <bullet8/>
    <bullet9/>
    <bullet10/>
    <bullet11/>
    <bullet12/>
    <bullet13/>
    <bullet14/>
    <bullet15/>
    <bullet16/>
    <bullet17/>
    <bullet18/>
    <bullet19/>
    <bullet20/>
    <bullet21/>
    <bullet22/>
    <bullet23/>
    <bullet24/>
    <vendorPriceUpdateDate>2023-03-15 00:00:00</vendorPriceUpdateDate>
  </part>
  <part>
    <partNumber>42010072</partNumber>
    <punctuatedPartNumber>4201-0072</punctuatedPartNumber>
    <partStatusDescription>STANDARD</partStatusDescription>
    <partDescription>Manual - Harley-Davidson - Shovelhead &amp; Evolution Big Twins '70-'99</partDescription>
    <unitOfMeasure>Each</unitOfMeasure>
    <brandName>HAYNES</brandName>
    <supplierNumber>M2536</supplierNumber>
    <specialInstructions/>
    <baseDealerPrice>36.90</baseDealerPrice>
    <yourDealerPrice>36.90</yourDealerPrice>
    <baseRetailPrice>59.95</baseRetailPrice>
    <originalRetailPrice>59.95</originalRetailPrice>
    <partImage>http://asset.lemansnet.com/z/LzMvNy9CLzM3QjJBMzY1LTgxNTMtNERERi04QUE5LTkxQzZBNDExN0Y0RA==</partImage>
    <productId>0435616452</productId>
    <productName>Motorcycle Repair Manual</productName>
    <productImage>http://asset.lemansnet.com/z/LzYvQy82LzZDNkIzQjc1LTNENjItNDU2Qy05RUU3LUMzNkI0OEM1REU2OQ==</productImage>
    <bullet1>Every Haynes manual is based on a complete teardown and then a step-by-step rebuild</bullet1>
    <bullet2>Everything is covered, from a complete engine rebuild to changing an oil filter</bullet2>
    <bullet3/>
    <bullet4/>
    <bullet5/>
    <bullet6/>
    <bullet7/>
    <bullet8/>
    <bullet9/>
    <bullet10/>
    <bullet11/>
    <bullet12/>
    <bullet13/>
    <bullet14/>
    <bullet15/>
    <bullet16/>
    <bullet17/>
    <bullet18/>
    <bullet19/>
    <bullet20/>
    <bullet21/>
    <bullet22/>
    <bullet23/>
    <bullet24/>
    <vendorPriceUpdateDate>2023-02-16 00:00:00</vendorPriceUpdateDate>
  </part>
  <part>
    <partNumber>HM1083</partNumber>
    <punctuatedPartNumber>HM-1083</punctuatedPartNumber>
    <partStatusDescription>STANDARD</partStatusDescription>
    <partDescription>Manual - Motorcycle Basics</partDescription>
    <unitOfMeasure>Each</unitOfMeasure>
    <brandName>HAYNES</brandName>
    <supplierNumber>M3515</supplierNumber>
    <specialInstructions/>
    <baseDealerPrice>36.90</baseDealerPrice>
    <yourDealerPrice>36.90</yourDealerPrice>
    <baseRetailPrice>59.95</baseRetailPrice>
    <originalRetailPrice>59.95</originalRetailPrice>
    <partImage>http://asset.lemansnet.com/z/LzIvRi9BLzJGQUQ1OTU1LUZFQ0QtNEFFQi04MTY2LUZBNjA3NTc3MTUxOA==</partImage>
    <productId>0724460029</productId>
    <productName>Motorcycle Basics Manual</productName>
    <productImage>http://asset.lemansnet.com/z/LzIvRi9BLzJGQUQ1OTU1LUZFQ0QtNEFFQi04MTY2LUZBNjA3NTc3MTUxOA==</productImage>
    <bullet1>An easy-to-understand description of how each major part of a motorcycle functions</bullet1>
    <bullet2>Ten chapters cover all major components, from the engine to the wheels, tires and brakes</bullet2>
    <bullet3/>
    <bullet4/>
    <bullet5/>
    <bullet6/>
    <bullet7/>
    <bullet8/>
    <bullet9/>
    <bullet10/>
    <bullet11/>
    <bullet12/>
    <bullet13/>
    <bullet14/>
    <bullet15/>
    <bullet16/>
    <bullet17/>
    <bullet18/>
    <bullet19/>
    <bullet20/>
    <bullet21/>
    <bullet22/>
    <bullet23/>
    <bullet24/>
    <vendorPriceUpdateDate>2023-02-16 00:00:00</vendorPriceUpdateDate>
  </part>
  <part>
    <partNumber>HM122</partNumber>
    <punctuatedPartNumber>HM-122</punctuatedPartNumber>
    <partStatusDescription>STANDARD</partStatusDescription>
    <partDescription>Manual - Triumph - 2-Valve Twins</partDescription>
    <unitOfMeasure>Each</unitOfMeasure>
    <brandName>HAYNES</brandName>
    <supplierNumber>M122</supplierNumber>
    <specialInstructions/>
    <baseDealerPrice>30.70</baseDealerPrice>
    <yourDealerPrice>30.70</yourDealerPrice>
    <baseRetailPrice>49.95</baseRetailPrice>
    <originalRetailPrice>49.95</originalRetailPrice>
    <partImage>http://asset.lemansnet.com/z/LzgvRC83LzhENzhCMDUyLUYxM0QtNEJFOC1BNEI2LUY4Qzc2MDlCN0UyMw==</partImage>
    <productId>1231992775</productId>
    <productName>Motorcycle Repair Manual — Triumph</productName>
    <productImage>http://asset.lemansnet.com/z/LzgvNi9GLzg2RkQ3N0RGLTA3MjQtNDE4Qi1BQkMzLUMwN0Y3MTc3MDU3MA==</productImage>
    <bullet1>Every Haynes manual is based on a complete teardown and then a step-by-step rebuild</bullet1>
    <bullet2>Everything is covered, from a complete engine rebuild to changing an oil filter</bullet2>
    <bullet3/>
    <bullet4/>
    <bullet5/>
    <bullet6/>
    <bullet7/>
    <bullet8/>
    <bullet9/>
    <bullet10/>
    <bullet11/>
    <bullet12/>
    <bullet13/>
    <bullet14/>
    <bullet15/>
    <bullet16/>
    <bullet17/>
    <bullet18/>
    <bullet19/>
    <bullet20/>
    <bullet21/>
    <bullet22/>
    <bullet23/>
    <bullet24/>
    <vendorPriceUpdateDate>2023-02-16 00:00:00</vendorPriceUpdateDate>
  </part>
  <part>
    <partNumber>HM2218</partNumber>
    <punctuatedPartNumber>HM2218</punctuatedPartNumber>
    <partStatusDescription>STANDARD</partStatusDescription>
    <partDescription>Manual - Honda - XR80R / XR100R CRF80F / 100F</partDescription>
    <unitOfMeasure>Each</unitOfMeasure>
    <brandName>HAYNES</brandName>
    <supplierNumber>M2218</supplierNumber>
    <specialInstructions/>
    <baseDealerPrice>30.70</baseDealerPrice>
    <yourDealerPrice>30.70</yourDealerPrice>
    <baseRetailPrice>49.95</baseRetailPrice>
    <originalRetailPrice>49.95</originalRetailPrice>
    <partImage>http://asset.lemansnet.com/z/L0MvQS8wL0NBMDYzNzc0LUY5N0ItNDE5MC04M0I4LTQ5REQzMjk0Q0VDRg==</partImage>
    <productId>0275173253</productId>
    <productName>Motorcycle Repair Manual — Honda</productName>
    <productImage>http://asset.lemansnet.com/z/LzgvNi9GLzg2RkQ3N0RGLTA3MjQtNDE4Qi1BQkMzLUMwN0Y3MTc3MDU3MA==</productImage>
    <bullet1>Every Haynes manual is based on a complete teardown and then a step-by-step rebuild</bullet1>
    <bullet2>Everything is covered, from a complete engine rebuild to changing an oil filter</bullet2>
    <bullet3/>
    <bullet4/>
    <bullet5/>
    <bullet6/>
    <bullet7/>
    <bullet8/>
    <bullet9/>
    <bullet10/>
    <bullet11/>
    <bullet12/>
    <bullet13/>
    <bullet14/>
    <bullet15/>
    <bullet16/>
    <bullet17/>
    <bullet18/>
    <bullet19/>
    <bullet20/>
    <bullet21/>
    <bullet22/>
    <bullet23/>
    <bullet24/>
    <vendorPriceUpdateDate>2023-02-16 00:00:00</vendorPriceUpdateDate>
  </part>
  <part>
    <partNumber>HM2222</partNumber>
    <punctuatedPartNumber>HM-2222</punctuatedPartNumber>
    <partStatusDescription>STANDARD</partStatusDescription>
    <partDescription>Manual - Honda - CR250 / 500R</partDescription>
    <unitOfMeasure>Each</unitOfMeasure>
    <brandName>HAYNES</brandName>
    <supplierNumber>M2222</supplierNumber>
    <specialInstructions/>
    <baseDealerPrice>30.70</baseDealerPrice>
    <yourDealerPrice>30.70</yourDealerPrice>
    <baseRetailPrice>49.95</baseRetailPrice>
    <originalRetailPrice>49.95</originalRetailPrice>
    <partImage>http://asset.lemansnet.com/z/L0EvQi9GL0FCRkFEODk0LTZGOUUtNDQ5Ny04OUE5LTlCMzIxOTc0QkMxNw==</partImage>
    <productId>0275173253</productId>
    <productName>Motorcycle Repair Manual — Honda</productName>
    <productImage>http://asset.lemansnet.com/z/LzgvNi9GLzg2RkQ3N0RGLTA3MjQtNDE4Qi1BQkMzLUMwN0Y3MTc3MDU3MA==</productImage>
    <bullet1>Every Haynes manual is based on a complete teardown and then a step-by-step rebuild</bullet1>
    <bullet2>Everything is covered, from a complete engine rebuild to changing an oil filter</bullet2>
    <bullet3/>
    <bullet4/>
    <bullet5/>
    <bullet6/>
    <bullet7/>
    <bullet8/>
    <bullet9/>
    <bullet10/>
    <bullet11/>
    <bullet12/>
    <bullet13/>
    <bullet14/>
    <bullet15/>
    <bullet16/>
    <bullet17/>
    <bullet18/>
    <bullet19/>
    <bullet20/>
    <bullet21/>
    <bullet22/>
    <bullet23/>
    <bullet24/>
    <vendorPriceUpdateDate>2023-02-16 00:00:00</vendorPriceUpdateDate>
  </part>
  <part>
    <partNumber>HM2225</partNumber>
    <punctuatedPartNumber>HM-2225</punctuatedPartNumber>
    <partStatusDescription>STANDARD</partStatusDescription>
    <partDescription>Manual - Honda - Gold Wing 1500</partDescription>
    <unitOfMeasure>Each</unitOfMeasure>
    <brandName>HAYNES</brandName>
    <supplierNumber>M2225</supplierNumber>
    <specialInstructions/>
    <baseDealerPrice>30.70</baseDealerPrice>
    <yourDealerPrice>30.70</yourDealerPrice>
    <baseRetailPrice>49.95</baseRetailPrice>
    <originalRetailPrice>49.95</originalRetailPrice>
    <partImage>http://asset.lemansnet.com/z/L0EvRC9DL0FEQzNEQjAwLTdFOUEtNDFCMy1CMzlGLUY1NjYzQTE1MzdGMw==</partImage>
    <productId>0275173253</productId>
    <productName>Motorcycle Repair Manual — Honda</productName>
    <productImage>http://asset.lemansnet.com/z/LzgvNi9GLzg2RkQ3N0RGLTA3MjQtNDE4Qi1BQkMzLUMwN0Y3MTc3MDU3MA==</productImage>
    <bullet1>Every Haynes manual is based on a complete teardown and then a step-by-step rebuild</bullet1>
    <bullet2>Everything is covered, from a complete engine rebuild to changing an oil filter</bullet2>
    <bullet3/>
    <bullet4/>
    <bullet5/>
    <bullet6/>
    <bullet7/>
    <bullet8/>
    <bullet9/>
    <bullet10/>
    <bullet11/>
    <bullet12/>
    <bullet13/>
    <bullet14/>
    <bullet15/>
    <bullet16/>
    <bullet17/>
    <bullet18/>
    <bullet19/>
    <bullet20/>
    <bullet21/>
    <bullet22/>
    <bullet23/>
    <bullet24/>
    <vendorPriceUpdateDate>2023-02-16 00:00:00</vendorPriceUpdateDate>
  </part>
  <part>
    <partNumber>HM2313</partNumber>
    <punctuatedPartNumber>HM2313</punctuatedPartNumber>
    <partStatusDescription>STANDARD</partStatusDescription>
    <partDescription>Manual - Honda - VT1100 Shadow</partDescription>
    <unitOfMeasure>Each</unitOfMeasure>
    <brandName>HAYNES</brandName>
    <supplierNumber>M2313</supplierNumber>
    <specialInstructions/>
    <baseDealerPrice>36.90</baseDealerPrice>
    <yourDealerPrice>36.90</yourDealerPrice>
    <baseRetailPrice>59.95</baseRetailPrice>
    <originalRetailPrice>59.95</originalRetailPrice>
    <partImage>http://asset.lemansnet.com/z/L0QvNC8wL0Q0MEFEQzBDLTA4NUQtNEMyRS1CRkZFLTRCNTNDOTgwNUNDMQ==</partImage>
    <productId>0275173253</productId>
    <productName>Motorcycle Repair Manual — Honda</productName>
    <productImage>http://asset.lemansnet.com/z/LzgvNi9GLzg2RkQ3N0RGLTA3MjQtNDE4Qi1BQkMzLUMwN0Y3MTc3MDU3MA==</productImage>
    <bullet1>Every Haynes manual is based on a complete teardown and then a step-by-step rebuild</bullet1>
    <bullet2>Everything is covered, from a complete engine rebuild to changing an oil filter</bullet2>
    <bullet3/>
    <bullet4/>
    <bullet5/>
    <bullet6/>
    <bullet7/>
    <bullet8/>
    <bullet9/>
    <bullet10/>
    <bullet11/>
    <bullet12/>
    <bullet13/>
    <bullet14/>
    <bullet15/>
    <bullet16/>
    <bullet17/>
    <bullet18/>
    <bullet19/>
    <bullet20/>
    <bullet21/>
    <bullet22/>
    <bullet23/>
    <bullet24/>
    <vendorPriceUpdateDate>2023-02-16 00:00:00</vendorPriceUpdateDate>
  </part>
  <part>
    <partNumber>HM2318</partNumber>
    <punctuatedPartNumber>HM2318</punctuatedPartNumber>
    <partStatusDescription>STANDARD</partStatusDescription>
    <partDescription>Manual - Honda - TRX300, TRX400EX</partDescription>
    <unitOfMeasure>Each</unitOfMeasure>
    <brandName>HAYNES</brandName>
    <supplierNumber>M2318</supplierNumber>
    <specialInstructions/>
    <baseDealerPrice>30.70</baseDealerPrice>
    <yourDealerPrice>30.70</yourDealerPrice>
    <baseRetailPrice>49.95</baseRetailPrice>
    <originalRetailPrice>49.95</originalRetailPrice>
    <partImage>http://asset.lemansnet.com/z/LzQvRi82LzRGNjFGMTRELTA0QzktNENCQi05QTk4LTVDNThGNDBGRjZGOQ==</partImage>
    <productId>2123534661</productId>
    <productName>ATV Service &amp; Repair Manual</productName>
    <productImage>http://asset.lemansnet.com/z/LzkvNC9BLzk0QUUyMjRELUQ4QjMtNDZDMC1CMjA5LTRBMDJBMDcwQkU3Rg==</productImage>
    <bullet1>Every Haynes manual illustrates and explains the complete teardown and rebuilding procedure step-by-step</bullet1>
    <bullet2>Covers all aspects of maintenance and repair from a complete engine rebuild to changing an oil filter</bullet2>
    <bullet3/>
    <bullet4/>
    <bullet5/>
    <bullet6/>
    <bullet7/>
    <bullet8/>
    <bullet9/>
    <bullet10/>
    <bullet11/>
    <bullet12/>
    <bullet13/>
    <bullet14/>
    <bullet15/>
    <bullet16/>
    <bullet17/>
    <bullet18/>
    <bullet19/>
    <bullet20/>
    <bullet21/>
    <bullet22/>
    <bullet23/>
    <bullet24/>
    <vendorPriceUpdateDate>2023-02-16 00:00:00</vendorPriceUpdateDate>
  </part>
  <part>
    <partNumber>HM3290</partNumber>
    <punctuatedPartNumber>HM3290</punctuatedPartNumber>
    <partStatusDescription>STANDARD</partStatusDescription>
    <partDescription>Manual - Ducati - V-Twin</partDescription>
    <unitOfMeasure>Each</unitOfMeasure>
    <brandName>HAYNES</brandName>
    <supplierNumber>M3290</supplierNumber>
    <specialInstructions/>
    <baseDealerPrice>36.90</baseDealerPrice>
    <yourDealerPrice>36.90</yourDealerPrice>
    <baseRetailPrice>59.95</baseRetailPrice>
    <originalRetailPrice>59.95</originalRetailPrice>
    <partImage>http://asset.lemansnet.com/z/L0IvMy9DL0IzQ0UxMTYxLTFFQUQtNDQ5QS1CQTJCLTkxM0QwNDFBNTg3QQ==</partImage>
    <productId>2145773545</productId>
    <productName>Motorcycle Repair Manual — Ducati</productName>
    <productImage>http://asset.lemansnet.com/z/LzgvNi9GLzg2RkQ3N0RGLTA3MjQtNDE4Qi1BQkMzLUMwN0Y3MTc3MDU3MA==</productImage>
    <bullet1>Every Haynes manual is based on a complete teardown and then a step-by-step rebuild</bullet1>
    <bullet2>Everything is covered, from a complete engine rebuild to changing an oil filter</bullet2>
    <bullet3/>
    <bullet4/>
    <bullet5/>
    <bullet6/>
    <bullet7/>
    <bullet8/>
    <bullet9/>
    <bullet10/>
    <bullet11/>
    <bullet12/>
    <bullet13/>
    <bullet14/>
    <bullet15/>
    <bullet16/>
    <bullet17/>
    <bullet18/>
    <bullet19/>
    <bullet20/>
    <bullet21/>
    <bullet22/>
    <bullet23/>
    <bullet24/>
    <vendorPriceUpdateDate>2023-02-16 00:00:00</vendorPriceUpdateDate>
  </part>
  <part>
    <partNumber>HM446</partNumber>
    <punctuatedPartNumber>HM-446</punctuatedPartNumber>
    <partStatusDescription>STANDARD</partStatusDescription>
    <partDescription>Manual - Electrical Techbook</partDescription>
    <unitOfMeasure>Each</unitOfMeasure>
    <brandName>HAYNES</brandName>
    <supplierNumber>M3471</supplierNumber>
    <specialInstructions/>
    <baseDealerPrice>36.90</baseDealerPrice>
    <yourDealerPrice>36.90</yourDealerPrice>
    <baseRetailPrice>59.95</baseRetailPrice>
    <originalRetailPrice>59.95</originalRetailPrice>
    <partImage>http://asset.lemansnet.com/z/LzAvMC84LzAwOEJFOTg5LURCNkUtNEQxMy04NDI4LTlDMTRCRUEzRDhEMg==</partImage>
    <productId>2074953865</productId>
    <productName>Motorcycle Electrical Manual</productName>
    <productImage>http://asset.lemansnet.com/z/LzAvMC84LzAwOEJFOTg5LURCNkUtNEQxMy04NDI4LTlDMTRCRUEzRDhEMg==</productImage>
    <bullet1>Uses easy-to-follow text and numerous line drawings to explain subjects from basic electrical principles to state-of-the-art systems</bullet1>
    <bullet2>This revised and updated edition includes ABS and engine management systems</bullet2>
    <bullet3/>
    <bullet4/>
    <bullet5/>
    <bullet6/>
    <bullet7/>
    <bullet8/>
    <bullet9/>
    <bullet10/>
    <bullet11/>
    <bullet12/>
    <bullet13/>
    <bullet14/>
    <bullet15/>
    <bullet16/>
    <bullet17/>
    <bullet18/>
    <bullet19/>
    <bullet20/>
    <bullet21/>
    <bullet22/>
    <bullet23/>
    <bullet24/>
    <vendorPriceUpdateDate>2023-02-16 00:00:00</vendorPriceUpdateDate>
  </part>
  <part>
    <partNumber>HM2478</partNumber>
    <punctuatedPartNumber>HM-2478</punctuatedPartNumber>
    <partStatusDescription>STANDARD</partStatusDescription>
    <partDescription>Manual - Harley-Davidson - Twin Cam '99-'10</partDescription>
    <unitOfMeasure>Each</unitOfMeasure>
    <brandName>HAYNES</brandName>
    <supplierNumber>M2478</supplierNumber>
    <specialInstructions/>
    <baseDealerPrice>36.90</baseDealerPrice>
    <yourDealerPrice>36.90</yourDealerPrice>
    <baseRetailPrice>59.95</baseRetailPrice>
    <originalRetailPrice>59.95</originalRetailPrice>
    <partImage>http://asset.lemansnet.com/z/L0EvNy9GL0E3RkQyMURFLTM0QjQtNDk5RC04NzUwLUJFQzc5QThCQzU2NA==</partImage>
    <productId>0435616452</productId>
    <productName>Motorcycle Repair Manual</productName>
    <productImage>http://asset.lemansnet.com/z/LzYvQy82LzZDNkIzQjc1LTNENjItNDU2Qy05RUU3LUMzNkI0OEM1REU2OQ==</productImage>
    <bullet1>Every Haynes manual is based on a complete teardown and then a step-by-step rebuild</bullet1>
    <bullet2>Everything is covered, from a complete engine rebuild to changing an oil filter</bullet2>
    <bullet3/>
    <bullet4/>
    <bullet5/>
    <bullet6/>
    <bullet7/>
    <bullet8/>
    <bullet9/>
    <bullet10/>
    <bullet11/>
    <bullet12/>
    <bullet13/>
    <bullet14/>
    <bullet15/>
    <bullet16/>
    <bullet17/>
    <bullet18/>
    <bullet19/>
    <bullet20/>
    <bullet21/>
    <bullet22/>
    <bullet23/>
    <bullet24/>
    <vendorPriceUpdateDate>2023-02-16 00:00:00</vendorPriceUpdateDate>
  </part>
  <part>
    <partNumber>HM249</partNumber>
    <punctuatedPartNumber>HM-249</punctuatedPartNumber>
    <partStatusDescription>STANDARD</partStatusDescription>
    <partDescription>Manual - BMW - 2-Valve Twins</partDescription>
    <unitOfMeasure>Each</unitOfMeasure>
    <brandName>HAYNES</brandName>
    <supplierNumber>M249</supplierNumber>
    <specialInstructions/>
    <baseDealerPrice>36.90</baseDealerPrice>
    <yourDealerPrice>36.90</yourDealerPrice>
    <baseRetailPrice>59.95</baseRetailPrice>
    <originalRetailPrice>59.95</originalRetailPrice>
    <partImage>http://asset.lemansnet.com/z/LzUvQi9DLzVCQ0U3NkVCLTU0OTUtNDY3Ni1CMUY2LUVFNTEwQjE0OTZBQg==</partImage>
    <productId>2021609437</productId>
    <productName>Motorcycle Repair Manual — BMW</productName>
    <productImage>http://asset.lemansnet.com/z/LzgvNi9GLzg2RkQ3N0RGLTA3MjQtNDE4Qi1BQkMzLUMwN0Y3MTc3MDU3MA==</productImage>
    <bullet1>Every Haynes manual is based on a complete teardown and then a step-by-step rebuild</bullet1>
    <bullet2>Everything is covered, from a complete engine rebuild to changing an oil filter</bullet2>
    <bullet3/>
    <bullet4/>
    <bullet5/>
    <bullet6/>
    <bullet7/>
    <bullet8/>
    <bullet9/>
    <bullet10/>
    <bullet11/>
    <bullet12/>
    <bullet13/>
    <bullet14/>
    <bullet15/>
    <bullet16/>
    <bullet17/>
    <bullet18/>
    <bullet19/>
    <bullet20/>
    <bullet21/>
    <bullet22/>
    <bullet23/>
    <bullet24/>
    <vendorPriceUpdateDate>2023-02-16 00:00:00</vendorPriceUpdateDate>
  </part>
  <part>
    <partNumber>HM3466</partNumber>
    <punctuatedPartNumber>HM-3466</punctuatedPartNumber>
    <partStatusDescription>STANDARD</partStatusDescription>
    <partDescription>Manual - BMW - 4-Valve Twin</partDescription>
    <unitOfMeasure>Each</unitOfMeasure>
    <brandName>HAYNES</brandName>
    <supplierNumber>M3466</supplierNumber>
    <specialInstructions/>
    <baseDealerPrice>36.90</baseDealerPrice>
    <yourDealerPrice>36.90</yourDealerPrice>
    <baseRetailPrice>59.95</baseRetailPrice>
    <originalRetailPrice>59.95</originalRetailPrice>
    <partImage>http://asset.lemansnet.com/z/L0UvNi9GL0U2RjBFNUMyLTAyMjgtNEUwRC1CRjI5LUI2MDY5RkYwOTJEQg==</partImage>
    <productId>2021609437</productId>
    <productName>Motorcycle Repair Manual — BMW</productName>
    <productImage>http://asset.lemansnet.com/z/LzgvNi9GLzg2RkQ3N0RGLTA3MjQtNDE4Qi1BQkMzLUMwN0Y3MTc3MDU3MA==</productImage>
    <bullet1>Every Haynes manual is based on a complete teardown and then a step-by-step rebuild</bullet1>
    <bullet2>Everything is covered, from a complete engine rebuild to changing an oil filter</bullet2>
    <bullet3/>
    <bullet4/>
    <bullet5/>
    <bullet6/>
    <bullet7/>
    <bullet8/>
    <bullet9/>
    <bullet10/>
    <bullet11/>
    <bullet12/>
    <bullet13/>
    <bullet14/>
    <bullet15/>
    <bullet16/>
    <bullet17/>
    <bullet18/>
    <bullet19/>
    <bullet20/>
    <bullet21/>
    <bullet22/>
    <bullet23/>
    <bullet24/>
    <vendorPriceUpdateDate>2023-02-16 00:00:00</vendorPriceUpdateDate>
  </part>
  <part>
    <partNumber>HM565</partNumber>
    <punctuatedPartNumber>HM-565</punctuatedPartNumber>
    <partStatusDescription>STANDARD</partStatusDescription>
    <partDescription>Manual - Honda - ATC</partDescription>
    <unitOfMeasure>Each</unitOfMeasure>
    <brandName>HAYNES</brandName>
    <supplierNumber>M565</supplierNumber>
    <specialInstructions/>
    <baseDealerPrice>30.70</baseDealerPrice>
    <yourDealerPrice>30.70</yourDealerPrice>
    <baseRetailPrice>49.95</baseRetailPrice>
    <originalRetailPrice>49.95</originalRetailPrice>
    <partImage>http://asset.lemansnet.com/z/L0UvNS8xL0U1MUVDQUQyLUEwRTUtNDI4OC1COUM5LTc5NDdEOUE0MEE4NA==</partImage>
    <productId>2123534661</productId>
    <productName>ATV Service &amp; Repair Manual</productName>
    <productImage>http://asset.lemansnet.com/z/LzkvNC9BLzk0QUUyMjRELUQ4QjMtNDZDMC1CMjA5LTRBMDJBMDcwQkU3Rg==</productImage>
    <bullet1>Every Haynes manual illustrates and explains the complete teardown and rebuilding procedure step-by-step</bullet1>
    <bullet2>Covers all aspects of maintenance and repair from a complete engine rebuild to changing an oil filter</bullet2>
    <bullet3/>
    <bullet4/>
    <bullet5/>
    <bullet6/>
    <bullet7/>
    <bullet8/>
    <bullet9/>
    <bullet10/>
    <bullet11/>
    <bullet12/>
    <bullet13/>
    <bullet14/>
    <bullet15/>
    <bullet16/>
    <bullet17/>
    <bullet18/>
    <bullet19/>
    <bullet20/>
    <bullet21/>
    <bullet22/>
    <bullet23/>
    <bullet24/>
    <vendorPriceUpdateDate>2023-02-16 00:00:00</vendorPriceUpdateDate>
  </part>
  <part>
    <partNumber>HM566</partNumber>
    <punctuatedPartNumber>HM-566</punctuatedPartNumber>
    <partStatusDescription>DISCONTINUED</partStatusDescription>
    <partDescription>Manual - Honda - XL / XR</partDescription>
    <unitOfMeasure>Each</unitOfMeasure>
    <brandName>HAYNES</brandName>
    <supplierNumber>M566</supplierNumber>
    <specialInstructions>Discontinued P/Byr</specialInstructions>
    <baseDealerPrice>30.70</baseDealerPrice>
    <yourDealerPrice>30.70</yourDealerPrice>
    <baseRetailPrice>49.95</baseRetailPrice>
    <originalRetailPrice>49.95</originalRetailPrice>
    <partImage>http://asset.lemansnet.com/z/LzQvNy9FLzQ3RTRENjUzLUYzRUUtNEI3NS1BRDFCLTFFMkIzMDY4QzhCMw==</partImage>
    <productId>0275173253</productId>
    <productName>Motorcycle Repair Manual — Honda</productName>
    <productImage>http://asset.lemansnet.com/z/LzgvNi9GLzg2RkQ3N0RGLTA3MjQtNDE4Qi1BQkMzLUMwN0Y3MTc3MDU3MA==</productImage>
    <bullet1>Every Haynes manual is based on a complete teardown and then a step-by-step rebuild</bullet1>
    <bullet2>Everything is covered, from a complete engine rebuild to changing an oil filter</bullet2>
    <bullet3/>
    <bullet4/>
    <bullet5/>
    <bullet6/>
    <bullet7/>
    <bullet8/>
    <bullet9/>
    <bullet10/>
    <bullet11/>
    <bullet12/>
    <bullet13/>
    <bullet14/>
    <bullet15/>
    <bullet16/>
    <bullet17/>
    <bullet18/>
    <bullet19/>
    <bullet20/>
    <bullet21/>
    <bullet22/>
    <bullet23/>
    <bullet24/>
    <vendorPriceUpdateDate>2023-02-16 00:00:00</vendorPriceUpdateDate>
  </part>
  <part>
    <partNumber>HM738</partNumber>
    <punctuatedPartNumber>HM-738</punctuatedPartNumber>
    <partStatusDescription>STANDARD</partStatusDescription>
    <partDescription>Manual - Yamaha - XJ650</partDescription>
    <unitOfMeasure>Each</unitOfMeasure>
    <brandName>HAYNES</brandName>
    <supplierNumber>M738</supplierNumber>
    <specialInstructions/>
    <baseDealerPrice>30.70</baseDealerPrice>
    <yourDealerPrice>30.70</yourDealerPrice>
    <baseRetailPrice>49.95</baseRetailPrice>
    <originalRetailPrice>49.95</originalRetailPrice>
    <partImage>http://asset.lemansnet.com/z/LzAvRi9BLzBGQUI5MTZELUFENjQtNEM2Ri1BMThCLTg0RjJGRkE5NEY4Rg==</partImage>
    <productId>1249667769</productId>
    <productName>Motorcycle Repair Manual — Yamaha</productName>
    <productImage>http://asset.lemansnet.com/z/LzgvNi9GLzg2RkQ3N0RGLTA3MjQtNDE4Qi1BQkMzLUMwN0Y3MTc3MDU3MA==</productImage>
    <bullet1>Every Haynes manual is based on a complete teardown and then a step-by-step rebuild</bullet1>
    <bullet2>Everything is covered, from a complete engine rebuild to changing an oil filter</bullet2>
    <bullet3/>
    <bullet4/>
    <bullet5/>
    <bullet6/>
    <bullet7/>
    <bullet8/>
    <bullet9/>
    <bullet10/>
    <bullet11/>
    <bullet12/>
    <bullet13/>
    <bullet14/>
    <bullet15/>
    <bullet16/>
    <bullet17/>
    <bullet18/>
    <bullet19/>
    <bullet20/>
    <bullet21/>
    <bullet22/>
    <bullet23/>
    <bullet24/>
    <vendorPriceUpdateDate>2023-02-16 00:00:00</vendorPriceUpdateDate>
  </part>
  <part>
    <partNumber>HM820</partNumber>
    <punctuatedPartNumber>HM-820</punctuatedPartNumber>
    <partStatusDescription>DISCONTINUED</partStatusDescription>
    <partDescription>Manual - Honda - Sabre / Magna V-Four</partDescription>
    <unitOfMeasure>Each</unitOfMeasure>
    <brandName>HAYNES</brandName>
    <supplierNumber>M820</supplierNumber>
    <specialInstructions>Discontinued Part</specialInstructions>
    <baseDealerPrice>30.70</baseDealerPrice>
    <yourDealerPrice>30.70</yourDealerPrice>
    <baseRetailPrice>49.95</baseRetailPrice>
    <originalRetailPrice>49.95</originalRetailPrice>
    <partImage>http://asset.lemansnet.com/z/LzEvRi81LzFGNTEzRjlFLTdDMDktNEMyNi04ODI4LTRFQzE4QTA4MzhERg==</partImage>
    <productId>0275173253</productId>
    <productName>Motorcycle Repair Manual — Honda</productName>
    <productImage>http://asset.lemansnet.com/z/LzgvNi9GLzg2RkQ3N0RGLTA3MjQtNDE4Qi1BQkMzLUMwN0Y3MTc3MDU3MA==</productImage>
    <bullet1>Every Haynes manual is based on a complete teardown and then a step-by-step rebuild</bullet1>
    <bullet2>Everything is covered, from a complete engine rebuild to changing an oil filter</bullet2>
    <bullet3/>
    <bullet4/>
    <bullet5/>
    <bullet6/>
    <bullet7/>
    <bullet8/>
    <bullet9/>
    <bullet10/>
    <bullet11/>
    <bullet12/>
    <bullet13/>
    <bullet14/>
    <bullet15/>
    <bullet16/>
    <bullet17/>
    <bullet18/>
    <bullet19/>
    <bullet20/>
    <bullet21/>
    <bullet22/>
    <bullet23/>
    <bullet24/>
    <vendorPriceUpdateDate>2023-02-16 00:00:00</vendorPriceUpdateDate>
  </part>
  <part>
    <partNumber>42010142</partNumber>
    <punctuatedPartNumber>4201-0142</punctuatedPartNumber>
    <partStatusDescription>STANDARD</partStatusDescription>
    <partDescription>Manual - Yamaha - XVS650/1100</partDescription>
    <unitOfMeasure>Each</unitOfMeasure>
    <brandName>HAYNES</brandName>
    <supplierNumber>M4195</supplierNumber>
    <specialInstructions/>
    <baseDealerPrice>36.90</baseDealerPrice>
    <yourDealerPrice>36.90</yourDealerPrice>
    <baseRetailPrice>59.95</baseRetailPrice>
    <originalRetailPrice>59.95</originalRetailPrice>
    <partImage>http://asset.lemansnet.com/z/LzcvQS8zLzdBMzA5MDBFLTBEMTQtNDE5MC1BQUJBLUM5MEVDMURCQ0UyMA==</partImage>
    <productId>1249667769</productId>
    <productName>Motorcycle Repair Manual — Yamaha</productName>
    <productImage>http://asset.lemansnet.com/z/LzgvNi9GLzg2RkQ3N0RGLTA3MjQtNDE4Qi1BQkMzLUMwN0Y3MTc3MDU3MA==</productImage>
    <bullet1>Every Haynes manual is based on a complete teardown and then a step-by-step rebuild</bullet1>
    <bullet2>Everything is covered, from a complete engine rebuild to changing an oil filter</bullet2>
    <bullet3/>
    <bullet4/>
    <bullet5/>
    <bullet6/>
    <bullet7/>
    <bullet8/>
    <bullet9/>
    <bullet10/>
    <bullet11/>
    <bullet12/>
    <bullet13/>
    <bullet14/>
    <bullet15/>
    <bullet16/>
    <bullet17/>
    <bullet18/>
    <bullet19/>
    <bullet20/>
    <bullet21/>
    <bullet22/>
    <bullet23/>
    <bullet24/>
    <vendorPriceUpdateDate>2023-02-16 00:00:00</vendorPriceUpdateDate>
  </part>
  <part>
    <partNumber>42010140</partNumber>
    <punctuatedPartNumber>4201-0140</punctuatedPartNumber>
    <partStatusDescription>DISCONTINUED</partStatusDescription>
    <partDescription>Manual - Suzuki - Intruder/Boulevard/Volusia</partDescription>
    <unitOfMeasure>Each</unitOfMeasure>
    <brandName>HAYNES</brandName>
    <supplierNumber>M2618</supplierNumber>
    <specialInstructions>DISCONTINUED ITEM</specialInstructions>
    <baseDealerPrice>36.90</baseDealerPrice>
    <yourDealerPrice>36.90</yourDealerPrice>
    <baseRetailPrice>59.95</baseRetailPrice>
    <originalRetailPrice>59.95</originalRetailPrice>
    <partImage>http://asset.lemansnet.com/z/LzUvRC8zLzVEMzEzNTc5LTI2MkMtNDBCNy1BQTM2LUVDM0NDQjhCQjg0Nw==</partImage>
    <productId>0338301336</productId>
    <productName>Motorcycle Repair Manual — Suzuki</productName>
    <productImage>http://asset.lemansnet.com/z/LzgvNi9GLzg2RkQ3N0RGLTA3MjQtNDE4Qi1BQkMzLUMwN0Y3MTc3MDU3MA==</productImage>
    <bullet1>Every Haynes manual is based on a complete teardown and then a step-by-step rebuild</bullet1>
    <bullet2>Everything is covered, from a complete engine rebuild to changing an oil filter</bullet2>
    <bullet3/>
    <bullet4/>
    <bullet5/>
    <bullet6/>
    <bullet7/>
    <bullet8/>
    <bullet9/>
    <bullet10/>
    <bullet11/>
    <bullet12/>
    <bullet13/>
    <bullet14/>
    <bullet15/>
    <bullet16/>
    <bullet17/>
    <bullet18/>
    <bullet19/>
    <bullet20/>
    <bullet21/>
    <bullet22/>
    <bullet23/>
    <bullet24/>
    <vendorPriceUpdateDate>2023-02-16 00:00:00</vendorPriceUpdateDate>
  </part>
  <part>
    <partNumber>HM802</partNumber>
    <punctuatedPartNumber>HM-802</punctuatedPartNumber>
    <partStatusDescription>STANDARD</partStatusDescription>
    <partDescription>Manual - Yamaha - XV535 Virago V-Twin</partDescription>
    <unitOfMeasure>Each</unitOfMeasure>
    <brandName>HAYNES</brandName>
    <supplierNumber>M802</supplierNumber>
    <specialInstructions/>
    <baseDealerPrice>36.90</baseDealerPrice>
    <yourDealerPrice>36.90</yourDealerPrice>
    <baseRetailPrice>59.95</baseRetailPrice>
    <originalRetailPrice>59.95</originalRetailPrice>
    <partImage>http://asset.lemansnet.com/z/L0EvNS9GL0E1RkQ5OEM3LTZFRUYtNDI1OS1BNkI0LUFDRjk4MzJEM0QzNg==</partImage>
    <productId>1249667769</productId>
    <productName>Motorcycle Repair Manual — Yamaha</productName>
    <productImage>http://asset.lemansnet.com/z/LzgvNi9GLzg2RkQ3N0RGLTA3MjQtNDE4Qi1BQkMzLUMwN0Y3MTc3MDU3MA==</productImage>
    <bullet1>Every Haynes manual is based on a complete teardown and then a step-by-step rebuild</bullet1>
    <bullet2>Everything is covered, from a complete engine rebuild to changing an oil filter</bullet2>
    <bullet3/>
    <bullet4/>
    <bullet5/>
    <bullet6/>
    <bullet7/>
    <bullet8/>
    <bullet9/>
    <bullet10/>
    <bullet11/>
    <bullet12/>
    <bullet13/>
    <bullet14/>
    <bullet15/>
    <bullet16/>
    <bullet17/>
    <bullet18/>
    <bullet19/>
    <bullet20/>
    <bullet21/>
    <bullet22/>
    <bullet23/>
    <bullet24/>
    <vendorPriceUpdateDate>2023-02-16 00:00:00</vendorPriceUpdateDate>
  </part>
  <part>
    <partNumber>HM378</partNumber>
    <punctuatedPartNumber>HM-378</punctuatedPartNumber>
    <partStatusDescription>STANDARD</partStatusDescription>
    <partDescription>Manual - Yamaha - XS250 / XS360 / XS400</partDescription>
    <unitOfMeasure>Each</unitOfMeasure>
    <brandName>HAYNES</brandName>
    <supplierNumber>M378</supplierNumber>
    <specialInstructions/>
    <baseDealerPrice>30.70</baseDealerPrice>
    <yourDealerPrice>30.70</yourDealerPrice>
    <baseRetailPrice>49.95</baseRetailPrice>
    <originalRetailPrice>49.95</originalRetailPrice>
    <partImage>http://asset.lemansnet.com/z/L0MvNS83L0M1NzU0NURDLUY2NDMtNDA5Mi1BQjQyLTUwQ0I0QkVGOTg3Nw==</partImage>
    <productId>1249667769</productId>
    <productName>Motorcycle Repair Manual — Yamaha</productName>
    <productImage>http://asset.lemansnet.com/z/LzgvNi9GLzg2RkQ3N0RGLTA3MjQtNDE4Qi1BQkMzLUMwN0Y3MTc3MDU3MA==</productImage>
    <bullet1>Every Haynes manual is based on a complete teardown and then a step-by-step rebuild</bullet1>
    <bullet2>Everything is covered, from a complete engine rebuild to changing an oil filter</bullet2>
    <bullet3/>
    <bullet4/>
    <bullet5/>
    <bullet6/>
    <bullet7/>
    <bullet8/>
    <bullet9/>
    <bullet10/>
    <bullet11/>
    <bullet12/>
    <bullet13/>
    <bullet14/>
    <bullet15/>
    <bullet16/>
    <bullet17/>
    <bullet18/>
    <bullet19/>
    <bullet20/>
    <bullet21/>
    <bullet22/>
    <bullet23/>
    <bullet24/>
    <vendorPriceUpdateDate>2023-02-16 00:00:00</vendorPriceUpdateDate>
  </part>
  <part>
    <partNumber>42010107</partNumber>
    <punctuatedPartNumber>4201-0107</punctuatedPartNumber>
    <partStatusDescription>STANDARD</partStatusDescription>
    <partDescription>Manual - Suzuki - GSXR - Hardcover</partDescription>
    <unitOfMeasure>Each</unitOfMeasure>
    <brandName>HAYNES</brandName>
    <supplierNumber>M3986</supplierNumber>
    <specialInstructions/>
    <baseDealerPrice>36.90</baseDealerPrice>
    <yourDealerPrice>36.90</yourDealerPrice>
    <baseRetailPrice>59.95</baseRetailPrice>
    <originalRetailPrice>59.95</originalRetailPrice>
    <partImage>http://asset.lemansnet.com/z/LzUvMy9CLzUzQjkxRUFELTY1Q0MtNDVCQS05NEVCLTQ5NzA2NUI4MjQ2OQ==</partImage>
    <productId>0338301336</productId>
    <productName>Motorcycle Repair Manual — Suzuki</productName>
    <productImage>http://asset.lemansnet.com/z/LzgvNi9GLzg2RkQ3N0RGLTA3MjQtNDE4Qi1BQkMzLUMwN0Y3MTc3MDU3MA==</productImage>
    <bullet1>Every Haynes manual is based on a complete teardown and then a step-by-step rebuild</bullet1>
    <bullet2>Everything is covered, from a complete engine rebuild to changing an oil filter</bullet2>
    <bullet3/>
    <bullet4/>
    <bullet5/>
    <bullet6/>
    <bullet7/>
    <bullet8/>
    <bullet9/>
    <bullet10/>
    <bullet11/>
    <bullet12/>
    <bullet13/>
    <bullet14/>
    <bullet15/>
    <bullet16/>
    <bullet17/>
    <bullet18/>
    <bullet19/>
    <bullet20/>
    <bullet21/>
    <bullet22/>
    <bullet23/>
    <bullet24/>
    <vendorPriceUpdateDate>2023-02-16 00:00:00</vendorPriceUpdateDate>
  </part>
  <part>
    <partNumber>42010219</partNumber>
    <punctuatedPartNumber>4201-0219</punctuatedPartNumber>
    <partStatusDescription>STANDARD</partStatusDescription>
    <partDescription>Manual - BMW - F650 / F800 Twins '06-'16</partDescription>
    <unitOfMeasure>Each</unitOfMeasure>
    <brandName>HAYNES</brandName>
    <supplierNumber>M4872</supplierNumber>
    <specialInstructions/>
    <baseDealerPrice>36.90</baseDealerPrice>
    <yourDealerPrice>36.90</yourDealerPrice>
    <baseRetailPrice>59.95</baseRetailPrice>
    <originalRetailPrice>59.95</originalRetailPrice>
    <partImage>http://asset.lemansnet.com/z/bWVkaWEvNDMxOTBjNTAtY2U3OC00YjA1LTk4NzUtNWUwZjM2OTgxYzUw</partImage>
    <productId>2021609437</productId>
    <productName>Motorcycle Repair Manual — BMW</productName>
    <productImage>http://asset.lemansnet.com/z/LzgvNi9GLzg2RkQ3N0RGLTA3MjQtNDE4Qi1BQkMzLUMwN0Y3MTc3MDU3MA==</productImage>
    <bullet1>Every Haynes manual is based on a complete teardown and then a step-by-step rebuild</bullet1>
    <bullet2>Everything is covered, from a complete engine rebuild to changing an oil filter</bullet2>
    <bullet3/>
    <bullet4/>
    <bullet5/>
    <bullet6/>
    <bullet7/>
    <bullet8/>
    <bullet9/>
    <bullet10/>
    <bullet11/>
    <bullet12/>
    <bullet13/>
    <bullet14/>
    <bullet15/>
    <bullet16/>
    <bullet17/>
    <bullet18/>
    <bullet19/>
    <bullet20/>
    <bullet21/>
    <bullet22/>
    <bullet23/>
    <bullet24/>
    <vendorPriceUpdateDate>2023-02-16 00:00:00</vendorPriceUpdateDate>
  </part>
  <part>
    <partNumber>HM2302</partNumber>
    <punctuatedPartNumber>HM2302</punctuatedPartNumber>
    <partStatusDescription>STANDARD</partStatusDescription>
    <partDescription>Manual - Polaris</partDescription>
    <unitOfMeasure>Each</unitOfMeasure>
    <brandName>HAYNES</brandName>
    <supplierNumber>M2302</supplierNumber>
    <specialInstructions/>
    <baseDealerPrice>30.70</baseDealerPrice>
    <yourDealerPrice>30.70</yourDealerPrice>
    <baseRetailPrice>49.95</baseRetailPrice>
    <originalRetailPrice>49.95</originalRetailPrice>
    <partImage>http://asset.lemansnet.com/z/LzEvRS9CLzFFQkNGQjYwLTVCOTAtNDE2MS1CRjg3LTJBMzRBMzgzOTEwMA==</partImage>
    <productId>2123534661</productId>
    <productName>ATV Service &amp; Repair Manual</productName>
    <productImage>http://asset.lemansnet.com/z/LzkvNC9BLzk0QUUyMjRELUQ4QjMtNDZDMC1CMjA5LTRBMDJBMDcwQkU3Rg==</productImage>
    <bullet1>Every Haynes manual illustrates and explains the complete teardown and rebuilding procedure step-by-step</bullet1>
    <bullet2>Covers all aspects of maintenance and repair from a complete engine rebuild to changing an oil filter</bullet2>
    <bullet3/>
    <bullet4/>
    <bullet5/>
    <bullet6/>
    <bullet7/>
    <bullet8/>
    <bullet9/>
    <bullet10/>
    <bullet11/>
    <bullet12/>
    <bullet13/>
    <bullet14/>
    <bullet15/>
    <bullet16/>
    <bullet17/>
    <bullet18/>
    <bullet19/>
    <bullet20/>
    <bullet21/>
    <bullet22/>
    <bullet23/>
    <bullet24/>
    <vendorPriceUpdateDate>2023-02-16 00:00:00</vendorPriceUpdateDate>
  </part>
  <part>
    <partNumber>HM2312</partNumber>
    <punctuatedPartNumber>HM2312</punctuatedPartNumber>
    <partStatusDescription>STANDARD</partStatusDescription>
    <partDescription>Manual - Honda - VT600 / VT750 Shadow</partDescription>
    <unitOfMeasure>Each</unitOfMeasure>
    <brandName>HAYNES</brandName>
    <supplierNumber>M2312</supplierNumber>
    <specialInstructions/>
    <baseDealerPrice>36.90</baseDealerPrice>
    <yourDealerPrice>36.90</yourDealerPrice>
    <baseRetailPrice>59.95</baseRetailPrice>
    <originalRetailPrice>59.95</originalRetailPrice>
    <partImage>http://asset.lemansnet.com/z/LzAvNC9DLzA0QzY1OTJCLTZGOEYtNEIxQS1BOUM0LTBFMTNDMTc3RDMyNg==</partImage>
    <productId>0275173253</productId>
    <productName>Motorcycle Repair Manual — Honda</productName>
    <productImage>http://asset.lemansnet.com/z/LzgvNi9GLzg2RkQ3N0RGLTA3MjQtNDE4Qi1BQkMzLUMwN0Y3MTc3MDU3MA==</productImage>
    <bullet1>Every Haynes manual is based on a complete teardown and then a step-by-step rebuild</bullet1>
    <bullet2>Everything is covered, from a complete engine rebuild to changing an oil filter</bullet2>
    <bullet3/>
    <bullet4/>
    <bullet5/>
    <bullet6/>
    <bullet7/>
    <bullet8/>
    <bullet9/>
    <bullet10/>
    <bullet11/>
    <bullet12/>
    <bullet13/>
    <bullet14/>
    <bullet15/>
    <bullet16/>
    <bullet17/>
    <bullet18/>
    <bullet19/>
    <bullet20/>
    <bullet21/>
    <bullet22/>
    <bullet23/>
    <bullet24/>
    <vendorPriceUpdateDate>2023-02-16 00:00:00</vendorPriceUpdateDate>
  </part>
  <part>
    <partNumber>HM2350</partNumber>
    <punctuatedPartNumber>HM2350</punctuatedPartNumber>
    <partStatusDescription>STANDARD</partStatusDescription>
    <partDescription>Manual - Yamaha - Trail Bikes</partDescription>
    <unitOfMeasure>Each</unitOfMeasure>
    <brandName>HAYNES</brandName>
    <supplierNumber>M2350</supplierNumber>
    <specialInstructions/>
    <baseDealerPrice>30.70</baseDealerPrice>
    <yourDealerPrice>30.70</yourDealerPrice>
    <baseRetailPrice>49.95</baseRetailPrice>
    <originalRetailPrice>49.95</originalRetailPrice>
    <partImage>http://asset.lemansnet.com/z/L0MvRi8wL0NGMDlEQTRELTBENDEtNEI1MS04OTQ0LUNEMkVFMjkyN0U0NQ==</partImage>
    <productId>1249667769</productId>
    <productName>Motorcycle Repair Manual — Yamaha</productName>
    <productImage>http://asset.lemansnet.com/z/LzgvNi9GLzg2RkQ3N0RGLTA3MjQtNDE4Qi1BQkMzLUMwN0Y3MTc3MDU3MA==</productImage>
    <bullet1>Every Haynes manual is based on a complete teardown and then a step-by-step rebuild</bullet1>
    <bullet2>Everything is covered, from a complete engine rebuild to changing an oil filter</bullet2>
    <bullet3/>
    <bullet4/>
    <bullet5/>
    <bullet6/>
    <bullet7/>
    <bullet8/>
    <bullet9/>
    <bullet10/>
    <bullet11/>
    <bullet12/>
    <bullet13/>
    <bullet14/>
    <bullet15/>
    <bullet16/>
    <bullet17/>
    <bullet18/>
    <bullet19/>
    <bullet20/>
    <bullet21/>
    <bullet22/>
    <bullet23/>
    <bullet24/>
    <vendorPriceUpdateDate>2023-02-16 00:00:00</vendorPriceUpdateDate>
  </part>
  <part>
    <partNumber>HM2465</partNumber>
    <punctuatedPartNumber>HM-2465</punctuatedPartNumber>
    <partStatusDescription>STANDARD</partStatusDescription>
    <partDescription>Manual - Honda - TRX400 / TRX450S / TRX500 / ES Foreman</partDescription>
    <unitOfMeasure>Each</unitOfMeasure>
    <brandName>HAYNES</brandName>
    <supplierNumber>M2465</supplierNumber>
    <specialInstructions/>
    <baseDealerPrice>36.90</baseDealerPrice>
    <yourDealerPrice>36.90</yourDealerPrice>
    <baseRetailPrice>59.95</baseRetailPrice>
    <originalRetailPrice>59.95</originalRetailPrice>
    <partImage>http://asset.lemansnet.com/z/LzUvQy82LzVDNjMzNDU5LTc1MzMtNDRCQy1CNkNELTQwODQzQjNBRUJDQg==</partImage>
    <productId>1291541259</productId>
    <productName>ATV Service &amp; Repair Manual</productName>
    <productImage>http://asset.lemansnet.com/z/LzkvNC9BLzk0QUUyMjRELUQ4QjMtNDZDMC1CMjA5LTRBMDJBMDcwQkU3Rg==</productImage>
    <bullet1>Every Haynes manual illustrates and explains the complete teardown and rebuilding procedure step-by-step</bullet1>
    <bullet2>Covers all aspects of maintenance and repair from a complete engine rebuild to changing an oil filter</bullet2>
    <bullet3/>
    <bullet4/>
    <bullet5/>
    <bullet6/>
    <bullet7/>
    <bullet8/>
    <bullet9/>
    <bullet10/>
    <bullet11/>
    <bullet12/>
    <bullet13/>
    <bullet14/>
    <bullet15/>
    <bullet16/>
    <bullet17/>
    <bullet18/>
    <bullet19/>
    <bullet20/>
    <bullet21/>
    <bullet22/>
    <bullet23/>
    <bullet24/>
    <vendorPriceUpdateDate>2023-02-16 00:00:00</vendorPriceUpdateDate>
  </part>
</root>
