<root>
  <part>
    <partNumber>35010613</partNumber>
    <punctuatedPartNumber>3501-0613</punctuatedPartNumber>
    <partStatusDescription>STANDARD</partStatusDescription>
    <partDescription>Saddlebag Guard Eliminator Bracket - Chrome</partDescription>
    <unitOfMeasure>Pair</unitOfMeasure>
    <brandName>RICK DOSS</brandName>
    <supplierNumber>S77-0137</supplierNumber>
    <specialInstructions/>
    <baseDealerPrice>48.10</baseDealerPrice>
    <yourDealerPrice>48.10</yourDealerPrice>
    <baseRetailPrice>73.95</baseRetailPrice>
    <originalRetailPrice>54.95</originalRetailPrice>
    <partImage>http://asset.lemansnet.com/z/LzkvQi84LzlCOEM0OERBLUVEQzgtNEMwNC1BOTRELTY4NDZENDdERUM3OSxtZWRpYS81YTQ4ZTgzNi03YmYxLTRhMWEtOWZjZS0xZGU2ZWRhZTU2ZTAsL0MvNC9CL0M0QjM1OTk3LUJEMDMtNDFCMy05MjNELTk5NkMwODU1RTdFQQ==</partImage>
    <productId>1535967731</productId>
    <productName>Saddlebag Guard Eliminator Bracket</productName>
    <productImage>http://asset.lemansnet.com/z/LzQvNS9CLzQ1QjVCQ0U1LTdFNzQtNDI1MS1CREMxLTBCQjgzN0U5REFDQg==</productImage>
    <bullet1>From frame to the lower saddlebag support brackets, and replaces the saddlebag guards</bullet1>
    <bullet2>Allows the removal of the upper saddlebag rails</bullet2>
    <bullet3/>
    <bullet4/>
    <bullet5/>
    <bullet6/>
    <bullet7/>
    <bullet8/>
    <bullet9/>
    <bullet10/>
    <bullet11/>
    <bullet12/>
    <bullet13/>
    <bullet14/>
    <bullet15/>
    <bullet16/>
    <bullet17/>
    <bullet18/>
    <bullet19/>
    <bullet20/>
    <bullet21/>
    <bullet22/>
    <bullet23/>
    <bullet24/>
    <vendorPriceUpdateDate>2023-04-22 00:00:00</vendorPriceUpdateDate>
  </part>
  <part>
    <partNumber>35010614</partNumber>
    <punctuatedPartNumber>3501-0614</punctuatedPartNumber>
    <partStatusDescription>STANDARD</partStatusDescription>
    <partDescription>Saddlebag Guard Eliminator Bracket - Black</partDescription>
    <unitOfMeasure>Pair</unitOfMeasure>
    <brandName>RICK DOSS</brandName>
    <supplierNumber>S77-0137B</supplierNumber>
    <specialInstructions/>
    <baseDealerPrice>48.10</baseDealerPrice>
    <yourDealerPrice>48.10</yourDealerPrice>
    <baseRetailPrice>73.95</baseRetailPrice>
    <originalRetailPrice>54.95</originalRetailPrice>
    <partImage>http://asset.lemansnet.com/z/LzQvNS9CLzQ1QjVCQ0U1LTdFNzQtNDI1MS1CREMxLTBCQjgzN0U5REFDQg==</partImage>
    <productId>1535967731</productId>
    <productName>Saddlebag Guard Eliminator Bracket</productName>
    <productImage>http://asset.lemansnet.com/z/LzQvNS9CLzQ1QjVCQ0U1LTdFNzQtNDI1MS1CREMxLTBCQjgzN0U5REFDQg==</productImage>
    <bullet1>From frame to the lower saddlebag support brackets, and replaces the saddlebag guards</bullet1>
    <bullet2>Allows the removal of the upper saddlebag rails</bullet2>
    <bullet3/>
    <bullet4/>
    <bullet5/>
    <bullet6/>
    <bullet7/>
    <bullet8/>
    <bullet9/>
    <bullet10/>
    <bullet11/>
    <bullet12/>
    <bullet13/>
    <bullet14/>
    <bullet15/>
    <bullet16/>
    <bullet17/>
    <bullet18/>
    <bullet19/>
    <bullet20/>
    <bullet21/>
    <bullet22/>
    <bullet23/>
    <bullet24/>
    <vendorPriceUpdateDate>2023-04-22 00:00:00</vendorPriceUpdateDate>
  </part>
  <part>
    <partNumber>20100730</partNumber>
    <punctuatedPartNumber>2010-0730</punctuatedPartNumber>
    <partStatusDescription>STANDARD</partStatusDescription>
    <partDescription>Taillight/License Plate Assembly - Harley Davidson</partDescription>
    <unitOfMeasure>Each</unitOfMeasure>
    <brandName>RICK DOSS</brandName>
    <supplierNumber>L24-0430K</supplierNumber>
    <specialInstructions/>
    <baseDealerPrice>131.50</baseDealerPrice>
    <yourDealerPrice>131.50</yourDealerPrice>
    <baseRetailPrice>202.95</baseRetailPrice>
    <originalRetailPrice>146.95</originalRetailPrice>
    <partImage>http://asset.lemansnet.com/z/LzAvNy84LzA3OEVDODAwLUI2NzgtNDRFOS04MzU2LTlENTRCQTk1OTZCRg==</partImage>
    <productId>2009966315</productId>
    <productName>Taillight and License Plate Mount Assembly</productName>
    <productImage>http://asset.lemansnet.com/z/LzAvNy84LzA3OEVDODAwLUI2NzgtNDRFOS04MzU2LTlENTRCQTk1OTZCRg==</productImage>
    <bullet1>Mount features heavy-duty steel construction with a bright chrome finish</bullet1>
    <bullet2>Plate area measures 5" x 7-1/2"</bullet2>
    <bullet3>Taillight is a dual-function LED design</bullet3>
    <bullet4>Bolt directly to the OEM rear fenders with existing hardware</bullet4>
    <bullet5>Not DOT compliant.</bullet5>
    <bullet6/>
    <bullet7/>
    <bullet8/>
    <bullet9/>
    <bullet10/>
    <bullet11/>
    <bullet12/>
    <bullet13/>
    <bullet14/>
    <bullet15/>
    <bullet16/>
    <bullet17/>
    <bullet18/>
    <bullet19/>
    <bullet20/>
    <bullet21/>
    <bullet22/>
    <bullet23/>
    <bullet24/>
    <vendorPriceUpdateDate>2021-04-22 00:00:00</vendorPriceUpdateDate>
  </part>
</root>
