<root>
  <part>
    <partNumber>12500298</partNumber>
    <punctuatedPartNumber>1250-0298</punctuatedPartNumber>
    <partStatusDescription>STANDARD</partStatusDescription>
    <partDescription>Ice Screws - 1/2" - 1000 Pack</partDescription>
    <unitOfMeasure>1000 Pack</unitOfMeasure>
    <brandName>GOLD SCREWS</brandName>
    <supplierNumber>1250-0298</supplierNumber>
    <specialInstructions/>
    <baseDealerPrice>55.60</baseDealerPrice>
    <yourDealerPrice>55.60</yourDealerPrice>
    <baseRetailPrice>85.95</baseRetailPrice>
    <originalRetailPrice>85.95</originalRetailPrice>
    <partImage>http://asset.lemansnet.com/z/LzkvNy9FLzk3RTVFRTkyLTg3MkEtNDY1OC05QjdGLTg4NEM3OEZDMTkwQQ==</partImage>
    <productId>0622995233</productId>
    <productName>"Pro Gold" Ice Screws</productName>
    <productImage>http://asset.lemansnet.com/z/LzkvNy9FLzk3RTVFRTkyLTg3MkEtNDY1OC05QjdGLTg4NEM3OEZDMTkwQQ==</productImage>
    <bullet1>Deep V-head design for the serious racer</bullet1>
    <bullet2>Large shank with coarse threads helps prevent screws from pulling out</bullet2>
    <bullet3>Heat-treated for long, sharp head life</bullet3>
    <bullet4>Fine thread screws are designed for better indexing in the tires</bullet4>
    <bullet5>Made in the U.S.A.</bullet5>
    <bullet6/>
    <bullet7/>
    <bullet8/>
    <bullet9/>
    <bullet10/>
    <bullet11/>
    <bullet12/>
    <bullet13/>
    <bullet14/>
    <bullet15/>
    <bullet16/>
    <bullet17/>
    <bullet18/>
    <bullet19/>
    <bullet20/>
    <bullet21/>
    <bullet22/>
    <bullet23/>
    <bullet24/>
    <vendorPriceUpdateDate>2023-04-22 00:00:00</vendorPriceUpdateDate>
  </part>
  <part>
    <partNumber>12500300</partNumber>
    <punctuatedPartNumber>1250-0300</punctuatedPartNumber>
    <partStatusDescription>STANDARD</partStatusDescription>
    <partDescription>Ice Screws - 5/8" - 1000 Pack</partDescription>
    <unitOfMeasure>1000 Pack</unitOfMeasure>
    <brandName>GOLD SCREWS</brandName>
    <supplierNumber>1250-0300</supplierNumber>
    <specialInstructions/>
    <baseDealerPrice>62.60</baseDealerPrice>
    <yourDealerPrice>62.60</yourDealerPrice>
    <baseRetailPrice>97.95</baseRetailPrice>
    <originalRetailPrice>97.95</originalRetailPrice>
    <partImage>http://asset.lemansnet.com/z/LzkvNy9FLzk3RTVFRTkyLTg3MkEtNDY1OC05QjdGLTg4NEM3OEZDMTkwQQ==</partImage>
    <productId>0622995233</productId>
    <productName>"Pro Gold" Ice Screws</productName>
    <productImage>http://asset.lemansnet.com/z/LzkvNy9FLzk3RTVFRTkyLTg3MkEtNDY1OC05QjdGLTg4NEM3OEZDMTkwQQ==</productImage>
    <bullet1>Deep V-head design for the serious racer</bullet1>
    <bullet2>Large shank with coarse threads helps prevent screws from pulling out</bullet2>
    <bullet3>Heat-treated for long, sharp head life</bullet3>
    <bullet4>Fine thread screws are designed for better indexing in the tires</bullet4>
    <bullet5>Made in the U.S.A.</bullet5>
    <bullet6/>
    <bullet7/>
    <bullet8/>
    <bullet9/>
    <bullet10/>
    <bullet11/>
    <bullet12/>
    <bullet13/>
    <bullet14/>
    <bullet15/>
    <bullet16/>
    <bullet17/>
    <bullet18/>
    <bullet19/>
    <bullet20/>
    <bullet21/>
    <bullet22/>
    <bullet23/>
    <bullet24/>
    <vendorPriceUpdateDate>2023-04-22 00:00:00</vendorPriceUpdateDate>
  </part>
  <part>
    <partNumber>12500303</partNumber>
    <punctuatedPartNumber>1250-0303</punctuatedPartNumber>
    <partStatusDescription>STANDARD</partStatusDescription>
    <partDescription>Ice Screws - 1" - 250 Pack</partDescription>
    <unitOfMeasure>250 Pack</unitOfMeasure>
    <brandName>GOLD SCREWS</brandName>
    <supplierNumber>1250-0303</supplierNumber>
    <specialInstructions/>
    <baseDealerPrice>22.40</baseDealerPrice>
    <yourDealerPrice>22.40</yourDealerPrice>
    <baseRetailPrice>34.95</baseRetailPrice>
    <originalRetailPrice>34.95</originalRetailPrice>
    <partImage>http://asset.lemansnet.com/z/LzYvMy9GLzYzRkY5Rjc4LTVEMEYtNDcxQy04QkIwLURGRDlCQzA1NzM2MQ==</partImage>
    <productId>0622995233</productId>
    <productName>"Pro Gold" Ice Screws</productName>
    <productImage>http://asset.lemansnet.com/z/LzkvNy9FLzk3RTVFRTkyLTg3MkEtNDY1OC05QjdGLTg4NEM3OEZDMTkwQQ==</productImage>
    <bullet1>Deep V-head design for the serious racer</bullet1>
    <bullet2>Large shank with coarse threads helps prevent screws from pulling out</bullet2>
    <bullet3>Heat-treated for long, sharp head life</bullet3>
    <bullet4>Fine thread screws are designed for better indexing in the tires</bullet4>
    <bullet5>Made in the U.S.A.</bullet5>
    <bullet6/>
    <bullet7/>
    <bullet8/>
    <bullet9/>
    <bullet10/>
    <bullet11/>
    <bullet12/>
    <bullet13/>
    <bullet14/>
    <bullet15/>
    <bullet16/>
    <bullet17/>
    <bullet18/>
    <bullet19/>
    <bullet20/>
    <bullet21/>
    <bullet22/>
    <bullet23/>
    <bullet24/>
    <vendorPriceUpdateDate>2023-04-22 00:00:00</vendorPriceUpdateDate>
  </part>
  <part>
    <partNumber>12500306</partNumber>
    <punctuatedPartNumber>1250-0306</punctuatedPartNumber>
    <partStatusDescription>STANDARD</partStatusDescription>
    <partDescription>Ice Screws - 3/4" - 1000 Pack</partDescription>
    <unitOfMeasure>1000 Pack</unitOfMeasure>
    <brandName>GOLD SCREWS</brandName>
    <supplierNumber>1250-0306</supplierNumber>
    <specialInstructions/>
    <baseDealerPrice>66.30</baseDealerPrice>
    <yourDealerPrice>66.30</yourDealerPrice>
    <baseRetailPrice>102.95</baseRetailPrice>
    <originalRetailPrice>102.95</originalRetailPrice>
    <partImage>http://asset.lemansnet.com/z/LzkvNy9FLzk3RTVFRTkyLTg3MkEtNDY1OC05QjdGLTg4NEM3OEZDMTkwQQ==</partImage>
    <productId>0622995233</productId>
    <productName>"Pro Gold" Ice Screws</productName>
    <productImage>http://asset.lemansnet.com/z/LzkvNy9FLzk3RTVFRTkyLTg3MkEtNDY1OC05QjdGLTg4NEM3OEZDMTkwQQ==</productImage>
    <bullet1>Deep V-head design for the serious racer</bullet1>
    <bullet2>Large shank with coarse threads helps prevent screws from pulling out</bullet2>
    <bullet3>Heat-treated for long, sharp head life</bullet3>
    <bullet4>Fine thread screws are designed for better indexing in the tires</bullet4>
    <bullet5>Made in the U.S.A.</bullet5>
    <bullet6/>
    <bullet7/>
    <bullet8/>
    <bullet9/>
    <bullet10/>
    <bullet11/>
    <bullet12/>
    <bullet13/>
    <bullet14/>
    <bullet15/>
    <bullet16/>
    <bullet17/>
    <bullet18/>
    <bullet19/>
    <bullet20/>
    <bullet21/>
    <bullet22/>
    <bullet23/>
    <bullet24/>
    <vendorPriceUpdateDate>2023-04-22 00:00:00</vendorPriceUpdateDate>
  </part>
  <part>
    <partNumber>12500053</partNumber>
    <punctuatedPartNumber>1250-0053</punctuatedPartNumber>
    <partStatusDescription>STANDARD</partStatusDescription>
    <partDescription>Ice Screws - Gold - 7/16" - 250</partDescription>
    <unitOfMeasure>250 Pack</unitOfMeasure>
    <brandName>GOLD SCREWS</brandName>
    <supplierNumber>1250-0053</supplierNumber>
    <specialInstructions/>
    <baseDealerPrice>18.40</baseDealerPrice>
    <yourDealerPrice>18.40</yourDealerPrice>
    <baseRetailPrice>28.95</baseRetailPrice>
    <originalRetailPrice>28.95</originalRetailPrice>
    <partImage>http://asset.lemansnet.com/z/L0IvQy9BL0JDQTFBRDUyLTY0MjItNDFEMS05NkFFLUQ2OUU2QjgyQzg2OQ==</partImage>
    <productId>0007370712</productId>
    <productName>"Original" Gold Ice Screws</productName>
    <productImage>http://asset.lemansnet.com/z/L0IvQy9BL0JDQTFBRDUyLTY0MjItNDFEMS05NkFFLUQ2OUU2QjgyQzg2OQ==</productImage>
    <bullet1>Unique hex-head design offers more cutting edges</bullet1>
    <bullet2>Made in the U.S.A.</bullet2>
    <bullet3/>
    <bullet4/>
    <bullet5/>
    <bullet6/>
    <bullet7/>
    <bullet8/>
    <bullet9/>
    <bullet10/>
    <bullet11/>
    <bullet12/>
    <bullet13/>
    <bullet14/>
    <bullet15/>
    <bullet16/>
    <bullet17/>
    <bullet18/>
    <bullet19/>
    <bullet20/>
    <bullet21/>
    <bullet22/>
    <bullet23/>
    <bullet24/>
    <vendorPriceUpdateDate>2023-04-22 00:00:00</vendorPriceUpdateDate>
  </part>
  <part>
    <partNumber>12500054</partNumber>
    <punctuatedPartNumber>1250-0054</punctuatedPartNumber>
    <partStatusDescription>STANDARD</partStatusDescription>
    <partDescription>Ice Screws - Gold - 7/16" - 1000</partDescription>
    <unitOfMeasure>1000 Pack</unitOfMeasure>
    <brandName>GOLD SCREWS</brandName>
    <supplierNumber>1250-0054</supplierNumber>
    <specialInstructions/>
    <baseDealerPrice>53.30</baseDealerPrice>
    <yourDealerPrice>53.30</yourDealerPrice>
    <baseRetailPrice>82.95</baseRetailPrice>
    <originalRetailPrice>82.95</originalRetailPrice>
    <partImage>http://asset.lemansnet.com/z/L0IvQy9BL0JDQTFBRDUyLTY0MjItNDFEMS05NkFFLUQ2OUU2QjgyQzg2OQ==</partImage>
    <productId>0007370712</productId>
    <productName>"Original" Gold Ice Screws</productName>
    <productImage>http://asset.lemansnet.com/z/L0IvQy9BL0JDQTFBRDUyLTY0MjItNDFEMS05NkFFLUQ2OUU2QjgyQzg2OQ==</productImage>
    <bullet1>Unique hex-head design offers more cutting edges</bullet1>
    <bullet2>Made in the U.S.A.</bullet2>
    <bullet3/>
    <bullet4/>
    <bullet5/>
    <bullet6/>
    <bullet7/>
    <bullet8/>
    <bullet9/>
    <bullet10/>
    <bullet11/>
    <bullet12/>
    <bullet13/>
    <bullet14/>
    <bullet15/>
    <bullet16/>
    <bullet17/>
    <bullet18/>
    <bullet19/>
    <bullet20/>
    <bullet21/>
    <bullet22/>
    <bullet23/>
    <bullet24/>
    <vendorPriceUpdateDate>2023-04-22 00:00:00</vendorPriceUpdateDate>
  </part>
  <part>
    <partNumber>12500055</partNumber>
    <punctuatedPartNumber>1250-0055</punctuatedPartNumber>
    <partStatusDescription>STANDARD</partStatusDescription>
    <partDescription>Ice Screws - Gold - 1/2" - 250</partDescription>
    <unitOfMeasure>250 Pack</unitOfMeasure>
    <brandName>GOLD SCREWS</brandName>
    <supplierNumber>1250-0055</supplierNumber>
    <specialInstructions/>
    <baseDealerPrice>19.60</baseDealerPrice>
    <yourDealerPrice>19.60</yourDealerPrice>
    <baseRetailPrice>30.95</baseRetailPrice>
    <originalRetailPrice>30.95</originalRetailPrice>
    <partImage>http://asset.lemansnet.com/z/L0IvQy9BL0JDQTFBRDUyLTY0MjItNDFEMS05NkFFLUQ2OUU2QjgyQzg2OQ==</partImage>
    <productId>0007370712</productId>
    <productName>"Original" Gold Ice Screws</productName>
    <productImage>http://asset.lemansnet.com/z/L0IvQy9BL0JDQTFBRDUyLTY0MjItNDFEMS05NkFFLUQ2OUU2QjgyQzg2OQ==</productImage>
    <bullet1>Unique hex-head design offers more cutting edges</bullet1>
    <bullet2>Made in the U.S.A.</bullet2>
    <bullet3/>
    <bullet4/>
    <bullet5/>
    <bullet6/>
    <bullet7/>
    <bullet8/>
    <bullet9/>
    <bullet10/>
    <bullet11/>
    <bullet12/>
    <bullet13/>
    <bullet14/>
    <bullet15/>
    <bullet16/>
    <bullet17/>
    <bullet18/>
    <bullet19/>
    <bullet20/>
    <bullet21/>
    <bullet22/>
    <bullet23/>
    <bullet24/>
    <vendorPriceUpdateDate>2023-04-22 00:00:00</vendorPriceUpdateDate>
  </part>
  <part>
    <partNumber>12500056</partNumber>
    <punctuatedPartNumber>1250-0056</punctuatedPartNumber>
    <partStatusDescription>STANDARD</partStatusDescription>
    <partDescription>Ice Screws - Gold - 1/2" - 1000</partDescription>
    <unitOfMeasure>1000 Pack</unitOfMeasure>
    <brandName>GOLD SCREWS</brandName>
    <supplierNumber>1250-0056</supplierNumber>
    <specialInstructions/>
    <baseDealerPrice>54.00</baseDealerPrice>
    <yourDealerPrice>54.00</yourDealerPrice>
    <baseRetailPrice>83.95</baseRetailPrice>
    <originalRetailPrice>83.95</originalRetailPrice>
    <partImage>http://asset.lemansnet.com/z/L0IvQy9BL0JDQTFBRDUyLTY0MjItNDFEMS05NkFFLUQ2OUU2QjgyQzg2OQ==</partImage>
    <productId>0007370712</productId>
    <productName>"Original" Gold Ice Screws</productName>
    <productImage>http://asset.lemansnet.com/z/L0IvQy9BL0JDQTFBRDUyLTY0MjItNDFEMS05NkFFLUQ2OUU2QjgyQzg2OQ==</productImage>
    <bullet1>Unique hex-head design offers more cutting edges</bullet1>
    <bullet2>Made in the U.S.A.</bullet2>
    <bullet3/>
    <bullet4/>
    <bullet5/>
    <bullet6/>
    <bullet7/>
    <bullet8/>
    <bullet9/>
    <bullet10/>
    <bullet11/>
    <bullet12/>
    <bullet13/>
    <bullet14/>
    <bullet15/>
    <bullet16/>
    <bullet17/>
    <bullet18/>
    <bullet19/>
    <bullet20/>
    <bullet21/>
    <bullet22/>
    <bullet23/>
    <bullet24/>
    <vendorPriceUpdateDate>2023-04-22 00:00:00</vendorPriceUpdateDate>
  </part>
  <part>
    <partNumber>12500057</partNumber>
    <punctuatedPartNumber>1250-0057</punctuatedPartNumber>
    <partStatusDescription>STANDARD</partStatusDescription>
    <partDescription>Ice Screws - Gold - 5/8" - 250</partDescription>
    <unitOfMeasure>250 Pack</unitOfMeasure>
    <brandName>GOLD SCREWS</brandName>
    <supplierNumber>1250-0057</supplierNumber>
    <specialInstructions/>
    <baseDealerPrice>20.40</baseDealerPrice>
    <yourDealerPrice>20.40</yourDealerPrice>
    <baseRetailPrice>31.95</baseRetailPrice>
    <originalRetailPrice>31.95</originalRetailPrice>
    <partImage>http://asset.lemansnet.com/z/L0IvQy9BL0JDQTFBRDUyLTY0MjItNDFEMS05NkFFLUQ2OUU2QjgyQzg2OQ==</partImage>
    <productId>0007370712</productId>
    <productName>"Original" Gold Ice Screws</productName>
    <productImage>http://asset.lemansnet.com/z/L0IvQy9BL0JDQTFBRDUyLTY0MjItNDFEMS05NkFFLUQ2OUU2QjgyQzg2OQ==</productImage>
    <bullet1>Unique hex-head design offers more cutting edges</bullet1>
    <bullet2>Made in the U.S.A.</bullet2>
    <bullet3/>
    <bullet4/>
    <bullet5/>
    <bullet6/>
    <bullet7/>
    <bullet8/>
    <bullet9/>
    <bullet10/>
    <bullet11/>
    <bullet12/>
    <bullet13/>
    <bullet14/>
    <bullet15/>
    <bullet16/>
    <bullet17/>
    <bullet18/>
    <bullet19/>
    <bullet20/>
    <bullet21/>
    <bullet22/>
    <bullet23/>
    <bullet24/>
    <vendorPriceUpdateDate>2023-04-22 00:00:00</vendorPriceUpdateDate>
  </part>
  <part>
    <partNumber>12500061</partNumber>
    <punctuatedPartNumber>1250-0061</punctuatedPartNumber>
    <partStatusDescription>STANDARD</partStatusDescription>
    <partDescription>Ice Screws - Gold - 1" - 250</partDescription>
    <unitOfMeasure>250 Pack</unitOfMeasure>
    <brandName>GOLD SCREWS</brandName>
    <supplierNumber>1250-0061</supplierNumber>
    <specialInstructions/>
    <baseDealerPrice>21.80</baseDealerPrice>
    <yourDealerPrice>21.80</yourDealerPrice>
    <baseRetailPrice>33.95</baseRetailPrice>
    <originalRetailPrice>33.95</originalRetailPrice>
    <partImage>http://asset.lemansnet.com/z/L0IvQy9BL0JDQTFBRDUyLTY0MjItNDFEMS05NkFFLUQ2OUU2QjgyQzg2OQ==</partImage>
    <productId>0007370712</productId>
    <productName>"Original" Gold Ice Screws</productName>
    <productImage>http://asset.lemansnet.com/z/L0IvQy9BL0JDQTFBRDUyLTY0MjItNDFEMS05NkFFLUQ2OUU2QjgyQzg2OQ==</productImage>
    <bullet1>Unique hex-head design offers more cutting edges</bullet1>
    <bullet2>Made in the U.S.A.</bullet2>
    <bullet3/>
    <bullet4/>
    <bullet5/>
    <bullet6/>
    <bullet7/>
    <bullet8/>
    <bullet9/>
    <bullet10/>
    <bullet11/>
    <bullet12/>
    <bullet13/>
    <bullet14/>
    <bullet15/>
    <bullet16/>
    <bullet17/>
    <bullet18/>
    <bullet19/>
    <bullet20/>
    <bullet21/>
    <bullet22/>
    <bullet23/>
    <bullet24/>
    <vendorPriceUpdateDate>2023-04-22 00:00:00</vendorPriceUpdateDate>
  </part>
  <part>
    <partNumber>12500297</partNumber>
    <punctuatedPartNumber>1250-0297</punctuatedPartNumber>
    <partStatusDescription>STANDARD</partStatusDescription>
    <partDescription>Ice Screws - 1/2" - 250 Pack</partDescription>
    <unitOfMeasure>250 Pack</unitOfMeasure>
    <brandName>GOLD SCREWS</brandName>
    <supplierNumber>1250-0297</supplierNumber>
    <specialInstructions/>
    <baseDealerPrice>20.20</baseDealerPrice>
    <yourDealerPrice>20.20</yourDealerPrice>
    <baseRetailPrice>31.95</baseRetailPrice>
    <originalRetailPrice>31.95</originalRetailPrice>
    <partImage>http://asset.lemansnet.com/z/LzkvNy9FLzk3RTVFRTkyLTg3MkEtNDY1OC05QjdGLTg4NEM3OEZDMTkwQQ==</partImage>
    <productId>0622995233</productId>
    <productName>"Pro Gold" Ice Screws</productName>
    <productImage>http://asset.lemansnet.com/z/LzkvNy9FLzk3RTVFRTkyLTg3MkEtNDY1OC05QjdGLTg4NEM3OEZDMTkwQQ==</productImage>
    <bullet1>Deep V-head design for the serious racer</bullet1>
    <bullet2>Large shank with coarse threads helps prevent screws from pulling out</bullet2>
    <bullet3>Heat-treated for long, sharp head life</bullet3>
    <bullet4>Fine thread screws are designed for better indexing in the tires</bullet4>
    <bullet5>Made in the U.S.A.</bullet5>
    <bullet6/>
    <bullet7/>
    <bullet8/>
    <bullet9/>
    <bullet10/>
    <bullet11/>
    <bullet12/>
    <bullet13/>
    <bullet14/>
    <bullet15/>
    <bullet16/>
    <bullet17/>
    <bullet18/>
    <bullet19/>
    <bullet20/>
    <bullet21/>
    <bullet22/>
    <bullet23/>
    <bullet24/>
    <vendorPriceUpdateDate>2023-04-22 00:00:00</vendorPriceUpdateDate>
  </part>
  <part>
    <partNumber>12500299</partNumber>
    <punctuatedPartNumber>1250-0299</punctuatedPartNumber>
    <partStatusDescription>STANDARD</partStatusDescription>
    <partDescription>Ice Screws - 5/8" - 250 Pack</partDescription>
    <unitOfMeasure>250 Pack</unitOfMeasure>
    <brandName>GOLD SCREWS</brandName>
    <supplierNumber>1250-0299</supplierNumber>
    <specialInstructions/>
    <baseDealerPrice>21.00</baseDealerPrice>
    <yourDealerPrice>21.00</yourDealerPrice>
    <baseRetailPrice>32.95</baseRetailPrice>
    <originalRetailPrice>32.95</originalRetailPrice>
    <partImage>http://asset.lemansnet.com/z/LzkvNy9FLzk3RTVFRTkyLTg3MkEtNDY1OC05QjdGLTg4NEM3OEZDMTkwQQ==</partImage>
    <productId>0622995233</productId>
    <productName>"Pro Gold" Ice Screws</productName>
    <productImage>http://asset.lemansnet.com/z/LzkvNy9FLzk3RTVFRTkyLTg3MkEtNDY1OC05QjdGLTg4NEM3OEZDMTkwQQ==</productImage>
    <bullet1>Deep V-head design for the serious racer</bullet1>
    <bullet2>Large shank with coarse threads helps prevent screws from pulling out</bullet2>
    <bullet3>Heat-treated for long, sharp head life</bullet3>
    <bullet4>Fine thread screws are designed for better indexing in the tires</bullet4>
    <bullet5>Made in the U.S.A.</bullet5>
    <bullet6/>
    <bullet7/>
    <bullet8/>
    <bullet9/>
    <bullet10/>
    <bullet11/>
    <bullet12/>
    <bullet13/>
    <bullet14/>
    <bullet15/>
    <bullet16/>
    <bullet17/>
    <bullet18/>
    <bullet19/>
    <bullet20/>
    <bullet21/>
    <bullet22/>
    <bullet23/>
    <bullet24/>
    <vendorPriceUpdateDate>2023-04-22 00:00:00</vendorPriceUpdateDate>
  </part>
  <part>
    <partNumber>12500302</partNumber>
    <punctuatedPartNumber>1250-0302</punctuatedPartNumber>
    <partStatusDescription>STANDARD</partStatusDescription>
    <partDescription>Ice Screws - 7/8" - 1000 Pack</partDescription>
    <unitOfMeasure>1000 Pack</unitOfMeasure>
    <brandName>GOLD SCREWS</brandName>
    <supplierNumber>1250-0302</supplierNumber>
    <specialInstructions/>
    <baseDealerPrice>67.80</baseDealerPrice>
    <yourDealerPrice>67.80</yourDealerPrice>
    <baseRetailPrice>104.95</baseRetailPrice>
    <originalRetailPrice>104.95</originalRetailPrice>
    <partImage>http://asset.lemansnet.com/z/LzYvMy9GLzYzRkY5Rjc4LTVEMEYtNDcxQy04QkIwLURGRDlCQzA1NzM2MQ==</partImage>
    <productId>0622995233</productId>
    <productName>"Pro Gold" Ice Screws</productName>
    <productImage>http://asset.lemansnet.com/z/LzkvNy9FLzk3RTVFRTkyLTg3MkEtNDY1OC05QjdGLTg4NEM3OEZDMTkwQQ==</productImage>
    <bullet1>Deep V-head design for the serious racer</bullet1>
    <bullet2>Large shank with coarse threads helps prevent screws from pulling out</bullet2>
    <bullet3>Heat-treated for long, sharp head life</bullet3>
    <bullet4>Fine thread screws are designed for better indexing in the tires</bullet4>
    <bullet5>Made in the U.S.A.</bullet5>
    <bullet6/>
    <bullet7/>
    <bullet8/>
    <bullet9/>
    <bullet10/>
    <bullet11/>
    <bullet12/>
    <bullet13/>
    <bullet14/>
    <bullet15/>
    <bullet16/>
    <bullet17/>
    <bullet18/>
    <bullet19/>
    <bullet20/>
    <bullet21/>
    <bullet22/>
    <bullet23/>
    <bullet24/>
    <vendorPriceUpdateDate>2023-04-22 00:00:00</vendorPriceUpdateDate>
  </part>
  <part>
    <partNumber>12500304</partNumber>
    <punctuatedPartNumber>1250-0304</punctuatedPartNumber>
    <partStatusDescription>STANDARD</partStatusDescription>
    <partDescription>Ice Screws - 1" - 1000 Pack</partDescription>
    <unitOfMeasure>1000 Pack</unitOfMeasure>
    <brandName>GOLD SCREWS</brandName>
    <supplierNumber>1250-0304</supplierNumber>
    <specialInstructions/>
    <baseDealerPrice>69.90</baseDealerPrice>
    <yourDealerPrice>69.90</yourDealerPrice>
    <baseRetailPrice>107.95</baseRetailPrice>
    <originalRetailPrice>107.95</originalRetailPrice>
    <partImage>http://asset.lemansnet.com/z/LzYvMy9GLzYzRkY5Rjc4LTVEMEYtNDcxQy04QkIwLURGRDlCQzA1NzM2MQ==</partImage>
    <productId>0622995233</productId>
    <productName>"Pro Gold" Ice Screws</productName>
    <productImage>http://asset.lemansnet.com/z/LzkvNy9FLzk3RTVFRTkyLTg3MkEtNDY1OC05QjdGLTg4NEM3OEZDMTkwQQ==</productImage>
    <bullet1>Deep V-head design for the serious racer</bullet1>
    <bullet2>Large shank with coarse threads helps prevent screws from pulling out</bullet2>
    <bullet3>Heat-treated for long, sharp head life</bullet3>
    <bullet4>Fine thread screws are designed for better indexing in the tires</bullet4>
    <bullet5>Made in the U.S.A.</bullet5>
    <bullet6/>
    <bullet7/>
    <bullet8/>
    <bullet9/>
    <bullet10/>
    <bullet11/>
    <bullet12/>
    <bullet13/>
    <bullet14/>
    <bullet15/>
    <bullet16/>
    <bullet17/>
    <bullet18/>
    <bullet19/>
    <bullet20/>
    <bullet21/>
    <bullet22/>
    <bullet23/>
    <bullet24/>
    <vendorPriceUpdateDate>2023-04-22 00:00:00</vendorPriceUpdateDate>
  </part>
  <part>
    <partNumber>12500305</partNumber>
    <punctuatedPartNumber>1250-0305</punctuatedPartNumber>
    <partStatusDescription>STANDARD</partStatusDescription>
    <partDescription>Ice Screws - 3/4" - 250 Pack</partDescription>
    <unitOfMeasure>250 Pack</unitOfMeasure>
    <brandName>GOLD SCREWS</brandName>
    <supplierNumber>1250-0305</supplierNumber>
    <specialInstructions/>
    <baseDealerPrice>21.40</baseDealerPrice>
    <yourDealerPrice>21.40</yourDealerPrice>
    <baseRetailPrice>33.95</baseRetailPrice>
    <originalRetailPrice>33.95</originalRetailPrice>
    <partImage>http://asset.lemansnet.com/z/LzkvNy9FLzk3RTVFRTkyLTg3MkEtNDY1OC05QjdGLTg4NEM3OEZDMTkwQQ==</partImage>
    <productId>0622995233</productId>
    <productName>"Pro Gold" Ice Screws</productName>
    <productImage>http://asset.lemansnet.com/z/LzkvNy9FLzk3RTVFRTkyLTg3MkEtNDY1OC05QjdGLTg4NEM3OEZDMTkwQQ==</productImage>
    <bullet1>Deep V-head design for the serious racer</bullet1>
    <bullet2>Large shank with coarse threads helps prevent screws from pulling out</bullet2>
    <bullet3>Heat-treated for long, sharp head life</bullet3>
    <bullet4>Fine thread screws are designed for better indexing in the tires</bullet4>
    <bullet5>Made in the U.S.A.</bullet5>
    <bullet6/>
    <bullet7/>
    <bullet8/>
    <bullet9/>
    <bullet10/>
    <bullet11/>
    <bullet12/>
    <bullet13/>
    <bullet14/>
    <bullet15/>
    <bullet16/>
    <bullet17/>
    <bullet18/>
    <bullet19/>
    <bullet20/>
    <bullet21/>
    <bullet22/>
    <bullet23/>
    <bullet24/>
    <vendorPriceUpdateDate>2023-04-22 00:00:00</vendorPriceUpdateDate>
  </part>
  <part>
    <partNumber>12500643</partNumber>
    <punctuatedPartNumber>1250-0643</punctuatedPartNumber>
    <partStatusDescription>STANDARD</partStatusDescription>
    <partDescription>Ice Screws - Gold - 3/8" - 250</partDescription>
    <unitOfMeasure>250 Pack</unitOfMeasure>
    <brandName>GOLD SCREWS</brandName>
    <supplierNumber>12500643</supplierNumber>
    <specialInstructions/>
    <baseDealerPrice>17.70</baseDealerPrice>
    <yourDealerPrice>17.70</yourDealerPrice>
    <baseRetailPrice>27.95</baseRetailPrice>
    <originalRetailPrice>27.95</originalRetailPrice>
    <partImage>http://asset.lemansnet.com/z/L0IvQy9BL0JDQTFBRDUyLTY0MjItNDFEMS05NkFFLUQ2OUU2QjgyQzg2OQ==</partImage>
    <productId>0007370712</productId>
    <productName>"Original" Gold Ice Screws</productName>
    <productImage>http://asset.lemansnet.com/z/L0IvQy9BL0JDQTFBRDUyLTY0MjItNDFEMS05NkFFLUQ2OUU2QjgyQzg2OQ==</productImage>
    <bullet1>Unique hex-head design offers more cutting edges</bullet1>
    <bullet2>Made in the U.S.A.</bullet2>
    <bullet3/>
    <bullet4/>
    <bullet5/>
    <bullet6/>
    <bullet7/>
    <bullet8/>
    <bullet9/>
    <bullet10/>
    <bullet11/>
    <bullet12/>
    <bullet13/>
    <bullet14/>
    <bullet15/>
    <bullet16/>
    <bullet17/>
    <bullet18/>
    <bullet19/>
    <bullet20/>
    <bullet21/>
    <bullet22/>
    <bullet23/>
    <bullet24/>
    <vendorPriceUpdateDate>2023-04-22 00:00:00</vendorPriceUpdateDate>
  </part>
  <part>
    <partNumber>12500645</partNumber>
    <punctuatedPartNumber>1250-0645</punctuatedPartNumber>
    <partStatusDescription>STANDARD</partStatusDescription>
    <partDescription>Ice Screws - 3/8" - 250 Pack</partDescription>
    <unitOfMeasure>250 Pack</unitOfMeasure>
    <brandName>GOLD SCREWS</brandName>
    <supplierNumber>12500645</supplierNumber>
    <specialInstructions/>
    <baseDealerPrice>18.20</baseDealerPrice>
    <yourDealerPrice>18.20</yourDealerPrice>
    <baseRetailPrice>28.95</baseRetailPrice>
    <originalRetailPrice>28.95</originalRetailPrice>
    <partImage>http://asset.lemansnet.com/z/LzYvMi84LzYyODk0QjdELTFDQ0UtNEEyNC1CQTBELTFDOEEwNjFFNUVBRCwvRi9ELzEvRkQxQzlBOTgtMDkzMi00Qjc5LTg3MUUtNDgwRkY2NDVFRUEz</partImage>
    <productId>0622995233</productId>
    <productName>"Pro Gold" Ice Screws</productName>
    <productImage>http://asset.lemansnet.com/z/LzkvNy9FLzk3RTVFRTkyLTg3MkEtNDY1OC05QjdGLTg4NEM3OEZDMTkwQQ==</productImage>
    <bullet1>Deep V-head design for the serious racer</bullet1>
    <bullet2>Large shank with coarse threads helps prevent screws from pulling out</bullet2>
    <bullet3>Heat-treated for long, sharp head life</bullet3>
    <bullet4>Fine thread screws are designed for better indexing in the tires</bullet4>
    <bullet5>Made in the U.S.A.</bullet5>
    <bullet6/>
    <bullet7/>
    <bullet8/>
    <bullet9/>
    <bullet10/>
    <bullet11/>
    <bullet12/>
    <bullet13/>
    <bullet14/>
    <bullet15/>
    <bullet16/>
    <bullet17/>
    <bullet18/>
    <bullet19/>
    <bullet20/>
    <bullet21/>
    <bullet22/>
    <bullet23/>
    <bullet24/>
    <vendorPriceUpdateDate>2023-04-22 00:00:00</vendorPriceUpdateDate>
  </part>
  <part>
    <partNumber>12500646</partNumber>
    <punctuatedPartNumber>1250-0646</punctuatedPartNumber>
    <partStatusDescription>STANDARD</partStatusDescription>
    <partDescription>Ice Screws - 3/8" - 1000 Pack</partDescription>
    <unitOfMeasure>1000 Pack</unitOfMeasure>
    <brandName>GOLD SCREWS</brandName>
    <supplierNumber>12500646</supplierNumber>
    <specialInstructions/>
    <baseDealerPrice>54.80</baseDealerPrice>
    <yourDealerPrice>54.80</yourDealerPrice>
    <baseRetailPrice>84.95</baseRetailPrice>
    <originalRetailPrice>84.95</originalRetailPrice>
    <partImage>http://asset.lemansnet.com/z/LzQvNS82LzQ1NjQ3MjNCLTBDMUYtNDMxRC04QTE1LTAxM0VDREFFODgxRSwvRC9FLzQvREU0NkE5M0EtRjQ0RC00M0UzLUIwRDctM0Q4MzlDQzc4NENG</partImage>
    <productId>0622995233</productId>
    <productName>"Pro Gold" Ice Screws</productName>
    <productImage>http://asset.lemansnet.com/z/LzkvNy9FLzk3RTVFRTkyLTg3MkEtNDY1OC05QjdGLTg4NEM3OEZDMTkwQQ==</productImage>
    <bullet1>Deep V-head design for the serious racer</bullet1>
    <bullet2>Large shank with coarse threads helps prevent screws from pulling out</bullet2>
    <bullet3>Heat-treated for long, sharp head life</bullet3>
    <bullet4>Fine thread screws are designed for better indexing in the tires</bullet4>
    <bullet5>Made in the U.S.A.</bullet5>
    <bullet6/>
    <bullet7/>
    <bullet8/>
    <bullet9/>
    <bullet10/>
    <bullet11/>
    <bullet12/>
    <bullet13/>
    <bullet14/>
    <bullet15/>
    <bullet16/>
    <bullet17/>
    <bullet18/>
    <bullet19/>
    <bullet20/>
    <bullet21/>
    <bullet22/>
    <bullet23/>
    <bullet24/>
    <vendorPriceUpdateDate>2023-04-22 00:00:00</vendorPriceUpdateDate>
  </part>
  <part>
    <partNumber>12500644</partNumber>
    <punctuatedPartNumber>1250-0644</punctuatedPartNumber>
    <partStatusDescription>STANDARD</partStatusDescription>
    <partDescription>Ice Screws - Gold - 3/8" - 1000</partDescription>
    <unitOfMeasure>1000 Pack</unitOfMeasure>
    <brandName>GOLD SCREWS</brandName>
    <supplierNumber>12500644</supplierNumber>
    <specialInstructions/>
    <baseDealerPrice>52.40</baseDealerPrice>
    <yourDealerPrice>52.40</yourDealerPrice>
    <baseRetailPrice>81.95</baseRetailPrice>
    <originalRetailPrice>81.95</originalRetailPrice>
    <partImage>http://asset.lemansnet.com/z/L0IvQy9BL0JDQTFBRDUyLTY0MjItNDFEMS05NkFFLUQ2OUU2QjgyQzg2OQ==</partImage>
    <productId>0007370712</productId>
    <productName>"Original" Gold Ice Screws</productName>
    <productImage>http://asset.lemansnet.com/z/L0IvQy9BL0JDQTFBRDUyLTY0MjItNDFEMS05NkFFLUQ2OUU2QjgyQzg2OQ==</productImage>
    <bullet1>Unique hex-head design offers more cutting edges</bullet1>
    <bullet2>Made in the U.S.A.</bullet2>
    <bullet3/>
    <bullet4/>
    <bullet5/>
    <bullet6/>
    <bullet7/>
    <bullet8/>
    <bullet9/>
    <bullet10/>
    <bullet11/>
    <bullet12/>
    <bullet13/>
    <bullet14/>
    <bullet15/>
    <bullet16/>
    <bullet17/>
    <bullet18/>
    <bullet19/>
    <bullet20/>
    <bullet21/>
    <bullet22/>
    <bullet23/>
    <bullet24/>
    <vendorPriceUpdateDate>2023-04-22 00:00:00</vendorPriceUpdateDate>
  </part>
  <part>
    <partNumber>12500058</partNumber>
    <punctuatedPartNumber>1250-0058</punctuatedPartNumber>
    <partStatusDescription>STANDARD</partStatusDescription>
    <partDescription>Ice Screws - Gold - 5/8" - 1000</partDescription>
    <unitOfMeasure>1000 Pack</unitOfMeasure>
    <brandName>GOLD SCREWS</brandName>
    <supplierNumber>1250-0058</supplierNumber>
    <specialInstructions/>
    <baseDealerPrice>60.70</baseDealerPrice>
    <yourDealerPrice>60.70</yourDealerPrice>
    <baseRetailPrice>94.95</baseRetailPrice>
    <originalRetailPrice>94.95</originalRetailPrice>
    <partImage>http://asset.lemansnet.com/z/L0IvQy9BL0JDQTFBRDUyLTY0MjItNDFEMS05NkFFLUQ2OUU2QjgyQzg2OQ==</partImage>
    <productId>0007370712</productId>
    <productName>"Original" Gold Ice Screws</productName>
    <productImage>http://asset.lemansnet.com/z/L0IvQy9BL0JDQTFBRDUyLTY0MjItNDFEMS05NkFFLUQ2OUU2QjgyQzg2OQ==</productImage>
    <bullet1>Unique hex-head design offers more cutting edges</bullet1>
    <bullet2>Made in the U.S.A.</bullet2>
    <bullet3/>
    <bullet4/>
    <bullet5/>
    <bullet6/>
    <bullet7/>
    <bullet8/>
    <bullet9/>
    <bullet10/>
    <bullet11/>
    <bullet12/>
    <bullet13/>
    <bullet14/>
    <bullet15/>
    <bullet16/>
    <bullet17/>
    <bullet18/>
    <bullet19/>
    <bullet20/>
    <bullet21/>
    <bullet22/>
    <bullet23/>
    <bullet24/>
    <vendorPriceUpdateDate>2023-04-22 00:00:00</vendorPriceUpdateDate>
  </part>
  <part>
    <partNumber>12500059</partNumber>
    <punctuatedPartNumber>1250-0059</punctuatedPartNumber>
    <partStatusDescription>STANDARD</partStatusDescription>
    <partDescription>Ice Screws - Gold - 3/4" - 250</partDescription>
    <unitOfMeasure>250 Pack</unitOfMeasure>
    <brandName>GOLD SCREWS</brandName>
    <supplierNumber>1250-0059</supplierNumber>
    <specialInstructions/>
    <baseDealerPrice>20.90</baseDealerPrice>
    <yourDealerPrice>20.90</yourDealerPrice>
    <baseRetailPrice>32.95</baseRetailPrice>
    <originalRetailPrice>32.95</originalRetailPrice>
    <partImage>http://asset.lemansnet.com/z/L0IvQy9BL0JDQTFBRDUyLTY0MjItNDFEMS05NkFFLUQ2OUU2QjgyQzg2OQ==</partImage>
    <productId>0007370712</productId>
    <productName>"Original" Gold Ice Screws</productName>
    <productImage>http://asset.lemansnet.com/z/L0IvQy9BL0JDQTFBRDUyLTY0MjItNDFEMS05NkFFLUQ2OUU2QjgyQzg2OQ==</productImage>
    <bullet1>Unique hex-head design offers more cutting edges</bullet1>
    <bullet2>Made in the U.S.A.</bullet2>
    <bullet3/>
    <bullet4/>
    <bullet5/>
    <bullet6/>
    <bullet7/>
    <bullet8/>
    <bullet9/>
    <bullet10/>
    <bullet11/>
    <bullet12/>
    <bullet13/>
    <bullet14/>
    <bullet15/>
    <bullet16/>
    <bullet17/>
    <bullet18/>
    <bullet19/>
    <bullet20/>
    <bullet21/>
    <bullet22/>
    <bullet23/>
    <bullet24/>
    <vendorPriceUpdateDate>2023-04-22 00:00:00</vendorPriceUpdateDate>
  </part>
  <part>
    <partNumber>12500651</partNumber>
    <punctuatedPartNumber>1250-0651</punctuatedPartNumber>
    <partStatusDescription>STANDARD</partStatusDescription>
    <partDescription>Ice Screws - 1-1/2" - 500 Pack</partDescription>
    <unitOfMeasure>500 Pack</unitOfMeasure>
    <brandName>GOLD SCREWS</brandName>
    <supplierNumber>1-1/2"500</supplierNumber>
    <specialInstructions/>
    <baseDealerPrice>63.10</baseDealerPrice>
    <yourDealerPrice>63.10</yourDealerPrice>
    <baseRetailPrice>98.95</baseRetailPrice>
    <originalRetailPrice>98.95</originalRetailPrice>
    <partImage>http://asset.lemansnet.com/z/L0IvMC9FL0IwRTU0MUU1LUMxOEQtNEVEQi1BMUQ4LTk1MUU1REQ5NTY2Qw==</partImage>
    <productId>1728922265</productId>
    <productName>"Pro Gold" Ice Screws</productName>
    <productImage>http://asset.lemansnet.com/z/LzkvNy9FLzk3RTVFRTkyLTg3MkEtNDY1OC05QjdGLTg4NEM3OEZDMTkwQQ==</productImage>
    <bullet1>Deep V-head design for the serious racer</bullet1>
    <bullet2>Large shank with coarse threads helps prevent screws from pulling out</bullet2>
    <bullet3>Heat-treated for long, sharp head life</bullet3>
    <bullet4>Fine thread screws are designed for better indexing in the tires</bullet4>
    <bullet5>Made in the U.S.A.</bullet5>
    <bullet6/>
    <bullet7/>
    <bullet8/>
    <bullet9/>
    <bullet10/>
    <bullet11/>
    <bullet12/>
    <bullet13/>
    <bullet14/>
    <bullet15/>
    <bullet16/>
    <bullet17/>
    <bullet18/>
    <bullet19/>
    <bullet20/>
    <bullet21/>
    <bullet22/>
    <bullet23/>
    <bullet24/>
    <vendorPriceUpdateDate>2023-04-22 00:00:00</vendorPriceUpdateDate>
  </part>
  <part>
    <partNumber>12500062</partNumber>
    <punctuatedPartNumber>1250-0062</punctuatedPartNumber>
    <partStatusDescription>STANDARD</partStatusDescription>
    <partDescription>Ice Screws - Gold - 1" - 1000</partDescription>
    <unitOfMeasure>1000 Pack</unitOfMeasure>
    <brandName>GOLD SCREWS</brandName>
    <supplierNumber>1250-0062</supplierNumber>
    <specialInstructions/>
    <baseDealerPrice>67.90</baseDealerPrice>
    <yourDealerPrice>67.90</yourDealerPrice>
    <baseRetailPrice>104.95</baseRetailPrice>
    <originalRetailPrice>104.95</originalRetailPrice>
    <partImage>http://asset.lemansnet.com/z/L0IvQy9BL0JDQTFBRDUyLTY0MjItNDFEMS05NkFFLUQ2OUU2QjgyQzg2OQ==</partImage>
    <productId>0007370712</productId>
    <productName>"Original" Gold Ice Screws</productName>
    <productImage>http://asset.lemansnet.com/z/L0IvQy9BL0JDQTFBRDUyLTY0MjItNDFEMS05NkFFLUQ2OUU2QjgyQzg2OQ==</productImage>
    <bullet1>Unique hex-head design offers more cutting edges</bullet1>
    <bullet2>Made in the U.S.A.</bullet2>
    <bullet3/>
    <bullet4/>
    <bullet5/>
    <bullet6/>
    <bullet7/>
    <bullet8/>
    <bullet9/>
    <bullet10/>
    <bullet11/>
    <bullet12/>
    <bullet13/>
    <bullet14/>
    <bullet15/>
    <bullet16/>
    <bullet17/>
    <bullet18/>
    <bullet19/>
    <bullet20/>
    <bullet21/>
    <bullet22/>
    <bullet23/>
    <bullet24/>
    <vendorPriceUpdateDate>2023-04-22 00:00:00</vendorPriceUpdateDate>
  </part>
  <part>
    <partNumber>12500301</partNumber>
    <punctuatedPartNumber>1250-0301</punctuatedPartNumber>
    <partStatusDescription>STANDARD</partStatusDescription>
    <partDescription>Ice Screws - 7/8" - 250 Pack</partDescription>
    <unitOfMeasure>250 Pack</unitOfMeasure>
    <brandName>GOLD SCREWS</brandName>
    <supplierNumber>1250-0301</supplierNumber>
    <specialInstructions/>
    <baseDealerPrice>21.80</baseDealerPrice>
    <yourDealerPrice>21.80</yourDealerPrice>
    <baseRetailPrice>33.95</baseRetailPrice>
    <originalRetailPrice>33.95</originalRetailPrice>
    <partImage>http://asset.lemansnet.com/z/LzYvMy9GLzYzRkY5Rjc4LTVEMEYtNDcxQy04QkIwLURGRDlCQzA1NzM2MQ==</partImage>
    <productId>0622995233</productId>
    <productName>"Pro Gold" Ice Screws</productName>
    <productImage>http://asset.lemansnet.com/z/LzkvNy9FLzk3RTVFRTkyLTg3MkEtNDY1OC05QjdGLTg4NEM3OEZDMTkwQQ==</productImage>
    <bullet1>Deep V-head design for the serious racer</bullet1>
    <bullet2>Large shank with coarse threads helps prevent screws from pulling out</bullet2>
    <bullet3>Heat-treated for long, sharp head life</bullet3>
    <bullet4>Fine thread screws are designed for better indexing in the tires</bullet4>
    <bullet5>Made in the U.S.A.</bullet5>
    <bullet6/>
    <bullet7/>
    <bullet8/>
    <bullet9/>
    <bullet10/>
    <bullet11/>
    <bullet12/>
    <bullet13/>
    <bullet14/>
    <bullet15/>
    <bullet16/>
    <bullet17/>
    <bullet18/>
    <bullet19/>
    <bullet20/>
    <bullet21/>
    <bullet22/>
    <bullet23/>
    <bullet24/>
    <vendorPriceUpdateDate>2023-04-22 00:00:00</vendorPriceUpdateDate>
  </part>
  <part>
    <partNumber>12500648</partNumber>
    <punctuatedPartNumber>1250-0648</punctuatedPartNumber>
    <partStatusDescription>STANDARD</partStatusDescription>
    <partDescription>Ice Screws - 1-1/4" - 250 Pack</partDescription>
    <unitOfMeasure>250 Pack</unitOfMeasure>
    <brandName>GOLD SCREWS</brandName>
    <supplierNumber>1-1/4"250</supplierNumber>
    <specialInstructions/>
    <baseDealerPrice>35.10</baseDealerPrice>
    <yourDealerPrice>35.10</yourDealerPrice>
    <baseRetailPrice>54.95</baseRetailPrice>
    <originalRetailPrice>54.95</originalRetailPrice>
    <partImage>http://asset.lemansnet.com/z/L0MvNC83L0M0NzYwMERDLTEwMkEtNEVENS04N0RGLTdFMEI1Nzk4MTk0NQ==</partImage>
    <productId>1728922265</productId>
    <productName>"Pro Gold" Ice Screws</productName>
    <productImage>http://asset.lemansnet.com/z/LzkvNy9FLzk3RTVFRTkyLTg3MkEtNDY1OC05QjdGLTg4NEM3OEZDMTkwQQ==</productImage>
    <bullet1>Deep V-head design for the serious racer</bullet1>
    <bullet2>Large shank with coarse threads helps prevent screws from pulling out</bullet2>
    <bullet3>Heat-treated for long, sharp head life</bullet3>
    <bullet4>Fine thread screws are designed for better indexing in the tires</bullet4>
    <bullet5>Made in the U.S.A.</bullet5>
    <bullet6/>
    <bullet7/>
    <bullet8/>
    <bullet9/>
    <bullet10/>
    <bullet11/>
    <bullet12/>
    <bullet13/>
    <bullet14/>
    <bullet15/>
    <bullet16/>
    <bullet17/>
    <bullet18/>
    <bullet19/>
    <bullet20/>
    <bullet21/>
    <bullet22/>
    <bullet23/>
    <bullet24/>
    <vendorPriceUpdateDate>2023-04-22 00:00:00</vendorPriceUpdateDate>
  </part>
  <part>
    <partNumber>12500650</partNumber>
    <punctuatedPartNumber>1250-0650</punctuatedPartNumber>
    <partStatusDescription>STANDARD</partStatusDescription>
    <partDescription>Ice Screws - 1-1/2" - 250 Pack</partDescription>
    <unitOfMeasure>250 Pack</unitOfMeasure>
    <brandName>GOLD SCREWS</brandName>
    <supplierNumber>1-1/2"250</supplierNumber>
    <specialInstructions/>
    <baseDealerPrice>40.30</baseDealerPrice>
    <yourDealerPrice>40.30</yourDealerPrice>
    <baseRetailPrice>62.95</baseRetailPrice>
    <originalRetailPrice>62.95</originalRetailPrice>
    <partImage>http://asset.lemansnet.com/z/LzkvMy9GLzkzRkUzOTgzLThGNEItNDE2Ni05QzAwLURBOTc5QzcwOTJBMg==</partImage>
    <productId>1728922265</productId>
    <productName>"Pro Gold" Ice Screws</productName>
    <productImage>http://asset.lemansnet.com/z/LzkvNy9FLzk3RTVFRTkyLTg3MkEtNDY1OC05QjdGLTg4NEM3OEZDMTkwQQ==</productImage>
    <bullet1>Deep V-head design for the serious racer</bullet1>
    <bullet2>Large shank with coarse threads helps prevent screws from pulling out</bullet2>
    <bullet3>Heat-treated for long, sharp head life</bullet3>
    <bullet4>Fine thread screws are designed for better indexing in the tires</bullet4>
    <bullet5>Made in the U.S.A.</bullet5>
    <bullet6/>
    <bullet7/>
    <bullet8/>
    <bullet9/>
    <bullet10/>
    <bullet11/>
    <bullet12/>
    <bullet13/>
    <bullet14/>
    <bullet15/>
    <bullet16/>
    <bullet17/>
    <bullet18/>
    <bullet19/>
    <bullet20/>
    <bullet21/>
    <bullet22/>
    <bullet23/>
    <bullet24/>
    <vendorPriceUpdateDate>2023-04-22 00:00:00</vendorPriceUpdateDate>
  </part>
  <part>
    <partNumber>12500060</partNumber>
    <punctuatedPartNumber>1250-0060</punctuatedPartNumber>
    <partStatusDescription>STANDARD</partStatusDescription>
    <partDescription>Ice Screws - Gold - 3/4" - 1000</partDescription>
    <unitOfMeasure>1000 Pack</unitOfMeasure>
    <brandName>GOLD SCREWS</brandName>
    <supplierNumber>1250-0060</supplierNumber>
    <specialInstructions/>
    <baseDealerPrice>64.40</baseDealerPrice>
    <yourDealerPrice>64.40</yourDealerPrice>
    <baseRetailPrice>99.95</baseRetailPrice>
    <originalRetailPrice>99.95</originalRetailPrice>
    <partImage>http://asset.lemansnet.com/z/L0IvQy9BL0JDQTFBRDUyLTY0MjItNDFEMS05NkFFLUQ2OUU2QjgyQzg2OQ==</partImage>
    <productId>0007370712</productId>
    <productName>"Original" Gold Ice Screws</productName>
    <productImage>http://asset.lemansnet.com/z/L0IvQy9BL0JDQTFBRDUyLTY0MjItNDFEMS05NkFFLUQ2OUU2QjgyQzg2OQ==</productImage>
    <bullet1>Unique hex-head design offers more cutting edges</bullet1>
    <bullet2>Made in the U.S.A.</bullet2>
    <bullet3/>
    <bullet4/>
    <bullet5/>
    <bullet6/>
    <bullet7/>
    <bullet8/>
    <bullet9/>
    <bullet10/>
    <bullet11/>
    <bullet12/>
    <bullet13/>
    <bullet14/>
    <bullet15/>
    <bullet16/>
    <bullet17/>
    <bullet18/>
    <bullet19/>
    <bullet20/>
    <bullet21/>
    <bullet22/>
    <bullet23/>
    <bullet24/>
    <vendorPriceUpdateDate>2023-04-22 00:00:00</vendorPriceUpdateDate>
  </part>
  <part>
    <partNumber>12500649</partNumber>
    <punctuatedPartNumber>1250-0649</punctuatedPartNumber>
    <partStatusDescription>STANDARD</partStatusDescription>
    <partDescription>Ice Screws - 1-1/4" - 500 Pack</partDescription>
    <unitOfMeasure>500 Pack</unitOfMeasure>
    <brandName>GOLD SCREWS</brandName>
    <supplierNumber>1-1/4"500</supplierNumber>
    <specialInstructions/>
    <baseDealerPrice>58.70</baseDealerPrice>
    <yourDealerPrice>58.70</yourDealerPrice>
    <baseRetailPrice>91.95</baseRetailPrice>
    <originalRetailPrice>91.95</originalRetailPrice>
    <partImage>http://asset.lemansnet.com/z/L0MvQi9FL0NCRTZDNDRFLUQ4NEUtNDE5NS1CODFBLTMxMkY4QTNFMTQxRg==</partImage>
    <productId>1728922265</productId>
    <productName>"Pro Gold" Ice Screws</productName>
    <productImage>http://asset.lemansnet.com/z/LzkvNy9FLzk3RTVFRTkyLTg3MkEtNDY1OC05QjdGLTg4NEM3OEZDMTkwQQ==</productImage>
    <bullet1>Deep V-head design for the serious racer</bullet1>
    <bullet2>Large shank with coarse threads helps prevent screws from pulling out</bullet2>
    <bullet3>Heat-treated for long, sharp head life</bullet3>
    <bullet4>Fine thread screws are designed for better indexing in the tires</bullet4>
    <bullet5>Made in the U.S.A.</bullet5>
    <bullet6/>
    <bullet7/>
    <bullet8/>
    <bullet9/>
    <bullet10/>
    <bullet11/>
    <bullet12/>
    <bullet13/>
    <bullet14/>
    <bullet15/>
    <bullet16/>
    <bullet17/>
    <bullet18/>
    <bullet19/>
    <bullet20/>
    <bullet21/>
    <bullet22/>
    <bullet23/>
    <bullet24/>
    <vendorPriceUpdateDate>2023-04-22 00:00:00</vendorPriceUpdateDate>
  </part>
</root>
