<root>
  <part>
    <partNumber>09300105</partNumber>
    <punctuatedPartNumber>0930-0105</punctuatedPartNumber>
    <partStatusDescription>DISCONTINUED</partStatusDescription>
    <partDescription>Cylinder Head w/o Domes - 701 Engine - Yamaha Superjet</partDescription>
    <unitOfMeasure>Each</unitOfMeasure>
    <brandName>BLOWSION</brandName>
    <supplierNumber>01-03-118</supplierNumber>
    <specialInstructions>Discontinued Item</specialInstructions>
    <baseDealerPrice>170.80</baseDealerPrice>
    <yourDealerPrice>170.80</yourDealerPrice>
    <baseRetailPrice>0.00</baseRetailPrice>
    <originalRetailPrice>305.95</originalRetailPrice>
    <partImage>http://asset.lemansnet.com/z/L0EvNi85L0E2OTZCN0VGLTUzQTMtNEMzNC1CMTU1LTg3OTNENUM2MUE5RSwvOS83L0EvOTdBNTY2RDYtQkNFOS00RDgxLThEMDItQ0NFRkJBMDRGNEY4</partImage>
    <productId>1658805061</productId>
    <productName>Cylinder Head</productName>
    <productImage>http://asset.lemansnet.com/z/L0EvNi85L0E2OTZCN0VGLTUzQTMtNEMzNC1CMTU1LTg3OTNENUM2MUE5RQ==</productImage>
    <bullet1>Developed and designed in conjunction with the Kommander himself, Steve Webster, as a Blowsion exclusive offering</bullet1>
    <bullet2>One-piece Yamaha billet aluminum/CNC performance cylinder head kit provides the best of both worlds with excellent horsepower gains, and better cooling capacity</bullet2>
    <bullet3>State-of-the-art heads use the same replaceable domes of Blowsion's popular 2-piece girdled Yamaha heads and utilize an improved squish band design for easy tuning and more compression for pump gas friendly horsepower</bullet3>
    <bullet4>Up to 70% better cooling, increased reliability and CAD designed combustion chambers ensure maximum performance and long engine life</bullet4>
    <bullet5>Head includes all hardware needed for installation</bullet5>
    <bullet6>2 domes required (sold separately).</bullet6>
    <bullet7/>
    <bullet8/>
    <bullet9/>
    <bullet10/>
    <bullet11/>
    <bullet12/>
    <bullet13/>
    <bullet14/>
    <bullet15/>
    <bullet16/>
    <bullet17/>
    <bullet18/>
    <bullet19/>
    <bullet20/>
    <bullet21/>
    <bullet22/>
    <bullet23/>
    <bullet24/>
    <vendorPriceUpdateDate>2022-03-14 00:00:00</vendorPriceUpdateDate>
  </part>
  <part>
    <partNumber>48090294</partNumber>
    <punctuatedPartNumber>4809-0294</punctuatedPartNumber>
    <partStatusDescription>DISCONTINUED</partStatusDescription>
    <partDescription>Pump Cone - Freestyle - Polaris/Yamaha</partDescription>
    <unitOfMeasure>Each</unitOfMeasure>
    <brandName>BLOWSION</brandName>
    <supplierNumber>02-02-407</supplierNumber>
    <specialInstructions>Discontinued Item</specialInstructions>
    <baseDealerPrice>33.50</baseDealerPrice>
    <yourDealerPrice>33.50</yourDealerPrice>
    <baseRetailPrice>0.00</baseRetailPrice>
    <originalRetailPrice>59.95</originalRetailPrice>
    <partImage>http://asset.lemansnet.com/z/LzAvRC80LzBENEEyNkZDLTYxQjYtNEQ3Qi1BMDRCLUYwRjc3OUQ3NTc1Mg==</partImage>
    <productId>0902870225</productId>
    <productName>Freestyle Pump Cone</productName>
    <productImage>http://asset.lemansnet.com/z/LzkvOC8wLzk4MDNCQUYwLTEwMUUtNEI3OS1CREM5LTQ1MTM0NzlDNTQwMw==</productImage>
    <bullet1>The small size lets a large volume of water move through the pump with less restriction than with the stock tailcone</bullet1>
    <bullet2>Works great with a bored-out stock nozzle to help provide even more low end</bullet2>
    <bullet3>Freestyle pump cone allows the engine to rev faster for the big tricks</bullet3>
    <bullet4>Detailed instructions and all mounting hardware included</bullet4>
    <bullet5>Provides more low-end thrust for bigger air</bullet5>
    <bullet6>Designed with the freestyler in mind</bullet6>
    <bullet7/>
    <bullet8/>
    <bullet9/>
    <bullet10/>
    <bullet11/>
    <bullet12/>
    <bullet13/>
    <bullet14/>
    <bullet15/>
    <bullet16/>
    <bullet17/>
    <bullet18/>
    <bullet19/>
    <bullet20/>
    <bullet21/>
    <bullet22/>
    <bullet23/>
    <bullet24/>
    <vendorPriceUpdateDate>2022-03-14 00:00:00</vendorPriceUpdateDate>
  </part>
  <part>
    <partNumber>09344575</partNumber>
    <punctuatedPartNumber>0934-4575</punctuatedPartNumber>
    <partStatusDescription>STANDARD</partStatusDescription>
    <partDescription>Base Gasket - .020" - Kawasaki 750/800</partDescription>
    <unitOfMeasure>Kit</unitOfMeasure>
    <brandName>BLOWSION</brandName>
    <supplierNumber>01-03-302</supplierNumber>
    <specialInstructions/>
    <baseDealerPrice>20.90</baseDealerPrice>
    <yourDealerPrice>20.90</yourDealerPrice>
    <baseRetailPrice>29.95</baseRetailPrice>
    <originalRetailPrice>29.95</originalRetailPrice>
    <partImage>http://asset.lemansnet.com/z/LzcvNi9FLzc2RTA3RjhFLTEyQzgtNDk1MS1CNzdBLTk4M0NGNEQyNjlFQQ==</partImage>
    <productId>1302639046</productId>
    <productName>Super Cylinder Base Gasket Kit</productName>
    <productImage>http://asset.lemansnet.com/z/L0EvOC9DL0E4Q0M4RkE3LUE5QjktNDVDMy05RTBGLTdEMkIxOTU1QkM0Ng==</productImage>
    <bullet1>Simple to install stainless and reusable base gasket, simply clean both mating surfaces and install</bullet1>
    <bullet2>Coated stainless steel standard thickness of 0.020”</bullet2>
    <bullet3>Gasket with metal core for blow-out protection</bullet3>
    <bullet4>No need to use messy gasket sealants like others</bullet4>
    <bullet5/>
    <bullet6/>
    <bullet7/>
    <bullet8/>
    <bullet9/>
    <bullet10/>
    <bullet11/>
    <bullet12/>
    <bullet13/>
    <bullet14/>
    <bullet15/>
    <bullet16/>
    <bullet17/>
    <bullet18/>
    <bullet19/>
    <bullet20/>
    <bullet21/>
    <bullet22/>
    <bullet23/>
    <bullet24/>
    <vendorPriceUpdateDate>2023-04-22 00:00:00</vendorPriceUpdateDate>
  </part>
  <part>
    <partNumber>07030544</partNumber>
    <punctuatedPartNumber>0703-0544</punctuatedPartNumber>
    <partStatusDescription>STANDARD</partStatusDescription>
    <partDescription>Fuel Cap - Yamaha</partDescription>
    <unitOfMeasure>Each</unitOfMeasure>
    <brandName>BLOWSION</brandName>
    <supplierNumber>04-03-151</supplierNumber>
    <specialInstructions>Discontinued Per Buyer</specialInstructions>
    <baseDealerPrice>64.30</baseDealerPrice>
    <yourDealerPrice>64.30</yourDealerPrice>
    <baseRetailPrice>91.95</baseRetailPrice>
    <originalRetailPrice>91.95</originalRetailPrice>
    <partImage>http://asset.lemansnet.com/z/L0MvNy80L0M3NEI2NzY1LTdFNDMtNDAzNC1CODRELUI2MjU1MEY2OUNDMA==</partImage>
    <productId>0926419024</productId>
    <productName>Low Profile Billet Aluminum Fuel Cap</productName>
    <productImage>http://asset.lemansnet.com/z/L0MvNy80L0M3NEI2NzY1LTdFNDMtNDAzNC1CODRELUI2MjU1MEY2OUNDMA==</productImage>
    <bullet1>Low profile smooth design allows for outside fueling, yet will not get in the way during aerial or freestyle moves around the front of the watercraft</bullet1>
    <bullet2>For all Yamaha watercraft</bullet2>
    <bullet3/>
    <bullet4/>
    <bullet5/>
    <bullet6/>
    <bullet7/>
    <bullet8/>
    <bullet9/>
    <bullet10/>
    <bullet11/>
    <bullet12/>
    <bullet13/>
    <bullet14/>
    <bullet15/>
    <bullet16/>
    <bullet17/>
    <bullet18/>
    <bullet19/>
    <bullet20/>
    <bullet21/>
    <bullet22/>
    <bullet23/>
    <bullet24/>
    <vendorPriceUpdateDate>2022-07-12 00:00:00</vendorPriceUpdateDate>
  </part>
  <part>
    <partNumber>07050313</partNumber>
    <punctuatedPartNumber>0705-0313</punctuatedPartNumber>
    <partStatusDescription>STANDARD</partStatusDescription>
    <partDescription>Dash Knob - Kawasaki</partDescription>
    <unitOfMeasure>Each</unitOfMeasure>
    <brandName>BLOWSION</brandName>
    <supplierNumber>04-03-307</supplierNumber>
    <specialInstructions/>
    <baseDealerPrice>21.00</baseDealerPrice>
    <yourDealerPrice>21.00</yourDealerPrice>
    <baseRetailPrice>29.95</baseRetailPrice>
    <originalRetailPrice>39.95</originalRetailPrice>
    <partImage>http://asset.lemansnet.com/z/L0YvNS8xL0Y1MTU0QUE4LUVCQjMtNDc3QS04Q0VFLTFFMjY2MTI0NjEwMg==</partImage>
    <productId>1352149203</productId>
    <productName>Dash Knob</productName>
    <productImage>http://asset.lemansnet.com/z/L0YvNS8xL0Y1MTU0QUE4LUVCQjMtNDc3QS04Q0VFLTFFMjY2MTI0NjEwMg==</productImage>
    <bullet1>Direct replacement for the OEM plastic knobs</bullet1>
    <bullet2>Bright dip black anodized aluminum construction</bullet2>
    <bullet3/>
    <bullet4/>
    <bullet5/>
    <bullet6/>
    <bullet7/>
    <bullet8/>
    <bullet9/>
    <bullet10/>
    <bullet11/>
    <bullet12/>
    <bullet13/>
    <bullet14/>
    <bullet15/>
    <bullet16/>
    <bullet17/>
    <bullet18/>
    <bullet19/>
    <bullet20/>
    <bullet21/>
    <bullet22/>
    <bullet23/>
    <bullet24/>
    <vendorPriceUpdateDate>2022-03-14 00:00:00</vendorPriceUpdateDate>
  </part>
  <part>
    <partNumber>06320708</partNumber>
    <punctuatedPartNumber>0632-0708</punctuatedPartNumber>
    <partStatusDescription>STANDARD</partStatusDescription>
    <partDescription>Throttle Lever - Orange</partDescription>
    <unitOfMeasure>Each</unitOfMeasure>
    <brandName>BLOWSION</brandName>
    <supplierNumber>03-05-205</supplierNumber>
    <specialInstructions/>
    <baseDealerPrice>55.10</baseDealerPrice>
    <yourDealerPrice>55.10</yourDealerPrice>
    <baseRetailPrice>78.95</baseRetailPrice>
    <originalRetailPrice>78.95</originalRetailPrice>
    <partImage>http://asset.lemansnet.com/z/LzkvQy9FLzlDRUIwRkIyLTZENTktNEE2Qi1CODA3LUU2QzAwRDBFRDdCNg==</partImage>
    <productId>1964896733</productId>
    <productName>Billet Throttle Lever</productName>
    <productImage>http://asset.lemansnet.com/z/LzkvQy9FLzlDRUIwRkIyLTZENTktNEE2Qi1CODA3LUU2QzAwRDBFRDdCNg==</productImage>
    <bullet1>Machined with the stand-up rider’s comfort at the forefront</bullet1>
    <bullet2>Straight pull finger throttles are ergonomically designed for premium fit and feel, whether riders are on the waves or on the buoys</bullet2>
    <bullet3>Lever angle is situated to reduce hand and arm fatigue</bullet3>
    <bullet4>Delrin bushings eliminate the play common in OEM throttles and provide smooth throttle pull</bullet4>
    <bullet5>All-stainless hardware at the hinge point eliminates corrosion and play 100%</bullet5>
    <bullet6>No C-clips used</bullet6>
    <bullet7>Fits most models; however, some may require an adapter as listed</bullet7>
    <bullet8/>
    <bullet9/>
    <bullet10/>
    <bullet11/>
    <bullet12/>
    <bullet13/>
    <bullet14/>
    <bullet15/>
    <bullet16/>
    <bullet17/>
    <bullet18/>
    <bullet19/>
    <bullet20/>
    <bullet21/>
    <bullet22/>
    <bullet23/>
    <bullet24/>
    <vendorPriceUpdateDate>2023-04-22 00:00:00</vendorPriceUpdateDate>
  </part>
  <part>
    <partNumber>48070051</partNumber>
    <punctuatedPartNumber>4807-0051</punctuatedPartNumber>
    <partStatusDescription>STANDARD</partStatusDescription>
    <partDescription>Steering Cable - Heavy-Duty - Yamaha Superjet (All)</partDescription>
    <unitOfMeasure>Each</unitOfMeasure>
    <brandName>BLOWSION</brandName>
    <supplierNumber>02-05-302</supplierNumber>
    <specialInstructions>Discontinued Per Buyer</specialInstructions>
    <baseDealerPrice>203.50</baseDealerPrice>
    <yourDealerPrice>203.50</yourDealerPrice>
    <baseRetailPrice>290.95</baseRetailPrice>
    <originalRetailPrice>290.95</originalRetailPrice>
    <partImage>http://asset.lemansnet.com/z/LzQvQi8yLzRCMkUwQUI1LTRBRDctNEZBNy1CODFCLTY4MUI5NzkyNkI4NiwvOC82L0YvODZGNjZCQUQtNkI1MS00NjJGLUEyQTQtQkEzRjQ5MDU0QjNDLC8wLzcvQS8wN0FDNEY2OC02M0ZELTQ3MkMtQUY4NC1GREEwQzYyNjg3ODE=</partImage>
    <productId>0836315095</productId>
    <productName>Heavy-Duty Steering Cable</productName>
    <productImage>http://asset.lemansnet.com/z/LzQvQi8yLzRCMkUwQUI1LTRBRDctNEZBNy1CODFCLTY4MUI5NzkyNkI4Ng==</productImage>
    <bullet1>Cable is oversized in length and excellent for complicated cable routing in the tight corners of the OEM and aftermarket hull engine compartments</bullet1>
    <bullet2>Superior control cable material is born of marine and aviation engineering design, with extreme low friction and minimal loss of motion</bullet2>
    <bullet3>Features a true 4" minimum bend radius; each cable is pre-lubed for life with a binder wired PTFE core conduit</bullet3>
    <bullet4>Blue Max outer jacket is resistant to abrasions, salt water, gasoline, diesel, and hard chemicals</bullet4>
    <bullet5>Cable includes Blowsion machined stainless conduit caps and threaded push-pull rods</bullet5>
    <bullet6>Burly stainless steering cable ends and hardware complete the connection features</bullet6>
    <bullet7>Heavy-duty steering cable incorporates Blue Max control cable construction</bullet7>
    <bullet8>Riders can dial in their skis with the correct ratio and length cable for improved handling (when used in conjunction with an aftermarket aluminum handlepole).</bullet8>
    <bullet9/>
    <bullet10/>
    <bullet11/>
    <bullet12/>
    <bullet13/>
    <bullet14/>
    <bullet15/>
    <bullet16/>
    <bullet17/>
    <bullet18/>
    <bullet19/>
    <bullet20/>
    <bullet21/>
    <bullet22/>
    <bullet23/>
    <bullet24/>
    <vendorPriceUpdateDate>2022-03-14 00:00:00</vendorPriceUpdateDate>
  </part>
  <part>
    <partNumber>48070071</partNumber>
    <punctuatedPartNumber>4807-0071</punctuatedPartNumber>
    <partStatusDescription>STANDARD</partStatusDescription>
    <partDescription>Steering System - OVP (Over The Pivot) - Black - Kit</partDescription>
    <unitOfMeasure>Kit</unitOfMeasure>
    <brandName>BLOWSION</brandName>
    <supplierNumber>03-05-085</supplierNumber>
    <specialInstructions/>
    <baseDealerPrice>255.80</baseDealerPrice>
    <yourDealerPrice>255.80</yourDealerPrice>
    <baseRetailPrice>367.95</baseRetailPrice>
    <originalRetailPrice>367.95</originalRetailPrice>
    <partImage>http://asset.lemansnet.com/z/L0UvRi9EL0VGREZCODZGLUM1RDgtNDBCQi05RkM1LTU2ODJGMDM0MkM4Qg==</partImage>
    <productId>0492708839</productId>
    <productName>Universal OVP Steering System Kit</productName>
    <productImage>http://asset.lemansnet.com/z/L0UvRi9EL0VGREZCODZGLUM1RDgtNDBCQi05RkM1LTU2ODJGMDM0MkM4Qg==</productImage>
    <bullet1>Locking nut eliminates steering from slackening, allowing rider-specific preferred tension on the handlebars</bullet1>
    <bullet2>Entirely sealed system with three O-rings to prevent bearing corrosion (salt water approved)</bullet2>
    <bullet3>Upper and lower thrust bearings for a smooth, precise feel</bullet3>
    <bullet4>Universal steering arm positions for Yamaha applications</bullet4>
    <bullet5>Single center pivot bolt for easy installation and access</bullet5>
    <bullet6>Works with Fat Straight, Fat Riser or 4" Fat Bars ONLY</bullet6>
    <bullet7>CNC-machined billet aluminum construction</bullet7>
    <bullet8>Unlimited variable steering ratio positioning</bullet8>
    <bullet9>Improved steering response and precision</bullet9>
    <bullet10>Built-in zerk fitting for ease of lubrication</bullet10>
    <bullet11>If you are installing the OEM Yamaha pole, you will need to make extensive modifications to your OEM chin pad mount and mounting location in order to clear the handlebars. The chin pad must be re-located further forward on the OEM mounting pole.</bullet11>
    <bullet12>Universal for OEM Yamaha and aftermarket handle poles (RRP/UMI/AC).</bullet12>
    <bullet13/>
    <bullet14/>
    <bullet15/>
    <bullet16/>
    <bullet17/>
    <bullet18/>
    <bullet19/>
    <bullet20/>
    <bullet21/>
    <bullet22/>
    <bullet23/>
    <bullet24/>
    <vendorPriceUpdateDate>2023-04-22 00:00:00</vendorPriceUpdateDate>
  </part>
</root>
