<root>
  <part>
    <partNumber>04310424</partNumber>
    <punctuatedPartNumber>0431-0424</punctuatedPartNumber>
    <partStatusDescription>DISCONTINUED</partStatusDescription>
    <partDescription>Fox Podium Shock Upgrade Kit - Front - Rebound Only - Stage 2</partDescription>
    <unitOfMeasure>Kit</unitOfMeasure>
    <brandName>FOX RACING SHOX</brandName>
    <supplierNumber>803-00-617</supplierNumber>
    <specialInstructions/>
    <baseDealerPrice>221.68</baseDealerPrice>
    <yourDealerPrice>196.88</yourDealerPrice>
    <baseRetailPrice>0.00</baseRetailPrice>
    <originalRetailPrice>350.00</originalRetailPrice>
    <partImage>http://asset.lemansnet.com/z/L0QvMS9BL0QxQTIzQjMwLTM0NTctNDY4OS04QzQxLTVGOENCNjc4N0ZEQQ==</partImage>
    <productId>1222763926</productId>
    <productName>Stage 2 Podium Shock Upgrade Kit</productName>
    <productImage>http://asset.lemansnet.com/z/L0QvMS9BL0QxQTIzQjMwLTM0NTctNDY4OS04QzQxLTVGOENCNjc4N0ZEQQ==</productImage>
    <bullet1>Rebound adjustment allows fine tuning of shock’s rate of return after compression, which maximizes traction</bullet1>
    <bullet2>Provides higher level of ride comfort and control</bullet2>
    <bullet3/>
    <bullet4/>
    <bullet5/>
    <bullet6/>
    <bullet7/>
    <bullet8/>
    <bullet9/>
    <bullet10/>
    <bullet11/>
    <bullet12/>
    <bullet13/>
    <bullet14/>
    <bullet15/>
    <bullet16/>
    <bullet17/>
    <bullet18/>
    <bullet19/>
    <bullet20/>
    <bullet21/>
    <bullet22/>
    <bullet23/>
    <bullet24/>
    <vendorPriceUpdateDate>2023-04-22 00:00:00</vendorPriceUpdateDate>
  </part>
  <part>
    <partNumber>13140282</partNumber>
    <punctuatedPartNumber>1314-0282</punctuatedPartNumber>
    <partStatusDescription>DISCONTINUED</partStatusDescription>
    <partDescription>Fox Podium Shock Upgrade Kit - Rear - Rebound Only - Stage 2</partDescription>
    <unitOfMeasure>Kit</unitOfMeasure>
    <brandName>FOX RACING SHOX</brandName>
    <supplierNumber>803-00-618</supplierNumber>
    <specialInstructions/>
    <baseDealerPrice>196.88</baseDealerPrice>
    <yourDealerPrice>196.88</yourDealerPrice>
    <baseRetailPrice>0.00</baseRetailPrice>
    <originalRetailPrice>350.00</originalRetailPrice>
    <partImage>http://asset.lemansnet.com/z/LzcvOS81Lzc5NTY4MzgxLUQzMEQtNDg5Qy1BRDdELTMwN0FFMEU2MUE3Qw==</partImage>
    <productId>1222763926</productId>
    <productName>Stage 2 Podium Shock Upgrade Kit</productName>
    <productImage>http://asset.lemansnet.com/z/L0QvMS9BL0QxQTIzQjMwLTM0NTctNDY4OS04QzQxLTVGOENCNjc4N0ZEQQ==</productImage>
    <bullet1>Rebound adjustment allows fine tuning of shock’s rate of return after compression, which maximizes traction</bullet1>
    <bullet2>Provides higher level of ride comfort and control</bullet2>
    <bullet3/>
    <bullet4/>
    <bullet5/>
    <bullet6/>
    <bullet7/>
    <bullet8/>
    <bullet9/>
    <bullet10/>
    <bullet11/>
    <bullet12/>
    <bullet13/>
    <bullet14/>
    <bullet15/>
    <bullet16/>
    <bullet17/>
    <bullet18/>
    <bullet19/>
    <bullet20/>
    <bullet21/>
    <bullet22/>
    <bullet23/>
    <bullet24/>
    <vendorPriceUpdateDate>2023-04-22 00:00:00</vendorPriceUpdateDate>
  </part>
  <part>
    <partNumber>13140327</partNumber>
    <punctuatedPartNumber>1314-0327</punctuatedPartNumber>
    <partStatusDescription>DISCONTINUED</partStatusDescription>
    <partDescription>Shock Shim Kit - 0.004" x 0.750" - IFP/Piggyback</partDescription>
    <unitOfMeasure>10 Pack</unitOfMeasure>
    <brandName>FOX RACING SHOX</brandName>
    <supplierNumber>803-29-055</supplierNumber>
    <specialInstructions/>
    <baseDealerPrice>10.70</baseDealerPrice>
    <yourDealerPrice>10.70</yourDealerPrice>
    <baseRetailPrice>0.00</baseRetailPrice>
    <originalRetailPrice>29.95</originalRetailPrice>
    <partImage>http://asset.lemansnet.com/z/LzAvOC8wLzA4MEUwMjg5LTUxNEItNEY5RS04MjUyLTcxNkY1NTg3NUNGNQ==</partImage>
    <productId>0565671959</productId>
    <productName>Shock Shim Kit</productName>
    <productImage>http://asset.lemansnet.com/z/L0MvNy81L0M3NTI4Q0QzLTkxNzgtNDA1RC04RTIzLUJFNzIxMTc5RjdFQg==</productImage>
    <bullet1>Allow you to customize your suspension to the rider's exact preferences</bullet1>
    <bullet2/>
    <bullet3/>
    <bullet4/>
    <bullet5/>
    <bullet6/>
    <bullet7/>
    <bullet8/>
    <bullet9/>
    <bullet10/>
    <bullet11/>
    <bullet12/>
    <bullet13/>
    <bullet14/>
    <bullet15/>
    <bullet16/>
    <bullet17/>
    <bullet18/>
    <bullet19/>
    <bullet20/>
    <bullet21/>
    <bullet22/>
    <bullet23/>
    <bullet24/>
    <vendorPriceUpdateDate>2023-04-22 00:00:00</vendorPriceUpdateDate>
  </part>
  <part>
    <partNumber>13140328</partNumber>
    <punctuatedPartNumber>1314-0328</punctuatedPartNumber>
    <partStatusDescription>DISCONTINUED</partStatusDescription>
    <partDescription>Shock Shim Kit - 0.004" x 0.800" - IFP/Piggyback</partDescription>
    <unitOfMeasure>10 Pack</unitOfMeasure>
    <brandName>FOX RACING SHOX</brandName>
    <supplierNumber>803-29-056</supplierNumber>
    <specialInstructions/>
    <baseDealerPrice>10.40</baseDealerPrice>
    <yourDealerPrice>10.40</yourDealerPrice>
    <baseRetailPrice>0.00</baseRetailPrice>
    <originalRetailPrice>26.95</originalRetailPrice>
    <partImage>http://asset.lemansnet.com/z/LzAvOC8wLzA4MEUwMjg5LTUxNEItNEY5RS04MjUyLTcxNkY1NTg3NUNGNQ==</partImage>
    <productId>0440352736</productId>
    <productName>Shock Shim Kit</productName>
    <productImage>http://asset.lemansnet.com/z/L0MvNy81L0M3NTI4Q0QzLTkxNzgtNDA1RC04RTIzLUJFNzIxMTc5RjdFQg==</productImage>
    <bullet1>Allow you to customize your suspension to the rider's exact preferences</bullet1>
    <bullet2/>
    <bullet3/>
    <bullet4/>
    <bullet5/>
    <bullet6/>
    <bullet7/>
    <bullet8/>
    <bullet9/>
    <bullet10/>
    <bullet11/>
    <bullet12/>
    <bullet13/>
    <bullet14/>
    <bullet15/>
    <bullet16/>
    <bullet17/>
    <bullet18/>
    <bullet19/>
    <bullet20/>
    <bullet21/>
    <bullet22/>
    <bullet23/>
    <bullet24/>
    <vendorPriceUpdateDate>2023-04-22 00:00:00</vendorPriceUpdateDate>
  </part>
  <part>
    <partNumber>13140329</partNumber>
    <punctuatedPartNumber>1314-0329</punctuatedPartNumber>
    <partStatusDescription>DISCONTINUED</partStatusDescription>
    <partDescription>Shock Shim Kit - 0.004" x 0.950" - IFP/Piggyback</partDescription>
    <unitOfMeasure>10 Pack</unitOfMeasure>
    <brandName>FOX RACING SHOX</brandName>
    <supplierNumber>803-29-057</supplierNumber>
    <specialInstructions/>
    <baseDealerPrice>17.30</baseDealerPrice>
    <yourDealerPrice>11.00</yourDealerPrice>
    <baseRetailPrice>0.00</baseRetailPrice>
    <originalRetailPrice>26.95</originalRetailPrice>
    <partImage>http://asset.lemansnet.com/z/LzAvOC8wLzA4MEUwMjg5LTUxNEItNEY5RS04MjUyLTcxNkY1NTg3NUNGNQ==</partImage>
    <productId>0804566795</productId>
    <productName>Shock Shim Kit</productName>
    <productImage>http://asset.lemansnet.com/z/L0MvNy81L0M3NTI4Q0QzLTkxNzgtNDA1RC04RTIzLUJFNzIxMTc5RjdFQg==</productImage>
    <bullet1>Allow you to customize your suspension to the rider's exact preferences</bullet1>
    <bullet2/>
    <bullet3/>
    <bullet4/>
    <bullet5/>
    <bullet6/>
    <bullet7/>
    <bullet8/>
    <bullet9/>
    <bullet10/>
    <bullet11/>
    <bullet12/>
    <bullet13/>
    <bullet14/>
    <bullet15/>
    <bullet16/>
    <bullet17/>
    <bullet18/>
    <bullet19/>
    <bullet20/>
    <bullet21/>
    <bullet22/>
    <bullet23/>
    <bullet24/>
    <vendorPriceUpdateDate>2023-04-22 00:00:00</vendorPriceUpdateDate>
  </part>
  <part>
    <partNumber>13140331</partNumber>
    <punctuatedPartNumber>1314-0331</punctuatedPartNumber>
    <partStatusDescription>DISCONTINUED</partStatusDescription>
    <partDescription>Shock Shim Kit - 0.006" x 0.750" - IFP/Piggyback</partDescription>
    <unitOfMeasure>10 Pack</unitOfMeasure>
    <brandName>FOX RACING SHOX</brandName>
    <supplierNumber>803-29-063</supplierNumber>
    <specialInstructions/>
    <baseDealerPrice>10.10</baseDealerPrice>
    <yourDealerPrice>10.10</yourDealerPrice>
    <baseRetailPrice>0.00</baseRetailPrice>
    <originalRetailPrice>25.95</originalRetailPrice>
    <partImage>http://asset.lemansnet.com/z/LzAvOC8wLzA4MEUwMjg5LTUxNEItNEY5RS04MjUyLTcxNkY1NTg3NUNGNQ==</partImage>
    <productId>0803649683</productId>
    <productName>Shock Shim Kit</productName>
    <productImage>http://asset.lemansnet.com/z/L0MvNy81L0M3NTI4Q0QzLTkxNzgtNDA1RC04RTIzLUJFNzIxMTc5RjdFQg==</productImage>
    <bullet1>Allow you to customize your suspension to the rider's exact preferences</bullet1>
    <bullet2/>
    <bullet3/>
    <bullet4/>
    <bullet5/>
    <bullet6/>
    <bullet7/>
    <bullet8/>
    <bullet9/>
    <bullet10/>
    <bullet11/>
    <bullet12/>
    <bullet13/>
    <bullet14/>
    <bullet15/>
    <bullet16/>
    <bullet17/>
    <bullet18/>
    <bullet19/>
    <bullet20/>
    <bullet21/>
    <bullet22/>
    <bullet23/>
    <bullet24/>
    <vendorPriceUpdateDate>2023-04-22 00:00:00</vendorPriceUpdateDate>
  </part>
  <part>
    <partNumber>13140332</partNumber>
    <punctuatedPartNumber>1314-0332</punctuatedPartNumber>
    <partStatusDescription>DISCONTINUED</partStatusDescription>
    <partDescription>Shock Shim Kit - 0.006" x 0.800" - IFP/Piggyback</partDescription>
    <unitOfMeasure>10 Pack</unitOfMeasure>
    <brandName>FOX RACING SHOX</brandName>
    <supplierNumber>803-29-064</supplierNumber>
    <specialInstructions/>
    <baseDealerPrice>9.90</baseDealerPrice>
    <yourDealerPrice>9.90</yourDealerPrice>
    <baseRetailPrice>0.00</baseRetailPrice>
    <originalRetailPrice>22.95</originalRetailPrice>
    <partImage>http://asset.lemansnet.com/z/LzAvOC8wLzA4MEUwMjg5LTUxNEItNEY5RS04MjUyLTcxNkY1NTg3NUNGNQ==</partImage>
    <productId>0365934153</productId>
    <productName>Shock Shim Kit</productName>
    <productImage>http://asset.lemansnet.com/z/L0MvNy81L0M3NTI4Q0QzLTkxNzgtNDA1RC04RTIzLUJFNzIxMTc5RjdFQg==</productImage>
    <bullet1>Allow you to customize your suspension to the rider's exact preferences</bullet1>
    <bullet2/>
    <bullet3/>
    <bullet4/>
    <bullet5/>
    <bullet6/>
    <bullet7/>
    <bullet8/>
    <bullet9/>
    <bullet10/>
    <bullet11/>
    <bullet12/>
    <bullet13/>
    <bullet14/>
    <bullet15/>
    <bullet16/>
    <bullet17/>
    <bullet18/>
    <bullet19/>
    <bullet20/>
    <bullet21/>
    <bullet22/>
    <bullet23/>
    <bullet24/>
    <vendorPriceUpdateDate>2023-04-22 00:00:00</vendorPriceUpdateDate>
  </part>
  <part>
    <partNumber>13140334</partNumber>
    <punctuatedPartNumber>1314-0334</punctuatedPartNumber>
    <partStatusDescription>DISCONTINUED</partStatusDescription>
    <partDescription>Shock Shim Kit - 0.006" x 1.100" - IFP/Piggyback</partDescription>
    <unitOfMeasure>10 Pack</unitOfMeasure>
    <brandName>FOX RACING SHOX</brandName>
    <supplierNumber>803-29-066</supplierNumber>
    <specialInstructions/>
    <baseDealerPrice>9.60</baseDealerPrice>
    <yourDealerPrice>9.60</yourDealerPrice>
    <baseRetailPrice>0.00</baseRetailPrice>
    <originalRetailPrice>22.95</originalRetailPrice>
    <partImage>http://asset.lemansnet.com/z/LzAvOC8wLzA4MEUwMjg5LTUxNEItNEY5RS04MjUyLTcxNkY1NTg3NUNGNQ==</partImage>
    <productId>0543626121</productId>
    <productName>Shock Shim Kit</productName>
    <productImage>http://asset.lemansnet.com/z/L0MvNy81L0M3NTI4Q0QzLTkxNzgtNDA1RC04RTIzLUJFNzIxMTc5RjdFQg==</productImage>
    <bullet1>Allow you to customize your suspension to the rider's exact preferences</bullet1>
    <bullet2/>
    <bullet3/>
    <bullet4/>
    <bullet5/>
    <bullet6/>
    <bullet7/>
    <bullet8/>
    <bullet9/>
    <bullet10/>
    <bullet11/>
    <bullet12/>
    <bullet13/>
    <bullet14/>
    <bullet15/>
    <bullet16/>
    <bullet17/>
    <bullet18/>
    <bullet19/>
    <bullet20/>
    <bullet21/>
    <bullet22/>
    <bullet23/>
    <bullet24/>
    <vendorPriceUpdateDate>2023-04-22 00:00:00</vendorPriceUpdateDate>
  </part>
  <part>
    <partNumber>13140335</partNumber>
    <punctuatedPartNumber>1314-0335</punctuatedPartNumber>
    <partStatusDescription>DISCONTINUED</partStatusDescription>
    <partDescription>Shock Shim Kit - 0.006" x 1.250" - IFP/Piggyback</partDescription>
    <unitOfMeasure>10 Pack</unitOfMeasure>
    <brandName>FOX RACING SHOX</brandName>
    <supplierNumber>803-29-067</supplierNumber>
    <specialInstructions/>
    <baseDealerPrice>10.20</baseDealerPrice>
    <yourDealerPrice>10.20</yourDealerPrice>
    <baseRetailPrice>0.00</baseRetailPrice>
    <originalRetailPrice>23.95</originalRetailPrice>
    <partImage>http://asset.lemansnet.com/z/LzAvOC8wLzA4MEUwMjg5LTUxNEItNEY5RS04MjUyLTcxNkY1NTg3NUNGNQ==</partImage>
    <productId>1469568050</productId>
    <productName>Shock Shim Kit</productName>
    <productImage>http://asset.lemansnet.com/z/L0MvNy81L0M3NTI4Q0QzLTkxNzgtNDA1RC04RTIzLUJFNzIxMTc5RjdFQg==</productImage>
    <bullet1>Allow you to customize your suspension to the rider's exact preferences</bullet1>
    <bullet2/>
    <bullet3/>
    <bullet4/>
    <bullet5/>
    <bullet6/>
    <bullet7/>
    <bullet8/>
    <bullet9/>
    <bullet10/>
    <bullet11/>
    <bullet12/>
    <bullet13/>
    <bullet14/>
    <bullet15/>
    <bullet16/>
    <bullet17/>
    <bullet18/>
    <bullet19/>
    <bullet20/>
    <bullet21/>
    <bullet22/>
    <bullet23/>
    <bullet24/>
    <vendorPriceUpdateDate>2023-04-22 00:00:00</vendorPriceUpdateDate>
  </part>
  <part>
    <partNumber>13140340</partNumber>
    <punctuatedPartNumber>1314-0340</punctuatedPartNumber>
    <partStatusDescription>DISCONTINUED</partStatusDescription>
    <partDescription>Shock Shim Kit - 0.008" x 1.250" - IFP/Piggyback</partDescription>
    <unitOfMeasure>10 Pack</unitOfMeasure>
    <brandName>FOX RACING SHOX</brandName>
    <supplierNumber>803-29-074</supplierNumber>
    <specialInstructions/>
    <baseDealerPrice>10.60</baseDealerPrice>
    <yourDealerPrice>10.60</yourDealerPrice>
    <baseRetailPrice>0.00</baseRetailPrice>
    <originalRetailPrice>24.95</originalRetailPrice>
    <partImage>http://asset.lemansnet.com/z/LzAvOC8wLzA4MEUwMjg5LTUxNEItNEY5RS04MjUyLTcxNkY1NTg3NUNGNQ==</partImage>
    <productId>0168024775</productId>
    <productName>Shock Shim Kit</productName>
    <productImage>http://asset.lemansnet.com/z/L0MvNy81L0M3NTI4Q0QzLTkxNzgtNDA1RC04RTIzLUJFNzIxMTc5RjdFQg==</productImage>
    <bullet1>Allow you to customize your suspension to the rider's exact preferences</bullet1>
    <bullet2/>
    <bullet3/>
    <bullet4/>
    <bullet5/>
    <bullet6/>
    <bullet7/>
    <bullet8/>
    <bullet9/>
    <bullet10/>
    <bullet11/>
    <bullet12/>
    <bullet13/>
    <bullet14/>
    <bullet15/>
    <bullet16/>
    <bullet17/>
    <bullet18/>
    <bullet19/>
    <bullet20/>
    <bullet21/>
    <bullet22/>
    <bullet23/>
    <bullet24/>
    <vendorPriceUpdateDate>2023-04-22 00:00:00</vendorPriceUpdateDate>
  </part>
  <part>
    <partNumber>13140353</partNumber>
    <punctuatedPartNumber>1314-0353</punctuatedPartNumber>
    <partStatusDescription>DISCONTINUED</partStatusDescription>
    <partDescription>Shock Shim Kit - 0.015" x 0.950" - IFP/Piggyback</partDescription>
    <unitOfMeasure>10 Pack</unitOfMeasure>
    <brandName>FOX RACING SHOX</brandName>
    <supplierNumber>803-29-093</supplierNumber>
    <specialInstructions/>
    <baseDealerPrice>9.60</baseDealerPrice>
    <yourDealerPrice>9.60</yourDealerPrice>
    <baseRetailPrice>0.00</baseRetailPrice>
    <originalRetailPrice>21.95</originalRetailPrice>
    <partImage>http://asset.lemansnet.com/z/LzAvOC8wLzA4MEUwMjg5LTUxNEItNEY5RS04MjUyLTcxNkY1NTg3NUNGNQ==</partImage>
    <productId>1952469831</productId>
    <productName>Shock Shim Kit</productName>
    <productImage>http://asset.lemansnet.com/z/L0MvNy81L0M3NTI4Q0QzLTkxNzgtNDA1RC04RTIzLUJFNzIxMTc5RjdFQg==</productImage>
    <bullet1>Allow you to customize your suspension to the rider's exact preferences</bullet1>
    <bullet2/>
    <bullet3/>
    <bullet4/>
    <bullet5/>
    <bullet6/>
    <bullet7/>
    <bullet8/>
    <bullet9/>
    <bullet10/>
    <bullet11/>
    <bullet12/>
    <bullet13/>
    <bullet14/>
    <bullet15/>
    <bullet16/>
    <bullet17/>
    <bullet18/>
    <bullet19/>
    <bullet20/>
    <bullet21/>
    <bullet22/>
    <bullet23/>
    <bullet24/>
    <vendorPriceUpdateDate>2023-04-22 00:00:00</vendorPriceUpdateDate>
  </part>
  <part>
    <partNumber>13140354</partNumber>
    <punctuatedPartNumber>1314-0354</punctuatedPartNumber>
    <partStatusDescription>DISCONTINUED</partStatusDescription>
    <partDescription>Shock Shim Kit - 0.015" x 1.100" - IFP/Piggyback</partDescription>
    <unitOfMeasure>10 Pack</unitOfMeasure>
    <brandName>FOX RACING SHOX</brandName>
    <supplierNumber>803-29-094</supplierNumber>
    <specialInstructions/>
    <baseDealerPrice>10.20</baseDealerPrice>
    <yourDealerPrice>10.20</yourDealerPrice>
    <baseRetailPrice>0.00</baseRetailPrice>
    <originalRetailPrice>23.95</originalRetailPrice>
    <partImage>http://asset.lemansnet.com/z/LzAvOC8wLzA4MEUwMjg5LTUxNEItNEY5RS04MjUyLTcxNkY1NTg3NUNGNQ==</partImage>
    <productId>1600024905</productId>
    <productName>Shock Shim Kit</productName>
    <productImage>http://asset.lemansnet.com/z/L0MvNy81L0M3NTI4Q0QzLTkxNzgtNDA1RC04RTIzLUJFNzIxMTc5RjdFQg==</productImage>
    <bullet1>Allow you to customize your suspension to the rider's exact preferences</bullet1>
    <bullet2/>
    <bullet3/>
    <bullet4/>
    <bullet5/>
    <bullet6/>
    <bullet7/>
    <bullet8/>
    <bullet9/>
    <bullet10/>
    <bullet11/>
    <bullet12/>
    <bullet13/>
    <bullet14/>
    <bullet15/>
    <bullet16/>
    <bullet17/>
    <bullet18/>
    <bullet19/>
    <bullet20/>
    <bullet21/>
    <bullet22/>
    <bullet23/>
    <bullet24/>
    <vendorPriceUpdateDate>2023-04-22 00:00:00</vendorPriceUpdateDate>
  </part>
  <part>
    <partNumber>13140360</partNumber>
    <punctuatedPartNumber>1314-0360</punctuatedPartNumber>
    <partStatusDescription>DISCONTINUED</partStatusDescription>
    <partDescription>Shock Shim Kit - 0.006" x 1.000" - Float Airshox</partDescription>
    <unitOfMeasure>10 Pack</unitOfMeasure>
    <brandName>FOX RACING SHOX</brandName>
    <supplierNumber>803-29-009</supplierNumber>
    <specialInstructions/>
    <baseDealerPrice>15.60</baseDealerPrice>
    <yourDealerPrice>5.76</yourDealerPrice>
    <baseRetailPrice>0.00</baseRetailPrice>
    <originalRetailPrice>23.95</originalRetailPrice>
    <partImage>http://asset.lemansnet.com/z/L0MvNy81L0M3NTI4Q0QzLTkxNzgtNDA1RC04RTIzLUJFNzIxMTc5RjdFQg==</partImage>
    <productId>0594946085</productId>
    <productName>Shock Shim Kit</productName>
    <productImage>http://asset.lemansnet.com/z/L0MvNy81L0M3NTI4Q0QzLTkxNzgtNDA1RC04RTIzLUJFNzIxMTc5RjdFQg==</productImage>
    <bullet1>Allow you to customize your suspension to the rider's exact preferences</bullet1>
    <bullet2/>
    <bullet3/>
    <bullet4/>
    <bullet5/>
    <bullet6/>
    <bullet7/>
    <bullet8/>
    <bullet9/>
    <bullet10/>
    <bullet11/>
    <bullet12/>
    <bullet13/>
    <bullet14/>
    <bullet15/>
    <bullet16/>
    <bullet17/>
    <bullet18/>
    <bullet19/>
    <bullet20/>
    <bullet21/>
    <bullet22/>
    <bullet23/>
    <bullet24/>
    <vendorPriceUpdateDate>2023-04-22 00:00:00</vendorPriceUpdateDate>
  </part>
  <part>
    <partNumber>13140372</partNumber>
    <punctuatedPartNumber>1314-0372</punctuatedPartNumber>
    <partStatusDescription>DISCONTINUED</partStatusDescription>
    <partDescription>Shock Shim Kit - 0.010" x 0.800" - Float Airshox</partDescription>
    <unitOfMeasure>10 Pack</unitOfMeasure>
    <brandName>FOX RACING SHOX</brandName>
    <supplierNumber>803-29-026</supplierNumber>
    <specialInstructions/>
    <baseDealerPrice>14.90</baseDealerPrice>
    <yourDealerPrice>5.76</yourDealerPrice>
    <baseRetailPrice>0.00</baseRetailPrice>
    <originalRetailPrice>21.95</originalRetailPrice>
    <partImage>http://asset.lemansnet.com/z/L0MvNy81L0M3NTI4Q0QzLTkxNzgtNDA1RC04RTIzLUJFNzIxMTc5RjdFQg==</partImage>
    <productId>1062642473</productId>
    <productName>Shock Shim Kit</productName>
    <productImage>http://asset.lemansnet.com/z/L0MvNy81L0M3NTI4Q0QzLTkxNzgtNDA1RC04RTIzLUJFNzIxMTc5RjdFQg==</productImage>
    <bullet1>Allow you to customize your suspension to the rider's exact preferences</bullet1>
    <bullet2/>
    <bullet3/>
    <bullet4/>
    <bullet5/>
    <bullet6/>
    <bullet7/>
    <bullet8/>
    <bullet9/>
    <bullet10/>
    <bullet11/>
    <bullet12/>
    <bullet13/>
    <bullet14/>
    <bullet15/>
    <bullet16/>
    <bullet17/>
    <bullet18/>
    <bullet19/>
    <bullet20/>
    <bullet21/>
    <bullet22/>
    <bullet23/>
    <bullet24/>
    <vendorPriceUpdateDate>2023-04-22 00:00:00</vendorPriceUpdateDate>
  </part>
  <part>
    <partNumber>13140373</partNumber>
    <punctuatedPartNumber>1314-0373</punctuatedPartNumber>
    <partStatusDescription>DISCONTINUED</partStatusDescription>
    <partDescription>Shock Shim Kit - 0.010" x 0.900" - Float Airshox</partDescription>
    <unitOfMeasure>10 Pack</unitOfMeasure>
    <brandName>FOX RACING SHOX</brandName>
    <supplierNumber>803-29-027</supplierNumber>
    <specialInstructions/>
    <baseDealerPrice>16.10</baseDealerPrice>
    <yourDealerPrice>11.00</yourDealerPrice>
    <baseRetailPrice>0.00</baseRetailPrice>
    <originalRetailPrice>23.95</originalRetailPrice>
    <partImage>http://asset.lemansnet.com/z/L0MvNy81L0M3NTI4Q0QzLTkxNzgtNDA1RC04RTIzLUJFNzIxMTc5RjdFQg==</partImage>
    <productId>2103220268</productId>
    <productName>Shock Shim Kit</productName>
    <productImage>http://asset.lemansnet.com/z/L0MvNy81L0M3NTI4Q0QzLTkxNzgtNDA1RC04RTIzLUJFNzIxMTc5RjdFQg==</productImage>
    <bullet1>Allow you to customize your suspension to the rider's exact preferences</bullet1>
    <bullet2/>
    <bullet3/>
    <bullet4/>
    <bullet5/>
    <bullet6/>
    <bullet7/>
    <bullet8/>
    <bullet9/>
    <bullet10/>
    <bullet11/>
    <bullet12/>
    <bullet13/>
    <bullet14/>
    <bullet15/>
    <bullet16/>
    <bullet17/>
    <bullet18/>
    <bullet19/>
    <bullet20/>
    <bullet21/>
    <bullet22/>
    <bullet23/>
    <bullet24/>
    <vendorPriceUpdateDate>2023-04-22 00:00:00</vendorPriceUpdateDate>
  </part>
  <part>
    <partNumber>13140375</partNumber>
    <punctuatedPartNumber>1314-0375</punctuatedPartNumber>
    <partStatusDescription>DISCONTINUED</partStatusDescription>
    <partDescription>Shock Shim Kit - 0.010" x 1.100" - Float Airshox</partDescription>
    <unitOfMeasure>10 Pack</unitOfMeasure>
    <brandName>FOX RACING SHOX</brandName>
    <supplierNumber>803-29-029</supplierNumber>
    <specialInstructions/>
    <baseDealerPrice>10.10</baseDealerPrice>
    <yourDealerPrice>10.10</yourDealerPrice>
    <baseRetailPrice>0.00</baseRetailPrice>
    <originalRetailPrice>23.95</originalRetailPrice>
    <partImage>http://asset.lemansnet.com/z/L0MvNy81L0M3NTI4Q0QzLTkxNzgtNDA1RC04RTIzLUJFNzIxMTc5RjdFQg==</partImage>
    <productId>1400113216</productId>
    <productName>Shock Shim Kit</productName>
    <productImage>http://asset.lemansnet.com/z/L0MvNy81L0M3NTI4Q0QzLTkxNzgtNDA1RC04RTIzLUJFNzIxMTc5RjdFQg==</productImage>
    <bullet1>Allow you to customize your suspension to the rider's exact preferences</bullet1>
    <bullet2/>
    <bullet3/>
    <bullet4/>
    <bullet5/>
    <bullet6/>
    <bullet7/>
    <bullet8/>
    <bullet9/>
    <bullet10/>
    <bullet11/>
    <bullet12/>
    <bullet13/>
    <bullet14/>
    <bullet15/>
    <bullet16/>
    <bullet17/>
    <bullet18/>
    <bullet19/>
    <bullet20/>
    <bullet21/>
    <bullet22/>
    <bullet23/>
    <bullet24/>
    <vendorPriceUpdateDate>2023-04-22 00:00:00</vendorPriceUpdateDate>
  </part>
  <part>
    <partNumber>13140388</partNumber>
    <punctuatedPartNumber>1314-0388</punctuatedPartNumber>
    <partStatusDescription>DISCONTINUED</partStatusDescription>
    <partDescription>Shock Shim Kit - 0.015" x 1.000" - Float Airshox</partDescription>
    <unitOfMeasure>10 Pack</unitOfMeasure>
    <brandName>FOX RACING SHOX</brandName>
    <supplierNumber>803-29-045</supplierNumber>
    <specialInstructions/>
    <baseDealerPrice>10.00</baseDealerPrice>
    <yourDealerPrice>10.00</yourDealerPrice>
    <baseRetailPrice>0.00</baseRetailPrice>
    <originalRetailPrice>25.95</originalRetailPrice>
    <partImage>http://asset.lemansnet.com/z/L0MvNy81L0M3NTI4Q0QzLTkxNzgtNDA1RC04RTIzLUJFNzIxMTc5RjdFQg==</partImage>
    <productId>0114509943</productId>
    <productName>Shock Shim Kit</productName>
    <productImage>http://asset.lemansnet.com/z/L0MvNy81L0M3NTI4Q0QzLTkxNzgtNDA1RC04RTIzLUJFNzIxMTc5RjdFQg==</productImage>
    <bullet1>Allow you to customize your suspension to the rider's exact preferences</bullet1>
    <bullet2/>
    <bullet3/>
    <bullet4/>
    <bullet5/>
    <bullet6/>
    <bullet7/>
    <bullet8/>
    <bullet9/>
    <bullet10/>
    <bullet11/>
    <bullet12/>
    <bullet13/>
    <bullet14/>
    <bullet15/>
    <bullet16/>
    <bullet17/>
    <bullet18/>
    <bullet19/>
    <bullet20/>
    <bullet21/>
    <bullet22/>
    <bullet23/>
    <bullet24/>
    <vendorPriceUpdateDate>2023-04-22 00:00:00</vendorPriceUpdateDate>
  </part>
  <part>
    <partNumber>13140390</partNumber>
    <punctuatedPartNumber>1314-0390</punctuatedPartNumber>
    <partStatusDescription>DISCONTINUED</partStatusDescription>
    <partDescription>Shock Shim Kit - 0.015" x 1.250" - Float Airshox</partDescription>
    <unitOfMeasure>10 Pack</unitOfMeasure>
    <brandName>FOX RACING SHOX</brandName>
    <supplierNumber>803-29-047</supplierNumber>
    <specialInstructions/>
    <baseDealerPrice>17.30</baseDealerPrice>
    <yourDealerPrice>11.00</yourDealerPrice>
    <baseRetailPrice>0.00</baseRetailPrice>
    <originalRetailPrice>25.95</originalRetailPrice>
    <partImage>http://asset.lemansnet.com/z/L0MvNy81L0M3NTI4Q0QzLTkxNzgtNDA1RC04RTIzLUJFNzIxMTc5RjdFQg==</partImage>
    <productId>1989345021</productId>
    <productName>Shock Shim Kit</productName>
    <productImage>http://asset.lemansnet.com/z/L0MvNy81L0M3NTI4Q0QzLTkxNzgtNDA1RC04RTIzLUJFNzIxMTc5RjdFQg==</productImage>
    <bullet1>Allow you to customize your suspension to the rider's exact preferences</bullet1>
    <bullet2/>
    <bullet3/>
    <bullet4/>
    <bullet5/>
    <bullet6/>
    <bullet7/>
    <bullet8/>
    <bullet9/>
    <bullet10/>
    <bullet11/>
    <bullet12/>
    <bullet13/>
    <bullet14/>
    <bullet15/>
    <bullet16/>
    <bullet17/>
    <bullet18/>
    <bullet19/>
    <bullet20/>
    <bullet21/>
    <bullet22/>
    <bullet23/>
    <bullet24/>
    <vendorPriceUpdateDate>2023-04-22 00:00:00</vendorPriceUpdateDate>
  </part>
</root>
