<root>
  <part>
    <partNumber>006589CL</partNumber>
    <punctuatedPartNumber>006-589-CL</punctuatedPartNumber>
    <partStatusDescription>STANDARD</partStatusDescription>
    <partDescription>Multi-Fit Flame Arrestor - Kawasaki/Sea-Doo</partDescription>
    <unitOfMeasure>Each</unitOfMeasure>
    <brandName>PROK</brandName>
    <supplierNumber>006-589</supplierNumber>
    <specialInstructions/>
    <baseDealerPrice>32.30</baseDealerPrice>
    <yourDealerPrice>32.30</yourDealerPrice>
    <baseRetailPrice>53.89</baseRetailPrice>
    <originalRetailPrice>52.83</originalRetailPrice>
    <partImage>http://asset.lemansnet.com/z/L0MvNC83L0M0Nzc1RTNGLTU3NTItNDkyRS04OEFFLTJCRjI5MzNENDQwQg==</partImage>
    <productId>0930892812</productId>
    <productName>Multi-fit Flame Arrestor</productName>
    <productImage>http://asset.lemansnet.com/z/L0IvMS9EL0IxRDA4OEU4LTNFMTEtNDA2Qy05REVDLTM1MzRERkYyQjVFOA==</productImage>
    <bullet1>Large internal support with parabolic cone that directs and amplifies air volume and velocity for increased top-end performance</bullet1>
    <bullet2>Round, straight cylinder shape provides even, 360° air intake down the intake tract</bullet2>
    <bullet3>Constructed of lightweight composite material; weighs from 260g complete</bullet3>
    <bullet4>Features a lightweight composite clear cone and one-piece molded base</bullet4>
    <bullet5>Redefine intake performance with an emphasis on convenience</bullet5>
    <bullet6>Stainless, nonabsorbing element</bullet6>
    <bullet7>Coast Guard approved</bullet7>
    <bullet8>Order one per carb</bullet8>
    <bullet9/>
    <bullet10/>
    <bullet11/>
    <bullet12/>
    <bullet13/>
    <bullet14/>
    <bullet15/>
    <bullet16/>
    <bullet17/>
    <bullet18/>
    <bullet19/>
    <bullet20/>
    <bullet21/>
    <bullet22/>
    <bullet23/>
    <bullet24/>
    <vendorPriceUpdateDate>2022-12-01 00:00:00</vendorPriceUpdateDate>
  </part>
  <part>
    <partNumber>006585CL</partNumber>
    <punctuatedPartNumber>006-585-CL</punctuatedPartNumber>
    <partStatusDescription>STANDARD</partStatusDescription>
    <partDescription>Multi-Fit Flame Arrestor - Kawasaki/Polaris/Tigershark/Yamaha</partDescription>
    <unitOfMeasure>Each</unitOfMeasure>
    <brandName>PROK</brandName>
    <supplierNumber>006-585</supplierNumber>
    <specialInstructions/>
    <baseDealerPrice>32.30</baseDealerPrice>
    <yourDealerPrice>32.30</yourDealerPrice>
    <baseRetailPrice>53.89</baseRetailPrice>
    <originalRetailPrice>52.83</originalRetailPrice>
    <partImage>http://asset.lemansnet.com/z/L0IvMS9EL0IxRDA4OEU4LTNFMTEtNDA2Qy05REVDLTM1MzRERkYyQjVFOA==</partImage>
    <productId>0930892812</productId>
    <productName>Multi-fit Flame Arrestor</productName>
    <productImage>http://asset.lemansnet.com/z/L0IvMS9EL0IxRDA4OEU4LTNFMTEtNDA2Qy05REVDLTM1MzRERkYyQjVFOA==</productImage>
    <bullet1>Large internal support with parabolic cone that directs and amplifies air volume and velocity for increased top-end performance</bullet1>
    <bullet2>Round, straight cylinder shape provides even, 360° air intake down the intake tract</bullet2>
    <bullet3>Constructed of lightweight composite material; weighs from 260g complete</bullet3>
    <bullet4>Features a lightweight composite clear cone and one-piece molded base</bullet4>
    <bullet5>Redefine intake performance with an emphasis on convenience</bullet5>
    <bullet6>Stainless, nonabsorbing element</bullet6>
    <bullet7>Coast Guard approved</bullet7>
    <bullet8>Order one per carb</bullet8>
    <bullet9/>
    <bullet10/>
    <bullet11/>
    <bullet12/>
    <bullet13/>
    <bullet14/>
    <bullet15/>
    <bullet16/>
    <bullet17/>
    <bullet18/>
    <bullet19/>
    <bullet20/>
    <bullet21/>
    <bullet22/>
    <bullet23/>
    <bullet24/>
    <vendorPriceUpdateDate>2022-12-01 00:00:00</vendorPriceUpdateDate>
  </part>
</root>
