<root>
  <part>
    <partNumber>36200020</partNumber>
    <punctuatedPartNumber>3620-0020</punctuatedPartNumber>
    <partStatusDescription>STANDARD</partStatusDescription>
    <partDescription>Mineral Oil - Hydraulic Brakes - 1L</partDescription>
    <unitOfMeasure>Each</unitOfMeasure>
    <brandName>TRP CYCLING COMPONENTS</brandName>
    <supplierNumber>AAOT000021</supplierNumber>
    <specialInstructions/>
    <baseDealerPrice>38.67</baseDealerPrice>
    <yourDealerPrice>38.67</yourDealerPrice>
    <baseRetailPrice>71.49</baseRetailPrice>
    <originalRetailPrice>64.99</originalRetailPrice>
    <partImage>http://asset.lemansnet.com/z/LzYvNS81LzY1NTVGRUU2LUM2MjktNDU1OS1BODMzLTMwM0Q3Qjk4MDNDOA==</partImage>
    <productId>2005492975</productId>
    <productName>Mineral Oil</productName>
    <productImage>http://asset.lemansnet.com/z/LzYvNS81LzY1NTVGRUU2LUM2MjktNDU1OS1BODMzLTMwM0Q3Qjk4MDNDOA==</productImage>
    <bullet1>For all TRP and Tektro hydraulic braking systems</bullet1>
    <bullet2>Non-corrosive mineral oil</bullet2>
    <bullet3>Increased boiling point to 510°F (270°C)</bullet3>
    <bullet4>Increased Boiling point to 270º C</bullet4>
    <bullet5>Decreased viscosity for better fluid flow</bullet5>
    <bullet6/>
    <bullet7/>
    <bullet8/>
    <bullet9/>
    <bullet10/>
    <bullet11/>
    <bullet12/>
    <bullet13/>
    <bullet14/>
    <bullet15/>
    <bullet16/>
    <bullet17/>
    <bullet18/>
    <bullet19/>
    <bullet20/>
    <bullet21/>
    <bullet22/>
    <bullet23/>
    <bullet24/>
    <vendorPriceUpdateDate>2022-11-09 00:00:00</vendorPriceUpdateDate>
  </part>
  <part>
    <partNumber>38080025</partNumber>
    <punctuatedPartNumber>3808-0025</punctuatedPartNumber>
    <partStatusDescription>STANDARD</partStatusDescription>
    <partDescription>Basic Bleed Kit</partDescription>
    <unitOfMeasure>Kit</unitOfMeasure>
    <brandName>TRP CYCLING COMPONENTS</brandName>
    <supplierNumber>ABOT000895</supplierNumber>
    <specialInstructions/>
    <baseDealerPrice>14.65</baseDealerPrice>
    <yourDealerPrice>14.65</yourDealerPrice>
    <baseRetailPrice>21.99</baseRetailPrice>
    <originalRetailPrice>19.99</originalRetailPrice>
    <partImage>http://asset.lemansnet.com/z/LzcvMS9GLzcxRjBGRjI2LTZEMjMtNDYzRi04MUE5LTEwOTZFMkQ3ODE2Nw==</partImage>
    <productId>0783767497</productId>
    <productName>Basic Bleed Kit</productName>
    <productImage>http://asset.lemansnet.com/z/LzcvMS9GLzcxRjBGRjI2LTZEMjMtNDYzRi04MUE5LTEwOTZFMkQ3ODE2Nw==</productImage>
    <bullet1>The basics of what you need to perform maintenance on TRP &amp; Tektro hydraulic disc brakes</bullet1>
    <bullet2>Includes the following:</bullet2>
    <bullet3>1 - Syringe</bullet3>
    <bullet4>1 - Plastic tubing for syringe/caliper</bullet4>
    <bullet5>1 - Plastic tubing for lever/overflow</bullet5>
    <bullet6>1 - M5 Silver bleed fitting</bullet6>
    <bullet7>2 - M6 Silver bleed fittings</bullet7>
    <bullet8>1 - M7 Black bleed fitting</bullet8>
    <bullet9>Includes the following: syringe, plastic tubing for syringe/caliper, plastic tubing for lever/overflow, and M5, M6, &amp; M7 Silver bleed fittings</bullet9>
    <bullet10>Brake fluid not included; TRP/ Tektro Mineral Oil sold separately.</bullet10>
    <bullet11/>
    <bullet12/>
    <bullet13/>
    <bullet14/>
    <bullet15/>
    <bullet16/>
    <bullet17/>
    <bullet18/>
    <bullet19/>
    <bullet20/>
    <bullet21/>
    <bullet22/>
    <bullet23/>
    <bullet24/>
    <vendorPriceUpdateDate>2023-04-22 00:00:00</vendorPriceUpdateDate>
  </part>
  <part>
    <partNumber>38080026</partNumber>
    <punctuatedPartNumber>3808-0026</punctuatedPartNumber>
    <partStatusDescription>STANDARD</partStatusDescription>
    <partDescription>Bleed Funnel</partDescription>
    <unitOfMeasure>Each</unitOfMeasure>
    <brandName>TRP CYCLING COMPONENTS</brandName>
    <supplierNumber>ABOT001156</supplierNumber>
    <specialInstructions/>
    <baseDealerPrice>12.21</baseDealerPrice>
    <yourDealerPrice>12.21</yourDealerPrice>
    <baseRetailPrice>18.69</baseRetailPrice>
    <originalRetailPrice>16.99</originalRetailPrice>
    <partImage>http://asset.lemansnet.com/z/L0UvMS85L0UxOTFGQjdFLTM4MkMtNDMyMC05MjlFLTdCMkZDNUMzNkYxQw==</partImage>
    <productId>0593137034</productId>
    <productName>Brake Service Bleed Funnel</productName>
    <productImage>http://asset.lemansnet.com/z/L0UvMS85L0UxOTFGQjdFLTM4MkMtNDMyMC05MjlFLTdCMkZDNUMzNkYxQw==</productImage>
    <bullet1>Simplifies the bleed process</bullet1>
    <bullet2>Works with Quadiem, Trail, Hylex, HY/RD, and Hydro series brakes systems; also works with Slate series when used with a Slate fitting adapter (not included)</bullet2>
    <bullet3/>
    <bullet4/>
    <bullet5/>
    <bullet6/>
    <bullet7/>
    <bullet8/>
    <bullet9/>
    <bullet10/>
    <bullet11/>
    <bullet12/>
    <bullet13/>
    <bullet14/>
    <bullet15/>
    <bullet16/>
    <bullet17/>
    <bullet18/>
    <bullet19/>
    <bullet20/>
    <bullet21/>
    <bullet22/>
    <bullet23/>
    <bullet24/>
    <vendorPriceUpdateDate>2022-11-09 00:00:00</vendorPriceUpdateDate>
  </part>
  <part>
    <partNumber>38080035</partNumber>
    <punctuatedPartNumber>3808-0035</punctuatedPartNumber>
    <partStatusDescription>STANDARD</partStatusDescription>
    <partDescription>Advanced Bleed Kit</partDescription>
    <unitOfMeasure>Kit</unitOfMeasure>
    <brandName>TRP CYCLING COMPONENTS</brandName>
    <supplierNumber>ABOT001055</supplierNumber>
    <specialInstructions/>
    <baseDealerPrice>82.08</baseDealerPrice>
    <yourDealerPrice>82.08</yourDealerPrice>
    <baseRetailPrice>109.99</baseRetailPrice>
    <originalRetailPrice>99.99</originalRetailPrice>
    <partImage>http://asset.lemansnet.com/z/LzAvRi9GLzBGRjkwRDNBLUEyMzctNDc2OC1CRTgxLUIyMTM2RDQ1RTkzNA==</partImage>
    <productId>0548672198</productId>
    <productName>Advance Bleed Kit</productName>
    <productImage>http://asset.lemansnet.com/z/LzAvRi9GLzBGRjkwRDNBLUEyMzctNDc2OC1CRTgxLUIyMTM2RDQ1RTkzNA==</productImage>
    <bullet1>Service kit for the at-home mechanic as well as the bike shop mechanic</bullet1>
    <bullet2>Includes all parts and tools needed to service TRP and Tektro brakes, just add mineral oil</bullet2>
    <bullet3>Includes</bullet3>
    <bullet4>Hose cutter / barb press</bullet4>
    <bullet5>Two premium syringes with thread on hoses</bullet5>
    <bullet6>Bleed port adaptors</bullet6>
    <bullet7>Bleed blocks for 2-Piston and 4-Piston calipers</bullet7>
    <bullet8>Assortment of compression nuts, olives, and barbs for both 5.5 mm hose (DH-R EVO, Quadiem, and Slate T4) and 5 mm hose (All other TRP and Tektro brakes)</bullet8>
    <bullet9>Bleed cup</bullet9>
    <bullet10/>
    <bullet11/>
    <bullet12/>
    <bullet13/>
    <bullet14/>
    <bullet15/>
    <bullet16/>
    <bullet17/>
    <bullet18/>
    <bullet19/>
    <bullet20/>
    <bullet21/>
    <bullet22/>
    <bullet23/>
    <bullet24/>
    <vendorPriceUpdateDate>2024-07-09 00:00:00</vendorPriceUpdateDate>
  </part>
  <part>
    <partNumber>36200019</partNumber>
    <punctuatedPartNumber>3620-0019</punctuatedPartNumber>
    <partStatusDescription>STANDARD</partStatusDescription>
    <partDescription>Mineral Oil - Hydraulic Brakes - 100ml</partDescription>
    <unitOfMeasure>Each</unitOfMeasure>
    <brandName>TRP CYCLING COMPONENTS</brandName>
    <supplierNumber>ABOT000887</supplierNumber>
    <specialInstructions/>
    <baseDealerPrice>8.12</baseDealerPrice>
    <yourDealerPrice>8.12</yourDealerPrice>
    <baseRetailPrice>12.09</baseRetailPrice>
    <originalRetailPrice>10.99</originalRetailPrice>
    <partImage>http://asset.lemansnet.com/z/LzkvMi9CLzkyQjA5NjFELUE5NTUtNDQ3Ri04Q0FFLTZFNzFBQkUzOEExNCwvNC83LzIvNDcyMUFGNTEtOEY0RS00MUYzLTg3MDUtODc5M0VGOUY0QUI0</partImage>
    <productId>2005492975</productId>
    <productName>Mineral Oil</productName>
    <productImage>http://asset.lemansnet.com/z/LzYvNS81LzY1NTVGRUU2LUM2MjktNDU1OS1BODMzLTMwM0Q3Qjk4MDNDOA==</productImage>
    <bullet1>For all TRP and Tektro hydraulic braking systems</bullet1>
    <bullet2>Non-corrosive mineral oil</bullet2>
    <bullet3>Increased boiling point to 510°F (270°C)</bullet3>
    <bullet4>Increased Boiling point to 270º C</bullet4>
    <bullet5>Decreased viscosity for better fluid flow</bullet5>
    <bullet6/>
    <bullet7/>
    <bullet8/>
    <bullet9/>
    <bullet10/>
    <bullet11/>
    <bullet12/>
    <bullet13/>
    <bullet14/>
    <bullet15/>
    <bullet16/>
    <bullet17/>
    <bullet18/>
    <bullet19/>
    <bullet20/>
    <bullet21/>
    <bullet22/>
    <bullet23/>
    <bullet24/>
    <vendorPriceUpdateDate>2022-11-09 00:00:00</vendorPriceUpdateDate>
  </part>
  <part>
    <partNumber>17420707</partNumber>
    <punctuatedPartNumber>1742-0707</punctuatedPartNumber>
    <partStatusDescription>STANDARD</partStatusDescription>
    <partDescription>Hydraulic Hose Olive and Barb Kit - 10 Pack</partDescription>
    <unitOfMeasure>10 Pack</unitOfMeasure>
    <brandName>TRP CYCLING COMPONENTS</brandName>
    <supplierNumber>ABOT000883</supplierNumber>
    <specialInstructions/>
    <baseDealerPrice>17.73</baseDealerPrice>
    <yourDealerPrice>17.73</yourDealerPrice>
    <baseRetailPrice>27.49</baseRetailPrice>
    <originalRetailPrice>24.99</originalRetailPrice>
    <partImage>http://asset.lemansnet.com/z/LzAvQS8yLzBBMjdGRjczLTM5MDMtNDRBOS04RjdFLUI0MjZDNDk0QTg5OCwvMi9CLzAvMkIwMTQwRjItOERCQy00OTY5LThERDYtQThCQjk5REU0NTEz</partImage>
    <productId>0197754080</productId>
    <productName>Hydraulic Hose Olive and Barb Kit</productName>
    <productImage>http://asset.lemansnet.com/z/LzIvQi8wLzJCMDE0MEYyLThEQkMtNDk2OS04REQ2LUE4QkI5OURFNDUxMw==</productImage>
    <bullet1>Set of 10 olive and 10 barb hydraulic hose compression fittings</bullet1>
    <bullet2>Works for all TRP and Tektro hydraulic brake systems</bullet2>
    <bullet3/>
    <bullet4/>
    <bullet5/>
    <bullet6/>
    <bullet7/>
    <bullet8/>
    <bullet9/>
    <bullet10/>
    <bullet11/>
    <bullet12/>
    <bullet13/>
    <bullet14/>
    <bullet15/>
    <bullet16/>
    <bullet17/>
    <bullet18/>
    <bullet19/>
    <bullet20/>
    <bullet21/>
    <bullet22/>
    <bullet23/>
    <bullet24/>
    <vendorPriceUpdateDate>2023-04-22 00:00:00</vendorPriceUpdateDate>
  </part>
  <part>
    <partNumber>17200748</partNumber>
    <punctuatedPartNumber>1720-0748</punctuatedPartNumber>
    <partStatusDescription>STANDARD</partStatusDescription>
    <partDescription>Brake Pad Kit - Resin</partDescription>
    <unitOfMeasure>Kit</unitOfMeasure>
    <brandName>TRP CYCLING COMPONENTS</brandName>
    <supplierNumber>ABPD000518</supplierNumber>
    <specialInstructions/>
    <baseDealerPrice>20.34</baseDealerPrice>
    <yourDealerPrice>20.34</yourDealerPrice>
    <baseRetailPrice>29.69</baseRetailPrice>
    <originalRetailPrice>26.99</originalRetailPrice>
    <partImage>http://asset.lemansnet.com/z/L0MvMy8yL0MzMjg5MjI0LUU1MjgtNDU4MS1BRTBCLUU3Qzg2MjM3MTU0NQ==</partImage>
    <productId>0726497938</productId>
    <productName>4-Piston Disc Brake Pad Kit</productName>
    <productImage>http://asset.lemansnet.com/z/LzMvNi9ELzM2RDQ5NDI0LTRCMEMtNEYwQS1BRDE2LTQ0N0ZBRTMzQ0FBQQ==</productImage>
    <bullet1>For TRP 4-piston disc brakes</bullet1>
    <bullet2>Replacement brake pads for TRP brake systems</bullet2>
    <bullet3>Sold per wheel - Includes two pads and one spring</bullet3>
    <bullet4/>
    <bullet5/>
    <bullet6/>
    <bullet7/>
    <bullet8/>
    <bullet9/>
    <bullet10/>
    <bullet11/>
    <bullet12/>
    <bullet13/>
    <bullet14/>
    <bullet15/>
    <bullet16/>
    <bullet17/>
    <bullet18/>
    <bullet19/>
    <bullet20/>
    <bullet21/>
    <bullet22/>
    <bullet23/>
    <bullet24/>
    <vendorPriceUpdateDate>2023-04-22 00:00:00</vendorPriceUpdateDate>
  </part>
  <part>
    <partNumber>17104160</partNumber>
    <punctuatedPartNumber>1710-4160</punctuatedPartNumber>
    <partStatusDescription>STANDARD</partStatusDescription>
    <partDescription>Brake Rotor - 203 mm x 2.3 mm</partDescription>
    <unitOfMeasure>Each</unitOfMeasure>
    <brandName>TRP CYCLING COMPONENTS</brandName>
    <supplierNumber>ABRT000161</supplierNumber>
    <specialInstructions/>
    <baseDealerPrice>39.18</baseDealerPrice>
    <yourDealerPrice>39.18</yourDealerPrice>
    <baseRetailPrice>58.29</baseRetailPrice>
    <originalRetailPrice>52.99</originalRetailPrice>
    <partImage>http://asset.lemansnet.com/z/L0IvQi84L0JCODI2MDYxLThGMTAtNDJEOS05MDJCLTY4RkFDQjE1M0Y3NywvNC9GLzUvNEY1ODExNEMtRDAxNy00MTdFLTgyMkItNDFDQzdGMzAyMzAz</partImage>
    <productId>0284882872</productId>
    <productName>R1 Brake Rotor</productName>
    <productImage>http://asset.lemansnet.com/z/L0IvQi84L0JCODI2MDYxLThGMTAtNDJEOS05MDJCLTY4RkFDQjE1M0Y3Nw==</productImage>
    <bullet1>One-piece stainless steel rotor designed specifically for DHR and E-MTB use</bullet1>
    <bullet2>One-piece six-bolt disc rotor</bullet2>
    <bullet3>Design reduces vibrations and increases stiffness and power</bullet3>
    <bullet4>Includes six stainless steel bolts</bullet4>
    <bullet5>47% increased torsional stiffness</bullet5>
    <bullet6>Rotor wear indicators</bullet6>
    <bullet7>8% better cooling capacity</bullet7>
    <bullet8>For DHR and E-MTB Only.</bullet8>
    <bullet9/>
    <bullet10/>
    <bullet11/>
    <bullet12/>
    <bullet13/>
    <bullet14/>
    <bullet15/>
    <bullet16/>
    <bullet17/>
    <bullet18/>
    <bullet19/>
    <bullet20/>
    <bullet21/>
    <bullet22/>
    <bullet23/>
    <bullet24/>
    <vendorPriceUpdateDate>2022-11-09 00:00:00</vendorPriceUpdateDate>
  </part>
  <part>
    <partNumber>17213079</partNumber>
    <punctuatedPartNumber>1721-3079</punctuatedPartNumber>
    <partStatusDescription>STANDARD</partStatusDescription>
    <partDescription>Brake Pad Kit - Semi-Metallic, Steel Backed</partDescription>
    <unitOfMeasure>Kit</unitOfMeasure>
    <brandName>TRP CYCLING COMPONENTS</brandName>
    <supplierNumber> ABPD000522</supplierNumber>
    <specialInstructions/>
    <baseDealerPrice>20.34</baseDealerPrice>
    <yourDealerPrice>20.34</yourDealerPrice>
    <baseRetailPrice>29.69</baseRetailPrice>
    <originalRetailPrice>26.99</originalRetailPrice>
    <partImage>http://asset.lemansnet.com/z/LzYvMy8wLzYzMDM5MEUwLUI4MDYtNDIyOS1BMjU3LTJENzZGQjU0RTYwNA==</partImage>
    <productId>0726497938</productId>
    <productName>4-Piston Disc Brake Pad Kit</productName>
    <productImage>http://asset.lemansnet.com/z/LzMvNi9ELzM2RDQ5NDI0LTRCMEMtNEYwQS1BRDE2LTQ0N0ZBRTMzQ0FBQQ==</productImage>
    <bullet1>For TRP 4-piston disc brakes</bullet1>
    <bullet2>Replacement brake pads for TRP brake systems</bullet2>
    <bullet3>Sold per wheel - Includes two pads and one spring</bullet3>
    <bullet4/>
    <bullet5/>
    <bullet6/>
    <bullet7/>
    <bullet8/>
    <bullet9/>
    <bullet10/>
    <bullet11/>
    <bullet12/>
    <bullet13/>
    <bullet14/>
    <bullet15/>
    <bullet16/>
    <bullet17/>
    <bullet18/>
    <bullet19/>
    <bullet20/>
    <bullet21/>
    <bullet22/>
    <bullet23/>
    <bullet24/>
    <vendorPriceUpdateDate>2023-04-22 00:00:00</vendorPriceUpdateDate>
  </part>
  <part>
    <partNumber>17104161</partNumber>
    <punctuatedPartNumber>1710-4161</punctuatedPartNumber>
    <partStatusDescription>STANDARD</partStatusDescription>
    <partDescription>Disc Brake Banjo Hose Kit - 200 cm</partDescription>
    <unitOfMeasure>Kit</unitOfMeasure>
    <brandName>TRP CYCLING COMPONENTS</brandName>
    <supplierNumber>ABOT000878</supplierNumber>
    <specialInstructions/>
    <baseDealerPrice>24.43</baseDealerPrice>
    <yourDealerPrice>24.43</yourDealerPrice>
    <baseRetailPrice>36.29</baseRetailPrice>
    <originalRetailPrice>32.99</originalRetailPrice>
    <partImage>http://asset.lemansnet.com/z/LzAvQi85LzBCOTVFRkMyLUJBMEQtNDRBNi1BQzU4LTVCRTk1NjMwMjEzMA==</partImage>
    <productId>0221952867</productId>
    <productName>Disc Brake Banjo Hose Kit</productName>
    <productImage>http://asset.lemansnet.com/z/LzAvQi85LzBCOTVFRkMyLUJBMEQtNDRBNi1BQzU4LTVCRTk1NjMwMjEzMA==</productImage>
    <bullet1>Replacement banjo style hose kit for TRP or Tektro hydraulic disc brake</bullet1>
    <bullet2>Includes hose with banjo fitting, banjo bolt, o-rings, barb, olive, compression nut and cover</bullet2>
    <bullet3/>
    <bullet4/>
    <bullet5/>
    <bullet6/>
    <bullet7/>
    <bullet8/>
    <bullet9/>
    <bullet10/>
    <bullet11/>
    <bullet12/>
    <bullet13/>
    <bullet14/>
    <bullet15/>
    <bullet16/>
    <bullet17/>
    <bullet18/>
    <bullet19/>
    <bullet20/>
    <bullet21/>
    <bullet22/>
    <bullet23/>
    <bullet24/>
    <vendorPriceUpdateDate>2023-04-22 00:00:00</vendorPriceUpdateDate>
  </part>
  <part>
    <partNumber>17111845</partNumber>
    <punctuatedPartNumber>1711-1845</punctuatedPartNumber>
    <partStatusDescription>STANDARD</partStatusDescription>
    <partDescription>Center Lock Rotor Adapter</partDescription>
    <unitOfMeasure>Each</unitOfMeasure>
    <brandName>TRP CYCLING COMPONENTS</brandName>
    <supplierNumber>ABOT001007</supplierNumber>
    <specialInstructions/>
    <baseDealerPrice>24.44</baseDealerPrice>
    <yourDealerPrice>24.44</yourDealerPrice>
    <baseRetailPrice>38.49</baseRetailPrice>
    <originalRetailPrice>34.99</originalRetailPrice>
    <partImage>http://asset.lemansnet.com/z/LzIvOS83LzI5NzA1OEYzLUEyMEYtNEVDRC1BMTk1LTNGNTUzMDY5MjlFMw==</partImage>
    <productId>1126406789</productId>
    <productName>Center Lock Bicycle Brake Rotor Adapter</productName>
    <productImage>http://asset.lemansnet.com/z/LzIvOS83LzI5NzA1OEYzLUEyMEYtNEVDRC1BMTk1LTNGNTUzMDY5MjlFMw==</productImage>
    <bullet1>6-bolt to center lock adapter allows more flexibility for hub and rotor choice</bullet1>
    <bullet2>Compatible with most center lock hubs and 6-bolt rotors</bullet2>
    <bullet3/>
    <bullet4/>
    <bullet5/>
    <bullet6/>
    <bullet7/>
    <bullet8/>
    <bullet9/>
    <bullet10/>
    <bullet11/>
    <bullet12/>
    <bullet13/>
    <bullet14/>
    <bullet15/>
    <bullet16/>
    <bullet17/>
    <bullet18/>
    <bullet19/>
    <bullet20/>
    <bullet21/>
    <bullet22/>
    <bullet23/>
    <bullet24/>
    <vendorPriceUpdateDate>2023-04-22 00:00:00</vendorPriceUpdateDate>
  </part>
  <part>
    <partNumber>17111848</partNumber>
    <punctuatedPartNumber>1711-1848</punctuatedPartNumber>
    <partStatusDescription>STANDARD</partStatusDescription>
    <partDescription>Axle Adapter - 15-20 mm</partDescription>
    <unitOfMeasure>Kit</unitOfMeasure>
    <brandName>TRP CYCLING COMPONENTS</brandName>
    <supplierNumber>ABOT001006</supplierNumber>
    <specialInstructions/>
    <baseDealerPrice>24.44</baseDealerPrice>
    <yourDealerPrice>24.44</yourDealerPrice>
    <baseRetailPrice>38.49</baseRetailPrice>
    <originalRetailPrice>34.99</originalRetailPrice>
    <partImage>http://asset.lemansnet.com/z/L0UvQS80L0VBNDYyNEQ3LTM3RjMtNEY3Qi04ODc2LTgzRUQ3OThDMjZBMw==</partImage>
    <productId>0347231346</productId>
    <productName>Axle Adapter</productName>
    <productImage>http://asset.lemansnet.com/z/L0UvQS80L0VBNDYyNEQ3LTM3RjMtNEY3Qi04ODc2LTgzRUQ3OThDMjZBMw==</productImage>
    <bullet1>6-bolt to center lock adapter allows more flexibility for hub and rotor choice</bullet1>
    <bullet2>Compatible with most center lock hubs and 6-bolt rotors</bullet2>
    <bullet3/>
    <bullet4/>
    <bullet5/>
    <bullet6/>
    <bullet7/>
    <bullet8/>
    <bullet9/>
    <bullet10/>
    <bullet11/>
    <bullet12/>
    <bullet13/>
    <bullet14/>
    <bullet15/>
    <bullet16/>
    <bullet17/>
    <bullet18/>
    <bullet19/>
    <bullet20/>
    <bullet21/>
    <bullet22/>
    <bullet23/>
    <bullet24/>
    <vendorPriceUpdateDate>2023-04-22 00:00:00</vendorPriceUpdateDate>
  </part>
</root>
