<root>
  <part>
    <partNumber>38500215</partNumber>
    <punctuatedPartNumber>3850-0215</punctuatedPartNumber>
    <partStatusDescription>STANDARD</partStatusDescription>
    <partDescription>Rebuild Kit Installation Tool - Fuel Check Valve</partDescription>
    <unitOfMeasure>Each</unitOfMeasure>
    <brandName>FUEL-TOOL</brandName>
    <supplierNumber>MC400</supplierNumber>
    <specialInstructions/>
    <baseDealerPrice>87.00</baseDealerPrice>
    <yourDealerPrice>87.00</yourDealerPrice>
    <baseRetailPrice>129.95</baseRetailPrice>
    <originalRetailPrice>129.95</originalRetailPrice>
    <partImage>http://asset.lemansnet.com/z/LzIvQS80LzJBNDAzNDY4LUFERTMtNEJCMC1COEYwLUY5NjcyRjg4REM3Mg==</partImage>
    <productId>1902686989</productId>
    <productName>Fuel Check Valve Rebuild Kit Installation Tool</productName>
    <productImage>http://asset.lemansnet.com/z/LzIvQS80LzJBNDAzNDY4LUFERTMtNEJCMC1COEYwLUY5NjcyRjg4REM3Mg==</productImage>
    <bullet1>Provides for fast and easy professional installation of check valve O-ring or Rebuild kit without having to remove tank from the bike</bullet1>
    <bullet2>The industry's first and only rebuild kit installation tool</bullet2>
    <bullet3>Made in the USA</bullet3>
    <bullet4>Fits '01-'25 Harley Davidson models (except for V-Rod).</bullet4>
    <bullet5>O-rings and rebuild kit sold separately.</bullet5>
    <bullet6/>
    <bullet7/>
    <bullet8/>
    <bullet9/>
    <bullet10/>
    <bullet11/>
    <bullet12/>
    <bullet13/>
    <bullet14/>
    <bullet15/>
    <bullet16/>
    <bullet17/>
    <bullet18/>
    <bullet19/>
    <bullet20/>
    <bullet21/>
    <bullet22/>
    <bullet23/>
    <bullet24/>
    <vendorPriceUpdateDate>2023-04-22 00:00:00</vendorPriceUpdateDate>
  </part>
  <part>
    <partNumber>38500216</partNumber>
    <punctuatedPartNumber>3850-0216</punctuatedPartNumber>
    <partStatusDescription>STANDARD</partStatusDescription>
    <partDescription>Gauge - Fuel Pressure/Delphi Fuel Injection - 100 psi</partDescription>
    <unitOfMeasure>Each</unitOfMeasure>
    <brandName>FUEL-TOOL</brandName>
    <supplierNumber>MC500</supplierNumber>
    <specialInstructions/>
    <baseDealerPrice>124.70</baseDealerPrice>
    <yourDealerPrice>124.70</yourDealerPrice>
    <baseRetailPrice>189.95</baseRetailPrice>
    <originalRetailPrice>189.95</originalRetailPrice>
    <partImage>http://asset.lemansnet.com/z/LzYvMC8yLzYwMkM3M0Q5LTFEMzItNEZCQS1BRTIyLTI1QkEzNDRGMEVCRg==</partImage>
    <productId>1550919821</productId>
    <productName>Fuel Pressure Check Gauge</productName>
    <productImage>http://asset.lemansnet.com/z/LzYvMC8yLzYwMkM3M0Q5LTFEMzItNEZCQS1BRTIyLTI1QkEzNDRGMEVCRg==</productImage>
    <bullet1>Includes a solid brass adapter and release valve, steel housing (100 psi) gauge, stainless steel springs, Viton O-rings, O-ring lubricant and nylon storage pouch</bullet1>
    <bullet2>Quickly diagnoses loss of power, poor fuel economy and hesitation and stalling</bullet2>
    <bullet3>Releases fuel through drain line with the push of a button</bullet3>
    <bullet4>Provides simple, fast and accurate fuel pressure checks</bullet4>
    <bullet5>Made in the USA</bullet5>
    <bullet6>Fits '01-'25 Harley Davidson models with Delphi fuel injection (except for V-Rod).</bullet6>
    <bullet7/>
    <bullet8/>
    <bullet9/>
    <bullet10/>
    <bullet11/>
    <bullet12/>
    <bullet13/>
    <bullet14/>
    <bullet15/>
    <bullet16/>
    <bullet17/>
    <bullet18/>
    <bullet19/>
    <bullet20/>
    <bullet21/>
    <bullet22/>
    <bullet23/>
    <bullet24/>
    <vendorPriceUpdateDate>2023-04-22 00:00:00</vendorPriceUpdateDate>
  </part>
  <part>
    <partNumber>38500303</partNumber>
    <punctuatedPartNumber>3850-0303</punctuatedPartNumber>
    <partStatusDescription>STANDARD</partStatusDescription>
    <partDescription>Gauge - Fuel Pressure - Magnetic - 360°</partDescription>
    <unitOfMeasure>Each</unitOfMeasure>
    <brandName>FUEL-TOOL</brandName>
    <supplierNumber>MC800</supplierNumber>
    <specialInstructions/>
    <baseDealerPrice>167.00</baseDealerPrice>
    <yourDealerPrice>167.00</yourDealerPrice>
    <baseRetailPrice>239.95</baseRetailPrice>
    <originalRetailPrice>239.95</originalRetailPrice>
    <partImage>http://asset.lemansnet.com/z/LzMvMy8xLzMzMUI0NzlBLThFRkYtNEU2NS05MzBGLTg4MkM3OTI0MUFGQSwvOC84LzkvODg5RDI0NkMtODE4Ni00MEQzLUJFNDYtQzdBNDQ1ODg4MjMz</partImage>
    <productId>1021620492</productId>
    <productName>Fuel Pressure Gauge</productName>
    <productImage>http://asset.lemansnet.com/z/LzMvMy8xLzMzMUI0NzlBLThFRkYtNEU2NS05MzBGLTg4MkM3OTI0MUFGQQ==</productImage>
    <bullet1>Gauge attaches magnetically to machine's fuel tank to quickly check both Static (idling) and Load (under acceleration) fuel pressure readings</bullet1>
    <bullet2>Used to diagnose loss of power, poor fuel economy, hesitation, and stalling</bullet2>
    <bullet3>Comes complete with its own storage pouch and O-ring lube</bullet3>
    <bullet4>Entire connection and disconnection takes only seconds</bullet4>
    <bullet5>Perfect for dyno tuning and no tools required</bullet5>
    <bullet6>Head rotates 360°</bullet6>
    <bullet7>Made in the USA</bullet7>
    <bullet8>Fits '01-'25 Harley Davidson models (except for V-Rod) with Delphi fuel injection.</bullet8>
    <bullet9/>
    <bullet10/>
    <bullet11/>
    <bullet12/>
    <bullet13/>
    <bullet14/>
    <bullet15/>
    <bullet16/>
    <bullet17/>
    <bullet18/>
    <bullet19/>
    <bullet20/>
    <bullet21/>
    <bullet22/>
    <bullet23/>
    <bullet24/>
    <vendorPriceUpdateDate>2022-12-07 00:00:00</vendorPriceUpdateDate>
  </part>
  <part>
    <partNumber>38500261</partNumber>
    <punctuatedPartNumber>3850-0261</punctuatedPartNumber>
    <partStatusDescription>STANDARD</partStatusDescription>
    <partDescription>Replacement Hooks - Fuel Check Valve - 4 Pack</partDescription>
    <unitOfMeasure>4 Pack</unitOfMeasure>
    <brandName>FUEL-TOOL</brandName>
    <supplierNumber>MC450</supplierNumber>
    <specialInstructions/>
    <baseDealerPrice>13.70</baseDealerPrice>
    <yourDealerPrice>13.70</yourDealerPrice>
    <baseRetailPrice>19.95</baseRetailPrice>
    <originalRetailPrice>19.95</originalRetailPrice>
    <partImage>http://asset.lemansnet.com/z/LzgvRi8xLzhGMUE2RjE1LTQ1MUMtNDVEQi1CQjFCLUVDODNERjYzQzZERiwvMC9FLzkvMEU5MjExRjctRTQ1Qi00MUU5LUFDNzItMDcwM0M5MTNBQTYy</partImage>
    <productId>1075534772</productId>
    <productName>Replacement Hooks</productName>
    <productImage>http://asset.lemansnet.com/z/LzgvRi8xLzhGMUE2RjE1LTQ1MUMtNDVEQi1CQjFCLUVDODNERjYzQzZERg==</productImage>
    <bullet1>Replacement hooks for check valve rebuild kit (Part# 3850-0215)</bullet1>
    <bullet2>Kit contains 2 lower O-ring hooks and 2 upper O-ring hooks</bullet2>
    <bullet3>Made in the USA</bullet3>
    <bullet4/>
    <bullet5/>
    <bullet6/>
    <bullet7/>
    <bullet8/>
    <bullet9/>
    <bullet10/>
    <bullet11/>
    <bullet12/>
    <bullet13/>
    <bullet14/>
    <bullet15/>
    <bullet16/>
    <bullet17/>
    <bullet18/>
    <bullet19/>
    <bullet20/>
    <bullet21/>
    <bullet22/>
    <bullet23/>
    <bullet24/>
    <vendorPriceUpdateDate>2023-04-22 00:00:00</vendorPriceUpdateDate>
  </part>
  <part>
    <partNumber>38500214</partNumber>
    <punctuatedPartNumber>3850-0214</punctuatedPartNumber>
    <partStatusDescription>STANDARD</partStatusDescription>
    <partDescription>Fuel Transfer System - Delphi Fuel Injection</partDescription>
    <unitOfMeasure>Each</unitOfMeasure>
    <brandName>FUEL-TOOL</brandName>
    <supplierNumber>MC100</supplierNumber>
    <specialInstructions/>
    <baseDealerPrice>87.00</baseDealerPrice>
    <yourDealerPrice>87.00</yourDealerPrice>
    <baseRetailPrice>129.95</baseRetailPrice>
    <originalRetailPrice>129.95</originalRetailPrice>
    <partImage>http://asset.lemansnet.com/z/LzcvRi81LzdGNUJDMjI4LTlCRDUtNDhCOS1BMzhGLTA3QTJDNTVBQzNDNw==</partImage>
    <productId>0218817226</productId>
    <productName>Fuel Transfer System for Delphi Fuel Injection</productName>
    <productImage>http://asset.lemansnet.com/z/LzcvRi81LzdGNUJDMjI4LTlCRDUtNDhCOS1BMzhGLTA3QTJDNTVBQzNDNw==</productImage>
    <bullet1>Transfers up to one quart of fuel every 20 seconds; will not stall engine while in use</bullet1>
    <bullet2>Small and compact size, stores anywhere; storage pouch included</bullet2>
    <bullet3>Simple and easy to use with no tools or modifications needed</bullet3>
    <bullet4>Entire connection and disconnection takes only seconds</bullet4>
    <bullet5>Made in the USA</bullet5>
    <bullet6>Fits '01-'25 Harley Davidson models (except for V-Rod) with Delphi fuel injection.</bullet6>
    <bullet7/>
    <bullet8/>
    <bullet9/>
    <bullet10/>
    <bullet11/>
    <bullet12/>
    <bullet13/>
    <bullet14/>
    <bullet15/>
    <bullet16/>
    <bullet17/>
    <bullet18/>
    <bullet19/>
    <bullet20/>
    <bullet21/>
    <bullet22/>
    <bullet23/>
    <bullet24/>
    <vendorPriceUpdateDate>2023-04-22 00:00:00</vendorPriceUpdateDate>
  </part>
  <part>
    <partNumber>07060221</partNumber>
    <punctuatedPartNumber>0706-0221</punctuatedPartNumber>
    <partStatusDescription>STANDARD</partStatusDescription>
    <partDescription>Replacement O-Ring</partDescription>
    <unitOfMeasure>Each</unitOfMeasure>
    <brandName>FUEL-TOOL</brandName>
    <supplierNumber>MC200</supplierNumber>
    <specialInstructions/>
    <baseDealerPrice>3.80</baseDealerPrice>
    <yourDealerPrice>3.80</yourDealerPrice>
    <baseRetailPrice>7.95</baseRetailPrice>
    <originalRetailPrice>7.95</originalRetailPrice>
    <partImage>http://asset.lemansnet.com/z/LzMvMS8zLzMxM0VDRTdBLTY3MTktNDlGMy1CMDMwLTI5QUU1NTlFOEJERg==</partImage>
    <productId>1377572093</productId>
    <productName>Replacement O-Ring for Fuel Check Valve</productName>
    <productImage>http://asset.lemansnet.com/z/LzMvMS8zLzMxM0VDRTdBLTY3MTktNDlGMy1CMDMwLTI5QUU1NTlFOEJERg==</productImage>
    <bullet1>Eliminates the need for replacing expensive check valve and fuel line when only an O-ring is needed</bullet1>
    <bullet2>Made from long-lasting, high-quality Dupont® Viton®</bullet2>
    <bullet3>Made in the USA</bullet3>
    <bullet4/>
    <bullet5/>
    <bullet6/>
    <bullet7/>
    <bullet8/>
    <bullet9/>
    <bullet10/>
    <bullet11/>
    <bullet12/>
    <bullet13/>
    <bullet14/>
    <bullet15/>
    <bullet16/>
    <bullet17/>
    <bullet18/>
    <bullet19/>
    <bullet20/>
    <bullet21/>
    <bullet22/>
    <bullet23/>
    <bullet24/>
    <vendorPriceUpdateDate>2022-12-07 00:00:00</vendorPriceUpdateDate>
  </part>
  <part>
    <partNumber>07060223</partNumber>
    <punctuatedPartNumber>0706-0223</punctuatedPartNumber>
    <partStatusDescription>STANDARD</partStatusDescription>
    <partDescription>Check Valve Rebuild Kit</partDescription>
    <unitOfMeasure>Kit</unitOfMeasure>
    <brandName>FUEL-TOOL</brandName>
    <supplierNumber>MC300</supplierNumber>
    <specialInstructions/>
    <baseDealerPrice>10.60</baseDealerPrice>
    <yourDealerPrice>10.60</yourDealerPrice>
    <baseRetailPrice>18.95</baseRetailPrice>
    <originalRetailPrice>18.95</originalRetailPrice>
    <partImage>http://asset.lemansnet.com/z/L0MvMi9GL0MyRjM0RkI2LTRCRDktNDcyQy04QzBCLUQ4ODlGMjlBRUEwMw==</partImage>
    <productId>0478950480</productId>
    <productName>Fuel Check Valve Rebuild Kit</productName>
    <productImage>http://asset.lemansnet.com/z/L0MvMi9GL0MyRjM0RkI2LTRCRDktNDcyQy04QzBCLUQ4ODlGMjlBRUEwMw==</productImage>
    <bullet1>Eliminates the need for replacing expensive check valve and fuel line when only a rebuild is needed</bullet1>
    <bullet2>Made from long-lasting, high-quality Dupont® Viton® O-rings, solid brass nickel-plated check valve and stainless steel springs</bullet2>
    <bullet3>Made in the USA</bullet3>
    <bullet4/>
    <bullet5/>
    <bullet6/>
    <bullet7/>
    <bullet8/>
    <bullet9/>
    <bullet10/>
    <bullet11/>
    <bullet12/>
    <bullet13/>
    <bullet14/>
    <bullet15/>
    <bullet16/>
    <bullet17/>
    <bullet18/>
    <bullet19/>
    <bullet20/>
    <bullet21/>
    <bullet22/>
    <bullet23/>
    <bullet24/>
    <vendorPriceUpdateDate>2023-04-22 00:00:00</vendorPriceUpdateDate>
  </part>
  <part>
    <partNumber>07060294</partNumber>
    <punctuatedPartNumber>0706-0294</punctuatedPartNumber>
    <partStatusDescription>STANDARD</partStatusDescription>
    <partDescription>Replacement Fuel Line O-Rings - 5-Pack</partDescription>
    <unitOfMeasure>5 Pack</unitOfMeasure>
    <brandName>FUEL-TOOL</brandName>
    <supplierNumber>MC600-5</supplierNumber>
    <specialInstructions/>
    <baseDealerPrice>11.40</baseDealerPrice>
    <yourDealerPrice>11.40</yourDealerPrice>
    <baseRetailPrice>18.95</baseRetailPrice>
    <originalRetailPrice>18.95</originalRetailPrice>
    <partImage>http://asset.lemansnet.com/z/L0IvNi9DL0I2Qzk3OTEzLUEzMUYtNDc4NS04M0VGLTkwMzJFNURCRkE5MCwvQi9CLzUvQkI1NzNBMjktNkZDQy00RDYyLUJDMUMtMTZCMjZEOTVERUE0</partImage>
    <productId>1692568029</productId>
    <productName>Replacement Fuel Line Viton® O-ring</productName>
    <productImage>http://asset.lemansnet.com/z/L0IvNi9DL0I2Qzk3OTEzLUEzMUYtNDc4NS04M0VGLTkwMzJFNURCRkE5MA==</productImage>
    <bullet1>Replacement Viton® O-rings for Fuel-Tool fuel line rebuild kit</bullet1>
    <bullet2>Made in the USA</bullet2>
    <bullet3/>
    <bullet4/>
    <bullet5/>
    <bullet6/>
    <bullet7/>
    <bullet8/>
    <bullet9/>
    <bullet10/>
    <bullet11/>
    <bullet12/>
    <bullet13/>
    <bullet14/>
    <bullet15/>
    <bullet16/>
    <bullet17/>
    <bullet18/>
    <bullet19/>
    <bullet20/>
    <bullet21/>
    <bullet22/>
    <bullet23/>
    <bullet24/>
    <vendorPriceUpdateDate>2023-04-22 00:00:00</vendorPriceUpdateDate>
  </part>
  <part>
    <partNumber>07060326</partNumber>
    <punctuatedPartNumber>0706-0326</punctuatedPartNumber>
    <partStatusDescription>STANDARD</partStatusDescription>
    <partDescription>Replacement Collar Kit</partDescription>
    <unitOfMeasure>Kit</unitOfMeasure>
    <brandName>FUEL-TOOL</brandName>
    <supplierNumber>MC900</supplierNumber>
    <specialInstructions/>
    <baseDealerPrice>11.60</baseDealerPrice>
    <yourDealerPrice>11.60</yourDealerPrice>
    <baseRetailPrice>19.95</baseRetailPrice>
    <originalRetailPrice>19.95</originalRetailPrice>
    <partImage>http://asset.lemansnet.com/z/LzAvOC84LzA4ODcxMjE3LTY0NjUtNDY3MS1BMUFCLTE0QkMyMUNENTg2RA==</partImage>
    <productId>0498918598</productId>
    <productName>Check Valve Replacement Collar Kit</productName>
    <productImage>http://asset.lemansnet.com/z/LzAvOC84LzA4ODcxMjE3LTY0NjUtNDY3MS1BMUFCLTE0QkMyMUNENTg2RA==</productImage>
    <bullet1>Saves money and days of bike down time by not having to replace the entire check valve</bullet1>
    <bullet2>Makes rusty and weather-beaten check valves look new</bullet2>
    <bullet3>Unique design for easy use</bullet3>
    <bullet4>Nickel-plated solid brass construction</bullet4>
    <bullet5>Installs in minutes; no special tools needed</bullet5>
    <bullet6>Finger grip</bullet6>
    <bullet7/>
    <bullet8/>
    <bullet9/>
    <bullet10/>
    <bullet11/>
    <bullet12/>
    <bullet13/>
    <bullet14/>
    <bullet15/>
    <bullet16/>
    <bullet17/>
    <bullet18/>
    <bullet19/>
    <bullet20/>
    <bullet21/>
    <bullet22/>
    <bullet23/>
    <bullet24/>
    <vendorPriceUpdateDate>2023-04-22 00:00:00</vendorPriceUpdateDate>
  </part>
  <part>
    <partNumber>07060222</partNumber>
    <punctuatedPartNumber>0706-0222</punctuatedPartNumber>
    <partStatusDescription>STANDARD</partStatusDescription>
    <partDescription>Replacement O-Ring - 5-Pack</partDescription>
    <unitOfMeasure>5 Pack</unitOfMeasure>
    <brandName>FUEL-TOOL</brandName>
    <supplierNumber>MC200-5</supplierNumber>
    <specialInstructions/>
    <baseDealerPrice>10.60</baseDealerPrice>
    <yourDealerPrice>10.60</yourDealerPrice>
    <baseRetailPrice>18.95</baseRetailPrice>
    <originalRetailPrice>18.95</originalRetailPrice>
    <partImage>http://asset.lemansnet.com/z/L0YvMS9GL0YxRkRBQzFELUU5NEUtNDk2MS1BMTA2LUZENUJGNEZDMzI3Qg==</partImage>
    <productId>1377572093</productId>
    <productName>Replacement O-Ring for Fuel Check Valve</productName>
    <productImage>http://asset.lemansnet.com/z/LzMvMS8zLzMxM0VDRTdBLTY3MTktNDlGMy1CMDMwLTI5QUU1NTlFOEJERg==</productImage>
    <bullet1>Eliminates the need for replacing expensive check valve and fuel line when only an O-ring is needed</bullet1>
    <bullet2>Made from long-lasting, high-quality Dupont® Viton®</bullet2>
    <bullet3>Made in the USA</bullet3>
    <bullet4/>
    <bullet5/>
    <bullet6/>
    <bullet7/>
    <bullet8/>
    <bullet9/>
    <bullet10/>
    <bullet11/>
    <bullet12/>
    <bullet13/>
    <bullet14/>
    <bullet15/>
    <bullet16/>
    <bullet17/>
    <bullet18/>
    <bullet19/>
    <bullet20/>
    <bullet21/>
    <bullet22/>
    <bullet23/>
    <bullet24/>
    <vendorPriceUpdateDate>2023-04-22 00:00:00</vendorPriceUpdateDate>
  </part>
  <part>
    <partNumber>07060293</partNumber>
    <punctuatedPartNumber>0706-0293</punctuatedPartNumber>
    <partStatusDescription>STANDARD</partStatusDescription>
    <partDescription>Replacement Fuel Line O-Ring</partDescription>
    <unitOfMeasure>Each</unitOfMeasure>
    <brandName>FUEL-TOOL</brandName>
    <supplierNumber>MC600</supplierNumber>
    <specialInstructions/>
    <baseDealerPrice>5.30</baseDealerPrice>
    <yourDealerPrice>5.30</yourDealerPrice>
    <baseRetailPrice>8.95</baseRetailPrice>
    <originalRetailPrice>8.95</originalRetailPrice>
    <partImage>http://asset.lemansnet.com/z/bWVkaWEvMTlhN2Y3ZjYtYWQxMy00MzFhLWE0OGItZDVlMWQzYjg2NzM5LC8yLzkvMS8yOTEyQTg3Qy1DNEZDLTQ0RkEtQjM4Qi00M0ZFRDM0NzJFRDM=</partImage>
    <productId>1692568029</productId>
    <productName>Replacement Fuel Line Viton® O-ring</productName>
    <productImage>http://asset.lemansnet.com/z/L0IvNi9DL0I2Qzk3OTEzLUEzMUYtNDc4NS04M0VGLTkwMzJFNURCRkE5MA==</productImage>
    <bullet1>Replacement Viton® O-rings for Fuel-Tool fuel line rebuild kit</bullet1>
    <bullet2>Made in the USA</bullet2>
    <bullet3/>
    <bullet4/>
    <bullet5/>
    <bullet6/>
    <bullet7/>
    <bullet8/>
    <bullet9/>
    <bullet10/>
    <bullet11/>
    <bullet12/>
    <bullet13/>
    <bullet14/>
    <bullet15/>
    <bullet16/>
    <bullet17/>
    <bullet18/>
    <bullet19/>
    <bullet20/>
    <bullet21/>
    <bullet22/>
    <bullet23/>
    <bullet24/>
    <vendorPriceUpdateDate>2022-12-07 00:00:00</vendorPriceUpdateDate>
  </part>
  <part>
    <partNumber>07060295</partNumber>
    <punctuatedPartNumber>0706-0295</punctuatedPartNumber>
    <partStatusDescription>STANDARD</partStatusDescription>
    <partDescription>Fuel Line Rebuild Kit</partDescription>
    <unitOfMeasure>Kit</unitOfMeasure>
    <brandName>FUEL-TOOL</brandName>
    <supplierNumber>MC700</supplierNumber>
    <specialInstructions/>
    <baseDealerPrice>11.40</baseDealerPrice>
    <yourDealerPrice>11.40</yourDealerPrice>
    <baseRetailPrice>18.95</baseRetailPrice>
    <originalRetailPrice>18.95</originalRetailPrice>
    <partImage>http://asset.lemansnet.com/z/LzYvMC82LzYwNkZCNDVCLThCNEYtNERGOS04NTQxLUNFNjc1MjBENkVCMSwvMy8wL0MvMzBDNDA2Q0MtMzAwNy00N0IzLTgyOUItRkZBMkU1QjAyRjk5</partImage>
    <productId>0191099102</productId>
    <productName>Fuel Line Rebuild Kit</productName>
    <productImage>http://asset.lemansnet.com/z/LzYvMC82LzYwNkZCNDVCLThCNEYtNERGOS04NTQxLUNFNjc1MjBENkVCMQ==</productImage>
    <bullet1>Allows the rebuild of the male end of an '01-'18 Delphi EFI fuel line</bullet1>
    <bullet2>Replacement Viton® O-rings also available separately</bullet2>
    <bullet3>Kit Includes:</bullet3>
    <bullet4>One DuPont Viton® O-ring</bullet4>
    <bullet5>One solid brass valve</bullet5>
    <bullet6>One stainless spring</bullet6>
    <bullet7>Made in the USA</bullet7>
    <bullet8/>
    <bullet9/>
    <bullet10/>
    <bullet11/>
    <bullet12/>
    <bullet13/>
    <bullet14/>
    <bullet15/>
    <bullet16/>
    <bullet17/>
    <bullet18/>
    <bullet19/>
    <bullet20/>
    <bullet21/>
    <bullet22/>
    <bullet23/>
    <bullet24/>
    <vendorPriceUpdateDate>2022-12-07 00:00:00</vendorPriceUpdateDate>
  </part>
</root>
