<root>
  <part>
    <partNumber>10220073</partNumber>
    <punctuatedPartNumber>1022-0073</punctuatedPartNumber>
    <partStatusDescription>STANDARD</partStatusDescription>
    <partDescription>Throttle Position Sensor</partDescription>
    <unitOfMeasure>Each</unitOfMeasure>
    <brandName>STANDARD MOTOR PRODUCTS</brandName>
    <supplierNumber>MC-TPS2</supplierNumber>
    <specialInstructions/>
    <baseDealerPrice>28.30</baseDealerPrice>
    <yourDealerPrice>28.30</yourDealerPrice>
    <baseRetailPrice>43.95</baseRetailPrice>
    <originalRetailPrice>43.95</originalRetailPrice>
    <partImage>http://asset.lemansnet.com/z/L0IvQi85L0JCOTYwMjNCLUQ1NDUtNDMyNi1BQzk3LTI3ODFFN0E0MjlBQw==</partImage>
    <productId>1872912459</productId>
    <productName>Throttle Position Sensor</productName>
    <productImage>http://asset.lemansnet.com/z/L0IvQi85L0JCOTYwMjNCLUQ1NDUtNDMyNi1BQzk3LTI3ODFFN0E0MjlBQw==</productImage>
    <bullet1>See factory parts manual for part number and application</bullet1>
    <bullet2>OEM replacement parts</bullet2>
    <bullet3/>
    <bullet4/>
    <bullet5/>
    <bullet6/>
    <bullet7/>
    <bullet8/>
    <bullet9/>
    <bullet10/>
    <bullet11/>
    <bullet12/>
    <bullet13/>
    <bullet14/>
    <bullet15/>
    <bullet16/>
    <bullet17/>
    <bullet18/>
    <bullet19/>
    <bullet20/>
    <bullet21/>
    <bullet22/>
    <bullet23/>
    <bullet24/>
    <vendorPriceUpdateDate>2022-10-24 00:00:00</vendorPriceUpdateDate>
  </part>
  <part>
    <partNumber>10220074</partNumber>
    <punctuatedPartNumber>1022-0074</punctuatedPartNumber>
    <partStatusDescription>STANDARD</partStatusDescription>
    <partDescription>Replacement OEM Idle Air Control Module</partDescription>
    <unitOfMeasure>Each</unitOfMeasure>
    <brandName>STANDARD MOTOR PRODUCTS</brandName>
    <supplierNumber>MC-IAC2</supplierNumber>
    <specialInstructions/>
    <baseDealerPrice>42.30</baseDealerPrice>
    <yourDealerPrice>42.30</yourDealerPrice>
    <baseRetailPrice>64.95</baseRetailPrice>
    <originalRetailPrice>64.95</originalRetailPrice>
    <partImage>http://asset.lemansnet.com/z/L0YvRC9FL0ZERThEODY3LUMyRjMtNEFCMi04MzgyLUFGNTlBMjE4NDIzMQ==</partImage>
    <productId>1668576936</productId>
    <productName>Replacement OEM Idle Air Control Module</productName>
    <productImage>http://asset.lemansnet.com/z/L0YvRC9FL0ZERThEODY3LUMyRjMtNEFCMi04MzgyLUFGNTlBMjE4NDIzMQ==</productImage>
    <bullet1>See factory parts manual for part number and application</bullet1>
    <bullet2>OEM replacement part</bullet2>
    <bullet3/>
    <bullet4/>
    <bullet5/>
    <bullet6/>
    <bullet7/>
    <bullet8/>
    <bullet9/>
    <bullet10/>
    <bullet11/>
    <bullet12/>
    <bullet13/>
    <bullet14/>
    <bullet15/>
    <bullet16/>
    <bullet17/>
    <bullet18/>
    <bullet19/>
    <bullet20/>
    <bullet21/>
    <bullet22/>
    <bullet23/>
    <bullet24/>
    <vendorPriceUpdateDate>2022-03-23 00:00:00</vendorPriceUpdateDate>
  </part>
  <part>
    <partNumber>10220075</partNumber>
    <punctuatedPartNumber>1022-0075</punctuatedPartNumber>
    <partStatusDescription>STANDARD</partStatusDescription>
    <partDescription>Map Sensor - Original Equipment Manufacturer 32316-99</partDescription>
    <unitOfMeasure>Each</unitOfMeasure>
    <brandName>STANDARD MOTOR PRODUCTS</brandName>
    <supplierNumber>MC-MAP3</supplierNumber>
    <specialInstructions/>
    <baseDealerPrice>50.90</baseDealerPrice>
    <yourDealerPrice>50.90</yourDealerPrice>
    <baseRetailPrice>78.95</baseRetailPrice>
    <originalRetailPrice>77.95</originalRetailPrice>
    <partImage>http://asset.lemansnet.com/z/LzgvQi9FLzhCRUI3MjNBLTk1QjAtNDI2Ny1CNzNCLTg4QkQzNzIwOUExRg==</partImage>
    <productId>2145084202</productId>
    <productName>Manifold Absolute Pressure Sensor</productName>
    <productImage>http://asset.lemansnet.com/z/LzgvQi9FLzhCRUI3MjNBLTk1QjAtNDI2Ny1CNzNCLTg4QkQzNzIwOUExRg==</productImage>
    <bullet1>OEM replacement part</bullet1>
    <bullet2>See factory parts manual for part number and application</bullet2>
    <bullet3/>
    <bullet4/>
    <bullet5/>
    <bullet6/>
    <bullet7/>
    <bullet8/>
    <bullet9/>
    <bullet10/>
    <bullet11/>
    <bullet12/>
    <bullet13/>
    <bullet14/>
    <bullet15/>
    <bullet16/>
    <bullet17/>
    <bullet18/>
    <bullet19/>
    <bullet20/>
    <bullet21/>
    <bullet22/>
    <bullet23/>
    <bullet24/>
    <vendorPriceUpdateDate>2022-03-23 00:00:00</vendorPriceUpdateDate>
  </part>
  <part>
    <partNumber>10220076</partNumber>
    <punctuatedPartNumber>1022-0076</punctuatedPartNumber>
    <partStatusDescription>STANDARD</partStatusDescription>
    <partDescription>Throttle Position Sensor</partDescription>
    <unitOfMeasure>Each</unitOfMeasure>
    <brandName>STANDARD MOTOR PRODUCTS</brandName>
    <supplierNumber>MC-TPS1</supplierNumber>
    <specialInstructions/>
    <baseDealerPrice>43.40</baseDealerPrice>
    <yourDealerPrice>43.40</yourDealerPrice>
    <baseRetailPrice>66.95</baseRetailPrice>
    <originalRetailPrice>140.95</originalRetailPrice>
    <partImage>http://asset.lemansnet.com/z/LzgvNi9ELzg2REIzRTI4LUQ3NzAtNDNCOS1BMDMzLTQzRTAwN0Y2MkExOQ==</partImage>
    <productId>1872912459</productId>
    <productName>Throttle Position Sensor</productName>
    <productImage>http://asset.lemansnet.com/z/L0IvQi85L0JCOTYwMjNCLUQ1NDUtNDMyNi1BQzk3LTI3ODFFN0E0MjlBQw==</productImage>
    <bullet1>See factory parts manual for part number and application</bullet1>
    <bullet2>OEM replacement parts</bullet2>
    <bullet3/>
    <bullet4/>
    <bullet5/>
    <bullet6/>
    <bullet7/>
    <bullet8/>
    <bullet9/>
    <bullet10/>
    <bullet11/>
    <bullet12/>
    <bullet13/>
    <bullet14/>
    <bullet15/>
    <bullet16/>
    <bullet17/>
    <bullet18/>
    <bullet19/>
    <bullet20/>
    <bullet21/>
    <bullet22/>
    <bullet23/>
    <bullet24/>
    <vendorPriceUpdateDate>2022-10-24 00:00:00</vendorPriceUpdateDate>
  </part>
  <part>
    <partNumber>10220077</partNumber>
    <punctuatedPartNumber>1022-0077</punctuatedPartNumber>
    <partStatusDescription>STANDARD</partStatusDescription>
    <partDescription>Replacement Fuel Injector</partDescription>
    <unitOfMeasure>Each</unitOfMeasure>
    <brandName>STANDARD MOTOR PRODUCTS</brandName>
    <supplierNumber>MC-INJ3</supplierNumber>
    <specialInstructions/>
    <baseDealerPrice>55.10</baseDealerPrice>
    <yourDealerPrice>55.10</yourDealerPrice>
    <baseRetailPrice>84.95</baseRetailPrice>
    <originalRetailPrice>188.95</originalRetailPrice>
    <partImage>http://asset.lemansnet.com/z/L0YvMy9GL0YzRjlFNDNDLUM3MUYtNDFEQi04ODdGLTg3QzAxN0ZEQUMzMSwvMy8zLzYvMzM2RjM4NDQtOTc2Ny00RTFBLUJENTMtRkVFNkVCMUIwNDVBLC85LzMvQy85M0NEM0FGOC1EM0ZBLTRCNTItODE3OS0wM0NGMzBFNDk4MEU=</partImage>
    <productId>0174389924</productId>
    <productName>Replacement Fuel Injector</productName>
    <productImage>http://asset.lemansnet.com/z/L0MvNS9GL0M1RkVGRjkwLTVEMjAtNEJFQy1BMTU3LUNDRUM4RDFGNTNCRQ==</productImage>
    <bullet1>OEM replacement parts</bullet1>
    <bullet2/>
    <bullet3/>
    <bullet4/>
    <bullet5/>
    <bullet6/>
    <bullet7/>
    <bullet8/>
    <bullet9/>
    <bullet10/>
    <bullet11/>
    <bullet12/>
    <bullet13/>
    <bullet14/>
    <bullet15/>
    <bullet16/>
    <bullet17/>
    <bullet18/>
    <bullet19/>
    <bullet20/>
    <bullet21/>
    <bullet22/>
    <bullet23/>
    <bullet24/>
    <vendorPriceUpdateDate>2022-03-23 00:00:00</vendorPriceUpdateDate>
  </part>
  <part>
    <partNumber>10220085</partNumber>
    <punctuatedPartNumber>1022-0085</punctuatedPartNumber>
    <partStatusDescription>STANDARD</partStatusDescription>
    <partDescription>Replacement OEM Idle Air Control Module</partDescription>
    <unitOfMeasure>Each</unitOfMeasure>
    <brandName>STANDARD MOTOR PRODUCTS</brandName>
    <supplierNumber>MC-IAC3</supplierNumber>
    <specialInstructions/>
    <baseDealerPrice>48.90</baseDealerPrice>
    <yourDealerPrice>48.90</yourDealerPrice>
    <baseRetailPrice>75.95</baseRetailPrice>
    <originalRetailPrice>71.95</originalRetailPrice>
    <partImage>http://asset.lemansnet.com/z/L0QvOS9DL0Q5QzlDOUVFLTAwNzQtNDExRi04ODI0LTNENzA4NTNBRDZCOA==</partImage>
    <productId>1668576936</productId>
    <productName>Replacement OEM Idle Air Control Module</productName>
    <productImage>http://asset.lemansnet.com/z/L0YvRC9FL0ZERThEODY3LUMyRjMtNEFCMi04MzgyLUFGNTlBMjE4NDIzMQ==</productImage>
    <bullet1>See factory parts manual for part number and application</bullet1>
    <bullet2>OEM replacement part</bullet2>
    <bullet3/>
    <bullet4/>
    <bullet5/>
    <bullet6/>
    <bullet7/>
    <bullet8/>
    <bullet9/>
    <bullet10/>
    <bullet11/>
    <bullet12/>
    <bullet13/>
    <bullet14/>
    <bullet15/>
    <bullet16/>
    <bullet17/>
    <bullet18/>
    <bullet19/>
    <bullet20/>
    <bullet21/>
    <bullet22/>
    <bullet23/>
    <bullet24/>
    <vendorPriceUpdateDate>2022-03-23 00:00:00</vendorPriceUpdateDate>
  </part>
  <part>
    <partNumber>10220274</partNumber>
    <punctuatedPartNumber>1022-0274</punctuatedPartNumber>
    <partStatusDescription>STANDARD</partStatusDescription>
    <partDescription>Crankshaft Sensor</partDescription>
    <unitOfMeasure>Each</unitOfMeasure>
    <brandName>STANDARD MOTOR PRODUCTS</brandName>
    <supplierNumber>MCCPS1</supplierNumber>
    <specialInstructions/>
    <baseDealerPrice>37.70</baseDealerPrice>
    <yourDealerPrice>37.70</yourDealerPrice>
    <baseRetailPrice>57.95</baseRetailPrice>
    <originalRetailPrice>53.95</originalRetailPrice>
    <partImage>http://asset.lemansnet.com/z/LzUvNy8yLzU3Mjc3NjUzLTE4RDktNDU3NS04OTJELTRDMUEyMEVGODA5Mg==</partImage>
    <productId>0356334897</productId>
    <productName>Crankshaft Sensor</productName>
    <productImage>http://asset.lemansnet.com/z/LzUvNy8yLzU3Mjc3NjUzLTE4RDktNDU3NS04OTJELTRDMUEyMEVGODA5Mg==</productImage>
    <bullet1>Advanced circuitry provides immunity from EMI, such as stray electromagnetic fields, power spikes and static electricity</bullet1>
    <bullet2>Sealed construction withstands extreme conditions</bullet2>
    <bullet3>Fluorocarbon rubber oil seal ensures a secure fit</bullet3>
    <bullet4>Meets ISO standards</bullet4>
    <bullet5/>
    <bullet6/>
    <bullet7/>
    <bullet8/>
    <bullet9/>
    <bullet10/>
    <bullet11/>
    <bullet12/>
    <bullet13/>
    <bullet14/>
    <bullet15/>
    <bullet16/>
    <bullet17/>
    <bullet18/>
    <bullet19/>
    <bullet20/>
    <bullet21/>
    <bullet22/>
    <bullet23/>
    <bullet24/>
    <vendorPriceUpdateDate>2022-03-23 00:00:00</vendorPriceUpdateDate>
  </part>
  <part>
    <partNumber>10500238</partNumber>
    <punctuatedPartNumber>1050-0238</punctuatedPartNumber>
    <partStatusDescription>STANDARD</partStatusDescription>
    <partDescription>Replacement Air Temperature Sensor</partDescription>
    <unitOfMeasure>Each</unitOfMeasure>
    <brandName>STANDARD MOTOR PRODUCTS</brandName>
    <supplierNumber>MC-ATS1</supplierNumber>
    <specialInstructions/>
    <baseDealerPrice>47.60</baseDealerPrice>
    <yourDealerPrice>47.60</yourDealerPrice>
    <baseRetailPrice>73.95</baseRetailPrice>
    <originalRetailPrice>55.95</originalRetailPrice>
    <partImage>http://asset.lemansnet.com/z/LzgvQS8yLzhBMkU2NDlFLTIwNjEtNDQ5Mi05MjUzLTVGOEI1RjM0MTQzNg==</partImage>
    <productId>1338063616</productId>
    <productName>Replacement Air Temperature Sensor</productName>
    <productImage>http://asset.lemansnet.com/z/LzgvQS8yLzhBMkU2NDlFLTIwNjEtNDQ5Mi05MjUzLTVGOEI1RjM0MTQzNg==</productImage>
    <bullet1>See factory parts manual for part number and application</bullet1>
    <bullet2>OEM replacement sensor</bullet2>
    <bullet3/>
    <bullet4/>
    <bullet5/>
    <bullet6/>
    <bullet7/>
    <bullet8/>
    <bullet9/>
    <bullet10/>
    <bullet11/>
    <bullet12/>
    <bullet13/>
    <bullet14/>
    <bullet15/>
    <bullet16/>
    <bullet17/>
    <bullet18/>
    <bullet19/>
    <bullet20/>
    <bullet21/>
    <bullet22/>
    <bullet23/>
    <bullet24/>
    <vendorPriceUpdateDate>2022-03-23 00:00:00</vendorPriceUpdateDate>
  </part>
  <part>
    <partNumber>08070116</partNumber>
    <punctuatedPartNumber>0807-0116</punctuatedPartNumber>
    <partStatusDescription>STANDARD</partStatusDescription>
    <partDescription>Ignition Sensor Assembly - Harley Davidson</partDescription>
    <unitOfMeasure>Each</unitOfMeasure>
    <brandName>STANDARD MOTOR PRODUCTS</brandName>
    <supplierNumber>MC-SPA1</supplierNumber>
    <specialInstructions/>
    <baseDealerPrice>42.60</baseDealerPrice>
    <yourDealerPrice>42.60</yourDealerPrice>
    <baseRetailPrice>65.95</baseRetailPrice>
    <originalRetailPrice>62.95</originalRetailPrice>
    <partImage>http://asset.lemansnet.com/z/LzEvRC9ELzFEREFBQjdCLUM0NjAtNEI4MC1BMjk2LTMyMEU2NzAwNEYwRSwvMy9FLzcvM0U3OUEyMDgtOUQwRi00NTlBLUE1MkEtOEJCOUM2OUEyOUU3LC82L0MvQS82Q0FEOUZCQy1COTBGLTQ2QTItQkU4MS04MDg5NDQ5OTFEM0I=</partImage>
    <productId>0683230421</productId>
    <productName>Ignition Sensor Assembly</productName>
    <productImage>http://asset.lemansnet.com/z/LzEvRC9ELzFEREFBQjdCLUM0NjAtNEI4MC1BMjk2LTMyMEU2NzAwNEYwRQ==</productImage>
    <bullet1>Assemblies include pickup, mounting plate and wires with connectors</bullet1>
    <bullet2/>
    <bullet3/>
    <bullet4/>
    <bullet5/>
    <bullet6/>
    <bullet7/>
    <bullet8/>
    <bullet9/>
    <bullet10/>
    <bullet11/>
    <bullet12/>
    <bullet13/>
    <bullet14/>
    <bullet15/>
    <bullet16/>
    <bullet17/>
    <bullet18/>
    <bullet19/>
    <bullet20/>
    <bullet21/>
    <bullet22/>
    <bullet23/>
    <bullet24/>
    <vendorPriceUpdateDate>2022-10-24 00:00:00</vendorPriceUpdateDate>
  </part>
  <part>
    <partNumber>08070117</partNumber>
    <punctuatedPartNumber>0807-0117</punctuatedPartNumber>
    <partStatusDescription>STANDARD</partStatusDescription>
    <partDescription>Ignition Sensor Assembly - Harley Davidson</partDescription>
    <unitOfMeasure>Each</unitOfMeasure>
    <brandName>STANDARD MOTOR PRODUCTS</brandName>
    <supplierNumber>MC-SPA2</supplierNumber>
    <specialInstructions/>
    <baseDealerPrice>42.60</baseDealerPrice>
    <yourDealerPrice>42.60</yourDealerPrice>
    <baseRetailPrice>65.95</baseRetailPrice>
    <originalRetailPrice>62.95</originalRetailPrice>
    <partImage>http://asset.lemansnet.com/z/LzgvMC8xLzgwMUYzQUE4LUI3NDctNDkzNy04OTVBLUNDM0Q4ODY2NTRENg==</partImage>
    <productId>0683230421</productId>
    <productName>Ignition Sensor Assembly</productName>
    <productImage>http://asset.lemansnet.com/z/LzEvRC9ELzFEREFBQjdCLUM0NjAtNEI4MC1BMjk2LTMyMEU2NzAwNEYwRQ==</productImage>
    <bullet1>Assemblies include pickup, mounting plate and wires with connectors</bullet1>
    <bullet2/>
    <bullet3/>
    <bullet4/>
    <bullet5/>
    <bullet6/>
    <bullet7/>
    <bullet8/>
    <bullet9/>
    <bullet10/>
    <bullet11/>
    <bullet12/>
    <bullet13/>
    <bullet14/>
    <bullet15/>
    <bullet16/>
    <bullet17/>
    <bullet18/>
    <bullet19/>
    <bullet20/>
    <bullet21/>
    <bullet22/>
    <bullet23/>
    <bullet24/>
    <vendorPriceUpdateDate>2022-10-24 00:00:00</vendorPriceUpdateDate>
  </part>
  <part>
    <partNumber>08070118</partNumber>
    <punctuatedPartNumber>0807-0118</punctuatedPartNumber>
    <partStatusDescription>STANDARD</partStatusDescription>
    <partDescription>Ignition Sensor Assembly - Harley Davidson</partDescription>
    <unitOfMeasure>Each</unitOfMeasure>
    <brandName>STANDARD MOTOR PRODUCTS</brandName>
    <supplierNumber>MC-SPA3</supplierNumber>
    <specialInstructions/>
    <baseDealerPrice>42.60</baseDealerPrice>
    <yourDealerPrice>42.60</yourDealerPrice>
    <baseRetailPrice>65.95</baseRetailPrice>
    <originalRetailPrice>62.95</originalRetailPrice>
    <partImage>http://asset.lemansnet.com/z/LzMvRS83LzNFNzlBMjA4LTlEMEYtNDU5QS1BNTJBLThCQjlDNjlBMjlFNw==</partImage>
    <productId>0683230421</productId>
    <productName>Ignition Sensor Assembly</productName>
    <productImage>http://asset.lemansnet.com/z/LzEvRC9ELzFEREFBQjdCLUM0NjAtNEI4MC1BMjk2LTMyMEU2NzAwNEYwRQ==</productImage>
    <bullet1>Assemblies include pickup, mounting plate and wires with connectors</bullet1>
    <bullet2/>
    <bullet3/>
    <bullet4/>
    <bullet5/>
    <bullet6/>
    <bullet7/>
    <bullet8/>
    <bullet9/>
    <bullet10/>
    <bullet11/>
    <bullet12/>
    <bullet13/>
    <bullet14/>
    <bullet15/>
    <bullet16/>
    <bullet17/>
    <bullet18/>
    <bullet19/>
    <bullet20/>
    <bullet21/>
    <bullet22/>
    <bullet23/>
    <bullet24/>
    <vendorPriceUpdateDate>2022-10-24 00:00:00</vendorPriceUpdateDate>
  </part>
  <part>
    <partNumber>10500239</partNumber>
    <punctuatedPartNumber>1050-0239</punctuatedPartNumber>
    <partStatusDescription>STANDARD</partStatusDescription>
    <partDescription>Replacement Engine Temperature Sensor</partDescription>
    <unitOfMeasure>Each</unitOfMeasure>
    <brandName>STANDARD MOTOR PRODUCTS</brandName>
    <supplierNumber>MC-TS1</supplierNumber>
    <specialInstructions/>
    <baseDealerPrice>32.40</baseDealerPrice>
    <yourDealerPrice>32.40</yourDealerPrice>
    <baseRetailPrice>49.95</baseRetailPrice>
    <originalRetailPrice>49.95</originalRetailPrice>
    <partImage>http://asset.lemansnet.com/z/L0QvMy9DL0QzQzQ3RThCLTE5MzUtNDY2Qy05MDRCLUU5MEQyNEFBRTRFNA==</partImage>
    <productId>0294354120</productId>
    <productName>Replacement Engine Temperature Sensor</productName>
    <productImage>http://asset.lemansnet.com/z/L0QvMy9DL0QzQzQ3RThCLTE5MzUtNDY2Qy05MDRCLUU5MEQyNEFBRTRFNA==</productImage>
    <bullet1>See factory parts manual for part number and application</bullet1>
    <bullet2>OEM replacement sensor</bullet2>
    <bullet3/>
    <bullet4/>
    <bullet5/>
    <bullet6/>
    <bullet7/>
    <bullet8/>
    <bullet9/>
    <bullet10/>
    <bullet11/>
    <bullet12/>
    <bullet13/>
    <bullet14/>
    <bullet15/>
    <bullet16/>
    <bullet17/>
    <bullet18/>
    <bullet19/>
    <bullet20/>
    <bullet21/>
    <bullet22/>
    <bullet23/>
    <bullet24/>
    <vendorPriceUpdateDate>2022-10-24 00:00:00</vendorPriceUpdateDate>
  </part>
  <part>
    <partNumber>10090012</partNumber>
    <punctuatedPartNumber>1009-0012</punctuatedPartNumber>
    <partStatusDescription>STANDARD</partStatusDescription>
    <partDescription>Replacement Electronic Fuel-injection Regulator</partDescription>
    <unitOfMeasure>Each</unitOfMeasure>
    <brandName>STANDARD MOTOR PRODUCTS</brandName>
    <supplierNumber>MC-FPR1</supplierNumber>
    <specialInstructions>FITS 95-01 MAGNETTI EFI 25PJL</specialInstructions>
    <baseDealerPrice>44.70</baseDealerPrice>
    <yourDealerPrice>44.70</yourDealerPrice>
    <baseRetailPrice>68.95</baseRetailPrice>
    <originalRetailPrice>79.95</originalRetailPrice>
    <partImage>http://asset.lemansnet.com/z/LzIvQi8yLzJCMjY2OUM5LUVGNTMtNDhBRC05RDY4LUE0RUFDNzJCNUUwQg==</partImage>
    <productId>1208942588</productId>
    <productName>Electronic Fuel-injection Regulator</productName>
    <productImage>http://asset.lemansnet.com/z/LzEvMy81LzEzNUI5QUVELTMwMTgtNDZDRC04NjVGLUE2NzdEQTg3QjBGNQ==</productImage>
    <bullet1>OEM replacement part</bullet1>
    <bullet2/>
    <bullet3/>
    <bullet4/>
    <bullet5/>
    <bullet6/>
    <bullet7/>
    <bullet8/>
    <bullet9/>
    <bullet10/>
    <bullet11/>
    <bullet12/>
    <bullet13/>
    <bullet14/>
    <bullet15/>
    <bullet16/>
    <bullet17/>
    <bullet18/>
    <bullet19/>
    <bullet20/>
    <bullet21/>
    <bullet22/>
    <bullet23/>
    <bullet24/>
    <vendorPriceUpdateDate>2022-03-23 00:00:00</vendorPriceUpdateDate>
  </part>
  <part>
    <partNumber>21060227</partNumber>
    <punctuatedPartNumber>2106-0227</punctuatedPartNumber>
    <partStatusDescription>STANDARD</partStatusDescription>
    <partDescription>Brake Light Switch - 72023-51E</partDescription>
    <unitOfMeasure>Each</unitOfMeasure>
    <brandName>STANDARD MOTOR PRODUCTS</brandName>
    <supplierNumber>MC-SLS4</supplierNumber>
    <specialInstructions/>
    <baseDealerPrice>22.00</baseDealerPrice>
    <yourDealerPrice>22.00</yourDealerPrice>
    <baseRetailPrice>33.95</baseRetailPrice>
    <originalRetailPrice>32.95</originalRetailPrice>
    <partImage>http://asset.lemansnet.com/z/LzIvRC84LzJEOEQxNjcyLTU3NEEtNDg5MS1BMzJCLTAwQUExOTU0MzU5Rg==</partImage>
    <productId>1913581692</productId>
    <productName>Hydraulic Stoplight Switch</productName>
    <productImage>http://asset.lemansnet.com/z/L0IvNy81L0I3NTUxNzc3LUIxMDEtNEFERS1BOUY0LUJGRjI2RjAzRTM0Mg==</productImage>
    <bullet1>Spade-type switch</bullet1>
    <bullet2>Bakelite insulators, high-conductivity brass terminals and heavy-duty contacts</bullet2>
    <bullet3/>
    <bullet4/>
    <bullet5/>
    <bullet6/>
    <bullet7/>
    <bullet8/>
    <bullet9/>
    <bullet10/>
    <bullet11/>
    <bullet12/>
    <bullet13/>
    <bullet14/>
    <bullet15/>
    <bullet16/>
    <bullet17/>
    <bullet18/>
    <bullet19/>
    <bullet20/>
    <bullet21/>
    <bullet22/>
    <bullet23/>
    <bullet24/>
    <vendorPriceUpdateDate>2022-10-24 00:00:00</vendorPriceUpdateDate>
  </part>
  <part>
    <partNumber>21100365</partNumber>
    <punctuatedPartNumber>2110-0365</punctuatedPartNumber>
    <partStatusDescription>STANDARD</partStatusDescription>
    <partDescription>Micro Relay - with Diode</partDescription>
    <unitOfMeasure>Each</unitOfMeasure>
    <brandName>STANDARD MOTOR PRODUCTS</brandName>
    <supplierNumber>MC-RLY6</supplierNumber>
    <specialInstructions/>
    <baseDealerPrice>8.20</baseDealerPrice>
    <yourDealerPrice>8.20</yourDealerPrice>
    <baseRetailPrice>12.95</baseRetailPrice>
    <originalRetailPrice>11.95</originalRetailPrice>
    <partImage>http://asset.lemansnet.com/z/LzEvOC8wLzE4MDMyMDA5LUQ3NEUtNDhBMi04OTgxLTI0RDQ4RERCN0I1Ng==</partImage>
    <productId>1902755021</productId>
    <productName>Micro Relay</productName>
    <productImage>http://asset.lemansnet.com/z/LzEvOC8wLzE4MDMyMDA5LUQ3NEUtNDhBMi04OTgxLTI0RDQ4RERCN0I1Ng==</productImage>
    <bullet1>OEM replacement</bullet1>
    <bullet2/>
    <bullet3/>
    <bullet4/>
    <bullet5/>
    <bullet6/>
    <bullet7/>
    <bullet8/>
    <bullet9/>
    <bullet10/>
    <bullet11/>
    <bullet12/>
    <bullet13/>
    <bullet14/>
    <bullet15/>
    <bullet16/>
    <bullet17/>
    <bullet18/>
    <bullet19/>
    <bullet20/>
    <bullet21/>
    <bullet22/>
    <bullet23/>
    <bullet24/>
    <vendorPriceUpdateDate>2022-10-24 00:00:00</vendorPriceUpdateDate>
  </part>
  <part>
    <partNumber>21100366</partNumber>
    <punctuatedPartNumber>2110-0366</punctuatedPartNumber>
    <partStatusDescription>STANDARD</partStatusDescription>
    <partDescription>Starter - Relay Switch</partDescription>
    <unitOfMeasure>Each</unitOfMeasure>
    <brandName>STANDARD MOTOR PRODUCTS</brandName>
    <supplierNumber>MC-RLY8</supplierNumber>
    <specialInstructions/>
    <baseDealerPrice>10.70</baseDealerPrice>
    <yourDealerPrice>10.70</yourDealerPrice>
    <baseRetailPrice>16.95</baseRetailPrice>
    <originalRetailPrice>16.95</originalRetailPrice>
    <partImage>http://asset.lemansnet.com/z/LzUvRi81LzVGNTE1MTAyLUREMDYtNDM3Ni1CNjcyLTM1QzNGMDJFNkM2RQ==</partImage>
    <productId>0412312901</productId>
    <productName>Relay Switch</productName>
    <productImage>http://asset.lemansnet.com/z/L0EvRS85L0FFOUMwNzY5LTFCNEItNEJFMy04Q0YxLTZERTFGNDJERjNCOQ==</productImage>
    <bullet1>For starter, brake light and fuel pump</bullet1>
    <bullet2>Easily handles high-current draw</bullet2>
    <bullet3/>
    <bullet4/>
    <bullet5/>
    <bullet6/>
    <bullet7/>
    <bullet8/>
    <bullet9/>
    <bullet10/>
    <bullet11/>
    <bullet12/>
    <bullet13/>
    <bullet14/>
    <bullet15/>
    <bullet16/>
    <bullet17/>
    <bullet18/>
    <bullet19/>
    <bullet20/>
    <bullet21/>
    <bullet22/>
    <bullet23/>
    <bullet24/>
    <vendorPriceUpdateDate>2022-10-24 00:00:00</vendorPriceUpdateDate>
  </part>
  <part>
    <partNumber>21100368</partNumber>
    <punctuatedPartNumber>2110-0368</punctuatedPartNumber>
    <partStatusDescription>STANDARD</partStatusDescription>
    <partDescription>Starter - Solenoid</partDescription>
    <unitOfMeasure>Each</unitOfMeasure>
    <brandName>STANDARD MOTOR PRODUCTS</brandName>
    <supplierNumber>MC-STS1</supplierNumber>
    <specialInstructions/>
    <baseDealerPrice>37.30</baseDealerPrice>
    <yourDealerPrice>37.30</yourDealerPrice>
    <baseRetailPrice>57.95</baseRetailPrice>
    <originalRetailPrice>56.95</originalRetailPrice>
    <partImage>http://asset.lemansnet.com/z/LzUvNC9FLzU0RTBBNEUxLTUzNTItNDgzOC1BRTFGLThENDAyNUNBMUNGNg==</partImage>
    <productId>1084888924</productId>
    <productName>Starter Solenoid</productName>
    <productImage>http://asset.lemansnet.com/z/L0EvMi81L0EyNTZFODBELTlCODctNEQ4My1CMjMzLTg5QjVDQTk1QzA5Mw==</productImage>
    <bullet1>Features zinc-finished moisture-proof case, hardened steel plunger and long-life contact disc</bullet1>
    <bullet2/>
    <bullet3/>
    <bullet4/>
    <bullet5/>
    <bullet6/>
    <bullet7/>
    <bullet8/>
    <bullet9/>
    <bullet10/>
    <bullet11/>
    <bullet12/>
    <bullet13/>
    <bullet14/>
    <bullet15/>
    <bullet16/>
    <bullet17/>
    <bullet18/>
    <bullet19/>
    <bullet20/>
    <bullet21/>
    <bullet22/>
    <bullet23/>
    <bullet24/>
    <vendorPriceUpdateDate>2022-10-24 00:00:00</vendorPriceUpdateDate>
  </part>
  <part>
    <partNumber>21100370</partNumber>
    <punctuatedPartNumber>2110-0370</punctuatedPartNumber>
    <partStatusDescription>STANDARD</partStatusDescription>
    <partDescription>Starter - Solenoid</partDescription>
    <unitOfMeasure>Each</unitOfMeasure>
    <brandName>STANDARD MOTOR PRODUCTS</brandName>
    <supplierNumber>MC-STS2</supplierNumber>
    <specialInstructions/>
    <baseDealerPrice>45.40</baseDealerPrice>
    <yourDealerPrice>45.40</yourDealerPrice>
    <baseRetailPrice>69.95</baseRetailPrice>
    <originalRetailPrice>66.95</originalRetailPrice>
    <partImage>http://asset.lemansnet.com/z/L0EvMi81L0EyNTZFODBELTlCODctNEQ4My1CMjMzLTg5QjVDQTk1QzA5Mw==</partImage>
    <productId>1084888924</productId>
    <productName>Starter Solenoid</productName>
    <productImage>http://asset.lemansnet.com/z/L0EvMi81L0EyNTZFODBELTlCODctNEQ4My1CMjMzLTg5QjVDQTk1QzA5Mw==</productImage>
    <bullet1>Features zinc-finished moisture-proof case, hardened steel plunger and long-life contact disc</bullet1>
    <bullet2/>
    <bullet3/>
    <bullet4/>
    <bullet5/>
    <bullet6/>
    <bullet7/>
    <bullet8/>
    <bullet9/>
    <bullet10/>
    <bullet11/>
    <bullet12/>
    <bullet13/>
    <bullet14/>
    <bullet15/>
    <bullet16/>
    <bullet17/>
    <bullet18/>
    <bullet19/>
    <bullet20/>
    <bullet21/>
    <bullet22/>
    <bullet23/>
    <bullet24/>
    <vendorPriceUpdateDate>2022-10-24 00:00:00</vendorPriceUpdateDate>
  </part>
  <part>
    <partNumber>21100373</partNumber>
    <punctuatedPartNumber>2110-0373</punctuatedPartNumber>
    <partStatusDescription>STANDARD</partStatusDescription>
    <partDescription>Micro Relay - with Diode</partDescription>
    <unitOfMeasure>Each</unitOfMeasure>
    <brandName>STANDARD MOTOR PRODUCTS</brandName>
    <supplierNumber>MC-RLY5</supplierNumber>
    <specialInstructions/>
    <baseDealerPrice>7.00</baseDealerPrice>
    <yourDealerPrice>7.00</yourDealerPrice>
    <baseRetailPrice>10.95</baseRetailPrice>
    <originalRetailPrice>9.95</originalRetailPrice>
    <partImage>http://asset.lemansnet.com/z/L0QvNy9GL0Q3RkE4QTIzLUUwNzgtNDBBRS04QUE5LTc2MEQyM0FFQzlCQg==</partImage>
    <productId>0324468881</productId>
    <productName>Micro Relay</productName>
    <productImage>http://asset.lemansnet.com/z/LzEvOC8wLzE4MDMyMDA5LUQ3NEUtNDhBMi04OTgxLTI0RDQ4RERCN0I1Ng==</productImage>
    <bullet1>OEM replacement</bullet1>
    <bullet2/>
    <bullet3/>
    <bullet4/>
    <bullet5/>
    <bullet6/>
    <bullet7/>
    <bullet8/>
    <bullet9/>
    <bullet10/>
    <bullet11/>
    <bullet12/>
    <bullet13/>
    <bullet14/>
    <bullet15/>
    <bullet16/>
    <bullet17/>
    <bullet18/>
    <bullet19/>
    <bullet20/>
    <bullet21/>
    <bullet22/>
    <bullet23/>
    <bullet24/>
    <vendorPriceUpdateDate>2022-10-24 00:00:00</vendorPriceUpdateDate>
  </part>
  <part>
    <partNumber>21100374</partNumber>
    <punctuatedPartNumber>2110-0374</punctuatedPartNumber>
    <partStatusDescription>STANDARD</partStatusDescription>
    <partDescription>Relay</partDescription>
    <unitOfMeasure>Each</unitOfMeasure>
    <brandName>STANDARD MOTOR PRODUCTS</brandName>
    <supplierNumber>MC-RLY4</supplierNumber>
    <specialInstructions/>
    <baseDealerPrice>9.60</baseDealerPrice>
    <yourDealerPrice>9.60</yourDealerPrice>
    <baseRetailPrice>14.95</baseRetailPrice>
    <originalRetailPrice>13.95</originalRetailPrice>
    <partImage>http://asset.lemansnet.com/z/LzMvMy8wLzMzMDA3MEJELTEyNjktNDlCMS1BRTYyLUIwNEY5QTk3RTUyRg==</partImage>
    <productId>1949967538</productId>
    <productName>Relay Switch</productName>
    <productImage>http://asset.lemansnet.com/z/LzMvNi82LzM2NjJCQkUyLTY0REQtNDBDNS1BMTUzLUM1MjdENDYxM0YxOQ==</productImage>
    <bullet1>For starter, brake light and fuel pump</bullet1>
    <bullet2>Easily handles high-current draw</bullet2>
    <bullet3/>
    <bullet4/>
    <bullet5/>
    <bullet6/>
    <bullet7/>
    <bullet8/>
    <bullet9/>
    <bullet10/>
    <bullet11/>
    <bullet12/>
    <bullet13/>
    <bullet14/>
    <bullet15/>
    <bullet16/>
    <bullet17/>
    <bullet18/>
    <bullet19/>
    <bullet20/>
    <bullet21/>
    <bullet22/>
    <bullet23/>
    <bullet24/>
    <vendorPriceUpdateDate>2022-10-24 00:00:00</vendorPriceUpdateDate>
  </part>
  <part>
    <partNumber>21060544</partNumber>
    <punctuatedPartNumber>2106-0544</punctuatedPartNumber>
    <partStatusDescription>STANDARD</partStatusDescription>
    <partDescription>Neutral Switch - 33900-99</partDescription>
    <unitOfMeasure>Each</unitOfMeasure>
    <brandName>STANDARD MOTOR PRODUCTS</brandName>
    <supplierNumber>MC-NSS7</supplierNumber>
    <specialInstructions/>
    <baseDealerPrice>10.90</baseDealerPrice>
    <yourDealerPrice>10.90</yourDealerPrice>
    <baseRetailPrice>16.95</baseRetailPrice>
    <originalRetailPrice>15.95</originalRetailPrice>
    <partImage>http://asset.lemansnet.com/z/LzkvRi84LzlGODc3NEE2LTdDNzUtNDRBNS05QzBGLTJGMjEwNzEzQjE4Nw==</partImage>
    <productId>2003921925</productId>
    <productName>Neutral Safety Switch</productName>
    <productImage>http://asset.lemansnet.com/z/LzAvRS9BLzBFQTk1OERGLUY1QTQtNDE4Ri1CQjhBLUNEN0JCQTNEMjJCOQ==</productImage>
    <bullet1>Zinc plated</bullet1>
    <bullet2/>
    <bullet3/>
    <bullet4/>
    <bullet5/>
    <bullet6/>
    <bullet7/>
    <bullet8/>
    <bullet9/>
    <bullet10/>
    <bullet11/>
    <bullet12/>
    <bullet13/>
    <bullet14/>
    <bullet15/>
    <bullet16/>
    <bullet17/>
    <bullet18/>
    <bullet19/>
    <bullet20/>
    <bullet21/>
    <bullet22/>
    <bullet23/>
    <bullet24/>
    <vendorPriceUpdateDate>2022-03-23 00:00:00</vendorPriceUpdateDate>
  </part>
  <part>
    <partNumber>21300061</partNumber>
    <punctuatedPartNumber>2130-0061</punctuatedPartNumber>
    <partStatusDescription>STANDARD</partStatusDescription>
    <partDescription>Circuit Breaker 40 A - Two-Stud</partDescription>
    <unitOfMeasure>Each</unitOfMeasure>
    <brandName>STANDARD MOTOR PRODUCTS</brandName>
    <supplierNumber>MC-CBR7</supplierNumber>
    <specialInstructions/>
    <baseDealerPrice>4.90</baseDealerPrice>
    <yourDealerPrice>4.90</yourDealerPrice>
    <baseRetailPrice>7.95</baseRetailPrice>
    <originalRetailPrice>7.95</originalRetailPrice>
    <partImage>http://asset.lemansnet.com/z/L0IvMS9CL0IxQkYzNjY5LTBBM0UtNEZCRi1BQjhFLTlCMzczM0ZBMEJDRQ==</partImage>
    <productId>1610990441</productId>
    <productName>Circuit Breaker</productName>
    <productImage>http://asset.lemansnet.com/z/LzQvOC83LzQ4NzhFQjQxLUNEMTItNDJDQy05MzI4LTkxRUM2MTgwQzhEMA==</productImage>
    <bullet1>Replacement circuit breaker</bullet1>
    <bullet2/>
    <bullet3/>
    <bullet4/>
    <bullet5/>
    <bullet6/>
    <bullet7/>
    <bullet8/>
    <bullet9/>
    <bullet10/>
    <bullet11/>
    <bullet12/>
    <bullet13/>
    <bullet14/>
    <bullet15/>
    <bullet16/>
    <bullet17/>
    <bullet18/>
    <bullet19/>
    <bullet20/>
    <bullet21/>
    <bullet22/>
    <bullet23/>
    <bullet24/>
    <vendorPriceUpdateDate>2022-10-24 00:00:00</vendorPriceUpdateDate>
  </part>
  <part>
    <partNumber>21300062</partNumber>
    <punctuatedPartNumber>2130-0062</punctuatedPartNumber>
    <partStatusDescription>STANDARD</partStatusDescription>
    <partDescription>Circuit Breaker 50 A - Two-Stud</partDescription>
    <unitOfMeasure>Each</unitOfMeasure>
    <brandName>STANDARD MOTOR PRODUCTS</brandName>
    <supplierNumber>MC-CBR1</supplierNumber>
    <specialInstructions/>
    <baseDealerPrice>7.80</baseDealerPrice>
    <yourDealerPrice>7.80</yourDealerPrice>
    <baseRetailPrice>11.95</baseRetailPrice>
    <originalRetailPrice>11.95</originalRetailPrice>
    <partImage>http://asset.lemansnet.com/z/L0IvRi9FL0JGRUE0MzdELTNGMzgtNEE5NC1COUJBLTlCNEE1NDdBQzg2OA==</partImage>
    <productId>1610990441</productId>
    <productName>Circuit Breaker</productName>
    <productImage>http://asset.lemansnet.com/z/LzQvOC83LzQ4NzhFQjQxLUNEMTItNDJDQy05MzI4LTkxRUM2MTgwQzhEMA==</productImage>
    <bullet1>Replacement circuit breaker</bullet1>
    <bullet2/>
    <bullet3/>
    <bullet4/>
    <bullet5/>
    <bullet6/>
    <bullet7/>
    <bullet8/>
    <bullet9/>
    <bullet10/>
    <bullet11/>
    <bullet12/>
    <bullet13/>
    <bullet14/>
    <bullet15/>
    <bullet16/>
    <bullet17/>
    <bullet18/>
    <bullet19/>
    <bullet20/>
    <bullet21/>
    <bullet22/>
    <bullet23/>
    <bullet24/>
    <vendorPriceUpdateDate>2022-10-24 00:00:00</vendorPriceUpdateDate>
  </part>
  <part>
    <partNumber>21300063</partNumber>
    <punctuatedPartNumber>2130-0063</punctuatedPartNumber>
    <partStatusDescription>STANDARD</partStatusDescription>
    <partDescription>Circuit Breaker 30 A - Two-Stud</partDescription>
    <unitOfMeasure>Each</unitOfMeasure>
    <brandName>STANDARD MOTOR PRODUCTS</brandName>
    <supplierNumber>MC-CBR2</supplierNumber>
    <specialInstructions/>
    <baseDealerPrice>5.40</baseDealerPrice>
    <yourDealerPrice>5.40</yourDealerPrice>
    <baseRetailPrice>8.95</baseRetailPrice>
    <originalRetailPrice>8.95</originalRetailPrice>
    <partImage>http://asset.lemansnet.com/z/LzQvOC83LzQ4NzhFQjQxLUNEMTItNDJDQy05MzI4LTkxRUM2MTgwQzhEMA==</partImage>
    <productId>1610990441</productId>
    <productName>Circuit Breaker</productName>
    <productImage>http://asset.lemansnet.com/z/LzQvOC83LzQ4NzhFQjQxLUNEMTItNDJDQy05MzI4LTkxRUM2MTgwQzhEMA==</productImage>
    <bullet1>Replacement circuit breaker</bullet1>
    <bullet2/>
    <bullet3/>
    <bullet4/>
    <bullet5/>
    <bullet6/>
    <bullet7/>
    <bullet8/>
    <bullet9/>
    <bullet10/>
    <bullet11/>
    <bullet12/>
    <bullet13/>
    <bullet14/>
    <bullet15/>
    <bullet16/>
    <bullet17/>
    <bullet18/>
    <bullet19/>
    <bullet20/>
    <bullet21/>
    <bullet22/>
    <bullet23/>
    <bullet24/>
    <vendorPriceUpdateDate>2022-10-24 00:00:00</vendorPriceUpdateDate>
  </part>
  <part>
    <partNumber>21300064</partNumber>
    <punctuatedPartNumber>2130-0064</punctuatedPartNumber>
    <partStatusDescription>STANDARD</partStatusDescription>
    <partDescription>Circuit Breaker 15 A - Two-Stud</partDescription>
    <unitOfMeasure>Each</unitOfMeasure>
    <brandName>STANDARD MOTOR PRODUCTS</brandName>
    <supplierNumber>MC-CBR3</supplierNumber>
    <specialInstructions/>
    <baseDealerPrice>6.80</baseDealerPrice>
    <yourDealerPrice>6.80</yourDealerPrice>
    <baseRetailPrice>10.95</baseRetailPrice>
    <originalRetailPrice>10.95</originalRetailPrice>
    <partImage>http://asset.lemansnet.com/z/LzYvNy85LzY3OUU4OUY2LTgyMTUtNDAzQi05RDUwLTA3QjI1NDMxMEQyRQ==</partImage>
    <productId>1610990441</productId>
    <productName>Circuit Breaker</productName>
    <productImage>http://asset.lemansnet.com/z/LzQvOC83LzQ4NzhFQjQxLUNEMTItNDJDQy05MzI4LTkxRUM2MTgwQzhEMA==</productImage>
    <bullet1>Replacement circuit breaker</bullet1>
    <bullet2/>
    <bullet3/>
    <bullet4/>
    <bullet5/>
    <bullet6/>
    <bullet7/>
    <bullet8/>
    <bullet9/>
    <bullet10/>
    <bullet11/>
    <bullet12/>
    <bullet13/>
    <bullet14/>
    <bullet15/>
    <bullet16/>
    <bullet17/>
    <bullet18/>
    <bullet19/>
    <bullet20/>
    <bullet21/>
    <bullet22/>
    <bullet23/>
    <bullet24/>
    <vendorPriceUpdateDate>2022-10-24 00:00:00</vendorPriceUpdateDate>
  </part>
  <part>
    <partNumber>21300065</partNumber>
    <punctuatedPartNumber>2130-0065</punctuatedPartNumber>
    <partStatusDescription>STANDARD</partStatusDescription>
    <partDescription>Circuit Breaker 30 A - Stud/Dual-Spade</partDescription>
    <unitOfMeasure>Each</unitOfMeasure>
    <brandName>STANDARD MOTOR PRODUCTS</brandName>
    <supplierNumber>MC-CBR5</supplierNumber>
    <specialInstructions/>
    <baseDealerPrice>5.50</baseDealerPrice>
    <yourDealerPrice>5.50</yourDealerPrice>
    <baseRetailPrice>8.95</baseRetailPrice>
    <originalRetailPrice>8.95</originalRetailPrice>
    <partImage>http://asset.lemansnet.com/z/LzQvMS9FLzQxRUMxMEI4LTZEQ0EtNDE2OS04M0NBLUEzQzJBQzQ4RDk2Qg==</partImage>
    <productId>1610990441</productId>
    <productName>Circuit Breaker</productName>
    <productImage>http://asset.lemansnet.com/z/LzQvOC83LzQ4NzhFQjQxLUNEMTItNDJDQy05MzI4LTkxRUM2MTgwQzhEMA==</productImage>
    <bullet1>Replacement circuit breaker</bullet1>
    <bullet2/>
    <bullet3/>
    <bullet4/>
    <bullet5/>
    <bullet6/>
    <bullet7/>
    <bullet8/>
    <bullet9/>
    <bullet10/>
    <bullet11/>
    <bullet12/>
    <bullet13/>
    <bullet14/>
    <bullet15/>
    <bullet16/>
    <bullet17/>
    <bullet18/>
    <bullet19/>
    <bullet20/>
    <bullet21/>
    <bullet22/>
    <bullet23/>
    <bullet24/>
    <vendorPriceUpdateDate>2022-10-24 00:00:00</vendorPriceUpdateDate>
  </part>
  <part>
    <partNumber>21300066</partNumber>
    <punctuatedPartNumber>2130-0066</punctuatedPartNumber>
    <partStatusDescription>STANDARD</partStatusDescription>
    <partDescription>Circuit Breaker 40 A - Stud/Dual-Spade</partDescription>
    <unitOfMeasure>Each</unitOfMeasure>
    <brandName>STANDARD MOTOR PRODUCTS</brandName>
    <supplierNumber>MC-CBR6</supplierNumber>
    <specialInstructions/>
    <baseDealerPrice>4.40</baseDealerPrice>
    <yourDealerPrice>4.40</yourDealerPrice>
    <baseRetailPrice>6.95</baseRetailPrice>
    <originalRetailPrice>6.95</originalRetailPrice>
    <partImage>http://asset.lemansnet.com/z/L0UvOC80L0U4NDVGRkU3LTczMjEtNDBBNy05OEM1LTk2QkIwQjM1N0I3RA==</partImage>
    <productId>1610990441</productId>
    <productName>Circuit Breaker</productName>
    <productImage>http://asset.lemansnet.com/z/LzQvOC83LzQ4NzhFQjQxLUNEMTItNDJDQy05MzI4LTkxRUM2MTgwQzhEMA==</productImage>
    <bullet1>Replacement circuit breaker</bullet1>
    <bullet2/>
    <bullet3/>
    <bullet4/>
    <bullet5/>
    <bullet6/>
    <bullet7/>
    <bullet8/>
    <bullet9/>
    <bullet10/>
    <bullet11/>
    <bullet12/>
    <bullet13/>
    <bullet14/>
    <bullet15/>
    <bullet16/>
    <bullet17/>
    <bullet18/>
    <bullet19/>
    <bullet20/>
    <bullet21/>
    <bullet22/>
    <bullet23/>
    <bullet24/>
    <vendorPriceUpdateDate>2022-10-24 00:00:00</vendorPriceUpdateDate>
  </part>
  <part>
    <partNumber>21300067</partNumber>
    <punctuatedPartNumber>2130-0067</punctuatedPartNumber>
    <partStatusDescription>STANDARD</partStatusDescription>
    <partDescription>Circuit Breaker - 15 A - Dual-Spade</partDescription>
    <unitOfMeasure>Each</unitOfMeasure>
    <brandName>STANDARD MOTOR PRODUCTS</brandName>
    <supplierNumber>MC-CBR4</supplierNumber>
    <specialInstructions>NOW HAVE RESET BUTTON 25PJL</specialInstructions>
    <baseDealerPrice>7.90</baseDealerPrice>
    <yourDealerPrice>7.90</yourDealerPrice>
    <baseRetailPrice>12.95</baseRetailPrice>
    <originalRetailPrice>12.95</originalRetailPrice>
    <partImage>http://asset.lemansnet.com/z/L0QvQi82L0RCNjAwQzk3LTc4OTktNDg5QS05ODg2LUM5OEFDNkRBRDRGQw==</partImage>
    <productId>1610990441</productId>
    <productName>Circuit Breaker</productName>
    <productImage>http://asset.lemansnet.com/z/LzQvOC83LzQ4NzhFQjQxLUNEMTItNDJDQy05MzI4LTkxRUM2MTgwQzhEMA==</productImage>
    <bullet1>Replacement circuit breaker</bullet1>
    <bullet2/>
    <bullet3/>
    <bullet4/>
    <bullet5/>
    <bullet6/>
    <bullet7/>
    <bullet8/>
    <bullet9/>
    <bullet10/>
    <bullet11/>
    <bullet12/>
    <bullet13/>
    <bullet14/>
    <bullet15/>
    <bullet16/>
    <bullet17/>
    <bullet18/>
    <bullet19/>
    <bullet20/>
    <bullet21/>
    <bullet22/>
    <bullet23/>
    <bullet24/>
    <vendorPriceUpdateDate>2022-10-24 00:00:00</vendorPriceUpdateDate>
  </part>
  <part>
    <partNumber>21120560</partNumber>
    <punctuatedPartNumber>2112-0560</punctuatedPartNumber>
    <partStatusDescription>STANDARD</partStatusDescription>
    <partDescription>Voltage Regulator</partDescription>
    <unitOfMeasure>Each</unitOfMeasure>
    <brandName>STANDARD MOTOR PRODUCTS</brandName>
    <supplierNumber>MC-VRB1</supplierNumber>
    <specialInstructions/>
    <baseDealerPrice>87.30</baseDealerPrice>
    <yourDealerPrice>87.30</yourDealerPrice>
    <baseRetailPrice>134.95</baseRetailPrice>
    <originalRetailPrice>90.95</originalRetailPrice>
    <partImage>http://asset.lemansnet.com/z/LzYvRC9FLzZERUZCMzg1LTEyMUYtNEFDMS04MDRELTVCMTQ0MkIzNjAzQQ==</partImage>
    <productId>0908870583</productId>
    <productName>12 V Regulator</productName>
    <productImage>http://asset.lemansnet.com/z/LzYvRC9FLzZERUZCMzg1LTEyMUYtNEFDMS04MDRELTVCMTQ0MkIzNjAzQQ==</productImage>
    <bullet1>Internal wire connections are vibration resistant</bullet1>
    <bullet2>Fiber and Mylar® insulating pads</bullet2>
    <bullet3>Large diameter contact surfaces</bullet3>
    <bullet4>Made in the USA</bullet4>
    <bullet5/>
    <bullet6/>
    <bullet7/>
    <bullet8/>
    <bullet9/>
    <bullet10/>
    <bullet11/>
    <bullet12/>
    <bullet13/>
    <bullet14/>
    <bullet15/>
    <bullet16/>
    <bullet17/>
    <bullet18/>
    <bullet19/>
    <bullet20/>
    <bullet21/>
    <bullet22/>
    <bullet23/>
    <bullet24/>
    <vendorPriceUpdateDate>2022-10-24 00:00:00</vendorPriceUpdateDate>
  </part>
  <part>
    <partNumber>21050058</partNumber>
    <punctuatedPartNumber>2105-0058</punctuatedPartNumber>
    <partStatusDescription>STANDARD</partStatusDescription>
    <partDescription>Tune-Up Kit - '70-E'78 Big Twin &amp; XL</partDescription>
    <unitOfMeasure>Kit</unitOfMeasure>
    <brandName>STANDARD MOTOR PRODUCTS</brandName>
    <supplierNumber>MC-KIT3</supplierNumber>
    <specialInstructions/>
    <baseDealerPrice>11.50</baseDealerPrice>
    <yourDealerPrice>11.50</yourDealerPrice>
    <baseRetailPrice>17.95</baseRetailPrice>
    <originalRetailPrice>16.95</originalRetailPrice>
    <partImage>http://asset.lemansnet.com/z/L0EvOS9EL0E5REU2RDcyLTU0MzktNDBDQS04QkZGLTg1MUEzRUFBRjhGMA==</partImage>
    <productId>1455192067</productId>
    <productName>Tune-Up Kit</productName>
    <productImage>http://asset.lemansnet.com/z/LzkvNC81Lzk0NUIzQTRFLUQyOTQtNEVDQS04OUUwLTY4NTlBMjgwM0MwNg==</productImage>
    <bullet1>Contact sets include a metal spring to reduce metal fatigue and long-life follower</bullet1>
    <bullet2>Sealed condenser helps prevent water damage</bullet2>
    <bullet3>Meets or exceeds OEM specs</bullet3>
    <bullet4/>
    <bullet5/>
    <bullet6/>
    <bullet7/>
    <bullet8/>
    <bullet9/>
    <bullet10/>
    <bullet11/>
    <bullet12/>
    <bullet13/>
    <bullet14/>
    <bullet15/>
    <bullet16/>
    <bullet17/>
    <bullet18/>
    <bullet19/>
    <bullet20/>
    <bullet21/>
    <bullet22/>
    <bullet23/>
    <bullet24/>
    <vendorPriceUpdateDate>2023-04-22 00:00:00</vendorPriceUpdateDate>
  </part>
  <part>
    <partNumber>21050059</partNumber>
    <punctuatedPartNumber>2105-0059</punctuatedPartNumber>
    <partStatusDescription>STANDARD</partStatusDescription>
    <partDescription>Tune-Up Kit - Harley Davidson</partDescription>
    <unitOfMeasure>Kit</unitOfMeasure>
    <brandName>STANDARD MOTOR PRODUCTS</brandName>
    <supplierNumber>MC-KIT1</supplierNumber>
    <specialInstructions/>
    <baseDealerPrice>10.30</baseDealerPrice>
    <yourDealerPrice>10.30</yourDealerPrice>
    <baseRetailPrice>15.95</baseRetailPrice>
    <originalRetailPrice>15.95</originalRetailPrice>
    <partImage>http://asset.lemansnet.com/z/LzkvNC81Lzk0NUIzQTRFLUQyOTQtNEVDQS04OUUwLTY4NTlBMjgwM0MwNg==</partImage>
    <productId>1455192067</productId>
    <productName>Tune-Up Kit</productName>
    <productImage>http://asset.lemansnet.com/z/LzkvNC81Lzk0NUIzQTRFLUQyOTQtNEVDQS04OUUwLTY4NTlBMjgwM0MwNg==</productImage>
    <bullet1>Contact sets include a metal spring to reduce metal fatigue and long-life follower</bullet1>
    <bullet2>Sealed condenser helps prevent water damage</bullet2>
    <bullet3>Meets or exceeds OEM specs</bullet3>
    <bullet4/>
    <bullet5/>
    <bullet6/>
    <bullet7/>
    <bullet8/>
    <bullet9/>
    <bullet10/>
    <bullet11/>
    <bullet12/>
    <bullet13/>
    <bullet14/>
    <bullet15/>
    <bullet16/>
    <bullet17/>
    <bullet18/>
    <bullet19/>
    <bullet20/>
    <bullet21/>
    <bullet22/>
    <bullet23/>
    <bullet24/>
    <vendorPriceUpdateDate>2023-04-22 00:00:00</vendorPriceUpdateDate>
  </part>
  <part>
    <partNumber>21050060</partNumber>
    <punctuatedPartNumber>2105-0060</punctuatedPartNumber>
    <partStatusDescription>STANDARD</partStatusDescription>
    <partDescription>Tune-Up Kit - Harley Davidson</partDescription>
    <unitOfMeasure>Kit</unitOfMeasure>
    <brandName>STANDARD MOTOR PRODUCTS</brandName>
    <supplierNumber>MC-KIT2</supplierNumber>
    <specialInstructions/>
    <baseDealerPrice>15.50</baseDealerPrice>
    <yourDealerPrice>15.50</yourDealerPrice>
    <baseRetailPrice>23.95</baseRetailPrice>
    <originalRetailPrice>22.95</originalRetailPrice>
    <partImage>http://asset.lemansnet.com/z/LzYvMC8zLzYwMzNDQTZGLTg3OTAtNDA4Ni1CRTUzLTRGMUQwMTUyRjc0RA==</partImage>
    <productId>1455192067</productId>
    <productName>Tune-Up Kit</productName>
    <productImage>http://asset.lemansnet.com/z/LzkvNC81Lzk0NUIzQTRFLUQyOTQtNEVDQS04OUUwLTY4NTlBMjgwM0MwNg==</productImage>
    <bullet1>Contact sets include a metal spring to reduce metal fatigue and long-life follower</bullet1>
    <bullet2>Sealed condenser helps prevent water damage</bullet2>
    <bullet3>Meets or exceeds OEM specs</bullet3>
    <bullet4/>
    <bullet5/>
    <bullet6/>
    <bullet7/>
    <bullet8/>
    <bullet9/>
    <bullet10/>
    <bullet11/>
    <bullet12/>
    <bullet13/>
    <bullet14/>
    <bullet15/>
    <bullet16/>
    <bullet17/>
    <bullet18/>
    <bullet19/>
    <bullet20/>
    <bullet21/>
    <bullet22/>
    <bullet23/>
    <bullet24/>
    <vendorPriceUpdateDate>2023-04-22 00:00:00</vendorPriceUpdateDate>
  </part>
  <part>
    <partNumber>21060125</partNumber>
    <punctuatedPartNumber>2106-0125</punctuatedPartNumber>
    <partStatusDescription>STANDARD</partStatusDescription>
    <partDescription>Oil Pressure Switch - XL</partDescription>
    <unitOfMeasure>Each</unitOfMeasure>
    <brandName>STANDARD MOTOR PRODUCTS</brandName>
    <supplierNumber>MC-OPS2</supplierNumber>
    <specialInstructions>Not USA made</specialInstructions>
    <baseDealerPrice>11.20</baseDealerPrice>
    <yourDealerPrice>11.20</yourDealerPrice>
    <baseRetailPrice>17.95</baseRetailPrice>
    <originalRetailPrice>16.95</originalRetailPrice>
    <partImage>http://asset.lemansnet.com/z/L0MvQi81L0NCNTYwNUEzLUM0RTYtNDc3MC1BQjkyLTgwMTI1MDU2M0QzQw==</partImage>
    <productId>1730552259</productId>
    <productName>Oil Pressure Switch</productName>
    <productImage>http://asset.lemansnet.com/z/LzAvMy9BLzAzQTFBMkY0LTI1NDAtNDc1OC1BRUUwLTUzRTU3RjVCQzEwMg==</productImage>
    <bullet1>Precision-calibrated replacement oil pressure switches feature heavy contacts, brass pressure ferrules, thermo-plastic insulators and brightly finished steel shells</bullet1>
    <bullet2>Designed and tested to ensure consistently accurate pressure thresholds</bullet2>
    <bullet3/>
    <bullet4/>
    <bullet5/>
    <bullet6/>
    <bullet7/>
    <bullet8/>
    <bullet9/>
    <bullet10/>
    <bullet11/>
    <bullet12/>
    <bullet13/>
    <bullet14/>
    <bullet15/>
    <bullet16/>
    <bullet17/>
    <bullet18/>
    <bullet19/>
    <bullet20/>
    <bullet21/>
    <bullet22/>
    <bullet23/>
    <bullet24/>
    <vendorPriceUpdateDate>2022-10-24 00:00:00</vendorPriceUpdateDate>
  </part>
  <part>
    <partNumber>21060126</partNumber>
    <punctuatedPartNumber>2106-0126</punctuatedPartNumber>
    <partStatusDescription>STANDARD</partStatusDescription>
    <partDescription>Oil Pressure Switch - '84-'99BT</partDescription>
    <unitOfMeasure>Each</unitOfMeasure>
    <brandName>STANDARD MOTOR PRODUCTS</brandName>
    <supplierNumber>MC-OPS3</supplierNumber>
    <specialInstructions>Not USA made</specialInstructions>
    <baseDealerPrice>8.90</baseDealerPrice>
    <yourDealerPrice>8.90</yourDealerPrice>
    <baseRetailPrice>13.95</baseRetailPrice>
    <originalRetailPrice>13.95</originalRetailPrice>
    <partImage>http://asset.lemansnet.com/z/LzAvMy9BLzAzQTFBMkY0LTI1NDAtNDc1OC1BRUUwLTUzRTU3RjVCQzEwMg==</partImage>
    <productId>1730552259</productId>
    <productName>Oil Pressure Switch</productName>
    <productImage>http://asset.lemansnet.com/z/LzAvMy9BLzAzQTFBMkY0LTI1NDAtNDc1OC1BRUUwLTUzRTU3RjVCQzEwMg==</productImage>
    <bullet1>Precision-calibrated replacement oil pressure switches feature heavy contacts, brass pressure ferrules, thermo-plastic insulators and brightly finished steel shells</bullet1>
    <bullet2>Designed and tested to ensure consistently accurate pressure thresholds</bullet2>
    <bullet3/>
    <bullet4/>
    <bullet5/>
    <bullet6/>
    <bullet7/>
    <bullet8/>
    <bullet9/>
    <bullet10/>
    <bullet11/>
    <bullet12/>
    <bullet13/>
    <bullet14/>
    <bullet15/>
    <bullet16/>
    <bullet17/>
    <bullet18/>
    <bullet19/>
    <bullet20/>
    <bullet21/>
    <bullet22/>
    <bullet23/>
    <bullet24/>
    <vendorPriceUpdateDate>2022-10-24 00:00:00</vendorPriceUpdateDate>
  </part>
  <part>
    <partNumber>21060127</partNumber>
    <punctuatedPartNumber>2106-0127</punctuatedPartNumber>
    <partStatusDescription>STANDARD</partStatusDescription>
    <partDescription>Hydraulic Stoplight Switch - Harley Davidson</partDescription>
    <unitOfMeasure>Each</unitOfMeasure>
    <brandName>STANDARD MOTOR PRODUCTS</brandName>
    <supplierNumber>MC-SLS1</supplierNumber>
    <specialInstructions/>
    <baseDealerPrice>8.70</baseDealerPrice>
    <yourDealerPrice>8.70</yourDealerPrice>
    <baseRetailPrice>13.95</baseRetailPrice>
    <originalRetailPrice>12.95</originalRetailPrice>
    <partImage>http://asset.lemansnet.com/z/L0YvNi80L0Y2NENBQzY1LTQxRjItNDQyRS04MTI0LTU3NzUyNkVFRkM5OA==</partImage>
    <productId>0580485947</productId>
    <productName>Hydraulic Stoplight Switch for Xl</productName>
    <productImage>http://asset.lemansnet.com/z/L0YvNi80L0Y2NENBQzY1LTQxRjItNDQyRS04MTI0LTU3NzUyNkVFRkM5OA==</productImage>
    <bullet1>Bakelite insulators, high-conductivity brass terminals and heavy-duty contacts</bullet1>
    <bullet2/>
    <bullet3/>
    <bullet4/>
    <bullet5/>
    <bullet6/>
    <bullet7/>
    <bullet8/>
    <bullet9/>
    <bullet10/>
    <bullet11/>
    <bullet12/>
    <bullet13/>
    <bullet14/>
    <bullet15/>
    <bullet16/>
    <bullet17/>
    <bullet18/>
    <bullet19/>
    <bullet20/>
    <bullet21/>
    <bullet22/>
    <bullet23/>
    <bullet24/>
    <vendorPriceUpdateDate>2022-10-24 00:00:00</vendorPriceUpdateDate>
  </part>
  <part>
    <partNumber>21060130</partNumber>
    <punctuatedPartNumber>2106-0130</punctuatedPartNumber>
    <partStatusDescription>STANDARD</partStatusDescription>
    <partDescription>Neutral Switch - Harley Davidson</partDescription>
    <unitOfMeasure>Each</unitOfMeasure>
    <brandName>STANDARD MOTOR PRODUCTS</brandName>
    <supplierNumber>MC-NSS2</supplierNumber>
    <specialInstructions/>
    <baseDealerPrice>9.80</baseDealerPrice>
    <yourDealerPrice>9.80</yourDealerPrice>
    <baseRetailPrice>15.95</baseRetailPrice>
    <originalRetailPrice>13.95</originalRetailPrice>
    <partImage>http://asset.lemansnet.com/z/L0IvQS8yL0JBMjA3NjY2LTVGN0MtNDUzNy05NjBBLTdBRDJDRjg2NTZCMQ==</partImage>
    <productId>1017071982</productId>
    <productName>Transmission Neutral Switch</productName>
    <productImage>http://asset.lemansnet.com/z/LzEvRS85LzFFOUExRUY0LUU3RDUtNDcxQi1CMEU1LTZFMTkxMjMyMkM1Ng==</productImage>
    <bullet1>Zinc-plated OEM replacement switches</bullet1>
    <bullet2/>
    <bullet3/>
    <bullet4/>
    <bullet5/>
    <bullet6/>
    <bullet7/>
    <bullet8/>
    <bullet9/>
    <bullet10/>
    <bullet11/>
    <bullet12/>
    <bullet13/>
    <bullet14/>
    <bullet15/>
    <bullet16/>
    <bullet17/>
    <bullet18/>
    <bullet19/>
    <bullet20/>
    <bullet21/>
    <bullet22/>
    <bullet23/>
    <bullet24/>
    <vendorPriceUpdateDate>2022-10-24 00:00:00</vendorPriceUpdateDate>
  </part>
  <part>
    <partNumber>21060132</partNumber>
    <punctuatedPartNumber>2106-0132</punctuatedPartNumber>
    <partStatusDescription>STANDARD</partStatusDescription>
    <partDescription>Neutral Switch - Late '79-'84</partDescription>
    <unitOfMeasure>Each</unitOfMeasure>
    <brandName>STANDARD MOTOR PRODUCTS</brandName>
    <supplierNumber>MC-NSS4</supplierNumber>
    <specialInstructions/>
    <baseDealerPrice>14.90</baseDealerPrice>
    <yourDealerPrice>14.90</yourDealerPrice>
    <baseRetailPrice>22.95</baseRetailPrice>
    <originalRetailPrice>21.95</originalRetailPrice>
    <partImage>http://asset.lemansnet.com/z/LzQvNS80LzQ1NDFBQUFCLUE5REMtNDI2Ny05RThGLTIxRDRGMzZGRjBDQQ==</partImage>
    <productId>1017071982</productId>
    <productName>Transmission Neutral Switch</productName>
    <productImage>http://asset.lemansnet.com/z/LzEvRS85LzFFOUExRUY0LUU3RDUtNDcxQi1CMEU1LTZFMTkxMjMyMkM1Ng==</productImage>
    <bullet1>Zinc-plated OEM replacement switches</bullet1>
    <bullet2/>
    <bullet3/>
    <bullet4/>
    <bullet5/>
    <bullet6/>
    <bullet7/>
    <bullet8/>
    <bullet9/>
    <bullet10/>
    <bullet11/>
    <bullet12/>
    <bullet13/>
    <bullet14/>
    <bullet15/>
    <bullet16/>
    <bullet17/>
    <bullet18/>
    <bullet19/>
    <bullet20/>
    <bullet21/>
    <bullet22/>
    <bullet23/>
    <bullet24/>
    <vendorPriceUpdateDate>2022-10-24 00:00:00</vendorPriceUpdateDate>
  </part>
  <part>
    <partNumber>21010255</partNumber>
    <punctuatedPartNumber>2101-0255</punctuatedPartNumber>
    <partStatusDescription>STANDARD</partStatusDescription>
    <partDescription>VOES Switch - OEM 26558-87</partDescription>
    <unitOfMeasure>Each</unitOfMeasure>
    <brandName>STANDARD MOTOR PRODUCTS</brandName>
    <supplierNumber>MC-VOS1</supplierNumber>
    <specialInstructions/>
    <baseDealerPrice>42.10</baseDealerPrice>
    <yourDealerPrice>42.10</yourDealerPrice>
    <baseRetailPrice>64.95</baseRetailPrice>
    <originalRetailPrice>64.95</originalRetailPrice>
    <partImage>http://asset.lemansnet.com/z/LzkvRi8xLzlGMTQ5RjA2LTQzQjYtNDgxMC1CMDIwLUI5QTU5QzlERUQxNQ==</partImage>
    <productId>0704313803</productId>
    <productName>Vacuum-Operated Electrical Switch (VOES)</productName>
    <productImage>http://asset.lemansnet.com/z/LzQvRC82LzRENkQwQkNBLUNERDYtNEMzRi04RDcxLTlEQTZBMjI1MTkzNA==</productImage>
    <bullet1>Direct OEM replacement or custom application</bullet1>
    <bullet2/>
    <bullet3/>
    <bullet4/>
    <bullet5/>
    <bullet6/>
    <bullet7/>
    <bullet8/>
    <bullet9/>
    <bullet10/>
    <bullet11/>
    <bullet12/>
    <bullet13/>
    <bullet14/>
    <bullet15/>
    <bullet16/>
    <bullet17/>
    <bullet18/>
    <bullet19/>
    <bullet20/>
    <bullet21/>
    <bullet22/>
    <bullet23/>
    <bullet24/>
    <vendorPriceUpdateDate>2022-10-24 00:00:00</vendorPriceUpdateDate>
  </part>
  <part>
    <partNumber>21010256</partNumber>
    <punctuatedPartNumber>2101-0256</punctuatedPartNumber>
    <partStatusDescription>STANDARD</partStatusDescription>
    <partDescription>VOES Switch - OEM 26557-83</partDescription>
    <unitOfMeasure>Each</unitOfMeasure>
    <brandName>STANDARD MOTOR PRODUCTS</brandName>
    <supplierNumber>MC-VOS2</supplierNumber>
    <specialInstructions/>
    <baseDealerPrice>42.10</baseDealerPrice>
    <yourDealerPrice>42.10</yourDealerPrice>
    <baseRetailPrice>64.95</baseRetailPrice>
    <originalRetailPrice>64.95</originalRetailPrice>
    <partImage>http://asset.lemansnet.com/z/L0IvQi9BL0JCQTc3MkJDLTI1OEItNDRFRi05ODA4LUNBNENEMzAwMDU2Ng==</partImage>
    <productId>0704313803</productId>
    <productName>Vacuum-Operated Electrical Switch (VOES)</productName>
    <productImage>http://asset.lemansnet.com/z/LzQvRC82LzRENkQwQkNBLUNERDYtNEMzRi04RDcxLTlEQTZBMjI1MTkzNA==</productImage>
    <bullet1>Direct OEM replacement or custom application</bullet1>
    <bullet2/>
    <bullet3/>
    <bullet4/>
    <bullet5/>
    <bullet6/>
    <bullet7/>
    <bullet8/>
    <bullet9/>
    <bullet10/>
    <bullet11/>
    <bullet12/>
    <bullet13/>
    <bullet14/>
    <bullet15/>
    <bullet16/>
    <bullet17/>
    <bullet18/>
    <bullet19/>
    <bullet20/>
    <bullet21/>
    <bullet22/>
    <bullet23/>
    <bullet24/>
    <vendorPriceUpdateDate>2022-10-24 00:00:00</vendorPriceUpdateDate>
  </part>
  <part>
    <partNumber>21010257</partNumber>
    <punctuatedPartNumber>2101-0257</punctuatedPartNumber>
    <partStatusDescription>STANDARD</partStatusDescription>
    <partDescription>VOES Switch - OEM 26566-91</partDescription>
    <unitOfMeasure>Each</unitOfMeasure>
    <brandName>STANDARD MOTOR PRODUCTS</brandName>
    <supplierNumber>MC-VOS3</supplierNumber>
    <specialInstructions/>
    <baseDealerPrice>42.10</baseDealerPrice>
    <yourDealerPrice>42.10</yourDealerPrice>
    <baseRetailPrice>64.95</baseRetailPrice>
    <originalRetailPrice>64.95</originalRetailPrice>
    <partImage>http://asset.lemansnet.com/z/LzQvRC82LzRENkQwQkNBLUNERDYtNEMzRi04RDcxLTlEQTZBMjI1MTkzNA==</partImage>
    <productId>0704313803</productId>
    <productName>Vacuum-Operated Electrical Switch (VOES)</productName>
    <productImage>http://asset.lemansnet.com/z/LzQvRC82LzRENkQwQkNBLUNERDYtNEMzRi04RDcxLTlEQTZBMjI1MTkzNA==</productImage>
    <bullet1>Direct OEM replacement or custom application</bullet1>
    <bullet2/>
    <bullet3/>
    <bullet4/>
    <bullet5/>
    <bullet6/>
    <bullet7/>
    <bullet8/>
    <bullet9/>
    <bullet10/>
    <bullet11/>
    <bullet12/>
    <bullet13/>
    <bullet14/>
    <bullet15/>
    <bullet16/>
    <bullet17/>
    <bullet18/>
    <bullet19/>
    <bullet20/>
    <bullet21/>
    <bullet22/>
    <bullet23/>
    <bullet24/>
    <vendorPriceUpdateDate>2022-10-24 00:00:00</vendorPriceUpdateDate>
  </part>
  <part>
    <partNumber>21010258</partNumber>
    <punctuatedPartNumber>2101-0258</punctuatedPartNumber>
    <partStatusDescription>STANDARD</partStatusDescription>
    <partDescription>VOES Switch - 3" HG</partDescription>
    <unitOfMeasure>Each</unitOfMeasure>
    <brandName>STANDARD MOTOR PRODUCTS</brandName>
    <supplierNumber>MC-VOS4</supplierNumber>
    <specialInstructions/>
    <baseDealerPrice>39.70</baseDealerPrice>
    <yourDealerPrice>39.70</yourDealerPrice>
    <baseRetailPrice>60.95</baseRetailPrice>
    <originalRetailPrice>60.95</originalRetailPrice>
    <partImage>http://asset.lemansnet.com/z/LzMvRi80LzNGNDhFRDUyLUEyMzktNDk2OS1CMEMzLTM1Q0ZCODFBOTNCQg==</partImage>
    <productId>0704313803</productId>
    <productName>Vacuum-Operated Electrical Switch (VOES)</productName>
    <productImage>http://asset.lemansnet.com/z/LzQvRC82LzRENkQwQkNBLUNERDYtNEMzRi04RDcxLTlEQTZBMjI1MTkzNA==</productImage>
    <bullet1>Direct OEM replacement or custom application</bullet1>
    <bullet2/>
    <bullet3/>
    <bullet4/>
    <bullet5/>
    <bullet6/>
    <bullet7/>
    <bullet8/>
    <bullet9/>
    <bullet10/>
    <bullet11/>
    <bullet12/>
    <bullet13/>
    <bullet14/>
    <bullet15/>
    <bullet16/>
    <bullet17/>
    <bullet18/>
    <bullet19/>
    <bullet20/>
    <bullet21/>
    <bullet22/>
    <bullet23/>
    <bullet24/>
    <vendorPriceUpdateDate>2022-10-24 00:00:00</vendorPriceUpdateDate>
  </part>
  <part>
    <partNumber>21010259</partNumber>
    <punctuatedPartNumber>2101-0259</punctuatedPartNumber>
    <partStatusDescription>STANDARD</partStatusDescription>
    <partDescription>VOES Switch - 4" HG</partDescription>
    <unitOfMeasure>Each</unitOfMeasure>
    <brandName>STANDARD MOTOR PRODUCTS</brandName>
    <supplierNumber>MC-VOS5</supplierNumber>
    <specialInstructions/>
    <baseDealerPrice>39.70</baseDealerPrice>
    <yourDealerPrice>39.70</yourDealerPrice>
    <baseRetailPrice>60.95</baseRetailPrice>
    <originalRetailPrice>60.95</originalRetailPrice>
    <partImage>http://asset.lemansnet.com/z/LzMvRi9DLzNGQzE2NDk1LUVGOUQtNDVGQy04MzJELTEyQzBFNDIxOTA5Nw==</partImage>
    <productId>0704313803</productId>
    <productName>Vacuum-Operated Electrical Switch (VOES)</productName>
    <productImage>http://asset.lemansnet.com/z/LzQvRC82LzRENkQwQkNBLUNERDYtNEMzRi04RDcxLTlEQTZBMjI1MTkzNA==</productImage>
    <bullet1>Direct OEM replacement or custom application</bullet1>
    <bullet2/>
    <bullet3/>
    <bullet4/>
    <bullet5/>
    <bullet6/>
    <bullet7/>
    <bullet8/>
    <bullet9/>
    <bullet10/>
    <bullet11/>
    <bullet12/>
    <bullet13/>
    <bullet14/>
    <bullet15/>
    <bullet16/>
    <bullet17/>
    <bullet18/>
    <bullet19/>
    <bullet20/>
    <bullet21/>
    <bullet22/>
    <bullet23/>
    <bullet24/>
    <vendorPriceUpdateDate>2022-10-24 00:00:00</vendorPriceUpdateDate>
  </part>
  <part>
    <partNumber>21010260</partNumber>
    <punctuatedPartNumber>2101-0260</punctuatedPartNumber>
    <partStatusDescription>STANDARD</partStatusDescription>
    <partDescription>VOES Switch - 5" HG</partDescription>
    <unitOfMeasure>Each</unitOfMeasure>
    <brandName>STANDARD MOTOR PRODUCTS</brandName>
    <supplierNumber>MC-VOS6</supplierNumber>
    <specialInstructions/>
    <baseDealerPrice>39.70</baseDealerPrice>
    <yourDealerPrice>39.70</yourDealerPrice>
    <baseRetailPrice>60.95</baseRetailPrice>
    <originalRetailPrice>60.95</originalRetailPrice>
    <partImage>http://asset.lemansnet.com/z/LzEvMy9FLzEzRTM3NjBCLTQ1RTItNDFEMC1CM0Q5LUY1RkQxNDU5NEYwMw==</partImage>
    <productId>0704313803</productId>
    <productName>Vacuum-Operated Electrical Switch (VOES)</productName>
    <productImage>http://asset.lemansnet.com/z/LzQvRC82LzRENkQwQkNBLUNERDYtNEMzRi04RDcxLTlEQTZBMjI1MTkzNA==</productImage>
    <bullet1>Direct OEM replacement or custom application</bullet1>
    <bullet2/>
    <bullet3/>
    <bullet4/>
    <bullet5/>
    <bullet6/>
    <bullet7/>
    <bullet8/>
    <bullet9/>
    <bullet10/>
    <bullet11/>
    <bullet12/>
    <bullet13/>
    <bullet14/>
    <bullet15/>
    <bullet16/>
    <bullet17/>
    <bullet18/>
    <bullet19/>
    <bullet20/>
    <bullet21/>
    <bullet22/>
    <bullet23/>
    <bullet24/>
    <vendorPriceUpdateDate>2022-10-24 00:00:00</vendorPriceUpdateDate>
  </part>
  <part>
    <partNumber>21010261</partNumber>
    <punctuatedPartNumber>2101-0261</punctuatedPartNumber>
    <partStatusDescription>STANDARD</partStatusDescription>
    <partDescription>VOES Switch - 6" HG</partDescription>
    <unitOfMeasure>Each</unitOfMeasure>
    <brandName>STANDARD MOTOR PRODUCTS</brandName>
    <supplierNumber>MC-VOS7</supplierNumber>
    <specialInstructions/>
    <baseDealerPrice>39.70</baseDealerPrice>
    <yourDealerPrice>39.70</yourDealerPrice>
    <baseRetailPrice>60.95</baseRetailPrice>
    <originalRetailPrice>60.95</originalRetailPrice>
    <partImage>http://asset.lemansnet.com/z/L0IvRi8zL0JGM0IxRDZFLTYyQ0EtNDQxRi04MEYwLTA2NkU1N0JBQkI4NA==</partImage>
    <productId>0704313803</productId>
    <productName>Vacuum-Operated Electrical Switch (VOES)</productName>
    <productImage>http://asset.lemansnet.com/z/LzQvRC82LzRENkQwQkNBLUNERDYtNEMzRi04RDcxLTlEQTZBMjI1MTkzNA==</productImage>
    <bullet1>Direct OEM replacement or custom application</bullet1>
    <bullet2/>
    <bullet3/>
    <bullet4/>
    <bullet5/>
    <bullet6/>
    <bullet7/>
    <bullet8/>
    <bullet9/>
    <bullet10/>
    <bullet11/>
    <bullet12/>
    <bullet13/>
    <bullet14/>
    <bullet15/>
    <bullet16/>
    <bullet17/>
    <bullet18/>
    <bullet19/>
    <bullet20/>
    <bullet21/>
    <bullet22/>
    <bullet23/>
    <bullet24/>
    <vendorPriceUpdateDate>2022-10-24 00:00:00</vendorPriceUpdateDate>
  </part>
  <part>
    <partNumber>21060133</partNumber>
    <punctuatedPartNumber>2106-0133</punctuatedPartNumber>
    <partStatusDescription>STANDARD</partStatusDescription>
    <partDescription>Neutral Switch - '98-'00</partDescription>
    <unitOfMeasure>Each</unitOfMeasure>
    <brandName>STANDARD MOTOR PRODUCTS</brandName>
    <supplierNumber>MC-NSS5</supplierNumber>
    <specialInstructions/>
    <baseDealerPrice>10.30</baseDealerPrice>
    <yourDealerPrice>10.30</yourDealerPrice>
    <baseRetailPrice>15.95</baseRetailPrice>
    <originalRetailPrice>15.95</originalRetailPrice>
    <partImage>http://asset.lemansnet.com/z/LzEvRS85LzFFOUExRUY0LUU3RDUtNDcxQi1CMEU1LTZFMTkxMjMyMkM1Ng==</partImage>
    <productId>1017071982</productId>
    <productName>Transmission Neutral Switch</productName>
    <productImage>http://asset.lemansnet.com/z/LzEvRS85LzFFOUExRUY0LUU3RDUtNDcxQi1CMEU1LTZFMTkxMjMyMkM1Ng==</productImage>
    <bullet1>Zinc-plated OEM replacement switches</bullet1>
    <bullet2/>
    <bullet3/>
    <bullet4/>
    <bullet5/>
    <bullet6/>
    <bullet7/>
    <bullet8/>
    <bullet9/>
    <bullet10/>
    <bullet11/>
    <bullet12/>
    <bullet13/>
    <bullet14/>
    <bullet15/>
    <bullet16/>
    <bullet17/>
    <bullet18/>
    <bullet19/>
    <bullet20/>
    <bullet21/>
    <bullet22/>
    <bullet23/>
    <bullet24/>
    <vendorPriceUpdateDate>2022-10-24 00:00:00</vendorPriceUpdateDate>
  </part>
  <part>
    <partNumber>21060134</partNumber>
    <punctuatedPartNumber>2106-0134</punctuatedPartNumber>
    <partStatusDescription>STANDARD</partStatusDescription>
    <partDescription>Neutral Switch - '01-'06</partDescription>
    <unitOfMeasure>Each</unitOfMeasure>
    <brandName>STANDARD MOTOR PRODUCTS</brandName>
    <supplierNumber>MC-NSS6</supplierNumber>
    <specialInstructions/>
    <baseDealerPrice>10.00</baseDealerPrice>
    <yourDealerPrice>10.00</yourDealerPrice>
    <baseRetailPrice>15.95</baseRetailPrice>
    <originalRetailPrice>14.95</originalRetailPrice>
    <partImage>http://asset.lemansnet.com/z/L0UvQy82L0VDNjkyREI2LUZFRTMtNDcyRS04QTBCLTRGNThCOEQwMDNGMA==</partImage>
    <productId>1017071982</productId>
    <productName>Transmission Neutral Switch</productName>
    <productImage>http://asset.lemansnet.com/z/LzEvRS85LzFFOUExRUY0LUU3RDUtNDcxQi1CMEU1LTZFMTkxMjMyMkM1Ng==</productImage>
    <bullet1>Zinc-plated OEM replacement switches</bullet1>
    <bullet2/>
    <bullet3/>
    <bullet4/>
    <bullet5/>
    <bullet6/>
    <bullet7/>
    <bullet8/>
    <bullet9/>
    <bullet10/>
    <bullet11/>
    <bullet12/>
    <bullet13/>
    <bullet14/>
    <bullet15/>
    <bullet16/>
    <bullet17/>
    <bullet18/>
    <bullet19/>
    <bullet20/>
    <bullet21/>
    <bullet22/>
    <bullet23/>
    <bullet24/>
    <vendorPriceUpdateDate>2022-10-24 00:00:00</vendorPriceUpdateDate>
  </part>
  <part>
    <partNumber>21060479</partNumber>
    <punctuatedPartNumber>2106-0479</punctuatedPartNumber>
    <partStatusDescription>STANDARD</partStatusDescription>
    <partDescription>Brake Light Switch - 72026-08A</partDescription>
    <unitOfMeasure>Each</unitOfMeasure>
    <brandName>STANDARD MOTOR PRODUCTS</brandName>
    <supplierNumber>MC-SLS5</supplierNumber>
    <specialInstructions/>
    <baseDealerPrice>10.90</baseDealerPrice>
    <yourDealerPrice>10.90</yourDealerPrice>
    <baseRetailPrice>16.95</baseRetailPrice>
    <originalRetailPrice>18.95</originalRetailPrice>
    <partImage>http://asset.lemansnet.com/z/LzgvQy9ELzhDRDgxNzY4LTY4NTEtNEVBNy1CQTRELTZBRjM3RUY2RDVCQQ==</partImage>
    <productId>1913581692</productId>
    <productName>Hydraulic Stoplight Switch</productName>
    <productImage>http://asset.lemansnet.com/z/L0IvNy81L0I3NTUxNzc3LUIxMDEtNEFERS1BOUY0LUJGRjI2RjAzRTM0Mg==</productImage>
    <bullet1>Spade-type switch</bullet1>
    <bullet2>Bakelite insulators, high-conductivity brass terminals and heavy-duty contacts</bullet2>
    <bullet3/>
    <bullet4/>
    <bullet5/>
    <bullet6/>
    <bullet7/>
    <bullet8/>
    <bullet9/>
    <bullet10/>
    <bullet11/>
    <bullet12/>
    <bullet13/>
    <bullet14/>
    <bullet15/>
    <bullet16/>
    <bullet17/>
    <bullet18/>
    <bullet19/>
    <bullet20/>
    <bullet21/>
    <bullet22/>
    <bullet23/>
    <bullet24/>
    <vendorPriceUpdateDate>2022-03-23 00:00:00</vendorPriceUpdateDate>
  </part>
  <part>
    <partNumber>21100369</partNumber>
    <punctuatedPartNumber>2110-0369</punctuatedPartNumber>
    <partStatusDescription>STANDARD</partStatusDescription>
    <partDescription>Starter Drive</partDescription>
    <unitOfMeasure>Each</unitOfMeasure>
    <brandName>STANDARD MOTOR PRODUCTS</brandName>
    <supplierNumber>MC-SDR1</supplierNumber>
    <specialInstructions/>
    <baseDealerPrice>29.00</baseDealerPrice>
    <yourDealerPrice>29.00</yourDealerPrice>
    <baseRetailPrice>44.95</baseRetailPrice>
    <originalRetailPrice>44.95</originalRetailPrice>
    <partImage>http://asset.lemansnet.com/z/LzgvQy9CLzhDQkM5QkJCLUE1RUMtNDkyQy1CRjMwLTZGREIyQkNBRjY1Rg==</partImage>
    <productId>1113215968</productId>
    <productName>Starter Drive</productName>
    <productImage>http://asset.lemansnet.com/z/LzgvQy9CLzhDQkM5QkJCLUE1RUMtNDkyQy1CRjMwLTZGREIyQkNBRjY1Rg==</productImage>
    <bullet1>Heavy-duty, five-roller clutch</bullet1>
    <bullet2>Weatherproof</bullet2>
    <bullet3>Made in the U.S.A.</bullet3>
    <bullet4/>
    <bullet5/>
    <bullet6/>
    <bullet7/>
    <bullet8/>
    <bullet9/>
    <bullet10/>
    <bullet11/>
    <bullet12/>
    <bullet13/>
    <bullet14/>
    <bullet15/>
    <bullet16/>
    <bullet17/>
    <bullet18/>
    <bullet19/>
    <bullet20/>
    <bullet21/>
    <bullet22/>
    <bullet23/>
    <bullet24/>
    <vendorPriceUpdateDate>2022-03-23 00:00:00</vendorPriceUpdateDate>
  </part>
  <part>
    <partNumber>21100371</partNumber>
    <punctuatedPartNumber>2110-0371</punctuatedPartNumber>
    <partStatusDescription>STANDARD</partStatusDescription>
    <partDescription>Relay Switch - Starter</partDescription>
    <unitOfMeasure>Each</unitOfMeasure>
    <brandName>STANDARD MOTOR PRODUCTS</brandName>
    <supplierNumber>MC-STR1</supplierNumber>
    <specialInstructions>FITS 74-79 BIG TWIN 25TLC</specialInstructions>
    <baseDealerPrice>22.10</baseDealerPrice>
    <yourDealerPrice>22.10</yourDealerPrice>
    <baseRetailPrice>33.95</baseRetailPrice>
    <originalRetailPrice>32.95</originalRetailPrice>
    <partImage>http://asset.lemansnet.com/z/L0EvRS9GL0FFRjQ4RTg4LTVCMEItNDZGRi1BQjUxLUY0OUUyMTU1RUUxOA==</partImage>
    <productId>0562475161</productId>
    <productName>Starter Relay Switch</productName>
    <productImage>http://asset.lemansnet.com/z/L0EvRS9GL0FFRjQ4RTg4LTVCMEItNDZGRi1BQjUxLUY0OUUyMTU1RUUxOA==</productImage>
    <bullet1>Easily handles high-current draw</bullet1>
    <bullet2/>
    <bullet3/>
    <bullet4/>
    <bullet5/>
    <bullet6/>
    <bullet7/>
    <bullet8/>
    <bullet9/>
    <bullet10/>
    <bullet11/>
    <bullet12/>
    <bullet13/>
    <bullet14/>
    <bullet15/>
    <bullet16/>
    <bullet17/>
    <bullet18/>
    <bullet19/>
    <bullet20/>
    <bullet21/>
    <bullet22/>
    <bullet23/>
    <bullet24/>
    <vendorPriceUpdateDate>2022-10-24 00:00:00</vendorPriceUpdateDate>
  </part>
  <part>
    <partNumber>21100372</partNumber>
    <punctuatedPartNumber>2110-0372</punctuatedPartNumber>
    <partStatusDescription>STANDARD</partStatusDescription>
    <partDescription>Starter - Relay Switch</partDescription>
    <unitOfMeasure>Each</unitOfMeasure>
    <brandName>STANDARD MOTOR PRODUCTS</brandName>
    <supplierNumber>MC-RLY2</supplierNumber>
    <specialInstructions/>
    <baseDealerPrice>13.40</baseDealerPrice>
    <yourDealerPrice>13.40</yourDealerPrice>
    <baseRetailPrice>20.95</baseRetailPrice>
    <originalRetailPrice>19.95</originalRetailPrice>
    <partImage>http://asset.lemansnet.com/z/L0EvRS85L0FFOUMwNzY5LTFCNEItNEJFMy04Q0YxLTZERTFGNDJERjNCOQ==</partImage>
    <productId>0412312901</productId>
    <productName>Relay Switch</productName>
    <productImage>http://asset.lemansnet.com/z/L0EvRS85L0FFOUMwNzY5LTFCNEItNEJFMy04Q0YxLTZERTFGNDJERjNCOQ==</productImage>
    <bullet1>For starter, brake light and fuel pump</bullet1>
    <bullet2>Easily handles high-current draw</bullet2>
    <bullet3/>
    <bullet4/>
    <bullet5/>
    <bullet6/>
    <bullet7/>
    <bullet8/>
    <bullet9/>
    <bullet10/>
    <bullet11/>
    <bullet12/>
    <bullet13/>
    <bullet14/>
    <bullet15/>
    <bullet16/>
    <bullet17/>
    <bullet18/>
    <bullet19/>
    <bullet20/>
    <bullet21/>
    <bullet22/>
    <bullet23/>
    <bullet24/>
    <vendorPriceUpdateDate>2022-10-24 00:00:00</vendorPriceUpdateDate>
  </part>
  <part>
    <partNumber>21060545</partNumber>
    <punctuatedPartNumber>2106-0545</punctuatedPartNumber>
    <partStatusDescription>STANDARD</partStatusDescription>
    <partDescription>Neutral Switch - 33926-06B</partDescription>
    <unitOfMeasure>Each</unitOfMeasure>
    <brandName>STANDARD MOTOR PRODUCTS</brandName>
    <supplierNumber>MC-NSS8</supplierNumber>
    <specialInstructions/>
    <baseDealerPrice>11.90</baseDealerPrice>
    <yourDealerPrice>11.90</yourDealerPrice>
    <baseRetailPrice>18.95</baseRetailPrice>
    <originalRetailPrice>16.95</originalRetailPrice>
    <partImage>http://asset.lemansnet.com/z/LzAvRS9BLzBFQTk1OERGLUY1QTQtNDE4Ri1CQjhBLUNEN0JCQTNEMjJCOQ==</partImage>
    <productId>2003921925</productId>
    <productName>Neutral Safety Switch</productName>
    <productImage>http://asset.lemansnet.com/z/LzAvRS9BLzBFQTk1OERGLUY1QTQtNDE4Ri1CQjhBLUNEN0JCQTNEMjJCOQ==</productImage>
    <bullet1>Zinc plated</bullet1>
    <bullet2/>
    <bullet3/>
    <bullet4/>
    <bullet5/>
    <bullet6/>
    <bullet7/>
    <bullet8/>
    <bullet9/>
    <bullet10/>
    <bullet11/>
    <bullet12/>
    <bullet13/>
    <bullet14/>
    <bullet15/>
    <bullet16/>
    <bullet17/>
    <bullet18/>
    <bullet19/>
    <bullet20/>
    <bullet21/>
    <bullet22/>
    <bullet23/>
    <bullet24/>
    <vendorPriceUpdateDate>2022-03-23 00:00:00</vendorPriceUpdateDate>
  </part>
  <part>
    <partNumber>21100590</partNumber>
    <punctuatedPartNumber>2110-0590</punctuatedPartNumber>
    <partStatusDescription>STANDARD</partStatusDescription>
    <partDescription>Starter - Drive Clutch</partDescription>
    <unitOfMeasure>Each</unitOfMeasure>
    <brandName>STANDARD MOTOR PRODUCTS</brandName>
    <supplierNumber>MC-SDR2</supplierNumber>
    <specialInstructions>NOT MADE IN THE USA 25PJL</specialInstructions>
    <baseDealerPrice>83.90</baseDealerPrice>
    <yourDealerPrice>83.90</yourDealerPrice>
    <baseRetailPrice>128.95</baseRetailPrice>
    <originalRetailPrice>109.95</originalRetailPrice>
    <partImage>http://asset.lemansnet.com/z/LzgvOS9BLzg5QUI5NDY4LUVCRkEtNEFFMy04NjZCLTZEQjlDQkYwNDdCOA==</partImage>
    <productId>0067036701</productId>
    <productName>Starter Drive Clutch</productName>
    <productImage>http://asset.lemansnet.com/z/LzUvMi82LzUyNjNGMjA0LTYyM0UtNDYzQS05ODQzLTdBNjM0Q0M4N0FDNA==</productImage>
    <bullet1>Direct OEM replacement</bullet1>
    <bullet2>Includes bearing and drive clutch</bullet2>
    <bullet3/>
    <bullet4/>
    <bullet5/>
    <bullet6/>
    <bullet7/>
    <bullet8/>
    <bullet9/>
    <bullet10/>
    <bullet11/>
    <bullet12/>
    <bullet13/>
    <bullet14/>
    <bullet15/>
    <bullet16/>
    <bullet17/>
    <bullet18/>
    <bullet19/>
    <bullet20/>
    <bullet21/>
    <bullet22/>
    <bullet23/>
    <bullet24/>
    <vendorPriceUpdateDate>2022-03-23 00:00:00</vendorPriceUpdateDate>
  </part>
  <part>
    <partNumber>21060128</partNumber>
    <punctuatedPartNumber>2106-0128</punctuatedPartNumber>
    <partStatusDescription>STANDARD</partStatusDescription>
    <partDescription>Hydraulic Stoplight Switch - Harley Davidson</partDescription>
    <unitOfMeasure>Each</unitOfMeasure>
    <brandName>STANDARD MOTOR PRODUCTS</brandName>
    <supplierNumber>MC-SLS2</supplierNumber>
    <specialInstructions/>
    <baseDealerPrice>13.40</baseDealerPrice>
    <yourDealerPrice>13.40</yourDealerPrice>
    <baseRetailPrice>20.95</baseRetailPrice>
    <originalRetailPrice>19.95</originalRetailPrice>
    <partImage>http://asset.lemansnet.com/z/L0IvNy81L0I3NTUxNzc3LUIxMDEtNEFERS1BOUY0LUJGRjI2RjAzRTM0Mg==</partImage>
    <productId>0580485947</productId>
    <productName>Hydraulic Stoplight Switch for Xl</productName>
    <productImage>http://asset.lemansnet.com/z/L0YvNi80L0Y2NENBQzY1LTQxRjItNDQyRS04MTI0LTU3NzUyNkVFRkM5OA==</productImage>
    <bullet1>Bakelite insulators, high-conductivity brass terminals and heavy-duty contacts</bullet1>
    <bullet2/>
    <bullet3/>
    <bullet4/>
    <bullet5/>
    <bullet6/>
    <bullet7/>
    <bullet8/>
    <bullet9/>
    <bullet10/>
    <bullet11/>
    <bullet12/>
    <bullet13/>
    <bullet14/>
    <bullet15/>
    <bullet16/>
    <bullet17/>
    <bullet18/>
    <bullet19/>
    <bullet20/>
    <bullet21/>
    <bullet22/>
    <bullet23/>
    <bullet24/>
    <vendorPriceUpdateDate>2022-10-24 00:00:00</vendorPriceUpdateDate>
  </part>
  <part>
    <partNumber>21060129</partNumber>
    <punctuatedPartNumber>2106-0129</punctuatedPartNumber>
    <partStatusDescription>STANDARD</partStatusDescription>
    <partDescription>Neutral Switch - '65-Early '78</partDescription>
    <unitOfMeasure>Each</unitOfMeasure>
    <brandName>STANDARD MOTOR PRODUCTS</brandName>
    <supplierNumber>MC-NSS1</supplierNumber>
    <specialInstructions/>
    <baseDealerPrice>12.70</baseDealerPrice>
    <yourDealerPrice>12.70</yourDealerPrice>
    <baseRetailPrice>19.95</baseRetailPrice>
    <originalRetailPrice>18.95</originalRetailPrice>
    <partImage>http://asset.lemansnet.com/z/L0EvNi8yL0E2MjA4QkUxLUQyRjAtNDAzQi1CQjZBLUY5QTIzMkIwNjQxQQ==</partImage>
    <productId>1017071982</productId>
    <productName>Transmission Neutral Switch</productName>
    <productImage>http://asset.lemansnet.com/z/LzEvRS85LzFFOUExRUY0LUU3RDUtNDcxQi1CMEU1LTZFMTkxMjMyMkM1Ng==</productImage>
    <bullet1>Zinc-plated OEM replacement switches</bullet1>
    <bullet2/>
    <bullet3/>
    <bullet4/>
    <bullet5/>
    <bullet6/>
    <bullet7/>
    <bullet8/>
    <bullet9/>
    <bullet10/>
    <bullet11/>
    <bullet12/>
    <bullet13/>
    <bullet14/>
    <bullet15/>
    <bullet16/>
    <bullet17/>
    <bullet18/>
    <bullet19/>
    <bullet20/>
    <bullet21/>
    <bullet22/>
    <bullet23/>
    <bullet24/>
    <vendorPriceUpdateDate>2022-10-24 00:00:00</vendorPriceUpdateDate>
  </part>
  <part>
    <partNumber>21060135</partNumber>
    <punctuatedPartNumber>2106-0135</punctuatedPartNumber>
    <partStatusDescription>STANDARD</partStatusDescription>
    <partDescription>Oil Pressure Switch - '41-'84 Big Twin</partDescription>
    <unitOfMeasure>Each</unitOfMeasure>
    <brandName>STANDARD MOTOR PRODUCTS</brandName>
    <supplierNumber>MC-OPS1</supplierNumber>
    <specialInstructions>Not USA made</specialInstructions>
    <baseDealerPrice>9.30</baseDealerPrice>
    <yourDealerPrice>9.30</yourDealerPrice>
    <baseRetailPrice>14.95</baseRetailPrice>
    <originalRetailPrice>14.95</originalRetailPrice>
    <partImage>http://asset.lemansnet.com/z/L0EvMy8xL0EzMUJCQjg5LTFBMkMtNDM2Qi1CMDYzLURBQzJBOUUxREE4Mw==</partImage>
    <productId>1897080885</productId>
    <productName>Oil Pressure Switch</productName>
    <productImage>http://asset.lemansnet.com/z/L0EvMy8xL0EzMUJCQjg5LTFBMkMtNDM2Qi1CMDYzLURBQzJBOUUxREE4Mw==</productImage>
    <bullet1>Precision-calibrated replacement oil pressure switch features heavy contacts, brass pressure ferrules, thermo-plastic insulators and brightly finished steel shells</bullet1>
    <bullet2>Designed and tested to ensure consistently accurate pressure thresholds</bullet2>
    <bullet3/>
    <bullet4/>
    <bullet5/>
    <bullet6/>
    <bullet7/>
    <bullet8/>
    <bullet9/>
    <bullet10/>
    <bullet11/>
    <bullet12/>
    <bullet13/>
    <bullet14/>
    <bullet15/>
    <bullet16/>
    <bullet17/>
    <bullet18/>
    <bullet19/>
    <bullet20/>
    <bullet21/>
    <bullet22/>
    <bullet23/>
    <bullet24/>
    <vendorPriceUpdateDate>2022-10-24 00:00:00</vendorPriceUpdateDate>
  </part>
  <part>
    <partNumber>21100493</partNumber>
    <punctuatedPartNumber>2110-0493</punctuatedPartNumber>
    <partStatusDescription>STANDARD</partStatusDescription>
    <partDescription>Starter - Relay Switch</partDescription>
    <unitOfMeasure>Each</unitOfMeasure>
    <brandName>STANDARD MOTOR PRODUCTS</brandName>
    <supplierNumber>MC-RLY9</supplierNumber>
    <specialInstructions/>
    <baseDealerPrice>6.20</baseDealerPrice>
    <yourDealerPrice>6.20</yourDealerPrice>
    <baseRetailPrice>9.95</baseRetailPrice>
    <originalRetailPrice>8.95</originalRetailPrice>
    <partImage>http://asset.lemansnet.com/z/L0YvOS9GL0Y5RkNFM0E1LTgwNkUtNEY3Ny1BRTFCLUUwODVFNTQ5MDU3OQ==</partImage>
    <productId>0412312901</productId>
    <productName>Relay Switch</productName>
    <productImage>http://asset.lemansnet.com/z/L0EvRS85L0FFOUMwNzY5LTFCNEItNEJFMy04Q0YxLTZERTFGNDJERjNCOQ==</productImage>
    <bullet1>For starter, brake light and fuel pump</bullet1>
    <bullet2>Easily handles high-current draw</bullet2>
    <bullet3/>
    <bullet4/>
    <bullet5/>
    <bullet6/>
    <bullet7/>
    <bullet8/>
    <bullet9/>
    <bullet10/>
    <bullet11/>
    <bullet12/>
    <bullet13/>
    <bullet14/>
    <bullet15/>
    <bullet16/>
    <bullet17/>
    <bullet18/>
    <bullet19/>
    <bullet20/>
    <bullet21/>
    <bullet22/>
    <bullet23/>
    <bullet24/>
    <vendorPriceUpdateDate>2022-10-24 00:00:00</vendorPriceUpdateDate>
  </part>
  <part>
    <partNumber>DS272166</partNumber>
    <punctuatedPartNumber>DS-272166</punctuatedPartNumber>
    <partStatusDescription>STANDARD</partStatusDescription>
    <partDescription>Junction Block - 6 Lug</partDescription>
    <unitOfMeasure>Each</unitOfMeasure>
    <brandName>STANDARD MOTOR PRODUCTS</brandName>
    <supplierNumber>MC-JB3</supplierNumber>
    <specialInstructions/>
    <baseDealerPrice>9.90</baseDealerPrice>
    <yourDealerPrice>9.90</yourDealerPrice>
    <baseRetailPrice>15.95</baseRetailPrice>
    <originalRetailPrice>14.95</originalRetailPrice>
    <partImage>http://asset.lemansnet.com/z/LzcvQS9GLzdBRjkyNzdELTY4NEItNDMwOC05RjM0LTg3NUU4RTFBM0I5OCwvOS9DL0MvOUNDNkEyNzQtQUZDQy00RUQwLUE5NzUtQTJDNEFCNjBERENC</partImage>
    <productId>0117908866</productId>
    <productName>Junction Block</productName>
    <productImage>http://asset.lemansnet.com/z/LzkvQy9DLzlDQzZBMjc0LUFGQ0MtNEVEMC1BOTc1LUEyQzRBQjYwRERDQg==</productImage>
    <bullet1>Bakelite blocks for custom wiring jobs - compact and easy to hide</bullet1>
    <bullet2>Come with lug screws; mounting hardware not included</bullet2>
    <bullet3>Made in the U.S.A.</bullet3>
    <bullet4/>
    <bullet5/>
    <bullet6/>
    <bullet7/>
    <bullet8/>
    <bullet9/>
    <bullet10/>
    <bullet11/>
    <bullet12/>
    <bullet13/>
    <bullet14/>
    <bullet15/>
    <bullet16/>
    <bullet17/>
    <bullet18/>
    <bullet19/>
    <bullet20/>
    <bullet21/>
    <bullet22/>
    <bullet23/>
    <bullet24/>
    <vendorPriceUpdateDate>2022-10-24 00:00:00</vendorPriceUpdateDate>
  </part>
  <part>
    <partNumber>DS272165</partNumber>
    <punctuatedPartNumber>DS-272165</punctuatedPartNumber>
    <partStatusDescription>STANDARD</partStatusDescription>
    <partDescription>Junction Block - 8 Lug</partDescription>
    <unitOfMeasure>Each</unitOfMeasure>
    <brandName>STANDARD MOTOR PRODUCTS</brandName>
    <supplierNumber>MC-JB1</supplierNumber>
    <specialInstructions/>
    <baseDealerPrice>13.60</baseDealerPrice>
    <yourDealerPrice>13.60</yourDealerPrice>
    <baseRetailPrice>20.95</baseRetailPrice>
    <originalRetailPrice>20.95</originalRetailPrice>
    <partImage>http://asset.lemansnet.com/z/L0UvRC8xL0VEMUFCNjhFLTMzRkMtNDZBMC1BRkMxLUQ3MURGOTYwMzMwQywvOS9DL0MvOUNDNkEyNzQtQUZDQy00RUQwLUE5NzUtQTJDNEFCNjBERENC</partImage>
    <productId>0117908866</productId>
    <productName>Junction Block</productName>
    <productImage>http://asset.lemansnet.com/z/LzkvQy9DLzlDQzZBMjc0LUFGQ0MtNEVEMC1BOTc1LUEyQzRBQjYwRERDQg==</productImage>
    <bullet1>Bakelite blocks for custom wiring jobs - compact and easy to hide</bullet1>
    <bullet2>Come with lug screws; mounting hardware not included</bullet2>
    <bullet3>Made in the U.S.A.</bullet3>
    <bullet4/>
    <bullet5/>
    <bullet6/>
    <bullet7/>
    <bullet8/>
    <bullet9/>
    <bullet10/>
    <bullet11/>
    <bullet12/>
    <bullet13/>
    <bullet14/>
    <bullet15/>
    <bullet16/>
    <bullet17/>
    <bullet18/>
    <bullet19/>
    <bullet20/>
    <bullet21/>
    <bullet22/>
    <bullet23/>
    <bullet24/>
    <vendorPriceUpdateDate>2022-10-24 00:00:00</vendorPriceUpdateDate>
  </part>
  <part>
    <partNumber>DS272167</partNumber>
    <punctuatedPartNumber>DS-272167</punctuatedPartNumber>
    <partStatusDescription>STANDARD</partStatusDescription>
    <partDescription>Junction Block - 4 Lug</partDescription>
    <unitOfMeasure>Each</unitOfMeasure>
    <brandName>STANDARD MOTOR PRODUCTS</brandName>
    <supplierNumber>MC-JB2</supplierNumber>
    <specialInstructions/>
    <baseDealerPrice>7.50</baseDealerPrice>
    <yourDealerPrice>7.50</yourDealerPrice>
    <baseRetailPrice>11.95</baseRetailPrice>
    <originalRetailPrice>11.95</originalRetailPrice>
    <partImage>http://asset.lemansnet.com/z/LzEvQi82LzFCNkI2NEEyLTJDNUUtNDAxMi1BNzAwLUQzNzFDODI2MTc1QiwvOS9DL0MvOUNDNkEyNzQtQUZDQy00RUQwLUE5NzUtQTJDNEFCNjBERENC</partImage>
    <productId>0117908866</productId>
    <productName>Junction Block</productName>
    <productImage>http://asset.lemansnet.com/z/LzkvQy9DLzlDQzZBMjc0LUFGQ0MtNEVEMC1BOTc1LUEyQzRBQjYwRERDQg==</productImage>
    <bullet1>Bakelite blocks for custom wiring jobs - compact and easy to hide</bullet1>
    <bullet2>Come with lug screws; mounting hardware not included</bullet2>
    <bullet3>Made in the U.S.A.</bullet3>
    <bullet4/>
    <bullet5/>
    <bullet6/>
    <bullet7/>
    <bullet8/>
    <bullet9/>
    <bullet10/>
    <bullet11/>
    <bullet12/>
    <bullet13/>
    <bullet14/>
    <bullet15/>
    <bullet16/>
    <bullet17/>
    <bullet18/>
    <bullet19/>
    <bullet20/>
    <bullet21/>
    <bullet22/>
    <bullet23/>
    <bullet24/>
    <vendorPriceUpdateDate>2022-10-24 00:00:00</vendorPriceUpdateDate>
  </part>
  <part>
    <partNumber>21060131</partNumber>
    <punctuatedPartNumber>2106-0131</punctuatedPartNumber>
    <partStatusDescription>STANDARD</partStatusDescription>
    <partDescription>Neutral Switch - '71-Early '73</partDescription>
    <unitOfMeasure>Each</unitOfMeasure>
    <brandName>STANDARD MOTOR PRODUCTS</brandName>
    <supplierNumber>MC-NSS3</supplierNumber>
    <specialInstructions/>
    <baseDealerPrice>17.70</baseDealerPrice>
    <yourDealerPrice>17.70</yourDealerPrice>
    <baseRetailPrice>27.95</baseRetailPrice>
    <originalRetailPrice>25.95</originalRetailPrice>
    <partImage>http://asset.lemansnet.com/z/LzEvQi9FLzFCRTdGMDZFLTFEMzEtNDIxNS04NjRELThBOUZGNzVGNjIwRA==</partImage>
    <productId>1017071982</productId>
    <productName>Transmission Neutral Switch</productName>
    <productImage>http://asset.lemansnet.com/z/LzEvRS85LzFFOUExRUY0LUU3RDUtNDcxQi1CMEU1LTZFMTkxMjMyMkM1Ng==</productImage>
    <bullet1>Zinc-plated OEM replacement switches</bullet1>
    <bullet2/>
    <bullet3/>
    <bullet4/>
    <bullet5/>
    <bullet6/>
    <bullet7/>
    <bullet8/>
    <bullet9/>
    <bullet10/>
    <bullet11/>
    <bullet12/>
    <bullet13/>
    <bullet14/>
    <bullet15/>
    <bullet16/>
    <bullet17/>
    <bullet18/>
    <bullet19/>
    <bullet20/>
    <bullet21/>
    <bullet22/>
    <bullet23/>
    <bullet24/>
    <vendorPriceUpdateDate>2022-10-24 00:00:00</vendorPriceUpdateDate>
  </part>
</root>
