<root>
  <part>
    <partNumber>09010058</partNumber>
    <punctuatedPartNumber>0901-0058</punctuatedPartNumber>
    <partStatusDescription>STANDARD</partStatusDescription>
    <partDescription>5-3/4" Light Housings - Concours Rocket</partDescription>
    <unitOfMeasure>Each</unitOfMeasure>
    <brandName>TRADEWINDS</brandName>
    <supplierNumber>1-5800TWCA</supplierNumber>
    <specialInstructions/>
    <baseDealerPrice>237.97</baseDealerPrice>
    <yourDealerPrice>237.97</yourDealerPrice>
    <baseRetailPrice>339.95</baseRetailPrice>
    <originalRetailPrice>294.95</originalRetailPrice>
    <partImage>http://asset.lemansnet.com/z/L0UvQy81L0VDNUY0NUZBLTc4OUItNDE0My1COTk1LTNENEJFNzI5OUQxRSwvMy9GL0IvM0ZCMTNCNkEtNDFGMS00OUE0LUEyNDAtMjNDRjE2N0NCNTI3</partImage>
    <productId>0554574136</productId>
    <productName>Light Housing</productName>
    <productImage>http://asset.lemansnet.com/z/L0UvQy81L0VDNUY0NUZBLTc4OUItNDE0My1COTk1LTNENEJFNzI5OUQxRQ==</productImage>
    <bullet1>Chrome billet housing</bullet1>
    <bullet2>Features a screw-on bezel ring</bullet2>
    <bullet3>Housing only</bullet3>
    <bullet4>Requires the use of Headwinds mounting blocks for proper installation</bullet4>
    <bullet5>Accepts most halogen and sealed beam lights (sold separately)</bullet5>
    <bullet6/>
    <bullet7/>
    <bullet8/>
    <bullet9/>
    <bullet10/>
    <bullet11/>
    <bullet12/>
    <bullet13/>
    <bullet14/>
    <bullet15/>
    <bullet16/>
    <bullet17/>
    <bullet18/>
    <bullet19/>
    <bullet20/>
    <bullet21/>
    <bullet22/>
    <bullet23/>
    <bullet24/>
    <vendorPriceUpdateDate>2022-05-31 00:00:00</vendorPriceUpdateDate>
  </part>
  <part>
    <partNumber>09010059</partNumber>
    <punctuatedPartNumber>0901-0059</punctuatedPartNumber>
    <partStatusDescription>STANDARD</partStatusDescription>
    <partDescription>5-3/4" Light Housings - Concours Mariah Rocket</partDescription>
    <unitOfMeasure>Each</unitOfMeasure>
    <brandName>TRADEWINDS</brandName>
    <supplierNumber>1-5900TWCA</supplierNumber>
    <specialInstructions/>
    <baseDealerPrice>260.37</baseDealerPrice>
    <yourDealerPrice>260.37</yourDealerPrice>
    <baseRetailPrice>371.95</baseRetailPrice>
    <originalRetailPrice>322.95</originalRetailPrice>
    <partImage>http://asset.lemansnet.com/z/L0MvRC9CL0NEQkM4RDJBLTBBQTQtNDYxRS04RjM5LTI1Njk2Nzc5ODE4Mg==</partImage>
    <productId>0554574136</productId>
    <productName>Light Housing</productName>
    <productImage>http://asset.lemansnet.com/z/L0UvQy81L0VDNUY0NUZBLTc4OUItNDE0My1COTk1LTNENEJFNzI5OUQxRQ==</productImage>
    <bullet1>Chrome billet housing</bullet1>
    <bullet2>Features a screw-on bezel ring</bullet2>
    <bullet3>Housing only</bullet3>
    <bullet4>Requires the use of Headwinds mounting blocks for proper installation</bullet4>
    <bullet5>Accepts most halogen and sealed beam lights (sold separately)</bullet5>
    <bullet6/>
    <bullet7/>
    <bullet8/>
    <bullet9/>
    <bullet10/>
    <bullet11/>
    <bullet12/>
    <bullet13/>
    <bullet14/>
    <bullet15/>
    <bullet16/>
    <bullet17/>
    <bullet18/>
    <bullet19/>
    <bullet20/>
    <bullet21/>
    <bullet22/>
    <bullet23/>
    <bullet24/>
    <vendorPriceUpdateDate>2022-05-31 00:00:00</vendorPriceUpdateDate>
  </part>
</root>
