<root>
  <part>
    <partNumber>10204290</partNumber>
    <punctuatedPartNumber>1020-4290</punctuatedPartNumber>
    <partStatusDescription>STANDARD</partStatusDescription>
    <partDescription>Engine Control Module with Integral Auto Tune System - '25 Softail</partDescription>
    <unitOfMeasure>Kit</unitOfMeasure>
    <brandName>THUNDER HEART PERFORMANCE</brandName>
    <supplierNumber>309-606</supplierNumber>
    <specialInstructions/>
    <baseDealerPrice>780.90</baseDealerPrice>
    <yourDealerPrice>780.90</yourDealerPrice>
    <baseRetailPrice>1088.95</baseRetailPrice>
    <originalRetailPrice>1088.95</originalRetailPrice>
    <partImage>http://asset.lemansnet.com/z/L0IvOC83L0I4NzhFMjE2LTBGM0YtNDlGNC05RDc4LUYwRjIzRTA4QUY1OCwvQy9FLzMvQ0UzMkJGM0YtNDExNy00MDZGLUI5REUtNkJBQjI3MjJGREEw</partImage>
    <productId>0467379935</productId>
    <productName>Engine Control Module with Integral Auto Tune System</productName>
    <productImage>http://asset.lemansnet.com/z/L0YvMi82L0YyNjdFNzkxLTlERTEtNEI2OS04NDBCLUMyMTE1RDlBNEE4OQ==</productImage>
    <bullet1>ThunderMax ECM with Auto-Tune module mounts conveniently in place of the factory ECM and plugs in to the existing harness</bullet1>
    <bullet2>Utilizes wide-band oxygen sensors and works as a closed-loop control system to continuously self-adjust and properly tune the motorcycle’s air/fuel ratio for all riding conditions</bullet2>
    <bullet3>Easy installation: replace the factory ECM, install new oxygen sensors and harness, load the correct map for your bike, and ride</bullet3>
    <bullet4>Includes ThunderMax ECM with Auto-Tune Module, plug-in harness and two wide-band sensors, TMax software and communication USB cable, Quick-Start Easy Install and Comprehensive User’s Manual, technical support and free software and updates</bullet4>
    <bullet5> Hundreds of maps available to download for your bike (based on model, engine size, exhaust system air cleaner, pistons, cams, etc.) – load the map of your choice and the integral auto-tune will do the rest</bullet5>
    <bullet6>Improves throttle response, exhaust sound and driveability</bullet6>
    <bullet7>Rider can adjust idle speed, rev limit and speedometer calibration</bullet7>
    <bullet8>Adjustable front and rear cylinder AFR maps, ignition timing (spark) maps, and startup map</bullet8>
    <bullet9>Works with all popular exhaust systems and is compatible with high-performance camshafts</bullet9>
    <bullet10>Supports turbo, nitrous and supercharger applications</bullet10>
    <bullet11>Software program allows live monitoring, recording and examination of diagnostic codes and datalogs including number of starts, engine temperature and rpm operation</bullet11>
    <bullet12>New maps, software, firmware updates, map analysis and tech support available online at no charge</bullet12>
    <bullet13>Made in the USA</bullet13>
    <bullet14>Because of possible clearance issues, some aftermarket exhaust systems may require modifications or relocation of their O2 sensor port bungs.</bullet14>
    <bullet15>Does not require dyno tuning.</bullet15>
    <bullet16/>
    <bullet17/>
    <bullet18/>
    <bullet19/>
    <bullet20/>
    <bullet21/>
    <bullet22/>
    <bullet23/>
    <bullet24/>
    <vendorPriceUpdateDate>2025-06-25 00:00:00</vendorPriceUpdateDate>
  </part>
</root>
