<root>
  <part>
    <partNumber>49200038</partNumber>
    <punctuatedPartNumber>4920-0038</punctuatedPartNumber>
    <partStatusDescription>STANDARD</partStatusDescription>
    <partDescription>Breakaway® Insulated Bottle - Bolt - Charcoal/Silver - 24 oz.</partDescription>
    <unitOfMeasure>Each</unitOfMeasure>
    <brandName>POLAR BOTTLE</brandName>
    <supplierNumber>INB24OZ13</supplierNumber>
    <specialInstructions/>
    <baseDealerPrice>7.56</baseDealerPrice>
    <yourDealerPrice>7.56</yourDealerPrice>
    <baseRetailPrice>17.00</baseRetailPrice>
    <originalRetailPrice>17.00</originalRetailPrice>
    <partImage>http://asset.lemansnet.com/z/LzgvQi9FLzhCRUE3MTQ4LTM2N0ItNDcxRC1CODI2LUY0Q0E3RkVCNzkwOQ==</partImage>
    <productId>1084129491</productId>
    <productName>Breakaway® Bolt Insulated Water Bottle</productName>
    <productImage>http://asset.lemansnet.com/z/L0EvRC9EL0FERDIyMDRELTM5Q0MtNENEQy05OTkxLTgwOUVDQzM5OTk2Qw==</productImage>
    <bullet1>The Breakaway Surge valve maximizes flow rate and self-seals to eliminate spills and splatter; spill-proof when open and pushes closed for leak-proof transport</bullet1>
    <bullet2>100% BPA-free insulated water bottle featuring triple wall insulation, keeping your liquid cooler for longer</bullet2>
    <bullet3>Designed with ultra-lightweight materials and a unique grip groove, so you can hydrate with an easy squeeze</bullet3>
    <bullet4>Fits securely in a variety of bottle cates</bullet4>
    <bullet5>Dishwasher safe Surge cap is two pieces— cap and valve —and with a twist, pull, and a wash, they're that easy to clean</bullet5>
    <bullet6>Materials include low-density polyethylene (LDPE) and thermoplastic polyurethane (TPU) valve</bullet6>
    <bullet7/>
    <bullet8/>
    <bullet9/>
    <bullet10/>
    <bullet11/>
    <bullet12/>
    <bullet13/>
    <bullet14/>
    <bullet15/>
    <bullet16/>
    <bullet17/>
    <bullet18/>
    <bullet19/>
    <bullet20/>
    <bullet21/>
    <bullet22/>
    <bullet23/>
    <bullet24/>
    <vendorPriceUpdateDate>2022-06-01 00:00:00</vendorPriceUpdateDate>
  </part>
  <part>
    <partNumber>49200039</partNumber>
    <punctuatedPartNumber>4920-0039</punctuatedPartNumber>
    <partStatusDescription>STANDARD</partStatusDescription>
    <partDescription>Breakaway® Insulated Bottle - Bolt - White/Silver - 24 oz.</partDescription>
    <unitOfMeasure>Each</unitOfMeasure>
    <brandName>POLAR BOTTLE</brandName>
    <supplierNumber>INB24OZ14</supplierNumber>
    <specialInstructions/>
    <baseDealerPrice>7.56</baseDealerPrice>
    <yourDealerPrice>7.56</yourDealerPrice>
    <baseRetailPrice>17.00</baseRetailPrice>
    <originalRetailPrice>17.00</originalRetailPrice>
    <partImage>http://asset.lemansnet.com/z/LzcvQi85LzdCOUIwMzg1LThFMDctNDUxMy1CQTlDLTVENUQ3NThEN0JCQw==</partImage>
    <productId>1084129491</productId>
    <productName>Breakaway® Bolt Insulated Water Bottle</productName>
    <productImage>http://asset.lemansnet.com/z/L0EvRC9EL0FERDIyMDRELTM5Q0MtNENEQy05OTkxLTgwOUVDQzM5OTk2Qw==</productImage>
    <bullet1>The Breakaway Surge valve maximizes flow rate and self-seals to eliminate spills and splatter; spill-proof when open and pushes closed for leak-proof transport</bullet1>
    <bullet2>100% BPA-free insulated water bottle featuring triple wall insulation, keeping your liquid cooler for longer</bullet2>
    <bullet3>Designed with ultra-lightweight materials and a unique grip groove, so you can hydrate with an easy squeeze</bullet3>
    <bullet4>Fits securely in a variety of bottle cates</bullet4>
    <bullet5>Dishwasher safe Surge cap is two pieces— cap and valve —and with a twist, pull, and a wash, they're that easy to clean</bullet5>
    <bullet6>Materials include low-density polyethylene (LDPE) and thermoplastic polyurethane (TPU) valve</bullet6>
    <bullet7/>
    <bullet8/>
    <bullet9/>
    <bullet10/>
    <bullet11/>
    <bullet12/>
    <bullet13/>
    <bullet14/>
    <bullet15/>
    <bullet16/>
    <bullet17/>
    <bullet18/>
    <bullet19/>
    <bullet20/>
    <bullet21/>
    <bullet22/>
    <bullet23/>
    <bullet24/>
    <vendorPriceUpdateDate>2022-06-01 00:00:00</vendorPriceUpdateDate>
  </part>
  <part>
    <partNumber>49200040</partNumber>
    <punctuatedPartNumber>4920-0040</punctuatedPartNumber>
    <partStatusDescription>STANDARD</partStatusDescription>
    <partDescription>Breakaway® Insulated Bottle - Bolt - Blue/Silver - 24 oz.</partDescription>
    <unitOfMeasure>Each</unitOfMeasure>
    <brandName>POLAR BOTTLE</brandName>
    <supplierNumber>INB24OZ15</supplierNumber>
    <specialInstructions/>
    <baseDealerPrice>7.56</baseDealerPrice>
    <yourDealerPrice>7.56</yourDealerPrice>
    <baseRetailPrice>17.00</baseRetailPrice>
    <originalRetailPrice>17.00</originalRetailPrice>
    <partImage>http://asset.lemansnet.com/z/LzEvRS84LzFFOEExRDM4LURBN0YtNEJEMy1BOURELTlCNkU2NDZFMDhGRA==</partImage>
    <productId>1084129491</productId>
    <productName>Breakaway® Bolt Insulated Water Bottle</productName>
    <productImage>http://asset.lemansnet.com/z/L0EvRC9EL0FERDIyMDRELTM5Q0MtNENEQy05OTkxLTgwOUVDQzM5OTk2Qw==</productImage>
    <bullet1>The Breakaway Surge valve maximizes flow rate and self-seals to eliminate spills and splatter; spill-proof when open and pushes closed for leak-proof transport</bullet1>
    <bullet2>100% BPA-free insulated water bottle featuring triple wall insulation, keeping your liquid cooler for longer</bullet2>
    <bullet3>Designed with ultra-lightweight materials and a unique grip groove, so you can hydrate with an easy squeeze</bullet3>
    <bullet4>Fits securely in a variety of bottle cates</bullet4>
    <bullet5>Dishwasher safe Surge cap is two pieces— cap and valve —and with a twist, pull, and a wash, they're that easy to clean</bullet5>
    <bullet6>Materials include low-density polyethylene (LDPE) and thermoplastic polyurethane (TPU) valve</bullet6>
    <bullet7/>
    <bullet8/>
    <bullet9/>
    <bullet10/>
    <bullet11/>
    <bullet12/>
    <bullet13/>
    <bullet14/>
    <bullet15/>
    <bullet16/>
    <bullet17/>
    <bullet18/>
    <bullet19/>
    <bullet20/>
    <bullet21/>
    <bullet22/>
    <bullet23/>
    <bullet24/>
    <vendorPriceUpdateDate>2022-06-01 00:00:00</vendorPriceUpdateDate>
  </part>
  <part>
    <partNumber>49200042</partNumber>
    <punctuatedPartNumber>4920-0042</punctuatedPartNumber>
    <partStatusDescription>STANDARD</partStatusDescription>
    <partDescription>Breakaway® Muck Insulated Bottle - Zipper - Slate Blue/Turquoise - 20 oz.</partDescription>
    <unitOfMeasure>Each</unitOfMeasure>
    <brandName>POLAR BOTTLE</brandName>
    <supplierNumber>INB20OZ08MG</supplierNumber>
    <specialInstructions/>
    <baseDealerPrice>7.56</baseDealerPrice>
    <yourDealerPrice>7.56</yourDealerPrice>
    <baseRetailPrice>17.00</baseRetailPrice>
    <originalRetailPrice>17.00</originalRetailPrice>
    <partImage>http://asset.lemansnet.com/z/LzYvRi84LzZGODcwMjdGLTdFOEUtNEI0Qi05NDVBLTQzQjc5REMwNUMyRA==</partImage>
    <productId>1027031882</productId>
    <productName>Insulated Muck Water Bottle</productName>
    <productImage>http://asset.lemansnet.com/z/LzgvQi9DLzhCQ0U1NjNGLUZGOEMtNEIxNC05OTk4LTVBNURGMUNGNjIyMg==</productImage>
    <bullet1>Designed for mountain bikers, gravel grinders, and all weather roadies</bullet1>
    <bullet2>Tri-Layer™ insulation and radiant heat reflective technology keep your liquids cool twice as long, so you can stay cool on long and dusty days in the saddle</bullet2>
    <bullet3>Features a Muckguard™ cap cover that protects the Surge™ valve from whatever the trail dishes up - opens and closes with one hand - seals valve when closed</bullet3>
    <bullet4>The high-flow Surge Cap provides a sip or blast of water and self-seals to eliminate spills and splatter, even on your bumpiest rides</bullet4>
    <bullet5>100% BPA-free insulated water bottle</bullet5>
    <bullet6>Crafted in Colorado to reduce environmental impact and support local economies - designed to last, each one of our water bottles comes with a lifetime guarantee</bullet6>
    <bullet7/>
    <bullet8/>
    <bullet9/>
    <bullet10/>
    <bullet11/>
    <bullet12/>
    <bullet13/>
    <bullet14/>
    <bullet15/>
    <bullet16/>
    <bullet17/>
    <bullet18/>
    <bullet19/>
    <bullet20/>
    <bullet21/>
    <bullet22/>
    <bullet23/>
    <bullet24/>
    <vendorPriceUpdateDate>2022-06-01 00:00:00</vendorPriceUpdateDate>
  </part>
  <part>
    <partNumber>49200043</partNumber>
    <punctuatedPartNumber>4920-0043</punctuatedPartNumber>
    <partStatusDescription>STANDARD</partStatusDescription>
    <partDescription>Breakaway® Muck Insulated Bottle- Zipper - Slate Blue/Turquoise - 24 oz.</partDescription>
    <unitOfMeasure>Each</unitOfMeasure>
    <brandName>POLAR BOTTLE</brandName>
    <supplierNumber>INB24OZ08MG</supplierNumber>
    <specialInstructions/>
    <baseDealerPrice>8.05</baseDealerPrice>
    <yourDealerPrice>8.05</yourDealerPrice>
    <baseRetailPrice>18.00</baseRetailPrice>
    <originalRetailPrice>18.00</originalRetailPrice>
    <partImage>http://asset.lemansnet.com/z/LzUvRi85LzVGOTFBMEE2LTRDNzYtNDdGNS05QkNGLUM4QTk5QjRGQkEyQg==</partImage>
    <productId>1027031882</productId>
    <productName>Insulated Muck Water Bottle</productName>
    <productImage>http://asset.lemansnet.com/z/LzgvQi9DLzhCQ0U1NjNGLUZGOEMtNEIxNC05OTk4LTVBNURGMUNGNjIyMg==</productImage>
    <bullet1>Designed for mountain bikers, gravel grinders, and all weather roadies</bullet1>
    <bullet2>Tri-Layer™ insulation and radiant heat reflective technology keep your liquids cool twice as long, so you can stay cool on long and dusty days in the saddle</bullet2>
    <bullet3>Features a Muckguard™ cap cover that protects the Surge™ valve from whatever the trail dishes up - opens and closes with one hand - seals valve when closed</bullet3>
    <bullet4>The high-flow Surge Cap provides a sip or blast of water and self-seals to eliminate spills and splatter, even on your bumpiest rides</bullet4>
    <bullet5>100% BPA-free insulated water bottle</bullet5>
    <bullet6>Crafted in Colorado to reduce environmental impact and support local economies - designed to last, each one of our water bottles comes with a lifetime guarantee</bullet6>
    <bullet7/>
    <bullet8/>
    <bullet9/>
    <bullet10/>
    <bullet11/>
    <bullet12/>
    <bullet13/>
    <bullet14/>
    <bullet15/>
    <bullet16/>
    <bullet17/>
    <bullet18/>
    <bullet19/>
    <bullet20/>
    <bullet21/>
    <bullet22/>
    <bullet23/>
    <bullet24/>
    <vendorPriceUpdateDate>2022-06-01 00:00:00</vendorPriceUpdateDate>
  </part>
  <part>
    <partNumber>49200044</partNumber>
    <punctuatedPartNumber>4920-0044</punctuatedPartNumber>
    <partStatusDescription>STANDARD</partStatusDescription>
    <partDescription>Breakaway® Muck Insulated Bottle- Shatter - Charcoal/Copper - 12 oz.</partDescription>
    <unitOfMeasure>Each</unitOfMeasure>
    <brandName>POLAR BOTTLE</brandName>
    <supplierNumber>INB12OZ09MG</supplierNumber>
    <specialInstructions/>
    <baseDealerPrice>7.14</baseDealerPrice>
    <yourDealerPrice>7.14</yourDealerPrice>
    <baseRetailPrice>16.00</baseRetailPrice>
    <originalRetailPrice>16.00</originalRetailPrice>
    <partImage>http://asset.lemansnet.com/z/LzgvQi9DLzhCQ0U1NjNGLUZGOEMtNEIxNC05OTk4LTVBNURGMUNGNjIyMg==</partImage>
    <productId>1027031882</productId>
    <productName>Insulated Muck Water Bottle</productName>
    <productImage>http://asset.lemansnet.com/z/LzgvQi9DLzhCQ0U1NjNGLUZGOEMtNEIxNC05OTk4LTVBNURGMUNGNjIyMg==</productImage>
    <bullet1>Designed for mountain bikers, gravel grinders, and all weather roadies</bullet1>
    <bullet2>Tri-Layer™ insulation and radiant heat reflective technology keep your liquids cool twice as long, so you can stay cool on long and dusty days in the saddle</bullet2>
    <bullet3>Features a Muckguard™ cap cover that protects the Surge™ valve from whatever the trail dishes up - opens and closes with one hand - seals valve when closed</bullet3>
    <bullet4>The high-flow Surge Cap provides a sip or blast of water and self-seals to eliminate spills and splatter, even on your bumpiest rides</bullet4>
    <bullet5>100% BPA-free insulated water bottle</bullet5>
    <bullet6>Crafted in Colorado to reduce environmental impact and support local economies - designed to last, each one of our water bottles comes with a lifetime guarantee</bullet6>
    <bullet7/>
    <bullet8/>
    <bullet9/>
    <bullet10/>
    <bullet11/>
    <bullet12/>
    <bullet13/>
    <bullet14/>
    <bullet15/>
    <bullet16/>
    <bullet17/>
    <bullet18/>
    <bullet19/>
    <bullet20/>
    <bullet21/>
    <bullet22/>
    <bullet23/>
    <bullet24/>
    <vendorPriceUpdateDate>2022-06-01 00:00:00</vendorPriceUpdateDate>
  </part>
  <part>
    <partNumber>49200046</partNumber>
    <punctuatedPartNumber>4920-0046</punctuatedPartNumber>
    <partStatusDescription>STANDARD</partStatusDescription>
    <partDescription>Breakaway® Muck Insulated Bottle - Shatter - Charcoal/Copper - 24 oz.</partDescription>
    <unitOfMeasure>Each</unitOfMeasure>
    <brandName>POLAR BOTTLE</brandName>
    <supplierNumber>INB24OZ09MG</supplierNumber>
    <specialInstructions/>
    <baseDealerPrice>8.05</baseDealerPrice>
    <yourDealerPrice>8.05</yourDealerPrice>
    <baseRetailPrice>18.00</baseRetailPrice>
    <originalRetailPrice>18.00</originalRetailPrice>
    <partImage>http://asset.lemansnet.com/z/LzAvQS8wLzBBMENGREE5LTdCNTQtNEQwNy04NzcyLTgzOERDQTNGMjkwMw==</partImage>
    <productId>1027031882</productId>
    <productName>Insulated Muck Water Bottle</productName>
    <productImage>http://asset.lemansnet.com/z/LzgvQi9DLzhCQ0U1NjNGLUZGOEMtNEIxNC05OTk4LTVBNURGMUNGNjIyMg==</productImage>
    <bullet1>Designed for mountain bikers, gravel grinders, and all weather roadies</bullet1>
    <bullet2>Tri-Layer™ insulation and radiant heat reflective technology keep your liquids cool twice as long, so you can stay cool on long and dusty days in the saddle</bullet2>
    <bullet3>Features a Muckguard™ cap cover that protects the Surge™ valve from whatever the trail dishes up - opens and closes with one hand - seals valve when closed</bullet3>
    <bullet4>The high-flow Surge Cap provides a sip or blast of water and self-seals to eliminate spills and splatter, even on your bumpiest rides</bullet4>
    <bullet5>100% BPA-free insulated water bottle</bullet5>
    <bullet6>Crafted in Colorado to reduce environmental impact and support local economies - designed to last, each one of our water bottles comes with a lifetime guarantee</bullet6>
    <bullet7/>
    <bullet8/>
    <bullet9/>
    <bullet10/>
    <bullet11/>
    <bullet12/>
    <bullet13/>
    <bullet14/>
    <bullet15/>
    <bullet16/>
    <bullet17/>
    <bullet18/>
    <bullet19/>
    <bullet20/>
    <bullet21/>
    <bullet22/>
    <bullet23/>
    <bullet24/>
    <vendorPriceUpdateDate>2022-06-01 00:00:00</vendorPriceUpdateDate>
  </part>
  <part>
    <partNumber>49200051</partNumber>
    <punctuatedPartNumber>4920-0051</punctuatedPartNumber>
    <partStatusDescription>STANDARD</partStatusDescription>
    <partDescription>Breakaway® Bottle - Wave - Charcoal/Black - 24 oz.</partDescription>
    <unitOfMeasure>Each</unitOfMeasure>
    <brandName>POLAR BOTTLE</brandName>
    <supplierNumber>SWB24OZ03</supplierNumber>
    <specialInstructions/>
    <baseDealerPrice>5.32</baseDealerPrice>
    <yourDealerPrice>5.32</yourDealerPrice>
    <baseRetailPrice>12.00</baseRetailPrice>
    <originalRetailPrice>12.00</originalRetailPrice>
    <partImage>http://asset.lemansnet.com/z/LzEvQy9BLzFDQUYyMDJDLTAxMDEtNDRDNC1CMDVCLUE2NzY1NzM1MkI3Qw==</partImage>
    <productId>0445601071</productId>
    <productName>Breakaway® Wave Water Bottle</productName>
    <productImage>http://asset.lemansnet.com/z/L0UvNC9EL0U0RDlFNzg0LTc1REItNENCNi05RTI1LTA3MUQyMzA1MTZEQw==</productImage>
    <bullet1>Spill-proof when open and pushes closed for leak-proof transport, the Surge valve maximizes flow rate and self-seals to eliminate spills and splatter</bullet1>
    <bullet2>100% BPA-free bike water bottle features a sleek, single-wall design that is light, durable and compact</bullet2>
    <bullet3>Fits securely in a variety of bottle cages</bullet3>
    <bullet4>Has a unique grip groove and wall design for effortless hydration</bullet4>
    <bullet5>Twist, pull and wash— dishwasher safe two-piece Surge cap is easy to clean</bullet5>
    <bullet6>Materials include low-density polyethylene (LDPE) and thermoplastic polyurethane (TPU) valve</bullet6>
    <bullet7/>
    <bullet8/>
    <bullet9/>
    <bullet10/>
    <bullet11/>
    <bullet12/>
    <bullet13/>
    <bullet14/>
    <bullet15/>
    <bullet16/>
    <bullet17/>
    <bullet18/>
    <bullet19/>
    <bullet20/>
    <bullet21/>
    <bullet22/>
    <bullet23/>
    <bullet24/>
    <vendorPriceUpdateDate>2022-06-01 00:00:00</vendorPriceUpdateDate>
  </part>
  <part>
    <partNumber>49200058</partNumber>
    <punctuatedPartNumber>4920-0058</punctuatedPartNumber>
    <partStatusDescription>STANDARD</partStatusDescription>
    <partDescription>Breakaway® Session Bottle - Muckguard™ - Apex - Navy - 15 oz.</partDescription>
    <unitOfMeasure>Each</unitOfMeasure>
    <brandName>POLAR BOTTLE</brandName>
    <supplierNumber>SWM15OZ14</supplierNumber>
    <specialInstructions/>
    <baseDealerPrice>4.90</baseDealerPrice>
    <yourDealerPrice>4.90</yourDealerPrice>
    <baseRetailPrice>11.00</baseRetailPrice>
    <originalRetailPrice>11.00</originalRetailPrice>
    <partImage>http://asset.lemansnet.com/z/LzYvNi8wLzY2MDgwQzE2LTVBRjAtNEE3RS04QTNDLUU3RUQzN0I3OEYyMw==</partImage>
    <productId>0180524719</productId>
    <productName>Breakaway® Session Water Bottle</productName>
    <productImage>http://asset.lemansnet.com/z/L0MvNy85L0M3OTYzODNFLUMyRTctNDYyRS1BMDkyLUYwRjFGQTNCODM1Rg==</productImage>
    <bullet1>Muckguard™ protects Surge™ valve from whatever the trail dishes up — opens and closes with one hand and seals valve when closed</bullet1>
    <bullet2>Spill-proof when open and pushes closed for leak proof transport, Breakaway Surge valve maximizes flow rate and self-seals to eliminate spills and splatter</bullet2>
    <bullet3>15 oz. size designed with mountain biking in mind — built to fit any frame size and/or full suspension bike with limited real estate for bottles</bullet3>
    <bullet4>100% BPA-free insulated water bottle featuring a sleek, single-wall design that is light, durable and compact</bullet4>
    <bullet5>Designed with ultra-light materials and a unique grip groove so you can hydrate with an easy squeeze</bullet5>
    <bullet6>Twist, pull and wash— Surge cap is a dishwasher safe, easy to clean two piece cap and valve</bullet6>
    <bullet7>Materials include low-density polyethylene (LDPE) and thermoplastic polyurethane (TPU) valve</bullet7>
    <bullet8/>
    <bullet9/>
    <bullet10/>
    <bullet11/>
    <bullet12/>
    <bullet13/>
    <bullet14/>
    <bullet15/>
    <bullet16/>
    <bullet17/>
    <bullet18/>
    <bullet19/>
    <bullet20/>
    <bullet21/>
    <bullet22/>
    <bullet23/>
    <bullet24/>
    <vendorPriceUpdateDate>2022-06-01 00:00:00</vendorPriceUpdateDate>
  </part>
  <part>
    <partNumber>49200036</partNumber>
    <punctuatedPartNumber>4920-0036</punctuatedPartNumber>
    <partStatusDescription>STANDARD</partStatusDescription>
    <partDescription>Breakaway® Insulated Bottle - Bolt - White/Silver - 20 oz.</partDescription>
    <unitOfMeasure>Each</unitOfMeasure>
    <brandName>POLAR BOTTLE</brandName>
    <supplierNumber>INB20OZ14</supplierNumber>
    <specialInstructions/>
    <baseDealerPrice>7.14</baseDealerPrice>
    <yourDealerPrice>7.14</yourDealerPrice>
    <baseRetailPrice>16.00</baseRetailPrice>
    <originalRetailPrice>16.00</originalRetailPrice>
    <partImage>http://asset.lemansnet.com/z/L0EvRC9EL0FERDIyMDRELTM5Q0MtNENEQy05OTkxLTgwOUVDQzM5OTk2Qw==</partImage>
    <productId>1084129491</productId>
    <productName>Breakaway® Bolt Insulated Water Bottle</productName>
    <productImage>http://asset.lemansnet.com/z/L0EvRC9EL0FERDIyMDRELTM5Q0MtNENEQy05OTkxLTgwOUVDQzM5OTk2Qw==</productImage>
    <bullet1>The Breakaway Surge valve maximizes flow rate and self-seals to eliminate spills and splatter; spill-proof when open and pushes closed for leak-proof transport</bullet1>
    <bullet2>100% BPA-free insulated water bottle featuring triple wall insulation, keeping your liquid cooler for longer</bullet2>
    <bullet3>Designed with ultra-lightweight materials and a unique grip groove, so you can hydrate with an easy squeeze</bullet3>
    <bullet4>Fits securely in a variety of bottle cates</bullet4>
    <bullet5>Dishwasher safe Surge cap is two pieces— cap and valve —and with a twist, pull, and a wash, they're that easy to clean</bullet5>
    <bullet6>Materials include low-density polyethylene (LDPE) and thermoplastic polyurethane (TPU) valve</bullet6>
    <bullet7/>
    <bullet8/>
    <bullet9/>
    <bullet10/>
    <bullet11/>
    <bullet12/>
    <bullet13/>
    <bullet14/>
    <bullet15/>
    <bullet16/>
    <bullet17/>
    <bullet18/>
    <bullet19/>
    <bullet20/>
    <bullet21/>
    <bullet22/>
    <bullet23/>
    <bullet24/>
    <vendorPriceUpdateDate>2022-06-01 00:00:00</vendorPriceUpdateDate>
  </part>
  <part>
    <partNumber>49200052</partNumber>
    <punctuatedPartNumber>4920-0052</punctuatedPartNumber>
    <partStatusDescription>STANDARD</partStatusDescription>
    <partDescription>Breakaway® Bottle - Wave - Blue/Charcoal - 24 oz.</partDescription>
    <unitOfMeasure>Each</unitOfMeasure>
    <brandName>POLAR BOTTLE</brandName>
    <supplierNumber>SWB24OZ04</supplierNumber>
    <specialInstructions/>
    <baseDealerPrice>5.32</baseDealerPrice>
    <yourDealerPrice>5.32</yourDealerPrice>
    <baseRetailPrice>12.00</baseRetailPrice>
    <originalRetailPrice>12.00</originalRetailPrice>
    <partImage>http://asset.lemansnet.com/z/L0MvOS8xL0M5MTVDNkE1LTVBRDctNEFCNy04OTgzLTVFNDlFRjI3OTBENg==</partImage>
    <productId>0445601071</productId>
    <productName>Breakaway® Wave Water Bottle</productName>
    <productImage>http://asset.lemansnet.com/z/L0UvNC9EL0U0RDlFNzg0LTc1REItNENCNi05RTI1LTA3MUQyMzA1MTZEQw==</productImage>
    <bullet1>Spill-proof when open and pushes closed for leak-proof transport, the Surge valve maximizes flow rate and self-seals to eliminate spills and splatter</bullet1>
    <bullet2>100% BPA-free bike water bottle features a sleek, single-wall design that is light, durable and compact</bullet2>
    <bullet3>Fits securely in a variety of bottle cages</bullet3>
    <bullet4>Has a unique grip groove and wall design for effortless hydration</bullet4>
    <bullet5>Twist, pull and wash— dishwasher safe two-piece Surge cap is easy to clean</bullet5>
    <bullet6>Materials include low-density polyethylene (LDPE) and thermoplastic polyurethane (TPU) valve</bullet6>
    <bullet7/>
    <bullet8/>
    <bullet9/>
    <bullet10/>
    <bullet11/>
    <bullet12/>
    <bullet13/>
    <bullet14/>
    <bullet15/>
    <bullet16/>
    <bullet17/>
    <bullet18/>
    <bullet19/>
    <bullet20/>
    <bullet21/>
    <bullet22/>
    <bullet23/>
    <bullet24/>
    <vendorPriceUpdateDate>2022-06-01 00:00:00</vendorPriceUpdateDate>
  </part>
  <part>
    <partNumber>49200053</partNumber>
    <punctuatedPartNumber>4920-0053</punctuatedPartNumber>
    <partStatusDescription>STANDARD</partStatusDescription>
    <partDescription>Breakaway® Bottle - Wave - Ivory/Silver - 30 oz.</partDescription>
    <unitOfMeasure>Each</unitOfMeasure>
    <brandName>POLAR BOTTLE</brandName>
    <supplierNumber>SWB30OZ02</supplierNumber>
    <specialInstructions/>
    <baseDealerPrice>5.81</baseDealerPrice>
    <yourDealerPrice>5.81</yourDealerPrice>
    <baseRetailPrice>13.00</baseRetailPrice>
    <originalRetailPrice>13.00</originalRetailPrice>
    <partImage>http://asset.lemansnet.com/z/LzIvQy81LzJDNUM2MzkxLUFCMTEtNDFBNC1CRTBBLTM2MzI5MDUyQUY2QQ==</partImage>
    <productId>0445601071</productId>
    <productName>Breakaway® Wave Water Bottle</productName>
    <productImage>http://asset.lemansnet.com/z/L0UvNC9EL0U0RDlFNzg0LTc1REItNENCNi05RTI1LTA3MUQyMzA1MTZEQw==</productImage>
    <bullet1>Spill-proof when open and pushes closed for leak-proof transport, the Surge valve maximizes flow rate and self-seals to eliminate spills and splatter</bullet1>
    <bullet2>100% BPA-free bike water bottle features a sleek, single-wall design that is light, durable and compact</bullet2>
    <bullet3>Fits securely in a variety of bottle cages</bullet3>
    <bullet4>Has a unique grip groove and wall design for effortless hydration</bullet4>
    <bullet5>Twist, pull and wash— dishwasher safe two-piece Surge cap is easy to clean</bullet5>
    <bullet6>Materials include low-density polyethylene (LDPE) and thermoplastic polyurethane (TPU) valve</bullet6>
    <bullet7/>
    <bullet8/>
    <bullet9/>
    <bullet10/>
    <bullet11/>
    <bullet12/>
    <bullet13/>
    <bullet14/>
    <bullet15/>
    <bullet16/>
    <bullet17/>
    <bullet18/>
    <bullet19/>
    <bullet20/>
    <bullet21/>
    <bullet22/>
    <bullet23/>
    <bullet24/>
    <vendorPriceUpdateDate>2022-06-01 00:00:00</vendorPriceUpdateDate>
  </part>
  <part>
    <partNumber>49200055</partNumber>
    <punctuatedPartNumber>4920-0055</punctuatedPartNumber>
    <partStatusDescription>STANDARD</partStatusDescription>
    <partDescription>Breakaway® Bottle - Wave - Navy - 30 oz.</partDescription>
    <unitOfMeasure>Each</unitOfMeasure>
    <brandName>POLAR BOTTLE</brandName>
    <supplierNumber>SWB30OZ07</supplierNumber>
    <specialInstructions/>
    <baseDealerPrice>5.81</baseDealerPrice>
    <yourDealerPrice>5.81</yourDealerPrice>
    <baseRetailPrice>13.00</baseRetailPrice>
    <originalRetailPrice>13.00</originalRetailPrice>
    <partImage>http://asset.lemansnet.com/z/L0YvOS9EL0Y5RDI0Q0Y2LTk1MDktNDlERC1CRDRGLUUzREVENjE4OTQ2MA==</partImage>
    <productId>0445601071</productId>
    <productName>Breakaway® Wave Water Bottle</productName>
    <productImage>http://asset.lemansnet.com/z/L0UvNC9EL0U0RDlFNzg0LTc1REItNENCNi05RTI1LTA3MUQyMzA1MTZEQw==</productImage>
    <bullet1>Spill-proof when open and pushes closed for leak-proof transport, the Surge valve maximizes flow rate and self-seals to eliminate spills and splatter</bullet1>
    <bullet2>100% BPA-free bike water bottle features a sleek, single-wall design that is light, durable and compact</bullet2>
    <bullet3>Fits securely in a variety of bottle cages</bullet3>
    <bullet4>Has a unique grip groove and wall design for effortless hydration</bullet4>
    <bullet5>Twist, pull and wash— dishwasher safe two-piece Surge cap is easy to clean</bullet5>
    <bullet6>Materials include low-density polyethylene (LDPE) and thermoplastic polyurethane (TPU) valve</bullet6>
    <bullet7/>
    <bullet8/>
    <bullet9/>
    <bullet10/>
    <bullet11/>
    <bullet12/>
    <bullet13/>
    <bullet14/>
    <bullet15/>
    <bullet16/>
    <bullet17/>
    <bullet18/>
    <bullet19/>
    <bullet20/>
    <bullet21/>
    <bullet22/>
    <bullet23/>
    <bullet24/>
    <vendorPriceUpdateDate>2022-06-01 00:00:00</vendorPriceUpdateDate>
  </part>
  <part>
    <partNumber>49200056</partNumber>
    <punctuatedPartNumber>4920-0056</punctuatedPartNumber>
    <partStatusDescription>STANDARD</partStatusDescription>
    <partDescription>Breakaway® Session Bottle - Muckguard™ - Apex - White - 15 oz.</partDescription>
    <unitOfMeasure>Each</unitOfMeasure>
    <brandName>POLAR BOTTLE</brandName>
    <supplierNumber>SWM15OZ13</supplierNumber>
    <specialInstructions/>
    <baseDealerPrice>4.90</baseDealerPrice>
    <yourDealerPrice>4.90</yourDealerPrice>
    <baseRetailPrice>11.00</baseRetailPrice>
    <originalRetailPrice>11.00</originalRetailPrice>
    <partImage>http://asset.lemansnet.com/z/L0YvQi82L0ZCNjkzNjhBLUFFMDYtNEJEQi1BMkEwLTYyMjhCQUNBOTdCRg==</partImage>
    <productId>0180524719</productId>
    <productName>Breakaway® Session Water Bottle</productName>
    <productImage>http://asset.lemansnet.com/z/L0MvNy85L0M3OTYzODNFLUMyRTctNDYyRS1BMDkyLUYwRjFGQTNCODM1Rg==</productImage>
    <bullet1>Muckguard™ protects Surge™ valve from whatever the trail dishes up — opens and closes with one hand and seals valve when closed</bullet1>
    <bullet2>Spill-proof when open and pushes closed for leak proof transport, Breakaway Surge valve maximizes flow rate and self-seals to eliminate spills and splatter</bullet2>
    <bullet3>15 oz. size designed with mountain biking in mind — built to fit any frame size and/or full suspension bike with limited real estate for bottles</bullet3>
    <bullet4>100% BPA-free insulated water bottle featuring a sleek, single-wall design that is light, durable and compact</bullet4>
    <bullet5>Designed with ultra-light materials and a unique grip groove so you can hydrate with an easy squeeze</bullet5>
    <bullet6>Twist, pull and wash— Surge cap is a dishwasher safe, easy to clean two piece cap and valve</bullet6>
    <bullet7>Materials include low-density polyethylene (LDPE) and thermoplastic polyurethane (TPU) valve</bullet7>
    <bullet8/>
    <bullet9/>
    <bullet10/>
    <bullet11/>
    <bullet12/>
    <bullet13/>
    <bullet14/>
    <bullet15/>
    <bullet16/>
    <bullet17/>
    <bullet18/>
    <bullet19/>
    <bullet20/>
    <bullet21/>
    <bullet22/>
    <bullet23/>
    <bullet24/>
    <vendorPriceUpdateDate>2022-07-12 00:00:00</vendorPriceUpdateDate>
  </part>
  <part>
    <partNumber>49200057</partNumber>
    <punctuatedPartNumber>4920-0057</punctuatedPartNumber>
    <partStatusDescription>STANDARD</partStatusDescription>
    <partDescription>Breakaway® Session Bottle - Muckguard™ - Apex - Charcoal - 15 oz.</partDescription>
    <unitOfMeasure>Each</unitOfMeasure>
    <brandName>POLAR BOTTLE</brandName>
    <supplierNumber>SWM15OZ10</supplierNumber>
    <specialInstructions/>
    <baseDealerPrice>7.00</baseDealerPrice>
    <yourDealerPrice>7.00</yourDealerPrice>
    <baseRetailPrice>11.00</baseRetailPrice>
    <originalRetailPrice>11.00</originalRetailPrice>
    <partImage>http://asset.lemansnet.com/z/L0MvNy85L0M3OTYzODNFLUMyRTctNDYyRS1BMDkyLUYwRjFGQTNCODM1Rg==</partImage>
    <productId>0180524719</productId>
    <productName>Breakaway® Session Water Bottle</productName>
    <productImage>http://asset.lemansnet.com/z/L0MvNy85L0M3OTYzODNFLUMyRTctNDYyRS1BMDkyLUYwRjFGQTNCODM1Rg==</productImage>
    <bullet1>Muckguard™ protects Surge™ valve from whatever the trail dishes up — opens and closes with one hand and seals valve when closed</bullet1>
    <bullet2>Spill-proof when open and pushes closed for leak proof transport, Breakaway Surge valve maximizes flow rate and self-seals to eliminate spills and splatter</bullet2>
    <bullet3>15 oz. size designed with mountain biking in mind — built to fit any frame size and/or full suspension bike with limited real estate for bottles</bullet3>
    <bullet4>100% BPA-free insulated water bottle featuring a sleek, single-wall design that is light, durable and compact</bullet4>
    <bullet5>Designed with ultra-light materials and a unique grip groove so you can hydrate with an easy squeeze</bullet5>
    <bullet6>Twist, pull and wash— Surge cap is a dishwasher safe, easy to clean two piece cap and valve</bullet6>
    <bullet7>Materials include low-density polyethylene (LDPE) and thermoplastic polyurethane (TPU) valve</bullet7>
    <bullet8/>
    <bullet9/>
    <bullet10/>
    <bullet11/>
    <bullet12/>
    <bullet13/>
    <bullet14/>
    <bullet15/>
    <bullet16/>
    <bullet17/>
    <bullet18/>
    <bullet19/>
    <bullet20/>
    <bullet21/>
    <bullet22/>
    <bullet23/>
    <bullet24/>
    <vendorPriceUpdateDate>2022-06-01 00:00:00</vendorPriceUpdateDate>
  </part>
  <part>
    <partNumber>49200061</partNumber>
    <punctuatedPartNumber>4920-0061</punctuatedPartNumber>
    <partStatusDescription>STANDARD</partStatusDescription>
    <partDescription>Kids Sport Insulated Bottle - Fireworks - Azure Blue - 12 oz</partDescription>
    <unitOfMeasure>Each</unitOfMeasure>
    <brandName>POLAR BOTTLE</brandName>
    <supplierNumber>INS12OZ01</supplierNumber>
    <specialInstructions/>
    <baseDealerPrice>5.32</baseDealerPrice>
    <yourDealerPrice>5.32</yourDealerPrice>
    <baseRetailPrice>12.00</baseRetailPrice>
    <originalRetailPrice>12.00</originalRetailPrice>
    <partImage>http://asset.lemansnet.com/z/L0UvQy9DL0VDQ0NCODI0LTNDNTktNEE1MS1BQ0M3LUFEN0VBQ0MyMURCOQ==</partImage>
    <productId>2002325365</productId>
    <productName>Kids Sport Insulated Water Bottle</productName>
    <productImage>http://asset.lemansnet.com/z/L0UvQy9DL0VDQ0NCODI0LTNDNTktNEE1MS1BQ0M3LUFEN0VBQ0MyMURCOQ==</productImage>
    <bullet1>Kid friendly insulated liner keeps liquids cold while protecting graphics from drop after drop</bullet1>
    <bullet2>Finger grooves make it easier for smaller hands to grip and hold</bullet2>
    <bullet3>Just the right height and size for kid's bike cages, lunch boxes and school packs</bullet3>
    <bullet4>The integrated sports cap makes for quick hydration—pull for a cool stream and push to lock for a spill-free seal</bullet4>
    <bullet5>100% BPA-free insulated water bottle with design featuring triple wall insulation, keeping your liquid cooler for longer</bullet5>
    <bullet6>Designed with ultra-light materials and a unique grip groove so you can hydrate with an easy squeeze</bullet6>
    <bullet7>Dishwasher safe Sport Cap is two piece cap and valve—easy to clean with a simple twist, pull and wash</bullet7>
    <bullet8>Materials include low-density polyethylene (LDPE) and thermoplastic polyurethane (TPU) valve</bullet8>
    <bullet9/>
    <bullet10/>
    <bullet11/>
    <bullet12/>
    <bullet13/>
    <bullet14/>
    <bullet15/>
    <bullet16/>
    <bullet17/>
    <bullet18/>
    <bullet19/>
    <bullet20/>
    <bullet21/>
    <bullet22/>
    <bullet23/>
    <bullet24/>
    <vendorPriceUpdateDate>2022-06-01 00:00:00</vendorPriceUpdateDate>
  </part>
  <part>
    <partNumber>49200035</partNumber>
    <punctuatedPartNumber>4920-0035</punctuatedPartNumber>
    <partStatusDescription>STANDARD</partStatusDescription>
    <partDescription>Breakaway® Insulated Bottle - Bolt - Charcoal/Silver - 20 oz.</partDescription>
    <unitOfMeasure>Each</unitOfMeasure>
    <brandName>POLAR BOTTLE</brandName>
    <supplierNumber>INB20OZ13</supplierNumber>
    <specialInstructions/>
    <baseDealerPrice>7.14</baseDealerPrice>
    <yourDealerPrice>7.14</yourDealerPrice>
    <baseRetailPrice>16.00</baseRetailPrice>
    <originalRetailPrice>16.00</originalRetailPrice>
    <partImage>http://asset.lemansnet.com/z/L0YvNi82L0Y2NkQzNjhCLTk4RUEtNDJFNC1BNzJBLUQ2NkY2ODcwOEFEOQ==</partImage>
    <productId>1084129491</productId>
    <productName>Breakaway® Bolt Insulated Water Bottle</productName>
    <productImage>http://asset.lemansnet.com/z/L0EvRC9EL0FERDIyMDRELTM5Q0MtNENEQy05OTkxLTgwOUVDQzM5OTk2Qw==</productImage>
    <bullet1>The Breakaway Surge valve maximizes flow rate and self-seals to eliminate spills and splatter; spill-proof when open and pushes closed for leak-proof transport</bullet1>
    <bullet2>100% BPA-free insulated water bottle featuring triple wall insulation, keeping your liquid cooler for longer</bullet2>
    <bullet3>Designed with ultra-lightweight materials and a unique grip groove, so you can hydrate with an easy squeeze</bullet3>
    <bullet4>Fits securely in a variety of bottle cates</bullet4>
    <bullet5>Dishwasher safe Surge cap is two pieces— cap and valve —and with a twist, pull, and a wash, they're that easy to clean</bullet5>
    <bullet6>Materials include low-density polyethylene (LDPE) and thermoplastic polyurethane (TPU) valve</bullet6>
    <bullet7/>
    <bullet8/>
    <bullet9/>
    <bullet10/>
    <bullet11/>
    <bullet12/>
    <bullet13/>
    <bullet14/>
    <bullet15/>
    <bullet16/>
    <bullet17/>
    <bullet18/>
    <bullet19/>
    <bullet20/>
    <bullet21/>
    <bullet22/>
    <bullet23/>
    <bullet24/>
    <vendorPriceUpdateDate>2022-06-01 00:00:00</vendorPriceUpdateDate>
  </part>
  <part>
    <partNumber>49200048</partNumber>
    <punctuatedPartNumber>4920-0048</punctuatedPartNumber>
    <partStatusDescription>STANDARD</partStatusDescription>
    <partDescription>Breakaway® Bottle - Wave - Charcoal/Black - 20 oz.</partDescription>
    <unitOfMeasure>Each</unitOfMeasure>
    <brandName>POLAR BOTTLE</brandName>
    <supplierNumber>SWB200Z10</supplierNumber>
    <specialInstructions/>
    <baseDealerPrice>4.90</baseDealerPrice>
    <yourDealerPrice>4.90</yourDealerPrice>
    <baseRetailPrice>11.00</baseRetailPrice>
    <originalRetailPrice>11.00</originalRetailPrice>
    <partImage>http://asset.lemansnet.com/z/L0UvNC9EL0U0RDlFNzg0LTc1REItNENCNi05RTI1LTA3MUQyMzA1MTZEQw==</partImage>
    <productId>0445601071</productId>
    <productName>Breakaway® Wave Water Bottle</productName>
    <productImage>http://asset.lemansnet.com/z/L0UvNC9EL0U0RDlFNzg0LTc1REItNENCNi05RTI1LTA3MUQyMzA1MTZEQw==</productImage>
    <bullet1>Spill-proof when open and pushes closed for leak-proof transport, the Surge valve maximizes flow rate and self-seals to eliminate spills and splatter</bullet1>
    <bullet2>100% BPA-free bike water bottle features a sleek, single-wall design that is light, durable and compact</bullet2>
    <bullet3>Fits securely in a variety of bottle cages</bullet3>
    <bullet4>Has a unique grip groove and wall design for effortless hydration</bullet4>
    <bullet5>Twist, pull and wash— dishwasher safe two-piece Surge cap is easy to clean</bullet5>
    <bullet6>Materials include low-density polyethylene (LDPE) and thermoplastic polyurethane (TPU) valve</bullet6>
    <bullet7/>
    <bullet8/>
    <bullet9/>
    <bullet10/>
    <bullet11/>
    <bullet12/>
    <bullet13/>
    <bullet14/>
    <bullet15/>
    <bullet16/>
    <bullet17/>
    <bullet18/>
    <bullet19/>
    <bullet20/>
    <bullet21/>
    <bullet22/>
    <bullet23/>
    <bullet24/>
    <vendorPriceUpdateDate>2022-06-01 00:00:00</vendorPriceUpdateDate>
  </part>
  <part>
    <partNumber>49200050</partNumber>
    <punctuatedPartNumber>4920-0050</punctuatedPartNumber>
    <partStatusDescription>STANDARD</partStatusDescription>
    <partDescription>Breakaway® Bottle - Wave - Ivory/Silver - 24 oz.</partDescription>
    <unitOfMeasure>Each</unitOfMeasure>
    <brandName>POLAR BOTTLE</brandName>
    <supplierNumber>SWB24OZ02</supplierNumber>
    <specialInstructions/>
    <baseDealerPrice>5.32</baseDealerPrice>
    <yourDealerPrice>5.32</yourDealerPrice>
    <baseRetailPrice>12.00</baseRetailPrice>
    <originalRetailPrice>12.00</originalRetailPrice>
    <partImage>http://asset.lemansnet.com/z/LzgvMi82LzgyNkVGOUVBLTQzQUQtNDgzQi04RkJDLTZFMjkzMjQ1MUZEMQ==</partImage>
    <productId>0445601071</productId>
    <productName>Breakaway® Wave Water Bottle</productName>
    <productImage>http://asset.lemansnet.com/z/L0UvNC9EL0U0RDlFNzg0LTc1REItNENCNi05RTI1LTA3MUQyMzA1MTZEQw==</productImage>
    <bullet1>Spill-proof when open and pushes closed for leak-proof transport, the Surge valve maximizes flow rate and self-seals to eliminate spills and splatter</bullet1>
    <bullet2>100% BPA-free bike water bottle features a sleek, single-wall design that is light, durable and compact</bullet2>
    <bullet3>Fits securely in a variety of bottle cages</bullet3>
    <bullet4>Has a unique grip groove and wall design for effortless hydration</bullet4>
    <bullet5>Twist, pull and wash— dishwasher safe two-piece Surge cap is easy to clean</bullet5>
    <bullet6>Materials include low-density polyethylene (LDPE) and thermoplastic polyurethane (TPU) valve</bullet6>
    <bullet7/>
    <bullet8/>
    <bullet9/>
    <bullet10/>
    <bullet11/>
    <bullet12/>
    <bullet13/>
    <bullet14/>
    <bullet15/>
    <bullet16/>
    <bullet17/>
    <bullet18/>
    <bullet19/>
    <bullet20/>
    <bullet21/>
    <bullet22/>
    <bullet23/>
    <bullet24/>
    <vendorPriceUpdateDate>2022-06-01 00:00:00</vendorPriceUpdateDate>
  </part>
  <part>
    <partNumber>49200041</partNumber>
    <punctuatedPartNumber>4920-0041</punctuatedPartNumber>
    <partStatusDescription>STANDARD</partStatusDescription>
    <partDescription>Breakaway® Muck Insulated Bottle- Zipper - Slate Blue/Turquoise - 12 oz.</partDescription>
    <unitOfMeasure>Each</unitOfMeasure>
    <brandName>POLAR BOTTLE</brandName>
    <supplierNumber>INB12OZ08MG</supplierNumber>
    <specialInstructions/>
    <baseDealerPrice>7.14</baseDealerPrice>
    <yourDealerPrice>7.14</yourDealerPrice>
    <baseRetailPrice>16.00</baseRetailPrice>
    <originalRetailPrice>16.00</originalRetailPrice>
    <partImage>http://asset.lemansnet.com/z/LzQvNy9ELzQ3RDRFREJBLTE1REQtNDQzMS05ODEwLUFDRjc1MEE2MDEzQw==</partImage>
    <productId>1027031882</productId>
    <productName>Insulated Muck Water Bottle</productName>
    <productImage>http://asset.lemansnet.com/z/LzgvQi9DLzhCQ0U1NjNGLUZGOEMtNEIxNC05OTk4LTVBNURGMUNGNjIyMg==</productImage>
    <bullet1>Designed for mountain bikers, gravel grinders, and all weather roadies</bullet1>
    <bullet2>Tri-Layer™ insulation and radiant heat reflective technology keep your liquids cool twice as long, so you can stay cool on long and dusty days in the saddle</bullet2>
    <bullet3>Features a Muckguard™ cap cover that protects the Surge™ valve from whatever the trail dishes up - opens and closes with one hand - seals valve when closed</bullet3>
    <bullet4>The high-flow Surge Cap provides a sip or blast of water and self-seals to eliminate spills and splatter, even on your bumpiest rides</bullet4>
    <bullet5>100% BPA-free insulated water bottle</bullet5>
    <bullet6>Crafted in Colorado to reduce environmental impact and support local economies - designed to last, each one of our water bottles comes with a lifetime guarantee</bullet6>
    <bullet7/>
    <bullet8/>
    <bullet9/>
    <bullet10/>
    <bullet11/>
    <bullet12/>
    <bullet13/>
    <bullet14/>
    <bullet15/>
    <bullet16/>
    <bullet17/>
    <bullet18/>
    <bullet19/>
    <bullet20/>
    <bullet21/>
    <bullet22/>
    <bullet23/>
    <bullet24/>
    <vendorPriceUpdateDate>2022-06-01 00:00:00</vendorPriceUpdateDate>
  </part>
  <part>
    <partNumber>49200047</partNumber>
    <punctuatedPartNumber>4920-0047</punctuatedPartNumber>
    <partStatusDescription>STANDARD</partStatusDescription>
    <partDescription>Breakaway® Bottle - Wave - Ivory/Silver - 20 oz.</partDescription>
    <unitOfMeasure>Each</unitOfMeasure>
    <brandName>POLAR BOTTLE</brandName>
    <supplierNumber>SWB20OZ09</supplierNumber>
    <specialInstructions/>
    <baseDealerPrice>4.90</baseDealerPrice>
    <yourDealerPrice>4.90</yourDealerPrice>
    <baseRetailPrice>11.00</baseRetailPrice>
    <originalRetailPrice>11.00</originalRetailPrice>
    <partImage>http://asset.lemansnet.com/z/LzQvQy85LzRDOUE2Qjg2LUMyMjItNDlFOC05NTVGLTBCQ0VFODczMzdBNg==</partImage>
    <productId>0445601071</productId>
    <productName>Breakaway® Wave Water Bottle</productName>
    <productImage>http://asset.lemansnet.com/z/L0UvNC9EL0U0RDlFNzg0LTc1REItNENCNi05RTI1LTA3MUQyMzA1MTZEQw==</productImage>
    <bullet1>Spill-proof when open and pushes closed for leak-proof transport, the Surge valve maximizes flow rate and self-seals to eliminate spills and splatter</bullet1>
    <bullet2>100% BPA-free bike water bottle features a sleek, single-wall design that is light, durable and compact</bullet2>
    <bullet3>Fits securely in a variety of bottle cages</bullet3>
    <bullet4>Has a unique grip groove and wall design for effortless hydration</bullet4>
    <bullet5>Twist, pull and wash— dishwasher safe two-piece Surge cap is easy to clean</bullet5>
    <bullet6>Materials include low-density polyethylene (LDPE) and thermoplastic polyurethane (TPU) valve</bullet6>
    <bullet7/>
    <bullet8/>
    <bullet9/>
    <bullet10/>
    <bullet11/>
    <bullet12/>
    <bullet13/>
    <bullet14/>
    <bullet15/>
    <bullet16/>
    <bullet17/>
    <bullet18/>
    <bullet19/>
    <bullet20/>
    <bullet21/>
    <bullet22/>
    <bullet23/>
    <bullet24/>
    <vendorPriceUpdateDate>2022-06-01 00:00:00</vendorPriceUpdateDate>
  </part>
  <part>
    <partNumber>49200049</partNumber>
    <punctuatedPartNumber>4920-0049</punctuatedPartNumber>
    <partStatusDescription>STANDARD</partStatusDescription>
    <partDescription>Breakaway® Bottle - Wave - Blue/Charcoal - 20 oz.</partDescription>
    <unitOfMeasure>Each</unitOfMeasure>
    <brandName>POLAR BOTTLE</brandName>
    <supplierNumber>SWB200Z11</supplierNumber>
    <specialInstructions/>
    <baseDealerPrice>4.90</baseDealerPrice>
    <yourDealerPrice>4.90</yourDealerPrice>
    <baseRetailPrice>11.00</baseRetailPrice>
    <originalRetailPrice>11.00</originalRetailPrice>
    <partImage>http://asset.lemansnet.com/z/LzcvMC9FLzcwRTU5RDJDLTBGNkUtNEIyNC1BQjQyLUZFMTBERkY3NzYxRQ==</partImage>
    <productId>0445601071</productId>
    <productName>Breakaway® Wave Water Bottle</productName>
    <productImage>http://asset.lemansnet.com/z/L0UvNC9EL0U0RDlFNzg0LTc1REItNENCNi05RTI1LTA3MUQyMzA1MTZEQw==</productImage>
    <bullet1>Spill-proof when open and pushes closed for leak-proof transport, the Surge valve maximizes flow rate and self-seals to eliminate spills and splatter</bullet1>
    <bullet2>100% BPA-free bike water bottle features a sleek, single-wall design that is light, durable and compact</bullet2>
    <bullet3>Fits securely in a variety of bottle cages</bullet3>
    <bullet4>Has a unique grip groove and wall design for effortless hydration</bullet4>
    <bullet5>Twist, pull and wash— dishwasher safe two-piece Surge cap is easy to clean</bullet5>
    <bullet6>Materials include low-density polyethylene (LDPE) and thermoplastic polyurethane (TPU) valve</bullet6>
    <bullet7/>
    <bullet8/>
    <bullet9/>
    <bullet10/>
    <bullet11/>
    <bullet12/>
    <bullet13/>
    <bullet14/>
    <bullet15/>
    <bullet16/>
    <bullet17/>
    <bullet18/>
    <bullet19/>
    <bullet20/>
    <bullet21/>
    <bullet22/>
    <bullet23/>
    <bullet24/>
    <vendorPriceUpdateDate>2022-06-01 00:00:00</vendorPriceUpdateDate>
  </part>
  <part>
    <partNumber>49200059</partNumber>
    <punctuatedPartNumber>4920-0059</punctuatedPartNumber>
    <partStatusDescription>STANDARD</partStatusDescription>
    <partDescription>Sport Insulated Bottle - Fly Dye - Monochrome - 20 oz.</partDescription>
    <unitOfMeasure>Each</unitOfMeasure>
    <brandName>POLAR BOTTLE</brandName>
    <supplierNumber>INS20OZ15</supplierNumber>
    <specialInstructions>Actually 100% BPA-Free</specialInstructions>
    <baseDealerPrice>5.81</baseDealerPrice>
    <yourDealerPrice>5.81</yourDealerPrice>
    <baseRetailPrice>13.00</baseRetailPrice>
    <originalRetailPrice>13.00</originalRetailPrice>
    <partImage>http://asset.lemansnet.com/z/LzcvRS82LzdFNjIwMDc0LUU4MzctNDkyMy1BNDU1LTZCMzFGOTRDNDlENA==</partImage>
    <productId>2002575860</productId>
    <productName>Sport Insulated Fly Dye Water Bottle</productName>
    <productImage>http://asset.lemansnet.com/z/LzcvRS82LzdFNjIwMDc0LUU4MzctNDkyMy1BNDU1LTZCMzFGOTRDNDlENA==</productImage>
    <bullet1>Integrated sports cap makes for quick hydration—pull for a cool stream and push to lock for a spill-free seal</bullet1>
    <bullet2>Dash Handle turns your bottle into the ultimate travel companion, and its convenient loop keeps hydration at your fingertips</bullet2>
    <bullet3>100% BPA-free insulated water bottle features triple wall insulation, keeping your liquid cooler for longer</bullet3>
    <bullet4>Designed with ultra-light materials and a unique grip groove so you can hydrate with an easy squeeze</bullet4>
    <bullet5>Designed to fit your bike cage, backpack pocket, or cup holder</bullet5>
    <bullet6>Twist, pull, and wash—two piece, dishwasher safe Sport Cap is easy to clean</bullet6>
    <bullet7>Materials include low-density polyethylene (LDPE) and thermoplastic polyurethane (TPU) valve</bullet7>
    <bullet8/>
    <bullet9/>
    <bullet10/>
    <bullet11/>
    <bullet12/>
    <bullet13/>
    <bullet14/>
    <bullet15/>
    <bullet16/>
    <bullet17/>
    <bullet18/>
    <bullet19/>
    <bullet20/>
    <bullet21/>
    <bullet22/>
    <bullet23/>
    <bullet24/>
    <vendorPriceUpdateDate>2022-06-01 00:00:00</vendorPriceUpdateDate>
  </part>
  <part>
    <partNumber>49200062</partNumber>
    <punctuatedPartNumber>4920-0062</punctuatedPartNumber>
    <partStatusDescription>STANDARD</partStatusDescription>
    <partDescription>Kids Sport Insulated Bottle - Fireworks - Engine Red - 12 oz</partDescription>
    <unitOfMeasure>Each</unitOfMeasure>
    <brandName>POLAR BOTTLE</brandName>
    <supplierNumber>INS12OZ03</supplierNumber>
    <specialInstructions/>
    <baseDealerPrice>5.32</baseDealerPrice>
    <yourDealerPrice>5.32</yourDealerPrice>
    <baseRetailPrice>12.00</baseRetailPrice>
    <originalRetailPrice>12.00</originalRetailPrice>
    <partImage>http://asset.lemansnet.com/z/LzQvRS80LzRFNDI2N0I1LTVGREItNEFCQS1CNEMxLTQ2Q0JDMzlGMDE1MA==</partImage>
    <productId>2002325365</productId>
    <productName>Kids Sport Insulated Water Bottle</productName>
    <productImage>http://asset.lemansnet.com/z/L0UvQy9DL0VDQ0NCODI0LTNDNTktNEE1MS1BQ0M3LUFEN0VBQ0MyMURCOQ==</productImage>
    <bullet1>Kid friendly insulated liner keeps liquids cold while protecting graphics from drop after drop</bullet1>
    <bullet2>Finger grooves make it easier for smaller hands to grip and hold</bullet2>
    <bullet3>Just the right height and size for kid's bike cages, lunch boxes and school packs</bullet3>
    <bullet4>The integrated sports cap makes for quick hydration—pull for a cool stream and push to lock for a spill-free seal</bullet4>
    <bullet5>100% BPA-free insulated water bottle with design featuring triple wall insulation, keeping your liquid cooler for longer</bullet5>
    <bullet6>Designed with ultra-light materials and a unique grip groove so you can hydrate with an easy squeeze</bullet6>
    <bullet7>Dishwasher safe Sport Cap is two piece cap and valve—easy to clean with a simple twist, pull and wash</bullet7>
    <bullet8>Materials include low-density polyethylene (LDPE) and thermoplastic polyurethane (TPU) valve</bullet8>
    <bullet9/>
    <bullet10/>
    <bullet11/>
    <bullet12/>
    <bullet13/>
    <bullet14/>
    <bullet15/>
    <bullet16/>
    <bullet17/>
    <bullet18/>
    <bullet19/>
    <bullet20/>
    <bullet21/>
    <bullet22/>
    <bullet23/>
    <bullet24/>
    <vendorPriceUpdateDate>2022-06-01 00:00:00</vendorPriceUpdateDate>
  </part>
  <part>
    <partNumber>49200037</partNumber>
    <punctuatedPartNumber>4920-0037</punctuatedPartNumber>
    <partStatusDescription>STANDARD</partStatusDescription>
    <partDescription>Breakaway® Insulated Bottle - Bolt - Blue/Silver - 20 oz.</partDescription>
    <unitOfMeasure>Each</unitOfMeasure>
    <brandName>POLAR BOTTLE</brandName>
    <supplierNumber>INB20OZ15</supplierNumber>
    <specialInstructions/>
    <baseDealerPrice>7.14</baseDealerPrice>
    <yourDealerPrice>7.14</yourDealerPrice>
    <baseRetailPrice>16.00</baseRetailPrice>
    <originalRetailPrice>16.00</originalRetailPrice>
    <partImage>http://asset.lemansnet.com/z/LzYvQy9GLzZDRkJGNkVELTQ2NzEtNEVFNi1CQjA2LTI2NkJFOEE5RjgzNg==</partImage>
    <productId>1084129491</productId>
    <productName>Breakaway® Bolt Insulated Water Bottle</productName>
    <productImage>http://asset.lemansnet.com/z/L0EvRC9EL0FERDIyMDRELTM5Q0MtNENEQy05OTkxLTgwOUVDQzM5OTk2Qw==</productImage>
    <bullet1>The Breakaway Surge valve maximizes flow rate and self-seals to eliminate spills and splatter; spill-proof when open and pushes closed for leak-proof transport</bullet1>
    <bullet2>100% BPA-free insulated water bottle featuring triple wall insulation, keeping your liquid cooler for longer</bullet2>
    <bullet3>Designed with ultra-lightweight materials and a unique grip groove, so you can hydrate with an easy squeeze</bullet3>
    <bullet4>Fits securely in a variety of bottle cates</bullet4>
    <bullet5>Dishwasher safe Surge cap is two pieces— cap and valve —and with a twist, pull, and a wash, they're that easy to clean</bullet5>
    <bullet6>Materials include low-density polyethylene (LDPE) and thermoplastic polyurethane (TPU) valve</bullet6>
    <bullet7/>
    <bullet8/>
    <bullet9/>
    <bullet10/>
    <bullet11/>
    <bullet12/>
    <bullet13/>
    <bullet14/>
    <bullet15/>
    <bullet16/>
    <bullet17/>
    <bullet18/>
    <bullet19/>
    <bullet20/>
    <bullet21/>
    <bullet22/>
    <bullet23/>
    <bullet24/>
    <vendorPriceUpdateDate>2022-06-01 00:00:00</vendorPriceUpdateDate>
  </part>
  <part>
    <partNumber>49200060</partNumber>
    <punctuatedPartNumber>4920-0060</punctuatedPartNumber>
    <partStatusDescription>STANDARD</partStatusDescription>
    <partDescription>Sport Insulated Bottle - Fly Dye - Monochrome - 24 oz.</partDescription>
    <unitOfMeasure>Each</unitOfMeasure>
    <brandName>POLAR BOTTLE</brandName>
    <supplierNumber>INS24OZ15</supplierNumber>
    <specialInstructions>Actually 100% BPA-Free</specialInstructions>
    <baseDealerPrice>6.23</baseDealerPrice>
    <yourDealerPrice>6.23</yourDealerPrice>
    <baseRetailPrice>14.00</baseRetailPrice>
    <originalRetailPrice>14.00</originalRetailPrice>
    <partImage>http://asset.lemansnet.com/z/L0MvRC9DL0NEQ0RFNUMyLUVGNjMtNDAyMC05MDZELUZENTA4RTkwQ0MzOQ==</partImage>
    <productId>2002575860</productId>
    <productName>Sport Insulated Fly Dye Water Bottle</productName>
    <productImage>http://asset.lemansnet.com/z/LzcvRS82LzdFNjIwMDc0LUU4MzctNDkyMy1BNDU1LTZCMzFGOTRDNDlENA==</productImage>
    <bullet1>Integrated sports cap makes for quick hydration—pull for a cool stream and push to lock for a spill-free seal</bullet1>
    <bullet2>Dash Handle turns your bottle into the ultimate travel companion, and its convenient loop keeps hydration at your fingertips</bullet2>
    <bullet3>100% BPA-free insulated water bottle features triple wall insulation, keeping your liquid cooler for longer</bullet3>
    <bullet4>Designed with ultra-light materials and a unique grip groove so you can hydrate with an easy squeeze</bullet4>
    <bullet5>Designed to fit your bike cage, backpack pocket, or cup holder</bullet5>
    <bullet6>Twist, pull, and wash—two piece, dishwasher safe Sport Cap is easy to clean</bullet6>
    <bullet7>Materials include low-density polyethylene (LDPE) and thermoplastic polyurethane (TPU) valve</bullet7>
    <bullet8/>
    <bullet9/>
    <bullet10/>
    <bullet11/>
    <bullet12/>
    <bullet13/>
    <bullet14/>
    <bullet15/>
    <bullet16/>
    <bullet17/>
    <bullet18/>
    <bullet19/>
    <bullet20/>
    <bullet21/>
    <bullet22/>
    <bullet23/>
    <bullet24/>
    <vendorPriceUpdateDate>2022-06-01 00:00:00</vendorPriceUpdateDate>
  </part>
  <part>
    <partNumber>49200045</partNumber>
    <punctuatedPartNumber>4920-0045</punctuatedPartNumber>
    <partStatusDescription>STANDARD</partStatusDescription>
    <partDescription>Breakaway® Muck Insulated Bottle- Shatter - Charcoal/Copper - 20 oz.</partDescription>
    <unitOfMeasure>Each</unitOfMeasure>
    <brandName>POLAR BOTTLE</brandName>
    <supplierNumber>INB200Z09MG</supplierNumber>
    <specialInstructions/>
    <baseDealerPrice>7.56</baseDealerPrice>
    <yourDealerPrice>7.56</yourDealerPrice>
    <baseRetailPrice>17.00</baseRetailPrice>
    <originalRetailPrice>17.00</originalRetailPrice>
    <partImage>http://asset.lemansnet.com/z/LzIvNi81LzI2NURBODhELTNDNzYtNDE4My1CN0U5LUQwMTNGQjEwODU0Qg==</partImage>
    <productId>1027031882</productId>
    <productName>Insulated Muck Water Bottle</productName>
    <productImage>http://asset.lemansnet.com/z/LzgvQi9DLzhCQ0U1NjNGLUZGOEMtNEIxNC05OTk4LTVBNURGMUNGNjIyMg==</productImage>
    <bullet1>Designed for mountain bikers, gravel grinders, and all weather roadies</bullet1>
    <bullet2>Tri-Layer™ insulation and radiant heat reflective technology keep your liquids cool twice as long, so you can stay cool on long and dusty days in the saddle</bullet2>
    <bullet3>Features a Muckguard™ cap cover that protects the Surge™ valve from whatever the trail dishes up - opens and closes with one hand - seals valve when closed</bullet3>
    <bullet4>The high-flow Surge Cap provides a sip or blast of water and self-seals to eliminate spills and splatter, even on your bumpiest rides</bullet4>
    <bullet5>100% BPA-free insulated water bottle</bullet5>
    <bullet6>Crafted in Colorado to reduce environmental impact and support local economies - designed to last, each one of our water bottles comes with a lifetime guarantee</bullet6>
    <bullet7/>
    <bullet8/>
    <bullet9/>
    <bullet10/>
    <bullet11/>
    <bullet12/>
    <bullet13/>
    <bullet14/>
    <bullet15/>
    <bullet16/>
    <bullet17/>
    <bullet18/>
    <bullet19/>
    <bullet20/>
    <bullet21/>
    <bullet22/>
    <bullet23/>
    <bullet24/>
    <vendorPriceUpdateDate>2022-06-01 00:00:00</vendorPriceUpdateDate>
  </part>
  <part>
    <partNumber>99030742</partNumber>
    <punctuatedPartNumber>9903-0742</punctuatedPartNumber>
    <partStatusDescription>STANDARD</partStatusDescription>
    <partDescription>Free Standing Display - Holds 48</partDescription>
    <unitOfMeasure>Each</unitOfMeasure>
    <brandName>POLAR BOTTLE</brandName>
    <supplierNumber>MFS4801</supplierNumber>
    <specialInstructions/>
    <baseDealerPrice>0.00</baseDealerPrice>
    <yourDealerPrice>0.00</yourDealerPrice>
    <baseRetailPrice>0.00</baseRetailPrice>
    <originalRetailPrice>0.00</originalRetailPrice>
    <partImage>http://asset.lemansnet.com/z/LzkvQy9CLzlDQkI4RDhELTBCOUEtNDcwQy1CQURDLTAwOUQwNTYyQjg2RA==</partImage>
    <productId>1624381896</productId>
    <productName>Free Standing Display</productName>
    <productImage>http://asset.lemansnet.com/z/LzkvQy9CLzlDQkI4RDhELTBCOUEtNDcwQy1CQURDLTAwOUQwNTYyQjg2RA==</productImage>
    <bullet1/>
    <bullet2/>
    <bullet3/>
    <bullet4/>
    <bullet5/>
    <bullet6/>
    <bullet7/>
    <bullet8/>
    <bullet9/>
    <bullet10/>
    <bullet11/>
    <bullet12/>
    <bullet13/>
    <bullet14/>
    <bullet15/>
    <bullet16/>
    <bullet17/>
    <bullet18/>
    <bullet19/>
    <bullet20/>
    <bullet21/>
    <bullet22/>
    <bullet23/>
    <bullet24/>
    <vendorPriceUpdateDate>1900-01-01 00:00:00</vendorPriceUpdateDate>
  </part>
</root>
