<root>
  <part>
    <partNumber>24010807</partNumber>
    <punctuatedPartNumber>2401-0807</punctuatedPartNumber>
    <partStatusDescription>DISCONTINUED</partStatusDescription>
    <partDescription>Hose Clamps - Stainless Steel - 7-1/2"-8-1/4" - 10 Pack</partDescription>
    <unitOfMeasure>10 Pack</unitOfMeasure>
    <brandName>NORMA</brandName>
    <supplierNumber>W3-190-210</supplierNumber>
    <specialInstructions/>
    <baseDealerPrice>15.50</baseDealerPrice>
    <yourDealerPrice>15.50</yourDealerPrice>
    <baseRetailPrice>23.95</baseRetailPrice>
    <originalRetailPrice>58.95</originalRetailPrice>
    <partImage>http://asset.lemansnet.com/z/L0YvRC83L0ZENzY1RDk2LTNFRTItNEYyOS04RUJBLTcwMUMxRTgzRjNEQSwvNi8wL0QvNjBEQjI1N0EtNDJGNi00NDUzLTg3QjYtNjE3OTIwNDA5OTY0</partImage>
    <productId>1423657128</productId>
    <productName>Stainless Steel Hose Clamps</productName>
    <productImage>http://asset.lemansnet.com/z/LzQvMS9FLzQxRTVENTQ5LTQ1NzItNDQ3QS1CQUI5LTRBNDI3MzM3RDg3MQ==</productImage>
    <bullet1>Worm-drive design prevents clamp twisting during tightening to provide the highest level of sealing reliability</bullet1>
    <bullet2>Corrosion-resistant hose clamps for multiple applications</bullet2>
    <bullet3/>
    <bullet4/>
    <bullet5/>
    <bullet6/>
    <bullet7/>
    <bullet8/>
    <bullet9/>
    <bullet10/>
    <bullet11/>
    <bullet12/>
    <bullet13/>
    <bullet14/>
    <bullet15/>
    <bullet16/>
    <bullet17/>
    <bullet18/>
    <bullet19/>
    <bullet20/>
    <bullet21/>
    <bullet22/>
    <bullet23/>
    <bullet24/>
    <vendorPriceUpdateDate>2023-04-22 00:00:00</vendorPriceUpdateDate>
  </part>
  <part>
    <partNumber>24010800</partNumber>
    <punctuatedPartNumber>2401-0800</punctuatedPartNumber>
    <partStatusDescription>STANDARD</partStatusDescription>
    <partDescription>Hose Clamps - Stainless Steel - 2-3/8"-3-1/8" - 10 Pack</partDescription>
    <unitOfMeasure>10 Pack</unitOfMeasure>
    <brandName>NORMA</brandName>
    <supplierNumber>W3-60-80</supplierNumber>
    <specialInstructions/>
    <baseDealerPrice>29.43</baseDealerPrice>
    <yourDealerPrice>29.43</yourDealerPrice>
    <baseRetailPrice>4.91</baseRetailPrice>
    <originalRetailPrice>43.95</originalRetailPrice>
    <partImage>http://asset.lemansnet.com/z/L0EvRi9EL0FGRDMxMEY3LUI4RTUtNDg1OS1CMUI3LUJFNzQ3OENDODQzNw==</partImage>
    <productId>1679819690</productId>
    <productName>Stainless Steel Hose Clamps</productName>
    <productImage>http://asset.lemansnet.com/z/LzQvMS9FLzQxRTVENTQ5LTQ1NzItNDQ3QS1CQUI5LTRBNDI3MzM3RDg3MQ==</productImage>
    <bullet1>Worm-drive design prevents clamp twisting during tightening to provide the highest level of sealing reliability</bullet1>
    <bullet2>Corrosion-resistant hose clamps for multiple applications</bullet2>
    <bullet3/>
    <bullet4/>
    <bullet5/>
    <bullet6/>
    <bullet7/>
    <bullet8/>
    <bullet9/>
    <bullet10/>
    <bullet11/>
    <bullet12/>
    <bullet13/>
    <bullet14/>
    <bullet15/>
    <bullet16/>
    <bullet17/>
    <bullet18/>
    <bullet19/>
    <bullet20/>
    <bullet21/>
    <bullet22/>
    <bullet23/>
    <bullet24/>
    <vendorPriceUpdateDate>2023-04-22 00:00:00</vendorPriceUpdateDate>
  </part>
  <part>
    <partNumber>24010802</partNumber>
    <punctuatedPartNumber>2401-0802</punctuatedPartNumber>
    <partStatusDescription>STANDARD</partStatusDescription>
    <partDescription>Hose Clamps - Stainless Steel - 3-1/8"-3-15/16" - 10 Pack</partDescription>
    <unitOfMeasure>10 Pack</unitOfMeasure>
    <brandName>NORMA</brandName>
    <supplierNumber>W3-80-100</supplierNumber>
    <specialInstructions>Discontinued Per Buyer</specialInstructions>
    <baseDealerPrice>33.75</baseDealerPrice>
    <yourDealerPrice>33.75</yourDealerPrice>
    <baseRetailPrice>5.63</baseRetailPrice>
    <originalRetailPrice>48.95</originalRetailPrice>
    <partImage>http://asset.lemansnet.com/z/L0EvRi9EL0FGRDMxMEY3LUI4RTUtNDg1OS1CMUI3LUJFNzQ3OENDODQzNw==</partImage>
    <productId>1679819690</productId>
    <productName>Stainless Steel Hose Clamps</productName>
    <productImage>http://asset.lemansnet.com/z/LzQvMS9FLzQxRTVENTQ5LTQ1NzItNDQ3QS1CQUI5LTRBNDI3MzM3RDg3MQ==</productImage>
    <bullet1>Worm-drive design prevents clamp twisting during tightening to provide the highest level of sealing reliability</bullet1>
    <bullet2>Corrosion-resistant hose clamps for multiple applications</bullet2>
    <bullet3/>
    <bullet4/>
    <bullet5/>
    <bullet6/>
    <bullet7/>
    <bullet8/>
    <bullet9/>
    <bullet10/>
    <bullet11/>
    <bullet12/>
    <bullet13/>
    <bullet14/>
    <bullet15/>
    <bullet16/>
    <bullet17/>
    <bullet18/>
    <bullet19/>
    <bullet20/>
    <bullet21/>
    <bullet22/>
    <bullet23/>
    <bullet24/>
    <vendorPriceUpdateDate>2023-04-22 00:00:00</vendorPriceUpdateDate>
  </part>
  <part>
    <partNumber>24010804</partNumber>
    <punctuatedPartNumber>2401-0804</punctuatedPartNumber>
    <partStatusDescription>STANDARD</partStatusDescription>
    <partDescription>Hose Clamps - Stainless Steel - 4-3/4"-5-1/2" - 10 Pack</partDescription>
    <unitOfMeasure>10 Pack</unitOfMeasure>
    <brandName>NORMA</brandName>
    <supplierNumber>W3-120-140</supplierNumber>
    <specialInstructions/>
    <baseDealerPrice>41.85</baseDealerPrice>
    <yourDealerPrice>41.85</yourDealerPrice>
    <baseRetailPrice>6.98</baseRetailPrice>
    <originalRetailPrice>55.95</originalRetailPrice>
    <partImage>http://asset.lemansnet.com/z/L0YvRC83L0ZENzY1RDk2LTNFRTItNEYyOS04RUJBLTcwMUMxRTgzRjNEQQ==</partImage>
    <productId>1679819690</productId>
    <productName>Stainless Steel Hose Clamps</productName>
    <productImage>http://asset.lemansnet.com/z/LzQvMS9FLzQxRTVENTQ5LTQ1NzItNDQ3QS1CQUI5LTRBNDI3MzM3RDg3MQ==</productImage>
    <bullet1>Worm-drive design prevents clamp twisting during tightening to provide the highest level of sealing reliability</bullet1>
    <bullet2>Corrosion-resistant hose clamps for multiple applications</bullet2>
    <bullet3/>
    <bullet4/>
    <bullet5/>
    <bullet6/>
    <bullet7/>
    <bullet8/>
    <bullet9/>
    <bullet10/>
    <bullet11/>
    <bullet12/>
    <bullet13/>
    <bullet14/>
    <bullet15/>
    <bullet16/>
    <bullet17/>
    <bullet18/>
    <bullet19/>
    <bullet20/>
    <bullet21/>
    <bullet22/>
    <bullet23/>
    <bullet24/>
    <vendorPriceUpdateDate>2023-04-22 00:00:00</vendorPriceUpdateDate>
  </part>
  <part>
    <partNumber>24010805</partNumber>
    <punctuatedPartNumber>2401-0805</punctuatedPartNumber>
    <partStatusDescription>STANDARD</partStatusDescription>
    <partDescription>Hose Clamps - Stainless Steel - 5-7/8"-6-11/16" - 10 Pack</partDescription>
    <unitOfMeasure>10 Pack</unitOfMeasure>
    <brandName>NORMA</brandName>
    <supplierNumber>W3-150-170</supplierNumber>
    <specialInstructions/>
    <baseDealerPrice>42.86</baseDealerPrice>
    <yourDealerPrice>42.86</yourDealerPrice>
    <baseRetailPrice>7.14</baseRetailPrice>
    <originalRetailPrice>56.95</originalRetailPrice>
    <partImage>http://asset.lemansnet.com/z/L0YvRC83L0ZENzY1RDk2LTNFRTItNEYyOS04RUJBLTcwMUMxRTgzRjNEQSwvNi8wL0QvNjBEQjI1N0EtNDJGNi00NDUzLTg3QjYtNjE3OTIwNDA5OTY0</partImage>
    <productId>1679819690</productId>
    <productName>Stainless Steel Hose Clamps</productName>
    <productImage>http://asset.lemansnet.com/z/LzQvMS9FLzQxRTVENTQ5LTQ1NzItNDQ3QS1CQUI5LTRBNDI3MzM3RDg3MQ==</productImage>
    <bullet1>Worm-drive design prevents clamp twisting during tightening to provide the highest level of sealing reliability</bullet1>
    <bullet2>Corrosion-resistant hose clamps for multiple applications</bullet2>
    <bullet3/>
    <bullet4/>
    <bullet5/>
    <bullet6/>
    <bullet7/>
    <bullet8/>
    <bullet9/>
    <bullet10/>
    <bullet11/>
    <bullet12/>
    <bullet13/>
    <bullet14/>
    <bullet15/>
    <bullet16/>
    <bullet17/>
    <bullet18/>
    <bullet19/>
    <bullet20/>
    <bullet21/>
    <bullet22/>
    <bullet23/>
    <bullet24/>
    <vendorPriceUpdateDate>2023-04-22 00:00:00</vendorPriceUpdateDate>
  </part>
</root>
