<root>
  <part>
    <partNumber>303019719</partNumber>
    <punctuatedPartNumber>3030-19719</punctuatedPartNumber>
    <partStatusDescription>DISCONTINUED</partStatusDescription>
    <partDescription>Cooling T-Shirt - Black - XS</partDescription>
    <unitOfMeasure>Each</unitOfMeasure>
    <brandName>HYPER KEWL</brandName>
    <supplierNumber>6202-XS</supplierNumber>
    <specialInstructions>Discontinued P/Byr</specialInstructions>
    <baseDealerPrice>4.90</baseDealerPrice>
    <yourDealerPrice>4.90</yourDealerPrice>
    <baseRetailPrice>0.00</baseRetailPrice>
    <originalRetailPrice>69.95</originalRetailPrice>
    <partImage>http://asset.lemansnet.com/z/L0MvMS81L0MxNThBNUM2LTI0RjctNDYwRS1CMDZDLTU4NTg3QUNGOEEyRQ==</partImage>
    <productId>1926928605</productId>
    <productName>Cooling T-Shirt</productName>
    <productImage>http://asset.lemansnet.com/z/L0MvMS81L0MxNThBNUM2LTI0RjctNDYwRS1CMDZDLTU4NTg3QUNGOEEyRSxtZWRpYS9mMzg5Y2JjOS05YTNiLTRhN2EtOTI3Ni1mNjBkOGNiYWJkYjE=</productImage>
    <bullet1>TechNiche evaporative cooling t-shirt</bullet1>
    <bullet2>Designed to be worn directly against the skin for maximum cooling effect</bullet2>
    <bullet3>HyperKewl™ PLUS fabric interior and waterproof nylon</bullet3>
    <bullet4>Best worn underneath a breathable sports jersey or on its own</bullet4>
    <bullet5>Provide 5-10 hours of cooling relief per soaking</bullet5>
    <bullet6>Lightweight, easy to activate and durable</bullet6>
    <bullet7>Machine washable</bullet7>
    <bullet8/>
    <bullet9/>
    <bullet10/>
    <bullet11/>
    <bullet12/>
    <bullet13/>
    <bullet14/>
    <bullet15/>
    <bullet16/>
    <bullet17/>
    <bullet18/>
    <bullet19/>
    <bullet20/>
    <bullet21/>
    <bullet22/>
    <bullet23/>
    <bullet24/>
    <vendorPriceUpdateDate>2022-06-22 00:00:00</vendorPriceUpdateDate>
  </part>
  <part>
    <partNumber>28300565</partNumber>
    <punctuatedPartNumber>2830-0565</punctuatedPartNumber>
    <partStatusDescription>DISCONTINUED</partStatusDescription>
    <partDescription>Dog Cooling Vest - Blue - XS</partDescription>
    <unitOfMeasure>Each</unitOfMeasure>
    <brandName>HYPER KEWL</brandName>
    <supplierNumber>8529-BL-XS</supplierNumber>
    <specialInstructions>Discontinued P/Byr</specialInstructions>
    <baseDealerPrice>4.90</baseDealerPrice>
    <yourDealerPrice>4.90</yourDealerPrice>
    <baseRetailPrice>0.00</baseRetailPrice>
    <originalRetailPrice>42.95</originalRetailPrice>
    <partImage>http://asset.lemansnet.com/z/L0IvRi85L0JGOUIxNzkyLURGNjUtNDA4RS1CNDcyLUZBMkZGNkNDQjVBMg==</partImage>
    <productId>1505146501</productId>
    <productName>Dog Cooling Vest</productName>
    <productImage>http://asset.lemansnet.com/z/L0IvRi85L0JGOUIxNzkyLURGNjUtNDA4RS1CNDcyLUZBMkZGNkNDQjVBMg==</productImage>
    <bullet1>Cools for 5-10 hours per soak</bullet1>
    <bullet2>Multiple sizes to fit all ages and breeds</bullet2>
    <bullet3>Size Chart:</bullet3>
    <bullet4>XS - 10 lb, up to 8" for Miniature breeds</bullet4>
    <bullet5>Small - 25 lb, 9" - 12" for Spaniel breeds</bullet5>
    <bullet6>Medium - 40 lb, 13" - 16" for Beagle breeds</bullet6>
    <bullet7>Large - 70 lb, 17" - 20" for Retriever breeds </bullet7>
    <bullet8>XL - 95 lb, 21" - 24" for Rottweiler breeds</bullet8>
    <bullet9>2XL - 120 lb, 25" - 30" for Great Dane breeds </bullet9>
    <bullet10/>
    <bullet11/>
    <bullet12/>
    <bullet13/>
    <bullet14/>
    <bullet15/>
    <bullet16/>
    <bullet17/>
    <bullet18/>
    <bullet19/>
    <bullet20/>
    <bullet21/>
    <bullet22/>
    <bullet23/>
    <bullet24/>
    <vendorPriceUpdateDate>2022-06-22 00:00:00</vendorPriceUpdateDate>
  </part>
  <part>
    <partNumber>28300334</partNumber>
    <punctuatedPartNumber>2830-0334</punctuatedPartNumber>
    <partStatusDescription>DISCONTINUED</partStatusDescription>
    <partDescription>Hybrid Elite Sport Cooling Vest Coolpax™ Cooling Insert</partDescription>
    <unitOfMeasure>Set</unitOfMeasure>
    <brandName>HYPER KEWL</brandName>
    <supplierNumber>7065V</supplierNumber>
    <specialInstructions>DISC ITEM</specialInstructions>
    <baseDealerPrice>39.90</baseDealerPrice>
    <yourDealerPrice>39.90</yourDealerPrice>
    <baseRetailPrice>0.00</baseRetailPrice>
    <originalRetailPrice>147.95</originalRetailPrice>
    <partImage>http://asset.lemansnet.com/z/LzgvRS8yLzhFMjFCNkVGLUZEODQtNEU0QS1CQUNELUJBNzZBMEFEQ0Q3OQ==</partImage>
    <productId>1291149614</productId>
    <productName>Hybrid Elite Sport Cooling Vest Coolpax™ Cooling Insert</productName>
    <productImage>http://asset.lemansnet.com/z/LzgvRS8yLzhFMjFCNkVGLUZEODQtNEU0QS1CQUNELUJBNzZBMEFEQ0Q3OQ==</productImage>
    <bullet1>Safe, effective and comfortable</bullet1>
    <bullet2>Use additional inserts for continuous relief</bullet2>
    <bullet3>Maintain a comfortable 59ºF for up to three hours</bullet3>
    <bullet4>Made from high-strength polyurethane</bullet4>
    <bullet5>Hook-and-loop stabilizers to secure packs in place</bullet5>
    <bullet6/>
    <bullet7/>
    <bullet8/>
    <bullet9/>
    <bullet10/>
    <bullet11/>
    <bullet12/>
    <bullet13/>
    <bullet14/>
    <bullet15/>
    <bullet16/>
    <bullet17/>
    <bullet18/>
    <bullet19/>
    <bullet20/>
    <bullet21/>
    <bullet22/>
    <bullet23/>
    <bullet24/>
    <vendorPriceUpdateDate>2022-06-22 00:00:00</vendorPriceUpdateDate>
  </part>
  <part>
    <partNumber>28300566</partNumber>
    <punctuatedPartNumber>2830-0566</punctuatedPartNumber>
    <partStatusDescription>DISCONTINUED</partStatusDescription>
    <partDescription>Dog Cooling Vest - Blue - Small</partDescription>
    <unitOfMeasure>Each</unitOfMeasure>
    <brandName>HYPER KEWL</brandName>
    <supplierNumber>8529-BL-S</supplierNumber>
    <specialInstructions>Discontinued P/Byr</specialInstructions>
    <baseDealerPrice>4.90</baseDealerPrice>
    <yourDealerPrice>4.90</yourDealerPrice>
    <baseRetailPrice>0.00</baseRetailPrice>
    <originalRetailPrice>43.95</originalRetailPrice>
    <partImage>http://asset.lemansnet.com/z/L0IvRi85L0JGOUIxNzkyLURGNjUtNDA4RS1CNDcyLUZBMkZGNkNDQjVBMg==</partImage>
    <productId>0580465617</productId>
    <productName>Dog Cooling Vest</productName>
    <productImage>http://asset.lemansnet.com/z/L0IvRi85L0JGOUIxNzkyLURGNjUtNDA4RS1CNDcyLUZBMkZGNkNDQjVBMg==</productImage>
    <bullet1>Cools for 5-10 hours per soak</bullet1>
    <bullet2>Multiple sizes to fit all ages and breeds</bullet2>
    <bullet3>Size Chart:</bullet3>
    <bullet4>XS - 10 lb, up to 8" for Miniature breeds</bullet4>
    <bullet5>Small - 25 lb, 9" - 12" for Spaniel breeds</bullet5>
    <bullet6>Medium - 40 lb, 13" - 16" for Beagle breeds</bullet6>
    <bullet7>Large - 70 lb, 17" - 20" for Retriever breeds </bullet7>
    <bullet8>XL - 95 lb, 21" - 24" for Rottweiler breeds</bullet8>
    <bullet9>2XL - 120 lb, 25" - 30" for Great Dane breeds </bullet9>
    <bullet10/>
    <bullet11/>
    <bullet12/>
    <bullet13/>
    <bullet14/>
    <bullet15/>
    <bullet16/>
    <bullet17/>
    <bullet18/>
    <bullet19/>
    <bullet20/>
    <bullet21/>
    <bullet22/>
    <bullet23/>
    <bullet24/>
    <vendorPriceUpdateDate>2022-06-22 00:00:00</vendorPriceUpdateDate>
  </part>
</root>
