<root>
  <part>
    <partNumber>99030387</partNumber>
    <punctuatedPartNumber>9903-0387</punctuatedPartNumber>
    <partStatusDescription>DISCONTINUED</partStatusDescription>
    <partDescription>DISPLAY BIKE BRITE</partDescription>
    <unitOfMeasure>Each</unitOfMeasure>
    <brandName>BIKE BRITE</brandName>
    <supplierNumber>MC44DS</supplierNumber>
    <specialInstructions/>
    <baseDealerPrice>0.00</baseDealerPrice>
    <yourDealerPrice/>
    <baseRetailPrice>0.00</baseRetailPrice>
    <originalRetailPrice>149.90</originalRetailPrice>
    <partImage>http://asset.lemansnet.com/z/L0QvRC83L0REN0Y4NDVFLTdCNkEtNDk1RS1COTkxLUNBNDJGNjk1RjYwOA==</partImage>
    <productId>0956548443</productId>
    <productName>DISPLAY BIKE BRITE</productName>
    <productImage/>
    <bullet1/>
    <bullet2/>
    <bullet3/>
    <bullet4/>
    <bullet5/>
    <bullet6/>
    <bullet7/>
    <bullet8/>
    <bullet9/>
    <bullet10/>
    <bullet11/>
    <bullet12/>
    <bullet13/>
    <bullet14/>
    <bullet15/>
    <bullet16/>
    <bullet17/>
    <bullet18/>
    <bullet19/>
    <bullet20/>
    <bullet21/>
    <bullet22/>
    <bullet23/>
    <bullet24/>
    <vendorPriceUpdateDate>2011-09-20 00:00:00</vendorPriceUpdateDate>
  </part>
  <part>
    <partNumber>DS700029</partNumber>
    <punctuatedPartNumber>DS-700029</punctuatedPartNumber>
    <partStatusDescription>STANDARD</partStatusDescription>
    <partDescription>Counter Display - 6 Pack / 32 U.S. fl oz. Each</partDescription>
    <unitOfMeasure>6 Pack</unitOfMeasure>
    <brandName>BIKE BRITE</brandName>
    <supplierNumber>MC44D</supplierNumber>
    <specialInstructions/>
    <baseDealerPrice>52.80</baseDealerPrice>
    <yourDealerPrice>52.80</yourDealerPrice>
    <baseRetailPrice>13.99</baseRetailPrice>
    <originalRetailPrice>71.95</originalRetailPrice>
    <partImage>http://asset.lemansnet.com/z/LzgvQy85LzhDOUI3RDMxLTBDMTAtNDhGMS1CMDJELUQ0RTczQjczQjAyQw==</partImage>
    <productId>1741608130</productId>
    <productName>Counter Display</productName>
    <productImage>http://asset.lemansnet.com/z/LzgvQy85LzhDOUI3RDMxLTBDMTAtNDhGMS1CMDJELUQ0RTczQjczQjAyQw==</productImage>
    <bullet1>Cleaning your bike is easier with biodegradable Bike Brite cleaner and degreaser</bullet1>
    <bullet2>Simply spray over areas to be cleaned and rinse immediately with a forceful jet of water</bullet2>
    <bullet3>After proper rinsing, surfaces will feel smooth and squeaky clean, not oily or slippery</bullet3>
    <bullet4/>
    <bullet5/>
    <bullet6/>
    <bullet7/>
    <bullet8/>
    <bullet9/>
    <bullet10/>
    <bullet11/>
    <bullet12/>
    <bullet13/>
    <bullet14/>
    <bullet15/>
    <bullet16/>
    <bullet17/>
    <bullet18/>
    <bullet19/>
    <bullet20/>
    <bullet21/>
    <bullet22/>
    <bullet23/>
    <bullet24/>
    <vendorPriceUpdateDate>2023-04-22 00:00:00</vendorPriceUpdateDate>
  </part>
  <part>
    <partNumber>DS700030</partNumber>
    <punctuatedPartNumber>DS-700030</punctuatedPartNumber>
    <partStatusDescription>STANDARD</partStatusDescription>
    <partDescription>Spray Wash - 32 US fl oz. - Spray Bottle</partDescription>
    <unitOfMeasure>Each</unitOfMeasure>
    <brandName>BIKE BRITE</brandName>
    <supplierNumber>MC44</supplierNumber>
    <specialInstructions/>
    <baseDealerPrice>8.46</baseDealerPrice>
    <yourDealerPrice>8.46</yourDealerPrice>
    <baseRetailPrice>13.99</baseRetailPrice>
    <originalRetailPrice>11.99</originalRetailPrice>
    <partImage>http://asset.lemansnet.com/z/L0MvQi8xL0NCMTlBMEE3LTgwM0YtNDIyRS04NzFDLTI0QUQ4QTM1NTdFMw==</partImage>
    <productId>1191476397</productId>
    <productName>Spray Wash Cleaner and Degreaser</productName>
    <productImage>http://asset.lemansnet.com/z/L0MvQi8xL0NCMTlBMEE3LTgwM0YtNDIyRS04NzFDLTI0QUQ4QTM1NTdFMw==</productImage>
    <bullet1>Biodegradable, non-acidic, and pH controlled</bullet1>
    <bullet2>Special brighteners help keep rust and grease from forming</bullet2>
    <bullet3>Simply spray over areas to be cleaned and rinse immediately with a forceful jet of water</bullet3>
    <bullet4>After proper rinsing, surfaces will feel smooth and squeaky clean, not oily or slippery</bullet4>
    <bullet5>Can be used on all vehicles</bullet5>
    <bullet6>Made in the USA</bullet6>
    <bullet7/>
    <bullet8/>
    <bullet9/>
    <bullet10/>
    <bullet11/>
    <bullet12/>
    <bullet13/>
    <bullet14/>
    <bullet15/>
    <bullet16/>
    <bullet17/>
    <bullet18/>
    <bullet19/>
    <bullet20/>
    <bullet21/>
    <bullet22/>
    <bullet23/>
    <bullet24/>
    <vendorPriceUpdateDate>2018-03-01 00:00:00</vendorPriceUpdateDate>
  </part>
  <part>
    <partNumber>DS700031</partNumber>
    <punctuatedPartNumber>DS-700031</punctuatedPartNumber>
    <partStatusDescription>STANDARD</partStatusDescription>
    <partDescription>Spray Wash - 64 US fl oz. - Refill - Bottle</partDescription>
    <unitOfMeasure>Each</unitOfMeasure>
    <brandName>BIKE BRITE</brandName>
    <supplierNumber>MC44R</supplierNumber>
    <specialInstructions/>
    <baseDealerPrice>13.54</baseDealerPrice>
    <yourDealerPrice>13.54</yourDealerPrice>
    <baseRetailPrice>21.99</baseRetailPrice>
    <originalRetailPrice>18.99</originalRetailPrice>
    <partImage>http://asset.lemansnet.com/z/LzQvMy8zLzQzM0RFMEM5LTM5MDktNDExRi1CMjFELTI5RjgxMUE0NTI1NQ==</partImage>
    <productId>1191476397</productId>
    <productName>Spray Wash Cleaner and Degreaser</productName>
    <productImage>http://asset.lemansnet.com/z/L0MvQi8xL0NCMTlBMEE3LTgwM0YtNDIyRS04NzFDLTI0QUQ4QTM1NTdFMw==</productImage>
    <bullet1>Biodegradable, non-acidic, and pH controlled</bullet1>
    <bullet2>Special brighteners help keep rust and grease from forming</bullet2>
    <bullet3>Simply spray over areas to be cleaned and rinse immediately with a forceful jet of water</bullet3>
    <bullet4>After proper rinsing, surfaces will feel smooth and squeaky clean, not oily or slippery</bullet4>
    <bullet5>Can be used on all vehicles</bullet5>
    <bullet6>Made in the USA</bullet6>
    <bullet7/>
    <bullet8/>
    <bullet9/>
    <bullet10/>
    <bullet11/>
    <bullet12/>
    <bullet13/>
    <bullet14/>
    <bullet15/>
    <bullet16/>
    <bullet17/>
    <bullet18/>
    <bullet19/>
    <bullet20/>
    <bullet21/>
    <bullet22/>
    <bullet23/>
    <bullet24/>
    <vendorPriceUpdateDate>2018-03-01 00:00:00</vendorPriceUpdateDate>
  </part>
  <part>
    <partNumber>DS700041</partNumber>
    <punctuatedPartNumber>DS-700041</punctuatedPartNumber>
    <partStatusDescription>STANDARD</partStatusDescription>
    <partDescription>Man Made Chamois</partDescription>
    <unitOfMeasure>Each</unitOfMeasure>
    <brandName>BIKE BRITE</brandName>
    <supplierNumber>MC89000</supplierNumber>
    <specialInstructions/>
    <baseDealerPrice>8.08</baseDealerPrice>
    <yourDealerPrice>8.08</yourDealerPrice>
    <baseRetailPrice>11.99</baseRetailPrice>
    <originalRetailPrice>9.99</originalRetailPrice>
    <partImage>http://asset.lemansnet.com/z/L0EvQS9BL0FBQTA1QzUwLTIxRjMtNDhBQy05N0EwLTNDMDBDRTUwOTU1Rg==</partImage>
    <productId>1633357901</productId>
    <productName>Bike Dry Man Made Chamois</productName>
    <productImage>http://asset.lemansnet.com/z/L0EvQS9BL0FBQTA1QzUwLTIxRjMtNDhBQy05N0EwLTNDMDBDRTUwOTU1Rg==</productImage>
    <bullet1>Professional-grade ultra-absorbent chamois material</bullet1>
    <bullet2>Works great for drying windshields, face shields and seats</bullet2>
    <bullet3>Stores easily in its own bag</bullet3>
    <bullet4>Measures 2' x 2'</bullet4>
    <bullet5/>
    <bullet6/>
    <bullet7/>
    <bullet8/>
    <bullet9/>
    <bullet10/>
    <bullet11/>
    <bullet12/>
    <bullet13/>
    <bullet14/>
    <bullet15/>
    <bullet16/>
    <bullet17/>
    <bullet18/>
    <bullet19/>
    <bullet20/>
    <bullet21/>
    <bullet22/>
    <bullet23/>
    <bullet24/>
    <vendorPriceUpdateDate>2022-09-23 00:00:00</vendorPriceUpdateDate>
  </part>
  <part>
    <partNumber>DS700042</partNumber>
    <punctuatedPartNumber>DS-700042</punctuatedPartNumber>
    <partStatusDescription>STANDARD</partStatusDescription>
    <partDescription>Bike Dry Polishing Towels</partDescription>
    <unitOfMeasure>3 Pack</unitOfMeasure>
    <brandName>BIKE BRITE</brandName>
    <supplierNumber>MC99000</supplierNumber>
    <specialInstructions/>
    <baseDealerPrice>6.35</baseDealerPrice>
    <yourDealerPrice>6.35</yourDealerPrice>
    <baseRetailPrice>9.99</baseRetailPrice>
    <originalRetailPrice>8.99</originalRetailPrice>
    <partImage>http://asset.lemansnet.com/z/L0QvMi83L0QyNzQwNjhGLTYwMzEtNEYwRS04MEZBLTRCQkQzNTY5ODFDNSwvRS8zL0UvRTNFNjI2MkItQkNGMS00MjM5LThGOEYtMDYwNTU5QUVGNzcw</partImage>
    <productId>1317991374</productId>
    <productName>Bike Dry Jumbo Polishing Towel</productName>
    <productImage>http://asset.lemansnet.com/z/L0YvNy84L0Y3ODc4RjE0LTYwOUUtNDlDQy1BODhBLTY4MDg5NkMyNUQ4OQ==</productImage>
    <bullet1>Great for applying wax coatings, gel coats, polishes and for drying your motorcycle after washing</bullet1>
    <bullet2>100% cotton diaper fabric with ultra foam; 11" x 18" double-sided/sewn towels</bullet2>
    <bullet3>Packs contain 3 towels, 4 packs per case</bullet3>
    <bullet4/>
    <bullet5/>
    <bullet6/>
    <bullet7/>
    <bullet8/>
    <bullet9/>
    <bullet10/>
    <bullet11/>
    <bullet12/>
    <bullet13/>
    <bullet14/>
    <bullet15/>
    <bullet16/>
    <bullet17/>
    <bullet18/>
    <bullet19/>
    <bullet20/>
    <bullet21/>
    <bullet22/>
    <bullet23/>
    <bullet24/>
    <vendorPriceUpdateDate>2023-04-22 00:00:00</vendorPriceUpdateDate>
  </part>
  <part>
    <partNumber>DS700043</partNumber>
    <punctuatedPartNumber>DS-700043</punctuatedPartNumber>
    <partStatusDescription>STANDARD</partStatusDescription>
    <partDescription>Helmet Liner Refresher - 14 oz. net wt. - Aerosol</partDescription>
    <unitOfMeasure>Each</unitOfMeasure>
    <brandName>BIKE BRITE</brandName>
    <supplierNumber>MC19000</supplierNumber>
    <specialInstructions/>
    <baseDealerPrice>6.15</baseDealerPrice>
    <yourDealerPrice>6.15</yourDealerPrice>
    <baseRetailPrice>9.99</baseRetailPrice>
    <originalRetailPrice>8.95</originalRetailPrice>
    <partImage>http://asset.lemansnet.com/z/LzIvNi9FLzI2RUQ5RjA3LUNCMTItNERDNi1CMjZCLTJDQjQxMjg4OEQ0MA==</partImage>
    <productId>1582770008</productId>
    <productName>Helmet Liner Refresher</productName>
    <productImage>http://asset.lemansnet.com/z/LzIvNi9FLzI2RUQ5RjA3LUNCMTItNERDNi1CMjZCLTJDQjQxMjg4OEQ0MA==</productImage>
    <bullet1>Cleans, freshens and deodorizes all foam helmet liners</bullet1>
    <bullet2>Just spray and wipe dry</bullet2>
    <bullet3>Available in 14-ounce aerosol cans, 6 per case</bullet3>
    <bullet4/>
    <bullet5/>
    <bullet6/>
    <bullet7/>
    <bullet8/>
    <bullet9/>
    <bullet10/>
    <bullet11/>
    <bullet12/>
    <bullet13/>
    <bullet14/>
    <bullet15/>
    <bullet16/>
    <bullet17/>
    <bullet18/>
    <bullet19/>
    <bullet20/>
    <bullet21/>
    <bullet22/>
    <bullet23/>
    <bullet24/>
    <vendorPriceUpdateDate>2018-03-01 00:00:00</vendorPriceUpdateDate>
  </part>
  <part>
    <partNumber>DS700044</partNumber>
    <punctuatedPartNumber>DS-700044</punctuatedPartNumber>
    <partStatusDescription>STANDARD</partStatusDescription>
    <partDescription>Plexi Brite - 14 oz. net wt. - Aerosol</partDescription>
    <unitOfMeasure>Each</unitOfMeasure>
    <brandName>BIKE BRITE</brandName>
    <supplierNumber>MC69000</supplierNumber>
    <specialInstructions/>
    <baseDealerPrice>6.77</baseDealerPrice>
    <yourDealerPrice>6.77</yourDealerPrice>
    <baseRetailPrice>9.50</baseRetailPrice>
    <originalRetailPrice>9.95</originalRetailPrice>
    <partImage>http://asset.lemansnet.com/z/LzkvMy9FLzkzRUQ0NTFFLTFEMkYtNDUyRC1BNjQwLTlBNUY1MkMxRUVDMA==</partImage>
    <productId>1992908383</productId>
    <productName>Plexi Brite</productName>
    <productImage>http://asset.lemansnet.com/z/LzkvMy9FLzkzRUQ0NTFFLTFEMkYtNDUyRC1BNjQwLTlBNUY1MkMxRUVDMA==</productImage>
    <bullet1>Safely cleans and polishes all plastics, including acrylics, lexans, plexi-glass, and polycarbonates</bullet1>
    <bullet2>Removes bugs from all plastic parts</bullet2>
    <bullet3>Just spray and wipe dry</bullet3>
    <bullet4>Available in 14-ounce aerosol cans, 6 per case</bullet4>
    <bullet5/>
    <bullet6/>
    <bullet7/>
    <bullet8/>
    <bullet9/>
    <bullet10/>
    <bullet11/>
    <bullet12/>
    <bullet13/>
    <bullet14/>
    <bullet15/>
    <bullet16/>
    <bullet17/>
    <bullet18/>
    <bullet19/>
    <bullet20/>
    <bullet21/>
    <bullet22/>
    <bullet23/>
    <bullet24/>
    <vendorPriceUpdateDate>2018-03-01 00:00:00</vendorPriceUpdateDate>
  </part>
  <part>
    <partNumber>37060017</partNumber>
    <punctuatedPartNumber>3706-0017</punctuatedPartNumber>
    <partStatusDescription>STANDARD</partStatusDescription>
    <partDescription>Windshield Rain Coating</partDescription>
    <unitOfMeasure>Each</unitOfMeasure>
    <brandName>BIKE BRITE</brandName>
    <supplierNumber>MM600-12</supplierNumber>
    <specialInstructions/>
    <baseDealerPrice>6.43</baseDealerPrice>
    <yourDealerPrice>6.43</yourDealerPrice>
    <baseRetailPrice>9.99</baseRetailPrice>
    <originalRetailPrice>8.99</originalRetailPrice>
    <partImage>http://asset.lemansnet.com/z/L0YvNC8xL0Y0MTBDNDUzLTExQUUtNEZCNi04NDM5LTdFM0I0QkEyQ0NBQg==</partImage>
    <productId>0475301388</productId>
    <productName>Moto-Mask® Windscreen Rain Coating</productName>
    <productImage>http://asset.lemansnet.com/z/L0YvNC8xL0Y0MTBDNDUzLTExQUUtNEZCNi04NDM5LTdFM0I0QkEyQ0NBQg==</productImage>
    <bullet1>Specially formulated for motorcycle windshields</bullet1>
    <bullet2>Makes beads of water disappear on windscreens or faceshields, improves your vision in rain, drizzle or misting conditions</bullet2>
    <bullet3>Safe on polycarbonates or acrylics</bullet3>
    <bullet4>Perfect for touring bikes</bullet4>
    <bullet5/>
    <bullet6/>
    <bullet7/>
    <bullet8/>
    <bullet9/>
    <bullet10/>
    <bullet11/>
    <bullet12/>
    <bullet13/>
    <bullet14/>
    <bullet15/>
    <bullet16/>
    <bullet17/>
    <bullet18/>
    <bullet19/>
    <bullet20/>
    <bullet21/>
    <bullet22/>
    <bullet23/>
    <bullet24/>
    <vendorPriceUpdateDate>2018-03-01 00:00:00</vendorPriceUpdateDate>
  </part>
  <part>
    <partNumber>37130019</partNumber>
    <punctuatedPartNumber>3713-0019</punctuatedPartNumber>
    <partStatusDescription>STANDARD</partStatusDescription>
    <partDescription>Motoshine Polish - 1 quart</partDescription>
    <unitOfMeasure>Each</unitOfMeasure>
    <brandName>BIKE BRITE</brandName>
    <supplierNumber>MC25000</supplierNumber>
    <specialInstructions/>
    <baseDealerPrice>8.46</baseDealerPrice>
    <yourDealerPrice>8.46</yourDealerPrice>
    <baseRetailPrice>13.99</baseRetailPrice>
    <originalRetailPrice>11.99</originalRetailPrice>
    <partImage>http://asset.lemansnet.com/z/LzIvOS9CLzI5QjY1QjU1LTRDNTMtNEExOC1BNUM0LUQwMDQ0Mzg0OTU1RA==</partImage>
    <productId>0404002541</productId>
    <productName>Moto Shine® Bike Polish</productName>
    <productImage>http://asset.lemansnet.com/z/LzIvOS9CLzI5QjY1QjU1LTRDNTMtNEExOC1BNUM0LUQwMDQ0Mzg0OTU1RA==</productImage>
    <bullet1>Give your bike a show-floor-type shine</bullet1>
    <bullet2>Moto-Shine® brings an instant brilliant shine to your motorcycle</bullet2>
    <bullet3>Lightly cleans and removes harmful contaminants, helps protect against UV rays, brings a brilliant shine to your vehicle, and saves cleaning time so you can have more riding time</bullet3>
    <bullet4>Protects your motorcycle against acid rain, oxidation, and pollutants</bullet4>
    <bullet5>Bike finishes that have a light dust layer or that have been through a rain storm, can be safely cleaned and shined with Moto-Shine's® gentle exclusive formula. Works on all paint and chrome finishes</bullet5>
    <bullet6>Available in 32-ounce spray bottles, 12 per case</bullet6>
    <bullet7/>
    <bullet8/>
    <bullet9/>
    <bullet10/>
    <bullet11/>
    <bullet12/>
    <bullet13/>
    <bullet14/>
    <bullet15/>
    <bullet16/>
    <bullet17/>
    <bullet18/>
    <bullet19/>
    <bullet20/>
    <bullet21/>
    <bullet22/>
    <bullet23/>
    <bullet24/>
    <vendorPriceUpdateDate>2018-03-01 00:00:00</vendorPriceUpdateDate>
  </part>
  <part>
    <partNumber>37130083</partNumber>
    <punctuatedPartNumber>3713-0083</punctuatedPartNumber>
    <partStatusDescription>STANDARD</partStatusDescription>
    <partDescription>Moto Glaze Polish - 12 U.S. fl oz.</partDescription>
    <unitOfMeasure>Each</unitOfMeasure>
    <brandName>BIKE BRITE</brandName>
    <supplierNumber>MC79000</supplierNumber>
    <specialInstructions/>
    <baseDealerPrice>6.09</baseDealerPrice>
    <yourDealerPrice>6.09</yourDealerPrice>
    <baseRetailPrice>9.50</baseRetailPrice>
    <originalRetailPrice>8.95</originalRetailPrice>
    <partImage>http://asset.lemansnet.com/z/L0UvMS85L0UxOTBBNEY0LTk0RUQtNDNERC1CODU1LTA0MTUxMkQ3RDhFQw==</partImage>
    <productId>1954096691</productId>
    <productName>Moto Glaze Polish &amp; Protectant</productName>
    <productImage>http://asset.lemansnet.com/z/L0UvMS85L0UxOTBBNEY0LTk0RUQtNDNERC1CODU1LTA0MTUxMkQ3RDhFQw==</productImage>
    <bullet1>Ultimate protectant against ultraviolet sun rays, humidity, boiling hot sun, freezing, salt and grime</bullet1>
    <bullet2>Protects glazed surfaces that are in close proximity of hot engine parts</bullet2>
    <bullet3>Can be used on clear coats and on chrome as a polish</bullet3>
    <bullet4>It also guards against acid rain and harmful contaminants</bullet4>
    <bullet5>Available in 12-fluid ounce bottles</bullet5>
    <bullet6>Made in the U.S.A.</bullet6>
    <bullet7/>
    <bullet8/>
    <bullet9/>
    <bullet10/>
    <bullet11/>
    <bullet12/>
    <bullet13/>
    <bullet14/>
    <bullet15/>
    <bullet16/>
    <bullet17/>
    <bullet18/>
    <bullet19/>
    <bullet20/>
    <bullet21/>
    <bullet22/>
    <bullet23/>
    <bullet24/>
    <vendorPriceUpdateDate>2018-03-01 00:00:00</vendorPriceUpdateDate>
  </part>
  <part>
    <partNumber>DS700025</partNumber>
    <punctuatedPartNumber>DS-700025</punctuatedPartNumber>
    <partStatusDescription>STANDARD</partStatusDescription>
    <partDescription>Blue Buster Polishing Kit</partDescription>
    <unitOfMeasure>Kit</unitOfMeasure>
    <brandName>BIKE BRITE</brandName>
    <supplierNumber>BB-100</supplierNumber>
    <specialInstructions/>
    <baseDealerPrice>17.77</baseDealerPrice>
    <yourDealerPrice>17.77</yourDealerPrice>
    <baseRetailPrice>28.50</baseRetailPrice>
    <originalRetailPrice>24.99</originalRetailPrice>
    <partImage>http://asset.lemansnet.com/z/L0IvRS9EL0JFRDIzMjY4LUEwODAtNDE0OS05QzJCLTA2RjJFODJFQjIxRiwvMi9FLzAvMkUwQzhFNjMtQkQwOS00MUQ3LTkxNEYtMjNGQjI4NzkzRUIz</partImage>
    <productId>0808223141</productId>
    <productName>Blue Buster Polishing Kit</productName>
    <productImage>http://asset.lemansnet.com/z/LzIvRS8wLzJFMEM4RTYzLUJEMDktNDFENy05MTRGLTIzRkIyODc5M0VCMw==</productImage>
    <bullet1>Remove blue heat discoloration easily with the Blue Buster polishing kit</bullet1>
    <bullet2>Unique polishing strap allows you to renovate pipes without removing them</bullet2>
    <bullet3>Effectively removes minor surface scratches and defects from painted surfaces, windshields and helmets</bullet3>
    <bullet4>Kit includes: a drill pad and auger, and one 8-ounce bottle of Blue Buster® Polish gel</bullet4>
    <bullet5/>
    <bullet6/>
    <bullet7/>
    <bullet8/>
    <bullet9/>
    <bullet10/>
    <bullet11/>
    <bullet12/>
    <bullet13/>
    <bullet14/>
    <bullet15/>
    <bullet16/>
    <bullet17/>
    <bullet18/>
    <bullet19/>
    <bullet20/>
    <bullet21/>
    <bullet22/>
    <bullet23/>
    <bullet24/>
    <vendorPriceUpdateDate>2018-03-01 00:00:00</vendorPriceUpdateDate>
  </part>
  <part>
    <partNumber>DS700027</partNumber>
    <punctuatedPartNumber>DS-700027</punctuatedPartNumber>
    <partStatusDescription>STANDARD</partStatusDescription>
    <partDescription>MOTO KIT® Complete Cleaning Kit</partDescription>
    <unitOfMeasure>Kit</unitOfMeasure>
    <brandName>BIKE BRITE</brandName>
    <supplierNumber>MC10000</supplierNumber>
    <specialInstructions/>
    <baseDealerPrice>39.94</baseDealerPrice>
    <yourDealerPrice>39.94</yourDealerPrice>
    <baseRetailPrice>54.99</baseRetailPrice>
    <originalRetailPrice>51.95</originalRetailPrice>
    <partImage>http://asset.lemansnet.com/z/LzUvRC81LzVENTRFRjAxLTE5MDQtNDdDNS1CMzQwLTRDRTAxOTVDRjU5MCwvQS9ELzYvQUQ2RkY3Q0ItNTNBMC00QjY1LUJCQjItRUYwQzQ5MTY2NjVF</partImage>
    <productId>2117608824</productId>
    <productName>Moto Kit® Complete Cleaning Kit</productName>
    <productImage>http://asset.lemansnet.com/z/LzUvRC81LzVENTRFRjAxLTE5MDQtNDdDNS1CMzQwLTRDRTAxOTVDRjU5MA==</productImage>
    <bullet1>Everything you need to keep your bike looking like new in an easy-to-carry case</bullet1>
    <bullet2>High-quality detailing kit for your motorcycle</bullet2>
    <bullet3>Available 3 per case</bullet3>
    <bullet4>Made in the USA</bullet4>
    <bullet5>Kit includes:</bullet5>
    <bullet6>One 32 oz. bottle of Bike Brite® Motorcycle Spray Wash</bullet6>
    <bullet7>One 32 oz. bottle of Moto Shine®</bullet7>
    <bullet8>One 14 oz. can of Plexi Brite®</bullet8>
    <bullet9>One 12 oz. bottle of Bike Bag® Leather and Vinyl Conditioner</bullet9>
    <bullet10>One 12 oz. bottle of Moto Glaze®</bullet10>
    <bullet11>One Bike Dry® Micro Fiber Cloth</bullet11>
    <bullet12>One 3-Pack of BIke Dry® Polishing Towels</bullet12>
    <bullet13/>
    <bullet14/>
    <bullet15/>
    <bullet16/>
    <bullet17/>
    <bullet18/>
    <bullet19/>
    <bullet20/>
    <bullet21/>
    <bullet22/>
    <bullet23/>
    <bullet24/>
    <vendorPriceUpdateDate>2023-04-22 00:00:00</vendorPriceUpdateDate>
  </part>
  <part>
    <partNumber>DS700034</partNumber>
    <punctuatedPartNumber>DS-700034</punctuatedPartNumber>
    <partStatusDescription>STANDARD</partStatusDescription>
    <partDescription>Saddlebag Conditioner - 12 U.S. fl oz.</partDescription>
    <unitOfMeasure>Each</unitOfMeasure>
    <brandName>BIKE BRITE</brandName>
    <supplierNumber>MC00048-12</supplierNumber>
    <specialInstructions/>
    <baseDealerPrice>6.43</baseDealerPrice>
    <yourDealerPrice>6.43</yourDealerPrice>
    <baseRetailPrice>9.99</baseRetailPrice>
    <originalRetailPrice>8.99</originalRetailPrice>
    <partImage>http://asset.lemansnet.com/z/LzgvRi8xLzhGMTcyMEY0LTYzMEUtNDBGOC1CMUE2LTJGRTM5QUVFNUI1NQ==</partImage>
    <productId>1553600486</productId>
    <productName>Bike Bag Saddlebag Conditioner</productName>
    <productImage>http://asset.lemansnet.com/z/LzgvRi8xLzhGMTcyMEY0LTYzMEUtNDBGOC1CMUE2LTJGRTM5QUVFNUI1NQ==</productImage>
    <bullet1>Preserves, conditions, nourishes, and protects leather or vinyl saddle bags, seats, and riding gear such as boots, gloves, chaps, and jackets</bullet1>
    <bullet2>Keeps leather and vinyl looking and feeling like new</bullet2>
    <bullet3>Available in 12-fluid ounce bottles, 6 per case</bullet3>
    <bullet4/>
    <bullet5/>
    <bullet6/>
    <bullet7/>
    <bullet8/>
    <bullet9/>
    <bullet10/>
    <bullet11/>
    <bullet12/>
    <bullet13/>
    <bullet14/>
    <bullet15/>
    <bullet16/>
    <bullet17/>
    <bullet18/>
    <bullet19/>
    <bullet20/>
    <bullet21/>
    <bullet22/>
    <bullet23/>
    <bullet24/>
    <vendorPriceUpdateDate>2018-03-01 00:00:00</vendorPriceUpdateDate>
  </part>
  <part>
    <partNumber>DS700035</partNumber>
    <punctuatedPartNumber>DS-700035</punctuatedPartNumber>
    <partStatusDescription>STANDARD</partStatusDescription>
    <partDescription>Exhaust Pipe Polishing Powder - 1 U.S. fl oz.</partDescription>
    <unitOfMeasure>Each</unitOfMeasure>
    <brandName>BIKE BRITE</brandName>
    <supplierNumber>BB200</supplierNumber>
    <specialInstructions/>
    <baseDealerPrice>4.57</baseDealerPrice>
    <yourDealerPrice>4.57</yourDealerPrice>
    <baseRetailPrice>7.50</baseRetailPrice>
    <originalRetailPrice>6.99</originalRetailPrice>
    <partImage>http://asset.lemansnet.com/z/L0YvQy9CL0ZDQkZDNENBLTM0MzEtNDJBQy1CNENELTY2QTMxMTBGRTREOQ==</partImage>
    <productId>0835754718</productId>
    <productName>Blue Buster Polishing Powder</productName>
    <productImage>http://asset.lemansnet.com/z/L0YvQy9CL0ZDQkZDNENBLTM0MzEtNDJBQy1CNENELTY2QTMxMTBGRTREOQ==</productImage>
    <bullet1>Specially formulated to remove bluing on metals, especially the hard-to-clean exhaust pipe bluing familiar to all bike owners</bullet1>
    <bullet2>Wet towel and polish blue away; will not scratch chrome</bullet2>
    <bullet3>Also great for chrome and other metallic trims and accessories, keeping them brilliant and protected</bullet3>
    <bullet4>Available in 1-ounce bottles, 24 per case</bullet4>
    <bullet5/>
    <bullet6/>
    <bullet7/>
    <bullet8/>
    <bullet9/>
    <bullet10/>
    <bullet11/>
    <bullet12/>
    <bullet13/>
    <bullet14/>
    <bullet15/>
    <bullet16/>
    <bullet17/>
    <bullet18/>
    <bullet19/>
    <bullet20/>
    <bullet21/>
    <bullet22/>
    <bullet23/>
    <bullet24/>
    <vendorPriceUpdateDate>2018-03-01 00:00:00</vendorPriceUpdateDate>
  </part>
  <part>
    <partNumber>DS700036</partNumber>
    <punctuatedPartNumber>DS-700036</punctuatedPartNumber>
    <partStatusDescription>STANDARD</partStatusDescription>
    <partDescription>Powder Coat Cleaner - 9 oz. net wt. - Aerosol</partDescription>
    <unitOfMeasure>Each</unitOfMeasure>
    <brandName>BIKE BRITE</brandName>
    <supplierNumber>MC53000</supplierNumber>
    <specialInstructions/>
    <baseDealerPrice>6.77</baseDealerPrice>
    <yourDealerPrice>6.77</yourDealerPrice>
    <baseRetailPrice>9.50</baseRetailPrice>
    <originalRetailPrice>9.95</originalRetailPrice>
    <partImage>http://asset.lemansnet.com/z/LzAvMi80LzAyNEEzNzY3LTg4ODMtNDYxNC1BRTQzLUUxQUI3NkUyQ0RCRg==</partImage>
    <productId>0492075034</productId>
    <productName>Moto Black® Engine Cleaner</productName>
    <productImage>http://asset.lemansnet.com/z/LzAvMi80LzAyNEEzNzY3LTg4ODMtNDYxNC1BRTQzLUUxQUI3NkUyQ0RCRg==</productImage>
    <bullet1>Brings back the factory look to your powder-coat finishes that have been dulled or weathered over time</bullet1>
    <bullet2>Cleans, shines, and protects black wrinkled and powder-coated engine parts. Great for black engine fins, inter-primaries, break calipers, wheel rims, and frames</bullet2>
    <bullet3>Wipe off excess as needed</bullet3>
    <bullet4>Available in 9-ounce aerosol cans, 12 per case</bullet4>
    <bullet5/>
    <bullet6/>
    <bullet7/>
    <bullet8/>
    <bullet9/>
    <bullet10/>
    <bullet11/>
    <bullet12/>
    <bullet13/>
    <bullet14/>
    <bullet15/>
    <bullet16/>
    <bullet17/>
    <bullet18/>
    <bullet19/>
    <bullet20/>
    <bullet21/>
    <bullet22/>
    <bullet23/>
    <bullet24/>
    <vendorPriceUpdateDate>2018-03-01 00:00:00</vendorPriceUpdateDate>
  </part>
  <part>
    <partNumber>37040282</partNumber>
    <punctuatedPartNumber>3704-0282</punctuatedPartNumber>
    <partStatusDescription>STANDARD</partStatusDescription>
    <partDescription>Spray Wash - 5 US gallon - Tub</partDescription>
    <unitOfMeasure>Each</unitOfMeasure>
    <brandName>BIKE BRITE</brandName>
    <supplierNumber>MC445G</supplierNumber>
    <specialInstructions/>
    <baseDealerPrice>101.54</baseDealerPrice>
    <yourDealerPrice>101.54</yourDealerPrice>
    <baseRetailPrice>148.20</baseRetailPrice>
    <originalRetailPrice>147.95</originalRetailPrice>
    <partImage>http://asset.lemansnet.com/z/L0MvNy83L0M3NzQ2ODNELTczNTAtNDFDNC05Q0U4LTFFRTEwMjBEMEQ4RA==</partImage>
    <productId>1191476397</productId>
    <productName>Spray Wash Cleaner and Degreaser</productName>
    <productImage>http://asset.lemansnet.com/z/L0MvQi8xL0NCMTlBMEE3LTgwM0YtNDIyRS04NzFDLTI0QUQ4QTM1NTdFMw==</productImage>
    <bullet1>Biodegradable, non-acidic, and pH controlled</bullet1>
    <bullet2>Special brighteners help keep rust and grease from forming</bullet2>
    <bullet3>Simply spray over areas to be cleaned and rinse immediately with a forceful jet of water</bullet3>
    <bullet4>After proper rinsing, surfaces will feel smooth and squeaky clean, not oily or slippery</bullet4>
    <bullet5>Can be used on all vehicles</bullet5>
    <bullet6>Made in the USA</bullet6>
    <bullet7/>
    <bullet8/>
    <bullet9/>
    <bullet10/>
    <bullet11/>
    <bullet12/>
    <bullet13/>
    <bullet14/>
    <bullet15/>
    <bullet16/>
    <bullet17/>
    <bullet18/>
    <bullet19/>
    <bullet20/>
    <bullet21/>
    <bullet22/>
    <bullet23/>
    <bullet24/>
    <vendorPriceUpdateDate>2022-09-23 00:00:00</vendorPriceUpdateDate>
  </part>
  <part>
    <partNumber>37040283</partNumber>
    <punctuatedPartNumber>3704-0283</punctuatedPartNumber>
    <partStatusDescription>STANDARD</partStatusDescription>
    <partDescription>Spray Wash - 30 US gallon - Drum</partDescription>
    <unitOfMeasure>Each</unitOfMeasure>
    <brandName>BIKE BRITE</brandName>
    <supplierNumber>MC4430G</supplierNumber>
    <specialInstructions>TRUCK PPD/ORD TO SUPPORT ?02JCH</specialInstructions>
    <baseDealerPrice>528.85</baseDealerPrice>
    <yourDealerPrice>528.85</yourDealerPrice>
    <baseRetailPrice>0.00</baseRetailPrice>
    <originalRetailPrice>0.00</originalRetailPrice>
    <partImage>http://asset.lemansnet.com/z/LzUvMS83LzUxNzE5ODdDLTc1NDQtNDYwQy1BNTM1LTM1OUY4NzlGMDNGNQ==</partImage>
    <productId>1191476397</productId>
    <productName>Spray Wash Cleaner and Degreaser</productName>
    <productImage>http://asset.lemansnet.com/z/L0MvQi8xL0NCMTlBMEE3LTgwM0YtNDIyRS04NzFDLTI0QUQ4QTM1NTdFMw==</productImage>
    <bullet1>Biodegradable, non-acidic, and pH controlled</bullet1>
    <bullet2>Special brighteners help keep rust and grease from forming</bullet2>
    <bullet3>Simply spray over areas to be cleaned and rinse immediately with a forceful jet of water</bullet3>
    <bullet4>After proper rinsing, surfaces will feel smooth and squeaky clean, not oily or slippery</bullet4>
    <bullet5>Can be used on all vehicles</bullet5>
    <bullet6>Made in the USA</bullet6>
    <bullet7/>
    <bullet8/>
    <bullet9/>
    <bullet10/>
    <bullet11/>
    <bullet12/>
    <bullet13/>
    <bullet14/>
    <bullet15/>
    <bullet16/>
    <bullet17/>
    <bullet18/>
    <bullet19/>
    <bullet20/>
    <bullet21/>
    <bullet22/>
    <bullet23/>
    <bullet24/>
    <vendorPriceUpdateDate>2019-12-18 00:00:00</vendorPriceUpdateDate>
  </part>
  <part>
    <partNumber>37040284</partNumber>
    <punctuatedPartNumber>3704-0284</punctuatedPartNumber>
    <partStatusDescription>STANDARD</partStatusDescription>
    <partDescription>Spray Wash - 55 US gallon - Drum</partDescription>
    <unitOfMeasure>Each</unitOfMeasure>
    <brandName>BIKE BRITE</brandName>
    <supplierNumber>MC4455G</supplierNumber>
    <specialInstructions>Actually 55 gallon barrel</specialInstructions>
    <baseDealerPrice>814.43</baseDealerPrice>
    <yourDealerPrice>814.43</yourDealerPrice>
    <baseRetailPrice>0.00</baseRetailPrice>
    <originalRetailPrice>0.00</originalRetailPrice>
    <partImage>http://asset.lemansnet.com/z/LzkvNi80Lzk2NDY0Q0RGLTFENzYtNDVEOS1CRDMwLTM4M0M4RjJCNEZFNQ==</partImage>
    <productId>1191476397</productId>
    <productName>Spray Wash Cleaner and Degreaser</productName>
    <productImage>http://asset.lemansnet.com/z/L0MvQi8xL0NCMTlBMEE3LTgwM0YtNDIyRS04NzFDLTI0QUQ4QTM1NTdFMw==</productImage>
    <bullet1>Biodegradable, non-acidic, and pH controlled</bullet1>
    <bullet2>Special brighteners help keep rust and grease from forming</bullet2>
    <bullet3>Simply spray over areas to be cleaned and rinse immediately with a forceful jet of water</bullet3>
    <bullet4>After proper rinsing, surfaces will feel smooth and squeaky clean, not oily or slippery</bullet4>
    <bullet5>Can be used on all vehicles</bullet5>
    <bullet6>Made in the USA</bullet6>
    <bullet7/>
    <bullet8/>
    <bullet9/>
    <bullet10/>
    <bullet11/>
    <bullet12/>
    <bullet13/>
    <bullet14/>
    <bullet15/>
    <bullet16/>
    <bullet17/>
    <bullet18/>
    <bullet19/>
    <bullet20/>
    <bullet21/>
    <bullet22/>
    <bullet23/>
    <bullet24/>
    <vendorPriceUpdateDate>2019-12-18 00:00:00</vendorPriceUpdateDate>
  </part>
  <part>
    <partNumber>37040440</partNumber>
    <punctuatedPartNumber>3704-0440</punctuatedPartNumber>
    <partStatusDescription>STANDARD</partStatusDescription>
    <partDescription>Spray Wash - 32 US fl oz. - Spray Bottle</partDescription>
    <unitOfMeasure>Each</unitOfMeasure>
    <brandName>BIKE BRITE</brandName>
    <supplierNumber>BSW40000</supplierNumber>
    <specialInstructions/>
    <baseDealerPrice>8.46</baseDealerPrice>
    <yourDealerPrice>8.46</yourDealerPrice>
    <baseRetailPrice>13.99</baseRetailPrice>
    <originalRetailPrice>12.99</originalRetailPrice>
    <partImage>http://asset.lemansnet.com/z/L0QvOS9EL0Q5RDY4MjEyLTgxQzMtNERFQi05NzNFLTNCQTQ0RTI2OTI5RQ==</partImage>
    <productId>1291192372</productId>
    <productName>Spray Wash Cleaner and Degreaser</productName>
    <productImage>http://asset.lemansnet.com/z/L0QvOS9EL0Q5RDY4MjEyLTgxQzMtNERFQi05NzNFLTNCQTQ0RTI2OTI5RQ==</productImage>
    <bullet1>Cleans and degreases from the handle bars to the rear wheel</bullet1>
    <bullet2>Biodegradable, non-acidic, pH controlled and contains corrosion inhibitors</bullet2>
    <bullet3>Brings new brilliance to painted surfaces</bullet3>
    <bullet4>Helps prevent water spots</bullet4>
    <bullet5>Made in the USA</bullet5>
    <bullet6/>
    <bullet7/>
    <bullet8/>
    <bullet9/>
    <bullet10/>
    <bullet11/>
    <bullet12/>
    <bullet13/>
    <bullet14/>
    <bullet15/>
    <bullet16/>
    <bullet17/>
    <bullet18/>
    <bullet19/>
    <bullet20/>
    <bullet21/>
    <bullet22/>
    <bullet23/>
    <bullet24/>
    <vendorPriceUpdateDate>2024-01-30 00:00:00</vendorPriceUpdateDate>
  </part>
  <part>
    <partNumber>37080004</partNumber>
    <punctuatedPartNumber>3708-0004</punctuatedPartNumber>
    <partStatusDescription>STANDARD</partStatusDescription>
    <partDescription>Moto-Mask® Anti-Fog - 4 U.S. fl oz.</partDescription>
    <unitOfMeasure>Each</unitOfMeasure>
    <brandName>BIKE BRITE</brandName>
    <supplierNumber>MM700</supplierNumber>
    <specialInstructions/>
    <baseDealerPrice>6.43</baseDealerPrice>
    <yourDealerPrice>6.43</yourDealerPrice>
    <baseRetailPrice>9.99</baseRetailPrice>
    <originalRetailPrice>8.99</originalRetailPrice>
    <partImage>http://asset.lemansnet.com/z/LzUvQy8zLzVDM0Y5MzYxLTNBMTAtNEYzOS1CRDgyLTQxNzcwOUQ5RDgyNQ==</partImage>
    <productId>1853463038</productId>
    <productName>Moto-Mask® Anti-Fog Coating</productName>
    <productImage>http://asset.lemansnet.com/z/LzUvQy8zLzVDM0Y5MzYxLTNBMTAtNEYzOS1CRDgyLTQxNzcwOUQ5RDgyNQ==</productImage>
    <bullet1>Ideal for windscreens, visors, goggles, and glasses/sunglasses</bullet1>
    <bullet2>Improves vision when foggy</bullet2>
    <bullet3>Excellent for touring bikes</bullet3>
    <bullet4>Available in 4-fluid ounce spray bottles, 12 per case</bullet4>
    <bullet5/>
    <bullet6/>
    <bullet7/>
    <bullet8/>
    <bullet9/>
    <bullet10/>
    <bullet11/>
    <bullet12/>
    <bullet13/>
    <bullet14/>
    <bullet15/>
    <bullet16/>
    <bullet17/>
    <bullet18/>
    <bullet19/>
    <bullet20/>
    <bullet21/>
    <bullet22/>
    <bullet23/>
    <bullet24/>
    <vendorPriceUpdateDate>2018-03-01 00:00:00</vendorPriceUpdateDate>
  </part>
  <part>
    <partNumber>38500412</partNumber>
    <punctuatedPartNumber>3850-0412</punctuatedPartNumber>
    <partStatusDescription>STANDARD</partStatusDescription>
    <partDescription>Hydrofoamer</partDescription>
    <unitOfMeasure>Each</unitOfMeasure>
    <brandName>BIKE BRITE</brandName>
    <supplierNumber>MC44HF481</supplierNumber>
    <specialInstructions/>
    <baseDealerPrice>110.00</baseDealerPrice>
    <yourDealerPrice>110.00</yourDealerPrice>
    <baseRetailPrice>138.32</baseRetailPrice>
    <originalRetailPrice>138.95</originalRetailPrice>
    <partImage>http://asset.lemansnet.com/z/LzUvRC81LzVENUIxMDc1LTYxNTMtNDJDQi1CRDRCLUEyMjBDMTlEM0QxMg==</partImage>
    <productId>0964998882</productId>
    <productName>Hydrofoamer</productName>
    <productImage>http://asset.lemansnet.com/z/LzUvRC81LzVENUIxMDc1LTYxNTMtNDJDQi1CRDRCLUEyMjBDMTlEM0QxMg==</productImage>
    <bullet1>Time conscious bike owners can now quickly and economically wash, clean a degrease their motorcycles</bullet1>
    <bullet2>To be used in conjunction with the our 5,30 and 55 gallon drums for shop or home use</bullet2>
    <bullet3/>
    <bullet4/>
    <bullet5/>
    <bullet6/>
    <bullet7/>
    <bullet8/>
    <bullet9/>
    <bullet10/>
    <bullet11/>
    <bullet12/>
    <bullet13/>
    <bullet14/>
    <bullet15/>
    <bullet16/>
    <bullet17/>
    <bullet18/>
    <bullet19/>
    <bullet20/>
    <bullet21/>
    <bullet22/>
    <bullet23/>
    <bullet24/>
    <vendorPriceUpdateDate>2022-09-23 00:00:00</vendorPriceUpdateDate>
  </part>
  <part>
    <partNumber>37130020</partNumber>
    <punctuatedPartNumber>3713-0020</punctuatedPartNumber>
    <partStatusDescription>STANDARD</partStatusDescription>
    <partDescription>Microfiber Cloth</partDescription>
    <unitOfMeasure>Each</unitOfMeasure>
    <brandName>BIKE BRITE</brandName>
    <supplierNumber>MC59000</supplierNumber>
    <specialInstructions/>
    <baseDealerPrice>5.08</baseDealerPrice>
    <yourDealerPrice>5.08</yourDealerPrice>
    <baseRetailPrice>6.99</baseRetailPrice>
    <originalRetailPrice>7.95</originalRetailPrice>
    <partImage>http://asset.lemansnet.com/z/LzUvRi84LzVGOEY3QTY0LTA4REEtNEE3RC1CNzA1LUJDMTFCODFEMEFFMw==</partImage>
    <productId>0255226189</productId>
    <productName>Bike-Dry® Microfiber Cloth</productName>
    <productImage>http://asset.lemansnet.com/z/LzUvRi84LzVGOEY3QTY0LTA4REEtNEE3RC1CNzA1LUJDMTFCODFEMEFFMw==</productImage>
    <bullet1>Over 90,000 fibers per square inch make the Bike-Dry® Micro-Fiber Cloth the ultimate cleaning and drying cloth</bullet1>
    <bullet2>Cleans without the use of chemicals and is washable and reusable</bullet2>
    <bullet3>Won't scratch your stylish paint job and leaves a streak-free finish</bullet3>
    <bullet4/>
    <bullet5/>
    <bullet6/>
    <bullet7/>
    <bullet8/>
    <bullet9/>
    <bullet10/>
    <bullet11/>
    <bullet12/>
    <bullet13/>
    <bullet14/>
    <bullet15/>
    <bullet16/>
    <bullet17/>
    <bullet18/>
    <bullet19/>
    <bullet20/>
    <bullet21/>
    <bullet22/>
    <bullet23/>
    <bullet24/>
    <vendorPriceUpdateDate>2018-03-01 00:00:00</vendorPriceUpdateDate>
  </part>
  <part>
    <partNumber>37040070</partNumber>
    <punctuatedPartNumber>3704-0070</punctuatedPartNumber>
    <partStatusDescription>STANDARD</partStatusDescription>
    <partDescription>Ultra Cleaner/Degreaser - 1 quart</partDescription>
    <unitOfMeasure>Each</unitOfMeasure>
    <brandName>BIKE BRITE</brandName>
    <supplierNumber>MC44U</supplierNumber>
    <specialInstructions/>
    <baseDealerPrice>8.46</baseDealerPrice>
    <yourDealerPrice>8.46</yourDealerPrice>
    <baseRetailPrice>13.99</baseRetailPrice>
    <originalRetailPrice>12.25</originalRetailPrice>
    <partImage>http://asset.lemansnet.com/z/LzYvQy9BLzZDQUI2OEM0LTM5RTgtNDM0NS04MzU4LTY4MkM3ODI1Mzk0Qw==</partImage>
    <productId>0991374834</productId>
    <productName>Ultra Cleaner and Degreaser</productName>
    <productImage>http://asset.lemansnet.com/z/LzYvQy9BLzZDQUI2OEM0LTM5RTgtNDM0NS04MzU4LTY4MkM3ODI1Mzk0Qw==</productImage>
    <bullet1>Safe for any and all surfaces</bullet1>
    <bullet2>Quick and easy application</bullet2>
    <bullet3>High-cling formula penetrates most caked-on mud and clay</bullet3>
    <bullet4>Non-flammable and non-toxic</bullet4>
    <bullet5>Available in 32-ounce spray bottles, 12 per case</bullet5>
    <bullet6/>
    <bullet7/>
    <bullet8/>
    <bullet9/>
    <bullet10/>
    <bullet11/>
    <bullet12/>
    <bullet13/>
    <bullet14/>
    <bullet15/>
    <bullet16/>
    <bullet17/>
    <bullet18/>
    <bullet19/>
    <bullet20/>
    <bullet21/>
    <bullet22/>
    <bullet23/>
    <bullet24/>
    <vendorPriceUpdateDate>2018-03-01 00:00:00</vendorPriceUpdateDate>
  </part>
  <part>
    <partNumber>37040071</partNumber>
    <punctuatedPartNumber>3704-0071</punctuatedPartNumber>
    <partStatusDescription>STANDARD</partStatusDescription>
    <partDescription>Spray Wash - 1 US gallon - Refill - Bottle</partDescription>
    <unitOfMeasure>Each</unitOfMeasure>
    <brandName>BIKE BRITE</brandName>
    <supplierNumber>MC441G</supplierNumber>
    <specialInstructions/>
    <baseDealerPrice>21.49</baseDealerPrice>
    <yourDealerPrice>21.49</yourDealerPrice>
    <baseRetailPrice>34.99</baseRetailPrice>
    <originalRetailPrice>29.95</originalRetailPrice>
    <partImage>http://asset.lemansnet.com/z/L0EvQS8zL0FBMzZBN0U5LTAwMTctNEZBMS05RjM2LUFGNjEyNEY3ODFBMA==</partImage>
    <productId>1191476397</productId>
    <productName>Spray Wash Cleaner and Degreaser</productName>
    <productImage>http://asset.lemansnet.com/z/L0MvQi8xL0NCMTlBMEE3LTgwM0YtNDIyRS04NzFDLTI0QUQ4QTM1NTdFMw==</productImage>
    <bullet1>Biodegradable, non-acidic, and pH controlled</bullet1>
    <bullet2>Special brighteners help keep rust and grease from forming</bullet2>
    <bullet3>Simply spray over areas to be cleaned and rinse immediately with a forceful jet of water</bullet3>
    <bullet4>After proper rinsing, surfaces will feel smooth and squeaky clean, not oily or slippery</bullet4>
    <bullet5>Can be used on all vehicles</bullet5>
    <bullet6>Made in the USA</bullet6>
    <bullet7/>
    <bullet8/>
    <bullet9/>
    <bullet10/>
    <bullet11/>
    <bullet12/>
    <bullet13/>
    <bullet14/>
    <bullet15/>
    <bullet16/>
    <bullet17/>
    <bullet18/>
    <bullet19/>
    <bullet20/>
    <bullet21/>
    <bullet22/>
    <bullet23/>
    <bullet24/>
    <vendorPriceUpdateDate>2018-03-01 00:00:00</vendorPriceUpdateDate>
  </part>
  <part>
    <partNumber>37040136</partNumber>
    <punctuatedPartNumber>3704-0136</punctuatedPartNumber>
    <partStatusDescription>STANDARD</partStatusDescription>
    <partDescription>Spray Wash - 16.9 US fl oz. - Travel Size - Spray Bottle</partDescription>
    <unitOfMeasure>Each</unitOfMeasure>
    <brandName>BIKE BRITE</brandName>
    <supplierNumber>MC44TR</supplierNumber>
    <specialInstructions/>
    <baseDealerPrice>6.43</baseDealerPrice>
    <yourDealerPrice>6.43</yourDealerPrice>
    <baseRetailPrice>9.99</baseRetailPrice>
    <originalRetailPrice>8.95</originalRetailPrice>
    <partImage>http://asset.lemansnet.com/z/LzIvOS83LzI5NzEzOUUxLUZDNzktNDEyNi1BMTAyLUQxODgyRUUxRkMzQQ==</partImage>
    <productId>1191476397</productId>
    <productName>Spray Wash Cleaner and Degreaser</productName>
    <productImage>http://asset.lemansnet.com/z/L0MvQi8xL0NCMTlBMEE3LTgwM0YtNDIyRS04NzFDLTI0QUQ4QTM1NTdFMw==</productImage>
    <bullet1>Biodegradable, non-acidic, and pH controlled</bullet1>
    <bullet2>Special brighteners help keep rust and grease from forming</bullet2>
    <bullet3>Simply spray over areas to be cleaned and rinse immediately with a forceful jet of water</bullet3>
    <bullet4>After proper rinsing, surfaces will feel smooth and squeaky clean, not oily or slippery</bullet4>
    <bullet5>Can be used on all vehicles</bullet5>
    <bullet6>Made in the USA</bullet6>
    <bullet7/>
    <bullet8/>
    <bullet9/>
    <bullet10/>
    <bullet11/>
    <bullet12/>
    <bullet13/>
    <bullet14/>
    <bullet15/>
    <bullet16/>
    <bullet17/>
    <bullet18/>
    <bullet19/>
    <bullet20/>
    <bullet21/>
    <bullet22/>
    <bullet23/>
    <bullet24/>
    <vendorPriceUpdateDate>2018-03-01 00:00:00</vendorPriceUpdateDate>
  </part>
  <part>
    <partNumber>37040181</partNumber>
    <punctuatedPartNumber>3704-0181</punctuatedPartNumber>
    <partStatusDescription>STANDARD</partStatusDescription>
    <partDescription>Cleaner/Degreaser Spray Kit - 32 U.S. fl oz.</partDescription>
    <unitOfMeasure>Each</unitOfMeasure>
    <brandName>BIKE BRITE</brandName>
    <supplierNumber>MC44K</supplierNumber>
    <specialInstructions/>
    <baseDealerPrice>9.48</baseDealerPrice>
    <yourDealerPrice>9.48</yourDealerPrice>
    <baseRetailPrice>14.99</baseRetailPrice>
    <originalRetailPrice>13.95</originalRetailPrice>
    <partImage>http://asset.lemansnet.com/z/bWVkaWEvNWU1NzNmMjctYzIxNS00NjFmLWIwYjctODUxNWI5ZjEzM2IxLC8yL0QvMy8yRDM5QTExNC1CMDNDLTQ5MjUtQTM1OC05N0NEMTBFQThFQzY=</partImage>
    <productId>0947015820</productId>
    <productName>Cleaner and Degreaser Spray Wash Kit</productName>
    <productImage>http://asset.lemansnet.com/z/bWVkaWEvNWU1NzNmMjctYzIxNS00NjFmLWIwYjctODUxNWI5ZjEzM2Ix</productImage>
    <bullet1>Cleaning your bike is easier with biodegradable Bike Brite</bullet1>
    <bullet2>Contains special brighteners and helps prevent water spots</bullet2>
    <bullet3>Simply spray over desired areas to be cleaned and rinse immediately with a forceful jet of water</bullet3>
    <bullet4>Features an induction sealed bottle for leak prevention/protection</bullet4>
    <bullet5>Kit includes 32-ounce induction-sealed bottle of spray wash, trigger sprayer, and foam sponge</bullet5>
    <bullet6>Made in the U.S.A.</bullet6>
    <bullet7/>
    <bullet8/>
    <bullet9/>
    <bullet10/>
    <bullet11/>
    <bullet12/>
    <bullet13/>
    <bullet14/>
    <bullet15/>
    <bullet16/>
    <bullet17/>
    <bullet18/>
    <bullet19/>
    <bullet20/>
    <bullet21/>
    <bullet22/>
    <bullet23/>
    <bullet24/>
    <vendorPriceUpdateDate>2023-04-22 00:00:00</vendorPriceUpdateDate>
  </part>
  <part>
    <partNumber>MC49000D</partNumber>
    <punctuatedPartNumber>MC-49000D</punctuatedPartNumber>
    <partStatusDescription>STANDARD</partStatusDescription>
    <partDescription>Bike Wipes Travel Pack</partDescription>
    <unitOfMeasure>Each</unitOfMeasure>
    <brandName>BIKE BRITE</brandName>
    <supplierNumber>MC-49000D</supplierNumber>
    <specialInstructions/>
    <baseDealerPrice>6.35</baseDealerPrice>
    <yourDealerPrice>6.35</yourDealerPrice>
    <baseRetailPrice>8.99</baseRetailPrice>
    <originalRetailPrice>8.99</originalRetailPrice>
    <partImage>http://asset.lemansnet.com/z/L0QvRC9CL0REQjExMERDLUM5MEQtNDFDOS1BMkY5LTI1MzFGMURERTIyQQ==</partImage>
    <productId>1484390043</productId>
    <productName>Bike Wipes</productName>
    <productImage>http://asset.lemansnet.com/z/L0QvRC9CL0REQjExMERDLUM5MEQtNDFDOS1BMkY5LTI1MzFGMURERTIyQQ==</productImage>
    <bullet1>Removes dirt and bugs from windshields, painted finishes, face shields, goggles, mirrors, glasses, plastics, fiberglass and chrome</bullet1>
    <bullet2>Dries while cleaning and shining surface</bullet2>
    <bullet3>Excellent for protecting gas tank from gas spills while fueling</bullet3>
    <bullet4>Include a handy carrying case</bullet4>
    <bullet5>Six-pack pop-up display included with an order of 6</bullet5>
    <bullet6>Available in 2-ounce net wt. containers</bullet6>
    <bullet7/>
    <bullet8/>
    <bullet9/>
    <bullet10/>
    <bullet11/>
    <bullet12/>
    <bullet13/>
    <bullet14/>
    <bullet15/>
    <bullet16/>
    <bullet17/>
    <bullet18/>
    <bullet19/>
    <bullet20/>
    <bullet21/>
    <bullet22/>
    <bullet23/>
    <bullet24/>
    <vendorPriceUpdateDate>2018-03-01 00:00:00</vendorPriceUpdateDate>
  </part>
  <part>
    <partNumber>38500411</partNumber>
    <punctuatedPartNumber>3850-0411</punctuatedPartNumber>
    <partStatusDescription>STANDARD</partStatusDescription>
    <partDescription>Pump Drum</partDescription>
    <unitOfMeasure>Each</unitOfMeasure>
    <brandName>BIKE BRITE</brandName>
    <supplierNumber>MC44DP55G</supplierNumber>
    <specialInstructions/>
    <baseDealerPrice>21.98</baseDealerPrice>
    <yourDealerPrice>21.98</yourDealerPrice>
    <baseRetailPrice>32.09</baseRetailPrice>
    <originalRetailPrice>32.95</originalRetailPrice>
    <partImage>http://asset.lemansnet.com/z/L0EvQy83L0FDN0VEODE0LUFDRTktNEQ3MC1BMEFDLTA2RDRFRjUzNEIzNw==</partImage>
    <productId>0045191737</productId>
    <productName>Drum Pump</productName>
    <productImage>http://asset.lemansnet.com/z/L0EvQy83L0FDN0VEODE0LUFDRTktNEQ3MC1BMEFDLTA2RDRFRjUzNEIzNw==</productImage>
    <bullet1>Bike Brite® Drum Pump is to be used with the specially designed shop program to help dealers and individuals save time and money</bullet1>
    <bullet2>Drum Pump attaches to Hydro Foamer Spray and pumps washing fluid into sprayer</bullet2>
    <bullet3/>
    <bullet4/>
    <bullet5/>
    <bullet6/>
    <bullet7/>
    <bullet8/>
    <bullet9/>
    <bullet10/>
    <bullet11/>
    <bullet12/>
    <bullet13/>
    <bullet14/>
    <bullet15/>
    <bullet16/>
    <bullet17/>
    <bullet18/>
    <bullet19/>
    <bullet20/>
    <bullet21/>
    <bullet22/>
    <bullet23/>
    <bullet24/>
    <vendorPriceUpdateDate>2017-09-27 00:00:00</vendorPriceUpdateDate>
  </part>
</root>
