<root>
  <part>
    <partNumber>21040184</partNumber>
    <punctuatedPartNumber>2104-0184</punctuatedPartNumber>
    <partStatusDescription>STANDARD</partStatusDescription>
    <partDescription>Spark Plug Wire Set - 8mm - '07+ XL</partDescription>
    <unitOfMeasure>Pair</unitOfMeasure>
    <brandName>BLUE STREAK</brandName>
    <supplierNumber>MC-SPW16</supplierNumber>
    <specialInstructions/>
    <baseDealerPrice>18.20</baseDealerPrice>
    <yourDealerPrice>18.20</yourDealerPrice>
    <baseRetailPrice>27.95</baseRetailPrice>
    <originalRetailPrice>26.95</originalRetailPrice>
    <partImage>http://asset.lemansnet.com/z/L0MvOS8zL0M5MzYzMTIwLTc1QjYtNEYwOC1BOEUyLTQ4NDgzODBBQTBFNQ==</partImage>
    <productId>1696424048</productId>
    <productName>XXX 8 mm Spark Plug Wire</productName>
    <productImage>http://asset.lemansnet.com/z/L0EvMi82L0EyNkFGNUY5LTA5QTQtNERGMS04QzBFLTFENTRBNjUwRTZERA==</productImage>
    <bullet1>Triple silicone construction through jacket, insulation and core for higher heat-resistance</bullet1>
    <bullet2>Continuous operating temperature of 450°F</bullet2>
    <bullet3>Made in the U.S.A.</bullet3>
    <bullet4/>
    <bullet5/>
    <bullet6/>
    <bullet7/>
    <bullet8/>
    <bullet9/>
    <bullet10/>
    <bullet11/>
    <bullet12/>
    <bullet13/>
    <bullet14/>
    <bullet15/>
    <bullet16/>
    <bullet17/>
    <bullet18/>
    <bullet19/>
    <bullet20/>
    <bullet21/>
    <bullet22/>
    <bullet23/>
    <bullet24/>
    <vendorPriceUpdateDate>2023-04-22 00:00:00</vendorPriceUpdateDate>
  </part>
  <part>
    <partNumber>21040008</partNumber>
    <punctuatedPartNumber>2104-0008</punctuatedPartNumber>
    <partStatusDescription>STANDARD</partStatusDescription>
    <partDescription>Spark Plug Wire Set - 8mm - Universal</partDescription>
    <unitOfMeasure>Set</unitOfMeasure>
    <brandName>BLUE STREAK</brandName>
    <supplierNumber>MC-SPW14</supplierNumber>
    <specialInstructions/>
    <baseDealerPrice>36.60</baseDealerPrice>
    <yourDealerPrice>36.60</yourDealerPrice>
    <baseRetailPrice>56.95</baseRetailPrice>
    <originalRetailPrice>53.95</originalRetailPrice>
    <partImage>http://asset.lemansnet.com/z/L0EvMi82L0EyNkFGNUY5LTA5QTQtNERGMS04QzBFLTFENTRBNjUwRTZERA==</partImage>
    <productId>1696424048</productId>
    <productName>XXX 8 mm Spark Plug Wire</productName>
    <productImage>http://asset.lemansnet.com/z/L0EvMi82L0EyNkFGNUY5LTA5QTQtNERGMS04QzBFLTFENTRBNjUwRTZERA==</productImage>
    <bullet1>Triple silicone construction through jacket, insulation and core for higher heat-resistance</bullet1>
    <bullet2>Continuous operating temperature of 450°F</bullet2>
    <bullet3>Made in the U.S.A.</bullet3>
    <bullet4/>
    <bullet5/>
    <bullet6/>
    <bullet7/>
    <bullet8/>
    <bullet9/>
    <bullet10/>
    <bullet11/>
    <bullet12/>
    <bullet13/>
    <bullet14/>
    <bullet15/>
    <bullet16/>
    <bullet17/>
    <bullet18/>
    <bullet19/>
    <bullet20/>
    <bullet21/>
    <bullet22/>
    <bullet23/>
    <bullet24/>
    <vendorPriceUpdateDate>2023-04-22 00:00:00</vendorPriceUpdateDate>
  </part>
  <part>
    <partNumber>21040183</partNumber>
    <punctuatedPartNumber>2104-0183</punctuatedPartNumber>
    <partStatusDescription>STANDARD</partStatusDescription>
    <partDescription>Spark Plug Wire Set - 8mm - '04-'06 XL</partDescription>
    <unitOfMeasure>Pair</unitOfMeasure>
    <brandName>BLUE STREAK</brandName>
    <supplierNumber>MC-SPW15</supplierNumber>
    <specialInstructions/>
    <baseDealerPrice>18.20</baseDealerPrice>
    <yourDealerPrice>18.20</yourDealerPrice>
    <baseRetailPrice>27.95</baseRetailPrice>
    <originalRetailPrice>26.95</originalRetailPrice>
    <partImage>http://asset.lemansnet.com/z/L0MvMi84L0MyOEZBMjY2LTg5QzAtNDQxNS04OEVBLTNDNEI4MzAzQzNDMA==</partImage>
    <productId>1696424048</productId>
    <productName>XXX 8 mm Spark Plug Wire</productName>
    <productImage>http://asset.lemansnet.com/z/L0EvMi82L0EyNkFGNUY5LTA5QTQtNERGMS04QzBFLTFENTRBNjUwRTZERA==</productImage>
    <bullet1>Triple silicone construction through jacket, insulation and core for higher heat-resistance</bullet1>
    <bullet2>Continuous operating temperature of 450°F</bullet2>
    <bullet3>Made in the U.S.A.</bullet3>
    <bullet4/>
    <bullet5/>
    <bullet6/>
    <bullet7/>
    <bullet8/>
    <bullet9/>
    <bullet10/>
    <bullet11/>
    <bullet12/>
    <bullet13/>
    <bullet14/>
    <bullet15/>
    <bullet16/>
    <bullet17/>
    <bullet18/>
    <bullet19/>
    <bullet20/>
    <bullet21/>
    <bullet22/>
    <bullet23/>
    <bullet24/>
    <vendorPriceUpdateDate>2023-04-22 00:00:00</vendorPriceUpdateDate>
  </part>
  <part>
    <partNumber>21040298</partNumber>
    <punctuatedPartNumber>2104-0298</punctuatedPartNumber>
    <partStatusDescription>STANDARD</partStatusDescription>
    <partDescription>Spark Plug Wires - 8 mm - Victory</partDescription>
    <unitOfMeasure>Pair</unitOfMeasure>
    <brandName>BLUE STREAK</brandName>
    <supplierNumber>MC-SPW19</supplierNumber>
    <specialInstructions/>
    <baseDealerPrice>31.20</baseDealerPrice>
    <yourDealerPrice>31.20</yourDealerPrice>
    <baseRetailPrice>47.95</baseRetailPrice>
    <originalRetailPrice>44.95</originalRetailPrice>
    <partImage>http://asset.lemansnet.com/z/LzkvQi8xLzlCMTgzREE1LTYyMkMtNDFBRC1BNjEzLTUxNDk0Rjk4N0Y1OA==</partImage>
    <productId>1638906333</productId>
    <productName>XXX 8 mm Spark Plug Wire Set</productName>
    <productImage>http://asset.lemansnet.com/z/LzkvQi8xLzlCMTgzREE1LTYyMkMtNDFBRC1BNjEzLTUxNDk0Rjk4N0Y1OA==</productImage>
    <bullet1>Triple silicone construction through jacket, insulation and core for higher heat-resistance</bullet1>
    <bullet2>Continuous operating temperature of 450°F</bullet2>
    <bullet3>Made in the USA</bullet3>
    <bullet4/>
    <bullet5/>
    <bullet6/>
    <bullet7/>
    <bullet8/>
    <bullet9/>
    <bullet10/>
    <bullet11/>
    <bullet12/>
    <bullet13/>
    <bullet14/>
    <bullet15/>
    <bullet16/>
    <bullet17/>
    <bullet18/>
    <bullet19/>
    <bullet20/>
    <bullet21/>
    <bullet22/>
    <bullet23/>
    <bullet24/>
    <vendorPriceUpdateDate>2023-04-22 00:00:00</vendorPriceUpdateDate>
  </part>
  <part>
    <partNumber>DS325651</partNumber>
    <punctuatedPartNumber>DS-325651</punctuatedPartNumber>
    <partStatusDescription>STANDARD</partStatusDescription>
    <partDescription>Relay Switch - Starter - Harley Davidson</partDescription>
    <unitOfMeasure>Each</unitOfMeasure>
    <brandName>BLUE STREAK</brandName>
    <supplierNumber>MC-SS598X</supplierNumber>
    <specialInstructions>BLACK FINISH 02LND</specialInstructions>
    <baseDealerPrice>25.40</baseDealerPrice>
    <yourDealerPrice>25.40</yourDealerPrice>
    <baseRetailPrice>39.95</baseRetailPrice>
    <originalRetailPrice>38.95</originalRetailPrice>
    <partImage>http://asset.lemansnet.com/z/LzAvMS8xLzAxMUQzNkZGLUYzRTktNDVEQy1CQjQ5LTg4MDI4N0M1N0REMw==</partImage>
    <productId>1085170122</productId>
    <productName>Starter Relay Switch</productName>
    <productImage>http://asset.lemansnet.com/z/LzAvMS8xLzAxMUQzNkZGLUYzRTktNDVEQy1CQjQ5LTg4MDI4N0M1N0REMw==</productImage>
    <bullet1>Features a copper-plated bracket for improved ground connection</bullet1>
    <bullet2>Impact-resistant, high-dielectric strength case</bullet2>
    <bullet3>Magnetic circuit with increased strength for better starting in weak battery conditions</bullet3>
    <bullet4/>
    <bullet5/>
    <bullet6/>
    <bullet7/>
    <bullet8/>
    <bullet9/>
    <bullet10/>
    <bullet11/>
    <bullet12/>
    <bullet13/>
    <bullet14/>
    <bullet15/>
    <bullet16/>
    <bullet17/>
    <bullet18/>
    <bullet19/>
    <bullet20/>
    <bullet21/>
    <bullet22/>
    <bullet23/>
    <bullet24/>
    <vendorPriceUpdateDate>2022-10-24 00:00:00</vendorPriceUpdateDate>
  </part>
  <part>
    <partNumber>DS242166</partNumber>
    <punctuatedPartNumber>DS242166</punctuatedPartNumber>
    <partStatusDescription>STANDARD</partStatusDescription>
    <partDescription>Copper Spark Plug Wire Set - '65-E'78 FX/XL</partDescription>
    <unitOfMeasure>Pair</unitOfMeasure>
    <brandName>BLUE STREAK</brandName>
    <supplierNumber>MC-SPW3</supplierNumber>
    <specialInstructions/>
    <baseDealerPrice>18.20</baseDealerPrice>
    <yourDealerPrice>18.20</yourDealerPrice>
    <baseRetailPrice>27.95</baseRetailPrice>
    <originalRetailPrice>26.95</originalRetailPrice>
    <partImage>http://asset.lemansnet.com/z/LzAvNS83LzA1NzVBQjZELUI4RkItNEJCRi04Mzg1LUQ3N0M4M0NGNjUyQg==</partImage>
    <productId>0336144203</productId>
    <productName>Copper Core XXX 8 mm Spark Plug Wire</productName>
    <productImage>http://asset.lemansnet.com/z/L0MvRC83L0NENzU4ODAyLTYzQ0UtNDk4Ri1CRTAwLTJCNkI1NTNDMTNCMw==</productImage>
    <bullet1>Copper core wire for bikes with points type ignitions</bullet1>
    <bullet2>Continuous operating temperature of 450°F</bullet2>
    <bullet3>Made in the U.S.A.</bullet3>
    <bullet4/>
    <bullet5/>
    <bullet6/>
    <bullet7/>
    <bullet8/>
    <bullet9/>
    <bullet10/>
    <bullet11/>
    <bullet12/>
    <bullet13/>
    <bullet14/>
    <bullet15/>
    <bullet16/>
    <bullet17/>
    <bullet18/>
    <bullet19/>
    <bullet20/>
    <bullet21/>
    <bullet22/>
    <bullet23/>
    <bullet24/>
    <vendorPriceUpdateDate>2023-04-22 00:00:00</vendorPriceUpdateDate>
  </part>
  <part>
    <partNumber>DS242191</partNumber>
    <punctuatedPartNumber>DS242191</punctuatedPartNumber>
    <partStatusDescription>STANDARD</partStatusDescription>
    <partDescription>Spark Plug Wire Set - 8mm - FXD</partDescription>
    <unitOfMeasure>Pair</unitOfMeasure>
    <brandName>BLUE STREAK</brandName>
    <supplierNumber>MC-SPW11</supplierNumber>
    <specialInstructions/>
    <baseDealerPrice>22.30</baseDealerPrice>
    <yourDealerPrice>22.30</yourDealerPrice>
    <baseRetailPrice>34.95</baseRetailPrice>
    <originalRetailPrice>32.95</originalRetailPrice>
    <partImage>http://asset.lemansnet.com/z/L0IvMC83L0IwNzZDNkNDLTBFRjAtNDg3NC1CNkYwLUMzNTQwNkY0RkVEOSwvQS9ELzYvQUQ2REQ4Q0QtNkM1OC00NUM0LUJCODMtMUJBNDlGMTMyRkEw</partImage>
    <productId>1696424048</productId>
    <productName>XXX 8 mm Spark Plug Wire</productName>
    <productImage>http://asset.lemansnet.com/z/L0EvMi82L0EyNkFGNUY5LTA5QTQtNERGMS04QzBFLTFENTRBNjUwRTZERA==</productImage>
    <bullet1>Triple silicone construction through jacket, insulation and core for higher heat-resistance</bullet1>
    <bullet2>Continuous operating temperature of 450°F</bullet2>
    <bullet3>Made in the U.S.A.</bullet3>
    <bullet4/>
    <bullet5/>
    <bullet6/>
    <bullet7/>
    <bullet8/>
    <bullet9/>
    <bullet10/>
    <bullet11/>
    <bullet12/>
    <bullet13/>
    <bullet14/>
    <bullet15/>
    <bullet16/>
    <bullet17/>
    <bullet18/>
    <bullet19/>
    <bullet20/>
    <bullet21/>
    <bullet22/>
    <bullet23/>
    <bullet24/>
    <vendorPriceUpdateDate>2023-04-22 00:00:00</vendorPriceUpdateDate>
  </part>
  <part>
    <partNumber>DS242193</partNumber>
    <punctuatedPartNumber>DS242193</punctuatedPartNumber>
    <partStatusDescription>STANDARD</partStatusDescription>
    <partDescription>Spark Plug Wire Set - 8mm - FXR</partDescription>
    <unitOfMeasure>Pair</unitOfMeasure>
    <brandName>BLUE STREAK</brandName>
    <supplierNumber>MC-SPW7</supplierNumber>
    <specialInstructions/>
    <baseDealerPrice>18.60</baseDealerPrice>
    <yourDealerPrice>18.60</yourDealerPrice>
    <baseRetailPrice>28.95</baseRetailPrice>
    <originalRetailPrice>27.95</originalRetailPrice>
    <partImage>http://asset.lemansnet.com/z/LzQvQS81LzRBNTE5NjY4LTFDMEEtNDE5QS1CNkYxLURGRDMyQzk0NjUyRQ==</partImage>
    <productId>1696424048</productId>
    <productName>XXX 8 mm Spark Plug Wire</productName>
    <productImage>http://asset.lemansnet.com/z/L0EvMi82L0EyNkFGNUY5LTA5QTQtNERGMS04QzBFLTFENTRBNjUwRTZERA==</productImage>
    <bullet1>Triple silicone construction through jacket, insulation and core for higher heat-resistance</bullet1>
    <bullet2>Continuous operating temperature of 450°F</bullet2>
    <bullet3>Made in the U.S.A.</bullet3>
    <bullet4/>
    <bullet5/>
    <bullet6/>
    <bullet7/>
    <bullet8/>
    <bullet9/>
    <bullet10/>
    <bullet11/>
    <bullet12/>
    <bullet13/>
    <bullet14/>
    <bullet15/>
    <bullet16/>
    <bullet17/>
    <bullet18/>
    <bullet19/>
    <bullet20/>
    <bullet21/>
    <bullet22/>
    <bullet23/>
    <bullet24/>
    <vendorPriceUpdateDate>2023-04-22 00:00:00</vendorPriceUpdateDate>
  </part>
  <part>
    <partNumber>DS242194</partNumber>
    <punctuatedPartNumber>DS242194</punctuatedPartNumber>
    <partStatusDescription>STANDARD</partStatusDescription>
    <partDescription>Spark Plug Wire Set - 8mm - XL</partDescription>
    <unitOfMeasure>Pair</unitOfMeasure>
    <brandName>BLUE STREAK</brandName>
    <supplierNumber>MC-SPW8</supplierNumber>
    <specialInstructions/>
    <baseDealerPrice>18.60</baseDealerPrice>
    <yourDealerPrice>18.60</yourDealerPrice>
    <baseRetailPrice>28.95</baseRetailPrice>
    <originalRetailPrice>27.95</originalRetailPrice>
    <partImage>http://asset.lemansnet.com/z/L0IvMy8wL0IzMDA2RjBDLTEzRjctNEE0Qy04RkU1LUI0RTZFQjREOTkxRCwvNS8yLzYvNTI2REM0NjAtMjk3NC00NUJDLUJGQkMtRkQyNTI1NjJCMUNF</partImage>
    <productId>1696424048</productId>
    <productName>XXX 8 mm Spark Plug Wire</productName>
    <productImage>http://asset.lemansnet.com/z/L0EvMi82L0EyNkFGNUY5LTA5QTQtNERGMS04QzBFLTFENTRBNjUwRTZERA==</productImage>
    <bullet1>Triple silicone construction through jacket, insulation and core for higher heat-resistance</bullet1>
    <bullet2>Continuous operating temperature of 450°F</bullet2>
    <bullet3>Made in the U.S.A.</bullet3>
    <bullet4/>
    <bullet5/>
    <bullet6/>
    <bullet7/>
    <bullet8/>
    <bullet9/>
    <bullet10/>
    <bullet11/>
    <bullet12/>
    <bullet13/>
    <bullet14/>
    <bullet15/>
    <bullet16/>
    <bullet17/>
    <bullet18/>
    <bullet19/>
    <bullet20/>
    <bullet21/>
    <bullet22/>
    <bullet23/>
    <bullet24/>
    <vendorPriceUpdateDate>2023-04-22 00:00:00</vendorPriceUpdateDate>
  </part>
  <part>
    <partNumber>DS242195</partNumber>
    <punctuatedPartNumber>DS242195</punctuatedPartNumber>
    <partStatusDescription>STANDARD</partStatusDescription>
    <partDescription>Spark Plug Wire Set - 8mm - FL</partDescription>
    <unitOfMeasure>Pair</unitOfMeasure>
    <brandName>BLUE STREAK</brandName>
    <supplierNumber>MC-SPW9</supplierNumber>
    <specialInstructions/>
    <baseDealerPrice>18.60</baseDealerPrice>
    <yourDealerPrice>18.60</yourDealerPrice>
    <baseRetailPrice>28.95</baseRetailPrice>
    <originalRetailPrice>27.95</originalRetailPrice>
    <partImage>http://asset.lemansnet.com/z/LzAvQi8zLzBCMzc5Q0JBLThEMUEtNDhERi05MEZDLTA4OURFMUUwNjdFRCwvQi8xL0IvQjFCNDJGQzUtN0Q3MS00MDg2LUFDMkItNTkyNjJDMjQ2MDAz</partImage>
    <productId>1696424048</productId>
    <productName>XXX 8 mm Spark Plug Wire</productName>
    <productImage>http://asset.lemansnet.com/z/L0EvMi82L0EyNkFGNUY5LTA5QTQtNERGMS04QzBFLTFENTRBNjUwRTZERA==</productImage>
    <bullet1>Triple silicone construction through jacket, insulation and core for higher heat-resistance</bullet1>
    <bullet2>Continuous operating temperature of 450°F</bullet2>
    <bullet3>Made in the U.S.A.</bullet3>
    <bullet4/>
    <bullet5/>
    <bullet6/>
    <bullet7/>
    <bullet8/>
    <bullet9/>
    <bullet10/>
    <bullet11/>
    <bullet12/>
    <bullet13/>
    <bullet14/>
    <bullet15/>
    <bullet16/>
    <bullet17/>
    <bullet18/>
    <bullet19/>
    <bullet20/>
    <bullet21/>
    <bullet22/>
    <bullet23/>
    <bullet24/>
    <vendorPriceUpdateDate>2023-04-22 00:00:00</vendorPriceUpdateDate>
  </part>
  <part>
    <partNumber>DS242217</partNumber>
    <punctuatedPartNumber>DS242217</punctuatedPartNumber>
    <partStatusDescription>STANDARD</partStatusDescription>
    <partDescription>Spark Plug Wire Set - 8mm - Softail</partDescription>
    <unitOfMeasure>Pair</unitOfMeasure>
    <brandName>BLUE STREAK</brandName>
    <supplierNumber>MC-SPW13</supplierNumber>
    <specialInstructions/>
    <baseDealerPrice>23.70</baseDealerPrice>
    <yourDealerPrice>23.70</yourDealerPrice>
    <baseRetailPrice>36.95</baseRetailPrice>
    <originalRetailPrice>34.95</originalRetailPrice>
    <partImage>http://asset.lemansnet.com/z/L0EvQS8wL0FBMEIwM0JELUQyQjEtNDNCNC05M0RFLTY4MUEyNTRBRjE1RSwvMS80L0IvMTRCOTY5MEMtRUM4Ny00MzlBLThCMDUtNjIxRjJFREM2MkY1</partImage>
    <productId>1696424048</productId>
    <productName>XXX 8 mm Spark Plug Wire</productName>
    <productImage>http://asset.lemansnet.com/z/L0EvMi82L0EyNkFGNUY5LTA5QTQtNERGMS04QzBFLTFENTRBNjUwRTZERA==</productImage>
    <bullet1>Triple silicone construction through jacket, insulation and core for higher heat-resistance</bullet1>
    <bullet2>Continuous operating temperature of 450°F</bullet2>
    <bullet3>Made in the U.S.A.</bullet3>
    <bullet4/>
    <bullet5/>
    <bullet6/>
    <bullet7/>
    <bullet8/>
    <bullet9/>
    <bullet10/>
    <bullet11/>
    <bullet12/>
    <bullet13/>
    <bullet14/>
    <bullet15/>
    <bullet16/>
    <bullet17/>
    <bullet18/>
    <bullet19/>
    <bullet20/>
    <bullet21/>
    <bullet22/>
    <bullet23/>
    <bullet24/>
    <vendorPriceUpdateDate>2023-04-22 00:00:00</vendorPriceUpdateDate>
  </part>
  <part>
    <partNumber>DS242403</partNumber>
    <punctuatedPartNumber>DS-242403</punctuatedPartNumber>
    <partStatusDescription>STANDARD</partStatusDescription>
    <partDescription>Points and Condenser - Harley Davidson</partDescription>
    <unitOfMeasure>Each</unitOfMeasure>
    <brandName>BLUE STREAK</brandName>
    <supplierNumber>H/D-KIT1</supplierNumber>
    <specialInstructions/>
    <baseDealerPrice>19.30</baseDealerPrice>
    <yourDealerPrice>19.30</yourDealerPrice>
    <baseRetailPrice>29.95</baseRetailPrice>
    <originalRetailPrice>28.95</originalRetailPrice>
    <partImage>http://asset.lemansnet.com/z/LzUvNC9BLzU0QTc3RkFGLUU0ODYtNDJDNy04MDMwLTcwOTMzOTBDQUM4Qg==</partImage>
    <productId>1560607003</productId>
    <productName>High-Performance Points and Condenser</productName>
    <productImage>http://asset.lemansnet.com/z/LzUvNC9BLzU0QTc3RkFGLUU0ODYtNDJDNy04MDMwLTcwOTMzOTBDQUM4Qg==</productImage>
    <bullet1>Heavy-duty construction</bullet1>
    <bullet2>High performance</bullet2>
    <bullet3>Superior to OEM points and condenser</bullet3>
    <bullet4>Oversized ventilated contacts and copper shunts</bullet4>
    <bullet5/>
    <bullet6/>
    <bullet7/>
    <bullet8/>
    <bullet9/>
    <bullet10/>
    <bullet11/>
    <bullet12/>
    <bullet13/>
    <bullet14/>
    <bullet15/>
    <bullet16/>
    <bullet17/>
    <bullet18/>
    <bullet19/>
    <bullet20/>
    <bullet21/>
    <bullet22/>
    <bullet23/>
    <bullet24/>
    <vendorPriceUpdateDate>2023-04-22 00:00:00</vendorPriceUpdateDate>
  </part>
  <part>
    <partNumber>DS242404</partNumber>
    <punctuatedPartNumber>DS-242404</punctuatedPartNumber>
    <partStatusDescription>STANDARD</partStatusDescription>
    <partDescription>Points - Harley Davidson</partDescription>
    <unitOfMeasure>Each</unitOfMeasure>
    <brandName>BLUE STREAK</brandName>
    <supplierNumber>MC-DR2240X</supplierNumber>
    <specialInstructions/>
    <baseDealerPrice>12.60</baseDealerPrice>
    <yourDealerPrice>12.60</yourDealerPrice>
    <baseRetailPrice>19.95</baseRetailPrice>
    <originalRetailPrice>19.95</originalRetailPrice>
    <partImage>http://asset.lemansnet.com/z/L0UvNy80L0U3NEM0Q0Q4LTk4MUYtNDUzQi1BMjI1LTlFODkzNTE4OUMwQQ==</partImage>
    <productId>2051691833</productId>
    <productName>High-Performance Points</productName>
    <productImage>http://asset.lemansnet.com/z/LzUvNC9BLzU0QTc3RkFGLUU0ODYtNDJDNy04MDMwLTcwOTMzOTBDQUM4Qg==</productImage>
    <bullet1>Heavy-duty construction</bullet1>
    <bullet2>High performance</bullet2>
    <bullet3/>
    <bullet4/>
    <bullet5/>
    <bullet6/>
    <bullet7/>
    <bullet8/>
    <bullet9/>
    <bullet10/>
    <bullet11/>
    <bullet12/>
    <bullet13/>
    <bullet14/>
    <bullet15/>
    <bullet16/>
    <bullet17/>
    <bullet18/>
    <bullet19/>
    <bullet20/>
    <bullet21/>
    <bullet22/>
    <bullet23/>
    <bullet24/>
    <vendorPriceUpdateDate>2022-10-24 00:00:00</vendorPriceUpdateDate>
  </part>
  <part>
    <partNumber>DS242164</partNumber>
    <punctuatedPartNumber>DS242164</punctuatedPartNumber>
    <partStatusDescription>STANDARD</partStatusDescription>
    <partDescription>Copper Core 8mm Spark Plug Wire Set - '58-'69 XL W/Mag</partDescription>
    <unitOfMeasure>Pair</unitOfMeasure>
    <brandName>BLUE STREAK</brandName>
    <supplierNumber>MC-SPW1</supplierNumber>
    <specialInstructions/>
    <baseDealerPrice>18.10</baseDealerPrice>
    <yourDealerPrice>18.10</yourDealerPrice>
    <baseRetailPrice>27.95</baseRetailPrice>
    <originalRetailPrice>26.95</originalRetailPrice>
    <partImage>http://asset.lemansnet.com/z/LzcvRS84LzdFOEYyMTFCLUVBNDktNDEwMy1CQTBGLUYzRkIwNkMyQTZEOQ==</partImage>
    <productId>1649758608</productId>
    <productName>Copper Core XXX 8 mm Spark Plug Wire</productName>
    <productImage>http://asset.lemansnet.com/z/L0MvRC83L0NENzU4ODAyLTYzQ0UtNDk4Ri1CRTAwLTJCNkI1NTNDMTNCMw==</productImage>
    <bullet1>Copper core wire sets for bikes with magneto or points type ignitions</bullet1>
    <bullet2>Continuous operating temperature of 450°F</bullet2>
    <bullet3>Made in the USA</bullet3>
    <bullet4/>
    <bullet5/>
    <bullet6/>
    <bullet7/>
    <bullet8/>
    <bullet9/>
    <bullet10/>
    <bullet11/>
    <bullet12/>
    <bullet13/>
    <bullet14/>
    <bullet15/>
    <bullet16/>
    <bullet17/>
    <bullet18/>
    <bullet19/>
    <bullet20/>
    <bullet21/>
    <bullet22/>
    <bullet23/>
    <bullet24/>
    <vendorPriceUpdateDate>2023-04-22 00:00:00</vendorPriceUpdateDate>
  </part>
  <part>
    <partNumber>DS242165</partNumber>
    <punctuatedPartNumber>DS242165</punctuatedPartNumber>
    <partStatusDescription>STANDARD</partStatusDescription>
    <partDescription>Copper Core 8mm Spark Plug Wire Set - '71-E'78 XL</partDescription>
    <unitOfMeasure>Pair</unitOfMeasure>
    <brandName>BLUE STREAK</brandName>
    <supplierNumber>MC-SPW2</supplierNumber>
    <specialInstructions/>
    <baseDealerPrice>18.20</baseDealerPrice>
    <yourDealerPrice>18.20</yourDealerPrice>
    <baseRetailPrice>27.95</baseRetailPrice>
    <originalRetailPrice>26.95</originalRetailPrice>
    <partImage>http://asset.lemansnet.com/z/LzUvNC9FLzU0RTMwRjcxLTU0NEEtNEU0RC1BREU5LTQ5Nzg2QzVDNjJDMA==</partImage>
    <productId>1649758608</productId>
    <productName>Copper Core XXX 8 mm Spark Plug Wire</productName>
    <productImage>http://asset.lemansnet.com/z/L0MvRC83L0NENzU4ODAyLTYzQ0UtNDk4Ri1CRTAwLTJCNkI1NTNDMTNCMw==</productImage>
    <bullet1>Copper core wire sets for bikes with magneto or points type ignitions</bullet1>
    <bullet2>Continuous operating temperature of 450°F</bullet2>
    <bullet3>Made in the USA</bullet3>
    <bullet4/>
    <bullet5/>
    <bullet6/>
    <bullet7/>
    <bullet8/>
    <bullet9/>
    <bullet10/>
    <bullet11/>
    <bullet12/>
    <bullet13/>
    <bullet14/>
    <bullet15/>
    <bullet16/>
    <bullet17/>
    <bullet18/>
    <bullet19/>
    <bullet20/>
    <bullet21/>
    <bullet22/>
    <bullet23/>
    <bullet24/>
    <vendorPriceUpdateDate>2023-04-22 00:00:00</vendorPriceUpdateDate>
  </part>
  <part>
    <partNumber>DS242167</partNumber>
    <punctuatedPartNumber>DS242167</punctuatedPartNumber>
    <partStatusDescription>STANDARD</partStatusDescription>
    <partDescription>Spark Plug Wire Set - 8mm - 40" - Universal</partDescription>
    <unitOfMeasure>Each</unitOfMeasure>
    <brandName>BLUE STREAK</brandName>
    <supplierNumber>MC-SPW4</supplierNumber>
    <specialInstructions/>
    <baseDealerPrice>18.80</baseDealerPrice>
    <yourDealerPrice>18.80</yourDealerPrice>
    <baseRetailPrice>28.95</baseRetailPrice>
    <originalRetailPrice>28.95</originalRetailPrice>
    <partImage>http://asset.lemansnet.com/z/LzkvOS82Lzk5NjY5QzMwLTQyRkItNDlGOS04RUM0LUU2NDE1NzE3Rjc2Mw==</partImage>
    <productId>1696424048</productId>
    <productName>XXX 8 mm Spark Plug Wire</productName>
    <productImage>http://asset.lemansnet.com/z/L0EvMi82L0EyNkFGNUY5LTA5QTQtNERGMS04QzBFLTFENTRBNjUwRTZERA==</productImage>
    <bullet1>Triple silicone construction through jacket, insulation and core for higher heat-resistance</bullet1>
    <bullet2>Continuous operating temperature of 450°F</bullet2>
    <bullet3>Made in the U.S.A.</bullet3>
    <bullet4/>
    <bullet5/>
    <bullet6/>
    <bullet7/>
    <bullet8/>
    <bullet9/>
    <bullet10/>
    <bullet11/>
    <bullet12/>
    <bullet13/>
    <bullet14/>
    <bullet15/>
    <bullet16/>
    <bullet17/>
    <bullet18/>
    <bullet19/>
    <bullet20/>
    <bullet21/>
    <bullet22/>
    <bullet23/>
    <bullet24/>
    <vendorPriceUpdateDate>2023-04-22 00:00:00</vendorPriceUpdateDate>
  </part>
  <part>
    <partNumber>DS242168</partNumber>
    <punctuatedPartNumber>DS242168</punctuatedPartNumber>
    <partStatusDescription>STANDARD</partStatusDescription>
    <partDescription>Spark Plug Wire Set - 8mm - Softail</partDescription>
    <unitOfMeasure>Pair</unitOfMeasure>
    <brandName>BLUE STREAK</brandName>
    <supplierNumber>MC-SPW5</supplierNumber>
    <specialInstructions/>
    <baseDealerPrice>18.60</baseDealerPrice>
    <yourDealerPrice>18.60</yourDealerPrice>
    <baseRetailPrice>28.95</baseRetailPrice>
    <originalRetailPrice>27.95</originalRetailPrice>
    <partImage>http://asset.lemansnet.com/z/LzgvOC8yLzg4MjA2MTJELTU0ODAtNDMyNC1CQTVCLUMyODhDNzA1NDYzNw==</partImage>
    <productId>1696424048</productId>
    <productName>XXX 8 mm Spark Plug Wire</productName>
    <productImage>http://asset.lemansnet.com/z/L0EvMi82L0EyNkFGNUY5LTA5QTQtNERGMS04QzBFLTFENTRBNjUwRTZERA==</productImage>
    <bullet1>Triple silicone construction through jacket, insulation and core for higher heat-resistance</bullet1>
    <bullet2>Continuous operating temperature of 450°F</bullet2>
    <bullet3>Made in the U.S.A.</bullet3>
    <bullet4/>
    <bullet5/>
    <bullet6/>
    <bullet7/>
    <bullet8/>
    <bullet9/>
    <bullet10/>
    <bullet11/>
    <bullet12/>
    <bullet13/>
    <bullet14/>
    <bullet15/>
    <bullet16/>
    <bullet17/>
    <bullet18/>
    <bullet19/>
    <bullet20/>
    <bullet21/>
    <bullet22/>
    <bullet23/>
    <bullet24/>
    <vendorPriceUpdateDate>2023-04-22 00:00:00</vendorPriceUpdateDate>
  </part>
  <part>
    <partNumber>DS242169</partNumber>
    <punctuatedPartNumber>DS242169</punctuatedPartNumber>
    <partStatusDescription>STANDARD</partStatusDescription>
    <partDescription>Spark Plug Wire Set - 8mm - FL</partDescription>
    <unitOfMeasure>Pair</unitOfMeasure>
    <brandName>BLUE STREAK</brandName>
    <supplierNumber>MC-SPW6</supplierNumber>
    <specialInstructions/>
    <baseDealerPrice>18.60</baseDealerPrice>
    <yourDealerPrice>18.60</yourDealerPrice>
    <baseRetailPrice>28.95</baseRetailPrice>
    <originalRetailPrice>27.95</originalRetailPrice>
    <partImage>http://asset.lemansnet.com/z/L0MvNi80L0M2NDEwMTk5LTg4NEYtNDVCMy05NkUzLURBNkU5NDk1RkZDOCwvNC8wL0EvNDBBNEFCQTYtOERBNy00RENCLUJCQ0MtQ0QyM0RBQjM2QjhF</partImage>
    <productId>1696424048</productId>
    <productName>XXX 8 mm Spark Plug Wire</productName>
    <productImage>http://asset.lemansnet.com/z/L0EvMi82L0EyNkFGNUY5LTA5QTQtNERGMS04QzBFLTFENTRBNjUwRTZERA==</productImage>
    <bullet1>Triple silicone construction through jacket, insulation and core for higher heat-resistance</bullet1>
    <bullet2>Continuous operating temperature of 450°F</bullet2>
    <bullet3>Made in the U.S.A.</bullet3>
    <bullet4/>
    <bullet5/>
    <bullet6/>
    <bullet7/>
    <bullet8/>
    <bullet9/>
    <bullet10/>
    <bullet11/>
    <bullet12/>
    <bullet13/>
    <bullet14/>
    <bullet15/>
    <bullet16/>
    <bullet17/>
    <bullet18/>
    <bullet19/>
    <bullet20/>
    <bullet21/>
    <bullet22/>
    <bullet23/>
    <bullet24/>
    <vendorPriceUpdateDate>2023-04-22 00:00:00</vendorPriceUpdateDate>
  </part>
  <part>
    <partNumber>DS242196</partNumber>
    <punctuatedPartNumber>DS242196</punctuatedPartNumber>
    <partStatusDescription>STANDARD</partStatusDescription>
    <partDescription>Spark Plug Wire Set - 8mm - FL</partDescription>
    <unitOfMeasure>Pair</unitOfMeasure>
    <brandName>BLUE STREAK</brandName>
    <supplierNumber>MC-SPW10</supplierNumber>
    <specialInstructions/>
    <baseDealerPrice>18.60</baseDealerPrice>
    <yourDealerPrice>18.60</yourDealerPrice>
    <baseRetailPrice>28.95</baseRetailPrice>
    <originalRetailPrice>27.95</originalRetailPrice>
    <partImage>http://asset.lemansnet.com/z/LzAvRi80LzBGNDNCMTkxLTQ3RTItNDFCNS04MzE1LTA0MDlDMkExNTFDRCwvNi84LzEvNjgxMkU2MDQtQjlDNS00NDExLTg1NDItQkU1ODNFQUZDRDYz</partImage>
    <productId>1696424048</productId>
    <productName>XXX 8 mm Spark Plug Wire</productName>
    <productImage>http://asset.lemansnet.com/z/L0EvMi82L0EyNkFGNUY5LTA5QTQtNERGMS04QzBFLTFENTRBNjUwRTZERA==</productImage>
    <bullet1>Triple silicone construction through jacket, insulation and core for higher heat-resistance</bullet1>
    <bullet2>Continuous operating temperature of 450°F</bullet2>
    <bullet3>Made in the U.S.A.</bullet3>
    <bullet4/>
    <bullet5/>
    <bullet6/>
    <bullet7/>
    <bullet8/>
    <bullet9/>
    <bullet10/>
    <bullet11/>
    <bullet12/>
    <bullet13/>
    <bullet14/>
    <bullet15/>
    <bullet16/>
    <bullet17/>
    <bullet18/>
    <bullet19/>
    <bullet20/>
    <bullet21/>
    <bullet22/>
    <bullet23/>
    <bullet24/>
    <vendorPriceUpdateDate>2023-04-22 00:00:00</vendorPriceUpdateDate>
  </part>
  <part>
    <partNumber>DS242198</partNumber>
    <punctuatedPartNumber>DS242198</punctuatedPartNumber>
    <partStatusDescription>STANDARD</partStatusDescription>
    <partDescription>Spark Plug Wire Set - 8mm - XL 1200S</partDescription>
    <unitOfMeasure>Set</unitOfMeasure>
    <brandName>BLUE STREAK</brandName>
    <supplierNumber>MC-SPW12</supplierNumber>
    <specialInstructions/>
    <baseDealerPrice>34.70</baseDealerPrice>
    <yourDealerPrice>34.70</yourDealerPrice>
    <baseRetailPrice>53.95</baseRetailPrice>
    <originalRetailPrice>50.95</originalRetailPrice>
    <partImage>http://asset.lemansnet.com/z/LzkvMy9BLzkzQUNENjU2LTkzRjUtNEZFNy1CMDU4LTk1ODBEMTQ1MjdCRCwvRC84L0EvRDhBRDUyNTEtQThDMi00MUVBLTlBQUQtNEJGMThFOUE3RUQ5</partImage>
    <productId>1696424048</productId>
    <productName>XXX 8 mm Spark Plug Wire</productName>
    <productImage>http://asset.lemansnet.com/z/L0EvMi82L0EyNkFGNUY5LTA5QTQtNERGMS04QzBFLTFENTRBNjUwRTZERA==</productImage>
    <bullet1>Triple silicone construction through jacket, insulation and core for higher heat-resistance</bullet1>
    <bullet2>Continuous operating temperature of 450°F</bullet2>
    <bullet3>Made in the U.S.A.</bullet3>
    <bullet4/>
    <bullet5/>
    <bullet6/>
    <bullet7/>
    <bullet8/>
    <bullet9/>
    <bullet10/>
    <bullet11/>
    <bullet12/>
    <bullet13/>
    <bullet14/>
    <bullet15/>
    <bullet16/>
    <bullet17/>
    <bullet18/>
    <bullet19/>
    <bullet20/>
    <bullet21/>
    <bullet22/>
    <bullet23/>
    <bullet24/>
    <vendorPriceUpdateDate>2023-04-22 00:00:00</vendorPriceUpdateDate>
  </part>
  <part>
    <partNumber>21040299</partNumber>
    <punctuatedPartNumber>2104-0299</punctuatedPartNumber>
    <partStatusDescription>STANDARD</partStatusDescription>
    <partDescription>Spark Plug Wires - 8 mm - Indian</partDescription>
    <unitOfMeasure>Pair</unitOfMeasure>
    <brandName>BLUE STREAK</brandName>
    <supplierNumber>MC-SPW20</supplierNumber>
    <specialInstructions/>
    <baseDealerPrice>29.90</baseDealerPrice>
    <yourDealerPrice>29.90</yourDealerPrice>
    <baseRetailPrice>45.95</baseRetailPrice>
    <originalRetailPrice>42.95</originalRetailPrice>
    <partImage>http://asset.lemansnet.com/z/LzgvRi85LzhGOTk0MEZGLTYyRUItNEJFRS1BNjg0LTIzNDU1ODJEN0E2MQ==</partImage>
    <productId>1638906333</productId>
    <productName>XXX 8 mm Spark Plug Wire Set</productName>
    <productImage>http://asset.lemansnet.com/z/LzkvQi8xLzlCMTgzREE1LTYyMkMtNDFBRC1BNjEzLTUxNDk0Rjk4N0Y1OA==</productImage>
    <bullet1>Triple silicone construction through jacket, insulation and core for higher heat-resistance</bullet1>
    <bullet2>Continuous operating temperature of 450°F</bullet2>
    <bullet3>Made in the USA</bullet3>
    <bullet4/>
    <bullet5/>
    <bullet6/>
    <bullet7/>
    <bullet8/>
    <bullet9/>
    <bullet10/>
    <bullet11/>
    <bullet12/>
    <bullet13/>
    <bullet14/>
    <bullet15/>
    <bullet16/>
    <bullet17/>
    <bullet18/>
    <bullet19/>
    <bullet20/>
    <bullet21/>
    <bullet22/>
    <bullet23/>
    <bullet24/>
    <vendorPriceUpdateDate>2023-04-22 00:00:00</vendorPriceUpdateDate>
  </part>
  <part>
    <partNumber>DS242405</partNumber>
    <punctuatedPartNumber>DS-242405</punctuatedPartNumber>
    <partStatusDescription>STANDARD</partStatusDescription>
    <partDescription>Condenser - Harley Davidson</partDescription>
    <unitOfMeasure>Each</unitOfMeasure>
    <brandName>BLUE STREAK</brandName>
    <supplierNumber>MC-DR90X</supplierNumber>
    <specialInstructions/>
    <baseDealerPrice>6.80</baseDealerPrice>
    <yourDealerPrice>6.80</yourDealerPrice>
    <baseRetailPrice>10.95</baseRetailPrice>
    <originalRetailPrice>9.95</originalRetailPrice>
    <partImage>http://asset.lemansnet.com/z/LzYvMy84LzYzOENBMjcyLUJFNUQtNEJGRC1BN0FELTJGMkQ1RENBODhEQw==</partImage>
    <productId>1879329829</productId>
    <productName>High-Performance Condenser</productName>
    <productImage>http://asset.lemansnet.com/z/LzUvNC9BLzU0QTc3RkFGLUU0ODYtNDJDNy04MDMwLTcwOTMzOTBDQUM4Qg==</productImage>
    <bullet1>Heavy-duty construction</bullet1>
    <bullet2>High performance</bullet2>
    <bullet3/>
    <bullet4/>
    <bullet5/>
    <bullet6/>
    <bullet7/>
    <bullet8/>
    <bullet9/>
    <bullet10/>
    <bullet11/>
    <bullet12/>
    <bullet13/>
    <bullet14/>
    <bullet15/>
    <bullet16/>
    <bullet17/>
    <bullet18/>
    <bullet19/>
    <bullet20/>
    <bullet21/>
    <bullet22/>
    <bullet23/>
    <bullet24/>
    <vendorPriceUpdateDate>2022-10-24 00:00:00</vendorPriceUpdateDate>
  </part>
</root>
