<root>
  <part>
    <partNumber>09360039</partNumber>
    <punctuatedPartNumber>0936-0039</punctuatedPartNumber>
    <partStatusDescription>DISCONTINUED</partStatusDescription>
    <partDescription>Aluminum Starter Handle - Gold</partDescription>
    <unitOfMeasure>Each</unitOfMeasure>
    <brandName>ITEK</brandName>
    <supplierNumber>333603</supplierNumber>
    <specialInstructions>DISCONTINUED ITEM</specialInstructions>
    <baseDealerPrice>28.00</baseDealerPrice>
    <yourDealerPrice>28.00</yourDealerPrice>
    <baseRetailPrice>43.99</baseRetailPrice>
    <originalRetailPrice>52.49</originalRetailPrice>
    <partImage>http://asset.lemansnet.com/z/L0IvQi8zL0JCM0UzRTcyLUI5NjgtNEI3Ny1CMjE2LUFDQkRDRkUzMzU0MQ==</partImage>
    <productId>0019865546</productId>
    <productName>Starter Handle</productName>
    <productImage>http://asset.lemansnet.com/z/LzUvNS8zLzU1MzlEMzk3LUExQUQtNERBMy04REM0LUIxMDQyOTYxQzcxMw==</productImage>
    <bullet1>Billet handle made from 6061-T6 aluminum.</bullet1>
    <bullet2>Teflon shim to provided to prevent premature wear of the rope.</bullet2>
    <bullet3>Universal fit!</bullet3>
    <bullet4/>
    <bullet5/>
    <bullet6/>
    <bullet7/>
    <bullet8/>
    <bullet9/>
    <bullet10/>
    <bullet11/>
    <bullet12/>
    <bullet13/>
    <bullet14/>
    <bullet15/>
    <bullet16/>
    <bullet17/>
    <bullet18/>
    <bullet19/>
    <bullet20/>
    <bullet21/>
    <bullet22/>
    <bullet23/>
    <bullet24/>
    <vendorPriceUpdateDate>2023-03-28 00:00:00</vendorPriceUpdateDate>
  </part>
  <part>
    <partNumber>09360038</partNumber>
    <punctuatedPartNumber>0936-0038</punctuatedPartNumber>
    <partStatusDescription>DISCONTINUED</partStatusDescription>
    <partDescription>Aluminum Starter Handle - Black</partDescription>
    <unitOfMeasure>Each</unitOfMeasure>
    <brandName>ITEK</brandName>
    <supplierNumber>333602</supplierNumber>
    <specialInstructions>DISCONTINUED ITEM</specialInstructions>
    <baseDealerPrice>28.00</baseDealerPrice>
    <yourDealerPrice>28.00</yourDealerPrice>
    <baseRetailPrice>43.99</baseRetailPrice>
    <originalRetailPrice>52.49</originalRetailPrice>
    <partImage>http://asset.lemansnet.com/z/LzUvNS8zLzU1MzlEMzk3LUExQUQtNERBMy04REM0LUIxMDQyOTYxQzcxMw==</partImage>
    <productId>0019865546</productId>
    <productName>Starter Handle</productName>
    <productImage>http://asset.lemansnet.com/z/LzUvNS8zLzU1MzlEMzk3LUExQUQtNERBMy04REM0LUIxMDQyOTYxQzcxMw==</productImage>
    <bullet1>Billet handle made from 6061-T6 aluminum.</bullet1>
    <bullet2>Teflon shim to provided to prevent premature wear of the rope.</bullet2>
    <bullet3>Universal fit!</bullet3>
    <bullet4/>
    <bullet5/>
    <bullet6/>
    <bullet7/>
    <bullet8/>
    <bullet9/>
    <bullet10/>
    <bullet11/>
    <bullet12/>
    <bullet13/>
    <bullet14/>
    <bullet15/>
    <bullet16/>
    <bullet17/>
    <bullet18/>
    <bullet19/>
    <bullet20/>
    <bullet21/>
    <bullet22/>
    <bullet23/>
    <bullet24/>
    <vendorPriceUpdateDate>2023-03-28 00:00:00</vendorPriceUpdateDate>
  </part>
  <part>
    <partNumber>09360043</partNumber>
    <punctuatedPartNumber>0936-0043</punctuatedPartNumber>
    <partStatusDescription>DISCONTINUED</partStatusDescription>
    <partDescription>Aluminum Starter Handle - Orange</partDescription>
    <unitOfMeasure>Each</unitOfMeasure>
    <brandName>ITEK</brandName>
    <supplierNumber>333601</supplierNumber>
    <specialInstructions>DISCONTINUED ITEM</specialInstructions>
    <baseDealerPrice>28.00</baseDealerPrice>
    <yourDealerPrice>28.00</yourDealerPrice>
    <baseRetailPrice>43.99</baseRetailPrice>
    <originalRetailPrice>110.15</originalRetailPrice>
    <partImage>http://asset.lemansnet.com/z/LzMvMy9CLzMzQkZDRkJFLTJBRDctNDZDNC04NDQzLTBFQ0I0NDc5NkFGNQ==</partImage>
    <productId>0019865546</productId>
    <productName>Starter Handle</productName>
    <productImage>http://asset.lemansnet.com/z/LzUvNS8zLzU1MzlEMzk3LUExQUQtNERBMy04REM0LUIxMDQyOTYxQzcxMw==</productImage>
    <bullet1>Billet handle made from 6061-T6 aluminum.</bullet1>
    <bullet2>Teflon shim to provided to prevent premature wear of the rope.</bullet2>
    <bullet3>Universal fit!</bullet3>
    <bullet4/>
    <bullet5/>
    <bullet6/>
    <bullet7/>
    <bullet8/>
    <bullet9/>
    <bullet10/>
    <bullet11/>
    <bullet12/>
    <bullet13/>
    <bullet14/>
    <bullet15/>
    <bullet16/>
    <bullet17/>
    <bullet18/>
    <bullet19/>
    <bullet20/>
    <bullet21/>
    <bullet22/>
    <bullet23/>
    <bullet24/>
    <vendorPriceUpdateDate>2023-03-28 00:00:00</vendorPriceUpdateDate>
  </part>
  <part>
    <partNumber>09360044</partNumber>
    <punctuatedPartNumber>0936-0044</punctuatedPartNumber>
    <partStatusDescription>DISCONTINUED</partStatusDescription>
    <partDescription>Aluminum Starter Handle - Turquoise</partDescription>
    <unitOfMeasure>Each</unitOfMeasure>
    <brandName>ITEK</brandName>
    <supplierNumber>333599</supplierNumber>
    <specialInstructions>DISCONTINUED ITEM</specialInstructions>
    <baseDealerPrice>28.00</baseDealerPrice>
    <yourDealerPrice>28.00</yourDealerPrice>
    <baseRetailPrice>43.99</baseRetailPrice>
    <originalRetailPrice>52.49</originalRetailPrice>
    <partImage>http://asset.lemansnet.com/z/LzMvNi8wLzM2MDY2Rjg1LUVEMEMtNDRGRi04NzAyLUNFQkNCMUE5NEUyMg==</partImage>
    <productId>0019865546</productId>
    <productName>Starter Handle</productName>
    <productImage>http://asset.lemansnet.com/z/LzUvNS8zLzU1MzlEMzk3LUExQUQtNERBMy04REM0LUIxMDQyOTYxQzcxMw==</productImage>
    <bullet1>Billet handle made from 6061-T6 aluminum.</bullet1>
    <bullet2>Teflon shim to provided to prevent premature wear of the rope.</bullet2>
    <bullet3>Universal fit!</bullet3>
    <bullet4/>
    <bullet5/>
    <bullet6/>
    <bullet7/>
    <bullet8/>
    <bullet9/>
    <bullet10/>
    <bullet11/>
    <bullet12/>
    <bullet13/>
    <bullet14/>
    <bullet15/>
    <bullet16/>
    <bullet17/>
    <bullet18/>
    <bullet19/>
    <bullet20/>
    <bullet21/>
    <bullet22/>
    <bullet23/>
    <bullet24/>
    <vendorPriceUpdateDate>2023-03-28 00:00:00</vendorPriceUpdateDate>
  </part>
  <part>
    <partNumber>05211754</partNumber>
    <punctuatedPartNumber>0521-1754</punctuatedPartNumber>
    <partStatusDescription>DISCONTINUED</partStatusDescription>
    <partDescription>Link-It Adapter - Gold</partDescription>
    <unitOfMeasure>Kit</unitOfMeasure>
    <brandName>ITEK</brandName>
    <supplierNumber>335035</supplierNumber>
    <specialInstructions>DISCONTINUED ITEM</specialInstructions>
    <baseDealerPrice>45.00</baseDealerPrice>
    <yourDealerPrice>45.00</yourDealerPrice>
    <baseRetailPrice>74.99</baseRetailPrice>
    <originalRetailPrice>80.91</originalRetailPrice>
    <partImage>http://asset.lemansnet.com/z/LzUvRC9FLzVERTkwMkI3LThENDgtNEE5NS04NjgxLTFGQkE0NTlBQjU3NA==</partImage>
    <productId>1180872927</productId>
    <productName>Link-It Adaptors without T-Slot</productName>
    <productImage>http://asset.lemansnet.com/z/LzUvRC9FLzVERTkwMkI3LThENDgtNEE5NS04NjgxLTFGQkE0NTlBQjU3NA==</productImage>
    <bullet1>The "Link-It" system is designed to fit the BRP LinQ™on any Polaris, Yamaha or Arctic Cat snowmobile</bullet1>
    <bullet2>For models not equipped with a T-Slot System</bullet2>
    <bullet3>The BRP's LinQ™Base Kit must be purchased separately</bullet3>
    <bullet4>Drilling is required; Template for drilling included</bullet4>
    <bullet5>Sold with hardware</bullet5>
    <bullet6/>
    <bullet7/>
    <bullet8/>
    <bullet9/>
    <bullet10/>
    <bullet11/>
    <bullet12/>
    <bullet13/>
    <bullet14/>
    <bullet15/>
    <bullet16/>
    <bullet17/>
    <bullet18/>
    <bullet19/>
    <bullet20/>
    <bullet21/>
    <bullet22/>
    <bullet23/>
    <bullet24/>
    <vendorPriceUpdateDate>2023-04-22 00:00:00</vendorPriceUpdateDate>
  </part>
  <part>
    <partNumber>05211755</partNumber>
    <punctuatedPartNumber>0521-1755</punctuatedPartNumber>
    <partStatusDescription>STANDARD</partStatusDescription>
    <partDescription>Link-It Adapter - Black</partDescription>
    <unitOfMeasure>Kit</unitOfMeasure>
    <brandName>ITEK</brandName>
    <supplierNumber>335036</supplierNumber>
    <specialInstructions/>
    <baseDealerPrice>54.59</baseDealerPrice>
    <yourDealerPrice>54.59</yourDealerPrice>
    <baseRetailPrice>74.99</baseRetailPrice>
    <originalRetailPrice>80.91</originalRetailPrice>
    <partImage>http://asset.lemansnet.com/z/LzkvMC9GLzkwRjk3RjQ1LUU1N0UtNDU2NS1BRTM2LTVBNDI3MTAyMUQyMA==</partImage>
    <productId>1186359679</productId>
    <productName>Link-It Adaptors without T-Slot</productName>
    <productImage>http://asset.lemansnet.com/z/LzUvRC9FLzVERTkwMkI3LThENDgtNEE5NS04NjgxLTFGQkE0NTlBQjU3NA==</productImage>
    <bullet1>The "Link-It" system is designed to fit the BRP LinQ™on any Polaris, Yamaha or Arctic Cat snowmobile</bullet1>
    <bullet2>For models not equipped with a T-Slot System</bullet2>
    <bullet3>The BRP's LinQ™Base Kit must be purchased separately</bullet3>
    <bullet4>Drilling is required; Template for drilling included</bullet4>
    <bullet5>Sold with hardware</bullet5>
    <bullet6/>
    <bullet7/>
    <bullet8/>
    <bullet9/>
    <bullet10/>
    <bullet11/>
    <bullet12/>
    <bullet13/>
    <bullet14/>
    <bullet15/>
    <bullet16/>
    <bullet17/>
    <bullet18/>
    <bullet19/>
    <bullet20/>
    <bullet21/>
    <bullet22/>
    <bullet23/>
    <bullet24/>
    <vendorPriceUpdateDate>2023-04-22 00:00:00</vendorPriceUpdateDate>
  </part>
  <part>
    <partNumber>05211762</partNumber>
    <punctuatedPartNumber>0521-1762</punctuatedPartNumber>
    <partStatusDescription>DISCONTINUED</partStatusDescription>
    <partDescription>Link-IT Adapter - With T-Slot - Gold</partDescription>
    <unitOfMeasure>Kit</unitOfMeasure>
    <brandName>ITEK</brandName>
    <supplierNumber>335027</supplierNumber>
    <specialInstructions>DISCONTINUED ITEM</specialInstructions>
    <baseDealerPrice>45.00</baseDealerPrice>
    <yourDealerPrice>45.00</yourDealerPrice>
    <baseRetailPrice>74.99</baseRetailPrice>
    <originalRetailPrice>80.91</originalRetailPrice>
    <partImage>http://asset.lemansnet.com/z/LzUvRS8yLzVFMjAxNkQ3LUQ5NzMtNDgxOS05NzlFLUY1REQxQUY5QzZDMA==</partImage>
    <productId>1610023994</productId>
    <productName>Link-It Adaptors with T-Slot</productName>
    <productImage>http://asset.lemansnet.com/z/L0YvMC8xL0YwMTBCMjAyLURDNUQtNDMxNC05QzY1LTlGRjQ2MjI1MTNCRg==</productImage>
    <bullet1>The "Link-It" system is designed to fit the BRP LinQ™on any Polaris, Yamaha or Arctic Cat snowmobile</bullet1>
    <bullet2>The BRP's LinQ™Base Kit must be purchased separately</bullet2>
    <bullet3>No drilling required for Polaris snowmobiles equipped with the "T-Slot" system on the tunnel</bullet3>
    <bullet4>Hardware included</bullet4>
    <bullet5/>
    <bullet6/>
    <bullet7/>
    <bullet8/>
    <bullet9/>
    <bullet10/>
    <bullet11/>
    <bullet12/>
    <bullet13/>
    <bullet14/>
    <bullet15/>
    <bullet16/>
    <bullet17/>
    <bullet18/>
    <bullet19/>
    <bullet20/>
    <bullet21/>
    <bullet22/>
    <bullet23/>
    <bullet24/>
    <vendorPriceUpdateDate>2023-04-22 00:00:00</vendorPriceUpdateDate>
  </part>
  <part>
    <partNumber>05211763</partNumber>
    <punctuatedPartNumber>0521-1763</punctuatedPartNumber>
    <partStatusDescription>STANDARD</partStatusDescription>
    <partDescription>Link-IT Adapter - With T-Slot - Black</partDescription>
    <unitOfMeasure>Kit</unitOfMeasure>
    <brandName>ITEK</brandName>
    <supplierNumber>335028</supplierNumber>
    <specialInstructions/>
    <baseDealerPrice>54.59</baseDealerPrice>
    <yourDealerPrice>54.59</yourDealerPrice>
    <baseRetailPrice>74.99</baseRetailPrice>
    <originalRetailPrice>80.91</originalRetailPrice>
    <partImage>http://asset.lemansnet.com/z/L0IvQy80L0JDNDVFQzE0LTcyRDctNDg5OS1CRDkxLTIxQzkwNDZDNDkzRA==</partImage>
    <productId>0779802220</productId>
    <productName>Link-It Adaptors with T-Slot</productName>
    <productImage>http://asset.lemansnet.com/z/L0YvMC8xL0YwMTBCMjAyLURDNUQtNDMxNC05QzY1LTlGRjQ2MjI1MTNCRg==</productImage>
    <bullet1>The "Link-It" system is designed to fit the BRP LinQ™on any Polaris, Yamaha or Arctic Cat snowmobile</bullet1>
    <bullet2>The BRP's LinQ™Base Kit must be purchased separately</bullet2>
    <bullet3>No drilling required for Polaris snowmobiles equipped with the "T-Slot" system on the tunnel</bullet3>
    <bullet4>Hardware included</bullet4>
    <bullet5/>
    <bullet6/>
    <bullet7/>
    <bullet8/>
    <bullet9/>
    <bullet10/>
    <bullet11/>
    <bullet12/>
    <bullet13/>
    <bullet14/>
    <bullet15/>
    <bullet16/>
    <bullet17/>
    <bullet18/>
    <bullet19/>
    <bullet20/>
    <bullet21/>
    <bullet22/>
    <bullet23/>
    <bullet24/>
    <vendorPriceUpdateDate>2023-04-22 00:00:00</vendorPriceUpdateDate>
  </part>
  <part>
    <partNumber>05211768</partNumber>
    <punctuatedPartNumber>0521-1768</punctuatedPartNumber>
    <partStatusDescription>DISCONTINUED</partStatusDescription>
    <partDescription>Link-It Adapter - Turquoise</partDescription>
    <unitOfMeasure>Kit</unitOfMeasure>
    <brandName>ITEK</brandName>
    <supplierNumber>335033</supplierNumber>
    <specialInstructions>DISCONTINUED ITEM</specialInstructions>
    <baseDealerPrice>45.00</baseDealerPrice>
    <yourDealerPrice>45.00</yourDealerPrice>
    <baseRetailPrice>74.99</baseRetailPrice>
    <originalRetailPrice>80.91</originalRetailPrice>
    <partImage>http://asset.lemansnet.com/z/L0UvRS82L0VFNkMxMTZCLThFOEMtNDg0Ri04NjRELUE3QjQwREFBMzdGMw==</partImage>
    <productId>1180872927</productId>
    <productName>Link-It Adaptors without T-Slot</productName>
    <productImage>http://asset.lemansnet.com/z/LzUvRC9FLzVERTkwMkI3LThENDgtNEE5NS04NjgxLTFGQkE0NTlBQjU3NA==</productImage>
    <bullet1>The "Link-It" system is designed to fit the BRP LinQ™on any Polaris, Yamaha or Arctic Cat snowmobile</bullet1>
    <bullet2>For models not equipped with a T-Slot System</bullet2>
    <bullet3>The BRP's LinQ™Base Kit must be purchased separately</bullet3>
    <bullet4>Drilling is required; Template for drilling included</bullet4>
    <bullet5>Sold with hardware</bullet5>
    <bullet6/>
    <bullet7/>
    <bullet8/>
    <bullet9/>
    <bullet10/>
    <bullet11/>
    <bullet12/>
    <bullet13/>
    <bullet14/>
    <bullet15/>
    <bullet16/>
    <bullet17/>
    <bullet18/>
    <bullet19/>
    <bullet20/>
    <bullet21/>
    <bullet22/>
    <bullet23/>
    <bullet24/>
    <vendorPriceUpdateDate>2023-04-22 00:00:00</vendorPriceUpdateDate>
  </part>
  <part>
    <partNumber>05301536</partNumber>
    <punctuatedPartNumber>0530-1536</punctuatedPartNumber>
    <partStatusDescription>STANDARD</partStatusDescription>
    <partDescription>Rear Bumper - Polaris</partDescription>
    <unitOfMeasure>Kit</unitOfMeasure>
    <brandName>ITEK</brandName>
    <supplierNumber>333522</supplierNumber>
    <specialInstructions/>
    <baseDealerPrice>162.59</baseDealerPrice>
    <yourDealerPrice>162.59</yourDealerPrice>
    <baseRetailPrice>229.99</baseRetailPrice>
    <originalRetailPrice>238.99</originalRetailPrice>
    <partImage>http://asset.lemansnet.com/z/LzUvRC9CLzVEQkE3NDg1LUVCNjItNDU2OS04QzEzLTYzQUFBMzJCMjQ4QQ==</partImage>
    <productId>1312751886</productId>
    <productName>Rear Bumper</productName>
    <productImage>http://asset.lemansnet.com/z/LzgvRi84LzhGOEEwRkZDLTE2RTMtNDNDQi1BMDI4LUIxNjYwMUM1REIwOA==</productImage>
    <bullet1>Rear bumper with raised handle for better grip when in deep snow</bullet1>
    <bullet2>Increase the rigidity of the tunnel</bullet2>
    <bullet3>Black powder-coat finish</bullet3>
    <bullet4>Include stainless steel hardware</bullet4>
    <bullet5/>
    <bullet6/>
    <bullet7/>
    <bullet8/>
    <bullet9/>
    <bullet10/>
    <bullet11/>
    <bullet12/>
    <bullet13/>
    <bullet14/>
    <bullet15/>
    <bullet16/>
    <bullet17/>
    <bullet18/>
    <bullet19/>
    <bullet20/>
    <bullet21/>
    <bullet22/>
    <bullet23/>
    <bullet24/>
    <vendorPriceUpdateDate>2023-03-28 00:00:00</vendorPriceUpdateDate>
  </part>
  <part>
    <partNumber>47500150</partNumber>
    <punctuatedPartNumber>4750-0150</punctuatedPartNumber>
    <partStatusDescription>DISCONTINUED</partStatusDescription>
    <partDescription>Suspension Rail Stiffeners - Series M '16 - 153"</partDescription>
    <unitOfMeasure>Kit</unitOfMeasure>
    <brandName>ITEK</brandName>
    <supplierNumber>333617</supplierNumber>
    <specialInstructions>Discontinued P/Byr</specialInstructions>
    <baseDealerPrice>75.00</baseDealerPrice>
    <yourDealerPrice>75.00</yourDealerPrice>
    <baseRetailPrice>0.00</baseRetailPrice>
    <originalRetailPrice>182.95</originalRetailPrice>
    <partImage>http://asset.lemansnet.com/z/LzUvQi9ELzVCRDQwQzQ2LUIwODUtNDMzMS05NzlDLUQ0QzhBMzA1M0Q3RA==</partImage>
    <productId>2143583487</productId>
    <productName>Suspension Rail Stiffeners</productName>
    <productImage>http://asset.lemansnet.com/z/L0EvRi9CL0FGQjM4NEM4LUUyOTEtNDU2OS1BMjY4LTlFOUVBNjZDNzI1QQ==</productImage>
    <bullet1>Improves the rigidity of OEM suspension rails</bullet1>
    <bullet2>Sold in 6 pieces (3 per side)</bullet2>
    <bullet3>Drilling required</bullet3>
    <bullet4/>
    <bullet5/>
    <bullet6/>
    <bullet7/>
    <bullet8/>
    <bullet9/>
    <bullet10/>
    <bullet11/>
    <bullet12/>
    <bullet13/>
    <bullet14/>
    <bullet15/>
    <bullet16/>
    <bullet17/>
    <bullet18/>
    <bullet19/>
    <bullet20/>
    <bullet21/>
    <bullet22/>
    <bullet23/>
    <bullet24/>
    <vendorPriceUpdateDate>2023-04-22 00:00:00</vendorPriceUpdateDate>
  </part>
  <part>
    <partNumber>47500155</partNumber>
    <punctuatedPartNumber>4750-0155</punctuatedPartNumber>
    <partStatusDescription>DISCONTINUED</partStatusDescription>
    <partDescription>Suspension Rail Stiffener - Axys '16-'19 - 155"</partDescription>
    <unitOfMeasure>Kit</unitOfMeasure>
    <brandName>ITEK</brandName>
    <supplierNumber>333637</supplierNumber>
    <specialInstructions>Discontinued P/Byr</specialInstructions>
    <baseDealerPrice>124.44</baseDealerPrice>
    <yourDealerPrice>50.00</yourDealerPrice>
    <baseRetailPrice>0.00</baseRetailPrice>
    <originalRetailPrice>182.95</originalRetailPrice>
    <partImage>http://asset.lemansnet.com/z/LzUvQi9ELzVCRDQwQzQ2LUIwODUtNDMzMS05NzlDLUQ0QzhBMzA1M0Q3RA==</partImage>
    <productId>2143583487</productId>
    <productName>Suspension Rail Stiffeners</productName>
    <productImage>http://asset.lemansnet.com/z/L0EvRi9CL0FGQjM4NEM4LUUyOTEtNDU2OS1BMjY4LTlFOUVBNjZDNzI1QQ==</productImage>
    <bullet1>Improves the rigidity of OEM suspension rails</bullet1>
    <bullet2>Sold in 6 pieces (3 per side)</bullet2>
    <bullet3>Drilling required</bullet3>
    <bullet4/>
    <bullet5/>
    <bullet6/>
    <bullet7/>
    <bullet8/>
    <bullet9/>
    <bullet10/>
    <bullet11/>
    <bullet12/>
    <bullet13/>
    <bullet14/>
    <bullet15/>
    <bullet16/>
    <bullet17/>
    <bullet18/>
    <bullet19/>
    <bullet20/>
    <bullet21/>
    <bullet22/>
    <bullet23/>
    <bullet24/>
    <vendorPriceUpdateDate>2023-04-22 00:00:00</vendorPriceUpdateDate>
  </part>
  <part>
    <partNumber>05211766</partNumber>
    <punctuatedPartNumber>0521-1766</punctuatedPartNumber>
    <partStatusDescription>STANDARD</partStatusDescription>
    <partDescription>Link-It Adapter - Red</partDescription>
    <unitOfMeasure>Kit</unitOfMeasure>
    <brandName>ITEK</brandName>
    <supplierNumber>335031</supplierNumber>
    <specialInstructions/>
    <baseDealerPrice>54.59</baseDealerPrice>
    <yourDealerPrice>54.59</yourDealerPrice>
    <baseRetailPrice>74.99</baseRetailPrice>
    <originalRetailPrice>80.91</originalRetailPrice>
    <partImage>http://asset.lemansnet.com/z/L0MvMi81L0MyNTYwNEQ2LTlCMEMtNEQxNS1BQzlBLUY0REIwMDg2ODg2RQ==</partImage>
    <productId>1186359679</productId>
    <productName>Link-It Adaptors without T-Slot</productName>
    <productImage>http://asset.lemansnet.com/z/LzUvRC9FLzVERTkwMkI3LThENDgtNEE5NS04NjgxLTFGQkE0NTlBQjU3NA==</productImage>
    <bullet1>The "Link-It" system is designed to fit the BRP LinQ™on any Polaris, Yamaha or Arctic Cat snowmobile</bullet1>
    <bullet2>For models not equipped with a T-Slot System</bullet2>
    <bullet3>The BRP's LinQ™Base Kit must be purchased separately</bullet3>
    <bullet4>Drilling is required; Template for drilling included</bullet4>
    <bullet5>Sold with hardware</bullet5>
    <bullet6/>
    <bullet7/>
    <bullet8/>
    <bullet9/>
    <bullet10/>
    <bullet11/>
    <bullet12/>
    <bullet13/>
    <bullet14/>
    <bullet15/>
    <bullet16/>
    <bullet17/>
    <bullet18/>
    <bullet19/>
    <bullet20/>
    <bullet21/>
    <bullet22/>
    <bullet23/>
    <bullet24/>
    <vendorPriceUpdateDate>2023-04-22 00:00:00</vendorPriceUpdateDate>
  </part>
  <part>
    <partNumber>05211758</partNumber>
    <punctuatedPartNumber>0521-1758</punctuatedPartNumber>
    <partStatusDescription>STANDARD</partStatusDescription>
    <partDescription>Link-IT Adapter - With T-Slot - Red</partDescription>
    <unitOfMeasure>Kit</unitOfMeasure>
    <brandName>ITEK</brandName>
    <supplierNumber>335023</supplierNumber>
    <specialInstructions/>
    <baseDealerPrice>54.59</baseDealerPrice>
    <yourDealerPrice>54.59</yourDealerPrice>
    <baseRetailPrice>74.99</baseRetailPrice>
    <originalRetailPrice>80.91</originalRetailPrice>
    <partImage>http://asset.lemansnet.com/z/L0EvMC8xL0EwMTFGMzY4LThDOEQtNDhCQy04QUE3LTVBM0Q4QTUyQTUwOQ==</partImage>
    <productId>0779802220</productId>
    <productName>Link-It Adaptors with T-Slot</productName>
    <productImage>http://asset.lemansnet.com/z/L0YvMC8xL0YwMTBCMjAyLURDNUQtNDMxNC05QzY1LTlGRjQ2MjI1MTNCRg==</productImage>
    <bullet1>The "Link-It" system is designed to fit the BRP LinQ™on any Polaris, Yamaha or Arctic Cat snowmobile</bullet1>
    <bullet2>The BRP's LinQ™Base Kit must be purchased separately</bullet2>
    <bullet3>No drilling required for Polaris snowmobiles equipped with the "T-Slot" system on the tunnel</bullet3>
    <bullet4>Hardware included</bullet4>
    <bullet5/>
    <bullet6/>
    <bullet7/>
    <bullet8/>
    <bullet9/>
    <bullet10/>
    <bullet11/>
    <bullet12/>
    <bullet13/>
    <bullet14/>
    <bullet15/>
    <bullet16/>
    <bullet17/>
    <bullet18/>
    <bullet19/>
    <bullet20/>
    <bullet21/>
    <bullet22/>
    <bullet23/>
    <bullet24/>
    <vendorPriceUpdateDate>2023-04-22 00:00:00</vendorPriceUpdateDate>
  </part>
  <part>
    <partNumber>09360047</partNumber>
    <punctuatedPartNumber>0936-0047</punctuatedPartNumber>
    <partStatusDescription>STANDARD</partStatusDescription>
    <partDescription>Aluminum Starter Handle - Silver</partDescription>
    <unitOfMeasure>Each</unitOfMeasure>
    <brandName>ITEK</brandName>
    <supplierNumber>333592</supplierNumber>
    <specialInstructions/>
    <baseDealerPrice>51.72</baseDealerPrice>
    <yourDealerPrice>51.72</yourDealerPrice>
    <baseRetailPrice>73.99</baseRetailPrice>
    <originalRetailPrice>76.67</originalRetailPrice>
    <partImage>http://asset.lemansnet.com/z/L0UvNi8yL0U2MkNEMzVFLUJEM0YtNDRDNi1BQ0I1LUYzQzgwOTdGNjNFRQ==</partImage>
    <productId>1836767832</productId>
    <productName>Starter Handle</productName>
    <productImage>http://asset.lemansnet.com/z/LzgvOC82Lzg4NjFGRTcxLTMwMEMtNDQ2NS1CREQ0LTA4NDM0QkE1OTNDMg==</productImage>
    <bullet1>Billet handle made from 6061-T6 aluminum.</bullet1>
    <bullet2>A built-in shock absorber makes the pulling force much more linear than with a standard handle.</bullet2>
    <bullet3>Universal fit!</bullet3>
    <bullet4/>
    <bullet5/>
    <bullet6/>
    <bullet7/>
    <bullet8/>
    <bullet9/>
    <bullet10/>
    <bullet11/>
    <bullet12/>
    <bullet13/>
    <bullet14/>
    <bullet15/>
    <bullet16/>
    <bullet17/>
    <bullet18/>
    <bullet19/>
    <bullet20/>
    <bullet21/>
    <bullet22/>
    <bullet23/>
    <bullet24/>
    <vendorPriceUpdateDate>2023-03-28 00:00:00</vendorPriceUpdateDate>
  </part>
  <part>
    <partNumber>05301538</partNumber>
    <punctuatedPartNumber>0530-1538</punctuatedPartNumber>
    <partStatusDescription>STANDARD</partStatusDescription>
    <partDescription>Rear Bumper - Polaris</partDescription>
    <unitOfMeasure>Kit</unitOfMeasure>
    <brandName>ITEK</brandName>
    <supplierNumber>333528</supplierNumber>
    <specialInstructions/>
    <baseDealerPrice>162.59</baseDealerPrice>
    <yourDealerPrice>162.59</yourDealerPrice>
    <baseRetailPrice>229.99</baseRetailPrice>
    <originalRetailPrice>238.99</originalRetailPrice>
    <partImage>http://asset.lemansnet.com/z/LzgvRi84LzhGOEEwRkZDLTE2RTMtNDNDQi1BMDI4LUIxNjYwMUM1REIwOA==</partImage>
    <productId>0217886965</productId>
    <productName>Rear Bumper</productName>
    <productImage>http://asset.lemansnet.com/z/LzgvRi84LzhGOEEwRkZDLTE2RTMtNDNDQi1BMDI4LUIxNjYwMUM1REIwOA==</productImage>
    <bullet1>Rear bumper with raised handle for better grip when in deep snow</bullet1>
    <bullet2>Increase the rigidity of the tunnel</bullet2>
    <bullet3>Black powder-coat finish</bullet3>
    <bullet4>Include stainless steel hardware</bullet4>
    <bullet5/>
    <bullet6/>
    <bullet7/>
    <bullet8/>
    <bullet9/>
    <bullet10/>
    <bullet11/>
    <bullet12/>
    <bullet13/>
    <bullet14/>
    <bullet15/>
    <bullet16/>
    <bullet17/>
    <bullet18/>
    <bullet19/>
    <bullet20/>
    <bullet21/>
    <bullet22/>
    <bullet23/>
    <bullet24/>
    <vendorPriceUpdateDate>2023-03-28 00:00:00</vendorPriceUpdateDate>
  </part>
  <part>
    <partNumber>05211757</partNumber>
    <punctuatedPartNumber>0521-1757</punctuatedPartNumber>
    <partStatusDescription>STANDARD</partStatusDescription>
    <partDescription>Link-IT Adapter - With T-Slot - Silver</partDescription>
    <unitOfMeasure>Kit</unitOfMeasure>
    <brandName>ITEK</brandName>
    <supplierNumber>335022</supplierNumber>
    <specialInstructions/>
    <baseDealerPrice>54.59</baseDealerPrice>
    <yourDealerPrice>54.59</yourDealerPrice>
    <baseRetailPrice>74.99</baseRetailPrice>
    <originalRetailPrice>80.91</originalRetailPrice>
    <partImage>http://asset.lemansnet.com/z/L0UvMS80L0UxNDg3RjYxLTkwQTEtNDFDQS1CMTM4LTM0QUE2NENCMTI4MCwvRC9FL0YvREVGQjU0NTMtQjMyQS00RkI2LUE5M0EtM0RFODg4NUZEMDlDLC9EL0UvNC9ERTQ5RjFFOC02OTA1LTRBOTQtQTVFNC1FQUNGQzM2QUZBNzI=</partImage>
    <productId>0779802220</productId>
    <productName>Link-It Adaptors with T-Slot</productName>
    <productImage>http://asset.lemansnet.com/z/L0YvMC8xL0YwMTBCMjAyLURDNUQtNDMxNC05QzY1LTlGRjQ2MjI1MTNCRg==</productImage>
    <bullet1>The "Link-It" system is designed to fit the BRP LinQ™on any Polaris, Yamaha or Arctic Cat snowmobile</bullet1>
    <bullet2>The BRP's LinQ™Base Kit must be purchased separately</bullet2>
    <bullet3>No drilling required for Polaris snowmobiles equipped with the "T-Slot" system on the tunnel</bullet3>
    <bullet4>Hardware included</bullet4>
    <bullet5/>
    <bullet6/>
    <bullet7/>
    <bullet8/>
    <bullet9/>
    <bullet10/>
    <bullet11/>
    <bullet12/>
    <bullet13/>
    <bullet14/>
    <bullet15/>
    <bullet16/>
    <bullet17/>
    <bullet18/>
    <bullet19/>
    <bullet20/>
    <bullet21/>
    <bullet22/>
    <bullet23/>
    <bullet24/>
    <vendorPriceUpdateDate>2023-04-22 00:00:00</vendorPriceUpdateDate>
  </part>
  <part>
    <partNumber>05211760</partNumber>
    <punctuatedPartNumber>0521-1760</punctuatedPartNumber>
    <partStatusDescription>STANDARD</partStatusDescription>
    <partDescription>Link-IT Adapter - With T-Slot - Turquoise</partDescription>
    <unitOfMeasure>Kit</unitOfMeasure>
    <brandName>ITEK</brandName>
    <supplierNumber>335025</supplierNumber>
    <specialInstructions/>
    <baseDealerPrice>54.59</baseDealerPrice>
    <yourDealerPrice>54.59</yourDealerPrice>
    <baseRetailPrice>74.99</baseRetailPrice>
    <originalRetailPrice>80.91</originalRetailPrice>
    <partImage>http://asset.lemansnet.com/z/L0YvMC8xL0YwMTBCMjAyLURDNUQtNDMxNC05QzY1LTlGRjQ2MjI1MTNCRg==</partImage>
    <productId>0779802220</productId>
    <productName>Link-It Adaptors with T-Slot</productName>
    <productImage>http://asset.lemansnet.com/z/L0YvMC8xL0YwMTBCMjAyLURDNUQtNDMxNC05QzY1LTlGRjQ2MjI1MTNCRg==</productImage>
    <bullet1>The "Link-It" system is designed to fit the BRP LinQ™on any Polaris, Yamaha or Arctic Cat snowmobile</bullet1>
    <bullet2>The BRP's LinQ™Base Kit must be purchased separately</bullet2>
    <bullet3>No drilling required for Polaris snowmobiles equipped with the "T-Slot" system on the tunnel</bullet3>
    <bullet4>Hardware included</bullet4>
    <bullet5/>
    <bullet6/>
    <bullet7/>
    <bullet8/>
    <bullet9/>
    <bullet10/>
    <bullet11/>
    <bullet12/>
    <bullet13/>
    <bullet14/>
    <bullet15/>
    <bullet16/>
    <bullet17/>
    <bullet18/>
    <bullet19/>
    <bullet20/>
    <bullet21/>
    <bullet22/>
    <bullet23/>
    <bullet24/>
    <vendorPriceUpdateDate>2023-04-22 00:00:00</vendorPriceUpdateDate>
  </part>
  <part>
    <partNumber>05211761</partNumber>
    <punctuatedPartNumber>0521-1761</punctuatedPartNumber>
    <partStatusDescription>STANDARD</partStatusDescription>
    <partDescription>Link-IT Adapter - With T-Slot - Orange</partDescription>
    <unitOfMeasure>Kit</unitOfMeasure>
    <brandName>ITEK</brandName>
    <supplierNumber>335026</supplierNumber>
    <specialInstructions>Discontinued Per Buyer</specialInstructions>
    <baseDealerPrice>54.59</baseDealerPrice>
    <yourDealerPrice>54.59</yourDealerPrice>
    <baseRetailPrice>74.99</baseRetailPrice>
    <originalRetailPrice>80.91</originalRetailPrice>
    <partImage>http://asset.lemansnet.com/z/L0UvQi84L0VCOEQ4NUQ1LThCQTgtNEE1NS1CREUyLTNDM0I2NjVCMjBGMg==</partImage>
    <productId>0779802220</productId>
    <productName>Link-It Adaptors with T-Slot</productName>
    <productImage>http://asset.lemansnet.com/z/L0YvMC8xL0YwMTBCMjAyLURDNUQtNDMxNC05QzY1LTlGRjQ2MjI1MTNCRg==</productImage>
    <bullet1>The "Link-It" system is designed to fit the BRP LinQ™on any Polaris, Yamaha or Arctic Cat snowmobile</bullet1>
    <bullet2>The BRP's LinQ™Base Kit must be purchased separately</bullet2>
    <bullet3>No drilling required for Polaris snowmobiles equipped with the "T-Slot" system on the tunnel</bullet3>
    <bullet4>Hardware included</bullet4>
    <bullet5/>
    <bullet6/>
    <bullet7/>
    <bullet8/>
    <bullet9/>
    <bullet10/>
    <bullet11/>
    <bullet12/>
    <bullet13/>
    <bullet14/>
    <bullet15/>
    <bullet16/>
    <bullet17/>
    <bullet18/>
    <bullet19/>
    <bullet20/>
    <bullet21/>
    <bullet22/>
    <bullet23/>
    <bullet24/>
    <vendorPriceUpdateDate>2023-04-22 00:00:00</vendorPriceUpdateDate>
  </part>
  <part>
    <partNumber>05211765</partNumber>
    <punctuatedPartNumber>0521-1765</punctuatedPartNumber>
    <partStatusDescription>STANDARD</partStatusDescription>
    <partDescription>Link-It Adapter - Silver</partDescription>
    <unitOfMeasure>Kit</unitOfMeasure>
    <brandName>ITEK</brandName>
    <supplierNumber>335030</supplierNumber>
    <specialInstructions/>
    <baseDealerPrice>54.59</baseDealerPrice>
    <yourDealerPrice>54.59</yourDealerPrice>
    <baseRetailPrice>74.99</baseRetailPrice>
    <originalRetailPrice>80.91</originalRetailPrice>
    <partImage>http://asset.lemansnet.com/z/L0QvMi83L0QyNzhEMkE3LUFEOTUtNDQ1NS05MTY3LTFGQTdBMTNCOTA2RiwvMi9FLzEvMkUxN0NCNkUtQ0E1RS00MjcxLUI1MDQtMEY4RkY2MkQ3OUFBLC9DLzgvRC9DOERDMjM1Ny0yNzE2LTRCRUUtODRGQy1BNThERENDQkE1MkU=</partImage>
    <productId>1186359679</productId>
    <productName>Link-It Adaptors without T-Slot</productName>
    <productImage>http://asset.lemansnet.com/z/LzUvRC9FLzVERTkwMkI3LThENDgtNEE5NS04NjgxLTFGQkE0NTlBQjU3NA==</productImage>
    <bullet1>The "Link-It" system is designed to fit the BRP LinQ™on any Polaris, Yamaha or Arctic Cat snowmobile</bullet1>
    <bullet2>For models not equipped with a T-Slot System</bullet2>
    <bullet3>The BRP's LinQ™Base Kit must be purchased separately</bullet3>
    <bullet4>Drilling is required; Template for drilling included</bullet4>
    <bullet5>Sold with hardware</bullet5>
    <bullet6/>
    <bullet7/>
    <bullet8/>
    <bullet9/>
    <bullet10/>
    <bullet11/>
    <bullet12/>
    <bullet13/>
    <bullet14/>
    <bullet15/>
    <bullet16/>
    <bullet17/>
    <bullet18/>
    <bullet19/>
    <bullet20/>
    <bullet21/>
    <bullet22/>
    <bullet23/>
    <bullet24/>
    <vendorPriceUpdateDate>2023-04-22 00:00:00</vendorPriceUpdateDate>
  </part>
  <part>
    <partNumber>05301530</partNumber>
    <punctuatedPartNumber>0530-1530</punctuatedPartNumber>
    <partStatusDescription>STANDARD</partStatusDescription>
    <partDescription>Rear Bumper - Arctic Cat/Yamaha</partDescription>
    <unitOfMeasure>Kit</unitOfMeasure>
    <brandName>ITEK</brandName>
    <supplierNumber>333549</supplierNumber>
    <specialInstructions/>
    <baseDealerPrice>166.59</baseDealerPrice>
    <yourDealerPrice>166.59</yourDealerPrice>
    <baseRetailPrice>229.99</baseRetailPrice>
    <originalRetailPrice>238.99</originalRetailPrice>
    <partImage>http://asset.lemansnet.com/z/LzcvRS9BLzdFQTRENDUyLTE0MDQtNDAyMC05QTQyLUJBQTA0OUY2MTExRQ==</partImage>
    <productId>2094369876</productId>
    <productName>Rear Bumper</productName>
    <productImage>http://asset.lemansnet.com/z/LzgvRi84LzhGOEEwRkZDLTE2RTMtNDNDQi1BMDI4LUIxNjYwMUM1REIwOA==</productImage>
    <bullet1>Rear bumper with raised handle for better grip when in deep snow</bullet1>
    <bullet2>Increase the rigidity of the tunnel</bullet2>
    <bullet3>Black powder-coat finish</bullet3>
    <bullet4>Include stainless steel hardware</bullet4>
    <bullet5/>
    <bullet6/>
    <bullet7/>
    <bullet8/>
    <bullet9/>
    <bullet10/>
    <bullet11/>
    <bullet12/>
    <bullet13/>
    <bullet14/>
    <bullet15/>
    <bullet16/>
    <bullet17/>
    <bullet18/>
    <bullet19/>
    <bullet20/>
    <bullet21/>
    <bullet22/>
    <bullet23/>
    <bullet24/>
    <vendorPriceUpdateDate>2023-03-28 00:00:00</vendorPriceUpdateDate>
  </part>
  <part>
    <partNumber>05301531</partNumber>
    <punctuatedPartNumber>0530-1531</punctuatedPartNumber>
    <partStatusDescription>STANDARD</partStatusDescription>
    <partDescription>Rear Bumper - Arctic Cat/Yamaha</partDescription>
    <unitOfMeasure>Kit</unitOfMeasure>
    <brandName>ITEK</brandName>
    <supplierNumber>333554</supplierNumber>
    <specialInstructions/>
    <baseDealerPrice>162.59</baseDealerPrice>
    <yourDealerPrice>162.59</yourDealerPrice>
    <baseRetailPrice>229.99</baseRetailPrice>
    <originalRetailPrice>238.99</originalRetailPrice>
    <partImage>http://asset.lemansnet.com/z/LzUvMC81LzUwNUZBQzY3LTBGRDItNEMxOC1CODlBLTE0OUQ2MDlDMDIyQg==</partImage>
    <productId>1090990840</productId>
    <productName>Rear Bumper</productName>
    <productImage>http://asset.lemansnet.com/z/LzgvRi84LzhGOEEwRkZDLTE2RTMtNDNDQi1BMDI4LUIxNjYwMUM1REIwOA==</productImage>
    <bullet1>Rear bumper with raised handle for better grip when in deep snow</bullet1>
    <bullet2>Increase the rigidity of the tunnel</bullet2>
    <bullet3>Black powder-coat finish</bullet3>
    <bullet4>Include stainless steel hardware</bullet4>
    <bullet5/>
    <bullet6/>
    <bullet7/>
    <bullet8/>
    <bullet9/>
    <bullet10/>
    <bullet11/>
    <bullet12/>
    <bullet13/>
    <bullet14/>
    <bullet15/>
    <bullet16/>
    <bullet17/>
    <bullet18/>
    <bullet19/>
    <bullet20/>
    <bullet21/>
    <bullet22/>
    <bullet23/>
    <bullet24/>
    <vendorPriceUpdateDate>2023-03-28 00:00:00</vendorPriceUpdateDate>
  </part>
  <part>
    <partNumber>05301532</partNumber>
    <punctuatedPartNumber>0530-1532</punctuatedPartNumber>
    <partStatusDescription>STANDARD</partStatusDescription>
    <partDescription>Rear Bumper - Ski-Doo</partDescription>
    <unitOfMeasure>Kit</unitOfMeasure>
    <brandName>ITEK</brandName>
    <supplierNumber>333500</supplierNumber>
    <specialInstructions>Discontinued Per Buyer</specialInstructions>
    <baseDealerPrice>162.59</baseDealerPrice>
    <yourDealerPrice>162.59</yourDealerPrice>
    <baseRetailPrice>229.99</baseRetailPrice>
    <originalRetailPrice>238.99</originalRetailPrice>
    <partImage>http://asset.lemansnet.com/z/LzAvOC9GLzA4RjAyQTIxLUU4QTQtNEE5Qy1CRENDLUJCQzk5OTQ1NzQ3Mw==</partImage>
    <productId>1690104068</productId>
    <productName>Rear Bumper</productName>
    <productImage>http://asset.lemansnet.com/z/LzgvRi84LzhGOEEwRkZDLTE2RTMtNDNDQi1BMDI4LUIxNjYwMUM1REIwOA==</productImage>
    <bullet1>Rear bumper with raised handle for better grip when in deep snow</bullet1>
    <bullet2>Increase the rigidity of the tunnel</bullet2>
    <bullet3>Black powder-coat finish</bullet3>
    <bullet4>Include stainless steel hardware</bullet4>
    <bullet5/>
    <bullet6/>
    <bullet7/>
    <bullet8/>
    <bullet9/>
    <bullet10/>
    <bullet11/>
    <bullet12/>
    <bullet13/>
    <bullet14/>
    <bullet15/>
    <bullet16/>
    <bullet17/>
    <bullet18/>
    <bullet19/>
    <bullet20/>
    <bullet21/>
    <bullet22/>
    <bullet23/>
    <bullet24/>
    <vendorPriceUpdateDate>2023-03-28 00:00:00</vendorPriceUpdateDate>
  </part>
  <part>
    <partNumber>05301533</partNumber>
    <punctuatedPartNumber>0530-1533</punctuatedPartNumber>
    <partStatusDescription>STANDARD</partStatusDescription>
    <partDescription>Rear Bumper - Ski-Doo</partDescription>
    <unitOfMeasure>Kit</unitOfMeasure>
    <brandName>ITEK</brandName>
    <supplierNumber>333504</supplierNumber>
    <specialInstructions/>
    <baseDealerPrice>162.59</baseDealerPrice>
    <yourDealerPrice>162.59</yourDealerPrice>
    <baseRetailPrice>229.99</baseRetailPrice>
    <originalRetailPrice>238.99</originalRetailPrice>
    <partImage>http://asset.lemansnet.com/z/LzgvRi84LzhGOEEwRkZDLTE2RTMtNDNDQi1BMDI4LUIxNjYwMUM1REIwOA==</partImage>
    <productId>1690104068</productId>
    <productName>Rear Bumper</productName>
    <productImage>http://asset.lemansnet.com/z/LzgvRi84LzhGOEEwRkZDLTE2RTMtNDNDQi1BMDI4LUIxNjYwMUM1REIwOA==</productImage>
    <bullet1>Rear bumper with raised handle for better grip when in deep snow</bullet1>
    <bullet2>Increase the rigidity of the tunnel</bullet2>
    <bullet3>Black powder-coat finish</bullet3>
    <bullet4>Include stainless steel hardware</bullet4>
    <bullet5/>
    <bullet6/>
    <bullet7/>
    <bullet8/>
    <bullet9/>
    <bullet10/>
    <bullet11/>
    <bullet12/>
    <bullet13/>
    <bullet14/>
    <bullet15/>
    <bullet16/>
    <bullet17/>
    <bullet18/>
    <bullet19/>
    <bullet20/>
    <bullet21/>
    <bullet22/>
    <bullet23/>
    <bullet24/>
    <vendorPriceUpdateDate>2023-03-28 00:00:00</vendorPriceUpdateDate>
  </part>
  <part>
    <partNumber>05301534</partNumber>
    <punctuatedPartNumber>0530-1534</punctuatedPartNumber>
    <partStatusDescription>STANDARD</partStatusDescription>
    <partDescription>Rear Bumper - Ski-Doo</partDescription>
    <unitOfMeasure>Kit</unitOfMeasure>
    <brandName>ITEK</brandName>
    <supplierNumber>333508</supplierNumber>
    <specialInstructions/>
    <baseDealerPrice>162.59</baseDealerPrice>
    <yourDealerPrice>162.59</yourDealerPrice>
    <baseRetailPrice>229.99</baseRetailPrice>
    <originalRetailPrice>238.99</originalRetailPrice>
    <partImage>http://asset.lemansnet.com/z/L0UvOS82L0U5NkM3QjBDLUQ2NzktNDEyMS1CRDg5LUM2MUM2OTgxQTJCMw==</partImage>
    <productId>1690104068</productId>
    <productName>Rear Bumper</productName>
    <productImage>http://asset.lemansnet.com/z/LzgvRi84LzhGOEEwRkZDLTE2RTMtNDNDQi1BMDI4LUIxNjYwMUM1REIwOA==</productImage>
    <bullet1>Rear bumper with raised handle for better grip when in deep snow</bullet1>
    <bullet2>Increase the rigidity of the tunnel</bullet2>
    <bullet3>Black powder-coat finish</bullet3>
    <bullet4>Include stainless steel hardware</bullet4>
    <bullet5/>
    <bullet6/>
    <bullet7/>
    <bullet8/>
    <bullet9/>
    <bullet10/>
    <bullet11/>
    <bullet12/>
    <bullet13/>
    <bullet14/>
    <bullet15/>
    <bullet16/>
    <bullet17/>
    <bullet18/>
    <bullet19/>
    <bullet20/>
    <bullet21/>
    <bullet22/>
    <bullet23/>
    <bullet24/>
    <vendorPriceUpdateDate>2023-03-28 00:00:00</vendorPriceUpdateDate>
  </part>
  <part>
    <partNumber>05301537</partNumber>
    <punctuatedPartNumber>0530-1537</punctuatedPartNumber>
    <partStatusDescription>STANDARD</partStatusDescription>
    <partDescription>Rear Bumper - Polaris</partDescription>
    <unitOfMeasure>Kit</unitOfMeasure>
    <brandName>ITEK</brandName>
    <supplierNumber>333539</supplierNumber>
    <specialInstructions>Discontinued Per Buyer</specialInstructions>
    <baseDealerPrice>162.59</baseDealerPrice>
    <yourDealerPrice>162.59</yourDealerPrice>
    <baseRetailPrice>229.99</baseRetailPrice>
    <originalRetailPrice>238.99</originalRetailPrice>
    <partImage>http://asset.lemansnet.com/z/LzMvOS9FLzM5RUI5MUIyLTU2RTMtNERCNC04QkMzLTE0NjVBN0EzQkNDRA==</partImage>
    <productId>1690104068</productId>
    <productName>Rear Bumper</productName>
    <productImage>http://asset.lemansnet.com/z/LzgvRi84LzhGOEEwRkZDLTE2RTMtNDNDQi1BMDI4LUIxNjYwMUM1REIwOA==</productImage>
    <bullet1>Rear bumper with raised handle for better grip when in deep snow</bullet1>
    <bullet2>Increase the rigidity of the tunnel</bullet2>
    <bullet3>Black powder-coat finish</bullet3>
    <bullet4>Include stainless steel hardware</bullet4>
    <bullet5/>
    <bullet6/>
    <bullet7/>
    <bullet8/>
    <bullet9/>
    <bullet10/>
    <bullet11/>
    <bullet12/>
    <bullet13/>
    <bullet14/>
    <bullet15/>
    <bullet16/>
    <bullet17/>
    <bullet18/>
    <bullet19/>
    <bullet20/>
    <bullet21/>
    <bullet22/>
    <bullet23/>
    <bullet24/>
    <vendorPriceUpdateDate>2023-03-28 00:00:00</vendorPriceUpdateDate>
  </part>
  <part>
    <partNumber>05301539</partNumber>
    <punctuatedPartNumber>0530-1539</punctuatedPartNumber>
    <partStatusDescription>STANDARD</partStatusDescription>
    <partDescription>Rear Bumper - Polaris</partDescription>
    <unitOfMeasure>Kit</unitOfMeasure>
    <brandName>ITEK</brandName>
    <supplierNumber>333544</supplierNumber>
    <specialInstructions/>
    <baseDealerPrice>162.59</baseDealerPrice>
    <yourDealerPrice>162.59</yourDealerPrice>
    <baseRetailPrice>229.99</baseRetailPrice>
    <originalRetailPrice>238.99</originalRetailPrice>
    <partImage>http://asset.lemansnet.com/z/LzUvRC85LzVEOTg2M0QwLTY2MjQtNEJENS1BQTY4LTRFMzAxNERCODdENw==</partImage>
    <productId>1690104068</productId>
    <productName>Rear Bumper</productName>
    <productImage>http://asset.lemansnet.com/z/LzgvRi84LzhGOEEwRkZDLTE2RTMtNDNDQi1BMDI4LUIxNjYwMUM1REIwOA==</productImage>
    <bullet1>Rear bumper with raised handle for better grip when in deep snow</bullet1>
    <bullet2>Increase the rigidity of the tunnel</bullet2>
    <bullet3>Black powder-coat finish</bullet3>
    <bullet4>Include stainless steel hardware</bullet4>
    <bullet5/>
    <bullet6/>
    <bullet7/>
    <bullet8/>
    <bullet9/>
    <bullet10/>
    <bullet11/>
    <bullet12/>
    <bullet13/>
    <bullet14/>
    <bullet15/>
    <bullet16/>
    <bullet17/>
    <bullet18/>
    <bullet19/>
    <bullet20/>
    <bullet21/>
    <bullet22/>
    <bullet23/>
    <bullet24/>
    <vendorPriceUpdateDate>2023-03-28 00:00:00</vendorPriceUpdateDate>
  </part>
  <part>
    <partNumber>09360041</partNumber>
    <punctuatedPartNumber>0936-0041</punctuatedPartNumber>
    <partStatusDescription>STANDARD</partStatusDescription>
    <partDescription>Aluminum Starter Handle - Silver</partDescription>
    <unitOfMeasure>Each</unitOfMeasure>
    <brandName>ITEK</brandName>
    <supplierNumber>333605</supplierNumber>
    <specialInstructions/>
    <baseDealerPrice>31.19</baseDealerPrice>
    <yourDealerPrice>31.19</yourDealerPrice>
    <baseRetailPrice>43.99</baseRetailPrice>
    <originalRetailPrice>52.49</originalRetailPrice>
    <partImage>http://asset.lemansnet.com/z/LzAvMi8yLzAyMjBGMzk2LTg3QjAtNEJBRS1BQzNDLTk0RjI0REU1Njk2RA==</partImage>
    <productId>1783002694</productId>
    <productName>Starter Handle</productName>
    <productImage>http://asset.lemansnet.com/z/LzUvNS8zLzU1MzlEMzk3LUExQUQtNERBMy04REM0LUIxMDQyOTYxQzcxMw==</productImage>
    <bullet1>Billet handle made from 6061-T6 aluminum.</bullet1>
    <bullet2>Teflon shim to provided to prevent premature wear of the rope.</bullet2>
    <bullet3>Universal fit!</bullet3>
    <bullet4/>
    <bullet5/>
    <bullet6/>
    <bullet7/>
    <bullet8/>
    <bullet9/>
    <bullet10/>
    <bullet11/>
    <bullet12/>
    <bullet13/>
    <bullet14/>
    <bullet15/>
    <bullet16/>
    <bullet17/>
    <bullet18/>
    <bullet19/>
    <bullet20/>
    <bullet21/>
    <bullet22/>
    <bullet23/>
    <bullet24/>
    <vendorPriceUpdateDate>2023-03-28 00:00:00</vendorPriceUpdateDate>
  </part>
  <part>
    <partNumber>09360046</partNumber>
    <punctuatedPartNumber>0936-0046</punctuatedPartNumber>
    <partStatusDescription>STANDARD</partStatusDescription>
    <partDescription>Aluminum Starter Handle - Black</partDescription>
    <unitOfMeasure>Each</unitOfMeasure>
    <brandName>ITEK</brandName>
    <supplierNumber>333593</supplierNumber>
    <specialInstructions/>
    <baseDealerPrice>51.72</baseDealerPrice>
    <yourDealerPrice>51.72</yourDealerPrice>
    <baseRetailPrice>73.99</baseRetailPrice>
    <originalRetailPrice>76.67</originalRetailPrice>
    <partImage>http://asset.lemansnet.com/z/LzgvOC82Lzg4NjFGRTcxLTMwMEMtNDQ2NS1CREQ0LTA4NDM0QkE1OTNDMiwvNi9DLzIvNkMyQ0UxMEEtQURBNi00NzAzLTgyMDQtQjkyOEQ3NDA1NTA0</partImage>
    <productId>1836767832</productId>
    <productName>Starter Handle</productName>
    <productImage>http://asset.lemansnet.com/z/LzgvOC82Lzg4NjFGRTcxLTMwMEMtNDQ2NS1CREQ0LTA4NDM0QkE1OTNDMg==</productImage>
    <bullet1>Billet handle made from 6061-T6 aluminum.</bullet1>
    <bullet2>A built-in shock absorber makes the pulling force much more linear than with a standard handle.</bullet2>
    <bullet3>Universal fit!</bullet3>
    <bullet4/>
    <bullet5/>
    <bullet6/>
    <bullet7/>
    <bullet8/>
    <bullet9/>
    <bullet10/>
    <bullet11/>
    <bullet12/>
    <bullet13/>
    <bullet14/>
    <bullet15/>
    <bullet16/>
    <bullet17/>
    <bullet18/>
    <bullet19/>
    <bullet20/>
    <bullet21/>
    <bullet22/>
    <bullet23/>
    <bullet24/>
    <vendorPriceUpdateDate>2023-03-28 00:00:00</vendorPriceUpdateDate>
  </part>
  <part>
    <partNumber>47500151</partNumber>
    <punctuatedPartNumber>4750-0151</punctuatedPartNumber>
    <partStatusDescription>STANDARD</partStatusDescription>
    <partDescription>Suspension Rail Stiffeners - Series M '17-'19 - 153"</partDescription>
    <unitOfMeasure>Kit</unitOfMeasure>
    <brandName>ITEK</brandName>
    <supplierNumber>333627</supplierNumber>
    <specialInstructions/>
    <baseDealerPrice>124.44</baseDealerPrice>
    <yourDealerPrice>124.44</yourDealerPrice>
    <baseRetailPrice>169.99</baseRetailPrice>
    <originalRetailPrice>182.95</originalRetailPrice>
    <partImage>http://asset.lemansnet.com/z/LzUvQi9ELzVCRDQwQzQ2LUIwODUtNDMzMS05NzlDLUQ0QzhBMzA1M0Q3RA==</partImage>
    <productId>1784136676</productId>
    <productName>Suspension Rail Stiffeners</productName>
    <productImage>http://asset.lemansnet.com/z/L0EvRi9CL0FGQjM4NEM4LUUyOTEtNDU2OS1BMjY4LTlFOUVBNjZDNzI1QQ==</productImage>
    <bullet1>Improves the rigidity of OEM suspension rails</bullet1>
    <bullet2>Sold in 6 pieces (3 per side)</bullet2>
    <bullet3>Drilling required</bullet3>
    <bullet4/>
    <bullet5/>
    <bullet6/>
    <bullet7/>
    <bullet8/>
    <bullet9/>
    <bullet10/>
    <bullet11/>
    <bullet12/>
    <bullet13/>
    <bullet14/>
    <bullet15/>
    <bullet16/>
    <bullet17/>
    <bullet18/>
    <bullet19/>
    <bullet20/>
    <bullet21/>
    <bullet22/>
    <bullet23/>
    <bullet24/>
    <vendorPriceUpdateDate>2023-04-22 00:00:00</vendorPriceUpdateDate>
  </part>
  <part>
    <partNumber>47500153</partNumber>
    <punctuatedPartNumber>4750-0153</punctuatedPartNumber>
    <partStatusDescription>STANDARD</partStatusDescription>
    <partDescription>Suspension Rail Stiffeners - Series M '16 - 162"</partDescription>
    <unitOfMeasure>Kit</unitOfMeasure>
    <brandName>ITEK</brandName>
    <supplierNumber>333622</supplierNumber>
    <specialInstructions/>
    <baseDealerPrice>124.44</baseDealerPrice>
    <yourDealerPrice>124.44</yourDealerPrice>
    <baseRetailPrice>169.99</baseRetailPrice>
    <originalRetailPrice>182.95</originalRetailPrice>
    <partImage>http://asset.lemansnet.com/z/LzUvQi9ELzVCRDQwQzQ2LUIwODUtNDMzMS05NzlDLUQ0QzhBMzA1M0Q3RA==</partImage>
    <productId>1784136676</productId>
    <productName>Suspension Rail Stiffeners</productName>
    <productImage>http://asset.lemansnet.com/z/L0EvRi9CL0FGQjM4NEM4LUUyOTEtNDU2OS1BMjY4LTlFOUVBNjZDNzI1QQ==</productImage>
    <bullet1>Improves the rigidity of OEM suspension rails</bullet1>
    <bullet2>Sold in 6 pieces (3 per side)</bullet2>
    <bullet3>Drilling required</bullet3>
    <bullet4/>
    <bullet5/>
    <bullet6/>
    <bullet7/>
    <bullet8/>
    <bullet9/>
    <bullet10/>
    <bullet11/>
    <bullet12/>
    <bullet13/>
    <bullet14/>
    <bullet15/>
    <bullet16/>
    <bullet17/>
    <bullet18/>
    <bullet19/>
    <bullet20/>
    <bullet21/>
    <bullet22/>
    <bullet23/>
    <bullet24/>
    <vendorPriceUpdateDate>2023-04-22 00:00:00</vendorPriceUpdateDate>
  </part>
  <part>
    <partNumber>47500154</partNumber>
    <punctuatedPartNumber>4750-0154</punctuatedPartNumber>
    <partStatusDescription>STANDARD</partStatusDescription>
    <partDescription>Suspension Rail Stiffeners - Series M '17-'19-162"</partDescription>
    <unitOfMeasure>Kit</unitOfMeasure>
    <brandName>ITEK</brandName>
    <supplierNumber>333632</supplierNumber>
    <specialInstructions/>
    <baseDealerPrice>124.44</baseDealerPrice>
    <yourDealerPrice>124.44</yourDealerPrice>
    <baseRetailPrice>169.99</baseRetailPrice>
    <originalRetailPrice>182.95</originalRetailPrice>
    <partImage>http://asset.lemansnet.com/z/LzUvQi9ELzVCRDQwQzQ2LUIwODUtNDMzMS05NzlDLUQ0QzhBMzA1M0Q3RA==</partImage>
    <productId>1784136676</productId>
    <productName>Suspension Rail Stiffeners</productName>
    <productImage>http://asset.lemansnet.com/z/L0EvRi9CL0FGQjM4NEM4LUUyOTEtNDU2OS1BMjY4LTlFOUVBNjZDNzI1QQ==</productImage>
    <bullet1>Improves the rigidity of OEM suspension rails</bullet1>
    <bullet2>Sold in 6 pieces (3 per side)</bullet2>
    <bullet3>Drilling required</bullet3>
    <bullet4/>
    <bullet5/>
    <bullet6/>
    <bullet7/>
    <bullet8/>
    <bullet9/>
    <bullet10/>
    <bullet11/>
    <bullet12/>
    <bullet13/>
    <bullet14/>
    <bullet15/>
    <bullet16/>
    <bullet17/>
    <bullet18/>
    <bullet19/>
    <bullet20/>
    <bullet21/>
    <bullet22/>
    <bullet23/>
    <bullet24/>
    <vendorPriceUpdateDate>2023-04-22 00:00:00</vendorPriceUpdateDate>
  </part>
  <part>
    <partNumber>47500156</partNumber>
    <punctuatedPartNumber>4750-0156</punctuatedPartNumber>
    <partStatusDescription>STANDARD</partStatusDescription>
    <partDescription>Suspension Rail Stiffener - Axys '16-'19 - 163"</partDescription>
    <unitOfMeasure>Kit</unitOfMeasure>
    <brandName>ITEK</brandName>
    <supplierNumber>333643</supplierNumber>
    <specialInstructions/>
    <baseDealerPrice>124.44</baseDealerPrice>
    <yourDealerPrice>124.44</yourDealerPrice>
    <baseRetailPrice>169.99</baseRetailPrice>
    <originalRetailPrice>182.95</originalRetailPrice>
    <partImage>http://asset.lemansnet.com/z/LzUvQi9ELzVCRDQwQzQ2LUIwODUtNDMzMS05NzlDLUQ0QzhBMzA1M0Q3RA==</partImage>
    <productId>1784136676</productId>
    <productName>Suspension Rail Stiffeners</productName>
    <productImage>http://asset.lemansnet.com/z/L0EvRi9CL0FGQjM4NEM4LUUyOTEtNDU2OS1BMjY4LTlFOUVBNjZDNzI1QQ==</productImage>
    <bullet1>Improves the rigidity of OEM suspension rails</bullet1>
    <bullet2>Sold in 6 pieces (3 per side)</bullet2>
    <bullet3>Drilling required</bullet3>
    <bullet4/>
    <bullet5/>
    <bullet6/>
    <bullet7/>
    <bullet8/>
    <bullet9/>
    <bullet10/>
    <bullet11/>
    <bullet12/>
    <bullet13/>
    <bullet14/>
    <bullet15/>
    <bullet16/>
    <bullet17/>
    <bullet18/>
    <bullet19/>
    <bullet20/>
    <bullet21/>
    <bullet22/>
    <bullet23/>
    <bullet24/>
    <vendorPriceUpdateDate>2023-04-22 00:00:00</vendorPriceUpdateDate>
  </part>
</root>
