<root>
  <part>
    <partNumber>03620033</partNumber>
    <punctuatedPartNumber>0362-0033</punctuatedPartNumber>
    <partStatusDescription>STANDARD</partStatusDescription>
    <partDescription>Tire Warmers - Standard - Red - 250GP - Pair</partDescription>
    <unitOfMeasure>Pair</unitOfMeasure>
    <brandName>CHICKEN HAWK RACING</brandName>
    <supplierNumber>PRIV-STD-S/M</supplierNumber>
    <specialInstructions/>
    <baseDealerPrice>277.80</baseDealerPrice>
    <yourDealerPrice>277.80</yourDealerPrice>
    <baseRetailPrice>397.95</baseRetailPrice>
    <originalRetailPrice>395.95</originalRetailPrice>
    <partImage>http://asset.lemansnet.com/z/LzYvMS8zLzYxM0UxQTJBLTExQkItNEJERS1BM0QyLTUzMTVGODgzRDY0OA==</partImage>
    <productId>1499540048</productId>
    <productName>Privateer Tire Warmers Standard</productName>
    <productImage>http://asset.lemansnet.com/z/LzYvMS8zLzYxM0UxQTJBLTExQkItNEJERS1BM0QyLTUzMTVGODgzRDY0OA==</productImage>
    <bullet1>Slow, yet powerful, the warmer permeates the tire carcass with stable heat - attaining “hot tire pressure”</bullet1>
    <bullet2>Saves “heat cycles” so tires don’t age by being heated and cooled</bullet2>
    <bullet3>Dupont Nomex liner - melt-proof with temperature-sensitive dye</bullet3>
    <bullet4>Dual stage operating lights show when heating and when ready</bullet4>
    <bullet5>Allows for fast cornering from the first lap and helps tire last longer</bullet5>
    <bullet6>Neoprene side panels insulate the wheel and ensure proper fit</bullet6>
    <bullet7>Highest watt density - 650 watts rear and 500 watts front</bullet7>
    <bullet8>Carbon and poly insulation for better heat retention</bullet8>
    <bullet9>Back-n-forth heater design provides even heating</bullet9>
    <bullet10>Internal thermostatic control pre-set at 175° F</bullet10>
    <bullet11>Safe to use with race compound tires</bullet11>
    <bullet12>Sold in sets - one front and one rear</bullet12>
    <bullet13>Ballistic nylon exterior</bullet13>
    <bullet14>Nylon carrying bag</bullet14>
    <bullet15>6’ long power cord</bullet15>
    <bullet16>120V operation</bullet16>
    <bullet17>For tires up to 10" wide and 20" diameter.</bullet17>
    <bullet18/>
    <bullet19/>
    <bullet20/>
    <bullet21/>
    <bullet22/>
    <bullet23/>
    <bullet24/>
    <vendorPriceUpdateDate>2023-04-22 00:00:00</vendorPriceUpdateDate>
  </part>
  <part>
    <partNumber>03620034</partNumber>
    <punctuatedPartNumber>0362-0034</punctuatedPartNumber>
    <partStatusDescription>STANDARD</partStatusDescription>
    <partDescription>Tire Warmers - Standard - Red - Superbike - Pair</partDescription>
    <unitOfMeasure>Pair</unitOfMeasure>
    <brandName>CHICKEN HAWK RACING</brandName>
    <supplierNumber>PRIV-STD-SBK</supplierNumber>
    <specialInstructions>ACT SUPERBIKE STANDARD 02NAB</specialInstructions>
    <baseDealerPrice>277.80</baseDealerPrice>
    <yourDealerPrice>277.80</yourDealerPrice>
    <baseRetailPrice>397.95</baseRetailPrice>
    <originalRetailPrice>478.95</originalRetailPrice>
    <partImage>http://asset.lemansnet.com/z/LzYvMS8zLzYxM0UxQTJBLTExQkItNEJERS1BM0QyLTUzMTVGODgzRDY0OCwvMy9ELzcvM0Q3M0MxMTQtRjkxNi00RENDLTk3QTgtQUI5RDgzM0E3NzJC</partImage>
    <productId>1499540048</productId>
    <productName>Privateer Tire Warmers Standard</productName>
    <productImage>http://asset.lemansnet.com/z/LzYvMS8zLzYxM0UxQTJBLTExQkItNEJERS1BM0QyLTUzMTVGODgzRDY0OA==</productImage>
    <bullet1>Slow, yet powerful, the warmer permeates the tire carcass with stable heat - attaining “hot tire pressure”</bullet1>
    <bullet2>Saves “heat cycles” so tires don’t age by being heated and cooled</bullet2>
    <bullet3>Dupont Nomex liner - melt-proof with temperature-sensitive dye</bullet3>
    <bullet4>Dual stage operating lights show when heating and when ready</bullet4>
    <bullet5>Allows for fast cornering from the first lap and helps tire last longer</bullet5>
    <bullet6>Neoprene side panels insulate the wheel and ensure proper fit</bullet6>
    <bullet7>Highest watt density - 650 watts rear and 500 watts front</bullet7>
    <bullet8>Carbon and poly insulation for better heat retention</bullet8>
    <bullet9>Back-n-forth heater design provides even heating</bullet9>
    <bullet10>Internal thermostatic control pre-set at 175° F</bullet10>
    <bullet11>Safe to use with race compound tires</bullet11>
    <bullet12>Sold in sets - one front and one rear</bullet12>
    <bullet13>Ballistic nylon exterior</bullet13>
    <bullet14>Nylon carrying bag</bullet14>
    <bullet15>6’ long power cord</bullet15>
    <bullet16>120V operation</bullet16>
    <bullet17>For tires up to 10" wide and 20" diameter.</bullet17>
    <bullet18/>
    <bullet19/>
    <bullet20/>
    <bullet21/>
    <bullet22/>
    <bullet23/>
    <bullet24/>
    <vendorPriceUpdateDate>2023-04-22 00:00:00</vendorPriceUpdateDate>
  </part>
  <part>
    <partNumber>03620037</partNumber>
    <punctuatedPartNumber>0362-0037</punctuatedPartNumber>
    <partStatusDescription>STANDARD</partStatusDescription>
    <partDescription>Tire Warmer - Digital - Superbike</partDescription>
    <unitOfMeasure>Pair</unitOfMeasure>
    <brandName>CHICKEN HAWK RACING</brandName>
    <supplierNumber>PRIV-DTC-SBK</supplierNumber>
    <specialInstructions/>
    <baseDealerPrice>446.20</baseDealerPrice>
    <yourDealerPrice>446.20</yourDealerPrice>
    <baseRetailPrice>639.95</baseRetailPrice>
    <originalRetailPrice>691.95</originalRetailPrice>
    <partImage>http://asset.lemansnet.com/z/LzYvRi9DLzZGQzYyMUFBLTc4QUEtNDcwMi1BQjdFLTE1Q0M0RTk3RTlGMiwvNi8xLzYvNjE2MzczNDItRjYzMi00QjlBLTlBRjctOTdDMzU3Q0ZBOTdD</partImage>
    <productId>1645778246</productId>
    <productName>Privateer Tire Warmers-Digital Model</productName>
    <productImage>http://asset.lemansnet.com/z/LzYvRi9DLzZGQzYyMUFBLTc4QUEtNDcwMi1BQjdFLTE1Q0M0RTk3RTlGMg==</productImage>
    <bullet1>DTC3 Digital Controller includes these features: Both Target temperature and Actual temperature are visible; Running Time shows how long the warmer has been running; Quick Disconnect Power Cable - safety and convenience; Normal mode or Gradual Heat up modes can be selected; Ability to display Fahrenheit or Celsius</bullet1>
    <bullet2>The first to manufacture Tire Warmers in the U.S.A., Chicken Hawk Racing has supplied virtually all of the AMA Superbike teams and is well known for its quality and durability. The choice of AMA Factory Teams such as Yoshimura Suzuki, Red Bull Roadrace Factory, M4 Roadracing and Team Geico Honda.</bullet2>
    <bullet3>Slow, yet powerful, the warmer permeates the tire carcass with stable heat - attaining “hot tire pressure”</bullet3>
    <bullet4>Saves “heat cycles” so tires don’t age by being heated and cooled</bullet4>
    <bullet5>Dupont Nomex liner - designed for high temperatures</bullet5>
    <bullet6>Dual stage operating lights show when heating and when ready</bullet6>
    <bullet7>Allow for fast cornering from the first lap makes tire last longer</bullet7>
    <bullet8>Elastic side panels insulate the wheel and ensure proper fit</bullet8>
    <bullet9>Highest watt density - 650 watts rear and 460 watts front</bullet9>
    <bullet10>"Doctor Style Bag" protects during transit and storage</bullet10>
    <bullet11>Carbon and poly insulation for better heat retention</bullet11>
    <bullet12>Back-n-forth heater design provides even heating</bullet12>
    <bullet13>Safe to use with DOT and race compound tires</bullet13>
    <bullet14>Sold in sets - one front and one rear</bullet14>
    <bullet15>Ballistic nylon exterior</bullet15>
    <bullet16>120V operation</bullet16>
    <bullet17>For tires up to 10" wide and 20" diameter.</bullet17>
    <bullet18/>
    <bullet19/>
    <bullet20/>
    <bullet21/>
    <bullet22/>
    <bullet23/>
    <bullet24/>
    <vendorPriceUpdateDate>2023-04-22 00:00:00</vendorPriceUpdateDate>
  </part>
  <part>
    <partNumber>03620036</partNumber>
    <punctuatedPartNumber>0362-0036</punctuatedPartNumber>
    <partStatusDescription>STANDARD</partStatusDescription>
    <partDescription>Tire Warmer - Dual Temperature - Superbike</partDescription>
    <unitOfMeasure>Pair</unitOfMeasure>
    <brandName>CHICKEN HAWK RACING</brandName>
    <supplierNumber>PRIV-DUAL-SBK</supplierNumber>
    <specialInstructions/>
    <baseDealerPrice>319.10</baseDealerPrice>
    <yourDealerPrice>319.10</yourDealerPrice>
    <baseRetailPrice>456.95</baseRetailPrice>
    <originalRetailPrice>478.95</originalRetailPrice>
    <partImage>http://asset.lemansnet.com/z/LzgvOS83Lzg5N0MyMDZCLTlBMUEtNDYwNS1CMTEzLTk3QkQzNEE2MTdFNw==</partImage>
    <productId>1545457207</productId>
    <productName>Privateer Tire Warmers-Dual Temperature Model</productName>
    <productImage>http://asset.lemansnet.com/z/LzgvOS83Lzg5N0MyMDZCLTlBMUEtNDYwNS1CMTEzLTk3QkQzNEE2MTdFNw==</productImage>
    <bullet1>The first to manufacture Tire Warmers in the U.S.A., Chicken Hawk Racing has supplied virtually all of the AMA Superbike teams and is well known for its quality and durability. The choice of AMA Factory Teams such as Yoshimura Suzuki, Red Bull Roadrace Factory, M4 Roadracing and Team Geico Honda.</bullet1>
    <bullet2>Slow, yet powerful, the warmer permeates the tire carcass with stable heat - attaining “hot tire pressure”</bullet2>
    <bullet3>Saves “heat cycles” so tires don’t age by being heated and cooled</bullet3>
    <bullet4>Dupont Nomex liner - melt-proof with temperature-sensitive dye</bullet4>
    <bullet5>Dual stage operating lights show when heating and when ready</bullet5>
    <bullet6>Allow for fast cornering from the first lap makes tire last longer</bullet6>
    <bullet7>Neoprene side panels insulate the wheel and ensure proper fit</bullet7>
    <bullet8>Highest watt density - 650 watts rear and 500 watts front</bullet8>
    <bullet9>Change operating temperature with the flip of switch</bullet9>
    <bullet10>Carbon and poly insulation for better heat retention</bullet10>
    <bullet11>Back-n-forth heater design provides even heating</bullet11>
    <bullet12>Safe to use with DOT and race compound tires</bullet12>
    <bullet13>Sold in sets - one front and one rear</bullet13>
    <bullet14>Settings: Low 135° and High 175°F</bullet14>
    <bullet15>Ballistic nylon exterior</bullet15>
    <bullet16>"Doctor Style Bag"</bullet16>
    <bullet17>120V operation</bullet17>
    <bullet18>For tires up to 10" wide and 20" diameter.</bullet18>
    <bullet19/>
    <bullet20/>
    <bullet21/>
    <bullet22/>
    <bullet23/>
    <bullet24/>
    <vendorPriceUpdateDate>2023-04-22 00:00:00</vendorPriceUpdateDate>
  </part>
  <part>
    <partNumber>27040140</partNumber>
    <punctuatedPartNumber>2704-0140</punctuatedPartNumber>
    <partStatusDescription>STANDARD</partStatusDescription>
    <partDescription>Knee Sliders - White</partDescription>
    <unitOfMeasure>Pair</unitOfMeasure>
    <brandName>CHICKEN HAWK RACING</brandName>
    <supplierNumber>KS-WHT</supplierNumber>
    <specialInstructions/>
    <baseDealerPrice>24.90</baseDealerPrice>
    <yourDealerPrice>24.90</yourDealerPrice>
    <baseRetailPrice>35.95</baseRetailPrice>
    <originalRetailPrice>35.95</originalRetailPrice>
    <partImage>http://asset.lemansnet.com/z/L0QvRi9GL0RGRkU2NjM0LTFCMzUtNDJDNC1BMzAwLTFFMjM2RkY5ODgyMiwvOC82LzUvODY1MzFENEMtMzAwOC00QjcxLUIwQjQtNjVDQkNBMEFCMDA3</partImage>
    <productId>1537236789</productId>
    <productName>Knee Sliders</productName>
    <productImage>http://asset.lemansnet.com/z/L0QvMy9FL0QzRTIzRjVDLUIyMUEtNDAyMS04RkVFLTFCMEU2MkY0NzZGNA==</productImage>
    <bullet1>Hard compound plastic puck provides good wear resistance and feel</bullet1>
    <bullet2>Larger leather backing area with strong hook-and-loop fasteners to securely attach to all racing suits</bullet2>
    <bullet3>More curved than other brands for better fit</bullet3>
    <bullet4>Thicker for longer life</bullet4>
    <bullet5>Pucks have less friction and last longer than competitors' pucks, but still have low noise and less bounce</bullet5>
    <bullet6/>
    <bullet7/>
    <bullet8/>
    <bullet9/>
    <bullet10/>
    <bullet11/>
    <bullet12/>
    <bullet13/>
    <bullet14/>
    <bullet15/>
    <bullet16/>
    <bullet17/>
    <bullet18/>
    <bullet19/>
    <bullet20/>
    <bullet21/>
    <bullet22/>
    <bullet23/>
    <bullet24/>
    <vendorPriceUpdateDate>2023-04-22 00:00:00</vendorPriceUpdateDate>
  </part>
  <part>
    <partNumber>03620035</partNumber>
    <punctuatedPartNumber>0362-0035</punctuatedPartNumber>
    <partStatusDescription>STANDARD</partStatusDescription>
    <partDescription>Tire Warmer - Dual Temperature - 250GP</partDescription>
    <unitOfMeasure>Pair</unitOfMeasure>
    <brandName>CHICKEN HAWK RACING</brandName>
    <supplierNumber>PRIV-DUAL-S/M</supplierNumber>
    <specialInstructions>ACT 250GP/SUPERMOTO DUEL 02NAB</specialInstructions>
    <baseDealerPrice>319.10</baseDealerPrice>
    <yourDealerPrice>319.10</yourDealerPrice>
    <baseRetailPrice>456.95</baseRetailPrice>
    <originalRetailPrice>478.95</originalRetailPrice>
    <partImage>http://asset.lemansnet.com/z/LzgvOS83Lzg5N0MyMDZCLTlBMUEtNDYwNS1CMTEzLTk3QkQzNEE2MTdFNywvNi8yLzQvNjI0NzFFN0UtODUyQS00MTkyLTgyMEQtNTE0Qzc2Mjg1QzUz</partImage>
    <productId>1545457207</productId>
    <productName>Privateer Tire Warmers-Dual Temperature Model</productName>
    <productImage>http://asset.lemansnet.com/z/LzgvOS83Lzg5N0MyMDZCLTlBMUEtNDYwNS1CMTEzLTk3QkQzNEE2MTdFNw==</productImage>
    <bullet1>The first to manufacture Tire Warmers in the U.S.A., Chicken Hawk Racing has supplied virtually all of the AMA Superbike teams and is well known for its quality and durability. The choice of AMA Factory Teams such as Yoshimura Suzuki, Red Bull Roadrace Factory, M4 Roadracing and Team Geico Honda.</bullet1>
    <bullet2>Slow, yet powerful, the warmer permeates the tire carcass with stable heat - attaining “hot tire pressure”</bullet2>
    <bullet3>Saves “heat cycles” so tires don’t age by being heated and cooled</bullet3>
    <bullet4>Dupont Nomex liner - melt-proof with temperature-sensitive dye</bullet4>
    <bullet5>Dual stage operating lights show when heating and when ready</bullet5>
    <bullet6>Allow for fast cornering from the first lap makes tire last longer</bullet6>
    <bullet7>Neoprene side panels insulate the wheel and ensure proper fit</bullet7>
    <bullet8>Highest watt density - 650 watts rear and 500 watts front</bullet8>
    <bullet9>Change operating temperature with the flip of switch</bullet9>
    <bullet10>Carbon and poly insulation for better heat retention</bullet10>
    <bullet11>Back-n-forth heater design provides even heating</bullet11>
    <bullet12>Safe to use with DOT and race compound tires</bullet12>
    <bullet13>Sold in sets - one front and one rear</bullet13>
    <bullet14>Settings: Low 135° and High 175°F</bullet14>
    <bullet15>Ballistic nylon exterior</bullet15>
    <bullet16>"Doctor Style Bag"</bullet16>
    <bullet17>120V operation</bullet17>
    <bullet18>For tires up to 10" wide and 20" diameter.</bullet18>
    <bullet19/>
    <bullet20/>
    <bullet21/>
    <bullet22/>
    <bullet23/>
    <bullet24/>
    <vendorPriceUpdateDate>2023-04-22 00:00:00</vendorPriceUpdateDate>
  </part>
  <part>
    <partNumber>27040139</partNumber>
    <punctuatedPartNumber>2704-0139</punctuatedPartNumber>
    <partStatusDescription>STANDARD</partStatusDescription>
    <partDescription>Knee Sliders - Black</partDescription>
    <unitOfMeasure>Pair</unitOfMeasure>
    <brandName>CHICKEN HAWK RACING</brandName>
    <supplierNumber>KS-BLK</supplierNumber>
    <specialInstructions/>
    <baseDealerPrice>24.90</baseDealerPrice>
    <yourDealerPrice>24.90</yourDealerPrice>
    <baseRetailPrice>35.95</baseRetailPrice>
    <originalRetailPrice>35.95</originalRetailPrice>
    <partImage>http://asset.lemansnet.com/z/L0QvMy9FL0QzRTIzRjVDLUIyMUEtNDAyMS04RkVFLTFCMEU2MkY0NzZGNCwvOC82LzUvODY1MzFENEMtMzAwOC00QjcxLUIwQjQtNjVDQkNBMEFCMDA3LC8wL0IvMy8wQjM4M0VFMS03MUMyLTRBRjYtOThDMS0yMzE5NjYxRTk2RjI=</partImage>
    <productId>1537236789</productId>
    <productName>Knee Sliders</productName>
    <productImage>http://asset.lemansnet.com/z/L0QvMy9FL0QzRTIzRjVDLUIyMUEtNDAyMS04RkVFLTFCMEU2MkY0NzZGNA==</productImage>
    <bullet1>Hard compound plastic puck provides good wear resistance and feel</bullet1>
    <bullet2>Larger leather backing area with strong hook-and-loop fasteners to securely attach to all racing suits</bullet2>
    <bullet3>More curved than other brands for better fit</bullet3>
    <bullet4>Thicker for longer life</bullet4>
    <bullet5>Pucks have less friction and last longer than competitors' pucks, but still have low noise and less bounce</bullet5>
    <bullet6/>
    <bullet7/>
    <bullet8/>
    <bullet9/>
    <bullet10/>
    <bullet11/>
    <bullet12/>
    <bullet13/>
    <bullet14/>
    <bullet15/>
    <bullet16/>
    <bullet17/>
    <bullet18/>
    <bullet19/>
    <bullet20/>
    <bullet21/>
    <bullet22/>
    <bullet23/>
    <bullet24/>
    <vendorPriceUpdateDate>2023-04-22 00:00:00</vendorPriceUpdateDate>
  </part>
</root>
