<root>
  <part>
    <partNumber>40020081</partNumber>
    <punctuatedPartNumber>4002-0081</punctuatedPartNumber>
    <partStatusDescription>STANDARD</partStatusDescription>
    <partDescription>ATV Storage Cover - Olive - XL</partDescription>
    <unitOfMeasure>Each</unitOfMeasure>
    <brandName>CLASSIC ACCESSORIES</brandName>
    <supplierNumber>15-056-051404-0</supplierNumber>
    <specialInstructions/>
    <baseDealerPrice>42.20</baseDealerPrice>
    <yourDealerPrice>42.20</yourDealerPrice>
    <baseRetailPrice>59.99</baseRetailPrice>
    <originalRetailPrice>60.95</originalRetailPrice>
    <partImage>http://asset.lemansnet.com/z/LzgvNy9GLzg3RjFEQTRDLUI5NkUtNEYxQi05NkU2LUIxRThFNzMyMTgwNw==</partImage>
    <productId>0188803649</productId>
    <productName>QuadGear ATV Storage Cover</productName>
    <productImage>http://asset.lemansnet.com/z/LzgvNy9GLzg3RjFEQTRDLUI5NkUtNEYxQi05NkU2LUIxRThFNzMyMTgwNw==</productImage>
    <bullet1>Made of durable ProtekX2™ fabric with water-resistant backing and exterior coating for great weather and abrasion protection</bullet1>
    <bullet2>Elastic cord hem for a fast, tight fit</bullet2>
    <bullet3>Storage bag included</bullet3>
    <bullet4/>
    <bullet5/>
    <bullet6/>
    <bullet7/>
    <bullet8/>
    <bullet9/>
    <bullet10/>
    <bullet11/>
    <bullet12/>
    <bullet13/>
    <bullet14/>
    <bullet15/>
    <bullet16/>
    <bullet17/>
    <bullet18/>
    <bullet19/>
    <bullet20/>
    <bullet21/>
    <bullet22/>
    <bullet23/>
    <bullet24/>
    <vendorPriceUpdateDate>2022-03-19 00:00:00</vendorPriceUpdateDate>
  </part>
  <part>
    <partNumber>40020088</partNumber>
    <punctuatedPartNumber>4002-0088</punctuatedPartNumber>
    <partStatusDescription>STANDARD</partStatusDescription>
    <partDescription>UTV Deluxe Cover - Black/Gray - 2XL</partDescription>
    <unitOfMeasure>Each</unitOfMeasure>
    <brandName>CLASSIC ACCESSORIES</brandName>
    <supplierNumber>18-066-063801-0</supplierNumber>
    <specialInstructions/>
    <baseDealerPrice>153.90</baseDealerPrice>
    <yourDealerPrice>153.90</yourDealerPrice>
    <baseRetailPrice>236.95</baseRetailPrice>
    <originalRetailPrice>248.95</originalRetailPrice>
    <partImage>http://asset.lemansnet.com/z/LzkvNC82Lzk0NjE1MERCLUZBNUMtNDg2OS04RTZBLUMyQUZFMkFEMUNDMQ==</partImage>
    <productId>0367079603</productId>
    <productName>QuadGear UTV Deluxe Storage Cover</productName>
    <productImage>http://asset.lemansnet.com/z/LzkvNC82Lzk0NjE1MERCLUZBNUMtNDg2OS04RTZBLUMyQUZFMkFEMUNDMQ==</productImage>
    <bullet1>Heavy-duty ProtekX3™ fabric with water-resistant backing and exterior coating for extra weather and abrasion protection</bullet1>
    <bullet2>Integrated trailering system with quick adjusting straps and buckles</bullet2>
    <bullet3>Tension panels tightly secure cover for travel</bullet3>
    <bullet4/>
    <bullet5/>
    <bullet6/>
    <bullet7/>
    <bullet8/>
    <bullet9/>
    <bullet10/>
    <bullet11/>
    <bullet12/>
    <bullet13/>
    <bullet14/>
    <bullet15/>
    <bullet16/>
    <bullet17/>
    <bullet18/>
    <bullet19/>
    <bullet20/>
    <bullet21/>
    <bullet22/>
    <bullet23/>
    <bullet24/>
    <vendorPriceUpdateDate>2022-03-19 00:00:00</vendorPriceUpdateDate>
  </part>
  <part>
    <partNumber>40020087</partNumber>
    <punctuatedPartNumber>4002-0087</punctuatedPartNumber>
    <partStatusDescription>STANDARD</partStatusDescription>
    <partDescription>UTV Deluxe Cover - Black/Gray - XL</partDescription>
    <unitOfMeasure>Each</unitOfMeasure>
    <brandName>CLASSIC ACCESSORIES</brandName>
    <supplierNumber>18-065-053801-0</supplierNumber>
    <specialInstructions/>
    <baseDealerPrice>133.90</baseDealerPrice>
    <yourDealerPrice>133.90</yourDealerPrice>
    <baseRetailPrice>205.95</baseRetailPrice>
    <originalRetailPrice>205.95</originalRetailPrice>
    <partImage>http://asset.lemansnet.com/z/LzkvNC82Lzk0NjE1MERCLUZBNUMtNDg2OS04RTZBLUMyQUZFMkFEMUNDMQ==</partImage>
    <productId>0367079603</productId>
    <productName>QuadGear UTV Deluxe Storage Cover</productName>
    <productImage>http://asset.lemansnet.com/z/LzkvNC82Lzk0NjE1MERCLUZBNUMtNDg2OS04RTZBLUMyQUZFMkFEMUNDMQ==</productImage>
    <bullet1>Heavy-duty ProtekX3™ fabric with water-resistant backing and exterior coating for extra weather and abrasion protection</bullet1>
    <bullet2>Integrated trailering system with quick adjusting straps and buckles</bullet2>
    <bullet3>Tension panels tightly secure cover for travel</bullet3>
    <bullet4/>
    <bullet5/>
    <bullet6/>
    <bullet7/>
    <bullet8/>
    <bullet9/>
    <bullet10/>
    <bullet11/>
    <bullet12/>
    <bullet13/>
    <bullet14/>
    <bullet15/>
    <bullet16/>
    <bullet17/>
    <bullet18/>
    <bullet19/>
    <bullet20/>
    <bullet21/>
    <bullet22/>
    <bullet23/>
    <bullet24/>
    <vendorPriceUpdateDate>2022-03-19 00:00:00</vendorPriceUpdateDate>
  </part>
  <part>
    <partNumber>40020090</partNumber>
    <punctuatedPartNumber>4002-0090</punctuatedPartNumber>
    <partStatusDescription>STANDARD</partStatusDescription>
    <partDescription>QuadGear Storage Cover - UTV - Black - XL</partDescription>
    <unitOfMeasure>Each</unitOfMeasure>
    <brandName>CLASSIC ACCESSORIES</brandName>
    <supplierNumber>18-071-050401-0</supplierNumber>
    <specialInstructions/>
    <baseDealerPrice>77.40</baseDealerPrice>
    <yourDealerPrice>77.40</yourDealerPrice>
    <baseRetailPrice>119.95</baseRetailPrice>
    <originalRetailPrice>119.95</originalRetailPrice>
    <partImage>http://asset.lemansnet.com/z/LzIvRC9FLzJERTRBQUJELUUwRkMtNEVGMS1BNjIzLURDMURDQzY4MjVFMQ==</partImage>
    <productId>0473676949</productId>
    <productName>QuadGear UTV Storage Cover</productName>
    <productImage>http://asset.lemansnet.com/z/LzIvRC9FLzJERTRBQUJELUUwRkMtNEVGMS1BNjIzLURDMURDQzY4MjVFMQ==</productImage>
    <bullet1>Heavy-duty ProtekX2™ fabric with water-resistant backing and exterior coating for great weather and abrasion protection</bullet1>
    <bullet2>Dual air vents reduce condensation and wind lofting</bullet2>
    <bullet3>Elastic cord hem for a fast, tight fit</bullet3>
    <bullet4/>
    <bullet5/>
    <bullet6/>
    <bullet7/>
    <bullet8/>
    <bullet9/>
    <bullet10/>
    <bullet11/>
    <bullet12/>
    <bullet13/>
    <bullet14/>
    <bullet15/>
    <bullet16/>
    <bullet17/>
    <bullet18/>
    <bullet19/>
    <bullet20/>
    <bullet21/>
    <bullet22/>
    <bullet23/>
    <bullet24/>
    <vendorPriceUpdateDate>2022-03-19 00:00:00</vendorPriceUpdateDate>
  </part>
  <part>
    <partNumber>23170040</partNumber>
    <punctuatedPartNumber>2317-0040</punctuatedPartNumber>
    <partStatusDescription>STANDARD</partStatusDescription>
    <partDescription>Windshield - Universal</partDescription>
    <unitOfMeasure>Each</unitOfMeasure>
    <brandName>CLASSIC ACCESSORIES</brandName>
    <supplierNumber>78627</supplierNumber>
    <specialInstructions/>
    <baseDealerPrice>54.70</baseDealerPrice>
    <yourDealerPrice>54.70</yourDealerPrice>
    <baseRetailPrice>79.95</baseRetailPrice>
    <originalRetailPrice>70.95</originalRetailPrice>
    <partImage>http://asset.lemansnet.com/z/L0MvRS82L0NFNjRGNkFGLTc2NjMtNDdBMC04MDlGLUExRUU2NzQ0RkM5MQ==</partImage>
    <productId>0229462878</productId>
    <productName>Vinyl Windshield</productName>
    <productImage>http://asset.lemansnet.com/z/L0MvRS82L0NFNjRGNkFGLTc2NjMtNDdBMC04MDlGLUExRUU2NzQ0RkM5MQ==</productImage>
    <bullet1>Shield against rain and other extreme weather</bullet1>
    <bullet2>Clear vinyl window is framed with heavy-duty black ProtekX™ Extreme fabric and rolls up for easy storage</bullet2>
    <bullet3>Install to the roll cage with four cinch-tight straps and rip-and-grip closure tabs</bullet3>
    <bullet4/>
    <bullet5/>
    <bullet6/>
    <bullet7/>
    <bullet8/>
    <bullet9/>
    <bullet10/>
    <bullet11/>
    <bullet12/>
    <bullet13/>
    <bullet14/>
    <bullet15/>
    <bullet16/>
    <bullet17/>
    <bullet18/>
    <bullet19/>
    <bullet20/>
    <bullet21/>
    <bullet22/>
    <bullet23/>
    <bullet24/>
    <vendorPriceUpdateDate>2022-03-19 00:00:00</vendorPriceUpdateDate>
  </part>
  <part>
    <partNumber>23170307</partNumber>
    <punctuatedPartNumber>2317-0307</punctuatedPartNumber>
    <partStatusDescription>STANDARD</partStatusDescription>
    <partDescription>Windshield - Kawasaki</partDescription>
    <unitOfMeasure>Each</unitOfMeasure>
    <brandName>CLASSIC ACCESSORIES</brandName>
    <supplierNumber>18-094-010401-0</supplierNumber>
    <specialInstructions/>
    <baseDealerPrice>46.00</baseDealerPrice>
    <yourDealerPrice>46.00</yourDealerPrice>
    <baseRetailPrice>70.95</baseRetailPrice>
    <originalRetailPrice>70.95</originalRetailPrice>
    <partImage>http://asset.lemansnet.com/z/LzEvNC83LzE0NzM1OUQzLTMxRjgtNDRCOS1BQ0Q2LTVENkFGRENEQ0I1Rg==</partImage>
    <productId>0229462878</productId>
    <productName>Vinyl Windshield</productName>
    <productImage>http://asset.lemansnet.com/z/L0MvRS82L0NFNjRGNkFGLTc2NjMtNDdBMC04MDlGLUExRUU2NzQ0RkM5MQ==</productImage>
    <bullet1>Shield against rain and other extreme weather</bullet1>
    <bullet2>Clear vinyl window is framed with heavy-duty black ProtekX™ Extreme fabric and rolls up for easy storage</bullet2>
    <bullet3>Install to the roll cage with four cinch-tight straps and rip-and-grip closure tabs</bullet3>
    <bullet4/>
    <bullet5/>
    <bullet6/>
    <bullet7/>
    <bullet8/>
    <bullet9/>
    <bullet10/>
    <bullet11/>
    <bullet12/>
    <bullet13/>
    <bullet14/>
    <bullet15/>
    <bullet16/>
    <bullet17/>
    <bullet18/>
    <bullet19/>
    <bullet20/>
    <bullet21/>
    <bullet22/>
    <bullet23/>
    <bullet24/>
    <vendorPriceUpdateDate>2022-03-19 00:00:00</vendorPriceUpdateDate>
  </part>
  <part>
    <partNumber>35180123</partNumber>
    <punctuatedPartNumber>3518-0123</punctuatedPartNumber>
    <partStatusDescription>STANDARD</partStatusDescription>
    <partDescription>Double Gun Case - Black</partDescription>
    <unitOfMeasure>Each</unitOfMeasure>
    <brandName>CLASSIC ACCESSORIES</brandName>
    <supplierNumber>18-129-010401-0</supplierNumber>
    <specialInstructions/>
    <baseDealerPrice>99.00</baseDealerPrice>
    <yourDealerPrice>99.00</yourDealerPrice>
    <baseRetailPrice>152.95</baseRetailPrice>
    <originalRetailPrice>175.95</originalRetailPrice>
    <partImage>http://asset.lemansnet.com/z/L0IvRS9GL0JFRjVCRkEzLTAxQzQtNEY1Ri1BMTEzLTY1QzU0OTM0ODM2Ng==</partImage>
    <productId>0609350713</productId>
    <productName>UTV Double Gun Carrier</productName>
    <productImage>http://asset.lemansnet.com/z/L0IvNy8xL0I3MUU4OUQ2LUY5NjItNDRFMy05RTQ1LThGNUZFQ0JFNkE0Ng==</productImage>
    <bullet1>Features heavy-duty ProtekX6™ fabric with water-resistant backing and exterior coating for maximum weather and abrasion protection</bullet1>
    <bullet2>Designed with three large gear pockets for extra shells or other items</bullet2>
    <bullet3>Fits most UTV roll cages</bullet3>
    <bullet4>Measures 53" W, 4" D, 17" H</bullet4>
    <bullet5/>
    <bullet6/>
    <bullet7/>
    <bullet8/>
    <bullet9/>
    <bullet10/>
    <bullet11/>
    <bullet12/>
    <bullet13/>
    <bullet14/>
    <bullet15/>
    <bullet16/>
    <bullet17/>
    <bullet18/>
    <bullet19/>
    <bullet20/>
    <bullet21/>
    <bullet22/>
    <bullet23/>
    <bullet24/>
    <vendorPriceUpdateDate>2022-03-19 00:00:00</vendorPriceUpdateDate>
  </part>
  <part>
    <partNumber>40020082</partNumber>
    <punctuatedPartNumber>4002-0082</punctuatedPartNumber>
    <partStatusDescription>STANDARD</partStatusDescription>
    <partDescription>ATV Storage Cover - Olive - 2XL</partDescription>
    <unitOfMeasure>Each</unitOfMeasure>
    <brandName>CLASSIC ACCESSORIES</brandName>
    <supplierNumber>15-057-061404-0</supplierNumber>
    <specialInstructions/>
    <baseDealerPrice>41.60</baseDealerPrice>
    <yourDealerPrice>41.60</yourDealerPrice>
    <baseRetailPrice>63.95</baseRetailPrice>
    <originalRetailPrice>63.95</originalRetailPrice>
    <partImage>http://asset.lemansnet.com/z/LzgvNy9GLzg3RjFEQTRDLUI5NkUtNEYxQi05NkU2LUIxRThFNzMyMTgwNw==</partImage>
    <productId>0188803649</productId>
    <productName>QuadGear ATV Storage Cover</productName>
    <productImage>http://asset.lemansnet.com/z/LzgvNy9GLzg3RjFEQTRDLUI5NkUtNEYxQi05NkU2LUIxRThFNzMyMTgwNw==</productImage>
    <bullet1>Made of durable ProtekX2™ fabric with water-resistant backing and exterior coating for great weather and abrasion protection</bullet1>
    <bullet2>Elastic cord hem for a fast, tight fit</bullet2>
    <bullet3>Storage bag included</bullet3>
    <bullet4/>
    <bullet5/>
    <bullet6/>
    <bullet7/>
    <bullet8/>
    <bullet9/>
    <bullet10/>
    <bullet11/>
    <bullet12/>
    <bullet13/>
    <bullet14/>
    <bullet15/>
    <bullet16/>
    <bullet17/>
    <bullet18/>
    <bullet19/>
    <bullet20/>
    <bullet21/>
    <bullet22/>
    <bullet23/>
    <bullet24/>
    <vendorPriceUpdateDate>2022-03-19 00:00:00</vendorPriceUpdateDate>
  </part>
  <part>
    <partNumber>40020086</partNumber>
    <punctuatedPartNumber>4002-0086</punctuatedPartNumber>
    <partStatusDescription>STANDARD</partStatusDescription>
    <partDescription>UTV Deluxe Cover - Black/Gray - Large</partDescription>
    <unitOfMeasure>Each</unitOfMeasure>
    <brandName>CLASSIC ACCESSORIES</brandName>
    <supplierNumber>18-064-043801-0</supplierNumber>
    <specialInstructions/>
    <baseDealerPrice>127.80</baseDealerPrice>
    <yourDealerPrice>127.80</yourDealerPrice>
    <baseRetailPrice>196.95</baseRetailPrice>
    <originalRetailPrice>196.95</originalRetailPrice>
    <partImage>http://asset.lemansnet.com/z/LzkvNC82Lzk0NjE1MERCLUZBNUMtNDg2OS04RTZBLUMyQUZFMkFEMUNDMQ==</partImage>
    <productId>0367079603</productId>
    <productName>QuadGear UTV Deluxe Storage Cover</productName>
    <productImage>http://asset.lemansnet.com/z/LzkvNC82Lzk0NjE1MERCLUZBNUMtNDg2OS04RTZBLUMyQUZFMkFEMUNDMQ==</productImage>
    <bullet1>Heavy-duty ProtekX3™ fabric with water-resistant backing and exterior coating for extra weather and abrasion protection</bullet1>
    <bullet2>Integrated trailering system with quick adjusting straps and buckles</bullet2>
    <bullet3>Tension panels tightly secure cover for travel</bullet3>
    <bullet4/>
    <bullet5/>
    <bullet6/>
    <bullet7/>
    <bullet8/>
    <bullet9/>
    <bullet10/>
    <bullet11/>
    <bullet12/>
    <bullet13/>
    <bullet14/>
    <bullet15/>
    <bullet16/>
    <bullet17/>
    <bullet18/>
    <bullet19/>
    <bullet20/>
    <bullet21/>
    <bullet22/>
    <bullet23/>
    <bullet24/>
    <vendorPriceUpdateDate>2022-03-19 00:00:00</vendorPriceUpdateDate>
  </part>
  <part>
    <partNumber>40020089</partNumber>
    <punctuatedPartNumber>4002-0089</punctuatedPartNumber>
    <partStatusDescription>STANDARD</partStatusDescription>
    <partDescription>QuadGear Storage Cover - UTV - Black - Large</partDescription>
    <unitOfMeasure>Each</unitOfMeasure>
    <brandName>CLASSIC ACCESSORIES</brandName>
    <supplierNumber>18-070-040401-0</supplierNumber>
    <specialInstructions/>
    <baseDealerPrice>91.40</baseDealerPrice>
    <yourDealerPrice>91.40</yourDealerPrice>
    <baseRetailPrice>112.95</baseRetailPrice>
    <originalRetailPrice>112.95</originalRetailPrice>
    <partImage>http://asset.lemansnet.com/z/LzIvRC9FLzJERTRBQUJELUUwRkMtNEVGMS1BNjIzLURDMURDQzY4MjVFMQ==</partImage>
    <productId>0473676949</productId>
    <productName>QuadGear UTV Storage Cover</productName>
    <productImage>http://asset.lemansnet.com/z/LzIvRC9FLzJERTRBQUJELUUwRkMtNEVGMS1BNjIzLURDMURDQzY4MjVFMQ==</productImage>
    <bullet1>Heavy-duty ProtekX2™ fabric with water-resistant backing and exterior coating for great weather and abrasion protection</bullet1>
    <bullet2>Dual air vents reduce condensation and wind lofting</bullet2>
    <bullet3>Elastic cord hem for a fast, tight fit</bullet3>
    <bullet4/>
    <bullet5/>
    <bullet6/>
    <bullet7/>
    <bullet8/>
    <bullet9/>
    <bullet10/>
    <bullet11/>
    <bullet12/>
    <bullet13/>
    <bullet14/>
    <bullet15/>
    <bullet16/>
    <bullet17/>
    <bullet18/>
    <bullet19/>
    <bullet20/>
    <bullet21/>
    <bullet22/>
    <bullet23/>
    <bullet24/>
    <vendorPriceUpdateDate>2022-03-19 00:00:00</vendorPriceUpdateDate>
  </part>
  <part>
    <partNumber>05210661</partNumber>
    <punctuatedPartNumber>0521-0661</punctuatedPartNumber>
    <partStatusDescription>STANDARD</partStatusDescription>
    <partDescription>Rear Window - Ranger - Black</partDescription>
    <unitOfMeasure>Each</unitOfMeasure>
    <brandName>CLASSIC ACCESSORIES</brandName>
    <supplierNumber>78657</supplierNumber>
    <specialInstructions/>
    <baseDealerPrice>49.30</baseDealerPrice>
    <yourDealerPrice>49.30</yourDealerPrice>
    <baseRetailPrice>75.95</baseRetailPrice>
    <originalRetailPrice>55.95</originalRetailPrice>
    <partImage>http://asset.lemansnet.com/z/L0IvMi8xL0IyMTE3MEFDLTY2ODctNDJDOS1BQzA1LTc0ODZFNERCMTNFNA==</partImage>
    <productId>1596808635</productId>
    <productName>Rear Windows</productName>
    <productImage>http://asset.lemansnet.com/z/L0UvQy8zL0VDM0M2NDE4LUQyNDYtNDVEMi1BNTJBLTlGQ0JENUE1RDVENA==</productImage>
    <bullet1>Made from super-clear vinyl and framed with heavy-duty black ProtekX™ Extreme fabric</bullet1>
    <bullet2>Rolls up for quick and easy storage</bullet2>
    <bullet3>Installs to the roll cage with four cinch-tight straps and rip-and-grip closure tabs</bullet3>
    <bullet4/>
    <bullet5/>
    <bullet6/>
    <bullet7/>
    <bullet8/>
    <bullet9/>
    <bullet10/>
    <bullet11/>
    <bullet12/>
    <bullet13/>
    <bullet14/>
    <bullet15/>
    <bullet16/>
    <bullet17/>
    <bullet18/>
    <bullet19/>
    <bullet20/>
    <bullet21/>
    <bullet22/>
    <bullet23/>
    <bullet24/>
    <vendorPriceUpdateDate>2022-03-19 00:00:00</vendorPriceUpdateDate>
  </part>
  <part>
    <partNumber>05210662</partNumber>
    <punctuatedPartNumber>0521-0662</punctuatedPartNumber>
    <partStatusDescription>STANDARD</partStatusDescription>
    <partDescription>Grab Handles - Black - Pair</partDescription>
    <unitOfMeasure>Pair</unitOfMeasure>
    <brandName>CLASSIC ACCESSORIES</brandName>
    <supplierNumber>77777</supplierNumber>
    <specialInstructions/>
    <baseDealerPrice>17.00</baseDealerPrice>
    <yourDealerPrice>17.00</yourDealerPrice>
    <baseRetailPrice>26.95</baseRetailPrice>
    <originalRetailPrice>26.95</originalRetailPrice>
    <partImage>http://asset.lemansnet.com/z/L0QvMi9GL0QyRjUzQkRFLUNCMkYtNDJEMi05MTQ1LTNBQUM0NjQ4MEIyRA==</partImage>
    <productId>0340657487</productId>
    <productName>Hand Holds</productName>
    <productImage>http://asset.lemansnet.com/z/L0QvMi9GL0QyRjUzQkRFLUNCMkYtNDJEMi05MTQ1LTNBQUM0NjQ4MEIyRA==</productImage>
    <bullet1>Made of heavy-duty ProtekX™ Extreme fabric with textured grip handles</bullet1>
    <bullet2>Adjustable straps enable fitment to most UTV roll cages up to 1.75" in dia.</bullet2>
    <bullet3/>
    <bullet4/>
    <bullet5/>
    <bullet6/>
    <bullet7/>
    <bullet8/>
    <bullet9/>
    <bullet10/>
    <bullet11/>
    <bullet12/>
    <bullet13/>
    <bullet14/>
    <bullet15/>
    <bullet16/>
    <bullet17/>
    <bullet18/>
    <bullet19/>
    <bullet20/>
    <bullet21/>
    <bullet22/>
    <bullet23/>
    <bullet24/>
    <vendorPriceUpdateDate>2023-04-22 00:00:00</vendorPriceUpdateDate>
  </part>
  <part>
    <partNumber>05211339</partNumber>
    <punctuatedPartNumber>0521-1339</punctuatedPartNumber>
    <partStatusDescription>DISCONTINUED</partStatusDescription>
    <partDescription>Cab Enclosure - Half Door</partDescription>
    <unitOfMeasure>Each</unitOfMeasure>
    <brandName>CLASSIC ACCESSORIES</brandName>
    <supplierNumber>18-124-010401-0</supplierNumber>
    <specialInstructions>DISC ITEM</specialInstructions>
    <baseDealerPrice>230.80</baseDealerPrice>
    <yourDealerPrice>230.80</yourDealerPrice>
    <baseRetailPrice>355.95</baseRetailPrice>
    <originalRetailPrice>355.95</originalRetailPrice>
    <partImage>http://asset.lemansnet.com/z/L0MvMC85L0MwOTIxMTQ0LUU4NTUtNDM5My04MUJELUQ1MzRBOTk2RkNBNQ==</partImage>
    <productId>1197775035</productId>
    <productName>UTV Cab Enclosure</productName>
    <productImage>http://asset.lemansnet.com/z/L0MvMC85L0MwOTIxMTQ0LUU4NTUtNDM5My04MUJELUQ1MzRBOTk2RkNBNQ==</productImage>
    <bullet1>Heavy-duty ProtekX6™ fabric with water-resistant backing and exterior coating for maximum weather abrasion protection</bullet1>
    <bullet2>Keeps the cab clean and dry in storage</bullet2>
    <bullet3>Large ultra-clear windshield material, doors and back window for excellent visibility</bullet3>
    <bullet4/>
    <bullet5/>
    <bullet6/>
    <bullet7/>
    <bullet8/>
    <bullet9/>
    <bullet10/>
    <bullet11/>
    <bullet12/>
    <bullet13/>
    <bullet14/>
    <bullet15/>
    <bullet16/>
    <bullet17/>
    <bullet18/>
    <bullet19/>
    <bullet20/>
    <bullet21/>
    <bullet22/>
    <bullet23/>
    <bullet24/>
    <vendorPriceUpdateDate>2023-04-22 00:00:00</vendorPriceUpdateDate>
  </part>
  <part>
    <partNumber>05211343</partNumber>
    <punctuatedPartNumber>0521-1343</punctuatedPartNumber>
    <partStatusDescription>DISCONTINUED</partStatusDescription>
    <partDescription>Cab Enclosure</partDescription>
    <unitOfMeasure>Each</unitOfMeasure>
    <brandName>CLASSIC ACCESSORIES</brandName>
    <supplierNumber>18-122-010401-0</supplierNumber>
    <specialInstructions>DISC ITEM</specialInstructions>
    <baseDealerPrice>230.80</baseDealerPrice>
    <yourDealerPrice>230.80</yourDealerPrice>
    <baseRetailPrice>355.95</baseRetailPrice>
    <originalRetailPrice>355.95</originalRetailPrice>
    <partImage>http://asset.lemansnet.com/z/L0MvMC85L0MwOTIxMTQ0LUU4NTUtNDM5My04MUJELUQ1MzRBOTk2RkNBNQ==</partImage>
    <productId>1197775035</productId>
    <productName>UTV Cab Enclosure</productName>
    <productImage>http://asset.lemansnet.com/z/L0MvMC85L0MwOTIxMTQ0LUU4NTUtNDM5My04MUJELUQ1MzRBOTk2RkNBNQ==</productImage>
    <bullet1>Heavy-duty ProtekX6™ fabric with water-resistant backing and exterior coating for maximum weather abrasion protection</bullet1>
    <bullet2>Keeps the cab clean and dry in storage</bullet2>
    <bullet3>Large ultra-clear windshield material, doors and back window for excellent visibility</bullet3>
    <bullet4/>
    <bullet5/>
    <bullet6/>
    <bullet7/>
    <bullet8/>
    <bullet9/>
    <bullet10/>
    <bullet11/>
    <bullet12/>
    <bullet13/>
    <bullet14/>
    <bullet15/>
    <bullet16/>
    <bullet17/>
    <bullet18/>
    <bullet19/>
    <bullet20/>
    <bullet21/>
    <bullet22/>
    <bullet23/>
    <bullet24/>
    <vendorPriceUpdateDate>2023-04-22 00:00:00</vendorPriceUpdateDate>
  </part>
  <part>
    <partNumber>05211345</partNumber>
    <punctuatedPartNumber>0521-1345</punctuatedPartNumber>
    <partStatusDescription>DISCONTINUED</partStatusDescription>
    <partDescription>Cab Enclosure</partDescription>
    <unitOfMeasure>Each</unitOfMeasure>
    <brandName>CLASSIC ACCESSORIES</brandName>
    <supplierNumber>18-119-010401-0</supplierNumber>
    <specialInstructions>Discontinued Part</specialInstructions>
    <baseDealerPrice>230.80</baseDealerPrice>
    <yourDealerPrice>230.80</yourDealerPrice>
    <baseRetailPrice>355.95</baseRetailPrice>
    <originalRetailPrice>355.95</originalRetailPrice>
    <partImage>http://asset.lemansnet.com/z/L0EvNy9BL0E3QTFCRTE5LUNCRjMtNEY0Ri1BNUM5LTlEQTRERTAzRjVENQ==</partImage>
    <productId>2136937113</productId>
    <productName>UTV Cab Enclosure</productName>
    <productImage>http://asset.lemansnet.com/z/L0MvMC85L0MwOTIxMTQ0LUU4NTUtNDM5My04MUJELUQ1MzRBOTk2RkNBNQ==</productImage>
    <bullet1>Heavy-duty ProtekX6™ fabric with water-resistant backing and exterior coating for maximum weather abrasion protection</bullet1>
    <bullet2>Keeps the cab clean and dry in storage</bullet2>
    <bullet3>Large ultra-clear windshield material, doors and back window for excellent visibility</bullet3>
    <bullet4/>
    <bullet5/>
    <bullet6/>
    <bullet7/>
    <bullet8/>
    <bullet9/>
    <bullet10/>
    <bullet11/>
    <bullet12/>
    <bullet13/>
    <bullet14/>
    <bullet15/>
    <bullet16/>
    <bullet17/>
    <bullet18/>
    <bullet19/>
    <bullet20/>
    <bullet21/>
    <bullet22/>
    <bullet23/>
    <bullet24/>
    <vendorPriceUpdateDate>2023-04-22 00:00:00</vendorPriceUpdateDate>
  </part>
  <part>
    <partNumber>08212234</partNumber>
    <punctuatedPartNumber>0821-2234</punctuatedPartNumber>
    <partStatusDescription>STANDARD</partStatusDescription>
    <partDescription>Bench Seat Cover - Black - Mule</partDescription>
    <unitOfMeasure>Set</unitOfMeasure>
    <brandName>CLASSIC ACCESSORIES</brandName>
    <supplierNumber>18-033-010401-0</supplierNumber>
    <specialInstructions/>
    <baseDealerPrice>76.80</baseDealerPrice>
    <yourDealerPrice>76.80</yourDealerPrice>
    <baseRetailPrice>118.95</baseRetailPrice>
    <originalRetailPrice>118.95</originalRetailPrice>
    <partImage>http://asset.lemansnet.com/z/LzIvRS9FLzJFRUYyQjk5LTBENEQtNEY4Ni05MERCLTQzNzUzQTZFQkYzNg==</partImage>
    <productId>1399100247</productId>
    <productName>Seat Cover</productName>
    <productImage>http://asset.lemansnet.com/z/L0UvNi9BL0U2QUIwN0Y3LUMxMjctNDg3My1CRDNDLTc3MUQ1NDNDNzE2Ng==</productImage>
    <bullet1>Protect new seats from dirt, mud, heat and other weather damage and renew the look of old seats</bullet1>
    <bullet2>Made of heavy-duty ProtekX6™ fabric with water-resistant backing and exterior coating for maximum weather and abrasion protection</bullet2>
    <bullet3/>
    <bullet4/>
    <bullet5/>
    <bullet6/>
    <bullet7/>
    <bullet8/>
    <bullet9/>
    <bullet10/>
    <bullet11/>
    <bullet12/>
    <bullet13/>
    <bullet14/>
    <bullet15/>
    <bullet16/>
    <bullet17/>
    <bullet18/>
    <bullet19/>
    <bullet20/>
    <bullet21/>
    <bullet22/>
    <bullet23/>
    <bullet24/>
    <vendorPriceUpdateDate>2023-04-22 00:00:00</vendorPriceUpdateDate>
  </part>
  <part>
    <partNumber>08210916</partNumber>
    <punctuatedPartNumber>0821-0916</punctuatedPartNumber>
    <partStatusDescription>STANDARD</partStatusDescription>
    <partDescription>Seat Cover - Black - Ranger</partDescription>
    <unitOfMeasure>Set</unitOfMeasure>
    <brandName>CLASSIC ACCESSORIES</brandName>
    <supplierNumber>78377</supplierNumber>
    <specialInstructions/>
    <baseDealerPrice>39.70</baseDealerPrice>
    <yourDealerPrice>39.70</yourDealerPrice>
    <baseRetailPrice>46.95</baseRetailPrice>
    <originalRetailPrice>46.95</originalRetailPrice>
    <partImage>http://asset.lemansnet.com/z/L0UvNi9BL0U2QUIwN0Y3LUMxMjctNDg3My1CRDNDLTc3MUQ1NDNDNzE2Ng==</partImage>
    <productId>1399100247</productId>
    <productName>Seat Cover</productName>
    <productImage>http://asset.lemansnet.com/z/L0UvNi9BL0U2QUIwN0Y3LUMxMjctNDg3My1CRDNDLTc3MUQ1NDNDNzE2Ng==</productImage>
    <bullet1>Protect new seats from dirt, mud, heat and other weather damage and renew the look of old seats</bullet1>
    <bullet2>Made of heavy-duty ProtekX6™ fabric with water-resistant backing and exterior coating for maximum weather and abrasion protection</bullet2>
    <bullet3/>
    <bullet4/>
    <bullet5/>
    <bullet6/>
    <bullet7/>
    <bullet8/>
    <bullet9/>
    <bullet10/>
    <bullet11/>
    <bullet12/>
    <bullet13/>
    <bullet14/>
    <bullet15/>
    <bullet16/>
    <bullet17/>
    <bullet18/>
    <bullet19/>
    <bullet20/>
    <bullet21/>
    <bullet22/>
    <bullet23/>
    <bullet24/>
    <vendorPriceUpdateDate>2023-04-22 00:00:00</vendorPriceUpdateDate>
  </part>
  <part>
    <partNumber>08212242</partNumber>
    <punctuatedPartNumber>0821-2242</punctuatedPartNumber>
    <partStatusDescription>STANDARD</partStatusDescription>
    <partDescription>Bench Seat Cover - New Vista - Ranger</partDescription>
    <unitOfMeasure>Set</unitOfMeasure>
    <brandName>CLASSIC ACCESSORIES</brandName>
    <supplierNumber>18-142-016003-0</supplierNumber>
    <specialInstructions/>
    <baseDealerPrice>79.70</baseDealerPrice>
    <yourDealerPrice>79.70</yourDealerPrice>
    <baseRetailPrice>109.99</baseRetailPrice>
    <originalRetailPrice>105.95</originalRetailPrice>
    <partImage>http://asset.lemansnet.com/z/LzYvQy85LzZDOUE0NjQyLTRFM0YtNDc3Ny04RTc0LUQ0RjBFRTAxODRBNw==</partImage>
    <productId>1399100247</productId>
    <productName>Seat Cover</productName>
    <productImage>http://asset.lemansnet.com/z/L0UvNi9BL0U2QUIwN0Y3LUMxMjctNDg3My1CRDNDLTc3MUQ1NDNDNzE2Ng==</productImage>
    <bullet1>Protect new seats from dirt, mud, heat and other weather damage and renew the look of old seats</bullet1>
    <bullet2>Made of heavy-duty ProtekX6™ fabric with water-resistant backing and exterior coating for maximum weather and abrasion protection</bullet2>
    <bullet3/>
    <bullet4/>
    <bullet5/>
    <bullet6/>
    <bullet7/>
    <bullet8/>
    <bullet9/>
    <bullet10/>
    <bullet11/>
    <bullet12/>
    <bullet13/>
    <bullet14/>
    <bullet15/>
    <bullet16/>
    <bullet17/>
    <bullet18/>
    <bullet19/>
    <bullet20/>
    <bullet21/>
    <bullet22/>
    <bullet23/>
    <bullet24/>
    <vendorPriceUpdateDate>2023-04-22 00:00:00</vendorPriceUpdateDate>
  </part>
  <part>
    <partNumber>08212236</partNumber>
    <punctuatedPartNumber>0821-2236</punctuatedPartNumber>
    <partStatusDescription>STANDARD</partStatusDescription>
    <partDescription>Bench Seat Cover - Black - Mule</partDescription>
    <unitOfMeasure>Set</unitOfMeasure>
    <brandName>CLASSIC ACCESSORIES</brandName>
    <supplierNumber>18-135-010403-0</supplierNumber>
    <specialInstructions/>
    <baseDealerPrice>33.80</baseDealerPrice>
    <yourDealerPrice>33.80</yourDealerPrice>
    <baseRetailPrice>51.95</baseRetailPrice>
    <originalRetailPrice>51.95</originalRetailPrice>
    <partImage>http://asset.lemansnet.com/z/LzIvRS9FLzJFRUYyQjk5LTBENEQtNEY4Ni05MERCLTQzNzUzQTZFQkYzNg==</partImage>
    <productId>1399100247</productId>
    <productName>Seat Cover</productName>
    <productImage>http://asset.lemansnet.com/z/L0UvNi9BL0U2QUIwN0Y3LUMxMjctNDg3My1CRDNDLTc3MUQ1NDNDNzE2Ng==</productImage>
    <bullet1>Protect new seats from dirt, mud, heat and other weather damage and renew the look of old seats</bullet1>
    <bullet2>Made of heavy-duty ProtekX6™ fabric with water-resistant backing and exterior coating for maximum weather and abrasion protection</bullet2>
    <bullet3/>
    <bullet4/>
    <bullet5/>
    <bullet6/>
    <bullet7/>
    <bullet8/>
    <bullet9/>
    <bullet10/>
    <bullet11/>
    <bullet12/>
    <bullet13/>
    <bullet14/>
    <bullet15/>
    <bullet16/>
    <bullet17/>
    <bullet18/>
    <bullet19/>
    <bullet20/>
    <bullet21/>
    <bullet22/>
    <bullet23/>
    <bullet24/>
    <vendorPriceUpdateDate>2023-04-22 00:00:00</vendorPriceUpdateDate>
  </part>
  <part>
    <partNumber>08212241</partNumber>
    <punctuatedPartNumber>0821-2241</punctuatedPartNumber>
    <partStatusDescription>STANDARD</partStatusDescription>
    <partDescription>Bench Seat Cover - New Vista - Ranger</partDescription>
    <unitOfMeasure>Set</unitOfMeasure>
    <brandName>CLASSIC ACCESSORIES</brandName>
    <supplierNumber>18-141-016003-0</supplierNumber>
    <specialInstructions/>
    <baseDealerPrice>60.00</baseDealerPrice>
    <yourDealerPrice>60.00</yourDealerPrice>
    <baseRetailPrice>92.95</baseRetailPrice>
    <originalRetailPrice>92.95</originalRetailPrice>
    <partImage>http://asset.lemansnet.com/z/LzYvQy85LzZDOUE0NjQyLTRFM0YtNDc3Ny04RTc0LUQ0RjBFRTAxODRBNw==</partImage>
    <productId>1399100247</productId>
    <productName>Seat Cover</productName>
    <productImage>http://asset.lemansnet.com/z/L0UvNi9BL0U2QUIwN0Y3LUMxMjctNDg3My1CRDNDLTc3MUQ1NDNDNzE2Ng==</productImage>
    <bullet1>Protect new seats from dirt, mud, heat and other weather damage and renew the look of old seats</bullet1>
    <bullet2>Made of heavy-duty ProtekX6™ fabric with water-resistant backing and exterior coating for maximum weather and abrasion protection</bullet2>
    <bullet3/>
    <bullet4/>
    <bullet5/>
    <bullet6/>
    <bullet7/>
    <bullet8/>
    <bullet9/>
    <bullet10/>
    <bullet11/>
    <bullet12/>
    <bullet13/>
    <bullet14/>
    <bullet15/>
    <bullet16/>
    <bullet17/>
    <bullet18/>
    <bullet19/>
    <bullet20/>
    <bullet21/>
    <bullet22/>
    <bullet23/>
    <bullet24/>
    <vendorPriceUpdateDate>2023-04-22 00:00:00</vendorPriceUpdateDate>
  </part>
  <part>
    <partNumber>08212244</partNumber>
    <punctuatedPartNumber>0821-2244</punctuatedPartNumber>
    <partStatusDescription>DISCONTINUED</partStatusDescription>
    <partDescription>Bucket Seat Cover - New Vista - Rhino</partDescription>
    <unitOfMeasure>Set</unitOfMeasure>
    <brandName>CLASSIC ACCESSORIES</brandName>
    <supplierNumber>18-145-016003-0</supplierNumber>
    <specialInstructions>Discontinued Part</specialInstructions>
    <baseDealerPrice>71.30</baseDealerPrice>
    <yourDealerPrice>71.30</yourDealerPrice>
    <baseRetailPrice>109.95</baseRetailPrice>
    <originalRetailPrice>109.95</originalRetailPrice>
    <partImage>http://asset.lemansnet.com/z/LzYvQy85LzZDOUE0NjQyLTRFM0YtNDc3Ny04RTc0LUQ0RjBFRTAxODRBNw==</partImage>
    <productId>1376126430</productId>
    <productName>Seat Cover</productName>
    <productImage>http://asset.lemansnet.com/z/L0UvNi9BL0U2QUIwN0Y3LUMxMjctNDg3My1CRDNDLTc3MUQ1NDNDNzE2Ng==</productImage>
    <bullet1>Protect new seats from dirt, mud, heat and other weather damage and renew the look of old seats</bullet1>
    <bullet2>Made of heavy-duty ProtekX6™ fabric with water-resistant backing and exterior coating for maximum weather and abrasion protection</bullet2>
    <bullet3/>
    <bullet4/>
    <bullet5/>
    <bullet6/>
    <bullet7/>
    <bullet8/>
    <bullet9/>
    <bullet10/>
    <bullet11/>
    <bullet12/>
    <bullet13/>
    <bullet14/>
    <bullet15/>
    <bullet16/>
    <bullet17/>
    <bullet18/>
    <bullet19/>
    <bullet20/>
    <bullet21/>
    <bullet22/>
    <bullet23/>
    <bullet24/>
    <vendorPriceUpdateDate>2023-04-22 00:00:00</vendorPriceUpdateDate>
  </part>
  <part>
    <partNumber>35180124</partNumber>
    <punctuatedPartNumber>3518-0124</punctuatedPartNumber>
    <partStatusDescription>STANDARD</partStatusDescription>
    <partDescription>Double Gun Case - Next Vista G1™ Camo</partDescription>
    <unitOfMeasure>Each</unitOfMeasure>
    <brandName>CLASSIC ACCESSORIES</brandName>
    <supplierNumber>18-130-016001-0</supplierNumber>
    <specialInstructions/>
    <baseDealerPrice>124.60</baseDealerPrice>
    <yourDealerPrice>124.60</yourDealerPrice>
    <baseRetailPrice>191.95</baseRetailPrice>
    <originalRetailPrice>191.95</originalRetailPrice>
    <partImage>http://asset.lemansnet.com/z/L0IvNy8xL0I3MUU4OUQ2LUY5NjItNDRFMy05RTQ1LThGNUZFQ0JFNkE0Ng==</partImage>
    <productId>0609350713</productId>
    <productName>UTV Double Gun Carrier</productName>
    <productImage>http://asset.lemansnet.com/z/L0IvNy8xL0I3MUU4OUQ2LUY5NjItNDRFMy05RTQ1LThGNUZFQ0JFNkE0Ng==</productImage>
    <bullet1>Features heavy-duty ProtekX6™ fabric with water-resistant backing and exterior coating for maximum weather and abrasion protection</bullet1>
    <bullet2>Designed with three large gear pockets for extra shells or other items</bullet2>
    <bullet3>Fits most UTV roll cages</bullet3>
    <bullet4>Measures 53" W, 4" D, 17" H</bullet4>
    <bullet5/>
    <bullet6/>
    <bullet7/>
    <bullet8/>
    <bullet9/>
    <bullet10/>
    <bullet11/>
    <bullet12/>
    <bullet13/>
    <bullet14/>
    <bullet15/>
    <bullet16/>
    <bullet17/>
    <bullet18/>
    <bullet19/>
    <bullet20/>
    <bullet21/>
    <bullet22/>
    <bullet23/>
    <bullet24/>
    <vendorPriceUpdateDate>2022-03-19 00:00:00</vendorPriceUpdateDate>
  </part>
  <part>
    <partNumber>08212243</partNumber>
    <punctuatedPartNumber>0821-2243</punctuatedPartNumber>
    <partStatusDescription>STANDARD</partStatusDescription>
    <partDescription>Bucket Seat Cover - Black - Rhino</partDescription>
    <unitOfMeasure>Set</unitOfMeasure>
    <brandName>CLASSIC ACCESSORIES</brandName>
    <supplierNumber>18-144-010403-0</supplierNumber>
    <specialInstructions/>
    <baseDealerPrice>61.30</baseDealerPrice>
    <yourDealerPrice>61.30</yourDealerPrice>
    <baseRetailPrice>94.95</baseRetailPrice>
    <originalRetailPrice>94.95</originalRetailPrice>
    <partImage>http://asset.lemansnet.com/z/LzIvRS9FLzJFRUYyQjk5LTBENEQtNEY4Ni05MERCLTQzNzUzQTZFQkYzNg==</partImage>
    <productId>1399100247</productId>
    <productName>Seat Cover</productName>
    <productImage>http://asset.lemansnet.com/z/L0UvNi9BL0U2QUIwN0Y3LUMxMjctNDg3My1CRDNDLTc3MUQ1NDNDNzE2Ng==</productImage>
    <bullet1>Protect new seats from dirt, mud, heat and other weather damage and renew the look of old seats</bullet1>
    <bullet2>Made of heavy-duty ProtekX6™ fabric with water-resistant backing and exterior coating for maximum weather and abrasion protection</bullet2>
    <bullet3/>
    <bullet4/>
    <bullet5/>
    <bullet6/>
    <bullet7/>
    <bullet8/>
    <bullet9/>
    <bullet10/>
    <bullet11/>
    <bullet12/>
    <bullet13/>
    <bullet14/>
    <bullet15/>
    <bullet16/>
    <bullet17/>
    <bullet18/>
    <bullet19/>
    <bullet20/>
    <bullet21/>
    <bullet22/>
    <bullet23/>
    <bullet24/>
    <vendorPriceUpdateDate>2023-04-22 00:00:00</vendorPriceUpdateDate>
  </part>
</root>
