<root>
  <part>
    <partNumber>DS325456</partNumber>
    <punctuatedPartNumber>DS-325456</punctuatedPartNumber>
    <partStatusDescription>DISCONTINUED</partStatusDescription>
    <partDescription>Heavy Duty Flasher</partDescription>
    <unitOfMeasure>Each</unitOfMeasure>
    <brandName>POWERBAND</brandName>
    <supplierNumber>23502</supplierNumber>
    <specialInstructions>Discontinued Item</specialInstructions>
    <baseDealerPrice>5.90</baseDealerPrice>
    <yourDealerPrice>5.90</yourDealerPrice>
    <baseRetailPrice>7.95</baseRetailPrice>
    <originalRetailPrice>16.95</originalRetailPrice>
    <partImage>http://asset.lemansnet.com/z/LzYvQy84LzZDODg1OUU3LUE4RjAtNEY4RC1CRTdCLUYxOTI5MDQ3MzFGMSwvMy8xL0UvMzFFRTVBMDktMzI5My00QzlDLTlFQTktRkI3QzU2MDI3NDk0</partImage>
    <productId>0657264103</productId>
    <productName>Heavy Duty Flasher</productName>
    <productImage>http://asset.lemansnet.com/z/LzYvQy84LzZDODg1OUU3LUE4RjAtNEY4RC1CRTdCLUYxOTI5MDQ3MzFGMQ==</productImage>
    <bullet1>Ideal's #552 heavy duty 12 V flasher</bullet1>
    <bullet2/>
    <bullet3/>
    <bullet4/>
    <bullet5/>
    <bullet6/>
    <bullet7/>
    <bullet8/>
    <bullet9/>
    <bullet10/>
    <bullet11/>
    <bullet12/>
    <bullet13/>
    <bullet14/>
    <bullet15/>
    <bullet16/>
    <bullet17/>
    <bullet18/>
    <bullet19/>
    <bullet20/>
    <bullet21/>
    <bullet22/>
    <bullet23/>
    <bullet24/>
    <vendorPriceUpdateDate>2022-06-27 00:00:00</vendorPriceUpdateDate>
  </part>
</root>
