<root>
  <part>
    <partNumber>45050862</partNumber>
    <punctuatedPartNumber>4505-0862</punctuatedPartNumber>
    <partStatusDescription>STANDARD</partStatusDescription>
    <partDescription>HitchLink 2.0 Receiver Hitch Shackle - 2" - Black</partDescription>
    <unitOfMeasure>Each</unitOfMeasure>
    <brandName>FACTOR 55</brandName>
    <supplierNumber>00020-04</supplierNumber>
    <specialInstructions/>
    <baseDealerPrice>72.70</baseDealerPrice>
    <yourDealerPrice>72.70</yourDealerPrice>
    <baseRetailPrice>103.95</baseRetailPrice>
    <originalRetailPrice>103.95</originalRetailPrice>
    <partImage>http://asset.lemansnet.com/z/L0IvRi9EL0JGRDdFQ0M5LTdCODYtNEQ4Ri05OUUzLUU2RDUzOEI1NTkzQw==</partImage>
    <productId>0709649206</productId>
    <productName>Receiver Hitch Shackle</productName>
    <productImage>http://asset.lemansnet.com/z/L0IvRi9EL0JGRDdFQ0M5LTdCODYtNEQ4Ri05OUUzLUU2RDUzOEI1NTkzQw==</productImage>
    <bullet1>Lets you use any 2" receiver as a recovery or tow point</bullet1>
    <bullet2>Can be used with screw pin shackles up to 3/4" or soft shackles up to 1/2"</bullet2>
    <bullet3>Made of lightweight, precision CNC-machined 6000-series aluminum</bullet3>
    <bullet4>Fits 2" x 2" receivers and uses common hitch pin diameters</bullet4>
    <bullet5>Rated at 9,500 lbs. with ultimate failure at 51,000 lbs.</bullet5>
    <bullet6>Weighs 1.9 lbs.</bullet6>
    <bullet7>Hard-anodized for oxidation protection</bullet7>
    <bullet8>Made in the U.S.A.</bullet8>
    <bullet9/>
    <bullet10/>
    <bullet11/>
    <bullet12/>
    <bullet13/>
    <bullet14/>
    <bullet15/>
    <bullet16/>
    <bullet17/>
    <bullet18/>
    <bullet19/>
    <bullet20/>
    <bullet21/>
    <bullet22/>
    <bullet23/>
    <bullet24/>
    <vendorPriceUpdateDate>2021-12-01 00:00:00</vendorPriceUpdateDate>
  </part>
  <part>
    <partNumber>45050870</partNumber>
    <punctuatedPartNumber>4505-0870</punctuatedPartNumber>
    <partStatusDescription>STANDARD</partStatusDescription>
    <partDescription>Hawse Fairlead - XTV - Gun Metal Gray</partDescription>
    <unitOfMeasure>Each</unitOfMeasure>
    <brandName>FACTOR 55</brandName>
    <supplierNumber>00024</supplierNumber>
    <specialInstructions/>
    <baseDealerPrice>34.20</baseDealerPrice>
    <yourDealerPrice>34.20</yourDealerPrice>
    <baseRetailPrice>48.95</baseRetailPrice>
    <originalRetailPrice>48.95</originalRetailPrice>
    <partImage>http://asset.lemansnet.com/z/L0MvRi8xL0NGMUIxOTBCLTE0NDEtNDZGNC1CQTgzLTk3NTk1NURFMDdFRg==</partImage>
    <productId>0956061199</productId>
    <productName>XTV Hawse Fairlead</productName>
    <productImage>http://asset.lemansnet.com/z/L0MvRi8xL0NGMUIxOTBCLTE0NDEtNDZGNC1CQTgzLTk3NTk1NURFMDdFRg==</productImage>
    <bullet1>CNC-machined from 1" thick U.S.A. 6000 series aluminum bar with large radius opening for less rope wear</bullet1>
    <bullet2>Super durable MIL-A-8625F Type III Gun Metal Gray hard-anodized finish, perfect for use with synthetic winch line</bullet2>
    <bullet3>Overall dimensions: 4.875" x 6.25" x 1.95" (12.38 cm x 15.88 cm x 4.95 cm)</bullet3>
    <bullet4>Hardware not included</bullet4>
    <bullet5>The thicker aluminum bar results in a larger outer fillet radius for synthetic rope to slide against</bullet5>
    <bullet6>For synthetic rope only</bullet6>
    <bullet7>EPDM rubber pads for fairlead protection, titanium double shear pin, and finger grip feature that promotes proper "Hook Up" orientation</bullet7>
    <bullet8>Made in the U.S.A.</bullet8>
    <bullet9/>
    <bullet10/>
    <bullet11/>
    <bullet12/>
    <bullet13/>
    <bullet14/>
    <bullet15/>
    <bullet16/>
    <bullet17/>
    <bullet18/>
    <bullet19/>
    <bullet20/>
    <bullet21/>
    <bullet22/>
    <bullet23/>
    <bullet24/>
    <vendorPriceUpdateDate>2021-12-01 00:00:00</vendorPriceUpdateDate>
  </part>
  <part>
    <partNumber>45050872</partNumber>
    <punctuatedPartNumber>4505-0872</punctuatedPartNumber>
    <partStatusDescription>STANDARD</partStatusDescription>
    <partDescription>Rope Retention Pulley + Soft Shackle Combo</partDescription>
    <unitOfMeasure>Each</unitOfMeasure>
    <brandName>FACTOR 55</brandName>
    <supplierNumber>00265</supplierNumber>
    <specialInstructions/>
    <baseDealerPrice>109.40</baseDealerPrice>
    <yourDealerPrice>109.40</yourDealerPrice>
    <baseRetailPrice>156.95</baseRetailPrice>
    <originalRetailPrice>156.95</originalRetailPrice>
    <partImage>http://asset.lemansnet.com/z/L0EvQS82L0FBNjQyODAzLUFERjgtNDQ4Qi05OEVGLUU2NjQ0NTIwOTA2Qg==</partImage>
    <productId>0349585326</productId>
    <productName>RRP XTV Rope Retention Pulley + Soft Shackle Combo</productName>
    <productImage>http://asset.lemansnet.com/z/L0EvQS82L0FBNjQyODAzLUFERjgtNDQ4Qi05OEVGLUU2NjQ0NTIwOTA2Qg==</productImage>
    <bullet1>Patented, compact, lightweight device is a great alternative clunky snatch blocks</bullet1>
    <bullet2>Can be used with a winch’s synthetic rope to increase pulling power and change direction</bullet2>
    <bullet3>Used in conjunction with a soft shackle</bullet3>
    <bullet4>Patented rubber fingers help retain the rope from exiting the pulley groves, preventing premature rope failure</bullet4>
    <bullet5>Oversized hole radius provides a smooth surface, and keeps the soft shackle’s legs from rubbing on the ring’s edges</bullet5>
    <bullet6>Friction surface is treated with Teflon for decreased friction and heat dissipation</bullet6>
    <bullet7>For use with 3/16”–1/4” synthetic rope only</bullet7>
    <bullet8>Made from billet-machined 6000-series aluminum with a Mil-A-8625 F hard-anodized surface</bullet8>
    <bullet9>The rope retention pulley showcases a 12,000 lb. working load limit and weighs just 8.1 oz</bullet9>
    <bullet10>Made in the U.S.A.</bullet10>
    <bullet11/>
    <bullet12/>
    <bullet13/>
    <bullet14/>
    <bullet15/>
    <bullet16/>
    <bullet17/>
    <bullet18/>
    <bullet19/>
    <bullet20/>
    <bullet21/>
    <bullet22/>
    <bullet23/>
    <bullet24/>
    <vendorPriceUpdateDate>2021-12-01 00:00:00</vendorPriceUpdateDate>
  </part>
  <part>
    <partNumber>45050873</partNumber>
    <punctuatedPartNumber>4505-0873</punctuatedPartNumber>
    <partStatusDescription>DISCONTINUED</partStatusDescription>
    <partDescription>Replacement Pin - ProLink XTV</partDescription>
    <unitOfMeasure>Each</unitOfMeasure>
    <brandName>FACTOR 55</brandName>
    <supplierNumber>00113</supplierNumber>
    <specialInstructions>Discontinued Part</specialInstructions>
    <baseDealerPrice>11.00</baseDealerPrice>
    <yourDealerPrice>11.00</yourDealerPrice>
    <baseRetailPrice>16.95</baseRetailPrice>
    <originalRetailPrice>26.95</originalRetailPrice>
    <partImage>http://asset.lemansnet.com/z/L0IvRC83L0JEN0I3NzZGLUZDNTAtNDNCQy1BNzMwLTAxQjlDQ0VBRDJGNCwvQS83LzYvQTc2OUY0N0MtMUM1MS00QUNELTg0RjMtNDNCNjQ0QjQyRjQ3</partImage>
    <productId>0962957197</productId>
    <productName>Replacement Pin</productName>
    <productImage>http://asset.lemansnet.com/z/L0EvNy82L0E3NjlGNDdDLTFDNTEtNEFDRC04NEYzLTQzQjY0NEI0MkY0Nw==</productImage>
    <bullet1>Shackle mount double shear pin</bullet1>
    <bullet2>Includes corresponding internal snap ring</bullet2>
    <bullet3/>
    <bullet4/>
    <bullet5/>
    <bullet6/>
    <bullet7/>
    <bullet8/>
    <bullet9/>
    <bullet10/>
    <bullet11/>
    <bullet12/>
    <bullet13/>
    <bullet14/>
    <bullet15/>
    <bullet16/>
    <bullet17/>
    <bullet18/>
    <bullet19/>
    <bullet20/>
    <bullet21/>
    <bullet22/>
    <bullet23/>
    <bullet24/>
    <vendorPriceUpdateDate>2022-07-13 00:00:00</vendorPriceUpdateDate>
  </part>
  <part>
    <partNumber>45050874</partNumber>
    <punctuatedPartNumber>4505-0874</punctuatedPartNumber>
    <partStatusDescription>DISCONTINUED</partStatusDescription>
    <partDescription>Replacement Pin - UltraHook XTV</partDescription>
    <unitOfMeasure>Each</unitOfMeasure>
    <brandName>FACTOR 55</brandName>
    <supplierNumber>00277</supplierNumber>
    <specialInstructions>Discontinued Part</specialInstructions>
    <baseDealerPrice>14.20</baseDealerPrice>
    <yourDealerPrice>14.20</yourDealerPrice>
    <baseRetailPrice>21.95</baseRetailPrice>
    <originalRetailPrice>33.95</originalRetailPrice>
    <partImage>http://asset.lemansnet.com/z/L0EvNy82L0E3NjlGNDdDLTFDNTEtNEFDRC04NEYzLTQzQjY0NEI0MkY0Nw==</partImage>
    <productId>0962957197</productId>
    <productName>Replacement Pin</productName>
    <productImage>http://asset.lemansnet.com/z/L0EvNy82L0E3NjlGNDdDLTFDNTEtNEFDRC04NEYzLTQzQjY0NEI0MkY0Nw==</productImage>
    <bullet1>Shackle mount double shear pin</bullet1>
    <bullet2>Includes corresponding internal snap ring</bullet2>
    <bullet3/>
    <bullet4/>
    <bullet5/>
    <bullet6/>
    <bullet7/>
    <bullet8/>
    <bullet9/>
    <bullet10/>
    <bullet11/>
    <bullet12/>
    <bullet13/>
    <bullet14/>
    <bullet15/>
    <bullet16/>
    <bullet17/>
    <bullet18/>
    <bullet19/>
    <bullet20/>
    <bullet21/>
    <bullet22/>
    <bullet23/>
    <bullet24/>
    <vendorPriceUpdateDate>2021-12-01 00:00:00</vendorPriceUpdateDate>
  </part>
  <part>
    <partNumber>45050876</partNumber>
    <punctuatedPartNumber>4505-0876</punctuatedPartNumber>
    <partStatusDescription>STANDARD</partStatusDescription>
    <partDescription>Latch Kit - UltraHook XTV</partDescription>
    <unitOfMeasure>Kit</unitOfMeasure>
    <brandName>FACTOR 55</brandName>
    <supplierNumber>00256</supplierNumber>
    <specialInstructions>Discontinued Part</specialInstructions>
    <baseDealerPrice>18.40</baseDealerPrice>
    <yourDealerPrice>18.40</yourDealerPrice>
    <baseRetailPrice>26.95</baseRetailPrice>
    <originalRetailPrice>26.95</originalRetailPrice>
    <partImage>http://asset.lemansnet.com/z/LzcvMS9FLzcxRUEwRTgxLTgyMkUtNDQyQi1CREE5LTYwREYwNDcyNTVBQw==</partImage>
    <productId>1741350131</productId>
    <productName>Latch Kit</productName>
    <productImage>http://asset.lemansnet.com/z/LzcvMS9FLzcxRUEwRTgxLTgyMkUtNDQyQi1CREE5LTYwREYwNDcyNTVBQw==</productImage>
    <bullet1>Replacement latch kit for Ultrahook XTV winch hook</bullet1>
    <bullet2/>
    <bullet3/>
    <bullet4/>
    <bullet5/>
    <bullet6/>
    <bullet7/>
    <bullet8/>
    <bullet9/>
    <bullet10/>
    <bullet11/>
    <bullet12/>
    <bullet13/>
    <bullet14/>
    <bullet15/>
    <bullet16/>
    <bullet17/>
    <bullet18/>
    <bullet19/>
    <bullet20/>
    <bullet21/>
    <bullet22/>
    <bullet23/>
    <bullet24/>
    <vendorPriceUpdateDate>2021-12-01 00:00:00</vendorPriceUpdateDate>
  </part>
  <part>
    <partNumber>45050838</partNumber>
    <punctuatedPartNumber>4505-0838</punctuatedPartNumber>
    <partStatusDescription>DISCONTINUED</partStatusDescription>
    <partDescription>ProLink XTV Winch Shackle Mount - Black</partDescription>
    <unitOfMeasure>Each</unitOfMeasure>
    <brandName>FACTOR 55</brandName>
    <supplierNumber>00110-04</supplierNumber>
    <specialInstructions>Discontinued Part</specialInstructions>
    <baseDealerPrice>54.60</baseDealerPrice>
    <yourDealerPrice>54.60</yourDealerPrice>
    <baseRetailPrice>83.95</baseRetailPrice>
    <originalRetailPrice>129.95</originalRetailPrice>
    <partImage>http://asset.lemansnet.com/z/L0MvRS9EL0NFRDFEMzJCLTQ2NTUtNDY3RC05RjRELTI4MEQxNDFERkUwNQ==</partImage>
    <productId>0364428839</productId>
    <productName>ProLink XTV Winch Shackle Mount</productName>
    <productImage>http://asset.lemansnet.com/z/LzQvQi8xLzRCMTMwNkRGLUVERTktNDQ3OS1CNDY5LTY1ODE4OUJDNzE2QQ==</productImage>
    <bullet1>The original closed system winching shackle mount is easy to install and can be used with steel or synthetic winch lines up to 5/16”</bullet1>
    <bullet2> The rope eye is retained in the ProLink XTV with a 7/16”-diameter grade 6AI-4V grade V titanium double-shear pin and internal snap ring for an ultra-secure connection</bullet2>
    <bullet3> EPDM rubber guards are attached with four barbed tips and protects fairleads and prevents rattling</bullet3>
    <bullet4>Can be used with 1/2” to 5/8” shackles and soft shackles up to 7/16”</bullet4>
    <bullet5> Intended for use with winches 6,000 lbs. in capacity or less</bullet5>
    <bullet6>Made in the U.S.A.</bullet6>
    <bullet7/>
    <bullet8/>
    <bullet9/>
    <bullet10/>
    <bullet11/>
    <bullet12/>
    <bullet13/>
    <bullet14/>
    <bullet15/>
    <bullet16/>
    <bullet17/>
    <bullet18/>
    <bullet19/>
    <bullet20/>
    <bullet21/>
    <bullet22/>
    <bullet23/>
    <bullet24/>
    <vendorPriceUpdateDate>2021-12-01 00:00:00</vendorPriceUpdateDate>
  </part>
  <part>
    <partNumber>45050839</partNumber>
    <punctuatedPartNumber>4505-0839</punctuatedPartNumber>
    <partStatusDescription>DISCONTINUED</partStatusDescription>
    <partDescription>ProLink XTV Winch Shackle Mount - Silver</partDescription>
    <unitOfMeasure>Each</unitOfMeasure>
    <brandName>FACTOR 55</brandName>
    <supplierNumber>00110-05</supplierNumber>
    <specialInstructions>Discontinued Part</specialInstructions>
    <baseDealerPrice>55.70</baseDealerPrice>
    <yourDealerPrice>55.70</yourDealerPrice>
    <baseRetailPrice>85.95</baseRetailPrice>
    <originalRetailPrice>129.95</originalRetailPrice>
    <partImage>http://asset.lemansnet.com/z/LzAvMC8xLzAwMTkzMkY4LUJDNjgtNDgyMC1BMkJGLTI0RTQ5OTAwOEIzNA==</partImage>
    <productId>0364428839</productId>
    <productName>ProLink XTV Winch Shackle Mount</productName>
    <productImage>http://asset.lemansnet.com/z/LzQvQi8xLzRCMTMwNkRGLUVERTktNDQ3OS1CNDY5LTY1ODE4OUJDNzE2QQ==</productImage>
    <bullet1>The original closed system winching shackle mount is easy to install and can be used with steel or synthetic winch lines up to 5/16”</bullet1>
    <bullet2> The rope eye is retained in the ProLink XTV with a 7/16”-diameter grade 6AI-4V grade V titanium double-shear pin and internal snap ring for an ultra-secure connection</bullet2>
    <bullet3> EPDM rubber guards are attached with four barbed tips and protects fairleads and prevents rattling</bullet3>
    <bullet4>Can be used with 1/2” to 5/8” shackles and soft shackles up to 7/16”</bullet4>
    <bullet5> Intended for use with winches 6,000 lbs. in capacity or less</bullet5>
    <bullet6>Made in the U.S.A.</bullet6>
    <bullet7/>
    <bullet8/>
    <bullet9/>
    <bullet10/>
    <bullet11/>
    <bullet12/>
    <bullet13/>
    <bullet14/>
    <bullet15/>
    <bullet16/>
    <bullet17/>
    <bullet18/>
    <bullet19/>
    <bullet20/>
    <bullet21/>
    <bullet22/>
    <bullet23/>
    <bullet24/>
    <vendorPriceUpdateDate>2021-12-01 00:00:00</vendorPriceUpdateDate>
  </part>
  <part>
    <partNumber>45050842</partNumber>
    <punctuatedPartNumber>4505-0842</punctuatedPartNumber>
    <partStatusDescription>DISCONTINUED</partStatusDescription>
    <partDescription>ProLink XTV Winch Shackle Mount - Orange</partDescription>
    <unitOfMeasure>Each</unitOfMeasure>
    <brandName>FACTOR 55</brandName>
    <supplierNumber>00110-07</supplierNumber>
    <specialInstructions>Discontinued Part</specialInstructions>
    <baseDealerPrice>55.70</baseDealerPrice>
    <yourDealerPrice>55.70</yourDealerPrice>
    <baseRetailPrice>85.95</baseRetailPrice>
    <originalRetailPrice>129.95</originalRetailPrice>
    <partImage>http://asset.lemansnet.com/z/LzAvOC8xLzA4MTNERDczLURGMUMtNDk1MS04NjhBLUYwMzkwRTk1MjYyNA==</partImage>
    <productId>0364428839</productId>
    <productName>ProLink XTV Winch Shackle Mount</productName>
    <productImage>http://asset.lemansnet.com/z/LzQvQi8xLzRCMTMwNkRGLUVERTktNDQ3OS1CNDY5LTY1ODE4OUJDNzE2QQ==</productImage>
    <bullet1>The original closed system winching shackle mount is easy to install and can be used with steel or synthetic winch lines up to 5/16”</bullet1>
    <bullet2> The rope eye is retained in the ProLink XTV with a 7/16”-diameter grade 6AI-4V grade V titanium double-shear pin and internal snap ring for an ultra-secure connection</bullet2>
    <bullet3> EPDM rubber guards are attached with four barbed tips and protects fairleads and prevents rattling</bullet3>
    <bullet4>Can be used with 1/2” to 5/8” shackles and soft shackles up to 7/16”</bullet4>
    <bullet5> Intended for use with winches 6,000 lbs. in capacity or less</bullet5>
    <bullet6>Made in the U.S.A.</bullet6>
    <bullet7/>
    <bullet8/>
    <bullet9/>
    <bullet10/>
    <bullet11/>
    <bullet12/>
    <bullet13/>
    <bullet14/>
    <bullet15/>
    <bullet16/>
    <bullet17/>
    <bullet18/>
    <bullet19/>
    <bullet20/>
    <bullet21/>
    <bullet22/>
    <bullet23/>
    <bullet24/>
    <vendorPriceUpdateDate>2021-12-01 00:00:00</vendorPriceUpdateDate>
  </part>
  <part>
    <partNumber>45050843</partNumber>
    <punctuatedPartNumber>4505-0843</punctuatedPartNumber>
    <partStatusDescription>DISCONTINUED</partStatusDescription>
    <partDescription>ProLink XTV Winch Shackle Mount - Green</partDescription>
    <unitOfMeasure>Each</unitOfMeasure>
    <brandName>FACTOR 55</brandName>
    <supplierNumber>00110-08</supplierNumber>
    <specialInstructions>Discontinued Part</specialInstructions>
    <baseDealerPrice>55.70</baseDealerPrice>
    <yourDealerPrice>55.70</yourDealerPrice>
    <baseRetailPrice>85.95</baseRetailPrice>
    <originalRetailPrice>129.95</originalRetailPrice>
    <partImage>http://asset.lemansnet.com/z/LzUvMi9BLzUyQUQ1RkEwLUZCRTctNEUxNC1BNUY3LTJCQkVCMkIyMUJCMQ==</partImage>
    <productId>0364428839</productId>
    <productName>ProLink XTV Winch Shackle Mount</productName>
    <productImage>http://asset.lemansnet.com/z/LzQvQi8xLzRCMTMwNkRGLUVERTktNDQ3OS1CNDY5LTY1ODE4OUJDNzE2QQ==</productImage>
    <bullet1>The original closed system winching shackle mount is easy to install and can be used with steel or synthetic winch lines up to 5/16”</bullet1>
    <bullet2> The rope eye is retained in the ProLink XTV with a 7/16”-diameter grade 6AI-4V grade V titanium double-shear pin and internal snap ring for an ultra-secure connection</bullet2>
    <bullet3> EPDM rubber guards are attached with four barbed tips and protects fairleads and prevents rattling</bullet3>
    <bullet4>Can be used with 1/2” to 5/8” shackles and soft shackles up to 7/16”</bullet4>
    <bullet5> Intended for use with winches 6,000 lbs. in capacity or less</bullet5>
    <bullet6>Made in the U.S.A.</bullet6>
    <bullet7/>
    <bullet8/>
    <bullet9/>
    <bullet10/>
    <bullet11/>
    <bullet12/>
    <bullet13/>
    <bullet14/>
    <bullet15/>
    <bullet16/>
    <bullet17/>
    <bullet18/>
    <bullet19/>
    <bullet20/>
    <bullet21/>
    <bullet22/>
    <bullet23/>
    <bullet24/>
    <vendorPriceUpdateDate>2021-12-01 00:00:00</vendorPriceUpdateDate>
  </part>
  <part>
    <partNumber>45050845</partNumber>
    <punctuatedPartNumber>4505-0845</punctuatedPartNumber>
    <partStatusDescription>DISCONTINUED</partStatusDescription>
    <partDescription>FlatLink XTV Winch Shackle Mount - Blue</partDescription>
    <unitOfMeasure>Each</unitOfMeasure>
    <brandName>FACTOR 55</brandName>
    <supplierNumber>00070-02</supplierNumber>
    <specialInstructions>Discontinued Part</specialInstructions>
    <baseDealerPrice>72.80</baseDealerPrice>
    <yourDealerPrice>72.80</yourDealerPrice>
    <baseRetailPrice>111.95</baseRetailPrice>
    <originalRetailPrice>169.95</originalRetailPrice>
    <partImage>http://asset.lemansnet.com/z/LzEvNS9DLzE1QzkxQTBFLUQ5NEItNDdFNS04MzA3LTNDQUQ0RDQyQjM2MA==</partImage>
    <productId>0523475254</productId>
    <productName>FlatLink XTV Winch Shackle Mount</productName>
    <productImage>http://asset.lemansnet.com/z/LzIvNy8wLzI3MDhCMjlCLTZDOTctNDFFOC05OTY4LTg0MUMxM0UzRjAwOA==</productImage>
    <bullet1>The FlatLink XTV allows UTV and ATV winch owners to replace the conventional winch hook with a safer and stronger shackle and D-Ring</bullet1>
    <bullet2>Closed system winching with a folding, low-profile design for better approach angles</bullet2>
    <bullet3>Easy to install - simple snap ring removal for shear pin</bullet3>
    <bullet4>Does not require splicing and is compatible with steel cables or synthetic ropes up to 5/16 inches</bullet4>
    <bullet5>The rope eye is retained in the FlatLink XTV with a 7/16” diameter 6AI-4V grade V titanium double-shear pin and internal snap ring for an ultra-secure connection</bullet5>
    <bullet6>EPDM rubber guards are attached with four barbed tips and protects fairleads and prevents rattling</bullet6>
    <bullet7>Works with common 1/2” and 5/8” shackles (pin and bow end), soft shackles up to 7/16”, and the pin-end of 3/4” shackles</bullet7>
    <bullet8>Weight: 12.7 oz</bullet8>
    <bullet9>Intended for use with winches 6,000 lbs. in capacity or less</bullet9>
    <bullet10>Precision machined from 6000 series Aaluminum Aand 6Al-4V titanium</bullet10>
    <bullet11/>
    <bullet12/>
    <bullet13/>
    <bullet14/>
    <bullet15/>
    <bullet16/>
    <bullet17/>
    <bullet18/>
    <bullet19/>
    <bullet20/>
    <bullet21/>
    <bullet22/>
    <bullet23/>
    <bullet24/>
    <vendorPriceUpdateDate>2021-12-01 00:00:00</vendorPriceUpdateDate>
  </part>
  <part>
    <partNumber>45050848</partNumber>
    <punctuatedPartNumber>4505-0848</punctuatedPartNumber>
    <partStatusDescription>STANDARD</partStatusDescription>
    <partDescription>FlatLink XTV Winch Shackle Mount - Gray</partDescription>
    <unitOfMeasure>Each</unitOfMeasure>
    <brandName>FACTOR 55</brandName>
    <supplierNumber>00070-06</supplierNumber>
    <specialInstructions/>
    <baseDealerPrice>119.00</baseDealerPrice>
    <yourDealerPrice>119.00</yourDealerPrice>
    <baseRetailPrice>169.95</baseRetailPrice>
    <originalRetailPrice>169.95</originalRetailPrice>
    <partImage>http://asset.lemansnet.com/z/LzYvMC80LzYwNDdGRDg4LTZCNDgtNEQyMi1BQTkxLTE3OTI0NzNFRUY4MA==</partImage>
    <productId>1997551877</productId>
    <productName>FlatLink XTV Winch Shackle Mount</productName>
    <productImage>http://asset.lemansnet.com/z/LzIvNy8wLzI3MDhCMjlCLTZDOTctNDFFOC05OTY4LTg0MUMxM0UzRjAwOA==</productImage>
    <bullet1>The FlatLink XTV allows UTV and ATV winch owners to replace the conventional winch hook with a safer and stronger shackle and D-Ring</bullet1>
    <bullet2>Closed system winching with a folding, low-profile design for better approach angles</bullet2>
    <bullet3>Easy to install - simple snap ring removal for shear pin</bullet3>
    <bullet4>Does not require splicing and is compatible with steel cables or synthetic ropes up to 5/16 inches</bullet4>
    <bullet5>The rope eye is retained in the FlatLink XTV with a 7/16” diameter 6AI-4V grade V titanium double-shear pin and internal snap ring for an ultra-secure connection</bullet5>
    <bullet6>EPDM rubber guards are attached with four barbed tips and protects fairleads and prevents rattling</bullet6>
    <bullet7>Works with common 1/2” and 5/8” shackles (pin and bow end), soft shackles up to 7/16”, and the pin-end of 3/4” shackles</bullet7>
    <bullet8>Weight: 12.7 oz</bullet8>
    <bullet9>Intended for use with winches 6,000 lbs. in capacity or less</bullet9>
    <bullet10>Precision machined from 6000 series Aaluminum Aand 6Al-4V titanium</bullet10>
    <bullet11/>
    <bullet12/>
    <bullet13/>
    <bullet14/>
    <bullet15/>
    <bullet16/>
    <bullet17/>
    <bullet18/>
    <bullet19/>
    <bullet20/>
    <bullet21/>
    <bullet22/>
    <bullet23/>
    <bullet24/>
    <vendorPriceUpdateDate>2021-12-01 00:00:00</vendorPriceUpdateDate>
  </part>
  <part>
    <partNumber>45050849</partNumber>
    <punctuatedPartNumber>4505-0849</punctuatedPartNumber>
    <partStatusDescription>DISCONTINUED</partStatusDescription>
    <partDescription>FlatLink XTV Winch Shackle Mount - Yellow</partDescription>
    <unitOfMeasure>Each</unitOfMeasure>
    <brandName>FACTOR 55</brandName>
    <supplierNumber>00070-03</supplierNumber>
    <specialInstructions>Discontinued Part</specialInstructions>
    <baseDealerPrice>72.80</baseDealerPrice>
    <yourDealerPrice>72.80</yourDealerPrice>
    <baseRetailPrice>111.95</baseRetailPrice>
    <originalRetailPrice>169.95</originalRetailPrice>
    <partImage>http://asset.lemansnet.com/z/L0UvNS83L0U1N0JDRUJDLTM2NTEtNDdDNC04OTZGLUVGN0U1MUVCRDJBOQ==</partImage>
    <productId>0523475254</productId>
    <productName>FlatLink XTV Winch Shackle Mount</productName>
    <productImage>http://asset.lemansnet.com/z/LzIvNy8wLzI3MDhCMjlCLTZDOTctNDFFOC05OTY4LTg0MUMxM0UzRjAwOA==</productImage>
    <bullet1>The FlatLink XTV allows UTV and ATV winch owners to replace the conventional winch hook with a safer and stronger shackle and D-Ring</bullet1>
    <bullet2>Closed system winching with a folding, low-profile design for better approach angles</bullet2>
    <bullet3>Easy to install - simple snap ring removal for shear pin</bullet3>
    <bullet4>Does not require splicing and is compatible with steel cables or synthetic ropes up to 5/16 inches</bullet4>
    <bullet5>The rope eye is retained in the FlatLink XTV with a 7/16” diameter 6AI-4V grade V titanium double-shear pin and internal snap ring for an ultra-secure connection</bullet5>
    <bullet6>EPDM rubber guards are attached with four barbed tips and protects fairleads and prevents rattling</bullet6>
    <bullet7>Works with common 1/2” and 5/8” shackles (pin and bow end), soft shackles up to 7/16”, and the pin-end of 3/4” shackles</bullet7>
    <bullet8>Weight: 12.7 oz</bullet8>
    <bullet9>Intended for use with winches 6,000 lbs. in capacity or less</bullet9>
    <bullet10>Precision machined from 6000 series Aaluminum Aand 6Al-4V titanium</bullet10>
    <bullet11/>
    <bullet12/>
    <bullet13/>
    <bullet14/>
    <bullet15/>
    <bullet16/>
    <bullet17/>
    <bullet18/>
    <bullet19/>
    <bullet20/>
    <bullet21/>
    <bullet22/>
    <bullet23/>
    <bullet24/>
    <vendorPriceUpdateDate>2021-12-01 00:00:00</vendorPriceUpdateDate>
  </part>
  <part>
    <partNumber>45050852</partNumber>
    <punctuatedPartNumber>4505-0852</punctuatedPartNumber>
    <partStatusDescription>STANDARD</partStatusDescription>
    <partDescription>UltraHook XTV Winch Hook - Red</partDescription>
    <unitOfMeasure>Each</unitOfMeasure>
    <brandName>FACTOR 55</brandName>
    <supplierNumber>00275-01</supplierNumber>
    <specialInstructions/>
    <baseDealerPrice>200.40</baseDealerPrice>
    <yourDealerPrice>200.40</yourDealerPrice>
    <baseRetailPrice>286.95</baseRetailPrice>
    <originalRetailPrice>286.95</originalRetailPrice>
    <partImage>http://asset.lemansnet.com/z/L0YvMS9EL0YxRENFNzMxLUJGNkItNDU1Mi1CMEZCLTdBMTk0QzRFNjQxMA==</partImage>
    <productId>1393797606</productId>
    <productName>UltraHook XTV Winch Hook</productName>
    <productImage>http://asset.lemansnet.com/z/L0YvMS9EL0YxRENFNzMxLUJGNkItNDU1Mi1CMEZCLTdBMTk0QzRFNjQxMA==</productImage>
    <bullet1>Easy-to-install shackle mount with a hole machined into the hook’s body</bullet1>
    <bullet2>Shackle pin mounting hole accepts screw pins from common 1/2” and 5/8”, and soft shackles up to 7/16”</bullet2>
    <bullet3>Safety latch with integrated latch lock pin allows for true closed system winching</bullet3>
    <bullet4>Includes 7/16” diameter aerospace-grade 6AI-4V grade V titanium double-shear pin</bullet4>
    <bullet5>EPDM rubber pads for fairlead protection, and a finger grip feature that promotes proper “Hook Up” orientation; also prevents rattling</bullet5>
    <bullet6>Can be used with line diameters up to 5/16”</bullet6>
    <bullet7>Intended for use with winches 6,000 lbs. in capacity or less</bullet7>
    <bullet8>Made in the U.S.A.</bullet8>
    <bullet9/>
    <bullet10/>
    <bullet11/>
    <bullet12/>
    <bullet13/>
    <bullet14/>
    <bullet15/>
    <bullet16/>
    <bullet17/>
    <bullet18/>
    <bullet19/>
    <bullet20/>
    <bullet21/>
    <bullet22/>
    <bullet23/>
    <bullet24/>
    <vendorPriceUpdateDate>2021-12-01 00:00:00</vendorPriceUpdateDate>
  </part>
  <part>
    <partNumber>45050840</partNumber>
    <punctuatedPartNumber>4505-0840</punctuatedPartNumber>
    <partStatusDescription>DISCONTINUED</partStatusDescription>
    <partDescription>ProLink XTV Winch Shackle Mount - Gray</partDescription>
    <unitOfMeasure>Each</unitOfMeasure>
    <brandName>FACTOR 55</brandName>
    <supplierNumber>00110-06</supplierNumber>
    <specialInstructions>Discontinued Part</specialInstructions>
    <baseDealerPrice>55.70</baseDealerPrice>
    <yourDealerPrice>55.70</yourDealerPrice>
    <baseRetailPrice>85.95</baseRetailPrice>
    <originalRetailPrice>129.95</originalRetailPrice>
    <partImage>http://asset.lemansnet.com/z/LzkvRi9ELzlGREQwNDIyLTY3RkQtNDVENy05NEVCLUU4NkM2MEVBMkNERQ==</partImage>
    <productId>0364428839</productId>
    <productName>ProLink XTV Winch Shackle Mount</productName>
    <productImage>http://asset.lemansnet.com/z/LzQvQi8xLzRCMTMwNkRGLUVERTktNDQ3OS1CNDY5LTY1ODE4OUJDNzE2QQ==</productImage>
    <bullet1>The original closed system winching shackle mount is easy to install and can be used with steel or synthetic winch lines up to 5/16”</bullet1>
    <bullet2> The rope eye is retained in the ProLink XTV with a 7/16”-diameter grade 6AI-4V grade V titanium double-shear pin and internal snap ring for an ultra-secure connection</bullet2>
    <bullet3> EPDM rubber guards are attached with four barbed tips and protects fairleads and prevents rattling</bullet3>
    <bullet4>Can be used with 1/2” to 5/8” shackles and soft shackles up to 7/16”</bullet4>
    <bullet5> Intended for use with winches 6,000 lbs. in capacity or less</bullet5>
    <bullet6>Made in the U.S.A.</bullet6>
    <bullet7/>
    <bullet8/>
    <bullet9/>
    <bullet10/>
    <bullet11/>
    <bullet12/>
    <bullet13/>
    <bullet14/>
    <bullet15/>
    <bullet16/>
    <bullet17/>
    <bullet18/>
    <bullet19/>
    <bullet20/>
    <bullet21/>
    <bullet22/>
    <bullet23/>
    <bullet24/>
    <vendorPriceUpdateDate>2021-12-01 00:00:00</vendorPriceUpdateDate>
  </part>
  <part>
    <partNumber>45050841</partNumber>
    <punctuatedPartNumber>4505-0841</punctuatedPartNumber>
    <partStatusDescription>DISCONTINUED</partStatusDescription>
    <partDescription>ProLink XTV Winch Shackle Mount - Yellow</partDescription>
    <unitOfMeasure>Each</unitOfMeasure>
    <brandName>FACTOR 55</brandName>
    <supplierNumber>00110-03</supplierNumber>
    <specialInstructions>Discontinued Part</specialInstructions>
    <baseDealerPrice>55.70</baseDealerPrice>
    <yourDealerPrice>55.70</yourDealerPrice>
    <baseRetailPrice>85.95</baseRetailPrice>
    <originalRetailPrice>129.95</originalRetailPrice>
    <partImage>http://asset.lemansnet.com/z/LzIvRC80LzJENEY4ODc1LTVDQ0ItNERBQy1CRDdBLTNCRENDMjlBNDMzOA==</partImage>
    <productId>0364428839</productId>
    <productName>ProLink XTV Winch Shackle Mount</productName>
    <productImage>http://asset.lemansnet.com/z/LzQvQi8xLzRCMTMwNkRGLUVERTktNDQ3OS1CNDY5LTY1ODE4OUJDNzE2QQ==</productImage>
    <bullet1>The original closed system winching shackle mount is easy to install and can be used with steel or synthetic winch lines up to 5/16”</bullet1>
    <bullet2> The rope eye is retained in the ProLink XTV with a 7/16”-diameter grade 6AI-4V grade V titanium double-shear pin and internal snap ring for an ultra-secure connection</bullet2>
    <bullet3> EPDM rubber guards are attached with four barbed tips and protects fairleads and prevents rattling</bullet3>
    <bullet4>Can be used with 1/2” to 5/8” shackles and soft shackles up to 7/16”</bullet4>
    <bullet5> Intended for use with winches 6,000 lbs. in capacity or less</bullet5>
    <bullet6>Made in the U.S.A.</bullet6>
    <bullet7/>
    <bullet8/>
    <bullet9/>
    <bullet10/>
    <bullet11/>
    <bullet12/>
    <bullet13/>
    <bullet14/>
    <bullet15/>
    <bullet16/>
    <bullet17/>
    <bullet18/>
    <bullet19/>
    <bullet20/>
    <bullet21/>
    <bullet22/>
    <bullet23/>
    <bullet24/>
    <vendorPriceUpdateDate>2021-12-01 00:00:00</vendorPriceUpdateDate>
  </part>
  <part>
    <partNumber>45050847</partNumber>
    <punctuatedPartNumber>4505-0847</punctuatedPartNumber>
    <partStatusDescription>DISCONTINUED</partStatusDescription>
    <partDescription>FlatLink XTV Winch Shackle Mount - Silver</partDescription>
    <unitOfMeasure>Each</unitOfMeasure>
    <brandName>FACTOR 55</brandName>
    <supplierNumber>00070-05</supplierNumber>
    <specialInstructions>Discontinued Part</specialInstructions>
    <baseDealerPrice>72.80</baseDealerPrice>
    <yourDealerPrice>72.80</yourDealerPrice>
    <baseRetailPrice>111.95</baseRetailPrice>
    <originalRetailPrice>169.95</originalRetailPrice>
    <partImage>http://asset.lemansnet.com/z/LzcvNi9BLzc2QTAwRTQ1LUE4MTItNEVDQy1BNzA5LTQzQ0Y5RjYzOEREQg==</partImage>
    <productId>0523475254</productId>
    <productName>FlatLink XTV Winch Shackle Mount</productName>
    <productImage>http://asset.lemansnet.com/z/LzIvNy8wLzI3MDhCMjlCLTZDOTctNDFFOC05OTY4LTg0MUMxM0UzRjAwOA==</productImage>
    <bullet1>The FlatLink XTV allows UTV and ATV winch owners to replace the conventional winch hook with a safer and stronger shackle and D-Ring</bullet1>
    <bullet2>Closed system winching with a folding, low-profile design for better approach angles</bullet2>
    <bullet3>Easy to install - simple snap ring removal for shear pin</bullet3>
    <bullet4>Does not require splicing and is compatible with steel cables or synthetic ropes up to 5/16 inches</bullet4>
    <bullet5>The rope eye is retained in the FlatLink XTV with a 7/16” diameter 6AI-4V grade V titanium double-shear pin and internal snap ring for an ultra-secure connection</bullet5>
    <bullet6>EPDM rubber guards are attached with four barbed tips and protects fairleads and prevents rattling</bullet6>
    <bullet7>Works with common 1/2” and 5/8” shackles (pin and bow end), soft shackles up to 7/16”, and the pin-end of 3/4” shackles</bullet7>
    <bullet8>Weight: 12.7 oz</bullet8>
    <bullet9>Intended for use with winches 6,000 lbs. in capacity or less</bullet9>
    <bullet10>Precision machined from 6000 series Aaluminum Aand 6Al-4V titanium</bullet10>
    <bullet11/>
    <bullet12/>
    <bullet13/>
    <bullet14/>
    <bullet15/>
    <bullet16/>
    <bullet17/>
    <bullet18/>
    <bullet19/>
    <bullet20/>
    <bullet21/>
    <bullet22/>
    <bullet23/>
    <bullet24/>
    <vendorPriceUpdateDate>2021-12-01 00:00:00</vendorPriceUpdateDate>
  </part>
  <part>
    <partNumber>45050851</partNumber>
    <punctuatedPartNumber>4505-0851</punctuatedPartNumber>
    <partStatusDescription>DISCONTINUED</partStatusDescription>
    <partDescription>FlatLink XTV Winch Shackle Mount - Green</partDescription>
    <unitOfMeasure>Each</unitOfMeasure>
    <brandName>FACTOR 55</brandName>
    <supplierNumber>00070-08</supplierNumber>
    <specialInstructions>Discontinued Part</specialInstructions>
    <baseDealerPrice>72.80</baseDealerPrice>
    <yourDealerPrice>72.80</yourDealerPrice>
    <baseRetailPrice>111.95</baseRetailPrice>
    <originalRetailPrice>169.95</originalRetailPrice>
    <partImage>http://asset.lemansnet.com/z/LzAvOC84LzA4OEYwQkMyLURFM0EtNEMxMS05Q0IxLUZGMzc5ODlEQ0JGMg==</partImage>
    <productId>0523475254</productId>
    <productName>FlatLink XTV Winch Shackle Mount</productName>
    <productImage>http://asset.lemansnet.com/z/LzIvNy8wLzI3MDhCMjlCLTZDOTctNDFFOC05OTY4LTg0MUMxM0UzRjAwOA==</productImage>
    <bullet1>The FlatLink XTV allows UTV and ATV winch owners to replace the conventional winch hook with a safer and stronger shackle and D-Ring</bullet1>
    <bullet2>Closed system winching with a folding, low-profile design for better approach angles</bullet2>
    <bullet3>Easy to install - simple snap ring removal for shear pin</bullet3>
    <bullet4>Does not require splicing and is compatible with steel cables or synthetic ropes up to 5/16 inches</bullet4>
    <bullet5>The rope eye is retained in the FlatLink XTV with a 7/16” diameter 6AI-4V grade V titanium double-shear pin and internal snap ring for an ultra-secure connection</bullet5>
    <bullet6>EPDM rubber guards are attached with four barbed tips and protects fairleads and prevents rattling</bullet6>
    <bullet7>Works with common 1/2” and 5/8” shackles (pin and bow end), soft shackles up to 7/16”, and the pin-end of 3/4” shackles</bullet7>
    <bullet8>Weight: 12.7 oz</bullet8>
    <bullet9>Intended for use with winches 6,000 lbs. in capacity or less</bullet9>
    <bullet10>Precision machined from 6000 series Aaluminum Aand 6Al-4V titanium</bullet10>
    <bullet11/>
    <bullet12/>
    <bullet13/>
    <bullet14/>
    <bullet15/>
    <bullet16/>
    <bullet17/>
    <bullet18/>
    <bullet19/>
    <bullet20/>
    <bullet21/>
    <bullet22/>
    <bullet23/>
    <bullet24/>
    <vendorPriceUpdateDate>2021-12-01 00:00:00</vendorPriceUpdateDate>
  </part>
  <part>
    <partNumber>45050861</partNumber>
    <punctuatedPartNumber>4505-0861</punctuatedPartNumber>
    <partStatusDescription>STANDARD</partStatusDescription>
    <partDescription>HitchLink 2.0 Receiver Hitch Shackle - 2" - Blue</partDescription>
    <unitOfMeasure>Each</unitOfMeasure>
    <brandName>FACTOR 55</brandName>
    <supplierNumber>00020-02</supplierNumber>
    <specialInstructions/>
    <baseDealerPrice>72.70</baseDealerPrice>
    <yourDealerPrice>72.70</yourDealerPrice>
    <baseRetailPrice>103.95</baseRetailPrice>
    <originalRetailPrice>103.95</originalRetailPrice>
    <partImage>http://asset.lemansnet.com/z/L0YvNi85L0Y2OTI5NkU4LTQ4QzQtNEYzMC05QzQ0LUMzQzY0OUM4NzIyRQ==</partImage>
    <productId>0709649206</productId>
    <productName>Receiver Hitch Shackle</productName>
    <productImage>http://asset.lemansnet.com/z/L0IvRi9EL0JGRDdFQ0M5LTdCODYtNEQ4Ri05OUUzLUU2RDUzOEI1NTkzQw==</productImage>
    <bullet1>Lets you use any 2" receiver as a recovery or tow point</bullet1>
    <bullet2>Can be used with screw pin shackles up to 3/4" or soft shackles up to 1/2"</bullet2>
    <bullet3>Made of lightweight, precision CNC-machined 6000-series aluminum</bullet3>
    <bullet4>Fits 2" x 2" receivers and uses common hitch pin diameters</bullet4>
    <bullet5>Rated at 9,500 lbs. with ultimate failure at 51,000 lbs.</bullet5>
    <bullet6>Weighs 1.9 lbs.</bullet6>
    <bullet7>Hard-anodized for oxidation protection</bullet7>
    <bullet8>Made in the U.S.A.</bullet8>
    <bullet9/>
    <bullet10/>
    <bullet11/>
    <bullet12/>
    <bullet13/>
    <bullet14/>
    <bullet15/>
    <bullet16/>
    <bullet17/>
    <bullet18/>
    <bullet19/>
    <bullet20/>
    <bullet21/>
    <bullet22/>
    <bullet23/>
    <bullet24/>
    <vendorPriceUpdateDate>2021-12-01 00:00:00</vendorPriceUpdateDate>
  </part>
</root>
