<root>
  <part>
    <partNumber>03220078</partNumber>
    <punctuatedPartNumber>0322-0078</punctuatedPartNumber>
    <partStatusDescription>DISCONTINUED</partStatusDescription>
    <partDescription>Tire - Sandblast - Rear - 28x12-14 - 2 Ply</partDescription>
    <unitOfMeasure>Each</unitOfMeasure>
    <brandName>CST</brandName>
    <supplierNumber>TM00732500</supplierNumber>
    <specialInstructions>Discontinued P/Byr</specialInstructions>
    <baseDealerPrice>101.84</baseDealerPrice>
    <yourDealerPrice>101.84</yourDealerPrice>
    <baseRetailPrice>0.00</baseRetailPrice>
    <originalRetailPrice>297.95</originalRetailPrice>
    <partImage>http://asset.lemansnet.com/z/L0MvQi9BL0NCQTYxNkU3LTFENUUtNEI2RC1CODNBLUZDRjNDQzNBRjM5Qg==</partImage>
    <productId>1646647422</productId>
    <productName>Sandblast Tire</productName>
    <productImage>http://asset.lemansnet.com/z/L0MvQi9BL0NCQTYxNkU3LTFENUUtNEI2RC1CODNBLUZDRjNDQzNBRjM5Qg==</productImage>
    <bullet1>Dune-engineered tires that deliver maximum flotation and high performance in a lightweight package</bullet1>
    <bullet2>2-ply bias compound provides excellent steering response and minimal rolling resistance</bullet2>
    <bullet3>Sandblasts's blades allow the extreme versatility riders need</bullet3>
    <bullet4>Designed for performance on high-powered side-by-sides</bullet4>
    <bullet5/>
    <bullet6/>
    <bullet7/>
    <bullet8/>
    <bullet9/>
    <bullet10/>
    <bullet11/>
    <bullet12/>
    <bullet13/>
    <bullet14/>
    <bullet15/>
    <bullet16/>
    <bullet17/>
    <bullet18/>
    <bullet19/>
    <bullet20/>
    <bullet21/>
    <bullet22/>
    <bullet23/>
    <bullet24/>
    <vendorPriceUpdateDate>2023-04-03 00:00:00</vendorPriceUpdateDate>
  </part>
  <part>
    <partNumber>03220079</partNumber>
    <punctuatedPartNumber>0322-0079</punctuatedPartNumber>
    <partStatusDescription>DISCONTINUED</partStatusDescription>
    <partDescription>Tire - Sandblast - Front - 30x10-14 - 2 Ply</partDescription>
    <unitOfMeasure>Each</unitOfMeasure>
    <brandName>CST</brandName>
    <supplierNumber>TM00734200</supplierNumber>
    <specialInstructions>Discontinued P/Byr</specialInstructions>
    <baseDealerPrice>90.84</baseDealerPrice>
    <yourDealerPrice>90.84</yourDealerPrice>
    <baseRetailPrice>0.00</baseRetailPrice>
    <originalRetailPrice>265.95</originalRetailPrice>
    <partImage>http://asset.lemansnet.com/z/L0QvQi8zL0RCMzVENDJGLTE3QUEtNDc3Ri04MUZBLTE2RUZEOTBBRkFFMg==</partImage>
    <productId>1646647422</productId>
    <productName>Sandblast Tire</productName>
    <productImage>http://asset.lemansnet.com/z/L0MvQi9BL0NCQTYxNkU3LTFENUUtNEI2RC1CODNBLUZDRjNDQzNBRjM5Qg==</productImage>
    <bullet1>Dune-engineered tires that deliver maximum flotation and high performance in a lightweight package</bullet1>
    <bullet2>2-ply bias compound provides excellent steering response and minimal rolling resistance</bullet2>
    <bullet3>Sandblasts's blades allow the extreme versatility riders need</bullet3>
    <bullet4>Designed for performance on high-powered side-by-sides</bullet4>
    <bullet5/>
    <bullet6/>
    <bullet7/>
    <bullet8/>
    <bullet9/>
    <bullet10/>
    <bullet11/>
    <bullet12/>
    <bullet13/>
    <bullet14/>
    <bullet15/>
    <bullet16/>
    <bullet17/>
    <bullet18/>
    <bullet19/>
    <bullet20/>
    <bullet21/>
    <bullet22/>
    <bullet23/>
    <bullet24/>
    <vendorPriceUpdateDate>2023-04-03 00:00:00</vendorPriceUpdateDate>
  </part>
  <part>
    <partNumber>03120191</partNumber>
    <punctuatedPartNumber>0312-0191</punctuatedPartNumber>
    <partStatusDescription>DISCONTINUED</partStatusDescription>
    <partDescription>Tire - Surge Mini C7223 - Front - 60/100-14 - 50M</partDescription>
    <unitOfMeasure>Each</unitOfMeasure>
    <brandName>CST</brandName>
    <supplierNumber>TM19760000</supplierNumber>
    <specialInstructions>Discontinued P/Byr</specialInstructions>
    <baseDealerPrice>26.20</baseDealerPrice>
    <yourDealerPrice>26.20</yourDealerPrice>
    <baseRetailPrice>0.00</baseRetailPrice>
    <originalRetailPrice>75.95</originalRetailPrice>
    <partImage>http://asset.lemansnet.com/z/LzMvNy8zLzM3Mzc0RjE2LTE2OUUtNDEwMC05OEE5LTYxRENBMkQ1QUM3NA==</partImage>
    <productId>1284895326</productId>
    <productName>Surge Mini C7223 Tire</productName>
    <productImage>http://asset.lemansnet.com/z/LzMvNy8zLzM3Mzc0RjE2LTE2OUUtNDEwMC05OEE5LTYxRENBMkQ1QUM3NA==</productImage>
    <bullet1>Small front center knobs punch through soft terrain and flex on hard terrain for ultimate traction even when conditions are unpredictable</bullet1>
    <bullet2>Long-wearing compound and durable construction mean lasting performance on track and trail</bullet2>
    <bullet3>Compound formulated for any intermediate terrain</bullet3>
    <bullet4>Tread pattern offers great cornering grip</bullet4>
    <bullet5>Developed for traction and durability</bullet5>
    <bullet6/>
    <bullet7/>
    <bullet8/>
    <bullet9/>
    <bullet10/>
    <bullet11/>
    <bullet12/>
    <bullet13/>
    <bullet14/>
    <bullet15/>
    <bullet16/>
    <bullet17/>
    <bullet18/>
    <bullet19/>
    <bullet20/>
    <bullet21/>
    <bullet22/>
    <bullet23/>
    <bullet24/>
    <vendorPriceUpdateDate>2023-04-03 00:00:00</vendorPriceUpdateDate>
  </part>
  <part>
    <partNumber>03150008</partNumber>
    <punctuatedPartNumber>0315-0008</punctuatedPartNumber>
    <partStatusDescription>DISCONTINUED</partStatusDescription>
    <partDescription>Tire - CM712 Legion Trials - Rear - 4.00R18 - 64L</partDescription>
    <unitOfMeasure>Each</unitOfMeasure>
    <brandName>CST</brandName>
    <supplierNumber>TM66660000</supplierNumber>
    <specialInstructions>Discontinued P/Byr</specialInstructions>
    <baseDealerPrice>42.43</baseDealerPrice>
    <yourDealerPrice>42.43</yourDealerPrice>
    <baseRetailPrice>0.00</baseRetailPrice>
    <originalRetailPrice>156.95</originalRetailPrice>
    <partImage>http://asset.lemansnet.com/z/L0UvOS8yL0U5MkRERERBLTcwMjgtNEE2Qi1CQzVFLTQxQjAzMDZEMDBCNg==</partImage>
    <productId>1124625867</productId>
    <productName>CM712 Legion Trials Tire</productName>
    <productImage>http://asset.lemansnet.com/z/L0UvOS8yL0U5MkRERERBLTcwMjgtNEE2Qi1CQzVFLTQxQjAzMDZEMDBCNg==</productImage>
    <bullet1>Provides exceptional traction and wide footprint with its ultra-soft rubber compounds and dynamic tread design, excelling in a variety of applications including dirt, rocks, roots, and gravel</bullet1>
    <bullet2/>
    <bullet3/>
    <bullet4/>
    <bullet5/>
    <bullet6/>
    <bullet7/>
    <bullet8/>
    <bullet9/>
    <bullet10/>
    <bullet11/>
    <bullet12/>
    <bullet13/>
    <bullet14/>
    <bullet15/>
    <bullet16/>
    <bullet17/>
    <bullet18/>
    <bullet19/>
    <bullet20/>
    <bullet21/>
    <bullet22/>
    <bullet23/>
    <bullet24/>
    <vendorPriceUpdateDate>2023-04-03 00:00:00</vendorPriceUpdateDate>
  </part>
  <part>
    <partNumber>03130259</partNumber>
    <punctuatedPartNumber>0313-0259</punctuatedPartNumber>
    <partStatusDescription>DISCONTINUED</partStatusDescription>
    <partDescription>Tire - Surge I C7210 - Rear - 90/100-16 - 51M</partDescription>
    <unitOfMeasure>Each</unitOfMeasure>
    <brandName>CST</brandName>
    <supplierNumber>TM30016000</supplierNumber>
    <specialInstructions>Discontinued P/Byr</specialInstructions>
    <baseDealerPrice>37.93</baseDealerPrice>
    <yourDealerPrice>37.93</yourDealerPrice>
    <baseRetailPrice>0.00</baseRetailPrice>
    <originalRetailPrice>108.95</originalRetailPrice>
    <partImage>http://asset.lemansnet.com/z/LzMvQS84LzNBOEVENjkzLUQyQjctNDQ3QS04NTI1LTkyRDUxMkVERUU2QQ==</partImage>
    <productId>0006065940</productId>
    <productName>Surge I C7210 Tire</productName>
    <productImage>http://asset.lemansnet.com/z/LzMvQS84LzNBOEVENjkzLUQyQjctNDQ3QS04NTI1LTkyRDUxMkVERUU2QQ==</productImage>
    <bullet1>Strong durable construction makes it the perfect choice for the rider who needs one tire that can do it all - hit the track and venture off into the woods</bullet1>
    <bullet2>Offers predictable grip during acceleration and braking</bullet2>
    <bullet3>Stable block tread pattern holds tight in corners</bullet3>
    <bullet4>Intermediate terrain</bullet4>
    <bullet5/>
    <bullet6/>
    <bullet7/>
    <bullet8/>
    <bullet9/>
    <bullet10/>
    <bullet11/>
    <bullet12/>
    <bullet13/>
    <bullet14/>
    <bullet15/>
    <bullet16/>
    <bullet17/>
    <bullet18/>
    <bullet19/>
    <bullet20/>
    <bullet21/>
    <bullet22/>
    <bullet23/>
    <bullet24/>
    <vendorPriceUpdateDate>2023-04-03 00:00:00</vendorPriceUpdateDate>
  </part>
  <part>
    <partNumber>03120152</partNumber>
    <punctuatedPartNumber>0312-0152</punctuatedPartNumber>
    <partStatusDescription>DISCONTINUED</partStatusDescription>
    <partDescription>Tire - Surge I C7209 - Front - 80/100-21 - 51M</partDescription>
    <unitOfMeasure>Each</unitOfMeasure>
    <brandName>CST</brandName>
    <supplierNumber>TM88241000</supplierNumber>
    <specialInstructions>Discontinued P/Byr</specialInstructions>
    <baseDealerPrice>43.45</baseDealerPrice>
    <yourDealerPrice>43.45</yourDealerPrice>
    <baseRetailPrice>0.00</baseRetailPrice>
    <originalRetailPrice>124.95</originalRetailPrice>
    <partImage>http://asset.lemansnet.com/z/LzcvNC8yLzc0MkIwOEI0LTg0MjYtNDRCMC1BQTEwLUI2NURGMzExQ0IzMA==</partImage>
    <productId>1757512990</productId>
    <productName>Surge I C7209 Tire</productName>
    <productImage>http://asset.lemansnet.com/z/LzcvNC8yLzc0MkIwOEI0LTg0MjYtNDRCMC1BQTEwLUI2NURGMzExQ0IzMA==</productImage>
    <bullet1>Strong durable construction makes it the perfect choice for the rider who needs one tire that can do it all - hit the track and venture off into the woods</bullet1>
    <bullet2>Offers predictable grip during acceleration and braking</bullet2>
    <bullet3>Stable block tread pattern holds tight in corners</bullet3>
    <bullet4>Intermediate terrain</bullet4>
    <bullet5/>
    <bullet6/>
    <bullet7/>
    <bullet8/>
    <bullet9/>
    <bullet10/>
    <bullet11/>
    <bullet12/>
    <bullet13/>
    <bullet14/>
    <bullet15/>
    <bullet16/>
    <bullet17/>
    <bullet18/>
    <bullet19/>
    <bullet20/>
    <bullet21/>
    <bullet22/>
    <bullet23/>
    <bullet24/>
    <vendorPriceUpdateDate>2023-04-03 00:00:00</vendorPriceUpdateDate>
  </part>
  <part>
    <partNumber>03120289</partNumber>
    <punctuatedPartNumber>0312-0289</punctuatedPartNumber>
    <partStatusDescription>DISCONTINUED</partStatusDescription>
    <partDescription>Tire - Legion MX-VI CM702 - Front - 70/100-19 - 42M</partDescription>
    <unitOfMeasure>Each</unitOfMeasure>
    <brandName>CST</brandName>
    <supplierNumber>TM77989000</supplierNumber>
    <specialInstructions>Discontinued P/Byr</specialInstructions>
    <baseDealerPrice>35.64</baseDealerPrice>
    <yourDealerPrice>35.64</yourDealerPrice>
    <baseRetailPrice>0.00</baseRetailPrice>
    <originalRetailPrice>100.95</originalRetailPrice>
    <partImage>http://asset.lemansnet.com/z/LzEvNi9CLzE2QkYxMjQ2LTNENUUtNDEwQi1COTc5LTdFODRGNDlENDhGOQ==</partImage>
    <productId>1407316729</productId>
    <productName>Legion MX-VI CM702 Tire</productName>
    <productImage>http://asset.lemansnet.com/z/LzEvNi9CLzE2QkYxMjQ2LTNENUUtNDEwQi1COTc5LTdFODRGNDlENDhGOQ==</productImage>
    <bullet1>Long, varied tread pitches ensure that the tire hooks up in the variety of soil conditions found on a typical intermediate MX track</bullet1>
    <bullet2>Uniquely shaped shoulder knobs on the front deliver extreme braking traction and control into and around corners</bullet2>
    <bullet3>Optimized tire profile provides a smooth transition to the shoulder through turns</bullet3>
    <bullet4>Innovative tread pattern designed for dominance on the motocross battlefield</bullet4>
    <bullet5>Advanced carcass construction virtually eliminates tire roll in corners</bullet5>
    <bullet6>Soft/intermediate terrain</bullet6>
    <bullet7/>
    <bullet8/>
    <bullet9/>
    <bullet10/>
    <bullet11/>
    <bullet12/>
    <bullet13/>
    <bullet14/>
    <bullet15/>
    <bullet16/>
    <bullet17/>
    <bullet18/>
    <bullet19/>
    <bullet20/>
    <bullet21/>
    <bullet22/>
    <bullet23/>
    <bullet24/>
    <vendorPriceUpdateDate>2023-04-03 00:00:00</vendorPriceUpdateDate>
  </part>
  <part>
    <partNumber>03200638</partNumber>
    <punctuatedPartNumber>0320-0638</punctuatedPartNumber>
    <partStatusDescription>DISCONTINUED</partStatusDescription>
    <partDescription>Tire - Wild Thang - CU05 - Front - 27x10-14 - 6 Ply</partDescription>
    <unitOfMeasure>Each</unitOfMeasure>
    <brandName>CST</brandName>
    <supplierNumber>TM16779000</supplierNumber>
    <specialInstructions>Discontinued P/Byr</specialInstructions>
    <baseDealerPrice>80.80</baseDealerPrice>
    <yourDealerPrice>80.80</yourDealerPrice>
    <baseRetailPrice>0.00</baseRetailPrice>
    <originalRetailPrice>230.95</originalRetailPrice>
    <partImage>http://asset.lemansnet.com/z/L0UvQi83L0VCNzI0Qzg2LTcwQkYtNEI0My1CODk4LTA1RERENkYyOTMwRg==</partImage>
    <productId>1984536381</productId>
    <productName>CU05 Wild Thang Tire</productName>
    <productImage>http://asset.lemansnet.com/z/LzkvOC83Lzk4N0I3QUM3LUNERTYtNEIzNy1BQzFDLTgzRTNGOEFGOTY3Mg==</productImage>
    <bullet1>Features a fanged tread pattern that extends over the shoulder for extra cornering grip, allowing a rider to dig deeper and claw out of muddy, slick conditions</bullet1>
    <bullet2>The Wild Thang’s long-wearing, lightweight 6-ply rated and bias-ply construction allows for exceptional acceleration and braking power</bullet2>
    <bullet3>Lightweight bias-ply construction allows for exceptional acceleration and stop-on-a-dime braking power on the trail and in the mud</bullet3>
    <bullet4>Versatile tire design for comfortable riding on intermediate to loose-over-hardpacked conditions on your way to the mud holes</bullet4>
    <bullet5/>
    <bullet6/>
    <bullet7/>
    <bullet8/>
    <bullet9/>
    <bullet10/>
    <bullet11/>
    <bullet12/>
    <bullet13/>
    <bullet14/>
    <bullet15/>
    <bullet16/>
    <bullet17/>
    <bullet18/>
    <bullet19/>
    <bullet20/>
    <bullet21/>
    <bullet22/>
    <bullet23/>
    <bullet24/>
    <vendorPriceUpdateDate>2023-04-03 00:00:00</vendorPriceUpdateDate>
  </part>
  <part>
    <partNumber>03200643</partNumber>
    <punctuatedPartNumber>0320-0643</punctuatedPartNumber>
    <partStatusDescription>DISCONTINUED</partStatusDescription>
    <partDescription>Tire - Wild Thang - CU06 - Rear - 27x11-12 - 6 Ply</partDescription>
    <unitOfMeasure>Each</unitOfMeasure>
    <brandName>CST</brandName>
    <supplierNumber>TM00702200</supplierNumber>
    <specialInstructions>Discontinued P/Byr</specialInstructions>
    <baseDealerPrice>78.26</baseDealerPrice>
    <yourDealerPrice>78.26</yourDealerPrice>
    <baseRetailPrice>0.00</baseRetailPrice>
    <originalRetailPrice>233.95</originalRetailPrice>
    <partImage>http://asset.lemansnet.com/z/LzQvMS83LzQxNzlGQzg0LTVFQjQtNDY5OS1CMThGLUIxRTZFRUI5NkY0Nw==</partImage>
    <productId>1718413179</productId>
    <productName>CU06 Wild Thang Tire</productName>
    <productImage>http://asset.lemansnet.com/z/LzQvMS83LzQxNzlGQzg0LTVFQjQtNDY5OS1CMThGLUIxRTZFRUI5NkY0Nw==</productImage>
    <bullet1>Features a fanged tread pattern that extends over the shoulder for extra cornering grip, allowing a rider to dig deeper and claw out of muddy, slick conditions</bullet1>
    <bullet2>The Wild Thang’s long-wearing, lightweight 6-ply rated and bias-ply construction allows for exceptional acceleration and braking power</bullet2>
    <bullet3>Lightweight bias-ply construction allows for exceptional acceleration and stop-on-a-dime braking power on the trail and in the mud</bullet3>
    <bullet4>Versatile tire design for comfortable riding on intermediate to loose-over-hardpacked conditions on your way to the mud holes</bullet4>
    <bullet5/>
    <bullet6/>
    <bullet7/>
    <bullet8/>
    <bullet9/>
    <bullet10/>
    <bullet11/>
    <bullet12/>
    <bullet13/>
    <bullet14/>
    <bullet15/>
    <bullet16/>
    <bullet17/>
    <bullet18/>
    <bullet19/>
    <bullet20/>
    <bullet21/>
    <bullet22/>
    <bullet23/>
    <bullet24/>
    <vendorPriceUpdateDate>2023-04-03 00:00:00</vendorPriceUpdateDate>
  </part>
  <part>
    <partNumber>03210227</partNumber>
    <punctuatedPartNumber>0321-0227</punctuatedPartNumber>
    <partStatusDescription>DISCONTINUED</partStatusDescription>
    <partDescription>Tire - Ambush - Front - 21x7-10 - 4 Ply</partDescription>
    <unitOfMeasure>Each</unitOfMeasure>
    <brandName>CST</brandName>
    <supplierNumber>TM13604210</supplierNumber>
    <specialInstructions>Discontinued P/Byr</specialInstructions>
    <baseDealerPrice>43.87</baseDealerPrice>
    <yourDealerPrice>43.87</yourDealerPrice>
    <baseRetailPrice>0.00</baseRetailPrice>
    <originalRetailPrice>128.95</originalRetailPrice>
    <partImage>http://asset.lemansnet.com/z/L0EvRC9FL0FERTNFRTg4LTc0NzQtNEQ5Ny1BMjk3LUNCRTg5OTBDRDVBMg==</partImage>
    <productId>0714233890</productId>
    <productName>Ambush Tire</productName>
    <productImage>http://asset.lemansnet.com/z/L0EvMS9EL0ExRDgxNzM3LTMzRDgtNDA3OC04MTU1LUZFMjcwREI3NUNFRA==</productImage>
    <bullet1>Built for all types of cross country terrain</bullet1>
    <bullet2/>
    <bullet3/>
    <bullet4/>
    <bullet5/>
    <bullet6/>
    <bullet7/>
    <bullet8/>
    <bullet9/>
    <bullet10/>
    <bullet11/>
    <bullet12/>
    <bullet13/>
    <bullet14/>
    <bullet15/>
    <bullet16/>
    <bullet17/>
    <bullet18/>
    <bullet19/>
    <bullet20/>
    <bullet21/>
    <bullet22/>
    <bullet23/>
    <bullet24/>
    <vendorPriceUpdateDate>2023-04-03 00:00:00</vendorPriceUpdateDate>
  </part>
  <part>
    <partNumber>03210228</partNumber>
    <punctuatedPartNumber>0321-0228</punctuatedPartNumber>
    <partStatusDescription>DISCONTINUED</partStatusDescription>
    <partDescription>Tire - Ambush - Front - 22x7-10 - 4 Ply</partDescription>
    <unitOfMeasure>Each</unitOfMeasure>
    <brandName>CST</brandName>
    <supplierNumber>TM13604610</supplierNumber>
    <specialInstructions>Discontinued P/Byr</specialInstructions>
    <baseDealerPrice>44.99</baseDealerPrice>
    <yourDealerPrice>44.99</yourDealerPrice>
    <baseRetailPrice>0.00</baseRetailPrice>
    <originalRetailPrice>131.95</originalRetailPrice>
    <partImage>http://asset.lemansnet.com/z/L0EvRC9FL0FERTNFRTg4LTc0NzQtNEQ5Ny1BMjk3LUNCRTg5OTBDRDVBMg==</partImage>
    <productId>0714233890</productId>
    <productName>Ambush Tire</productName>
    <productImage>http://asset.lemansnet.com/z/L0EvMS9EL0ExRDgxNzM3LTMzRDgtNDA3OC04MTU1LUZFMjcwREI3NUNFRA==</productImage>
    <bullet1>Built for all types of cross country terrain</bullet1>
    <bullet2/>
    <bullet3/>
    <bullet4/>
    <bullet5/>
    <bullet6/>
    <bullet7/>
    <bullet8/>
    <bullet9/>
    <bullet10/>
    <bullet11/>
    <bullet12/>
    <bullet13/>
    <bullet14/>
    <bullet15/>
    <bullet16/>
    <bullet17/>
    <bullet18/>
    <bullet19/>
    <bullet20/>
    <bullet21/>
    <bullet22/>
    <bullet23/>
    <bullet24/>
    <vendorPriceUpdateDate>2023-04-03 00:00:00</vendorPriceUpdateDate>
  </part>
</root>
