<root>
  <part>
    <partNumber>37010004</partNumber>
    <punctuatedPartNumber>3701-0004</punctuatedPartNumber>
    <partStatusDescription>STANDARD</partStatusDescription>
    <partDescription>Anti-Seize with Brush Top - 8 U.S. fl oz.</partDescription>
    <unitOfMeasure>Each</unitOfMeasure>
    <brandName>PERMATEX</brandName>
    <supplierNumber>80078</supplierNumber>
    <specialInstructions/>
    <baseDealerPrice>9.43</baseDealerPrice>
    <yourDealerPrice>9.43</yourDealerPrice>
    <baseRetailPrice>14.64</baseRetailPrice>
    <originalRetailPrice>13.95</originalRetailPrice>
    <partImage>http://asset.lemansnet.com/z/LzUvMy81LzUzNUQ5NTU3LUVBQTItNDgwMi04ODcyLTE0RUExOERDRjBENQ==</partImage>
    <productId>1476510005</productId>
    <productName>Anti-Seize Lubricant</productName>
    <productImage>http://asset.lemansnet.com/z/LzUvMy81LzUzNUQ5NTU3LUVBQTItNDgwMi04ODcyLTE0RUExOERDRjBENQ==</productImage>
    <bullet1>A highly-refined blend of aluminum, copper and graphite lubricants</bullet1>
    <bullet2>Use during assembly to prevent galling, corrosion and seizing due to weathering or chemicals</bullet2>
    <bullet3>Easy to disassemble</bullet3>
    <bullet4>Temperature range: -60°F to 1600°F (-51°C to 871°C)</bullet4>
    <bullet5>Salt, corrosion and moisture resistant</bullet5>
    <bullet6>Available in 8-ounce brush-top bottles, 12 per case</bullet6>
    <bullet7/>
    <bullet8/>
    <bullet9/>
    <bullet10/>
    <bullet11/>
    <bullet12/>
    <bullet13/>
    <bullet14/>
    <bullet15/>
    <bullet16/>
    <bullet17/>
    <bullet18/>
    <bullet19/>
    <bullet20/>
    <bullet21/>
    <bullet22/>
    <bullet23/>
    <bullet24/>
    <vendorPriceUpdateDate>2023-03-17 00:00:00</vendorPriceUpdateDate>
  </part>
  <part>
    <partNumber>37100005</partNumber>
    <punctuatedPartNumber>3710-0005</punctuatedPartNumber>
    <partStatusDescription>STANDARD</partStatusDescription>
    <partDescription>Right Stuff - Gray - 3 U.S. fl oz.</partDescription>
    <unitOfMeasure>Each</unitOfMeasure>
    <brandName>PERMATEX</brandName>
    <supplierNumber>25238</supplierNumber>
    <specialInstructions/>
    <baseDealerPrice>20.11</baseDealerPrice>
    <yourDealerPrice>20.11</yourDealerPrice>
    <baseRetailPrice>31.95</baseRetailPrice>
    <originalRetailPrice>26.95</originalRetailPrice>
    <partImage>http://asset.lemansnet.com/z/LzgvNS8yLzg1MjMxQkY4LTIzRUEtNEUyRi04NTg5LTk1NTNCODY5QUVDMw==</partImage>
    <productId>0650479664</productId>
    <productName>The Right Stuff 1 Minute Gasket</productName>
    <productImage>http://asset.lemansnet.com/z/LzgvNS8yLzg1MjMxQkY4LTIzRUEtNEUyRi04NTg5LTk1NTNCODY5QUVDMw==</productImage>
    <bullet1>Specifically designed to perform under higher torque loads caused by engines with closely spaced bolt patterns</bullet1>
    <bullet2>Seals instantly</bullet2>
    <bullet3>Blowout resistant, allowing leakproof gaskets to be made and put into service in just one minute</bullet3>
    <bullet4>Available in 3-ounce aerosol cans (carded), 6 per case</bullet4>
    <bullet5/>
    <bullet6/>
    <bullet7/>
    <bullet8/>
    <bullet9/>
    <bullet10/>
    <bullet11/>
    <bullet12/>
    <bullet13/>
    <bullet14/>
    <bullet15/>
    <bullet16/>
    <bullet17/>
    <bullet18/>
    <bullet19/>
    <bullet20/>
    <bullet21/>
    <bullet22/>
    <bullet23/>
    <bullet24/>
    <vendorPriceUpdateDate>2023-03-17 00:00:00</vendorPriceUpdateDate>
  </part>
  <part>
    <partNumber>37100006</partNumber>
    <punctuatedPartNumber>3710-0006</punctuatedPartNumber>
    <partStatusDescription>STANDARD</partStatusDescription>
    <partDescription>Silicone Gasket Maker - 3 oz. net wt.</partDescription>
    <unitOfMeasure>Each</unitOfMeasure>
    <brandName>PERMATEX</brandName>
    <supplierNumber>81878</supplierNumber>
    <specialInstructions/>
    <baseDealerPrice>7.73</baseDealerPrice>
    <yourDealerPrice>7.73</yourDealerPrice>
    <baseRetailPrice>12.35</baseRetailPrice>
    <originalRetailPrice>11.95</originalRetailPrice>
    <partImage>http://asset.lemansnet.com/z/LzcvMi8wLzcyMDA3MzM2LTdBN0YtNEVDMi05ODYxLUI5RjM1MTM1MjBCNw==</partImage>
    <productId>1686171459</productId>
    <productName>Ultra Copper® Maximum Temperature RTV Silicone Gasket Maker</productName>
    <productImage>http://asset.lemansnet.com/z/LzcvMi8wLzcyMDA3MzM2LTdBN0YtNEVDMi05ODYxLUI5RjM1MTM1MjBCNw==</productImage>
    <bullet1>For high operating temperatures</bullet1>
    <bullet2>Low odor, noncorrosive</bullet2>
    <bullet3>Superior adhesion</bullet3>
    <bullet4>More oil resistant than conventional silicone</bullet4>
    <bullet5>More flexible than cut gasket</bullet5>
    <bullet6>Temperature range: -65°F to 700°F</bullet6>
    <bullet7>Available in 3-ounce tubes, 12 per case</bullet7>
    <bullet8/>
    <bullet9/>
    <bullet10/>
    <bullet11/>
    <bullet12/>
    <bullet13/>
    <bullet14/>
    <bullet15/>
    <bullet16/>
    <bullet17/>
    <bullet18/>
    <bullet19/>
    <bullet20/>
    <bullet21/>
    <bullet22/>
    <bullet23/>
    <bullet24/>
    <vendorPriceUpdateDate>2023-03-17 00:00:00</vendorPriceUpdateDate>
  </part>
  <part>
    <partNumber>37100007</partNumber>
    <punctuatedPartNumber>3710-0007</punctuatedPartNumber>
    <partStatusDescription>STANDARD</partStatusDescription>
    <partDescription>Liquid Electric Tape - 4 U.S. fl oz.</partDescription>
    <unitOfMeasure>Each</unitOfMeasure>
    <brandName>PERMATEX</brandName>
    <supplierNumber>85120</supplierNumber>
    <specialInstructions/>
    <baseDealerPrice>11.23</baseDealerPrice>
    <yourDealerPrice>11.23</yourDealerPrice>
    <baseRetailPrice>16.95</baseRetailPrice>
    <originalRetailPrice>14.95</originalRetailPrice>
    <partImage>http://asset.lemansnet.com/z/LzAvQi9FLzBCRUFBNzIwLTk3MzYtNDdCQS1BRDlFLUNFQUMxNUIxMjYwNw==</partImage>
    <productId>0347580491</productId>
    <productName>Liquid Electrical Tape</productName>
    <productImage>http://asset.lemansnet.com/z/LzAvQi9FLzBCRUFBNzIwLTk3MzYtNDdCQS1BRDlFLUNFQUMxNUIxMjYwNw==</productImage>
    <bullet1>Weatherproof protectant for wiring and electrical connections</bullet1>
    <bullet2>Goes on as a liquid and dries to a vinyl polymer that resists dirt, dust, chemicals and moisture to ensure connections stay intact</bullet2>
    <bullet3>Brush-top applicator allows coverage without gaps and enables access to tight spaces that roll tape and shrink tubing can't get to</bullet3>
    <bullet4>Available in 4-fluid ounce jars, 6 per case</bullet4>
    <bullet5/>
    <bullet6/>
    <bullet7/>
    <bullet8/>
    <bullet9/>
    <bullet10/>
    <bullet11/>
    <bullet12/>
    <bullet13/>
    <bullet14/>
    <bullet15/>
    <bullet16/>
    <bullet17/>
    <bullet18/>
    <bullet19/>
    <bullet20/>
    <bullet21/>
    <bullet22/>
    <bullet23/>
    <bullet24/>
    <vendorPriceUpdateDate>2023-03-17 00:00:00</vendorPriceUpdateDate>
  </part>
  <part>
    <partNumber>37110001</partNumber>
    <punctuatedPartNumber>3711-0001</punctuatedPartNumber>
    <partStatusDescription>STANDARD</partStatusDescription>
    <partDescription>Gel Threadlocker - Blue - 0.35 oz. net wt.</partDescription>
    <unitOfMeasure>Each</unitOfMeasure>
    <brandName>PERMATEX</brandName>
    <supplierNumber>24010</supplierNumber>
    <specialInstructions/>
    <baseDealerPrice>15.23</baseDealerPrice>
    <yourDealerPrice>15.23</yourDealerPrice>
    <baseRetailPrice>23.35</baseRetailPrice>
    <originalRetailPrice>22.95</originalRetailPrice>
    <partImage>http://asset.lemansnet.com/z/L0IvQy9CL0JDQjM4QTM5LTU0MUYtNEQwQS05QUUxLTYxRkM5Qjk0Q0IwRQ==</partImage>
    <productId>0352496156</productId>
    <productName>Gel Twist™ Threadlocker</productName>
    <productImage>http://asset.lemansnet.com/z/L0IvQy9CL0JDQjM4QTM5LTU0MUYtNEQwQS05QUUxLTYxRkM5Qjk0Q0IwRQ==</productImage>
    <bullet1>No drips, runs, spills or leaks</bullet1>
    <bullet2>Pinpoint applicator</bullet2>
    <bullet3>Gel stays where you want it - on the part</bullet3>
    <bullet4>Applies clean and package stays clean</bullet4>
    <bullet5>Great for hard-to-reach places and vertical applications</bullet5>
    <bullet6>Easily portable</bullet6>
    <bullet7>No mess and no waste - time and cost savings</bullet7>
    <bullet8/>
    <bullet9/>
    <bullet10/>
    <bullet11/>
    <bullet12/>
    <bullet13/>
    <bullet14/>
    <bullet15/>
    <bullet16/>
    <bullet17/>
    <bullet18/>
    <bullet19/>
    <bullet20/>
    <bullet21/>
    <bullet22/>
    <bullet23/>
    <bullet24/>
    <vendorPriceUpdateDate>2023-03-17 00:00:00</vendorPriceUpdateDate>
  </part>
  <part>
    <partNumber>27100</partNumber>
    <punctuatedPartNumber>27100</punctuatedPartNumber>
    <partStatusDescription>STANDARD</partStatusDescription>
    <partDescription>271 Threadlocker - Red - 0.2 US fl oz.</partDescription>
    <unitOfMeasure>Each</unitOfMeasure>
    <brandName>PERMATEX</brandName>
    <supplierNumber>27100</supplierNumber>
    <specialInstructions/>
    <baseDealerPrice>5.07</baseDealerPrice>
    <yourDealerPrice>5.07</yourDealerPrice>
    <baseRetailPrice>7.95</baseRetailPrice>
    <originalRetailPrice>9.95</originalRetailPrice>
    <partImage>http://asset.lemansnet.com/z/LzQvMy9FLzQzRTJFQTA4LTcwRDgtNEMzOS04M0FDLUNGQUJCOUUyNUY4Qw==</partImage>
    <productId>1429557324</productId>
    <productName>Threadlocker Red</productName>
    <productImage>http://asset.lemansnet.com/z/LzQvMy9FLzQzRTJFQTA4LTcwRDgtNEMzOS04M0FDLUNGQUJCOUUyNUY4Qw==</productImage>
    <bullet1>High-strength adhesive adds 3,400 psi to holding power on newer slip- and press-fit assemblies</bullet1>
    <bullet2>Replaces set screws and snap rings</bullet2>
    <bullet3>Requires no extra effort or special tools for removal</bullet3>
    <bullet4>Fills gaps to .005"</bullet4>
    <bullet5/>
    <bullet6/>
    <bullet7/>
    <bullet8/>
    <bullet9/>
    <bullet10/>
    <bullet11/>
    <bullet12/>
    <bullet13/>
    <bullet14/>
    <bullet15/>
    <bullet16/>
    <bullet17/>
    <bullet18/>
    <bullet19/>
    <bullet20/>
    <bullet21/>
    <bullet22/>
    <bullet23/>
    <bullet24/>
    <vendorPriceUpdateDate>2023-03-17 00:00:00</vendorPriceUpdateDate>
  </part>
  <part>
    <partNumber>24200</partNumber>
    <punctuatedPartNumber>24200</punctuatedPartNumber>
    <partStatusDescription>STANDARD</partStatusDescription>
    <partDescription>242 Threadlocker - Blue - 0.2 US fl oz.</partDescription>
    <unitOfMeasure>Each</unitOfMeasure>
    <brandName>PERMATEX</brandName>
    <supplierNumber>24200</supplierNumber>
    <specialInstructions/>
    <baseDealerPrice>5.07</baseDealerPrice>
    <yourDealerPrice>5.07</yourDealerPrice>
    <baseRetailPrice>7.95</baseRetailPrice>
    <originalRetailPrice>8.95</originalRetailPrice>
    <partImage>http://asset.lemansnet.com/z/LzgvRS83LzhFNzAzODZGLUQyNjQtNEExQy05QzAxLTQ3MDRGMjY3MTg1Qg==</partImage>
    <productId>1919309787</productId>
    <productName>Threadlocker Blue</productName>
    <productImage>http://asset.lemansnet.com/z/LzgvRS83LzhFNzAzODZGLUQyNjQtNEExQy05QzAxLTQ3MDRGMjY3MTg1Qg==</productImage>
    <bullet1>Eliminates need for stocking expensive locknuts and lock washers</bullet1>
    <bullet2>Locks and seals while preventing parts from loosening due to vibration</bullet2>
    <bullet3>Protects threads from corrosion</bullet3>
    <bullet4>Medium strength (60 ft.-lb.) for easy disassembly</bullet4>
    <bullet5/>
    <bullet6/>
    <bullet7/>
    <bullet8/>
    <bullet9/>
    <bullet10/>
    <bullet11/>
    <bullet12/>
    <bullet13/>
    <bullet14/>
    <bullet15/>
    <bullet16/>
    <bullet17/>
    <bullet18/>
    <bullet19/>
    <bullet20/>
    <bullet21/>
    <bullet22/>
    <bullet23/>
    <bullet24/>
    <vendorPriceUpdateDate>2023-03-17 00:00:00</vendorPriceUpdateDate>
  </part>
  <part>
    <partNumber>29000</partNumber>
    <punctuatedPartNumber>29000</punctuatedPartNumber>
    <partStatusDescription>STANDARD</partStatusDescription>
    <partDescription>290 Threadlocker - Green - 0.2 US fl oz.</partDescription>
    <unitOfMeasure>Each</unitOfMeasure>
    <brandName>PERMATEX</brandName>
    <supplierNumber>29000</supplierNumber>
    <specialInstructions/>
    <baseDealerPrice>7.58</baseDealerPrice>
    <yourDealerPrice>7.58</yourDealerPrice>
    <baseRetailPrice>11.95</baseRetailPrice>
    <originalRetailPrice>11.95</originalRetailPrice>
    <partImage>http://asset.lemansnet.com/z/L0EvRi8xL0FGMTkxMEExLTM3NDktNDExOC1BRDJELTgzNzIzNjk0OTcxOA==</partImage>
    <productId>0426772236</productId>
    <productName>Threadlocker Green</productName>
    <productImage>http://asset.lemansnet.com/z/L0EvRi8xL0FGMTkxMEExLTM3NDktNDExOC1BRDJELTgzNzIzNjk0OTcxOA==</productImage>
    <bullet1>Seals weld and casting porosities and hairline cracks in housings, tubing and tanks</bullet1>
    <bullet2>Fills voids to .005"</bullet2>
    <bullet3>Secures setscrews and other adjustable assemblies after settings are completed</bullet3>
    <bullet4>Use after final parts assembly</bullet4>
    <bullet5/>
    <bullet6/>
    <bullet7/>
    <bullet8/>
    <bullet9/>
    <bullet10/>
    <bullet11/>
    <bullet12/>
    <bullet13/>
    <bullet14/>
    <bullet15/>
    <bullet16/>
    <bullet17/>
    <bullet18/>
    <bullet19/>
    <bullet20/>
    <bullet21/>
    <bullet22/>
    <bullet23/>
    <bullet24/>
    <vendorPriceUpdateDate>2023-03-17 00:00:00</vendorPriceUpdateDate>
  </part>
  <part>
    <partNumber>29132</partNumber>
    <punctuatedPartNumber>29132</punctuatedPartNumber>
    <partStatusDescription>STANDARD</partStatusDescription>
    <partDescription>Motoseal™ 1 Gasket Maker - 2.7 oz. net wt.</partDescription>
    <unitOfMeasure>Each</unitOfMeasure>
    <brandName>PERMATEX</brandName>
    <supplierNumber>29132</supplierNumber>
    <specialInstructions/>
    <baseDealerPrice>7.29</baseDealerPrice>
    <yourDealerPrice>7.29</yourDealerPrice>
    <baseRetailPrice>11.64</baseRetailPrice>
    <originalRetailPrice>10.95</originalRetailPrice>
    <partImage>http://asset.lemansnet.com/z/LzAvQy8wLzBDMDcxMjkwLTQxNEEtNEU4Ri1CRjNDLUY5NEM3OEY0REQyNw==</partImage>
    <productId>1591202017</productId>
    <productName>Motoseal™ 1 Gasket Maker</productName>
    <productImage>http://asset.lemansnet.com/z/LzAvQy8wLzBDMDcxMjkwLTQxNEEtNEU4Ri1CRjNDLUY5NEM3OEY0REQyNw==</productImage>
    <bullet1>Seals in 20 minutes; for use on frequently disassembled engines</bullet1>
    <bullet2>Resists gasoline and high temperatures while performing at low temperatures</bullet2>
    <bullet3>Effective on uneven joint surfaces</bullet3>
    <bullet4>Used to seal cylinder head top covers, transmission covers, crankcase halves, cam covers, exhaust manifolds, timing chain cases, cylinder case halves, side covers and clutch housings</bullet4>
    <bullet5>Available in 2.7-ounce tubes, 6 per case</bullet5>
    <bullet6/>
    <bullet7/>
    <bullet8/>
    <bullet9/>
    <bullet10/>
    <bullet11/>
    <bullet12/>
    <bullet13/>
    <bullet14/>
    <bullet15/>
    <bullet16/>
    <bullet17/>
    <bullet18/>
    <bullet19/>
    <bullet20/>
    <bullet21/>
    <bullet22/>
    <bullet23/>
    <bullet24/>
    <vendorPriceUpdateDate>2023-03-17 00:00:00</vendorPriceUpdateDate>
  </part>
  <part>
    <partNumber>68</partNumber>
    <punctuatedPartNumber>68</punctuatedPartNumber>
    <partStatusDescription>STANDARD</partStatusDescription>
    <partDescription>Fast Break Penetrant - 12 oz. net wt. - Aerosol</partDescription>
    <unitOfMeasure>Each</unitOfMeasure>
    <brandName>PERMATEX</brandName>
    <supplierNumber>80052</supplierNumber>
    <specialInstructions/>
    <baseDealerPrice>6.33</baseDealerPrice>
    <yourDealerPrice>6.33</yourDealerPrice>
    <baseRetailPrice>10.35</baseRetailPrice>
    <originalRetailPrice>7.95</originalRetailPrice>
    <partImage>http://asset.lemansnet.com/z/LzEvOC82LzE4NjlGQTVCLUMzRTUtNEExNS1CNTQzLTFDQUI2NTdDQkNFQg==</partImage>
    <productId>1993298582</productId>
    <productName>Fast Break Super Penetrant</productName>
    <productImage>http://asset.lemansnet.com/z/LzEvOC82LzE4NjlGQTVCLUMzRTUtNEExNS1CNTQzLTFDQUI2NTdDQkNFQg==</productImage>
    <bullet1>Heavy-duty oil-based penetrate containing molybdenum disulfide for rusted and frozen assemblies</bullet1>
    <bullet2>Works quickly to penetrate and loosen rust, tar, grease, paint, dirt, carbon deposits, and corrosion from metal parts</bullet2>
    <bullet3>Frees frozen nuts, bolts, and fittings in all types of assemblies</bullet3>
    <bullet4>Available in 12-ounce aerosol cans, 12 per case, sold each</bullet4>
    <bullet5/>
    <bullet6/>
    <bullet7/>
    <bullet8/>
    <bullet9/>
    <bullet10/>
    <bullet11/>
    <bullet12/>
    <bullet13/>
    <bullet14/>
    <bullet15/>
    <bullet16/>
    <bullet17/>
    <bullet18/>
    <bullet19/>
    <bullet20/>
    <bullet21/>
    <bullet22/>
    <bullet23/>
    <bullet24/>
    <vendorPriceUpdateDate>2023-03-17 00:00:00</vendorPriceUpdateDate>
  </part>
  <part>
    <partNumber>22058</partNumber>
    <punctuatedPartNumber>22058</punctuatedPartNumber>
    <partStatusDescription>STANDARD</partStatusDescription>
    <partDescription>Dielectric Grease - 3 oz. net wt.</partDescription>
    <unitOfMeasure>Each</unitOfMeasure>
    <brandName>PERMATEX</brandName>
    <supplierNumber>22058</supplierNumber>
    <specialInstructions/>
    <baseDealerPrice>11.33</baseDealerPrice>
    <yourDealerPrice>11.33</yourDealerPrice>
    <baseRetailPrice>17.35</baseRetailPrice>
    <originalRetailPrice>16.95</originalRetailPrice>
    <partImage>http://asset.lemansnet.com/z/LzEvNC8zLzE0MzU5RDc4LUFERTgtNEZCMC04NEY0LUZBQTE2QzQ3RjcwNw==</partImage>
    <productId>1107308128</productId>
    <productName>Tune-Up Dielectric Grease</productName>
    <productImage>http://asset.lemansnet.com/z/LzEvNC8zLzE0MzU5RDc4LUFERTgtNEZCMC04NEY0LUZBQTE2QzQ3RjcwNw==</productImage>
    <bullet1>Water-repellent grease works great for sealing electrical connections</bullet1>
    <bullet2>Excellent lubricant for rubber, ceramic and plastic, with a high temperature resistance</bullet2>
    <bullet3>Stops corrosion on electrical connectors</bullet3>
    <bullet4>Use for lubricating O-rings, gaskets and seals</bullet4>
    <bullet5/>
    <bullet6/>
    <bullet7/>
    <bullet8/>
    <bullet9/>
    <bullet10/>
    <bullet11/>
    <bullet12/>
    <bullet13/>
    <bullet14/>
    <bullet15/>
    <bullet16/>
    <bullet17/>
    <bullet18/>
    <bullet19/>
    <bullet20/>
    <bullet21/>
    <bullet22/>
    <bullet23/>
    <bullet24/>
    <vendorPriceUpdateDate>2023-03-17 00:00:00</vendorPriceUpdateDate>
  </part>
  <part>
    <partNumber>37110002</partNumber>
    <punctuatedPartNumber>3711-0002</punctuatedPartNumber>
    <partStatusDescription>STANDARD</partStatusDescription>
    <partDescription>Gel Threadlocker - Red - 0.35 oz. net wt.</partDescription>
    <unitOfMeasure>Each</unitOfMeasure>
    <brandName>PERMATEX</brandName>
    <supplierNumber>27010</supplierNumber>
    <specialInstructions/>
    <baseDealerPrice>15.89</baseDealerPrice>
    <yourDealerPrice>15.89</yourDealerPrice>
    <baseRetailPrice>23.95</baseRetailPrice>
    <originalRetailPrice>23.95</originalRetailPrice>
    <partImage>http://asset.lemansnet.com/z/L0UvRi80L0VGNDU3QUE1LTFDQzMtNDdGOC1BQ0I1LTVFN0M1NkZCRkYxMA==</partImage>
    <productId>0352496156</productId>
    <productName>Gel Twist™ Threadlocker</productName>
    <productImage>http://asset.lemansnet.com/z/L0IvQy9CL0JDQjM4QTM5LTU0MUYtNEQwQS05QUUxLTYxRkM5Qjk0Q0IwRQ==</productImage>
    <bullet1>No drips, runs, spills or leaks</bullet1>
    <bullet2>Pinpoint applicator</bullet2>
    <bullet3>Gel stays where you want it - on the part</bullet3>
    <bullet4>Applies clean and package stays clean</bullet4>
    <bullet5>Great for hard-to-reach places and vertical applications</bullet5>
    <bullet6>Easily portable</bullet6>
    <bullet7>No mess and no waste - time and cost savings</bullet7>
    <bullet8/>
    <bullet9/>
    <bullet10/>
    <bullet11/>
    <bullet12/>
    <bullet13/>
    <bullet14/>
    <bullet15/>
    <bullet16/>
    <bullet17/>
    <bullet18/>
    <bullet19/>
    <bullet20/>
    <bullet21/>
    <bullet22/>
    <bullet23/>
    <bullet24/>
    <vendorPriceUpdateDate>2023-03-17 00:00:00</vendorPriceUpdateDate>
  </part>
  <part>
    <partNumber>51813</partNumber>
    <punctuatedPartNumber>51813</punctuatedPartNumber>
    <partStatusDescription>STANDARD</partStatusDescription>
    <partDescription>Gasket Maker - 50ml</partDescription>
    <unitOfMeasure>Each</unitOfMeasure>
    <brandName>PERMATEX</brandName>
    <supplierNumber>51813</supplierNumber>
    <specialInstructions/>
    <baseDealerPrice>17.46</baseDealerPrice>
    <yourDealerPrice>17.46</yourDealerPrice>
    <baseRetailPrice>26.64</baseRetailPrice>
    <originalRetailPrice>24.95</originalRetailPrice>
    <partImage>http://asset.lemansnet.com/z/L0MvRC82L0NENjQzODgyLUU2MUEtNENBOC1BRDRCLTk5QUMxNkU1NDU2RA==</partImage>
    <productId>0022630561</productId>
    <productName>Anaerobic Gasket Maker</productName>
    <productImage>http://asset.lemansnet.com/z/L0MvRC82L0NENjQzODgyLUU2MUEtNENBOC1BRDRCLTk5QUMxNkU1NDU2RA==</productImage>
    <bullet1>Non-corrosive gasket material designed for use on aluminum, iron and steel-flanged mating surfaces</bullet1>
    <bullet2>Ideal for on-the-spot and emergency repairs</bullet2>
    <bullet3>Fills gaps up to .015" and cures to a solvent-resistant seal</bullet3>
    <bullet4>Parts disassemble easily</bullet4>
    <bullet5>Available in 50mL tubes, 6 per case</bullet5>
    <bullet6/>
    <bullet7/>
    <bullet8/>
    <bullet9/>
    <bullet10/>
    <bullet11/>
    <bullet12/>
    <bullet13/>
    <bullet14/>
    <bullet15/>
    <bullet16/>
    <bullet17/>
    <bullet18/>
    <bullet19/>
    <bullet20/>
    <bullet21/>
    <bullet22/>
    <bullet23/>
    <bullet24/>
    <vendorPriceUpdateDate>2023-03-17 00:00:00</vendorPriceUpdateDate>
  </part>
  <part>
    <partNumber>24240</partNumber>
    <punctuatedPartNumber>24240</punctuatedPartNumber>
    <partStatusDescription>STANDARD</partStatusDescription>
    <partDescription>242 Threadlocker - Blue - 1.22 US fl oz.</partDescription>
    <unitOfMeasure>Each</unitOfMeasure>
    <brandName>PERMATEX</brandName>
    <supplierNumber>24240</supplierNumber>
    <specialInstructions/>
    <baseDealerPrice>28.12</baseDealerPrice>
    <yourDealerPrice>28.12</yourDealerPrice>
    <baseRetailPrice>43.95</baseRetailPrice>
    <originalRetailPrice>43.95</originalRetailPrice>
    <partImage>http://asset.lemansnet.com/z/LzkvQS8yLzlBMjUxNUVCLTFFODAtNDVCMS05RkFCLTYxMDM4NDRFMDI1Mw==</partImage>
    <productId>1919309787</productId>
    <productName>Threadlocker Blue</productName>
    <productImage>http://asset.lemansnet.com/z/LzgvRS83LzhFNzAzODZGLUQyNjQtNEExQy05QzAxLTQ3MDRGMjY3MTg1Qg==</productImage>
    <bullet1>Eliminates need for stocking expensive locknuts and lock washers</bullet1>
    <bullet2>Locks and seals while preventing parts from loosening due to vibration</bullet2>
    <bullet3>Protects threads from corrosion</bullet3>
    <bullet4>Medium strength (60 ft.-lb.) for easy disassembly</bullet4>
    <bullet5/>
    <bullet6/>
    <bullet7/>
    <bullet8/>
    <bullet9/>
    <bullet10/>
    <bullet11/>
    <bullet12/>
    <bullet13/>
    <bullet14/>
    <bullet15/>
    <bullet16/>
    <bullet17/>
    <bullet18/>
    <bullet19/>
    <bullet20/>
    <bullet21/>
    <bullet22/>
    <bullet23/>
    <bullet24/>
    <vendorPriceUpdateDate>2023-03-17 00:00:00</vendorPriceUpdateDate>
  </part>
  <part>
    <partNumber>27140</partNumber>
    <punctuatedPartNumber>27140</punctuatedPartNumber>
    <partStatusDescription>STANDARD</partStatusDescription>
    <partDescription>271 Threadlocker - Red - 1.22 US fl oz.</partDescription>
    <unitOfMeasure>Each</unitOfMeasure>
    <brandName>PERMATEX</brandName>
    <supplierNumber>27140</supplierNumber>
    <specialInstructions/>
    <baseDealerPrice>28.12</baseDealerPrice>
    <yourDealerPrice>28.12</yourDealerPrice>
    <baseRetailPrice>43.95</baseRetailPrice>
    <originalRetailPrice>43.95</originalRetailPrice>
    <partImage>http://asset.lemansnet.com/z/LzEvMC9CLzEwQjg5RkVELTBCQkEtNDEwMC05NDI5LUNCMTE3QUNERDFDMQ==</partImage>
    <productId>1429557324</productId>
    <productName>Threadlocker Red</productName>
    <productImage>http://asset.lemansnet.com/z/LzQvMy9FLzQzRTJFQTA4LTcwRDgtNEMzOS04M0FDLUNGQUJCOUUyNUY4Qw==</productImage>
    <bullet1>High-strength adhesive adds 3,400 psi to holding power on newer slip- and press-fit assemblies</bullet1>
    <bullet2>Replaces set screws and snap rings</bullet2>
    <bullet3>Requires no extra effort or special tools for removal</bullet3>
    <bullet4>Fills gaps to .005"</bullet4>
    <bullet5/>
    <bullet6/>
    <bullet7/>
    <bullet8/>
    <bullet9/>
    <bullet10/>
    <bullet11/>
    <bullet12/>
    <bullet13/>
    <bullet14/>
    <bullet15/>
    <bullet16/>
    <bullet17/>
    <bullet18/>
    <bullet19/>
    <bullet20/>
    <bullet21/>
    <bullet22/>
    <bullet23/>
    <bullet24/>
    <vendorPriceUpdateDate>2023-03-17 00:00:00</vendorPriceUpdateDate>
  </part>
</root>
