<root>
  <part>
    <partNumber>37040196</partNumber>
    <punctuatedPartNumber>3704-0196</punctuatedPartNumber>
    <partStatusDescription>STANDARD</partStatusDescription>
    <partDescription>Matte Finish Detailer - 16 U.S. fl oz.</partDescription>
    <unitOfMeasure>Each</unitOfMeasure>
    <brandName>DUCKY</brandName>
    <supplierNumber>D-1045</supplierNumber>
    <specialInstructions/>
    <baseDealerPrice>9.00</baseDealerPrice>
    <yourDealerPrice>9.00</yourDealerPrice>
    <baseRetailPrice>14.99</baseRetailPrice>
    <originalRetailPrice>14.99</originalRetailPrice>
    <partImage>http://asset.lemansnet.com/z/LzEvNi9FLzE2RUI2REYxLTI3QkQtNEYyMy1BNUI4LTQ3MTNCMENFRDI1OA==</partImage>
    <productId>1497797897</productId>
    <productName>Matte Finish Detailer</productName>
    <productImage>http://asset.lemansnet.com/z/LzEvNi9FLzE2RUI2REYxLTI3QkQtNEYyMy1BNUI4LTQ3MTNCMENFRDI1OA==</productImage>
    <bullet1>Perfect for all matte finish motorcycles, helmets and navigation screens</bullet1>
    <bullet2>Designed to safely remove oils, dust, grime, bird waste and grease while restoring and protecting original matte finish</bullet2>
    <bullet3>Free of wax, silicone and other surfactants with high pH that can permanently damage matte finishes</bullet3>
    <bullet4>Contains UV protection - cleans, maintains and protects</bullet4>
    <bullet5>Also great for gloss finishes</bullet5>
    <bullet6>Available in 16-fluid ounce spray bottles</bullet6>
    <bullet7/>
    <bullet8/>
    <bullet9/>
    <bullet10/>
    <bullet11/>
    <bullet12/>
    <bullet13/>
    <bullet14/>
    <bullet15/>
    <bullet16/>
    <bullet17/>
    <bullet18/>
    <bullet19/>
    <bullet20/>
    <bullet21/>
    <bullet22/>
    <bullet23/>
    <bullet24/>
    <vendorPriceUpdateDate>2021-11-18 00:00:00</vendorPriceUpdateDate>
  </part>
  <part>
    <partNumber>37040201</partNumber>
    <punctuatedPartNumber>3704-0201</punctuatedPartNumber>
    <partStatusDescription>STANDARD</partStatusDescription>
    <partDescription>Spot Remover with Wax - 32 U.S. fl oz.</partDescription>
    <unitOfMeasure>Each</unitOfMeasure>
    <brandName>DUCKY</brandName>
    <supplierNumber>D1009</supplierNumber>
    <specialInstructions/>
    <baseDealerPrice>15.00</baseDealerPrice>
    <yourDealerPrice>15.00</yourDealerPrice>
    <baseRetailPrice>22.95</baseRetailPrice>
    <originalRetailPrice>20.95</originalRetailPrice>
    <partImage>http://asset.lemansnet.com/z/L0MvQy85L0NDOTg0Njc0LUMyNkEtNEMwRC1BNDNGLTlDMTk2Njc1NjIzQQ==</partImage>
    <productId>0406140037</productId>
    <productName>Water Spot Remover with Wax</productName>
    <productImage>http://asset.lemansnet.com/z/L0MvQy85L0NDOTg0Njc0LUMyNkEtNEMwRC1BNDNGLTlDMTk2Njc1NjIzQQ==</productImage>
    <bullet1>Formulated with a Brazilian Grade-A white carnauba wax</bullet1>
    <bullet2>Quickly and effectively eliminates hard water deposits</bullet2>
    <bullet3>Leaves a brilliant, high gloss waxed and UV-protected surface; clear coat, gel coat, and fiberglass-safe</bullet3>
    <bullet4>Water Spot Plus is recommended for use on gloss surfaces where wax and gloss enhancers are desired</bullet4>
    <bullet5>Simply spray, wipe and dry</bullet5>
    <bullet6>Will not strip existing wax</bullet6>
    <bullet7>Available in 32-ounce spray bottles</bullet7>
    <bullet8/>
    <bullet9/>
    <bullet10/>
    <bullet11/>
    <bullet12/>
    <bullet13/>
    <bullet14/>
    <bullet15/>
    <bullet16/>
    <bullet17/>
    <bullet18/>
    <bullet19/>
    <bullet20/>
    <bullet21/>
    <bullet22/>
    <bullet23/>
    <bullet24/>
    <vendorPriceUpdateDate>2021-11-18 00:00:00</vendorPriceUpdateDate>
  </part>
  <part>
    <partNumber>37040160</partNumber>
    <punctuatedPartNumber>3704-0160</punctuatedPartNumber>
    <partStatusDescription>STANDARD</partStatusDescription>
    <partDescription>Water Spot Remover - 32 U.S. fl oz.</partDescription>
    <unitOfMeasure>Each</unitOfMeasure>
    <brandName>DUCKY</brandName>
    <supplierNumber>D-1000L</supplierNumber>
    <specialInstructions/>
    <baseDealerPrice>12.60</baseDealerPrice>
    <yourDealerPrice>12.60</yourDealerPrice>
    <baseRetailPrice>20.95</baseRetailPrice>
    <originalRetailPrice>19.99</originalRetailPrice>
    <partImage>http://asset.lemansnet.com/z/LzcvOS8yLzc5MjFERUM1LTE2RDAtNDhCNy04ODZDLUI1RjY4QTREMDFFMQ==</partImage>
    <productId>0561927664</productId>
    <productName>Water Spot Remover</productName>
    <productImage>http://asset.lemansnet.com/z/LzcvOS8yLzc5MjFERUM1LTE2RDAtNDhCNy04ODZDLUI1RjY4QTREMDFFMQ==</productImage>
    <bullet1>Cleaning up your hull, kneeboard or ski is no longer a painstaking, time-consuming process with this nonabrasive, no-rinse, environmentally friendly formula</bullet1>
    <bullet2>Easily powers away water spots, grease and carbon deposits that can cause irreparable damage to your boat</bullet2>
    <bullet3>Easy to use; spray on and wipe off</bullet3>
    <bullet4>Great on matte, flat, and non-waxed finishes</bullet4>
    <bullet5>Non-toxic and biodegradable</bullet5>
    <bullet6/>
    <bullet7/>
    <bullet8/>
    <bullet9/>
    <bullet10/>
    <bullet11/>
    <bullet12/>
    <bullet13/>
    <bullet14/>
    <bullet15/>
    <bullet16/>
    <bullet17/>
    <bullet18/>
    <bullet19/>
    <bullet20/>
    <bullet21/>
    <bullet22/>
    <bullet23/>
    <bullet24/>
    <vendorPriceUpdateDate>2021-11-18 00:00:00</vendorPriceUpdateDate>
  </part>
  <part>
    <partNumber>37040161</partNumber>
    <punctuatedPartNumber>3704-0161</punctuatedPartNumber>
    <partStatusDescription>STANDARD</partStatusDescription>
    <partDescription>Water Spot Remover - 1 U.S. gal.</partDescription>
    <unitOfMeasure>Each</unitOfMeasure>
    <brandName>DUCKY</brandName>
    <supplierNumber>D-1004L</supplierNumber>
    <specialInstructions/>
    <baseDealerPrice>28.80</baseDealerPrice>
    <yourDealerPrice>28.80</yourDealerPrice>
    <baseRetailPrice>47.95</baseRetailPrice>
    <originalRetailPrice>45.00</originalRetailPrice>
    <partImage>http://asset.lemansnet.com/z/L0UvRi8zL0VGMzVFM0YxLTA2QUMtNEYxOC04NjU0LUZFRUNGQUJCNTBGMA==</partImage>
    <productId>0561927664</productId>
    <productName>Water Spot Remover</productName>
    <productImage>http://asset.lemansnet.com/z/LzcvOS8yLzc5MjFERUM1LTE2RDAtNDhCNy04ODZDLUI1RjY4QTREMDFFMQ==</productImage>
    <bullet1>Cleaning up your hull, kneeboard or ski is no longer a painstaking, time-consuming process with this nonabrasive, no-rinse, environmentally friendly formula</bullet1>
    <bullet2>Easily powers away water spots, grease and carbon deposits that can cause irreparable damage to your boat</bullet2>
    <bullet3>Easy to use; spray on and wipe off</bullet3>
    <bullet4>Great on matte, flat, and non-waxed finishes</bullet4>
    <bullet5>Non-toxic and biodegradable</bullet5>
    <bullet6/>
    <bullet7/>
    <bullet8/>
    <bullet9/>
    <bullet10/>
    <bullet11/>
    <bullet12/>
    <bullet13/>
    <bullet14/>
    <bullet15/>
    <bullet16/>
    <bullet17/>
    <bullet18/>
    <bullet19/>
    <bullet20/>
    <bullet21/>
    <bullet22/>
    <bullet23/>
    <bullet24/>
    <vendorPriceUpdateDate>2021-11-18 00:00:00</vendorPriceUpdateDate>
  </part>
</root>
