<root>
  <part>
    <partNumber>07050081</partNumber>
    <punctuatedPartNumber>0705-0081</punctuatedPartNumber>
    <partStatusDescription>DISCONTINUED</partStatusDescription>
    <partDescription>Fuel Petcock - Adjustable - 22 mm</partDescription>
    <unitOfMeasure>Each</unitOfMeasure>
    <brandName>SPYKE</brandName>
    <supplierNumber>454210</supplierNumber>
    <specialInstructions>Discontinued per Buyer 9/10/25</specialInstructions>
    <baseDealerPrice>83.23</baseDealerPrice>
    <yourDealerPrice>83.23</yourDealerPrice>
    <baseRetailPrice>122.60</baseRetailPrice>
    <originalRetailPrice>115.95</originalRetailPrice>
    <partImage>http://asset.lemansnet.com/z/LzgvQy80LzhDNDkwN0Q1LTFFRjktNEQwQy04QTBGLTI0NDkwNDVCNjgyNw==</partImage>
    <productId>0990444758</productId>
    <productName>Fuel Valve Petcock</productName>
    <productImage>http://asset.lemansnet.com/z/LzgvQy80LzhDNDkwN0Q1LTFFRjktNEQwQy04QTBGLTI0NDkwNDVCNjgyNw==</productImage>
    <bullet1>Constructed from triple-show-chrome-plated brass</bullet1>
    <bullet2>Features an adjustable 360° swivel outlet and clicking detent that allows for accurate and universal positioning</bullet2>
    <bullet3>Significantly outflows stock and modified petcocks</bullet3>
    <bullet4>For stock and custom tanks with a 22 mm outlet</bullet4>
    <bullet5/>
    <bullet6/>
    <bullet7/>
    <bullet8/>
    <bullet9/>
    <bullet10/>
    <bullet11/>
    <bullet12/>
    <bullet13/>
    <bullet14/>
    <bullet15/>
    <bullet16/>
    <bullet17/>
    <bullet18/>
    <bullet19/>
    <bullet20/>
    <bullet21/>
    <bullet22/>
    <bullet23/>
    <bullet24/>
    <vendorPriceUpdateDate>2023-02-03 00:00:00</vendorPriceUpdateDate>
  </part>
  <part>
    <partNumber>21100440</partNumber>
    <punctuatedPartNumber>2110-0440</punctuatedPartNumber>
    <partStatusDescription>STANDARD</partStatusDescription>
    <partDescription>Starter - Jackshaft</partDescription>
    <unitOfMeasure>Kit</unitOfMeasure>
    <brandName>SPYKE</brandName>
    <supplierNumber>465049</supplierNumber>
    <specialInstructions/>
    <baseDealerPrice>112.30</baseDealerPrice>
    <yourDealerPrice>112.30</yourDealerPrice>
    <baseRetailPrice>161.04</baseRetailPrice>
    <originalRetailPrice>142.95</originalRetailPrice>
    <partImage>http://asset.lemansnet.com/z/LzkvRC80LzlENDYxQTk5LTAzOTEtNDAzNS1BRjVGLTlCQUQyQTY5NTNDNCwvRC8zL0QvRDNEMDI2REEtN0RDOC00QTRBLUFBOTYtQjMxNjY2ODQ3MUJG</partImage>
    <productId>0073246274</productId>
    <productName>Grind-Free Starter Jackshaft</productName>
    <productImage>http://asset.lemansnet.com/z/LzkvRC80LzlENDYxQTk5LTAzOTEtNDAzNS1BRjVGLTlCQUQyQTY5NTNDNA==</productImage>
    <bullet1>The amazing jackshaft fixes the grind associated with BDL 3" open belt drive systems that utilize a one-piece starter jackshaft</bullet1>
    <bullet2>The jackshaft is a three-piece design with ramped teeth and enough flex to integrate seamlessly with the belt drive ring gear</bullet2>
    <bullet3/>
    <bullet4/>
    <bullet5/>
    <bullet6/>
    <bullet7/>
    <bullet8/>
    <bullet9/>
    <bullet10/>
    <bullet11/>
    <bullet12/>
    <bullet13/>
    <bullet14/>
    <bullet15/>
    <bullet16/>
    <bullet17/>
    <bullet18/>
    <bullet19/>
    <bullet20/>
    <bullet21/>
    <bullet22/>
    <bullet23/>
    <bullet24/>
    <vendorPriceUpdateDate>2023-04-22 00:00:00</vendorPriceUpdateDate>
  </part>
  <part>
    <partNumber>21100885</partNumber>
    <punctuatedPartNumber>2110-0885</punctuatedPartNumber>
    <partStatusDescription>STANDARD</partStatusDescription>
    <partDescription>Supertorque - Starter - Polished</partDescription>
    <unitOfMeasure>Each</unitOfMeasure>
    <brandName>SPYKE</brandName>
    <supplierNumber>407110</supplierNumber>
    <specialInstructions/>
    <baseDealerPrice>382.80</baseDealerPrice>
    <yourDealerPrice>382.80</yourDealerPrice>
    <baseRetailPrice>553.19</baseRetailPrice>
    <originalRetailPrice>494.95</originalRetailPrice>
    <partImage>http://asset.lemansnet.com/z/L0UvRi9CL0VGQjI2OTMyLUJDQkMtNEUzNi1BQTk5LTQxNkZDMzZCN0JCQQ==</partImage>
    <productId>0648622369</productId>
    <productName>Supertorque Starter</productName>
    <productImage>http://asset.lemansnet.com/z/LzQvMi8wLzQyMEZFRDY2LTlGRjItNDJBRi1BQTQzLUU0OTNDMkNENTQ5QQ==</productImage>
    <bullet1>Give your bike up to 46% more cranking torque compared to stock with intelligent gear-reduction design</bullet1>
    <bullet2>1.4kW starters perform well without the use of a high-amp battery</bullet2>
    <bullet3>Easy installation</bullet3>
    <bullet4/>
    <bullet5/>
    <bullet6/>
    <bullet7/>
    <bullet8/>
    <bullet9/>
    <bullet10/>
    <bullet11/>
    <bullet12/>
    <bullet13/>
    <bullet14/>
    <bullet15/>
    <bullet16/>
    <bullet17/>
    <bullet18/>
    <bullet19/>
    <bullet20/>
    <bullet21/>
    <bullet22/>
    <bullet23/>
    <bullet24/>
    <vendorPriceUpdateDate>2023-02-03 00:00:00</vendorPriceUpdateDate>
  </part>
  <part>
    <partNumber>21100886</partNumber>
    <punctuatedPartNumber>2110-0886</punctuatedPartNumber>
    <partStatusDescription>STANDARD</partStatusDescription>
    <partDescription>Supertorque - Starter - Chrome</partDescription>
    <unitOfMeasure>Each</unitOfMeasure>
    <brandName>SPYKE</brandName>
    <supplierNumber>407210</supplierNumber>
    <specialInstructions/>
    <baseDealerPrice>414.50</baseDealerPrice>
    <yourDealerPrice>414.50</yourDealerPrice>
    <baseRetailPrice>613.86</baseRetailPrice>
    <originalRetailPrice>549.95</originalRetailPrice>
    <partImage>http://asset.lemansnet.com/z/L0IvMS9FL0IxRUU4NDkxLTY0RTktNDkyNi04NDJFLUVGQUZGRjEyNDA0Mg==</partImage>
    <productId>0648622369</productId>
    <productName>Supertorque Starter</productName>
    <productImage>http://asset.lemansnet.com/z/LzQvMi8wLzQyMEZFRDY2LTlGRjItNDJBRi1BQTQzLUU0OTNDMkNENTQ5QQ==</productImage>
    <bullet1>Give your bike up to 46% more cranking torque compared to stock with intelligent gear-reduction design</bullet1>
    <bullet2>1.4kW starters perform well without the use of a high-amp battery</bullet2>
    <bullet3>Easy installation</bullet3>
    <bullet4/>
    <bullet5/>
    <bullet6/>
    <bullet7/>
    <bullet8/>
    <bullet9/>
    <bullet10/>
    <bullet11/>
    <bullet12/>
    <bullet13/>
    <bullet14/>
    <bullet15/>
    <bullet16/>
    <bullet17/>
    <bullet18/>
    <bullet19/>
    <bullet20/>
    <bullet21/>
    <bullet22/>
    <bullet23/>
    <bullet24/>
    <vendorPriceUpdateDate>2023-02-03 00:00:00</vendorPriceUpdateDate>
  </part>
  <part>
    <partNumber>21100887</partNumber>
    <punctuatedPartNumber>2110-0887</punctuatedPartNumber>
    <partStatusDescription>STANDARD</partStatusDescription>
    <partDescription>Supertorque - Starter - Black</partDescription>
    <unitOfMeasure>Each</unitOfMeasure>
    <brandName>SPYKE</brandName>
    <supplierNumber>407410</supplierNumber>
    <specialInstructions/>
    <baseDealerPrice>382.80</baseDealerPrice>
    <yourDealerPrice>382.80</yourDealerPrice>
    <baseRetailPrice>553.19</baseRetailPrice>
    <originalRetailPrice>494.95</originalRetailPrice>
    <partImage>http://asset.lemansnet.com/z/L0MvRS9EL0NFRDhBNDUzLTFGRjctNDYwMy04MjdELTQ5OTRGRERENEEwRQ==</partImage>
    <productId>0648622369</productId>
    <productName>Supertorque Starter</productName>
    <productImage>http://asset.lemansnet.com/z/LzQvMi8wLzQyMEZFRDY2LTlGRjItNDJBRi1BQTQzLUU0OTNDMkNENTQ5QQ==</productImage>
    <bullet1>Give your bike up to 46% more cranking torque compared to stock with intelligent gear-reduction design</bullet1>
    <bullet2>1.4kW starters perform well without the use of a high-amp battery</bullet2>
    <bullet3>Easy installation</bullet3>
    <bullet4/>
    <bullet5/>
    <bullet6/>
    <bullet7/>
    <bullet8/>
    <bullet9/>
    <bullet10/>
    <bullet11/>
    <bullet12/>
    <bullet13/>
    <bullet14/>
    <bullet15/>
    <bullet16/>
    <bullet17/>
    <bullet18/>
    <bullet19/>
    <bullet20/>
    <bullet21/>
    <bullet22/>
    <bullet23/>
    <bullet24/>
    <vendorPriceUpdateDate>2023-02-03 00:00:00</vendorPriceUpdateDate>
  </part>
  <part>
    <partNumber>21100889</partNumber>
    <punctuatedPartNumber>2110-0889</punctuatedPartNumber>
    <partStatusDescription>STANDARD</partStatusDescription>
    <partDescription>Supertorque - Starter - Black</partDescription>
    <unitOfMeasure>Each</unitOfMeasure>
    <brandName>SPYKE</brandName>
    <supplierNumber>410410</supplierNumber>
    <specialInstructions>Not for FXSB models with belt drive</specialInstructions>
    <baseDealerPrice>382.80</baseDealerPrice>
    <yourDealerPrice>382.80</yourDealerPrice>
    <baseRetailPrice>553.19</baseRetailPrice>
    <originalRetailPrice>494.95</originalRetailPrice>
    <partImage>http://asset.lemansnet.com/z/LzUvQS81LzVBNTZEQjBGLUMyN0ItNDFBQi1CODgwLThEMUUxMzg5RTc4Rg==</partImage>
    <productId>0648622369</productId>
    <productName>Supertorque Starter</productName>
    <productImage>http://asset.lemansnet.com/z/LzQvMi8wLzQyMEZFRDY2LTlGRjItNDJBRi1BQTQzLUU0OTNDMkNENTQ5QQ==</productImage>
    <bullet1>Give your bike up to 46% more cranking torque compared to stock with intelligent gear-reduction design</bullet1>
    <bullet2>1.4kW starters perform well without the use of a high-amp battery</bullet2>
    <bullet3>Easy installation</bullet3>
    <bullet4/>
    <bullet5/>
    <bullet6/>
    <bullet7/>
    <bullet8/>
    <bullet9/>
    <bullet10/>
    <bullet11/>
    <bullet12/>
    <bullet13/>
    <bullet14/>
    <bullet15/>
    <bullet16/>
    <bullet17/>
    <bullet18/>
    <bullet19/>
    <bullet20/>
    <bullet21/>
    <bullet22/>
    <bullet23/>
    <bullet24/>
    <vendorPriceUpdateDate>2023-02-03 00:00:00</vendorPriceUpdateDate>
  </part>
  <part>
    <partNumber>21100239</partNumber>
    <punctuatedPartNumber>2110-0239</punctuatedPartNumber>
    <partStatusDescription>STANDARD</partStatusDescription>
    <partDescription>Supertorque - Starter - Chrome</partDescription>
    <unitOfMeasure>Each</unitOfMeasure>
    <brandName>SPYKE</brandName>
    <supplierNumber>412210</supplierNumber>
    <specialInstructions/>
    <baseDealerPrice>430.90</baseDealerPrice>
    <yourDealerPrice>430.90</yourDealerPrice>
    <baseRetailPrice>627.28</baseRetailPrice>
    <originalRetailPrice>560.95</originalRetailPrice>
    <partImage>http://asset.lemansnet.com/z/LzUvMC83LzUwNzg0QkE3LUYyQjktNEM5Qi1CMUQyLUU5NzVBODVBRkE3Mw==</partImage>
    <productId>0648622369</productId>
    <productName>Supertorque Starter</productName>
    <productImage>http://asset.lemansnet.com/z/LzQvMi8wLzQyMEZFRDY2LTlGRjItNDJBRi1BQTQzLUU0OTNDMkNENTQ5QQ==</productImage>
    <bullet1>Give your bike up to 46% more cranking torque compared to stock with intelligent gear-reduction design</bullet1>
    <bullet2>1.4kW starters perform well without the use of a high-amp battery</bullet2>
    <bullet3>Easy installation</bullet3>
    <bullet4/>
    <bullet5/>
    <bullet6/>
    <bullet7/>
    <bullet8/>
    <bullet9/>
    <bullet10/>
    <bullet11/>
    <bullet12/>
    <bullet13/>
    <bullet14/>
    <bullet15/>
    <bullet16/>
    <bullet17/>
    <bullet18/>
    <bullet19/>
    <bullet20/>
    <bullet21/>
    <bullet22/>
    <bullet23/>
    <bullet24/>
    <vendorPriceUpdateDate>2023-02-03 00:00:00</vendorPriceUpdateDate>
  </part>
  <part>
    <partNumber>21100240</partNumber>
    <punctuatedPartNumber>2110-0240</punctuatedPartNumber>
    <partStatusDescription>STANDARD</partStatusDescription>
    <partDescription>Drive Clutch - Starter</partDescription>
    <unitOfMeasure>Each</unitOfMeasure>
    <brandName>SPYKE</brandName>
    <supplierNumber>400011</supplierNumber>
    <specialInstructions/>
    <baseDealerPrice>88.30</baseDealerPrice>
    <yourDealerPrice>88.30</yourDealerPrice>
    <baseRetailPrice>130.08</baseRetailPrice>
    <originalRetailPrice>115.95</originalRetailPrice>
    <partImage>http://asset.lemansnet.com/z/LzYvNS9FLzY1RTQ0NDhBLTU2M0QtNDRBRC05MjE5LTM2RUYzRUVBRDVCOQ==</partImage>
    <productId>1056858612</productId>
    <productName>Heavy-Duty Starter Drive Clutch</productName>
    <productImage>http://asset.lemansnet.com/z/LzYvNS9FLzY1RTQ0NDhBLTU2M0QtNDRBRC05MjE5LTM2RUYzRUVBRDVCOQ==</productImage>
    <bullet1>Comes complete with bearing and drive clutch</bullet1>
    <bullet2>Direct OEM replacement</bullet2>
    <bullet3>Made in the USA</bullet3>
    <bullet4/>
    <bullet5/>
    <bullet6/>
    <bullet7/>
    <bullet8/>
    <bullet9/>
    <bullet10/>
    <bullet11/>
    <bullet12/>
    <bullet13/>
    <bullet14/>
    <bullet15/>
    <bullet16/>
    <bullet17/>
    <bullet18/>
    <bullet19/>
    <bullet20/>
    <bullet21/>
    <bullet22/>
    <bullet23/>
    <bullet24/>
    <vendorPriceUpdateDate>2023-02-03 00:00:00</vendorPriceUpdateDate>
  </part>
  <part>
    <partNumber>21100890</partNumber>
    <punctuatedPartNumber>2110-0890</punctuatedPartNumber>
    <partStatusDescription>STANDARD</partStatusDescription>
    <partDescription>Supertorque - Starter - Polished</partDescription>
    <unitOfMeasure>Each</unitOfMeasure>
    <brandName>SPYKE</brandName>
    <supplierNumber>411110</supplierNumber>
    <specialInstructions/>
    <baseDealerPrice>382.80</baseDealerPrice>
    <yourDealerPrice>382.80</yourDealerPrice>
    <baseRetailPrice>553.19</baseRetailPrice>
    <originalRetailPrice>494.95</originalRetailPrice>
    <partImage>http://asset.lemansnet.com/z/LzAvMy8xLzAzMUE3NkQwLUJEM0ItNDNFOS05RjNGLTg1OEI5MkMwNzM0OQ==</partImage>
    <productId>0648622369</productId>
    <productName>Supertorque Starter</productName>
    <productImage>http://asset.lemansnet.com/z/LzQvMi8wLzQyMEZFRDY2LTlGRjItNDJBRi1BQTQzLUU0OTNDMkNENTQ5QQ==</productImage>
    <bullet1>Give your bike up to 46% more cranking torque compared to stock with intelligent gear-reduction design</bullet1>
    <bullet2>1.4kW starters perform well without the use of a high-amp battery</bullet2>
    <bullet3>Easy installation</bullet3>
    <bullet4/>
    <bullet5/>
    <bullet6/>
    <bullet7/>
    <bullet8/>
    <bullet9/>
    <bullet10/>
    <bullet11/>
    <bullet12/>
    <bullet13/>
    <bullet14/>
    <bullet15/>
    <bullet16/>
    <bullet17/>
    <bullet18/>
    <bullet19/>
    <bullet20/>
    <bullet21/>
    <bullet22/>
    <bullet23/>
    <bullet24/>
    <vendorPriceUpdateDate>2023-02-03 00:00:00</vendorPriceUpdateDate>
  </part>
  <part>
    <partNumber>21100891</partNumber>
    <punctuatedPartNumber>2110-0891</punctuatedPartNumber>
    <partStatusDescription>STANDARD</partStatusDescription>
    <partDescription>Supertorque - Starter - Chrome</partDescription>
    <unitOfMeasure>Each</unitOfMeasure>
    <brandName>SPYKE</brandName>
    <supplierNumber>411210</supplierNumber>
    <specialInstructions/>
    <baseDealerPrice>414.50</baseDealerPrice>
    <yourDealerPrice>414.50</yourDealerPrice>
    <baseRetailPrice>613.86</baseRetailPrice>
    <originalRetailPrice>549.95</originalRetailPrice>
    <partImage>http://asset.lemansnet.com/z/LzAvMy8xLzAzMUE3NkQwLUJEM0ItNDNFOS05RjNGLTg1OEI5MkMwNzM0OQ==</partImage>
    <productId>0648622369</productId>
    <productName>Supertorque Starter</productName>
    <productImage>http://asset.lemansnet.com/z/LzQvMi8wLzQyMEZFRDY2LTlGRjItNDJBRi1BQTQzLUU0OTNDMkNENTQ5QQ==</productImage>
    <bullet1>Give your bike up to 46% more cranking torque compared to stock with intelligent gear-reduction design</bullet1>
    <bullet2>1.4kW starters perform well without the use of a high-amp battery</bullet2>
    <bullet3>Easy installation</bullet3>
    <bullet4/>
    <bullet5/>
    <bullet6/>
    <bullet7/>
    <bullet8/>
    <bullet9/>
    <bullet10/>
    <bullet11/>
    <bullet12/>
    <bullet13/>
    <bullet14/>
    <bullet15/>
    <bullet16/>
    <bullet17/>
    <bullet18/>
    <bullet19/>
    <bullet20/>
    <bullet21/>
    <bullet22/>
    <bullet23/>
    <bullet24/>
    <vendorPriceUpdateDate>2023-02-03 00:00:00</vendorPriceUpdateDate>
  </part>
  <part>
    <partNumber>21100892</partNumber>
    <punctuatedPartNumber>2110-0892</punctuatedPartNumber>
    <partStatusDescription>STANDARD</partStatusDescription>
    <partDescription>Supertorque - Starter - Black</partDescription>
    <unitOfMeasure>Each</unitOfMeasure>
    <brandName>SPYKE</brandName>
    <supplierNumber>411410</supplierNumber>
    <specialInstructions/>
    <baseDealerPrice>382.80</baseDealerPrice>
    <yourDealerPrice>382.80</yourDealerPrice>
    <baseRetailPrice>553.19</baseRetailPrice>
    <originalRetailPrice>494.95</originalRetailPrice>
    <partImage>http://asset.lemansnet.com/z/LzAvOS9GLzA5RkNFM0U1LUUxM0UtNDY4MC1BREUxLURBMkNBNkEzNkYyMA==</partImage>
    <productId>0648622369</productId>
    <productName>Supertorque Starter</productName>
    <productImage>http://asset.lemansnet.com/z/LzQvMi8wLzQyMEZFRDY2LTlGRjItNDJBRi1BQTQzLUU0OTNDMkNENTQ5QQ==</productImage>
    <bullet1>Give your bike up to 46% more cranking torque compared to stock with intelligent gear-reduction design</bullet1>
    <bullet2>1.4kW starters perform well without the use of a high-amp battery</bullet2>
    <bullet3>Easy installation</bullet3>
    <bullet4/>
    <bullet5/>
    <bullet6/>
    <bullet7/>
    <bullet8/>
    <bullet9/>
    <bullet10/>
    <bullet11/>
    <bullet12/>
    <bullet13/>
    <bullet14/>
    <bullet15/>
    <bullet16/>
    <bullet17/>
    <bullet18/>
    <bullet19/>
    <bullet20/>
    <bullet21/>
    <bullet22/>
    <bullet23/>
    <bullet24/>
    <vendorPriceUpdateDate>2023-02-03 00:00:00</vendorPriceUpdateDate>
  </part>
  <part>
    <partNumber>21100893</partNumber>
    <punctuatedPartNumber>2110-0893</punctuatedPartNumber>
    <partStatusDescription>STANDARD</partStatusDescription>
    <partDescription>Supertorque - Starter - Polished</partDescription>
    <unitOfMeasure>Each</unitOfMeasure>
    <brandName>SPYKE</brandName>
    <supplierNumber>413110</supplierNumber>
    <specialInstructions/>
    <baseDealerPrice>398.30</baseDealerPrice>
    <yourDealerPrice>398.30</yourDealerPrice>
    <baseRetailPrice>577.12</baseRetailPrice>
    <originalRetailPrice>516.95</originalRetailPrice>
    <partImage>http://asset.lemansnet.com/z/L0MvRi9CL0NGQjlBQjc5LUIyMzktNDQzNC04ODQ5LTM4NEY5QTBCQjlDQw==</partImage>
    <productId>0648622369</productId>
    <productName>Supertorque Starter</productName>
    <productImage>http://asset.lemansnet.com/z/LzQvMi8wLzQyMEZFRDY2LTlGRjItNDJBRi1BQTQzLUU0OTNDMkNENTQ5QQ==</productImage>
    <bullet1>Give your bike up to 46% more cranking torque compared to stock with intelligent gear-reduction design</bullet1>
    <bullet2>1.4kW starters perform well without the use of a high-amp battery</bullet2>
    <bullet3>Easy installation</bullet3>
    <bullet4/>
    <bullet5/>
    <bullet6/>
    <bullet7/>
    <bullet8/>
    <bullet9/>
    <bullet10/>
    <bullet11/>
    <bullet12/>
    <bullet13/>
    <bullet14/>
    <bullet15/>
    <bullet16/>
    <bullet17/>
    <bullet18/>
    <bullet19/>
    <bullet20/>
    <bullet21/>
    <bullet22/>
    <bullet23/>
    <bullet24/>
    <vendorPriceUpdateDate>2023-02-03 00:00:00</vendorPriceUpdateDate>
  </part>
  <part>
    <partNumber>21100895</partNumber>
    <punctuatedPartNumber>2110-0895</punctuatedPartNumber>
    <partStatusDescription>STANDARD</partStatusDescription>
    <partDescription>Supertorque - Starter - Black</partDescription>
    <unitOfMeasure>Each</unitOfMeasure>
    <brandName>SPYKE</brandName>
    <supplierNumber>413410</supplierNumber>
    <specialInstructions/>
    <baseDealerPrice>351.40</baseDealerPrice>
    <yourDealerPrice>351.40</yourDealerPrice>
    <baseRetailPrice>529.27</baseRetailPrice>
    <originalRetailPrice>472.95</originalRetailPrice>
    <partImage>http://asset.lemansnet.com/z/L0EvQy9CL0FDQkNDMzM0LUFBNzAtNEJDMC1CMUJFLTRDNERFRjBEMTE1NA==</partImage>
    <productId>0648622369</productId>
    <productName>Supertorque Starter</productName>
    <productImage>http://asset.lemansnet.com/z/LzQvMi8wLzQyMEZFRDY2LTlGRjItNDJBRi1BQTQzLUU0OTNDMkNENTQ5QQ==</productImage>
    <bullet1>Give your bike up to 46% more cranking torque compared to stock with intelligent gear-reduction design</bullet1>
    <bullet2>1.4kW starters perform well without the use of a high-amp battery</bullet2>
    <bullet3>Easy installation</bullet3>
    <bullet4/>
    <bullet5/>
    <bullet6/>
    <bullet7/>
    <bullet8/>
    <bullet9/>
    <bullet10/>
    <bullet11/>
    <bullet12/>
    <bullet13/>
    <bullet14/>
    <bullet15/>
    <bullet16/>
    <bullet17/>
    <bullet18/>
    <bullet19/>
    <bullet20/>
    <bullet21/>
    <bullet22/>
    <bullet23/>
    <bullet24/>
    <vendorPriceUpdateDate>2023-02-03 00:00:00</vendorPriceUpdateDate>
  </part>
  <part>
    <partNumber>21100115</partNumber>
    <punctuatedPartNumber>2110-0115</punctuatedPartNumber>
    <partStatusDescription>STANDARD</partStatusDescription>
    <partDescription>Starter Drive - Clutch</partDescription>
    <unitOfMeasure>Each</unitOfMeasure>
    <brandName>SPYKE</brandName>
    <supplierNumber>400111</supplierNumber>
    <specialInstructions/>
    <baseDealerPrice>95.90</baseDealerPrice>
    <yourDealerPrice>95.90</yourDealerPrice>
    <baseRetailPrice>141.79</baseRetailPrice>
    <originalRetailPrice>126.95</originalRetailPrice>
    <partImage>http://asset.lemansnet.com/z/L0YvQy83L0ZDN0Y0QzdGLTE4MjQtNEJENi05NDE3LTlBOTNCMTYwNTJCMg==</partImage>
    <productId>0627656981</productId>
    <productName>Supertorque Heavy-Duty Starter Drive Clutch</productName>
    <productImage>http://asset.lemansnet.com/z/L0YvQy83L0ZDN0Y0QzdGLTE4MjQtNEJENi05NDE3LTlBOTNCMTYwNTJCMg==</productImage>
    <bullet1>Comes complete with bearing and drive clutch</bullet1>
    <bullet2>Direct OEM replacement</bullet2>
    <bullet3>Made in the USA</bullet3>
    <bullet4/>
    <bullet5/>
    <bullet6/>
    <bullet7/>
    <bullet8/>
    <bullet9/>
    <bullet10/>
    <bullet11/>
    <bullet12/>
    <bullet13/>
    <bullet14/>
    <bullet15/>
    <bullet16/>
    <bullet17/>
    <bullet18/>
    <bullet19/>
    <bullet20/>
    <bullet21/>
    <bullet22/>
    <bullet23/>
    <bullet24/>
    <vendorPriceUpdateDate>2023-02-03 00:00:00</vendorPriceUpdateDate>
  </part>
  <part>
    <partNumber>21100118</partNumber>
    <punctuatedPartNumber>2110-0118</punctuatedPartNumber>
    <partStatusDescription>STANDARD</partStatusDescription>
    <partDescription>Solenoid End Cover - Starter Button</partDescription>
    <unitOfMeasure>Each</unitOfMeasure>
    <brandName>SPYKE</brandName>
    <supplierNumber>400117</supplierNumber>
    <specialInstructions/>
    <baseDealerPrice>79.70</baseDealerPrice>
    <yourDealerPrice>79.70</yourDealerPrice>
    <baseRetailPrice>113.89</baseRetailPrice>
    <originalRetailPrice>98.95</originalRetailPrice>
    <partImage>http://asset.lemansnet.com/z/LzQvMy9DLzQzQzIxRURGLUU3NkEtNDU5RS1BN0Q5LUQxRTA4QzBCMTFDMw==</partImage>
    <productId>1082361970</productId>
    <productName>Solenoid End Cover Starter Button</productName>
    <productImage>http://asset.lemansnet.com/z/LzQvMy9DLzQzQzIxRURGLUU3NkEtNDU5RS1BN0Q5LUQxRTA4QzBCMTFDMw==</productImage>
    <bullet1>Machined from billet 6160 aluminum, then triple show-chrome plated</bullet1>
    <bullet2>Feature a unique internally adjustable actuator to maintain constant contact as parts wear</bullet2>
    <bullet3>Can be used as a primary or backup starter actuation system</bullet3>
    <bullet4>Fits Spyke starters only</bullet4>
    <bullet5>Made in the USA</bullet5>
    <bullet6/>
    <bullet7/>
    <bullet8/>
    <bullet9/>
    <bullet10/>
    <bullet11/>
    <bullet12/>
    <bullet13/>
    <bullet14/>
    <bullet15/>
    <bullet16/>
    <bullet17/>
    <bullet18/>
    <bullet19/>
    <bullet20/>
    <bullet21/>
    <bullet22/>
    <bullet23/>
    <bullet24/>
    <vendorPriceUpdateDate>2023-02-03 00:00:00</vendorPriceUpdateDate>
  </part>
  <part>
    <partNumber>21100119</partNumber>
    <punctuatedPartNumber>2110-0119</punctuatedPartNumber>
    <partStatusDescription>STANDARD</partStatusDescription>
    <partDescription>Solenoid End Cover - Starter Button</partDescription>
    <unitOfMeasure>Each</unitOfMeasure>
    <brandName>SPYKE</brandName>
    <supplierNumber>400217</supplierNumber>
    <specialInstructions/>
    <baseDealerPrice>79.70</baseDealerPrice>
    <yourDealerPrice>79.70</yourDealerPrice>
    <baseRetailPrice>113.89</baseRetailPrice>
    <originalRetailPrice>98.95</originalRetailPrice>
    <partImage>http://asset.lemansnet.com/z/LzAvQS82LzBBNjFBOTM1LUFDNjYtNDNBNC04ODhBLUYyNERFQTZCMThFNw==</partImage>
    <productId>1082361970</productId>
    <productName>Solenoid End Cover Starter Button</productName>
    <productImage>http://asset.lemansnet.com/z/LzQvMy9DLzQzQzIxRURGLUU3NkEtNDU5RS1BN0Q5LUQxRTA4QzBCMTFDMw==</productImage>
    <bullet1>Machined from billet 6160 aluminum, then triple show-chrome plated</bullet1>
    <bullet2>Feature a unique internally adjustable actuator to maintain constant contact as parts wear</bullet2>
    <bullet3>Can be used as a primary or backup starter actuation system</bullet3>
    <bullet4>Fits Spyke starters only</bullet4>
    <bullet5>Made in the USA</bullet5>
    <bullet6/>
    <bullet7/>
    <bullet8/>
    <bullet9/>
    <bullet10/>
    <bullet11/>
    <bullet12/>
    <bullet13/>
    <bullet14/>
    <bullet15/>
    <bullet16/>
    <bullet17/>
    <bullet18/>
    <bullet19/>
    <bullet20/>
    <bullet21/>
    <bullet22/>
    <bullet23/>
    <bullet24/>
    <vendorPriceUpdateDate>2023-02-03 00:00:00</vendorPriceUpdateDate>
  </part>
  <part>
    <partNumber>21100120</partNumber>
    <punctuatedPartNumber>2110-0120</punctuatedPartNumber>
    <partStatusDescription>STANDARD</partStatusDescription>
    <partDescription>Solenoid End Cover - Starter Button</partDescription>
    <unitOfMeasure>Each</unitOfMeasure>
    <brandName>SPYKE</brandName>
    <supplierNumber>400227</supplierNumber>
    <specialInstructions/>
    <baseDealerPrice>79.70</baseDealerPrice>
    <yourDealerPrice>79.70</yourDealerPrice>
    <baseRetailPrice>113.89</baseRetailPrice>
    <originalRetailPrice>98.95</originalRetailPrice>
    <partImage>http://asset.lemansnet.com/z/LzcvMy8wLzczMDdENjY1LTRFMzMtNDg4Qy04N0Y4LTZEMzdBNDZCOEY2MQ==</partImage>
    <productId>1082361970</productId>
    <productName>Solenoid End Cover Starter Button</productName>
    <productImage>http://asset.lemansnet.com/z/LzQvMy9DLzQzQzIxRURGLUU3NkEtNDU5RS1BN0Q5LUQxRTA4QzBCMTFDMw==</productImage>
    <bullet1>Machined from billet 6160 aluminum, then triple show-chrome plated</bullet1>
    <bullet2>Feature a unique internally adjustable actuator to maintain constant contact as parts wear</bullet2>
    <bullet3>Can be used as a primary or backup starter actuation system</bullet3>
    <bullet4>Fits Spyke starters only</bullet4>
    <bullet5>Made in the USA</bullet5>
    <bullet6/>
    <bullet7/>
    <bullet8/>
    <bullet9/>
    <bullet10/>
    <bullet11/>
    <bullet12/>
    <bullet13/>
    <bullet14/>
    <bullet15/>
    <bullet16/>
    <bullet17/>
    <bullet18/>
    <bullet19/>
    <bullet20/>
    <bullet21/>
    <bullet22/>
    <bullet23/>
    <bullet24/>
    <vendorPriceUpdateDate>2023-02-03 00:00:00</vendorPriceUpdateDate>
  </part>
  <part>
    <partNumber>21100133</partNumber>
    <punctuatedPartNumber>2110-0133</punctuatedPartNumber>
    <partStatusDescription>STANDARD</partStatusDescription>
    <partDescription>Supertorque - Starter - Polished</partDescription>
    <unitOfMeasure>Each</unitOfMeasure>
    <brandName>SPYKE</brandName>
    <supplierNumber>400115</supplierNumber>
    <specialInstructions/>
    <baseDealerPrice>351.40</baseDealerPrice>
    <yourDealerPrice>351.40</yourDealerPrice>
    <baseRetailPrice>504.13</baseRetailPrice>
    <originalRetailPrice>450.95</originalRetailPrice>
    <partImage>http://asset.lemansnet.com/z/LzAvMS8xLzAxMTM5RUNFLUE1QjItNEZFNi1BODFGLTg2RDZCNENGRjczRQ==</partImage>
    <productId>0648622369</productId>
    <productName>Supertorque Starter</productName>
    <productImage>http://asset.lemansnet.com/z/LzQvMi8wLzQyMEZFRDY2LTlGRjItNDJBRi1BQTQzLUU0OTNDMkNENTQ5QQ==</productImage>
    <bullet1>Give your bike up to 46% more cranking torque compared to stock with intelligent gear-reduction design</bullet1>
    <bullet2>1.4kW starters perform well without the use of a high-amp battery</bullet2>
    <bullet3>Easy installation</bullet3>
    <bullet4/>
    <bullet5/>
    <bullet6/>
    <bullet7/>
    <bullet8/>
    <bullet9/>
    <bullet10/>
    <bullet11/>
    <bullet12/>
    <bullet13/>
    <bullet14/>
    <bullet15/>
    <bullet16/>
    <bullet17/>
    <bullet18/>
    <bullet19/>
    <bullet20/>
    <bullet21/>
    <bullet22/>
    <bullet23/>
    <bullet24/>
    <vendorPriceUpdateDate>2023-02-03 00:00:00</vendorPriceUpdateDate>
  </part>
  <part>
    <partNumber>21100134</partNumber>
    <punctuatedPartNumber>2110-0134</punctuatedPartNumber>
    <partStatusDescription>STANDARD</partStatusDescription>
    <partDescription>Supertorque - Starter - Chrome</partDescription>
    <unitOfMeasure>Each</unitOfMeasure>
    <brandName>SPYKE</brandName>
    <supplierNumber>400215</supplierNumber>
    <specialInstructions/>
    <baseDealerPrice>383.00</baseDealerPrice>
    <yourDealerPrice>383.00</yourDealerPrice>
    <baseRetailPrice>565.46</baseRetailPrice>
    <originalRetailPrice>505.95</originalRetailPrice>
    <partImage>http://asset.lemansnet.com/z/L0MvOS83L0M5NzU4OTIzLUZGOUQtNEQ5RC1BNzRGLTg3OTIwNTNFMzQ3Qg==</partImage>
    <productId>0648622369</productId>
    <productName>Supertorque Starter</productName>
    <productImage>http://asset.lemansnet.com/z/LzQvMi8wLzQyMEZFRDY2LTlGRjItNDJBRi1BQTQzLUU0OTNDMkNENTQ5QQ==</productImage>
    <bullet1>Give your bike up to 46% more cranking torque compared to stock with intelligent gear-reduction design</bullet1>
    <bullet2>1.4kW starters perform well without the use of a high-amp battery</bullet2>
    <bullet3>Easy installation</bullet3>
    <bullet4/>
    <bullet5/>
    <bullet6/>
    <bullet7/>
    <bullet8/>
    <bullet9/>
    <bullet10/>
    <bullet11/>
    <bullet12/>
    <bullet13/>
    <bullet14/>
    <bullet15/>
    <bullet16/>
    <bullet17/>
    <bullet18/>
    <bullet19/>
    <bullet20/>
    <bullet21/>
    <bullet22/>
    <bullet23/>
    <bullet24/>
    <vendorPriceUpdateDate>2023-02-03 00:00:00</vendorPriceUpdateDate>
  </part>
  <part>
    <partNumber>21100135</partNumber>
    <punctuatedPartNumber>2110-0135</punctuatedPartNumber>
    <partStatusDescription>STANDARD</partStatusDescription>
    <partDescription>Supertorque - Starter - Black</partDescription>
    <unitOfMeasure>Each</unitOfMeasure>
    <brandName>SPYKE</brandName>
    <supplierNumber>400410</supplierNumber>
    <specialInstructions/>
    <baseDealerPrice>351.40</baseDealerPrice>
    <yourDealerPrice>351.40</yourDealerPrice>
    <baseRetailPrice>504.13</baseRetailPrice>
    <originalRetailPrice>450.95</originalRetailPrice>
    <partImage>http://asset.lemansnet.com/z/LzUvNC9CLzU0Qjg3NUMwLUVGNUItNEU4Qi1CRTRGLTZCQzE1QTEyN0YwQg==</partImage>
    <productId>0648622369</productId>
    <productName>Supertorque Starter</productName>
    <productImage>http://asset.lemansnet.com/z/LzQvMi8wLzQyMEZFRDY2LTlGRjItNDJBRi1BQTQzLUU0OTNDMkNENTQ5QQ==</productImage>
    <bullet1>Give your bike up to 46% more cranking torque compared to stock with intelligent gear-reduction design</bullet1>
    <bullet2>1.4kW starters perform well without the use of a high-amp battery</bullet2>
    <bullet3>Easy installation</bullet3>
    <bullet4/>
    <bullet5/>
    <bullet6/>
    <bullet7/>
    <bullet8/>
    <bullet9/>
    <bullet10/>
    <bullet11/>
    <bullet12/>
    <bullet13/>
    <bullet14/>
    <bullet15/>
    <bullet16/>
    <bullet17/>
    <bullet18/>
    <bullet19/>
    <bullet20/>
    <bullet21/>
    <bullet22/>
    <bullet23/>
    <bullet24/>
    <vendorPriceUpdateDate>2023-02-03 00:00:00</vendorPriceUpdateDate>
  </part>
  <part>
    <partNumber>21100138</partNumber>
    <punctuatedPartNumber>2110-0138</punctuatedPartNumber>
    <partStatusDescription>STANDARD</partStatusDescription>
    <partDescription>Supertorque - Starter - Black</partDescription>
    <unitOfMeasure>Each</unitOfMeasure>
    <brandName>SPYKE</brandName>
    <supplierNumber>401416</supplierNumber>
    <specialInstructions/>
    <baseDealerPrice>351.40</baseDealerPrice>
    <yourDealerPrice>351.40</yourDealerPrice>
    <baseRetailPrice>504.13</baseRetailPrice>
    <originalRetailPrice>450.95</originalRetailPrice>
    <partImage>http://asset.lemansnet.com/z/L0UvQi8zL0VCMzM3ODI3LTREQzktNEIyNS1BMTAxLTI4RUM3QkNENEIyRg==</partImage>
    <productId>0648622369</productId>
    <productName>Supertorque Starter</productName>
    <productImage>http://asset.lemansnet.com/z/LzQvMi8wLzQyMEZFRDY2LTlGRjItNDJBRi1BQTQzLUU0OTNDMkNENTQ5QQ==</productImage>
    <bullet1>Give your bike up to 46% more cranking torque compared to stock with intelligent gear-reduction design</bullet1>
    <bullet2>1.4kW starters perform well without the use of a high-amp battery</bullet2>
    <bullet3>Easy installation</bullet3>
    <bullet4/>
    <bullet5/>
    <bullet6/>
    <bullet7/>
    <bullet8/>
    <bullet9/>
    <bullet10/>
    <bullet11/>
    <bullet12/>
    <bullet13/>
    <bullet14/>
    <bullet15/>
    <bullet16/>
    <bullet17/>
    <bullet18/>
    <bullet19/>
    <bullet20/>
    <bullet21/>
    <bullet22/>
    <bullet23/>
    <bullet24/>
    <vendorPriceUpdateDate>2023-02-03 00:00:00</vendorPriceUpdateDate>
  </part>
  <part>
    <partNumber>21100139</partNumber>
    <punctuatedPartNumber>2110-0139</punctuatedPartNumber>
    <partStatusDescription>STANDARD</partStatusDescription>
    <partDescription>Supertorque - Starter - Polished</partDescription>
    <unitOfMeasure>Each</unitOfMeasure>
    <brandName>SPYKE</brandName>
    <supplierNumber>404115</supplierNumber>
    <specialInstructions/>
    <baseDealerPrice>351.40</baseDealerPrice>
    <yourDealerPrice>351.40</yourDealerPrice>
    <baseRetailPrice>504.13</baseRetailPrice>
    <originalRetailPrice>450.95</originalRetailPrice>
    <partImage>http://asset.lemansnet.com/z/L0IvQi9GL0JCRjg0M0IxLTExODQtNDRDNi04MDFFLTI3M0UyNDEzRjI4RA==</partImage>
    <productId>0648622369</productId>
    <productName>Supertorque Starter</productName>
    <productImage>http://asset.lemansnet.com/z/LzQvMi8wLzQyMEZFRDY2LTlGRjItNDJBRi1BQTQzLUU0OTNDMkNENTQ5QQ==</productImage>
    <bullet1>Give your bike up to 46% more cranking torque compared to stock with intelligent gear-reduction design</bullet1>
    <bullet2>1.4kW starters perform well without the use of a high-amp battery</bullet2>
    <bullet3>Easy installation</bullet3>
    <bullet4/>
    <bullet5/>
    <bullet6/>
    <bullet7/>
    <bullet8/>
    <bullet9/>
    <bullet10/>
    <bullet11/>
    <bullet12/>
    <bullet13/>
    <bullet14/>
    <bullet15/>
    <bullet16/>
    <bullet17/>
    <bullet18/>
    <bullet19/>
    <bullet20/>
    <bullet21/>
    <bullet22/>
    <bullet23/>
    <bullet24/>
    <vendorPriceUpdateDate>2023-02-03 00:00:00</vendorPriceUpdateDate>
  </part>
  <part>
    <partNumber>21100140</partNumber>
    <punctuatedPartNumber>2110-0140</punctuatedPartNumber>
    <partStatusDescription>STANDARD</partStatusDescription>
    <partDescription>Supertorque - Starter - Chrome</partDescription>
    <unitOfMeasure>Each</unitOfMeasure>
    <brandName>SPYKE</brandName>
    <supplierNumber>404215</supplierNumber>
    <specialInstructions/>
    <baseDealerPrice>383.00</baseDealerPrice>
    <yourDealerPrice>383.00</yourDealerPrice>
    <baseRetailPrice>565.46</baseRetailPrice>
    <originalRetailPrice>505.95</originalRetailPrice>
    <partImage>http://asset.lemansnet.com/z/LzUvMC85LzUwOTJFQjkzLTE4ODktNEJCQi1BNTlFLUIyQTkwOTdBMTRGNA==</partImage>
    <productId>0648622369</productId>
    <productName>Supertorque Starter</productName>
    <productImage>http://asset.lemansnet.com/z/LzQvMi8wLzQyMEZFRDY2LTlGRjItNDJBRi1BQTQzLUU0OTNDMkNENTQ5QQ==</productImage>
    <bullet1>Give your bike up to 46% more cranking torque compared to stock with intelligent gear-reduction design</bullet1>
    <bullet2>1.4kW starters perform well without the use of a high-amp battery</bullet2>
    <bullet3>Easy installation</bullet3>
    <bullet4/>
    <bullet5/>
    <bullet6/>
    <bullet7/>
    <bullet8/>
    <bullet9/>
    <bullet10/>
    <bullet11/>
    <bullet12/>
    <bullet13/>
    <bullet14/>
    <bullet15/>
    <bullet16/>
    <bullet17/>
    <bullet18/>
    <bullet19/>
    <bullet20/>
    <bullet21/>
    <bullet22/>
    <bullet23/>
    <bullet24/>
    <vendorPriceUpdateDate>2023-02-03 00:00:00</vendorPriceUpdateDate>
  </part>
  <part>
    <partNumber>21100141</partNumber>
    <punctuatedPartNumber>2110-0141</punctuatedPartNumber>
    <partStatusDescription>STANDARD</partStatusDescription>
    <partDescription>Supertorque - Starter - Black</partDescription>
    <unitOfMeasure>Each</unitOfMeasure>
    <brandName>SPYKE</brandName>
    <supplierNumber>404410</supplierNumber>
    <specialInstructions/>
    <baseDealerPrice>351.40</baseDealerPrice>
    <yourDealerPrice>351.40</yourDealerPrice>
    <baseRetailPrice>504.13</baseRetailPrice>
    <originalRetailPrice>450.95</originalRetailPrice>
    <partImage>http://asset.lemansnet.com/z/LzIvMS9ELzIxRDhGNkYxLThGRTktNEU1NS04QzA2LTBGRUU1NDg2OEQ5Nw==</partImage>
    <productId>0648622369</productId>
    <productName>Supertorque Starter</productName>
    <productImage>http://asset.lemansnet.com/z/LzQvMi8wLzQyMEZFRDY2LTlGRjItNDJBRi1BQTQzLUU0OTNDMkNENTQ5QQ==</productImage>
    <bullet1>Give your bike up to 46% more cranking torque compared to stock with intelligent gear-reduction design</bullet1>
    <bullet2>1.4kW starters perform well without the use of a high-amp battery</bullet2>
    <bullet3>Easy installation</bullet3>
    <bullet4/>
    <bullet5/>
    <bullet6/>
    <bullet7/>
    <bullet8/>
    <bullet9/>
    <bullet10/>
    <bullet11/>
    <bullet12/>
    <bullet13/>
    <bullet14/>
    <bullet15/>
    <bullet16/>
    <bullet17/>
    <bullet18/>
    <bullet19/>
    <bullet20/>
    <bullet21/>
    <bullet22/>
    <bullet23/>
    <bullet24/>
    <vendorPriceUpdateDate>2023-02-03 00:00:00</vendorPriceUpdateDate>
  </part>
  <part>
    <partNumber>21100146</partNumber>
    <punctuatedPartNumber>2110-0146</punctuatedPartNumber>
    <partStatusDescription>STANDARD</partStatusDescription>
    <partDescription>Supertorque - Starter - Polished</partDescription>
    <unitOfMeasure>Each</unitOfMeasure>
    <brandName>SPYKE</brandName>
    <supplierNumber>410110</supplierNumber>
    <specialInstructions/>
    <baseDealerPrice>382.80</baseDealerPrice>
    <yourDealerPrice>382.80</yourDealerPrice>
    <baseRetailPrice>553.19</baseRetailPrice>
    <originalRetailPrice>494.95</originalRetailPrice>
    <partImage>http://asset.lemansnet.com/z/LzYvNi84LzY2ODkyMzVGLUQyRTMtNDdDMS05QzJCLTZBMUZBNjFGNEE3Mw==</partImage>
    <productId>0648622369</productId>
    <productName>Supertorque Starter</productName>
    <productImage>http://asset.lemansnet.com/z/LzQvMi8wLzQyMEZFRDY2LTlGRjItNDJBRi1BQTQzLUU0OTNDMkNENTQ5QQ==</productImage>
    <bullet1>Give your bike up to 46% more cranking torque compared to stock with intelligent gear-reduction design</bullet1>
    <bullet2>1.4kW starters perform well without the use of a high-amp battery</bullet2>
    <bullet3>Easy installation</bullet3>
    <bullet4/>
    <bullet5/>
    <bullet6/>
    <bullet7/>
    <bullet8/>
    <bullet9/>
    <bullet10/>
    <bullet11/>
    <bullet12/>
    <bullet13/>
    <bullet14/>
    <bullet15/>
    <bullet16/>
    <bullet17/>
    <bullet18/>
    <bullet19/>
    <bullet20/>
    <bullet21/>
    <bullet22/>
    <bullet23/>
    <bullet24/>
    <vendorPriceUpdateDate>2023-02-03 00:00:00</vendorPriceUpdateDate>
  </part>
  <part>
    <partNumber>21100147</partNumber>
    <punctuatedPartNumber>2110-0147</punctuatedPartNumber>
    <partStatusDescription>STANDARD</partStatusDescription>
    <partDescription>Starter Kit - Jackshaft</partDescription>
    <unitOfMeasure>Kit</unitOfMeasure>
    <brandName>SPYKE</brandName>
    <supplierNumber>465046</supplierNumber>
    <specialInstructions/>
    <baseDealerPrice>95.90</baseDealerPrice>
    <yourDealerPrice>95.90</yourDealerPrice>
    <baseRetailPrice>141.79</baseRetailPrice>
    <originalRetailPrice>126.95</originalRetailPrice>
    <partImage>http://asset.lemansnet.com/z/LzQvNy82LzQ3Njg3MDYxLUU3MzktNEJEMi05QTAwLTRFNkMwREU4RTZBOQ==</partImage>
    <productId>1560366417</productId>
    <productName>Starter Jackshaft Kit</productName>
    <productImage>http://asset.lemansnet.com/z/LzQvNy82LzQ3Njg3MDYxLUU3MzktNEJEMi05QTAwLTRFNkMwREU4RTZBOQ==</productImage>
    <bullet1>Complete assembly includes shaft extension, pinion gear, coupler, spring and clips</bullet1>
    <bullet2/>
    <bullet3/>
    <bullet4/>
    <bullet5/>
    <bullet6/>
    <bullet7/>
    <bullet8/>
    <bullet9/>
    <bullet10/>
    <bullet11/>
    <bullet12/>
    <bullet13/>
    <bullet14/>
    <bullet15/>
    <bullet16/>
    <bullet17/>
    <bullet18/>
    <bullet19/>
    <bullet20/>
    <bullet21/>
    <bullet22/>
    <bullet23/>
    <bullet24/>
    <vendorPriceUpdateDate>2023-02-03 00:00:00</vendorPriceUpdateDate>
  </part>
  <part>
    <partNumber>21100148</partNumber>
    <punctuatedPartNumber>2110-0148</punctuatedPartNumber>
    <partStatusDescription>STANDARD</partStatusDescription>
    <partDescription>Starter Kit - Jackshaft</partDescription>
    <unitOfMeasure>Kit</unitOfMeasure>
    <brandName>SPYKE</brandName>
    <supplierNumber>465047</supplierNumber>
    <specialInstructions/>
    <baseDealerPrice>95.90</baseDealerPrice>
    <yourDealerPrice>95.90</yourDealerPrice>
    <baseRetailPrice>141.79</baseRetailPrice>
    <originalRetailPrice>126.95</originalRetailPrice>
    <partImage>http://asset.lemansnet.com/z/LzkvNi84Lzk2OENBQzA5LTkxOEYtNEY3NC04QTJDLTczMzFERDlCQUQxNQ==</partImage>
    <productId>1560366417</productId>
    <productName>Starter Jackshaft Kit</productName>
    <productImage>http://asset.lemansnet.com/z/LzQvNy82LzQ3Njg3MDYxLUU3MzktNEJEMi05QTAwLTRFNkMwREU4RTZBOQ==</productImage>
    <bullet1>Complete assembly includes shaft extension, pinion gear, coupler, spring and clips</bullet1>
    <bullet2/>
    <bullet3/>
    <bullet4/>
    <bullet5/>
    <bullet6/>
    <bullet7/>
    <bullet8/>
    <bullet9/>
    <bullet10/>
    <bullet11/>
    <bullet12/>
    <bullet13/>
    <bullet14/>
    <bullet15/>
    <bullet16/>
    <bullet17/>
    <bullet18/>
    <bullet19/>
    <bullet20/>
    <bullet21/>
    <bullet22/>
    <bullet23/>
    <bullet24/>
    <vendorPriceUpdateDate>2023-02-03 00:00:00</vendorPriceUpdateDate>
  </part>
  <part>
    <partNumber>21100238</partNumber>
    <punctuatedPartNumber>2110-0238</punctuatedPartNumber>
    <partStatusDescription>STANDARD</partStatusDescription>
    <partDescription>Supertorque - Starter - Black</partDescription>
    <unitOfMeasure>Each</unitOfMeasure>
    <brandName>SPYKE</brandName>
    <supplierNumber>412410</supplierNumber>
    <specialInstructions/>
    <baseDealerPrice>430.90</baseDealerPrice>
    <yourDealerPrice>430.90</yourDealerPrice>
    <baseRetailPrice>627.28</baseRetailPrice>
    <originalRetailPrice>560.95</originalRetailPrice>
    <partImage>http://asset.lemansnet.com/z/LzcvRC83LzdENzQ0MUFGLThBNjItNDRENS1CMkEzLUI2QkI3QUJDOTdCQw==</partImage>
    <productId>0648622369</productId>
    <productName>Supertorque Starter</productName>
    <productImage>http://asset.lemansnet.com/z/LzQvMi8wLzQyMEZFRDY2LTlGRjItNDJBRi1BQTQzLUU0OTNDMkNENTQ5QQ==</productImage>
    <bullet1>Give your bike up to 46% more cranking torque compared to stock with intelligent gear-reduction design</bullet1>
    <bullet2>1.4kW starters perform well without the use of a high-amp battery</bullet2>
    <bullet3>Easy installation</bullet3>
    <bullet4/>
    <bullet5/>
    <bullet6/>
    <bullet7/>
    <bullet8/>
    <bullet9/>
    <bullet10/>
    <bullet11/>
    <bullet12/>
    <bullet13/>
    <bullet14/>
    <bullet15/>
    <bullet16/>
    <bullet17/>
    <bullet18/>
    <bullet19/>
    <bullet20/>
    <bullet21/>
    <bullet22/>
    <bullet23/>
    <bullet24/>
    <vendorPriceUpdateDate>2023-02-03 00:00:00</vendorPriceUpdateDate>
  </part>
  <part>
    <partNumber>38070459</partNumber>
    <punctuatedPartNumber>3807-0459</punctuatedPartNumber>
    <partStatusDescription>STANDARD</partStatusDescription>
    <partDescription>Crimper Tool with Case - Wire Terminal - Kit</partDescription>
    <unitOfMeasure>Kit</unitOfMeasure>
    <brandName>SPYKE</brandName>
    <supplierNumber>421010</supplierNumber>
    <specialInstructions/>
    <baseDealerPrice>120.20</baseDealerPrice>
    <yourDealerPrice>120.20</yourDealerPrice>
    <baseRetailPrice>179.14</baseRetailPrice>
    <originalRetailPrice>159.45</originalRetailPrice>
    <partImage>http://asset.lemansnet.com/z/L0YvRi8wL0ZGMEI4NzlDLTA1RDgtNEIzNC04MUZGLUM0NDhDQ0Q5OTJGNA==</partImage>
    <productId>0672920712</productId>
    <productName>Quick-Change Crimping Tool</productName>
    <productImage>http://asset.lemansnet.com/z/L0YvRi8wL0ZGMEI4NzlDLTA1RDgtNEIzNC04MUZGLUM0NDhDQ0Q5OTJGNA==</productImage>
    <bullet1>Includes 5 sets of dies that will handle most common terminal types, including non-insulated, insulated, D-sub, open barrel and spark-plug terminals</bullet1>
    <bullet2>Features a rugged carbon steel tool body is finished in corrosion resistant Black Oxide</bullet2>
    <bullet3>Hardened die sets are zinc plated Chrome-Moly for extra long life</bullet3>
    <bullet4>Ratchet crimp mechanism make precise uniform crimps every time</bullet4>
    <bullet5>No tools required for quick-change dies</bullet5>
    <bullet6>Ergonomic non-slip rubber grip</bullet6>
    <bullet7>Adjustable crimp amount</bullet7>
    <bullet8>Ambidextrous design</bullet8>
    <bullet9>Plastic storage case</bullet9>
    <bullet10/>
    <bullet11/>
    <bullet12/>
    <bullet13/>
    <bullet14/>
    <bullet15/>
    <bullet16/>
    <bullet17/>
    <bullet18/>
    <bullet19/>
    <bullet20/>
    <bullet21/>
    <bullet22/>
    <bullet23/>
    <bullet24/>
    <vendorPriceUpdateDate>2023-04-22 00:00:00</vendorPriceUpdateDate>
  </part>
  <part>
    <partNumber>21100123</partNumber>
    <punctuatedPartNumber>2110-0123</punctuatedPartNumber>
    <partStatusDescription>STANDARD</partStatusDescription>
    <partDescription>Starter - Stealth - Chrome</partDescription>
    <unitOfMeasure>Each</unitOfMeasure>
    <brandName>SPYKE</brandName>
    <supplierNumber>400255</supplierNumber>
    <specialInstructions/>
    <baseDealerPrice>430.90</baseDealerPrice>
    <yourDealerPrice>430.90</yourDealerPrice>
    <baseRetailPrice>627.28</baseRetailPrice>
    <originalRetailPrice>560.95</originalRetailPrice>
    <partImage>http://asset.lemansnet.com/z/L0UvRi9GL0VGRkU0OERFLUI1QjQtNDI2RC1BNkY4LUEzOEJDRDg5NDYyNg==</partImage>
    <productId>1565732063</productId>
    <productName>Stealth Starter</productName>
    <productImage>http://asset.lemansnet.com/z/L0EvOC83L0E4NzI5MzA4LTA3MzEtNDVBQi04REY5LUJGM0IwNkFDNDRDMQ==</productImage>
    <bullet1>Concealed bolts and minimal lines give way to a smooth sleek design</bullet1>
    <bullet2>Features dependable gears and components</bullet2>
    <bullet3>For the ultimate in high-torque starting, Stealth starter is available with the Krypto-9 starter drive pre-installed</bullet3>
    <bullet4>Made in the USA</bullet4>
    <bullet5/>
    <bullet6/>
    <bullet7/>
    <bullet8/>
    <bullet9/>
    <bullet10/>
    <bullet11/>
    <bullet12/>
    <bullet13/>
    <bullet14/>
    <bullet15/>
    <bullet16/>
    <bullet17/>
    <bullet18/>
    <bullet19/>
    <bullet20/>
    <bullet21/>
    <bullet22/>
    <bullet23/>
    <bullet24/>
    <vendorPriceUpdateDate>2023-02-03 00:00:00</vendorPriceUpdateDate>
  </part>
</root>
