<root>
  <part>
    <partNumber>04080430</partNumber>
    <punctuatedPartNumber>0408-0430</punctuatedPartNumber>
    <partStatusDescription>STANDARD</partStatusDescription>
    <partDescription>Triple Clamp - 21.5 mm - Gray</partDescription>
    <unitOfMeasure>Kit</unitOfMeasure>
    <brandName>XTRIG</brandName>
    <supplierNumber>501330601301</supplierNumber>
    <specialInstructions/>
    <baseDealerPrice>598.00</baseDealerPrice>
    <yourDealerPrice>598.00</yourDealerPrice>
    <baseRetailPrice>799.95</baseRetailPrice>
    <originalRetailPrice>799.95</originalRetailPrice>
    <partImage>http://asset.lemansnet.com/z/LzYvMC8zLzYwMzA3OTUzLTIyODAtNDY5QS1CNkNBLTA0MzM0QTU4MDM5MA==</partImage>
    <productId>1530661766</productId>
    <productName>Triple Clamp</productName>
    <productImage>http://asset.lemansnet.com/z/LzkvMy8zLzkzMzQ5NDczLTI4OEYtNEQ5Qy1CNjA1LTc3OTdEOEVENkRFQQ==</productImage>
    <bullet1>Revolutionary Opposing Clamp System, ROCS for short</bullet1>
    <bullet2>These triple clamp have lower deformation of the fork stanchions in the clamping area, which ensures more security against twisting of the fork by the self-locking effect</bullet2>
    <bullet3>Clamping screws do not influence each other to create a more precise tightening torque</bullet3>
    <bullet4>Lighter weight than standard triple clamps due to not having any material between the clamping screws</bullet4>
    <bullet5>1-1/8” bar mount</bullet5>
    <bullet6/>
    <bullet7/>
    <bullet8/>
    <bullet9/>
    <bullet10/>
    <bullet11/>
    <bullet12/>
    <bullet13/>
    <bullet14/>
    <bullet15/>
    <bullet16/>
    <bullet17/>
    <bullet18/>
    <bullet19/>
    <bullet20/>
    <bullet21/>
    <bullet22/>
    <bullet23/>
    <bullet24/>
    <vendorPriceUpdateDate>2023-04-22 00:00:00</vendorPriceUpdateDate>
  </part>
  <part>
    <partNumber>04080431</partNumber>
    <punctuatedPartNumber>0408-0431</punctuatedPartNumber>
    <partStatusDescription>STANDARD</partStatusDescription>
    <partDescription>Triple Clamp - 22 mm - Blue</partDescription>
    <unitOfMeasure>Kit</unitOfMeasure>
    <brandName>XTRIG</brandName>
    <supplierNumber>501330801401</supplierNumber>
    <specialInstructions/>
    <baseDealerPrice>598.00</baseDealerPrice>
    <yourDealerPrice>598.00</yourDealerPrice>
    <baseRetailPrice>799.95</baseRetailPrice>
    <originalRetailPrice>799.95</originalRetailPrice>
    <partImage>http://asset.lemansnet.com/z/LzkvNC8yLzk0MkFERUVFLUI5QTUtNDRDRS05QkE4LUE2MUEyRDAwODkwMg==</partImage>
    <productId>1530661766</productId>
    <productName>Triple Clamp</productName>
    <productImage>http://asset.lemansnet.com/z/LzkvMy8zLzkzMzQ5NDczLTI4OEYtNEQ5Qy1CNjA1LTc3OTdEOEVENkRFQQ==</productImage>
    <bullet1>Revolutionary Opposing Clamp System, ROCS for short</bullet1>
    <bullet2>These triple clamp have lower deformation of the fork stanchions in the clamping area, which ensures more security against twisting of the fork by the self-locking effect</bullet2>
    <bullet3>Clamping screws do not influence each other to create a more precise tightening torque</bullet3>
    <bullet4>Lighter weight than standard triple clamps due to not having any material between the clamping screws</bullet4>
    <bullet5>1-1/8” bar mount</bullet5>
    <bullet6/>
    <bullet7/>
    <bullet8/>
    <bullet9/>
    <bullet10/>
    <bullet11/>
    <bullet12/>
    <bullet13/>
    <bullet14/>
    <bullet15/>
    <bullet16/>
    <bullet17/>
    <bullet18/>
    <bullet19/>
    <bullet20/>
    <bullet21/>
    <bullet22/>
    <bullet23/>
    <bullet24/>
    <vendorPriceUpdateDate>2023-04-22 00:00:00</vendorPriceUpdateDate>
  </part>
  <part>
    <partNumber>04080432</partNumber>
    <punctuatedPartNumber>0408-0432</punctuatedPartNumber>
    <partStatusDescription>STANDARD</partStatusDescription>
    <partDescription>Triple Clamp - 25 mm - Blue</partDescription>
    <unitOfMeasure>Kit</unitOfMeasure>
    <brandName>XTRIG</brandName>
    <supplierNumber>501330801201</supplierNumber>
    <specialInstructions/>
    <baseDealerPrice>598.00</baseDealerPrice>
    <yourDealerPrice>598.00</yourDealerPrice>
    <baseRetailPrice>799.95</baseRetailPrice>
    <originalRetailPrice>799.95</originalRetailPrice>
    <partImage>http://asset.lemansnet.com/z/bWVkaWEvMjAwYTlmMGQtYzBmOC00NTFkLWFmZDMtNDA3YjQwNWE2ZmU2</partImage>
    <productId>1530661766</productId>
    <productName>Triple Clamp</productName>
    <productImage>http://asset.lemansnet.com/z/LzkvMy8zLzkzMzQ5NDczLTI4OEYtNEQ5Qy1CNjA1LTc3OTdEOEVENkRFQQ==</productImage>
    <bullet1>Revolutionary Opposing Clamp System, ROCS for short</bullet1>
    <bullet2>These triple clamp have lower deformation of the fork stanchions in the clamping area, which ensures more security against twisting of the fork by the self-locking effect</bullet2>
    <bullet3>Clamping screws do not influence each other to create a more precise tightening torque</bullet3>
    <bullet4>Lighter weight than standard triple clamps due to not having any material between the clamping screws</bullet4>
    <bullet5>1-1/8” bar mount</bullet5>
    <bullet6/>
    <bullet7/>
    <bullet8/>
    <bullet9/>
    <bullet10/>
    <bullet11/>
    <bullet12/>
    <bullet13/>
    <bullet14/>
    <bullet15/>
    <bullet16/>
    <bullet17/>
    <bullet18/>
    <bullet19/>
    <bullet20/>
    <bullet21/>
    <bullet22/>
    <bullet23/>
    <bullet24/>
    <vendorPriceUpdateDate>2023-04-22 00:00:00</vendorPriceUpdateDate>
  </part>
  <part>
    <partNumber>04080433</partNumber>
    <punctuatedPartNumber>0408-0433</punctuatedPartNumber>
    <partStatusDescription>STANDARD</partStatusDescription>
    <partDescription>Triple Clamp - 25 mm - Blue</partDescription>
    <unitOfMeasure>Kit</unitOfMeasure>
    <brandName>XTRIG</brandName>
    <supplierNumber>501330801301</supplierNumber>
    <specialInstructions/>
    <baseDealerPrice>598.00</baseDealerPrice>
    <yourDealerPrice>598.00</yourDealerPrice>
    <baseRetailPrice>799.95</baseRetailPrice>
    <originalRetailPrice>799.95</originalRetailPrice>
    <partImage>http://asset.lemansnet.com/z/bWVkaWEvZDU0YThmMWQtMjQwZS00NGRiLWI1NGEtMWYzNGMzOTlkNWRi</partImage>
    <productId>1530661766</productId>
    <productName>Triple Clamp</productName>
    <productImage>http://asset.lemansnet.com/z/LzkvMy8zLzkzMzQ5NDczLTI4OEYtNEQ5Qy1CNjA1LTc3OTdEOEVENkRFQQ==</productImage>
    <bullet1>Revolutionary Opposing Clamp System, ROCS for short</bullet1>
    <bullet2>These triple clamp have lower deformation of the fork stanchions in the clamping area, which ensures more security against twisting of the fork by the self-locking effect</bullet2>
    <bullet3>Clamping screws do not influence each other to create a more precise tightening torque</bullet3>
    <bullet4>Lighter weight than standard triple clamps due to not having any material between the clamping screws</bullet4>
    <bullet5>1-1/8” bar mount</bullet5>
    <bullet6/>
    <bullet7/>
    <bullet8/>
    <bullet9/>
    <bullet10/>
    <bullet11/>
    <bullet12/>
    <bullet13/>
    <bullet14/>
    <bullet15/>
    <bullet16/>
    <bullet17/>
    <bullet18/>
    <bullet19/>
    <bullet20/>
    <bullet21/>
    <bullet22/>
    <bullet23/>
    <bullet24/>
    <vendorPriceUpdateDate>2023-04-22 00:00:00</vendorPriceUpdateDate>
  </part>
  <part>
    <partNumber>04080435</partNumber>
    <punctuatedPartNumber>0408-0435</punctuatedPartNumber>
    <partStatusDescription>STANDARD</partStatusDescription>
    <partDescription>Triple Clamp - Blue</partDescription>
    <unitOfMeasure>Kit</unitOfMeasure>
    <brandName>XTRIG</brandName>
    <supplierNumber>501350501101</supplierNumber>
    <specialInstructions/>
    <baseDealerPrice>598.00</baseDealerPrice>
    <yourDealerPrice>598.00</yourDealerPrice>
    <baseRetailPrice>799.95</baseRetailPrice>
    <originalRetailPrice>799.95</originalRetailPrice>
    <partImage>http://asset.lemansnet.com/z/L0YvMy85L0YzOTU4MjEwLThFRUQtNDAzRi1BOTgyLTM2QTI4ODU0QjBGOA==</partImage>
    <productId>1530661766</productId>
    <productName>Triple Clamp</productName>
    <productImage>http://asset.lemansnet.com/z/LzkvMy8zLzkzMzQ5NDczLTI4OEYtNEQ5Qy1CNjA1LTc3OTdEOEVENkRFQQ==</productImage>
    <bullet1>Revolutionary Opposing Clamp System, ROCS for short</bullet1>
    <bullet2>These triple clamp have lower deformation of the fork stanchions in the clamping area, which ensures more security against twisting of the fork by the self-locking effect</bullet2>
    <bullet3>Clamping screws do not influence each other to create a more precise tightening torque</bullet3>
    <bullet4>Lighter weight than standard triple clamps due to not having any material between the clamping screws</bullet4>
    <bullet5>1-1/8” bar mount</bullet5>
    <bullet6/>
    <bullet7/>
    <bullet8/>
    <bullet9/>
    <bullet10/>
    <bullet11/>
    <bullet12/>
    <bullet13/>
    <bullet14/>
    <bullet15/>
    <bullet16/>
    <bullet17/>
    <bullet18/>
    <bullet19/>
    <bullet20/>
    <bullet21/>
    <bullet22/>
    <bullet23/>
    <bullet24/>
    <vendorPriceUpdateDate>2023-04-22 00:00:00</vendorPriceUpdateDate>
  </part>
  <part>
    <partNumber>04080436</partNumber>
    <punctuatedPartNumber>0408-0436</punctuatedPartNumber>
    <partStatusDescription>STANDARD</partStatusDescription>
    <partDescription>Triple Clamp - 14 mm - Bronze</partDescription>
    <unitOfMeasure>Kit</unitOfMeasure>
    <brandName>XTRIG</brandName>
    <supplierNumber>501350501201</supplierNumber>
    <specialInstructions/>
    <baseDealerPrice>598.00</baseDealerPrice>
    <yourDealerPrice>598.00</yourDealerPrice>
    <baseRetailPrice>799.95</baseRetailPrice>
    <originalRetailPrice>799.95</originalRetailPrice>
    <partImage>http://asset.lemansnet.com/z/LzAvNC9DLzA0QzM5QjJFLUIxMjEtNDgzRS1CNjc4LUY1MkI3RDczMEVFQg==</partImage>
    <productId>1530661766</productId>
    <productName>Triple Clamp</productName>
    <productImage>http://asset.lemansnet.com/z/LzkvMy8zLzkzMzQ5NDczLTI4OEYtNEQ5Qy1CNjA1LTc3OTdEOEVENkRFQQ==</productImage>
    <bullet1>Revolutionary Opposing Clamp System, ROCS for short</bullet1>
    <bullet2>These triple clamp have lower deformation of the fork stanchions in the clamping area, which ensures more security against twisting of the fork by the self-locking effect</bullet2>
    <bullet3>Clamping screws do not influence each other to create a more precise tightening torque</bullet3>
    <bullet4>Lighter weight than standard triple clamps due to not having any material between the clamping screws</bullet4>
    <bullet5>1-1/8” bar mount</bullet5>
    <bullet6/>
    <bullet7/>
    <bullet8/>
    <bullet9/>
    <bullet10/>
    <bullet11/>
    <bullet12/>
    <bullet13/>
    <bullet14/>
    <bullet15/>
    <bullet16/>
    <bullet17/>
    <bullet18/>
    <bullet19/>
    <bullet20/>
    <bullet21/>
    <bullet22/>
    <bullet23/>
    <bullet24/>
    <vendorPriceUpdateDate>2023-04-22 00:00:00</vendorPriceUpdateDate>
  </part>
  <part>
    <partNumber>04080423</partNumber>
    <punctuatedPartNumber>0408-0423</punctuatedPartNumber>
    <partStatusDescription>STANDARD</partStatusDescription>
    <partDescription>Triple Clamp - 22 mm - Red</partDescription>
    <unitOfMeasure>Kit</unitOfMeasure>
    <brandName>XTRIG</brandName>
    <supplierNumber>501330101201</supplierNumber>
    <specialInstructions/>
    <baseDealerPrice>598.00</baseDealerPrice>
    <yourDealerPrice>598.00</yourDealerPrice>
    <baseRetailPrice>799.95</baseRetailPrice>
    <originalRetailPrice>799.95</originalRetailPrice>
    <partImage>http://asset.lemansnet.com/z/LzkvMy8zLzkzMzQ5NDczLTI4OEYtNEQ5Qy1CNjA1LTc3OTdEOEVENkRFQSwvQy83L0QvQzdENTg4MkMtRTc1Qi00OEU4LTkyQ0MtOEE5MkNEQzk4OTVCLC80LzMvQi80M0JGQjI3My1DQkY2LTQ1MTctODQzMy00NTk1RTMxN0IxRTM=</partImage>
    <productId>1530661766</productId>
    <productName>Triple Clamp</productName>
    <productImage>http://asset.lemansnet.com/z/LzkvMy8zLzkzMzQ5NDczLTI4OEYtNEQ5Qy1CNjA1LTc3OTdEOEVENkRFQQ==</productImage>
    <bullet1>Revolutionary Opposing Clamp System, ROCS for short</bullet1>
    <bullet2>These triple clamp have lower deformation of the fork stanchions in the clamping area, which ensures more security against twisting of the fork by the self-locking effect</bullet2>
    <bullet3>Clamping screws do not influence each other to create a more precise tightening torque</bullet3>
    <bullet4>Lighter weight than standard triple clamps due to not having any material between the clamping screws</bullet4>
    <bullet5>1-1/8” bar mount</bullet5>
    <bullet6/>
    <bullet7/>
    <bullet8/>
    <bullet9/>
    <bullet10/>
    <bullet11/>
    <bullet12/>
    <bullet13/>
    <bullet14/>
    <bullet15/>
    <bullet16/>
    <bullet17/>
    <bullet18/>
    <bullet19/>
    <bullet20/>
    <bullet21/>
    <bullet22/>
    <bullet23/>
    <bullet24/>
    <vendorPriceUpdateDate>2023-04-22 00:00:00</vendorPriceUpdateDate>
  </part>
  <part>
    <partNumber>04080428</partNumber>
    <punctuatedPartNumber>0408-0428</punctuatedPartNumber>
    <partStatusDescription>STANDARD</partStatusDescription>
    <partDescription>Triple Clamp - 22 mm - Black</partDescription>
    <unitOfMeasure>Kit</unitOfMeasure>
    <brandName>XTRIG</brandName>
    <supplierNumber>501330501201</supplierNumber>
    <specialInstructions/>
    <baseDealerPrice>598.00</baseDealerPrice>
    <yourDealerPrice>598.00</yourDealerPrice>
    <baseRetailPrice>799.95</baseRetailPrice>
    <originalRetailPrice>799.95</originalRetailPrice>
    <partImage>http://asset.lemansnet.com/z/L0IvNS8zL0I1MzI1NjU0LUREQzYtNEY5MS04N0RDLUU4RjBEMjZCREVDNQ==</partImage>
    <productId>1530661766</productId>
    <productName>Triple Clamp</productName>
    <productImage>http://asset.lemansnet.com/z/LzkvMy8zLzkzMzQ5NDczLTI4OEYtNEQ5Qy1CNjA1LTc3OTdEOEVENkRFQQ==</productImage>
    <bullet1>Revolutionary Opposing Clamp System, ROCS for short</bullet1>
    <bullet2>These triple clamp have lower deformation of the fork stanchions in the clamping area, which ensures more security against twisting of the fork by the self-locking effect</bullet2>
    <bullet3>Clamping screws do not influence each other to create a more precise tightening torque</bullet3>
    <bullet4>Lighter weight than standard triple clamps due to not having any material between the clamping screws</bullet4>
    <bullet5>1-1/8” bar mount</bullet5>
    <bullet6/>
    <bullet7/>
    <bullet8/>
    <bullet9/>
    <bullet10/>
    <bullet11/>
    <bullet12/>
    <bullet13/>
    <bullet14/>
    <bullet15/>
    <bullet16/>
    <bullet17/>
    <bullet18/>
    <bullet19/>
    <bullet20/>
    <bullet21/>
    <bullet22/>
    <bullet23/>
    <bullet24/>
    <vendorPriceUpdateDate>2023-04-22 00:00:00</vendorPriceUpdateDate>
  </part>
  <part>
    <partNumber>04080429</partNumber>
    <punctuatedPartNumber>0408-0429</punctuatedPartNumber>
    <partStatusDescription>STANDARD</partStatusDescription>
    <partDescription>Triple Clamp - 22 mm - Black</partDescription>
    <unitOfMeasure>Kit</unitOfMeasure>
    <brandName>XTRIG</brandName>
    <supplierNumber>501330502101</supplierNumber>
    <specialInstructions/>
    <baseDealerPrice>598.00</baseDealerPrice>
    <yourDealerPrice>598.00</yourDealerPrice>
    <baseRetailPrice>799.95</baseRetailPrice>
    <originalRetailPrice>799.95</originalRetailPrice>
    <partImage>http://asset.lemansnet.com/z/L0QvQi8xL0RCMUE5MDVELTZCQ0YtNEU4RS04QzVDLTVDNTkxRUExQTI4MA==</partImage>
    <productId>1530661766</productId>
    <productName>Triple Clamp</productName>
    <productImage>http://asset.lemansnet.com/z/LzkvMy8zLzkzMzQ5NDczLTI4OEYtNEQ5Qy1CNjA1LTc3OTdEOEVENkRFQQ==</productImage>
    <bullet1>Revolutionary Opposing Clamp System, ROCS for short</bullet1>
    <bullet2>These triple clamp have lower deformation of the fork stanchions in the clamping area, which ensures more security against twisting of the fork by the self-locking effect</bullet2>
    <bullet3>Clamping screws do not influence each other to create a more precise tightening torque</bullet3>
    <bullet4>Lighter weight than standard triple clamps due to not having any material between the clamping screws</bullet4>
    <bullet5>1-1/8” bar mount</bullet5>
    <bullet6/>
    <bullet7/>
    <bullet8/>
    <bullet9/>
    <bullet10/>
    <bullet11/>
    <bullet12/>
    <bullet13/>
    <bullet14/>
    <bullet15/>
    <bullet16/>
    <bullet17/>
    <bullet18/>
    <bullet19/>
    <bullet20/>
    <bullet21/>
    <bullet22/>
    <bullet23/>
    <bullet24/>
    <vendorPriceUpdateDate>2023-04-22 00:00:00</vendorPriceUpdateDate>
  </part>
  <part>
    <partNumber>04080437</partNumber>
    <punctuatedPartNumber>0408-0437</punctuatedPartNumber>
    <partStatusDescription>STANDARD</partStatusDescription>
    <partDescription>Triple Clamp - Blue</partDescription>
    <unitOfMeasure>Kit</unitOfMeasure>
    <brandName>XTRIG</brandName>
    <supplierNumber>501350501301</supplierNumber>
    <specialInstructions/>
    <baseDealerPrice>598.00</baseDealerPrice>
    <yourDealerPrice>598.00</yourDealerPrice>
    <baseRetailPrice>799.95</baseRetailPrice>
    <originalRetailPrice>799.95</originalRetailPrice>
    <partImage>http://asset.lemansnet.com/z/LzYvNC9FLzY0RTNCOTYxLTQ1MTMtNDlBMi1BMkYyLTdFREM2NjdCNTg2NA==</partImage>
    <productId>1530661766</productId>
    <productName>Triple Clamp</productName>
    <productImage>http://asset.lemansnet.com/z/LzkvMy8zLzkzMzQ5NDczLTI4OEYtNEQ5Qy1CNjA1LTc3OTdEOEVENkRFQQ==</productImage>
    <bullet1>Revolutionary Opposing Clamp System, ROCS for short</bullet1>
    <bullet2>These triple clamp have lower deformation of the fork stanchions in the clamping area, which ensures more security against twisting of the fork by the self-locking effect</bullet2>
    <bullet3>Clamping screws do not influence each other to create a more precise tightening torque</bullet3>
    <bullet4>Lighter weight than standard triple clamps due to not having any material between the clamping screws</bullet4>
    <bullet5>1-1/8” bar mount</bullet5>
    <bullet6/>
    <bullet7/>
    <bullet8/>
    <bullet9/>
    <bullet10/>
    <bullet11/>
    <bullet12/>
    <bullet13/>
    <bullet14/>
    <bullet15/>
    <bullet16/>
    <bullet17/>
    <bullet18/>
    <bullet19/>
    <bullet20/>
    <bullet21/>
    <bullet22/>
    <bullet23/>
    <bullet24/>
    <vendorPriceUpdateDate>2023-04-22 00:00:00</vendorPriceUpdateDate>
  </part>
  <part>
    <partNumber>04080440</partNumber>
    <punctuatedPartNumber>0408-0440</punctuatedPartNumber>
    <partStatusDescription>DISCONTINUED</partStatusDescription>
    <partDescription>Triple Clamp - 22.5 mm - Red</partDescription>
    <unitOfMeasure>Kit</unitOfMeasure>
    <brandName>XTRIG</brandName>
    <supplierNumber>501350901101</supplierNumber>
    <specialInstructions>Discontinued Item</specialInstructions>
    <baseDealerPrice>418.60</baseDealerPrice>
    <yourDealerPrice>418.60</yourDealerPrice>
    <baseRetailPrice>0.00</baseRetailPrice>
    <originalRetailPrice>799.95</originalRetailPrice>
    <partImage>http://asset.lemansnet.com/z/LzkvRC8zLzlEM0I0QzNELURFODQtNEQ0OC04QzdFLTVDNjFCRjY2RkJBQiwvNi8yL0EvNjJBRDY5MTktRkJBRC00QjM5LUEyQjQtMzA1NkUzODhERTRGLC9ELzkvRi9EOUY1MDZFOC03MTZFLTRDNDItOTQ2QS04NDc0NTRGNEUyRjI=</partImage>
    <productId>0409745863</productId>
    <productName>Triple Clamp</productName>
    <productImage>http://asset.lemansnet.com/z/LzkvMy8zLzkzMzQ5NDczLTI4OEYtNEQ5Qy1CNjA1LTc3OTdEOEVENkRFQQ==</productImage>
    <bullet1>Revolutionary Opposing Clamp System, ROCS for short</bullet1>
    <bullet2>These triple clamp have lower deformation of the fork stanchions in the clamping area, which ensures more security against twisting of the fork by the self-locking effect</bullet2>
    <bullet3>Clamping screws do not influence each other to create a more precise tightening torque</bullet3>
    <bullet4>Lighter weight than standard triple clamps due to not having any material between the clamping screws</bullet4>
    <bullet5>1-1/8” bar mount</bullet5>
    <bullet6/>
    <bullet7/>
    <bullet8/>
    <bullet9/>
    <bullet10/>
    <bullet11/>
    <bullet12/>
    <bullet13/>
    <bullet14/>
    <bullet15/>
    <bullet16/>
    <bullet17/>
    <bullet18/>
    <bullet19/>
    <bullet20/>
    <bullet21/>
    <bullet22/>
    <bullet23/>
    <bullet24/>
    <vendorPriceUpdateDate>2023-04-22 00:00:00</vendorPriceUpdateDate>
  </part>
  <part>
    <partNumber>04080446</partNumber>
    <punctuatedPartNumber>0408-0446</punctuatedPartNumber>
    <partStatusDescription>STANDARD</partStatusDescription>
    <partDescription>Triple Clamp - 22 mm - Purple</partDescription>
    <unitOfMeasure>Kit</unitOfMeasure>
    <brandName>XTRIG</brandName>
    <supplierNumber>501330801501</supplierNumber>
    <specialInstructions/>
    <baseDealerPrice>598.60</baseDealerPrice>
    <yourDealerPrice>598.60</yourDealerPrice>
    <baseRetailPrice>799.99</baseRetailPrice>
    <originalRetailPrice>799.99</originalRetailPrice>
    <partImage>http://asset.lemansnet.com/z/LzMvOC9GLzM4RjA0RDY4LTg0NjUtNDUwOS05RTZELUJDRTFFMUQwRDBFMw==</partImage>
    <productId>1530661766</productId>
    <productName>Triple Clamp</productName>
    <productImage>http://asset.lemansnet.com/z/LzkvMy8zLzkzMzQ5NDczLTI4OEYtNEQ5Qy1CNjA1LTc3OTdEOEVENkRFQQ==</productImage>
    <bullet1>Revolutionary Opposing Clamp System, ROCS for short</bullet1>
    <bullet2>These triple clamp have lower deformation of the fork stanchions in the clamping area, which ensures more security against twisting of the fork by the self-locking effect</bullet2>
    <bullet3>Clamping screws do not influence each other to create a more precise tightening torque</bullet3>
    <bullet4>Lighter weight than standard triple clamps due to not having any material between the clamping screws</bullet4>
    <bullet5>1-1/8” bar mount</bullet5>
    <bullet6/>
    <bullet7/>
    <bullet8/>
    <bullet9/>
    <bullet10/>
    <bullet11/>
    <bullet12/>
    <bullet13/>
    <bullet14/>
    <bullet15/>
    <bullet16/>
    <bullet17/>
    <bullet18/>
    <bullet19/>
    <bullet20/>
    <bullet21/>
    <bullet22/>
    <bullet23/>
    <bullet24/>
    <vendorPriceUpdateDate>2024-02-26 00:00:00</vendorPriceUpdateDate>
  </part>
  <part>
    <partNumber>04051393</partNumber>
    <punctuatedPartNumber>0405-1393</punctuatedPartNumber>
    <partStatusDescription>STANDARD</partStatusDescription>
    <partDescription>Holeshot Kit - 54 mm - Single Button - KYB</partDescription>
    <unitOfMeasure>Each</unitOfMeasure>
    <brandName>XTRIG</brandName>
    <supplierNumber>70100003</supplierNumber>
    <specialInstructions/>
    <baseDealerPrice>92.20</baseDealerPrice>
    <yourDealerPrice>92.20</yourDealerPrice>
    <baseRetailPrice>131.95</baseRetailPrice>
    <originalRetailPrice>131.95</originalRetailPrice>
    <partImage>http://asset.lemansnet.com/z/L0YvQi82L0ZCNjI3QjQ3LTc3ODEtNEQyOS1CNUU4LUNGQ0U0N0NBRDg2NA==</partImage>
    <productId>0580023482</productId>
    <productName>Holeshot Kit</productName>
    <productImage>http://asset.lemansnet.com/z/L0YvQi82L0ZCNjI3QjQ3LTc3ODEtNEQyOS1CNUU4LUNGQ0U0N0NBRDg2NA==</productImage>
    <bullet1>Stronger Starts – Reduces wheel lift for faster acceleration</bullet1>
    <bullet2>Better Traction – Keeps weight balanced for improved drive out of the gate</bullet2>
    <bullet3>Straighter Launches – Helps your bike track straight, even in ruts or deep dirt</bullet3>
    <bullet4>Confidence Every Time – More consistent starts so you can focus on throttle and clutch</bullet4>
    <bullet5>Xtrig Precision – Durable, reliable, and quick to engage with a secure locking system</bullet5>
    <bullet6/>
    <bullet7/>
    <bullet8/>
    <bullet9/>
    <bullet10/>
    <bullet11/>
    <bullet12/>
    <bullet13/>
    <bullet14/>
    <bullet15/>
    <bullet16/>
    <bullet17/>
    <bullet18/>
    <bullet19/>
    <bullet20/>
    <bullet21/>
    <bullet22/>
    <bullet23/>
    <bullet24/>
    <vendorPriceUpdateDate>2025-05-16 00:00:00</vendorPriceUpdateDate>
  </part>
  <part>
    <partNumber>04051394</partNumber>
    <punctuatedPartNumber>0405-1394</punctuatedPartNumber>
    <partStatusDescription>STANDARD</partStatusDescription>
    <partDescription>Holeshot Kit - 54 mm - Hilo - KYB</partDescription>
    <unitOfMeasure>Kit</unitOfMeasure>
    <brandName>XTRIG</brandName>
    <supplierNumber>70100012</supplierNumber>
    <specialInstructions/>
    <baseDealerPrice>117.10</baseDealerPrice>
    <yourDealerPrice>117.10</yourDealerPrice>
    <baseRetailPrice>165.95</baseRetailPrice>
    <originalRetailPrice>165.95</originalRetailPrice>
    <partImage>http://asset.lemansnet.com/z/LzAvRC83LzBENzg1RkFBLUY3NTAtNDhDMC04Nzk2LThFNkY0QTM5OUI1MA==</partImage>
    <productId>0935086059</productId>
    <productName>Holeshot Kit</productName>
    <productImage>http://asset.lemansnet.com/z/LzAvRC83LzBENzg1RkFBLUY3NTAtNDhDMC04Nzk2LThFNkY0QTM5OUI1MA==</productImage>
    <bullet1/>
    <bullet2/>
    <bullet3/>
    <bullet4/>
    <bullet5/>
    <bullet6/>
    <bullet7/>
    <bullet8/>
    <bullet9/>
    <bullet10/>
    <bullet11/>
    <bullet12/>
    <bullet13/>
    <bullet14/>
    <bullet15/>
    <bullet16/>
    <bullet17/>
    <bullet18/>
    <bullet19/>
    <bullet20/>
    <bullet21/>
    <bullet22/>
    <bullet23/>
    <bullet24/>
    <vendorPriceUpdateDate>2025-05-16 00:00:00</vendorPriceUpdateDate>
  </part>
  <part>
    <partNumber>06031106</partNumber>
    <punctuatedPartNumber>0603-1106</punctuatedPartNumber>
    <partStatusDescription>STANDARD</partStatusDescription>
    <partDescription>PHDS Clamp Kit - Honda</partDescription>
    <unitOfMeasure>Each</unitOfMeasure>
    <brandName>XTRIG</brandName>
    <supplierNumber>501250100101</supplierNumber>
    <specialInstructions/>
    <baseDealerPrice>178.60</baseDealerPrice>
    <yourDealerPrice>178.60</yourDealerPrice>
    <baseRetailPrice>249.95</baseRetailPrice>
    <originalRetailPrice>249.95</originalRetailPrice>
    <partImage>http://asset.lemansnet.com/z/L0MvMC9GL0MwRkUwM0E2LUE3NTctNEIzNi1BREYxLUNCRjVGODcwNTQ2Mw==</partImage>
    <productId>0339166532</productId>
    <productName>PHDS Clamp Kit</productName>
    <productImage>http://asset.lemansnet.com/z/L0MvMC9GL0MwRkUwM0E2LUE3NTctNEIzNi1BREYxLUNCRjVGODcwNTQ2Mw==</productImage>
    <bullet1>The PHDS (Progressive Handlebar Dampening System) is a system mounted on elastomers that absorbs vibration from the motor and chassis</bullet1>
    <bullet2> In addition, the system dampens the forces acting on the handlebars in the horizontal and vertical directions, while maintaining perfect steering precision</bullet2>
    <bullet3>Depending on the type of mounting on the triple clamp, there are many possibilities for handlebar adjustment and adaptability to the needs of each rider</bullet3>
    <bullet4>Through exchangeable elastomers, the hardness can be adjusted individually (soft - green, medium/standard - yellow, hard - red)</bullet4>
    <bullet5/>
    <bullet6/>
    <bullet7/>
    <bullet8/>
    <bullet9/>
    <bullet10/>
    <bullet11/>
    <bullet12/>
    <bullet13/>
    <bullet14/>
    <bullet15/>
    <bullet16/>
    <bullet17/>
    <bullet18/>
    <bullet19/>
    <bullet20/>
    <bullet21/>
    <bullet22/>
    <bullet23/>
    <bullet24/>
    <vendorPriceUpdateDate>2023-04-22 00:00:00</vendorPriceUpdateDate>
  </part>
  <part>
    <partNumber>06031107</partNumber>
    <punctuatedPartNumber>0603-1107</punctuatedPartNumber>
    <partStatusDescription>STANDARD</partStatusDescription>
    <partDescription>PHDS Clamp Kit - Yamaha</partDescription>
    <unitOfMeasure>Each</unitOfMeasure>
    <brandName>XTRIG</brandName>
    <supplierNumber>501250200101</supplierNumber>
    <specialInstructions/>
    <baseDealerPrice>178.60</baseDealerPrice>
    <yourDealerPrice>178.60</yourDealerPrice>
    <baseRetailPrice>249.95</baseRetailPrice>
    <originalRetailPrice>249.95</originalRetailPrice>
    <partImage>http://asset.lemansnet.com/z/bWVkaWEvOTYyZmVhMjEtNWM4MC00ODkwLThiZTktNjgyNTQ2YTRhZTc5</partImage>
    <productId>0339166532</productId>
    <productName>PHDS Clamp Kit</productName>
    <productImage>http://asset.lemansnet.com/z/L0MvMC9GL0MwRkUwM0E2LUE3NTctNEIzNi1BREYxLUNCRjVGODcwNTQ2Mw==</productImage>
    <bullet1>The PHDS (Progressive Handlebar Dampening System) is a system mounted on elastomers that absorbs vibration from the motor and chassis</bullet1>
    <bullet2> In addition, the system dampens the forces acting on the handlebars in the horizontal and vertical directions, while maintaining perfect steering precision</bullet2>
    <bullet3>Depending on the type of mounting on the triple clamp, there are many possibilities for handlebar adjustment and adaptability to the needs of each rider</bullet3>
    <bullet4>Through exchangeable elastomers, the hardness can be adjusted individually (soft - green, medium/standard - yellow, hard - red)</bullet4>
    <bullet5/>
    <bullet6/>
    <bullet7/>
    <bullet8/>
    <bullet9/>
    <bullet10/>
    <bullet11/>
    <bullet12/>
    <bullet13/>
    <bullet14/>
    <bullet15/>
    <bullet16/>
    <bullet17/>
    <bullet18/>
    <bullet19/>
    <bullet20/>
    <bullet21/>
    <bullet22/>
    <bullet23/>
    <bullet24/>
    <vendorPriceUpdateDate>2023-04-22 00:00:00</vendorPriceUpdateDate>
  </part>
  <part>
    <partNumber>06031111</partNumber>
    <punctuatedPartNumber>0603-1111</punctuatedPartNumber>
    <partStatusDescription>STANDARD</partStatusDescription>
    <partDescription>PHDS Clamp Kit - Beta</partDescription>
    <unitOfMeasure>Each</unitOfMeasure>
    <brandName>XTRIG</brandName>
    <supplierNumber>501041000601</supplierNumber>
    <specialInstructions/>
    <baseDealerPrice>154.70</baseDealerPrice>
    <yourDealerPrice>154.70</yourDealerPrice>
    <baseRetailPrice>216.95</baseRetailPrice>
    <originalRetailPrice>216.95</originalRetailPrice>
    <partImage>http://asset.lemansnet.com/z/LzIvQS9ELzJBRDJFQTBGLUJFMDAtNEFDNC05NzY0LURFMkQ0OEI5RkJEOA==</partImage>
    <productId>0339166532</productId>
    <productName>PHDS Clamp Kit</productName>
    <productImage>http://asset.lemansnet.com/z/L0MvMC9GL0MwRkUwM0E2LUE3NTctNEIzNi1BREYxLUNCRjVGODcwNTQ2Mw==</productImage>
    <bullet1>The PHDS (Progressive Handlebar Dampening System) is a system mounted on elastomers that absorbs vibration from the motor and chassis</bullet1>
    <bullet2> In addition, the system dampens the forces acting on the handlebars in the horizontal and vertical directions, while maintaining perfect steering precision</bullet2>
    <bullet3>Depending on the type of mounting on the triple clamp, there are many possibilities for handlebar adjustment and adaptability to the needs of each rider</bullet3>
    <bullet4>Through exchangeable elastomers, the hardness can be adjusted individually (soft - green, medium/standard - yellow, hard - red)</bullet4>
    <bullet5/>
    <bullet6/>
    <bullet7/>
    <bullet8/>
    <bullet9/>
    <bullet10/>
    <bullet11/>
    <bullet12/>
    <bullet13/>
    <bullet14/>
    <bullet15/>
    <bullet16/>
    <bullet17/>
    <bullet18/>
    <bullet19/>
    <bullet20/>
    <bullet21/>
    <bullet22/>
    <bullet23/>
    <bullet24/>
    <vendorPriceUpdateDate>2023-04-22 00:00:00</vendorPriceUpdateDate>
  </part>
  <part>
    <partNumber>06031112</partNumber>
    <punctuatedPartNumber>0603-1112</punctuatedPartNumber>
    <partStatusDescription>STANDARD</partStatusDescription>
    <partDescription>PHDS Clamp Kit - M12 Clamp</partDescription>
    <unitOfMeasure>Each</unitOfMeasure>
    <brandName>XTRIG</brandName>
    <supplierNumber>501240000201</supplierNumber>
    <specialInstructions/>
    <baseDealerPrice>154.70</baseDealerPrice>
    <yourDealerPrice>154.70</yourDealerPrice>
    <baseRetailPrice>220.95</baseRetailPrice>
    <originalRetailPrice>220.95</originalRetailPrice>
    <partImage>http://asset.lemansnet.com/z/LzMvQS80LzNBNEMxQTkyLUE5RDUtNDBFNy04NjY2LUEyOTc4QUYyMDRDQywvNy9DLzgvN0M4NUNGQUUtMzlBMS00QUU4LThGQjMtMzBENDc4NTZCODgz</partImage>
    <productId>0339166532</productId>
    <productName>PHDS Clamp Kit</productName>
    <productImage>http://asset.lemansnet.com/z/L0MvMC9GL0MwRkUwM0E2LUE3NTctNEIzNi1BREYxLUNCRjVGODcwNTQ2Mw==</productImage>
    <bullet1>The PHDS (Progressive Handlebar Dampening System) is a system mounted on elastomers that absorbs vibration from the motor and chassis</bullet1>
    <bullet2> In addition, the system dampens the forces acting on the handlebars in the horizontal and vertical directions, while maintaining perfect steering precision</bullet2>
    <bullet3>Depending on the type of mounting on the triple clamp, there are many possibilities for handlebar adjustment and adaptability to the needs of each rider</bullet3>
    <bullet4>Through exchangeable elastomers, the hardness can be adjusted individually (soft - green, medium/standard - yellow, hard - red)</bullet4>
    <bullet5/>
    <bullet6/>
    <bullet7/>
    <bullet8/>
    <bullet9/>
    <bullet10/>
    <bullet11/>
    <bullet12/>
    <bullet13/>
    <bullet14/>
    <bullet15/>
    <bullet16/>
    <bullet17/>
    <bullet18/>
    <bullet19/>
    <bullet20/>
    <bullet21/>
    <bullet22/>
    <bullet23/>
    <bullet24/>
    <vendorPriceUpdateDate>2023-04-22 00:00:00</vendorPriceUpdateDate>
  </part>
  <part>
    <partNumber>06031113</partNumber>
    <punctuatedPartNumber>0603-1113</punctuatedPartNumber>
    <partStatusDescription>STANDARD</partStatusDescription>
    <partDescription>Clamp Elastomers - Soft</partDescription>
    <unitOfMeasure>Set</unitOfMeasure>
    <brandName>XTRIG</brandName>
    <supplierNumber>501050000101</supplierNumber>
    <specialInstructions/>
    <baseDealerPrice>28.40</baseDealerPrice>
    <yourDealerPrice>28.40</yourDealerPrice>
    <baseRetailPrice>40.95</baseRetailPrice>
    <originalRetailPrice>40.95</originalRetailPrice>
    <partImage>http://asset.lemansnet.com/z/LzkvOS8wLzk5MDI3MkNELTVCNEYtNDdFRS05MDJCLTY3NEU5OTlEQTExQQ==</partImage>
    <productId>1068021466</productId>
    <productName>Clamp Elastomers</productName>
    <productImage>http://asset.lemansnet.com/z/LzkvOS8wLzk5MDI3MkNELTVCNEYtNDdFRS05MDJCLTY3NEU5OTlEQTExQQ==</productImage>
    <bullet1>For use with Progressive Handlebar Dampening System (PHDS)</bullet1>
    <bullet2>Elastomers absorb vibration from motor and chassis</bullet2>
    <bullet3>Fits all PHDS bar mounts</bullet3>
    <bullet4/>
    <bullet5/>
    <bullet6/>
    <bullet7/>
    <bullet8/>
    <bullet9/>
    <bullet10/>
    <bullet11/>
    <bullet12/>
    <bullet13/>
    <bullet14/>
    <bullet15/>
    <bullet16/>
    <bullet17/>
    <bullet18/>
    <bullet19/>
    <bullet20/>
    <bullet21/>
    <bullet22/>
    <bullet23/>
    <bullet24/>
    <vendorPriceUpdateDate>2023-04-22 00:00:00</vendorPriceUpdateDate>
  </part>
  <part>
    <partNumber>06031114</partNumber>
    <punctuatedPartNumber>0603-1114</punctuatedPartNumber>
    <partStatusDescription>STANDARD</partStatusDescription>
    <partDescription>Clamp Elastomers - Medium</partDescription>
    <unitOfMeasure>Set</unitOfMeasure>
    <brandName>XTRIG</brandName>
    <supplierNumber>501050000201</supplierNumber>
    <specialInstructions/>
    <baseDealerPrice>28.40</baseDealerPrice>
    <yourDealerPrice>28.40</yourDealerPrice>
    <baseRetailPrice>40.95</baseRetailPrice>
    <originalRetailPrice>40.95</originalRetailPrice>
    <partImage>http://asset.lemansnet.com/z/LzAvOS9FLzA5RTgwNjQzLTM0NzctNERCRS04QjA4LTY3QTJGMkQzRjY1Nw==</partImage>
    <productId>1068021466</productId>
    <productName>Clamp Elastomers</productName>
    <productImage>http://asset.lemansnet.com/z/LzkvOS8wLzk5MDI3MkNELTVCNEYtNDdFRS05MDJCLTY3NEU5OTlEQTExQQ==</productImage>
    <bullet1>For use with Progressive Handlebar Dampening System (PHDS)</bullet1>
    <bullet2>Elastomers absorb vibration from motor and chassis</bullet2>
    <bullet3>Fits all PHDS bar mounts</bullet3>
    <bullet4/>
    <bullet5/>
    <bullet6/>
    <bullet7/>
    <bullet8/>
    <bullet9/>
    <bullet10/>
    <bullet11/>
    <bullet12/>
    <bullet13/>
    <bullet14/>
    <bullet15/>
    <bullet16/>
    <bullet17/>
    <bullet18/>
    <bullet19/>
    <bullet20/>
    <bullet21/>
    <bullet22/>
    <bullet23/>
    <bullet24/>
    <vendorPriceUpdateDate>2023-04-22 00:00:00</vendorPriceUpdateDate>
  </part>
  <part>
    <partNumber>06031117</partNumber>
    <punctuatedPartNumber>0603-1117</punctuatedPartNumber>
    <partStatusDescription>STANDARD</partStatusDescription>
    <partDescription>PHDS Clamp Kit - KTM</partDescription>
    <unitOfMeasure>Each</unitOfMeasure>
    <brandName>XTRIG</brandName>
    <supplierNumber>501250500201</supplierNumber>
    <specialInstructions/>
    <baseDealerPrice>181.00</baseDealerPrice>
    <yourDealerPrice>181.00</yourDealerPrice>
    <baseRetailPrice>249.95</baseRetailPrice>
    <originalRetailPrice>249.95</originalRetailPrice>
    <partImage>http://asset.lemansnet.com/z/L0MvMy82L0MzNkJBQTkxLUI4NzctNDY5OC1CRjExLUI0QkY0RDVDMzlERA==</partImage>
    <productId>0339166532</productId>
    <productName>PHDS Clamp Kit</productName>
    <productImage>http://asset.lemansnet.com/z/L0MvMC9GL0MwRkUwM0E2LUE3NTctNEIzNi1BREYxLUNCRjVGODcwNTQ2Mw==</productImage>
    <bullet1>The PHDS (Progressive Handlebar Dampening System) is a system mounted on elastomers that absorbs vibration from the motor and chassis</bullet1>
    <bullet2> In addition, the system dampens the forces acting on the handlebars in the horizontal and vertical directions, while maintaining perfect steering precision</bullet2>
    <bullet3>Depending on the type of mounting on the triple clamp, there are many possibilities for handlebar adjustment and adaptability to the needs of each rider</bullet3>
    <bullet4>Through exchangeable elastomers, the hardness can be adjusted individually (soft - green, medium/standard - yellow, hard - red)</bullet4>
    <bullet5/>
    <bullet6/>
    <bullet7/>
    <bullet8/>
    <bullet9/>
    <bullet10/>
    <bullet11/>
    <bullet12/>
    <bullet13/>
    <bullet14/>
    <bullet15/>
    <bullet16/>
    <bullet17/>
    <bullet18/>
    <bullet19/>
    <bullet20/>
    <bullet21/>
    <bullet22/>
    <bullet23/>
    <bullet24/>
    <vendorPriceUpdateDate>2023-01-05 00:00:00</vendorPriceUpdateDate>
  </part>
  <part>
    <partNumber>06031108</partNumber>
    <punctuatedPartNumber>0603-1108</punctuatedPartNumber>
    <partStatusDescription>STANDARD</partStatusDescription>
    <partDescription>PHDS Clamp Kit - Kawasaki</partDescription>
    <unitOfMeasure>Each</unitOfMeasure>
    <brandName>XTRIG</brandName>
    <supplierNumber>501250300101</supplierNumber>
    <specialInstructions/>
    <baseDealerPrice>178.60</baseDealerPrice>
    <yourDealerPrice>178.60</yourDealerPrice>
    <baseRetailPrice>249.95</baseRetailPrice>
    <originalRetailPrice>249.95</originalRetailPrice>
    <partImage>http://asset.lemansnet.com/z/bWVkaWEvMmY1YWI2MTMtZTMzNy00OTkwLThkNzctMDkxYzc1NWRiYjA5</partImage>
    <productId>0339166532</productId>
    <productName>PHDS Clamp Kit</productName>
    <productImage>http://asset.lemansnet.com/z/L0MvMC9GL0MwRkUwM0E2LUE3NTctNEIzNi1BREYxLUNCRjVGODcwNTQ2Mw==</productImage>
    <bullet1>The PHDS (Progressive Handlebar Dampening System) is a system mounted on elastomers that absorbs vibration from the motor and chassis</bullet1>
    <bullet2> In addition, the system dampens the forces acting on the handlebars in the horizontal and vertical directions, while maintaining perfect steering precision</bullet2>
    <bullet3>Depending on the type of mounting on the triple clamp, there are many possibilities for handlebar adjustment and adaptability to the needs of each rider</bullet3>
    <bullet4>Through exchangeable elastomers, the hardness can be adjusted individually (soft - green, medium/standard - yellow, hard - red)</bullet4>
    <bullet5/>
    <bullet6/>
    <bullet7/>
    <bullet8/>
    <bullet9/>
    <bullet10/>
    <bullet11/>
    <bullet12/>
    <bullet13/>
    <bullet14/>
    <bullet15/>
    <bullet16/>
    <bullet17/>
    <bullet18/>
    <bullet19/>
    <bullet20/>
    <bullet21/>
    <bullet22/>
    <bullet23/>
    <bullet24/>
    <vendorPriceUpdateDate>2023-04-22 00:00:00</vendorPriceUpdateDate>
  </part>
  <part>
    <partNumber>06031110</partNumber>
    <punctuatedPartNumber>0603-1110</punctuatedPartNumber>
    <partStatusDescription>STANDARD</partStatusDescription>
    <partDescription>PHDS Clamp Kit - KTM</partDescription>
    <unitOfMeasure>Each</unitOfMeasure>
    <brandName>XTRIG</brandName>
    <supplierNumber>501250500101</supplierNumber>
    <specialInstructions/>
    <baseDealerPrice>178.60</baseDealerPrice>
    <yourDealerPrice>178.60</yourDealerPrice>
    <baseRetailPrice>249.95</baseRetailPrice>
    <originalRetailPrice>249.95</originalRetailPrice>
    <partImage>http://asset.lemansnet.com/z/bWVkaWEvNDAwYzUxNTgtNGQ0OS00YTI4LTk0NTUtYmZmZmRjOTI3MDhi</partImage>
    <productId>0339166532</productId>
    <productName>PHDS Clamp Kit</productName>
    <productImage>http://asset.lemansnet.com/z/L0MvMC9GL0MwRkUwM0E2LUE3NTctNEIzNi1BREYxLUNCRjVGODcwNTQ2Mw==</productImage>
    <bullet1>The PHDS (Progressive Handlebar Dampening System) is a system mounted on elastomers that absorbs vibration from the motor and chassis</bullet1>
    <bullet2> In addition, the system dampens the forces acting on the handlebars in the horizontal and vertical directions, while maintaining perfect steering precision</bullet2>
    <bullet3>Depending on the type of mounting on the triple clamp, there are many possibilities for handlebar adjustment and adaptability to the needs of each rider</bullet3>
    <bullet4>Through exchangeable elastomers, the hardness can be adjusted individually (soft - green, medium/standard - yellow, hard - red)</bullet4>
    <bullet5/>
    <bullet6/>
    <bullet7/>
    <bullet8/>
    <bullet9/>
    <bullet10/>
    <bullet11/>
    <bullet12/>
    <bullet13/>
    <bullet14/>
    <bullet15/>
    <bullet16/>
    <bullet17/>
    <bullet18/>
    <bullet19/>
    <bullet20/>
    <bullet21/>
    <bullet22/>
    <bullet23/>
    <bullet24/>
    <vendorPriceUpdateDate>2023-04-22 00:00:00</vendorPriceUpdateDate>
  </part>
  <part>
    <partNumber>06031115</partNumber>
    <punctuatedPartNumber>0603-1115</punctuatedPartNumber>
    <partStatusDescription>STANDARD</partStatusDescription>
    <partDescription>Clamp Screw Set - ROCS</partDescription>
    <unitOfMeasure>Set</unitOfMeasure>
    <brandName>XTRIG</brandName>
    <supplierNumber>501070000701</supplierNumber>
    <specialInstructions/>
    <baseDealerPrice>17.50</baseDealerPrice>
    <yourDealerPrice>17.50</yourDealerPrice>
    <baseRetailPrice>24.95</baseRetailPrice>
    <originalRetailPrice>24.95</originalRetailPrice>
    <partImage>http://asset.lemansnet.com/z/L0IvNC84L0I0OEJDOTVGLTMzMDctNDkxRC05QkU4LTczNDA3NDM1MkM1NQ==</partImage>
    <productId>0509448910</productId>
    <productName>Clamp Screw Set</productName>
    <productImage>http://asset.lemansnet.com/z/L0IvNC84L0I0OEJDOTVGLTMzMDctNDkxRC05QkU4LTczNDA3NDM1MkM1NQ==</productImage>
    <bullet1>Replacement screws for Xtrig clamps</bullet1>
    <bullet2/>
    <bullet3/>
    <bullet4/>
    <bullet5/>
    <bullet6/>
    <bullet7/>
    <bullet8/>
    <bullet9/>
    <bullet10/>
    <bullet11/>
    <bullet12/>
    <bullet13/>
    <bullet14/>
    <bullet15/>
    <bullet16/>
    <bullet17/>
    <bullet18/>
    <bullet19/>
    <bullet20/>
    <bullet21/>
    <bullet22/>
    <bullet23/>
    <bullet24/>
    <vendorPriceUpdateDate>2023-04-22 00:00:00</vendorPriceUpdateDate>
  </part>
  <part>
    <partNumber>13120454</partNumber>
    <punctuatedPartNumber>1312-0454</punctuatedPartNumber>
    <partStatusDescription>STANDARD</partStatusDescription>
    <partDescription>Shock Pre-Load Adjuster - Orange</partDescription>
    <unitOfMeasure>Each</unitOfMeasure>
    <brandName>XTRIG</brandName>
    <supplierNumber>500010200201</supplierNumber>
    <specialInstructions/>
    <baseDealerPrice>124.90</baseDealerPrice>
    <yourDealerPrice>124.90</yourDealerPrice>
    <baseRetailPrice>178.95</baseRetailPrice>
    <originalRetailPrice>178.95</originalRetailPrice>
    <partImage>http://asset.lemansnet.com/z/L0IvNC9CL0I0QkE5RDM0LTc2OEItNDRGOS05MjY0LTJDMkRDRkJFMjdBOQ==</partImage>
    <productId>1499863383</productId>
    <productName>Shock Preload Adjuster</productName>
    <productImage>http://asset.lemansnet.com/z/LzcvNy81Lzc3NTFEQkZBLTFCQjYtNEQ2Qy1CRDE3LTgyNEFBMjg1MTQzNw==</productImage>
    <bullet1>Makes changing the rear shock absorber spring preload settings very quick and easy and replaces both preload rings on your shock</bullet1>
    <bullet2>Preload rings are replaced by a mechanical device that uses the shock body’s threads to move an adjuster up and down</bullet2>
    <bullet3>Preload adjuster makes race sag adjustments quickly and easily</bullet3>
    <bullet4>Mechanical transmission</bullet4>
    <bullet5>Use the complete thread of the shock absorber</bullet5>
    <bullet6>Low weight</bullet6>
    <bullet7>Not affected by dirt</bullet7>
    <bullet8/>
    <bullet9/>
    <bullet10/>
    <bullet11/>
    <bullet12/>
    <bullet13/>
    <bullet14/>
    <bullet15/>
    <bullet16/>
    <bullet17/>
    <bullet18/>
    <bullet19/>
    <bullet20/>
    <bullet21/>
    <bullet22/>
    <bullet23/>
    <bullet24/>
    <vendorPriceUpdateDate>2015-11-13 00:00:00</vendorPriceUpdateDate>
  </part>
  <part>
    <partNumber>13121040</partNumber>
    <punctuatedPartNumber>1312-1040</punctuatedPartNumber>
    <partStatusDescription>STANDARD</partStatusDescription>
    <partDescription>Shock Pre-Load Adjuster - Orange</partDescription>
    <unitOfMeasure>Each</unitOfMeasure>
    <brandName>XTRIG</brandName>
    <supplierNumber>500010100501</supplierNumber>
    <specialInstructions/>
    <baseDealerPrice>187.10</baseDealerPrice>
    <yourDealerPrice>187.10</yourDealerPrice>
    <baseRetailPrice>267.95</baseRetailPrice>
    <originalRetailPrice>267.95</originalRetailPrice>
    <partImage>http://asset.lemansnet.com/z/L0MvOS8wL0M5MDlDRDIxLTUyODEtNDA3Ni04OEYxLTVDNTQ5QTg5Njc3QQ==</partImage>
    <productId>1499863383</productId>
    <productName>Shock Preload Adjuster</productName>
    <productImage>http://asset.lemansnet.com/z/LzcvNy81Lzc3NTFEQkZBLTFCQjYtNEQ2Qy1CRDE3LTgyNEFBMjg1MTQzNw==</productImage>
    <bullet1>Makes changing the rear shock absorber spring preload settings very quick and easy and replaces both preload rings on your shock</bullet1>
    <bullet2>Preload rings are replaced by a mechanical device that uses the shock body’s threads to move an adjuster up and down</bullet2>
    <bullet3>Preload adjuster makes race sag adjustments quickly and easily</bullet3>
    <bullet4>Mechanical transmission</bullet4>
    <bullet5>Use the complete thread of the shock absorber</bullet5>
    <bullet6>Low weight</bullet6>
    <bullet7>Not affected by dirt</bullet7>
    <bullet8/>
    <bullet9/>
    <bullet10/>
    <bullet11/>
    <bullet12/>
    <bullet13/>
    <bullet14/>
    <bullet15/>
    <bullet16/>
    <bullet17/>
    <bullet18/>
    <bullet19/>
    <bullet20/>
    <bullet21/>
    <bullet22/>
    <bullet23/>
    <bullet24/>
    <vendorPriceUpdateDate>2023-01-11 00:00:00</vendorPriceUpdateDate>
  </part>
  <part>
    <partNumber>13121041</partNumber>
    <punctuatedPartNumber>1312-1041</punctuatedPartNumber>
    <partStatusDescription>STANDARD</partStatusDescription>
    <partDescription>Shock Pre-Load Adjuster - Red</partDescription>
    <unitOfMeasure>Each</unitOfMeasure>
    <brandName>XTRIG</brandName>
    <supplierNumber>500010200501</supplierNumber>
    <specialInstructions/>
    <baseDealerPrice>125.00</baseDealerPrice>
    <yourDealerPrice>125.00</yourDealerPrice>
    <baseRetailPrice>178.95</baseRetailPrice>
    <originalRetailPrice>178.95</originalRetailPrice>
    <partImage>http://asset.lemansnet.com/z/LzgvQy82LzhDNkE4QzE2LTYxMDAtNEY2MS1CQTRBLTBGMzFCNjgyRkNCNg==</partImage>
    <productId>1499863383</productId>
    <productName>Shock Preload Adjuster</productName>
    <productImage>http://asset.lemansnet.com/z/LzcvNy81Lzc3NTFEQkZBLTFCQjYtNEQ2Qy1CRDE3LTgyNEFBMjg1MTQzNw==</productImage>
    <bullet1>Makes changing the rear shock absorber spring preload settings very quick and easy and replaces both preload rings on your shock</bullet1>
    <bullet2>Preload rings are replaced by a mechanical device that uses the shock body’s threads to move an adjuster up and down</bullet2>
    <bullet3>Preload adjuster makes race sag adjustments quickly and easily</bullet3>
    <bullet4>Mechanical transmission</bullet4>
    <bullet5>Use the complete thread of the shock absorber</bullet5>
    <bullet6>Low weight</bullet6>
    <bullet7>Not affected by dirt</bullet7>
    <bullet8/>
    <bullet9/>
    <bullet10/>
    <bullet11/>
    <bullet12/>
    <bullet13/>
    <bullet14/>
    <bullet15/>
    <bullet16/>
    <bullet17/>
    <bullet18/>
    <bullet19/>
    <bullet20/>
    <bullet21/>
    <bullet22/>
    <bullet23/>
    <bullet24/>
    <vendorPriceUpdateDate>2022-12-19 00:00:00</vendorPriceUpdateDate>
  </part>
  <part>
    <partNumber>13121044</partNumber>
    <punctuatedPartNumber>1312-1044</punctuatedPartNumber>
    <partStatusDescription>STANDARD</partStatusDescription>
    <partDescription>Shock Pre-Load Adjuster - Black</partDescription>
    <unitOfMeasure>Each</unitOfMeasure>
    <brandName>XTRIG</brandName>
    <supplierNumber>500010500501</supplierNumber>
    <specialInstructions/>
    <baseDealerPrice>125.00</baseDealerPrice>
    <yourDealerPrice>125.00</yourDealerPrice>
    <baseRetailPrice>178.95</baseRetailPrice>
    <originalRetailPrice>172.95</originalRetailPrice>
    <partImage>http://asset.lemansnet.com/z/L0QvMS8zL0QxMzE1MDNCLThGMUYtNDJCQi05RkI2LTY3RkQ1RkQwRjM0Nw==</partImage>
    <productId>1499863383</productId>
    <productName>Shock Preload Adjuster</productName>
    <productImage>http://asset.lemansnet.com/z/LzcvNy81Lzc3NTFEQkZBLTFCQjYtNEQ2Qy1CRDE3LTgyNEFBMjg1MTQzNw==</productImage>
    <bullet1>Makes changing the rear shock absorber spring preload settings very quick and easy and replaces both preload rings on your shock</bullet1>
    <bullet2>Preload rings are replaced by a mechanical device that uses the shock body’s threads to move an adjuster up and down</bullet2>
    <bullet3>Preload adjuster makes race sag adjustments quickly and easily</bullet3>
    <bullet4>Mechanical transmission</bullet4>
    <bullet5>Use the complete thread of the shock absorber</bullet5>
    <bullet6>Low weight</bullet6>
    <bullet7>Not affected by dirt</bullet7>
    <bullet8/>
    <bullet9/>
    <bullet10/>
    <bullet11/>
    <bullet12/>
    <bullet13/>
    <bullet14/>
    <bullet15/>
    <bullet16/>
    <bullet17/>
    <bullet18/>
    <bullet19/>
    <bullet20/>
    <bullet21/>
    <bullet22/>
    <bullet23/>
    <bullet24/>
    <vendorPriceUpdateDate>2023-01-11 00:00:00</vendorPriceUpdateDate>
  </part>
  <part>
    <partNumber>13120551</partNumber>
    <punctuatedPartNumber>1312-0551</punctuatedPartNumber>
    <partStatusDescription>STANDARD</partStatusDescription>
    <partDescription>Shock Pre-Load Adjuster - Black</partDescription>
    <unitOfMeasure>Each</unitOfMeasure>
    <brandName>XTRIG</brandName>
    <supplierNumber>500010500301</supplierNumber>
    <specialInstructions/>
    <baseDealerPrice>142.00</baseDealerPrice>
    <yourDealerPrice>142.00</yourDealerPrice>
    <baseRetailPrice>202.95</baseRetailPrice>
    <originalRetailPrice>202.95</originalRetailPrice>
    <partImage>http://asset.lemansnet.com/z/L0MvNy9BL0M3QTFFQzg1LUZBNTEtNDM3Ri04NkY1LTlCMUY3MERFNjgyNg==</partImage>
    <productId>1499863383</productId>
    <productName>Shock Preload Adjuster</productName>
    <productImage>http://asset.lemansnet.com/z/LzcvNy81Lzc3NTFEQkZBLTFCQjYtNEQ2Qy1CRDE3LTgyNEFBMjg1MTQzNw==</productImage>
    <bullet1>Makes changing the rear shock absorber spring preload settings very quick and easy and replaces both preload rings on your shock</bullet1>
    <bullet2>Preload rings are replaced by a mechanical device that uses the shock body’s threads to move an adjuster up and down</bullet2>
    <bullet3>Preload adjuster makes race sag adjustments quickly and easily</bullet3>
    <bullet4>Mechanical transmission</bullet4>
    <bullet5>Use the complete thread of the shock absorber</bullet5>
    <bullet6>Low weight</bullet6>
    <bullet7>Not affected by dirt</bullet7>
    <bullet8/>
    <bullet9/>
    <bullet10/>
    <bullet11/>
    <bullet12/>
    <bullet13/>
    <bullet14/>
    <bullet15/>
    <bullet16/>
    <bullet17/>
    <bullet18/>
    <bullet19/>
    <bullet20/>
    <bullet21/>
    <bullet22/>
    <bullet23/>
    <bullet24/>
    <vendorPriceUpdateDate>2015-11-13 00:00:00</vendorPriceUpdateDate>
  </part>
  <part>
    <partNumber>13121042</partNumber>
    <punctuatedPartNumber>1312-1042</punctuatedPartNumber>
    <partStatusDescription>STANDARD</partStatusDescription>
    <partDescription>Shock Pre-Load Adjuster - Red</partDescription>
    <unitOfMeasure>Each</unitOfMeasure>
    <brandName>XTRIG</brandName>
    <supplierNumber>500010300401</supplierNumber>
    <specialInstructions/>
    <baseDealerPrice>142.00</baseDealerPrice>
    <yourDealerPrice>142.00</yourDealerPrice>
    <baseRetailPrice>202.95</baseRetailPrice>
    <originalRetailPrice>202.95</originalRetailPrice>
    <partImage>http://asset.lemansnet.com/z/LzUvMi85LzUyOUUyNjg0LTRFQTItNEY1My04MzM4LUExQkRBMDlCRUVDOA==</partImage>
    <productId>1499863383</productId>
    <productName>Shock Preload Adjuster</productName>
    <productImage>http://asset.lemansnet.com/z/LzcvNy81Lzc3NTFEQkZBLTFCQjYtNEQ2Qy1CRDE3LTgyNEFBMjg1MTQzNw==</productImage>
    <bullet1>Makes changing the rear shock absorber spring preload settings very quick and easy and replaces both preload rings on your shock</bullet1>
    <bullet2>Preload rings are replaced by a mechanical device that uses the shock body’s threads to move an adjuster up and down</bullet2>
    <bullet3>Preload adjuster makes race sag adjustments quickly and easily</bullet3>
    <bullet4>Mechanical transmission</bullet4>
    <bullet5>Use the complete thread of the shock absorber</bullet5>
    <bullet6>Low weight</bullet6>
    <bullet7>Not affected by dirt</bullet7>
    <bullet8/>
    <bullet9/>
    <bullet10/>
    <bullet11/>
    <bullet12/>
    <bullet13/>
    <bullet14/>
    <bullet15/>
    <bullet16/>
    <bullet17/>
    <bullet18/>
    <bullet19/>
    <bullet20/>
    <bullet21/>
    <bullet22/>
    <bullet23/>
    <bullet24/>
    <vendorPriceUpdateDate>2022-12-19 00:00:00</vendorPriceUpdateDate>
  </part>
  <part>
    <partNumber>13121045</partNumber>
    <punctuatedPartNumber>1312-1045</punctuatedPartNumber>
    <partStatusDescription>STANDARD</partStatusDescription>
    <partDescription>Shock Pre-Load Adjuster - Red</partDescription>
    <unitOfMeasure>Each</unitOfMeasure>
    <brandName>XTRIG</brandName>
    <supplierNumber>500010600301</supplierNumber>
    <specialInstructions/>
    <baseDealerPrice>142.00</baseDealerPrice>
    <yourDealerPrice>142.00</yourDealerPrice>
    <baseRetailPrice>202.95</baseRetailPrice>
    <originalRetailPrice>202.95</originalRetailPrice>
    <partImage>http://asset.lemansnet.com/z/LzIvNC9CLzI0QjlFQ0ZCLUVGMkMtNEY4Ny05MkJGLTlBMDhBRjgwN0NCMA==</partImage>
    <productId>1499863383</productId>
    <productName>Shock Preload Adjuster</productName>
    <productImage>http://asset.lemansnet.com/z/LzcvNy81Lzc3NTFEQkZBLTFCQjYtNEQ2Qy1CRDE3LTgyNEFBMjg1MTQzNw==</productImage>
    <bullet1>Makes changing the rear shock absorber spring preload settings very quick and easy and replaces both preload rings on your shock</bullet1>
    <bullet2>Preload rings are replaced by a mechanical device that uses the shock body’s threads to move an adjuster up and down</bullet2>
    <bullet3>Preload adjuster makes race sag adjustments quickly and easily</bullet3>
    <bullet4>Mechanical transmission</bullet4>
    <bullet5>Use the complete thread of the shock absorber</bullet5>
    <bullet6>Low weight</bullet6>
    <bullet7>Not affected by dirt</bullet7>
    <bullet8/>
    <bullet9/>
    <bullet10/>
    <bullet11/>
    <bullet12/>
    <bullet13/>
    <bullet14/>
    <bullet15/>
    <bullet16/>
    <bullet17/>
    <bullet18/>
    <bullet19/>
    <bullet20/>
    <bullet21/>
    <bullet22/>
    <bullet23/>
    <bullet24/>
    <vendorPriceUpdateDate>2022-12-19 00:00:00</vendorPriceUpdateDate>
  </part>
  <part>
    <partNumber>13121056</partNumber>
    <punctuatedPartNumber>1312-1056</punctuatedPartNumber>
    <partStatusDescription>STANDARD</partStatusDescription>
    <partDescription>Shock Pre-Load Adjuster - Black</partDescription>
    <unitOfMeasure>Each</unitOfMeasure>
    <brandName>XTRIG</brandName>
    <supplierNumber>500010500801</supplierNumber>
    <specialInstructions/>
    <baseDealerPrice>181.90</baseDealerPrice>
    <yourDealerPrice>181.90</yourDealerPrice>
    <baseRetailPrice>249.95</baseRetailPrice>
    <originalRetailPrice>249.95</originalRetailPrice>
    <partImage>http://asset.lemansnet.com/z/LzAvMi9BLzAyQUFEQzQ4LTk5MTItNEYzNi1CMTkzLTkxQzU0QjVDRDI3Qg==</partImage>
    <productId>1499863383</productId>
    <productName>Shock Preload Adjuster</productName>
    <productImage>http://asset.lemansnet.com/z/LzcvNy81Lzc3NTFEQkZBLTFCQjYtNEQ2Qy1CRDE3LTgyNEFBMjg1MTQzNw==</productImage>
    <bullet1>Makes changing the rear shock absorber spring preload settings very quick and easy and replaces both preload rings on your shock</bullet1>
    <bullet2>Preload rings are replaced by a mechanical device that uses the shock body’s threads to move an adjuster up and down</bullet2>
    <bullet3>Preload adjuster makes race sag adjustments quickly and easily</bullet3>
    <bullet4>Mechanical transmission</bullet4>
    <bullet5>Use the complete thread of the shock absorber</bullet5>
    <bullet6>Low weight</bullet6>
    <bullet7>Not affected by dirt</bullet7>
    <bullet8/>
    <bullet9/>
    <bullet10/>
    <bullet11/>
    <bullet12/>
    <bullet13/>
    <bullet14/>
    <bullet15/>
    <bullet16/>
    <bullet17/>
    <bullet18/>
    <bullet19/>
    <bullet20/>
    <bullet21/>
    <bullet22/>
    <bullet23/>
    <bullet24/>
    <vendorPriceUpdateDate>2023-01-05 00:00:00</vendorPriceUpdateDate>
  </part>
  <part>
    <partNumber>13121099</partNumber>
    <punctuatedPartNumber>1312-1099</punctuatedPartNumber>
    <partStatusDescription>STANDARD</partStatusDescription>
    <partDescription>Shock Pre-Load Adjuster - Blue</partDescription>
    <unitOfMeasure>Each</unitOfMeasure>
    <brandName>XTRIG</brandName>
    <supplierNumber>500010300901</supplierNumber>
    <specialInstructions/>
    <baseDealerPrice>187.13</baseDealerPrice>
    <yourDealerPrice>187.13</yourDealerPrice>
    <baseRetailPrice>249.99</baseRetailPrice>
    <originalRetailPrice>249.99</originalRetailPrice>
    <partImage>http://asset.lemansnet.com/z/LzIvQy9BLzJDQTlDRDkyLTEwN0UtNERGOS05NjJFLUIzOTg1NEIxMjM0QQ==</partImage>
    <productId>1499863383</productId>
    <productName>Shock Preload Adjuster</productName>
    <productImage>http://asset.lemansnet.com/z/LzcvNy81Lzc3NTFEQkZBLTFCQjYtNEQ2Qy1CRDE3LTgyNEFBMjg1MTQzNw==</productImage>
    <bullet1>Makes changing the rear shock absorber spring preload settings very quick and easy and replaces both preload rings on your shock</bullet1>
    <bullet2>Preload rings are replaced by a mechanical device that uses the shock body’s threads to move an adjuster up and down</bullet2>
    <bullet3>Preload adjuster makes race sag adjustments quickly and easily</bullet3>
    <bullet4>Mechanical transmission</bullet4>
    <bullet5>Use the complete thread of the shock absorber</bullet5>
    <bullet6>Low weight</bullet6>
    <bullet7>Not affected by dirt</bullet7>
    <bullet8/>
    <bullet9/>
    <bullet10/>
    <bullet11/>
    <bullet12/>
    <bullet13/>
    <bullet14/>
    <bullet15/>
    <bullet16/>
    <bullet17/>
    <bullet18/>
    <bullet19/>
    <bullet20/>
    <bullet21/>
    <bullet22/>
    <bullet23/>
    <bullet24/>
    <vendorPriceUpdateDate>2024-06-04 00:00:00</vendorPriceUpdateDate>
  </part>
  <part>
    <partNumber>04080424</partNumber>
    <punctuatedPartNumber>0408-0424</punctuatedPartNumber>
    <partStatusDescription>STANDARD</partStatusDescription>
    <partDescription>Triple Clamp - 22 mm - Red</partDescription>
    <unitOfMeasure>Kit</unitOfMeasure>
    <brandName>XTRIG</brandName>
    <supplierNumber>501330101401</supplierNumber>
    <specialInstructions/>
    <baseDealerPrice>598.00</baseDealerPrice>
    <yourDealerPrice>598.00</yourDealerPrice>
    <baseRetailPrice>799.95</baseRetailPrice>
    <originalRetailPrice>799.95</originalRetailPrice>
    <partImage>http://asset.lemansnet.com/z/L0QvQS8zL0RBM0VEOTk3LTc2NEItNDgzRC05RTRBLUY2NDgwMkY2QjU5NQ==</partImage>
    <productId>1530661766</productId>
    <productName>Triple Clamp</productName>
    <productImage>http://asset.lemansnet.com/z/LzkvMy8zLzkzMzQ5NDczLTI4OEYtNEQ5Qy1CNjA1LTc3OTdEOEVENkRFQQ==</productImage>
    <bullet1>Revolutionary Opposing Clamp System, ROCS for short</bullet1>
    <bullet2>These triple clamp have lower deformation of the fork stanchions in the clamping area, which ensures more security against twisting of the fork by the self-locking effect</bullet2>
    <bullet3>Clamping screws do not influence each other to create a more precise tightening torque</bullet3>
    <bullet4>Lighter weight than standard triple clamps due to not having any material between the clamping screws</bullet4>
    <bullet5>1-1/8” bar mount</bullet5>
    <bullet6/>
    <bullet7/>
    <bullet8/>
    <bullet9/>
    <bullet10/>
    <bullet11/>
    <bullet12/>
    <bullet13/>
    <bullet14/>
    <bullet15/>
    <bullet16/>
    <bullet17/>
    <bullet18/>
    <bullet19/>
    <bullet20/>
    <bullet21/>
    <bullet22/>
    <bullet23/>
    <bullet24/>
    <vendorPriceUpdateDate>2023-04-22 00:00:00</vendorPriceUpdateDate>
  </part>
  <part>
    <partNumber>04080426</partNumber>
    <punctuatedPartNumber>0408-0426</punctuatedPartNumber>
    <partStatusDescription>STANDARD</partStatusDescription>
    <partDescription>Triple Clamp - 23 mm - Green</partDescription>
    <unitOfMeasure>Kit</unitOfMeasure>
    <brandName>XTRIG</brandName>
    <supplierNumber>501330401201</supplierNumber>
    <specialInstructions/>
    <baseDealerPrice>598.00</baseDealerPrice>
    <yourDealerPrice>598.00</yourDealerPrice>
    <baseRetailPrice>799.95</baseRetailPrice>
    <originalRetailPrice>799.95</originalRetailPrice>
    <partImage>http://asset.lemansnet.com/z/bWVkaWEvYmQzM2FjY2QtYTYyZC00ZTI3LTkzMzQtOWNiOTU3MGQwZDQ4</partImage>
    <productId>1530661766</productId>
    <productName>Triple Clamp</productName>
    <productImage>http://asset.lemansnet.com/z/LzkvMy8zLzkzMzQ5NDczLTI4OEYtNEQ5Qy1CNjA1LTc3OTdEOEVENkRFQQ==</productImage>
    <bullet1>Revolutionary Opposing Clamp System, ROCS for short</bullet1>
    <bullet2>These triple clamp have lower deformation of the fork stanchions in the clamping area, which ensures more security against twisting of the fork by the self-locking effect</bullet2>
    <bullet3>Clamping screws do not influence each other to create a more precise tightening torque</bullet3>
    <bullet4>Lighter weight than standard triple clamps due to not having any material between the clamping screws</bullet4>
    <bullet5>1-1/8” bar mount</bullet5>
    <bullet6/>
    <bullet7/>
    <bullet8/>
    <bullet9/>
    <bullet10/>
    <bullet11/>
    <bullet12/>
    <bullet13/>
    <bullet14/>
    <bullet15/>
    <bullet16/>
    <bullet17/>
    <bullet18/>
    <bullet19/>
    <bullet20/>
    <bullet21/>
    <bullet22/>
    <bullet23/>
    <bullet24/>
    <vendorPriceUpdateDate>2023-04-22 00:00:00</vendorPriceUpdateDate>
  </part>
  <part>
    <partNumber>04080427</partNumber>
    <punctuatedPartNumber>0408-0427</punctuatedPartNumber>
    <partStatusDescription>STANDARD</partStatusDescription>
    <partDescription>Triple Clamp - 22 mm - Orange</partDescription>
    <unitOfMeasure>Kit</unitOfMeasure>
    <brandName>XTRIG</brandName>
    <supplierNumber>501330501101</supplierNumber>
    <specialInstructions/>
    <baseDealerPrice>598.00</baseDealerPrice>
    <yourDealerPrice>598.00</yourDealerPrice>
    <baseRetailPrice>799.95</baseRetailPrice>
    <originalRetailPrice>799.95</originalRetailPrice>
    <partImage>http://asset.lemansnet.com/z/L0UvQy8xL0VDMTNBNkNCLTJERjctNDkyMi1BQTlELTA1NzQ2RDQzNzkyRg==</partImage>
    <productId>2029015185</productId>
    <productName>Triple Clamp</productName>
    <productImage>http://asset.lemansnet.com/z/LzkvMy8zLzkzMzQ5NDczLTI4OEYtNEQ5Qy1CNjA1LTc3OTdEOEVENkRFQQ==</productImage>
    <bullet1>Revolutionary Opposing Clamp System, ROCS for short</bullet1>
    <bullet2>These triple clamp have lower deformation of the fork stanchions in the clamping area, which ensures more security against twisting of the fork by the self-locking effect</bullet2>
    <bullet3>Clamping screws do not influence each other to create a more precise tightening torque</bullet3>
    <bullet4>Lighter weight than standard triple clamps due to not having any material between the clamping screws</bullet4>
    <bullet5>1-1/8” bar mount</bullet5>
    <bullet6/>
    <bullet7/>
    <bullet8/>
    <bullet9/>
    <bullet10/>
    <bullet11/>
    <bullet12/>
    <bullet13/>
    <bullet14/>
    <bullet15/>
    <bullet16/>
    <bullet17/>
    <bullet18/>
    <bullet19/>
    <bullet20/>
    <bullet21/>
    <bullet22/>
    <bullet23/>
    <bullet24/>
    <vendorPriceUpdateDate>2023-04-22 00:00:00</vendorPriceUpdateDate>
  </part>
  <part>
    <partNumber>04080425</partNumber>
    <punctuatedPartNumber>0408-0425</punctuatedPartNumber>
    <partStatusDescription>STANDARD</partStatusDescription>
    <partDescription>Triple Clamp - 23 mm - Green</partDescription>
    <unitOfMeasure>Kit</unitOfMeasure>
    <brandName>XTRIG</brandName>
    <supplierNumber>501330401101</supplierNumber>
    <specialInstructions/>
    <baseDealerPrice>598.00</baseDealerPrice>
    <yourDealerPrice>598.00</yourDealerPrice>
    <baseRetailPrice>799.95</baseRetailPrice>
    <originalRetailPrice>799.95</originalRetailPrice>
    <partImage>http://asset.lemansnet.com/z/L0UvNC80L0U0NEUxQzY3LTI0OEUtNDIzRi04NjVGLUI4OUFDMzQ1RkY3MQ==</partImage>
    <productId>1530661766</productId>
    <productName>Triple Clamp</productName>
    <productImage>http://asset.lemansnet.com/z/LzkvMy8zLzkzMzQ5NDczLTI4OEYtNEQ5Qy1CNjA1LTc3OTdEOEVENkRFQQ==</productImage>
    <bullet1>Revolutionary Opposing Clamp System, ROCS for short</bullet1>
    <bullet2>These triple clamp have lower deformation of the fork stanchions in the clamping area, which ensures more security against twisting of the fork by the self-locking effect</bullet2>
    <bullet3>Clamping screws do not influence each other to create a more precise tightening torque</bullet3>
    <bullet4>Lighter weight than standard triple clamps due to not having any material between the clamping screws</bullet4>
    <bullet5>1-1/8” bar mount</bullet5>
    <bullet6/>
    <bullet7/>
    <bullet8/>
    <bullet9/>
    <bullet10/>
    <bullet11/>
    <bullet12/>
    <bullet13/>
    <bullet14/>
    <bullet15/>
    <bullet16/>
    <bullet17/>
    <bullet18/>
    <bullet19/>
    <bullet20/>
    <bullet21/>
    <bullet22/>
    <bullet23/>
    <bullet24/>
    <vendorPriceUpdateDate>2023-04-22 00:00:00</vendorPriceUpdateDate>
  </part>
  <part>
    <partNumber>04080434</partNumber>
    <punctuatedPartNumber>0408-0434</punctuatedPartNumber>
    <partStatusDescription>STANDARD</partStatusDescription>
    <partDescription>Triple Clamp - Orange</partDescription>
    <unitOfMeasure>Kit</unitOfMeasure>
    <brandName>XTRIG</brandName>
    <supplierNumber>501340501101</supplierNumber>
    <specialInstructions/>
    <baseDealerPrice>598.00</baseDealerPrice>
    <yourDealerPrice>598.00</yourDealerPrice>
    <baseRetailPrice>799.95</baseRetailPrice>
    <originalRetailPrice>799.95</originalRetailPrice>
    <partImage>http://asset.lemansnet.com/z/bWVkaWEvMWY0MWU3OGMtMDY5My00ODI2LThhODEtOTAzYTE3MzljZTg0</partImage>
    <productId>1714773565</productId>
    <productName>Triple Clamp</productName>
    <productImage>http://asset.lemansnet.com/z/LzkvMy8zLzkzMzQ5NDczLTI4OEYtNEQ5Qy1CNjA1LTc3OTdEOEVENkRFQQ==</productImage>
    <bullet1>Revolutionary Opposing Clamp System, ROCS for short</bullet1>
    <bullet2>These triple clamp have lower deformation of the fork stanchions in the clamping area, which ensures more security against twisting of the fork by the self-locking effect</bullet2>
    <bullet3>Clamping screws do not influence each other to create a more precise tightening torque</bullet3>
    <bullet4>Lighter weight than standard triple clamps due to not having any material between the clamping screws</bullet4>
    <bullet5>1-1/8” bar mount</bullet5>
    <bullet6/>
    <bullet7/>
    <bullet8/>
    <bullet9/>
    <bullet10/>
    <bullet11/>
    <bullet12/>
    <bullet13/>
    <bullet14/>
    <bullet15/>
    <bullet16/>
    <bullet17/>
    <bullet18/>
    <bullet19/>
    <bullet20/>
    <bullet21/>
    <bullet22/>
    <bullet23/>
    <bullet24/>
    <vendorPriceUpdateDate>2023-04-22 00:00:00</vendorPriceUpdateDate>
  </part>
  <part>
    <partNumber>04080438</partNumber>
    <punctuatedPartNumber>0408-0438</punctuatedPartNumber>
    <partStatusDescription>STANDARD</partStatusDescription>
    <partDescription>Triple Clamp - 22 mm - Blue</partDescription>
    <unitOfMeasure>Kit</unitOfMeasure>
    <brandName>XTRIG</brandName>
    <supplierNumber>501350701101</supplierNumber>
    <specialInstructions/>
    <baseDealerPrice>598.00</baseDealerPrice>
    <yourDealerPrice>598.00</yourDealerPrice>
    <baseRetailPrice>799.95</baseRetailPrice>
    <originalRetailPrice>799.95</originalRetailPrice>
    <partImage>http://asset.lemansnet.com/z/L0YvQS82L0ZBNjY1QTIxLTZEOTgtNDJFNS04QTE5LUZDNEUxQTYyOUEwQQ==</partImage>
    <productId>0451347871</productId>
    <productName>Triple Clamp</productName>
    <productImage>http://asset.lemansnet.com/z/LzkvMy8zLzkzMzQ5NDczLTI4OEYtNEQ5Qy1CNjA1LTc3OTdEOEVENkRFQQ==</productImage>
    <bullet1>Revolutionary Opposing Clamp System, ROCS for short</bullet1>
    <bullet2>These triple clamp have lower deformation of the fork stanchions in the clamping area, which ensures more security against twisting of the fork by the self-locking effect</bullet2>
    <bullet3>Clamping screws do not influence each other to create a more precise tightening torque</bullet3>
    <bullet4>Lighter weight than standard triple clamps due to not having any material between the clamping screws</bullet4>
    <bullet5>1-1/8” bar mount</bullet5>
    <bullet6/>
    <bullet7/>
    <bullet8/>
    <bullet9/>
    <bullet10/>
    <bullet11/>
    <bullet12/>
    <bullet13/>
    <bullet14/>
    <bullet15/>
    <bullet16/>
    <bullet17/>
    <bullet18/>
    <bullet19/>
    <bullet20/>
    <bullet21/>
    <bullet22/>
    <bullet23/>
    <bullet24/>
    <vendorPriceUpdateDate>2023-04-22 00:00:00</vendorPriceUpdateDate>
  </part>
  <part>
    <partNumber>04080439</partNumber>
    <punctuatedPartNumber>0408-0439</punctuatedPartNumber>
    <partStatusDescription>STANDARD</partStatusDescription>
    <partDescription>Triple Clamp - 24 mm - Blue</partDescription>
    <unitOfMeasure>Kit</unitOfMeasure>
    <brandName>XTRIG</brandName>
    <supplierNumber>501350701201</supplierNumber>
    <specialInstructions/>
    <baseDealerPrice>598.00</baseDealerPrice>
    <yourDealerPrice>598.00</yourDealerPrice>
    <baseRetailPrice>799.95</baseRetailPrice>
    <originalRetailPrice>799.95</originalRetailPrice>
    <partImage>http://asset.lemansnet.com/z/L0IvQy80L0JDNDU2OEE2LUMxNDYtNDA3Ny1BM0FFLTg4Mzc1QTk1RjlCQw==</partImage>
    <productId>0402149667</productId>
    <productName>Triple Clamp</productName>
    <productImage>http://asset.lemansnet.com/z/LzkvMy8zLzkzMzQ5NDczLTI4OEYtNEQ5Qy1CNjA1LTc3OTdEOEVENkRFQQ==</productImage>
    <bullet1>Revolutionary Opposing Clamp System, ROCS for short</bullet1>
    <bullet2>These triple clamp have lower deformation of the fork stanchions in the clamping area, which ensures more security against twisting of the fork by the self-locking effect</bullet2>
    <bullet3>Clamping screws do not influence each other to create a more precise tightening torque</bullet3>
    <bullet4>Lighter weight than standard triple clamps due to not having any material between the clamping screws</bullet4>
    <bullet5>1-1/8” bar mount</bullet5>
    <bullet6/>
    <bullet7/>
    <bullet8/>
    <bullet9/>
    <bullet10/>
    <bullet11/>
    <bullet12/>
    <bullet13/>
    <bullet14/>
    <bullet15/>
    <bullet16/>
    <bullet17/>
    <bullet18/>
    <bullet19/>
    <bullet20/>
    <bullet21/>
    <bullet22/>
    <bullet23/>
    <bullet24/>
    <vendorPriceUpdateDate>2023-04-22 00:00:00</vendorPriceUpdateDate>
  </part>
  <part>
    <partNumber>13121043</partNumber>
    <punctuatedPartNumber>1312-1043</punctuatedPartNumber>
    <partStatusDescription>STANDARD</partStatusDescription>
    <partDescription>Shock Pre-Load Adjuster - Red</partDescription>
    <unitOfMeasure>Each</unitOfMeasure>
    <brandName>XTRIG</brandName>
    <supplierNumber>500010300601</supplierNumber>
    <specialInstructions/>
    <baseDealerPrice>153.40</baseDealerPrice>
    <yourDealerPrice>153.40</yourDealerPrice>
    <baseRetailPrice>219.95</baseRetailPrice>
    <originalRetailPrice>219.95</originalRetailPrice>
    <partImage>http://asset.lemansnet.com/z/bWVkaWEvZjcxNzYwOTEtZGE3Yi00NmM2LWJmMGQtY2VmMzU0NTAyMmE0</partImage>
    <productId>1499863383</productId>
    <productName>Shock Preload Adjuster</productName>
    <productImage>http://asset.lemansnet.com/z/LzcvNy81Lzc3NTFEQkZBLTFCQjYtNEQ2Qy1CRDE3LTgyNEFBMjg1MTQzNw==</productImage>
    <bullet1>Makes changing the rear shock absorber spring preload settings very quick and easy and replaces both preload rings on your shock</bullet1>
    <bullet2>Preload rings are replaced by a mechanical device that uses the shock body’s threads to move an adjuster up and down</bullet2>
    <bullet3>Preload adjuster makes race sag adjustments quickly and easily</bullet3>
    <bullet4>Mechanical transmission</bullet4>
    <bullet5>Use the complete thread of the shock absorber</bullet5>
    <bullet6>Low weight</bullet6>
    <bullet7>Not affected by dirt</bullet7>
    <bullet8/>
    <bullet9/>
    <bullet10/>
    <bullet11/>
    <bullet12/>
    <bullet13/>
    <bullet14/>
    <bullet15/>
    <bullet16/>
    <bullet17/>
    <bullet18/>
    <bullet19/>
    <bullet20/>
    <bullet21/>
    <bullet22/>
    <bullet23/>
    <bullet24/>
    <vendorPriceUpdateDate>2022-12-19 00:00:00</vendorPriceUpdateDate>
  </part>
  <part>
    <partNumber>06031116</partNumber>
    <punctuatedPartNumber>0603-1116</punctuatedPartNumber>
    <partStatusDescription>STANDARD</partStatusDescription>
    <partDescription>Clamp Screw Set - PHDS</partDescription>
    <unitOfMeasure>Set</unitOfMeasure>
    <brandName>XTRIG</brandName>
    <supplierNumber>501070000601</supplierNumber>
    <specialInstructions/>
    <baseDealerPrice>17.50</baseDealerPrice>
    <yourDealerPrice>17.50</yourDealerPrice>
    <baseRetailPrice>24.95</baseRetailPrice>
    <originalRetailPrice>24.95</originalRetailPrice>
    <partImage>http://asset.lemansnet.com/z/LzEvMi81LzEyNUQzMUE4LTZGQkYtNDgxMi05MDgwLUQzN0JEQ0I2QUM5MA==</partImage>
    <productId>0509448910</productId>
    <productName>Clamp Screw Set</productName>
    <productImage>http://asset.lemansnet.com/z/L0IvNC84L0I0OEJDOTVGLTMzMDctNDkxRC05QkU4LTczNDA3NDM1MkM1NQ==</productImage>
    <bullet1>Replacement screws for Xtrig clamps</bullet1>
    <bullet2/>
    <bullet3/>
    <bullet4/>
    <bullet5/>
    <bullet6/>
    <bullet7/>
    <bullet8/>
    <bullet9/>
    <bullet10/>
    <bullet11/>
    <bullet12/>
    <bullet13/>
    <bullet14/>
    <bullet15/>
    <bullet16/>
    <bullet17/>
    <bullet18/>
    <bullet19/>
    <bullet20/>
    <bullet21/>
    <bullet22/>
    <bullet23/>
    <bullet24/>
    <vendorPriceUpdateDate>2023-04-22 00:00:00</vendorPriceUpdateDate>
  </part>
  <part>
    <partNumber>06031109</partNumber>
    <punctuatedPartNumber>0603-1109</punctuatedPartNumber>
    <partStatusDescription>STANDARD</partStatusDescription>
    <partDescription>PHDS Clamp Kit - Suzuki</partDescription>
    <unitOfMeasure>Each</unitOfMeasure>
    <brandName>XTRIG</brandName>
    <supplierNumber>501250400101</supplierNumber>
    <specialInstructions/>
    <baseDealerPrice>178.60</baseDealerPrice>
    <yourDealerPrice>178.60</yourDealerPrice>
    <baseRetailPrice>249.95</baseRetailPrice>
    <originalRetailPrice>249.95</originalRetailPrice>
    <partImage>http://asset.lemansnet.com/z/bWVkaWEvMjU5Njk3MTMtMmIxYS00YWVjLTg1M2QtNDM2NWY4NGU0MjY2</partImage>
    <productId>0339166532</productId>
    <productName>PHDS Clamp Kit</productName>
    <productImage>http://asset.lemansnet.com/z/L0MvMC9GL0MwRkUwM0E2LUE3NTctNEIzNi1BREYxLUNCRjVGODcwNTQ2Mw==</productImage>
    <bullet1>The PHDS (Progressive Handlebar Dampening System) is a system mounted on elastomers that absorbs vibration from the motor and chassis</bullet1>
    <bullet2> In addition, the system dampens the forces acting on the handlebars in the horizontal and vertical directions, while maintaining perfect steering precision</bullet2>
    <bullet3>Depending on the type of mounting on the triple clamp, there are many possibilities for handlebar adjustment and adaptability to the needs of each rider</bullet3>
    <bullet4>Through exchangeable elastomers, the hardness can be adjusted individually (soft - green, medium/standard - yellow, hard - red)</bullet4>
    <bullet5/>
    <bullet6/>
    <bullet7/>
    <bullet8/>
    <bullet9/>
    <bullet10/>
    <bullet11/>
    <bullet12/>
    <bullet13/>
    <bullet14/>
    <bullet15/>
    <bullet16/>
    <bullet17/>
    <bullet18/>
    <bullet19/>
    <bullet20/>
    <bullet21/>
    <bullet22/>
    <bullet23/>
    <bullet24/>
    <vendorPriceUpdateDate>2023-04-22 00:00:00</vendorPriceUpdateDate>
  </part>
</root>
