<root>
  <part>
    <partNumber>41200030</partNumber>
    <punctuatedPartNumber>4120-0030</punctuatedPartNumber>
    <partStatusDescription>STANDARD</partStatusDescription>
    <partDescription>Wheel Assembly - Snowmobile Cart - Pneumatic - 10" - Kit</partDescription>
    <unitOfMeasure>Kit</unitOfMeasure>
    <brandName>EAZYMOVE</brandName>
    <supplierNumber>ODW-1002</supplierNumber>
    <specialInstructions/>
    <baseDealerPrice>106.10</baseDealerPrice>
    <yourDealerPrice>106.10</yourDealerPrice>
    <baseRetailPrice>149.95</baseRetailPrice>
    <originalRetailPrice>149.95</originalRetailPrice>
    <partImage>http://asset.lemansnet.com/z/LzYvQS82LzZBNkY2N0Y2LTVBQUEtNEVCQi1CRkM0LUIxMDMzNkU5MUQxMSwvMS81LzcvMTU3ODEzMDYtODBFOC00RjkxLTk2OTctRkUwQUVGQjUwN0ZF</partImage>
    <productId>1692043259</productId>
    <productName>10" Pneumatic Tire Wheel Kit for Snowmobile Cart</productName>
    <productImage>http://asset.lemansnet.com/z/LzYvQS82LzZBNkY2N0Y2LTVBQUEtNEVCQi1CRkM0LUIxMDMzNkU5MUQxMQ==</productImage>
    <bullet1>Pneumatic wheel kit for Eazymove snowmobile cart</bullet1>
    <bullet2>For outdoor use or on uneven surfaces</bullet2>
    <bullet3>10"</bullet3>
    <bullet4/>
    <bullet5/>
    <bullet6/>
    <bullet7/>
    <bullet8/>
    <bullet9/>
    <bullet10/>
    <bullet11/>
    <bullet12/>
    <bullet13/>
    <bullet14/>
    <bullet15/>
    <bullet16/>
    <bullet17/>
    <bullet18/>
    <bullet19/>
    <bullet20/>
    <bullet21/>
    <bullet22/>
    <bullet23/>
    <bullet24/>
    <vendorPriceUpdateDate>2023-04-22 00:00:00</vendorPriceUpdateDate>
  </part>
  <part>
    <partNumber>41010390</partNumber>
    <punctuatedPartNumber>4101-0390</punctuatedPartNumber>
    <partStatusDescription>STANDARD</partStatusDescription>
    <partDescription>PWC Stand - Adjustable - Heavy-Duty</partDescription>
    <unitOfMeasure>Each</unitOfMeasure>
    <brandName>EAZYMOVE</brandName>
    <supplierNumber>PWC-STD</supplierNumber>
    <specialInstructions/>
    <baseDealerPrice>281.80</baseDealerPrice>
    <yourDealerPrice>281.80</yourDealerPrice>
    <baseRetailPrice>399.95</baseRetailPrice>
    <originalRetailPrice>399.95</originalRetailPrice>
    <partImage>http://asset.lemansnet.com/z/L0EvRi82L0FGNjczMzQ3LTczQjUtNEQ5Qy1BNjM3LTA0Njc3N0Y2NEUzMSwvOC9BLzYvOEE2RTBDRDEtOUFCNS00OTNBLTlGQ0MtOEZFNEEyQzUxM0JE</partImage>
    <productId>0519676244</productId>
    <productName>Heavy-Duty Adjustable PWC Stand</productName>
    <productImage>http://asset.lemansnet.com/z/L0EvRi82L0FGNjczMzQ3LTczQjUtNEQ5Qy1BNjM3LTA0Njc3N0Y2NEUzMQ==</productImage>
    <bullet1>Can be adjusted in for stand-up watercraft (17" center-to-center of one bunk to the other), or adjusted out to 23" wide for runabout models</bullet1>
    <bullet2>Watercraft stand measures 14-1/2" tall, floor-to-center of carpeted bunk</bullet2>
    <bullet3>Made in the USA</bullet3>
    <bullet4>Extension kit, replacement wheels and carpeted bunk sold separately.</bullet4>
    <bullet5/>
    <bullet6/>
    <bullet7/>
    <bullet8/>
    <bullet9/>
    <bullet10/>
    <bullet11/>
    <bullet12/>
    <bullet13/>
    <bullet14/>
    <bullet15/>
    <bullet16/>
    <bullet17/>
    <bullet18/>
    <bullet19/>
    <bullet20/>
    <bullet21/>
    <bullet22/>
    <bullet23/>
    <bullet24/>
    <vendorPriceUpdateDate>2022-03-23 00:00:00</vendorPriceUpdateDate>
  </part>
  <part>
    <partNumber>41010392</partNumber>
    <punctuatedPartNumber>4101-0392</punctuatedPartNumber>
    <partStatusDescription>STANDARD</partStatusDescription>
    <partDescription>Wheel - Replacement/PWC Stand - with Brake</partDescription>
    <unitOfMeasure>Each</unitOfMeasure>
    <brandName>EAZYMOVE</brandName>
    <supplierNumber>PWC-WHBRK</supplierNumber>
    <specialInstructions/>
    <baseDealerPrice>36.40</baseDealerPrice>
    <yourDealerPrice>36.40</yourDealerPrice>
    <baseRetailPrice>51.95</baseRetailPrice>
    <originalRetailPrice>52.95</originalRetailPrice>
    <partImage>http://asset.lemansnet.com/z/L0EvQi8wL0FCMEMxRTcwLTM4MzItNEUwNS1BODAzLUYxN0QzRjhFNjA5Ng==</partImage>
    <productId>1334298835</productId>
    <productName>Replacement Wheel for Heavy-Duty Adjustable PWC Stand</productName>
    <productImage>http://asset.lemansnet.com/z/L0EvQi8wL0FCMEMxRTcwLTM4MzItNEUwNS1BODAzLUYxN0QzRjhFNjA5Ng==</productImage>
    <bullet1>Replacement wheel for heavy-duty adjustable PWC stand</bullet1>
    <bullet2>Made in the USA</bullet2>
    <bullet3/>
    <bullet4/>
    <bullet5/>
    <bullet6/>
    <bullet7/>
    <bullet8/>
    <bullet9/>
    <bullet10/>
    <bullet11/>
    <bullet12/>
    <bullet13/>
    <bullet14/>
    <bullet15/>
    <bullet16/>
    <bullet17/>
    <bullet18/>
    <bullet19/>
    <bullet20/>
    <bullet21/>
    <bullet22/>
    <bullet23/>
    <bullet24/>
    <vendorPriceUpdateDate>2021-06-16 00:00:00</vendorPriceUpdateDate>
  </part>
  <part>
    <partNumber>41100070</partNumber>
    <punctuatedPartNumber>4110-0070</punctuatedPartNumber>
    <partStatusDescription>STANDARD</partStatusDescription>
    <partDescription>Warm-Up Stand - Snowmobile - Universal</partDescription>
    <unitOfMeasure>Each</unitOfMeasure>
    <brandName>EAZYMOVE</brandName>
    <supplierNumber>RS-1006</supplierNumber>
    <specialInstructions/>
    <baseDealerPrice>139.90</baseDealerPrice>
    <yourDealerPrice>139.90</yourDealerPrice>
    <baseRetailPrice>199.95</baseRetailPrice>
    <originalRetailPrice>199.95</originalRetailPrice>
    <partImage>http://asset.lemansnet.com/z/LzgvNS84Lzg1ODgxQzhCLURFNzItNDgyNC1BM0NELTEzNjJDOTIzMEIyRg==</partImage>
    <productId>1589283802</productId>
    <productName>Snowmobile Warm-Up Stand</productName>
    <productImage>http://asset.lemansnet.com/z/LzgvNS84Lzg1ODgxQzhCLURFNzItNDgyNC1BM0NELTEzNjJDOTIzMEIyRg==</productImage>
    <bullet1>Debris shield lets the machine warm up without the hazard of flying debris</bullet1>
    <bullet2>Optional lift handle and lift crank available (sold separately)</bullet2>
    <bullet3>Takes the load off your rear suspension</bullet3>
    <bullet4>Fully adjustable height (up to 32" tall)</bullet4>
    <bullet5>Lifts and supports most models</bullet5>
    <bullet6>Stable and lightweight</bullet6>
    <bullet7>Made in the USA</bullet7>
    <bullet8/>
    <bullet9/>
    <bullet10/>
    <bullet11/>
    <bullet12/>
    <bullet13/>
    <bullet14/>
    <bullet15/>
    <bullet16/>
    <bullet17/>
    <bullet18/>
    <bullet19/>
    <bullet20/>
    <bullet21/>
    <bullet22/>
    <bullet23/>
    <bullet24/>
    <vendorPriceUpdateDate>2022-06-17 00:00:00</vendorPriceUpdateDate>
  </part>
  <part>
    <partNumber>41100072</partNumber>
    <punctuatedPartNumber>4110-0072</punctuatedPartNumber>
    <partStatusDescription>STANDARD</partStatusDescription>
    <partDescription>Lift Crank - Warm-Up Stand</partDescription>
    <unitOfMeasure>Each</unitOfMeasure>
    <brandName>EAZYMOVE</brandName>
    <supplierNumber>RCS-1006-C</supplierNumber>
    <specialInstructions/>
    <baseDealerPrice>78.80</baseDealerPrice>
    <yourDealerPrice>78.80</yourDealerPrice>
    <baseRetailPrice>114.95</baseRetailPrice>
    <originalRetailPrice>114.95</originalRetailPrice>
    <partImage>http://asset.lemansnet.com/z/L0IvQS9BL0JBQTlEM0QwLTgwNDktNEYyRC04M0EyLTJBQzAxRjlFOUI1Mg==</partImage>
    <productId>0021784312</productId>
    <productName>Lift Crank for Snowmobile Warm-Up Stand</productName>
    <productImage>http://asset.lemansnet.com/z/L0IvQS9BL0JBQTlEM0QwLTgwNDktNEYyRC04M0EyLTJBQzAxRjlFOUI1Mg==</productImage>
    <bullet1>Lift crank for snowmobile warm-up stand</bullet1>
    <bullet2>Made in the USA</bullet2>
    <bullet3/>
    <bullet4/>
    <bullet5/>
    <bullet6/>
    <bullet7/>
    <bullet8/>
    <bullet9/>
    <bullet10/>
    <bullet11/>
    <bullet12/>
    <bullet13/>
    <bullet14/>
    <bullet15/>
    <bullet16/>
    <bullet17/>
    <bullet18/>
    <bullet19/>
    <bullet20/>
    <bullet21/>
    <bullet22/>
    <bullet23/>
    <bullet24/>
    <vendorPriceUpdateDate>2022-06-17 00:00:00</vendorPriceUpdateDate>
  </part>
  <part>
    <partNumber>41200029</partNumber>
    <punctuatedPartNumber>4120-0029</punctuatedPartNumber>
    <partStatusDescription>STANDARD</partStatusDescription>
    <partDescription>Dolly - Snowmobile Cart - Long Track</partDescription>
    <unitOfMeasure>Each</unitOfMeasure>
    <brandName>EAZYMOVE</brandName>
    <supplierNumber>EZ-1001-LT</supplierNumber>
    <specialInstructions/>
    <baseDealerPrice>252.70</baseDealerPrice>
    <yourDealerPrice>252.70</yourDealerPrice>
    <baseRetailPrice>339.95</baseRetailPrice>
    <originalRetailPrice>339.95</originalRetailPrice>
    <partImage>http://asset.lemansnet.com/z/LzkvQy80LzlDNDE1MjNCLTU4QkQtNDcxMC1BNTczLTcwMDY0NDBGMTI2RCwvMC9GLzQvMEY0MzY1QUItODE3NS00QTM1LUIwNkItRTA2NURFNTYxODM0</partImage>
    <productId>1789169279</productId>
    <productName>Snowmobile Cart</productName>
    <productImage>http://asset.lemansnet.com/z/LzkvQy80LzlDNDE1MjNCLTU4QkQtNDcxMC1BNTczLTcwMDY0NDBGMTI2RA==</productImage>
    <bullet1>Comes ready for use; no assembly required</bullet1>
    <bullet2>Move the biggest sleds - no lifting required</bullet2>
    <bullet3>Padded deck will not harm the finish</bullet3>
    <bullet4>Ball-bearing wheels for easy rolling</bullet4>
    <bullet5>Breaks down for easy storage</bullet5>
    <bullet6>Adjusts to fit all snowmobiles</bullet6>
    <bullet7>Unloads the suspension</bullet7>
    <bullet8/>
    <bullet9/>
    <bullet10/>
    <bullet11/>
    <bullet12/>
    <bullet13/>
    <bullet14/>
    <bullet15/>
    <bullet16/>
    <bullet17/>
    <bullet18/>
    <bullet19/>
    <bullet20/>
    <bullet21/>
    <bullet22/>
    <bullet23/>
    <bullet24/>
    <vendorPriceUpdateDate>2022-06-17 00:00:00</vendorPriceUpdateDate>
  </part>
  <part>
    <partNumber>41010391</partNumber>
    <punctuatedPartNumber>4101-0391</punctuatedPartNumber>
    <partStatusDescription>STANDARD</partStatusDescription>
    <partDescription>Extension Kit - PWC Stand - Adjustable</partDescription>
    <unitOfMeasure>Kit</unitOfMeasure>
    <brandName>EAZYMOVE</brandName>
    <supplierNumber>PWC-EXT</supplierNumber>
    <specialInstructions/>
    <baseDealerPrice>55.80</baseDealerPrice>
    <yourDealerPrice>55.80</yourDealerPrice>
    <baseRetailPrice>79.95</baseRetailPrice>
    <originalRetailPrice>79.95</originalRetailPrice>
    <partImage>http://asset.lemansnet.com/z/LzcvOS9ELzc5REU2N0UxLTU0MjctNEQ0Ni04RkRGLUIxOTA0OEEzOTI1MQ==</partImage>
    <productId>0495213970</productId>
    <productName>Extension Kit for Heavy-Duty Adjustable PWC Stand</productName>
    <productImage>http://asset.lemansnet.com/z/LzcvOS9ELzc5REU2N0UxLTU0MjctNEQ0Ni04RkRGLUIxOTA0OEEzOTI1MQ==</productImage>
    <bullet1>Includes four 9-1/2" long pieces to raise height of watercraft for shop use (20-1/2" tall, floor to center of bunk), or stagger on one side to angle watercraft for showroom/sales</bullet1>
    <bullet2>Replacement extension kit for Eazymove® heavy-duty adjustable stand</bullet2>
    <bullet3>Made in the USA</bullet3>
    <bullet4/>
    <bullet5/>
    <bullet6/>
    <bullet7/>
    <bullet8/>
    <bullet9/>
    <bullet10/>
    <bullet11/>
    <bullet12/>
    <bullet13/>
    <bullet14/>
    <bullet15/>
    <bullet16/>
    <bullet17/>
    <bullet18/>
    <bullet19/>
    <bullet20/>
    <bullet21/>
    <bullet22/>
    <bullet23/>
    <bullet24/>
    <vendorPriceUpdateDate>2021-06-16 00:00:00</vendorPriceUpdateDate>
  </part>
  <part>
    <partNumber>41010393</partNumber>
    <punctuatedPartNumber>4101-0393</punctuatedPartNumber>
    <partStatusDescription>STANDARD</partStatusDescription>
    <partDescription>Wheel - Replacement/PWC Stand - Fixed</partDescription>
    <unitOfMeasure>Each</unitOfMeasure>
    <brandName>EAZYMOVE</brandName>
    <supplierNumber>PWC-WHL</supplierNumber>
    <specialInstructions/>
    <baseDealerPrice>32.80</baseDealerPrice>
    <yourDealerPrice>32.80</yourDealerPrice>
    <baseRetailPrice>46.95</baseRetailPrice>
    <originalRetailPrice>47.95</originalRetailPrice>
    <partImage>http://asset.lemansnet.com/z/L0MvMS82L0MxNjY0QTRBLUEzNjAtNEI2My1BMzA2LUYyNkY1N0MxODZDQw==</partImage>
    <productId>1334298835</productId>
    <productName>Replacement Wheel for Heavy-Duty Adjustable PWC Stand</productName>
    <productImage>http://asset.lemansnet.com/z/L0EvQi8wL0FCMEMxRTcwLTM4MzItNEUwNS1BODAzLUYxN0QzRjhFNjA5Ng==</productImage>
    <bullet1>Replacement wheel for heavy-duty adjustable PWC stand</bullet1>
    <bullet2>Made in the USA</bullet2>
    <bullet3/>
    <bullet4/>
    <bullet5/>
    <bullet6/>
    <bullet7/>
    <bullet8/>
    <bullet9/>
    <bullet10/>
    <bullet11/>
    <bullet12/>
    <bullet13/>
    <bullet14/>
    <bullet15/>
    <bullet16/>
    <bullet17/>
    <bullet18/>
    <bullet19/>
    <bullet20/>
    <bullet21/>
    <bullet22/>
    <bullet23/>
    <bullet24/>
    <vendorPriceUpdateDate>2021-06-16 00:00:00</vendorPriceUpdateDate>
  </part>
  <part>
    <partNumber>41100153</partNumber>
    <punctuatedPartNumber>4110-0153</punctuatedPartNumber>
    <partStatusDescription>STANDARD</partStatusDescription>
    <partDescription>Standard L-Track Stand/Lift</partDescription>
    <unitOfMeasure>Each</unitOfMeasure>
    <brandName>EAZYMOVE</brandName>
    <supplierNumber>1007-LT</supplierNumber>
    <specialInstructions/>
    <baseDealerPrice>479.90</baseDealerPrice>
    <yourDealerPrice>479.90</yourDealerPrice>
    <baseRetailPrice>639.95</baseRetailPrice>
    <originalRetailPrice>639.95</originalRetailPrice>
    <partImage>http://asset.lemansnet.com/z/LzYvOS84LzY5ODQ3N0Y4LTMzQzUtNDFBNC05Mjg3LUU2OTNBNDY2RTJFQywvNi8wLzkvNjA5MjAzOUUtNTMzNi00QTFFLUJFNzAtRUFEQzY5RjY2QzU2</partImage>
    <productId>1509488869</productId>
    <productName>Snowmobile Work Stand</productName>
    <productImage>http://asset.lemansnet.com/z/LzYvOS84LzY5ODQ3N0Y4LTMzQzUtNDFBNC05Mjg3LUU2OTNBNDY2RTJFQw==</productImage>
    <bullet1>Great for long track sleds also will work on standard snowmobiles</bullet1>
    <bullet2>Comes with six wheels set to fit inside 21" or wider ski stance</bullet2>
    <bullet3>Comes with hand crank and shaft for a drill for faster lifting</bullet3>
    <bullet4/>
    <bullet5/>
    <bullet6/>
    <bullet7/>
    <bullet8/>
    <bullet9/>
    <bullet10/>
    <bullet11/>
    <bullet12/>
    <bullet13/>
    <bullet14/>
    <bullet15/>
    <bullet16/>
    <bullet17/>
    <bullet18/>
    <bullet19/>
    <bullet20/>
    <bullet21/>
    <bullet22/>
    <bullet23/>
    <bullet24/>
    <vendorPriceUpdateDate>2022-06-17 00:00:00</vendorPriceUpdateDate>
  </part>
  <part>
    <partNumber>41200028</partNumber>
    <punctuatedPartNumber>4120-0028</punctuatedPartNumber>
    <partStatusDescription>STANDARD</partStatusDescription>
    <partDescription>Dolly - Snowmobile Cart - Standard</partDescription>
    <unitOfMeasure>Each</unitOfMeasure>
    <brandName>EAZYMOVE</brandName>
    <supplierNumber>EZ-1001</supplierNumber>
    <specialInstructions/>
    <baseDealerPrice>229.00</baseDealerPrice>
    <yourDealerPrice>229.00</yourDealerPrice>
    <baseRetailPrice>324.95</baseRetailPrice>
    <originalRetailPrice>324.95</originalRetailPrice>
    <partImage>http://asset.lemansnet.com/z/LzYvNy9ELzY3RDlFOEM2LTY0N0YtNEMxQi04NzcyLUM2NzEwOTE2NEU3NywvOS82LzIvOTYyQkVENDgtQTBFQy00NkU4LTkwMTctNUY0NDJCNzc2MTk1</partImage>
    <productId>1789169279</productId>
    <productName>Snowmobile Cart</productName>
    <productImage>http://asset.lemansnet.com/z/LzkvQy80LzlDNDE1MjNCLTU4QkQtNDcxMC1BNTczLTcwMDY0NDBGMTI2RA==</productImage>
    <bullet1>Comes ready for use; no assembly required</bullet1>
    <bullet2>Move the biggest sleds - no lifting required</bullet2>
    <bullet3>Padded deck will not harm the finish</bullet3>
    <bullet4>Ball-bearing wheels for easy rolling</bullet4>
    <bullet5>Breaks down for easy storage</bullet5>
    <bullet6>Adjusts to fit all snowmobiles</bullet6>
    <bullet7>Unloads the suspension</bullet7>
    <bullet8/>
    <bullet9/>
    <bullet10/>
    <bullet11/>
    <bullet12/>
    <bullet13/>
    <bullet14/>
    <bullet15/>
    <bullet16/>
    <bullet17/>
    <bullet18/>
    <bullet19/>
    <bullet20/>
    <bullet21/>
    <bullet22/>
    <bullet23/>
    <bullet24/>
    <vendorPriceUpdateDate>2022-06-17 00:00:00</vendorPriceUpdateDate>
  </part>
  <part>
    <partNumber>41200047</partNumber>
    <punctuatedPartNumber>4120-0047</punctuatedPartNumber>
    <partStatusDescription>STANDARD</partStatusDescription>
    <partDescription>Replacement Carpeted Bunk</partDescription>
    <unitOfMeasure>Each</unitOfMeasure>
    <brandName>EAZYMOVE</brandName>
    <supplierNumber>CPT1001-4</supplierNumber>
    <specialInstructions/>
    <baseDealerPrice>30.90</baseDealerPrice>
    <yourDealerPrice>30.90</yourDealerPrice>
    <baseRetailPrice>46.95</baseRetailPrice>
    <originalRetailPrice>46.95</originalRetailPrice>
    <partImage>http://asset.lemansnet.com/z/LzgvMC8xLzgwMUNDMUI1LTY3Q0UtNDVBMS04NDNCLTlERjZDMjkzQkE1RA==</partImage>
    <productId>1195217777</productId>
    <productName>Replacement Carpeted Bunk</productName>
    <productImage>http://asset.lemansnet.com/z/LzgvMC8xLzgwMUNDMUI1LTY3Q0UtNDVBMS04NDNCLTlERjZDMjkzQkE1RA==</productImage>
    <bullet1>Replacement carpeted bunk for Easymove snowmobile cart or watercraft stand</bullet1>
    <bullet2>Will not harm the finish</bullet2>
    <bullet3/>
    <bullet4/>
    <bullet5/>
    <bullet6/>
    <bullet7/>
    <bullet8/>
    <bullet9/>
    <bullet10/>
    <bullet11/>
    <bullet12/>
    <bullet13/>
    <bullet14/>
    <bullet15/>
    <bullet16/>
    <bullet17/>
    <bullet18/>
    <bullet19/>
    <bullet20/>
    <bullet21/>
    <bullet22/>
    <bullet23/>
    <bullet24/>
    <vendorPriceUpdateDate>2021-06-16 00:00:00</vendorPriceUpdateDate>
  </part>
  <part>
    <partNumber>41100069</partNumber>
    <punctuatedPartNumber>4110-0069</punctuatedPartNumber>
    <partStatusDescription>STANDARD</partStatusDescription>
    <partDescription>Rear Stand - 4-Pack</partDescription>
    <unitOfMeasure>4 Pack</unitOfMeasure>
    <brandName>EAZYMOVE</brandName>
    <supplierNumber>SS-1004-4</supplierNumber>
    <specialInstructions/>
    <baseDealerPrice>214.40</baseDealerPrice>
    <yourDealerPrice>214.40</yourDealerPrice>
    <baseRetailPrice>74.95</baseRetailPrice>
    <originalRetailPrice>199.95</originalRetailPrice>
    <partImage>http://asset.lemansnet.com/z/LzEvMy84LzEzODEyNEFELTYwMzYtNDdCRS1CMzk4LUI2N0ZERjkzMDNDNQ==</partImage>
    <productId>1120162580</productId>
    <productName>Snowmobile Storage Stand</productName>
    <productImage>http://asset.lemansnet.com/z/LzEvMy84LzEzODEyNEFELTYwMzYtNDdCRS1CMzk4LUI2N0ZERjkzMDNDNQ==</productImage>
    <bullet1>Takes the load off the rear suspension</bullet1>
    <bullet2>Stable, lightweight and adjustable</bullet2>
    <bullet3>Supports most models</bullet3>
    <bullet4/>
    <bullet5/>
    <bullet6/>
    <bullet7/>
    <bullet8/>
    <bullet9/>
    <bullet10/>
    <bullet11/>
    <bullet12/>
    <bullet13/>
    <bullet14/>
    <bullet15/>
    <bullet16/>
    <bullet17/>
    <bullet18/>
    <bullet19/>
    <bullet20/>
    <bullet21/>
    <bullet22/>
    <bullet23/>
    <bullet24/>
    <vendorPriceUpdateDate>2023-04-22 00:00:00</vendorPriceUpdateDate>
  </part>
  <part>
    <partNumber>41100071</partNumber>
    <punctuatedPartNumber>4110-0071</punctuatedPartNumber>
    <partStatusDescription>STANDARD</partStatusDescription>
    <partDescription>Lift Handle - Warm-Up Stand</partDescription>
    <unitOfMeasure>Each</unitOfMeasure>
    <brandName>EAZYMOVE</brandName>
    <supplierNumber>RL-1006-L</supplierNumber>
    <specialInstructions/>
    <baseDealerPrice>61.80</baseDealerPrice>
    <yourDealerPrice>61.80</yourDealerPrice>
    <baseRetailPrice>89.95</baseRetailPrice>
    <originalRetailPrice>89.95</originalRetailPrice>
    <partImage>http://asset.lemansnet.com/z/LzcvOC9DLzc4Q0IzMTJBLTlFNTktNDQ0Mi1CMDE0LUNEOTY5N0NBQzBGMCwvNi81L0YvNjVGMzRBNzItMTJEQi00RjVGLUE5QzctNEMyRjhGMzFENTM0</partImage>
    <productId>1337005025</productId>
    <productName>Lift Handle for Snowmobile Warm-Up Stand</productName>
    <productImage>http://asset.lemansnet.com/z/LzcvOC9DLzc4Q0IzMTJBLTlFNTktNDQ0Mi1CMDE0LUNEOTY5N0NBQzBGMA==</productImage>
    <bullet1>Lift handle for snowmobile warm-up stand</bullet1>
    <bullet2>Made in the USA</bullet2>
    <bullet3/>
    <bullet4/>
    <bullet5/>
    <bullet6/>
    <bullet7/>
    <bullet8/>
    <bullet9/>
    <bullet10/>
    <bullet11/>
    <bullet12/>
    <bullet13/>
    <bullet14/>
    <bullet15/>
    <bullet16/>
    <bullet17/>
    <bullet18/>
    <bullet19/>
    <bullet20/>
    <bullet21/>
    <bullet22/>
    <bullet23/>
    <bullet24/>
    <vendorPriceUpdateDate>2022-06-17 00:00:00</vendorPriceUpdateDate>
  </part>
  <part>
    <partNumber>41010494</partNumber>
    <punctuatedPartNumber>4101-0494</punctuatedPartNumber>
    <partStatusDescription>STANDARD</partStatusDescription>
    <partDescription>Wheel - Snowmobile Cart - Replacement - Gray</partDescription>
    <unitOfMeasure>Each</unitOfMeasure>
    <brandName>EAZYMOVE</brandName>
    <supplierNumber>WH1001-3</supplierNumber>
    <specialInstructions/>
    <baseDealerPrice>32.50</baseDealerPrice>
    <yourDealerPrice>32.50</yourDealerPrice>
    <baseRetailPrice>46.95</baseRetailPrice>
    <originalRetailPrice>46.95</originalRetailPrice>
    <partImage>http://asset.lemansnet.com/z/L0QvRS8yL0RFMkMxOTM3LTJBNkMtNEQ1NC05MkE4LTI1NDYyQUI0MjhBMA==</partImage>
    <productId>0440896520</productId>
    <productName>Replacement Wheel for Snowmobile Cart</productName>
    <productImage>http://asset.lemansnet.com/z/L0QvRS8yL0RFMkMxOTM3LTJBNkMtNEQ1NC05MkE4LTI1NDYyQUI0MjhBMA==</productImage>
    <bullet1>Replacement wheel for Easymove snowmobile cart</bullet1>
    <bullet2>Ball-bearing wheel for easy rolling</bullet2>
    <bullet3/>
    <bullet4/>
    <bullet5/>
    <bullet6/>
    <bullet7/>
    <bullet8/>
    <bullet9/>
    <bullet10/>
    <bullet11/>
    <bullet12/>
    <bullet13/>
    <bullet14/>
    <bullet15/>
    <bullet16/>
    <bullet17/>
    <bullet18/>
    <bullet19/>
    <bullet20/>
    <bullet21/>
    <bullet22/>
    <bullet23/>
    <bullet24/>
    <vendorPriceUpdateDate>2021-06-16 00:00:00</vendorPriceUpdateDate>
  </part>
</root>
