<root>
  <part>
    <partNumber>45060</partNumber>
    <punctuatedPartNumber>45060</punctuatedPartNumber>
    <partStatusDescription>DISCONTINUED</partStatusDescription>
    <partDescription>Fuel Filter - Chrome - 5/16"</partDescription>
    <unitOfMeasure>Each</unitOfMeasure>
    <brandName>RUSSELL</brandName>
    <supplierNumber>R45060</supplierNumber>
    <specialInstructions>Discontinued P/Byr</specialInstructions>
    <baseDealerPrice>13.80</baseDealerPrice>
    <yourDealerPrice>13.80</yourDealerPrice>
    <baseRetailPrice>0.00</baseRetailPrice>
    <originalRetailPrice>20.95</originalRetailPrice>
    <partImage>http://asset.lemansnet.com/z/LzkvRS82LzlFNjcyNEMyLUY0QjEtNDE1Ri1CREZDLUY2MjcxQjJFRkY1MA==</partImage>
    <productId>1902920844</productId>
    <productName>Anodized Fuel Filter</productName>
    <productImage>http://asset.lemansnet.com/z/LzgvMi83LzgyN0Y0NDRELUIzMzQtNDhDRS05OTU4LUQ5NUE4NDVDNjhCQg==</productImage>
    <bullet1>Premium-quality custom Russell fuel filter with alloy case and replaceable bronze element</bullet1>
    <bullet2>Compact size for easy installation</bullet2>
    <bullet3>Made in the USA</bullet3>
    <bullet4/>
    <bullet5/>
    <bullet6/>
    <bullet7/>
    <bullet8/>
    <bullet9/>
    <bullet10/>
    <bullet11/>
    <bullet12/>
    <bullet13/>
    <bullet14/>
    <bullet15/>
    <bullet16/>
    <bullet17/>
    <bullet18/>
    <bullet19/>
    <bullet20/>
    <bullet21/>
    <bullet22/>
    <bullet23/>
    <bullet24/>
    <vendorPriceUpdateDate>2022-05-19 00:00:00</vendorPriceUpdateDate>
  </part>
  <part>
    <partNumber>40509</partNumber>
    <punctuatedPartNumber>40509</punctuatedPartNumber>
    <partStatusDescription>DISCONTINUED</partStatusDescription>
    <partDescription>Banjo Bolt - 3/8-24 - Chrome</partDescription>
    <unitOfMeasure>Each</unitOfMeasure>
    <brandName>RUSSELL</brandName>
    <supplierNumber>R40509</supplierNumber>
    <specialInstructions>Discontinued P/Byr</specialInstructions>
    <baseDealerPrice>5.30</baseDealerPrice>
    <yourDealerPrice>5.30</yourDealerPrice>
    <baseRetailPrice>8.95</baseRetailPrice>
    <originalRetailPrice>7.95</originalRetailPrice>
    <partImage>http://asset.lemansnet.com/z/LzIvNS9CLzI1QjM4MkMyLUI1ODUtNDc0OC1CREZELTUxRjgyNDU1QTAxRiwvRi84LzMvRjgzQUM5RTItRDZEMS00RkYzLTgyMjItNzY5QTIxQ0Y4OTY0LC82L0EvQi82QUI4OURFQS0zRTEzLTQzQ0YtQjEwQS0zOUVGODJGRTZEQTg=</partImage>
    <productId>0590893392</productId>
    <productName>Banjo Bolt</productName>
    <productImage>http://asset.lemansnet.com/z/LzIvNS9CLzI1QjM4MkMyLUI1ODUtNDc0OC1CREZELTUxRjgyNDU1QTAxRg==</productImage>
    <bullet1>For use with all #3 universal brake lines</bullet1>
    <bullet2>Made in the U.S.A.</bullet2>
    <bullet3/>
    <bullet4/>
    <bullet5/>
    <bullet6/>
    <bullet7/>
    <bullet8/>
    <bullet9/>
    <bullet10/>
    <bullet11/>
    <bullet12/>
    <bullet13/>
    <bullet14/>
    <bullet15/>
    <bullet16/>
    <bullet17/>
    <bullet18/>
    <bullet19/>
    <bullet20/>
    <bullet21/>
    <bullet22/>
    <bullet23/>
    <bullet24/>
    <vendorPriceUpdateDate>2022-05-19 00:00:00</vendorPriceUpdateDate>
  </part>
  <part>
    <partNumber>49005</partNumber>
    <punctuatedPartNumber>49005</punctuatedPartNumber>
    <partStatusDescription>DISCONTINUED</partStatusDescription>
    <partDescription>Crush Washers - 3/8"/10mm</partDescription>
    <unitOfMeasure>10 Pack</unitOfMeasure>
    <brandName>RUSSELL</brandName>
    <supplierNumber>R49005</supplierNumber>
    <specialInstructions>Discontinued P/Byr</specialInstructions>
    <baseDealerPrice>2.90</baseDealerPrice>
    <yourDealerPrice>2.90</yourDealerPrice>
    <baseRetailPrice>0.00</baseRetailPrice>
    <originalRetailPrice>4.95</originalRetailPrice>
    <partImage>http://asset.lemansnet.com/z/L0YvNC82L0Y0NkQwMjc5LTRFNTUtNDVBQy05NkE0LUU1M0I1RkFFMkFEOQ==</partImage>
    <productId>1250703722</productId>
    <productName>Banjo Bolt Washers</productName>
    <productImage>http://asset.lemansnet.com/z/LzcvMy83LzczNzAzMEM5LTMwQTAtNDVFQi1BMzAwLUJGRkMwOUQzM0VBMg==</productImage>
    <bullet1>Made in the U.S.A.</bullet1>
    <bullet2/>
    <bullet3/>
    <bullet4/>
    <bullet5/>
    <bullet6/>
    <bullet7/>
    <bullet8/>
    <bullet9/>
    <bullet10/>
    <bullet11/>
    <bullet12/>
    <bullet13/>
    <bullet14/>
    <bullet15/>
    <bullet16/>
    <bullet17/>
    <bullet18/>
    <bullet19/>
    <bullet20/>
    <bullet21/>
    <bullet22/>
    <bullet23/>
    <bullet24/>
    <vendorPriceUpdateDate>2023-04-22 00:00:00</vendorPriceUpdateDate>
  </part>
  <part>
    <partNumber>4392C</partNumber>
    <punctuatedPartNumber>4392C</punctuatedPartNumber>
    <partStatusDescription>DISCONTINUED</partStatusDescription>
    <partDescription>PS1 Banjo Fitting - 7/16" - Straight</partDescription>
    <unitOfMeasure>Each</unitOfMeasure>
    <brandName>RUSSELL</brandName>
    <supplierNumber>R4392C</supplierNumber>
    <specialInstructions>Discontinued Item</specialInstructions>
    <baseDealerPrice>3.20</baseDealerPrice>
    <yourDealerPrice>3.20</yourDealerPrice>
    <baseRetailPrice>0.00</baseRetailPrice>
    <originalRetailPrice>13.95</originalRetailPrice>
    <partImage>http://asset.lemansnet.com/z/L0IvMi8wL0IyMDk5NTRELTg3NUUtNDUyOS1BQkVFLUVEMkNEQjU1M0RBMw==</partImage>
    <productId>2067917707</productId>
    <productName>Pro System I Banjo Fitting</productName>
    <productImage>http://asset.lemansnet.com/z/LzgvRi85LzhGOURDNjUyLUFCMzItNDVFQy04RTVBLTBERUNBMkI1MjY4MQ==</productImage>
    <bullet1>Allow custom fabrication of brake lines without the requirements of secondary adapters</bullet1>
    <bullet2>Unique extruded cover eliminates the age-old problem of abrasion to painted surfaces</bullet2>
    <bullet3>Perfect for master cylinder, junction block and caliper connections</bullet3>
    <bullet4>Use with Pro System 1 braided hose only</bullet4>
    <bullet5>Designed to ensure a positive seal</bullet5>
    <bullet6>Made in the U.S.A.</bullet6>
    <bullet7>Easy assembly</bullet7>
    <bullet8>For show and off-road use only.</bullet8>
    <bullet9>04-16 XL models use metric 10mm x 1.25 and 12mm x 1.50 banjo bolts, washers and fittings. All Big Twin (except 08-16 Dressers) and pre-04 XL models use standard 3/8" and 7/16" banjo bolts, washers and fittings. Fittings and washers listed as 3/8"/10mm will work in either application.</bullet9>
    <bullet10/>
    <bullet11/>
    <bullet12/>
    <bullet13/>
    <bullet14/>
    <bullet15/>
    <bullet16/>
    <bullet17/>
    <bullet18/>
    <bullet19/>
    <bullet20/>
    <bullet21/>
    <bullet22/>
    <bullet23/>
    <bullet24/>
    <vendorPriceUpdateDate>2022-05-19 00:00:00</vendorPriceUpdateDate>
  </part>
  <part>
    <partNumber>58182S</partNumber>
    <punctuatedPartNumber>58182S</punctuatedPartNumber>
    <partStatusDescription>STANDARD</partStatusDescription>
    <partDescription>Stainless Steel Brake Line - 54"</partDescription>
    <unitOfMeasure>Each</unitOfMeasure>
    <brandName>RUSSELL</brandName>
    <supplierNumber>R58182S</supplierNumber>
    <specialInstructions/>
    <baseDealerPrice>34.70</baseDealerPrice>
    <yourDealerPrice>34.70</yourDealerPrice>
    <baseRetailPrice>53.95</baseRetailPrice>
    <originalRetailPrice>42.95</originalRetailPrice>
    <partImage>http://asset.lemansnet.com/z/LzAvMS84LzAxODFBMEUwLTdDRkYtNDJGQi05MEFGLTFFQkM2RkY1RDZDMQ==</partImage>
    <productId>2037126112</productId>
    <productName>Street Legal™ Universal Brake Lines</productName>
    <productImage>http://asset.lemansnet.com/z/LzQvOC84LzQ4ODUxNDYyLUMwNTMtNEEyMC1BMzZCLTM5RjVGNDBFQ0MyQQ==</productImage>
    <bullet1>Program-designed #3 size for easy brake line hookups on almost any application</bullet1>
    <bullet2>Street Legal brake lines are clear-coated with chrome steel ends</bullet2>
    <bullet3>Made in the U.S.A.</bullet3>
    <bullet4>'04-'16 XL models use metric 10 mm x 1.25 and 12 mm x 1.50 banjo bolts, washers and fittings. All Big Twin (except '08-'16 Dressers) and pre-'04 XL models use standard 3/8" and 7/16" banjo bolts, washers and fittings. Fittings and washers listed as 3/8"/10 mm will work in either application.</bullet4>
    <bullet5/>
    <bullet6/>
    <bullet7/>
    <bullet8/>
    <bullet9/>
    <bullet10/>
    <bullet11/>
    <bullet12/>
    <bullet13/>
    <bullet14/>
    <bullet15/>
    <bullet16/>
    <bullet17/>
    <bullet18/>
    <bullet19/>
    <bullet20/>
    <bullet21/>
    <bullet22/>
    <bullet23/>
    <bullet24/>
    <vendorPriceUpdateDate>2022-05-19 00:00:00</vendorPriceUpdateDate>
  </part>
  <part>
    <partNumber>58012S</partNumber>
    <punctuatedPartNumber>58012S</punctuatedPartNumber>
    <partStatusDescription>STANDARD</partStatusDescription>
    <partDescription>Stainless Steel Brake Line - 9"</partDescription>
    <unitOfMeasure>Each</unitOfMeasure>
    <brandName>RUSSELL</brandName>
    <supplierNumber>R58012S</supplierNumber>
    <specialInstructions/>
    <baseDealerPrice>22.20</baseDealerPrice>
    <yourDealerPrice>22.20</yourDealerPrice>
    <baseRetailPrice>34.95</baseRetailPrice>
    <originalRetailPrice>26.95</originalRetailPrice>
    <partImage>http://asset.lemansnet.com/z/L0UvMy8yL0UzMjc4MUMzLTlDQTgtNEQ2Ny04Nzg2LTc5NjYyQzM4NEY2Ng==</partImage>
    <productId>2037126112</productId>
    <productName>Street Legal™ Universal Brake Lines</productName>
    <productImage>http://asset.lemansnet.com/z/LzQvOC84LzQ4ODUxNDYyLUMwNTMtNEEyMC1BMzZCLTM5RjVGNDBFQ0MyQQ==</productImage>
    <bullet1>Program-designed #3 size for easy brake line hookups on almost any application</bullet1>
    <bullet2>Street Legal brake lines are clear-coated with chrome steel ends</bullet2>
    <bullet3>Made in the U.S.A.</bullet3>
    <bullet4>'04-'16 XL models use metric 10 mm x 1.25 and 12 mm x 1.50 banjo bolts, washers and fittings. All Big Twin (except '08-'16 Dressers) and pre-'04 XL models use standard 3/8" and 7/16" banjo bolts, washers and fittings. Fittings and washers listed as 3/8"/10 mm will work in either application.</bullet4>
    <bullet5/>
    <bullet6/>
    <bullet7/>
    <bullet8/>
    <bullet9/>
    <bullet10/>
    <bullet11/>
    <bullet12/>
    <bullet13/>
    <bullet14/>
    <bullet15/>
    <bullet16/>
    <bullet17/>
    <bullet18/>
    <bullet19/>
    <bullet20/>
    <bullet21/>
    <bullet22/>
    <bullet23/>
    <bullet24/>
    <vendorPriceUpdateDate>2022-05-19 00:00:00</vendorPriceUpdateDate>
  </part>
  <part>
    <partNumber>17413615</partNumber>
    <punctuatedPartNumber>1741-3615</punctuatedPartNumber>
    <partStatusDescription>STANDARD</partStatusDescription>
    <partDescription>Brake Line - Front - +8" - FL '08-'13 - Black</partDescription>
    <unitOfMeasure>Kit</unitOfMeasure>
    <brandName>RUSSELL</brandName>
    <supplierNumber>R08781BC</supplierNumber>
    <specialInstructions/>
    <baseDealerPrice>106.40</baseDealerPrice>
    <yourDealerPrice>106.40</yourDealerPrice>
    <baseRetailPrice>163.95</baseRetailPrice>
    <originalRetailPrice>131.95</originalRetailPrice>
    <partImage>http://asset.lemansnet.com/z/L0IvQi9FL0JCRURCOURDLThGMTgtNERDMC05REZELUJFM0UxRTlFNDM3Rg==</partImage>
    <productId>0051919471</productId>
    <productName>Cycleflex™ Extended Length Front Brake Line Kit</productName>
    <productImage>http://asset.lemansnet.com/z/L0IvRS9GL0JFRkZCMTUzLUQ5OUYtNEEyOC05RjNFLURDQkFFQkUxNEZBRQ==</productImage>
    <bullet1>Braided brake lines exceed OEM pressure specifications and reduces brake line expansion</bullet1>
    <bullet2>Factory-assembled for correct fit and reliability</bullet2>
    <bullet3>All measurements are approximate</bullet3>
    <bullet4/>
    <bullet5/>
    <bullet6/>
    <bullet7/>
    <bullet8/>
    <bullet9/>
    <bullet10/>
    <bullet11/>
    <bullet12/>
    <bullet13/>
    <bullet14/>
    <bullet15/>
    <bullet16/>
    <bullet17/>
    <bullet18/>
    <bullet19/>
    <bullet20/>
    <bullet21/>
    <bullet22/>
    <bullet23/>
    <bullet24/>
    <vendorPriceUpdateDate>2022-05-19 00:00:00</vendorPriceUpdateDate>
  </part>
  <part>
    <partNumber>17411851</partNumber>
    <punctuatedPartNumber>1741-1851</punctuatedPartNumber>
    <partStatusDescription>DISCONTINUED</partStatusDescription>
    <partDescription>Brake Line - Rear - Honda</partDescription>
    <unitOfMeasure>Kit</unitOfMeasure>
    <brandName>RUSSELL</brandName>
    <supplierNumber>R09563</supplierNumber>
    <specialInstructions>Discontinued Item</specialInstructions>
    <baseDealerPrice>12.90</baseDealerPrice>
    <yourDealerPrice>12.90</yourDealerPrice>
    <baseRetailPrice>0.00</baseRetailPrice>
    <originalRetailPrice>43.95</originalRetailPrice>
    <partImage>http://asset.lemansnet.com/z/L0EvMS80L0ExNDFDNDMwLUEwNUItNEJFMy1BRUEwLTEwRTE2RTFBQjZDMQ==</partImage>
    <productId>0132157631</productId>
    <productName>Cycleflex™ Brake Line Kit</productName>
    <productImage>http://asset.lemansnet.com/z/LzcvMC9FLzcwRThFQzRBLTI4Q0EtNEM0Ni05RUZELUEwMTY4RDZGNjkwNA==</productImage>
    <bullet1>Cycleflex™ brake lines exceed OEM pressure specifications and reduces brake-line expansion</bullet1>
    <bullet2>Features PTFE inner liner and stainless steel outer braid for smooth fluid transfer and high strength</bullet2>
    <bullet3>Factory assembled for correct fit and reliability</bullet3>
    <bullet4/>
    <bullet5/>
    <bullet6/>
    <bullet7/>
    <bullet8/>
    <bullet9/>
    <bullet10/>
    <bullet11/>
    <bullet12/>
    <bullet13/>
    <bullet14/>
    <bullet15/>
    <bullet16/>
    <bullet17/>
    <bullet18/>
    <bullet19/>
    <bullet20/>
    <bullet21/>
    <bullet22/>
    <bullet23/>
    <bullet24/>
    <vendorPriceUpdateDate>2023-04-22 00:00:00</vendorPriceUpdateDate>
  </part>
  <part>
    <partNumber>17412480</partNumber>
    <punctuatedPartNumber>1741-2480</punctuatedPartNumber>
    <partStatusDescription>DISCONTINUED</partStatusDescription>
    <partDescription>Brake Hose - 40" - 35° 7/16"</partDescription>
    <unitOfMeasure>Kit</unitOfMeasure>
    <brandName>RUSSELL</brandName>
    <supplierNumber>R08971</supplierNumber>
    <specialInstructions>Discontinued Item</specialInstructions>
    <baseDealerPrice>14.90</baseDealerPrice>
    <yourDealerPrice>14.90</yourDealerPrice>
    <baseRetailPrice>0.00</baseRetailPrice>
    <originalRetailPrice>60.95</originalRetailPrice>
    <partImage>http://asset.lemansnet.com/z/LzEvQi8yLzFCMjE4QTlBLUU0MEMtNDA5MC1BQTBELUYxRTJCQzQzQkUwMCwvQy8zLzgvQzM4NzYxM0YtOUI5Ny00MDIxLUFGRDYtQ0VDQkVGRDY2NzlB</partImage>
    <productId>0999435240</productId>
    <productName>ProSwivel™ Brake Hose</productName>
    <productImage>http://asset.lemansnet.com/z/LzIvRi9CLzJGQjEwNEU2LUFFNkEtNEFGOS05QkQ3LTVEODQ3NkY1RTFGMg==</productImage>
    <bullet1>Using all stock mounting locations and hardware, simply route your hose and attach the banjo at the master cylinder</bullet1>
    <bullet2>The banjo is incorporated at the caliper end of the hose assembly</bullet2>
    <bullet3>Features Russell's exclusive 360° swivel banjo system</bullet3>
    <bullet4>Engineered using two O-rings for a positive seal</bullet4>
    <bullet5>All lines have a 3/8" 90° banjo at the caliper end</bullet5>
    <bullet6>Makes the rotation alignment hassle free</bullet6>
    <bullet7/>
    <bullet8/>
    <bullet9/>
    <bullet10/>
    <bullet11/>
    <bullet12/>
    <bullet13/>
    <bullet14/>
    <bullet15/>
    <bullet16/>
    <bullet17/>
    <bullet18/>
    <bullet19/>
    <bullet20/>
    <bullet21/>
    <bullet22/>
    <bullet23/>
    <bullet24/>
    <vendorPriceUpdateDate>2022-05-19 00:00:00</vendorPriceUpdateDate>
  </part>
  <part>
    <partNumber>17411801</partNumber>
    <punctuatedPartNumber>1741-1801</punctuatedPartNumber>
    <partStatusDescription>DISCONTINUED</partStatusDescription>
    <partDescription>Brake Line - Rear - Suzuki</partDescription>
    <unitOfMeasure>Kit</unitOfMeasure>
    <brandName>RUSSELL</brandName>
    <supplierNumber>R09208S</supplierNumber>
    <specialInstructions>Discontinued P/Byr</specialInstructions>
    <baseDealerPrice>10.50</baseDealerPrice>
    <yourDealerPrice>10.50</yourDealerPrice>
    <baseRetailPrice>0.00</baseRetailPrice>
    <originalRetailPrice>34.95</originalRetailPrice>
    <partImage>http://asset.lemansnet.com/z/L0EvOS9EL0E5RDc2Q0I5LTA5ODMtNEEyNy04MDMxLUFBMkY1MkQzNzQwRQ==</partImage>
    <productId>0629544173</productId>
    <productName>Brake Line Kit</productName>
    <productImage>http://asset.lemansnet.com/z/LzEvQy83LzFDNzVGRjkwLTFBODctNDQyRC1CRUJGLTlFNzZCNDREN0I1Qg==</productImage>
    <bullet1>Kit contains all parts necessary for a complete brake-line swap for each model listed</bullet1>
    <bullet2>Stainless steel brake line kits add bite to brakes and style to any ride</bullet2>
    <bullet3>Custom looks and superior braking power from Russell</bullet3>
    <bullet4/>
    <bullet5/>
    <bullet6/>
    <bullet7/>
    <bullet8/>
    <bullet9/>
    <bullet10/>
    <bullet11/>
    <bullet12/>
    <bullet13/>
    <bullet14/>
    <bullet15/>
    <bullet16/>
    <bullet17/>
    <bullet18/>
    <bullet19/>
    <bullet20/>
    <bullet21/>
    <bullet22/>
    <bullet23/>
    <bullet24/>
    <vendorPriceUpdateDate>2023-04-22 00:00:00</vendorPriceUpdateDate>
  </part>
  <part>
    <partNumber>17412479</partNumber>
    <punctuatedPartNumber>1741-2479</punctuatedPartNumber>
    <partStatusDescription>DISCONTINUED</partStatusDescription>
    <partDescription>Brake Hose - 40" - Straight 7/16"</partDescription>
    <unitOfMeasure>Kit</unitOfMeasure>
    <brandName>RUSSELL</brandName>
    <supplierNumber>R08970</supplierNumber>
    <specialInstructions>Discontinued Item</specialInstructions>
    <baseDealerPrice>14.90</baseDealerPrice>
    <yourDealerPrice>14.90</yourDealerPrice>
    <baseRetailPrice>0.00</baseRetailPrice>
    <originalRetailPrice>73.95</originalRetailPrice>
    <partImage>http://asset.lemansnet.com/z/L0IvRC82L0JENjQ2QTMzLTY1MzItNEI3My1CRUU5LTI5QUVCNjczNzQzMA==</partImage>
    <productId>0999435240</productId>
    <productName>ProSwivel™ Brake Hose</productName>
    <productImage>http://asset.lemansnet.com/z/LzIvRi9CLzJGQjEwNEU2LUFFNkEtNEFGOS05QkQ3LTVEODQ3NkY1RTFGMg==</productImage>
    <bullet1>Using all stock mounting locations and hardware, simply route your hose and attach the banjo at the master cylinder</bullet1>
    <bullet2>The banjo is incorporated at the caliper end of the hose assembly</bullet2>
    <bullet3>Features Russell's exclusive 360° swivel banjo system</bullet3>
    <bullet4>Engineered using two O-rings for a positive seal</bullet4>
    <bullet5>All lines have a 3/8" 90° banjo at the caliper end</bullet5>
    <bullet6>Makes the rotation alignment hassle free</bullet6>
    <bullet7/>
    <bullet8/>
    <bullet9/>
    <bullet10/>
    <bullet11/>
    <bullet12/>
    <bullet13/>
    <bullet14/>
    <bullet15/>
    <bullet16/>
    <bullet17/>
    <bullet18/>
    <bullet19/>
    <bullet20/>
    <bullet21/>
    <bullet22/>
    <bullet23/>
    <bullet24/>
    <vendorPriceUpdateDate>2022-05-19 00:00:00</vendorPriceUpdateDate>
  </part>
  <part>
    <partNumber>17412491</partNumber>
    <punctuatedPartNumber>1741-2491</punctuatedPartNumber>
    <partStatusDescription>DISCONTINUED</partStatusDescription>
    <partDescription>Brake Hose - 48" - 90° 3/8"</partDescription>
    <unitOfMeasure>Kit</unitOfMeasure>
    <brandName>RUSSELL</brandName>
    <supplierNumber>R08982</supplierNumber>
    <specialInstructions>Discontinued Item</specialInstructions>
    <baseDealerPrice>7.70</baseDealerPrice>
    <yourDealerPrice>7.70</yourDealerPrice>
    <baseRetailPrice>0.00</baseRetailPrice>
    <originalRetailPrice>66.95</originalRetailPrice>
    <partImage>http://asset.lemansnet.com/z/LzQvNy8wLzQ3MDBDQjc4LTdEOUQtNDE4OC04RUNDLUFFQzQ3NTZCNkEwNywvMC8yLzIvMDIyNkRFMEItMTlCQS00QjVELUEzMDAtMjNFQ0ZDNTI5NUE0</partImage>
    <productId>1491868537</productId>
    <productName>ProSwivel™ Universal Brake Hose</productName>
    <productImage>http://asset.lemansnet.com/z/LzgvRS8wLzhFMEUyRkRBLURCQUMtNDY2RC04RkY3LTA3MTJBMkRENDUwMQ==</productImage>
    <bullet1>Using all stock mounting locations and hardware, simply route the hose and attach the banjo at the master cylinder</bullet1>
    <bullet2>Features Russell's exclusive 360° swivel banjo system</bullet2>
    <bullet3>Engineered using two O-rings for a positive seal</bullet3>
    <bullet4>Makes the rotation alignment hassle-free</bullet4>
    <bullet5/>
    <bullet6/>
    <bullet7/>
    <bullet8/>
    <bullet9/>
    <bullet10/>
    <bullet11/>
    <bullet12/>
    <bullet13/>
    <bullet14/>
    <bullet15/>
    <bullet16/>
    <bullet17/>
    <bullet18/>
    <bullet19/>
    <bullet20/>
    <bullet21/>
    <bullet22/>
    <bullet23/>
    <bullet24/>
    <vendorPriceUpdateDate>2022-05-19 00:00:00</vendorPriceUpdateDate>
  </part>
  <part>
    <partNumber>17412494</partNumber>
    <punctuatedPartNumber>1741-2494</punctuatedPartNumber>
    <partStatusDescription>DISCONTINUED</partStatusDescription>
    <partDescription>Brake Hose - 54" - 90° 3/8"</partDescription>
    <unitOfMeasure>Kit</unitOfMeasure>
    <brandName>RUSSELL</brandName>
    <supplierNumber>R08985</supplierNumber>
    <specialInstructions/>
    <baseDealerPrice>1.90</baseDealerPrice>
    <yourDealerPrice>1.90</yourDealerPrice>
    <baseRetailPrice>0.00</baseRetailPrice>
    <originalRetailPrice>75.95</originalRetailPrice>
    <partImage>http://asset.lemansnet.com/z/L0IvOC82L0I4NjlBQTI4LThEMjItNEY4QS05QzNFLUQxMDhGNjI1QTMwOCwvQy9CLzEvQ0IxNkI4OTEtN0ExNy00MUZBLUJDODktNjhGQzdERjhCRjA4</partImage>
    <productId>1491868537</productId>
    <productName>ProSwivel™ Universal Brake Hose</productName>
    <productImage>http://asset.lemansnet.com/z/LzgvRS8wLzhFMEUyRkRBLURCQUMtNDY2RC04RkY3LTA3MTJBMkRENDUwMQ==</productImage>
    <bullet1>Using all stock mounting locations and hardware, simply route the hose and attach the banjo at the master cylinder</bullet1>
    <bullet2>Features Russell's exclusive 360° swivel banjo system</bullet2>
    <bullet3>Engineered using two O-rings for a positive seal</bullet3>
    <bullet4>Makes the rotation alignment hassle-free</bullet4>
    <bullet5/>
    <bullet6/>
    <bullet7/>
    <bullet8/>
    <bullet9/>
    <bullet10/>
    <bullet11/>
    <bullet12/>
    <bullet13/>
    <bullet14/>
    <bullet15/>
    <bullet16/>
    <bullet17/>
    <bullet18/>
    <bullet19/>
    <bullet20/>
    <bullet21/>
    <bullet22/>
    <bullet23/>
    <bullet24/>
    <vendorPriceUpdateDate>2022-05-19 00:00:00</vendorPriceUpdateDate>
  </part>
  <part>
    <partNumber>17420072</partNumber>
    <punctuatedPartNumber>1742-0072</punctuatedPartNumber>
    <partStatusDescription>DISCONTINUED</partStatusDescription>
    <partDescription>PS2 Banjo Fitting - 3/8" - Straight</partDescription>
    <unitOfMeasure>Each</unitOfMeasure>
    <brandName>RUSSELL</brandName>
    <supplierNumber>R4345C</supplierNumber>
    <specialInstructions>Discontinued Item</specialInstructions>
    <baseDealerPrice>3.70</baseDealerPrice>
    <yourDealerPrice>3.70</yourDealerPrice>
    <baseRetailPrice>0.00</baseRetailPrice>
    <originalRetailPrice>14.95</originalRetailPrice>
    <partImage>http://asset.lemansnet.com/z/LzMvQy9GLzNDRjczRkJELTVCRjAtNEJCQi05Q0MxLTQ1RUFFM0ZFRTUzNw==</partImage>
    <productId>2117078638</productId>
    <productName>Pro System II Banjo Fitting</productName>
    <productImage>http://asset.lemansnet.com/z/LzMvQy9GLzNDRjczRkJELTVCRjAtNEJCQi05Q0MxLTQ1RUFFM0ZFRTUzNw==</productImage>
    <bullet1>Chrome plated and Renegade black steel fittings sold separately</bullet1>
    <bullet2>Individual components for Pro System II bike builders kit</bullet2>
    <bullet3>Line and fittings are sold separately</bullet3>
    <bullet4>Made in the U.S.A.</bullet4>
    <bullet5>Direct-fit banjos</bullet5>
    <bullet6>For show and off-road use only.</bullet6>
    <bullet7>04-16 XL models use metric 10mm x 1.25 and 12mm x 1.50 banjo bolts, washers and fittings. All Big Twin (except 08-16 Dressers) and pre-04 XL models use standard 3/8" and 7/16" banjo bolts, washers and fittings. Fittings and washers listed as 3/8"/10mm will work in either application.</bullet7>
    <bullet8/>
    <bullet9/>
    <bullet10/>
    <bullet11/>
    <bullet12/>
    <bullet13/>
    <bullet14/>
    <bullet15/>
    <bullet16/>
    <bullet17/>
    <bullet18/>
    <bullet19/>
    <bullet20/>
    <bullet21/>
    <bullet22/>
    <bullet23/>
    <bullet24/>
    <vendorPriceUpdateDate>2022-05-19 00:00:00</vendorPriceUpdateDate>
  </part>
  <part>
    <partNumber>17420075</partNumber>
    <punctuatedPartNumber>1742-0075</punctuatedPartNumber>
    <partStatusDescription>DISCONTINUED</partStatusDescription>
    <partDescription>PS2 Banjo Fitting - 7/16" - 35°</partDescription>
    <unitOfMeasure>Each</unitOfMeasure>
    <brandName>RUSSELL</brandName>
    <supplierNumber>R4348C</supplierNumber>
    <specialInstructions>Discontinued Item</specialInstructions>
    <baseDealerPrice>3.20</baseDealerPrice>
    <yourDealerPrice>3.20</yourDealerPrice>
    <baseRetailPrice>0.00</baseRetailPrice>
    <originalRetailPrice>12.95</originalRetailPrice>
    <partImage>http://asset.lemansnet.com/z/L0EvQi8xL0FCMTUwQkU0LTIyNzItNEMxRi05NDEyLTY1RTRBNDE0MTRDRg==</partImage>
    <productId>2117078638</productId>
    <productName>Pro System II Banjo Fitting</productName>
    <productImage>http://asset.lemansnet.com/z/LzMvQy9GLzNDRjczRkJELTVCRjAtNEJCQi05Q0MxLTQ1RUFFM0ZFRTUzNw==</productImage>
    <bullet1>Chrome plated and Renegade black steel fittings sold separately</bullet1>
    <bullet2>Individual components for Pro System II bike builders kit</bullet2>
    <bullet3>Line and fittings are sold separately</bullet3>
    <bullet4>Made in the U.S.A.</bullet4>
    <bullet5>Direct-fit banjos</bullet5>
    <bullet6>For show and off-road use only.</bullet6>
    <bullet7>04-16 XL models use metric 10mm x 1.25 and 12mm x 1.50 banjo bolts, washers and fittings. All Big Twin (except 08-16 Dressers) and pre-04 XL models use standard 3/8" and 7/16" banjo bolts, washers and fittings. Fittings and washers listed as 3/8"/10mm will work in either application.</bullet7>
    <bullet8/>
    <bullet9/>
    <bullet10/>
    <bullet11/>
    <bullet12/>
    <bullet13/>
    <bullet14/>
    <bullet15/>
    <bullet16/>
    <bullet17/>
    <bullet18/>
    <bullet19/>
    <bullet20/>
    <bullet21/>
    <bullet22/>
    <bullet23/>
    <bullet24/>
    <vendorPriceUpdateDate>2022-05-19 00:00:00</vendorPriceUpdateDate>
  </part>
</root>
