<root>
  <part>
    <partNumber>10202545</partNumber>
    <punctuatedPartNumber>1020-2545</punctuatedPartNumber>
    <partStatusDescription>DISCONTINUED</partStatusDescription>
    <partDescription>Fuel Tuner - Sea-Doo 185 Horse Power</partDescription>
    <unitOfMeasure>Each</unitOfMeasure>
    <brandName>R&amp;D</brandName>
    <supplierNumber>803-95001</supplierNumber>
    <specialInstructions/>
    <baseDealerPrice>115.00</baseDealerPrice>
    <yourDealerPrice>115.00</yourDealerPrice>
    <baseRetailPrice>0.00</baseRetailPrice>
    <originalRetailPrice>439.95</originalRetailPrice>
    <partImage>http://asset.lemansnet.com/z/LzYvMC9ELzYwREE4MzhGLTY2NkYtNDY2Ni1CQTdDLUY1REFDREJGODdFMg==</partImage>
    <productId>0096955238</productId>
    <productName>Powershot Adjustable Fuel Tuner</productName>
    <productImage>http://asset.lemansnet.com/z/LzYvMC9ELzYwREE4MzhGLTY2NkYtNDY2Ni1CQTdDLUY1REFDREJGODdFMg==</productImage>
    <bullet1>R&amp;D Performance has tested, documented and analyzed the OEM fuel maps on every current fuel-injected 4-stroke watercraft, and pre-programmed and coded the new R&amp;D Powershot fuel-injection control module to safely alter the OEM fuel map to a higher performing and safer A.F.R. (richer)</bullet1>
    <bullet2>The R&amp;D Powershot is fully adjustable on the fly (with the engine running, observed and tuned while riding), and will accommodate a wide range of adjustability to properly performance-tune the A.F.R. for any combination of aftermarket parts</bullet2>
    <bullet3>More horsepower, greater acceleration and stronger mid-range are the result when the proper A.F.R. is achieved and is tuned for optimum performance</bullet3>
    <bullet4>Deliver increased horsepower, acceleration, and stronger mid-range performance by delivering a higher performing air-to-fuel ratio (A.F.R.) to the engine</bullet4>
    <bullet5>The R&amp;D Powershot will add horsepower, reliability and adjustability to any electronic fuel-injected 2- or 4-stroke watercraft engine</bullet5>
    <bullet6>Many of today’s high-performance fuel-injected 4-stroke muscle craft have a lean A.F.R.</bullet6>
    <bullet7>For competition use only.</bullet7>
    <bullet8/>
    <bullet9/>
    <bullet10/>
    <bullet11/>
    <bullet12/>
    <bullet13/>
    <bullet14/>
    <bullet15/>
    <bullet16/>
    <bullet17/>
    <bullet18/>
    <bullet19/>
    <bullet20/>
    <bullet21/>
    <bullet22/>
    <bullet23/>
    <bullet24/>
    <vendorPriceUpdateDate>2016-10-27 00:00:00</vendorPriceUpdateDate>
  </part>
</root>
