<root>
  <part>
    <partNumber>03630110</partNumber>
    <punctuatedPartNumber>0363-0110</punctuatedPartNumber>
    <partStatusDescription>STANDARD</partStatusDescription>
    <partDescription>Stud - Quick Connection - 1/4" - Female</partDescription>
    <unitOfMeasure>Each</unitOfMeasure>
    <brandName>KLEINN</brandName>
    <supplierNumber>59818</supplierNumber>
    <specialInstructions/>
    <baseDealerPrice>3.70</baseDealerPrice>
    <yourDealerPrice>3.70</yourDealerPrice>
    <baseRetailPrice>5.95</baseRetailPrice>
    <originalRetailPrice>6.95</originalRetailPrice>
    <partImage>http://asset.lemansnet.com/z/L0QvQS82L0RBNjc5MEU2LUY4MDctNENFMy1CNzE0LTI3Rjg3NjlBRkMwNQ==</partImage>
    <productId>2061038779</productId>
    <productName>Quick Connect Stud</productName>
    <productImage>http://asset.lemansnet.com/z/LzIvNS8wLzI1MDkwQ0I1LTVFQ0ItNEI4NC05ODFCLUEwNTI2RDM3NDhCOA==</productImage>
    <bullet1>Designed for quick, easy connection of air horn</bullet1>
    <bullet2/>
    <bullet3/>
    <bullet4/>
    <bullet5/>
    <bullet6/>
    <bullet7/>
    <bullet8/>
    <bullet9/>
    <bullet10/>
    <bullet11/>
    <bullet12/>
    <bullet13/>
    <bullet14/>
    <bullet15/>
    <bullet16/>
    <bullet17/>
    <bullet18/>
    <bullet19/>
    <bullet20/>
    <bullet21/>
    <bullet22/>
    <bullet23/>
    <bullet24/>
    <vendorPriceUpdateDate>2022-03-03 00:00:00</vendorPriceUpdateDate>
  </part>
  <part>
    <partNumber>37110047</partNumber>
    <punctuatedPartNumber>3711-0047</punctuatedPartNumber>
    <partStatusDescription>DISCONTINUED</partStatusDescription>
    <partDescription>Thread Sealant - Single-Use Vial - 0.07 U.S. fl oz.</partDescription>
    <unitOfMeasure>Each</unitOfMeasure>
    <brandName>KLEINN</brandName>
    <supplierNumber>JUICE-1</supplierNumber>
    <specialInstructions/>
    <baseDealerPrice>2.40</baseDealerPrice>
    <yourDealerPrice>2.40</yourDealerPrice>
    <baseRetailPrice>0.00</baseRetailPrice>
    <originalRetailPrice>9.29</originalRetailPrice>
    <partImage>http://asset.lemansnet.com/z/L0MvMS8yL0MxMkZDN0UxLUVBQjAtNDlBMi1BREY5LTExODYzMDQwNUMzRA==</partImage>
    <productId>0485330171</productId>
    <productName>Air Horn Juice™ Thread Sealant</productName>
    <productImage>http://asset.lemansnet.com/z/L0MvMS8yL0MxMkZDN0UxLUVBQjAtNDlBMi1BREY5LTExODYzMDQwNUMzRA==</productImage>
    <bullet1>Install fittings faster and leak-free with just a drop</bullet1>
    <bullet2>Anaerobic thread sealant for all air fittings</bullet2>
    <bullet3>Effective and easy to use</bullet3>
    <bullet4>Complete cure in 24 hours</bullet4>
    <bullet5/>
    <bullet6/>
    <bullet7/>
    <bullet8/>
    <bullet9/>
    <bullet10/>
    <bullet11/>
    <bullet12/>
    <bullet13/>
    <bullet14/>
    <bullet15/>
    <bullet16/>
    <bullet17/>
    <bullet18/>
    <bullet19/>
    <bullet20/>
    <bullet21/>
    <bullet22/>
    <bullet23/>
    <bullet24/>
    <vendorPriceUpdateDate>2022-03-03 00:00:00</vendorPriceUpdateDate>
  </part>
  <part>
    <partNumber>03630080</partNumber>
    <punctuatedPartNumber>0363-0080</punctuatedPartNumber>
    <partStatusDescription>STANDARD</partStatusDescription>
    <partDescription>Air Compressor - 150PSI/50%</partDescription>
    <unitOfMeasure>Each</unitOfMeasure>
    <brandName>KLEINN</brandName>
    <supplierNumber>6275RC</supplierNumber>
    <specialInstructions>Discontinued Per Buyer</specialInstructions>
    <baseDealerPrice>179.95</baseDealerPrice>
    <yourDealerPrice>179.95</yourDealerPrice>
    <baseRetailPrice>249.95</baseRetailPrice>
    <originalRetailPrice>298.99</originalRetailPrice>
    <partImage>http://asset.lemansnet.com/z/LzMvRS85LzNFOUU5RjMxLTYyNTItNDEzNy1COTk1LUFGRTQ0NjY4MTFGOA==</partImage>
    <productId>2080953359</productId>
    <productName>Duty Cycle Air Compressor</productName>
    <productImage>http://asset.lemansnet.com/z/LzMvRS85LzNFOUU5RjMxLTYyNTItNDEzNy1COTk1LUFGRTQ0NjY4MTFGOA==</productImage>
    <bullet1>Features include a thermally protected motor and increased CFM output for faster fill times Sealed to prevent damage from the elements</bullet1>
    <bullet2>Rated for use with up to 2 gallon tank</bullet2>
    <bullet3>12-Volt Permanent Magnetic Motor</bullet3>
    <bullet4>Dimensions: 8.25”L x 4”W x 6.25”H</bullet4>
    <bullet5>Flow Rate: 2.01 CFM @ 0 PSI</bullet5>
    <bullet6>Medium duty air compressor</bullet6>
    <bullet7>Working Pressure: 150 PSI</bullet7>
    <bullet8>Amp Draw: 20 amps</bullet8>
    <bullet9>Duty Cycle: 50%</bullet9>
    <bullet10/>
    <bullet11/>
    <bullet12/>
    <bullet13/>
    <bullet14/>
    <bullet15/>
    <bullet16/>
    <bullet17/>
    <bullet18/>
    <bullet19/>
    <bullet20/>
    <bullet21/>
    <bullet22/>
    <bullet23/>
    <bullet24/>
    <vendorPriceUpdateDate>2022-03-03 00:00:00</vendorPriceUpdateDate>
  </part>
  <part>
    <partNumber>03630081</partNumber>
    <punctuatedPartNumber>0363-0081</punctuatedPartNumber>
    <partStatusDescription>STANDARD</partStatusDescription>
    <partDescription>Air Compressor 150PSI/100%</partDescription>
    <unitOfMeasure>Each</unitOfMeasure>
    <brandName>KLEINN</brandName>
    <supplierNumber>6350RC</supplierNumber>
    <specialInstructions>Discontinued Per Buyer</specialInstructions>
    <baseDealerPrice>288.00</baseDealerPrice>
    <yourDealerPrice>288.00</yourDealerPrice>
    <baseRetailPrice>405.95</baseRetailPrice>
    <originalRetailPrice>405.95</originalRetailPrice>
    <partImage>http://asset.lemansnet.com/z/LzgvMy9BLzgzQTZCRjY3LUYyQ0UtNDE2Qi1CQzlFLURFN0ZFNDZBMTY3RA==</partImage>
    <productId>1810060821</productId>
    <productName>Air Compressor</productName>
    <productImage>http://asset.lemansnet.com/z/LzgvMy9BLzgzQTZCRjY3LUYyQ0UtNDE2Qi1CQzlFLURFN0ZFNDZBMTY3RA==</productImage>
    <bullet1>The 100% duty-cycle compressor is rated at 150 PSI and includes a snorkel air intake system with filter to locate the air intake up and away from dirt, water and debris insuring years of trouble free service</bullet1>
    <bullet2>Regardless of the terrain or river crossings, this air compressor is ready to take on the elements</bullet2>
    <bullet3>First fully submersible 12 volt automotive air compressor on the market</bullet3>
    <bullet4>21 Amp max draw, dimensions: 9.25”L x 4”W x 6.50”H</bullet4>
    <bullet5/>
    <bullet6/>
    <bullet7/>
    <bullet8/>
    <bullet9/>
    <bullet10/>
    <bullet11/>
    <bullet12/>
    <bullet13/>
    <bullet14/>
    <bullet15/>
    <bullet16/>
    <bullet17/>
    <bullet18/>
    <bullet19/>
    <bullet20/>
    <bullet21/>
    <bullet22/>
    <bullet23/>
    <bullet24/>
    <vendorPriceUpdateDate>2022-03-03 00:00:00</vendorPriceUpdateDate>
  </part>
  <part>
    <partNumber>03630082</partNumber>
    <punctuatedPartNumber>0363-0082</punctuatedPartNumber>
    <partStatusDescription>STANDARD</partStatusDescription>
    <partDescription>Air Compressor - 150PSI/100% - Wp</partDescription>
    <unitOfMeasure>Each</unitOfMeasure>
    <brandName>KLEINN</brandName>
    <supplierNumber>6450RC</supplierNumber>
    <specialInstructions/>
    <baseDealerPrice>340.00</baseDealerPrice>
    <yourDealerPrice>340.00</yourDealerPrice>
    <baseRetailPrice>478.95</baseRetailPrice>
    <originalRetailPrice>478.95</originalRetailPrice>
    <partImage>http://asset.lemansnet.com/z/LzIvMy8xLzIzMUQxNkZGLTY5NjQtNEE5Mi1BMjVBLTE0MDI5ODE0OTY3Mw==</partImage>
    <productId>1143463410</productId>
    <productName>Heavy Duty Air Compressor</productName>
    <productImage>http://asset.lemansnet.com/z/LzIvMy8xLzIzMUQxNkZGLTY5NjQtNEE5Mi1BMjVBLTE0MDI5ODE0OTY3Mw==</productImage>
    <bullet1>Submersible high output 12-volt compressor for automotive applications</bullet1>
    <bullet2>Produces 2.0 CFM for quick inflation of tires up to 37"</bullet2>
    <bullet3>Heavy-duty 150 PSI compressor with 100% duty-cycle</bullet3>
    <bullet4>Remote snorkel air intake system with air filter</bullet4>
    <bullet5/>
    <bullet6/>
    <bullet7/>
    <bullet8/>
    <bullet9/>
    <bullet10/>
    <bullet11/>
    <bullet12/>
    <bullet13/>
    <bullet14/>
    <bullet15/>
    <bullet16/>
    <bullet17/>
    <bullet18/>
    <bullet19/>
    <bullet20/>
    <bullet21/>
    <bullet22/>
    <bullet23/>
    <bullet24/>
    <vendorPriceUpdateDate>2022-03-03 00:00:00</vendorPriceUpdateDate>
  </part>
  <part>
    <partNumber>03630085</partNumber>
    <punctuatedPartNumber>0363-0085</punctuatedPartNumber>
    <partStatusDescription>STANDARD</partStatusDescription>
    <partDescription>Air Tank - 1.5 Gallon</partDescription>
    <unitOfMeasure>Each</unitOfMeasure>
    <brandName>KLEINN</brandName>
    <supplierNumber>6275RT</supplierNumber>
    <specialInstructions>Discontinued Per Buyer</specialInstructions>
    <baseDealerPrice>79.95</baseDealerPrice>
    <yourDealerPrice>79.95</yourDealerPrice>
    <baseRetailPrice>111.95</baseRetailPrice>
    <originalRetailPrice>141.99</originalRetailPrice>
    <partImage>http://asset.lemansnet.com/z/LzcvNS80Lzc1NEE4QTk2LUIyRTUtNDBGNy05RjJBLThFRjdCRUFGRUU5Mg==</partImage>
    <productId>0096455533</productId>
    <productName>Air Tank</productName>
    <productImage>http://asset.lemansnet.com/z/L0EvRS80L0FFNEE2RUNFLTRDRDEtNDcwMC1BQkI3LTNFMzNEOEU4MUU3NA==</productImage>
    <bullet1>Manufactured to strict FMVSS 121 and SAE J10 quality and safety standards</bullet1>
    <bullet2>Five (5) 1/4" NPT Ports</bullet2>
    <bullet3>Mounting hardware included</bullet3>
    <bullet4>Made in the USA</bullet4>
    <bullet5/>
    <bullet6/>
    <bullet7/>
    <bullet8/>
    <bullet9/>
    <bullet10/>
    <bullet11/>
    <bullet12/>
    <bullet13/>
    <bullet14/>
    <bullet15/>
    <bullet16/>
    <bullet17/>
    <bullet18/>
    <bullet19/>
    <bullet20/>
    <bullet21/>
    <bullet22/>
    <bullet23/>
    <bullet24/>
    <vendorPriceUpdateDate>2022-03-03 00:00:00</vendorPriceUpdateDate>
  </part>
  <part>
    <partNumber>03630089</partNumber>
    <punctuatedPartNumber>0363-0089</punctuatedPartNumber>
    <partStatusDescription>STANDARD</partStatusDescription>
    <partDescription>Hose Extension - 28"</partDescription>
    <unitOfMeasure>Each</unitOfMeasure>
    <brandName>KLEINN</brandName>
    <supplierNumber>30203</supplierNumber>
    <specialInstructions/>
    <baseDealerPrice>51.95</baseDealerPrice>
    <yourDealerPrice>51.95</yourDealerPrice>
    <baseRetailPrice>69.95</baseRetailPrice>
    <originalRetailPrice>85.19</originalRetailPrice>
    <partImage>http://asset.lemansnet.com/z/LzIvRS84LzJFODIxNjQyLUU5MzEtNEZCRS1CMUM0LTUxQzQ1MDE5NzgyOA==</partImage>
    <productId>1484693631</productId>
    <productName>Air Line Hose Extension</productName>
    <productImage>http://asset.lemansnet.com/z/LzIvRS84LzJFODIxNjQyLUU5MzEtNEZCRS1CMUM0LTUxQzQ1MDE5NzgyOA==</productImage>
    <bullet1>Air line hose extension</bullet1>
    <bullet2/>
    <bullet3/>
    <bullet4/>
    <bullet5/>
    <bullet6/>
    <bullet7/>
    <bullet8/>
    <bullet9/>
    <bullet10/>
    <bullet11/>
    <bullet12/>
    <bullet13/>
    <bullet14/>
    <bullet15/>
    <bullet16/>
    <bullet17/>
    <bullet18/>
    <bullet19/>
    <bullet20/>
    <bullet21/>
    <bullet22/>
    <bullet23/>
    <bullet24/>
    <vendorPriceUpdateDate>2022-03-03 00:00:00</vendorPriceUpdateDate>
  </part>
  <part>
    <partNumber>03630097</partNumber>
    <punctuatedPartNumber>0363-0097</punctuatedPartNumber>
    <partStatusDescription>STANDARD</partStatusDescription>
    <partDescription>Adapter - Nipple - Hex - Male - 1/4"</partDescription>
    <unitOfMeasure>Each</unitOfMeasure>
    <brandName>KLEINN</brandName>
    <supplierNumber>51414N</supplierNumber>
    <specialInstructions/>
    <baseDealerPrice>3.70</baseDealerPrice>
    <yourDealerPrice>3.70</yourDealerPrice>
    <baseRetailPrice>5.95</baseRetailPrice>
    <originalRetailPrice>6.95</originalRetailPrice>
    <partImage>http://asset.lemansnet.com/z/LzYvNC82LzY0NkVDRUEwLTU0QTgtNDVEMi05MkY0LTBEOEU3QzFCOTA3OA==</partImage>
    <productId>0336024825</productId>
    <productName>Nipple Adapter</productName>
    <productImage>http://asset.lemansnet.com/z/L0EvQS9BL0FBQTgyQjFGLUYyQzItNENDMC1CNTY5LUI4RTFGNjk1NTQ2NQ==</productImage>
    <bullet1>Hex adapter for spoke nipple</bullet1>
    <bullet2/>
    <bullet3/>
    <bullet4/>
    <bullet5/>
    <bullet6/>
    <bullet7/>
    <bullet8/>
    <bullet9/>
    <bullet10/>
    <bullet11/>
    <bullet12/>
    <bullet13/>
    <bullet14/>
    <bullet15/>
    <bullet16/>
    <bullet17/>
    <bullet18/>
    <bullet19/>
    <bullet20/>
    <bullet21/>
    <bullet22/>
    <bullet23/>
    <bullet24/>
    <vendorPriceUpdateDate>2022-03-03 00:00:00</vendorPriceUpdateDate>
  </part>
  <part>
    <partNumber>03630104</partNumber>
    <punctuatedPartNumber>0363-0104</punctuatedPartNumber>
    <partStatusDescription>STANDARD</partStatusDescription>
    <partDescription>Adapter - Hex - 3/8" Female - 1/4" Male</partDescription>
    <unitOfMeasure>Each</unitOfMeasure>
    <brandName>KLEINN</brandName>
    <supplierNumber>53814A</supplierNumber>
    <specialInstructions/>
    <baseDealerPrice>5.60</baseDealerPrice>
    <yourDealerPrice>5.60</yourDealerPrice>
    <baseRetailPrice>7.95</baseRetailPrice>
    <originalRetailPrice>9.29</originalRetailPrice>
    <partImage>http://asset.lemansnet.com/z/L0MvMS83L0MxN0RCQjIxLUEzMjItNDdGMS04M0QwLTA5RUU0NjFGNjA1RA==</partImage>
    <productId>0843534456</productId>
    <productName>NPT Air Fitting Reducer</productName>
    <productImage>http://asset.lemansnet.com/z/LzcvQS8wLzdBMDEyQUI4LThGMDAtNDBBNy1BOTgwLUExNjU4M0FBNzM5Ng==</productImage>
    <bullet1>NPT air-fitting to reduce or increase size to match existing threads</bullet1>
    <bullet2/>
    <bullet3/>
    <bullet4/>
    <bullet5/>
    <bullet6/>
    <bullet7/>
    <bullet8/>
    <bullet9/>
    <bullet10/>
    <bullet11/>
    <bullet12/>
    <bullet13/>
    <bullet14/>
    <bullet15/>
    <bullet16/>
    <bullet17/>
    <bullet18/>
    <bullet19/>
    <bullet20/>
    <bullet21/>
    <bullet22/>
    <bullet23/>
    <bullet24/>
    <vendorPriceUpdateDate>2022-03-03 00:00:00</vendorPriceUpdateDate>
  </part>
  <part>
    <partNumber>03630105</partNumber>
    <punctuatedPartNumber>0363-0105</punctuatedPartNumber>
    <partStatusDescription>STANDARD</partStatusDescription>
    <partDescription>Manifold - T-Shape - 1/4"</partDescription>
    <unitOfMeasure>3 Pack</unitOfMeasure>
    <brandName>KLEINN</brandName>
    <supplierNumber>54440</supplierNumber>
    <specialInstructions/>
    <baseDealerPrice>12.95</baseDealerPrice>
    <yourDealerPrice>12.95</yourDealerPrice>
    <baseRetailPrice>18.95</baseRetailPrice>
    <originalRetailPrice>21.29</originalRetailPrice>
    <partImage>http://asset.lemansnet.com/z/LzcvMi9CLzcyQjY2NjgzLUNGRkMtNDA4RS04QzFFLTMxRUVCOTE4QjNFMw==</partImage>
    <productId>1044407164</productId>
    <productName>Manifold</productName>
    <productImage>http://asset.lemansnet.com/z/LzcvMi9CLzcyQjY2NjgzLUNGRkMtNDA4RS04QzFFLTMxRUVCOTE4QjNFMw==</productImage>
    <bullet1>Designed to deliver trouble-free, consistent performance</bullet1>
    <bullet2>Includes (2) 1/4" FPT and (1) 1/4" MPT</bullet2>
    <bullet3/>
    <bullet4/>
    <bullet5/>
    <bullet6/>
    <bullet7/>
    <bullet8/>
    <bullet9/>
    <bullet10/>
    <bullet11/>
    <bullet12/>
    <bullet13/>
    <bullet14/>
    <bullet15/>
    <bullet16/>
    <bullet17/>
    <bullet18/>
    <bullet19/>
    <bullet20/>
    <bullet21/>
    <bullet22/>
    <bullet23/>
    <bullet24/>
    <vendorPriceUpdateDate>2022-03-03 00:00:00</vendorPriceUpdateDate>
  </part>
  <part>
    <partNumber>03630112</partNumber>
    <punctuatedPartNumber>0363-0112</punctuatedPartNumber>
    <partStatusDescription>STANDARD</partStatusDescription>
    <partDescription>Plug - Male - Hex - 1/2" - NPT</partDescription>
    <unitOfMeasure>Each</unitOfMeasure>
    <brandName>KLEINN</brandName>
    <supplierNumber>50050</supplierNumber>
    <specialInstructions/>
    <baseDealerPrice>6.50</baseDealerPrice>
    <yourDealerPrice>6.50</yourDealerPrice>
    <baseRetailPrice>8.95</baseRetailPrice>
    <originalRetailPrice>10.79</originalRetailPrice>
    <partImage>http://asset.lemansnet.com/z/L0MvNy9FL0M3RUEwMUZBLTMxM0QtNEI2Ny04Q0FFLTVFMEQ4QkQ3NTdBRA==</partImage>
    <productId>0398080006</productId>
    <productName>NPT Air Line Plug</productName>
    <productImage>http://asset.lemansnet.com/z/L0EvMy9GL0EzRkU1NkZCLUY3NjMtNEMwRi1CRjA5LUVBREVCMjU5RDkyMg==</productImage>
    <bullet1>NPT air line end plug</bullet1>
    <bullet2/>
    <bullet3/>
    <bullet4/>
    <bullet5/>
    <bullet6/>
    <bullet7/>
    <bullet8/>
    <bullet9/>
    <bullet10/>
    <bullet11/>
    <bullet12/>
    <bullet13/>
    <bullet14/>
    <bullet15/>
    <bullet16/>
    <bullet17/>
    <bullet18/>
    <bullet19/>
    <bullet20/>
    <bullet21/>
    <bullet22/>
    <bullet23/>
    <bullet24/>
    <vendorPriceUpdateDate>2022-03-03 00:00:00</vendorPriceUpdateDate>
  </part>
  <part>
    <partNumber>03630114</partNumber>
    <punctuatedPartNumber>0363-0114</punctuatedPartNumber>
    <partStatusDescription>STANDARD</partStatusDescription>
    <partDescription>Air Compressor - Onboard/Air System - Can Am X3</partDescription>
    <unitOfMeasure>Kit</unitOfMeasure>
    <brandName>KLEINN</brandName>
    <supplierNumber>CANX3-OBA</supplierNumber>
    <specialInstructions/>
    <baseDealerPrice>625.70</baseDealerPrice>
    <yourDealerPrice>625.70</yourDealerPrice>
    <baseRetailPrice>879.95</baseRetailPrice>
    <originalRetailPrice>1039.99</originalRetailPrice>
    <partImage>http://asset.lemansnet.com/z/LzYvNi9DLzY2Qzk2NEVELTlBNjctNEE5MS04M0U5LUYzMkE3REZCNDEwQQ==</partImage>
    <productId>0060477357</productId>
    <productName>Direct-Fit Onboard Air System</productName>
    <productImage>http://asset.lemansnet.com/z/L0UvNC8yL0U0MjYxMjJELTUyMTktNDBGQS1BMEQxLUREOUM3RDVGM0Q0MQ==</productImage>
    <bullet1>Complete with hardware, fittings, air line, wiring and detailed instructions</bullet1>
    <bullet2>100% bolt-on installation, no drilling, cutting or welding</bullet2>
    <bullet3>150 psi exclusive Kleinn® waterproof air compressor</bullet3>
    <bullet4>Easily Inflates UTV and truck tires up to 37”</bullet4>
    <bullet5>Quick connect tire inflator with storage bag</bullet5>
    <bullet6>Not for CA.</bullet6>
    <bullet7/>
    <bullet8/>
    <bullet9/>
    <bullet10/>
    <bullet11/>
    <bullet12/>
    <bullet13/>
    <bullet14/>
    <bullet15/>
    <bullet16/>
    <bullet17/>
    <bullet18/>
    <bullet19/>
    <bullet20/>
    <bullet21/>
    <bullet22/>
    <bullet23/>
    <bullet24/>
    <vendorPriceUpdateDate>2023-04-22 00:00:00</vendorPriceUpdateDate>
  </part>
  <part>
    <partNumber>21070291</partNumber>
    <punctuatedPartNumber>2107-0291</punctuatedPartNumber>
    <partStatusDescription>STANDARD</partStatusDescription>
    <partDescription>Horn Kit - RXR 1000</partDescription>
    <unitOfMeasure>Kit</unitOfMeasure>
    <brandName>KLEINN</brandName>
    <supplierNumber>RZR-1000-KIT</supplierNumber>
    <specialInstructions/>
    <baseDealerPrice>771.40</baseDealerPrice>
    <yourDealerPrice>771.40</yourDealerPrice>
    <baseRetailPrice>1071.95</baseRetailPrice>
    <originalRetailPrice>1279.99</originalRetailPrice>
    <partImage>http://asset.lemansnet.com/z/LzgvNC9GLzg0RkU3MzM4LUUwOEUtNDI3OS04NDFFLUUxN0QxNDMxNTFFMQ==</partImage>
    <productId>1913331918</productId>
    <productName>Direct-Fit Onboard Air System with Air Horn</productName>
    <productImage>http://asset.lemansnet.com/z/LzgvNC9GLzg0RkU3MzM4LUUwOEUtNDI3OS04NDFFLUUxN0QxNDMxNTFFMQ==</productImage>
    <bullet1>Complete with hardware, fittings, air line, wiring and detailed instructions</bullet1>
    <bullet2>100% bolt-on installation, no drilling, cutting or welding</bullet2>
    <bullet3>150 psi exclusive Kleinn® waterproof air compressor</bullet3>
    <bullet4>Easily Inflates UTV and truck tires up to 37”</bullet4>
    <bullet5>Quick connect tire inflator with storage bag</bullet5>
    <bullet6>Dual air horns, 16 3/4" and 14 1/2"</bullet6>
    <bullet7>Long trumpets for deeper horn sound</bullet7>
    <bullet8>Black XCR2.0 Stealth finish</bullet8>
    <bullet9>153.5 db output</bullet9>
    <bullet10>Vortex 4 12v electronic air horn solenoid included</bullet10>
    <bullet11/>
    <bullet12/>
    <bullet13/>
    <bullet14/>
    <bullet15/>
    <bullet16/>
    <bullet17/>
    <bullet18/>
    <bullet19/>
    <bullet20/>
    <bullet21/>
    <bullet22/>
    <bullet23/>
    <bullet24/>
    <vendorPriceUpdateDate>2023-04-22 00:00:00</vendorPriceUpdateDate>
  </part>
</root>
