<root>
  <part>
    <partNumber>18011409</partNumber>
    <punctuatedPartNumber>1801-1409</punctuatedPartNumber>
    <partStatusDescription>DISCONTINUED</partStatusDescription>
    <partDescription>Stout Mufflers</partDescription>
    <unitOfMeasure>Pair</unitOfMeasure>
    <brandName>SUPERTRAPP</brandName>
    <supplierNumber>140-68228</supplierNumber>
    <specialInstructions>Discontinued Part</specialInstructions>
    <baseDealerPrice>240.10</baseDealerPrice>
    <yourDealerPrice>240.10</yourDealerPrice>
    <baseRetailPrice>0.00</baseRetailPrice>
    <originalRetailPrice>748.95</originalRetailPrice>
    <partImage>http://asset.lemansnet.com/z/L0MvQy85L0NDOTRBRDAzLUIzN0YtNEFGQy04MTVFLTM0MzcwRUQ2MjQ1MCwvRi82LzYvRjY2QUY0OEQtODQ2QS00QTA5LTlEMEMtOEFGMjMwOUVFMjIzLC8xLzgvOC8xODgyQTkzMS0xMUJFLTQxODMtQUIzMS1GMDVFMDBEQ0RFOTM=</partImage>
    <productId>0190683751</productId>
    <productName>Stout CVO Slip-On Mufflers</productName>
    <productImage>http://asset.lemansnet.com/z/L0MvQy85L0NDOTRBRDAzLUIzN0YtNEFGQy04MTVFLTM0MzcwRUQ2MjQ1MA==</productImage>
    <bullet1>Huge bolt-on performance gains</bullet1>
    <bullet2>Chrome-plated bodies with 2-1/2" rebuildable cores</bullet2>
    <bullet3>Designed to use OEM color-matched CVO heat shields and end caps (not included)</bullet3>
    <bullet4>Also work with SuperTrapp Unfiltered 2:1:2 headpipe</bullet4>
    <bullet5>Made in the U.S.A</bullet5>
    <bullet6/>
    <bullet7/>
    <bullet8/>
    <bullet9/>
    <bullet10/>
    <bullet11/>
    <bullet12/>
    <bullet13/>
    <bullet14/>
    <bullet15/>
    <bullet16/>
    <bullet17/>
    <bullet18/>
    <bullet19/>
    <bullet20/>
    <bullet21/>
    <bullet22/>
    <bullet23/>
    <bullet24/>
    <vendorPriceUpdateDate>2023-04-22 00:00:00</vendorPriceUpdateDate>
  </part>
  <part>
    <partNumber>18113977</partNumber>
    <punctuatedPartNumber>1811-3977</punctuatedPartNumber>
    <partStatusDescription>DISCONTINUED</partStatusDescription>
    <partDescription>Mufflers - Black - Indian Touring</partDescription>
    <unitOfMeasure>Pair</unitOfMeasure>
    <brandName>SUPERTRAPP</brandName>
    <supplierNumber>147-21820</supplierNumber>
    <specialInstructions>DISCONTINUED ITEM</specialInstructions>
    <baseDealerPrice>518.90</baseDealerPrice>
    <yourDealerPrice>518.90</yourDealerPrice>
    <baseRetailPrice>0.00</baseRetailPrice>
    <originalRetailPrice>968.95</originalRetailPrice>
    <partImage>http://asset.lemansnet.com/z/L0MvMy84L0MzODc0ODJELTg0RkEtNEUzOS05OUEzLUY5NDQ1NURCMEFCNQ==</partImage>
    <productId>1945741510</productId>
    <productName>Stout Slip-On Mufflers</productName>
    <productImage>http://asset.lemansnet.com/z/LzEvRC9BLzFEQTRERTgyLTlEOUEtNDM3Qy05NEY2LUUzMjE4Mjc4REY0Mg==</productImage>
    <bullet1>Streamlined, internal tapered, billet aluminum end caps with recessed fasteners</bullet1>
    <bullet2>Provide a heavy, broad spread power curve with horsepower and torque gains over stock mufflers</bullet2>
    <bullet3>Minimally (2 dB) louder than stock</bullet3>
    <bullet4>Made in the U.S.A</bullet4>
    <bullet5/>
    <bullet6/>
    <bullet7/>
    <bullet8/>
    <bullet9/>
    <bullet10/>
    <bullet11/>
    <bullet12/>
    <bullet13/>
    <bullet14/>
    <bullet15/>
    <bullet16/>
    <bullet17/>
    <bullet18/>
    <bullet19/>
    <bullet20/>
    <bullet21/>
    <bullet22/>
    <bullet23/>
    <bullet24/>
    <vendorPriceUpdateDate>2023-04-22 00:00:00</vendorPriceUpdateDate>
  </part>
  <part>
    <partNumber>0941500</partNumber>
    <punctuatedPartNumber>094-1500</punctuatedPartNumber>
    <partStatusDescription>DISCONTINUED</partStatusDescription>
    <partDescription>T-Bolt Clamp - 1.5"</partDescription>
    <unitOfMeasure>Each</unitOfMeasure>
    <brandName>SUPERTRAPP</brandName>
    <supplierNumber>094-1500</supplierNumber>
    <specialInstructions>Discontinued Part</specialInstructions>
    <baseDealerPrice>8.50</baseDealerPrice>
    <yourDealerPrice>8.50</yourDealerPrice>
    <baseRetailPrice>0.00</baseRetailPrice>
    <originalRetailPrice>31.95</originalRetailPrice>
    <partImage>http://asset.lemansnet.com/z/LzQvNC8yLzQ0MjU3MEE3LUYyOEEtNDk5My1BQkVGLTQ1NDZEMDYyNDAzOQ==</partImage>
    <productId>2120867411</productId>
    <productName>Stainless Steel T-Bolt Clamp</productName>
    <productImage>http://asset.lemansnet.com/z/LzMvMS82LzMxNjYwNDBGLTMzNjEtNDFBQi1BNTg0LUQ5QTM4NEM0OEI3RA==</productImage>
    <bullet1>Keep it all together and clean with these heavy-gauge stainless steel clamps, the best in the business</bullet1>
    <bullet2>Stainless steel construction resists heat and rust</bullet2>
    <bullet3>Sold as each</bullet3>
    <bullet4>Made in the U.S.A.</bullet4>
    <bullet5/>
    <bullet6/>
    <bullet7/>
    <bullet8/>
    <bullet9/>
    <bullet10/>
    <bullet11/>
    <bullet12/>
    <bullet13/>
    <bullet14/>
    <bullet15/>
    <bullet16/>
    <bullet17/>
    <bullet18/>
    <bullet19/>
    <bullet20/>
    <bullet21/>
    <bullet22/>
    <bullet23/>
    <bullet24/>
    <vendorPriceUpdateDate>2022-07-01 00:00:00</vendorPriceUpdateDate>
  </part>
  <part>
    <partNumber>0942000</partNumber>
    <punctuatedPartNumber>094-2000</punctuatedPartNumber>
    <partStatusDescription>DISCONTINUED</partStatusDescription>
    <partDescription>T-Bolt Clamp - 2.0"</partDescription>
    <unitOfMeasure>Each</unitOfMeasure>
    <brandName>SUPERTRAPP</brandName>
    <supplierNumber>094-2000</supplierNumber>
    <specialInstructions>Discontinued Part</specialInstructions>
    <baseDealerPrice>8.50</baseDealerPrice>
    <yourDealerPrice>8.50</yourDealerPrice>
    <baseRetailPrice>0.00</baseRetailPrice>
    <originalRetailPrice>31.95</originalRetailPrice>
    <partImage>http://asset.lemansnet.com/z/LzQvNC8yLzQ0MjU3MEE3LUYyOEEtNDk5My1BQkVGLTQ1NDZEMDYyNDAzOQ==</partImage>
    <productId>2120867411</productId>
    <productName>Stainless Steel T-Bolt Clamp</productName>
    <productImage>http://asset.lemansnet.com/z/LzMvMS82LzMxNjYwNDBGLTMzNjEtNDFBQi1BNTg0LUQ5QTM4NEM0OEI3RA==</productImage>
    <bullet1>Keep it all together and clean with these heavy-gauge stainless steel clamps, the best in the business</bullet1>
    <bullet2>Stainless steel construction resists heat and rust</bullet2>
    <bullet3>Sold as each</bullet3>
    <bullet4>Made in the U.S.A.</bullet4>
    <bullet5/>
    <bullet6/>
    <bullet7/>
    <bullet8/>
    <bullet9/>
    <bullet10/>
    <bullet11/>
    <bullet12/>
    <bullet13/>
    <bullet14/>
    <bullet15/>
    <bullet16/>
    <bullet17/>
    <bullet18/>
    <bullet19/>
    <bullet20/>
    <bullet21/>
    <bullet22/>
    <bullet23/>
    <bullet24/>
    <vendorPriceUpdateDate>2022-07-01 00:00:00</vendorPriceUpdateDate>
  </part>
  <part>
    <partNumber>18010864</partNumber>
    <punctuatedPartNumber>1801-0864</punctuatedPartNumber>
    <partStatusDescription>DISCONTINUED</partStatusDescription>
    <partDescription>Stout Muffler</partDescription>
    <unitOfMeasure>Each</unitOfMeasure>
    <brandName>SUPERTRAPP</brandName>
    <supplierNumber>147-65750</supplierNumber>
    <specialInstructions>SOLD EACH 25PJL</specialInstructions>
    <baseDealerPrice>128.00</baseDealerPrice>
    <yourDealerPrice>128.00</yourDealerPrice>
    <baseRetailPrice>0.00</baseRetailPrice>
    <originalRetailPrice>538.95</originalRetailPrice>
    <partImage>http://asset.lemansnet.com/z/LzEvRC82LzFENjk2NUM5LTBGRkMtNDEzMi05Q0EwLUU5RUE0QzY0QkQzNiwvQy9DLzIvQ0MyREJDQkEtNzlDRi00MjFCLUIzRDEtNTU0NTYwQjE2OTI2</partImage>
    <productId>0052532957</productId>
    <productName>Stout Slip-On Muffler</productName>
    <productImage>http://asset.lemansnet.com/z/LzEvRC82LzFENjk2NUM5LTBGRkMtNDEzMi05Q0EwLUU5RUE0QzY0QkQzNg==</productImage>
    <bullet1>Massive non-tunable ceramic bodies</bullet1>
    <bullet2>Streamlined, internal tapered, billet aluminum end cap with recessed fasteners is pre-installed</bullet2>
    <bullet3>Newly-designed inlet flows better into OEM headpipe</bullet3>
    <bullet4>Provides a heavy, broad spread power curve with horsepower and torque gains over stock muffler</bullet4>
    <bullet5>Minimally (2 dB) louder than stock</bullet5>
    <bullet6>Made in the U.S.A.</bullet6>
    <bullet7/>
    <bullet8/>
    <bullet9/>
    <bullet10/>
    <bullet11/>
    <bullet12/>
    <bullet13/>
    <bullet14/>
    <bullet15/>
    <bullet16/>
    <bullet17/>
    <bullet18/>
    <bullet19/>
    <bullet20/>
    <bullet21/>
    <bullet22/>
    <bullet23/>
    <bullet24/>
    <vendorPriceUpdateDate>2022-07-01 00:00:00</vendorPriceUpdateDate>
  </part>
  <part>
    <partNumber>18020120</partNumber>
    <punctuatedPartNumber>1802-0120</punctuatedPartNumber>
    <partStatusDescription>DISCONTINUED</partStatusDescription>
    <partDescription>Mid Pipe Conversion Kit</partDescription>
    <unitOfMeasure>Kit</unitOfMeasure>
    <brandName>SUPERTRAPP</brandName>
    <supplierNumber>167-71572</supplierNumber>
    <specialInstructions/>
    <baseDealerPrice>25.30</baseDealerPrice>
    <yourDealerPrice>25.30</yourDealerPrice>
    <baseRetailPrice>0.00</baseRetailPrice>
    <originalRetailPrice>478.95</originalRetailPrice>
    <partImage>http://asset.lemansnet.com/z/LzQvMy80LzQzNEQxQTFCLTNBMEQtNEY5MC04RkQwLTM2MjBEOEE0OUNEQywvRS83LzQvRTc0ODVBMkItMzI3Ni00OUQzLUFEMEQtNDg5RDU1OTVDRDYx</partImage>
    <productId>1458375445</productId>
    <productName>Mid Pipe Crossover Conversion</productName>
    <productImage>http://asset.lemansnet.com/z/LzQvMy80LzQzNEQxQTFCLTNBMEQtNEY5MC04RkQwLTM2MjBEOEE0OUNEQw==</productImage>
    <bullet1>Turns OEM 10 FLTRX/FLHX 2-into-1 into a 2-1-2 to give back dual-exhaust look and sound that riders are looking for</bullet1>
    <bullet2>Connects to stock headpipes</bullet2>
    <bullet3>Includes heatshields</bullet3>
    <bullet4>Made in the U.S.A.</bullet4>
    <bullet5/>
    <bullet6/>
    <bullet7/>
    <bullet8/>
    <bullet9/>
    <bullet10/>
    <bullet11/>
    <bullet12/>
    <bullet13/>
    <bullet14/>
    <bullet15/>
    <bullet16/>
    <bullet17/>
    <bullet18/>
    <bullet19/>
    <bullet20/>
    <bullet21/>
    <bullet22/>
    <bullet23/>
    <bullet24/>
    <vendorPriceUpdateDate>2023-04-22 00:00:00</vendorPriceUpdateDate>
  </part>
  <part>
    <partNumber>18113976</partNumber>
    <punctuatedPartNumber>1811-3976</punctuatedPartNumber>
    <partStatusDescription>DISCONTINUED</partStatusDescription>
    <partDescription>Mufflers - Chrome - Indian Touring</partDescription>
    <unitOfMeasure>Pair</unitOfMeasure>
    <brandName>SUPERTRAPP</brandName>
    <supplierNumber>140-21820</supplierNumber>
    <specialInstructions>DISCONTINUED ITEM</specialInstructions>
    <baseDealerPrice>610.50</baseDealerPrice>
    <yourDealerPrice>610.50</yourDealerPrice>
    <baseRetailPrice>0.00</baseRetailPrice>
    <originalRetailPrice>968.95</originalRetailPrice>
    <partImage>http://asset.lemansnet.com/z/L0EvNC8wL0E0MDcyMjRCLUQwNkUtNEFCRS1BNTZFLTJGMjA3REQ3NkJCRA==</partImage>
    <productId>1945741510</productId>
    <productName>Stout Slip-On Mufflers</productName>
    <productImage>http://asset.lemansnet.com/z/LzEvRC9BLzFEQTRERTgyLTlEOUEtNDM3Qy05NEY2LUUzMjE4Mjc4REY0Mg==</productImage>
    <bullet1>Streamlined, internal tapered, billet aluminum end caps with recessed fasteners</bullet1>
    <bullet2>Provide a heavy, broad spread power curve with horsepower and torque gains over stock mufflers</bullet2>
    <bullet3>Minimally (2 dB) louder than stock</bullet3>
    <bullet4>Made in the U.S.A</bullet4>
    <bullet5/>
    <bullet6/>
    <bullet7/>
    <bullet8/>
    <bullet9/>
    <bullet10/>
    <bullet11/>
    <bullet12/>
    <bullet13/>
    <bullet14/>
    <bullet15/>
    <bullet16/>
    <bullet17/>
    <bullet18/>
    <bullet19/>
    <bullet20/>
    <bullet21/>
    <bullet22/>
    <bullet23/>
    <bullet24/>
    <vendorPriceUpdateDate>2023-04-22 00:00:00</vendorPriceUpdateDate>
  </part>
</root>
