<root>
  <part>
    <partNumber>37040024</partNumber>
    <punctuatedPartNumber>3704-0024</punctuatedPartNumber>
    <partStatusDescription>STANDARD</partStatusDescription>
    <partDescription>Foam Air Filter Kit - 13/15 oz. net wt. - Aerosol</partDescription>
    <unitOfMeasure>Each</unitOfMeasure>
    <brandName>PJ1/VHT</brandName>
    <supplierNumber>15-202</supplierNumber>
    <specialInstructions/>
    <baseDealerPrice>19.70</baseDealerPrice>
    <yourDealerPrice>19.70</yourDealerPrice>
    <baseRetailPrice>30.95</baseRetailPrice>
    <originalRetailPrice>26.95</originalRetailPrice>
    <partImage>http://asset.lemansnet.com/z/LzUvRi9ELzVGREY0OUVELTVDQ0MtNEZFNy05MUZGLUI4NzVGQzY3QTJDOQ==</partImage>
    <productId>1767320585</productId>
    <productName>Foam Air Filter Care Kit</productName>
    <productImage>http://asset.lemansnet.com/z/LzUvRi9ELzVGREY0OUVELTVDQ0MtNEZFNy05MUZGLUI4NzVGQzY3QTJDOQ==</productImage>
    <bullet1>Kit contains both PJ1 Air Filter Cleaner, 15-ounce net wt. aerosol can, and PJ1 Foam Air Filter Oil Treatment, 13-ounce net wt. aerosol can</bullet1>
    <bullet2>Air Filter Cleaner cleans filter elements; will not eat away glue or foam</bullet2>
    <bullet3>Air Filter Oil Treatment is a super-tacky formula that traps more dirt than regular oil while allowing maximum air flow</bullet3>
    <bullet4/>
    <bullet5/>
    <bullet6/>
    <bullet7/>
    <bullet8/>
    <bullet9/>
    <bullet10/>
    <bullet11/>
    <bullet12/>
    <bullet13/>
    <bullet14/>
    <bullet15/>
    <bullet16/>
    <bullet17/>
    <bullet18/>
    <bullet19/>
    <bullet20/>
    <bullet21/>
    <bullet22/>
    <bullet23/>
    <bullet24/>
    <vendorPriceUpdateDate>2021-09-22 00:00:00</vendorPriceUpdateDate>
  </part>
  <part>
    <partNumber>37040411</partNumber>
    <punctuatedPartNumber>3704-0411</punctuatedPartNumber>
    <partStatusDescription>STANDARD</partStatusDescription>
    <partDescription>PJ1 High Gloss Coating - Aerosol - 12 oz. net wt.</partDescription>
    <unitOfMeasure>Each</unitOfMeasure>
    <brandName>PJ1/VHT</brandName>
    <supplierNumber>00214</supplierNumber>
    <specialInstructions/>
    <baseDealerPrice>7.79</baseDealerPrice>
    <yourDealerPrice>7.79</yourDealerPrice>
    <baseRetailPrice>11.95</baseRetailPrice>
    <originalRetailPrice>11.95</originalRetailPrice>
    <partImage>http://asset.lemansnet.com/z/L0EvQy83L0FDN0VDMzM3LTRDODctNDI4NS05RTYzLUJCMTREQjk1N0U1QQ==</partImage>
    <productId>1132249089</productId>
    <productName>PJ1 High Gloss Coating</productName>
    <productImage>http://asset.lemansnet.com/z/L0EvQy83L0FDN0VDMzM3LTRDODctNDI4NS05RTYzLUJCMTREQjk1N0U1QQ==</productImage>
    <bullet1>Ready-to-use aerosol coating</bullet1>
    <bullet2>Renews appearance of plastic and vinyl</bullet2>
    <bullet3>UV inhibitors to protect from the elements</bullet3>
    <bullet4>Excellent for hard to reach areas</bullet4>
    <bullet5>Custom formulated for Powersports</bullet5>
    <bullet6>Prevents mud, dirt and grime from sticking</bullet6>
    <bullet7>Makes clean-up and detailing easy</bullet7>
    <bullet8>Water resistant</bullet8>
    <bullet9>Fresh cherry scent</bullet9>
    <bullet10/>
    <bullet11/>
    <bullet12/>
    <bullet13/>
    <bullet14/>
    <bullet15/>
    <bullet16/>
    <bullet17/>
    <bullet18/>
    <bullet19/>
    <bullet20/>
    <bullet21/>
    <bullet22/>
    <bullet23/>
    <bullet24/>
    <vendorPriceUpdateDate>2023-02-03 00:00:00</vendorPriceUpdateDate>
  </part>
  <part>
    <partNumber>37040036</partNumber>
    <punctuatedPartNumber>3704-0036</punctuatedPartNumber>
    <partStatusDescription>STANDARD</partStatusDescription>
    <partDescription>Super Cleaner - CA Compliant - 13 oz. net wt. - Aerosol</partDescription>
    <unitOfMeasure>Each</unitOfMeasure>
    <brandName>PJ1/VHT</brandName>
    <supplierNumber>3-21</supplierNumber>
    <specialInstructions/>
    <baseDealerPrice>7.70</baseDealerPrice>
    <yourDealerPrice>7.70</yourDealerPrice>
    <baseRetailPrice>12.95</baseRetailPrice>
    <originalRetailPrice>12.95</originalRetailPrice>
    <partImage>http://asset.lemansnet.com/z/L0YvOS8wL0Y5MDYzRUM5LTEwRkYtNEYzNi1CMUJDLTJDM0MzNkQyMDMwNg==</partImage>
    <productId>1982594360</productId>
    <productName>Super Cleaner</productName>
    <productImage>http://asset.lemansnet.com/z/L0YvOS8wL0Y5MDYzRUM5LTEwRkYtNEYzNi1CMUJDLTJDM0MzNkQyMDMwNg==</productImage>
    <bullet1>Cleans, degreases and displaces moisture on all metal parts</bullet1>
    <bullet2>Can be used during preassembly of motor, surface preparation for paint, decals and grip installation</bullet2>
    <bullet3>Removes moisture from ignition systems</bullet3>
    <bullet4>Cleans carbs, injector systems, brake components, etc., and evaporates without residue</bullet4>
    <bullet5>Available in 13-ounce net wt. aerosol can, 6 per case</bullet5>
    <bullet6>Not for use on some plastics</bullet6>
    <bullet7/>
    <bullet8/>
    <bullet9/>
    <bullet10/>
    <bullet11/>
    <bullet12/>
    <bullet13/>
    <bullet14/>
    <bullet15/>
    <bullet16/>
    <bullet17/>
    <bullet18/>
    <bullet19/>
    <bullet20/>
    <bullet21/>
    <bullet22/>
    <bullet23/>
    <bullet24/>
    <vendorPriceUpdateDate>2021-09-22 00:00:00</vendorPriceUpdateDate>
  </part>
  <part>
    <partNumber>36050059</partNumber>
    <punctuatedPartNumber>3605-0059</punctuatedPartNumber>
    <partStatusDescription>STANDARD</partStatusDescription>
    <partDescription>Blue Label Chain Lube - 13 oz. net wt. - Aerosol</partDescription>
    <unitOfMeasure>Each</unitOfMeasure>
    <brandName>PJ1/VHT</brandName>
    <supplierNumber>1-22</supplierNumber>
    <specialInstructions/>
    <baseDealerPrice>10.50</baseDealerPrice>
    <yourDealerPrice>10.50</yourDealerPrice>
    <baseRetailPrice>16.95</baseRetailPrice>
    <originalRetailPrice>16.95</originalRetailPrice>
    <partImage>http://asset.lemansnet.com/z/LzMvMC9FLzMwRTk3MkMzLUVBNEQtNDA5Ri1BMTlFLTlFREQ0MTU5MDAwMg==</partImage>
    <productId>0937774146</productId>
    <productName>Blue Label Chain Lube</productName>
    <productImage>http://asset.lemansnet.com/z/L0MvRi85L0NGOURGQzJBLTMyNkMtNDBFMC1BRDdFLTBBQzU0MUVBOEUxNw==</productImage>
    <bullet1>Stays moist and pliable</bullet1>
    <bullet2>Specially formulated to be very tacky so it won't fly off the chain</bullet2>
    <bullet3>Can be used on both standard and O-ring chains</bullet3>
    <bullet4>Transparent formula reduces cosmetic concerns and keeps motorcycle looking clean</bullet4>
    <bullet5/>
    <bullet6/>
    <bullet7/>
    <bullet8/>
    <bullet9/>
    <bullet10/>
    <bullet11/>
    <bullet12/>
    <bullet13/>
    <bullet14/>
    <bullet15/>
    <bullet16/>
    <bullet17/>
    <bullet18/>
    <bullet19/>
    <bullet20/>
    <bullet21/>
    <bullet22/>
    <bullet23/>
    <bullet24/>
    <vendorPriceUpdateDate>2021-09-22 00:00:00</vendorPriceUpdateDate>
  </part>
  <part>
    <partNumber>36050061</partNumber>
    <punctuatedPartNumber>3605-0061</punctuatedPartNumber>
    <partStatusDescription>STANDARD</partStatusDescription>
    <partDescription>Black Label Chain Lube - 13 oz. net wt. - Aerosol</partDescription>
    <unitOfMeasure>Each</unitOfMeasure>
    <brandName>PJ1/VHT</brandName>
    <supplierNumber>1-20</supplierNumber>
    <specialInstructions/>
    <baseDealerPrice>10.50</baseDealerPrice>
    <yourDealerPrice>10.50</yourDealerPrice>
    <baseRetailPrice>16.95</baseRetailPrice>
    <originalRetailPrice>16.95</originalRetailPrice>
    <partImage>http://asset.lemansnet.com/z/LzEvRC8yLzFEMjk0MTkxLUNENDEtNDlENC1CM0FCLTczQjAxNkEzNjU1QQ==</partImage>
    <productId>0849920658</productId>
    <productName>Black Label Chain Lube</productName>
    <productImage>http://asset.lemansnet.com/z/LzEvRC8yLzFEMjk0MTkxLUNENDEtNDlENC1CM0FCLTczQjAxNkEzNjU1QQ==</productImage>
    <bullet1>Thin-bodied formula of PJ1 penetrates into the pins and rollers to set up a tacky, long-lasting, water-repellent film</bullet1>
    <bullet2>Absorbs pin and bushing shock to reduce chain stretching</bullet2>
    <bullet3>Formulated for street, touring and off-road riding</bullet3>
    <bullet4>Recommended for use on all standard chains</bullet4>
    <bullet5/>
    <bullet6/>
    <bullet7/>
    <bullet8/>
    <bullet9/>
    <bullet10/>
    <bullet11/>
    <bullet12/>
    <bullet13/>
    <bullet14/>
    <bullet15/>
    <bullet16/>
    <bullet17/>
    <bullet18/>
    <bullet19/>
    <bullet20/>
    <bullet21/>
    <bullet22/>
    <bullet23/>
    <bullet24/>
    <vendorPriceUpdateDate>2021-09-22 00:00:00</vendorPriceUpdateDate>
  </part>
  <part>
    <partNumber>37120022</partNumber>
    <punctuatedPartNumber>3712-0022</punctuatedPartNumber>
    <partStatusDescription>STANDARD</partStatusDescription>
    <partDescription>Factory Match Paint - Kawasaki Green '98-'02 - 12 oz. net wt. - Aerosol</partDescription>
    <unitOfMeasure>Each</unitOfMeasure>
    <brandName>PJ1/VHT</brandName>
    <supplierNumber>17-KGO</supplierNumber>
    <specialInstructions/>
    <baseDealerPrice>11.60</baseDealerPrice>
    <yourDealerPrice>11.60</yourDealerPrice>
    <baseRetailPrice>17.95</baseRetailPrice>
    <originalRetailPrice>17.95</originalRetailPrice>
    <partImage>http://asset.lemansnet.com/z/L0QvMS8yL0QxMjE0ODFFLUNCMjctNDk0OS05Rjg0LTJDQ0JGMTU4MEVFRg==</partImage>
    <productId>0898224885</productId>
    <productName>Factory Match Paint</productName>
    <productImage>http://asset.lemansnet.com/z/LzkvQi82LzlCNjE2RkMyLTE0MkQtNDBCMS1CNkY4LTFBNDRFNzcwNURCRQ==</productImage>
    <bullet1>Factory match colors</bullet1>
    <bullet2>Provides a durable rust-resistant finish</bullet2>
    <bullet3>One hour dry to touch; 24 hour cure</bullet3>
    <bullet4>Primer recommended for exact match (available separately).</bullet4>
    <bullet5/>
    <bullet6/>
    <bullet7/>
    <bullet8/>
    <bullet9/>
    <bullet10/>
    <bullet11/>
    <bullet12/>
    <bullet13/>
    <bullet14/>
    <bullet15/>
    <bullet16/>
    <bullet17/>
    <bullet18/>
    <bullet19/>
    <bullet20/>
    <bullet21/>
    <bullet22/>
    <bullet23/>
    <bullet24/>
    <vendorPriceUpdateDate>2022-06-22 00:00:00</vendorPriceUpdateDate>
  </part>
  <part>
    <partNumber>37120024</partNumber>
    <punctuatedPartNumber>3712-0024</punctuatedPartNumber>
    <partStatusDescription>STANDARD</partStatusDescription>
    <partDescription>Factory Match Paint - Honda Red '88-'89 - 12 oz. net wt. - Aerosol</partDescription>
    <unitOfMeasure>Each</unitOfMeasure>
    <brandName>PJ1/VHT</brandName>
    <supplierNumber>17-HRO</supplierNumber>
    <specialInstructions/>
    <baseDealerPrice>13.60</baseDealerPrice>
    <yourDealerPrice>13.60</yourDealerPrice>
    <baseRetailPrice>21.95</baseRetailPrice>
    <originalRetailPrice>21.95</originalRetailPrice>
    <partImage>http://asset.lemansnet.com/z/LzkvQi82LzlCNjE2RkMyLTE0MkQtNDBCMS1CNkY4LTFBNDRFNzcwNURCRQ==</partImage>
    <productId>0898224885</productId>
    <productName>Factory Match Paint</productName>
    <productImage>http://asset.lemansnet.com/z/LzkvQi82LzlCNjE2RkMyLTE0MkQtNDBCMS1CNkY4LTFBNDRFNzcwNURCRQ==</productImage>
    <bullet1>Factory match colors</bullet1>
    <bullet2>Provides a durable rust-resistant finish</bullet2>
    <bullet3>One hour dry to touch; 24 hour cure</bullet3>
    <bullet4>Primer recommended for exact match (available separately).</bullet4>
    <bullet5/>
    <bullet6/>
    <bullet7/>
    <bullet8/>
    <bullet9/>
    <bullet10/>
    <bullet11/>
    <bullet12/>
    <bullet13/>
    <bullet14/>
    <bullet15/>
    <bullet16/>
    <bullet17/>
    <bullet18/>
    <bullet19/>
    <bullet20/>
    <bullet21/>
    <bullet22/>
    <bullet23/>
    <bullet24/>
    <vendorPriceUpdateDate>2021-09-22 00:00:00</vendorPriceUpdateDate>
  </part>
  <part>
    <partNumber>37120026</partNumber>
    <punctuatedPartNumber>3712-0026</punctuatedPartNumber>
    <partStatusDescription>STANDARD</partStatusDescription>
    <partDescription>Epoxy Paint - Gloss Black - 12 oz. net wt. - Aerosol</partDescription>
    <unitOfMeasure>Each</unitOfMeasure>
    <brandName>PJ1/VHT</brandName>
    <supplierNumber>16-GLS</supplierNumber>
    <specialInstructions/>
    <baseDealerPrice>11.30</baseDealerPrice>
    <yourDealerPrice>11.30</yourDealerPrice>
    <baseRetailPrice>17.95</baseRetailPrice>
    <originalRetailPrice>17.95</originalRetailPrice>
    <partImage>http://asset.lemansnet.com/z/L0QvNC8xL0Q0MUFGRUQ3LTBBN0UtNENENi1CMDlFLTE5ODBCMUMzMUYyNQ==</partImage>
    <productId>0159049367</productId>
    <productName>Fast Black High-Gloss Epoxy Paint</productName>
    <productImage>http://asset.lemansnet.com/z/L0QvNC8xL0Q0MUFGRUQ3LTBBN0UtNENENi1CMDlFLTE5ODBCMUMzMUYyNQ==</productImage>
    <bullet1>Porcelain-hard epoxy black paint</bullet1>
    <bullet2>Chip-resistant</bullet2>
    <bullet3>Offers an extremely glossy finish</bullet3>
    <bullet4/>
    <bullet5/>
    <bullet6/>
    <bullet7/>
    <bullet8/>
    <bullet9/>
    <bullet10/>
    <bullet11/>
    <bullet12/>
    <bullet13/>
    <bullet14/>
    <bullet15/>
    <bullet16/>
    <bullet17/>
    <bullet18/>
    <bullet19/>
    <bullet20/>
    <bullet21/>
    <bullet22/>
    <bullet23/>
    <bullet24/>
    <vendorPriceUpdateDate>2021-09-22 00:00:00</vendorPriceUpdateDate>
  </part>
  <part>
    <partNumber>37120028</partNumber>
    <punctuatedPartNumber>3712-0028</punctuatedPartNumber>
    <partStatusDescription>STANDARD</partStatusDescription>
    <partDescription>High-Temperature Paint - Satin Black - 12 oz. net wt. - Aerosol</partDescription>
    <unitOfMeasure>Each</unitOfMeasure>
    <brandName>PJ1/VHT</brandName>
    <supplierNumber>16-SAT</supplierNumber>
    <specialInstructions>ACT SATIN BLK 500 DEGEREE02JBC</specialInstructions>
    <baseDealerPrice>11.30</baseDealerPrice>
    <yourDealerPrice>11.30</yourDealerPrice>
    <baseRetailPrice>17.95</baseRetailPrice>
    <originalRetailPrice>17.95</originalRetailPrice>
    <partImage>http://asset.lemansnet.com/z/LzkvRC8xLzlEMTlEREQ1LTVCQzUtNDA1My04RTkwLTc4RjVBNUE1NjYyNQ==</partImage>
    <productId>0949683053</productId>
    <productName>Fast Black Engine and Case Paint</productName>
    <productImage>http://asset.lemansnet.com/z/LzkvRC8xLzlEMTlEREQ1LTVCQzUtNDA1My04RTkwLTc4RjVBNUE1NjYyNQ==</productImage>
    <bullet1>Developed for all 2-stroke and 4-stroke motorcycle engine cases, cylinders and heads</bullet1>
    <bullet2>Applies easily in a one step process and provides a smooth factory-like durable finish</bullet2>
    <bullet3>Resists chipping and scratching; dirt and mud wash right off with soap and water</bullet3>
    <bullet4>Withstands temperatures up to 500°F</bullet4>
    <bullet5/>
    <bullet6/>
    <bullet7/>
    <bullet8/>
    <bullet9/>
    <bullet10/>
    <bullet11/>
    <bullet12/>
    <bullet13/>
    <bullet14/>
    <bullet15/>
    <bullet16/>
    <bullet17/>
    <bullet18/>
    <bullet19/>
    <bullet20/>
    <bullet21/>
    <bullet22/>
    <bullet23/>
    <bullet24/>
    <vendorPriceUpdateDate>2021-09-22 00:00:00</vendorPriceUpdateDate>
  </part>
  <part>
    <partNumber>36050058</partNumber>
    <punctuatedPartNumber>3605-0058</punctuatedPartNumber>
    <partStatusDescription>STANDARD</partStatusDescription>
    <partDescription>Blue Label Chain Lube - 5 oz. net wt. - Aerosol</partDescription>
    <unitOfMeasure>Each</unitOfMeasure>
    <brandName>PJ1/VHT</brandName>
    <supplierNumber>1-08</supplierNumber>
    <specialInstructions/>
    <baseDealerPrice>6.50</baseDealerPrice>
    <yourDealerPrice>6.50</yourDealerPrice>
    <baseRetailPrice>10.95</baseRetailPrice>
    <originalRetailPrice>10.95</originalRetailPrice>
    <partImage>http://asset.lemansnet.com/z/L0MvRi85L0NGOURGQzJBLTMyNkMtNDBFMC1BRDdFLTBBQzU0MUVBOEUxNw==</partImage>
    <productId>0937774146</productId>
    <productName>Blue Label Chain Lube</productName>
    <productImage>http://asset.lemansnet.com/z/L0MvRi85L0NGOURGQzJBLTMyNkMtNDBFMC1BRDdFLTBBQzU0MUVBOEUxNw==</productImage>
    <bullet1>Stays moist and pliable</bullet1>
    <bullet2>Specially formulated to be very tacky so it won't fly off the chain</bullet2>
    <bullet3>Can be used on both standard and O-ring chains</bullet3>
    <bullet4>Transparent formula reduces cosmetic concerns and keeps motorcycle looking clean</bullet4>
    <bullet5/>
    <bullet6/>
    <bullet7/>
    <bullet8/>
    <bullet9/>
    <bullet10/>
    <bullet11/>
    <bullet12/>
    <bullet13/>
    <bullet14/>
    <bullet15/>
    <bullet16/>
    <bullet17/>
    <bullet18/>
    <bullet19/>
    <bullet20/>
    <bullet21/>
    <bullet22/>
    <bullet23/>
    <bullet24/>
    <vendorPriceUpdateDate>2021-09-22 00:00:00</vendorPriceUpdateDate>
  </part>
  <part>
    <partNumber>36050060</partNumber>
    <punctuatedPartNumber>3605-0060</punctuatedPartNumber>
    <partStatusDescription>STANDARD</partStatusDescription>
    <partDescription>Black Label Chain Lube - 5 oz. net wt. - Aerosol</partDescription>
    <unitOfMeasure>Each</unitOfMeasure>
    <brandName>PJ1/VHT</brandName>
    <supplierNumber>1-06A</supplierNumber>
    <specialInstructions/>
    <baseDealerPrice>6.50</baseDealerPrice>
    <yourDealerPrice>6.50</yourDealerPrice>
    <baseRetailPrice>10.95</baseRetailPrice>
    <originalRetailPrice>10.95</originalRetailPrice>
    <partImage>http://asset.lemansnet.com/z/LzIvNC9FLzI0RTMzRjUzLTUxNjQtNEZEMy05NThELTNFRDJDNDc4MEJCMA==</partImage>
    <productId>0849920658</productId>
    <productName>Black Label Chain Lube</productName>
    <productImage>http://asset.lemansnet.com/z/LzEvRC8yLzFEMjk0MTkxLUNENDEtNDlENC1CM0FCLTczQjAxNkEzNjU1QQ==</productImage>
    <bullet1>Thin-bodied formula of PJ1 penetrates into the pins and rollers to set up a tacky, long-lasting, water-repellent film</bullet1>
    <bullet2>Absorbs pin and bushing shock to reduce chain stretching</bullet2>
    <bullet3>Formulated for street, touring and off-road riding</bullet3>
    <bullet4>Recommended for use on all standard chains</bullet4>
    <bullet5/>
    <bullet6/>
    <bullet7/>
    <bullet8/>
    <bullet9/>
    <bullet10/>
    <bullet11/>
    <bullet12/>
    <bullet13/>
    <bullet14/>
    <bullet15/>
    <bullet16/>
    <bullet17/>
    <bullet18/>
    <bullet19/>
    <bullet20/>
    <bullet21/>
    <bullet22/>
    <bullet23/>
    <bullet24/>
    <vendorPriceUpdateDate>2021-09-22 00:00:00</vendorPriceUpdateDate>
  </part>
  <part>
    <partNumber>37120021</partNumber>
    <punctuatedPartNumber>3712-0021</punctuatedPartNumber>
    <partStatusDescription>STANDARD</partStatusDescription>
    <partDescription>Paint Primer - White - 12 oz. net wt. - Aerosol</partDescription>
    <unitOfMeasure>Each</unitOfMeasure>
    <brandName>PJ1/VHT</brandName>
    <supplierNumber>18-PRMW</supplierNumber>
    <specialInstructions/>
    <baseDealerPrice>11.60</baseDealerPrice>
    <yourDealerPrice>11.60</yourDealerPrice>
    <baseRetailPrice>17.95</baseRetailPrice>
    <originalRetailPrice>17.95</originalRetailPrice>
    <partImage>http://asset.lemansnet.com/z/L0YvOS8yL0Y5MkFERDI0LUQwQzktNDA4NC04NTEzLUMyNkVGMjk5NTcwQw==</partImage>
    <productId>0811099897</productId>
    <productName>Factory Match Primer</productName>
    <productImage>http://asset.lemansnet.com/z/L0YvOS8yL0Y5MkFERDI0LUQwQzktNDA4NC04NTEzLUMyNkVGMjk5NTcwQw==</productImage>
    <bullet1>Fast-drying excellent hide</bullet1>
    <bullet2>Prevents and protects against rust</bullet2>
    <bullet3>Safe for use on metal, fiberglass, and most plastics</bullet3>
    <bullet4>Safe for use with lacquer, enamel, epoxy, and acrylic paints</bullet4>
    <bullet5/>
    <bullet6/>
    <bullet7/>
    <bullet8/>
    <bullet9/>
    <bullet10/>
    <bullet11/>
    <bullet12/>
    <bullet13/>
    <bullet14/>
    <bullet15/>
    <bullet16/>
    <bullet17/>
    <bullet18/>
    <bullet19/>
    <bullet20/>
    <bullet21/>
    <bullet22/>
    <bullet23/>
    <bullet24/>
    <vendorPriceUpdateDate>2021-09-22 00:00:00</vendorPriceUpdateDate>
  </part>
  <part>
    <partNumber>37120023</partNumber>
    <punctuatedPartNumber>3712-0023</punctuatedPartNumber>
    <partStatusDescription>STANDARD</partStatusDescription>
    <partDescription>Factory Match Paint - Yamaha Blue '98-'06 - 12 oz. net wt. - Aerosol</partDescription>
    <unitOfMeasure>Each</unitOfMeasure>
    <brandName>PJ1/VHT</brandName>
    <supplierNumber>17-YB8</supplierNumber>
    <specialInstructions/>
    <baseDealerPrice>11.60</baseDealerPrice>
    <yourDealerPrice>11.60</yourDealerPrice>
    <baseRetailPrice>17.95</baseRetailPrice>
    <originalRetailPrice>17.95</originalRetailPrice>
    <partImage>http://asset.lemansnet.com/z/L0MvRS83L0NFNzU4MDNBLUZGNzktNEVFOS04REVFLUZFNjJCNDNFQzI1Qw==</partImage>
    <productId>0898224885</productId>
    <productName>Factory Match Paint</productName>
    <productImage>http://asset.lemansnet.com/z/LzkvQi82LzlCNjE2RkMyLTE0MkQtNDBCMS1CNkY4LTFBNDRFNzcwNURCRQ==</productImage>
    <bullet1>Factory match colors</bullet1>
    <bullet2>Provides a durable rust-resistant finish</bullet2>
    <bullet3>One hour dry to touch; 24 hour cure</bullet3>
    <bullet4>Primer recommended for exact match (available separately).</bullet4>
    <bullet5/>
    <bullet6/>
    <bullet7/>
    <bullet8/>
    <bullet9/>
    <bullet10/>
    <bullet11/>
    <bullet12/>
    <bullet13/>
    <bullet14/>
    <bullet15/>
    <bullet16/>
    <bullet17/>
    <bullet18/>
    <bullet19/>
    <bullet20/>
    <bullet21/>
    <bullet22/>
    <bullet23/>
    <bullet24/>
    <vendorPriceUpdateDate>2021-09-22 00:00:00</vendorPriceUpdateDate>
  </part>
  <part>
    <partNumber>37120025</partNumber>
    <punctuatedPartNumber>3712-0025</punctuatedPartNumber>
    <partStatusDescription>STANDARD</partStatusDescription>
    <partDescription>Engine Paint - Gloss Black - 12 oz. net wt. - Aerosol</partDescription>
    <unitOfMeasure>Each</unitOfMeasure>
    <brandName>PJ1/VHT</brandName>
    <supplierNumber>16-ENG</supplierNumber>
    <specialInstructions/>
    <baseDealerPrice>11.30</baseDealerPrice>
    <yourDealerPrice>11.30</yourDealerPrice>
    <baseRetailPrice>17.95</baseRetailPrice>
    <originalRetailPrice>17.95</originalRetailPrice>
    <partImage>http://asset.lemansnet.com/z/L0QvNC9CL0Q0QkNBMDYyLUEyMkItNDhEMy05NzNBLTQwNEZBRjJCNTU0MQ==</partImage>
    <productId>0498868497</productId>
    <productName>Fast Black Gloss Engine/Case Paint</productName>
    <productImage>http://asset.lemansnet.com/z/L0QvNC9CL0Q0QkNBMDYyLUEyMkItNDhEMy05NzNBLTQwNEZBRjJCNTU0MQ==</productImage>
    <bullet1>Special urethane resin formula withstands spillage of strong solvents and additives and endures the most adverse conditions</bullet1>
    <bullet2>Formulated for engine restoration and similar applications</bullet2>
    <bullet3>Provides a tough and lasting finish</bullet3>
    <bullet4/>
    <bullet5/>
    <bullet6/>
    <bullet7/>
    <bullet8/>
    <bullet9/>
    <bullet10/>
    <bullet11/>
    <bullet12/>
    <bullet13/>
    <bullet14/>
    <bullet15/>
    <bullet16/>
    <bullet17/>
    <bullet18/>
    <bullet19/>
    <bullet20/>
    <bullet21/>
    <bullet22/>
    <bullet23/>
    <bullet24/>
    <vendorPriceUpdateDate>2021-09-22 00:00:00</vendorPriceUpdateDate>
  </part>
  <part>
    <partNumber>37120027</partNumber>
    <punctuatedPartNumber>3712-0027</punctuatedPartNumber>
    <partStatusDescription>STANDARD</partStatusDescription>
    <partDescription>High-Temperature Exhaust Paint - Matte Black - 12 oz. net wt. - Aerosol</partDescription>
    <unitOfMeasure>Each</unitOfMeasure>
    <brandName>PJ1/VHT</brandName>
    <supplierNumber>16-HIT</supplierNumber>
    <specialInstructions/>
    <baseDealerPrice>11.90</baseDealerPrice>
    <yourDealerPrice>11.90</yourDealerPrice>
    <baseRetailPrice>18.95</baseRetailPrice>
    <originalRetailPrice>18.95</originalRetailPrice>
    <partImage>http://asset.lemansnet.com/z/LzUvOS9FLzU5RTY2Nzc2LTA3RDMtNEI4Mi1CMDU4LTlEOEUwMEY4NjZFRg==</partImage>
    <productId>1980080536</productId>
    <productName>Fast Black Matte High-Temperature Paint</productName>
    <productImage>http://asset.lemansnet.com/z/LzUvOS9FLzU5RTY2Nzc2LTA3RDMtNEI4Mi1CMDU4LTlEOEUwMEY4NjZFRg==</productImage>
    <bullet1>A heat-resistant and flame-resistant flat black paint that resists chipping and rusting</bullet1>
    <bullet2>Withstands temperatures up to 1500°F</bullet2>
    <bullet3/>
    <bullet4/>
    <bullet5/>
    <bullet6/>
    <bullet7/>
    <bullet8/>
    <bullet9/>
    <bullet10/>
    <bullet11/>
    <bullet12/>
    <bullet13/>
    <bullet14/>
    <bullet15/>
    <bullet16/>
    <bullet17/>
    <bullet18/>
    <bullet19/>
    <bullet20/>
    <bullet21/>
    <bullet22/>
    <bullet23/>
    <bullet24/>
    <vendorPriceUpdateDate>2021-09-22 00:00:00</vendorPriceUpdateDate>
  </part>
  <part>
    <partNumber>37120029</partNumber>
    <punctuatedPartNumber>3712-0029</punctuatedPartNumber>
    <partStatusDescription>STANDARD</partStatusDescription>
    <partDescription>High-Temperature Paint - Wrinkle Black - 12 oz. net wt. - Aerosol</partDescription>
    <unitOfMeasure>Each</unitOfMeasure>
    <brandName>PJ1/VHT</brandName>
    <supplierNumber>16-WKL</supplierNumber>
    <specialInstructions/>
    <baseDealerPrice>11.90</baseDealerPrice>
    <yourDealerPrice>11.90</yourDealerPrice>
    <baseRetailPrice>18.95</baseRetailPrice>
    <originalRetailPrice>18.95</originalRetailPrice>
    <partImage>http://asset.lemansnet.com/z/LzUvRS81LzVFNTYxRTg0LUY4NEUtNDFDNS05REU1LUI4NTAwQTE4RkE0QQ==</partImage>
    <productId>0758417903</productId>
    <productName>Fast Black High Temperature Wrinkle-Finish Spray Paint</productName>
    <productImage>http://asset.lemansnet.com/z/LzUvRS81LzVFNTYxRTg0LUY4NEUtNDFDNS05REU1LUI4NTAwQTE4RkE0QQ==</productImage>
    <bullet1>A wrinkle-finish black paint that withstands temperatures up to 500°F and dissipates heat</bullet1>
    <bullet2>Offers a durable, corrosion-proof finish</bullet2>
    <bullet3>Covers scratches and chips</bullet3>
    <bullet4/>
    <bullet5/>
    <bullet6/>
    <bullet7/>
    <bullet8/>
    <bullet9/>
    <bullet10/>
    <bullet11/>
    <bullet12/>
    <bullet13/>
    <bullet14/>
    <bullet15/>
    <bullet16/>
    <bullet17/>
    <bullet18/>
    <bullet19/>
    <bullet20/>
    <bullet21/>
    <bullet22/>
    <bullet23/>
    <bullet24/>
    <vendorPriceUpdateDate>2021-09-22 00:00:00</vendorPriceUpdateDate>
  </part>
  <part>
    <partNumber>37120020</partNumber>
    <punctuatedPartNumber>3712-0020</punctuatedPartNumber>
    <partStatusDescription>STANDARD</partStatusDescription>
    <partDescription>Paint Primer - Gray - 12 oz. net wt. - Aerosol</partDescription>
    <unitOfMeasure>Each</unitOfMeasure>
    <brandName>PJ1/VHT</brandName>
    <supplierNumber>18-PRMG</supplierNumber>
    <specialInstructions/>
    <baseDealerPrice>11.60</baseDealerPrice>
    <yourDealerPrice>11.60</yourDealerPrice>
    <baseRetailPrice>17.95</baseRetailPrice>
    <originalRetailPrice>17.95</originalRetailPrice>
    <partImage>http://asset.lemansnet.com/z/L0QvRS8yL0RFMjg4NDNDLUY2MTMtNDBGRC04NjY5LUJBMzIwNTdDMDUyQQ==</partImage>
    <productId>0811099897</productId>
    <productName>Factory Match Primer</productName>
    <productImage>http://asset.lemansnet.com/z/L0YvOS8yL0Y5MkFERDI0LUQwQzktNDA4NC04NTEzLUMyNkVGMjk5NTcwQw==</productImage>
    <bullet1>Fast-drying excellent hide</bullet1>
    <bullet2>Prevents and protects against rust</bullet2>
    <bullet3>Safe for use on metal, fiberglass, and most plastics</bullet3>
    <bullet4>Safe for use with lacquer, enamel, epoxy, and acrylic paints</bullet4>
    <bullet5/>
    <bullet6/>
    <bullet7/>
    <bullet8/>
    <bullet9/>
    <bullet10/>
    <bullet11/>
    <bullet12/>
    <bullet13/>
    <bullet14/>
    <bullet15/>
    <bullet16/>
    <bullet17/>
    <bullet18/>
    <bullet19/>
    <bullet20/>
    <bullet21/>
    <bullet22/>
    <bullet23/>
    <bullet24/>
    <vendorPriceUpdateDate>2021-09-22 00:00:00</vendorPriceUpdateDate>
  </part>
  <part>
    <partNumber>37120030</partNumber>
    <punctuatedPartNumber>3712-0030</punctuatedPartNumber>
    <partStatusDescription>STANDARD</partStatusDescription>
    <partDescription>Factory Match Paint - KTM Orange '17-'18 - 12 oz. net wt. - Aerosol</partDescription>
    <unitOfMeasure>Each</unitOfMeasure>
    <brandName>PJ1/VHT</brandName>
    <supplierNumber>17-KTM</supplierNumber>
    <specialInstructions/>
    <baseDealerPrice>11.90</baseDealerPrice>
    <yourDealerPrice>11.90</yourDealerPrice>
    <baseRetailPrice>18.95</baseRetailPrice>
    <originalRetailPrice>18.95</originalRetailPrice>
    <partImage>http://asset.lemansnet.com/z/L0MvMy8wL0MzMDY3QTQyLUYzMTQtNDE0Qy05RjI5LTc2N0QzRjg5MEIwNA==</partImage>
    <productId>0898224885</productId>
    <productName>Factory Match Paint</productName>
    <productImage>http://asset.lemansnet.com/z/LzkvQi82LzlCNjE2RkMyLTE0MkQtNDBCMS1CNkY4LTFBNDRFNzcwNURCRQ==</productImage>
    <bullet1>Factory match colors</bullet1>
    <bullet2>Provides a durable rust-resistant finish</bullet2>
    <bullet3>One hour dry to touch; 24 hour cure</bullet3>
    <bullet4>Primer recommended for exact match (available separately).</bullet4>
    <bullet5/>
    <bullet6/>
    <bullet7/>
    <bullet8/>
    <bullet9/>
    <bullet10/>
    <bullet11/>
    <bullet12/>
    <bullet13/>
    <bullet14/>
    <bullet15/>
    <bullet16/>
    <bullet17/>
    <bullet18/>
    <bullet19/>
    <bullet20/>
    <bullet21/>
    <bullet22/>
    <bullet23/>
    <bullet24/>
    <vendorPriceUpdateDate>2021-09-22 00:00:00</vendorPriceUpdateDate>
  </part>
  <part>
    <partNumber>PJ1520</partNumber>
    <punctuatedPartNumber>PJ1-520</punctuatedPartNumber>
    <partStatusDescription>STANDARD</partStatusDescription>
    <partDescription>Degreaser - 15 oz. net wt. - Aerosol</partDescription>
    <unitOfMeasure>Each</unitOfMeasure>
    <brandName>PJ1/VHT</brandName>
    <supplierNumber>15-20</supplierNumber>
    <specialInstructions/>
    <baseDealerPrice>9.20</baseDealerPrice>
    <yourDealerPrice>9.20</yourDealerPrice>
    <baseRetailPrice>14.95</baseRetailPrice>
    <originalRetailPrice>14.95</originalRetailPrice>
    <partImage>http://asset.lemansnet.com/z/L0QvNC9DL0Q0QzA4MzlELUVENzAtNDlFOS1BM0EyLUE0RDE2NUIwQTlDOA==</partImage>
    <productId>0935307101</productId>
    <productName>Spray &amp; Wash Degreaser</productName>
    <productImage>http://asset.lemansnet.com/z/L0QvNC9DL0Q0QzA4MzlELUVENzAtNDlFOS1BM0EyLUE0RDE2NUIwQTlDOA==</productImage>
    <bullet1>Deep-penetrating formula removes stubborn grease, oil and dirt for a sparkling clean surface</bullet1>
    <bullet2>Simply spray on and hose off</bullet2>
    <bullet3>Leaves no ugly residue, is pleasant-smelling and easy to use</bullet3>
    <bullet4>Safe for the entire machine</bullet4>
    <bullet5>Available in 15-ounce net wt. aerosol cans, 6 per case</bullet5>
    <bullet6/>
    <bullet7/>
    <bullet8/>
    <bullet9/>
    <bullet10/>
    <bullet11/>
    <bullet12/>
    <bullet13/>
    <bullet14/>
    <bullet15/>
    <bullet16/>
    <bullet17/>
    <bullet18/>
    <bullet19/>
    <bullet20/>
    <bullet21/>
    <bullet22/>
    <bullet23/>
    <bullet24/>
    <vendorPriceUpdateDate>2021-09-22 00:00:00</vendorPriceUpdateDate>
  </part>
  <part>
    <partNumber>PJ1522</partNumber>
    <punctuatedPartNumber>PJ1522</punctuatedPartNumber>
    <partStatusDescription>STANDARD</partStatusDescription>
    <partDescription>Foam Filter Cleaner - 15 oz. net wt. - Aerosol</partDescription>
    <unitOfMeasure>Each</unitOfMeasure>
    <brandName>PJ1/VHT</brandName>
    <supplierNumber>15-22</supplierNumber>
    <specialInstructions/>
    <baseDealerPrice>9.00</baseDealerPrice>
    <yourDealerPrice>9.00</yourDealerPrice>
    <baseRetailPrice>14.95</baseRetailPrice>
    <originalRetailPrice>14.95</originalRetailPrice>
    <partImage>http://asset.lemansnet.com/z/LzkvRS8wLzlFMDk3QjA5LURENjItNEVBMi05RTc3LTcxMjMxRjM2RUNFNA==</partImage>
    <productId>2088970616</productId>
    <productName>Air Filter Cleaner</productName>
    <productImage>http://asset.lemansnet.com/z/LzkvRS8wLzlFMDk3QjA5LURENjItNEVBMi05RTc3LTcxMjMxRjM2RUNFNA==</productImage>
    <bullet1>Quickly dissolves dirt and grime without harming filter glues</bullet1>
    <bullet2>Simply spray on, hose off and re-oil filter</bullet2>
    <bullet3>Available in 15-ounce net wt. aerosol cans, 6 per case</bullet3>
    <bullet4/>
    <bullet5/>
    <bullet6/>
    <bullet7/>
    <bullet8/>
    <bullet9/>
    <bullet10/>
    <bullet11/>
    <bullet12/>
    <bullet13/>
    <bullet14/>
    <bullet15/>
    <bullet16/>
    <bullet17/>
    <bullet18/>
    <bullet19/>
    <bullet20/>
    <bullet21/>
    <bullet22/>
    <bullet23/>
    <bullet24/>
    <vendorPriceUpdateDate>2021-09-22 00:00:00</vendorPriceUpdateDate>
  </part>
  <part>
    <partNumber>PJ205</partNumber>
    <punctuatedPartNumber>PJ2-05</punctuatedPartNumber>
    <partStatusDescription>STANDARD</partStatusDescription>
    <partDescription>Fork Oil - 5wt - 500ml</partDescription>
    <unitOfMeasure>Each</unitOfMeasure>
    <brandName>PJ1/VHT</brandName>
    <supplierNumber>2-05W</supplierNumber>
    <specialInstructions/>
    <baseDealerPrice>7.00</baseDealerPrice>
    <yourDealerPrice>7.00</yourDealerPrice>
    <baseRetailPrice>11.95</baseRetailPrice>
    <originalRetailPrice>11.95</originalRetailPrice>
    <partImage>http://asset.lemansnet.com/z/L0QvNy9BL0Q3QTdEQkFGLTExNjgtNDNCRi1CQ0VDLTk3RUEwM0ZBNTdBQQ==</partImage>
    <productId>1221512696</productId>
    <productName>Gold Series Fork Tuner Oil</productName>
    <productImage>http://asset.lemansnet.com/z/L0QvNy9BL0Q3QTdEQkFGLTExNjgtNDNCRi1CQ0VDLTk3RUEwM0ZBNTdBQQ==</productImage>
    <bullet1>Nonfading, non-foaming formula offers consistent, smooth damping action for a more predictable ride in hot or cold weather</bullet1>
    <bullet2>Allows a rider to fine-tune a bike to personal preference</bullet2>
    <bullet3>Contains a preservative that prevents messy seal leaks</bullet3>
    <bullet4/>
    <bullet5/>
    <bullet6/>
    <bullet7/>
    <bullet8/>
    <bullet9/>
    <bullet10/>
    <bullet11/>
    <bullet12/>
    <bullet13/>
    <bullet14/>
    <bullet15/>
    <bullet16/>
    <bullet17/>
    <bullet18/>
    <bullet19/>
    <bullet20/>
    <bullet21/>
    <bullet22/>
    <bullet23/>
    <bullet24/>
    <vendorPriceUpdateDate>2021-09-22 00:00:00</vendorPriceUpdateDate>
  </part>
  <part>
    <partNumber>PJ320</partNumber>
    <punctuatedPartNumber>PJ3-20</punctuatedPartNumber>
    <partStatusDescription>STANDARD</partStatusDescription>
    <partDescription>Super Cleaner - 13 oz. net wt. - Aerosol</partDescription>
    <unitOfMeasure>Each</unitOfMeasure>
    <brandName>PJ1/VHT</brandName>
    <supplierNumber>3-20</supplierNumber>
    <specialInstructions>NO CA/CA USE 3704-0036 ?02KFV</specialInstructions>
    <baseDealerPrice>8.90</baseDealerPrice>
    <yourDealerPrice>8.90</yourDealerPrice>
    <baseRetailPrice>13.95</baseRetailPrice>
    <originalRetailPrice>12.95</originalRetailPrice>
    <partImage>http://asset.lemansnet.com/z/L0IvRi8xL0JGMUU1NjM2LTI0NjYtNDA5MC04NUY1LTJENjk5OTg5MkFCNA==</partImage>
    <productId>1982594360</productId>
    <productName>Super Cleaner</productName>
    <productImage>http://asset.lemansnet.com/z/L0YvOS8wL0Y5MDYzRUM5LTEwRkYtNEYzNi1CMUJDLTJDM0MzNkQyMDMwNg==</productImage>
    <bullet1>Cleans, degreases and displaces moisture on all metal parts</bullet1>
    <bullet2>Can be used during preassembly of motor, surface preparation for paint, decals and grip installation</bullet2>
    <bullet3>Removes moisture from ignition systems</bullet3>
    <bullet4>Cleans carbs, injector systems, brake components, etc., and evaporates without residue</bullet4>
    <bullet5>Available in 13-ounce net wt. aerosol can, 6 per case</bullet5>
    <bullet6>Not for use on some plastics</bullet6>
    <bullet7/>
    <bullet8/>
    <bullet9/>
    <bullet10/>
    <bullet11/>
    <bullet12/>
    <bullet13/>
    <bullet14/>
    <bullet15/>
    <bullet16/>
    <bullet17/>
    <bullet18/>
    <bullet19/>
    <bullet20/>
    <bullet21/>
    <bullet22/>
    <bullet23/>
    <bullet24/>
    <vendorPriceUpdateDate>2021-09-22 00:00:00</vendorPriceUpdateDate>
  </part>
  <part>
    <partNumber>PJ401</partNumber>
    <punctuatedPartNumber>PJ-401</punctuatedPartNumber>
    <partStatusDescription>STANDARD</partStatusDescription>
    <partDescription>Pro-Environment Carb Cleaner - 14 oz. net wt. - Aerosol</partDescription>
    <unitOfMeasure>Each</unitOfMeasure>
    <brandName>PJ1/VHT</brandName>
    <supplierNumber>40-1</supplierNumber>
    <specialInstructions/>
    <baseDealerPrice>7.70</baseDealerPrice>
    <yourDealerPrice>7.70</yourDealerPrice>
    <baseRetailPrice>12.95</baseRetailPrice>
    <originalRetailPrice>12.95</originalRetailPrice>
    <partImage>http://asset.lemansnet.com/z/L0MvNy9DL0M3QzZEMDJELUJGQTYtNDlFRS1CNjUwLTQ0ODIyMjhBMTI1MA==</partImage>
    <productId>1324992523</productId>
    <productName>Professional Carb and Choke Cleaner</productName>
    <productImage>http://asset.lemansnet.com/z/L0MvNy9DL0M3QzZEMDJELUJGQTYtNDlFRS1CNjUwLTQ0ODIyMjhBMTI1MA==</productImage>
    <bullet1>Great for quickly cleaning injectors, carburetor valves, choke linkages, manifold heat control valves, pistons, thermostat coils, accelerator linkages and other moving parts</bullet1>
    <bullet2>No flushing or water needed</bullet2>
    <bullet3>Safe on rubber, vinyl and neoprene</bullet3>
    <bullet4>Available in 14-ounce net weight aerosol cans, 6 per case</bullet4>
    <bullet5>May be harmful to painted surfaces</bullet5>
    <bullet6/>
    <bullet7/>
    <bullet8/>
    <bullet9/>
    <bullet10/>
    <bullet11/>
    <bullet12/>
    <bullet13/>
    <bullet14/>
    <bullet15/>
    <bullet16/>
    <bullet17/>
    <bullet18/>
    <bullet19/>
    <bullet20/>
    <bullet21/>
    <bullet22/>
    <bullet23/>
    <bullet24/>
    <vendorPriceUpdateDate>2021-09-22 00:00:00</vendorPriceUpdateDate>
  </part>
  <part>
    <partNumber>PJ402</partNumber>
    <punctuatedPartNumber>PJ-402</punctuatedPartNumber>
    <partStatusDescription>STANDARD</partStatusDescription>
    <partDescription>Pro-Environment Brake Cleaner - 13 oz. net wt. - Aerosol</partDescription>
    <unitOfMeasure>Each</unitOfMeasure>
    <brandName>PJ1/VHT</brandName>
    <supplierNumber>40-2</supplierNumber>
    <specialInstructions>DO NOT SELL TO CA DEALERS?02KFV</specialInstructions>
    <baseDealerPrice>7.70</baseDealerPrice>
    <yourDealerPrice>7.70</yourDealerPrice>
    <baseRetailPrice>12.95</baseRetailPrice>
    <originalRetailPrice>12.95</originalRetailPrice>
    <partImage>http://asset.lemansnet.com/z/LzMvQy9BLzNDQUMxQkU2LThEMTItNDFEQi1BOTYxLTEyRTBFMjdFNzY5RQ==</partImage>
    <productId>0874765194</productId>
    <productName>Professional Brake Cleaner</productName>
    <productImage>http://asset.lemansnet.com/z/LzMvQy9BLzNDQUMxQkU2LThEMTItNDFEQi1BOTYxLTEyRTBFMjdFNzY5RQ==</productImage>
    <bullet1>Cleans and degreases brakes and evaporates quickly</bullet1>
    <bullet2>Will not harm painted surfaces</bullet2>
    <bullet3>Environmentally friendly</bullet3>
    <bullet4>Available in 13-ounce aerosol cans, 6 per case</bullet4>
    <bullet5/>
    <bullet6/>
    <bullet7/>
    <bullet8/>
    <bullet9/>
    <bullet10/>
    <bullet11/>
    <bullet12/>
    <bullet13/>
    <bullet14/>
    <bullet15/>
    <bullet16/>
    <bullet17/>
    <bullet18/>
    <bullet19/>
    <bullet20/>
    <bullet21/>
    <bullet22/>
    <bullet23/>
    <bullet24/>
    <vendorPriceUpdateDate>2021-09-22 00:00:00</vendorPriceUpdateDate>
  </part>
  <part>
    <partNumber>PJ403</partNumber>
    <punctuatedPartNumber>PJ-403</punctuatedPartNumber>
    <partStatusDescription>STANDARD</partStatusDescription>
    <partDescription>Pro-Environment Contact Cleaner - 13 oz. net wt. - Aerosol</partDescription>
    <unitOfMeasure>Each</unitOfMeasure>
    <brandName>PJ1/VHT</brandName>
    <supplierNumber>40-3</supplierNumber>
    <specialInstructions/>
    <baseDealerPrice>7.70</baseDealerPrice>
    <yourDealerPrice>7.70</yourDealerPrice>
    <baseRetailPrice>12.95</baseRetailPrice>
    <originalRetailPrice>12.95</originalRetailPrice>
    <partImage>http://asset.lemansnet.com/z/L0YvQi9EL0ZCRDcwMzQwLTgzNzktNDdGOC04QTA2LUQzOURFQjFGMkQzNQ==</partImage>
    <productId>1176370476</productId>
    <productName>Professional Contact Cleaner</productName>
    <productImage>http://asset.lemansnet.com/z/L0UvMC8wL0UwMDdEQzc1LUQ1ODMtNDVFMC1BMUUzLTQ4MjY4QUU1NUFGMw==</productImage>
    <bullet1>Removes carbon and other contaminants from spark plugs, ignition points, generator parts and all other electrical components</bullet1>
    <bullet2>Evaporates quickly, leaving no residue</bullet2>
    <bullet3>Will not contaminate motor oils</bullet3>
    <bullet4>Safe on rubber and plastics; will not harm painted surfaces</bullet4>
    <bullet5>Environmentally friendly; contains no chlorinated solvents or harmful propellants</bullet5>
    <bullet6/>
    <bullet7/>
    <bullet8/>
    <bullet9/>
    <bullet10/>
    <bullet11/>
    <bullet12/>
    <bullet13/>
    <bullet14/>
    <bullet15/>
    <bullet16/>
    <bullet17/>
    <bullet18/>
    <bullet19/>
    <bullet20/>
    <bullet21/>
    <bullet22/>
    <bullet23/>
    <bullet24/>
    <vendorPriceUpdateDate>2021-09-22 00:00:00</vendorPriceUpdateDate>
  </part>
  <part>
    <partNumber>PJ420</partNumber>
    <punctuatedPartNumber>PJ4-20</punctuatedPartNumber>
    <partStatusDescription>STANDARD</partStatusDescription>
    <partDescription>Air Filter Oil - Gauze-Type - 15 oz. net wt.</partDescription>
    <unitOfMeasure>Each</unitOfMeasure>
    <brandName>PJ1/VHT</brandName>
    <supplierNumber>4-20</supplierNumber>
    <specialInstructions/>
    <baseDealerPrice>8.80</baseDealerPrice>
    <yourDealerPrice>8.80</yourDealerPrice>
    <baseRetailPrice>13.95</baseRetailPrice>
    <originalRetailPrice>13.95</originalRetailPrice>
    <partImage>http://asset.lemansnet.com/z/LzAvOS9FLzA5RTY0QUM0LUEwNzUtNEI5NS05MUJDLTk2QjBGRkFCQjY5OQ==</partImage>
    <productId>0098399849</productId>
    <productName>Air Filter Oil for Gauze-Type Filters</productName>
    <productImage>http://asset.lemansnet.com/z/LzAvOS9FLzA5RTY0QUM0LUEwNzUtNEI5NS05MUJDLTk2QjBGRkFCQjY5OQ==</productImage>
    <bullet1>Specially formulated for gauze-type filters</bullet1>
    <bullet2>Stops dirt, sand and moisture</bullet2>
    <bullet3>Red color confirms uniform application; won't stain filter</bullet3>
    <bullet4>Available in 15-ounce net wt. aerosol cans, 6 per case</bullet4>
    <bullet5/>
    <bullet6/>
    <bullet7/>
    <bullet8/>
    <bullet9/>
    <bullet10/>
    <bullet11/>
    <bullet12/>
    <bullet13/>
    <bullet14/>
    <bullet15/>
    <bullet16/>
    <bullet17/>
    <bullet18/>
    <bullet19/>
    <bullet20/>
    <bullet21/>
    <bullet22/>
    <bullet23/>
    <bullet24/>
    <vendorPriceUpdateDate>2021-09-22 00:00:00</vendorPriceUpdateDate>
  </part>
  <part>
    <partNumber>PJ520</partNumber>
    <punctuatedPartNumber>PJ-520</punctuatedPartNumber>
    <partStatusDescription>STANDARD</partStatusDescription>
    <partDescription>Foam Filter Oil Spray - 13 oz. net wt. - Aerosol</partDescription>
    <unitOfMeasure>Each</unitOfMeasure>
    <brandName>PJ1/VHT</brandName>
    <supplierNumber>5-20</supplierNumber>
    <specialInstructions/>
    <baseDealerPrice>9.80</baseDealerPrice>
    <yourDealerPrice>9.80</yourDealerPrice>
    <baseRetailPrice>15.95</baseRetailPrice>
    <originalRetailPrice>15.95</originalRetailPrice>
    <partImage>http://asset.lemansnet.com/z/LzIvNS82LzI1NjMwRTUzLTkwMUYtNEFDQS05RkQyLTg0OTUzMTE1M0RCOA==</partImage>
    <productId>2039135045</productId>
    <productName>Foam Air Filter Treatment</productName>
    <productImage>http://asset.lemansnet.com/z/LzIvNS82LzI1NjMwRTUzLTkwMUYtNEFDQS05RkQyLTg0OTUzMTE1M0RCOA==</productImage>
    <bullet1>Helps protect high-performance engines from costly repairs by stopping grit and other particles harmful to an engine's internal parts</bullet1>
    <bullet2>Super-tacky formulation goes on easy and stays on long</bullet2>
    <bullet3>Ozone-safe propellant</bullet3>
    <bullet4/>
    <bullet5/>
    <bullet6/>
    <bullet7/>
    <bullet8/>
    <bullet9/>
    <bullet10/>
    <bullet11/>
    <bullet12/>
    <bullet13/>
    <bullet14/>
    <bullet15/>
    <bullet16/>
    <bullet17/>
    <bullet18/>
    <bullet19/>
    <bullet20/>
    <bullet21/>
    <bullet22/>
    <bullet23/>
    <bullet24/>
    <vendorPriceUpdateDate>2021-09-22 00:00:00</vendorPriceUpdateDate>
  </part>
  <part>
    <partNumber>PJ2316</partNumber>
    <punctuatedPartNumber>PJ-2316</punctuatedPartNumber>
    <partStatusDescription>STANDARD</partStatusDescription>
    <partDescription>Renew &amp; Protect - 16 U.S. fl oz.</partDescription>
    <unitOfMeasure>Each</unitOfMeasure>
    <brandName>PJ1/VHT</brandName>
    <supplierNumber>23-16</supplierNumber>
    <specialInstructions/>
    <baseDealerPrice>13.70</baseDealerPrice>
    <yourDealerPrice>13.70</yourDealerPrice>
    <baseRetailPrice>21.95</baseRetailPrice>
    <originalRetailPrice>21.95</originalRetailPrice>
    <partImage>http://asset.lemansnet.com/z/LzMvOS8wLzM5MDY2ODFFLUY1QkEtNDEwMS04RDU3LUZENEQ1MDIxRUNBMA==</partImage>
    <productId>0630386391</productId>
    <productName>Renew &amp; Protect</productName>
    <productImage>http://asset.lemansnet.com/z/L0UvOS8xL0U5MTMzRTIxLTNDQzQtNDE1Mi1CMEVELUUyMkMyODM3QzgwNA==</productImage>
    <bullet1>Restores the original luster to old, weathered surfaces</bullet1>
    <bullet2>Super silicone moisturizing formula renews and protects rubber, plastic, vinyl and fine leather</bullet2>
    <bullet3>Guards against the deteriorating effects of smog, UV rays, moisture, and weather that can bleach, dull, or harden materials exposed to the elements</bullet3>
    <bullet4>Water soluble, non-toxic, non-flammable, and non-corrosive, and contains no damaging plasticizers or petroleum distillates</bullet4>
    <bullet5/>
    <bullet6/>
    <bullet7/>
    <bullet8/>
    <bullet9/>
    <bullet10/>
    <bullet11/>
    <bullet12/>
    <bullet13/>
    <bullet14/>
    <bullet15/>
    <bullet16/>
    <bullet17/>
    <bullet18/>
    <bullet19/>
    <bullet20/>
    <bullet21/>
    <bullet22/>
    <bullet23/>
    <bullet24/>
    <vendorPriceUpdateDate>2021-09-22 00:00:00</vendorPriceUpdateDate>
  </part>
  <part>
    <partNumber>PJ1316</partNumber>
    <punctuatedPartNumber>PJ1316</punctuatedPartNumber>
    <partStatusDescription>STANDARD</partStatusDescription>
    <partDescription>Octane Plus - 16 U.S. fl oz.</partDescription>
    <unitOfMeasure>Each</unitOfMeasure>
    <brandName>PJ1/VHT</brandName>
    <supplierNumber>13-16</supplierNumber>
    <specialInstructions/>
    <baseDealerPrice>14.50</baseDealerPrice>
    <yourDealerPrice>14.50</yourDealerPrice>
    <baseRetailPrice>22.95</baseRetailPrice>
    <originalRetailPrice>18.95</originalRetailPrice>
    <partImage>http://asset.lemansnet.com/z/LzYvMC80LzYwNDdDM0E3LTJBQUMtNDlFQS04QjI0LTVBMUY4OEIyMkI1RQ==</partImage>
    <productId>2004479808</productId>
    <productName>Octane Plus Gas Energizer</productName>
    <productImage>http://asset.lemansnet.com/z/LzYvMC80LzYwNDdDM0E3LTJBQUMtNDlFQS04QjI0LTVBMUY4OEIyMkI1RQ==</productImage>
    <bullet1>Safely boosts octane to prevent detonation and pre-ignition</bullet1>
    <bullet2>Lubricates valve seals; allows use of unleaded gas in older engines</bullet2>
    <bullet3>Contains racing fuel for power and stabilizer for safe storage</bullet3>
    <bullet4>Safe for plastic gas tanks and fiber reed valves</bullet4>
    <bullet5>Available in 1/2-L cans, 6 per case</bullet5>
    <bullet6/>
    <bullet7/>
    <bullet8/>
    <bullet9/>
    <bullet10/>
    <bullet11/>
    <bullet12/>
    <bullet13/>
    <bullet14/>
    <bullet15/>
    <bullet16/>
    <bullet17/>
    <bullet18/>
    <bullet19/>
    <bullet20/>
    <bullet21/>
    <bullet22/>
    <bullet23/>
    <bullet24/>
    <vendorPriceUpdateDate>2021-09-22 00:00:00</vendorPriceUpdateDate>
  </part>
  <part>
    <partNumber>PJ112</partNumber>
    <punctuatedPartNumber>PJ112</punctuatedPartNumber>
    <partStatusDescription>STANDARD</partStatusDescription>
    <partDescription>Cable Lube - 11 oz. net wt. - Aerosol</partDescription>
    <unitOfMeasure>Each</unitOfMeasure>
    <brandName>PJ1/VHT</brandName>
    <supplierNumber>1-12</supplierNumber>
    <specialInstructions/>
    <baseDealerPrice>9.00</baseDealerPrice>
    <yourDealerPrice>9.00</yourDealerPrice>
    <baseRetailPrice>13.95</baseRetailPrice>
    <originalRetailPrice>13.95</originalRetailPrice>
    <partImage>http://asset.lemansnet.com/z/L0EvMy82L0EzNkZEOUMzLTg4RUYtNDE3MC05MkQ1LUFEOTA2QkFCODkzNQ==</partImage>
    <productId>0687303285</productId>
    <productName>Cable Lube</productName>
    <productImage>http://asset.lemansnet.com/z/L0EvMy82L0EzNkZEOUMzLTg4RUYtNDE3MC05MkQ1LUFEOTA2QkFCODkzNQ==</productImage>
    <bullet1>Cleans and lubes in one easy application</bullet1>
    <bullet2>Smoother and more precise cable operation</bullet2>
    <bullet3>Quickly penetrates to clean and lube</bullet3>
    <bullet4>Extends the life of all wire-type brake, throttle, and clutch cables</bullet4>
    <bullet5>Protects against rust and corrosion</bullet5>
    <bullet6>Available in 11-ounce aerosol cans, 6 per case</bullet6>
    <bullet7/>
    <bullet8/>
    <bullet9/>
    <bullet10/>
    <bullet11/>
    <bullet12/>
    <bullet13/>
    <bullet14/>
    <bullet15/>
    <bullet16/>
    <bullet17/>
    <bullet18/>
    <bullet19/>
    <bullet20/>
    <bullet21/>
    <bullet22/>
    <bullet23/>
    <bullet24/>
    <vendorPriceUpdateDate>2021-09-22 00:00:00</vendorPriceUpdateDate>
  </part>
</root>
