<root>
  <part>
    <partNumber>06300358</partNumber>
    <punctuatedPartNumber>0630-0358</punctuatedPartNumber>
    <partStatusDescription>STANDARD</partStatusDescription>
    <partDescription>Grip Covers - 1-1/4" x 4-1/4" Long</partDescription>
    <unitOfMeasure>Pair</unitOfMeasure>
    <brandName>GRAB ON</brandName>
    <supplierNumber>MC401</supplierNumber>
    <specialInstructions/>
    <baseDealerPrice>7.70</baseDealerPrice>
    <yourDealerPrice>7.70</yourDealerPrice>
    <baseRetailPrice>11.95</baseRetailPrice>
    <originalRetailPrice>12.95</originalRetailPrice>
    <partImage>http://asset.lemansnet.com/z/LzYvMi85LzYyOUIzRDVDLUY0NEYtNEU2RS1CMTc0LTQyNUE5NEQyQUEyMSwvMy84L0UvMzhFOUVEMkMtMzM2QS00QjlCLTg3OEItQ0Y0NjY5MDFBQTdB</partImage>
    <productId>0639808729</productId>
    <productName>Grip Covers</productName>
    <productImage>http://asset.lemansnet.com/z/LzYvMi85LzYyOUIzRDVDLUY0NEYtNEU2RS1CMTc0LTQyNUE5NEQyQUEyMQ==</productImage>
    <bullet1>Slip over existing grips for greater comfort</bullet1>
    <bullet2>Work with heated or standard grips</bullet2>
    <bullet3>Shock-absorbing EPDM foam for a smoother ride</bullet3>
    <bullet4>Extra durable; ozone, UV, gas and oil resistant</bullet4>
    <bullet5/>
    <bullet6/>
    <bullet7/>
    <bullet8/>
    <bullet9/>
    <bullet10/>
    <bullet11/>
    <bullet12/>
    <bullet13/>
    <bullet14/>
    <bullet15/>
    <bullet16/>
    <bullet17/>
    <bullet18/>
    <bullet19/>
    <bullet20/>
    <bullet21/>
    <bullet22/>
    <bullet23/>
    <bullet24/>
    <vendorPriceUpdateDate>2023-04-22 00:00:00</vendorPriceUpdateDate>
  </part>
  <part>
    <partNumber>06300361</partNumber>
    <punctuatedPartNumber>0630-0361</punctuatedPartNumber>
    <partStatusDescription>STANDARD</partStatusDescription>
    <partDescription>Grip Covers - 1-1/2" x 5" Long</partDescription>
    <unitOfMeasure>Pair</unitOfMeasure>
    <brandName>GRAB ON</brandName>
    <supplierNumber>MC404</supplierNumber>
    <specialInstructions/>
    <baseDealerPrice>7.70</baseDealerPrice>
    <yourDealerPrice>7.70</yourDealerPrice>
    <baseRetailPrice>11.95</baseRetailPrice>
    <originalRetailPrice>12.95</originalRetailPrice>
    <partImage>http://asset.lemansnet.com/z/LzYvMS9CLzYxQkJDODdELTNCRkMtNEEwOC1CNEExLUZBRjJGRjZGRTMyNywvMy84L0UvMzhFOUVEMkMtMzM2QS00QjlCLTg3OEItQ0Y0NjY5MDFBQTdB</partImage>
    <productId>0639808729</productId>
    <productName>Grip Covers</productName>
    <productImage>http://asset.lemansnet.com/z/LzYvMi85LzYyOUIzRDVDLUY0NEYtNEU2RS1CMTc0LTQyNUE5NEQyQUEyMQ==</productImage>
    <bullet1>Slip over existing grips for greater comfort</bullet1>
    <bullet2>Work with heated or standard grips</bullet2>
    <bullet3>Shock-absorbing EPDM foam for a smoother ride</bullet3>
    <bullet4>Extra durable; ozone, UV, gas and oil resistant</bullet4>
    <bullet5/>
    <bullet6/>
    <bullet7/>
    <bullet8/>
    <bullet9/>
    <bullet10/>
    <bullet11/>
    <bullet12/>
    <bullet13/>
    <bullet14/>
    <bullet15/>
    <bullet16/>
    <bullet17/>
    <bullet18/>
    <bullet19/>
    <bullet20/>
    <bullet21/>
    <bullet22/>
    <bullet23/>
    <bullet24/>
    <vendorPriceUpdateDate>2023-04-22 00:00:00</vendorPriceUpdateDate>
  </part>
  <part>
    <partNumber>06300359</partNumber>
    <punctuatedPartNumber>0630-0359</punctuatedPartNumber>
    <partStatusDescription>STANDARD</partStatusDescription>
    <partDescription>Grip Covers - 1-1/4" x 5" Long</partDescription>
    <unitOfMeasure>Pair</unitOfMeasure>
    <brandName>GRAB ON</brandName>
    <supplierNumber>MC402</supplierNumber>
    <specialInstructions/>
    <baseDealerPrice>7.70</baseDealerPrice>
    <yourDealerPrice>7.70</yourDealerPrice>
    <baseRetailPrice>11.95</baseRetailPrice>
    <originalRetailPrice>12.95</originalRetailPrice>
    <partImage>http://asset.lemansnet.com/z/LzUvMC9BLzUwQUY5ODk5LUE0MzctNDczRS04Mjk5LUUwMEI2OTdCMDU2MiwvMy84L0UvMzhFOUVEMkMtMzM2QS00QjlCLTg3OEItQ0Y0NjY5MDFBQTdB</partImage>
    <productId>0639808729</productId>
    <productName>Grip Covers</productName>
    <productImage>http://asset.lemansnet.com/z/LzYvMi85LzYyOUIzRDVDLUY0NEYtNEU2RS1CMTc0LTQyNUE5NEQyQUEyMQ==</productImage>
    <bullet1>Slip over existing grips for greater comfort</bullet1>
    <bullet2>Work with heated or standard grips</bullet2>
    <bullet3>Shock-absorbing EPDM foam for a smoother ride</bullet3>
    <bullet4>Extra durable; ozone, UV, gas and oil resistant</bullet4>
    <bullet5/>
    <bullet6/>
    <bullet7/>
    <bullet8/>
    <bullet9/>
    <bullet10/>
    <bullet11/>
    <bullet12/>
    <bullet13/>
    <bullet14/>
    <bullet15/>
    <bullet16/>
    <bullet17/>
    <bullet18/>
    <bullet19/>
    <bullet20/>
    <bullet21/>
    <bullet22/>
    <bullet23/>
    <bullet24/>
    <vendorPriceUpdateDate>2023-04-22 00:00:00</vendorPriceUpdateDate>
  </part>
  <part>
    <partNumber>06300360</partNumber>
    <punctuatedPartNumber>0630-0360</punctuatedPartNumber>
    <partStatusDescription>STANDARD</partStatusDescription>
    <partDescription>Grip Covers - 1-1/2" x 4-1/4" Long</partDescription>
    <unitOfMeasure>Pair</unitOfMeasure>
    <brandName>GRAB ON</brandName>
    <supplierNumber>MC403</supplierNumber>
    <specialInstructions/>
    <baseDealerPrice>7.70</baseDealerPrice>
    <yourDealerPrice>7.70</yourDealerPrice>
    <baseRetailPrice>11.95</baseRetailPrice>
    <originalRetailPrice>12.95</originalRetailPrice>
    <partImage>http://asset.lemansnet.com/z/LzAvQy8zLzBDM0JCQkI3LTJGRTgtNDE0Qi1BOTVBLURCRTA5M0JGREFDRiwvMy84L0UvMzhFOUVEMkMtMzM2QS00QjlCLTg3OEItQ0Y0NjY5MDFBQTdB</partImage>
    <productId>0639808729</productId>
    <productName>Grip Covers</productName>
    <productImage>http://asset.lemansnet.com/z/LzYvMi85LzYyOUIzRDVDLUY0NEYtNEU2RS1CMTc0LTQyNUE5NEQyQUEyMQ==</productImage>
    <bullet1>Slip over existing grips for greater comfort</bullet1>
    <bullet2>Work with heated or standard grips</bullet2>
    <bullet3>Shock-absorbing EPDM foam for a smoother ride</bullet3>
    <bullet4>Extra durable; ozone, UV, gas and oil resistant</bullet4>
    <bullet5/>
    <bullet6/>
    <bullet7/>
    <bullet8/>
    <bullet9/>
    <bullet10/>
    <bullet11/>
    <bullet12/>
    <bullet13/>
    <bullet14/>
    <bullet15/>
    <bullet16/>
    <bullet17/>
    <bullet18/>
    <bullet19/>
    <bullet20/>
    <bullet21/>
    <bullet22/>
    <bullet23/>
    <bullet24/>
    <vendorPriceUpdateDate>2023-04-22 00:00:00</vendorPriceUpdateDate>
  </part>
  <part>
    <partNumber>GR07</partNumber>
    <punctuatedPartNumber>GR-07</punctuatedPartNumber>
    <partStatusDescription>STANDARD</partStatusDescription>
    <partDescription>Classic Road Grips - Black</partDescription>
    <unitOfMeasure>Pair</unitOfMeasure>
    <brandName>GRAB ON</brandName>
    <supplierNumber>MC312</supplierNumber>
    <specialInstructions/>
    <baseDealerPrice>10.80</baseDealerPrice>
    <yourDealerPrice>10.80</yourDealerPrice>
    <baseRetailPrice>16.95</baseRetailPrice>
    <originalRetailPrice>18.95</originalRetailPrice>
    <partImage>http://asset.lemansnet.com/z/L0MvNS9FL0M1RTk2OTJDLTkxM0QtNDZBOS05NzU1LTdCRjFCRDRFRUNCNg==</partImage>
    <productId>1659931300</productId>
    <productName>Classic Road Grips</productName>
    <productImage>http://asset.lemansnet.com/z/L0MvNS9FL0M1RTk2OTJDLTkxM0QtNDZBOS05NzU1LTdCRjFCRDRFRUNCNg==</productImage>
    <bullet1>5” L neoprene foam grips</bullet1>
    <bullet2>Long lasting foam material is durable in all weather, ozone and UV rays</bullet2>
    <bullet3>Help reduce vibration and shock to the hands</bullet3>
    <bullet4>Shouldered on both ends</bullet4>
    <bullet5/>
    <bullet6/>
    <bullet7/>
    <bullet8/>
    <bullet9/>
    <bullet10/>
    <bullet11/>
    <bullet12/>
    <bullet13/>
    <bullet14/>
    <bullet15/>
    <bullet16/>
    <bullet17/>
    <bullet18/>
    <bullet19/>
    <bullet20/>
    <bullet21/>
    <bullet22/>
    <bullet23/>
    <bullet24/>
    <vendorPriceUpdateDate>2023-04-22 00:00:00</vendorPriceUpdateDate>
  </part>
  <part>
    <partNumber>GR17</partNumber>
    <punctuatedPartNumber>GR-17</punctuatedPartNumber>
    <partStatusDescription>STANDARD</partStatusDescription>
    <partDescription>Comfort Harley-Style Grips - Black</partDescription>
    <unitOfMeasure>Pair</unitOfMeasure>
    <brandName>GRAB ON</brandName>
    <supplierNumber>MC310</supplierNumber>
    <specialInstructions/>
    <baseDealerPrice>7.70</baseDealerPrice>
    <yourDealerPrice>7.70</yourDealerPrice>
    <baseRetailPrice>11.95</baseRetailPrice>
    <originalRetailPrice>14.95</originalRetailPrice>
    <partImage>http://asset.lemansnet.com/z/L0EvQy85L0FDOTZBMkQwLTRCNzYtNDZBRi05RUVBLUI1NjBGQzFGRjVFRg==</partImage>
    <productId>1906153997</productId>
    <productName>Comfort Harley-Style Grips</productName>
    <productImage>http://asset.lemansnet.com/z/L0EvQy85L0FDOTZBMkQwLTRCNzYtNDZBRi05RUVBLUI1NjBGQzFGRjVFRg==</productImage>
    <bullet1>Nitrile closed-cell foam absorbs motor vibration and road shock; doesn't get cold like rubber</bullet1>
    <bullet2>Cruiser styling includes special large black end caps</bullet2>
    <bullet3/>
    <bullet4/>
    <bullet5/>
    <bullet6/>
    <bullet7/>
    <bullet8/>
    <bullet9/>
    <bullet10/>
    <bullet11/>
    <bullet12/>
    <bullet13/>
    <bullet14/>
    <bullet15/>
    <bullet16/>
    <bullet17/>
    <bullet18/>
    <bullet19/>
    <bullet20/>
    <bullet21/>
    <bullet22/>
    <bullet23/>
    <bullet24/>
    <vendorPriceUpdateDate>2023-04-22 00:00:00</vendorPriceUpdateDate>
  </part>
  <part>
    <partNumber>GR20</partNumber>
    <punctuatedPartNumber>GR-20</punctuatedPartNumber>
    <partStatusDescription>STANDARD</partStatusDescription>
    <partDescription>Comfort Road Grips - Black</partDescription>
    <unitOfMeasure>Pair</unitOfMeasure>
    <brandName>GRAB ON</brandName>
    <supplierNumber>MC301</supplierNumber>
    <specialInstructions/>
    <baseDealerPrice>7.70</baseDealerPrice>
    <yourDealerPrice>7.70</yourDealerPrice>
    <baseRetailPrice>11.95</baseRetailPrice>
    <originalRetailPrice>14.95</originalRetailPrice>
    <partImage>http://asset.lemansnet.com/z/L0QvRi8xL0RGMUM0RjlBLTA3OEUtNDg2QS05ODQ2LTJEQjc0NDFGODRFMA==</partImage>
    <productId>0811068556</productId>
    <productName>Comfort Road Grips</productName>
    <productImage>http://asset.lemansnet.com/z/L0QvRi8xL0RGMUM0RjlBLTA3OEUtNDg2QS05ODQ2LTJEQjc0NDFGODRFMA==</productImage>
    <bullet1>All the great Grab On® features at an economical price</bullet1>
    <bullet2>5” nitrile foam grip shouldered at both ends</bullet2>
    <bullet3>Closed cell foam helps absorb vibration</bullet3>
    <bullet4>Includes two grips, endcaps, and an anti-friction throttle washer</bullet4>
    <bullet5/>
    <bullet6/>
    <bullet7/>
    <bullet8/>
    <bullet9/>
    <bullet10/>
    <bullet11/>
    <bullet12/>
    <bullet13/>
    <bullet14/>
    <bullet15/>
    <bullet16/>
    <bullet17/>
    <bullet18/>
    <bullet19/>
    <bullet20/>
    <bullet21/>
    <bullet22/>
    <bullet23/>
    <bullet24/>
    <vendorPriceUpdateDate>2023-04-22 00:00:00</vendorPriceUpdateDate>
  </part>
  <part>
    <partNumber>GR25</partNumber>
    <punctuatedPartNumber>GR-25</punctuatedPartNumber>
    <partStatusDescription>STANDARD</partStatusDescription>
    <partDescription>Replacement Grip Sleeves - Foam</partDescription>
    <unitOfMeasure>Pair</unitOfMeasure>
    <brandName>GRAB ON</brandName>
    <supplierNumber>MC318</supplierNumber>
    <specialInstructions/>
    <baseDealerPrice>6.60</baseDealerPrice>
    <yourDealerPrice>6.60</yourDealerPrice>
    <baseRetailPrice>10.95</baseRetailPrice>
    <originalRetailPrice>11.95</originalRetailPrice>
    <partImage>http://asset.lemansnet.com/z/LzgvQS9DLzhBQzNGNzU1LTY4NDItNDhCMC04OUQ3LTY4MUYxRUVBRTRGNg==</partImage>
    <productId>1540806777</productId>
    <productName>Replacement Grip Sleeves - Foam</productName>
    <productImage/>
    <bullet1/>
    <bullet2/>
    <bullet3/>
    <bullet4/>
    <bullet5/>
    <bullet6/>
    <bullet7/>
    <bullet8/>
    <bullet9/>
    <bullet10/>
    <bullet11/>
    <bullet12/>
    <bullet13/>
    <bullet14/>
    <bullet15/>
    <bullet16/>
    <bullet17/>
    <bullet18/>
    <bullet19/>
    <bullet20/>
    <bullet21/>
    <bullet22/>
    <bullet23/>
    <bullet24/>
    <vendorPriceUpdateDate>2023-04-22 00:00:00</vendorPriceUpdateDate>
  </part>
  <part>
    <partNumber>GR13</partNumber>
    <punctuatedPartNumber>GR-13</punctuatedPartNumber>
    <partStatusDescription>STANDARD</partStatusDescription>
    <partDescription>Comfort ATV Grips - Black</partDescription>
    <unitOfMeasure>Pair</unitOfMeasure>
    <brandName>GRAB ON</brandName>
    <supplierNumber>MC307</supplierNumber>
    <specialInstructions/>
    <baseDealerPrice>7.70</baseDealerPrice>
    <yourDealerPrice>7.70</yourDealerPrice>
    <baseRetailPrice>11.95</baseRetailPrice>
    <originalRetailPrice>14.95</originalRetailPrice>
    <partImage>http://asset.lemansnet.com/z/L0QvOC85L0Q4OTgyRjBFLTFFMDctNERCMi1BNDE4LTkzNzU3NjE3RTk4MA==</partImage>
    <productId>1734598704</productId>
    <productName>Comfort ATV Grips</productName>
    <productImage>http://asset.lemansnet.com/z/L0QvOC85L0Q4OTgyRjBFLTFFMDctNERCMi1BNDE4LTkzNzU3NjE3RTk4MA==</productImage>
    <bullet1>Nitrile closed-cell foam absorbs motor vibration and road shock; doesn't get cold like rubber</bullet1>
    <bullet2>Comfort ATV - 7/8" x 5" for thumb throttles</bullet2>
    <bullet3>End caps included</bullet3>
    <bullet4/>
    <bullet5/>
    <bullet6/>
    <bullet7/>
    <bullet8/>
    <bullet9/>
    <bullet10/>
    <bullet11/>
    <bullet12/>
    <bullet13/>
    <bullet14/>
    <bullet15/>
    <bullet16/>
    <bullet17/>
    <bullet18/>
    <bullet19/>
    <bullet20/>
    <bullet21/>
    <bullet22/>
    <bullet23/>
    <bullet24/>
    <vendorPriceUpdateDate>2023-04-22 00:00:00</vendorPriceUpdateDate>
  </part>
  <part>
    <partNumber>GR18</partNumber>
    <punctuatedPartNumber>GR-18</punctuatedPartNumber>
    <partStatusDescription>STANDARD</partStatusDescription>
    <partDescription>Classic Superbike Grips - Black</partDescription>
    <unitOfMeasure>Pair</unitOfMeasure>
    <brandName>GRAB ON</brandName>
    <supplierNumber>MC313</supplierNumber>
    <specialInstructions/>
    <baseDealerPrice>10.80</baseDealerPrice>
    <yourDealerPrice>10.80</yourDealerPrice>
    <baseRetailPrice>16.95</baseRetailPrice>
    <originalRetailPrice>18.95</originalRetailPrice>
    <partImage>http://asset.lemansnet.com/z/L0IvMS9GL0IxRjI0RjdELTEwMjgtNEZCRC1BOUY1LTY3OUVGQzIwOTlDMQ==</partImage>
    <productId>0446506817</productId>
    <productName>Classic Superbike Grips</productName>
    <productImage>http://asset.lemansnet.com/z/L0IvMS9GL0IxRjI0RjdELTEwMjgtNEZCRC1BOUY1LTY3OUVGQzIwOTlDMQ==</productImage>
    <bullet1>5-3/4” length to fit longer/superbike throttle and clutch side</bullet1>
    <bullet2>Closed cell foam helps absorb vibration</bullet2>
    <bullet3>Shouldered on one end to allow more usable grip area</bullet3>
    <bullet4>Especially comfortable on sharply bent bars</bullet4>
    <bullet5/>
    <bullet6/>
    <bullet7/>
    <bullet8/>
    <bullet9/>
    <bullet10/>
    <bullet11/>
    <bullet12/>
    <bullet13/>
    <bullet14/>
    <bullet15/>
    <bullet16/>
    <bullet17/>
    <bullet18/>
    <bullet19/>
    <bullet20/>
    <bullet21/>
    <bullet22/>
    <bullet23/>
    <bullet24/>
    <vendorPriceUpdateDate>2023-04-22 00:00:00</vendorPriceUpdateDate>
  </part>
  <part>
    <partNumber>GR21</partNumber>
    <punctuatedPartNumber>GR-21</punctuatedPartNumber>
    <partStatusDescription>STANDARD</partStatusDescription>
    <partDescription>Comfort Superbike Grips - Black</partDescription>
    <unitOfMeasure>Pair</unitOfMeasure>
    <brandName>GRAB ON</brandName>
    <supplierNumber>MC304</supplierNumber>
    <specialInstructions/>
    <baseDealerPrice>7.70</baseDealerPrice>
    <yourDealerPrice>7.70</yourDealerPrice>
    <baseRetailPrice>11.95</baseRetailPrice>
    <originalRetailPrice>14.95</originalRetailPrice>
    <partImage>http://asset.lemansnet.com/z/LzUvQS8zLzVBMzUzNUI5LUY4QzEtNEQwOC05NjgwLUFDMjg5MEEzNDE4Nw==</partImage>
    <productId>0485455200</productId>
    <productName>Comfort Superbike Grips</productName>
    <productImage>http://asset.lemansnet.com/z/LzUvQS8zLzVBMzUzNUI5LUY4QzEtNEQwOC05NjgwLUFDMjg5MEEzNDE4Nw==</productImage>
    <bullet1>5-3/4” nitrile foam grips for superbikes at an economy price</bullet1>
    <bullet2>Tough foam grips help dampen road vibration</bullet2>
    <bullet3>Shouldered at one end to allow more usable grip area</bullet3>
    <bullet4/>
    <bullet5/>
    <bullet6/>
    <bullet7/>
    <bullet8/>
    <bullet9/>
    <bullet10/>
    <bullet11/>
    <bullet12/>
    <bullet13/>
    <bullet14/>
    <bullet15/>
    <bullet16/>
    <bullet17/>
    <bullet18/>
    <bullet19/>
    <bullet20/>
    <bullet21/>
    <bullet22/>
    <bullet23/>
    <bullet24/>
    <vendorPriceUpdateDate>2023-04-22 00:00:00</vendorPriceUpdateDate>
  </part>
</root>
