<root>
  <part>
    <partNumber>39100090</partNumber>
    <punctuatedPartNumber>3910-0090</punctuatedPartNumber>
    <partStatusDescription>STANDARD</partStatusDescription>
    <partDescription>Flip Ramp - 58"</partDescription>
    <unitOfMeasure>Each</unitOfMeasure>
    <brandName>JUSTSAIL PRODUCTS</brandName>
    <supplierNumber>JSP458-RMP</supplierNumber>
    <specialInstructions/>
    <baseDealerPrice>61.30</baseDealerPrice>
    <yourDealerPrice>61.30</yourDealerPrice>
    <baseRetailPrice>87.95</baseRetailPrice>
    <originalRetailPrice>87.95</originalRetailPrice>
    <partImage>http://asset.lemansnet.com/z/LzYvOS8yLzY5MkIyMzlFLTA2NEMtNEE0NS05MUY0LUZCMjg5RDMwM0FCNg==</partImage>
    <productId>1272237419</productId>
    <productName>Flipramp</productName>
    <productImage>http://asset.lemansnet.com/z/LzUvRi8xLzVGMTRGQ0ZBLUQ3MkYtNENCNy1CQjRELTM2NEU3RjdDMkUwMQ==</productImage>
    <bullet1>Creates a full ramp to the ground from the trailer</bullet1>
    <bullet2>Removes easily with hinges and no tools required</bullet2>
    <bullet3>Extra hinge brackets sold separately for replacement or easy storage on trailer or garage wall</bullet3>
    <bullet4>Mounting brackets and hinges are made from aluminum for corrosion resistance</bullet4>
    <bullet5>Made in the U.S.A</bullet5>
    <bullet6/>
    <bullet7/>
    <bullet8/>
    <bullet9/>
    <bullet10/>
    <bullet11/>
    <bullet12/>
    <bullet13/>
    <bullet14/>
    <bullet15/>
    <bullet16/>
    <bullet17/>
    <bullet18/>
    <bullet19/>
    <bullet20/>
    <bullet21/>
    <bullet22/>
    <bullet23/>
    <bullet24/>
    <vendorPriceUpdateDate>2021-06-22 00:00:00</vendorPriceUpdateDate>
  </part>
  <part>
    <partNumber>39100091</partNumber>
    <punctuatedPartNumber>3910-0091</punctuatedPartNumber>
    <partStatusDescription>STANDARD</partStatusDescription>
    <partDescription>Flip Ramp - 96"</partDescription>
    <unitOfMeasure>Each</unitOfMeasure>
    <brandName>JUSTSAIL PRODUCTS</brandName>
    <supplierNumber>JSP496-RMP</supplierNumber>
    <specialInstructions/>
    <baseDealerPrice>83.10</baseDealerPrice>
    <yourDealerPrice>83.10</yourDealerPrice>
    <baseRetailPrice>118.95</baseRetailPrice>
    <originalRetailPrice>118.95</originalRetailPrice>
    <partImage>http://asset.lemansnet.com/z/LzMvNS8yLzM1MjU2NTNGLTIyMjMtNDE1Ny1COTM3LURFMjhFMDUxODg0RQ==</partImage>
    <productId>1272237419</productId>
    <productName>Flipramp</productName>
    <productImage>http://asset.lemansnet.com/z/LzUvRi8xLzVGMTRGQ0ZBLUQ3MkYtNENCNy1CQjRELTM2NEU3RjdDMkUwMQ==</productImage>
    <bullet1>Creates a full ramp to the ground from the trailer</bullet1>
    <bullet2>Removes easily with hinges and no tools required</bullet2>
    <bullet3>Extra hinge brackets sold separately for replacement or easy storage on trailer or garage wall</bullet3>
    <bullet4>Mounting brackets and hinges are made from aluminum for corrosion resistance</bullet4>
    <bullet5>Made in the U.S.A</bullet5>
    <bullet6/>
    <bullet7/>
    <bullet8/>
    <bullet9/>
    <bullet10/>
    <bullet11/>
    <bullet12/>
    <bullet13/>
    <bullet14/>
    <bullet15/>
    <bullet16/>
    <bullet17/>
    <bullet18/>
    <bullet19/>
    <bullet20/>
    <bullet21/>
    <bullet22/>
    <bullet23/>
    <bullet24/>
    <vendorPriceUpdateDate>2023-04-22 00:00:00</vendorPriceUpdateDate>
  </part>
  <part>
    <partNumber>41100126</partNumber>
    <punctuatedPartNumber>4110-0126</punctuatedPartNumber>
    <partStatusDescription>STANDARD</partStatusDescription>
    <partDescription>Hydraulic Stand/Lift</partDescription>
    <unitOfMeasure>Each</unitOfMeasure>
    <brandName>JUSTSAIL PRODUCTS</brandName>
    <supplierNumber>JSP300-LFT</supplierNumber>
    <specialInstructions/>
    <baseDealerPrice>495.00</baseDealerPrice>
    <yourDealerPrice>495.00</yourDealerPrice>
    <baseRetailPrice>707.95</baseRetailPrice>
    <originalRetailPrice>707.95</originalRetailPrice>
    <partImage>http://asset.lemansnet.com/z/LzAvMC8xLzAwMUNFQUU5LTM5NDEtNEY4NS1BN0U3LUQ5MURENDZGRjQzMA==</partImage>
    <productId>1111192936</productId>
    <productName>Polarlift Hydraulic Lift Stand</productName>
    <productImage>http://asset.lemansnet.com/z/LzAvMC8xLzAwMUNFQUU5LTM5NDEtNEY4NS1BN0U3LUQ5MURENDZGRjQzMA==</productImage>
    <bullet1>4-swivel log caster system allows for half the radius maneuverability in tight areas</bullet1>
    <bullet2>Rubber bumpers on the bunk to capture snowmobile for a secure anti-slip grip</bullet2>
    <bullet3>All-tube construction for maximum strength, stability and durability</bullet3>
    <bullet4>Two brakes positioned front and rear for a stable anti-roll</bullet4>
    <bullet5>Independent safety arms for peace of mind</bullet5>
    <bullet6/>
    <bullet7/>
    <bullet8/>
    <bullet9/>
    <bullet10/>
    <bullet11/>
    <bullet12/>
    <bullet13/>
    <bullet14/>
    <bullet15/>
    <bullet16/>
    <bullet17/>
    <bullet18/>
    <bullet19/>
    <bullet20/>
    <bullet21/>
    <bullet22/>
    <bullet23/>
    <bullet24/>
    <vendorPriceUpdateDate>2021-06-22 00:00:00</vendorPriceUpdateDate>
  </part>
  <part>
    <partNumber>45040050</partNumber>
    <punctuatedPartNumber>4504-0050</punctuatedPartNumber>
    <partStatusDescription>STANDARD</partStatusDescription>
    <partDescription>Tie-Down Bar Crank - 1/2" x 13</partDescription>
    <unitOfMeasure>Each</unitOfMeasure>
    <brandName>JUSTSAIL PRODUCTS</brandName>
    <supplierNumber>JSP0024-HND</supplierNumber>
    <specialInstructions/>
    <baseDealerPrice>8.50</baseDealerPrice>
    <yourDealerPrice>8.50</yourDealerPrice>
    <baseRetailPrice>12.95</baseRetailPrice>
    <originalRetailPrice>12.95</originalRetailPrice>
    <partImage>http://asset.lemansnet.com/z/LzMvRS9FLzNFRTE4MDk2LUE2N0UtNDVGQi04N0QyLUFGOTBGN0Q4MUQwQw==</partImage>
    <productId>0514039894</productId>
    <productName>Tie-Down Crank Bar</productName>
    <productImage>http://asset.lemansnet.com/z/LzMvRS9FLzNFRTE4MDk2LUE2N0UtNDVGQi04N0QyLUFGOTBGN0Q4MUQwQw==</productImage>
    <bullet1>E-coated to resist corrosion</bullet1>
    <bullet2>Designed to fit most trailers</bullet2>
    <bullet3/>
    <bullet4/>
    <bullet5/>
    <bullet6/>
    <bullet7/>
    <bullet8/>
    <bullet9/>
    <bullet10/>
    <bullet11/>
    <bullet12/>
    <bullet13/>
    <bullet14/>
    <bullet15/>
    <bullet16/>
    <bullet17/>
    <bullet18/>
    <bullet19/>
    <bullet20/>
    <bullet21/>
    <bullet22/>
    <bullet23/>
    <bullet24/>
    <vendorPriceUpdateDate>2021-06-22 00:00:00</vendorPriceUpdateDate>
  </part>
  <part>
    <partNumber>45040109</partNumber>
    <punctuatedPartNumber>4504-0109</punctuatedPartNumber>
    <partStatusDescription>STANDARD</partStatusDescription>
    <partDescription>Tie-Down Bar - Aluminum - 1" x 1-1/2"</partDescription>
    <unitOfMeasure>Each</unitOfMeasure>
    <brandName>JUSTSAIL PRODUCTS</brandName>
    <supplierNumber>JSP0020-BAR</supplierNumber>
    <specialInstructions/>
    <baseDealerPrice>42.30</baseDealerPrice>
    <yourDealerPrice>42.30</yourDealerPrice>
    <baseRetailPrice>60.95</baseRetailPrice>
    <originalRetailPrice>60.95</originalRetailPrice>
    <partImage>http://asset.lemansnet.com/z/L0YvOC8wL0Y4MDMwQzAwLTFGMzItNDVGNi1CN0M3LTM3NTdGQUQyMzU0Mw==</partImage>
    <productId>0931671349</productId>
    <productName>Tie-Down Bar</productName>
    <productImage>http://asset.lemansnet.com/z/L0YvOC8wL0Y4MDMwQzAwLTFGMzItNDVGNi1CN0M3LTM3NTdGQUQyMzU0Mw==</productImage>
    <bullet1>Fits over the skis and secures them directly to the trailer</bullet1>
    <bullet2/>
    <bullet3/>
    <bullet4/>
    <bullet5/>
    <bullet6/>
    <bullet7/>
    <bullet8/>
    <bullet9/>
    <bullet10/>
    <bullet11/>
    <bullet12/>
    <bullet13/>
    <bullet14/>
    <bullet15/>
    <bullet16/>
    <bullet17/>
    <bullet18/>
    <bullet19/>
    <bullet20/>
    <bullet21/>
    <bullet22/>
    <bullet23/>
    <bullet24/>
    <vendorPriceUpdateDate>2021-06-22 00:00:00</vendorPriceUpdateDate>
  </part>
  <part>
    <partNumber>45040052</partNumber>
    <punctuatedPartNumber>4504-0052</punctuatedPartNumber>
    <partStatusDescription>STANDARD</partStatusDescription>
    <partDescription>Tie-Down Bar - Steel - 1" x 2"</partDescription>
    <unitOfMeasure>Each</unitOfMeasure>
    <brandName>JUSTSAIL PRODUCTS</brandName>
    <supplierNumber>JSP0021-BAR</supplierNumber>
    <specialInstructions/>
    <baseDealerPrice>38.40</baseDealerPrice>
    <yourDealerPrice>38.40</yourDealerPrice>
    <baseRetailPrice>54.95</baseRetailPrice>
    <originalRetailPrice>54.95</originalRetailPrice>
    <partImage>http://asset.lemansnet.com/z/LzMvNS85LzM1OUUwN0NELTc4OTUtNDM4MC1COUFFLUJDQzJBOEZENUNGQw==</partImage>
    <productId>0931671349</productId>
    <productName>Tie-Down Bar</productName>
    <productImage>http://asset.lemansnet.com/z/L0YvOC8wL0Y4MDMwQzAwLTFGMzItNDVGNi1CN0M3LTM3NTdGQUQyMzU0Mw==</productImage>
    <bullet1>Fits over the skis and secures them directly to the trailer</bullet1>
    <bullet2/>
    <bullet3/>
    <bullet4/>
    <bullet5/>
    <bullet6/>
    <bullet7/>
    <bullet8/>
    <bullet9/>
    <bullet10/>
    <bullet11/>
    <bullet12/>
    <bullet13/>
    <bullet14/>
    <bullet15/>
    <bullet16/>
    <bullet17/>
    <bullet18/>
    <bullet19/>
    <bullet20/>
    <bullet21/>
    <bullet22/>
    <bullet23/>
    <bullet24/>
    <vendorPriceUpdateDate>2021-06-22 00:00:00</vendorPriceUpdateDate>
  </part>
  <part>
    <partNumber>41100127</partNumber>
    <punctuatedPartNumber>4110-0127</punctuatedPartNumber>
    <partStatusDescription>STANDARD</partStatusDescription>
    <partDescription>Rear Stand with Lever</partDescription>
    <unitOfMeasure>Each</unitOfMeasure>
    <brandName>JUSTSAIL PRODUCTS</brandName>
    <supplierNumber>JSP310-STN</supplierNumber>
    <specialInstructions/>
    <baseDealerPrice>133.60</baseDealerPrice>
    <yourDealerPrice>133.60</yourDealerPrice>
    <baseRetailPrice>190.95</baseRetailPrice>
    <originalRetailPrice>190.95</originalRetailPrice>
    <partImage>http://asset.lemansnet.com/z/LzkvMC9GLzkwRkUwOTRCLTE3Q0QtNDM2Ni05RTMyLTNBQ0NDNEJGN0I2OA==</partImage>
    <productId>2047038632</productId>
    <productName>Stand with Lever</productName>
    <productImage>http://asset.lemansnet.com/z/LzkvMC9GLzkwRkUwOTRCLTE3Q0QtNDM2Ni05RTMyLTNBQ0NDNEJGN0I2OA==</productImage>
    <bullet1>Multiple position lock system for maximum safety and adjustable height</bullet1>
    <bullet2>Lift for maintenance or to relax track and suspension for storage</bullet2>
    <bullet3>Easily disassembled for lay-flat storage and transportation</bullet3>
    <bullet4>Telescoping riser for maximum adjustability to fit sled</bullet4>
    <bullet5>Lift arm has rubber handle for comfort and grip</bullet5>
    <bullet6/>
    <bullet7/>
    <bullet8/>
    <bullet9/>
    <bullet10/>
    <bullet11/>
    <bullet12/>
    <bullet13/>
    <bullet14/>
    <bullet15/>
    <bullet16/>
    <bullet17/>
    <bullet18/>
    <bullet19/>
    <bullet20/>
    <bullet21/>
    <bullet22/>
    <bullet23/>
    <bullet24/>
    <vendorPriceUpdateDate>2021-06-22 00:00:00</vendorPriceUpdateDate>
  </part>
  <part>
    <partNumber>45040049</partNumber>
    <punctuatedPartNumber>4504-0049</punctuatedPartNumber>
    <partStatusDescription>STANDARD</partStatusDescription>
    <partDescription>Crank Plate - 1/2 x 13</partDescription>
    <unitOfMeasure>Each</unitOfMeasure>
    <brandName>JUSTSAIL PRODUCTS</brandName>
    <supplierNumber>JSP0023-PLT</supplierNumber>
    <specialInstructions/>
    <baseDealerPrice>7.30</baseDealerPrice>
    <yourDealerPrice>7.30</yourDealerPrice>
    <baseRetailPrice>10.95</baseRetailPrice>
    <originalRetailPrice>10.95</originalRetailPrice>
    <partImage>http://asset.lemansnet.com/z/L0YvOS8yL0Y5MkVBM0EyLTlBNjEtNDc4MS05QzJCLUY1QTAyOUY2MjMyOA==</partImage>
    <productId>1456812599</productId>
    <productName>Tie-Down Crank Plate</productName>
    <productImage>http://asset.lemansnet.com/z/L0YvOS8yL0Y5MkVBM0EyLTlBNjEtNDc4MS05QzJCLUY1QTAyOUY2MjMyOA==</productImage>
    <bullet1>2" x 4" x 1/8" crank plate replaces stripped or corroded crank plates (1/2" x 13 thread pitch)</bullet1>
    <bullet2>Crank plates are gold e-coated to resist corrosion</bullet2>
    <bullet3>Designed to fit most trailers</bullet3>
    <bullet4/>
    <bullet5/>
    <bullet6/>
    <bullet7/>
    <bullet8/>
    <bullet9/>
    <bullet10/>
    <bullet11/>
    <bullet12/>
    <bullet13/>
    <bullet14/>
    <bullet15/>
    <bullet16/>
    <bullet17/>
    <bullet18/>
    <bullet19/>
    <bullet20/>
    <bullet21/>
    <bullet22/>
    <bullet23/>
    <bullet24/>
    <vendorPriceUpdateDate>2021-06-22 00:00:00</vendorPriceUpdateDate>
  </part>
  <part>
    <partNumber>45040111</partNumber>
    <punctuatedPartNumber>4504-0111</punctuatedPartNumber>
    <partStatusDescription>STANDARD</partStatusDescription>
    <partDescription>Tie-Down Protextor - 1" x 2"</partDescription>
    <unitOfMeasure>Pair</unitOfMeasure>
    <brandName>JUSTSAIL PRODUCTS</brandName>
    <supplierNumber>JSP0026-CAP</supplierNumber>
    <specialInstructions/>
    <baseDealerPrice>15.50</baseDealerPrice>
    <yourDealerPrice>15.50</yourDealerPrice>
    <baseRetailPrice>22.95</baseRetailPrice>
    <originalRetailPrice>22.95</originalRetailPrice>
    <partImage>http://asset.lemansnet.com/z/LzgvOC8wLzg4MEU0QkU1LTZCNTItNDIwQS1CNUZBLUVDMzdBMjFGRDJFQQ==</partImage>
    <productId>0933990517</productId>
    <productName>Tie-Down Protector</productName>
    <productImage>http://asset.lemansnet.com/z/LzgvOC8wLzg4MEU0QkU1LTZCNTItNDIwQS1CNUZBLUVDMzdBMjFGRDJFQQ==</productImage>
    <bullet1>Replacement vinyl tie down bar protector caps</bullet1>
    <bullet2/>
    <bullet3/>
    <bullet4/>
    <bullet5/>
    <bullet6/>
    <bullet7/>
    <bullet8/>
    <bullet9/>
    <bullet10/>
    <bullet11/>
    <bullet12/>
    <bullet13/>
    <bullet14/>
    <bullet15/>
    <bullet16/>
    <bullet17/>
    <bullet18/>
    <bullet19/>
    <bullet20/>
    <bullet21/>
    <bullet22/>
    <bullet23/>
    <bullet24/>
    <vendorPriceUpdateDate>2023-04-22 00:00:00</vendorPriceUpdateDate>
  </part>
  <part>
    <partNumber>45040112</partNumber>
    <punctuatedPartNumber>4504-0112</punctuatedPartNumber>
    <partStatusDescription>STANDARD</partStatusDescription>
    <partDescription>Tie-Down Protextor - 1" x 1-1/2"</partDescription>
    <unitOfMeasure>Pair</unitOfMeasure>
    <brandName>JUSTSAIL PRODUCTS</brandName>
    <supplierNumber>JSP0029-CAP</supplierNumber>
    <specialInstructions/>
    <baseDealerPrice>14.80</baseDealerPrice>
    <yourDealerPrice>14.80</yourDealerPrice>
    <baseRetailPrice>21.95</baseRetailPrice>
    <originalRetailPrice>21.95</originalRetailPrice>
    <partImage>http://asset.lemansnet.com/z/LzIvQy8xLzJDMTAxNEE5LUM0QjYtNDlDNC04NzZCLTA2MTlGNTMxMDJGQQ==</partImage>
    <productId>0933990517</productId>
    <productName>Tie-Down Protector</productName>
    <productImage>http://asset.lemansnet.com/z/LzgvOC8wLzg4MEU0QkU1LTZCNTItNDIwQS1CNUZBLUVDMzdBMjFGRDJFQQ==</productImage>
    <bullet1>Replacement vinyl tie down bar protector caps</bullet1>
    <bullet2/>
    <bullet3/>
    <bullet4/>
    <bullet5/>
    <bullet6/>
    <bullet7/>
    <bullet8/>
    <bullet9/>
    <bullet10/>
    <bullet11/>
    <bullet12/>
    <bullet13/>
    <bullet14/>
    <bullet15/>
    <bullet16/>
    <bullet17/>
    <bullet18/>
    <bullet19/>
    <bullet20/>
    <bullet21/>
    <bullet22/>
    <bullet23/>
    <bullet24/>
    <vendorPriceUpdateDate>2023-04-22 00:00:00</vendorPriceUpdateDate>
  </part>
  <part>
    <partNumber>39100089</partNumber>
    <punctuatedPartNumber>3910-0089</punctuatedPartNumber>
    <partStatusDescription>STANDARD</partStatusDescription>
    <partDescription>Flip Ramp - 54"</partDescription>
    <unitOfMeasure>Each</unitOfMeasure>
    <brandName>JUSTSAIL PRODUCTS</brandName>
    <supplierNumber>JSP454-RMP</supplierNumber>
    <specialInstructions/>
    <baseDealerPrice>57.90</baseDealerPrice>
    <yourDealerPrice>57.90</yourDealerPrice>
    <baseRetailPrice>82.95</baseRetailPrice>
    <originalRetailPrice>82.95</originalRetailPrice>
    <partImage>http://asset.lemansnet.com/z/LzYvOS8yLzY5MkIyMzlFLTA2NEMtNEE0NS05MUY0LUZCMjg5RDMwM0FCNg==</partImage>
    <productId>1272237419</productId>
    <productName>Flipramp</productName>
    <productImage>http://asset.lemansnet.com/z/LzUvRi8xLzVGMTRGQ0ZBLUQ3MkYtNENCNy1CQjRELTM2NEU3RjdDMkUwMQ==</productImage>
    <bullet1>Creates a full ramp to the ground from the trailer</bullet1>
    <bullet2>Removes easily with hinges and no tools required</bullet2>
    <bullet3>Extra hinge brackets sold separately for replacement or easy storage on trailer or garage wall</bullet3>
    <bullet4>Mounting brackets and hinges are made from aluminum for corrosion resistance</bullet4>
    <bullet5>Made in the U.S.A</bullet5>
    <bullet6/>
    <bullet7/>
    <bullet8/>
    <bullet9/>
    <bullet10/>
    <bullet11/>
    <bullet12/>
    <bullet13/>
    <bullet14/>
    <bullet15/>
    <bullet16/>
    <bullet17/>
    <bullet18/>
    <bullet19/>
    <bullet20/>
    <bullet21/>
    <bullet22/>
    <bullet23/>
    <bullet24/>
    <vendorPriceUpdateDate>2021-06-22 00:00:00</vendorPriceUpdateDate>
  </part>
  <part>
    <partNumber>39100066</partNumber>
    <punctuatedPartNumber>3910-0066</punctuatedPartNumber>
    <partStatusDescription>STANDARD</partStatusDescription>
    <partDescription>Flip Ramp - 8'</partDescription>
    <unitOfMeasure>Pair</unitOfMeasure>
    <brandName>JUSTSAIL PRODUCTS</brandName>
    <supplierNumber>JSP400-RMP</supplierNumber>
    <specialInstructions/>
    <baseDealerPrice>74.90</baseDealerPrice>
    <yourDealerPrice>74.90</yourDealerPrice>
    <baseRetailPrice>107.00</baseRetailPrice>
    <originalRetailPrice>107.00</originalRetailPrice>
    <partImage>http://asset.lemansnet.com/z/LzUvRi8xLzVGMTRGQ0ZBLUQ3MkYtNENCNy1CQjRELTM2NEU3RjdDMkUwMSwvMi84LzAvMjgwMzFBMTYtOTIzQS00NzhELTgyRTctNEFGQzU0ODk0NzAy</partImage>
    <productId>1272237419</productId>
    <productName>Flipramp</productName>
    <productImage>http://asset.lemansnet.com/z/LzUvRi8xLzVGMTRGQ0ZBLUQ3MkYtNENCNy1CQjRELTM2NEU3RjdDMkUwMQ==</productImage>
    <bullet1>Creates a full ramp to the ground from the trailer</bullet1>
    <bullet2>Removes easily with hinges and no tools required</bullet2>
    <bullet3>Extra hinge brackets sold separately for replacement or easy storage on trailer or garage wall</bullet3>
    <bullet4>Mounting brackets and hinges are made from aluminum for corrosion resistance</bullet4>
    <bullet5>Made in the U.S.A</bullet5>
    <bullet6/>
    <bullet7/>
    <bullet8/>
    <bullet9/>
    <bullet10/>
    <bullet11/>
    <bullet12/>
    <bullet13/>
    <bullet14/>
    <bullet15/>
    <bullet16/>
    <bullet17/>
    <bullet18/>
    <bullet19/>
    <bullet20/>
    <bullet21/>
    <bullet22/>
    <bullet23/>
    <bullet24/>
    <vendorPriceUpdateDate>2023-04-22 00:00:00</vendorPriceUpdateDate>
  </part>
  <part>
    <partNumber>41200036</partNumber>
    <punctuatedPartNumber>4120-0036</punctuatedPartNumber>
    <partStatusDescription>STANDARD</partStatusDescription>
    <partDescription>Dolly - Cart - Shop - Snowmobile</partDescription>
    <unitOfMeasure>Each</unitOfMeasure>
    <brandName>JUSTSAIL PRODUCTS</brandName>
    <supplierNumber>JSP320-CRT</supplierNumber>
    <specialInstructions>Discontinued Per Buyer</specialInstructions>
    <baseDealerPrice>171.20</baseDealerPrice>
    <yourDealerPrice>171.20</yourDealerPrice>
    <baseRetailPrice>244.95</baseRetailPrice>
    <originalRetailPrice>244.95</originalRetailPrice>
    <partImage>http://asset.lemansnet.com/z/LzkvOS9DLzk5QzdEMzNFLTUxOTMtNDE0Ri04NThFLTMzQzI1QTJGMDczNg==</partImage>
    <productId>1624865384</productId>
    <productName>Dolly Cart</productName>
    <productImage>http://asset.lemansnet.com/z/LzkvOS9DLzk5QzdEMzNFLTUxOTMtNDE0Ri04NThFLTMzQzI1QTJGMDczNg==</productImage>
    <bullet1>Comes standard with two sets of handles that go all the way around the snowmobile, making it easier and more secure to move</bullet1>
    <bullet2>Has a heavy-duty felt sleeve for cushion between the bunk and the snowmobile</bullet2>
    <bullet3>The break-down compact design allows for easy storage in the garage or shop</bullet3>
    <bullet4>Simple and easy design to move your snowmobile around the garage or shop</bullet4>
    <bullet5>Wheels are precision ball bearing for a long-lasting smooth roll</bullet5>
    <bullet6>Accesses your snowmobile from either side or both</bullet6>
    <bullet7/>
    <bullet8/>
    <bullet9/>
    <bullet10/>
    <bullet11/>
    <bullet12/>
    <bullet13/>
    <bullet14/>
    <bullet15/>
    <bullet16/>
    <bullet17/>
    <bullet18/>
    <bullet19/>
    <bullet20/>
    <bullet21/>
    <bullet22/>
    <bullet23/>
    <bullet24/>
    <vendorPriceUpdateDate>2021-06-22 00:00:00</vendorPriceUpdateDate>
  </part>
  <part>
    <partNumber>45040110</partNumber>
    <punctuatedPartNumber>4504-0110</punctuatedPartNumber>
    <partStatusDescription>STANDARD</partStatusDescription>
    <partDescription>SecurEZ Tie-Down Crank Bar</partDescription>
    <unitOfMeasure>Kit</unitOfMeasure>
    <brandName>JUSTSAIL PRODUCTS</brandName>
    <supplierNumber>JSP200-SCZ</supplierNumber>
    <specialInstructions>Discontinued Per Buyer</specialInstructions>
    <baseDealerPrice>58.50</baseDealerPrice>
    <yourDealerPrice>58.50</yourDealerPrice>
    <baseRetailPrice>89.95</baseRetailPrice>
    <originalRetailPrice>89.95</originalRetailPrice>
    <partImage>http://asset.lemansnet.com/z/LzMvOS9ELzM5REY5QURCLTlDN0MtNDhBNi1BMUMyLTJCRDgyQUY2ODQ2MCwvQy9FLzMvQ0UzQUY2RTktRENBRi00OTVBLTk4QzAtNDc1NTRENDZDMzFBLC80LzIvMS80MjFDNDA5QS1GNjU3LTQ4QjQtODZENS0xRkQzNkZBODZBNDQ=</partImage>
    <productId>0756172385</productId>
    <productName>SecureEz</productName>
    <productImage>http://asset.lemansnet.com/z/LzMvOS9ELzM5REY5QURCLTlDN0MtNDhBNi1BMUMyLTJCRDgyQUY2ODQ2MA==</productImage>
    <bullet1>Quickly tie down your snowmobile skis</bullet1>
    <bullet2>Zinc plated and lubricated with marine-tech grease for maximum corrosion resistance</bullet2>
    <bullet3>Split-nut design allows for hassle-free adjustment</bullet3>
    <bullet4>Made in the USA</bullet4>
    <bullet5/>
    <bullet6/>
    <bullet7/>
    <bullet8/>
    <bullet9/>
    <bullet10/>
    <bullet11/>
    <bullet12/>
    <bullet13/>
    <bullet14/>
    <bullet15/>
    <bullet16/>
    <bullet17/>
    <bullet18/>
    <bullet19/>
    <bullet20/>
    <bullet21/>
    <bullet22/>
    <bullet23/>
    <bullet24/>
    <vendorPriceUpdateDate>2021-06-22 00:00:00</vendorPriceUpdateDate>
  </part>
  <part>
    <partNumber>39200391</partNumber>
    <punctuatedPartNumber>3920-0391</punctuatedPartNumber>
    <partStatusDescription>STANDARD</partStatusDescription>
    <partDescription>Hookit Bracket</partDescription>
    <unitOfMeasure>Pair</unitOfMeasure>
    <brandName>JUSTSAIL PRODUCTS</brandName>
    <supplierNumber>JSP0030-TDB</supplierNumber>
    <specialInstructions>Discontinued Per Buyer</specialInstructions>
    <baseDealerPrice>21.70</baseDealerPrice>
    <yourDealerPrice>21.70</yourDealerPrice>
    <baseRetailPrice>30.95</baseRetailPrice>
    <originalRetailPrice>30.95</originalRetailPrice>
    <partImage>http://asset.lemansnet.com/z/LzUvOS83LzU5NzRCRkNBLUVBNTItNEM5Qi1BNzQyLUFDMTFCRDg1QkM3Qg==</partImage>
    <productId>0891289283</productId>
    <productName>Hookit Anchor Points</productName>
    <productImage>http://asset.lemansnet.com/z/LzUvOS83LzU5NzRCRkNBLUVBNTItNEM5Qi1BNzQyLUFDMTFCRDg1QkM3Qg==</productImage>
    <bullet1>Gives hook points for securing straps</bullet1>
    <bullet2>Bolts on with 7/16" bolts</bullet2>
    <bullet3>Made from 7-gauge, powder-coated black steel</bullet3>
    <bullet4>Made in the U.S.A.</bullet4>
    <bullet5/>
    <bullet6/>
    <bullet7/>
    <bullet8/>
    <bullet9/>
    <bullet10/>
    <bullet11/>
    <bullet12/>
    <bullet13/>
    <bullet14/>
    <bullet15/>
    <bullet16/>
    <bullet17/>
    <bullet18/>
    <bullet19/>
    <bullet20/>
    <bullet21/>
    <bullet22/>
    <bullet23/>
    <bullet24/>
    <vendorPriceUpdateDate>2023-04-22 00:00:00</vendorPriceUpdateDate>
  </part>
</root>
