<root>
  <part>
    <partNumber>49500017</partNumber>
    <punctuatedPartNumber>4950-0017</punctuatedPartNumber>
    <partStatusDescription>DISCONTINUED</partStatusDescription>
    <partDescription>Motor Mount Hardware - Tazer MX</partDescription>
    <unitOfMeasure>Kit</unitOfMeasure>
    <brandName>INTENSE</brandName>
    <supplierNumber>IT150012</supplierNumber>
    <specialInstructions/>
    <baseDealerPrice>8.33</baseDealerPrice>
    <yourDealerPrice>8.33</yourDealerPrice>
    <baseRetailPrice>15.00</baseRetailPrice>
    <originalRetailPrice>15.00</originalRetailPrice>
    <partImage>http://asset.lemansnet.com/z/LzkvOS9BLzk5QURCRjg5LUYyN0UtNEU2Qi1CMTMxLTc3QkE2RDI5QTA0NQ==</partImage>
    <productId>0755771976</productId>
    <productName>Tazer MX Motor Mount Hardware Kit</productName>
    <productImage>http://asset.lemansnet.com/z/LzkvOS9BLzk5QURCRjg5LUYyN0UtNEU2Qi1CMTMxLTc3QkE2RDI5QTA0NQ==</productImage>
    <bullet1>Includes four drive unit bolts M8x1.25x20 mm, two skid plate spacers and two skid plate motor bolts M8x1.25x30 mm</bullet1>
    <bullet2/>
    <bullet3/>
    <bullet4/>
    <bullet5/>
    <bullet6/>
    <bullet7/>
    <bullet8/>
    <bullet9/>
    <bullet10/>
    <bullet11/>
    <bullet12/>
    <bullet13/>
    <bullet14/>
    <bullet15/>
    <bullet16/>
    <bullet17/>
    <bullet18/>
    <bullet19/>
    <bullet20/>
    <bullet21/>
    <bullet22/>
    <bullet23/>
    <bullet24/>
    <vendorPriceUpdateDate>2022-09-29 00:00:00</vendorPriceUpdateDate>
  </part>
  <part>
    <partNumber>99041659</partNumber>
    <punctuatedPartNumber>9904-1659</punctuatedPartNumber>
    <partStatusDescription>STANDARD</partStatusDescription>
    <partDescription>2022 TAZERMX TAG 10 PK</partDescription>
    <unitOfMeasure>PK</unitOfMeasure>
    <brandName>INTENSE</brandName>
    <supplierNumber>TAZERMXHANGTAG2</supplierNumber>
    <specialInstructions>PRE-BOOK ONLY SEE REP 02CJP</specialInstructions>
    <baseDealerPrice>15.40</baseDealerPrice>
    <yourDealerPrice>15.40</yourDealerPrice>
    <baseRetailPrice>23.95</baseRetailPrice>
    <originalRetailPrice>23.95</originalRetailPrice>
    <partImage>http://asset.lemansnet.com/z/c3RhdGljL3NpdGVzL2xlbWFuc3BsYXRmb3JtL2ltYWdlLWNvbWluZy1zb29u</partImage>
    <productId>0825363059</productId>
    <productName>2022 TAZERMX TAG 10 PK</productName>
    <productImage/>
    <bullet1/>
    <bullet2/>
    <bullet3/>
    <bullet4/>
    <bullet5/>
    <bullet6/>
    <bullet7/>
    <bullet8/>
    <bullet9/>
    <bullet10/>
    <bullet11/>
    <bullet12/>
    <bullet13/>
    <bullet14/>
    <bullet15/>
    <bullet16/>
    <bullet17/>
    <bullet18/>
    <bullet19/>
    <bullet20/>
    <bullet21/>
    <bullet22/>
    <bullet23/>
    <bullet24/>
    <vendorPriceUpdateDate>2023-04-22 00:00:00</vendorPriceUpdateDate>
  </part>
  <part>
    <partNumber>99041574</partNumber>
    <punctuatedPartNumber>9904-1574</punctuatedPartNumber>
    <partStatusDescription>DISCONTINUED</partStatusDescription>
    <partDescription>TAZERMX HANG TAG 10PK</partDescription>
    <unitOfMeasure>PK</unitOfMeasure>
    <brandName>INTENSE</brandName>
    <supplierNumber>TAZERMXHANGTAG</supplierNumber>
    <specialInstructions>PRE-BOOK ONLY SEE REP 02MJL</specialInstructions>
    <baseDealerPrice>15.40</baseDealerPrice>
    <yourDealerPrice>15.40</yourDealerPrice>
    <baseRetailPrice>23.95</baseRetailPrice>
    <originalRetailPrice>23.95</originalRetailPrice>
    <partImage>http://asset.lemansnet.com/z/c3RhdGljL3NpdGVzL2xlbWFuc3BsYXRmb3JtL2ltYWdlLWNvbWluZy1zb29u</partImage>
    <productId>0172214165</productId>
    <productName>TAZERMX HANG TAG 10PK</productName>
    <productImage/>
    <bullet1/>
    <bullet2/>
    <bullet3/>
    <bullet4/>
    <bullet5/>
    <bullet6/>
    <bullet7/>
    <bullet8/>
    <bullet9/>
    <bullet10/>
    <bullet11/>
    <bullet12/>
    <bullet13/>
    <bullet14/>
    <bullet15/>
    <bullet16/>
    <bullet17/>
    <bullet18/>
    <bullet19/>
    <bullet20/>
    <bullet21/>
    <bullet22/>
    <bullet23/>
    <bullet24/>
    <vendorPriceUpdateDate>2023-04-22 00:00:00</vendorPriceUpdateDate>
  </part>
  <part>
    <partNumber>13120893</partNumber>
    <punctuatedPartNumber>1312-0893</punctuatedPartNumber>
    <partStatusDescription>DISCONTINUED</partStatusDescription>
    <partDescription>DVO Shock Spring - 500 lb</partDescription>
    <unitOfMeasure>Each</unitOfMeasure>
    <brandName>INTENSE</brandName>
    <supplierNumber>1428130-500</supplierNumber>
    <specialInstructions>Discontinued Item</specialInstructions>
    <baseDealerPrice>80.00</baseDealerPrice>
    <yourDealerPrice>80.00</yourDealerPrice>
    <baseRetailPrice>100.00</baseRetailPrice>
    <originalRetailPrice>100.00</originalRetailPrice>
    <partImage>http://asset.lemansnet.com/z/LzEvRS9FLzFFRTJENEFFLTlCNTUtNEU3OC1CQjA3LTIxMTg5OTdEOEI2MSxtZWRpYS9hY2Y2OWU5NC02MzIzLTQwYmYtYTdiZS01ZmU0MWJmOTlkZTc=</partImage>
    <productId>0837144152</productId>
    <productName>DVO Shock Spring</productName>
    <productImage>http://asset.lemansnet.com/z/LzEvRS9FLzFFRTJENEFFLTlCNTUtNEU3OC1CQjA3LTIxMTg5OTdEOEI2MQ==</productImage>
    <bullet1>Customize your Tazer MX suspension with a more accurate spring for you</bullet1>
    <bullet2>For DVO Jade coil shock 185mm x 55mm</bullet2>
    <bullet3>For DVO Jade coil shock 185 x 55 mm</bullet3>
    <bullet4>Travel: 155 mm (6.1”)</bullet4>
    <bullet5>Shock stroke: 55 mm (2.15”)</bullet5>
    <bullet6>Shock preload: Min-1.5 turns/ Max-5 turns</bullet6>
    <bullet7>Shock sag: 30% when sitting on the bike</bullet7>
    <bullet8>Fork sag: 15-25% when sitting on the bike</bullet8>
    <bullet9>Spring only; shock not included.</bullet9>
    <bullet10>Proper set up and tuning can vary from shock to shock. Please consult the DVO manual included with your bike.</bullet10>
    <bullet11/>
    <bullet12/>
    <bullet13/>
    <bullet14/>
    <bullet15/>
    <bullet16/>
    <bullet17/>
    <bullet18/>
    <bullet19/>
    <bullet20/>
    <bullet21/>
    <bullet22/>
    <bullet23/>
    <bullet24/>
    <vendorPriceUpdateDate>2022-09-29 00:00:00</vendorPriceUpdateDate>
  </part>
  <part>
    <partNumber>49500006</partNumber>
    <punctuatedPartNumber>4950-0006</punctuatedPartNumber>
    <partStatusDescription>STANDARD</partStatusDescription>
    <partDescription>Link Bearing Kit - Tazer MX Carbon/Tazer Alloy - Lower</partDescription>
    <unitOfMeasure>Kit</unitOfMeasure>
    <brandName>INTENSE</brandName>
    <supplierNumber>IT150021</supplierNumber>
    <specialInstructions/>
    <baseDealerPrice>32.10</baseDealerPrice>
    <yourDealerPrice>32.10</yourDealerPrice>
    <baseRetailPrice>45.00</baseRetailPrice>
    <originalRetailPrice>45.00</originalRetailPrice>
    <partImage>http://asset.lemansnet.com/z/L0EvMS9EL0ExRDRBRjA2LTE5M0MtNEE4My05NTJGLUU3RjM0NjBCNjJCQQ==</partImage>
    <productId>0093167038</productId>
    <productName>Tazer MX Link Bearing Kit</productName>
    <productImage>http://asset.lemansnet.com/z/L0EvMS9EL0ExRDRBRjA2LTE5M0MtNEE4My05NTJGLUU3RjM0NjBCNjJCQQ==</productImage>
    <bullet1>Bearing service kit, including spacers and hardware as necessary</bullet1>
    <bullet2/>
    <bullet3/>
    <bullet4/>
    <bullet5/>
    <bullet6/>
    <bullet7/>
    <bullet8/>
    <bullet9/>
    <bullet10/>
    <bullet11/>
    <bullet12/>
    <bullet13/>
    <bullet14/>
    <bullet15/>
    <bullet16/>
    <bullet17/>
    <bullet18/>
    <bullet19/>
    <bullet20/>
    <bullet21/>
    <bullet22/>
    <bullet23/>
    <bullet24/>
    <vendorPriceUpdateDate>2023-04-22 00:00:00</vendorPriceUpdateDate>
  </part>
  <part>
    <partNumber>49500008</partNumber>
    <punctuatedPartNumber>4950-0008</punctuatedPartNumber>
    <partStatusDescription>STANDARD</partStatusDescription>
    <partDescription>Cable Guide Kit - Tazer MX</partDescription>
    <unitOfMeasure>Kit</unitOfMeasure>
    <brandName>INTENSE</brandName>
    <supplierNumber>IT150014</supplierNumber>
    <specialInstructions/>
    <baseDealerPrice>8.60</baseDealerPrice>
    <yourDealerPrice>8.60</yourDealerPrice>
    <baseRetailPrice>12.00</baseRetailPrice>
    <originalRetailPrice>12.00</originalRetailPrice>
    <partImage>http://asset.lemansnet.com/z/L0UvMi9DL0UyQ0VDRjFELTM2RTEtNENGNy04MkJGLTJFRURGMjIwODE3Qg==</partImage>
    <productId>0276652799</productId>
    <productName>Cable Guide Kit</productName>
    <productImage>http://asset.lemansnet.com/z/L0UvMi9DL0UyQ0VDRjFELTM2RTEtNENGNy04MkJGLTJFRURGMjIwODE3Qg==</productImage>
    <bullet1>A complete set of replacement cable guides</bullet1>
    <bullet2/>
    <bullet3/>
    <bullet4/>
    <bullet5/>
    <bullet6/>
    <bullet7/>
    <bullet8/>
    <bullet9/>
    <bullet10/>
    <bullet11/>
    <bullet12/>
    <bullet13/>
    <bullet14/>
    <bullet15/>
    <bullet16/>
    <bullet17/>
    <bullet18/>
    <bullet19/>
    <bullet20/>
    <bullet21/>
    <bullet22/>
    <bullet23/>
    <bullet24/>
    <vendorPriceUpdateDate>2023-04-22 00:00:00</vendorPriceUpdateDate>
  </part>
  <part>
    <partNumber>49500010</partNumber>
    <punctuatedPartNumber>4950-0010</punctuatedPartNumber>
    <partStatusDescription>STANDARD</partStatusDescription>
    <partDescription>Flack Guard Kit - Tazer MX</partDescription>
    <unitOfMeasure>Kit</unitOfMeasure>
    <brandName>INTENSE</brandName>
    <supplierNumber>IT150016</supplierNumber>
    <specialInstructions/>
    <baseDealerPrice>32.10</baseDealerPrice>
    <yourDealerPrice>32.10</yourDealerPrice>
    <baseRetailPrice>45.00</baseRetailPrice>
    <originalRetailPrice>45.00</originalRetailPrice>
    <partImage>http://asset.lemansnet.com/z/LzcvRS84LzdFODg2Rjk1LUY5OTctNEQzQS1BMTI2LUFBQzFFQzk2QTk5Rg==</partImage>
    <productId>0939635255</productId>
    <productName>Tazer MX Flack Guard Kit</productName>
    <productImage>http://asset.lemansnet.com/z/LzcvRS84LzdFODg2Rjk1LUY5OTctNEQzQS1BMTI2LUFBQzFFQzk2QTk5Rg==</productImage>
    <bullet1>Kit Includes:</bullet1>
    <bullet2>Down tube flack guard</bullet2>
    <bullet3>Seat tube flack guard</bullet3>
    <bullet4>Chain stay flack guard</bullet4>
    <bullet5>Seat stay flack guard</bullet5>
    <bullet6>RT strut flack guard</bullet6>
    <bullet7>Intense #140059 rubber grommet</bullet7>
    <bullet8>Intense #140060 Speed Sensor Jagwire/CCN009-1 grommet</bullet8>
    <bullet9/>
    <bullet10/>
    <bullet11/>
    <bullet12/>
    <bullet13/>
    <bullet14/>
    <bullet15/>
    <bullet16/>
    <bullet17/>
    <bullet18/>
    <bullet19/>
    <bullet20/>
    <bullet21/>
    <bullet22/>
    <bullet23/>
    <bullet24/>
    <vendorPriceUpdateDate>2022-09-29 00:00:00</vendorPriceUpdateDate>
  </part>
  <part>
    <partNumber>49500014</partNumber>
    <punctuatedPartNumber>4950-0014</punctuatedPartNumber>
    <partStatusDescription>STANDARD</partStatusDescription>
    <partDescription>Suspension Link Hardware Kit - Tazer MX Carbon/Tazer Alloy - Upper</partDescription>
    <unitOfMeasure>Kit</unitOfMeasure>
    <brandName>INTENSE</brandName>
    <supplierNumber>IT150009</supplierNumber>
    <specialInstructions/>
    <baseDealerPrice>35.70</baseDealerPrice>
    <yourDealerPrice>35.70</yourDealerPrice>
    <baseRetailPrice>50.00</baseRetailPrice>
    <originalRetailPrice>50.00</originalRetailPrice>
    <partImage>http://asset.lemansnet.com/z/LzUvMS81LzUxNTY4Q0Q4LUJGRkEtNDNBRi05OTg5LUJBMDc4NTJCREQ2OA==</partImage>
    <productId>1076164077</productId>
    <productName>Tazer MX Suspension Link Hardware Kit</productName>
    <productImage>http://asset.lemansnet.com/z/L0EvQS83L0FBN0I2MkUwLUQ0OTMtNDM3RC04QjJDLUJCREQ3QzkyNDc5MQ==</productImage>
    <bullet1>Suspension link service kit includes necessary replacement hardware</bullet1>
    <bullet2>Bearing kits are sold separately</bullet2>
    <bullet3/>
    <bullet4/>
    <bullet5/>
    <bullet6/>
    <bullet7/>
    <bullet8/>
    <bullet9/>
    <bullet10/>
    <bullet11/>
    <bullet12/>
    <bullet13/>
    <bullet14/>
    <bullet15/>
    <bullet16/>
    <bullet17/>
    <bullet18/>
    <bullet19/>
    <bullet20/>
    <bullet21/>
    <bullet22/>
    <bullet23/>
    <bullet24/>
    <vendorPriceUpdateDate>2023-04-22 00:00:00</vendorPriceUpdateDate>
  </part>
  <part>
    <partNumber>49500015</partNumber>
    <punctuatedPartNumber>4950-0015</punctuatedPartNumber>
    <partStatusDescription>STANDARD</partStatusDescription>
    <partDescription>Rear Suspension Link - Tazer/Tazer Alloy - Lower</partDescription>
    <unitOfMeasure>Each</unitOfMeasure>
    <brandName>INTENSE</brandName>
    <supplierNumber>IT150022</supplierNumber>
    <specialInstructions/>
    <baseDealerPrice>50.00</baseDealerPrice>
    <yourDealerPrice>50.00</yourDealerPrice>
    <baseRetailPrice>70.00</baseRetailPrice>
    <originalRetailPrice>70.00</originalRetailPrice>
    <partImage>http://asset.lemansnet.com/z/L0YvNC8wL0Y0MDkzOEQ4LTAwMEMtNEEyQy1BMTExLTcwRDE0MkY3QjE0RA==</partImage>
    <productId>0042151903</productId>
    <productName>Tazer MX Rear Suspension Link</productName>
    <productImage>http://asset.lemansnet.com/z/LzcvNi9GLzc2RjI1RTlDLTZFNTYtNDhBQS1BOUU3LTlCN0RDNjExMEIyNw==</productImage>
    <bullet1>Replacement forged suspension link kit with bearings</bullet1>
    <bullet2/>
    <bullet3/>
    <bullet4/>
    <bullet5/>
    <bullet6/>
    <bullet7/>
    <bullet8/>
    <bullet9/>
    <bullet10/>
    <bullet11/>
    <bullet12/>
    <bullet13/>
    <bullet14/>
    <bullet15/>
    <bullet16/>
    <bullet17/>
    <bullet18/>
    <bullet19/>
    <bullet20/>
    <bullet21/>
    <bullet22/>
    <bullet23/>
    <bullet24/>
    <vendorPriceUpdateDate>2023-04-22 00:00:00</vendorPriceUpdateDate>
  </part>
  <part>
    <partNumber>49500016</partNumber>
    <punctuatedPartNumber>4950-0016</punctuatedPartNumber>
    <partStatusDescription>STANDARD</partStatusDescription>
    <partDescription>Rear Suspension Link - Tazer/Tazer Alloy - Upper</partDescription>
    <unitOfMeasure>Each</unitOfMeasure>
    <brandName>INTENSE</brandName>
    <supplierNumber>IT150023</supplierNumber>
    <specialInstructions/>
    <baseDealerPrice>57.10</baseDealerPrice>
    <yourDealerPrice>57.10</yourDealerPrice>
    <baseRetailPrice>80.00</baseRetailPrice>
    <originalRetailPrice>80.00</originalRetailPrice>
    <partImage>http://asset.lemansnet.com/z/LzcvNi9GLzc2RjI1RTlDLTZFNTYtNDhBQS1BOUU3LTlCN0RDNjExMEIyNw==</partImage>
    <productId>0042151903</productId>
    <productName>Tazer MX Rear Suspension Link</productName>
    <productImage>http://asset.lemansnet.com/z/LzcvNi9GLzc2RjI1RTlDLTZFNTYtNDhBQS1BOUU3LTlCN0RDNjExMEIyNw==</productImage>
    <bullet1>Replacement forged suspension link kit with bearings</bullet1>
    <bullet2/>
    <bullet3/>
    <bullet4/>
    <bullet5/>
    <bullet6/>
    <bullet7/>
    <bullet8/>
    <bullet9/>
    <bullet10/>
    <bullet11/>
    <bullet12/>
    <bullet13/>
    <bullet14/>
    <bullet15/>
    <bullet16/>
    <bullet17/>
    <bullet18/>
    <bullet19/>
    <bullet20/>
    <bullet21/>
    <bullet22/>
    <bullet23/>
    <bullet24/>
    <vendorPriceUpdateDate>2023-04-22 00:00:00</vendorPriceUpdateDate>
  </part>
  <part>
    <partNumber>49500018</partNumber>
    <punctuatedPartNumber>4950-0018</punctuatedPartNumber>
    <partStatusDescription>DISCONTINUED</partStatusDescription>
    <partDescription>Seat Collar - Tazer MX Expert</partDescription>
    <unitOfMeasure>Each</unitOfMeasure>
    <brandName>INTENSE</brandName>
    <supplierNumber>IT340210</supplierNumber>
    <specialInstructions/>
    <baseDealerPrice>11.11</baseDealerPrice>
    <yourDealerPrice>11.11</yourDealerPrice>
    <baseRetailPrice>20.00</baseRetailPrice>
    <originalRetailPrice>20.00</originalRetailPrice>
    <partImage>http://asset.lemansnet.com/z/LzAvNi8zLzA2MzExNzQwLTM0RjItNEE2OS1CN0I3LTlGNTE1QjU3OThDMQ==</partImage>
    <productId>0753997417</productId>
    <productName>Seat Collar for Tazer MX</productName>
    <productImage>http://asset.lemansnet.com/z/LzcvRi9CLzdGQjk1NTIzLTEyMzItNDVDRS04RURBLTc1QzI1RjA2MjEyRQ==</productImage>
    <bullet1>Includes one seat collar and one bolt</bullet1>
    <bullet2/>
    <bullet3/>
    <bullet4/>
    <bullet5/>
    <bullet6/>
    <bullet7/>
    <bullet8/>
    <bullet9/>
    <bullet10/>
    <bullet11/>
    <bullet12/>
    <bullet13/>
    <bullet14/>
    <bullet15/>
    <bullet16/>
    <bullet17/>
    <bullet18/>
    <bullet19/>
    <bullet20/>
    <bullet21/>
    <bullet22/>
    <bullet23/>
    <bullet24/>
    <vendorPriceUpdateDate>2022-09-29 00:00:00</vendorPriceUpdateDate>
  </part>
  <part>
    <partNumber>49500021</partNumber>
    <punctuatedPartNumber>4950-0021</punctuatedPartNumber>
    <partStatusDescription>STANDARD</partStatusDescription>
    <partDescription>Skid Plate - E7000 Carbon - Tazer MX Carbon Expert</partDescription>
    <unitOfMeasure>Each</unitOfMeasure>
    <brandName>INTENSE</brandName>
    <supplierNumber>IT150121</supplierNumber>
    <specialInstructions>MOUNTING HARDWARE N/INCL ?02DLW</specialInstructions>
    <baseDealerPrice>14.30</baseDealerPrice>
    <yourDealerPrice>14.30</yourDealerPrice>
    <baseRetailPrice>20.00</baseRetailPrice>
    <originalRetailPrice>20.00</originalRetailPrice>
    <partImage>http://asset.lemansnet.com/z/LzUvRi80LzVGNDI1NkI5LTMwOEEtNDAyNi05RUIwLTIzNzcxQ0Y4QUJFNQ==</partImage>
    <productId>1826373908</productId>
    <productName>Tazer MX Skid Plate Kit</productName>
    <productImage>http://asset.lemansnet.com/z/LzUvRi80LzVGNDI1NkI5LTMwOEEtNDAyNi05RUIwLTIzNzcxQ0Y4QUJFNQ==</productImage>
    <bullet1>Replaces old and worn skid plates</bullet1>
    <bullet2/>
    <bullet3/>
    <bullet4/>
    <bullet5/>
    <bullet6/>
    <bullet7/>
    <bullet8/>
    <bullet9/>
    <bullet10/>
    <bullet11/>
    <bullet12/>
    <bullet13/>
    <bullet14/>
    <bullet15/>
    <bullet16/>
    <bullet17/>
    <bullet18/>
    <bullet19/>
    <bullet20/>
    <bullet21/>
    <bullet22/>
    <bullet23/>
    <bullet24/>
    <vendorPriceUpdateDate>2022-09-29 00:00:00</vendorPriceUpdateDate>
  </part>
  <part>
    <partNumber>21130778</partNumber>
    <punctuatedPartNumber>2113-0778</punctuatedPartNumber>
    <partStatusDescription>DISCONTINUED</partStatusDescription>
    <partDescription>Shimano Steps Battery - Tazer MX - 504 Wh</partDescription>
    <unitOfMeasure>Each</unitOfMeasure>
    <brandName>INTENSE</brandName>
    <supplierNumber>142000</supplierNumber>
    <specialInstructions>DISCONTINUED ITEM</specialInstructions>
    <baseDealerPrice>427.00</baseDealerPrice>
    <yourDealerPrice>427.00</yourDealerPrice>
    <baseRetailPrice>570.00</baseRetailPrice>
    <originalRetailPrice>570.00</originalRetailPrice>
    <partImage>http://asset.lemansnet.com/z/LzMvQy9ELzNDRDYzMzkwLThCMDUtNDJFOC04Nzg1LUEyMUZFNDlCQTZCQw==</partImage>
    <productId>0310037758</productId>
    <productName>Tazer MX E-Bike Shimano Steps Battery</productName>
    <productImage>http://asset.lemansnet.com/z/LzMvQy9ELzNDRDYzMzkwLThCMDUtNDJFOC04Nzg1LUEyMUZFNDlCQTZCQw==</productImage>
    <bullet1>Pick up a second battery and double your range with an ultra-durable, powerful battery specially designed for the rigors of mountain biking</bullet1>
    <bullet2>Compact, low profile design for improved impact and vibration-resistance</bullet2>
    <bullet3>Supports travel up to 62 miles on one charge</bullet3>
    <bullet4>1,000 charge cycles with no significant power loss</bullet4>
    <bullet5>Capacity of 504 Wh (36V, 14Ah)</bullet5>
    <bullet6/>
    <bullet7/>
    <bullet8/>
    <bullet9/>
    <bullet10/>
    <bullet11/>
    <bullet12/>
    <bullet13/>
    <bullet14/>
    <bullet15/>
    <bullet16/>
    <bullet17/>
    <bullet18/>
    <bullet19/>
    <bullet20/>
    <bullet21/>
    <bullet22/>
    <bullet23/>
    <bullet24/>
    <vendorPriceUpdateDate>2022-10-13 00:00:00</vendorPriceUpdateDate>
  </part>
  <part>
    <partNumber>99050176</partNumber>
    <punctuatedPartNumber>9905-0176</punctuatedPartNumber>
    <partStatusDescription>DISCONTINUED</partStatusDescription>
    <partDescription>Absorbent Pit Pad - Large</partDescription>
    <unitOfMeasure>Each</unitOfMeasure>
    <brandName>INTENSE</brandName>
    <supplierNumber>HC80200INTENSE</supplierNumber>
    <specialInstructions>DISCONTINUED ITEM</specialInstructions>
    <baseDealerPrice>54.30</baseDealerPrice>
    <yourDealerPrice>54.30</yourDealerPrice>
    <baseRetailPrice>83.95</baseRetailPrice>
    <originalRetailPrice>83.95</originalRetailPrice>
    <partImage>http://asset.lemansnet.com/z/LzUvNS82LzU1NkE3NUY4LTcyRDUtNDc4MC04MTdFLTQ5N0Y0MEI1QTZGOQ==</partImage>
    <productId>0397314615</productId>
    <productName>Pit Mat</productName>
    <productImage>http://asset.lemansnet.com/z/LzUvNS82LzU1NkE3NUY4LTcyRDUtNDc4MC04MTdFLTQ5N0Y0MEI1QTZGOQ==</productImage>
    <bullet1>Designed to not only to dress up your pit area or shop floor, but are also environmentally friendly</bullet1>
    <bullet2>Bike mats can absorb up to 6 liters of fluid like radiator coolant, oil, and any other solvent-based products that can harm the environment, by being contained within the mat, or help absorb mud and water at entrance to your store</bullet2>
    <bullet3>Door mats really dress up the entrance to your shop or dealership, along with helping to prevent wet and muddy floors that customers might slip on</bullet3>
    <bullet4>Not only are they lightweight, but can easily be washed and reused</bullet4>
    <bullet5/>
    <bullet6/>
    <bullet7/>
    <bullet8/>
    <bullet9/>
    <bullet10/>
    <bullet11/>
    <bullet12/>
    <bullet13/>
    <bullet14/>
    <bullet15/>
    <bullet16/>
    <bullet17/>
    <bullet18/>
    <bullet19/>
    <bullet20/>
    <bullet21/>
    <bullet22/>
    <bullet23/>
    <bullet24/>
    <vendorPriceUpdateDate>2021-03-02 00:00:00</vendorPriceUpdateDate>
  </part>
  <part>
    <partNumber>49200006</partNumber>
    <punctuatedPartNumber>4920-0006</punctuatedPartNumber>
    <partStatusDescription>STANDARD</partStatusDescription>
    <partDescription>Water Bottle</partDescription>
    <unitOfMeasure>Each</unitOfMeasure>
    <brandName>INTENSE</brandName>
    <supplierNumber>349964</supplierNumber>
    <specialInstructions/>
    <baseDealerPrice>10.75</baseDealerPrice>
    <yourDealerPrice>10.75</yourDealerPrice>
    <baseRetailPrice>15.00</baseRetailPrice>
    <originalRetailPrice>15.00</originalRetailPrice>
    <partImage>http://asset.lemansnet.com/z/L0QvMS9BL0QxQTdFOTgzLTlBOTUtNDM1QS1BREIwLUVGQThEQjUwNzA1OQ==</partImage>
    <productId>2046073737</productId>
    <productName>Water Bottle</productName>
    <productImage>http://asset.lemansnet.com/z/L0QvMS9BL0QxQTdFOTgzLTlBOTUtNDM1QS1BREIwLUVGQThEQjUwNzA1OQ==</productImage>
    <bullet1>Purist technology shields the bottle from any bad taste, mold, or staining</bullet1>
    <bullet2>MoFlo top - Easy to open, effortless to use, and leak-proof when closed</bullet2>
    <bullet3>As pure as drinking from a glass, but with all the advantages of a flexible bottle</bullet3>
    <bullet4>Nothing sticks, so your bottle stays clean and your water always tastes pure</bullet4>
    <bullet5>Logo printed on two sides of the bottle</bullet5>
    <bullet6/>
    <bullet7/>
    <bullet8/>
    <bullet9/>
    <bullet10/>
    <bullet11/>
    <bullet12/>
    <bullet13/>
    <bullet14/>
    <bullet15/>
    <bullet16/>
    <bullet17/>
    <bullet18/>
    <bullet19/>
    <bullet20/>
    <bullet21/>
    <bullet22/>
    <bullet23/>
    <bullet24/>
    <vendorPriceUpdateDate>2022-09-29 00:00:00</vendorPriceUpdateDate>
  </part>
</root>
