<root>
  <part>
    <partNumber>21030075</partNumber>
    <punctuatedPartNumber>2103-0075</punctuatedPartNumber>
    <partStatusDescription>STANDARD</partStatusDescription>
    <partDescription>Spark Plug - RG6YC</partDescription>
    <unitOfMeasure>Each</unitOfMeasure>
    <brandName>CHAMPION</brandName>
    <supplierNumber>977</supplierNumber>
    <specialInstructions/>
    <baseDealerPrice>3.90</baseDealerPrice>
    <yourDealerPrice>3.90</yourDealerPrice>
    <baseRetailPrice>6.95</baseRetailPrice>
    <originalRetailPrice>5.95</originalRetailPrice>
    <partImage>http://asset.lemansnet.com/z/LzMvMi9FLzMyRUQ4QTFGLTc4NDctNEM1RC1CQjJGLTkyNENGMzgyQkQ1Ng==</partImage>
    <productId>1851721290</productId>
    <productName>Copper Plus™ Spark Plug — Copper Plus</productName>
    <productImage>http://asset.lemansnet.com/z/LzUvRC9CLzVEQkYyMkE5LTE5OUQtNDFBMC05MjI0LURBOTQ3RjdBQUI3Ng==</productImage>
    <bullet1>Copper Plus spark plug has a copper core center electrode that allows for accurate control of heat range, optimizing performance and longevity of the spark plug</bullet1>
    <bullet2>Patented SAC-9 semi-conductor resistor for maximum EMI and RFI suppression</bullet2>
    <bullet3>Patented Ultraseal™ coated shell for rust prevention</bullet3>
    <bullet4>Made in the USA</bullet4>
    <bullet5/>
    <bullet6/>
    <bullet7/>
    <bullet8/>
    <bullet9/>
    <bullet10/>
    <bullet11/>
    <bullet12/>
    <bullet13/>
    <bullet14/>
    <bullet15/>
    <bullet16/>
    <bullet17/>
    <bullet18/>
    <bullet19/>
    <bullet20/>
    <bullet21/>
    <bullet22/>
    <bullet23/>
    <bullet24/>
    <vendorPriceUpdateDate>2022-09-30 00:00:00</vendorPriceUpdateDate>
  </part>
  <part>
    <partNumber>21030438</partNumber>
    <punctuatedPartNumber>2103-0438</punctuatedPartNumber>
    <partStatusDescription>STANDARD</partStatusDescription>
    <partDescription>Spark Plug - RA8HC - 24 Pack</partDescription>
    <unitOfMeasure>24 Pack</unitOfMeasure>
    <brandName>CHAMPION</brandName>
    <supplierNumber>810S</supplierNumber>
    <specialInstructions/>
    <baseDealerPrice>61.30</baseDealerPrice>
    <yourDealerPrice>61.30</yourDealerPrice>
    <baseRetailPrice>102.95</baseRetailPrice>
    <originalRetailPrice>3.95</originalRetailPrice>
    <partImage>http://asset.lemansnet.com/z/LzYvOC81LzY4NTEwNzEyLUM0ODgtNEEyNy1BMDY1LUI0NTA5NTU2Rjk3Nw==</partImage>
    <productId>1851721290</productId>
    <productName>Copper Plus™ Spark Plug — Copper Plus</productName>
    <productImage>http://asset.lemansnet.com/z/LzUvRC9CLzVEQkYyMkE5LTE5OUQtNDFBMC05MjI0LURBOTQ3RjdBQUI3Ng==</productImage>
    <bullet1>Copper Plus spark plug has a copper core center electrode that allows for accurate control of heat range, optimizing performance and longevity of the spark plug</bullet1>
    <bullet2>Patented SAC-9 semi-conductor resistor for maximum EMI and RFI suppression</bullet2>
    <bullet3>Patented Ultraseal™ coated shell for rust prevention</bullet3>
    <bullet4>Made in the USA</bullet4>
    <bullet5/>
    <bullet6/>
    <bullet7/>
    <bullet8/>
    <bullet9/>
    <bullet10/>
    <bullet11/>
    <bullet12/>
    <bullet13/>
    <bullet14/>
    <bullet15/>
    <bullet16/>
    <bullet17/>
    <bullet18/>
    <bullet19/>
    <bullet20/>
    <bullet21/>
    <bullet22/>
    <bullet23/>
    <bullet24/>
    <vendorPriceUpdateDate>2023-04-22 00:00:00</vendorPriceUpdateDate>
  </part>
  <part>
    <partNumber>21030439</partNumber>
    <punctuatedPartNumber>2103-0439</punctuatedPartNumber>
    <partStatusDescription>STANDARD</partStatusDescription>
    <partDescription>Spark Plug - RN12YC - 24 Pack</partDescription>
    <unitOfMeasure>24 Pack</unitOfMeasure>
    <brandName>CHAMPION</brandName>
    <supplierNumber>404S</supplierNumber>
    <specialInstructions/>
    <baseDealerPrice>54.70</baseDealerPrice>
    <yourDealerPrice>54.70</yourDealerPrice>
    <baseRetailPrice>91.95</baseRetailPrice>
    <originalRetailPrice>4.95</originalRetailPrice>
    <partImage>http://asset.lemansnet.com/z/L0IvOS8xL0I5MUNENEU2LTczOEItNDdDMS05ODc5LUUxNTk2QjM1QjVEQw==</partImage>
    <productId>1851721290</productId>
    <productName>Copper Plus™ Spark Plug — Copper Plus</productName>
    <productImage>http://asset.lemansnet.com/z/LzUvRC9CLzVEQkYyMkE5LTE5OUQtNDFBMC05MjI0LURBOTQ3RjdBQUI3Ng==</productImage>
    <bullet1>Copper Plus spark plug has a copper core center electrode that allows for accurate control of heat range, optimizing performance and longevity of the spark plug</bullet1>
    <bullet2>Patented SAC-9 semi-conductor resistor for maximum EMI and RFI suppression</bullet2>
    <bullet3>Patented Ultraseal™ coated shell for rust prevention</bullet3>
    <bullet4>Made in the USA</bullet4>
    <bullet5/>
    <bullet6/>
    <bullet7/>
    <bullet8/>
    <bullet9/>
    <bullet10/>
    <bullet11/>
    <bullet12/>
    <bullet13/>
    <bullet14/>
    <bullet15/>
    <bullet16/>
    <bullet17/>
    <bullet18/>
    <bullet19/>
    <bullet20/>
    <bullet21/>
    <bullet22/>
    <bullet23/>
    <bullet24/>
    <vendorPriceUpdateDate>2023-04-22 00:00:00</vendorPriceUpdateDate>
  </part>
  <part>
    <partNumber>L82C</partNumber>
    <punctuatedPartNumber>L-82-C</punctuatedPartNumber>
    <partStatusDescription>STANDARD</partStatusDescription>
    <partDescription>Spark Plug - L82C</partDescription>
    <unitOfMeasure>Each</unitOfMeasure>
    <brandName>CHAMPION</brandName>
    <supplierNumber>811</supplierNumber>
    <specialInstructions/>
    <baseDealerPrice>2.40</baseDealerPrice>
    <yourDealerPrice>2.40</yourDealerPrice>
    <baseRetailPrice>3.95</baseRetailPrice>
    <originalRetailPrice>3.95</originalRetailPrice>
    <partImage>http://asset.lemansnet.com/z/LzMvQy9FLzNDRTdCRDZFLTVDMEMtNEYyNC05QzY5LTQzRUUzQUMxQUFBNQ==</partImage>
    <productId>1851721290</productId>
    <productName>Copper Plus™ Spark Plug — Copper Plus</productName>
    <productImage>http://asset.lemansnet.com/z/LzUvRC9CLzVEQkYyMkE5LTE5OUQtNDFBMC05MjI0LURBOTQ3RjdBQUI3Ng==</productImage>
    <bullet1>Copper Plus spark plug has a copper core center electrode that allows for accurate control of heat range, optimizing performance and longevity of the spark plug</bullet1>
    <bullet2>Patented SAC-9 semi-conductor resistor for maximum EMI and RFI suppression</bullet2>
    <bullet3>Patented Ultraseal™ coated shell for rust prevention</bullet3>
    <bullet4>Made in the USA</bullet4>
    <bullet5/>
    <bullet6/>
    <bullet7/>
    <bullet8/>
    <bullet9/>
    <bullet10/>
    <bullet11/>
    <bullet12/>
    <bullet13/>
    <bullet14/>
    <bullet15/>
    <bullet16/>
    <bullet17/>
    <bullet18/>
    <bullet19/>
    <bullet20/>
    <bullet21/>
    <bullet22/>
    <bullet23/>
    <bullet24/>
    <vendorPriceUpdateDate>2022-09-30 00:00:00</vendorPriceUpdateDate>
  </part>
  <part>
    <partNumber>J12YC</partNumber>
    <punctuatedPartNumber>J-12-YC</punctuatedPartNumber>
    <partStatusDescription>STANDARD</partStatusDescription>
    <partDescription>Spark Plug - J12YC</partDescription>
    <unitOfMeasure>Each</unitOfMeasure>
    <brandName>CHAMPION</brandName>
    <supplierNumber>10</supplierNumber>
    <specialInstructions/>
    <baseDealerPrice>2.50</baseDealerPrice>
    <yourDealerPrice>2.50</yourDealerPrice>
    <baseRetailPrice>4.95</baseRetailPrice>
    <originalRetailPrice>4.95</originalRetailPrice>
    <partImage>http://asset.lemansnet.com/z/LzYvMS84LzYxOEE5MjU4LUExOUYtNDA0Qi1CQTg2LUQ2RTcxOUVDMkJDQw==</partImage>
    <productId>1851721290</productId>
    <productName>Copper Plus™ Spark Plug — Copper Plus</productName>
    <productImage>http://asset.lemansnet.com/z/LzUvRC9CLzVEQkYyMkE5LTE5OUQtNDFBMC05MjI0LURBOTQ3RjdBQUI3Ng==</productImage>
    <bullet1>Copper Plus spark plug has a copper core center electrode that allows for accurate control of heat range, optimizing performance and longevity of the spark plug</bullet1>
    <bullet2>Patented SAC-9 semi-conductor resistor for maximum EMI and RFI suppression</bullet2>
    <bullet3>Patented Ultraseal™ coated shell for rust prevention</bullet3>
    <bullet4>Made in the USA</bullet4>
    <bullet5/>
    <bullet6/>
    <bullet7/>
    <bullet8/>
    <bullet9/>
    <bullet10/>
    <bullet11/>
    <bullet12/>
    <bullet13/>
    <bullet14/>
    <bullet15/>
    <bullet16/>
    <bullet17/>
    <bullet18/>
    <bullet19/>
    <bullet20/>
    <bullet21/>
    <bullet22/>
    <bullet23/>
    <bullet24/>
    <vendorPriceUpdateDate>2022-09-30 00:00:00</vendorPriceUpdateDate>
  </part>
  <part>
    <partNumber>N12YC</partNumber>
    <punctuatedPartNumber>N-12-YC</punctuatedPartNumber>
    <partStatusDescription>STANDARD</partStatusDescription>
    <partDescription>Spark Plug - N12YC</partDescription>
    <unitOfMeasure>Each</unitOfMeasure>
    <brandName>CHAMPION</brandName>
    <supplierNumber>38</supplierNumber>
    <specialInstructions/>
    <baseDealerPrice>2.60</baseDealerPrice>
    <yourDealerPrice>2.60</yourDealerPrice>
    <baseRetailPrice>4.95</baseRetailPrice>
    <originalRetailPrice>4.95</originalRetailPrice>
    <partImage>http://asset.lemansnet.com/z/LzUvNy9ELzU3RDg0Q0MzLUM5QkUtNDMwMi1CNkVBLUIwM0NGQUE3QjFEQQ==</partImage>
    <productId>1851721290</productId>
    <productName>Copper Plus™ Spark Plug — Copper Plus</productName>
    <productImage>http://asset.lemansnet.com/z/LzUvRC9CLzVEQkYyMkE5LTE5OUQtNDFBMC05MjI0LURBOTQ3RjdBQUI3Ng==</productImage>
    <bullet1>Copper Plus spark plug has a copper core center electrode that allows for accurate control of heat range, optimizing performance and longevity of the spark plug</bullet1>
    <bullet2>Patented SAC-9 semi-conductor resistor for maximum EMI and RFI suppression</bullet2>
    <bullet3>Patented Ultraseal™ coated shell for rust prevention</bullet3>
    <bullet4>Made in the USA</bullet4>
    <bullet5/>
    <bullet6/>
    <bullet7/>
    <bullet8/>
    <bullet9/>
    <bullet10/>
    <bullet11/>
    <bullet12/>
    <bullet13/>
    <bullet14/>
    <bullet15/>
    <bullet16/>
    <bullet17/>
    <bullet18/>
    <bullet19/>
    <bullet20/>
    <bullet21/>
    <bullet22/>
    <bullet23/>
    <bullet24/>
    <vendorPriceUpdateDate>2022-09-30 00:00:00</vendorPriceUpdateDate>
  </part>
  <part>
    <partNumber>RN57YCC</partNumber>
    <punctuatedPartNumber>RN57YC-C</punctuatedPartNumber>
    <partStatusDescription>STANDARD</partStatusDescription>
    <partDescription>Spark Plug - RN57YC-C</partDescription>
    <unitOfMeasure>Each</unitOfMeasure>
    <brandName>CHAMPION</brandName>
    <supplierNumber>954</supplierNumber>
    <specialInstructions/>
    <baseDealerPrice>3.00</baseDealerPrice>
    <yourDealerPrice>3.00</yourDealerPrice>
    <baseRetailPrice>4.95</baseRetailPrice>
    <originalRetailPrice>4.95</originalRetailPrice>
    <partImage>http://asset.lemansnet.com/z/LzkvMC8xLzkwMTZEOTMyLTQyMkUtNEI4NC05QTY5LUJGRDMxNDc4RDk2Qg==</partImage>
    <productId>1851721290</productId>
    <productName>Copper Plus™ Spark Plug — Copper Plus</productName>
    <productImage>http://asset.lemansnet.com/z/LzUvRC9CLzVEQkYyMkE5LTE5OUQtNDFBMC05MjI0LURBOTQ3RjdBQUI3Ng==</productImage>
    <bullet1>Copper Plus spark plug has a copper core center electrode that allows for accurate control of heat range, optimizing performance and longevity of the spark plug</bullet1>
    <bullet2>Patented SAC-9 semi-conductor resistor for maximum EMI and RFI suppression</bullet2>
    <bullet3>Patented Ultraseal™ coated shell for rust prevention</bullet3>
    <bullet4>Made in the USA</bullet4>
    <bullet5/>
    <bullet6/>
    <bullet7/>
    <bullet8/>
    <bullet9/>
    <bullet10/>
    <bullet11/>
    <bullet12/>
    <bullet13/>
    <bullet14/>
    <bullet15/>
    <bullet16/>
    <bullet17/>
    <bullet18/>
    <bullet19/>
    <bullet20/>
    <bullet21/>
    <bullet22/>
    <bullet23/>
    <bullet24/>
    <vendorPriceUpdateDate>2022-09-30 00:00:00</vendorPriceUpdateDate>
  </part>
  <part>
    <partNumber>RA6HC</partNumber>
    <punctuatedPartNumber>RA6HC</punctuatedPartNumber>
    <partStatusDescription>STANDARD</partStatusDescription>
    <partDescription>Spark Plug - RA6HC</partDescription>
    <unitOfMeasure>Each</unitOfMeasure>
    <brandName>CHAMPION</brandName>
    <supplierNumber>809</supplierNumber>
    <specialInstructions/>
    <baseDealerPrice>2.60</baseDealerPrice>
    <yourDealerPrice>2.60</yourDealerPrice>
    <baseRetailPrice>4.95</baseRetailPrice>
    <originalRetailPrice>3.95</originalRetailPrice>
    <partImage>http://asset.lemansnet.com/z/LzcvMi8wLzcyMDkzMkQyLTE4RjYtNERFMS1CNjk4LTVFRjU1RTIxQjY4NQ==</partImage>
    <productId>1851721290</productId>
    <productName>Copper Plus™ Spark Plug — Copper Plus</productName>
    <productImage>http://asset.lemansnet.com/z/LzUvRC9CLzVEQkYyMkE5LTE5OUQtNDFBMC05MjI0LURBOTQ3RjdBQUI3Ng==</productImage>
    <bullet1>Copper Plus spark plug has a copper core center electrode that allows for accurate control of heat range, optimizing performance and longevity of the spark plug</bullet1>
    <bullet2>Patented SAC-9 semi-conductor resistor for maximum EMI and RFI suppression</bullet2>
    <bullet3>Patented Ultraseal™ coated shell for rust prevention</bullet3>
    <bullet4>Made in the USA</bullet4>
    <bullet5/>
    <bullet6/>
    <bullet7/>
    <bullet8/>
    <bullet9/>
    <bullet10/>
    <bullet11/>
    <bullet12/>
    <bullet13/>
    <bullet14/>
    <bullet15/>
    <bullet16/>
    <bullet17/>
    <bullet18/>
    <bullet19/>
    <bullet20/>
    <bullet21/>
    <bullet22/>
    <bullet23/>
    <bullet24/>
    <vendorPriceUpdateDate>2022-09-30 00:00:00</vendorPriceUpdateDate>
  </part>
  <part>
    <partNumber>RA8HC</partNumber>
    <punctuatedPartNumber>RA8HC</punctuatedPartNumber>
    <partStatusDescription>STANDARD</partStatusDescription>
    <partDescription>Spark Plug - RA8HC</partDescription>
    <unitOfMeasure>Each</unitOfMeasure>
    <brandName>CHAMPION</brandName>
    <supplierNumber>810</supplierNumber>
    <specialInstructions/>
    <baseDealerPrice>2.70</baseDealerPrice>
    <yourDealerPrice>2.70</yourDealerPrice>
    <baseRetailPrice>4.95</baseRetailPrice>
    <originalRetailPrice>3.95</originalRetailPrice>
    <partImage>http://asset.lemansnet.com/z/L0YvNS9CL0Y1QjE0OEZFLTZBNTgtNEYxNi1CNjM3LUI2MjdGMzE1QzEyNg==</partImage>
    <productId>1851721290</productId>
    <productName>Copper Plus™ Spark Plug — Copper Plus</productName>
    <productImage>http://asset.lemansnet.com/z/LzUvRC9CLzVEQkYyMkE5LTE5OUQtNDFBMC05MjI0LURBOTQ3RjdBQUI3Ng==</productImage>
    <bullet1>Copper Plus spark plug has a copper core center electrode that allows for accurate control of heat range, optimizing performance and longevity of the spark plug</bullet1>
    <bullet2>Patented SAC-9 semi-conductor resistor for maximum EMI and RFI suppression</bullet2>
    <bullet3>Patented Ultraseal™ coated shell for rust prevention</bullet3>
    <bullet4>Made in the USA</bullet4>
    <bullet5/>
    <bullet6/>
    <bullet7/>
    <bullet8/>
    <bullet9/>
    <bullet10/>
    <bullet11/>
    <bullet12/>
    <bullet13/>
    <bullet14/>
    <bullet15/>
    <bullet16/>
    <bullet17/>
    <bullet18/>
    <bullet19/>
    <bullet20/>
    <bullet21/>
    <bullet22/>
    <bullet23/>
    <bullet24/>
    <vendorPriceUpdateDate>2022-09-30 00:00:00</vendorPriceUpdateDate>
  </part>
  <part>
    <partNumber>RL82YC</partNumber>
    <punctuatedPartNumber>RL-82-YC</punctuatedPartNumber>
    <partStatusDescription>STANDARD</partStatusDescription>
    <partDescription>Spark Plug - RL82YC</partDescription>
    <unitOfMeasure>Each</unitOfMeasure>
    <brandName>CHAMPION</brandName>
    <supplierNumber>814</supplierNumber>
    <specialInstructions/>
    <baseDealerPrice>3.00</baseDealerPrice>
    <yourDealerPrice>3.00</yourDealerPrice>
    <baseRetailPrice>4.95</baseRetailPrice>
    <originalRetailPrice>4.95</originalRetailPrice>
    <partImage>http://asset.lemansnet.com/z/LzUvOC8yLzU4MkQ1ODJBLTZDRDEtNERCQi1BN0Y1LTZFMjcxNDYzOENBRQ==</partImage>
    <productId>1851721290</productId>
    <productName>Copper Plus™ Spark Plug — Copper Plus</productName>
    <productImage>http://asset.lemansnet.com/z/LzUvRC9CLzVEQkYyMkE5LTE5OUQtNDFBMC05MjI0LURBOTQ3RjdBQUI3Ng==</productImage>
    <bullet1>Copper Plus spark plug has a copper core center electrode that allows for accurate control of heat range, optimizing performance and longevity of the spark plug</bullet1>
    <bullet2>Patented SAC-9 semi-conductor resistor for maximum EMI and RFI suppression</bullet2>
    <bullet3>Patented Ultraseal™ coated shell for rust prevention</bullet3>
    <bullet4>Made in the USA</bullet4>
    <bullet5/>
    <bullet6/>
    <bullet7/>
    <bullet8/>
    <bullet9/>
    <bullet10/>
    <bullet11/>
    <bullet12/>
    <bullet13/>
    <bullet14/>
    <bullet15/>
    <bullet16/>
    <bullet17/>
    <bullet18/>
    <bullet19/>
    <bullet20/>
    <bullet21/>
    <bullet22/>
    <bullet23/>
    <bullet24/>
    <vendorPriceUpdateDate>2022-09-30 00:00:00</vendorPriceUpdateDate>
  </part>
  <part>
    <partNumber>RN12YC</partNumber>
    <punctuatedPartNumber>RN-12-YC</punctuatedPartNumber>
    <partStatusDescription>STANDARD</partStatusDescription>
    <partDescription>Spark Plug - RN12YC</partDescription>
    <unitOfMeasure>Each</unitOfMeasure>
    <brandName>CHAMPION</brandName>
    <supplierNumber>CCH-404</supplierNumber>
    <specialInstructions/>
    <baseDealerPrice>2.40</baseDealerPrice>
    <yourDealerPrice>2.40</yourDealerPrice>
    <baseRetailPrice>3.95</baseRetailPrice>
    <originalRetailPrice>4.95</originalRetailPrice>
    <partImage>http://asset.lemansnet.com/z/LzYvNC81LzY0NURFRTczLTU5MEEtNDA5QS1BQTlFLUQwQjM0RDk3MzBERg==</partImage>
    <productId>1851721290</productId>
    <productName>Copper Plus™ Spark Plug — Copper Plus</productName>
    <productImage>http://asset.lemansnet.com/z/LzUvRC9CLzVEQkYyMkE5LTE5OUQtNDFBMC05MjI0LURBOTQ3RjdBQUI3Ng==</productImage>
    <bullet1>Copper Plus spark plug has a copper core center electrode that allows for accurate control of heat range, optimizing performance and longevity of the spark plug</bullet1>
    <bullet2>Patented SAC-9 semi-conductor resistor for maximum EMI and RFI suppression</bullet2>
    <bullet3>Patented Ultraseal™ coated shell for rust prevention</bullet3>
    <bullet4>Made in the USA</bullet4>
    <bullet5/>
    <bullet6/>
    <bullet7/>
    <bullet8/>
    <bullet9/>
    <bullet10/>
    <bullet11/>
    <bullet12/>
    <bullet13/>
    <bullet14/>
    <bullet15/>
    <bullet16/>
    <bullet17/>
    <bullet18/>
    <bullet19/>
    <bullet20/>
    <bullet21/>
    <bullet22/>
    <bullet23/>
    <bullet24/>
    <vendorPriceUpdateDate>2022-09-30 00:00:00</vendorPriceUpdateDate>
  </part>
  <part>
    <partNumber>RN2C</partNumber>
    <punctuatedPartNumber>RN-2-C</punctuatedPartNumber>
    <partStatusDescription>STANDARD</partStatusDescription>
    <partDescription>Spark Plug - RN2C</partDescription>
    <unitOfMeasure>Each</unitOfMeasure>
    <brandName>CHAMPION</brandName>
    <supplierNumber>818C</supplierNumber>
    <specialInstructions/>
    <baseDealerPrice>2.50</baseDealerPrice>
    <yourDealerPrice>2.50</yourDealerPrice>
    <baseRetailPrice>4.95</baseRetailPrice>
    <originalRetailPrice>3.95</originalRetailPrice>
    <partImage>http://asset.lemansnet.com/z/LzkvQy82LzlDNjAxQjYwLTg5RTUtNEVCQS05OUI3LTQxMUMyM0EyMDdEQw==</partImage>
    <productId>1851721290</productId>
    <productName>Copper Plus™ Spark Plug — Copper Plus</productName>
    <productImage>http://asset.lemansnet.com/z/LzUvRC9CLzVEQkYyMkE5LTE5OUQtNDFBMC05MjI0LURBOTQ3RjdBQUI3Ng==</productImage>
    <bullet1>Copper Plus spark plug has a copper core center electrode that allows for accurate control of heat range, optimizing performance and longevity of the spark plug</bullet1>
    <bullet2>Patented SAC-9 semi-conductor resistor for maximum EMI and RFI suppression</bullet2>
    <bullet3>Patented Ultraseal™ coated shell for rust prevention</bullet3>
    <bullet4>Made in the USA</bullet4>
    <bullet5/>
    <bullet6/>
    <bullet7/>
    <bullet8/>
    <bullet9/>
    <bullet10/>
    <bullet11/>
    <bullet12/>
    <bullet13/>
    <bullet14/>
    <bullet15/>
    <bullet16/>
    <bullet17/>
    <bullet18/>
    <bullet19/>
    <bullet20/>
    <bullet21/>
    <bullet22/>
    <bullet23/>
    <bullet24/>
    <vendorPriceUpdateDate>2022-09-30 00:00:00</vendorPriceUpdateDate>
  </part>
  <part>
    <partNumber>RN3C</partNumber>
    <punctuatedPartNumber>RN-3-C</punctuatedPartNumber>
    <partStatusDescription>STANDARD</partStatusDescription>
    <partDescription>Spark Plug - RN3C</partDescription>
    <unitOfMeasure>Each</unitOfMeasure>
    <brandName>CHAMPION</brandName>
    <supplierNumber>880</supplierNumber>
    <specialInstructions/>
    <baseDealerPrice>2.60</baseDealerPrice>
    <yourDealerPrice>2.60</yourDealerPrice>
    <baseRetailPrice>4.95</baseRetailPrice>
    <originalRetailPrice>3.95</originalRetailPrice>
    <partImage>http://asset.lemansnet.com/z/LzMvOC81LzM4NTQwRDI3LUUxMkYtNERGMi1BOERELUVGOTk4MjdBMDU5RA==</partImage>
    <productId>1851721290</productId>
    <productName>Copper Plus™ Spark Plug — Copper Plus</productName>
    <productImage>http://asset.lemansnet.com/z/LzUvRC9CLzVEQkYyMkE5LTE5OUQtNDFBMC05MjI0LURBOTQ3RjdBQUI3Ng==</productImage>
    <bullet1>Copper Plus spark plug has a copper core center electrode that allows for accurate control of heat range, optimizing performance and longevity of the spark plug</bullet1>
    <bullet2>Patented SAC-9 semi-conductor resistor for maximum EMI and RFI suppression</bullet2>
    <bullet3>Patented Ultraseal™ coated shell for rust prevention</bullet3>
    <bullet4>Made in the USA</bullet4>
    <bullet5/>
    <bullet6/>
    <bullet7/>
    <bullet8/>
    <bullet9/>
    <bullet10/>
    <bullet11/>
    <bullet12/>
    <bullet13/>
    <bullet14/>
    <bullet15/>
    <bullet16/>
    <bullet17/>
    <bullet18/>
    <bullet19/>
    <bullet20/>
    <bullet21/>
    <bullet22/>
    <bullet23/>
    <bullet24/>
    <vendorPriceUpdateDate>2022-09-30 00:00:00</vendorPriceUpdateDate>
  </part>
  <part>
    <partNumber>RH8C</partNumber>
    <punctuatedPartNumber>RH8C</punctuatedPartNumber>
    <partStatusDescription>STANDARD</partStatusDescription>
    <partDescription>Spark Plug - RH8C</partDescription>
    <unitOfMeasure>Each</unitOfMeasure>
    <brandName>CHAMPION</brandName>
    <supplierNumber>538</supplierNumber>
    <specialInstructions/>
    <baseDealerPrice>3.00</baseDealerPrice>
    <yourDealerPrice>3.00</yourDealerPrice>
    <baseRetailPrice>4.95</baseRetailPrice>
    <originalRetailPrice>4.95</originalRetailPrice>
    <partImage>http://asset.lemansnet.com/z/LzUvRC9CLzVEQkYyMkE5LTE5OUQtNDFBMC05MjI0LURBOTQ3RjdBQUI3Ng==</partImage>
    <productId>1851721290</productId>
    <productName>Copper Plus™ Spark Plug — Copper Plus</productName>
    <productImage>http://asset.lemansnet.com/z/LzUvRC9CLzVEQkYyMkE5LTE5OUQtNDFBMC05MjI0LURBOTQ3RjdBQUI3Ng==</productImage>
    <bullet1>Copper Plus spark plug has a copper core center electrode that allows for accurate control of heat range, optimizing performance and longevity of the spark plug</bullet1>
    <bullet2>Patented SAC-9 semi-conductor resistor for maximum EMI and RFI suppression</bullet2>
    <bullet3>Patented Ultraseal™ coated shell for rust prevention</bullet3>
    <bullet4>Made in the USA</bullet4>
    <bullet5/>
    <bullet6/>
    <bullet7/>
    <bullet8/>
    <bullet9/>
    <bullet10/>
    <bullet11/>
    <bullet12/>
    <bullet13/>
    <bullet14/>
    <bullet15/>
    <bullet16/>
    <bullet17/>
    <bullet18/>
    <bullet19/>
    <bullet20/>
    <bullet21/>
    <bullet22/>
    <bullet23/>
    <bullet24/>
    <vendorPriceUpdateDate>2022-09-30 00:00:00</vendorPriceUpdateDate>
  </part>
  <part>
    <partNumber>N2C</partNumber>
    <punctuatedPartNumber>N-2-C</punctuatedPartNumber>
    <partStatusDescription>STANDARD</partStatusDescription>
    <partDescription>Spark Plug - N2C</partDescription>
    <unitOfMeasure>Each</unitOfMeasure>
    <brandName>CHAMPION</brandName>
    <supplierNumber>805</supplierNumber>
    <specialInstructions/>
    <baseDealerPrice>2.40</baseDealerPrice>
    <yourDealerPrice>2.40</yourDealerPrice>
    <baseRetailPrice>3.95</baseRetailPrice>
    <originalRetailPrice>3.95</originalRetailPrice>
    <partImage>http://asset.lemansnet.com/z/L0IvRi9GL0JGRkQ2ODRBLTc2NzUtNERDQS04QjIzLTZCNjEwNjlGRjc5OA==</partImage>
    <productId>1851721290</productId>
    <productName>Copper Plus™ Spark Plug — Copper Plus</productName>
    <productImage>http://asset.lemansnet.com/z/LzUvRC9CLzVEQkYyMkE5LTE5OUQtNDFBMC05MjI0LURBOTQ3RjdBQUI3Ng==</productImage>
    <bullet1>Copper Plus spark plug has a copper core center electrode that allows for accurate control of heat range, optimizing performance and longevity of the spark plug</bullet1>
    <bullet2>Patented SAC-9 semi-conductor resistor for maximum EMI and RFI suppression</bullet2>
    <bullet3>Patented Ultraseal™ coated shell for rust prevention</bullet3>
    <bullet4>Made in the USA</bullet4>
    <bullet5/>
    <bullet6/>
    <bullet7/>
    <bullet8/>
    <bullet9/>
    <bullet10/>
    <bullet11/>
    <bullet12/>
    <bullet13/>
    <bullet14/>
    <bullet15/>
    <bullet16/>
    <bullet17/>
    <bullet18/>
    <bullet19/>
    <bullet20/>
    <bullet21/>
    <bullet22/>
    <bullet23/>
    <bullet24/>
    <vendorPriceUpdateDate>2022-09-30 00:00:00</vendorPriceUpdateDate>
  </part>
  <part>
    <partNumber>N3C</partNumber>
    <punctuatedPartNumber>N-3-C</punctuatedPartNumber>
    <partStatusDescription>STANDARD</partStatusDescription>
    <partDescription>Spark Plug - N3C</partDescription>
    <unitOfMeasure>Each</unitOfMeasure>
    <brandName>CHAMPION</brandName>
    <supplierNumber>801C</supplierNumber>
    <specialInstructions/>
    <baseDealerPrice>2.40</baseDealerPrice>
    <yourDealerPrice>2.40</yourDealerPrice>
    <baseRetailPrice>3.95</baseRetailPrice>
    <originalRetailPrice>3.95</originalRetailPrice>
    <partImage>http://asset.lemansnet.com/z/LzIvQy84LzJDODU4QkJDLTI4RUYtNEQyRS05Q0VELTIxN0Y4QjVBRUY1Qw==</partImage>
    <productId>1851721290</productId>
    <productName>Copper Plus™ Spark Plug — Copper Plus</productName>
    <productImage>http://asset.lemansnet.com/z/LzUvRC9CLzVEQkYyMkE5LTE5OUQtNDFBMC05MjI0LURBOTQ3RjdBQUI3Ng==</productImage>
    <bullet1>Copper Plus spark plug has a copper core center electrode that allows for accurate control of heat range, optimizing performance and longevity of the spark plug</bullet1>
    <bullet2>Patented SAC-9 semi-conductor resistor for maximum EMI and RFI suppression</bullet2>
    <bullet3>Patented Ultraseal™ coated shell for rust prevention</bullet3>
    <bullet4>Made in the USA</bullet4>
    <bullet5/>
    <bullet6/>
    <bullet7/>
    <bullet8/>
    <bullet9/>
    <bullet10/>
    <bullet11/>
    <bullet12/>
    <bullet13/>
    <bullet14/>
    <bullet15/>
    <bullet16/>
    <bullet17/>
    <bullet18/>
    <bullet19/>
    <bullet20/>
    <bullet21/>
    <bullet22/>
    <bullet23/>
    <bullet24/>
    <vendorPriceUpdateDate>2022-09-30 00:00:00</vendorPriceUpdateDate>
  </part>
  <part>
    <partNumber>N4C</partNumber>
    <punctuatedPartNumber>N-4-C</punctuatedPartNumber>
    <partStatusDescription>STANDARD</partStatusDescription>
    <partDescription>Spark Plug - N4C</partDescription>
    <unitOfMeasure>Each</unitOfMeasure>
    <brandName>CHAMPION</brandName>
    <supplierNumber>803</supplierNumber>
    <specialInstructions/>
    <baseDealerPrice>2.30</baseDealerPrice>
    <yourDealerPrice>2.30</yourDealerPrice>
    <baseRetailPrice>3.95</baseRetailPrice>
    <originalRetailPrice>3.95</originalRetailPrice>
    <partImage>http://asset.lemansnet.com/z/LzYvOS82LzY5NjQxMTdBLTFDMEUtNDAxOC05MDdBLUFFMkNBOEY4REFBRg==</partImage>
    <productId>1851721290</productId>
    <productName>Copper Plus™ Spark Plug — Copper Plus</productName>
    <productImage>http://asset.lemansnet.com/z/LzUvRC9CLzVEQkYyMkE5LTE5OUQtNDFBMC05MjI0LURBOTQ3RjdBQUI3Ng==</productImage>
    <bullet1>Copper Plus spark plug has a copper core center electrode that allows for accurate control of heat range, optimizing performance and longevity of the spark plug</bullet1>
    <bullet2>Patented SAC-9 semi-conductor resistor for maximum EMI and RFI suppression</bullet2>
    <bullet3>Patented Ultraseal™ coated shell for rust prevention</bullet3>
    <bullet4>Made in the USA</bullet4>
    <bullet5/>
    <bullet6/>
    <bullet7/>
    <bullet8/>
    <bullet9/>
    <bullet10/>
    <bullet11/>
    <bullet12/>
    <bullet13/>
    <bullet14/>
    <bullet15/>
    <bullet16/>
    <bullet17/>
    <bullet18/>
    <bullet19/>
    <bullet20/>
    <bullet21/>
    <bullet22/>
    <bullet23/>
    <bullet24/>
    <vendorPriceUpdateDate>2022-09-30 00:00:00</vendorPriceUpdateDate>
  </part>
</root>
