<root>
  <part>
    <partNumber>16240225</partNumber>
    <punctuatedPartNumber>1624-0225</punctuatedPartNumber>
    <partStatusDescription>DISCONTINUED</partStatusDescription>
    <partDescription>Highway Bar - FXDWG</partDescription>
    <unitOfMeasure>Each</unitOfMeasure>
    <brandName>JARDINE</brandName>
    <supplierNumber>10-5020-01</supplierNumber>
    <specialInstructions>Discontinued P/Byr</specialInstructions>
    <baseDealerPrice>90.80</baseDealerPrice>
    <yourDealerPrice>90.80</yourDealerPrice>
    <baseRetailPrice>0.00</baseRetailPrice>
    <originalRetailPrice>328.95</originalRetailPrice>
    <partImage>http://asset.lemansnet.com/z/L0UvRi9DL0VGQ0E3NUFFLTYxMTctNDdCRC1CMzM2LUFERTI2NEUyODI0QiwvQi82LzYvQjY2MzUzREQtMzBGQS00NDhCLTkwNkEtMEZCMjhBNzQ4QkU0</partImage>
    <productId>1109804390</productId>
    <productName>Highway Bar</productName>
    <productImage>http://asset.lemansnet.com/z/LzkvRi82LzlGNjNDMTc0LUFGMTktNDM3OS1BRDFFLTExMkUzMzc5ODhERQ==</productImage>
    <bullet1>Made of durable 4130 chromoly</bullet1>
    <bullet2>Made in the U.S.A.</bullet2>
    <bullet3>Highway bars are designed for appearance only and may provide only a small amount of protection for the motorcycle. They are not intended to provide bodily protection in any circumstance.</bullet3>
    <bullet4/>
    <bullet5/>
    <bullet6/>
    <bullet7/>
    <bullet8/>
    <bullet9/>
    <bullet10/>
    <bullet11/>
    <bullet12/>
    <bullet13/>
    <bullet14/>
    <bullet15/>
    <bullet16/>
    <bullet17/>
    <bullet18/>
    <bullet19/>
    <bullet20/>
    <bullet21/>
    <bullet22/>
    <bullet23/>
    <bullet24/>
    <vendorPriceUpdateDate>2022-06-30 00:00:00</vendorPriceUpdateDate>
  </part>
  <part>
    <partNumber>10501601</partNumber>
    <punctuatedPartNumber>10-5016-01</punctuatedPartNumber>
    <partStatusDescription>DISCONTINUED</partStatusDescription>
    <partDescription>Highway Bar - Sportster</partDescription>
    <unitOfMeasure>Each</unitOfMeasure>
    <brandName>JARDINE</brandName>
    <supplierNumber>10-5016-01</supplierNumber>
    <specialInstructions>Discontinued P/Buyer</specialInstructions>
    <baseDealerPrice>105.50</baseDealerPrice>
    <yourDealerPrice>105.50</yourDealerPrice>
    <baseRetailPrice>0.00</baseRetailPrice>
    <originalRetailPrice>328.95</originalRetailPrice>
    <partImage>http://asset.lemansnet.com/z/L0QvMi9EL0QyREQ1NTZGLUI3RDMtNENBMC05Qzc3LTA1MUFFMTIwMDAyOQ==</partImage>
    <productId>1109804390</productId>
    <productName>Highway Bar</productName>
    <productImage>http://asset.lemansnet.com/z/LzkvRi82LzlGNjNDMTc0LUFGMTktNDM3OS1BRDFFLTExMkUzMzc5ODhERQ==</productImage>
    <bullet1>Made of durable 4130 chromoly</bullet1>
    <bullet2>Made in the U.S.A.</bullet2>
    <bullet3>Highway bars are designed for appearance only and may provide only a small amount of protection for the motorcycle. They are not intended to provide bodily protection in any circumstance.</bullet3>
    <bullet4/>
    <bullet5/>
    <bullet6/>
    <bullet7/>
    <bullet8/>
    <bullet9/>
    <bullet10/>
    <bullet11/>
    <bullet12/>
    <bullet13/>
    <bullet14/>
    <bullet15/>
    <bullet16/>
    <bullet17/>
    <bullet18/>
    <bullet19/>
    <bullet20/>
    <bullet21/>
    <bullet22/>
    <bullet23/>
    <bullet24/>
    <vendorPriceUpdateDate>2022-06-30 00:00:00</vendorPriceUpdateDate>
  </part>
</root>
