<root>
  <part>
    <partNumber>CC80</partNumber>
    <punctuatedPartNumber>CC-80</punctuatedPartNumber>
    <partStatusDescription>STANDARD</partStatusDescription>
    <partDescription>Metal Polish - 1.76 oz. net wt. - Tube</partDescription>
    <unitOfMeasure>Each</unitOfMeasure>
    <brandName>SIMICHROME</brandName>
    <supplierNumber>390050</supplierNumber>
    <specialInstructions>NOT FOR SALE IN CA 02KPP</specialInstructions>
    <baseDealerPrice>12.27</baseDealerPrice>
    <yourDealerPrice>12.27</yourDealerPrice>
    <baseRetailPrice>18.87</baseRetailPrice>
    <originalRetailPrice>15.95</originalRetailPrice>
    <partImage>http://asset.lemansnet.com/z/LzgvMy9DLzgzQzhGQTdFLURCQTUtNEE2Qy1BQjYzLTg0MEI2MTc2RTcyMSwvQi9CLzQvQkI0QUY2QzQtOTMxNi00Qzg0LUIwNEItOUExNzRCMzIwQUVB</partImage>
    <productId>1195385729</productId>
    <productName>Metal Polish</productName>
    <productImage>http://asset.lemansnet.com/z/L0EvMy8zL0EzMzk3QkU0LTc3MTEtNENBMy1CRUE3LTQ1REVENDFFMzU3NA==</productImage>
    <bullet1>Leaves a brilliant shine that protects chrome, aluminum, silver, brass - any metal</bullet1>
    <bullet2>In addition to removing tarnish and restoring original luster, Simichrome polish also leaves a thin, invisible, protective film to deter further corrosion</bullet2>
    <bullet3>Combats oxidation, water stains and road tar</bullet3>
    <bullet4>Used for years on precious metals and jewelry</bullet4>
    <bullet5>Not for sale in California</bullet5>
    <bullet6/>
    <bullet7/>
    <bullet8/>
    <bullet9/>
    <bullet10/>
    <bullet11/>
    <bullet12/>
    <bullet13/>
    <bullet14/>
    <bullet15/>
    <bullet16/>
    <bullet17/>
    <bullet18/>
    <bullet19/>
    <bullet20/>
    <bullet21/>
    <bullet22/>
    <bullet23/>
    <bullet24/>
    <vendorPriceUpdateDate>2023-03-17 00:00:00</vendorPriceUpdateDate>
  </part>
  <part>
    <partNumber>CC81</partNumber>
    <punctuatedPartNumber>CC-81</punctuatedPartNumber>
    <partStatusDescription>STANDARD</partStatusDescription>
    <partDescription>Metal Polish - 8.8 oz. net wt. - Tub</partDescription>
    <unitOfMeasure>Each</unitOfMeasure>
    <brandName>SIMICHROME</brandName>
    <supplierNumber>390250</supplierNumber>
    <specialInstructions>NOT FOR SALE IN CA 02KPP</specialInstructions>
    <baseDealerPrice>44.67</baseDealerPrice>
    <yourDealerPrice>44.67</yourDealerPrice>
    <baseRetailPrice>68.77</baseRetailPrice>
    <originalRetailPrice>54.95</originalRetailPrice>
    <partImage>http://asset.lemansnet.com/z/L0UvMC80L0UwNDA0NDc4LUZDREEtNDZEOS05NjZCLTMyMjJCRUM2NkEzOQ==</partImage>
    <productId>1195385729</productId>
    <productName>Metal Polish</productName>
    <productImage>http://asset.lemansnet.com/z/L0EvMy8zL0EzMzk3QkU0LTc3MTEtNENBMy1CRUE3LTQ1REVENDFFMzU3NA==</productImage>
    <bullet1>Leaves a brilliant shine that protects chrome, aluminum, silver, brass - any metal</bullet1>
    <bullet2>In addition to removing tarnish and restoring original luster, Simichrome polish also leaves a thin, invisible, protective film to deter further corrosion</bullet2>
    <bullet3>Combats oxidation, water stains and road tar</bullet3>
    <bullet4>Used for years on precious metals and jewelry</bullet4>
    <bullet5>Not for sale in California</bullet5>
    <bullet6/>
    <bullet7/>
    <bullet8/>
    <bullet9/>
    <bullet10/>
    <bullet11/>
    <bullet12/>
    <bullet13/>
    <bullet14/>
    <bullet15/>
    <bullet16/>
    <bullet17/>
    <bullet18/>
    <bullet19/>
    <bullet20/>
    <bullet21/>
    <bullet22/>
    <bullet23/>
    <bullet24/>
    <vendorPriceUpdateDate>2023-03-17 00:00:00</vendorPriceUpdateDate>
  </part>
</root>
