<root>
  <part>
    <partNumber>12050324</partNumber>
    <punctuatedPartNumber>1205-0324</punctuatedPartNumber>
    <partStatusDescription>DISCONTINUED</partStatusDescription>
    <partDescription>Front Differential Bushing</partDescription>
    <unitOfMeasure>Each</unitOfMeasure>
    <brandName>HUB HORNET</brandName>
    <supplierNumber>NT-1</supplierNumber>
    <specialInstructions/>
    <baseDealerPrice>38.80</baseDealerPrice>
    <yourDealerPrice>38.80</yourDealerPrice>
    <baseRetailPrice>0.00</baseRetailPrice>
    <originalRetailPrice>199.95</originalRetailPrice>
    <partImage>http://asset.lemansnet.com/z/L0IvNi80L0I2NDBCMjJFLUMwMkEtNDZDQS05MDIxLURGNUVERjlCMDkwQQ==</partImage>
    <productId>1681195152</productId>
    <productName>Front Differential Bushing</productName>
    <productImage>http://asset.lemansnet.com/z/L0IvNi80L0I2NDBCMjJFLUMwMkEtNDZDQS05MDIxLURGNUVERjlCMDkwQQ==</productImage>
    <bullet1>Polaris front differential, aerospace cantilevered bushing, drive-hub alignment</bullet1>
    <bullet2>Designed to work with heavy duty roller cages, armature plates and bearing kits</bullet2>
    <bullet3>Corrects worn out drive hub assemblies</bullet3>
    <bullet4>Made in the U.S.A</bullet4>
    <bullet5/>
    <bullet6/>
    <bullet7/>
    <bullet8/>
    <bullet9/>
    <bullet10/>
    <bullet11/>
    <bullet12/>
    <bullet13/>
    <bullet14/>
    <bullet15/>
    <bullet16/>
    <bullet17/>
    <bullet18/>
    <bullet19/>
    <bullet20/>
    <bullet21/>
    <bullet22/>
    <bullet23/>
    <bullet24/>
    <vendorPriceUpdateDate>2018-11-29 00:00:00</vendorPriceUpdateDate>
  </part>
  <part>
    <partNumber>12050325</partNumber>
    <punctuatedPartNumber>1205-0325</punctuatedPartNumber>
    <partStatusDescription>DISCONTINUED</partStatusDescription>
    <partDescription>Front Differential Bushing</partDescription>
    <unitOfMeasure>Each</unitOfMeasure>
    <brandName>HUB HORNET</brandName>
    <supplierNumber>T-1</supplierNumber>
    <specialInstructions/>
    <baseDealerPrice>55.40</baseDealerPrice>
    <yourDealerPrice>55.40</yourDealerPrice>
    <baseRetailPrice>0.00</baseRetailPrice>
    <originalRetailPrice>249.95</originalRetailPrice>
    <partImage>http://asset.lemansnet.com/z/L0MvNC8xL0M0MThDQzlBLTlENTEtNDgyRi1CM0QyLTc5MEFFRjMyNEMwQw==</partImage>
    <productId>1940228732</productId>
    <productName>Front Differential Bushing</productName>
    <productImage>http://asset.lemansnet.com/z/L0IvNi80L0I2NDBCMjJFLUMwMkEtNDZDQS05MDIxLURGNUVERjlCMDkwQQ==</productImage>
    <bullet1>Polaris front differential, aerospace cantilevered bushing, drive-hub alignment</bullet1>
    <bullet2>Designed to work with heavy duty roller cages, armature plates and bearing kits</bullet2>
    <bullet3>Corrects worn out drive hub assemblies</bullet3>
    <bullet4>Made in the U.S.A</bullet4>
    <bullet5/>
    <bullet6/>
    <bullet7/>
    <bullet8/>
    <bullet9/>
    <bullet10/>
    <bullet11/>
    <bullet12/>
    <bullet13/>
    <bullet14/>
    <bullet15/>
    <bullet16/>
    <bullet17/>
    <bullet18/>
    <bullet19/>
    <bullet20/>
    <bullet21/>
    <bullet22/>
    <bullet23/>
    <bullet24/>
    <vendorPriceUpdateDate>2018-11-29 00:00:00</vendorPriceUpdateDate>
  </part>
</root>
