<root>
  <part>
    <partNumber>10500172</partNumber>
    <punctuatedPartNumber>1050-0172</punctuatedPartNumber>
    <partStatusDescription>STANDARD</partStatusDescription>
    <partDescription>Idle Air Adjusting Screw Kit - Brass - Constant Velocity Carburetors</partDescription>
    <unitOfMeasure>Kit</unitOfMeasure>
    <brandName>YOST PERFORMANCE</brandName>
    <supplierNumber>CVMS</supplierNumber>
    <specialInstructions/>
    <baseDealerPrice>19.20</baseDealerPrice>
    <yourDealerPrice>19.20</yourDealerPrice>
    <baseRetailPrice>29.95</baseRetailPrice>
    <originalRetailPrice>29.95</originalRetailPrice>
    <partImage>http://asset.lemansnet.com/z/L0IvNy8xL0I3MUREMjFFLTMxQjAtNDkwRS04RkUyLTQ1RTUzRUMzQTg1Rg==</partImage>
    <productId>1206076860</productId>
    <productName>Idle Air Adjusting Screw Kit for All Constant Velocity Carburetors</productName>
    <productImage>http://asset.lemansnet.com/z/L0IvNy8xL0I3MUREMjFFLTMxQjAtNDkwRS04RkUyLTQ1RTUzRUMzQTg1Rg==</productImage>
    <bullet1>Includes mixture screw, spring, washer and O-ring</bullet1>
    <bullet2>Knurled and slotted head for easy adjustment</bullet2>
    <bullet3>Fits CV40 &amp; CV44 carburetors</bullet3>
    <bullet4>Made in the USA</bullet4>
    <bullet5/>
    <bullet6/>
    <bullet7/>
    <bullet8/>
    <bullet9/>
    <bullet10/>
    <bullet11/>
    <bullet12/>
    <bullet13/>
    <bullet14/>
    <bullet15/>
    <bullet16/>
    <bullet17/>
    <bullet18/>
    <bullet19/>
    <bullet20/>
    <bullet21/>
    <bullet22/>
    <bullet23/>
    <bullet24/>
    <vendorPriceUpdateDate>2023-04-22 00:00:00</vendorPriceUpdateDate>
  </part>
  <part>
    <partNumber>10500123</partNumber>
    <punctuatedPartNumber>1050-0123</punctuatedPartNumber>
    <partStatusDescription>STANDARD</partStatusDescription>
    <partDescription>Hi-Flow Fuel Nipple - Brass - '76-'99 Keihin Carburetors</partDescription>
    <unitOfMeasure>Each</unitOfMeasure>
    <brandName>YOST PERFORMANCE</brandName>
    <supplierNumber>CVN1</supplierNumber>
    <specialInstructions/>
    <baseDealerPrice>30.80</baseDealerPrice>
    <yourDealerPrice>30.80</yourDealerPrice>
    <baseRetailPrice>47.95</baseRetailPrice>
    <originalRetailPrice>47.95</originalRetailPrice>
    <partImage>http://asset.lemansnet.com/z/L0UvMS8wL0UxMEFFOTI2LUFCQjQtNDY2Qy1BODAyLTVGREE3NDExRjZFNg==</partImage>
    <productId>1322579711</productId>
    <productName>Hi-Flow Fuel Nipple</productName>
    <productImage>http://asset.lemansnet.com/z/L0UvMS8wL0UxMEFFOTI2LUFCQjQtNDY2Qy1BODAyLTVGREE3NDExRjZFNg==</productImage>
    <bullet1>Flow more fuel than the stock OEM nipples</bullet1>
    <bullet2>For Butterfly and Constant Velocity Keihin carburetors</bullet2>
    <bullet3>Include removal tool</bullet3>
    <bullet4>Made in the USA</bullet4>
    <bullet5/>
    <bullet6/>
    <bullet7/>
    <bullet8/>
    <bullet9/>
    <bullet10/>
    <bullet11/>
    <bullet12/>
    <bullet13/>
    <bullet14/>
    <bullet15/>
    <bullet16/>
    <bullet17/>
    <bullet18/>
    <bullet19/>
    <bullet20/>
    <bullet21/>
    <bullet22/>
    <bullet23/>
    <bullet24/>
    <vendorPriceUpdateDate>2017-03-09 00:00:00</vendorPriceUpdateDate>
  </part>
  <part>
    <partNumber>10500158</partNumber>
    <punctuatedPartNumber>1050-0158</punctuatedPartNumber>
    <partStatusDescription>STANDARD</partStatusDescription>
    <partDescription>Float Bowl Speed Screw Kit - CV/HSR Carburetor</partDescription>
    <unitOfMeasure>Kit</unitOfMeasure>
    <brandName>YOST PERFORMANCE</brandName>
    <supplierNumber>FBS-CV/HSR</supplierNumber>
    <specialInstructions/>
    <baseDealerPrice>23.10</baseDealerPrice>
    <yourDealerPrice>23.10</yourDealerPrice>
    <baseRetailPrice>35.95</baseRetailPrice>
    <originalRetailPrice>35.95</originalRetailPrice>
    <partImage>http://asset.lemansnet.com/z/LzEvNS85LzE1OUNCODNBLTk5NUQtNDZCNC1COTlBLUE2NkRBNzIxMzcwQywvMS8zL0YvMTNGMjc5ODUtOUJCNC00MDU5LUJBQkMtRjRFNjQwMDBFMkEy</partImage>
    <productId>0721760524</productId>
    <productName>Float Bowl Speed Screw Kit</productName>
    <productImage>http://asset.lemansnet.com/z/LzEvNS85LzE1OUNCODNBLTk5NUQtNDZCNC1COTlBLUE2NkRBNzIxMzcwQw==</productImage>
    <bullet1>Longer and stronger than the stock screws, makes them easier to handle; will not round off</bullet1>
    <bullet2>5/16" hex head design eases bowl removal and jet changing</bullet2>
    <bullet3>Electropolished stainless steel for a great custom look</bullet3>
    <bullet4>Will not corrode in extreme climates</bullet4>
    <bullet5>Made in the USA</bullet5>
    <bullet6/>
    <bullet7/>
    <bullet8/>
    <bullet9/>
    <bullet10/>
    <bullet11/>
    <bullet12/>
    <bullet13/>
    <bullet14/>
    <bullet15/>
    <bullet16/>
    <bullet17/>
    <bullet18/>
    <bullet19/>
    <bullet20/>
    <bullet21/>
    <bullet22/>
    <bullet23/>
    <bullet24/>
    <vendorPriceUpdateDate>2023-04-22 00:00:00</vendorPriceUpdateDate>
  </part>
  <part>
    <partNumber>10500160</partNumber>
    <punctuatedPartNumber>1050-0160</punctuatedPartNumber>
    <partStatusDescription>STANDARD</partStatusDescription>
    <partDescription>Float Bowl Speed Screw Kit - S&amp;S Super E/G Carburetor</partDescription>
    <unitOfMeasure>Kit</unitOfMeasure>
    <brandName>YOST PERFORMANCE</brandName>
    <supplierNumber>1050-0160</supplierNumber>
    <specialInstructions/>
    <baseDealerPrice>23.10</baseDealerPrice>
    <yourDealerPrice>23.10</yourDealerPrice>
    <baseRetailPrice>35.95</baseRetailPrice>
    <originalRetailPrice>35.95</originalRetailPrice>
    <partImage>http://asset.lemansnet.com/z/LzEvNS85LzE1OUNCODNBLTk5NUQtNDZCNC1COTlBLUE2NkRBNzIxMzcwQywvMS8zL0YvMTNGMjc5ODUtOUJCNC00MDU5LUJBQkMtRjRFNjQwMDBFMkEy</partImage>
    <productId>0721760524</productId>
    <productName>Float Bowl Speed Screw Kit</productName>
    <productImage>http://asset.lemansnet.com/z/LzEvNS85LzE1OUNCODNBLTk5NUQtNDZCNC1COTlBLUE2NkRBNzIxMzcwQw==</productImage>
    <bullet1>Longer and stronger than the stock screws, makes them easier to handle; will not round off</bullet1>
    <bullet2>5/16" hex head design eases bowl removal and jet changing</bullet2>
    <bullet3>Electropolished stainless steel for a great custom look</bullet3>
    <bullet4>Will not corrode in extreme climates</bullet4>
    <bullet5>Made in the USA</bullet5>
    <bullet6/>
    <bullet7/>
    <bullet8/>
    <bullet9/>
    <bullet10/>
    <bullet11/>
    <bullet12/>
    <bullet13/>
    <bullet14/>
    <bullet15/>
    <bullet16/>
    <bullet17/>
    <bullet18/>
    <bullet19/>
    <bullet20/>
    <bullet21/>
    <bullet22/>
    <bullet23/>
    <bullet24/>
    <vendorPriceUpdateDate>2023-04-22 00:00:00</vendorPriceUpdateDate>
  </part>
  <part>
    <partNumber>10500207</partNumber>
    <punctuatedPartNumber>1050-0207</punctuatedPartNumber>
    <partStatusDescription>STANDARD</partStatusDescription>
    <partDescription>Idle Air Adjusting Screw Kit - Stainless Steel - Constant Velocity Carburetors</partDescription>
    <unitOfMeasure>Kit</unitOfMeasure>
    <brandName>YOST PERFORMANCE</brandName>
    <supplierNumber>CVMS-S</supplierNumber>
    <specialInstructions/>
    <baseDealerPrice>19.20</baseDealerPrice>
    <yourDealerPrice>19.20</yourDealerPrice>
    <baseRetailPrice>29.95</baseRetailPrice>
    <originalRetailPrice>29.95</originalRetailPrice>
    <partImage>http://asset.lemansnet.com/z/L0QvMy8zL0QzM0QyQjU5LTI0MDktNEJBMi1BMzIwLUFBRUVGMTUxQ0YzOQ==</partImage>
    <productId>1206076860</productId>
    <productName>Idle Air Adjusting Screw Kit for All Constant Velocity Carburetors</productName>
    <productImage>http://asset.lemansnet.com/z/L0IvNy8xL0I3MUREMjFFLTMxQjAtNDkwRS04RkUyLTQ1RTUzRUMzQTg1Rg==</productImage>
    <bullet1>Includes mixture screw, spring, washer and O-ring</bullet1>
    <bullet2>Knurled and slotted head for easy adjustment</bullet2>
    <bullet3>Fits CV40 &amp; CV44 carburetors</bullet3>
    <bullet4>Made in the USA</bullet4>
    <bullet5/>
    <bullet6/>
    <bullet7/>
    <bullet8/>
    <bullet9/>
    <bullet10/>
    <bullet11/>
    <bullet12/>
    <bullet13/>
    <bullet14/>
    <bullet15/>
    <bullet16/>
    <bullet17/>
    <bullet18/>
    <bullet19/>
    <bullet20/>
    <bullet21/>
    <bullet22/>
    <bullet23/>
    <bullet24/>
    <vendorPriceUpdateDate>2023-04-22 00:00:00</vendorPriceUpdateDate>
  </part>
  <part>
    <partNumber>10500208</partNumber>
    <punctuatedPartNumber>1050-0208</punctuatedPartNumber>
    <partStatusDescription>STANDARD</partStatusDescription>
    <partDescription>Hi-Flow Fuel Nipple - Stainless Steel - '76-'06 Keihin Carburetors</partDescription>
    <unitOfMeasure>Each</unitOfMeasure>
    <brandName>YOST PERFORMANCE</brandName>
    <supplierNumber>CVN3</supplierNumber>
    <specialInstructions/>
    <baseDealerPrice>30.80</baseDealerPrice>
    <yourDealerPrice>30.80</yourDealerPrice>
    <baseRetailPrice>47.95</baseRetailPrice>
    <originalRetailPrice>47.95</originalRetailPrice>
    <partImage>http://asset.lemansnet.com/z/LzUvQy80LzVDNDY3Nzc5LTE3MEItNDhFQy05RERFLUJBOTlCRDlBMjVBQQ==</partImage>
    <productId>1322579711</productId>
    <productName>Hi-Flow Fuel Nipple</productName>
    <productImage>http://asset.lemansnet.com/z/L0UvMS8wL0UxMEFFOTI2LUFCQjQtNDY2Qy1BODAyLTVGREE3NDExRjZFNg==</productImage>
    <bullet1>Flow more fuel than the stock OEM nipples</bullet1>
    <bullet2>For Butterfly and Constant Velocity Keihin carburetors</bullet2>
    <bullet3>Include removal tool</bullet3>
    <bullet4>Made in the USA</bullet4>
    <bullet5/>
    <bullet6/>
    <bullet7/>
    <bullet8/>
    <bullet9/>
    <bullet10/>
    <bullet11/>
    <bullet12/>
    <bullet13/>
    <bullet14/>
    <bullet15/>
    <bullet16/>
    <bullet17/>
    <bullet18/>
    <bullet19/>
    <bullet20/>
    <bullet21/>
    <bullet22/>
    <bullet23/>
    <bullet24/>
    <vendorPriceUpdateDate>2023-04-22 00:00:00</vendorPriceUpdateDate>
  </part>
  <part>
    <partNumber>10130005</partNumber>
    <punctuatedPartNumber>1013-0005</punctuatedPartNumber>
    <partStatusDescription>STANDARD</partStatusDescription>
    <partDescription>Carburetor Spacer - S&amp;S Super E and B - 1.5"</partDescription>
    <unitOfMeasure>Each</unitOfMeasure>
    <brandName>YOST PERFORMANCE</brandName>
    <supplierNumber>YSE1.5</supplierNumber>
    <specialInstructions/>
    <baseDealerPrice>26.30</baseDealerPrice>
    <yourDealerPrice>26.30</yourDealerPrice>
    <baseRetailPrice>40.95</baseRetailPrice>
    <originalRetailPrice>40.95</originalRetailPrice>
    <partImage>http://asset.lemansnet.com/z/L0EvNC9EL0E0RENBNzkyLTFGMTQtNDNENi04RjYwLTczNjVDOEJEMEQ4Ng==</partImage>
    <productId>1235575118</productId>
    <productName>Carburetor Spacer</productName>
    <productImage>http://asset.lemansnet.com/z/LzkvOC8wLzk4MDgyQTY5LTZBNEItNDNDNS05NjM2LTFFODdCNTBEQzkyMg==</productImage>
    <bullet1>Machined from solid 6061 T-6 billet aluminum that completely eliminates porosity problems</bullet1>
    <bullet2>Easy way to add extra torque and horsepower</bullet2>
    <bullet3>Can be polished to a bright luster</bullet3>
    <bullet4>Made in the USA</bullet4>
    <bullet5/>
    <bullet6/>
    <bullet7/>
    <bullet8/>
    <bullet9/>
    <bullet10/>
    <bullet11/>
    <bullet12/>
    <bullet13/>
    <bullet14/>
    <bullet15/>
    <bullet16/>
    <bullet17/>
    <bullet18/>
    <bullet19/>
    <bullet20/>
    <bullet21/>
    <bullet22/>
    <bullet23/>
    <bullet24/>
    <vendorPriceUpdateDate>2010-02-24 00:00:00</vendorPriceUpdateDate>
  </part>
  <part>
    <partNumber>10130006</partNumber>
    <punctuatedPartNumber>1013-0006</punctuatedPartNumber>
    <partStatusDescription>STANDARD</partStatusDescription>
    <partDescription>Carburetor Spacer - S&amp;S Super E and B - 2"</partDescription>
    <unitOfMeasure>Each</unitOfMeasure>
    <brandName>YOST PERFORMANCE</brandName>
    <supplierNumber>YSE2</supplierNumber>
    <specialInstructions/>
    <baseDealerPrice>26.30</baseDealerPrice>
    <yourDealerPrice>26.30</yourDealerPrice>
    <baseRetailPrice>40.95</baseRetailPrice>
    <originalRetailPrice>40.95</originalRetailPrice>
    <partImage>http://asset.lemansnet.com/z/LzMvRi83LzNGNzBERDhBLTczQ0EtNEQ5RC04RTM0LUNCOTk4RUMwNkNCMA==</partImage>
    <productId>1235575118</productId>
    <productName>Carburetor Spacer</productName>
    <productImage>http://asset.lemansnet.com/z/LzkvOC8wLzk4MDgyQTY5LTZBNEItNDNDNS05NjM2LTFFODdCNTBEQzkyMg==</productImage>
    <bullet1>Machined from solid 6061 T-6 billet aluminum that completely eliminates porosity problems</bullet1>
    <bullet2>Easy way to add extra torque and horsepower</bullet2>
    <bullet3>Can be polished to a bright luster</bullet3>
    <bullet4>Made in the USA</bullet4>
    <bullet5/>
    <bullet6/>
    <bullet7/>
    <bullet8/>
    <bullet9/>
    <bullet10/>
    <bullet11/>
    <bullet12/>
    <bullet13/>
    <bullet14/>
    <bullet15/>
    <bullet16/>
    <bullet17/>
    <bullet18/>
    <bullet19/>
    <bullet20/>
    <bullet21/>
    <bullet22/>
    <bullet23/>
    <bullet24/>
    <vendorPriceUpdateDate>2010-02-24 00:00:00</vendorPriceUpdateDate>
  </part>
  <part>
    <partNumber>10130007</partNumber>
    <punctuatedPartNumber>1013-0007</punctuatedPartNumber>
    <partStatusDescription>STANDARD</partStatusDescription>
    <partDescription>Carburetor Spacer - S&amp;S Super D and G - 1"</partDescription>
    <unitOfMeasure>Each</unitOfMeasure>
    <brandName>YOST PERFORMANCE</brandName>
    <supplierNumber>YSG1</supplierNumber>
    <specialInstructions/>
    <baseDealerPrice>22.50</baseDealerPrice>
    <yourDealerPrice>22.50</yourDealerPrice>
    <baseRetailPrice>34.95</baseRetailPrice>
    <originalRetailPrice>34.95</originalRetailPrice>
    <partImage>http://asset.lemansnet.com/z/LzMvRC9DLzNEQzNEMERBLTg0REEtNEM5NS1BNzY1LTQyMDIyRkMyN0RENg==</partImage>
    <productId>1235575118</productId>
    <productName>Carburetor Spacer</productName>
    <productImage>http://asset.lemansnet.com/z/LzkvOC8wLzk4MDgyQTY5LTZBNEItNDNDNS05NjM2LTFFODdCNTBEQzkyMg==</productImage>
    <bullet1>Machined from solid 6061 T-6 billet aluminum that completely eliminates porosity problems</bullet1>
    <bullet2>Easy way to add extra torque and horsepower</bullet2>
    <bullet3>Can be polished to a bright luster</bullet3>
    <bullet4>Made in the USA</bullet4>
    <bullet5/>
    <bullet6/>
    <bullet7/>
    <bullet8/>
    <bullet9/>
    <bullet10/>
    <bullet11/>
    <bullet12/>
    <bullet13/>
    <bullet14/>
    <bullet15/>
    <bullet16/>
    <bullet17/>
    <bullet18/>
    <bullet19/>
    <bullet20/>
    <bullet21/>
    <bullet22/>
    <bullet23/>
    <bullet24/>
    <vendorPriceUpdateDate>2010-02-24 00:00:00</vendorPriceUpdateDate>
  </part>
  <part>
    <partNumber>10130009</partNumber>
    <punctuatedPartNumber>1013-0009</punctuatedPartNumber>
    <partStatusDescription>STANDARD</partStatusDescription>
    <partDescription>Carburetor Spacer - S&amp;S Super D and G - 2"</partDescription>
    <unitOfMeasure>Each</unitOfMeasure>
    <brandName>YOST PERFORMANCE</brandName>
    <supplierNumber>YSG2</supplierNumber>
    <specialInstructions/>
    <baseDealerPrice>26.30</baseDealerPrice>
    <yourDealerPrice>26.30</yourDealerPrice>
    <baseRetailPrice>40.95</baseRetailPrice>
    <originalRetailPrice>40.95</originalRetailPrice>
    <partImage>http://asset.lemansnet.com/z/LzEvMS9CLzExQkFBMkJFLTgxRTctNDA5RS1BNzA2LTExNzI3Rjc1MTE1Qg==</partImage>
    <productId>1235575118</productId>
    <productName>Carburetor Spacer</productName>
    <productImage>http://asset.lemansnet.com/z/LzkvOC8wLzk4MDgyQTY5LTZBNEItNDNDNS05NjM2LTFFODdCNTBEQzkyMg==</productImage>
    <bullet1>Machined from solid 6061 T-6 billet aluminum that completely eliminates porosity problems</bullet1>
    <bullet2>Easy way to add extra torque and horsepower</bullet2>
    <bullet3>Can be polished to a bright luster</bullet3>
    <bullet4>Made in the USA</bullet4>
    <bullet5/>
    <bullet6/>
    <bullet7/>
    <bullet8/>
    <bullet9/>
    <bullet10/>
    <bullet11/>
    <bullet12/>
    <bullet13/>
    <bullet14/>
    <bullet15/>
    <bullet16/>
    <bullet17/>
    <bullet18/>
    <bullet19/>
    <bullet20/>
    <bullet21/>
    <bullet22/>
    <bullet23/>
    <bullet24/>
    <vendorPriceUpdateDate>2010-02-24 00:00:00</vendorPriceUpdateDate>
  </part>
  <part>
    <partNumber>10130004</partNumber>
    <punctuatedPartNumber>1013-0004</punctuatedPartNumber>
    <partStatusDescription>STANDARD</partStatusDescription>
    <partDescription>Carburetor Spacer - S&amp;S Super E and B - 1"</partDescription>
    <unitOfMeasure>Each</unitOfMeasure>
    <brandName>YOST PERFORMANCE</brandName>
    <supplierNumber>YSE1</supplierNumber>
    <specialInstructions/>
    <baseDealerPrice>22.50</baseDealerPrice>
    <yourDealerPrice>22.50</yourDealerPrice>
    <baseRetailPrice>34.95</baseRetailPrice>
    <originalRetailPrice>34.95</originalRetailPrice>
    <partImage>http://asset.lemansnet.com/z/LzkvOC8wLzk4MDgyQTY5LTZBNEItNDNDNS05NjM2LTFFODdCNTBEQzkyMg==</partImage>
    <productId>1235575118</productId>
    <productName>Carburetor Spacer</productName>
    <productImage>http://asset.lemansnet.com/z/LzkvOC8wLzk4MDgyQTY5LTZBNEItNDNDNS05NjM2LTFFODdCNTBEQzkyMg==</productImage>
    <bullet1>Machined from solid 6061 T-6 billet aluminum that completely eliminates porosity problems</bullet1>
    <bullet2>Easy way to add extra torque and horsepower</bullet2>
    <bullet3>Can be polished to a bright luster</bullet3>
    <bullet4>Made in the USA</bullet4>
    <bullet5/>
    <bullet6/>
    <bullet7/>
    <bullet8/>
    <bullet9/>
    <bullet10/>
    <bullet11/>
    <bullet12/>
    <bullet13/>
    <bullet14/>
    <bullet15/>
    <bullet16/>
    <bullet17/>
    <bullet18/>
    <bullet19/>
    <bullet20/>
    <bullet21/>
    <bullet22/>
    <bullet23/>
    <bullet24/>
    <vendorPriceUpdateDate>2010-02-24 00:00:00</vendorPriceUpdateDate>
  </part>
  <part>
    <partNumber>10150096</partNumber>
    <punctuatedPartNumber>1015-0096</punctuatedPartNumber>
    <partStatusDescription>STANDARD</partStatusDescription>
    <partDescription>CV Carburetor Top Cover with Choke</partDescription>
    <unitOfMeasure>Each</unitOfMeasure>
    <brandName>YOST PERFORMANCE</brandName>
    <supplierNumber>YCCB-NL</supplierNumber>
    <specialInstructions/>
    <baseDealerPrice>40.50</baseDealerPrice>
    <yourDealerPrice>40.50</yourDealerPrice>
    <baseRetailPrice>62.95</baseRetailPrice>
    <originalRetailPrice>62.95</originalRetailPrice>
    <partImage>http://asset.lemansnet.com/z/LzYvRi85LzZGOTRFMzVELUVCRTMtNEVEMS1CNDQxLUJEQTg4NEE2RTQ0OCwvNS9CLzgvNUI4OEZFMUMtNkZCRC00NzA5LTg0QTEtNTUwRDdDNUQ5MEY4LC8yL0YvMC8yRjA2NjRDMC0wMDE2LTRCOTAtQUM0RC1BQzMwNTE1OTg4MzE=</partImage>
    <productId>1694458347</productId>
    <productName>CV Carburetor Top Cover</productName>
    <productImage>http://asset.lemansnet.com/z/LzIvRi8wLzJGMDY2NEMwLTAwMTYtNEI5MC1BQzRELUFDMzA1MTU5ODgzMQ==</productImage>
    <bullet1>Machined from 6061 T-6 billet aluminum, polished to a high luster and chrome-plated</bullet1>
    <bullet2>Relocate choke cable for easier access</bullet2>
    <bullet3>Smooth finish with choke cable bracket</bullet3>
    <bullet4>Made in the USA</bullet4>
    <bullet5/>
    <bullet6/>
    <bullet7/>
    <bullet8/>
    <bullet9/>
    <bullet10/>
    <bullet11/>
    <bullet12/>
    <bullet13/>
    <bullet14/>
    <bullet15/>
    <bullet16/>
    <bullet17/>
    <bullet18/>
    <bullet19/>
    <bullet20/>
    <bullet21/>
    <bullet22/>
    <bullet23/>
    <bullet24/>
    <vendorPriceUpdateDate>2017-03-09 00:00:00</vendorPriceUpdateDate>
  </part>
  <part>
    <partNumber>DS289075</partNumber>
    <punctuatedPartNumber>DS-289075</punctuatedPartNumber>
    <partStatusDescription>STANDARD</partStatusDescription>
    <partDescription>Power Tube Atomizer Kit - HSR 42/45</partDescription>
    <unitOfMeasure>Kit</unitOfMeasure>
    <brandName>YOST PERFORMANCE</brandName>
    <supplierNumber>MHSR</supplierNumber>
    <specialInstructions/>
    <baseDealerPrice>41.20</baseDealerPrice>
    <yourDealerPrice>41.20</yourDealerPrice>
    <baseRetailPrice>63.95</baseRetailPrice>
    <originalRetailPrice>63.95</originalRetailPrice>
    <partImage>http://asset.lemansnet.com/z/L0MvQS9GL0NBRjM1Njg1LTlEQzMtNDFFNS1BRjQ4LTU2MDgxNTI3MjVBRQ==</partImage>
    <productId>0422786750</productId>
    <productName>The Original "Power Tube" Atomizer Kit</productName>
    <productImage>http://asset.lemansnet.com/z/L0MvQS9GL0NBRjM1Njg1LTlEQzMtNDFFNS1BRjQ4LTU2MDgxNTI3MjVBRQ==</productImage>
    <bullet1>Atomizer power tube and jets are CNC-machined from brass for consistency and accuracy</bullet1>
    <bullet2>Eliminates spitting and popping through the carburetor</bullet2>
    <bullet3>Converts fuel from a squirting liquid to a fine mist</bullet3>
    <bullet4>Made in the USA</bullet4>
    <bullet5/>
    <bullet6/>
    <bullet7/>
    <bullet8/>
    <bullet9/>
    <bullet10/>
    <bullet11/>
    <bullet12/>
    <bullet13/>
    <bullet14/>
    <bullet15/>
    <bullet16/>
    <bullet17/>
    <bullet18/>
    <bullet19/>
    <bullet20/>
    <bullet21/>
    <bullet22/>
    <bullet23/>
    <bullet24/>
    <vendorPriceUpdateDate>2023-04-22 00:00:00</vendorPriceUpdateDate>
  </part>
  <part>
    <partNumber>DS289076</partNumber>
    <punctuatedPartNumber>DS-289076</punctuatedPartNumber>
    <partStatusDescription>STANDARD</partStatusDescription>
    <partDescription>Performance Fuel Atomizer Master Kit - 40 mm CV Carburetors</partDescription>
    <unitOfMeasure>Kit</unitOfMeasure>
    <brandName>YOST PERFORMANCE</brandName>
    <supplierNumber>PTR1</supplierNumber>
    <specialInstructions/>
    <baseDealerPrice>72.40</baseDealerPrice>
    <yourDealerPrice>72.40</yourDealerPrice>
    <baseRetailPrice>111.95</baseRetailPrice>
    <originalRetailPrice>111.95</originalRetailPrice>
    <partImage>http://asset.lemansnet.com/z/L0UvNy81L0U3NTJBRTQ2LUUxNTEtNDQ3Mi1COUFCLUI4OTU5OTE0QzJDRg==</partImage>
    <productId>0722854522</productId>
    <productName>The Original "Power Tube" Fuel Atomizer Master Kit</productName>
    <productImage>http://asset.lemansnet.com/z/L0UvNy81L0U3NTJBRTQ2LUUxNTEtNDQ3Mi1COUFCLUI4OTU5OTE0QzJDRg==</productImage>
    <bullet1>Atomizer power tube and jets are CNC-machined from brass for consistency and accuracy</bullet1>
    <bullet2>Includes slow jets, main jets, slide spring, drill bit and needles</bullet2>
    <bullet3>Made in the USA</bullet3>
    <bullet4/>
    <bullet5/>
    <bullet6/>
    <bullet7/>
    <bullet8/>
    <bullet9/>
    <bullet10/>
    <bullet11/>
    <bullet12/>
    <bullet13/>
    <bullet14/>
    <bullet15/>
    <bullet16/>
    <bullet17/>
    <bullet18/>
    <bullet19/>
    <bullet20/>
    <bullet21/>
    <bullet22/>
    <bullet23/>
    <bullet24/>
    <vendorPriceUpdateDate>2023-04-22 00:00:00</vendorPriceUpdateDate>
  </part>
  <part>
    <partNumber>DS289120</partNumber>
    <punctuatedPartNumber>DS-289120</punctuatedPartNumber>
    <partStatusDescription>STANDARD</partStatusDescription>
    <partDescription>Power Tube Atomizer - S&amp;S B/D/E/G Carburetor</partDescription>
    <unitOfMeasure>Each</unitOfMeasure>
    <brandName>YOST PERFORMANCE</brandName>
    <supplierNumber>YSS</supplierNumber>
    <specialInstructions/>
    <baseDealerPrice>32.40</baseDealerPrice>
    <yourDealerPrice>32.40</yourDealerPrice>
    <baseRetailPrice>49.95</baseRetailPrice>
    <originalRetailPrice>49.95</originalRetailPrice>
    <partImage>http://asset.lemansnet.com/z/LzYvMC80LzYwNDhDRUQ4LUQ5NTYtNDY1MS05NTEwLTQ4MEE3RTc3Nzc4Mg==</partImage>
    <productId>0946071538</productId>
    <productName>The Original "Power Tube" Atomizer</productName>
    <productImage>http://asset.lemansnet.com/z/LzYvMC80LzYwNDhDRUQ4LUQ5NTYtNDY1MS05NTEwLTQ4MEE3RTc3Nzc4Mg==</productImage>
    <bullet1>CNC-machined from brass for consistency and accuracy</bullet1>
    <bullet2>Eliminates spitting and popping through the carburetor</bullet2>
    <bullet3>Converts fuel from a squirting liquid to a fine mist</bullet3>
    <bullet4>Made in the USA</bullet4>
    <bullet5/>
    <bullet6/>
    <bullet7/>
    <bullet8/>
    <bullet9/>
    <bullet10/>
    <bullet11/>
    <bullet12/>
    <bullet13/>
    <bullet14/>
    <bullet15/>
    <bullet16/>
    <bullet17/>
    <bullet18/>
    <bullet19/>
    <bullet20/>
    <bullet21/>
    <bullet22/>
    <bullet23/>
    <bullet24/>
    <vendorPriceUpdateDate>2023-04-22 00:00:00</vendorPriceUpdateDate>
  </part>
  <part>
    <partNumber>DS289186</partNumber>
    <punctuatedPartNumber>DS-289186</punctuatedPartNumber>
    <partStatusDescription>STANDARD</partStatusDescription>
    <partDescription>Constant Velocity Main Jet Kit - Big Twin/Sportster/Twin Cam</partDescription>
    <unitOfMeasure>Kit</unitOfMeasure>
    <brandName>YOST PERFORMANCE</brandName>
    <supplierNumber>JP2</supplierNumber>
    <specialInstructions/>
    <baseDealerPrice>15.40</baseDealerPrice>
    <yourDealerPrice>15.40</yourDealerPrice>
    <baseRetailPrice>23.95</baseRetailPrice>
    <originalRetailPrice>23.95</originalRetailPrice>
    <partImage>http://asset.lemansnet.com/z/LzIvRi9FLzJGRTMxQzRBLTczODQtNDUzRS1CRTJCLUQ2NzdGRUQwRjQ5RA==</partImage>
    <productId>2061661775</productId>
    <productName>CV Main Jet Kit</productName>
    <productImage>http://asset.lemansnet.com/z/LzIvRi9FLzJGRTMxQzRBLTczODQtNDUzRS1CRTJCLUQ2NzdGRUQwRjQ5RA==</productImage>
    <bullet1>Kit contains 195, 200, 205, 210, 215 and 220 main jets</bullet1>
    <bullet2>Made in the USA</bullet2>
    <bullet3/>
    <bullet4/>
    <bullet5/>
    <bullet6/>
    <bullet7/>
    <bullet8/>
    <bullet9/>
    <bullet10/>
    <bullet11/>
    <bullet12/>
    <bullet13/>
    <bullet14/>
    <bullet15/>
    <bullet16/>
    <bullet17/>
    <bullet18/>
    <bullet19/>
    <bullet20/>
    <bullet21/>
    <bullet22/>
    <bullet23/>
    <bullet24/>
    <vendorPriceUpdateDate>2023-04-22 00:00:00</vendorPriceUpdateDate>
  </part>
  <part>
    <partNumber>DS196090</partNumber>
    <punctuatedPartNumber>DS-196090</punctuatedPartNumber>
    <partStatusDescription>STANDARD</partStatusDescription>
    <partDescription>Wrench - Intake Manifold - Big Twin/XL</partDescription>
    <unitOfMeasure>Each</unitOfMeasure>
    <brandName>YOST PERFORMANCE</brandName>
    <supplierNumber>WRNB</supplierNumber>
    <specialInstructions/>
    <baseDealerPrice>6.70</baseDealerPrice>
    <yourDealerPrice>6.70</yourDealerPrice>
    <baseRetailPrice>11.95</baseRetailPrice>
    <originalRetailPrice>11.95</originalRetailPrice>
    <partImage>http://asset.lemansnet.com/z/LzYvMi81LzYyNTZEMjA3LTdENTUtNEFBQi1CMDIzLTE5NzhFMEM5RUFBRA==</partImage>
    <productId>1368521982</productId>
    <productName>Intake Manifold Wrench</productName>
    <productImage>http://asset.lemansnet.com/z/LzYvMi81LzYyNTZEMjA3LTdENTUtNEFBQi1CMDIzLTE5NzhFMEM5RUFBRA==</productImage>
    <bullet1>Remove only the carburetor, no need to remove the gas tank</bullet1>
    <bullet2>Made in the U.S.A. by Yost Performance</bullet2>
    <bullet3>Cuts the work time in half</bullet3>
    <bullet4/>
    <bullet5/>
    <bullet6/>
    <bullet7/>
    <bullet8/>
    <bullet9/>
    <bullet10/>
    <bullet11/>
    <bullet12/>
    <bullet13/>
    <bullet14/>
    <bullet15/>
    <bullet16/>
    <bullet17/>
    <bullet18/>
    <bullet19/>
    <bullet20/>
    <bullet21/>
    <bullet22/>
    <bullet23/>
    <bullet24/>
    <vendorPriceUpdateDate>2010-02-24 00:00:00</vendorPriceUpdateDate>
  </part>
</root>
