<root>
  <part>
    <partNumber>06300356</partNumber>
    <punctuatedPartNumber>0630-0356</punctuatedPartNumber>
    <partStatusDescription>STANDARD</partStatusDescription>
    <partDescription>Street Grips - Grooved - 7/8"</partDescription>
    <unitOfMeasure>Pair</unitOfMeasure>
    <brandName>JOHAR</brandName>
    <supplierNumber>JO1103</supplierNumber>
    <specialInstructions/>
    <baseDealerPrice>7.70</baseDealerPrice>
    <yourDealerPrice>7.70</yourDealerPrice>
    <baseRetailPrice>11.95</baseRetailPrice>
    <originalRetailPrice>14.95</originalRetailPrice>
    <partImage>http://asset.lemansnet.com/z/L0MvQi9FL0NCRTFCQjE2LTNDMTItNDQ1RS1CMEUwLTY2Q0UzNUUyRkFDMg==</partImage>
    <productId>2131120450</productId>
    <productName>Street Grips</productName>
    <productImage>http://asset.lemansnet.com/z/LzcvMy9CLzczQkNDOTlBLTdBNzAtNEIxRi1BMjI3LTg4MDEyNDFFRDJFNA==</productImage>
    <bullet1>Minimum vibration with maximum control</bullet1>
    <bullet2>Tough nitrile PVC foam</bullet2>
    <bullet3>Fit 7/8" bars</bullet3>
    <bullet4/>
    <bullet5/>
    <bullet6/>
    <bullet7/>
    <bullet8/>
    <bullet9/>
    <bullet10/>
    <bullet11/>
    <bullet12/>
    <bullet13/>
    <bullet14/>
    <bullet15/>
    <bullet16/>
    <bullet17/>
    <bullet18/>
    <bullet19/>
    <bullet20/>
    <bullet21/>
    <bullet22/>
    <bullet23/>
    <bullet24/>
    <vendorPriceUpdateDate>2023-04-22 00:00:00</vendorPriceUpdateDate>
  </part>
  <part>
    <partNumber>06300355</partNumber>
    <punctuatedPartNumber>0630-0355</punctuatedPartNumber>
    <partStatusDescription>STANDARD</partStatusDescription>
    <partDescription>Street Grips - Johar - 7/8"</partDescription>
    <unitOfMeasure>Pair</unitOfMeasure>
    <brandName>JOHAR</brandName>
    <supplierNumber>JO1102</supplierNumber>
    <specialInstructions/>
    <baseDealerPrice>7.70</baseDealerPrice>
    <yourDealerPrice>7.70</yourDealerPrice>
    <baseRetailPrice>11.95</baseRetailPrice>
    <originalRetailPrice>14.95</originalRetailPrice>
    <partImage>http://asset.lemansnet.com/z/LzYvNy84LzY3ODkzNERGLUQ2RjgtNDZFQS04RjM2LUMzQTQ1NTM1NzQ2Mg==</partImage>
    <productId>2131120450</productId>
    <productName>Street Grips</productName>
    <productImage>http://asset.lemansnet.com/z/LzcvMy9CLzczQkNDOTlBLTdBNzAtNEIxRi1BMjI3LTg4MDEyNDFFRDJFNA==</productImage>
    <bullet1>Minimum vibration with maximum control</bullet1>
    <bullet2>Tough nitrile PVC foam</bullet2>
    <bullet3>Fit 7/8" bars</bullet3>
    <bullet4/>
    <bullet5/>
    <bullet6/>
    <bullet7/>
    <bullet8/>
    <bullet9/>
    <bullet10/>
    <bullet11/>
    <bullet12/>
    <bullet13/>
    <bullet14/>
    <bullet15/>
    <bullet16/>
    <bullet17/>
    <bullet18/>
    <bullet19/>
    <bullet20/>
    <bullet21/>
    <bullet22/>
    <bullet23/>
    <bullet24/>
    <vendorPriceUpdateDate>2023-04-22 00:00:00</vendorPriceUpdateDate>
  </part>
  <part>
    <partNumber>06300357</partNumber>
    <punctuatedPartNumber>0630-0357</punctuatedPartNumber>
    <partStatusDescription>STANDARD</partStatusDescription>
    <partDescription>Superbike Grips - 7/8" - Black</partDescription>
    <unitOfMeasure>Pair</unitOfMeasure>
    <brandName>JOHAR</brandName>
    <supplierNumber>JO1104</supplierNumber>
    <specialInstructions/>
    <baseDealerPrice>7.70</baseDealerPrice>
    <yourDealerPrice>7.70</yourDealerPrice>
    <baseRetailPrice>11.95</baseRetailPrice>
    <originalRetailPrice>14.95</originalRetailPrice>
    <partImage>http://asset.lemansnet.com/z/L0EvQy8xL0FDMTFENEZGLTZDREMtNEIwOS05MEYzLTM5MzA3MTAyMTQzQw==</partImage>
    <productId>1251510331</productId>
    <productName>Superbike Grips</productName>
    <productImage>http://asset.lemansnet.com/z/L0EvQy8xL0FDMTFENEZGLTZDREMtNEIwOS05MEYzLTM5MzA3MTAyMTQzQw==</productImage>
    <bullet1>Special control grooves fit your fingers</bullet1>
    <bullet2>Foam dampens shock and vibration</bullet2>
    <bullet3>Fit 7/8" bars</bullet3>
    <bullet4/>
    <bullet5/>
    <bullet6/>
    <bullet7/>
    <bullet8/>
    <bullet9/>
    <bullet10/>
    <bullet11/>
    <bullet12/>
    <bullet13/>
    <bullet14/>
    <bullet15/>
    <bullet16/>
    <bullet17/>
    <bullet18/>
    <bullet19/>
    <bullet20/>
    <bullet21/>
    <bullet22/>
    <bullet23/>
    <bullet24/>
    <vendorPriceUpdateDate>2023-04-22 00:00:00</vendorPriceUpdateDate>
  </part>
</root>
