<root>
  <part>
    <partNumber>04500489</partNumber>
    <punctuatedPartNumber>0450-0489</punctuatedPartNumber>
    <partStatusDescription>STANDARD</partStatusDescription>
    <partDescription>Anti-Sway Bar/End Links/Brace Kit - Rear</partDescription>
    <unitOfMeasure>Kit</unitOfMeasure>
    <brandName>EIBACH</brandName>
    <supplierNumber>E402090010301</supplierNumber>
    <specialInstructions/>
    <baseDealerPrice>355.47</baseDealerPrice>
    <yourDealerPrice>355.47</yourDealerPrice>
    <baseRetailPrice>477.77</baseRetailPrice>
    <originalRetailPrice>757.95</originalRetailPrice>
    <partImage>http://asset.lemansnet.com/z/LzcvMC9FLzcwRTlDQTMzLUNENTgtNDNGMy1BNzgwLTQwRkIyMkRCMTc4OA==</partImage>
    <productId>0198996947</productId>
    <productName>Anti-Sway Roll Bars/Roll Bar Kit</productName>
    <productImage>http://asset.lemansnet.com/z/LzAvQS83LzBBN0IyREFGLUVGNDktNDcyOS1BRkMxLTdDQkE3RDBDMDUxOA==</productImage>
    <bullet1>Reduce body roll</bullet1>
    <bullet2>Design has increased stiffness compared to the stock sway bars</bullet2>
    <bullet3>Engineered to complement the Pro UTV shock spring kits</bullet3>
    <bullet4>Rear sway bars have adjustment holes to fine-tune roll stiffness to the driver’s preference</bullet4>
    <bullet5>Made in the U.S.A</bullet5>
    <bullet6/>
    <bullet7/>
    <bullet8/>
    <bullet9/>
    <bullet10/>
    <bullet11/>
    <bullet12/>
    <bullet13/>
    <bullet14/>
    <bullet15/>
    <bullet16/>
    <bullet17/>
    <bullet18/>
    <bullet19/>
    <bullet20/>
    <bullet21/>
    <bullet22/>
    <bullet23/>
    <bullet24/>
    <vendorPriceUpdateDate>2023-04-22 00:00:00</vendorPriceUpdateDate>
  </part>
  <part>
    <partNumber>13120790</partNumber>
    <punctuatedPartNumber>1312-0790</punctuatedPartNumber>
    <partStatusDescription>STANDARD</partStatusDescription>
    <partDescription>Stage 2 Pro UTV Performance Spring System - For OEM Walker Evans Shock</partDescription>
    <unitOfMeasure>Kit</unitOfMeasure>
    <brandName>EIBACH</brandName>
    <supplierNumber>E852090010222</supplierNumber>
    <specialInstructions/>
    <baseDealerPrice>752.27</baseDealerPrice>
    <yourDealerPrice>752.27</yourDealerPrice>
    <baseRetailPrice>1011.11</baseRetailPrice>
    <originalRetailPrice>967.95</originalRetailPrice>
    <partImage>http://asset.lemansnet.com/z/L0MvQS9GL0NBRkVCMzUxLTNDNDctNEU3Ny1CRUQxLTU2NjlGRjg5MDlENQ==</partImage>
    <productId>1529130344</productId>
    <productName>Pro UTV Stage 2 Performance Shock Springs</productName>
    <productImage>http://asset.lemansnet.com/z/L0YvOS84L0Y5OEIyNzlDLTk5REItNEIxMi1BNUVCLUQ4OTMyN0ZERjgxRQ==</productImage>
    <bullet1>All systems include springs, sliders, stop rings and complete setup instructions</bullet1>
    <bullet2>Race-proven durability and quality</bullet2>
    <bullet3>Engineered and tested by drivers</bullet3>
    <bullet4>Designed for 2- and 4-seat vehicles</bullet4>
    <bullet5>Adjustable shock lockout collars included to allow fine-tuning of the transition point of the dual-spring setup</bullet5>
    <bullet6>Improves turn-in response and better power hookup out of the turns</bullet6>
    <bullet7>Smoother ride over rough terrain</bullet7>
    <bullet8>Stiffer spring rates prevent bottoming in the G-outs</bullet8>
    <bullet9>Made in the U.S.A.</bullet9>
    <bullet10/>
    <bullet11/>
    <bullet12/>
    <bullet13/>
    <bullet14/>
    <bullet15/>
    <bullet16/>
    <bullet17/>
    <bullet18/>
    <bullet19/>
    <bullet20/>
    <bullet21/>
    <bullet22/>
    <bullet23/>
    <bullet24/>
    <vendorPriceUpdateDate>2023-04-22 00:00:00</vendorPriceUpdateDate>
  </part>
  <part>
    <partNumber>13120821</partNumber>
    <punctuatedPartNumber>1312-0821</punctuatedPartNumber>
    <partStatusDescription>STANDARD</partStatusDescription>
    <partDescription>Stage 2 Pro UTV Performance Spring System - For OEM Fox Shock</partDescription>
    <unitOfMeasure>Kit</unitOfMeasure>
    <brandName>EIBACH</brandName>
    <supplierNumber>E852120040222</supplierNumber>
    <specialInstructions/>
    <baseDealerPrice>806.83</baseDealerPrice>
    <yourDealerPrice>806.83</yourDealerPrice>
    <baseRetailPrice>1084.44</baseRetailPrice>
    <originalRetailPrice>1246.95</originalRetailPrice>
    <partImage>http://asset.lemansnet.com/z/L0YvMi8xL0YyMTA1MkE2LTg4MDgtNDVDQS04NjA3LUNCQzhENTVCNDBCOQ==</partImage>
    <productId>1529130344</productId>
    <productName>Pro UTV Stage 2 Performance Shock Springs</productName>
    <productImage>http://asset.lemansnet.com/z/L0YvOS84L0Y5OEIyNzlDLTk5REItNEIxMi1BNUVCLUQ4OTMyN0ZERjgxRQ==</productImage>
    <bullet1>All systems include springs, sliders, stop rings and complete setup instructions</bullet1>
    <bullet2>Race-proven durability and quality</bullet2>
    <bullet3>Engineered and tested by drivers</bullet3>
    <bullet4>Designed for 2- and 4-seat vehicles</bullet4>
    <bullet5>Adjustable shock lockout collars included to allow fine-tuning of the transition point of the dual-spring setup</bullet5>
    <bullet6>Improves turn-in response and better power hookup out of the turns</bullet6>
    <bullet7>Smoother ride over rough terrain</bullet7>
    <bullet8>Stiffer spring rates prevent bottoming in the G-outs</bullet8>
    <bullet9>Made in the U.S.A.</bullet9>
    <bullet10/>
    <bullet11/>
    <bullet12/>
    <bullet13/>
    <bullet14/>
    <bullet15/>
    <bullet16/>
    <bullet17/>
    <bullet18/>
    <bullet19/>
    <bullet20/>
    <bullet21/>
    <bullet22/>
    <bullet23/>
    <bullet24/>
    <vendorPriceUpdateDate>2023-04-22 00:00:00</vendorPriceUpdateDate>
  </part>
  <part>
    <partNumber>13120826</partNumber>
    <punctuatedPartNumber>1312-0826</punctuatedPartNumber>
    <partStatusDescription>STANDARD</partStatusDescription>
    <partDescription>Stage 3 Pro UTV Performance Spring System - For OEM Fox Shock</partDescription>
    <unitOfMeasure>Kit</unitOfMeasure>
    <brandName>EIBACH</brandName>
    <supplierNumber>E852120060322</supplierNumber>
    <specialInstructions/>
    <baseDealerPrice>810.13</baseDealerPrice>
    <yourDealerPrice>810.13</yourDealerPrice>
    <baseRetailPrice>1088.89</baseRetailPrice>
    <originalRetailPrice>1246.95</originalRetailPrice>
    <partImage>http://asset.lemansnet.com/z/LzAvQS85LzBBOTkwRDk4LTcwRkUtNDBGRi1COTdCLTYyMTAwRTQxNTE1RQ==</partImage>
    <productId>1775172212</productId>
    <productName>Pro UTV Stage 3 Performance Shock Springs</productName>
    <productImage>http://asset.lemansnet.com/z/LzkvMi81LzkyNUM5MkJFLTJDRTItNDgyNS04RkJFLTM4RjBCNzk1N0QxNw==</productImage>
    <bullet1>All systems include springs, sliders, stop rings and complete setup instructions</bullet1>
    <bullet2>Race-proven durability and quality</bullet2>
    <bullet3>Engineered and tested by drivers</bullet3>
    <bullet4>For 2- and 4-seat vehicles with higher loads and multiple passengers</bullet4>
    <bullet5>More aggressive spring rates keep the machine balanced</bullet5>
    <bullet6>Adjustable shock lockout collars included to allow fine-tuning of the transition point of the dual-spring setup</bullet6>
    <bullet7>Improves turn-in response and better power hookup out of the turns</bullet7>
    <bullet8>Smoother ride over rough terrain</bullet8>
    <bullet9>Stiffer spring rates prevent bottoming in the G-outs</bullet9>
    <bullet10>Made in the U.S.A.</bullet10>
    <bullet11/>
    <bullet12/>
    <bullet13/>
    <bullet14/>
    <bullet15/>
    <bullet16/>
    <bullet17/>
    <bullet18/>
    <bullet19/>
    <bullet20/>
    <bullet21/>
    <bullet22/>
    <bullet23/>
    <bullet24/>
    <vendorPriceUpdateDate>2023-04-22 00:00:00</vendorPriceUpdateDate>
  </part>
  <part>
    <partNumber>13120863</partNumber>
    <punctuatedPartNumber>1312-0863</punctuatedPartNumber>
    <partStatusDescription>STANDARD</partStatusDescription>
    <partDescription>Stage 3 Pro UTV Performance Spring System</partDescription>
    <unitOfMeasure>Kit</unitOfMeasure>
    <brandName>EIBACH</brandName>
    <supplierNumber>E852090190322</supplierNumber>
    <specialInstructions/>
    <baseDealerPrice>858.08</baseDealerPrice>
    <yourDealerPrice>858.08</yourDealerPrice>
    <baseRetailPrice>1153.33</baseRetailPrice>
    <originalRetailPrice>1088.95</originalRetailPrice>
    <partImage>http://asset.lemansnet.com/z/LzUvMy8yLzUzMkQ2MUEzLUI1REQtNDA3MC1BNkExLTQzNTdFNEIxMjFBNQ==</partImage>
    <productId>1857972961</productId>
    <productName>Pro UTV Stage 3 Performance Shock Springs</productName>
    <productImage>http://asset.lemansnet.com/z/LzkvMi81LzkyNUM5MkJFLTJDRTItNDgyNS04RkJFLTM4RjBCNzk1N0QxNw==</productImage>
    <bullet1>All systems include springs, sliders, stop rings and complete setup instructions</bullet1>
    <bullet2>Race-proven durability and quality</bullet2>
    <bullet3>Engineered and tested by drivers</bullet3>
    <bullet4>For 2- and 4-seat vehicles with higher loads and multiple passengers</bullet4>
    <bullet5>More aggressive spring rates keep the machine balanced</bullet5>
    <bullet6>Adjustable shock lockout collars included to allow fine-tuning of the transition point of the dual-spring setup</bullet6>
    <bullet7>Improves turn-in response and better power hookup out of the turns</bullet7>
    <bullet8>Smoother ride over rough terrain</bullet8>
    <bullet9>Stiffer spring rates prevent bottoming in the G-outs</bullet9>
    <bullet10>Made in the U.S.A.</bullet10>
    <bullet11/>
    <bullet12/>
    <bullet13/>
    <bullet14/>
    <bullet15/>
    <bullet16/>
    <bullet17/>
    <bullet18/>
    <bullet19/>
    <bullet20/>
    <bullet21/>
    <bullet22/>
    <bullet23/>
    <bullet24/>
    <vendorPriceUpdateDate>2023-04-22 00:00:00</vendorPriceUpdateDate>
  </part>
  <part>
    <partNumber>38050186</partNumber>
    <punctuatedPartNumber>3805-0186</punctuatedPartNumber>
    <partStatusDescription>STANDARD</partStatusDescription>
    <partDescription>Spanner Wrench - Shock Collar - RZR</partDescription>
    <unitOfMeasure>Pair</unitOfMeasure>
    <brandName>EIBACH</brandName>
    <supplierNumber>ETXR2.0</supplierNumber>
    <specialInstructions/>
    <baseDealerPrice>19.90</baseDealerPrice>
    <yourDealerPrice>19.90</yourDealerPrice>
    <baseRetailPrice>24.95</baseRetailPrice>
    <originalRetailPrice>24.95</originalRetailPrice>
    <partImage>http://asset.lemansnet.com/z/LzkvMS8wLzkxMDQ2OEZFLUIxN0EtNEJERC1CM0E2LUNCM0MyODEwRTVGOQ==</partImage>
    <productId>1663492838</productId>
    <productName>Spanner Wrench</productName>
    <productImage>http://asset.lemansnet.com/z/LzIvNS9GLzI1RjZCNzZFLTE5RTYtNDkyQy04Q0I1LTI5QTVERjk2RjIzRQ==</productImage>
    <bullet1>Wrenches engineered to work with the shock collar on certain Can-Am, Polaris, and Yamaha models</bullet1>
    <bullet2>Made in the U.S.A.</bullet2>
    <bullet3/>
    <bullet4/>
    <bullet5/>
    <bullet6/>
    <bullet7/>
    <bullet8/>
    <bullet9/>
    <bullet10/>
    <bullet11/>
    <bullet12/>
    <bullet13/>
    <bullet14/>
    <bullet15/>
    <bullet16/>
    <bullet17/>
    <bullet18/>
    <bullet19/>
    <bullet20/>
    <bullet21/>
    <bullet22/>
    <bullet23/>
    <bullet24/>
    <vendorPriceUpdateDate>2021-07-15 00:00:00</vendorPriceUpdateDate>
  </part>
</root>
