<root>
  <part>
    <partNumber>12260017</partNumber>
    <punctuatedPartNumber>1226-0017</punctuatedPartNumber>
    <partStatusDescription>STANDARD</partStatusDescription>
    <partDescription>Silent Chain - 13 Width - 64 Links</partDescription>
    <unitOfMeasure>Each</unitOfMeasure>
    <brandName>REXNORD CORPORATION</brandName>
    <supplierNumber>S37TNB1364PAW</supplierNumber>
    <specialInstructions/>
    <baseDealerPrice>59.20</baseDealerPrice>
    <yourDealerPrice>59.20</yourDealerPrice>
    <baseRetailPrice>91.95</baseRetailPrice>
    <originalRetailPrice>91.95</originalRetailPrice>
    <partImage>http://asset.lemansnet.com/z/LzMvQy8zLzNDM0ZFOEM3LUM1OTMtNDVDMS04QjE4LUQzQkU4MDk1MEE5Nw==</partImage>
    <productId>0230218194</productId>
    <productName>Silent Chain</productName>
    <productImage>http://asset.lemansnet.com/z/L0QvMC83L0QwN0Y0MUNDLTlFMjMtNDM4Ni1BMzg5LTU2NDAwRjk2QkM2Qw==</productImage>
    <bullet1>Replaces OEM silent chain</bullet1>
    <bullet2>Length is determined by the number of pins in the chain</bullet2>
    <bullet3>Width is determined by the number of side plates</bullet3>
    <bullet4/>
    <bullet5/>
    <bullet6/>
    <bullet7/>
    <bullet8/>
    <bullet9/>
    <bullet10/>
    <bullet11/>
    <bullet12/>
    <bullet13/>
    <bullet14/>
    <bullet15/>
    <bullet16/>
    <bullet17/>
    <bullet18/>
    <bullet19/>
    <bullet20/>
    <bullet21/>
    <bullet22/>
    <bullet23/>
    <bullet24/>
    <vendorPriceUpdateDate>2018-03-16 00:00:00</vendorPriceUpdateDate>
  </part>
  <part>
    <partNumber>12260024</partNumber>
    <punctuatedPartNumber>1226-0024</punctuatedPartNumber>
    <partStatusDescription>DISCONTINUED</partStatusDescription>
    <partDescription>Silent Chain - 15 Width - 74 Links</partDescription>
    <unitOfMeasure>Each</unitOfMeasure>
    <brandName>REXNORD CORPORATION</brandName>
    <supplierNumber>S37TNB1574PAW</supplierNumber>
    <specialInstructions>Discontinued Item</specialInstructions>
    <baseDealerPrice>68.90</baseDealerPrice>
    <yourDealerPrice>68.90</yourDealerPrice>
    <baseRetailPrice>0.00</baseRetailPrice>
    <originalRetailPrice>141.95</originalRetailPrice>
    <partImage>http://asset.lemansnet.com/z/L0MvRi9CL0NGQjgwM0MwLTEzRDYtNEIwMS1CMTZFLUU2MEQ5QkY0QjAxNA==</partImage>
    <productId>1478281001</productId>
    <productName>Silent Chain</productName>
    <productImage>http://asset.lemansnet.com/z/L0QvMC83L0QwN0Y0MUNDLTlFMjMtNDM4Ni1BMzg5LTU2NDAwRjk2QkM2Qw==</productImage>
    <bullet1>Replaces OEM silent chain</bullet1>
    <bullet2>Length is determined by the number of pins in the chain</bullet2>
    <bullet3>Width is determined by the number of side plates</bullet3>
    <bullet4/>
    <bullet5/>
    <bullet6/>
    <bullet7/>
    <bullet8/>
    <bullet9/>
    <bullet10/>
    <bullet11/>
    <bullet12/>
    <bullet13/>
    <bullet14/>
    <bullet15/>
    <bullet16/>
    <bullet17/>
    <bullet18/>
    <bullet19/>
    <bullet20/>
    <bullet21/>
    <bullet22/>
    <bullet23/>
    <bullet24/>
    <vendorPriceUpdateDate>2018-03-16 00:00:00</vendorPriceUpdateDate>
  </part>
  <part>
    <partNumber>12260018</partNumber>
    <punctuatedPartNumber>1226-0018</punctuatedPartNumber>
    <partStatusDescription>STANDARD</partStatusDescription>
    <partDescription>Silent Chain - 13 Width - 66 Links</partDescription>
    <unitOfMeasure>Each</unitOfMeasure>
    <brandName>REXNORD CORPORATION</brandName>
    <supplierNumber>S37TNB1366PAW</supplierNumber>
    <specialInstructions/>
    <baseDealerPrice>61.00</baseDealerPrice>
    <yourDealerPrice>61.00</yourDealerPrice>
    <baseRetailPrice>93.95</baseRetailPrice>
    <originalRetailPrice>93.95</originalRetailPrice>
    <partImage>http://asset.lemansnet.com/z/L0QvMS83L0QxNzQ2MjNGLTY1MTItNDUxQi05REE0LTk1MkJFRTlCOTdEMA==</partImage>
    <productId>0230218194</productId>
    <productName>Silent Chain</productName>
    <productImage>http://asset.lemansnet.com/z/L0QvMC83L0QwN0Y0MUNDLTlFMjMtNDM4Ni1BMzg5LTU2NDAwRjk2QkM2Qw==</productImage>
    <bullet1>Replaces OEM silent chain</bullet1>
    <bullet2>Length is determined by the number of pins in the chain</bullet2>
    <bullet3>Width is determined by the number of side plates</bullet3>
    <bullet4/>
    <bullet5/>
    <bullet6/>
    <bullet7/>
    <bullet8/>
    <bullet9/>
    <bullet10/>
    <bullet11/>
    <bullet12/>
    <bullet13/>
    <bullet14/>
    <bullet15/>
    <bullet16/>
    <bullet17/>
    <bullet18/>
    <bullet19/>
    <bullet20/>
    <bullet21/>
    <bullet22/>
    <bullet23/>
    <bullet24/>
    <vendorPriceUpdateDate>2018-03-16 00:00:00</vendorPriceUpdateDate>
  </part>
  <part>
    <partNumber>0311804</partNumber>
    <punctuatedPartNumber>03-118-04</punctuatedPartNumber>
    <partStatusDescription>STANDARD</partStatusDescription>
    <partDescription>Silent Chain - 15 Width - 70 Links</partDescription>
    <unitOfMeasure>Each</unitOfMeasure>
    <brandName>REXNORD CORPORATION</brandName>
    <supplierNumber>S37TNB1570PAW</supplierNumber>
    <specialInstructions>Discontinued Per Buyer</specialInstructions>
    <baseDealerPrice>79.00</baseDealerPrice>
    <yourDealerPrice>79.00</yourDealerPrice>
    <baseRetailPrice>121.95</baseRetailPrice>
    <originalRetailPrice>121.95</originalRetailPrice>
    <partImage>http://asset.lemansnet.com/z/L0MvMi9FL0MyRTAxRjYxLUI5OUYtNDU0NC05NDJBLUUzQzIzNkQ1RTJGNg==</partImage>
    <productId>0230218194</productId>
    <productName>Silent Chain</productName>
    <productImage>http://asset.lemansnet.com/z/L0QvMC83L0QwN0Y0MUNDLTlFMjMtNDM4Ni1BMzg5LTU2NDAwRjk2QkM2Qw==</productImage>
    <bullet1>Replaces OEM silent chain</bullet1>
    <bullet2>Length is determined by the number of pins in the chain</bullet2>
    <bullet3>Width is determined by the number of side plates</bullet3>
    <bullet4/>
    <bullet5/>
    <bullet6/>
    <bullet7/>
    <bullet8/>
    <bullet9/>
    <bullet10/>
    <bullet11/>
    <bullet12/>
    <bullet13/>
    <bullet14/>
    <bullet15/>
    <bullet16/>
    <bullet17/>
    <bullet18/>
    <bullet19/>
    <bullet20/>
    <bullet21/>
    <bullet22/>
    <bullet23/>
    <bullet24/>
    <vendorPriceUpdateDate>2018-03-16 00:00:00</vendorPriceUpdateDate>
  </part>
  <part>
    <partNumber>12260011</partNumber>
    <punctuatedPartNumber>1226-0011</punctuatedPartNumber>
    <partStatusDescription>STANDARD</partStatusDescription>
    <partDescription>Silent Chain - 11 Width - 64 Links</partDescription>
    <unitOfMeasure>Each</unitOfMeasure>
    <brandName>REXNORD CORPORATION</brandName>
    <supplierNumber>S37TNB1164PAW</supplierNumber>
    <specialInstructions>Discontinued Per Buyer</specialInstructions>
    <baseDealerPrice>49.60</baseDealerPrice>
    <yourDealerPrice>49.60</yourDealerPrice>
    <baseRetailPrice>76.95</baseRetailPrice>
    <originalRetailPrice>76.95</originalRetailPrice>
    <partImage>http://asset.lemansnet.com/z/L0EvOC9GL0E4RkU3NzE3LTZGMTctNEIxMi04NUVGLTk1Mzg1MkM0Nzc3OA==</partImage>
    <productId>0230218194</productId>
    <productName>Silent Chain</productName>
    <productImage>http://asset.lemansnet.com/z/L0QvMC83L0QwN0Y0MUNDLTlFMjMtNDM4Ni1BMzg5LTU2NDAwRjk2QkM2Qw==</productImage>
    <bullet1>Replaces OEM silent chain</bullet1>
    <bullet2>Length is determined by the number of pins in the chain</bullet2>
    <bullet3>Width is determined by the number of side plates</bullet3>
    <bullet4/>
    <bullet5/>
    <bullet6/>
    <bullet7/>
    <bullet8/>
    <bullet9/>
    <bullet10/>
    <bullet11/>
    <bullet12/>
    <bullet13/>
    <bullet14/>
    <bullet15/>
    <bullet16/>
    <bullet17/>
    <bullet18/>
    <bullet19/>
    <bullet20/>
    <bullet21/>
    <bullet22/>
    <bullet23/>
    <bullet24/>
    <vendorPriceUpdateDate>2018-03-16 00:00:00</vendorPriceUpdateDate>
  </part>
  <part>
    <partNumber>12260012</partNumber>
    <punctuatedPartNumber>1226-0012</punctuatedPartNumber>
    <partStatusDescription>STANDARD</partStatusDescription>
    <partDescription>Silent Chain - 11 Width - 66 Links</partDescription>
    <unitOfMeasure>Each</unitOfMeasure>
    <brandName>REXNORD CORPORATION</brandName>
    <supplierNumber>S37TNB1166PAW</supplierNumber>
    <specialInstructions>Discontinued Per Buyer</specialInstructions>
    <baseDealerPrice>51.00</baseDealerPrice>
    <yourDealerPrice>51.00</yourDealerPrice>
    <baseRetailPrice>78.95</baseRetailPrice>
    <originalRetailPrice>78.95</originalRetailPrice>
    <partImage>http://asset.lemansnet.com/z/LzEvNC8zLzE0M0FBRTA2LTUzMTYtNDc5QS1BNzA0LUZFNUI1MkNFMDVCNA==</partImage>
    <productId>0230218194</productId>
    <productName>Silent Chain</productName>
    <productImage>http://asset.lemansnet.com/z/L0QvMC83L0QwN0Y0MUNDLTlFMjMtNDM4Ni1BMzg5LTU2NDAwRjk2QkM2Qw==</productImage>
    <bullet1>Replaces OEM silent chain</bullet1>
    <bullet2>Length is determined by the number of pins in the chain</bullet2>
    <bullet3>Width is determined by the number of side plates</bullet3>
    <bullet4/>
    <bullet5/>
    <bullet6/>
    <bullet7/>
    <bullet8/>
    <bullet9/>
    <bullet10/>
    <bullet11/>
    <bullet12/>
    <bullet13/>
    <bullet14/>
    <bullet15/>
    <bullet16/>
    <bullet17/>
    <bullet18/>
    <bullet19/>
    <bullet20/>
    <bullet21/>
    <bullet22/>
    <bullet23/>
    <bullet24/>
    <vendorPriceUpdateDate>2018-03-16 00:00:00</vendorPriceUpdateDate>
  </part>
  <part>
    <partNumber>12260013</partNumber>
    <punctuatedPartNumber>1226-0013</punctuatedPartNumber>
    <partStatusDescription>STANDARD</partStatusDescription>
    <partDescription>Silent Chain - 11 Width - 68 Links</partDescription>
    <unitOfMeasure>Each</unitOfMeasure>
    <brandName>REXNORD CORPORATION</brandName>
    <supplierNumber>S37TNB1168PAW</supplierNumber>
    <specialInstructions>Discontinued Per Buyer</specialInstructions>
    <baseDealerPrice>52.50</baseDealerPrice>
    <yourDealerPrice>52.50</yourDealerPrice>
    <baseRetailPrice>80.95</baseRetailPrice>
    <originalRetailPrice>80.95</originalRetailPrice>
    <partImage>http://asset.lemansnet.com/z/L0IvNS8zL0I1M0Y3RkRCLUZFODYtNDU3Qy05QTE2LUYyNUVCQkVCMDZGMw==</partImage>
    <productId>0230218194</productId>
    <productName>Silent Chain</productName>
    <productImage>http://asset.lemansnet.com/z/L0QvMC83L0QwN0Y0MUNDLTlFMjMtNDM4Ni1BMzg5LTU2NDAwRjk2QkM2Qw==</productImage>
    <bullet1>Replaces OEM silent chain</bullet1>
    <bullet2>Length is determined by the number of pins in the chain</bullet2>
    <bullet3>Width is determined by the number of side plates</bullet3>
    <bullet4/>
    <bullet5/>
    <bullet6/>
    <bullet7/>
    <bullet8/>
    <bullet9/>
    <bullet10/>
    <bullet11/>
    <bullet12/>
    <bullet13/>
    <bullet14/>
    <bullet15/>
    <bullet16/>
    <bullet17/>
    <bullet18/>
    <bullet19/>
    <bullet20/>
    <bullet21/>
    <bullet22/>
    <bullet23/>
    <bullet24/>
    <vendorPriceUpdateDate>2018-03-16 00:00:00</vendorPriceUpdateDate>
  </part>
  <part>
    <partNumber>12260014</partNumber>
    <punctuatedPartNumber>1226-0014</punctuatedPartNumber>
    <partStatusDescription>STANDARD</partStatusDescription>
    <partDescription>Silent Chain - 11 Width - 70 Links</partDescription>
    <unitOfMeasure>Each</unitOfMeasure>
    <brandName>REXNORD CORPORATION</brandName>
    <supplierNumber>S37TNB1170PAW</supplierNumber>
    <specialInstructions>Discontinued Per Buyer</specialInstructions>
    <baseDealerPrice>54.00</baseDealerPrice>
    <yourDealerPrice>54.00</yourDealerPrice>
    <baseRetailPrice>83.95</baseRetailPrice>
    <originalRetailPrice>83.95</originalRetailPrice>
    <partImage>http://asset.lemansnet.com/z/LzcvRS8zLzdFM0Y3OUJDLUM2NTAtNEZBQS1BNjYxLTE2NEM4NTE1QzNFQQ==</partImage>
    <productId>0230218194</productId>
    <productName>Silent Chain</productName>
    <productImage>http://asset.lemansnet.com/z/L0QvMC83L0QwN0Y0MUNDLTlFMjMtNDM4Ni1BMzg5LTU2NDAwRjk2QkM2Qw==</productImage>
    <bullet1>Replaces OEM silent chain</bullet1>
    <bullet2>Length is determined by the number of pins in the chain</bullet2>
    <bullet3>Width is determined by the number of side plates</bullet3>
    <bullet4/>
    <bullet5/>
    <bullet6/>
    <bullet7/>
    <bullet8/>
    <bullet9/>
    <bullet10/>
    <bullet11/>
    <bullet12/>
    <bullet13/>
    <bullet14/>
    <bullet15/>
    <bullet16/>
    <bullet17/>
    <bullet18/>
    <bullet19/>
    <bullet20/>
    <bullet21/>
    <bullet22/>
    <bullet23/>
    <bullet24/>
    <vendorPriceUpdateDate>2018-03-16 00:00:00</vendorPriceUpdateDate>
  </part>
  <part>
    <partNumber>12260015</partNumber>
    <punctuatedPartNumber>1226-0015</punctuatedPartNumber>
    <partStatusDescription>STANDARD</partStatusDescription>
    <partDescription>Silent Chain - 11 Width - 72 Links</partDescription>
    <unitOfMeasure>Each</unitOfMeasure>
    <brandName>REXNORD CORPORATION</brandName>
    <supplierNumber>S37TNB1172PAW</supplierNumber>
    <specialInstructions>Discontinued Per Buyer</specialInstructions>
    <baseDealerPrice>55.50</baseDealerPrice>
    <yourDealerPrice>55.50</yourDealerPrice>
    <baseRetailPrice>85.95</baseRetailPrice>
    <originalRetailPrice>85.95</originalRetailPrice>
    <partImage>http://asset.lemansnet.com/z/LzIvMi81LzIyNTc0Nzc4LTZBN0YtNDE5MC04NzIyLUY3N0E1MzQwMDhEQw==</partImage>
    <productId>0230218194</productId>
    <productName>Silent Chain</productName>
    <productImage>http://asset.lemansnet.com/z/L0QvMC83L0QwN0Y0MUNDLTlFMjMtNDM4Ni1BMzg5LTU2NDAwRjk2QkM2Qw==</productImage>
    <bullet1>Replaces OEM silent chain</bullet1>
    <bullet2>Length is determined by the number of pins in the chain</bullet2>
    <bullet3>Width is determined by the number of side plates</bullet3>
    <bullet4/>
    <bullet5/>
    <bullet6/>
    <bullet7/>
    <bullet8/>
    <bullet9/>
    <bullet10/>
    <bullet11/>
    <bullet12/>
    <bullet13/>
    <bullet14/>
    <bullet15/>
    <bullet16/>
    <bullet17/>
    <bullet18/>
    <bullet19/>
    <bullet20/>
    <bullet21/>
    <bullet22/>
    <bullet23/>
    <bullet24/>
    <vendorPriceUpdateDate>2018-03-16 00:00:00</vendorPriceUpdateDate>
  </part>
  <part>
    <partNumber>12260019</partNumber>
    <punctuatedPartNumber>1226-0019</punctuatedPartNumber>
    <partStatusDescription>STANDARD</partStatusDescription>
    <partDescription>Silent Chain - 13 Width - 68 Links</partDescription>
    <unitOfMeasure>Each</unitOfMeasure>
    <brandName>REXNORD CORPORATION</brandName>
    <supplierNumber>S37TNB1368PAW</supplierNumber>
    <specialInstructions>Discontinued Per Buyer</specialInstructions>
    <baseDealerPrice>62.80</baseDealerPrice>
    <yourDealerPrice>62.80</yourDealerPrice>
    <baseRetailPrice>96.95</baseRetailPrice>
    <originalRetailPrice>96.95</originalRetailPrice>
    <partImage>http://asset.lemansnet.com/z/LzUvNy83LzU3N0IyQTJELUQ4QTQtNDQ2Ri1CQTQyLTU4QjgxRUQxNTY0Mw==</partImage>
    <productId>0230218194</productId>
    <productName>Silent Chain</productName>
    <productImage>http://asset.lemansnet.com/z/L0QvMC83L0QwN0Y0MUNDLTlFMjMtNDM4Ni1BMzg5LTU2NDAwRjk2QkM2Qw==</productImage>
    <bullet1>Replaces OEM silent chain</bullet1>
    <bullet2>Length is determined by the number of pins in the chain</bullet2>
    <bullet3>Width is determined by the number of side plates</bullet3>
    <bullet4/>
    <bullet5/>
    <bullet6/>
    <bullet7/>
    <bullet8/>
    <bullet9/>
    <bullet10/>
    <bullet11/>
    <bullet12/>
    <bullet13/>
    <bullet14/>
    <bullet15/>
    <bullet16/>
    <bullet17/>
    <bullet18/>
    <bullet19/>
    <bullet20/>
    <bullet21/>
    <bullet22/>
    <bullet23/>
    <bullet24/>
    <vendorPriceUpdateDate>2018-03-16 00:00:00</vendorPriceUpdateDate>
  </part>
  <part>
    <partNumber>12260020</partNumber>
    <punctuatedPartNumber>1226-0020</punctuatedPartNumber>
    <partStatusDescription>STANDARD</partStatusDescription>
    <partDescription>Silent Chain - 13 Width - 70 Links</partDescription>
    <unitOfMeasure>Each</unitOfMeasure>
    <brandName>REXNORD CORPORATION</brandName>
    <supplierNumber>S37TNB1370PAW</supplierNumber>
    <specialInstructions>Discontinued Per Buyer</specialInstructions>
    <baseDealerPrice>64.50</baseDealerPrice>
    <yourDealerPrice>64.50</yourDealerPrice>
    <baseRetailPrice>99.95</baseRetailPrice>
    <originalRetailPrice>99.95</originalRetailPrice>
    <partImage>http://asset.lemansnet.com/z/LzUvNS9GLzU1RjlBN0M2LUQyNTktNDIwNC1BODhCLURFMTk0RjdDMjlDNw==</partImage>
    <productId>0230218194</productId>
    <productName>Silent Chain</productName>
    <productImage>http://asset.lemansnet.com/z/L0QvMC83L0QwN0Y0MUNDLTlFMjMtNDM4Ni1BMzg5LTU2NDAwRjk2QkM2Qw==</productImage>
    <bullet1>Replaces OEM silent chain</bullet1>
    <bullet2>Length is determined by the number of pins in the chain</bullet2>
    <bullet3>Width is determined by the number of side plates</bullet3>
    <bullet4/>
    <bullet5/>
    <bullet6/>
    <bullet7/>
    <bullet8/>
    <bullet9/>
    <bullet10/>
    <bullet11/>
    <bullet12/>
    <bullet13/>
    <bullet14/>
    <bullet15/>
    <bullet16/>
    <bullet17/>
    <bullet18/>
    <bullet19/>
    <bullet20/>
    <bullet21/>
    <bullet22/>
    <bullet23/>
    <bullet24/>
    <vendorPriceUpdateDate>2018-03-16 00:00:00</vendorPriceUpdateDate>
  </part>
  <part>
    <partNumber>12260021</partNumber>
    <punctuatedPartNumber>1226-0021</punctuatedPartNumber>
    <partStatusDescription>STANDARD</partStatusDescription>
    <partDescription>Silent Chain - 13 Width - 72 Links</partDescription>
    <unitOfMeasure>Each</unitOfMeasure>
    <brandName>REXNORD CORPORATION</brandName>
    <supplierNumber>S37TNB1372PAW</supplierNumber>
    <specialInstructions>Discontinued Per Buyer</specialInstructions>
    <baseDealerPrice>66.30</baseDealerPrice>
    <yourDealerPrice>66.30</yourDealerPrice>
    <baseRetailPrice>101.95</baseRetailPrice>
    <originalRetailPrice>101.95</originalRetailPrice>
    <partImage>http://asset.lemansnet.com/z/LzcvOC83Lzc4N0JBNTIwLTAyQTItNDJGRS1CN0ZDLUE5NDRFMTNEREEyOA==</partImage>
    <productId>0230218194</productId>
    <productName>Silent Chain</productName>
    <productImage>http://asset.lemansnet.com/z/L0QvMC83L0QwN0Y0MUNDLTlFMjMtNDM4Ni1BMzg5LTU2NDAwRjk2QkM2Qw==</productImage>
    <bullet1>Replaces OEM silent chain</bullet1>
    <bullet2>Length is determined by the number of pins in the chain</bullet2>
    <bullet3>Width is determined by the number of side plates</bullet3>
    <bullet4/>
    <bullet5/>
    <bullet6/>
    <bullet7/>
    <bullet8/>
    <bullet9/>
    <bullet10/>
    <bullet11/>
    <bullet12/>
    <bullet13/>
    <bullet14/>
    <bullet15/>
    <bullet16/>
    <bullet17/>
    <bullet18/>
    <bullet19/>
    <bullet20/>
    <bullet21/>
    <bullet22/>
    <bullet23/>
    <bullet24/>
    <vendorPriceUpdateDate>2018-03-16 00:00:00</vendorPriceUpdateDate>
  </part>
  <part>
    <partNumber>12260022</partNumber>
    <punctuatedPartNumber>1226-0022</punctuatedPartNumber>
    <partStatusDescription>STANDARD</partStatusDescription>
    <partDescription>Silent Chain - 13 Width - 74 Links</partDescription>
    <unitOfMeasure>Each</unitOfMeasure>
    <brandName>REXNORD CORPORATION</brandName>
    <supplierNumber>S37TNB1374PAW</supplierNumber>
    <specialInstructions>Discontinued Per Buyer</specialInstructions>
    <baseDealerPrice>68.10</baseDealerPrice>
    <yourDealerPrice>68.10</yourDealerPrice>
    <baseRetailPrice>104.95</baseRetailPrice>
    <originalRetailPrice>104.95</originalRetailPrice>
    <partImage>http://asset.lemansnet.com/z/L0UvMi81L0UyNUY2MEVELTJGQzEtNEYwRC1CMDEwLTU4QUU3OUFDMDNBNQ==</partImage>
    <productId>0230218194</productId>
    <productName>Silent Chain</productName>
    <productImage>http://asset.lemansnet.com/z/L0QvMC83L0QwN0Y0MUNDLTlFMjMtNDM4Ni1BMzg5LTU2NDAwRjk2QkM2Qw==</productImage>
    <bullet1>Replaces OEM silent chain</bullet1>
    <bullet2>Length is determined by the number of pins in the chain</bullet2>
    <bullet3>Width is determined by the number of side plates</bullet3>
    <bullet4/>
    <bullet5/>
    <bullet6/>
    <bullet7/>
    <bullet8/>
    <bullet9/>
    <bullet10/>
    <bullet11/>
    <bullet12/>
    <bullet13/>
    <bullet14/>
    <bullet15/>
    <bullet16/>
    <bullet17/>
    <bullet18/>
    <bullet19/>
    <bullet20/>
    <bullet21/>
    <bullet22/>
    <bullet23/>
    <bullet24/>
    <vendorPriceUpdateDate>2018-03-16 00:00:00</vendorPriceUpdateDate>
  </part>
  <part>
    <partNumber>12260023</partNumber>
    <punctuatedPartNumber>1226-0023</punctuatedPartNumber>
    <partStatusDescription>STANDARD</partStatusDescription>
    <partDescription>Silent Chain - 15 Width - 72 Links</partDescription>
    <unitOfMeasure>Each</unitOfMeasure>
    <brandName>REXNORD CORPORATION</brandName>
    <supplierNumber>S37TNB1572PAW</supplierNumber>
    <specialInstructions>Discontinued Per Buyer</specialInstructions>
    <baseDealerPrice>89.30</baseDealerPrice>
    <yourDealerPrice>89.30</yourDealerPrice>
    <baseRetailPrice>137.95</baseRetailPrice>
    <originalRetailPrice>137.95</originalRetailPrice>
    <partImage>http://asset.lemansnet.com/z/LzIvRS8xLzJFMTJGRDY1LTNCNTktNEE5Qy05QTJELUE3QzRCRUNERjQ3QQ==</partImage>
    <productId>0230218194</productId>
    <productName>Silent Chain</productName>
    <productImage>http://asset.lemansnet.com/z/L0QvMC83L0QwN0Y0MUNDLTlFMjMtNDM4Ni1BMzg5LTU2NDAwRjk2QkM2Qw==</productImage>
    <bullet1>Replaces OEM silent chain</bullet1>
    <bullet2>Length is determined by the number of pins in the chain</bullet2>
    <bullet3>Width is determined by the number of side plates</bullet3>
    <bullet4/>
    <bullet5/>
    <bullet6/>
    <bullet7/>
    <bullet8/>
    <bullet9/>
    <bullet10/>
    <bullet11/>
    <bullet12/>
    <bullet13/>
    <bullet14/>
    <bullet15/>
    <bullet16/>
    <bullet17/>
    <bullet18/>
    <bullet19/>
    <bullet20/>
    <bullet21/>
    <bullet22/>
    <bullet23/>
    <bullet24/>
    <vendorPriceUpdateDate>2018-03-16 00:00:00</vendorPriceUpdateDate>
  </part>
  <part>
    <partNumber>12260039</partNumber>
    <punctuatedPartNumber>1226-0039</punctuatedPartNumber>
    <partStatusDescription>STANDARD</partStatusDescription>
    <partDescription>Silent Chain - 13 Width - 76 Links</partDescription>
    <unitOfMeasure>Each</unitOfMeasure>
    <brandName>REXNORD CORPORATION</brandName>
    <supplierNumber>S37TNB1376PAW</supplierNumber>
    <specialInstructions>Discontinued Per Buyer</specialInstructions>
    <baseDealerPrice>65.90</baseDealerPrice>
    <yourDealerPrice>65.90</yourDealerPrice>
    <baseRetailPrice>101.95</baseRetailPrice>
    <originalRetailPrice>101.95</originalRetailPrice>
    <partImage>http://asset.lemansnet.com/z/L0QvMC83L0QwN0Y0MUNDLTlFMjMtNDM4Ni1BMzg5LTU2NDAwRjk2QkM2Qw==</partImage>
    <productId>0230218194</productId>
    <productName>Silent Chain</productName>
    <productImage>http://asset.lemansnet.com/z/L0QvMC83L0QwN0Y0MUNDLTlFMjMtNDM4Ni1BMzg5LTU2NDAwRjk2QkM2Qw==</productImage>
    <bullet1>Replaces OEM silent chain</bullet1>
    <bullet2>Length is determined by the number of pins in the chain</bullet2>
    <bullet3>Width is determined by the number of side plates</bullet3>
    <bullet4/>
    <bullet5/>
    <bullet6/>
    <bullet7/>
    <bullet8/>
    <bullet9/>
    <bullet10/>
    <bullet11/>
    <bullet12/>
    <bullet13/>
    <bullet14/>
    <bullet15/>
    <bullet16/>
    <bullet17/>
    <bullet18/>
    <bullet19/>
    <bullet20/>
    <bullet21/>
    <bullet22/>
    <bullet23/>
    <bullet24/>
    <vendorPriceUpdateDate>2019-02-14 00:00:00</vendorPriceUpdateDate>
  </part>
</root>
