<root>
  <part>
    <partNumber>11200461</partNumber>
    <punctuatedPartNumber>1120-0461</punctuatedPartNumber>
    <partStatusDescription>STANDARD</partStatusDescription>
    <partDescription>Replacement Cushion Kit - Man O-War</partDescription>
    <unitOfMeasure>Kit</unitOfMeasure>
    <brandName>DARKHORSE MOTOR COMPANY</brandName>
    <supplierNumber>DH-MCR-K</supplierNumber>
    <specialInstructions/>
    <baseDealerPrice>35.00</baseDealerPrice>
    <yourDealerPrice>35.00</yourDealerPrice>
    <baseRetailPrice>49.95</baseRetailPrice>
    <originalRetailPrice>49.95</originalRetailPrice>
    <partImage>http://asset.lemansnet.com/z/LzgvNC8xLzg0MTRDNDZELTk2MDAtNDRGOC1CM0M2LTFGREQxMThGQkYwRSwvMy82L0QvMzZEMzM3RjEtMDk2Ni00ODQ4LTg0MTYtNEU3N0I5ODc1QzBD</partImage>
    <productId>1530919703</productId>
    <productName>Replacement Cushion Kit</productName>
    <productImage>http://asset.lemansnet.com/z/LzgvNC8xLzg0MTRDNDZELTk2MDAtNDRGOC1CM0M2LTFGREQxMThGQkYwRQ==</productImage>
    <bullet1>Replacement Cushion Kit supplies all 8 cushions to rebuild Man O-War motorsprocket cushions when needed</bullet1>
    <bullet2>Made in the USA</bullet2>
    <bullet3>If you do not have the tool necessary to replace cushions, please order kit 1120-0462.</bullet3>
    <bullet4/>
    <bullet5/>
    <bullet6/>
    <bullet7/>
    <bullet8/>
    <bullet9/>
    <bullet10/>
    <bullet11/>
    <bullet12/>
    <bullet13/>
    <bullet14/>
    <bullet15/>
    <bullet16/>
    <bullet17/>
    <bullet18/>
    <bullet19/>
    <bullet20/>
    <bullet21/>
    <bullet22/>
    <bullet23/>
    <bullet24/>
    <vendorPriceUpdateDate>2024-08-21 00:00:00</vendorPriceUpdateDate>
  </part>
  <part>
    <partNumber>38010442</partNumber>
    <punctuatedPartNumber>3801-0442</punctuatedPartNumber>
    <partStatusDescription>STANDARD</partStatusDescription>
    <partDescription>TIR Tool - Pinion Shaft/Sprocket Shaft - Black - Universal</partDescription>
    <unitOfMeasure>Kit</unitOfMeasure>
    <brandName>DARKHORSE MOTOR COMPANY</brandName>
    <supplierNumber>DH-ROT-K</supplierNumber>
    <specialInstructions/>
    <baseDealerPrice>95.70</baseDealerPrice>
    <yourDealerPrice>95.70</yourDealerPrice>
    <baseRetailPrice>136.95</baseRetailPrice>
    <originalRetailPrice>136.95</originalRetailPrice>
    <partImage>http://asset.lemansnet.com/z/L0QvRS82L0RFNjVBOEQwLTc0MEItNEY1Qy1BNzIyLTkzNUZDMzQ3NzBDNg==</partImage>
    <productId>0900403837</productId>
    <productName>Universal TIR Tool Kit</productName>
    <productImage>http://asset.lemansnet.com/z/L0QvRS82L0RFNjVBOEQwLTc0MEItNEY1Qy1BNzIyLTkzNUZDMzQ3NzBDNg==</productImage>
    <bullet1>Install the supplied indicator in the corresponding laser marked hole and attach to either the cam plate mount surface or inner primary using the supplied thumbscrew and rotate tool arm to “touch off” on the corresponding shaft to measure the TIR, quickly and accurately</bullet1>
    <bullet2>The tool measures total indicated runout of either the pinion shaft or sprocket shaft with the unique capability to accurately determine what the actual run-out the compensators operate with on '07 &amp; later models</bullet2>
    <bullet3>Features 5 small cylindrical magnets that attach into the grooves of the fine-splines and allow the indicator to also measure if the splines are cut off-center</bullet3>
    <bullet4>Made in the USA</bullet4>
    <bullet5/>
    <bullet6/>
    <bullet7/>
    <bullet8/>
    <bullet9/>
    <bullet10/>
    <bullet11/>
    <bullet12/>
    <bullet13/>
    <bullet14/>
    <bullet15/>
    <bullet16/>
    <bullet17/>
    <bullet18/>
    <bullet19/>
    <bullet20/>
    <bullet21/>
    <bullet22/>
    <bullet23/>
    <bullet24/>
    <vendorPriceUpdateDate>2024-08-21 00:00:00</vendorPriceUpdateDate>
  </part>
  <part>
    <partNumber>38010443</partNumber>
    <punctuatedPartNumber>3801-0443</punctuatedPartNumber>
    <partStatusDescription>STANDARD</partStatusDescription>
    <partDescription>Engine Stand - Black - Harley Davidson M8</partDescription>
    <unitOfMeasure>Each</unitOfMeasure>
    <brandName>DARKHORSE MOTOR COMPANY</brandName>
    <supplierNumber>DH-ESM8-K</supplierNumber>
    <specialInstructions/>
    <baseDealerPrice>93.00</baseDealerPrice>
    <yourDealerPrice>93.00</yourDealerPrice>
    <baseRetailPrice>133.95</baseRetailPrice>
    <originalRetailPrice>133.95</originalRetailPrice>
    <partImage>http://asset.lemansnet.com/z/L0EvMy81L0EzNTBBQUVGLUE5N0QtNDFGNS1CQzAwLUJFRjA3REZBREExMA==</partImage>
    <productId>0064314195</productId>
    <productName>Engine Stand for Harley Davidson® M8</productName>
    <productImage>http://asset.lemansnet.com/z/L0EvMy81L0EzNTBBQUVGLUE5N0QtNDFGNS1CQzAwLUJFRjA3REZBREExMA==</productImage>
    <bullet1>Precision laser cut cold rolled steel finished with a wrinkle black powder-coat</bullet1>
    <bullet2>Made in the USA</bullet2>
    <bullet3>50 year adapter kit part# 3801-0444 allows the M-Eight engine stand to accept Twin Cam, Evolution and Shovelhead engines (sold separately).</bullet3>
    <bullet4/>
    <bullet5/>
    <bullet6/>
    <bullet7/>
    <bullet8/>
    <bullet9/>
    <bullet10/>
    <bullet11/>
    <bullet12/>
    <bullet13/>
    <bullet14/>
    <bullet15/>
    <bullet16/>
    <bullet17/>
    <bullet18/>
    <bullet19/>
    <bullet20/>
    <bullet21/>
    <bullet22/>
    <bullet23/>
    <bullet24/>
    <vendorPriceUpdateDate>2024-08-21 00:00:00</vendorPriceUpdateDate>
  </part>
  <part>
    <partNumber>38010444</partNumber>
    <punctuatedPartNumber>3801-0444</punctuatedPartNumber>
    <partStatusDescription>STANDARD</partStatusDescription>
    <partDescription>Adapter Kit - Engine Stand - Harley Davidson TC/EVO/Shovel/M8</partDescription>
    <unitOfMeasure>Kit</unitOfMeasure>
    <brandName>DARKHORSE MOTOR COMPANY</brandName>
    <supplierNumber>DH-ESUA-K</supplierNumber>
    <specialInstructions/>
    <baseDealerPrice>70.00</baseDealerPrice>
    <yourDealerPrice>70.00</yourDealerPrice>
    <baseRetailPrice>99.95</baseRetailPrice>
    <originalRetailPrice>99.95</originalRetailPrice>
    <partImage>http://asset.lemansnet.com/z/LzcvNi9BLzc2QUZEN0MzLTY0OTctNEYyQS1COTY4LUYwRDY4RkI0NjRBNw==</partImage>
    <productId>2002294049</productId>
    <productName>Adapter Kit for Harley Davidson® Engine Stand</productName>
    <productImage>http://asset.lemansnet.com/z/LzcvNi9BLzc2QUZEN0MzLTY0OTctNEYyQS1COTY4LUYwRDY4RkI0NjRBNw==</productImage>
    <bullet1>50 year adapter kit for Harley Davidson® M8 engine stand</bullet1>
    <bullet2>Made in the USA</bullet2>
    <bullet3>The complete kit covers everything from the 70’s Shovels, the Evolution® and TwinCam® platforms through Late Model M8’s®.</bullet3>
    <bullet4/>
    <bullet5/>
    <bullet6/>
    <bullet7/>
    <bullet8/>
    <bullet9/>
    <bullet10/>
    <bullet11/>
    <bullet12/>
    <bullet13/>
    <bullet14/>
    <bullet15/>
    <bullet16/>
    <bullet17/>
    <bullet18/>
    <bullet19/>
    <bullet20/>
    <bullet21/>
    <bullet22/>
    <bullet23/>
    <bullet24/>
    <vendorPriceUpdateDate>2024-08-21 00:00:00</vendorPriceUpdateDate>
  </part>
  <part>
    <partNumber>11060246</partNumber>
    <punctuatedPartNumber>1106-0246</punctuatedPartNumber>
    <partStatusDescription>STANDARD</partStatusDescription>
    <partDescription>Sprocket Shaft Spacer - 1.360" - M8 Touring</partDescription>
    <unitOfMeasure>Each</unitOfMeasure>
    <brandName>DARKHORSE MOTOR COMPANY</brandName>
    <supplierNumber>DH-29900041</supplierNumber>
    <specialInstructions/>
    <baseDealerPrice>25.90</baseDealerPrice>
    <yourDealerPrice>25.90</yourDealerPrice>
    <baseRetailPrice>36.95</baseRetailPrice>
    <originalRetailPrice>36.95</originalRetailPrice>
    <partImage>http://asset.lemansnet.com/z/LzcvRC8wLzdEMDg5REM4LUIzMDctNEFBNC04NENFLUQ1NkQzN0REQjM5MA==</partImage>
    <productId>0169040525</productId>
    <productName>Sprocket Shaft Spacer</productName>
    <productImage>http://asset.lemansnet.com/z/LzcvRC8wLzdEMDg5REM4LUIzMDctNEFBNC04NENFLUQ1NkQzN0REQjM5MA==</productImage>
    <bullet1>Made out of 4140 USA steel to OEM specifications</bullet1>
    <bullet2>Sold each</bullet2>
    <bullet3>Made in the USA</bullet3>
    <bullet4/>
    <bullet5/>
    <bullet6/>
    <bullet7/>
    <bullet8/>
    <bullet9/>
    <bullet10/>
    <bullet11/>
    <bullet12/>
    <bullet13/>
    <bullet14/>
    <bullet15/>
    <bullet16/>
    <bullet17/>
    <bullet18/>
    <bullet19/>
    <bullet20/>
    <bullet21/>
    <bullet22/>
    <bullet23/>
    <bullet24/>
    <vendorPriceUpdateDate>2024-08-21 00:00:00</vendorPriceUpdateDate>
  </part>
  <part>
    <partNumber>11060247</partNumber>
    <punctuatedPartNumber>1106-0247</punctuatedPartNumber>
    <partStatusDescription>STANDARD</partStatusDescription>
    <partDescription>Sprocket Shaft Spacer - 1.04" - M8 Touring</partDescription>
    <unitOfMeasure>Each</unitOfMeasure>
    <brandName>DARKHORSE MOTOR COMPANY</brandName>
    <supplierNumber>DH-24008-97</supplierNumber>
    <specialInstructions/>
    <baseDealerPrice>27.90</baseDealerPrice>
    <yourDealerPrice>27.90</yourDealerPrice>
    <baseRetailPrice>39.95</baseRetailPrice>
    <originalRetailPrice>39.95</originalRetailPrice>
    <partImage>http://asset.lemansnet.com/z/LzIvQS8xLzJBMTJBODUyLTQ3N0UtNDE2NC04OUU5LTNGNDkzQjc0OUI1RQ==</partImage>
    <productId>0692664341</productId>
    <productName>Sprocket Shaft Spacer</productName>
    <productImage>http://asset.lemansnet.com/z/LzcvRC8wLzdEMDg5REM4LUIzMDctNEFBNC04NENFLUQ1NkQzN0REQjM5MA==</productImage>
    <bullet1>Made out of 4140 USA steel to OEM specifications</bullet1>
    <bullet2>Sold each</bullet2>
    <bullet3>Made in the USA</bullet3>
    <bullet4/>
    <bullet5/>
    <bullet6/>
    <bullet7/>
    <bullet8/>
    <bullet9/>
    <bullet10/>
    <bullet11/>
    <bullet12/>
    <bullet13/>
    <bullet14/>
    <bullet15/>
    <bullet16/>
    <bullet17/>
    <bullet18/>
    <bullet19/>
    <bullet20/>
    <bullet21/>
    <bullet22/>
    <bullet23/>
    <bullet24/>
    <vendorPriceUpdateDate>2024-08-21 00:00:00</vendorPriceUpdateDate>
  </part>
  <part>
    <partNumber>11060248</partNumber>
    <punctuatedPartNumber>1106-0248</punctuatedPartNumber>
    <partStatusDescription>STANDARD</partStatusDescription>
    <partDescription>Sprocket Shaft Spacer - 1.098" - Touring</partDescription>
    <unitOfMeasure>Each</unitOfMeasure>
    <brandName>DARKHORSE MOTOR COMPANY</brandName>
    <supplierNumber>DH-24008-99</supplierNumber>
    <specialInstructions/>
    <baseDealerPrice>25.90</baseDealerPrice>
    <yourDealerPrice>25.90</yourDealerPrice>
    <baseRetailPrice>36.95</baseRetailPrice>
    <originalRetailPrice>36.95</originalRetailPrice>
    <partImage>http://asset.lemansnet.com/z/LzAvQy83LzBDN0FDRUQxLTlCODYtNDBFMi1BRkVELTk1NTJBNDQ1MzZFMw==</partImage>
    <productId>1645625387</productId>
    <productName>Sprocket Shaft Spacer</productName>
    <productImage>http://asset.lemansnet.com/z/LzcvRC8wLzdEMDg5REM4LUIzMDctNEFBNC04NENFLUQ1NkQzN0REQjM5MA==</productImage>
    <bullet1>Made out of 4140 USA steel to OEM specifications</bullet1>
    <bullet2>Sold each</bullet2>
    <bullet3>Made in the USA</bullet3>
    <bullet4/>
    <bullet5/>
    <bullet6/>
    <bullet7/>
    <bullet8/>
    <bullet9/>
    <bullet10/>
    <bullet11/>
    <bullet12/>
    <bullet13/>
    <bullet14/>
    <bullet15/>
    <bullet16/>
    <bullet17/>
    <bullet18/>
    <bullet19/>
    <bullet20/>
    <bullet21/>
    <bullet22/>
    <bullet23/>
    <bullet24/>
    <vendorPriceUpdateDate>2024-08-21 00:00:00</vendorPriceUpdateDate>
  </part>
  <part>
    <partNumber>11060249</partNumber>
    <punctuatedPartNumber>1106-0249</punctuatedPartNumber>
    <partStatusDescription>STANDARD</partStatusDescription>
    <partDescription>Sprocket Shaft Spacer - 1.540" - Touring</partDescription>
    <unitOfMeasure>Each</unitOfMeasure>
    <brandName>DARKHORSE MOTOR COMPANY</brandName>
    <supplierNumber>DH-24008-03</supplierNumber>
    <specialInstructions/>
    <baseDealerPrice>25.90</baseDealerPrice>
    <yourDealerPrice>25.90</yourDealerPrice>
    <baseRetailPrice>36.95</baseRetailPrice>
    <originalRetailPrice>36.95</originalRetailPrice>
    <partImage>http://asset.lemansnet.com/z/L0YvNC85L0Y0OUJFQzJDLTE3NDMtNDYwMS05QkI0LTkzRDNCNkQ1RjBDRQ==</partImage>
    <productId>1645625387</productId>
    <productName>Sprocket Shaft Spacer</productName>
    <productImage>http://asset.lemansnet.com/z/LzcvRC8wLzdEMDg5REM4LUIzMDctNEFBNC04NENFLUQ1NkQzN0REQjM5MA==</productImage>
    <bullet1>Made out of 4140 USA steel to OEM specifications</bullet1>
    <bullet2>Sold each</bullet2>
    <bullet3>Made in the USA</bullet3>
    <bullet4/>
    <bullet5/>
    <bullet6/>
    <bullet7/>
    <bullet8/>
    <bullet9/>
    <bullet10/>
    <bullet11/>
    <bullet12/>
    <bullet13/>
    <bullet14/>
    <bullet15/>
    <bullet16/>
    <bullet17/>
    <bullet18/>
    <bullet19/>
    <bullet20/>
    <bullet21/>
    <bullet22/>
    <bullet23/>
    <bullet24/>
    <vendorPriceUpdateDate>2024-08-21 00:00:00</vendorPriceUpdateDate>
  </part>
  <part>
    <partNumber>11060250</partNumber>
    <punctuatedPartNumber>1106-0250</punctuatedPartNumber>
    <partStatusDescription>STANDARD</partStatusDescription>
    <partDescription>Sprocket Shaft Spacer - 1.560" - Big Twin</partDescription>
    <unitOfMeasure>Each</unitOfMeasure>
    <brandName>DARKHORSE MOTOR COMPANY</brandName>
    <supplierNumber>DH-24009-06</supplierNumber>
    <specialInstructions/>
    <baseDealerPrice>25.90</baseDealerPrice>
    <yourDealerPrice>25.90</yourDealerPrice>
    <baseRetailPrice>36.95</baseRetailPrice>
    <originalRetailPrice>36.95</originalRetailPrice>
    <partImage>http://asset.lemansnet.com/z/LzMvQi82LzNCNjU0RTFGLUMyRTYtNENFOC04NDg0LTFCNTJGRkEzQjdDMg==</partImage>
    <productId>0254866585</productId>
    <productName>Sprocket Shaft Spacer</productName>
    <productImage>http://asset.lemansnet.com/z/LzcvRC8wLzdEMDg5REM4LUIzMDctNEFBNC04NENFLUQ1NkQzN0REQjM5MA==</productImage>
    <bullet1>Made out of 4140 USA steel to OEM specifications</bullet1>
    <bullet2>Sold each</bullet2>
    <bullet3>Made in the USA</bullet3>
    <bullet4/>
    <bullet5/>
    <bullet6/>
    <bullet7/>
    <bullet8/>
    <bullet9/>
    <bullet10/>
    <bullet11/>
    <bullet12/>
    <bullet13/>
    <bullet14/>
    <bullet15/>
    <bullet16/>
    <bullet17/>
    <bullet18/>
    <bullet19/>
    <bullet20/>
    <bullet21/>
    <bullet22/>
    <bullet23/>
    <bullet24/>
    <vendorPriceUpdateDate>2024-08-21 00:00:00</vendorPriceUpdateDate>
  </part>
  <part>
    <partNumber>11060251</partNumber>
    <punctuatedPartNumber>1106-0251</punctuatedPartNumber>
    <partStatusDescription>STANDARD</partStatusDescription>
    <partDescription>Sprocket Shaft Spacer - 0.894" - Softail/Dyna</partDescription>
    <unitOfMeasure>Each</unitOfMeasure>
    <brandName>DARKHORSE MOTOR COMPANY</brandName>
    <supplierNumber>DH-24038-99</supplierNumber>
    <specialInstructions/>
    <baseDealerPrice>25.90</baseDealerPrice>
    <yourDealerPrice>25.90</yourDealerPrice>
    <baseRetailPrice>36.95</baseRetailPrice>
    <originalRetailPrice>36.95</originalRetailPrice>
    <partImage>http://asset.lemansnet.com/z/L0EvQi8xL0FCMUZFMTY2LTZEMzktNENBNi04RkEyLTIwNzUxRjNFMkVDOA==</partImage>
    <productId>1645625387</productId>
    <productName>Sprocket Shaft Spacer</productName>
    <productImage>http://asset.lemansnet.com/z/LzcvRC8wLzdEMDg5REM4LUIzMDctNEFBNC04NENFLUQ1NkQzN0REQjM5MA==</productImage>
    <bullet1>Made out of 4140 USA steel to OEM specifications</bullet1>
    <bullet2>Sold each</bullet2>
    <bullet3>Made in the USA</bullet3>
    <bullet4/>
    <bullet5/>
    <bullet6/>
    <bullet7/>
    <bullet8/>
    <bullet9/>
    <bullet10/>
    <bullet11/>
    <bullet12/>
    <bullet13/>
    <bullet14/>
    <bullet15/>
    <bullet16/>
    <bullet17/>
    <bullet18/>
    <bullet19/>
    <bullet20/>
    <bullet21/>
    <bullet22/>
    <bullet23/>
    <bullet24/>
    <vendorPriceUpdateDate>2024-08-21 00:00:00</vendorPriceUpdateDate>
  </part>
  <part>
    <partNumber>11060252</partNumber>
    <punctuatedPartNumber>1106-0252</punctuatedPartNumber>
    <partStatusDescription>STANDARD</partStatusDescription>
    <partDescription>Sprocket Shaft Spacer - 0.987" - Softail</partDescription>
    <unitOfMeasure>Each</unitOfMeasure>
    <brandName>DARKHORSE MOTOR COMPANY</brandName>
    <supplierNumber>DH-24039--01A</supplierNumber>
    <specialInstructions/>
    <baseDealerPrice>25.90</baseDealerPrice>
    <yourDealerPrice>25.90</yourDealerPrice>
    <baseRetailPrice>36.95</baseRetailPrice>
    <originalRetailPrice>36.95</originalRetailPrice>
    <partImage>http://asset.lemansnet.com/z/LzcvRi84LzdGODlCNjE0LTBGOTgtNDg3RC1BMkNFLUIzMkIxRjBCMDBERg==</partImage>
    <productId>1645625387</productId>
    <productName>Sprocket Shaft Spacer</productName>
    <productImage>http://asset.lemansnet.com/z/LzcvRC8wLzdEMDg5REM4LUIzMDctNEFBNC04NENFLUQ1NkQzN0REQjM5MA==</productImage>
    <bullet1>Made out of 4140 USA steel to OEM specifications</bullet1>
    <bullet2>Sold each</bullet2>
    <bullet3>Made in the USA</bullet3>
    <bullet4/>
    <bullet5/>
    <bullet6/>
    <bullet7/>
    <bullet8/>
    <bullet9/>
    <bullet10/>
    <bullet11/>
    <bullet12/>
    <bullet13/>
    <bullet14/>
    <bullet15/>
    <bullet16/>
    <bullet17/>
    <bullet18/>
    <bullet19/>
    <bullet20/>
    <bullet21/>
    <bullet22/>
    <bullet23/>
    <bullet24/>
    <vendorPriceUpdateDate>2024-08-21 00:00:00</vendorPriceUpdateDate>
  </part>
  <part>
    <partNumber>11060253</partNumber>
    <punctuatedPartNumber>1106-0253</punctuatedPartNumber>
    <partStatusDescription>STANDARD</partStatusDescription>
    <partDescription>Sprocket Shaft Spacer - 1.430" - Softail</partDescription>
    <unitOfMeasure>Each</unitOfMeasure>
    <brandName>DARKHORSE MOTOR COMPANY</brandName>
    <supplierNumber>DH-24039-03</supplierNumber>
    <specialInstructions/>
    <baseDealerPrice>25.90</baseDealerPrice>
    <yourDealerPrice>25.90</yourDealerPrice>
    <baseRetailPrice>36.95</baseRetailPrice>
    <originalRetailPrice>36.95</originalRetailPrice>
    <partImage>http://asset.lemansnet.com/z/LzIvMC8xLzIwMUYwRjQwLUI0RDUtNDcxQS04QjQ0LTNGMzAyMzU1RUUyRA==</partImage>
    <productId>1645625387</productId>
    <productName>Sprocket Shaft Spacer</productName>
    <productImage>http://asset.lemansnet.com/z/LzcvRC8wLzdEMDg5REM4LUIzMDctNEFBNC04NENFLUQ1NkQzN0REQjM5MA==</productImage>
    <bullet1>Made out of 4140 USA steel to OEM specifications</bullet1>
    <bullet2>Sold each</bullet2>
    <bullet3>Made in the USA</bullet3>
    <bullet4/>
    <bullet5/>
    <bullet6/>
    <bullet7/>
    <bullet8/>
    <bullet9/>
    <bullet10/>
    <bullet11/>
    <bullet12/>
    <bullet13/>
    <bullet14/>
    <bullet15/>
    <bullet16/>
    <bullet17/>
    <bullet18/>
    <bullet19/>
    <bullet20/>
    <bullet21/>
    <bullet22/>
    <bullet23/>
    <bullet24/>
    <vendorPriceUpdateDate>2024-08-21 00:00:00</vendorPriceUpdateDate>
  </part>
  <part>
    <partNumber>11060254</partNumber>
    <punctuatedPartNumber>1106-0254</punctuatedPartNumber>
    <partStatusDescription>STANDARD</partStatusDescription>
    <partDescription>Sprocket Shaft Spacer - 1.116" - Big Twin</partDescription>
    <unitOfMeasure>Each</unitOfMeasure>
    <brandName>DARKHORSE MOTOR COMPANY</brandName>
    <supplierNumber>DH-11887</supplierNumber>
    <specialInstructions/>
    <baseDealerPrice>25.90</baseDealerPrice>
    <yourDealerPrice>25.90</yourDealerPrice>
    <baseRetailPrice>36.95</baseRetailPrice>
    <originalRetailPrice>36.95</originalRetailPrice>
    <partImage>http://asset.lemansnet.com/z/LzYvOC9BLzY4QTJDNkEzLTMyQzMtNDlGNi05QjY1LTBGNjNGNEYyMjU5MA==</partImage>
    <productId>0236717716</productId>
    <productName>Sprocket Shaft Spacer</productName>
    <productImage>http://asset.lemansnet.com/z/LzcvRC8wLzdEMDg5REM4LUIzMDctNEFBNC04NENFLUQ1NkQzN0REQjM5MA==</productImage>
    <bullet1>Made out of 4140 USA steel to OEM specifications</bullet1>
    <bullet2>Sold each</bullet2>
    <bullet3>Made in the USA</bullet3>
    <bullet4/>
    <bullet5/>
    <bullet6/>
    <bullet7/>
    <bullet8/>
    <bullet9/>
    <bullet10/>
    <bullet11/>
    <bullet12/>
    <bullet13/>
    <bullet14/>
    <bullet15/>
    <bullet16/>
    <bullet17/>
    <bullet18/>
    <bullet19/>
    <bullet20/>
    <bullet21/>
    <bullet22/>
    <bullet23/>
    <bullet24/>
    <vendorPriceUpdateDate>2024-08-21 00:00:00</vendorPriceUpdateDate>
  </part>
  <part>
    <partNumber>11060256</partNumber>
    <punctuatedPartNumber>1106-0256</punctuatedPartNumber>
    <partStatusDescription>STANDARD</partStatusDescription>
    <partDescription>Sprocket Shaft Spacer - 0.672" - M8 Touring</partDescription>
    <unitOfMeasure>Each</unitOfMeasure>
    <brandName>DARKHORSE MOTOR COMPANY</brandName>
    <supplierNumber>DH-24002-70</supplierNumber>
    <specialInstructions/>
    <baseDealerPrice>27.90</baseDealerPrice>
    <yourDealerPrice>27.90</yourDealerPrice>
    <baseRetailPrice>39.95</baseRetailPrice>
    <originalRetailPrice>39.95</originalRetailPrice>
    <partImage>http://asset.lemansnet.com/z/L0QvQS9FL0RBRUUwQjQ1LTgxMkItNEI3RS05Qzc2LUEyODEwN0Q4MDIxNg==</partImage>
    <productId>0349721068</productId>
    <productName>Sprocket Shaft Spacer</productName>
    <productImage>http://asset.lemansnet.com/z/LzcvRC8wLzdEMDg5REM4LUIzMDctNEFBNC04NENFLUQ1NkQzN0REQjM5MA==</productImage>
    <bullet1>Made out of 4140 USA steel to OEM specifications</bullet1>
    <bullet2>Sold each</bullet2>
    <bullet3>Made in the USA</bullet3>
    <bullet4/>
    <bullet5/>
    <bullet6/>
    <bullet7/>
    <bullet8/>
    <bullet9/>
    <bullet10/>
    <bullet11/>
    <bullet12/>
    <bullet13/>
    <bullet14/>
    <bullet15/>
    <bullet16/>
    <bullet17/>
    <bullet18/>
    <bullet19/>
    <bullet20/>
    <bullet21/>
    <bullet22/>
    <bullet23/>
    <bullet24/>
    <vendorPriceUpdateDate>2024-08-28 00:00:00</vendorPriceUpdateDate>
  </part>
  <part>
    <partNumber>11060257</partNumber>
    <punctuatedPartNumber>1106-0257</punctuatedPartNumber>
    <partStatusDescription>STANDARD</partStatusDescription>
    <partDescription>Sprocket Shaft Spacer - 1.331" - Dyna</partDescription>
    <unitOfMeasure>Each</unitOfMeasure>
    <brandName>DARKHORSE MOTOR COMPANY</brandName>
    <supplierNumber>DH-24038-03</supplierNumber>
    <specialInstructions/>
    <baseDealerPrice>25.90</baseDealerPrice>
    <yourDealerPrice>25.90</yourDealerPrice>
    <baseRetailPrice>36.95</baseRetailPrice>
    <originalRetailPrice>36.95</originalRetailPrice>
    <partImage>http://asset.lemansnet.com/z/LzMvQS9BLzNBQUYwREJBLTdFMTEtNEY0OC05QzM5LTZCRDU4RTI2MjAyRg==</partImage>
    <productId>1645625387</productId>
    <productName>Sprocket Shaft Spacer</productName>
    <productImage>http://asset.lemansnet.com/z/LzcvRC8wLzdEMDg5REM4LUIzMDctNEFBNC04NENFLUQ1NkQzN0REQjM5MA==</productImage>
    <bullet1>Made out of 4140 USA steel to OEM specifications</bullet1>
    <bullet2>Sold each</bullet2>
    <bullet3>Made in the USA</bullet3>
    <bullet4/>
    <bullet5/>
    <bullet6/>
    <bullet7/>
    <bullet8/>
    <bullet9/>
    <bullet10/>
    <bullet11/>
    <bullet12/>
    <bullet13/>
    <bullet14/>
    <bullet15/>
    <bullet16/>
    <bullet17/>
    <bullet18/>
    <bullet19/>
    <bullet20/>
    <bullet21/>
    <bullet22/>
    <bullet23/>
    <bullet24/>
    <vendorPriceUpdateDate>2024-08-28 00:00:00</vendorPriceUpdateDate>
  </part>
  <part>
    <partNumber>11200460</partNumber>
    <punctuatedPartNumber>1120-0460</punctuatedPartNumber>
    <partStatusDescription>STANDARD</partStatusDescription>
    <partDescription>Man O-War Motor Sprocket - M8</partDescription>
    <unitOfMeasure>Kit</unitOfMeasure>
    <brandName>DARKHORSE MOTOR COMPANY</brandName>
    <supplierNumber>DH-MMS-A34</supplierNumber>
    <specialInstructions/>
    <baseDealerPrice>421.30</baseDealerPrice>
    <yourDealerPrice>421.30</yourDealerPrice>
    <baseRetailPrice>579.95</baseRetailPrice>
    <originalRetailPrice>579.95</originalRetailPrice>
    <partImage>http://asset.lemansnet.com/z/L0EvQS82L0FBNkM4REU3LTBBRjUtNDJBRi1COEYwLTA2NEEwRUM5QUQ0Mw==</partImage>
    <productId>0442414975</productId>
    <productName>Man O-War Motor Sprocket</productName>
    <productImage>http://asset.lemansnet.com/z/L0EvQS82L0FBNkM4REU3LTBBRjUtNDJBRi1COEYwLTA2NEEwRUM5QUQ0Mw==</productImage>
    <bullet1>Performance engineered primary motor sprocket replaces OEM Compensator on Milwaukee 8® models</bullet1>
    <bullet2>Provides instant torque response combined with an "engine pulse absorbing cushion drive" primary drive system</bullet2>
    <bullet3>Engineered for longevity compared to OEM compensating sprockets without sacrificing rider comfort</bullet3>
    <bullet4>Patented system puts an emphasis on rider comfort compared to the noise and harsh feeling under loads associated with one piece solid motor sprockets</bullet4>
    <bullet5>Premium features includes the ability to rebuild and service the unit in place versus expensive compensators that need to be replaced as an entire unit</bullet5>
    <bullet6>Made in the USA</bullet6>
    <bullet7>Due to "Factory starting phase assignment" you may experience starting issues combining the Man O-War Motorsprocket with "easy start cams" The ECM looks for crankshaft "deceleration" to determine phase for F &amp; R cylinder timing assignments. Please be aware that we do not recommend using both of these products together as it may very well lead to starting issues.</bullet7>
    <bullet8/>
    <bullet9/>
    <bullet10/>
    <bullet11/>
    <bullet12/>
    <bullet13/>
    <bullet14/>
    <bullet15/>
    <bullet16/>
    <bullet17/>
    <bullet18/>
    <bullet19/>
    <bullet20/>
    <bullet21/>
    <bullet22/>
    <bullet23/>
    <bullet24/>
    <vendorPriceUpdateDate>2024-08-21 00:00:00</vendorPriceUpdateDate>
  </part>
  <part>
    <partNumber>11200462</partNumber>
    <punctuatedPartNumber>1120-0462</punctuatedPartNumber>
    <partStatusDescription>STANDARD</partStatusDescription>
    <partDescription>Replacement Cushion Kit - Man O-War - With Compression Tool</partDescription>
    <unitOfMeasure>Kit</unitOfMeasure>
    <brandName>DARKHORSE MOTOR COMPANY</brandName>
    <supplierNumber>DH-MCCR-K</supplierNumber>
    <specialInstructions/>
    <baseDealerPrice>80.00</baseDealerPrice>
    <yourDealerPrice>80.00</yourDealerPrice>
    <baseRetailPrice>114.95</baseRetailPrice>
    <originalRetailPrice>114.95</originalRetailPrice>
    <partImage>http://asset.lemansnet.com/z/L0QvMy9GL0QzRjRCOUQyLTI2NEYtNEEzRC1BMzM4LTE1MkI2QTVBRjY4NSwvMy9CL0IvM0JCQjRENDQtMkM0MS00MDFFLTg4MDQtOTZBMDAwNDc0MzMx</partImage>
    <productId>1137452613</productId>
    <productName>Replacement Cushion Kit</productName>
    <productImage>http://asset.lemansnet.com/z/LzgvNC8xLzg0MTRDNDZELTk2MDAtNDRGOC1CM0M2LTFGREQxMThGQkYwRQ==</productImage>
    <bullet1>Replacement Cushion Kit supplies all 8 cushions to rebuild Man O-War motorsprocket cushions when needed</bullet1>
    <bullet2>Made in the USA</bullet2>
    <bullet3>If you do not have the tool necessary to replace cushions, please order kit 1120-0462.</bullet3>
    <bullet4/>
    <bullet5/>
    <bullet6/>
    <bullet7/>
    <bullet8/>
    <bullet9/>
    <bullet10/>
    <bullet11/>
    <bullet12/>
    <bullet13/>
    <bullet14/>
    <bullet15/>
    <bullet16/>
    <bullet17/>
    <bullet18/>
    <bullet19/>
    <bullet20/>
    <bullet21/>
    <bullet22/>
    <bullet23/>
    <bullet24/>
    <vendorPriceUpdateDate>2024-08-21 00:00:00</vendorPriceUpdateDate>
  </part>
</root>
