<root>
  <part>
    <partNumber>26013138</partNumber>
    <punctuatedPartNumber>2601-3138</punctuatedPartNumber>
    <partStatusDescription>DISCONTINUED</partStatusDescription>
    <partDescription>Riding Goggle - Black/Gray - Clear Lens</partDescription>
    <unitOfMeasure>Each</unitOfMeasure>
    <brandName>FORCEFLEX</brandName>
    <supplierNumber>FFG-01045-040</supplierNumber>
    <specialInstructions>Discontinued P/Byr</specialInstructions>
    <baseDealerPrice>9.00</baseDealerPrice>
    <yourDealerPrice>9.00</yourDealerPrice>
    <baseRetailPrice>39.95</baseRetailPrice>
    <originalRetailPrice>39.95</originalRetailPrice>
    <partImage>http://asset.lemansnet.com/z/LzUvQy81LzVDNTVDMTg0LUNEQ0ItNDE5Ny05RjJCLTcwOEI0ODM4RjJDRQ==</partImage>
    <productId>1423459170</productId>
    <productName>Riding Goggle</productName>
    <productImage>http://asset.lemansnet.com/z/LzUvQy81LzVDNTVDMTg0LUNEQ0ItNDE5Ny05RjJCLTcwOEI0ODM4RjJDRQ==</productImage>
    <bullet1>Super-flexible frame designed for ultimate "full-circle" fit</bullet1>
    <bullet2>Advanced anti-fog/anti-scratch lens coating for better vision in all riding conditions</bullet2>
    <bullet3>Adjustable nylon strap with wide-ranging fit for on-helmet use</bullet3>
    <bullet4>Indirect venting technology and advanced anti-fog/anti-scratch coating for ultimate fog protection</bullet4>
    <bullet5/>
    <bullet6/>
    <bullet7/>
    <bullet8/>
    <bullet9/>
    <bullet10/>
    <bullet11/>
    <bullet12/>
    <bullet13/>
    <bullet14/>
    <bullet15/>
    <bullet16/>
    <bullet17/>
    <bullet18/>
    <bullet19/>
    <bullet20/>
    <bullet21/>
    <bullet22/>
    <bullet23/>
    <bullet24/>
    <vendorPriceUpdateDate>2021-03-25 00:00:00</vendorPriceUpdateDate>
  </part>
  <part>
    <partNumber>26101359</partNumber>
    <punctuatedPartNumber>2610-1359</punctuatedPartNumber>
    <partStatusDescription>DISCONTINUED</partStatusDescription>
    <partDescription>FF4 Sunglasses - Foam - Black/Red - Clear Lens</partDescription>
    <unitOfMeasure>Each</unitOfMeasure>
    <brandName>FORCEFLEX</brandName>
    <supplierNumber>FF4-01044-041</supplierNumber>
    <specialInstructions>Discontinued Item</specialInstructions>
    <baseDealerPrice>7.00</baseDealerPrice>
    <yourDealerPrice>7.00</yourDealerPrice>
    <baseRetailPrice>19.95</baseRetailPrice>
    <originalRetailPrice>24.95</originalRetailPrice>
    <partImage>http://asset.lemansnet.com/z/LzkvQi9FLzlCRUVBRDM4LUU1OTktNEM2My04M0IyLTVFNzVCMzJGMzE1Qg==</partImage>
    <productId>0450954435</productId>
    <productName>FF4 Comfort Foam Sunglasses</productName>
    <productImage>http://asset.lemansnet.com/z/LzIvRC81LzJENURBQzBELTU2RjktNDVCQi05NEZFLUM4REQzMzhFMDBERQ==</productImage>
    <bullet1>Includes removeable vented, molded foam frame-liner for added comfort and reduced wind turbulence</bullet1>
    <bullet2>Ultra-lightweight rimless frame with wraparound, cheek-hugging lens</bullet2>
    <bullet3>Ergonomic rubberized temples and adjustable rubber nose pad</bullet3>
    <bullet4>Patented indirect venting and anti-fog/anti-scratch coating for ultimate fog protection</bullet4>
    <bullet5/>
    <bullet6/>
    <bullet7/>
    <bullet8/>
    <bullet9/>
    <bullet10/>
    <bullet11/>
    <bullet12/>
    <bullet13/>
    <bullet14/>
    <bullet15/>
    <bullet16/>
    <bullet17/>
    <bullet18/>
    <bullet19/>
    <bullet20/>
    <bullet21/>
    <bullet22/>
    <bullet23/>
    <bullet24/>
    <vendorPriceUpdateDate>2021-03-25 00:00:00</vendorPriceUpdateDate>
  </part>
  <part>
    <partNumber>26101360</partNumber>
    <punctuatedPartNumber>2610-1360</punctuatedPartNumber>
    <partStatusDescription>DISCONTINUED</partStatusDescription>
    <partDescription>FF4 Sunglasses - Foam - Black/Blue - Clear Lens</partDescription>
    <unitOfMeasure>Each</unitOfMeasure>
    <brandName>FORCEFLEX</brandName>
    <supplierNumber>FF4-01024-041</supplierNumber>
    <specialInstructions>Discontinued Item</specialInstructions>
    <baseDealerPrice>7.00</baseDealerPrice>
    <yourDealerPrice>7.00</yourDealerPrice>
    <baseRetailPrice>19.95</baseRetailPrice>
    <originalRetailPrice>24.95</originalRetailPrice>
    <partImage>http://asset.lemansnet.com/z/LzQvOS9FLzQ5RUFDREExLUEzMUUtNEE1RS1BNTJCLThDMTQ5QkU0ODVFRA==</partImage>
    <productId>0450954435</productId>
    <productName>FF4 Comfort Foam Sunglasses</productName>
    <productImage>http://asset.lemansnet.com/z/LzIvRC81LzJENURBQzBELTU2RjktNDVCQi05NEZFLUM4REQzMzhFMDBERQ==</productImage>
    <bullet1>Includes removeable vented, molded foam frame-liner for added comfort and reduced wind turbulence</bullet1>
    <bullet2>Ultra-lightweight rimless frame with wraparound, cheek-hugging lens</bullet2>
    <bullet3>Ergonomic rubberized temples and adjustable rubber nose pad</bullet3>
    <bullet4>Patented indirect venting and anti-fog/anti-scratch coating for ultimate fog protection</bullet4>
    <bullet5/>
    <bullet6/>
    <bullet7/>
    <bullet8/>
    <bullet9/>
    <bullet10/>
    <bullet11/>
    <bullet12/>
    <bullet13/>
    <bullet14/>
    <bullet15/>
    <bullet16/>
    <bullet17/>
    <bullet18/>
    <bullet19/>
    <bullet20/>
    <bullet21/>
    <bullet22/>
    <bullet23/>
    <bullet24/>
    <vendorPriceUpdateDate>2021-03-25 00:00:00</vendorPriceUpdateDate>
  </part>
  <part>
    <partNumber>26101361</partNumber>
    <punctuatedPartNumber>2610-1361</punctuatedPartNumber>
    <partStatusDescription>DISCONTINUED</partStatusDescription>
    <partDescription>FF4 Sunglasses - Foam - Black/Yellow - Clear Lens</partDescription>
    <unitOfMeasure>Each</unitOfMeasure>
    <brandName>FORCEFLEX</brandName>
    <supplierNumber>FF4-01094-041</supplierNumber>
    <specialInstructions>Discontinued Item</specialInstructions>
    <baseDealerPrice>7.00</baseDealerPrice>
    <yourDealerPrice>7.00</yourDealerPrice>
    <baseRetailPrice>19.95</baseRetailPrice>
    <originalRetailPrice>24.95</originalRetailPrice>
    <partImage>http://asset.lemansnet.com/z/L0YvMS80L0YxNDJCQjFCLTMwQUItNDc1OC1CMkExLTE4RUI2QTc2Q0FCMQ==</partImage>
    <productId>0450954435</productId>
    <productName>FF4 Comfort Foam Sunglasses</productName>
    <productImage>http://asset.lemansnet.com/z/LzIvRC81LzJENURBQzBELTU2RjktNDVCQi05NEZFLUM4REQzMzhFMDBERQ==</productImage>
    <bullet1>Includes removeable vented, molded foam frame-liner for added comfort and reduced wind turbulence</bullet1>
    <bullet2>Ultra-lightweight rimless frame with wraparound, cheek-hugging lens</bullet2>
    <bullet3>Ergonomic rubberized temples and adjustable rubber nose pad</bullet3>
    <bullet4>Patented indirect venting and anti-fog/anti-scratch coating for ultimate fog protection</bullet4>
    <bullet5/>
    <bullet6/>
    <bullet7/>
    <bullet8/>
    <bullet9/>
    <bullet10/>
    <bullet11/>
    <bullet12/>
    <bullet13/>
    <bullet14/>
    <bullet15/>
    <bullet16/>
    <bullet17/>
    <bullet18/>
    <bullet19/>
    <bullet20/>
    <bullet21/>
    <bullet22/>
    <bullet23/>
    <bullet24/>
    <vendorPriceUpdateDate>2021-03-25 00:00:00</vendorPriceUpdateDate>
  </part>
  <part>
    <partNumber>26101364</partNumber>
    <punctuatedPartNumber>2610-1364</punctuatedPartNumber>
    <partStatusDescription>DISCONTINUED</partStatusDescription>
    <partDescription>FF4 Sunglasses - Foam - Black/Black - Smoke Lens</partDescription>
    <unitOfMeasure>Each</unitOfMeasure>
    <brandName>FORCEFLEX</brandName>
    <supplierNumber>FF4-01015-041</supplierNumber>
    <specialInstructions>Discontinued Item</specialInstructions>
    <baseDealerPrice>7.00</baseDealerPrice>
    <yourDealerPrice>7.00</yourDealerPrice>
    <baseRetailPrice>19.95</baseRetailPrice>
    <originalRetailPrice>24.95</originalRetailPrice>
    <partImage>http://asset.lemansnet.com/z/LzIvQi8wLzJCMDNCNjZDLTBFMUMtNDM0Mi1CRDdCLTAwRDYzOTU1MEEyQw==</partImage>
    <productId>0450954435</productId>
    <productName>FF4 Comfort Foam Sunglasses</productName>
    <productImage>http://asset.lemansnet.com/z/LzIvRC81LzJENURBQzBELTU2RjktNDVCQi05NEZFLUM4REQzMzhFMDBERQ==</productImage>
    <bullet1>Includes removeable vented, molded foam frame-liner for added comfort and reduced wind turbulence</bullet1>
    <bullet2>Ultra-lightweight rimless frame with wraparound, cheek-hugging lens</bullet2>
    <bullet3>Ergonomic rubberized temples and adjustable rubber nose pad</bullet3>
    <bullet4>Patented indirect venting and anti-fog/anti-scratch coating for ultimate fog protection</bullet4>
    <bullet5/>
    <bullet6/>
    <bullet7/>
    <bullet8/>
    <bullet9/>
    <bullet10/>
    <bullet11/>
    <bullet12/>
    <bullet13/>
    <bullet14/>
    <bullet15/>
    <bullet16/>
    <bullet17/>
    <bullet18/>
    <bullet19/>
    <bullet20/>
    <bullet21/>
    <bullet22/>
    <bullet23/>
    <bullet24/>
    <vendorPriceUpdateDate>2021-03-25 00:00:00</vendorPriceUpdateDate>
  </part>
  <part>
    <partNumber>26101365</partNumber>
    <punctuatedPartNumber>2610-1365</punctuatedPartNumber>
    <partStatusDescription>DISCONTINUED</partStatusDescription>
    <partDescription>FF4 Sunglasses - Foam - Black/Red - Smoke Lens</partDescription>
    <unitOfMeasure>Each</unitOfMeasure>
    <brandName>FORCEFLEX</brandName>
    <supplierNumber>FF4-01045-041</supplierNumber>
    <specialInstructions>Discontinued Item</specialInstructions>
    <baseDealerPrice>7.00</baseDealerPrice>
    <yourDealerPrice>7.00</yourDealerPrice>
    <baseRetailPrice>19.95</baseRetailPrice>
    <originalRetailPrice>24.95</originalRetailPrice>
    <partImage>http://asset.lemansnet.com/z/LzQvRi85LzRGOTg5QkUwLUUzQjYtNDE2QS04RUFFLUI5QjczOTVDNzlGNw==</partImage>
    <productId>0450954435</productId>
    <productName>FF4 Comfort Foam Sunglasses</productName>
    <productImage>http://asset.lemansnet.com/z/LzIvRC81LzJENURBQzBELTU2RjktNDVCQi05NEZFLUM4REQzMzhFMDBERQ==</productImage>
    <bullet1>Includes removeable vented, molded foam frame-liner for added comfort and reduced wind turbulence</bullet1>
    <bullet2>Ultra-lightweight rimless frame with wraparound, cheek-hugging lens</bullet2>
    <bullet3>Ergonomic rubberized temples and adjustable rubber nose pad</bullet3>
    <bullet4>Patented indirect venting and anti-fog/anti-scratch coating for ultimate fog protection</bullet4>
    <bullet5/>
    <bullet6/>
    <bullet7/>
    <bullet8/>
    <bullet9/>
    <bullet10/>
    <bullet11/>
    <bullet12/>
    <bullet13/>
    <bullet14/>
    <bullet15/>
    <bullet16/>
    <bullet17/>
    <bullet18/>
    <bullet19/>
    <bullet20/>
    <bullet21/>
    <bullet22/>
    <bullet23/>
    <bullet24/>
    <vendorPriceUpdateDate>2021-03-25 00:00:00</vendorPriceUpdateDate>
  </part>
  <part>
    <partNumber>26101371</partNumber>
    <punctuatedPartNumber>2610-1371</punctuatedPartNumber>
    <partStatusDescription>DISCONTINUED</partStatusDescription>
    <partDescription>FF4 Sunglasses - Black/Red - Smoke Lens</partDescription>
    <unitOfMeasure>Each</unitOfMeasure>
    <brandName>FORCEFLEX</brandName>
    <supplierNumber>FF4-01045-040</supplierNumber>
    <specialInstructions>Discontinued Item</specialInstructions>
    <baseDealerPrice>6.00</baseDealerPrice>
    <yourDealerPrice>6.00</yourDealerPrice>
    <baseRetailPrice>19.95</baseRetailPrice>
    <originalRetailPrice>19.95</originalRetailPrice>
    <partImage>http://asset.lemansnet.com/z/LzkvNi9CLzk2QjIxQjM4LUJEMTUtNEQ5OS05NjE1LUVCRTc3RDM4NjE5Nw==</partImage>
    <productId>1740453539</productId>
    <productName>FF4 Sunglasses</productName>
    <productImage>http://asset.lemansnet.com/z/L0IvNi8wL0I2MEQwOEM3LTUwNzUtNDUwOC1BQ0E3LUU2REM4RUQzNzUwQQ==</productImage>
    <bullet1>Ultra-lightweight rimless frame with wraparound, cheek-hugging lens</bullet1>
    <bullet2>Ergonomic rubberized temples and adjustable rubber nose pad</bullet2>
    <bullet3>Patented indirect venting and anti-fog/anti-scratch coating for ultimate fog protection</bullet3>
    <bullet4/>
    <bullet5/>
    <bullet6/>
    <bullet7/>
    <bullet8/>
    <bullet9/>
    <bullet10/>
    <bullet11/>
    <bullet12/>
    <bullet13/>
    <bullet14/>
    <bullet15/>
    <bullet16/>
    <bullet17/>
    <bullet18/>
    <bullet19/>
    <bullet20/>
    <bullet21/>
    <bullet22/>
    <bullet23/>
    <bullet24/>
    <vendorPriceUpdateDate>2021-03-25 00:00:00</vendorPriceUpdateDate>
  </part>
  <part>
    <partNumber>26101373</partNumber>
    <punctuatedPartNumber>2610-1373</punctuatedPartNumber>
    <partStatusDescription>DISCONTINUED</partStatusDescription>
    <partDescription>FF4 Sunglasses - Black/Yellow - Smoke Lens</partDescription>
    <unitOfMeasure>Each</unitOfMeasure>
    <brandName>FORCEFLEX</brandName>
    <supplierNumber>FF4-01095-040</supplierNumber>
    <specialInstructions>Discontinued Item</specialInstructions>
    <baseDealerPrice>6.00</baseDealerPrice>
    <yourDealerPrice>6.00</yourDealerPrice>
    <baseRetailPrice>19.95</baseRetailPrice>
    <originalRetailPrice>19.95</originalRetailPrice>
    <partImage>http://asset.lemansnet.com/z/LzQvQi9CLzRCQkMyOUQ2LTAyRDEtNEFDQi1BNjI3LTM1NDhFQTM1MUM3NQ==</partImage>
    <productId>1740453539</productId>
    <productName>FF4 Sunglasses</productName>
    <productImage>http://asset.lemansnet.com/z/L0IvNi8wL0I2MEQwOEM3LTUwNzUtNDUwOC1BQ0E3LUU2REM4RUQzNzUwQQ==</productImage>
    <bullet1>Ultra-lightweight rimless frame with wraparound, cheek-hugging lens</bullet1>
    <bullet2>Ergonomic rubberized temples and adjustable rubber nose pad</bullet2>
    <bullet3>Patented indirect venting and anti-fog/anti-scratch coating for ultimate fog protection</bullet3>
    <bullet4/>
    <bullet5/>
    <bullet6/>
    <bullet7/>
    <bullet8/>
    <bullet9/>
    <bullet10/>
    <bullet11/>
    <bullet12/>
    <bullet13/>
    <bullet14/>
    <bullet15/>
    <bullet16/>
    <bullet17/>
    <bullet18/>
    <bullet19/>
    <bullet20/>
    <bullet21/>
    <bullet22/>
    <bullet23/>
    <bullet24/>
    <vendorPriceUpdateDate>2021-03-25 00:00:00</vendorPriceUpdateDate>
  </part>
  <part>
    <partNumber>26101376</partNumber>
    <punctuatedPartNumber>2610-1376</punctuatedPartNumber>
    <partStatusDescription>DISCONTINUED</partStatusDescription>
    <partDescription>FF5 Sunglasses - Black - Smoke Lens</partDescription>
    <unitOfMeasure>Each</unitOfMeasure>
    <brandName>FORCEFLEX</brandName>
    <supplierNumber>FF5-01045-040</supplierNumber>
    <specialInstructions>Discontinued Item</specialInstructions>
    <baseDealerPrice>7.00</baseDealerPrice>
    <yourDealerPrice>7.00</yourDealerPrice>
    <baseRetailPrice>19.95</baseRetailPrice>
    <originalRetailPrice>24.95</originalRetailPrice>
    <partImage>http://asset.lemansnet.com/z/L0MvQy9EL0NDREQ4N0ExLTgyNjgtNEYwMi04RjRCLUM1QUE4ODIwNzBEOQ==</partImage>
    <productId>1815718396</productId>
    <productName>FF5 Sunglasses</productName>
    <productImage>http://asset.lemansnet.com/z/L0MvQy9EL0NDREQ4N0ExLTgyNjgtNEYwMi04RjRCLUM1QUE4ODIwNzBEOQ==</productImage>
    <bullet1>Lightweight full-frame with rectangular lens and urban design</bullet1>
    <bullet2>Ergonomic rubberized temples and rubber nose pad</bullet2>
    <bullet3>Advanced anti-fog/anti-scratch lens coating for better vision in all conditions</bullet3>
    <bullet4/>
    <bullet5/>
    <bullet6/>
    <bullet7/>
    <bullet8/>
    <bullet9/>
    <bullet10/>
    <bullet11/>
    <bullet12/>
    <bullet13/>
    <bullet14/>
    <bullet15/>
    <bullet16/>
    <bullet17/>
    <bullet18/>
    <bullet19/>
    <bullet20/>
    <bullet21/>
    <bullet22/>
    <bullet23/>
    <bullet24/>
    <vendorPriceUpdateDate>2021-03-25 00:00:00</vendorPriceUpdateDate>
  </part>
  <part>
    <partNumber>26101380</partNumber>
    <punctuatedPartNumber>2610-1380</punctuatedPartNumber>
    <partStatusDescription>DISCONTINUED</partStatusDescription>
    <partDescription>FF5 Sunglasses - Foam - Black - Photochromic Lens</partDescription>
    <unitOfMeasure>Each</unitOfMeasure>
    <brandName>FORCEFLEX</brandName>
    <supplierNumber>FF5-01044-070</supplierNumber>
    <specialInstructions>Discontinued Item</specialInstructions>
    <baseDealerPrice>24.00</baseDealerPrice>
    <yourDealerPrice>24.00</yourDealerPrice>
    <baseRetailPrice>59.95</baseRetailPrice>
    <originalRetailPrice>79.95</originalRetailPrice>
    <partImage>http://asset.lemansnet.com/z/LzUvRC9GLzVERkU5RUIwLUJDNzctNDBBMC05MDIwLTI5QTM2NTM3REZCMQ==</partImage>
    <productId>0870426099</productId>
    <productName>FF5 Comfort Foam Sunglasses</productName>
    <productImage>http://asset.lemansnet.com/z/LzUvQS9GLzVBRjI3NjI5LURDQzQtNEJCQi05NzE0LTRBRjkxQkFDQzhDQw==</productImage>
    <bullet1>Lightweight full-frame with rectangular lens and urban design</bullet1>
    <bullet2>Ergonomic rubberized temples and rubber nose pad</bullet2>
    <bullet3>Advanced anti-fog/anti-scratch lens coating for better vision in all conditions</bullet3>
    <bullet4>Includes vented, molded foam frame liner designed for added comfort and reduced wind turbulence</bullet4>
    <bullet5/>
    <bullet6/>
    <bullet7/>
    <bullet8/>
    <bullet9/>
    <bullet10/>
    <bullet11/>
    <bullet12/>
    <bullet13/>
    <bullet14/>
    <bullet15/>
    <bullet16/>
    <bullet17/>
    <bullet18/>
    <bullet19/>
    <bullet20/>
    <bullet21/>
    <bullet22/>
    <bullet23/>
    <bullet24/>
    <vendorPriceUpdateDate>2021-03-25 00:00:00</vendorPriceUpdateDate>
  </part>
  <part>
    <partNumber>26101358</partNumber>
    <punctuatedPartNumber>2610-1358</punctuatedPartNumber>
    <partStatusDescription>DISCONTINUED</partStatusDescription>
    <partDescription>FF4 Sunglasses - Foam - Black/Black - Clear Lens</partDescription>
    <unitOfMeasure>Each</unitOfMeasure>
    <brandName>FORCEFLEX</brandName>
    <supplierNumber>FF4-01014-041</supplierNumber>
    <specialInstructions>Discontinued Item</specialInstructions>
    <baseDealerPrice>7.00</baseDealerPrice>
    <yourDealerPrice>7.00</yourDealerPrice>
    <baseRetailPrice>19.95</baseRetailPrice>
    <originalRetailPrice>24.95</originalRetailPrice>
    <partImage>http://asset.lemansnet.com/z/LzIvRC81LzJENURBQzBELTU2RjktNDVCQi05NEZFLUM4REQzMzhFMDBERQ==</partImage>
    <productId>0450954435</productId>
    <productName>FF4 Comfort Foam Sunglasses</productName>
    <productImage>http://asset.lemansnet.com/z/LzIvRC81LzJENURBQzBELTU2RjktNDVCQi05NEZFLUM4REQzMzhFMDBERQ==</productImage>
    <bullet1>Includes removeable vented, molded foam frame-liner for added comfort and reduced wind turbulence</bullet1>
    <bullet2>Ultra-lightweight rimless frame with wraparound, cheek-hugging lens</bullet2>
    <bullet3>Ergonomic rubberized temples and adjustable rubber nose pad</bullet3>
    <bullet4>Patented indirect venting and anti-fog/anti-scratch coating for ultimate fog protection</bullet4>
    <bullet5/>
    <bullet6/>
    <bullet7/>
    <bullet8/>
    <bullet9/>
    <bullet10/>
    <bullet11/>
    <bullet12/>
    <bullet13/>
    <bullet14/>
    <bullet15/>
    <bullet16/>
    <bullet17/>
    <bullet18/>
    <bullet19/>
    <bullet20/>
    <bullet21/>
    <bullet22/>
    <bullet23/>
    <bullet24/>
    <vendorPriceUpdateDate>2021-03-25 00:00:00</vendorPriceUpdateDate>
  </part>
  <part>
    <partNumber>26101368</partNumber>
    <punctuatedPartNumber>2610-1368</punctuatedPartNumber>
    <partStatusDescription>DISCONTINUED</partStatusDescription>
    <partDescription>FF4 Sunglasses - Foam - Gray/Orange - Smoke Lens</partDescription>
    <unitOfMeasure>Each</unitOfMeasure>
    <brandName>FORCEFLEX</brandName>
    <supplierNumber>FF4-04055-041</supplierNumber>
    <specialInstructions>Discontinued Item</specialInstructions>
    <baseDealerPrice>7.00</baseDealerPrice>
    <yourDealerPrice>7.00</yourDealerPrice>
    <baseRetailPrice>19.95</baseRetailPrice>
    <originalRetailPrice>24.95</originalRetailPrice>
    <partImage>http://asset.lemansnet.com/z/LzUvNS9GLzU1Rjc2MDg1LTIyQkItNDc0RS1BQjdDLTY0RDEwRUU1QjFDMg==</partImage>
    <productId>0450954435</productId>
    <productName>FF4 Comfort Foam Sunglasses</productName>
    <productImage>http://asset.lemansnet.com/z/LzIvRC81LzJENURBQzBELTU2RjktNDVCQi05NEZFLUM4REQzMzhFMDBERQ==</productImage>
    <bullet1>Includes removeable vented, molded foam frame-liner for added comfort and reduced wind turbulence</bullet1>
    <bullet2>Ultra-lightweight rimless frame with wraparound, cheek-hugging lens</bullet2>
    <bullet3>Ergonomic rubberized temples and adjustable rubber nose pad</bullet3>
    <bullet4>Patented indirect venting and anti-fog/anti-scratch coating for ultimate fog protection</bullet4>
    <bullet5/>
    <bullet6/>
    <bullet7/>
    <bullet8/>
    <bullet9/>
    <bullet10/>
    <bullet11/>
    <bullet12/>
    <bullet13/>
    <bullet14/>
    <bullet15/>
    <bullet16/>
    <bullet17/>
    <bullet18/>
    <bullet19/>
    <bullet20/>
    <bullet21/>
    <bullet22/>
    <bullet23/>
    <bullet24/>
    <vendorPriceUpdateDate>2021-03-25 00:00:00</vendorPriceUpdateDate>
  </part>
  <part>
    <partNumber>26101369</partNumber>
    <punctuatedPartNumber>2610-1369</punctuatedPartNumber>
    <partStatusDescription>DISCONTINUED</partStatusDescription>
    <partDescription>FF4 Sunglasses - Foam - Gray/Pink - Smoke Lens</partDescription>
    <unitOfMeasure>Each</unitOfMeasure>
    <brandName>FORCEFLEX</brandName>
    <supplierNumber>FF4-04065-041</supplierNumber>
    <specialInstructions>Discontinued Item</specialInstructions>
    <baseDealerPrice>7.00</baseDealerPrice>
    <yourDealerPrice>7.00</yourDealerPrice>
    <baseRetailPrice>19.95</baseRetailPrice>
    <originalRetailPrice>24.95</originalRetailPrice>
    <partImage>http://asset.lemansnet.com/z/LzYvNS9ELzY1RDdDREMwLTREQUItNENGMS1CREU5LTNFRDc1RjkzODA0OQ==</partImage>
    <productId>0450954435</productId>
    <productName>FF4 Comfort Foam Sunglasses</productName>
    <productImage>http://asset.lemansnet.com/z/LzIvRC81LzJENURBQzBELTU2RjktNDVCQi05NEZFLUM4REQzMzhFMDBERQ==</productImage>
    <bullet1>Includes removeable vented, molded foam frame-liner for added comfort and reduced wind turbulence</bullet1>
    <bullet2>Ultra-lightweight rimless frame with wraparound, cheek-hugging lens</bullet2>
    <bullet3>Ergonomic rubberized temples and adjustable rubber nose pad</bullet3>
    <bullet4>Patented indirect venting and anti-fog/anti-scratch coating for ultimate fog protection</bullet4>
    <bullet5/>
    <bullet6/>
    <bullet7/>
    <bullet8/>
    <bullet9/>
    <bullet10/>
    <bullet11/>
    <bullet12/>
    <bullet13/>
    <bullet14/>
    <bullet15/>
    <bullet16/>
    <bullet17/>
    <bullet18/>
    <bullet19/>
    <bullet20/>
    <bullet21/>
    <bullet22/>
    <bullet23/>
    <bullet24/>
    <vendorPriceUpdateDate>2021-03-25 00:00:00</vendorPriceUpdateDate>
  </part>
  <part>
    <partNumber>26101372</partNumber>
    <punctuatedPartNumber>2610-1372</punctuatedPartNumber>
    <partStatusDescription>DISCONTINUED</partStatusDescription>
    <partDescription>FF4 Sunglasses - Black/Blue - Smoke Lens</partDescription>
    <unitOfMeasure>Each</unitOfMeasure>
    <brandName>FORCEFLEX</brandName>
    <supplierNumber>FF4-01025-040</supplierNumber>
    <specialInstructions>Discontinued Item</specialInstructions>
    <baseDealerPrice>6.00</baseDealerPrice>
    <yourDealerPrice>6.00</yourDealerPrice>
    <baseRetailPrice>19.95</baseRetailPrice>
    <originalRetailPrice>19.95</originalRetailPrice>
    <partImage>http://asset.lemansnet.com/z/LzMvOC9CLzM4QkJFNTM5LUVFQkEtNDM3NS04Q0U4LUE4RTExMTNDNDAxMA==</partImage>
    <productId>1740453539</productId>
    <productName>FF4 Sunglasses</productName>
    <productImage>http://asset.lemansnet.com/z/L0IvNi8wL0I2MEQwOEM3LTUwNzUtNDUwOC1BQ0E3LUU2REM4RUQzNzUwQQ==</productImage>
    <bullet1>Ultra-lightweight rimless frame with wraparound, cheek-hugging lens</bullet1>
    <bullet2>Ergonomic rubberized temples and adjustable rubber nose pad</bullet2>
    <bullet3>Patented indirect venting and anti-fog/anti-scratch coating for ultimate fog protection</bullet3>
    <bullet4/>
    <bullet5/>
    <bullet6/>
    <bullet7/>
    <bullet8/>
    <bullet9/>
    <bullet10/>
    <bullet11/>
    <bullet12/>
    <bullet13/>
    <bullet14/>
    <bullet15/>
    <bullet16/>
    <bullet17/>
    <bullet18/>
    <bullet19/>
    <bullet20/>
    <bullet21/>
    <bullet22/>
    <bullet23/>
    <bullet24/>
    <vendorPriceUpdateDate>2021-03-25 00:00:00</vendorPriceUpdateDate>
  </part>
  <part>
    <partNumber>26101374</partNumber>
    <punctuatedPartNumber>2610-1374</punctuatedPartNumber>
    <partStatusDescription>DISCONTINUED</partStatusDescription>
    <partDescription>FF4 Sunglasses - Gray/Orange - Smoke Lens</partDescription>
    <unitOfMeasure>Each</unitOfMeasure>
    <brandName>FORCEFLEX</brandName>
    <supplierNumber>FF4-04055-040</supplierNumber>
    <specialInstructions>Discontinued Item</specialInstructions>
    <baseDealerPrice>6.00</baseDealerPrice>
    <yourDealerPrice>6.00</yourDealerPrice>
    <baseRetailPrice>19.95</baseRetailPrice>
    <originalRetailPrice>19.95</originalRetailPrice>
    <partImage>http://asset.lemansnet.com/z/LzIvMC84LzIwODI1NTAxLTBDOTYtNEVGRC1CQUE4LUY1Q0VEMjgyNjA1OQ==</partImage>
    <productId>1740453539</productId>
    <productName>FF4 Sunglasses</productName>
    <productImage>http://asset.lemansnet.com/z/L0IvNi8wL0I2MEQwOEM3LTUwNzUtNDUwOC1BQ0E3LUU2REM4RUQzNzUwQQ==</productImage>
    <bullet1>Ultra-lightweight rimless frame with wraparound, cheek-hugging lens</bullet1>
    <bullet2>Ergonomic rubberized temples and adjustable rubber nose pad</bullet2>
    <bullet3>Patented indirect venting and anti-fog/anti-scratch coating for ultimate fog protection</bullet3>
    <bullet4/>
    <bullet5/>
    <bullet6/>
    <bullet7/>
    <bullet8/>
    <bullet9/>
    <bullet10/>
    <bullet11/>
    <bullet12/>
    <bullet13/>
    <bullet14/>
    <bullet15/>
    <bullet16/>
    <bullet17/>
    <bullet18/>
    <bullet19/>
    <bullet20/>
    <bullet21/>
    <bullet22/>
    <bullet23/>
    <bullet24/>
    <vendorPriceUpdateDate>2021-03-25 00:00:00</vendorPriceUpdateDate>
  </part>
  <part>
    <partNumber>26101375</partNumber>
    <punctuatedPartNumber>2610-1375</punctuatedPartNumber>
    <partStatusDescription>DISCONTINUED</partStatusDescription>
    <partDescription>FF4 Sunglasses - Gray/Pink - Smoke Lens</partDescription>
    <unitOfMeasure>Each</unitOfMeasure>
    <brandName>FORCEFLEX</brandName>
    <supplierNumber>FF4-04065-040</supplierNumber>
    <specialInstructions>Discontinued Item</specialInstructions>
    <baseDealerPrice>6.00</baseDealerPrice>
    <yourDealerPrice>6.00</yourDealerPrice>
    <baseRetailPrice>19.95</baseRetailPrice>
    <originalRetailPrice>19.95</originalRetailPrice>
    <partImage>http://asset.lemansnet.com/z/LzYvRC9BLzZEQTlBODcyLUI3MjAtNDlFQy05Q0QwLUNFQTRGNEVGREZDNQ==</partImage>
    <productId>1740453539</productId>
    <productName>FF4 Sunglasses</productName>
    <productImage>http://asset.lemansnet.com/z/L0IvNi8wL0I2MEQwOEM3LTUwNzUtNDUwOC1BQ0E3LUU2REM4RUQzNzUwQQ==</productImage>
    <bullet1>Ultra-lightweight rimless frame with wraparound, cheek-hugging lens</bullet1>
    <bullet2>Ergonomic rubberized temples and adjustable rubber nose pad</bullet2>
    <bullet3>Patented indirect venting and anti-fog/anti-scratch coating for ultimate fog protection</bullet3>
    <bullet4/>
    <bullet5/>
    <bullet6/>
    <bullet7/>
    <bullet8/>
    <bullet9/>
    <bullet10/>
    <bullet11/>
    <bullet12/>
    <bullet13/>
    <bullet14/>
    <bullet15/>
    <bullet16/>
    <bullet17/>
    <bullet18/>
    <bullet19/>
    <bullet20/>
    <bullet21/>
    <bullet22/>
    <bullet23/>
    <bullet24/>
    <vendorPriceUpdateDate>2021-03-25 00:00:00</vendorPriceUpdateDate>
  </part>
  <part>
    <partNumber>26101378</partNumber>
    <punctuatedPartNumber>2610-1378</punctuatedPartNumber>
    <partStatusDescription>DISCONTINUED</partStatusDescription>
    <partDescription>FF5 Sunglasses - Orange - Smoke Lens</partDescription>
    <unitOfMeasure>Each</unitOfMeasure>
    <brandName>FORCEFLEX</brandName>
    <supplierNumber>FF5-09095-040</supplierNumber>
    <specialInstructions>Discontinued Item</specialInstructions>
    <baseDealerPrice>7.00</baseDealerPrice>
    <yourDealerPrice>7.00</yourDealerPrice>
    <baseRetailPrice>19.95</baseRetailPrice>
    <originalRetailPrice>24.95</originalRetailPrice>
    <partImage>http://asset.lemansnet.com/z/LzAvMy9CLzAzQkMzRkRFLTUzMEQtNDQxRS04NDIwLTM0QTNGRkE0MjE4OA==</partImage>
    <productId>1815718396</productId>
    <productName>FF5 Sunglasses</productName>
    <productImage>http://asset.lemansnet.com/z/L0MvQy9EL0NDREQ4N0ExLTgyNjgtNEYwMi04RjRCLUM1QUE4ODIwNzBEOQ==</productImage>
    <bullet1>Lightweight full-frame with rectangular lens and urban design</bullet1>
    <bullet2>Ergonomic rubberized temples and rubber nose pad</bullet2>
    <bullet3>Advanced anti-fog/anti-scratch lens coating for better vision in all conditions</bullet3>
    <bullet4/>
    <bullet5/>
    <bullet6/>
    <bullet7/>
    <bullet8/>
    <bullet9/>
    <bullet10/>
    <bullet11/>
    <bullet12/>
    <bullet13/>
    <bullet14/>
    <bullet15/>
    <bullet16/>
    <bullet17/>
    <bullet18/>
    <bullet19/>
    <bullet20/>
    <bullet21/>
    <bullet22/>
    <bullet23/>
    <bullet24/>
    <vendorPriceUpdateDate>2021-03-25 00:00:00</vendorPriceUpdateDate>
  </part>
  <part>
    <partNumber>26101474</partNumber>
    <punctuatedPartNumber>2610-1474</punctuatedPartNumber>
    <partStatusDescription>DISCONTINUED</partStatusDescription>
    <partDescription>FF5 Sunglasses - Black - Clear Lens</partDescription>
    <unitOfMeasure>Each</unitOfMeasure>
    <brandName>FORCEFLEX</brandName>
    <supplierNumber>FF5-01044-040</supplierNumber>
    <specialInstructions>Discontinued Item</specialInstructions>
    <baseDealerPrice>7.00</baseDealerPrice>
    <yourDealerPrice>7.00</yourDealerPrice>
    <baseRetailPrice>19.95</baseRetailPrice>
    <originalRetailPrice>24.95</originalRetailPrice>
    <partImage>http://asset.lemansnet.com/z/LzIvOS9GLzI5RjBDNkUwLTFCQUYtNDMwQy05OTg0LTg5MkEwQTE3RTdCQQ==</partImage>
    <productId>1815718396</productId>
    <productName>FF5 Sunglasses</productName>
    <productImage>http://asset.lemansnet.com/z/L0MvQy9EL0NDREQ4N0ExLTgyNjgtNEYwMi04RjRCLUM1QUE4ODIwNzBEOQ==</productImage>
    <bullet1>Lightweight full-frame with rectangular lens and urban design</bullet1>
    <bullet2>Ergonomic rubberized temples and rubber nose pad</bullet2>
    <bullet3>Advanced anti-fog/anti-scratch lens coating for better vision in all conditions</bullet3>
    <bullet4/>
    <bullet5/>
    <bullet6/>
    <bullet7/>
    <bullet8/>
    <bullet9/>
    <bullet10/>
    <bullet11/>
    <bullet12/>
    <bullet13/>
    <bullet14/>
    <bullet15/>
    <bullet16/>
    <bullet17/>
    <bullet18/>
    <bullet19/>
    <bullet20/>
    <bullet21/>
    <bullet22/>
    <bullet23/>
    <bullet24/>
    <vendorPriceUpdateDate>2022-03-14 00:00:00</vendorPriceUpdateDate>
  </part>
  <part>
    <partNumber>26101475</partNumber>
    <punctuatedPartNumber>2610-1475</punctuatedPartNumber>
    <partStatusDescription>DISCONTINUED</partStatusDescription>
    <partDescription>FF5 Sunglasses - Foam - Black - Clear Lens</partDescription>
    <unitOfMeasure>Each</unitOfMeasure>
    <brandName>FORCEFLEX</brandName>
    <supplierNumber>FF5-01044-041</supplierNumber>
    <specialInstructions>Discontinued Item</specialInstructions>
    <baseDealerPrice>8.00</baseDealerPrice>
    <yourDealerPrice>8.00</yourDealerPrice>
    <baseRetailPrice>19.95</baseRetailPrice>
    <originalRetailPrice>29.95</originalRetailPrice>
    <partImage>http://asset.lemansnet.com/z/LzcvNC9FLzc0RUVBQzU1LTEyODktNEMxNy1CNUEyLTAxQjFDNDVEMUZDNg==</partImage>
    <productId>0870426099</productId>
    <productName>FF5 Comfort Foam Sunglasses</productName>
    <productImage>http://asset.lemansnet.com/z/LzUvQS9GLzVBRjI3NjI5LURDQzQtNEJCQi05NzE0LTRBRjkxQkFDQzhDQw==</productImage>
    <bullet1>Lightweight full-frame with rectangular lens and urban design</bullet1>
    <bullet2>Ergonomic rubberized temples and rubber nose pad</bullet2>
    <bullet3>Advanced anti-fog/anti-scratch lens coating for better vision in all conditions</bullet3>
    <bullet4>Includes vented, molded foam frame liner designed for added comfort and reduced wind turbulence</bullet4>
    <bullet5/>
    <bullet6/>
    <bullet7/>
    <bullet8/>
    <bullet9/>
    <bullet10/>
    <bullet11/>
    <bullet12/>
    <bullet13/>
    <bullet14/>
    <bullet15/>
    <bullet16/>
    <bullet17/>
    <bullet18/>
    <bullet19/>
    <bullet20/>
    <bullet21/>
    <bullet22/>
    <bullet23/>
    <bullet24/>
    <vendorPriceUpdateDate>2022-03-14 00:00:00</vendorPriceUpdateDate>
  </part>
  <part>
    <partNumber>99041690</partNumber>
    <punctuatedPartNumber>9904-1690</punctuatedPartNumber>
    <partStatusDescription>DISCONTINUED</partStatusDescription>
    <partDescription>6-Peice Counter Display</partDescription>
    <unitOfMeasure>Kit</unitOfMeasure>
    <brandName>FORCEFLEX</brandName>
    <supplierNumber>SBC6-001</supplierNumber>
    <specialInstructions>DISCONTINUED ITEM</specialInstructions>
    <baseDealerPrice>20.00</baseDealerPrice>
    <yourDealerPrice>20.00</yourDealerPrice>
    <baseRetailPrice>0.00</baseRetailPrice>
    <originalRetailPrice>0.00</originalRetailPrice>
    <partImage>http://asset.lemansnet.com/z/LzQvOS82LzQ5NjE4OTVGLTFFNjUtNDI0NC1BMjAzLTFCOTQwNjQ3ODhDMA==</partImage>
    <productId>1704126341</productId>
    <productName>Cardboard Product Display</productName>
    <productImage>http://asset.lemansnet.com/z/LzEvNS81LzE1NTE5MTM3LUQzMzctNERBOS1CRUYzLTUzNENCRkM5MUNGMw==</productImage>
    <bullet1>Features sunglasses prominently with eye-catching display to promote sales</bullet1>
    <bullet2>Lenticular image at top of display</bullet2>
    <bullet3/>
    <bullet4/>
    <bullet5/>
    <bullet6/>
    <bullet7/>
    <bullet8/>
    <bullet9/>
    <bullet10/>
    <bullet11/>
    <bullet12/>
    <bullet13/>
    <bullet14/>
    <bullet15/>
    <bullet16/>
    <bullet17/>
    <bullet18/>
    <bullet19/>
    <bullet20/>
    <bullet21/>
    <bullet22/>
    <bullet23/>
    <bullet24/>
    <vendorPriceUpdateDate>2022-12-19 00:00:00</vendorPriceUpdateDate>
  </part>
  <part>
    <partNumber>99041691</partNumber>
    <punctuatedPartNumber>9904-1691</punctuatedPartNumber>
    <partStatusDescription>DISCONTINUED</partStatusDescription>
    <partDescription>24-Peice Turnstile Display</partDescription>
    <unitOfMeasure>Kit</unitOfMeasure>
    <brandName>FORCEFLEX</brandName>
    <supplierNumber>TST24-001</supplierNumber>
    <specialInstructions>DISCONTINUED ITEM</specialInstructions>
    <baseDealerPrice>60.00</baseDealerPrice>
    <yourDealerPrice>60.00</yourDealerPrice>
    <baseRetailPrice>0.00</baseRetailPrice>
    <originalRetailPrice>0.00</originalRetailPrice>
    <partImage>http://asset.lemansnet.com/z/L0QvQS9GL0RBRkYyNDlCLTFGRjAtNDFFRC05MkNGLUFCQzQ1MDcwRUU2MA==</partImage>
    <productId>1704126341</productId>
    <productName>Cardboard Product Display</productName>
    <productImage>http://asset.lemansnet.com/z/LzEvNS81LzE1NTE5MTM3LUQzMzctNERBOS1CRUYzLTUzNENCRkM5MUNGMw==</productImage>
    <bullet1>Features sunglasses prominently with eye-catching display to promote sales</bullet1>
    <bullet2>Lenticular image at top of display</bullet2>
    <bullet3/>
    <bullet4/>
    <bullet5/>
    <bullet6/>
    <bullet7/>
    <bullet8/>
    <bullet9/>
    <bullet10/>
    <bullet11/>
    <bullet12/>
    <bullet13/>
    <bullet14/>
    <bullet15/>
    <bullet16/>
    <bullet17/>
    <bullet18/>
    <bullet19/>
    <bullet20/>
    <bullet21/>
    <bullet22/>
    <bullet23/>
    <bullet24/>
    <vendorPriceUpdateDate>2022-12-19 00:00:00</vendorPriceUpdateDate>
  </part>
  <part>
    <partNumber>99041692</partNumber>
    <punctuatedPartNumber>9904-1692</punctuatedPartNumber>
    <partStatusDescription>DISCONTINUED</partStatusDescription>
    <partDescription>12-Peice Slatwall Display</partDescription>
    <unitOfMeasure>Kit</unitOfMeasure>
    <brandName>FORCEFLEX</brandName>
    <supplierNumber>SLT24-001</supplierNumber>
    <specialInstructions>DISCONTINUED ITEM</specialInstructions>
    <baseDealerPrice>40.00</baseDealerPrice>
    <yourDealerPrice>40.00</yourDealerPrice>
    <baseRetailPrice>0.00</baseRetailPrice>
    <originalRetailPrice>0.00</originalRetailPrice>
    <partImage>http://asset.lemansnet.com/z/LzEvNS81LzE1NTE5MTM3LUQzMzctNERBOS1CRUYzLTUzNENCRkM5MUNGMw==</partImage>
    <productId>1704126341</productId>
    <productName>Cardboard Product Display</productName>
    <productImage>http://asset.lemansnet.com/z/LzEvNS81LzE1NTE5MTM3LUQzMzctNERBOS1CRUYzLTUzNENCRkM5MUNGMw==</productImage>
    <bullet1>Features sunglasses prominently with eye-catching display to promote sales</bullet1>
    <bullet2>Lenticular image at top of display</bullet2>
    <bullet3/>
    <bullet4/>
    <bullet5/>
    <bullet6/>
    <bullet7/>
    <bullet8/>
    <bullet9/>
    <bullet10/>
    <bullet11/>
    <bullet12/>
    <bullet13/>
    <bullet14/>
    <bullet15/>
    <bullet16/>
    <bullet17/>
    <bullet18/>
    <bullet19/>
    <bullet20/>
    <bullet21/>
    <bullet22/>
    <bullet23/>
    <bullet24/>
    <vendorPriceUpdateDate>2023-01-25 00:00:00</vendorPriceUpdateDate>
  </part>
  <part>
    <partNumber>26101362</partNumber>
    <punctuatedPartNumber>2610-1362</punctuatedPartNumber>
    <partStatusDescription>DISCONTINUED</partStatusDescription>
    <partDescription>FF4 Sunglasses - Foam - Gray/Orange - Clear Lens</partDescription>
    <unitOfMeasure>Each</unitOfMeasure>
    <brandName>FORCEFLEX</brandName>
    <supplierNumber>FF4-04054-041</supplierNumber>
    <specialInstructions>Discontinued Item</specialInstructions>
    <baseDealerPrice>7.00</baseDealerPrice>
    <yourDealerPrice>7.00</yourDealerPrice>
    <baseRetailPrice>19.95</baseRetailPrice>
    <originalRetailPrice>24.95</originalRetailPrice>
    <partImage>http://asset.lemansnet.com/z/L0QvMy9DL0QzQ0JFQkNBLTVDRkYtNEMzRi05NTRBLTQyODMwN0U1RDI3OQ==</partImage>
    <productId>0450954435</productId>
    <productName>FF4 Comfort Foam Sunglasses</productName>
    <productImage>http://asset.lemansnet.com/z/LzIvRC81LzJENURBQzBELTU2RjktNDVCQi05NEZFLUM4REQzMzhFMDBERQ==</productImage>
    <bullet1>Includes removeable vented, molded foam frame-liner for added comfort and reduced wind turbulence</bullet1>
    <bullet2>Ultra-lightweight rimless frame with wraparound, cheek-hugging lens</bullet2>
    <bullet3>Ergonomic rubberized temples and adjustable rubber nose pad</bullet3>
    <bullet4>Patented indirect venting and anti-fog/anti-scratch coating for ultimate fog protection</bullet4>
    <bullet5/>
    <bullet6/>
    <bullet7/>
    <bullet8/>
    <bullet9/>
    <bullet10/>
    <bullet11/>
    <bullet12/>
    <bullet13/>
    <bullet14/>
    <bullet15/>
    <bullet16/>
    <bullet17/>
    <bullet18/>
    <bullet19/>
    <bullet20/>
    <bullet21/>
    <bullet22/>
    <bullet23/>
    <bullet24/>
    <vendorPriceUpdateDate>2021-03-25 00:00:00</vendorPriceUpdateDate>
  </part>
  <part>
    <partNumber>26101366</partNumber>
    <punctuatedPartNumber>2610-1366</punctuatedPartNumber>
    <partStatusDescription>DISCONTINUED</partStatusDescription>
    <partDescription>FF4 Sunglasses - Foam - Black/Blue - Smoke Lens</partDescription>
    <unitOfMeasure>Each</unitOfMeasure>
    <brandName>FORCEFLEX</brandName>
    <supplierNumber>FF4-01025-041</supplierNumber>
    <specialInstructions>Discontinued Item</specialInstructions>
    <baseDealerPrice>7.00</baseDealerPrice>
    <yourDealerPrice>7.00</yourDealerPrice>
    <baseRetailPrice>19.95</baseRetailPrice>
    <originalRetailPrice>24.95</originalRetailPrice>
    <partImage>http://asset.lemansnet.com/z/LzIvRC83LzJENzMxNENGLUNDNUMtNDY2QS1BN0UzLTA2OTFFREQ3NzBBNQ==</partImage>
    <productId>0450954435</productId>
    <productName>FF4 Comfort Foam Sunglasses</productName>
    <productImage>http://asset.lemansnet.com/z/LzIvRC81LzJENURBQzBELTU2RjktNDVCQi05NEZFLUM4REQzMzhFMDBERQ==</productImage>
    <bullet1>Includes removeable vented, molded foam frame-liner for added comfort and reduced wind turbulence</bullet1>
    <bullet2>Ultra-lightweight rimless frame with wraparound, cheek-hugging lens</bullet2>
    <bullet3>Ergonomic rubberized temples and adjustable rubber nose pad</bullet3>
    <bullet4>Patented indirect venting and anti-fog/anti-scratch coating for ultimate fog protection</bullet4>
    <bullet5/>
    <bullet6/>
    <bullet7/>
    <bullet8/>
    <bullet9/>
    <bullet10/>
    <bullet11/>
    <bullet12/>
    <bullet13/>
    <bullet14/>
    <bullet15/>
    <bullet16/>
    <bullet17/>
    <bullet18/>
    <bullet19/>
    <bullet20/>
    <bullet21/>
    <bullet22/>
    <bullet23/>
    <bullet24/>
    <vendorPriceUpdateDate>2021-03-25 00:00:00</vendorPriceUpdateDate>
  </part>
  <part>
    <partNumber>26101367</partNumber>
    <punctuatedPartNumber>2610-1367</punctuatedPartNumber>
    <partStatusDescription>DISCONTINUED</partStatusDescription>
    <partDescription>FF4 Sunglasses - Foam - Black/Yellow - Smoke Lens</partDescription>
    <unitOfMeasure>Each</unitOfMeasure>
    <brandName>FORCEFLEX</brandName>
    <supplierNumber>FF4-01095-041</supplierNumber>
    <specialInstructions>Discontinued Item</specialInstructions>
    <baseDealerPrice>7.00</baseDealerPrice>
    <yourDealerPrice>7.00</yourDealerPrice>
    <baseRetailPrice>19.95</baseRetailPrice>
    <originalRetailPrice>24.95</originalRetailPrice>
    <partImage>http://asset.lemansnet.com/z/LzcvNC8zLzc0MzNDNjE5LTg0Q0ItNDNFOC05OEMzLTA2M0E2MUM2NjRDMQ==</partImage>
    <productId>0450954435</productId>
    <productName>FF4 Comfort Foam Sunglasses</productName>
    <productImage>http://asset.lemansnet.com/z/LzIvRC81LzJENURBQzBELTU2RjktNDVCQi05NEZFLUM4REQzMzhFMDBERQ==</productImage>
    <bullet1>Includes removeable vented, molded foam frame-liner for added comfort and reduced wind turbulence</bullet1>
    <bullet2>Ultra-lightweight rimless frame with wraparound, cheek-hugging lens</bullet2>
    <bullet3>Ergonomic rubberized temples and adjustable rubber nose pad</bullet3>
    <bullet4>Patented indirect venting and anti-fog/anti-scratch coating for ultimate fog protection</bullet4>
    <bullet5/>
    <bullet6/>
    <bullet7/>
    <bullet8/>
    <bullet9/>
    <bullet10/>
    <bullet11/>
    <bullet12/>
    <bullet13/>
    <bullet14/>
    <bullet15/>
    <bullet16/>
    <bullet17/>
    <bullet18/>
    <bullet19/>
    <bullet20/>
    <bullet21/>
    <bullet22/>
    <bullet23/>
    <bullet24/>
    <vendorPriceUpdateDate>2021-03-25 00:00:00</vendorPriceUpdateDate>
  </part>
  <part>
    <partNumber>26101370</partNumber>
    <punctuatedPartNumber>2610-1370</punctuatedPartNumber>
    <partStatusDescription>DISCONTINUED</partStatusDescription>
    <partDescription>FF4 Sunglasses - Black/Black - Smoke Lens</partDescription>
    <unitOfMeasure>Each</unitOfMeasure>
    <brandName>FORCEFLEX</brandName>
    <supplierNumber>FF4-01015-040</supplierNumber>
    <specialInstructions>Discontinued Item</specialInstructions>
    <baseDealerPrice>6.00</baseDealerPrice>
    <yourDealerPrice>6.00</yourDealerPrice>
    <baseRetailPrice>19.95</baseRetailPrice>
    <originalRetailPrice>19.95</originalRetailPrice>
    <partImage>http://asset.lemansnet.com/z/L0IvNi8wL0I2MEQwOEM3LTUwNzUtNDUwOC1BQ0E3LUU2REM4RUQzNzUwQQ==</partImage>
    <productId>1740453539</productId>
    <productName>FF4 Sunglasses</productName>
    <productImage>http://asset.lemansnet.com/z/L0IvNi8wL0I2MEQwOEM3LTUwNzUtNDUwOC1BQ0E3LUU2REM4RUQzNzUwQQ==</productImage>
    <bullet1>Ultra-lightweight rimless frame with wraparound, cheek-hugging lens</bullet1>
    <bullet2>Ergonomic rubberized temples and adjustable rubber nose pad</bullet2>
    <bullet3>Patented indirect venting and anti-fog/anti-scratch coating for ultimate fog protection</bullet3>
    <bullet4/>
    <bullet5/>
    <bullet6/>
    <bullet7/>
    <bullet8/>
    <bullet9/>
    <bullet10/>
    <bullet11/>
    <bullet12/>
    <bullet13/>
    <bullet14/>
    <bullet15/>
    <bullet16/>
    <bullet17/>
    <bullet18/>
    <bullet19/>
    <bullet20/>
    <bullet21/>
    <bullet22/>
    <bullet23/>
    <bullet24/>
    <vendorPriceUpdateDate>2021-03-25 00:00:00</vendorPriceUpdateDate>
  </part>
  <part>
    <partNumber>26101377</partNumber>
    <punctuatedPartNumber>2610-1377</punctuatedPartNumber>
    <partStatusDescription>DISCONTINUED</partStatusDescription>
    <partDescription>FF5 Sunglasses - Blue - Smoke Lens</partDescription>
    <unitOfMeasure>Each</unitOfMeasure>
    <brandName>FORCEFLEX</brandName>
    <supplierNumber>FF5-02025-040</supplierNumber>
    <specialInstructions>Discontinued Item</specialInstructions>
    <baseDealerPrice>7.00</baseDealerPrice>
    <yourDealerPrice>7.00</yourDealerPrice>
    <baseRetailPrice>19.95</baseRetailPrice>
    <originalRetailPrice>24.95</originalRetailPrice>
    <partImage>http://asset.lemansnet.com/z/LzcvQy84LzdDODVCQkZELTU0MTAtNDVCMy1BQTA5LTAzMzRFNEZGQ0I1RQ==</partImage>
    <productId>1815718396</productId>
    <productName>FF5 Sunglasses</productName>
    <productImage>http://asset.lemansnet.com/z/L0MvQy9EL0NDREQ4N0ExLTgyNjgtNEYwMi04RjRCLUM1QUE4ODIwNzBEOQ==</productImage>
    <bullet1>Lightweight full-frame with rectangular lens and urban design</bullet1>
    <bullet2>Ergonomic rubberized temples and rubber nose pad</bullet2>
    <bullet3>Advanced anti-fog/anti-scratch lens coating for better vision in all conditions</bullet3>
    <bullet4/>
    <bullet5/>
    <bullet6/>
    <bullet7/>
    <bullet8/>
    <bullet9/>
    <bullet10/>
    <bullet11/>
    <bullet12/>
    <bullet13/>
    <bullet14/>
    <bullet15/>
    <bullet16/>
    <bullet17/>
    <bullet18/>
    <bullet19/>
    <bullet20/>
    <bullet21/>
    <bullet22/>
    <bullet23/>
    <bullet24/>
    <vendorPriceUpdateDate>2021-03-25 00:00:00</vendorPriceUpdateDate>
  </part>
  <part>
    <partNumber>26101379</partNumber>
    <punctuatedPartNumber>2610-1379</punctuatedPartNumber>
    <partStatusDescription>DISCONTINUED</partStatusDescription>
    <partDescription>FF5 Sunglasses - Foam - Black - Smoke Lens</partDescription>
    <unitOfMeasure>Each</unitOfMeasure>
    <brandName>FORCEFLEX</brandName>
    <supplierNumber>FF5-01045-041</supplierNumber>
    <specialInstructions>Discontinued Item</specialInstructions>
    <baseDealerPrice>8.00</baseDealerPrice>
    <yourDealerPrice>8.00</yourDealerPrice>
    <baseRetailPrice>19.95</baseRetailPrice>
    <originalRetailPrice>29.95</originalRetailPrice>
    <partImage>http://asset.lemansnet.com/z/LzUvQS9GLzVBRjI3NjI5LURDQzQtNEJCQi05NzE0LTRBRjkxQkFDQzhDQw==</partImage>
    <productId>0870426099</productId>
    <productName>FF5 Comfort Foam Sunglasses</productName>
    <productImage>http://asset.lemansnet.com/z/LzUvQS9GLzVBRjI3NjI5LURDQzQtNEJCQi05NzE0LTRBRjkxQkFDQzhDQw==</productImage>
    <bullet1>Lightweight full-frame with rectangular lens and urban design</bullet1>
    <bullet2>Ergonomic rubberized temples and rubber nose pad</bullet2>
    <bullet3>Advanced anti-fog/anti-scratch lens coating for better vision in all conditions</bullet3>
    <bullet4>Includes vented, molded foam frame liner designed for added comfort and reduced wind turbulence</bullet4>
    <bullet5/>
    <bullet6/>
    <bullet7/>
    <bullet8/>
    <bullet9/>
    <bullet10/>
    <bullet11/>
    <bullet12/>
    <bullet13/>
    <bullet14/>
    <bullet15/>
    <bullet16/>
    <bullet17/>
    <bullet18/>
    <bullet19/>
    <bullet20/>
    <bullet21/>
    <bullet22/>
    <bullet23/>
    <bullet24/>
    <vendorPriceUpdateDate>2021-03-25 00:00:00</vendorPriceUpdateDate>
  </part>
  <part>
    <partNumber>26101381</partNumber>
    <punctuatedPartNumber>2610-1381</punctuatedPartNumber>
    <partStatusDescription>DISCONTINUED</partStatusDescription>
    <partDescription>Floating Sunglasses - Blue/White - Blue Mirror Lens</partDescription>
    <unitOfMeasure>Each</unitOfMeasure>
    <brandName>FORCEFLEX</brandName>
    <supplierNumber>FFS-02084-060</supplierNumber>
    <specialInstructions>Discontinued Item</specialInstructions>
    <baseDealerPrice>16.50</baseDealerPrice>
    <yourDealerPrice>16.50</yourDealerPrice>
    <baseRetailPrice>59.95</baseRetailPrice>
    <originalRetailPrice>59.95</originalRetailPrice>
    <partImage>http://asset.lemansnet.com/z/LzQvMC8wLzQwMDk4QzA4LTQ3MTUtNEVBRS05NTFBLTFGOENBRTYxMTkzOA==</partImage>
    <productId>1129850946</productId>
    <productName>Floating Sunglasses</productName>
    <productImage>http://asset.lemansnet.com/z/LzQvMC8wLzQwMDk4QzA4LTQ3MTUtNEVBRS05NTFBLTFGOENBRTYxMTkzOA==</productImage>
    <bullet1>Air-injected temples allow eyewear to float, preventing loss in the water</bullet1>
    <bullet2>Iridium-coated mirrored lens technology</bullet2>
    <bullet3>Advanced anti-fog/anti-scratch lens coating for better vision in wet conditions</bullet3>
    <bullet4>Vented, molded foam frame-liner for added comfort and reduced wind turbulence</bullet4>
    <bullet5/>
    <bullet6/>
    <bullet7/>
    <bullet8/>
    <bullet9/>
    <bullet10/>
    <bullet11/>
    <bullet12/>
    <bullet13/>
    <bullet14/>
    <bullet15/>
    <bullet16/>
    <bullet17/>
    <bullet18/>
    <bullet19/>
    <bullet20/>
    <bullet21/>
    <bullet22/>
    <bullet23/>
    <bullet24/>
    <vendorPriceUpdateDate>2021-03-25 00:00:00</vendorPriceUpdateDate>
  </part>
  <part>
    <partNumber>26101382</partNumber>
    <punctuatedPartNumber>2610-1382</punctuatedPartNumber>
    <partStatusDescription>DISCONTINUED</partStatusDescription>
    <partDescription>Floating Sunglasses - Yellow/White - Yellow Mirror Lens</partDescription>
    <unitOfMeasure>Each</unitOfMeasure>
    <brandName>FORCEFLEX</brandName>
    <supplierNumber>FFS-09084-060</supplierNumber>
    <specialInstructions>Discontinued Item</specialInstructions>
    <baseDealerPrice>16.50</baseDealerPrice>
    <yourDealerPrice>16.50</yourDealerPrice>
    <baseRetailPrice>59.95</baseRetailPrice>
    <originalRetailPrice>59.95</originalRetailPrice>
    <partImage>http://asset.lemansnet.com/z/LzgvNS82Lzg1NjcxQjQ1LTE3MjctNDJCMS05QjU5LUNDNjBFNEQzMDhBMQ==</partImage>
    <productId>1129850946</productId>
    <productName>Floating Sunglasses</productName>
    <productImage>http://asset.lemansnet.com/z/LzQvMC8wLzQwMDk4QzA4LTQ3MTUtNEVBRS05NTFBLTFGOENBRTYxMTkzOA==</productImage>
    <bullet1>Air-injected temples allow eyewear to float, preventing loss in the water</bullet1>
    <bullet2>Iridium-coated mirrored lens technology</bullet2>
    <bullet3>Advanced anti-fog/anti-scratch lens coating for better vision in wet conditions</bullet3>
    <bullet4>Vented, molded foam frame-liner for added comfort and reduced wind turbulence</bullet4>
    <bullet5/>
    <bullet6/>
    <bullet7/>
    <bullet8/>
    <bullet9/>
    <bullet10/>
    <bullet11/>
    <bullet12/>
    <bullet13/>
    <bullet14/>
    <bullet15/>
    <bullet16/>
    <bullet17/>
    <bullet18/>
    <bullet19/>
    <bullet20/>
    <bullet21/>
    <bullet22/>
    <bullet23/>
    <bullet24/>
    <vendorPriceUpdateDate>2021-03-25 00:00:00</vendorPriceUpdateDate>
  </part>
</root>
