<root>
  <part>
    <partNumber>40100416</partNumber>
    <punctuatedPartNumber>4010-0416</punctuatedPartNumber>
    <partStatusDescription>DISCONTINUED</partStatusDescription>
    <partDescription>Pin Clip Receiver - 3/4" - Class V</partDescription>
    <unitOfMeasure>Set</unitOfMeasure>
    <brandName>DRAW-TITE</brandName>
    <supplierNumber>63258</supplierNumber>
    <specialInstructions>Discontinued P/Byr</specialInstructions>
    <baseDealerPrice>3.70</baseDealerPrice>
    <yourDealerPrice>3.70</yourDealerPrice>
    <baseRetailPrice>0.00</baseRetailPrice>
    <originalRetailPrice>15.78</originalRetailPrice>
    <partImage>http://asset.lemansnet.com/z/L0IvMi80L0IyNEIwMEJELTRDNjEtNEZCRS1CMDdFLTZBQjM0NUE0OEVCRg==</partImage>
    <productId>1076854631</productId>
    <productName>Receiver Pin/Clip</productName>
    <productImage>http://asset.lemansnet.com/z/L0IvMi80L0IyNEIwMEJELTRDNjEtNEZCRS1CMDdFLTZBQjM0NUE0OEVCRg==</productImage>
    <bullet1>The Draw Tite 5/8" diameter dogbone lock is primarily designed for towing and features a ball bearing pick proof design</bullet1>
    <bullet2>Used for securing class V towing ball mounts that have a 3" sized receiver tube</bullet2>
    <bullet3>Pick-proof square key</bullet3>
    <bullet4>Sleeve to 3/4"</bullet4>
    <bullet5/>
    <bullet6/>
    <bullet7/>
    <bullet8/>
    <bullet9/>
    <bullet10/>
    <bullet11/>
    <bullet12/>
    <bullet13/>
    <bullet14/>
    <bullet15/>
    <bullet16/>
    <bullet17/>
    <bullet18/>
    <bullet19/>
    <bullet20/>
    <bullet21/>
    <bullet22/>
    <bullet23/>
    <bullet24/>
    <vendorPriceUpdateDate>2022-01-05 00:00:00</vendorPriceUpdateDate>
  </part>
  <part>
    <partNumber>40100417</partNumber>
    <punctuatedPartNumber>4010-0417</punctuatedPartNumber>
    <partStatusDescription>DISCONTINUED</partStatusDescription>
    <partDescription>Receiver Lock - 3/4" - Class V</partDescription>
    <unitOfMeasure>Each</unitOfMeasure>
    <brandName>DRAW-TITE</brandName>
    <supplierNumber>63260</supplierNumber>
    <specialInstructions>Discontinued P/Byr</specialInstructions>
    <baseDealerPrice>10.00</baseDealerPrice>
    <yourDealerPrice>10.00</yourDealerPrice>
    <baseRetailPrice>0.00</baseRetailPrice>
    <originalRetailPrice>42.23</originalRetailPrice>
    <partImage>http://asset.lemansnet.com/z/LzQvQy80LzRDNDI5MTI5LUI4N0MtNEJCRS04QjRFLTMxMTlCMkIyMDM1RQ==</partImage>
    <productId>2144559202</productId>
    <productName>Receiver Lock</productName>
    <productImage>http://asset.lemansnet.com/z/LzQvMy8wLzQzMEZDQjU0LUM5QUMtNDJBMS1BQkMzLTZBNEU3RDhBNzA1OQ==</productImage>
    <bullet1>Keep drawbar securely locked</bullet1>
    <bullet2>High-strength cast lock body with corrosion-resistant finish</bullet2>
    <bullet3>Quick-action lock for easy latching</bullet3>
    <bullet4>Vinyl lock cover keeps road debris out</bullet4>
    <bullet5>Features a ball-bearing pick-proof design</bullet5>
    <bullet6/>
    <bullet7/>
    <bullet8/>
    <bullet9/>
    <bullet10/>
    <bullet11/>
    <bullet12/>
    <bullet13/>
    <bullet14/>
    <bullet15/>
    <bullet16/>
    <bullet17/>
    <bullet18/>
    <bullet19/>
    <bullet20/>
    <bullet21/>
    <bullet22/>
    <bullet23/>
    <bullet24/>
    <vendorPriceUpdateDate>2022-01-05 00:00:00</vendorPriceUpdateDate>
  </part>
  <part>
    <partNumber>39020249</partNumber>
    <punctuatedPartNumber>3902-0249</punctuatedPartNumber>
    <partStatusDescription>DISCONTINUED</partStatusDescription>
    <partDescription>Drawbar - 3-1/8" Rise - 1-1/4"</partDescription>
    <unitOfMeasure>Each</unitOfMeasure>
    <brandName>DRAW-TITE</brandName>
    <supplierNumber>36061</supplierNumber>
    <specialInstructions>Discontinued P/Byr</specialInstructions>
    <baseDealerPrice>13.10</baseDealerPrice>
    <yourDealerPrice>13.10</yourDealerPrice>
    <baseRetailPrice>0.00</baseRetailPrice>
    <originalRetailPrice>53.57</originalRetailPrice>
    <partImage>http://asset.lemansnet.com/z/LzEvQy80LzFDNDc3MTk1LTY4RjMtNEU4OC1CQjRBLUIzNjIyRUI5RjdENQ==</partImage>
    <productId>1421810874</productId>
    <productName>Drawbar</productName>
    <productImage>http://asset.lemansnet.com/z/L0EvQi83L0FCNzczQzhELTg1MDQtNEYzQi04NERCLTk0OEExQUE2N0FDRQ==</productImage>
    <bullet1>Boxed includes drawbar, pin and clip</bullet1>
    <bullet2>Black powder coat finish over A-Coat</bullet2>
    <bullet3/>
    <bullet4/>
    <bullet5/>
    <bullet6/>
    <bullet7/>
    <bullet8/>
    <bullet9/>
    <bullet10/>
    <bullet11/>
    <bullet12/>
    <bullet13/>
    <bullet14/>
    <bullet15/>
    <bullet16/>
    <bullet17/>
    <bullet18/>
    <bullet19/>
    <bullet20/>
    <bullet21/>
    <bullet22/>
    <bullet23/>
    <bullet24/>
    <vendorPriceUpdateDate>2023-04-22 00:00:00</vendorPriceUpdateDate>
  </part>
  <part>
    <partNumber>39020250</partNumber>
    <punctuatedPartNumber>3902-0250</punctuatedPartNumber>
    <partStatusDescription>DISCONTINUED</partStatusDescription>
    <partDescription>Drawbar - 3-1/4" Drop - 1-1/4"</partDescription>
    <unitOfMeasure>Each</unitOfMeasure>
    <brandName>DRAW-TITE</brandName>
    <supplierNumber>36071</supplierNumber>
    <specialInstructions>Discontinued P/Byr</specialInstructions>
    <baseDealerPrice>17.60</baseDealerPrice>
    <yourDealerPrice>17.60</yourDealerPrice>
    <baseRetailPrice>0.00</baseRetailPrice>
    <originalRetailPrice>53.57</originalRetailPrice>
    <partImage>http://asset.lemansnet.com/z/LzUvRS9ELzVFRDUzNkIzLTNENTQtNDU0MS1CODRELTQ4Q0E4N0ExMUU5Nw==</partImage>
    <productId>1421810874</productId>
    <productName>Drawbar</productName>
    <productImage>http://asset.lemansnet.com/z/L0EvQi83L0FCNzczQzhELTg1MDQtNEYzQi04NERCLTk0OEExQUE2N0FDRQ==</productImage>
    <bullet1>Boxed includes drawbar, pin and clip</bullet1>
    <bullet2>Black powder coat finish over A-Coat</bullet2>
    <bullet3/>
    <bullet4/>
    <bullet5/>
    <bullet6/>
    <bullet7/>
    <bullet8/>
    <bullet9/>
    <bullet10/>
    <bullet11/>
    <bullet12/>
    <bullet13/>
    <bullet14/>
    <bullet15/>
    <bullet16/>
    <bullet17/>
    <bullet18/>
    <bullet19/>
    <bullet20/>
    <bullet21/>
    <bullet22/>
    <bullet23/>
    <bullet24/>
    <vendorPriceUpdateDate>2023-04-22 00:00:00</vendorPriceUpdateDate>
  </part>
  <part>
    <partNumber>39020253</partNumber>
    <punctuatedPartNumber>3902-0253</punctuatedPartNumber>
    <partStatusDescription>DISCONTINUED</partStatusDescription>
    <partDescription>Drawbar - 5" Drop - 2-1/2"</partDescription>
    <unitOfMeasure>Each</unitOfMeasure>
    <brandName>DRAW-TITE</brandName>
    <supplierNumber>45123</supplierNumber>
    <specialInstructions>Discontinued P/Byr</specialInstructions>
    <baseDealerPrice>28.00</baseDealerPrice>
    <yourDealerPrice>28.00</yourDealerPrice>
    <baseRetailPrice>0.00</baseRetailPrice>
    <originalRetailPrice>118.25</originalRetailPrice>
    <partImage>http://asset.lemansnet.com/z/LzEvOS8yLzE5MkUwRjlGLUExRjItNDU2MC05NUJGLTUwRkQ3NjQ5RDEyOA==</partImage>
    <productId>1421810874</productId>
    <productName>Drawbar</productName>
    <productImage>http://asset.lemansnet.com/z/L0EvQi83L0FCNzczQzhELTg1MDQtNEYzQi04NERCLTk0OEExQUE2N0FDRQ==</productImage>
    <bullet1>Boxed includes drawbar, pin and clip</bullet1>
    <bullet2>Black powder coat finish over A-Coat</bullet2>
    <bullet3/>
    <bullet4/>
    <bullet5/>
    <bullet6/>
    <bullet7/>
    <bullet8/>
    <bullet9/>
    <bullet10/>
    <bullet11/>
    <bullet12/>
    <bullet13/>
    <bullet14/>
    <bullet15/>
    <bullet16/>
    <bullet17/>
    <bullet18/>
    <bullet19/>
    <bullet20/>
    <bullet21/>
    <bullet22/>
    <bullet23/>
    <bullet24/>
    <vendorPriceUpdateDate>2022-01-05 00:00:00</vendorPriceUpdateDate>
  </part>
</root>
