<root>
  <part>
    <partNumber>TB1211</partNumber>
    <punctuatedPartNumber>TB-1211</punctuatedPartNumber>
    <partStatusDescription>STANDARD</partStatusDescription>
    <partDescription>Silicone Gasket - 3.5 oz. net wt.</partDescription>
    <unitOfMeasure>Each</unitOfMeasure>
    <brandName>THREEBOND</brandName>
    <supplierNumber>1211AT100</supplierNumber>
    <specialInstructions/>
    <baseDealerPrice>20.90</baseDealerPrice>
    <yourDealerPrice>20.90</yourDealerPrice>
    <baseRetailPrice>32.95</baseRetailPrice>
    <originalRetailPrice>27.95</originalRetailPrice>
    <partImage>http://asset.lemansnet.com/z/L0MvRS8zL0NFMzY0MjAxLTQyODctNENCQS04OEM1LThENURFNzA4NDIwMiwvQS9DLzEvQUMxQ0RGNjAtMjUwRC00NUJFLTkxNjQtRDMyRkIyMTY3QjU2</partImage>
    <productId>0538198842</productId>
    <productName>1211 Silicone Liquid Gasket</productName>
    <productImage>http://asset.lemansnet.com/z/L0MvRS8zL0NFMzY0MjAxLTQyODctNENCQS04OEM1LThENURFNzA4NDIwMg==</productImage>
    <bullet1>Uses silicone rubber as a primary component</bullet1>
    <bullet2>Perfect for sealing complex three-point surfaces</bullet2>
    <bullet3>100% effective over a wide temperature range, -°76F to 392°F (-60°C to 200°C)</bullet3>
    <bullet4>Available in 3.5 oz. tubes</bullet4>
    <bullet5/>
    <bullet6/>
    <bullet7/>
    <bullet8/>
    <bullet9/>
    <bullet10/>
    <bullet11/>
    <bullet12/>
    <bullet13/>
    <bullet14/>
    <bullet15/>
    <bullet16/>
    <bullet17/>
    <bullet18/>
    <bullet19/>
    <bullet20/>
    <bullet21/>
    <bullet22/>
    <bullet23/>
    <bullet24/>
    <vendorPriceUpdateDate>2022-11-10 00:00:00</vendorPriceUpdateDate>
  </part>
  <part>
    <partNumber>TB1342</partNumber>
    <punctuatedPartNumber>TB-1342</punctuatedPartNumber>
    <partStatusDescription>STANDARD</partStatusDescription>
    <partDescription>Low-Strength Threadlocker - 10ml</partDescription>
    <unitOfMeasure>Each</unitOfMeasure>
    <brandName>THREEBOND</brandName>
    <supplierNumber>1342AT002</supplierNumber>
    <specialInstructions/>
    <baseDealerPrice>8.20</baseDealerPrice>
    <yourDealerPrice>8.20</yourDealerPrice>
    <baseRetailPrice>12.95</baseRetailPrice>
    <originalRetailPrice>10.95</originalRetailPrice>
    <partImage>http://asset.lemansnet.com/z/LzIvRS8zLzJFMzY1RkRCLUJFMjAtNDNGNy05ODIyLTY0NTkzODEwOUYwRQ==</partImage>
    <productId>0912263835</productId>
    <productName>Frequent Repair Thread Lock</productName>
    <productImage>http://asset.lemansnet.com/z/LzIvRS8zLzJFMzY1RkRCLUJFMjAtNDNGNy05ODIyLTY0NTkzODEwOUYwRQ==</productImage>
    <bullet1>Perfect for small screws and bolts</bullet1>
    <bullet2>Available in 10mL bottles</bullet2>
    <bullet3/>
    <bullet4/>
    <bullet5/>
    <bullet6/>
    <bullet7/>
    <bullet8/>
    <bullet9/>
    <bullet10/>
    <bullet11/>
    <bullet12/>
    <bullet13/>
    <bullet14/>
    <bullet15/>
    <bullet16/>
    <bullet17/>
    <bullet18/>
    <bullet19/>
    <bullet20/>
    <bullet21/>
    <bullet22/>
    <bullet23/>
    <bullet24/>
    <vendorPriceUpdateDate>2022-11-10 00:00:00</vendorPriceUpdateDate>
  </part>
  <part>
    <partNumber>TB1501C</partNumber>
    <punctuatedPartNumber>TB1501C</punctuatedPartNumber>
    <partStatusDescription>STANDARD</partStatusDescription>
    <partDescription>GripLock - 1 oz. net wt.</partDescription>
    <unitOfMeasure>Each</unitOfMeasure>
    <brandName>THREEBOND</brandName>
    <supplierNumber>1501CT100</supplierNumber>
    <specialInstructions/>
    <baseDealerPrice>9.60</baseDealerPrice>
    <yourDealerPrice>9.60</yourDealerPrice>
    <baseRetailPrice>14.95</baseRetailPrice>
    <originalRetailPrice>12.95</originalRetailPrice>
    <partImage>http://asset.lemansnet.com/z/LzQvRS82LzRFNkJGRkYyLTgxM0EtNDM5NS05ODBCLTQ3MUNEODM1RDA0Mg==</partImage>
    <productId>0887626511</productId>
    <productName>1501C GripLock</productName>
    <productImage>http://asset.lemansnet.com/z/LzQvRS82LzRFNkJGRkYyLTgxM0EtNDM5NS05ODBCLTQ3MUNEODM1RDA0Mg==</productImage>
    <bullet1>High-strength adhesive specifically formulated to keep grips in place without damaging the rubber</bullet1>
    <bullet2>Puts an end to grips twisting or sliding off PWCs, ATVs, motorcycles and snowmobiles</bullet2>
    <bullet3>Available in 1-ounce tubes</bullet3>
    <bullet4/>
    <bullet5/>
    <bullet6/>
    <bullet7/>
    <bullet8/>
    <bullet9/>
    <bullet10/>
    <bullet11/>
    <bullet12/>
    <bullet13/>
    <bullet14/>
    <bullet15/>
    <bullet16/>
    <bullet17/>
    <bullet18/>
    <bullet19/>
    <bullet20/>
    <bullet21/>
    <bullet22/>
    <bullet23/>
    <bullet24/>
    <vendorPriceUpdateDate>2022-11-10 00:00:00</vendorPriceUpdateDate>
  </part>
  <part>
    <partNumber>37110053</partNumber>
    <punctuatedPartNumber>3711-0053</punctuatedPartNumber>
    <partStatusDescription>STANDARD</partStatusDescription>
    <partDescription>Super Glue - 2 g Tube - 2 Pack</partDescription>
    <unitOfMeasure>2 Pack</unitOfMeasure>
    <brandName>THREEBOND</brandName>
    <supplierNumber>174BTBL181</supplierNumber>
    <specialInstructions/>
    <baseDealerPrice>7.10</baseDealerPrice>
    <yourDealerPrice>7.10</yourDealerPrice>
    <baseRetailPrice>10.95</baseRetailPrice>
    <originalRetailPrice>10.95</originalRetailPrice>
    <partImage>http://asset.lemansnet.com/z/L0QvRC81L0RENTNCNTg0LUUwQjEtNDM3Qi1BOUZCLTVEMzUyM0Y1Qjg3Mw==</partImage>
    <productId>0810198433</productId>
    <productName>Super Glue</productName>
    <productImage>http://asset.lemansnet.com/z/L0QvRC81L0RENTNCNTg0LUUwQjEtNDM3Qi1BOUZCLTVEMzUyM0Y1Qjg3Mw==</productImage>
    <bullet1>ThreeBond Super Glue attains practical use strength in seconds</bullet1>
    <bullet2>Contains no evaporative elements so there's never any shrinkage to weaken bonding points</bullet2>
    <bullet3>Excellent for non-porous materials</bullet3>
    <bullet4/>
    <bullet5/>
    <bullet6/>
    <bullet7/>
    <bullet8/>
    <bullet9/>
    <bullet10/>
    <bullet11/>
    <bullet12/>
    <bullet13/>
    <bullet14/>
    <bullet15/>
    <bullet16/>
    <bullet17/>
    <bullet18/>
    <bullet19/>
    <bullet20/>
    <bullet21/>
    <bullet22/>
    <bullet23/>
    <bullet24/>
    <vendorPriceUpdateDate>2025-03-06 00:00:00</vendorPriceUpdateDate>
  </part>
  <part>
    <partNumber>37100024</partNumber>
    <punctuatedPartNumber>3710-0024</punctuatedPartNumber>
    <partStatusDescription>STANDARD</partStatusDescription>
    <partDescription>Gasket Maker 3.8 oz. net wt.</partDescription>
    <unitOfMeasure>Each</unitOfMeasure>
    <brandName>THREEBOND</brandName>
    <supplierNumber>1217F110G-US</supplierNumber>
    <specialInstructions/>
    <baseDealerPrice>10.90</baseDealerPrice>
    <yourDealerPrice>10.90</yourDealerPrice>
    <baseRetailPrice>16.95</baseRetailPrice>
    <originalRetailPrice>12.95</originalRetailPrice>
    <partImage>http://asset.lemansnet.com/z/LzQvRi80LzRGNEU5RkUxLTY3MDAtNDY1NC05RDQ4LTBBMTgxMjZENjc1OA==</partImage>
    <productId>1113411171</productId>
    <productName>Gasket Maker</productName>
    <productImage>http://asset.lemansnet.com/z/LzQvRi80LzRGNEU5RkUxLTY3MDAtNDY1NC05RDQ4LTBBMTgxMjZENjc1OA==</productImage>
    <bullet1>OEM specified, high viscosity, gray gasket maker</bullet1>
    <bullet2>Seals against oil and coolant leaks</bullet2>
    <bullet3>Highly resistant to heat and cold; temperature range -60°C to 200°C</bullet3>
    <bullet4>For use on motorcycles, ATVs, snowmobiles, watercraft and more</bullet4>
    <bullet5>Available in 3.8-ounce tubes</bullet5>
    <bullet6/>
    <bullet7/>
    <bullet8/>
    <bullet9/>
    <bullet10/>
    <bullet11/>
    <bullet12/>
    <bullet13/>
    <bullet14/>
    <bullet15/>
    <bullet16/>
    <bullet17/>
    <bullet18/>
    <bullet19/>
    <bullet20/>
    <bullet21/>
    <bullet22/>
    <bullet23/>
    <bullet24/>
    <vendorPriceUpdateDate>2022-11-10 00:00:00</vendorPriceUpdateDate>
  </part>
  <part>
    <partNumber>37110043</partNumber>
    <punctuatedPartNumber>3711-0043</punctuatedPartNumber>
    <partStatusDescription>STANDARD</partStatusDescription>
    <partDescription>High-Strength Threadlocker - 0.34 U.S. fl oz.</partDescription>
    <unitOfMeasure>Each</unitOfMeasure>
    <brandName>THREEBOND</brandName>
    <supplierNumber>1303AT000</supplierNumber>
    <specialInstructions/>
    <baseDealerPrice>9.20</baseDealerPrice>
    <yourDealerPrice>9.20</yourDealerPrice>
    <baseRetailPrice>14.95</baseRetailPrice>
    <originalRetailPrice>10.95</originalRetailPrice>
    <partImage>http://asset.lemansnet.com/z/LzEvQy81LzFDNTIyNDI2LUZENUQtNDI5Ri05MUJGLTU0MUJEQjVCRUJDRA==</partImage>
    <productId>1469797205</productId>
    <productName>High-Strength Thread Lock</productName>
    <productImage>http://asset.lemansnet.com/z/LzEvQy81LzFDNTIyNDI2LUZENUQtNDI5Ri05MUJGLTU0MUJEQjVCRUJDRA==</productImage>
    <bullet1>Designed for various threads, screws, bolts, piping joints, gears and pulleys</bullet1>
    <bullet2>Available in 10mL bottles</bullet2>
    <bullet3>It will not harden as long as it is in contact with air, but once it enters a very small gap in metals and other materials it hardens quickly</bullet3>
    <bullet4/>
    <bullet5/>
    <bullet6/>
    <bullet7/>
    <bullet8/>
    <bullet9/>
    <bullet10/>
    <bullet11/>
    <bullet12/>
    <bullet13/>
    <bullet14/>
    <bullet15/>
    <bullet16/>
    <bullet17/>
    <bullet18/>
    <bullet19/>
    <bullet20/>
    <bullet21/>
    <bullet22/>
    <bullet23/>
    <bullet24/>
    <vendorPriceUpdateDate>2022-11-10 00:00:00</vendorPriceUpdateDate>
  </part>
  <part>
    <partNumber>37110044</partNumber>
    <punctuatedPartNumber>3711-0044</punctuatedPartNumber>
    <partStatusDescription>STANDARD</partStatusDescription>
    <partDescription>High-Temp Threadlocker - 10ml</partDescription>
    <unitOfMeasure>Each</unitOfMeasure>
    <brandName>THREEBOND</brandName>
    <supplierNumber>1360AT003</supplierNumber>
    <specialInstructions/>
    <baseDealerPrice>8.20</baseDealerPrice>
    <yourDealerPrice>8.20</yourDealerPrice>
    <baseRetailPrice>12.95</baseRetailPrice>
    <originalRetailPrice>10.95</originalRetailPrice>
    <partImage>http://asset.lemansnet.com/z/L0QvNy8zL0Q3MzAxRkYwLTBCOUQtNDhFOS1CNjBFLTJBQThCRDhFMTNCMw==</partImage>
    <productId>1334973261</productId>
    <productName>High-Temperature Thread Lock</productName>
    <productImage>http://asset.lemansnet.com/z/L0QvNy8zL0Q3MzAxRkYwLTBCOUQtNDhFOS1CNjBFLTJBQThCRDhFMTNCMw==</productImage>
    <bullet1>Incorporates anaerobic locking agents, plus a heat-resistant element</bullet1>
    <bullet2>Ideal for sealing engine and exhaust components</bullet2>
    <bullet3>Available in 10 mL bottles, 6 per case</bullet3>
    <bullet4/>
    <bullet5/>
    <bullet6/>
    <bullet7/>
    <bullet8/>
    <bullet9/>
    <bullet10/>
    <bullet11/>
    <bullet12/>
    <bullet13/>
    <bullet14/>
    <bullet15/>
    <bullet16/>
    <bullet17/>
    <bullet18/>
    <bullet19/>
    <bullet20/>
    <bullet21/>
    <bullet22/>
    <bullet23/>
    <bullet24/>
    <vendorPriceUpdateDate>2022-11-10 00:00:00</vendorPriceUpdateDate>
  </part>
  <part>
    <partNumber>37110045</partNumber>
    <punctuatedPartNumber>3711-0045</punctuatedPartNumber>
    <partStatusDescription>STANDARD</partStatusDescription>
    <partDescription>Bearing and Stud Thread Lock - 0.34 U.S. fl oz.</partDescription>
    <unitOfMeasure>Each</unitOfMeasure>
    <brandName>THREEBOND</brandName>
    <supplierNumber>1333BT001</supplierNumber>
    <specialInstructions/>
    <baseDealerPrice>8.40</baseDealerPrice>
    <yourDealerPrice>8.40</yourDealerPrice>
    <baseRetailPrice>12.95</baseRetailPrice>
    <originalRetailPrice>10.95</originalRetailPrice>
    <partImage>http://asset.lemansnet.com/z/LzEvRi9DLzFGQzkxNzRDLTBFNTgtNDg2Ri1BQ0Q0LTAyQjdDODA2RDIzQg==</partImage>
    <productId>1692896042</productId>
    <productName>Bearing and Stud Thread Lock</productName>
    <productImage>http://asset.lemansnet.com/z/LzEvRi9DLzFGQzkxNzRDLTBFNTgtNDg2Ri1BQ0Q0LTAyQjdDODA2RDIzQg==</productImage>
    <bullet1>Medium strength-retaining properties for bearings and studs</bullet1>
    <bullet2>Inhibits rust, leaks, and corrosion</bullet2>
    <bullet3>Not affected by oils, chemicals, solvents, etc.</bullet3>
    <bullet4>Available in 10mL bottles</bullet4>
    <bullet5/>
    <bullet6/>
    <bullet7/>
    <bullet8/>
    <bullet9/>
    <bullet10/>
    <bullet11/>
    <bullet12/>
    <bullet13/>
    <bullet14/>
    <bullet15/>
    <bullet16/>
    <bullet17/>
    <bullet18/>
    <bullet19/>
    <bullet20/>
    <bullet21/>
    <bullet22/>
    <bullet23/>
    <bullet24/>
    <vendorPriceUpdateDate>2022-11-10 00:00:00</vendorPriceUpdateDate>
  </part>
  <part>
    <partNumber>37100013</partNumber>
    <punctuatedPartNumber>3710-0013</punctuatedPartNumber>
    <partStatusDescription>STANDARD</partStatusDescription>
    <partDescription>Liquid Gasket - 3.4 oz. net wt. - Tube</partDescription>
    <unitOfMeasure>Each</unitOfMeasure>
    <brandName>THREEBOND</brandName>
    <supplierNumber>1184A100G</supplierNumber>
    <specialInstructions/>
    <baseDealerPrice>13.00</baseDealerPrice>
    <yourDealerPrice>13.00</yourDealerPrice>
    <baseRetailPrice>19.95</baseRetailPrice>
    <originalRetailPrice>16.95</originalRetailPrice>
    <partImage>http://asset.lemansnet.com/z/LzcvRC8xLzdEMUExQTNDLUI0NzMtNDQ1Ny1BQkMwLTQ1NTRCOUU1RkExMSwvOS85LzgvOTk4ODg5QUUtQzlFNy00RDVFLTgwQUMtMUZEN0ZGQjczNzc0</partImage>
    <productId>0892002987</productId>
    <productName>Case Sealant Liquid Gasket</productName>
    <productImage>http://asset.lemansnet.com/z/LzcvRC8xLzdEMUExQTNDLUI0NzMtNDQ1Ny1BQkMwLTQ1NTRCOUU1RkExMQ==</productImage>
    <bullet1>A synthetic rubber, visco-elastic sealer that is semi-drying</bullet1>
    <bullet2>Applications include sealing transmission case covers, motorcycle cases, timing chain cases, side covers, 2-piece cylinders, clutch housing bolts and oil filter mounting surfaces</bullet2>
    <bullet3>Excellent resistance to water, oil, gasoline and chemicals; temperature range -40°C to 150°C</bullet3>
    <bullet4>Available in 3.4-ounce net wt. tubes</bullet4>
    <bullet5/>
    <bullet6/>
    <bullet7/>
    <bullet8/>
    <bullet9/>
    <bullet10/>
    <bullet11/>
    <bullet12/>
    <bullet13/>
    <bullet14/>
    <bullet15/>
    <bullet16/>
    <bullet17/>
    <bullet18/>
    <bullet19/>
    <bullet20/>
    <bullet21/>
    <bullet22/>
    <bullet23/>
    <bullet24/>
    <vendorPriceUpdateDate>2022-11-10 00:00:00</vendorPriceUpdateDate>
  </part>
  <part>
    <partNumber>37100016</partNumber>
    <punctuatedPartNumber>3710-0016</punctuatedPartNumber>
    <partStatusDescription>STANDARD</partStatusDescription>
    <partDescription>1207B Gasket Maker - 3.4 oz. net wt.</partDescription>
    <unitOfMeasure>Each</unitOfMeasure>
    <brandName>THREEBOND</brandName>
    <supplierNumber>1207B100G</supplierNumber>
    <specialInstructions/>
    <baseDealerPrice>15.50</baseDealerPrice>
    <yourDealerPrice>15.50</yourDealerPrice>
    <baseRetailPrice>23.95</baseRetailPrice>
    <originalRetailPrice>19.95</originalRetailPrice>
    <partImage>http://asset.lemansnet.com/z/L0UvQS8yL0VBMkI3MkE4LUQxRkYtNEY2OS1BMDZCLUJFMjk2RThGOEZBQg==</partImage>
    <productId>1071860373</productId>
    <productName>Gasket Maker</productName>
    <productImage>http://asset.lemansnet.com/z/L0UvQS8yL0VBMkI3MkE4LUQxRkYtNEY2OS1BMDZCLUJFMjk2RThGOEZBQg==</productImage>
    <bullet1>OEM specified, high viscosity, black gasket maker</bullet1>
    <bullet2>Non-slumping paste with strong adhesion properties to metals and plastics; effective in vibrating conditions</bullet2>
    <bullet3>Highly resistant to oil, chemicals and coolants; temperature range -40°F to 300°F</bullet3>
    <bullet4>Available in 3.4 ounce tubes</bullet4>
    <bullet5/>
    <bullet6/>
    <bullet7/>
    <bullet8/>
    <bullet9/>
    <bullet10/>
    <bullet11/>
    <bullet12/>
    <bullet13/>
    <bullet14/>
    <bullet15/>
    <bullet16/>
    <bullet17/>
    <bullet18/>
    <bullet19/>
    <bullet20/>
    <bullet21/>
    <bullet22/>
    <bullet23/>
    <bullet24/>
    <vendorPriceUpdateDate>2022-11-10 00:00:00</vendorPriceUpdateDate>
  </part>
</root>
