<root>
  <part>
    <partNumber>09310699</partNumber>
    <punctuatedPartNumber>0931-0699</punctuatedPartNumber>
    <partStatusDescription>STANDARD</partStatusDescription>
    <partDescription>Cylinder Kit - +5.00 mm - Big Bore - M-Spec - Polaris 570</partDescription>
    <unitOfMeasure>Kit</unitOfMeasure>
    <brandName>MILLENNIUM</brandName>
    <supplierNumber>K292</supplierNumber>
    <specialInstructions/>
    <baseDealerPrice>315.00</baseDealerPrice>
    <yourDealerPrice>315.00</yourDealerPrice>
    <baseRetailPrice>449.95</baseRetailPrice>
    <originalRetailPrice>599.95</originalRetailPrice>
    <partImage>http://asset.lemansnet.com/z/L0QvQS9FL0RBRTVGMkM1LTBGNjgtNDIwQi1BQjhELURDQ0YyRDc3MjE1Mg==</partImage>
    <productId>1040495715</productId>
    <productName>M-Spec Big Bore Cylinder Kit</productName>
    <productImage>http://asset.lemansnet.com/z/LzEvOC85LzE4OTBGNEQ2LTVCNzEtNEY4NC1CMTZCLTQxRDE1QTEyN0Q4NA==</productImage>
    <bullet1>Complete bolt-on big bore kit for ultimate strength, durability and power</bullet1>
    <bullet2>Includes high-performance forged piston kit with rings, tool steel wrist pins and locks</bullet2>
    <bullet3>Comes with complete gasket kit</bullet3>
    <bullet4>Made in the USA</bullet4>
    <bullet5/>
    <bullet6/>
    <bullet7/>
    <bullet8/>
    <bullet9/>
    <bullet10/>
    <bullet11/>
    <bullet12/>
    <bullet13/>
    <bullet14/>
    <bullet15/>
    <bullet16/>
    <bullet17/>
    <bullet18/>
    <bullet19/>
    <bullet20/>
    <bullet21/>
    <bullet22/>
    <bullet23/>
    <bullet24/>
    <vendorPriceUpdateDate>2019-01-07 00:00:00</vendorPriceUpdateDate>
  </part>
  <part>
    <partNumber>09310706</partNumber>
    <punctuatedPartNumber>0931-0706</punctuatedPartNumber>
    <partStatusDescription>DISCONTINUED</partStatusDescription>
    <partDescription>Cylinder - +5.00 mm - Big Bore - M-Spec - Polaris 800</partDescription>
    <unitOfMeasure>Each</unitOfMeasure>
    <brandName>MILLENNIUM</brandName>
    <supplierNumber>MT187</supplierNumber>
    <specialInstructions>ONLY FOR BIGBORE KIT 02NAB</specialInstructions>
    <baseDealerPrice>480.80</baseDealerPrice>
    <yourDealerPrice>480.80</yourDealerPrice>
    <baseRetailPrice>0.00</baseRetailPrice>
    <originalRetailPrice>1059.95</originalRetailPrice>
    <partImage>http://asset.lemansnet.com/z/L0UvRS9DL0VFQ0ZEOERCLUFFRjEtNDMxOC1BMkJCLUFDMEZEOUQ4NUUzQw==</partImage>
    <productId>1847388977</productId>
    <productName>M-Spec Big Bore Replacement Cylinder</productName>
    <productImage>http://asset.lemansnet.com/z/L0MvNi8xL0M2MTZGRTMxLTQwNjctNEY0RS1BNEE4LUI1M0JDQTc5N0I3OQ==</productImage>
    <bullet1>Replacement for M-Spec Big Bore Kits</bullet1>
    <bullet2>Nickel silicon carbide (NSC) plated cylinder</bullet2>
    <bullet3>Maximum strength, durability, and power</bullet3>
    <bullet4>Made in the USA</bullet4>
    <bullet5/>
    <bullet6/>
    <bullet7/>
    <bullet8/>
    <bullet9/>
    <bullet10/>
    <bullet11/>
    <bullet12/>
    <bullet13/>
    <bullet14/>
    <bullet15/>
    <bullet16/>
    <bullet17/>
    <bullet18/>
    <bullet19/>
    <bullet20/>
    <bullet21/>
    <bullet22/>
    <bullet23/>
    <bullet24/>
    <vendorPriceUpdateDate>2019-01-07 00:00:00</vendorPriceUpdateDate>
  </part>
  <part>
    <partNumber>09105026</partNumber>
    <punctuatedPartNumber>0910-5026</punctuatedPartNumber>
    <partStatusDescription>DISCONTINUED</partStatusDescription>
    <partDescription>Piston Kit - +5.00 mm - Big Bore - M-Spec - Polaris 900</partDescription>
    <unitOfMeasure>Kit</unitOfMeasure>
    <brandName>MILLENNIUM</brandName>
    <supplierNumber>K8897D500-2</supplierNumber>
    <specialInstructions>Discontinued Item</specialInstructions>
    <baseDealerPrice>244.90</baseDealerPrice>
    <yourDealerPrice>244.90</yourDealerPrice>
    <baseRetailPrice>0.00</baseRetailPrice>
    <originalRetailPrice>449.95</originalRetailPrice>
    <partImage>http://asset.lemansnet.com/z/LzAvQy85LzBDOUIxMEI0LUQyMkQtNDVFRC05OTQ1LUIzRDI1RDlCNDNBMg==</partImage>
    <productId>2046778691</productId>
    <productName>M-Spec Replacement Piston Kit</productName>
    <productImage>http://asset.lemansnet.com/z/LzcvMS9CLzcxQjU3MkRDLTQ5MjMtNDJBOS1BMEZGLUJGMDA1NTE4RUFDNg==</productImage>
    <bullet1>Replacement piston kits for M-Spec big bore cylinder</bullet1>
    <bullet2>4-stroke pistons are made using a double-bridged forging design</bullet2>
    <bullet3>Lightweight pistons with the tightest piston-wall clearances in the industry give you a quieter running engine</bullet3>
    <bullet4>Made in the USA</bullet4>
    <bullet5/>
    <bullet6/>
    <bullet7/>
    <bullet8/>
    <bullet9/>
    <bullet10/>
    <bullet11/>
    <bullet12/>
    <bullet13/>
    <bullet14/>
    <bullet15/>
    <bullet16/>
    <bullet17/>
    <bullet18/>
    <bullet19/>
    <bullet20/>
    <bullet21/>
    <bullet22/>
    <bullet23/>
    <bullet24/>
    <vendorPriceUpdateDate>2019-01-07 00:00:00</vendorPriceUpdateDate>
  </part>
  <part>
    <partNumber>09105027</partNumber>
    <punctuatedPartNumber>0910-5027</punctuatedPartNumber>
    <partStatusDescription>DISCONTINUED</partStatusDescription>
    <partDescription>Piston Kit - +5.00 mm - Big Bore - M-Spec - Polaris 800</partDescription>
    <unitOfMeasure>Kit</unitOfMeasure>
    <brandName>MILLENNIUM</brandName>
    <supplierNumber>K8877D500-2</supplierNumber>
    <specialInstructions/>
    <baseDealerPrice>204.10</baseDealerPrice>
    <yourDealerPrice>204.10</yourDealerPrice>
    <baseRetailPrice>0.00</baseRetailPrice>
    <originalRetailPrice>449.95</originalRetailPrice>
    <partImage>http://asset.lemansnet.com/z/LzcvMS9CLzcxQjU3MkRDLTQ5MjMtNDJBOS1BMEZGLUJGMDA1NTE4RUFDNg==</partImage>
    <productId>2046778691</productId>
    <productName>M-Spec Replacement Piston Kit</productName>
    <productImage>http://asset.lemansnet.com/z/LzcvMS9CLzcxQjU3MkRDLTQ5MjMtNDJBOS1BMEZGLUJGMDA1NTE4RUFDNg==</productImage>
    <bullet1>Replacement piston kits for M-Spec big bore cylinder</bullet1>
    <bullet2>4-stroke pistons are made using a double-bridged forging design</bullet2>
    <bullet3>Lightweight pistons with the tightest piston-wall clearances in the industry give you a quieter running engine</bullet3>
    <bullet4>Made in the USA</bullet4>
    <bullet5/>
    <bullet6/>
    <bullet7/>
    <bullet8/>
    <bullet9/>
    <bullet10/>
    <bullet11/>
    <bullet12/>
    <bullet13/>
    <bullet14/>
    <bullet15/>
    <bullet16/>
    <bullet17/>
    <bullet18/>
    <bullet19/>
    <bullet20/>
    <bullet21/>
    <bullet22/>
    <bullet23/>
    <bullet24/>
    <vendorPriceUpdateDate>2019-01-07 00:00:00</vendorPriceUpdateDate>
  </part>
  <part>
    <partNumber>09105025</partNumber>
    <punctuatedPartNumber>0910-5025</punctuatedPartNumber>
    <partStatusDescription>DISCONTINUED</partStatusDescription>
    <partDescription>Piston Kit - +5.00 mm - Big Bore - M-Spec - Polaris 570</partDescription>
    <unitOfMeasure>Kit</unitOfMeasure>
    <brandName>MILLENNIUM</brandName>
    <supplierNumber>13016</supplierNumber>
    <specialInstructions>Discontinued Item</specialInstructions>
    <baseDealerPrice>146.90</baseDealerPrice>
    <yourDealerPrice>146.90</yourDealerPrice>
    <baseRetailPrice>0.00</baseRetailPrice>
    <originalRetailPrice>269.95</originalRetailPrice>
    <partImage>http://asset.lemansnet.com/z/LzQvRC9CLzREQjYzN0JBLUQ5MzItNEFERS05OTczLTZGODQ2REMzMDE2OQ==</partImage>
    <productId>2046778691</productId>
    <productName>M-Spec Replacement Piston Kit</productName>
    <productImage>http://asset.lemansnet.com/z/LzcvMS9CLzcxQjU3MkRDLTQ5MjMtNDJBOS1BMEZGLUJGMDA1NTE4RUFDNg==</productImage>
    <bullet1>Replacement piston kits for M-Spec big bore cylinder</bullet1>
    <bullet2>4-stroke pistons are made using a double-bridged forging design</bullet2>
    <bullet3>Lightweight pistons with the tightest piston-wall clearances in the industry give you a quieter running engine</bullet3>
    <bullet4>Made in the USA</bullet4>
    <bullet5/>
    <bullet6/>
    <bullet7/>
    <bullet8/>
    <bullet9/>
    <bullet10/>
    <bullet11/>
    <bullet12/>
    <bullet13/>
    <bullet14/>
    <bullet15/>
    <bullet16/>
    <bullet17/>
    <bullet18/>
    <bullet19/>
    <bullet20/>
    <bullet21/>
    <bullet22/>
    <bullet23/>
    <bullet24/>
    <vendorPriceUpdateDate>2019-01-07 00:00:00</vendorPriceUpdateDate>
  </part>
  <part>
    <partNumber>09345867</partNumber>
    <punctuatedPartNumber>0934-5867</punctuatedPartNumber>
    <partStatusDescription>DISCONTINUED</partStatusDescription>
    <partDescription>Gasket Kit - +3.5 mm - Yamaha</partDescription>
    <unitOfMeasure>Kit</unitOfMeasure>
    <brandName>MILLENNIUM</brandName>
    <supplierNumber>C3144EST</supplierNumber>
    <specialInstructions>Discontinued Part</specialInstructions>
    <baseDealerPrice>55.80</baseDealerPrice>
    <yourDealerPrice>55.80</yourDealerPrice>
    <baseRetailPrice>0.00</baseRetailPrice>
    <originalRetailPrice>119.95</originalRetailPrice>
    <partImage>http://asset.lemansnet.com/z/LzgvRS8xLzhFMURGMjlELTA3OTYtNEQ4MS1CMTUxLTQ2NERDQTgxMDM4Mw==</partImage>
    <productId>1724787600</productId>
    <productName>Gasket Kit</productName>
    <productImage>http://asset.lemansnet.com/z/LzQvRC9BLzREQTcyNDIzLUIxMzMtNEZDOS04RDM2LUYyMDNCOTRFMEJERg==</productImage>
    <bullet1>Made in the U.S.A.</bullet1>
    <bullet2/>
    <bullet3/>
    <bullet4/>
    <bullet5/>
    <bullet6/>
    <bullet7/>
    <bullet8/>
    <bullet9/>
    <bullet10/>
    <bullet11/>
    <bullet12/>
    <bullet13/>
    <bullet14/>
    <bullet15/>
    <bullet16/>
    <bullet17/>
    <bullet18/>
    <bullet19/>
    <bullet20/>
    <bullet21/>
    <bullet22/>
    <bullet23/>
    <bullet24/>
    <vendorPriceUpdateDate>2019-01-07 00:00:00</vendorPriceUpdateDate>
  </part>
  <part>
    <partNumber>09310700</partNumber>
    <punctuatedPartNumber>0931-0700</punctuatedPartNumber>
    <partStatusDescription>DISCONTINUED</partStatusDescription>
    <partDescription>Cylinder - +5.00 mm - Big Bore - M-Spec - Polaris 570</partDescription>
    <unitOfMeasure>Each</unitOfMeasure>
    <brandName>MILLENNIUM</brandName>
    <supplierNumber>MT197</supplierNumber>
    <specialInstructions>ONLY 4 104MM BIGBORE KIT 02NAB</specialInstructions>
    <baseDealerPrice>195.00</baseDealerPrice>
    <yourDealerPrice>195.00</yourDealerPrice>
    <baseRetailPrice>0.00</baseRetailPrice>
    <originalRetailPrice>429.95</originalRetailPrice>
    <partImage>http://asset.lemansnet.com/z/LzAvMC81LzAwNTdFNzcxLTU5ODYtNEE1Qy1CMkZGLUM4NzI3NzEyRTE5NA==</partImage>
    <productId>1847388977</productId>
    <productName>M-Spec Big Bore Replacement Cylinder</productName>
    <productImage>http://asset.lemansnet.com/z/L0MvNi8xL0M2MTZGRTMxLTQwNjctNEY0RS1BNEE4LUI1M0JDQTc5N0I3OQ==</productImage>
    <bullet1>Replacement for M-Spec Big Bore Kits</bullet1>
    <bullet2>Nickel silicon carbide (NSC) plated cylinder</bullet2>
    <bullet3>Maximum strength, durability, and power</bullet3>
    <bullet4>Made in the USA</bullet4>
    <bullet5/>
    <bullet6/>
    <bullet7/>
    <bullet8/>
    <bullet9/>
    <bullet10/>
    <bullet11/>
    <bullet12/>
    <bullet13/>
    <bullet14/>
    <bullet15/>
    <bullet16/>
    <bullet17/>
    <bullet18/>
    <bullet19/>
    <bullet20/>
    <bullet21/>
    <bullet22/>
    <bullet23/>
    <bullet24/>
    <vendorPriceUpdateDate>2019-01-07 00:00:00</vendorPriceUpdateDate>
  </part>
  <part>
    <partNumber>09310702</partNumber>
    <punctuatedPartNumber>0931-0702</punctuatedPartNumber>
    <partStatusDescription>DISCONTINUED</partStatusDescription>
    <partDescription>Cylinder - +5.00 mm - Big Bore - M-Spec - Polaris 900</partDescription>
    <unitOfMeasure>Each</unitOfMeasure>
    <brandName>MILLENNIUM</brandName>
    <supplierNumber>MT194</supplierNumber>
    <specialInstructions>Discontinued Item</specialInstructions>
    <baseDealerPrice>544.90</baseDealerPrice>
    <yourDealerPrice>544.90</yourDealerPrice>
    <baseRetailPrice>0.00</baseRetailPrice>
    <originalRetailPrice>999.95</originalRetailPrice>
    <partImage>http://asset.lemansnet.com/z/L0UvRS9DL0VFQ0ZEOERCLUFFRjEtNDMxOC1BMkJCLUFDMEZEOUQ4NUUzQw==</partImage>
    <productId>1847388977</productId>
    <productName>M-Spec Big Bore Replacement Cylinder</productName>
    <productImage>http://asset.lemansnet.com/z/L0MvNi8xL0M2MTZGRTMxLTQwNjctNEY0RS1BNEE4LUI1M0JDQTc5N0I3OQ==</productImage>
    <bullet1>Replacement for M-Spec Big Bore Kits</bullet1>
    <bullet2>Nickel silicon carbide (NSC) plated cylinder</bullet2>
    <bullet3>Maximum strength, durability, and power</bullet3>
    <bullet4>Made in the USA</bullet4>
    <bullet5/>
    <bullet6/>
    <bullet7/>
    <bullet8/>
    <bullet9/>
    <bullet10/>
    <bullet11/>
    <bullet12/>
    <bullet13/>
    <bullet14/>
    <bullet15/>
    <bullet16/>
    <bullet17/>
    <bullet18/>
    <bullet19/>
    <bullet20/>
    <bullet21/>
    <bullet22/>
    <bullet23/>
    <bullet24/>
    <vendorPriceUpdateDate>2019-01-07 00:00:00</vendorPriceUpdateDate>
  </part>
  <part>
    <partNumber>09310705</partNumber>
    <punctuatedPartNumber>0931-0705</punctuatedPartNumber>
    <partStatusDescription>STANDARD</partStatusDescription>
    <partDescription>Cylinder Kit - +5.00 mm - Big Bore - M-Spec - Polaris 800</partDescription>
    <unitOfMeasure>Kit</unitOfMeasure>
    <brandName>MILLENNIUM</brandName>
    <supplierNumber>K293</supplierNumber>
    <specialInstructions/>
    <baseDealerPrice>1046.50</baseDealerPrice>
    <yourDealerPrice>1046.50</yourDealerPrice>
    <baseRetailPrice>1495.00</baseRetailPrice>
    <originalRetailPrice>1495.00</originalRetailPrice>
    <partImage>http://asset.lemansnet.com/z/L0MvNi8xL0M2MTZGRTMxLTQwNjctNEY0RS1BNEE4LUI1M0JDQTc5N0I3OQ==</partImage>
    <productId>1040495715</productId>
    <productName>M-Spec Big Bore Cylinder Kit</productName>
    <productImage>http://asset.lemansnet.com/z/LzEvOC85LzE4OTBGNEQ2LTVCNzEtNEY4NC1CMTZCLTQxRDE1QTEyN0Q4NA==</productImage>
    <bullet1>Complete bolt-on big bore kit for ultimate strength, durability and power</bullet1>
    <bullet2>Includes high-performance forged piston kit with rings, tool steel wrist pins and locks</bullet2>
    <bullet3>Comes with complete gasket kit</bullet3>
    <bullet4>Made in the USA</bullet4>
    <bullet5/>
    <bullet6/>
    <bullet7/>
    <bullet8/>
    <bullet9/>
    <bullet10/>
    <bullet11/>
    <bullet12/>
    <bullet13/>
    <bullet14/>
    <bullet15/>
    <bullet16/>
    <bullet17/>
    <bullet18/>
    <bullet19/>
    <bullet20/>
    <bullet21/>
    <bullet22/>
    <bullet23/>
    <bullet24/>
    <vendorPriceUpdateDate>2019-01-07 00:00:00</vendorPriceUpdateDate>
  </part>
  <part>
    <partNumber>09310704</partNumber>
    <punctuatedPartNumber>0931-0704</punctuatedPartNumber>
    <partStatusDescription>STANDARD</partStatusDescription>
    <partDescription>Cylinder - +5.00 mm - Big Bore - M-Spec - Polaris 1000</partDescription>
    <unitOfMeasure>Each</unitOfMeasure>
    <brandName>MILLENNIUM</brandName>
    <supplierNumber>MT195</supplierNumber>
    <specialInstructions>ONLY FOR BIGBORE KIT 02NAB</specialInstructions>
    <baseDealerPrice>700.00</baseDealerPrice>
    <yourDealerPrice>700.00</yourDealerPrice>
    <baseRetailPrice>999.95</baseRetailPrice>
    <originalRetailPrice>999.95</originalRetailPrice>
    <partImage>http://asset.lemansnet.com/z/L0UvRS9DL0VFQ0ZEOERCLUFFRjEtNDMxOC1BMkJCLUFDMEZEOUQ4NUUzQw==</partImage>
    <productId>0112099356</productId>
    <productName>M-Spec Big Bore Replacement Cylinder</productName>
    <productImage>http://asset.lemansnet.com/z/L0MvNi8xL0M2MTZGRTMxLTQwNjctNEY0RS1BNEE4LUI1M0JDQTc5N0I3OQ==</productImage>
    <bullet1>Replacement for M-Spec Big Bore Kits</bullet1>
    <bullet2>Nickel silicon carbide (NSC) plated cylinder</bullet2>
    <bullet3>Maximum strength, durability, and power</bullet3>
    <bullet4>Made in the USA</bullet4>
    <bullet5/>
    <bullet6/>
    <bullet7/>
    <bullet8/>
    <bullet9/>
    <bullet10/>
    <bullet11/>
    <bullet12/>
    <bullet13/>
    <bullet14/>
    <bullet15/>
    <bullet16/>
    <bullet17/>
    <bullet18/>
    <bullet19/>
    <bullet20/>
    <bullet21/>
    <bullet22/>
    <bullet23/>
    <bullet24/>
    <vendorPriceUpdateDate>2019-01-07 00:00:00</vendorPriceUpdateDate>
  </part>
  <part>
    <partNumber>09310703</partNumber>
    <punctuatedPartNumber>0931-0703</punctuatedPartNumber>
    <partStatusDescription>STANDARD</partStatusDescription>
    <partDescription>Cylinder Kit - +5.00 mm - Big Bore - M-Spec - Polaris 1000</partDescription>
    <unitOfMeasure>Kit</unitOfMeasure>
    <brandName>MILLENNIUM</brandName>
    <supplierNumber>K289</supplierNumber>
    <specialInstructions/>
    <baseDealerPrice>1046.50</baseDealerPrice>
    <yourDealerPrice>1046.50</yourDealerPrice>
    <baseRetailPrice>1495.00</baseRetailPrice>
    <originalRetailPrice>1495.00</originalRetailPrice>
    <partImage>http://asset.lemansnet.com/z/L0MvNi8xL0M2MTZGRTMxLTQwNjctNEY0RS1BNEE4LUI1M0JDQTc5N0I3OQ==</partImage>
    <productId>1040495715</productId>
    <productName>M-Spec Big Bore Cylinder Kit</productName>
    <productImage>http://asset.lemansnet.com/z/LzEvOC85LzE4OTBGNEQ2LTVCNzEtNEY4NC1CMTZCLTQxRDE1QTEyN0Q4NA==</productImage>
    <bullet1>Complete bolt-on big bore kit for ultimate strength, durability and power</bullet1>
    <bullet2>Includes high-performance forged piston kit with rings, tool steel wrist pins and locks</bullet2>
    <bullet3>Comes with complete gasket kit</bullet3>
    <bullet4>Made in the USA</bullet4>
    <bullet5/>
    <bullet6/>
    <bullet7/>
    <bullet8/>
    <bullet9/>
    <bullet10/>
    <bullet11/>
    <bullet12/>
    <bullet13/>
    <bullet14/>
    <bullet15/>
    <bullet16/>
    <bullet17/>
    <bullet18/>
    <bullet19/>
    <bullet20/>
    <bullet21/>
    <bullet22/>
    <bullet23/>
    <bullet24/>
    <vendorPriceUpdateDate>2019-01-07 00:00:00</vendorPriceUpdateDate>
  </part>
  <part>
    <partNumber>09105034</partNumber>
    <punctuatedPartNumber>0910-5034</punctuatedPartNumber>
    <partStatusDescription>STANDARD</partStatusDescription>
    <partDescription>Piston Kit - +5.00 mm - Big Bore - M-Spec - Polaris 1000</partDescription>
    <unitOfMeasure>Kit</unitOfMeasure>
    <brandName>MILLENNIUM</brandName>
    <supplierNumber>K8930D500-2</supplierNumber>
    <specialInstructions/>
    <baseDealerPrice>315.00</baseDealerPrice>
    <yourDealerPrice>315.00</yourDealerPrice>
    <baseRetailPrice>449.95</baseRetailPrice>
    <originalRetailPrice>449.95</originalRetailPrice>
    <partImage>http://asset.lemansnet.com/z/L0MvNC8yL0M0MkJCRjk1LTUzMjQtNEQzRi05NTQxLUMyMTQ3NEU0QzI0Ng==</partImage>
    <productId>1953199399</productId>
    <productName>M-Spec Replacement Piston Kit</productName>
    <productImage>http://asset.lemansnet.com/z/LzcvMS9CLzcxQjU3MkRDLTQ5MjMtNDJBOS1BMEZGLUJGMDA1NTE4RUFDNg==</productImage>
    <bullet1>Replacement piston kits for M-Spec big bore cylinder</bullet1>
    <bullet2>4-stroke pistons are made using a double-bridged forging design</bullet2>
    <bullet3>Lightweight pistons with the tightest piston-wall clearances in the industry give you a quieter running engine</bullet3>
    <bullet4>Made in the USA</bullet4>
    <bullet5/>
    <bullet6/>
    <bullet7/>
    <bullet8/>
    <bullet9/>
    <bullet10/>
    <bullet11/>
    <bullet12/>
    <bullet13/>
    <bullet14/>
    <bullet15/>
    <bullet16/>
    <bullet17/>
    <bullet18/>
    <bullet19/>
    <bullet20/>
    <bullet21/>
    <bullet22/>
    <bullet23/>
    <bullet24/>
    <vendorPriceUpdateDate>2019-01-07 00:00:00</vendorPriceUpdateDate>
  </part>
  <part>
    <partNumber>09310701</partNumber>
    <punctuatedPartNumber>0931-0701</punctuatedPartNumber>
    <partStatusDescription>STANDARD</partStatusDescription>
    <partDescription>Cylinder Kit - +5.00 mm - Big Bore - M-Spec - Polaris 900</partDescription>
    <unitOfMeasure>Kit</unitOfMeasure>
    <brandName>MILLENNIUM</brandName>
    <supplierNumber>K290</supplierNumber>
    <specialInstructions>N/F ANY 15-16 RZR 900 02JBC</specialInstructions>
    <baseDealerPrice>1046.50</baseDealerPrice>
    <yourDealerPrice>1046.50</yourDealerPrice>
    <baseRetailPrice>1495.00</baseRetailPrice>
    <originalRetailPrice>1495.00</originalRetailPrice>
    <partImage>http://asset.lemansnet.com/z/L0MvNi8xL0M2MTZGRTMxLTQwNjctNEY0RS1BNEE4LUI1M0JDQTc5N0I3OQ==</partImage>
    <productId>1040495715</productId>
    <productName>M-Spec Big Bore Cylinder Kit</productName>
    <productImage>http://asset.lemansnet.com/z/LzEvOC85LzE4OTBGNEQ2LTVCNzEtNEY4NC1CMTZCLTQxRDE1QTEyN0Q4NA==</productImage>
    <bullet1>Complete bolt-on big bore kit for ultimate strength, durability and power</bullet1>
    <bullet2>Includes high-performance forged piston kit with rings, tool steel wrist pins and locks</bullet2>
    <bullet3>Comes with complete gasket kit</bullet3>
    <bullet4>Made in the USA</bullet4>
    <bullet5/>
    <bullet6/>
    <bullet7/>
    <bullet8/>
    <bullet9/>
    <bullet10/>
    <bullet11/>
    <bullet12/>
    <bullet13/>
    <bullet14/>
    <bullet15/>
    <bullet16/>
    <bullet17/>
    <bullet18/>
    <bullet19/>
    <bullet20/>
    <bullet21/>
    <bullet22/>
    <bullet23/>
    <bullet24/>
    <vendorPriceUpdateDate>2019-01-07 00:00:00</vendorPriceUpdateDate>
  </part>
</root>
