<root>
  <part>
    <partNumber>DS222700</partNumber>
    <punctuatedPartNumber>DS-222700</punctuatedPartNumber>
    <partStatusDescription>STANDARD</partStatusDescription>
    <partDescription>Neck Bearing/Race - Big Twin/XL</partDescription>
    <unitOfMeasure>Set</unitOfMeasure>
    <brandName>TIMKEN</brandName>
    <supplierNumber>SET14</supplierNumber>
    <specialInstructions/>
    <baseDealerPrice>16.70</baseDealerPrice>
    <yourDealerPrice>16.70</yourDealerPrice>
    <baseRetailPrice>28.14</baseRetailPrice>
    <originalRetailPrice>24.95</originalRetailPrice>
    <partImage>http://asset.lemansnet.com/z/L0IvQy9GL0JDRjcwMjhCLUQ2MzQtNDIxQS1CRjBDLUU2NDI3OEVERjg5MQ==</partImage>
    <productId>1306821878</productId>
    <productName>Neck Post Bearing</productName>
    <productImage>http://asset.lemansnet.com/z/LzMvNi9GLzM2RjY5MzBFLTdDNTEtNENFQi1CMkVCLTUzNUQzQjU4MzMxMQ==</productImage>
    <bullet1>Genuine Timken® brand</bullet1>
    <bullet2>Made in the U.S.A.</bullet2>
    <bullet3/>
    <bullet4/>
    <bullet5/>
    <bullet6/>
    <bullet7/>
    <bullet8/>
    <bullet9/>
    <bullet10/>
    <bullet11/>
    <bullet12/>
    <bullet13/>
    <bullet14/>
    <bullet15/>
    <bullet16/>
    <bullet17/>
    <bullet18/>
    <bullet19/>
    <bullet20/>
    <bullet21/>
    <bullet22/>
    <bullet23/>
    <bullet24/>
    <vendorPriceUpdateDate>2023-04-22 00:00:00</vendorPriceUpdateDate>
  </part>
  <part>
    <partNumber>DS222860</partNumber>
    <punctuatedPartNumber>DS-222860</punctuatedPartNumber>
    <partStatusDescription>STANDARD</partStatusDescription>
    <partDescription>Neck Post Bearing and Races</partDescription>
    <unitOfMeasure>Each</unitOfMeasure>
    <brandName>TIMKEN</brandName>
    <supplierNumber>L44610</supplierNumber>
    <specialInstructions/>
    <baseDealerPrice>6.50</baseDealerPrice>
    <yourDealerPrice>6.50</yourDealerPrice>
    <baseRetailPrice>10.78</baseRetailPrice>
    <originalRetailPrice>14.95</originalRetailPrice>
    <partImage>http://asset.lemansnet.com/z/LzIvMy8yLzIzMjJBQ0EzLTU4NjYtNEExRS05ODFELUY3MTNFQ0FENDhBRQ==</partImage>
    <productId>1622341697</productId>
    <productName>Neck Post Bearing Cups</productName>
    <productImage>http://asset.lemansnet.com/z/LzcvMS9DLzcxQzFCOUMyLUIzMDktNDQyOS05MkVDLTAyRDAxQTUzN0EzQg==</productImage>
    <bullet1>Chrome Timken-type bearing cups</bullet1>
    <bullet2/>
    <bullet3/>
    <bullet4/>
    <bullet5/>
    <bullet6/>
    <bullet7/>
    <bullet8/>
    <bullet9/>
    <bullet10/>
    <bullet11/>
    <bullet12/>
    <bullet13/>
    <bullet14/>
    <bullet15/>
    <bullet16/>
    <bullet17/>
    <bullet18/>
    <bullet19/>
    <bullet20/>
    <bullet21/>
    <bullet22/>
    <bullet23/>
    <bullet24/>
    <vendorPriceUpdateDate>2023-01-11 00:00:00</vendorPriceUpdateDate>
  </part>
  <part>
    <partNumber>DS540795</partNumber>
    <punctuatedPartNumber>DS-540795</punctuatedPartNumber>
    <partStatusDescription>STANDARD</partStatusDescription>
    <partDescription>Wheel Bearing with Race - Front/Rear</partDescription>
    <unitOfMeasure>Each</unitOfMeasure>
    <brandName>TIMKEN</brandName>
    <supplierNumber>SET2</supplierNumber>
    <specialInstructions/>
    <baseDealerPrice>13.80</baseDealerPrice>
    <yourDealerPrice>13.80</yourDealerPrice>
    <baseRetailPrice>22.76</baseRetailPrice>
    <originalRetailPrice>20.95</originalRetailPrice>
    <partImage>http://asset.lemansnet.com/z/LzkvQS84LzlBOEIxNTVELUY2NzEtNEMzOS05NTkwLTRFNjgwNEVGMDhGMSwvOC9CL0EvOEJBOTY2MjctRjNCNy00QTlBLTlBNDYtODQ2NTg1NDJFRTEy</partImage>
    <productId>2142655697</productId>
    <productName>Wheel Bearing with Race</productName>
    <productImage>http://asset.lemansnet.com/z/LzkvQS84LzlBOEIxNTVELUY2NzEtNEMzOS05NTkwLTRFNjgwNEVGMDhGMQ==</productImage>
    <bullet1>Genuine Timken® direct replacements of OEM components</bullet1>
    <bullet2>Made in the USA</bullet2>
    <bullet3/>
    <bullet4/>
    <bullet5/>
    <bullet6/>
    <bullet7/>
    <bullet8/>
    <bullet9/>
    <bullet10/>
    <bullet11/>
    <bullet12/>
    <bullet13/>
    <bullet14/>
    <bullet15/>
    <bullet16/>
    <bullet17/>
    <bullet18/>
    <bullet19/>
    <bullet20/>
    <bullet21/>
    <bullet22/>
    <bullet23/>
    <bullet24/>
    <vendorPriceUpdateDate>2023-01-11 00:00:00</vendorPriceUpdateDate>
  </part>
  <part>
    <partNumber>DS540796</partNumber>
    <punctuatedPartNumber>DS-540796</punctuatedPartNumber>
    <partStatusDescription>STANDARD</partStatusDescription>
    <partDescription>Wheel Bearing without Race - Front/Rear</partDescription>
    <unitOfMeasure>Each</unitOfMeasure>
    <brandName>TIMKEN</brandName>
    <supplierNumber>LM11949-20024</supplierNumber>
    <specialInstructions/>
    <baseDealerPrice>10.10</baseDealerPrice>
    <yourDealerPrice>10.10</yourDealerPrice>
    <baseRetailPrice>17.32</baseRetailPrice>
    <originalRetailPrice>15.95</originalRetailPrice>
    <partImage>http://asset.lemansnet.com/z/LzUvMy84LzUzODNBNTc0LUQ5MDItNDI1Ri05RjU3LUE2QzQ3REREMThEOQ==</partImage>
    <productId>1958371408</productId>
    <productName>Wheel Bearing Only</productName>
    <productImage>http://asset.lemansnet.com/z/LzUvMy84LzUzODNBNTc0LUQ5MDItNDI1Ri05RjU3LUE2QzQ3REREMThEOQ==</productImage>
    <bullet1>Wheel bearing only (race not included)</bullet1>
    <bullet2>Made in the USA</bullet2>
    <bullet3/>
    <bullet4/>
    <bullet5/>
    <bullet6/>
    <bullet7/>
    <bullet8/>
    <bullet9/>
    <bullet10/>
    <bullet11/>
    <bullet12/>
    <bullet13/>
    <bullet14/>
    <bullet15/>
    <bullet16/>
    <bullet17/>
    <bullet18/>
    <bullet19/>
    <bullet20/>
    <bullet21/>
    <bullet22/>
    <bullet23/>
    <bullet24/>
    <vendorPriceUpdateDate>2023-01-11 00:00:00</vendorPriceUpdateDate>
  </part>
  <part>
    <partNumber>DS540797</partNumber>
    <punctuatedPartNumber>DS-540797</punctuatedPartNumber>
    <partStatusDescription>STANDARD</partStatusDescription>
    <partDescription>Wheel Race Only - Front/Rear</partDescription>
    <unitOfMeasure>Each</unitOfMeasure>
    <brandName>TIMKEN</brandName>
    <supplierNumber>LM11910-20024</supplierNumber>
    <specialInstructions/>
    <baseDealerPrice>6.10</baseDealerPrice>
    <yourDealerPrice>6.10</yourDealerPrice>
    <baseRetailPrice>10.84</baseRetailPrice>
    <originalRetailPrice>16.95</originalRetailPrice>
    <partImage>http://asset.lemansnet.com/z/LzcvMy9GLzczRjZEQzg5LUE3QzEtNDJFMC1CNkEwLUNGQzc2QTQ1RTdGMg==</partImage>
    <productId>0015881207</productId>
    <productName>Wheel Race Only</productName>
    <productImage>http://asset.lemansnet.com/z/LzcvMy9GLzczRjZEQzg5LUE3QzEtNDJFMC1CNkEwLUNGQzc2QTQ1RTdGMg==</productImage>
    <bullet1>Wheel race only (bearing not included)</bullet1>
    <bullet2>Made in the USA</bullet2>
    <bullet3/>
    <bullet4/>
    <bullet5/>
    <bullet6/>
    <bullet7/>
    <bullet8/>
    <bullet9/>
    <bullet10/>
    <bullet11/>
    <bullet12/>
    <bullet13/>
    <bullet14/>
    <bullet15/>
    <bullet16/>
    <bullet17/>
    <bullet18/>
    <bullet19/>
    <bullet20/>
    <bullet21/>
    <bullet22/>
    <bullet23/>
    <bullet24/>
    <vendorPriceUpdateDate>2023-01-11 00:00:00</vendorPriceUpdateDate>
  </part>
  <part>
    <partNumber>DS222855</partNumber>
    <punctuatedPartNumber>DS-222855</punctuatedPartNumber>
    <partStatusDescription>STANDARD</partStatusDescription>
    <partDescription>Neck Post Bearing - Big Twin/XL</partDescription>
    <unitOfMeasure>Each</unitOfMeasure>
    <brandName>TIMKEN</brandName>
    <supplierNumber>L44643-20024</supplierNumber>
    <specialInstructions/>
    <baseDealerPrice>15.20</baseDealerPrice>
    <yourDealerPrice>15.20</yourDealerPrice>
    <baseRetailPrice>26.00</baseRetailPrice>
    <originalRetailPrice>28.95</originalRetailPrice>
    <partImage>http://asset.lemansnet.com/z/LzMvNi9GLzM2RjY5MzBFLTdDNTEtNENFQi1CMkVCLTUzNUQzQjU4MzMxMQ==</partImage>
    <productId>1306821878</productId>
    <productName>Neck Post Bearing</productName>
    <productImage>http://asset.lemansnet.com/z/LzMvNi9GLzM2RjY5MzBFLTdDNTEtNENFQi1CMkVCLTUzNUQzQjU4MzMxMQ==</productImage>
    <bullet1>Genuine Timken® brand</bullet1>
    <bullet2>Made in the U.S.A.</bullet2>
    <bullet3/>
    <bullet4/>
    <bullet5/>
    <bullet6/>
    <bullet7/>
    <bullet8/>
    <bullet9/>
    <bullet10/>
    <bullet11/>
    <bullet12/>
    <bullet13/>
    <bullet14/>
    <bullet15/>
    <bullet16/>
    <bullet17/>
    <bullet18/>
    <bullet19/>
    <bullet20/>
    <bullet21/>
    <bullet22/>
    <bullet23/>
    <bullet24/>
    <vendorPriceUpdateDate>2023-01-11 00:00:00</vendorPriceUpdateDate>
  </part>
</root>
