<root>
  <part>
    <partNumber>06302660</partNumber>
    <punctuatedPartNumber>0630-2660</punctuatedPartNumber>
    <partStatusDescription>STANDARD</partStatusDescription>
    <partDescription>V2 Single Compound Grips - No-Flange - Red</partDescription>
    <unitOfMeasure>Pair</unitOfMeasure>
    <brandName>OURY GRIPS</brandName>
    <supplierNumber>OSCGGG50</supplierNumber>
    <specialInstructions>WRONG PHOTO;NOT LOCK ON ?02JBC</specialInstructions>
    <baseDealerPrice>8.35</baseDealerPrice>
    <yourDealerPrice>8.35</yourDealerPrice>
    <baseRetailPrice>15.99</baseRetailPrice>
    <originalRetailPrice>15.99</originalRetailPrice>
    <partImage>http://asset.lemansnet.com/z/L0EvNS8wL0E1MDhBOTMxLTA3QjYtNDZFMy1BNEMwLURCODVFNTcwMUU2OQ==</partImage>
    <productId>0678940211</productId>
    <productName>V2 Single Compound Grips</productName>
    <productImage>http://asset.lemansnet.com/z/L0EvNS8wL0E1MDhBOTMxLTA3QjYtNDZFMy1BNEMwLURCODVFNTcwMUU2OQ==</productImage>
    <bullet1>Single-sided slip-on grips</bullet1>
    <bullet2>Anti-vibration</bullet2>
    <bullet3>Large pad design eliminates numbness and slipping for any hand size</bullet3>
    <bullet4>Made in the USA</bullet4>
    <bullet5/>
    <bullet6/>
    <bullet7/>
    <bullet8/>
    <bullet9/>
    <bullet10/>
    <bullet11/>
    <bullet12/>
    <bullet13/>
    <bullet14/>
    <bullet15/>
    <bullet16/>
    <bullet17/>
    <bullet18/>
    <bullet19/>
    <bullet20/>
    <bullet21/>
    <bullet22/>
    <bullet23/>
    <bullet24/>
    <vendorPriceUpdateDate>2023-04-22 00:00:00</vendorPriceUpdateDate>
  </part>
  <part>
    <partNumber>06302661</partNumber>
    <punctuatedPartNumber>0630-2661</punctuatedPartNumber>
    <partStatusDescription>STANDARD</partStatusDescription>
    <partDescription>V2 Single Compound Grips - No-Flange - Orange</partDescription>
    <unitOfMeasure>Pair</unitOfMeasure>
    <brandName>OURY GRIPS</brandName>
    <supplierNumber>OSCGGG90</supplierNumber>
    <specialInstructions>WRONG PHOTO;NOT LOCK ON ?02JBC</specialInstructions>
    <baseDealerPrice>8.35</baseDealerPrice>
    <yourDealerPrice>8.35</yourDealerPrice>
    <baseRetailPrice>15.99</baseRetailPrice>
    <originalRetailPrice>15.99</originalRetailPrice>
    <partImage>http://asset.lemansnet.com/z/LzgvQy82LzhDNjMxM0NELUIzQTctNEZENS04OEEzLTU2OTkxNEI4MkNBMQ==</partImage>
    <productId>0678940211</productId>
    <productName>V2 Single Compound Grips</productName>
    <productImage>http://asset.lemansnet.com/z/L0EvNS8wL0E1MDhBOTMxLTA3QjYtNDZFMy1BNEMwLURCODVFNTcwMUU2OQ==</productImage>
    <bullet1>Single-sided slip-on grips</bullet1>
    <bullet2>Anti-vibration</bullet2>
    <bullet3>Large pad design eliminates numbness and slipping for any hand size</bullet3>
    <bullet4>Made in the USA</bullet4>
    <bullet5/>
    <bullet6/>
    <bullet7/>
    <bullet8/>
    <bullet9/>
    <bullet10/>
    <bullet11/>
    <bullet12/>
    <bullet13/>
    <bullet14/>
    <bullet15/>
    <bullet16/>
    <bullet17/>
    <bullet18/>
    <bullet19/>
    <bullet20/>
    <bullet21/>
    <bullet22/>
    <bullet23/>
    <bullet24/>
    <vendorPriceUpdateDate>2023-04-22 00:00:00</vendorPriceUpdateDate>
  </part>
  <part>
    <partNumber>OR7007</partNumber>
    <punctuatedPartNumber>OR-7007</punctuatedPartNumber>
    <partStatusDescription>STANDARD</partStatusDescription>
    <partDescription>Pyramid Grips - Red</partDescription>
    <unitOfMeasure>Pair</unitOfMeasure>
    <brandName>OURY GRIPS</brandName>
    <supplierNumber>OSCXPY50</supplierNumber>
    <specialInstructions/>
    <baseDealerPrice>6.75</baseDealerPrice>
    <yourDealerPrice>6.75</yourDealerPrice>
    <baseRetailPrice>12.99</baseRetailPrice>
    <originalRetailPrice>12.99</originalRetailPrice>
    <partImage>http://asset.lemansnet.com/z/L0MvMy9FL0MzRUQwRjhCLTMzQ0ItNEFFQi04RjRDLTRGMUFCMTAzNDYyRA==</partImage>
    <productId>1900071067</productId>
    <productName>Pyramid Grips</productName>
    <productImage>http://asset.lemansnet.com/z/L0MvMy9FL0MzRUQwRjhCLTMzQ0ItNEFFQi04RjRDLTRGMUFCMTAzNDYyRA==</productImage>
    <bullet1>Computer-designed nonslip pyramid pattern</bullet1>
    <bullet2>Small diameter improves grip</bullet2>
    <bullet3>Special soft rubber compound prevents hand fatigue</bullet3>
    <bullet4>For machines with twist throttles</bullet4>
    <bullet5>4.5" long; fit 7/8"bars</bullet5>
    <bullet6>Made in the U.S.A.</bullet6>
    <bullet7/>
    <bullet8/>
    <bullet9/>
    <bullet10/>
    <bullet11/>
    <bullet12/>
    <bullet13/>
    <bullet14/>
    <bullet15/>
    <bullet16/>
    <bullet17/>
    <bullet18/>
    <bullet19/>
    <bullet20/>
    <bullet21/>
    <bullet22/>
    <bullet23/>
    <bullet24/>
    <vendorPriceUpdateDate>2023-04-22 00:00:00</vendorPriceUpdateDate>
  </part>
  <part>
    <partNumber>OR7011</partNumber>
    <punctuatedPartNumber>OR-7011</punctuatedPartNumber>
    <partStatusDescription>STANDARD</partStatusDescription>
    <partDescription>ATV Grips - Single Compound - Flange - Red</partDescription>
    <unitOfMeasure>Pair</unitOfMeasure>
    <brandName>OURY GRIPS</brandName>
    <supplierNumber>OSCFOG50</supplierNumber>
    <specialInstructions/>
    <baseDealerPrice>9.50</baseDealerPrice>
    <yourDealerPrice>9.50</yourDealerPrice>
    <baseRetailPrice>15.99</baseRetailPrice>
    <originalRetailPrice>15.99</originalRetailPrice>
    <partImage>http://asset.lemansnet.com/z/LzAvRC9FLzBERTBFNTY5LTEzMDAtNEJFMC05NkI1LUU5Qzk4RTBGMERDMA==</partImage>
    <productId>0399977937</productId>
    <productName>ATV Grips</productName>
    <productImage>http://asset.lemansnet.com/z/LzYvQi8xLzZCMTQ1ODRFLTBFNjctNDdDOC05MjUyLUY3NDFERTQ3Mjc4OQ==</productImage>
    <bullet1>Large pad design eliminates slippage, absorbs vibration</bullet1>
    <bullet2>Super-soft rubber checks hand fatigue</bullet2>
    <bullet3>Made in the USA</bullet3>
    <bullet4/>
    <bullet5/>
    <bullet6/>
    <bullet7/>
    <bullet8/>
    <bullet9/>
    <bullet10/>
    <bullet11/>
    <bullet12/>
    <bullet13/>
    <bullet14/>
    <bullet15/>
    <bullet16/>
    <bullet17/>
    <bullet18/>
    <bullet19/>
    <bullet20/>
    <bullet21/>
    <bullet22/>
    <bullet23/>
    <bullet24/>
    <vendorPriceUpdateDate>2023-04-22 00:00:00</vendorPriceUpdateDate>
  </part>
</root>
