<root>
  <part>
    <partNumber>12210116</partNumber>
    <punctuatedPartNumber>1221-0116</punctuatedPartNumber>
    <partStatusDescription>STANDARD</partStatusDescription>
    <partDescription>520 MXR - 3D Drive Chain - Gold - 116 Links</partDescription>
    <unitOfMeasure>Each</unitOfMeasure>
    <brandName>ThreeD</brandName>
    <supplierNumber>520MXR3D-116G</supplierNumber>
    <specialInstructions/>
    <baseDealerPrice>107.90</baseDealerPrice>
    <yourDealerPrice>107.90</yourDealerPrice>
    <baseRetailPrice>166.74</baseRetailPrice>
    <originalRetailPrice>145.95</originalRetailPrice>
    <partImage>http://asset.lemansnet.com/z/L0UvRC85L0VEOTJDNzBBLTQxNzktNDJGNy1CRjI1LTAyRUI3OEQ4RjU2MCwvQy9DL0MvQ0NDQ0IyNjEtQTMwNC00RTcxLTlEQ0YtRjU0NDIxRjQwOEQ5</partImage>
    <productId>0750183350</productId>
    <productName>520 MXR 3D Drive Chain</productName>
    <productImage>http://asset.lemansnet.com/z/L0UvNC80L0U0NEEwNzlCLTk0NzEtNDI3OS05NjlDLTA5OTU2NjhFNENBMA==</productImage>
    <bullet1>Precise forging process leads to a stiff chain for better acceleration and more efficient engine work</bullet1>
    <bullet2>Lightening hole allows for a lighter chain without compromising strength while removing mud and dispersing heat more efficiently</bullet2>
    <bullet3>Improvement in transmission efficiency</bullet3>
    <bullet4>Special pins with holes in both ends allow the chain to be lightened</bullet4>
    <bullet5>Edge-cut inner plate reduces friction and allows for smooth engagement with sprocket</bullet5>
    <bullet6>Non-sealed to reduce as much friction as possible</bullet6>
    <bullet7>Chromium Carbide pin surface coating increases hardness and reduces chain wear</bullet7>
    <bullet8>For use with 125cc-500cc motocross bikes</bullet8>
    <bullet9/>
    <bullet10/>
    <bullet11/>
    <bullet12/>
    <bullet13/>
    <bullet14/>
    <bullet15/>
    <bullet16/>
    <bullet17/>
    <bullet18/>
    <bullet19/>
    <bullet20/>
    <bullet21/>
    <bullet22/>
    <bullet23/>
    <bullet24/>
    <vendorPriceUpdateDate>2021-10-20 00:00:00</vendorPriceUpdateDate>
  </part>
  <part>
    <partNumber>12210117</partNumber>
    <punctuatedPartNumber>1221-0117</punctuatedPartNumber>
    <partStatusDescription>STANDARD</partStatusDescription>
    <partDescription>520 MXR - 3D Drive Chain - Gold - 120 Links</partDescription>
    <unitOfMeasure>Each</unitOfMeasure>
    <brandName>ThreeD</brandName>
    <supplierNumber>520MXR3D-120G</supplierNumber>
    <specialInstructions/>
    <baseDealerPrice>111.60</baseDealerPrice>
    <yourDealerPrice>111.60</yourDealerPrice>
    <baseRetailPrice>171.54</baseRetailPrice>
    <originalRetailPrice>150.95</originalRetailPrice>
    <partImage>http://asset.lemansnet.com/z/LzUvRi8xLzVGMTNCQjgxLTkxOTQtNDEyQi1CODU4LTRFNEU0N0YyREU2MywvRS80LzQvRTQ0QTA3OUItOTQ3MS00Mjc5LTk2OUMtMDk5NTY2OEU0Q0Ew</partImage>
    <productId>0750183350</productId>
    <productName>520 MXR 3D Drive Chain</productName>
    <productImage>http://asset.lemansnet.com/z/L0UvNC80L0U0NEEwNzlCLTk0NzEtNDI3OS05NjlDLTA5OTU2NjhFNENBMA==</productImage>
    <bullet1>Precise forging process leads to a stiff chain for better acceleration and more efficient engine work</bullet1>
    <bullet2>Lightening hole allows for a lighter chain without compromising strength while removing mud and dispersing heat more efficiently</bullet2>
    <bullet3>Improvement in transmission efficiency</bullet3>
    <bullet4>Special pins with holes in both ends allow the chain to be lightened</bullet4>
    <bullet5>Edge-cut inner plate reduces friction and allows for smooth engagement with sprocket</bullet5>
    <bullet6>Non-sealed to reduce as much friction as possible</bullet6>
    <bullet7>Chromium Carbide pin surface coating increases hardness and reduces chain wear</bullet7>
    <bullet8>For use with 125cc-500cc motocross bikes</bullet8>
    <bullet9/>
    <bullet10/>
    <bullet11/>
    <bullet12/>
    <bullet13/>
    <bullet14/>
    <bullet15/>
    <bullet16/>
    <bullet17/>
    <bullet18/>
    <bullet19/>
    <bullet20/>
    <bullet21/>
    <bullet22/>
    <bullet23/>
    <bullet24/>
    <vendorPriceUpdateDate>2021-10-20 00:00:00</vendorPriceUpdateDate>
  </part>
  <part>
    <partNumber>12230551</partNumber>
    <punctuatedPartNumber>1223-0551</punctuatedPartNumber>
    <partStatusDescription>STANDARD</partStatusDescription>
    <partDescription>520 GP - Drive Chain - Gold - 120 Links</partDescription>
    <unitOfMeasure>Each</unitOfMeasure>
    <brandName>ThreeD</brandName>
    <supplierNumber>520GP3D-120G</supplierNumber>
    <specialInstructions/>
    <baseDealerPrice>274.72</baseDealerPrice>
    <yourDealerPrice>274.72</yourDealerPrice>
    <baseRetailPrice>422.95</baseRetailPrice>
    <originalRetailPrice>317.95</originalRetailPrice>
    <partImage>http://asset.lemansnet.com/z/L0EvNC80L0E0NEEzRjQ0LTI1NTktNEJENy05OUZCLUE3NzBCQTczOEJBNSwvQy83LzUvQzc1MEQwQzItRjJDQi00RkY5LUI0MzktMjAzMzg1Mzk2RkFD</partImage>
    <productId>1365412084</productId>
    <productName>520 GP Chain</productName>
    <productImage>http://asset.lemansnet.com/z/L0YvNi9EL0Y2REQ2QzE3LUVGRTktNEMzNC1BQTU3LUI3MDQwMzRDMkQwRQ==</productImage>
    <bullet1>Precise Forging process leads to a stiff chain for better acceleration and more efficient engine work</bullet1>
    <bullet2>Lightening hole allows for a lighter chain without compromising strength while removing mud and dispersing heat more efficiently</bullet2>
    <bullet3>Improvement in transmission efficiency</bullet3>
    <bullet4>Special pin with holes in both ends allow the chain to be lightened</bullet4>
    <bullet5>Edge-cut inner plate reduces friction and allows for smooth engagement with sprocket</bullet5>
    <bullet6>Chromium Carbide pin surface coating increases hardness and reduces chain wear</bullet6>
    <bullet7/>
    <bullet8/>
    <bullet9/>
    <bullet10/>
    <bullet11/>
    <bullet12/>
    <bullet13/>
    <bullet14/>
    <bullet15/>
    <bullet16/>
    <bullet17/>
    <bullet18/>
    <bullet19/>
    <bullet20/>
    <bullet21/>
    <bullet22/>
    <bullet23/>
    <bullet24/>
    <vendorPriceUpdateDate>2021-10-20 00:00:00</vendorPriceUpdateDate>
  </part>
  <part>
    <partNumber>12250257</partNumber>
    <punctuatedPartNumber>1225-0257</punctuatedPartNumber>
    <partStatusDescription>STANDARD</partStatusDescription>
    <partDescription>520 GP - Connecting Link - Rivet - Gold</partDescription>
    <unitOfMeasure>Each</unitOfMeasure>
    <brandName>ThreeD</brandName>
    <supplierNumber>520GP/3D-MLJ/G</supplierNumber>
    <specialInstructions/>
    <baseDealerPrice>8.29</baseDealerPrice>
    <yourDealerPrice>8.29</yourDealerPrice>
    <baseRetailPrice>12.95</baseRetailPrice>
    <originalRetailPrice>11.95</originalRetailPrice>
    <partImage>http://asset.lemansnet.com/z/LzIvMy9ELzIzRDBCOUU4LTVFNzQtNEZBQy04RjVBLUVEMUFBMDMxNDVGMg==</partImage>
    <productId>1378610177</productId>
    <productName>520 GP Rivet Connecting Link</productName>
    <productImage>http://asset.lemansnet.com/z/LzQvOS84LzQ5ODFFRjg3LTUzODgtNEI2OC05MERFLUFERDQ0MzY1MkIyMQ==</productImage>
    <bullet1>Replacement connecting link</bullet1>
    <bullet2/>
    <bullet3/>
    <bullet4/>
    <bullet5/>
    <bullet6/>
    <bullet7/>
    <bullet8/>
    <bullet9/>
    <bullet10/>
    <bullet11/>
    <bullet12/>
    <bullet13/>
    <bullet14/>
    <bullet15/>
    <bullet16/>
    <bullet17/>
    <bullet18/>
    <bullet19/>
    <bullet20/>
    <bullet21/>
    <bullet22/>
    <bullet23/>
    <bullet24/>
    <vendorPriceUpdateDate>2021-10-20 00:00:00</vendorPriceUpdateDate>
  </part>
  <part>
    <partNumber>12250255</partNumber>
    <punctuatedPartNumber>1225-0255</punctuatedPartNumber>
    <partStatusDescription>STANDARD</partStatusDescription>
    <partDescription>520 MXR - 3D Replacement Connecting Link - Clip</partDescription>
    <unitOfMeasure>Each</unitOfMeasure>
    <brandName>ThreeD</brandName>
    <supplierNumber>520MXR/3D-SPJ/G</supplierNumber>
    <specialInstructions>ACT CLIP TYPE LINK 02JBC</specialInstructions>
    <baseDealerPrice>4.10</baseDealerPrice>
    <yourDealerPrice>4.10</yourDealerPrice>
    <baseRetailPrice>6.24</baseRetailPrice>
    <originalRetailPrice>4.95</originalRetailPrice>
    <partImage>http://asset.lemansnet.com/z/L0UvNi82L0U2NkJCNjJELUUwODAtNEY1Ny1CRUQwLTVFQjE1OTdGNTdENA==</partImage>
    <productId>0975910890</productId>
    <productName>520 MXR 3D Connecting Link</productName>
    <productImage>http://asset.lemansnet.com/z/L0UvNi82L0U2NkJCNjJELUUwODAtNEY1Ny1CRUQwLTVFQjE1OTdGNTdENA==</productImage>
    <bullet1>Replacement connecting link</bullet1>
    <bullet2/>
    <bullet3/>
    <bullet4/>
    <bullet5/>
    <bullet6/>
    <bullet7/>
    <bullet8/>
    <bullet9/>
    <bullet10/>
    <bullet11/>
    <bullet12/>
    <bullet13/>
    <bullet14/>
    <bullet15/>
    <bullet16/>
    <bullet17/>
    <bullet18/>
    <bullet19/>
    <bullet20/>
    <bullet21/>
    <bullet22/>
    <bullet23/>
    <bullet24/>
    <vendorPriceUpdateDate>2021-10-20 00:00:00</vendorPriceUpdateDate>
  </part>
  <part>
    <partNumber>12250256</partNumber>
    <punctuatedPartNumber>1225-0256</punctuatedPartNumber>
    <partStatusDescription>STANDARD</partStatusDescription>
    <partDescription>520 GP - Connecting Link - Rivet - Chrome</partDescription>
    <unitOfMeasure>Each</unitOfMeasure>
    <brandName>ThreeD</brandName>
    <supplierNumber>520GP/3D-MLJ/C</supplierNumber>
    <specialInstructions/>
    <baseDealerPrice>8.29</baseDealerPrice>
    <yourDealerPrice>8.29</yourDealerPrice>
    <baseRetailPrice>12.95</baseRetailPrice>
    <originalRetailPrice>11.95</originalRetailPrice>
    <partImage>http://asset.lemansnet.com/z/L0UvOC83L0U4N0U1RjdCLTg1MTctNDVBOC1BMkYxLUM5QjFCNzUxMUZFQg==</partImage>
    <productId>1378610177</productId>
    <productName>520 GP Rivet Connecting Link</productName>
    <productImage>http://asset.lemansnet.com/z/LzQvOS84LzQ5ODFFRjg3LTUzODgtNEI2OC05MERFLUFERDQ0MzY1MkIyMQ==</productImage>
    <bullet1>Replacement connecting link</bullet1>
    <bullet2/>
    <bullet3/>
    <bullet4/>
    <bullet5/>
    <bullet6/>
    <bullet7/>
    <bullet8/>
    <bullet9/>
    <bullet10/>
    <bullet11/>
    <bullet12/>
    <bullet13/>
    <bullet14/>
    <bullet15/>
    <bullet16/>
    <bullet17/>
    <bullet18/>
    <bullet19/>
    <bullet20/>
    <bullet21/>
    <bullet22/>
    <bullet23/>
    <bullet24/>
    <vendorPriceUpdateDate>2021-10-20 00:00:00</vendorPriceUpdateDate>
  </part>
  <part>
    <partNumber>12250258</partNumber>
    <punctuatedPartNumber>1225-0258</punctuatedPartNumber>
    <partStatusDescription>STANDARD</partStatusDescription>
    <partDescription>520 GP - Connecting Link - Rivet - Black</partDescription>
    <unitOfMeasure>Each</unitOfMeasure>
    <brandName>ThreeD</brandName>
    <supplierNumber>520GP/3D-MLJ/K</supplierNumber>
    <specialInstructions/>
    <baseDealerPrice>8.29</baseDealerPrice>
    <yourDealerPrice>8.29</yourDealerPrice>
    <baseRetailPrice>12.95</baseRetailPrice>
    <originalRetailPrice>11.95</originalRetailPrice>
    <partImage>http://asset.lemansnet.com/z/LzQvOS84LzQ5ODFFRjg3LTUzODgtNEI2OC05MERFLUFERDQ0MzY1MkIyMQ==</partImage>
    <productId>1378610177</productId>
    <productName>520 GP Rivet Connecting Link</productName>
    <productImage>http://asset.lemansnet.com/z/LzQvOS84LzQ5ODFFRjg3LTUzODgtNEI2OC05MERFLUFERDQ0MzY1MkIyMQ==</productImage>
    <bullet1>Replacement connecting link</bullet1>
    <bullet2/>
    <bullet3/>
    <bullet4/>
    <bullet5/>
    <bullet6/>
    <bullet7/>
    <bullet8/>
    <bullet9/>
    <bullet10/>
    <bullet11/>
    <bullet12/>
    <bullet13/>
    <bullet14/>
    <bullet15/>
    <bullet16/>
    <bullet17/>
    <bullet18/>
    <bullet19/>
    <bullet20/>
    <bullet21/>
    <bullet22/>
    <bullet23/>
    <bullet24/>
    <vendorPriceUpdateDate>2021-10-20 00:00:00</vendorPriceUpdateDate>
  </part>
  <part>
    <partNumber>12230549</partNumber>
    <punctuatedPartNumber>1223-0549</punctuatedPartNumber>
    <partStatusDescription>DISCONTINUED</partStatusDescription>
    <partDescription>520 GP - Drive Chain - Chrome - 120 Links</partDescription>
    <unitOfMeasure>Each</unitOfMeasure>
    <brandName>ThreeD</brandName>
    <supplierNumber>520GP3D-120C</supplierNumber>
    <specialInstructions>Discontinued Item per buyer</specialInstructions>
    <baseDealerPrice>274.72</baseDealerPrice>
    <yourDealerPrice>274.72</yourDealerPrice>
    <baseRetailPrice>422.95</baseRetailPrice>
    <originalRetailPrice>317.95</originalRetailPrice>
    <partImage>http://asset.lemansnet.com/z/L0EvQS8yL0FBMjNDNzNBLTdEODEtNDdCOC04NjY2LUM5MzlFMTNGMTNFNywvNC82LzQvNDY0OUJDRjEtQjQ2Mi00NjJCLTgyQTEtNjYzMzBFOUVFNDdE</partImage>
    <productId>0224271207</productId>
    <productName>520 GP Chain</productName>
    <productImage>http://asset.lemansnet.com/z/L0YvNi9EL0Y2REQ2QzE3LUVGRTktNEMzNC1BQTU3LUI3MDQwMzRDMkQwRQ==</productImage>
    <bullet1>Precise Forging process leads to a stiff chain for better acceleration and more efficient engine work</bullet1>
    <bullet2>Lightening hole allows for a lighter chain without compromising strength while removing mud and dispersing heat more efficiently</bullet2>
    <bullet3>Improvement in transmission efficiency</bullet3>
    <bullet4>Special pin with holes in both ends allow the chain to be lightened</bullet4>
    <bullet5>Edge-cut inner plate reduces friction and allows for smooth engagement with sprocket</bullet5>
    <bullet6>Chromium Carbide pin surface coating increases hardness and reduces chain wear</bullet6>
    <bullet7/>
    <bullet8/>
    <bullet9/>
    <bullet10/>
    <bullet11/>
    <bullet12/>
    <bullet13/>
    <bullet14/>
    <bullet15/>
    <bullet16/>
    <bullet17/>
    <bullet18/>
    <bullet19/>
    <bullet20/>
    <bullet21/>
    <bullet22/>
    <bullet23/>
    <bullet24/>
    <vendorPriceUpdateDate>2021-10-20 00:00:00</vendorPriceUpdateDate>
  </part>
  <part>
    <partNumber>12230553</partNumber>
    <punctuatedPartNumber>1223-0553</punctuatedPartNumber>
    <partStatusDescription>STANDARD</partStatusDescription>
    <partDescription>520 GP - Drive Chain - Black - 120 Links</partDescription>
    <unitOfMeasure>Each</unitOfMeasure>
    <brandName>ThreeD</brandName>
    <supplierNumber>520GP3D-120KG</supplierNumber>
    <specialInstructions/>
    <baseDealerPrice>274.72</baseDealerPrice>
    <yourDealerPrice>274.72</yourDealerPrice>
    <baseRetailPrice>422.95</baseRetailPrice>
    <originalRetailPrice>317.95</originalRetailPrice>
    <partImage>http://asset.lemansnet.com/z/L0MvRC8yL0NEMkI1QUJGLTcwRjAtNEQ0Ni04MzFBLUNDQURDNDMzQjMzNCwvOC9DL0MvOENDQ0Q4MTQtMjUyMS00OUJBLUI5QzEtQTBDQzY4MDJFODA0</partImage>
    <productId>1365412084</productId>
    <productName>520 GP Chain</productName>
    <productImage>http://asset.lemansnet.com/z/L0YvNi9EL0Y2REQ2QzE3LUVGRTktNEMzNC1BQTU3LUI3MDQwMzRDMkQwRQ==</productImage>
    <bullet1>Precise Forging process leads to a stiff chain for better acceleration and more efficient engine work</bullet1>
    <bullet2>Lightening hole allows for a lighter chain without compromising strength while removing mud and dispersing heat more efficiently</bullet2>
    <bullet3>Improvement in transmission efficiency</bullet3>
    <bullet4>Special pin with holes in both ends allow the chain to be lightened</bullet4>
    <bullet5>Edge-cut inner plate reduces friction and allows for smooth engagement with sprocket</bullet5>
    <bullet6>Chromium Carbide pin surface coating increases hardness and reduces chain wear</bullet6>
    <bullet7/>
    <bullet8/>
    <bullet9/>
    <bullet10/>
    <bullet11/>
    <bullet12/>
    <bullet13/>
    <bullet14/>
    <bullet15/>
    <bullet16/>
    <bullet17/>
    <bullet18/>
    <bullet19/>
    <bullet20/>
    <bullet21/>
    <bullet22/>
    <bullet23/>
    <bullet24/>
    <vendorPriceUpdateDate>2021-10-20 00:00:00</vendorPriceUpdateDate>
  </part>
  <part>
    <partNumber>12230556</partNumber>
    <punctuatedPartNumber>1223-0556</punctuatedPartNumber>
    <partStatusDescription>STANDARD</partStatusDescription>
    <partDescription>520 Z - Drive Chain - 120 Links - Chrome</partDescription>
    <unitOfMeasure>Each</unitOfMeasure>
    <brandName>ThreeD</brandName>
    <supplierNumber>520Z3D-120C</supplierNumber>
    <specialInstructions/>
    <baseDealerPrice>214.10</baseDealerPrice>
    <yourDealerPrice>214.10</yourDealerPrice>
    <baseRetailPrice>329.94</baseRetailPrice>
    <originalRetailPrice>295.95</originalRetailPrice>
    <partImage>http://asset.lemansnet.com/z/L0YvNS84L0Y1ODhEREUxLTNEQTUtNDE2OS1CNjhCLTQwNDM2MjlFOUFDRiwvQy9DL0MvQ0NDQ0IyNjEtQTMwNC00RTcxLTlEQ0YtRjU0NDIxRjQwOEQ5</partImage>
    <productId>0589009043</productId>
    <productName>520 Z Chain</productName>
    <productImage>http://asset.lemansnet.com/z/L0MvQy9DL0NDQ0NCMjYxLUEzMDQtNEU3MS05RENGLUY1NDQyMUY0MDhEOQ==</productImage>
    <bullet1>Precise Forging process leads to a stiff chain for better acceleration and more efficient engine work</bullet1>
    <bullet2>Lightening hole allows for a lighter chain without compromising strength while removing mud and dispersing heat more efficiently</bullet2>
    <bullet3>Improvement in transmission efficiency</bullet3>
    <bullet4>Special pin with holes in both ends allow the chain to be lightened</bullet4>
    <bullet5>Edge-cut inner plate reduces friction and allows for smooth engagement with sprocket</bullet5>
    <bullet6/>
    <bullet7/>
    <bullet8/>
    <bullet9/>
    <bullet10/>
    <bullet11/>
    <bullet12/>
    <bullet13/>
    <bullet14/>
    <bullet15/>
    <bullet16/>
    <bullet17/>
    <bullet18/>
    <bullet19/>
    <bullet20/>
    <bullet21/>
    <bullet22/>
    <bullet23/>
    <bullet24/>
    <vendorPriceUpdateDate>2021-10-20 00:00:00</vendorPriceUpdateDate>
  </part>
  <part>
    <partNumber>12230561</partNumber>
    <punctuatedPartNumber>1223-0561</punctuatedPartNumber>
    <partStatusDescription>STANDARD</partStatusDescription>
    <partDescription>520 Z - Drive Chain - 150 Links - Black/Gold</partDescription>
    <unitOfMeasure>Each</unitOfMeasure>
    <brandName>ThreeD</brandName>
    <supplierNumber>520Z3D-150KG</supplierNumber>
    <specialInstructions>Actually Black/Gold</specialInstructions>
    <baseDealerPrice>267.60</baseDealerPrice>
    <yourDealerPrice>267.60</yourDealerPrice>
    <baseRetailPrice>411.54</baseRetailPrice>
    <originalRetailPrice>370.95</originalRetailPrice>
    <partImage>http://asset.lemansnet.com/z/LzcvNC9BLzc0QTQ2OEEwLUIyRkItNDlCMy05Q0QwLUE2NEFENTBCNzI2OCwvNy80LzQvNzQ0NTM4RkItMjNBRC00ODI0LThERkYtMTJGRDU0OThCQTND</partImage>
    <productId>0589009043</productId>
    <productName>520 Z Chain</productName>
    <productImage>http://asset.lemansnet.com/z/L0MvQy9DL0NDQ0NCMjYxLUEzMDQtNEU3MS05RENGLUY1NDQyMUY0MDhEOQ==</productImage>
    <bullet1>Precise Forging process leads to a stiff chain for better acceleration and more efficient engine work</bullet1>
    <bullet2>Lightening hole allows for a lighter chain without compromising strength while removing mud and dispersing heat more efficiently</bullet2>
    <bullet3>Improvement in transmission efficiency</bullet3>
    <bullet4>Special pin with holes in both ends allow the chain to be lightened</bullet4>
    <bullet5>Edge-cut inner plate reduces friction and allows for smooth engagement with sprocket</bullet5>
    <bullet6/>
    <bullet7/>
    <bullet8/>
    <bullet9/>
    <bullet10/>
    <bullet11/>
    <bullet12/>
    <bullet13/>
    <bullet14/>
    <bullet15/>
    <bullet16/>
    <bullet17/>
    <bullet18/>
    <bullet19/>
    <bullet20/>
    <bullet21/>
    <bullet22/>
    <bullet23/>
    <bullet24/>
    <vendorPriceUpdateDate>2021-10-20 00:00:00</vendorPriceUpdateDate>
  </part>
  <part>
    <partNumber>12230562</partNumber>
    <punctuatedPartNumber>1223-0562</punctuatedPartNumber>
    <partStatusDescription>STANDARD</partStatusDescription>
    <partDescription>525 Z - Chain - 120 Links - Chrome</partDescription>
    <unitOfMeasure>Each</unitOfMeasure>
    <brandName>ThreeD</brandName>
    <supplierNumber>525Z3D-120C</supplierNumber>
    <specialInstructions/>
    <baseDealerPrice>226.90</baseDealerPrice>
    <yourDealerPrice>226.90</yourDealerPrice>
    <baseRetailPrice>349.14</baseRetailPrice>
    <originalRetailPrice>305.95</originalRetailPrice>
    <partImage>http://asset.lemansnet.com/z/L0YvMi8xL0YyMUNBQ0NELUZBMDktNEJGQy1CQjQyLUEzNzVFOTJEQkQ3Qg==</partImage>
    <productId>1953084562</productId>
    <productName>525 Z Chain</productName>
    <productImage>http://asset.lemansnet.com/z/L0MvQy9DL0NDQ0NCMjYxLUEzMDQtNEU3MS05RENGLUY1NDQyMUY0MDhEOQ==</productImage>
    <bullet1>Precise forging process leads to a stiff chain for better acceleration and more efficient engine work</bullet1>
    <bullet2>Lightening hole allows for a lighter chain without compromising strength while removing mud and dispersing heat move efficiently</bullet2>
    <bullet3>Improvement in transmission efficiency</bullet3>
    <bullet4>Special pin with holes in both ends allow the chain to be lightened</bullet4>
    <bullet5>Edge-cut inner plate reduces friction and allows for smooth engagement with sprocket</bullet5>
    <bullet6/>
    <bullet7/>
    <bullet8/>
    <bullet9/>
    <bullet10/>
    <bullet11/>
    <bullet12/>
    <bullet13/>
    <bullet14/>
    <bullet15/>
    <bullet16/>
    <bullet17/>
    <bullet18/>
    <bullet19/>
    <bullet20/>
    <bullet21/>
    <bullet22/>
    <bullet23/>
    <bullet24/>
    <vendorPriceUpdateDate>2021-10-20 00:00:00</vendorPriceUpdateDate>
  </part>
  <part>
    <partNumber>12230564</partNumber>
    <punctuatedPartNumber>1223-0564</punctuatedPartNumber>
    <partStatusDescription>STANDARD</partStatusDescription>
    <partDescription>525 Z - Chain - 120 Links - Gold</partDescription>
    <unitOfMeasure>Each</unitOfMeasure>
    <brandName>ThreeD</brandName>
    <supplierNumber>525Z3D-120G</supplierNumber>
    <specialInstructions/>
    <baseDealerPrice>226.90</baseDealerPrice>
    <yourDealerPrice>226.90</yourDealerPrice>
    <baseRetailPrice>349.14</baseRetailPrice>
    <originalRetailPrice>305.95</originalRetailPrice>
    <partImage>http://asset.lemansnet.com/z/LzMvMS9FLzMxRTFDQzM4LTU1Q0UtNDc5Ni05OTU2LUNCMDVFRTU2RUNEMA==</partImage>
    <productId>1953084562</productId>
    <productName>525 Z Chain</productName>
    <productImage>http://asset.lemansnet.com/z/L0MvQy9DL0NDQ0NCMjYxLUEzMDQtNEU3MS05RENGLUY1NDQyMUY0MDhEOQ==</productImage>
    <bullet1>Precise forging process leads to a stiff chain for better acceleration and more efficient engine work</bullet1>
    <bullet2>Lightening hole allows for a lighter chain without compromising strength while removing mud and dispersing heat move efficiently</bullet2>
    <bullet3>Improvement in transmission efficiency</bullet3>
    <bullet4>Special pin with holes in both ends allow the chain to be lightened</bullet4>
    <bullet5>Edge-cut inner plate reduces friction and allows for smooth engagement with sprocket</bullet5>
    <bullet6/>
    <bullet7/>
    <bullet8/>
    <bullet9/>
    <bullet10/>
    <bullet11/>
    <bullet12/>
    <bullet13/>
    <bullet14/>
    <bullet15/>
    <bullet16/>
    <bullet17/>
    <bullet18/>
    <bullet19/>
    <bullet20/>
    <bullet21/>
    <bullet22/>
    <bullet23/>
    <bullet24/>
    <vendorPriceUpdateDate>2021-10-20 00:00:00</vendorPriceUpdateDate>
  </part>
  <part>
    <partNumber>12230567</partNumber>
    <punctuatedPartNumber>1223-0567</punctuatedPartNumber>
    <partStatusDescription>STANDARD</partStatusDescription>
    <partDescription>525 Z - Chain - 150 Links - Black/Gold</partDescription>
    <unitOfMeasure>Each</unitOfMeasure>
    <brandName>ThreeD</brandName>
    <supplierNumber>525Z3D-150KG</supplierNumber>
    <specialInstructions>Actually Black/Gold</specialInstructions>
    <baseDealerPrice>283.60</baseDealerPrice>
    <yourDealerPrice>283.60</yourDealerPrice>
    <baseRetailPrice>436.74</baseRetailPrice>
    <originalRetailPrice>382.95</originalRetailPrice>
    <partImage>http://asset.lemansnet.com/z/LzcvNi81Lzc2NUU3QjRFLUI4ODgtNDFGRC05NEFBLUQ4QTkzQ0IzRTZBRQ==</partImage>
    <productId>1953084562</productId>
    <productName>525 Z Chain</productName>
    <productImage>http://asset.lemansnet.com/z/L0MvQy9DL0NDQ0NCMjYxLUEzMDQtNEU3MS05RENGLUY1NDQyMUY0MDhEOQ==</productImage>
    <bullet1>Precise forging process leads to a stiff chain for better acceleration and more efficient engine work</bullet1>
    <bullet2>Lightening hole allows for a lighter chain without compromising strength while removing mud and dispersing heat move efficiently</bullet2>
    <bullet3>Improvement in transmission efficiency</bullet3>
    <bullet4>Special pin with holes in both ends allow the chain to be lightened</bullet4>
    <bullet5>Edge-cut inner plate reduces friction and allows for smooth engagement with sprocket</bullet5>
    <bullet6/>
    <bullet7/>
    <bullet8/>
    <bullet9/>
    <bullet10/>
    <bullet11/>
    <bullet12/>
    <bullet13/>
    <bullet14/>
    <bullet15/>
    <bullet16/>
    <bullet17/>
    <bullet18/>
    <bullet19/>
    <bullet20/>
    <bullet21/>
    <bullet22/>
    <bullet23/>
    <bullet24/>
    <vendorPriceUpdateDate>2021-10-20 00:00:00</vendorPriceUpdateDate>
  </part>
  <part>
    <partNumber>12230568</partNumber>
    <punctuatedPartNumber>1223-0568</punctuatedPartNumber>
    <partStatusDescription>STANDARD</partStatusDescription>
    <partDescription>530 Z - Drive Chain - 120 Links - Chrome</partDescription>
    <unitOfMeasure>Each</unitOfMeasure>
    <brandName>ThreeD</brandName>
    <supplierNumber>530Z3D-120C</supplierNumber>
    <specialInstructions/>
    <baseDealerPrice>227.60</baseDealerPrice>
    <yourDealerPrice>227.60</yourDealerPrice>
    <baseRetailPrice>350.34</baseRetailPrice>
    <originalRetailPrice>306.95</originalRetailPrice>
    <partImage>http://asset.lemansnet.com/z/LzYvQy81LzZDNUE0MzVGLTE1MTYtNDA4RS05ODUwLTc2ODBFNjc1NjBCRA==</partImage>
    <productId>0596231625</productId>
    <productName>530 Z Chain</productName>
    <productImage>http://asset.lemansnet.com/z/L0MvQy9DL0NDQ0NCMjYxLUEzMDQtNEU3MS05RENGLUY1NDQyMUY0MDhEOQ==</productImage>
    <bullet1>Precise forging process leads to a stiff chain for better acceleration and more efficient engine work</bullet1>
    <bullet2>Lightening hole allows for a lighter chain without compromising strength while removing mud and dispersing heat more efficiently</bullet2>
    <bullet3>Improvement in transmission efficiency</bullet3>
    <bullet4>Special pin with holes in both ends allow the chain to be lightened</bullet4>
    <bullet5>Edge-cut inner plate reduces friction and allows for smooth engagement with sprocket</bullet5>
    <bullet6/>
    <bullet7/>
    <bullet8/>
    <bullet9/>
    <bullet10/>
    <bullet11/>
    <bullet12/>
    <bullet13/>
    <bullet14/>
    <bullet15/>
    <bullet16/>
    <bullet17/>
    <bullet18/>
    <bullet19/>
    <bullet20/>
    <bullet21/>
    <bullet22/>
    <bullet23/>
    <bullet24/>
    <vendorPriceUpdateDate>2021-10-20 00:00:00</vendorPriceUpdateDate>
  </part>
  <part>
    <partNumber>12230570</partNumber>
    <punctuatedPartNumber>1223-0570</punctuatedPartNumber>
    <partStatusDescription>STANDARD</partStatusDescription>
    <partDescription>530 Z - Drive Chain - 120 Links - Gold</partDescription>
    <unitOfMeasure>Each</unitOfMeasure>
    <brandName>ThreeD</brandName>
    <supplierNumber>530Z3D-120G</supplierNumber>
    <specialInstructions/>
    <baseDealerPrice>227.60</baseDealerPrice>
    <yourDealerPrice>227.60</yourDealerPrice>
    <baseRetailPrice>350.34</baseRetailPrice>
    <originalRetailPrice>306.95</originalRetailPrice>
    <partImage>http://asset.lemansnet.com/z/LzcvQy82LzdDNkEyNDgxLUZDNjctNDE0MS05MTFCLTIzQzgxNUQ3RUQ5MywvQy9DL0MvQ0NDQ0IyNjEtQTMwNC00RTcxLTlEQ0YtRjU0NDIxRjQwOEQ5</partImage>
    <productId>0596231625</productId>
    <productName>530 Z Chain</productName>
    <productImage>http://asset.lemansnet.com/z/L0MvQy9DL0NDQ0NCMjYxLUEzMDQtNEU3MS05RENGLUY1NDQyMUY0MDhEOQ==</productImage>
    <bullet1>Precise forging process leads to a stiff chain for better acceleration and more efficient engine work</bullet1>
    <bullet2>Lightening hole allows for a lighter chain without compromising strength while removing mud and dispersing heat more efficiently</bullet2>
    <bullet3>Improvement in transmission efficiency</bullet3>
    <bullet4>Special pin with holes in both ends allow the chain to be lightened</bullet4>
    <bullet5>Edge-cut inner plate reduces friction and allows for smooth engagement with sprocket</bullet5>
    <bullet6/>
    <bullet7/>
    <bullet8/>
    <bullet9/>
    <bullet10/>
    <bullet11/>
    <bullet12/>
    <bullet13/>
    <bullet14/>
    <bullet15/>
    <bullet16/>
    <bullet17/>
    <bullet18/>
    <bullet19/>
    <bullet20/>
    <bullet21/>
    <bullet22/>
    <bullet23/>
    <bullet24/>
    <vendorPriceUpdateDate>2021-10-20 00:00:00</vendorPriceUpdateDate>
  </part>
  <part>
    <partNumber>12250261</partNumber>
    <punctuatedPartNumber>1225-0261</punctuatedPartNumber>
    <partStatusDescription>STANDARD</partStatusDescription>
    <partDescription>520 Z - Connecting Link - Gold - Rivet</partDescription>
    <unitOfMeasure>Each</unitOfMeasure>
    <brandName>ThreeD</brandName>
    <supplierNumber>520Z/3D-MLJ/G</supplierNumber>
    <specialInstructions/>
    <baseDealerPrice>6.50</baseDealerPrice>
    <yourDealerPrice>6.50</yourDealerPrice>
    <baseRetailPrice>9.98</baseRetailPrice>
    <originalRetailPrice>10.95</originalRetailPrice>
    <partImage>http://asset.lemansnet.com/z/L0MvNy84L0M3OEM0N0E0LUExQzUtNEEyMy05MDYzLTYyMDYyREIzN0UyNQ==</partImage>
    <productId>0523136923</productId>
    <productName>520 Z Rivet Connecting Link</productName>
    <productImage>http://asset.lemansnet.com/z/L0MvNy84L0M3OEM0N0E0LUExQzUtNEEyMy05MDYzLTYyMDYyREIzN0UyNQ==</productImage>
    <bullet1>Replacement link for 520 Z chain</bullet1>
    <bullet2/>
    <bullet3/>
    <bullet4/>
    <bullet5/>
    <bullet6/>
    <bullet7/>
    <bullet8/>
    <bullet9/>
    <bullet10/>
    <bullet11/>
    <bullet12/>
    <bullet13/>
    <bullet14/>
    <bullet15/>
    <bullet16/>
    <bullet17/>
    <bullet18/>
    <bullet19/>
    <bullet20/>
    <bullet21/>
    <bullet22/>
    <bullet23/>
    <bullet24/>
    <vendorPriceUpdateDate>2021-10-20 00:00:00</vendorPriceUpdateDate>
  </part>
  <part>
    <partNumber>12250262</partNumber>
    <punctuatedPartNumber>1225-0262</punctuatedPartNumber>
    <partStatusDescription>STANDARD</partStatusDescription>
    <partDescription>520 Z - Connecting Link - Black - Rivet</partDescription>
    <unitOfMeasure>Each</unitOfMeasure>
    <brandName>ThreeD</brandName>
    <supplierNumber>520Z/3D-MLJ/K</supplierNumber>
    <specialInstructions/>
    <baseDealerPrice>6.50</baseDealerPrice>
    <yourDealerPrice>6.50</yourDealerPrice>
    <baseRetailPrice>9.98</baseRetailPrice>
    <originalRetailPrice>10.95</originalRetailPrice>
    <partImage>http://asset.lemansnet.com/z/LzcvOS9FLzc5RTcyQTk1LURGNjgtNDRENS05RkNGLTQ2OTVEREU3QkI0Qg==</partImage>
    <productId>0523136923</productId>
    <productName>520 Z Rivet Connecting Link</productName>
    <productImage>http://asset.lemansnet.com/z/L0MvNy84L0M3OEM0N0E0LUExQzUtNEEyMy05MDYzLTYyMDYyREIzN0UyNQ==</productImage>
    <bullet1>Replacement link for 520 Z chain</bullet1>
    <bullet2/>
    <bullet3/>
    <bullet4/>
    <bullet5/>
    <bullet6/>
    <bullet7/>
    <bullet8/>
    <bullet9/>
    <bullet10/>
    <bullet11/>
    <bullet12/>
    <bullet13/>
    <bullet14/>
    <bullet15/>
    <bullet16/>
    <bullet17/>
    <bullet18/>
    <bullet19/>
    <bullet20/>
    <bullet21/>
    <bullet22/>
    <bullet23/>
    <bullet24/>
    <vendorPriceUpdateDate>2021-10-20 00:00:00</vendorPriceUpdateDate>
  </part>
  <part>
    <partNumber>12250267</partNumber>
    <punctuatedPartNumber>1225-0267</punctuatedPartNumber>
    <partStatusDescription>STANDARD</partStatusDescription>
    <partDescription>530 Z - Connecting Link - Gold - Rivet</partDescription>
    <unitOfMeasure>Each</unitOfMeasure>
    <brandName>ThreeD</brandName>
    <supplierNumber>530Z/3D-MLJ/G</supplierNumber>
    <specialInstructions/>
    <baseDealerPrice>7.70</baseDealerPrice>
    <yourDealerPrice>7.70</yourDealerPrice>
    <baseRetailPrice>11.71</baseRetailPrice>
    <originalRetailPrice>12.95</originalRetailPrice>
    <partImage>http://asset.lemansnet.com/z/LzcvRC85LzdEOUYwQTU2LTdBNTMtNDkxMi04NDVFLUIxQTY1N0Y0RDJGMg==</partImage>
    <productId>1340523517</productId>
    <productName>530 Z Rivet Connecting Link</productName>
    <productImage>http://asset.lemansnet.com/z/L0MvOS83L0M5N0Q3ODVDLTk3NEQtNDdEOC05Nzk5LUQ4QThFNDk4NTZFNw==</productImage>
    <bullet1>Replacement connecting link</bullet1>
    <bullet2/>
    <bullet3/>
    <bullet4/>
    <bullet5/>
    <bullet6/>
    <bullet7/>
    <bullet8/>
    <bullet9/>
    <bullet10/>
    <bullet11/>
    <bullet12/>
    <bullet13/>
    <bullet14/>
    <bullet15/>
    <bullet16/>
    <bullet17/>
    <bullet18/>
    <bullet19/>
    <bullet20/>
    <bullet21/>
    <bullet22/>
    <bullet23/>
    <bullet24/>
    <vendorPriceUpdateDate>2021-10-20 00:00:00</vendorPriceUpdateDate>
  </part>
  <part>
    <partNumber>12250268</partNumber>
    <punctuatedPartNumber>1225-0268</punctuatedPartNumber>
    <partStatusDescription>STANDARD</partStatusDescription>
    <partDescription>530 Z - Connecting Link - Black - Rivet</partDescription>
    <unitOfMeasure>Each</unitOfMeasure>
    <brandName>ThreeD</brandName>
    <supplierNumber>530Z/3D-MLJ/K</supplierNumber>
    <specialInstructions/>
    <baseDealerPrice>7.70</baseDealerPrice>
    <yourDealerPrice>7.70</yourDealerPrice>
    <baseRetailPrice>11.71</baseRetailPrice>
    <originalRetailPrice>12.95</originalRetailPrice>
    <partImage>http://asset.lemansnet.com/z/L0MvQS84L0NBODhGOUJGLThENTItNDA1Mi04NUQ2LTVGMkM2QjM1NzJGRg==</partImage>
    <productId>1340523517</productId>
    <productName>530 Z Rivet Connecting Link</productName>
    <productImage>http://asset.lemansnet.com/z/L0MvOS83L0M5N0Q3ODVDLTk3NEQtNDdEOC05Nzk5LUQ4QThFNDk4NTZFNw==</productImage>
    <bullet1>Replacement connecting link</bullet1>
    <bullet2/>
    <bullet3/>
    <bullet4/>
    <bullet5/>
    <bullet6/>
    <bullet7/>
    <bullet8/>
    <bullet9/>
    <bullet10/>
    <bullet11/>
    <bullet12/>
    <bullet13/>
    <bullet14/>
    <bullet15/>
    <bullet16/>
    <bullet17/>
    <bullet18/>
    <bullet19/>
    <bullet20/>
    <bullet21/>
    <bullet22/>
    <bullet23/>
    <bullet24/>
    <vendorPriceUpdateDate>2021-10-20 00:00:00</vendorPriceUpdateDate>
  </part>
  <part>
    <partNumber>12230573</partNumber>
    <punctuatedPartNumber>1223-0573</punctuatedPartNumber>
    <partStatusDescription>STANDARD</partStatusDescription>
    <partDescription>530 Z - Drive Chain - 150 Links - Black/Gold</partDescription>
    <unitOfMeasure>Each</unitOfMeasure>
    <brandName>ThreeD</brandName>
    <supplierNumber>530Z3D-150KG</supplierNumber>
    <specialInstructions>Actually Black/Gold</specialInstructions>
    <baseDealerPrice>284.50</baseDealerPrice>
    <yourDealerPrice>284.50</yourDealerPrice>
    <baseRetailPrice>437.94</baseRetailPrice>
    <originalRetailPrice>383.95</originalRetailPrice>
    <partImage>http://asset.lemansnet.com/z/L0IvMC9EL0IwRDNERTg4LTRCM0UtNEZBMy1BM0I0LUEyODcxRUU1MUFEQw==</partImage>
    <productId>0596231625</productId>
    <productName>530 Z Chain</productName>
    <productImage>http://asset.lemansnet.com/z/L0MvQy9DL0NDQ0NCMjYxLUEzMDQtNEU3MS05RENGLUY1NDQyMUY0MDhEOQ==</productImage>
    <bullet1>Precise forging process leads to a stiff chain for better acceleration and more efficient engine work</bullet1>
    <bullet2>Lightening hole allows for a lighter chain without compromising strength while removing mud and dispersing heat more efficiently</bullet2>
    <bullet3>Improvement in transmission efficiency</bullet3>
    <bullet4>Special pin with holes in both ends allow the chain to be lightened</bullet4>
    <bullet5>Edge-cut inner plate reduces friction and allows for smooth engagement with sprocket</bullet5>
    <bullet6/>
    <bullet7/>
    <bullet8/>
    <bullet9/>
    <bullet10/>
    <bullet11/>
    <bullet12/>
    <bullet13/>
    <bullet14/>
    <bullet15/>
    <bullet16/>
    <bullet17/>
    <bullet18/>
    <bullet19/>
    <bullet20/>
    <bullet21/>
    <bullet22/>
    <bullet23/>
    <bullet24/>
    <vendorPriceUpdateDate>2021-10-20 00:00:00</vendorPriceUpdateDate>
  </part>
  <part>
    <partNumber>12250263</partNumber>
    <punctuatedPartNumber>1225-0263</punctuatedPartNumber>
    <partStatusDescription>STANDARD</partStatusDescription>
    <partDescription>525 Z - Connecting Link - Chrome - Rivet</partDescription>
    <unitOfMeasure>Each</unitOfMeasure>
    <brandName>ThreeD</brandName>
    <supplierNumber>525Z/3D-MLJ/C</supplierNumber>
    <specialInstructions/>
    <baseDealerPrice>7.20</baseDealerPrice>
    <yourDealerPrice>7.20</yourDealerPrice>
    <baseRetailPrice>10.93</baseRetailPrice>
    <originalRetailPrice>11.95</originalRetailPrice>
    <partImage>http://asset.lemansnet.com/z/L0EvQS9BL0FBQTFGRTJFLURDODMtNEMwRS04NTU5LUE3RDdGNkYzMTk1NQ==</partImage>
    <productId>1113954653</productId>
    <productName>525 Z Rivet Connecting Link</productName>
    <productImage>http://asset.lemansnet.com/z/L0EvQS9BL0FBQTFGRTJFLURDODMtNEMwRS04NTU5LUE3RDdGNkYzMTk1NQ==</productImage>
    <bullet1>Replacement connecting link</bullet1>
    <bullet2/>
    <bullet3/>
    <bullet4/>
    <bullet5/>
    <bullet6/>
    <bullet7/>
    <bullet8/>
    <bullet9/>
    <bullet10/>
    <bullet11/>
    <bullet12/>
    <bullet13/>
    <bullet14/>
    <bullet15/>
    <bullet16/>
    <bullet17/>
    <bullet18/>
    <bullet19/>
    <bullet20/>
    <bullet21/>
    <bullet22/>
    <bullet23/>
    <bullet24/>
    <vendorPriceUpdateDate>2021-10-20 00:00:00</vendorPriceUpdateDate>
  </part>
  <part>
    <partNumber>12250266</partNumber>
    <punctuatedPartNumber>1225-0266</punctuatedPartNumber>
    <partStatusDescription>STANDARD</partStatusDescription>
    <partDescription>530 Z - Connecting Link - Chrome - Rivet</partDescription>
    <unitOfMeasure>Each</unitOfMeasure>
    <brandName>ThreeD</brandName>
    <supplierNumber>530Z/3D-MLJ/C</supplierNumber>
    <specialInstructions/>
    <baseDealerPrice>7.70</baseDealerPrice>
    <yourDealerPrice>7.70</yourDealerPrice>
    <baseRetailPrice>11.71</baseRetailPrice>
    <originalRetailPrice>12.95</originalRetailPrice>
    <partImage>http://asset.lemansnet.com/z/L0MvOS83L0M5N0Q3ODVDLTk3NEQtNDdEOC05Nzk5LUQ4QThFNDk4NTZFNw==</partImage>
    <productId>1340523517</productId>
    <productName>530 Z Rivet Connecting Link</productName>
    <productImage>http://asset.lemansnet.com/z/L0MvOS83L0M5N0Q3ODVDLTk3NEQtNDdEOC05Nzk5LUQ4QThFNDk4NTZFNw==</productImage>
    <bullet1>Replacement connecting link</bullet1>
    <bullet2/>
    <bullet3/>
    <bullet4/>
    <bullet5/>
    <bullet6/>
    <bullet7/>
    <bullet8/>
    <bullet9/>
    <bullet10/>
    <bullet11/>
    <bullet12/>
    <bullet13/>
    <bullet14/>
    <bullet15/>
    <bullet16/>
    <bullet17/>
    <bullet18/>
    <bullet19/>
    <bullet20/>
    <bullet21/>
    <bullet22/>
    <bullet23/>
    <bullet24/>
    <vendorPriceUpdateDate>2021-10-20 00:00:00</vendorPriceUpdateDate>
  </part>
  <part>
    <partNumber>12230558</partNumber>
    <punctuatedPartNumber>1223-0558</punctuatedPartNumber>
    <partStatusDescription>STANDARD</partStatusDescription>
    <partDescription>520 Z - Drive Chain - 120 Links - Gold</partDescription>
    <unitOfMeasure>Each</unitOfMeasure>
    <brandName>ThreeD</brandName>
    <supplierNumber>520Z3D-120G</supplierNumber>
    <specialInstructions/>
    <baseDealerPrice>214.10</baseDealerPrice>
    <yourDealerPrice>214.10</yourDealerPrice>
    <baseRetailPrice>329.94</baseRetailPrice>
    <originalRetailPrice>295.95</originalRetailPrice>
    <partImage>http://asset.lemansnet.com/z/LzMvRC81LzNENUQ4REE1LTI2ODctNDMxRi04NTEyLTBCNDQ1M0FBQUIyOSwvQi9CLzcvQkI3REExNjgtNEJDQy00NDA1LTg3NTUtNkRFQ0Y3REFBNkYx</partImage>
    <productId>0589009043</productId>
    <productName>520 Z Chain</productName>
    <productImage>http://asset.lemansnet.com/z/L0MvQy9DL0NDQ0NCMjYxLUEzMDQtNEU3MS05RENGLUY1NDQyMUY0MDhEOQ==</productImage>
    <bullet1>Precise Forging process leads to a stiff chain for better acceleration and more efficient engine work</bullet1>
    <bullet2>Lightening hole allows for a lighter chain without compromising strength while removing mud and dispersing heat more efficiently</bullet2>
    <bullet3>Improvement in transmission efficiency</bullet3>
    <bullet4>Special pin with holes in both ends allow the chain to be lightened</bullet4>
    <bullet5>Edge-cut inner plate reduces friction and allows for smooth engagement with sprocket</bullet5>
    <bullet6/>
    <bullet7/>
    <bullet8/>
    <bullet9/>
    <bullet10/>
    <bullet11/>
    <bullet12/>
    <bullet13/>
    <bullet14/>
    <bullet15/>
    <bullet16/>
    <bullet17/>
    <bullet18/>
    <bullet19/>
    <bullet20/>
    <bullet21/>
    <bullet22/>
    <bullet23/>
    <bullet24/>
    <vendorPriceUpdateDate>2021-10-20 00:00:00</vendorPriceUpdateDate>
  </part>
  <part>
    <partNumber>12230560</partNumber>
    <punctuatedPartNumber>1223-0560</punctuatedPartNumber>
    <partStatusDescription>STANDARD</partStatusDescription>
    <partDescription>520 Z - Drive Chain - 120 Links - Black/Gold</partDescription>
    <unitOfMeasure>Each</unitOfMeasure>
    <brandName>ThreeD</brandName>
    <supplierNumber>520Z3D-120KG</supplierNumber>
    <specialInstructions>Actually Black/Gold</specialInstructions>
    <baseDealerPrice>214.10</baseDealerPrice>
    <yourDealerPrice>214.10</yourDealerPrice>
    <baseRetailPrice>329.94</baseRetailPrice>
    <originalRetailPrice>295.95</originalRetailPrice>
    <partImage>http://asset.lemansnet.com/z/LzEvNS9BLzE1QTVCMTA3LURDMDMtNDcwOS1CRjlCLUNDQUMxQTczNkQwNA==</partImage>
    <productId>0589009043</productId>
    <productName>520 Z Chain</productName>
    <productImage>http://asset.lemansnet.com/z/L0MvQy9DL0NDQ0NCMjYxLUEzMDQtNEU3MS05RENGLUY1NDQyMUY0MDhEOQ==</productImage>
    <bullet1>Precise Forging process leads to a stiff chain for better acceleration and more efficient engine work</bullet1>
    <bullet2>Lightening hole allows for a lighter chain without compromising strength while removing mud and dispersing heat more efficiently</bullet2>
    <bullet3>Improvement in transmission efficiency</bullet3>
    <bullet4>Special pin with holes in both ends allow the chain to be lightened</bullet4>
    <bullet5>Edge-cut inner plate reduces friction and allows for smooth engagement with sprocket</bullet5>
    <bullet6/>
    <bullet7/>
    <bullet8/>
    <bullet9/>
    <bullet10/>
    <bullet11/>
    <bullet12/>
    <bullet13/>
    <bullet14/>
    <bullet15/>
    <bullet16/>
    <bullet17/>
    <bullet18/>
    <bullet19/>
    <bullet20/>
    <bullet21/>
    <bullet22/>
    <bullet23/>
    <bullet24/>
    <vendorPriceUpdateDate>2021-10-20 00:00:00</vendorPriceUpdateDate>
  </part>
  <part>
    <partNumber>12230566</partNumber>
    <punctuatedPartNumber>1223-0566</punctuatedPartNumber>
    <partStatusDescription>STANDARD</partStatusDescription>
    <partDescription>525 Z - Chain - 120 Links - Black/Gold</partDescription>
    <unitOfMeasure>Each</unitOfMeasure>
    <brandName>ThreeD</brandName>
    <supplierNumber>525Z3D-120KG</supplierNumber>
    <specialInstructions>Actually Black/Gold</specialInstructions>
    <baseDealerPrice>226.90</baseDealerPrice>
    <yourDealerPrice>226.90</yourDealerPrice>
    <baseRetailPrice>349.14</baseRetailPrice>
    <originalRetailPrice>305.95</originalRetailPrice>
    <partImage>http://asset.lemansnet.com/z/L0IvRC81L0JENUVGOEJBLUFFMTAtNDE0Ni1BMjJCLTkwNjg3MUY4N0IyNiwvQy9DL0MvQ0NDQ0IyNjEtQTMwNC00RTcxLTlEQ0YtRjU0NDIxRjQwOEQ5</partImage>
    <productId>1953084562</productId>
    <productName>525 Z Chain</productName>
    <productImage>http://asset.lemansnet.com/z/L0MvQy9DL0NDQ0NCMjYxLUEzMDQtNEU3MS05RENGLUY1NDQyMUY0MDhEOQ==</productImage>
    <bullet1>Precise forging process leads to a stiff chain for better acceleration and more efficient engine work</bullet1>
    <bullet2>Lightening hole allows for a lighter chain without compromising strength while removing mud and dispersing heat move efficiently</bullet2>
    <bullet3>Improvement in transmission efficiency</bullet3>
    <bullet4>Special pin with holes in both ends allow the chain to be lightened</bullet4>
    <bullet5>Edge-cut inner plate reduces friction and allows for smooth engagement with sprocket</bullet5>
    <bullet6/>
    <bullet7/>
    <bullet8/>
    <bullet9/>
    <bullet10/>
    <bullet11/>
    <bullet12/>
    <bullet13/>
    <bullet14/>
    <bullet15/>
    <bullet16/>
    <bullet17/>
    <bullet18/>
    <bullet19/>
    <bullet20/>
    <bullet21/>
    <bullet22/>
    <bullet23/>
    <bullet24/>
    <vendorPriceUpdateDate>2021-10-20 00:00:00</vendorPriceUpdateDate>
  </part>
  <part>
    <partNumber>12230569</partNumber>
    <punctuatedPartNumber>1223-0569</punctuatedPartNumber>
    <partStatusDescription>STANDARD</partStatusDescription>
    <partDescription>530 Z - Drive Chain - 150 Links - Chrome</partDescription>
    <unitOfMeasure>Each</unitOfMeasure>
    <brandName>ThreeD</brandName>
    <supplierNumber>530Z3D-150C</supplierNumber>
    <specialInstructions/>
    <baseDealerPrice>284.50</baseDealerPrice>
    <yourDealerPrice>284.50</yourDealerPrice>
    <baseRetailPrice>437.94</baseRetailPrice>
    <originalRetailPrice>383.95</originalRetailPrice>
    <partImage>http://asset.lemansnet.com/z/LzYvQy83LzZDN0E2MUUwLTIyRjAtNDJERi1CREQ0LTMyODNDMjcyQjBDNiwvNC83LzAvNDcwNkU4MjQtRDBFNC00NDMxLUJDQzUtMzhGNTJGRTJFMzVD</partImage>
    <productId>0596231625</productId>
    <productName>530 Z Chain</productName>
    <productImage>http://asset.lemansnet.com/z/L0MvQy9DL0NDQ0NCMjYxLUEzMDQtNEU3MS05RENGLUY1NDQyMUY0MDhEOQ==</productImage>
    <bullet1>Precise forging process leads to a stiff chain for better acceleration and more efficient engine work</bullet1>
    <bullet2>Lightening hole allows for a lighter chain without compromising strength while removing mud and dispersing heat more efficiently</bullet2>
    <bullet3>Improvement in transmission efficiency</bullet3>
    <bullet4>Special pin with holes in both ends allow the chain to be lightened</bullet4>
    <bullet5>Edge-cut inner plate reduces friction and allows for smooth engagement with sprocket</bullet5>
    <bullet6/>
    <bullet7/>
    <bullet8/>
    <bullet9/>
    <bullet10/>
    <bullet11/>
    <bullet12/>
    <bullet13/>
    <bullet14/>
    <bullet15/>
    <bullet16/>
    <bullet17/>
    <bullet18/>
    <bullet19/>
    <bullet20/>
    <bullet21/>
    <bullet22/>
    <bullet23/>
    <bullet24/>
    <vendorPriceUpdateDate>2021-10-20 00:00:00</vendorPriceUpdateDate>
  </part>
  <part>
    <partNumber>12230571</partNumber>
    <punctuatedPartNumber>1223-0571</punctuatedPartNumber>
    <partStatusDescription>STANDARD</partStatusDescription>
    <partDescription>530 Z - Drive Chain - 150 Links - Gold</partDescription>
    <unitOfMeasure>Each</unitOfMeasure>
    <brandName>ThreeD</brandName>
    <supplierNumber>530Z3D-150G</supplierNumber>
    <specialInstructions/>
    <baseDealerPrice>284.50</baseDealerPrice>
    <yourDealerPrice>284.50</yourDealerPrice>
    <baseRetailPrice>437.94</baseRetailPrice>
    <originalRetailPrice>383.95</originalRetailPrice>
    <partImage>http://asset.lemansnet.com/z/LzgvMC9BLzgwQUY0RjEwLTE3MEMtNDJEMi04MzI2LTQ0NUVFQ0MyRTUyQw==</partImage>
    <productId>0596231625</productId>
    <productName>530 Z Chain</productName>
    <productImage>http://asset.lemansnet.com/z/L0MvQy9DL0NDQ0NCMjYxLUEzMDQtNEU3MS05RENGLUY1NDQyMUY0MDhEOQ==</productImage>
    <bullet1>Precise forging process leads to a stiff chain for better acceleration and more efficient engine work</bullet1>
    <bullet2>Lightening hole allows for a lighter chain without compromising strength while removing mud and dispersing heat more efficiently</bullet2>
    <bullet3>Improvement in transmission efficiency</bullet3>
    <bullet4>Special pin with holes in both ends allow the chain to be lightened</bullet4>
    <bullet5>Edge-cut inner plate reduces friction and allows for smooth engagement with sprocket</bullet5>
    <bullet6/>
    <bullet7/>
    <bullet8/>
    <bullet9/>
    <bullet10/>
    <bullet11/>
    <bullet12/>
    <bullet13/>
    <bullet14/>
    <bullet15/>
    <bullet16/>
    <bullet17/>
    <bullet18/>
    <bullet19/>
    <bullet20/>
    <bullet21/>
    <bullet22/>
    <bullet23/>
    <bullet24/>
    <vendorPriceUpdateDate>2021-10-20 00:00:00</vendorPriceUpdateDate>
  </part>
  <part>
    <partNumber>12230572</partNumber>
    <punctuatedPartNumber>1223-0572</punctuatedPartNumber>
    <partStatusDescription>STANDARD</partStatusDescription>
    <partDescription>530 Z - Drive Chain - 120 Links - Black/Gold</partDescription>
    <unitOfMeasure>Each</unitOfMeasure>
    <brandName>ThreeD</brandName>
    <supplierNumber>530Z3D-120KG</supplierNumber>
    <specialInstructions>Actually Black/Gold</specialInstructions>
    <baseDealerPrice>227.60</baseDealerPrice>
    <yourDealerPrice>227.60</yourDealerPrice>
    <baseRetailPrice>350.34</baseRetailPrice>
    <originalRetailPrice>306.95</originalRetailPrice>
    <partImage>http://asset.lemansnet.com/z/LzgvNC82Lzg0Njg5MUMwLTczQkYtNDYwOC04RENBLTA3QkJFM0U3RUNBRiwvQy9DL0MvQ0NDQ0IyNjEtQTMwNC00RTcxLTlEQ0YtRjU0NDIxRjQwOEQ5</partImage>
    <productId>0596231625</productId>
    <productName>530 Z Chain</productName>
    <productImage>http://asset.lemansnet.com/z/L0MvQy9DL0NDQ0NCMjYxLUEzMDQtNEU3MS05RENGLUY1NDQyMUY0MDhEOQ==</productImage>
    <bullet1>Precise forging process leads to a stiff chain for better acceleration and more efficient engine work</bullet1>
    <bullet2>Lightening hole allows for a lighter chain without compromising strength while removing mud and dispersing heat more efficiently</bullet2>
    <bullet3>Improvement in transmission efficiency</bullet3>
    <bullet4>Special pin with holes in both ends allow the chain to be lightened</bullet4>
    <bullet5>Edge-cut inner plate reduces friction and allows for smooth engagement with sprocket</bullet5>
    <bullet6/>
    <bullet7/>
    <bullet8/>
    <bullet9/>
    <bullet10/>
    <bullet11/>
    <bullet12/>
    <bullet13/>
    <bullet14/>
    <bullet15/>
    <bullet16/>
    <bullet17/>
    <bullet18/>
    <bullet19/>
    <bullet20/>
    <bullet21/>
    <bullet22/>
    <bullet23/>
    <bullet24/>
    <vendorPriceUpdateDate>2021-10-20 00:00:00</vendorPriceUpdateDate>
  </part>
  <part>
    <partNumber>12230565</partNumber>
    <punctuatedPartNumber>1223-0565</punctuatedPartNumber>
    <partStatusDescription>STANDARD</partStatusDescription>
    <partDescription>525 Z - Chain - 150 Links - Gold</partDescription>
    <unitOfMeasure>Each</unitOfMeasure>
    <brandName>ThreeD</brandName>
    <supplierNumber>525Z3D-150G</supplierNumber>
    <specialInstructions/>
    <baseDealerPrice>283.60</baseDealerPrice>
    <yourDealerPrice>283.60</yourDealerPrice>
    <baseRetailPrice>436.74</baseRetailPrice>
    <originalRetailPrice>382.95</originalRetailPrice>
    <partImage>http://asset.lemansnet.com/z/LzcvMC8yLzcwMkVGODg2LTZCNjgtNEM5Mi04OEZELTlCRTMwNjQ5NDc5QiwvQy9DL0MvQ0NDQ0IyNjEtQTMwNC00RTcxLTlEQ0YtRjU0NDIxRjQwOEQ5</partImage>
    <productId>1953084562</productId>
    <productName>525 Z Chain</productName>
    <productImage>http://asset.lemansnet.com/z/L0MvQy9DL0NDQ0NCMjYxLUEzMDQtNEU3MS05RENGLUY1NDQyMUY0MDhEOQ==</productImage>
    <bullet1>Precise forging process leads to a stiff chain for better acceleration and more efficient engine work</bullet1>
    <bullet2>Lightening hole allows for a lighter chain without compromising strength while removing mud and dispersing heat move efficiently</bullet2>
    <bullet3>Improvement in transmission efficiency</bullet3>
    <bullet4>Special pin with holes in both ends allow the chain to be lightened</bullet4>
    <bullet5>Edge-cut inner plate reduces friction and allows for smooth engagement with sprocket</bullet5>
    <bullet6/>
    <bullet7/>
    <bullet8/>
    <bullet9/>
    <bullet10/>
    <bullet11/>
    <bullet12/>
    <bullet13/>
    <bullet14/>
    <bullet15/>
    <bullet16/>
    <bullet17/>
    <bullet18/>
    <bullet19/>
    <bullet20/>
    <bullet21/>
    <bullet22/>
    <bullet23/>
    <bullet24/>
    <vendorPriceUpdateDate>2021-10-20 00:00:00</vendorPriceUpdateDate>
  </part>
</root>
