<root>
  <part>
    <partNumber>11310459</partNumber>
    <punctuatedPartNumber>1131-0459</punctuatedPartNumber>
    <partStatusDescription>DISCONTINUED</partStatusDescription>
    <partDescription>Steel Plate</partDescription>
    <unitOfMeasure>Each</unitOfMeasure>
    <brandName>ALTO PRODUCTS</brandName>
    <supplierNumber>095731-160UP1</supplierNumber>
    <specialInstructions>DISCONTINUED ITEM</specialInstructions>
    <baseDealerPrice>5.30</baseDealerPrice>
    <yourDealerPrice>5.30</yourDealerPrice>
    <baseRetailPrice>0.00</baseRetailPrice>
    <originalRetailPrice>13.95</originalRetailPrice>
    <partImage>http://asset.lemansnet.com/z/LzMvMS83LzMxNzMzNEJCLTczMzYtNENDQi1BNDdFLTZEN0Q0MUNBQjMxNw==</partImage>
    <productId>1479940548</productId>
    <productName>Steel Plate</productName>
    <productImage>http://asset.lemansnet.com/z/LzQvOC9BLzQ4QTdGMjJELTQ2QzEtNDZEOS05RUQwLUE1RUE3MjMzQzQ0RA==</productImage>
    <bullet1>Increased surface area for decreased slipping</bullet1>
    <bullet2>Increases holding while decreasing heat generation</bullet2>
    <bullet3>Precision-made steel plates</bullet3>
    <bullet4>Meets or exceeds OEM specifications</bullet4>
    <bullet5>Made in the U.S.A.</bullet5>
    <bullet6/>
    <bullet7/>
    <bullet8/>
    <bullet9/>
    <bullet10/>
    <bullet11/>
    <bullet12/>
    <bullet13/>
    <bullet14/>
    <bullet15/>
    <bullet16/>
    <bullet17/>
    <bullet18/>
    <bullet19/>
    <bullet20/>
    <bullet21/>
    <bullet22/>
    <bullet23/>
    <bullet24/>
    <vendorPriceUpdateDate>2022-09-13 00:00:00</vendorPriceUpdateDate>
  </part>
  <part>
    <partNumber>11310496</partNumber>
    <punctuatedPartNumber>1131-0496</punctuatedPartNumber>
    <partStatusDescription>DISCONTINUED</partStatusDescription>
    <partDescription>Rivera Pro Clutch Plate - Bronze</partDescription>
    <unitOfMeasure>Each</unitOfMeasure>
    <brandName>ALTO PRODUCTS</brandName>
    <supplierNumber>320720BRUP1</supplierNumber>
    <specialInstructions>DISCONTINUED ITEM</specialInstructions>
    <baseDealerPrice>21.90</baseDealerPrice>
    <yourDealerPrice>21.90</yourDealerPrice>
    <baseRetailPrice>0.00</baseRetailPrice>
    <originalRetailPrice>37.95</originalRetailPrice>
    <partImage>http://asset.lemansnet.com/z/LzkvNi83Lzk2N0YwNUUzLTIwNzQtNDQ2Ri1CNjkwLUJFNDhGMzlEMDEzRg==</partImage>
    <productId>0883526733</productId>
    <productName>Rivera Pro Replacement Clutch Plate</productName>
    <productImage>http://asset.lemansnet.com/z/LzkvNi83Lzk2N0YwNUUzLTIwNzQtNDQ2Ri1CNjkwLUJFNDhGMzlEMDEzRg==</productImage>
    <bullet1>Provides a large increase in clutch plate surface for getting horsepower to the rear wheel</bullet1>
    <bullet2>Meets or exceeds OEM specifications</bullet2>
    <bullet3>Made in the U.S.A.</bullet3>
    <bullet4/>
    <bullet5/>
    <bullet6/>
    <bullet7/>
    <bullet8/>
    <bullet9/>
    <bullet10/>
    <bullet11/>
    <bullet12/>
    <bullet13/>
    <bullet14/>
    <bullet15/>
    <bullet16/>
    <bullet17/>
    <bullet18/>
    <bullet19/>
    <bullet20/>
    <bullet21/>
    <bullet22/>
    <bullet23/>
    <bullet24/>
    <vendorPriceUpdateDate>2022-09-13 00:00:00</vendorPriceUpdateDate>
  </part>
  <part>
    <partNumber>11310486</partNumber>
    <punctuatedPartNumber>1131-0486</punctuatedPartNumber>
    <partStatusDescription>STANDARD</partStatusDescription>
    <partDescription>Steel Plate Set</partDescription>
    <unitOfMeasure>Set of 7</unitOfMeasure>
    <brandName>ALTO PRODUCTS</brandName>
    <supplierNumber>095753M</supplierNumber>
    <specialInstructions/>
    <baseDealerPrice>36.70</baseDealerPrice>
    <yourDealerPrice>36.70</yourDealerPrice>
    <baseRetailPrice>56.95</baseRetailPrice>
    <originalRetailPrice>56.95</originalRetailPrice>
    <partImage>http://asset.lemansnet.com/z/L0YvRi9GL0ZGRkIzMjZGLTZBNkItNDZDOS04NzI2LTBENDM4QkRBMDNDMg==</partImage>
    <productId>2027215821</productId>
    <productName>Steel Plate Set</productName>
    <productImage>http://asset.lemansnet.com/z/LzUvRi83LzVGNzk5RTI2LUZFOTYtNDcxRS05M0JCLTZCRTc1QjBCMTA3MA==</productImage>
    <bullet1>Precision-made</bullet1>
    <bullet2/>
    <bullet3/>
    <bullet4/>
    <bullet5/>
    <bullet6/>
    <bullet7/>
    <bullet8/>
    <bullet9/>
    <bullet10/>
    <bullet11/>
    <bullet12/>
    <bullet13/>
    <bullet14/>
    <bullet15/>
    <bullet16/>
    <bullet17/>
    <bullet18/>
    <bullet19/>
    <bullet20/>
    <bullet21/>
    <bullet22/>
    <bullet23/>
    <bullet24/>
    <vendorPriceUpdateDate>2023-04-22 00:00:00</vendorPriceUpdateDate>
  </part>
  <part>
    <partNumber>11310487</partNumber>
    <punctuatedPartNumber>1131-0487</punctuatedPartNumber>
    <partStatusDescription>STANDARD</partStatusDescription>
    <partDescription>Steel Plate Set - Big Twin</partDescription>
    <unitOfMeasure>Set of 8</unitOfMeasure>
    <brandName>ALTO PRODUCTS</brandName>
    <supplierNumber>095753N</supplierNumber>
    <specialInstructions/>
    <baseDealerPrice>43.70</baseDealerPrice>
    <yourDealerPrice>43.70</yourDealerPrice>
    <baseRetailPrice>67.95</baseRetailPrice>
    <originalRetailPrice>67.95</originalRetailPrice>
    <partImage>http://asset.lemansnet.com/z/LzAvQS84LzBBOEZDNzExLTI3MjUtNDFGNi05RDU4LUQ4Qjc0OEREN0QxMg==</partImage>
    <productId>2027215821</productId>
    <productName>Steel Plate Set</productName>
    <productImage>http://asset.lemansnet.com/z/LzUvRi83LzVGNzk5RTI2LUZFOTYtNDcxRS05M0JCLTZCRTc1QjBCMTA3MA==</productImage>
    <bullet1>Precision-made</bullet1>
    <bullet2/>
    <bullet3/>
    <bullet4/>
    <bullet5/>
    <bullet6/>
    <bullet7/>
    <bullet8/>
    <bullet9/>
    <bullet10/>
    <bullet11/>
    <bullet12/>
    <bullet13/>
    <bullet14/>
    <bullet15/>
    <bullet16/>
    <bullet17/>
    <bullet18/>
    <bullet19/>
    <bullet20/>
    <bullet21/>
    <bullet22/>
    <bullet23/>
    <bullet24/>
    <vendorPriceUpdateDate>2023-04-22 00:00:00</vendorPriceUpdateDate>
  </part>
  <part>
    <partNumber>11310488</partNumber>
    <punctuatedPartNumber>1131-0488</punctuatedPartNumber>
    <partStatusDescription>STANDARD</partStatusDescription>
    <partDescription>Steel Plate - Standard - Big Twin '41-Early '84</partDescription>
    <unitOfMeasure>Each</unitOfMeasure>
    <brandName>ALTO PRODUCTS</brandName>
    <supplierNumber>095761-290UP1</supplierNumber>
    <specialInstructions/>
    <baseDealerPrice>6.60</baseDealerPrice>
    <yourDealerPrice>6.60</yourDealerPrice>
    <baseRetailPrice>10.95</baseRetailPrice>
    <originalRetailPrice>15.95</originalRetailPrice>
    <partImage>http://asset.lemansnet.com/z/L0UvMC8zL0UwM0JEMDVDLTdBRjItNEU2NC1CQjZCLTA1QzlDRUJERDgzNiwvRi9BLzUvRkE1MzNCQjItRUZGMC00NTBBLTlBQkUtRTBBNDQzOTE4M0Q2</partImage>
    <productId>2123244674</productId>
    <productName>Steel Plate</productName>
    <productImage>http://asset.lemansnet.com/z/L0YvQS81L0ZBNTMzQkIyLUVGRjAtNDUwQS05QUJFLUUwQTQ0MzkxODNENg==</productImage>
    <bullet1>Precision-made clutch plate</bullet1>
    <bullet2/>
    <bullet3/>
    <bullet4/>
    <bullet5/>
    <bullet6/>
    <bullet7/>
    <bullet8/>
    <bullet9/>
    <bullet10/>
    <bullet11/>
    <bullet12/>
    <bullet13/>
    <bullet14/>
    <bullet15/>
    <bullet16/>
    <bullet17/>
    <bullet18/>
    <bullet19/>
    <bullet20/>
    <bullet21/>
    <bullet22/>
    <bullet23/>
    <bullet24/>
    <vendorPriceUpdateDate>2022-09-13 00:00:00</vendorPriceUpdateDate>
  </part>
  <part>
    <partNumber>11310489</partNumber>
    <punctuatedPartNumber>1131-0489</punctuatedPartNumber>
    <partStatusDescription>STANDARD</partStatusDescription>
    <partDescription>Steel Plate with Anti Rattler</partDescription>
    <unitOfMeasure>Each</unitOfMeasure>
    <brandName>ALTO PRODUCTS</brandName>
    <supplierNumber>095753K</supplierNumber>
    <specialInstructions/>
    <baseDealerPrice>12.00</baseDealerPrice>
    <yourDealerPrice>12.00</yourDealerPrice>
    <baseRetailPrice>18.95</baseRetailPrice>
    <originalRetailPrice>18.95</originalRetailPrice>
    <partImage>http://asset.lemansnet.com/z/LzAvRS85LzBFOTc0MUJELTNEQkEtNEY1Qi1BNjE1LUNBM0Q3NEFCRDM1Ng==</partImage>
    <productId>0451884722</productId>
    <productName>Steel Plate with Anti Rattler</productName>
    <productImage>http://asset.lemansnet.com/z/LzAvRS85LzBFOTc0MUJELTNEQkEtNEY1Qi1BNjE1LUNBM0Q3NEFCRDM1Ng==</productImage>
    <bullet1>Individual steel clutch plate with anti-rattler</bullet1>
    <bullet2/>
    <bullet3/>
    <bullet4/>
    <bullet5/>
    <bullet6/>
    <bullet7/>
    <bullet8/>
    <bullet9/>
    <bullet10/>
    <bullet11/>
    <bullet12/>
    <bullet13/>
    <bullet14/>
    <bullet15/>
    <bullet16/>
    <bullet17/>
    <bullet18/>
    <bullet19/>
    <bullet20/>
    <bullet21/>
    <bullet22/>
    <bullet23/>
    <bullet24/>
    <vendorPriceUpdateDate>2022-09-13 00:00:00</vendorPriceUpdateDate>
  </part>
  <part>
    <partNumber>11310490</partNumber>
    <punctuatedPartNumber>1131-0490</punctuatedPartNumber>
    <partStatusDescription>STANDARD</partStatusDescription>
    <partDescription>Steel Plate - Small Lug - Big Twin '41-Early '84</partDescription>
    <unitOfMeasure>Each</unitOfMeasure>
    <brandName>ALTO PRODUCTS</brandName>
    <supplierNumber>095761B290UP1</supplierNumber>
    <specialInstructions/>
    <baseDealerPrice>7.30</baseDealerPrice>
    <yourDealerPrice>7.30</yourDealerPrice>
    <baseRetailPrice>11.95</baseRetailPrice>
    <originalRetailPrice>17.95</originalRetailPrice>
    <partImage>http://asset.lemansnet.com/z/LzkvNi84Lzk2OEU3RDlCLUVGN0ItNDA1NS1BRURFLUQ3MEU2RDJDNkYwMiwvOS9ELzcvOUQ3OTFEODUtNjg5Qy00NDZBLTgyNkQtRjlBRDJFRTdGQTkx</partImage>
    <productId>2123244674</productId>
    <productName>Steel Plate</productName>
    <productImage>http://asset.lemansnet.com/z/L0YvQS81L0ZBNTMzQkIyLUVGRjAtNDUwQS05QUJFLUUwQTQ0MzkxODNENg==</productImage>
    <bullet1>Precision-made clutch plate</bullet1>
    <bullet2/>
    <bullet3/>
    <bullet4/>
    <bullet5/>
    <bullet6/>
    <bullet7/>
    <bullet8/>
    <bullet9/>
    <bullet10/>
    <bullet11/>
    <bullet12/>
    <bullet13/>
    <bullet14/>
    <bullet15/>
    <bullet16/>
    <bullet17/>
    <bullet18/>
    <bullet19/>
    <bullet20/>
    <bullet21/>
    <bullet22/>
    <bullet23/>
    <bullet24/>
    <vendorPriceUpdateDate>2022-09-13 00:00:00</vendorPriceUpdateDate>
  </part>
  <part>
    <partNumber>11310497</partNumber>
    <punctuatedPartNumber>1131-0497</punctuatedPartNumber>
    <partStatusDescription>STANDARD</partStatusDescription>
    <partDescription>Rivera Pro Clutch Plate</partDescription>
    <unitOfMeasure>Each</unitOfMeasure>
    <brandName>ALTO PRODUCTS</brandName>
    <supplierNumber>320720K220UP1</supplierNumber>
    <specialInstructions/>
    <baseDealerPrice>10.00</baseDealerPrice>
    <yourDealerPrice>10.00</yourDealerPrice>
    <baseRetailPrice>15.95</baseRetailPrice>
    <originalRetailPrice>21.95</originalRetailPrice>
    <partImage>http://asset.lemansnet.com/z/LzgvRi8xLzhGMUJEMjJFLTUwNjItNDA1NC04NDVELTYxN0ZFNjBCRTQyQQ==</partImage>
    <productId>0131091847</productId>
    <productName>Rivera Pro Replacement Clutch Plate</productName>
    <productImage>http://asset.lemansnet.com/z/LzkvNi83Lzk2N0YwNUUzLTIwNzQtNDQ2Ri1CNjkwLUJFNDhGMzlEMDEzRg==</productImage>
    <bullet1>Provides a large increase in clutch plate surface for getting horsepower to the rear wheel</bullet1>
    <bullet2>Meets or exceeds OEM specifications</bullet2>
    <bullet3>Made in the U.S.A.</bullet3>
    <bullet4/>
    <bullet5/>
    <bullet6/>
    <bullet7/>
    <bullet8/>
    <bullet9/>
    <bullet10/>
    <bullet11/>
    <bullet12/>
    <bullet13/>
    <bullet14/>
    <bullet15/>
    <bullet16/>
    <bullet17/>
    <bullet18/>
    <bullet19/>
    <bullet20/>
    <bullet21/>
    <bullet22/>
    <bullet23/>
    <bullet24/>
    <vendorPriceUpdateDate>2022-09-13 00:00:00</vendorPriceUpdateDate>
  </part>
  <part>
    <partNumber>11310498</partNumber>
    <punctuatedPartNumber>1131-0498</punctuatedPartNumber>
    <partStatusDescription>STANDARD</partStatusDescription>
    <partDescription>Rivera Pro Clutch Plate - Steel - 0.047"</partDescription>
    <unitOfMeasure>Each</unitOfMeasure>
    <brandName>ALTO PRODUCTS</brandName>
    <supplierNumber>320721-120UP1</supplierNumber>
    <specialInstructions/>
    <baseDealerPrice>3.90</baseDealerPrice>
    <yourDealerPrice>3.90</yourDealerPrice>
    <baseRetailPrice>5.95</baseRetailPrice>
    <originalRetailPrice>9.95</originalRetailPrice>
    <partImage>http://asset.lemansnet.com/z/L0UvMi9GL0UyRkY5MUJFLTQ1NUQtNDg2Ri1CQTE2LUEyN0RDRUY4QkI2RQ==</partImage>
    <productId>2052642295</productId>
    <productName>Rivera Pro Replacement Clutch Plate</productName>
    <productImage>http://asset.lemansnet.com/z/LzkvNi83Lzk2N0YwNUUzLTIwNzQtNDQ2Ri1CNjkwLUJFNDhGMzlEMDEzRg==</productImage>
    <bullet1>Provides a large increase in clutch plate surface for getting horsepower to the rear wheel</bullet1>
    <bullet2>Meets or exceeds OEM specifications</bullet2>
    <bullet3>Made in the U.S.A.</bullet3>
    <bullet4/>
    <bullet5/>
    <bullet6/>
    <bullet7/>
    <bullet8/>
    <bullet9/>
    <bullet10/>
    <bullet11/>
    <bullet12/>
    <bullet13/>
    <bullet14/>
    <bullet15/>
    <bullet16/>
    <bullet17/>
    <bullet18/>
    <bullet19/>
    <bullet20/>
    <bullet21/>
    <bullet22/>
    <bullet23/>
    <bullet24/>
    <vendorPriceUpdateDate>2022-09-13 00:00:00</vendorPriceUpdateDate>
  </part>
  <part>
    <partNumber>11310499</partNumber>
    <punctuatedPartNumber>1131-0499</punctuatedPartNumber>
    <partStatusDescription>STANDARD</partStatusDescription>
    <partDescription>Rivera Pro Clutch Plate - Steel - 0.080"</partDescription>
    <unitOfMeasure>Each</unitOfMeasure>
    <brandName>ALTO PRODUCTS</brandName>
    <supplierNumber>320721-200UP1</supplierNumber>
    <specialInstructions/>
    <baseDealerPrice>4.60</baseDealerPrice>
    <yourDealerPrice>4.60</yourDealerPrice>
    <baseRetailPrice>7.95</baseRetailPrice>
    <originalRetailPrice>10.95</originalRetailPrice>
    <partImage>http://asset.lemansnet.com/z/L0UvMi9GL0UyRkY5MUJFLTQ1NUQtNDg2Ri1CQTE2LUEyN0RDRUY4QkI2RQ==</partImage>
    <productId>1105209531</productId>
    <productName>Rivera Pro Replacement Clutch Plate</productName>
    <productImage>http://asset.lemansnet.com/z/LzkvNi83Lzk2N0YwNUUzLTIwNzQtNDQ2Ri1CNjkwLUJFNDhGMzlEMDEzRg==</productImage>
    <bullet1>Provides a large increase in clutch plate surface for getting horsepower to the rear wheel</bullet1>
    <bullet2>Meets or exceeds OEM specifications</bullet2>
    <bullet3>Made in the U.S.A.</bullet3>
    <bullet4/>
    <bullet5/>
    <bullet6/>
    <bullet7/>
    <bullet8/>
    <bullet9/>
    <bullet10/>
    <bullet11/>
    <bullet12/>
    <bullet13/>
    <bullet14/>
    <bullet15/>
    <bullet16/>
    <bullet17/>
    <bullet18/>
    <bullet19/>
    <bullet20/>
    <bullet21/>
    <bullet22/>
    <bullet23/>
    <bullet24/>
    <vendorPriceUpdateDate>2022-09-13 00:00:00</vendorPriceUpdateDate>
  </part>
  <part>
    <partNumber>11310502</partNumber>
    <punctuatedPartNumber>1131-0502</punctuatedPartNumber>
    <partStatusDescription>STANDARD</partStatusDescription>
    <partDescription>Rivera Pro Clutch Plate - Red Eagle</partDescription>
    <unitOfMeasure>Each</unitOfMeasure>
    <brandName>ALTO PRODUCTS</brandName>
    <supplierNumber>320730-240UP1</supplierNumber>
    <specialInstructions/>
    <baseDealerPrice>7.40</baseDealerPrice>
    <yourDealerPrice>7.40</yourDealerPrice>
    <baseRetailPrice>11.95</baseRetailPrice>
    <originalRetailPrice>17.95</originalRetailPrice>
    <partImage>http://asset.lemansnet.com/z/LzIvRi9DLzJGQzI0QTZGLThFQzUtNEVBMC04MTc2LUY3NzUyNDg4REQ3Mw==</partImage>
    <productId>0131091847</productId>
    <productName>Rivera Pro Replacement Clutch Plate</productName>
    <productImage>http://asset.lemansnet.com/z/LzkvNi83Lzk2N0YwNUUzLTIwNzQtNDQ2Ri1CNjkwLUJFNDhGMzlEMDEzRg==</productImage>
    <bullet1>Provides a large increase in clutch plate surface for getting horsepower to the rear wheel</bullet1>
    <bullet2>Meets or exceeds OEM specifications</bullet2>
    <bullet3>Made in the U.S.A.</bullet3>
    <bullet4/>
    <bullet5/>
    <bullet6/>
    <bullet7/>
    <bullet8/>
    <bullet9/>
    <bullet10/>
    <bullet11/>
    <bullet12/>
    <bullet13/>
    <bullet14/>
    <bullet15/>
    <bullet16/>
    <bullet17/>
    <bullet18/>
    <bullet19/>
    <bullet20/>
    <bullet21/>
    <bullet22/>
    <bullet23/>
    <bullet24/>
    <vendorPriceUpdateDate>2022-09-13 00:00:00</vendorPriceUpdateDate>
  </part>
  <part>
    <partNumber>11310503</partNumber>
    <punctuatedPartNumber>1131-0503</punctuatedPartNumber>
    <partStatusDescription>STANDARD</partStatusDescription>
    <partDescription>Round Dog BDL Replacement Clutch Plates</partDescription>
    <unitOfMeasure>Kit</unitOfMeasure>
    <brandName>ALTO PRODUCTS</brandName>
    <supplierNumber>320750A</supplierNumber>
    <specialInstructions/>
    <baseDealerPrice>100.10</baseDealerPrice>
    <yourDealerPrice>100.10</yourDealerPrice>
    <baseRetailPrice>153.95</baseRetailPrice>
    <originalRetailPrice>153.95</originalRetailPrice>
    <partImage>http://asset.lemansnet.com/z/LzkvNC85Lzk0OTI3NjQ3LUUzNzgtNDM5OS1CQzIxLUY5OTI4OERBM0MxMQ==</partImage>
    <productId>1508072107</productId>
    <productName>Clutch Plate Kit for BDL Round Dog Clutch Basket</productName>
    <productImage>http://asset.lemansnet.com/z/LzkvNC85Lzk0OTI3NjQ3LUUzNzgtNDM5OS1CQzIxLUY5OTI4OERBM0MxMQ==</productImage>
    <bullet1>Direct replacement clutch plates for BDL Quiet Clutches</bullet1>
    <bullet2>Kit includes seven Red Eagle fiber and seven steel plates</bullet2>
    <bullet3>Optional extreme-duty bronze plate available to replace fiber plate</bullet3>
    <bullet4>Made in the U.S.A.</bullet4>
    <bullet5>For BDL Round Dog clutch baskets</bullet5>
    <bullet6/>
    <bullet7/>
    <bullet8/>
    <bullet9/>
    <bullet10/>
    <bullet11/>
    <bullet12/>
    <bullet13/>
    <bullet14/>
    <bullet15/>
    <bullet16/>
    <bullet17/>
    <bullet18/>
    <bullet19/>
    <bullet20/>
    <bullet21/>
    <bullet22/>
    <bullet23/>
    <bullet24/>
    <vendorPriceUpdateDate>2023-04-22 00:00:00</vendorPriceUpdateDate>
  </part>
  <part>
    <partNumber>11310506</partNumber>
    <punctuatedPartNumber>1131-0506</punctuatedPartNumber>
    <partStatusDescription>STANDARD</partStatusDescription>
    <partDescription>Clutch Plates</partDescription>
    <unitOfMeasure>Kit</unitOfMeasure>
    <brandName>ALTO PRODUCTS</brandName>
    <supplierNumber>320750E</supplierNumber>
    <specialInstructions/>
    <baseDealerPrice>92.30</baseDealerPrice>
    <yourDealerPrice>92.30</yourDealerPrice>
    <baseRetailPrice>141.95</baseRetailPrice>
    <originalRetailPrice>141.95</originalRetailPrice>
    <partImage>http://asset.lemansnet.com/z/L0YvQS9FL0ZBRTNBMzNCLThEODctNERFMi04RkY4LUQzNDM0QUVDN0Y4Rg==</partImage>
    <productId>1854218284</productId>
    <productName>Rivera Pro Clutch Plate Kit</productName>
    <productImage>http://asset.lemansnet.com/z/L0YvQS9FL0ZBRTNBMzNCLThEODctNERFMi04RkY4LUQzNDM0QUVDN0Y4Rg==</productImage>
    <bullet1>Provides a large increase in clutch plate surface for getting horsepower to the rear wheel</bullet1>
    <bullet2>Meets or exceeds OEM specifications</bullet2>
    <bullet3>Kit includes the required number of fiber and steel plates for each application</bullet3>
    <bullet4>Made in the U.S.A.</bullet4>
    <bullet5/>
    <bullet6/>
    <bullet7/>
    <bullet8/>
    <bullet9/>
    <bullet10/>
    <bullet11/>
    <bullet12/>
    <bullet13/>
    <bullet14/>
    <bullet15/>
    <bullet16/>
    <bullet17/>
    <bullet18/>
    <bullet19/>
    <bullet20/>
    <bullet21/>
    <bullet22/>
    <bullet23/>
    <bullet24/>
    <vendorPriceUpdateDate>2023-04-22 00:00:00</vendorPriceUpdateDate>
  </part>
  <part>
    <partNumber>11310752</partNumber>
    <punctuatedPartNumber>1131-0752</punctuatedPartNumber>
    <partStatusDescription>STANDARD</partStatusDescription>
    <partDescription>Carbonite Clutch</partDescription>
    <unitOfMeasure>Kit</unitOfMeasure>
    <brandName>ALTO PRODUCTS</brandName>
    <supplierNumber>095750CC</supplierNumber>
    <specialInstructions/>
    <baseDealerPrice>162.10</baseDealerPrice>
    <yourDealerPrice>162.10</yourDealerPrice>
    <baseRetailPrice>249.95</baseRetailPrice>
    <originalRetailPrice>249.95</originalRetailPrice>
    <partImage>http://asset.lemansnet.com/z/LzAvRS9BLzBFQTYwQzBFLTU5NEEtNEQxRi1CNUY3LTU3NjQ4NzZDNTE1MA==</partImage>
    <productId>1670274521</productId>
    <productName>Carbonite Hi-Performance Powerpak Kit</productName>
    <productImage>http://asset.lemansnet.com/z/LzgvQi80LzhCNDBCMjM5LTBFOUYtNEQ4My1BRDc0LUEzMDgzNzJEMEM5Qw==</productImage>
    <bullet1>Made from 3M™ carbon-based friction-based material to withstand higher coefficients of friction and higher temperatures than any other product available</bullet1>
    <bullet2>Kolene® Melonite® treated steels for enhanced performance, engagement, longer life and cooler running</bullet2>
    <bullet3>Improves reliability by eliminating the use of OEM copper rivet clutch spring plate #37977-90</bullet3>
    <bullet4>10% more surface area for greater holding power</bullet4>
    <bullet5>Made in the USA</bullet5>
    <bullet6/>
    <bullet7/>
    <bullet8/>
    <bullet9/>
    <bullet10/>
    <bullet11/>
    <bullet12/>
    <bullet13/>
    <bullet14/>
    <bullet15/>
    <bullet16/>
    <bullet17/>
    <bullet18/>
    <bullet19/>
    <bullet20/>
    <bullet21/>
    <bullet22/>
    <bullet23/>
    <bullet24/>
    <vendorPriceUpdateDate>2023-04-22 00:00:00</vendorPriceUpdateDate>
  </part>
  <part>
    <partNumber>11310450</partNumber>
    <punctuatedPartNumber>1131-0450</punctuatedPartNumber>
    <partStatusDescription>STANDARD</partStatusDescription>
    <partDescription>Diaphragm Spring</partDescription>
    <unitOfMeasure>Each</unitOfMeasure>
    <brandName>ALTO PRODUCTS</brandName>
    <supplierNumber>026767UP1</supplierNumber>
    <specialInstructions/>
    <baseDealerPrice>22.80</baseDealerPrice>
    <yourDealerPrice>22.80</yourDealerPrice>
    <baseRetailPrice>35.95</baseRetailPrice>
    <originalRetailPrice>35.95</originalRetailPrice>
    <partImage>http://asset.lemansnet.com/z/LzQvNi85LzQ2OTQ3MDI0LTJCOTktNDQwNC04MDJCLThFM0ZFRjFCQjYwNQ==</partImage>
    <productId>0778658862</productId>
    <productName>Diaphragm Clutch Spring</productName>
    <productImage>http://asset.lemansnet.com/z/LzQvNi85LzQ2OTQ3MDI0LTJCOTktNDQwNC04MDJCLThFM0ZFRjFCQjYwNQ==</productImage>
    <bullet1>Standard-duty replacement spring</bullet1>
    <bullet2>Made in the U.S.A.</bullet2>
    <bullet3/>
    <bullet4/>
    <bullet5/>
    <bullet6/>
    <bullet7/>
    <bullet8/>
    <bullet9/>
    <bullet10/>
    <bullet11/>
    <bullet12/>
    <bullet13/>
    <bullet14/>
    <bullet15/>
    <bullet16/>
    <bullet17/>
    <bullet18/>
    <bullet19/>
    <bullet20/>
    <bullet21/>
    <bullet22/>
    <bullet23/>
    <bullet24/>
    <vendorPriceUpdateDate>2022-09-13 00:00:00</vendorPriceUpdateDate>
  </part>
  <part>
    <partNumber>11310451</partNumber>
    <punctuatedPartNumber>1131-0451</punctuatedPartNumber>
    <partStatusDescription>STANDARD</partStatusDescription>
    <partDescription>Red Eagle Plates</partDescription>
    <unitOfMeasure>8 Pack</unitOfMeasure>
    <brandName>ALTO PRODUCTS</brandName>
    <supplierNumber>095752</supplierNumber>
    <specialInstructions/>
    <baseDealerPrice>45.50</baseDealerPrice>
    <yourDealerPrice>45.50</yourDealerPrice>
    <baseRetailPrice>69.95</baseRetailPrice>
    <originalRetailPrice>69.95</originalRetailPrice>
    <partImage>http://asset.lemansnet.com/z/LzAvNS85LzA1OTY2QzhFLTk5MjEtNERDQi1CNDc4LUZGQkUzNDkxRUNFOA==</partImage>
    <productId>0660014461</productId>
    <productName>Red Eagle Organic Clutch Friction Plate Set</productName>
    <productImage>http://asset.lemansnet.com/z/LzAvNS85LzA1OTY2QzhFLTk5MjEtNERDQi1CNDc4LUZGQkUzNDkxRUNFOA==</productImage>
    <bullet1>Aramid plates are for high-performance applications; Red Eagle organic plates are for OEM replacement</bullet1>
    <bullet2>Increased surface area for decreased slipping</bullet2>
    <bullet3>Increases holding while decreasing heat generation</bullet3>
    <bullet4>Can be run wet or dry</bullet4>
    <bullet5>Meets or exceeds OEM specifications</bullet5>
    <bullet6>Made in the USA</bullet6>
    <bullet7/>
    <bullet8/>
    <bullet9/>
    <bullet10/>
    <bullet11/>
    <bullet12/>
    <bullet13/>
    <bullet14/>
    <bullet15/>
    <bullet16/>
    <bullet17/>
    <bullet18/>
    <bullet19/>
    <bullet20/>
    <bullet21/>
    <bullet22/>
    <bullet23/>
    <bullet24/>
    <vendorPriceUpdateDate>2023-04-22 00:00:00</vendorPriceUpdateDate>
  </part>
  <part>
    <partNumber>11310452</partNumber>
    <punctuatedPartNumber>1131-0452</punctuatedPartNumber>
    <partStatusDescription>STANDARD</partStatusDescription>
    <partDescription>Steel Plate Set</partDescription>
    <unitOfMeasure>Set of 8</unitOfMeasure>
    <brandName>ALTO PRODUCTS</brandName>
    <supplierNumber>095753</supplierNumber>
    <specialInstructions/>
    <baseDealerPrice>38.90</baseDealerPrice>
    <yourDealerPrice>38.90</yourDealerPrice>
    <baseRetailPrice>59.95</baseRetailPrice>
    <originalRetailPrice>59.95</originalRetailPrice>
    <partImage>http://asset.lemansnet.com/z/LzIvOS85LzI5OTA0QjU4LTlGQjctNDFERC05RDM3LUFFQzhDMEI1QTAxMg==</partImage>
    <productId>2027215821</productId>
    <productName>Steel Plate Set</productName>
    <productImage>http://asset.lemansnet.com/z/LzUvRi83LzVGNzk5RTI2LUZFOTYtNDcxRS05M0JCLTZCRTc1QjBCMTA3MA==</productImage>
    <bullet1>Precision-made</bullet1>
    <bullet2/>
    <bullet3/>
    <bullet4/>
    <bullet5/>
    <bullet6/>
    <bullet7/>
    <bullet8/>
    <bullet9/>
    <bullet10/>
    <bullet11/>
    <bullet12/>
    <bullet13/>
    <bullet14/>
    <bullet15/>
    <bullet16/>
    <bullet17/>
    <bullet18/>
    <bullet19/>
    <bullet20/>
    <bullet21/>
    <bullet22/>
    <bullet23/>
    <bullet24/>
    <vendorPriceUpdateDate>2023-04-22 00:00:00</vendorPriceUpdateDate>
  </part>
  <part>
    <partNumber>11310455</partNumber>
    <punctuatedPartNumber>1131-0455</punctuatedPartNumber>
    <partStatusDescription>STANDARD</partStatusDescription>
    <partDescription>Steel Plate</partDescription>
    <unitOfMeasure>Each</unitOfMeasure>
    <brandName>ALTO PRODUCTS</brandName>
    <supplierNumber>095781UP1</supplierNumber>
    <specialInstructions/>
    <baseDealerPrice>6.00</baseDealerPrice>
    <yourDealerPrice>6.00</yourDealerPrice>
    <baseRetailPrice>9.95</baseRetailPrice>
    <originalRetailPrice>13.95</originalRetailPrice>
    <partImage>http://asset.lemansnet.com/z/LzQvOC9BLzQ4QTdGMjJELTQ2QzEtNDZEOS05RUQwLUE1RUE3MjMzQzQ0RA==</partImage>
    <productId>1754637783</productId>
    <productName>Steel Plate</productName>
    <productImage>http://asset.lemansnet.com/z/LzQvOC9BLzQ4QTdGMjJELTQ2QzEtNDZEOS05RUQwLUE1RUE3MjMzQzQ0RA==</productImage>
    <bullet1>Increased surface area for decreased slipping</bullet1>
    <bullet2>Increases holding while decreasing heat generation</bullet2>
    <bullet3>Precision-made steel plates</bullet3>
    <bullet4>Meets or exceeds OEM specifications</bullet4>
    <bullet5>Made in the U.S.A.</bullet5>
    <bullet6/>
    <bullet7/>
    <bullet8/>
    <bullet9/>
    <bullet10/>
    <bullet11/>
    <bullet12/>
    <bullet13/>
    <bullet14/>
    <bullet15/>
    <bullet16/>
    <bullet17/>
    <bullet18/>
    <bullet19/>
    <bullet20/>
    <bullet21/>
    <bullet22/>
    <bullet23/>
    <bullet24/>
    <vendorPriceUpdateDate>2022-09-13 00:00:00</vendorPriceUpdateDate>
  </part>
  <part>
    <partNumber>11310457</partNumber>
    <punctuatedPartNumber>1131-0457</punctuatedPartNumber>
    <partStatusDescription>STANDARD</partStatusDescription>
    <partDescription>Outer Drive Plate</partDescription>
    <unitOfMeasure>Each</unitOfMeasure>
    <brandName>ALTO PRODUCTS</brandName>
    <supplierNumber>095720-450UP1</supplierNumber>
    <specialInstructions/>
    <baseDealerPrice>9.80</baseDealerPrice>
    <yourDealerPrice>9.80</yourDealerPrice>
    <baseRetailPrice>15.95</baseRetailPrice>
    <originalRetailPrice>21.95</originalRetailPrice>
    <partImage>http://asset.lemansnet.com/z/LzkvMS82LzkxNjczRTJCLTMwMzMtNEQ3Mi04MUNGLTM2N0Q3QTYxOEY5OA==</partImage>
    <productId>2059268764</productId>
    <productName>Outer Drive Plate</productName>
    <productImage>http://asset.lemansnet.com/z/LzkvMS82LzkxNjczRTJCLTMwMzMtNEQ3Mi04MUNGLTM2N0Q3QTYxOEY5OA==</productImage>
    <bullet1>Alloy friction plate, bonded on one side only with Red Eagle organic material</bullet1>
    <bullet2/>
    <bullet3/>
    <bullet4/>
    <bullet5/>
    <bullet6/>
    <bullet7/>
    <bullet8/>
    <bullet9/>
    <bullet10/>
    <bullet11/>
    <bullet12/>
    <bullet13/>
    <bullet14/>
    <bullet15/>
    <bullet16/>
    <bullet17/>
    <bullet18/>
    <bullet19/>
    <bullet20/>
    <bullet21/>
    <bullet22/>
    <bullet23/>
    <bullet24/>
    <vendorPriceUpdateDate>2022-09-13 00:00:00</vendorPriceUpdateDate>
  </part>
  <part>
    <partNumber>11310460</partNumber>
    <punctuatedPartNumber>1131-0460</punctuatedPartNumber>
    <partStatusDescription>STANDARD</partStatusDescription>
    <partDescription>Carbonite Clutch - Harley-Davidson/Buell</partDescription>
    <unitOfMeasure>Kit</unitOfMeasure>
    <brandName>ALTO PRODUCTS</brandName>
    <supplierNumber>095750BC</supplierNumber>
    <specialInstructions/>
    <baseDealerPrice>162.10</baseDealerPrice>
    <yourDealerPrice>162.10</yourDealerPrice>
    <baseRetailPrice>249.95</baseRetailPrice>
    <originalRetailPrice>249.95</originalRetailPrice>
    <partImage>http://asset.lemansnet.com/z/LzgvQi80LzhCNDBCMjM5LTBFOUYtNEQ4My1BRDc0LUEzMDgzNzJEMEM5Qw==</partImage>
    <productId>1342669362</productId>
    <productName>Carbonite Hi-Performance Powerpak Kit</productName>
    <productImage>http://asset.lemansnet.com/z/LzgvQi80LzhCNDBCMjM5LTBFOUYtNEQ4My1BRDc0LUEzMDgzNzJEMEM5Qw==</productImage>
    <bullet1>Made from 3M™ carbon-based friction-based material to withstand higher coefficients of friction and higher temperatures than any other product available</bullet1>
    <bullet2>Kolene® Melonite® treated steels for enhanced performance, engagement, longer life and cooler running</bullet2>
    <bullet3>Improves reliability by eliminating the use of OEM copper rivet clutch spring plate #37977-90</bullet3>
    <bullet4>10% more surface area for greater holding power</bullet4>
    <bullet5>Made in the USA</bullet5>
    <bullet6/>
    <bullet7/>
    <bullet8/>
    <bullet9/>
    <bullet10/>
    <bullet11/>
    <bullet12/>
    <bullet13/>
    <bullet14/>
    <bullet15/>
    <bullet16/>
    <bullet17/>
    <bullet18/>
    <bullet19/>
    <bullet20/>
    <bullet21/>
    <bullet22/>
    <bullet23/>
    <bullet24/>
    <vendorPriceUpdateDate>2023-04-22 00:00:00</vendorPriceUpdateDate>
  </part>
  <part>
    <partNumber>11310462</partNumber>
    <punctuatedPartNumber>1131-0462</punctuatedPartNumber>
    <partStatusDescription>STANDARD</partStatusDescription>
    <partDescription>Carbonite Clutch - '84-'89 Big Twin</partDescription>
    <unitOfMeasure>Kit</unitOfMeasure>
    <brandName>ALTO PRODUCTS</brandName>
    <supplierNumber>095750EC</supplierNumber>
    <specialInstructions/>
    <baseDealerPrice>165.10</baseDealerPrice>
    <yourDealerPrice>165.10</yourDealerPrice>
    <baseRetailPrice>253.95</baseRetailPrice>
    <originalRetailPrice>253.95</originalRetailPrice>
    <partImage>http://asset.lemansnet.com/z/LzkvNi85Lzk2OTg3RUVBLTRGMEQtNDIwQS05MERGLTgwN0NFODhFODVDRA==</partImage>
    <productId>0418962147</productId>
    <productName>Carbonite Hi-Performance Powerpak Kit</productName>
    <productImage>http://asset.lemansnet.com/z/LzgvQi80LzhCNDBCMjM5LTBFOUYtNEQ4My1BRDc0LUEzMDgzNzJEMEM5Qw==</productImage>
    <bullet1>Made from 3M™ carbon-based friction-based material to withstand higher coefficients of friction and higher temperatures than any other product available</bullet1>
    <bullet2>Kolene® Melonite® treated steels for enhanced performance, engagement, longer life and cooler running</bullet2>
    <bullet3>Improves reliability by eliminating the use of OEM copper rivet clutch spring plate #37977-90</bullet3>
    <bullet4>10% more surface area for greater holding power</bullet4>
    <bullet5>Made in the USA</bullet5>
    <bullet6/>
    <bullet7/>
    <bullet8/>
    <bullet9/>
    <bullet10/>
    <bullet11/>
    <bullet12/>
    <bullet13/>
    <bullet14/>
    <bullet15/>
    <bullet16/>
    <bullet17/>
    <bullet18/>
    <bullet19/>
    <bullet20/>
    <bullet21/>
    <bullet22/>
    <bullet23/>
    <bullet24/>
    <vendorPriceUpdateDate>2023-04-22 00:00:00</vendorPriceUpdateDate>
  </part>
  <part>
    <partNumber>11310464</partNumber>
    <punctuatedPartNumber>1131-0464</punctuatedPartNumber>
    <partStatusDescription>STANDARD</partStatusDescription>
    <partDescription>Red Eagle Plates - '84-'90 XL</partDescription>
    <unitOfMeasure>7 Pack</unitOfMeasure>
    <brandName>ALTO PRODUCTS</brandName>
    <supplierNumber>095752A</supplierNumber>
    <specialInstructions/>
    <baseDealerPrice>49.00</baseDealerPrice>
    <yourDealerPrice>49.00</yourDealerPrice>
    <baseRetailPrice>75.95</baseRetailPrice>
    <originalRetailPrice>75.95</originalRetailPrice>
    <partImage>http://asset.lemansnet.com/z/LzkvNS9BLzk1QTI2NDU5LTRBRDMtNDI1Qi1BNEVBLUJGOTBENzIzRTdBNg==</partImage>
    <productId>0660014461</productId>
    <productName>Red Eagle Organic Clutch Friction Plate Set</productName>
    <productImage>http://asset.lemansnet.com/z/LzAvNS85LzA1OTY2QzhFLTk5MjEtNERDQi1CNDc4LUZGQkUzNDkxRUNFOA==</productImage>
    <bullet1>Aramid plates are for high-performance applications; Red Eagle organic plates are for OEM replacement</bullet1>
    <bullet2>Increased surface area for decreased slipping</bullet2>
    <bullet3>Increases holding while decreasing heat generation</bullet3>
    <bullet4>Can be run wet or dry</bullet4>
    <bullet5>Meets or exceeds OEM specifications</bullet5>
    <bullet6>Made in the USA</bullet6>
    <bullet7/>
    <bullet8/>
    <bullet9/>
    <bullet10/>
    <bullet11/>
    <bullet12/>
    <bullet13/>
    <bullet14/>
    <bullet15/>
    <bullet16/>
    <bullet17/>
    <bullet18/>
    <bullet19/>
    <bullet20/>
    <bullet21/>
    <bullet22/>
    <bullet23/>
    <bullet24/>
    <vendorPriceUpdateDate>2023-04-22 00:00:00</vendorPriceUpdateDate>
  </part>
  <part>
    <partNumber>11310465</partNumber>
    <punctuatedPartNumber>1131-0465</punctuatedPartNumber>
    <partStatusDescription>STANDARD</partStatusDescription>
    <partDescription>Red Eagle Plates</partDescription>
    <unitOfMeasure>8 Pack</unitOfMeasure>
    <brandName>ALTO PRODUCTS</brandName>
    <supplierNumber>095752B</supplierNumber>
    <specialInstructions/>
    <baseDealerPrice>39.40</baseDealerPrice>
    <yourDealerPrice>39.40</yourDealerPrice>
    <baseRetailPrice>60.95</baseRetailPrice>
    <originalRetailPrice>60.95</originalRetailPrice>
    <partImage>http://asset.lemansnet.com/z/L0YvRi9BL0ZGQUVBNzE4LTQ2MTQtNDI2Mi1CMDJGLTRFRjg0NUFCQkQ0MQ==</partImage>
    <productId>0660014461</productId>
    <productName>Red Eagle Organic Clutch Friction Plate Set</productName>
    <productImage>http://asset.lemansnet.com/z/LzAvNS85LzA1OTY2QzhFLTk5MjEtNERDQi1CNDc4LUZGQkUzNDkxRUNFOA==</productImage>
    <bullet1>Aramid plates are for high-performance applications; Red Eagle organic plates are for OEM replacement</bullet1>
    <bullet2>Increased surface area for decreased slipping</bullet2>
    <bullet3>Increases holding while decreasing heat generation</bullet3>
    <bullet4>Can be run wet or dry</bullet4>
    <bullet5>Meets or exceeds OEM specifications</bullet5>
    <bullet6>Made in the USA</bullet6>
    <bullet7/>
    <bullet8/>
    <bullet9/>
    <bullet10/>
    <bullet11/>
    <bullet12/>
    <bullet13/>
    <bullet14/>
    <bullet15/>
    <bullet16/>
    <bullet17/>
    <bullet18/>
    <bullet19/>
    <bullet20/>
    <bullet21/>
    <bullet22/>
    <bullet23/>
    <bullet24/>
    <vendorPriceUpdateDate>2023-04-22 00:00:00</vendorPriceUpdateDate>
  </part>
  <part>
    <partNumber>11310467</partNumber>
    <punctuatedPartNumber>1131-0467</punctuatedPartNumber>
    <partStatusDescription>STANDARD</partStatusDescription>
    <partDescription>Red Eagle Plates</partDescription>
    <unitOfMeasure>5 Pack</unitOfMeasure>
    <brandName>ALTO PRODUCTS</brandName>
    <supplierNumber>095752D</supplierNumber>
    <specialInstructions/>
    <baseDealerPrice>36.00</baseDealerPrice>
    <yourDealerPrice>36.00</yourDealerPrice>
    <baseRetailPrice>55.95</baseRetailPrice>
    <originalRetailPrice>55.95</originalRetailPrice>
    <partImage>http://asset.lemansnet.com/z/LzMvNy9FLzM3RTkwMjZDLTU3RjItNEI2RC04MEQ1LTE0OUY2OTlGQjFENA==</partImage>
    <productId>0660014461</productId>
    <productName>Red Eagle Organic Clutch Friction Plate Set</productName>
    <productImage>http://asset.lemansnet.com/z/LzAvNS85LzA1OTY2QzhFLTk5MjEtNERDQi1CNDc4LUZGQkUzNDkxRUNFOA==</productImage>
    <bullet1>Aramid plates are for high-performance applications; Red Eagle organic plates are for OEM replacement</bullet1>
    <bullet2>Increased surface area for decreased slipping</bullet2>
    <bullet3>Increases holding while decreasing heat generation</bullet3>
    <bullet4>Can be run wet or dry</bullet4>
    <bullet5>Meets or exceeds OEM specifications</bullet5>
    <bullet6>Made in the USA</bullet6>
    <bullet7/>
    <bullet8/>
    <bullet9/>
    <bullet10/>
    <bullet11/>
    <bullet12/>
    <bullet13/>
    <bullet14/>
    <bullet15/>
    <bullet16/>
    <bullet17/>
    <bullet18/>
    <bullet19/>
    <bullet20/>
    <bullet21/>
    <bullet22/>
    <bullet23/>
    <bullet24/>
    <vendorPriceUpdateDate>2023-04-22 00:00:00</vendorPriceUpdateDate>
  </part>
  <part>
    <partNumber>11310469</partNumber>
    <punctuatedPartNumber>1131-0469</punctuatedPartNumber>
    <partStatusDescription>STANDARD</partStatusDescription>
    <partDescription>Red Eagle Plates</partDescription>
    <unitOfMeasure>7 Pack</unitOfMeasure>
    <brandName>ALTO PRODUCTS</brandName>
    <supplierNumber>095752F</supplierNumber>
    <specialInstructions/>
    <baseDealerPrice>52.60</baseDealerPrice>
    <yourDealerPrice>52.60</yourDealerPrice>
    <baseRetailPrice>80.95</baseRetailPrice>
    <originalRetailPrice>80.95</originalRetailPrice>
    <partImage>http://asset.lemansnet.com/z/LzIvQi9BLzJCQTRDNDBGLTFBRkEtNDc4OS05RDc1LURBREI1Mjk4NzgzOQ==</partImage>
    <productId>0660014461</productId>
    <productName>Red Eagle Organic Clutch Friction Plate Set</productName>
    <productImage>http://asset.lemansnet.com/z/LzAvNS85LzA1OTY2QzhFLTk5MjEtNERDQi1CNDc4LUZGQkUzNDkxRUNFOA==</productImage>
    <bullet1>Aramid plates are for high-performance applications; Red Eagle organic plates are for OEM replacement</bullet1>
    <bullet2>Increased surface area for decreased slipping</bullet2>
    <bullet3>Increases holding while decreasing heat generation</bullet3>
    <bullet4>Can be run wet or dry</bullet4>
    <bullet5>Meets or exceeds OEM specifications</bullet5>
    <bullet6>Made in the USA</bullet6>
    <bullet7/>
    <bullet8/>
    <bullet9/>
    <bullet10/>
    <bullet11/>
    <bullet12/>
    <bullet13/>
    <bullet14/>
    <bullet15/>
    <bullet16/>
    <bullet17/>
    <bullet18/>
    <bullet19/>
    <bullet20/>
    <bullet21/>
    <bullet22/>
    <bullet23/>
    <bullet24/>
    <vendorPriceUpdateDate>2023-04-22 00:00:00</vendorPriceUpdateDate>
  </part>
  <part>
    <partNumber>11310473</partNumber>
    <punctuatedPartNumber>1131-0473</punctuatedPartNumber>
    <partStatusDescription>STANDARD</partStatusDescription>
    <partDescription>Clutch Friction Plate Set</partDescription>
    <unitOfMeasure>Set of 4</unitOfMeasure>
    <brandName>ALTO PRODUCTS</brandName>
    <supplierNumber>095752KC</supplierNumber>
    <specialInstructions/>
    <baseDealerPrice>47.70</baseDealerPrice>
    <yourDealerPrice>47.70</yourDealerPrice>
    <baseRetailPrice>73.95</baseRetailPrice>
    <originalRetailPrice>73.95</originalRetailPrice>
    <partImage>http://asset.lemansnet.com/z/L0UvMS85L0UxOTlBNEIyLUM0MjgtNDhBRS05MEVFLTNCQTBDMUNBQkE0Mw==</partImage>
    <productId>1032483961</productId>
    <productName>Clutch Friction Plate Set</productName>
    <productImage>http://asset.lemansnet.com/z/LzIvNS8xLzI1MTA5MzE4LTYyNTgtNEYwQS04NDgzLTMzMjZGNTRDRTQ0QQ==</productImage>
    <bullet1>Increased surface area for decreased slipping</bullet1>
    <bullet2>Increase holding while decreasing heat generation</bullet2>
    <bullet3>Precision-made steel plates</bullet3>
    <bullet4>Can be run wet or dry</bullet4>
    <bullet5>Meets or exceeds OEM specifications</bullet5>
    <bullet6>Made in the USA</bullet6>
    <bullet7/>
    <bullet8/>
    <bullet9/>
    <bullet10/>
    <bullet11/>
    <bullet12/>
    <bullet13/>
    <bullet14/>
    <bullet15/>
    <bullet16/>
    <bullet17/>
    <bullet18/>
    <bullet19/>
    <bullet20/>
    <bullet21/>
    <bullet22/>
    <bullet23/>
    <bullet24/>
    <vendorPriceUpdateDate>2023-04-22 00:00:00</vendorPriceUpdateDate>
  </part>
  <part>
    <partNumber>11310474</partNumber>
    <punctuatedPartNumber>1131-0474</punctuatedPartNumber>
    <partStatusDescription>STANDARD</partStatusDescription>
    <partDescription>Clutch Friction Plate Set</partDescription>
    <unitOfMeasure>Set of 5</unitOfMeasure>
    <brandName>ALTO PRODUCTS</brandName>
    <supplierNumber>095752KD</supplierNumber>
    <specialInstructions/>
    <baseDealerPrice>59.00</baseDealerPrice>
    <yourDealerPrice>59.00</yourDealerPrice>
    <baseRetailPrice>90.95</baseRetailPrice>
    <originalRetailPrice>90.95</originalRetailPrice>
    <partImage>http://asset.lemansnet.com/z/LzYvNS9CLzY1QjdCMEZELUNCMEUtNDgwRS1CQzFFLURGN0RFM0IyMDYwQg==</partImage>
    <productId>1032483961</productId>
    <productName>Clutch Friction Plate Set</productName>
    <productImage>http://asset.lemansnet.com/z/LzIvNS8xLzI1MTA5MzE4LTYyNTgtNEYwQS04NDgzLTMzMjZGNTRDRTQ0QQ==</productImage>
    <bullet1>Increased surface area for decreased slipping</bullet1>
    <bullet2>Increase holding while decreasing heat generation</bullet2>
    <bullet3>Precision-made steel plates</bullet3>
    <bullet4>Can be run wet or dry</bullet4>
    <bullet5>Meets or exceeds OEM specifications</bullet5>
    <bullet6>Made in the USA</bullet6>
    <bullet7/>
    <bullet8/>
    <bullet9/>
    <bullet10/>
    <bullet11/>
    <bullet12/>
    <bullet13/>
    <bullet14/>
    <bullet15/>
    <bullet16/>
    <bullet17/>
    <bullet18/>
    <bullet19/>
    <bullet20/>
    <bullet21/>
    <bullet22/>
    <bullet23/>
    <bullet24/>
    <vendorPriceUpdateDate>2023-04-22 00:00:00</vendorPriceUpdateDate>
  </part>
  <part>
    <partNumber>11310477</partNumber>
    <punctuatedPartNumber>1131-0477</punctuatedPartNumber>
    <partStatusDescription>STANDARD</partStatusDescription>
    <partDescription>Clutch Friction Plate Set</partDescription>
    <unitOfMeasure>Set of 9</unitOfMeasure>
    <brandName>ALTO PRODUCTS</brandName>
    <supplierNumber>095752KP</supplierNumber>
    <specialInstructions/>
    <baseDealerPrice>82.20</baseDealerPrice>
    <yourDealerPrice>82.20</yourDealerPrice>
    <baseRetailPrice>126.95</baseRetailPrice>
    <originalRetailPrice>126.95</originalRetailPrice>
    <partImage>http://asset.lemansnet.com/z/L0YvQy8xL0ZDMURCQTNGLUEyQzQtNDc5Qy05OTYzLTREMENDOEEyNzBBNA==</partImage>
    <productId>1032483961</productId>
    <productName>Clutch Friction Plate Set</productName>
    <productImage>http://asset.lemansnet.com/z/LzIvNS8xLzI1MTA5MzE4LTYyNTgtNEYwQS04NDgzLTMzMjZGNTRDRTQ0QQ==</productImage>
    <bullet1>Increased surface area for decreased slipping</bullet1>
    <bullet2>Increase holding while decreasing heat generation</bullet2>
    <bullet3>Precision-made steel plates</bullet3>
    <bullet4>Can be run wet or dry</bullet4>
    <bullet5>Meets or exceeds OEM specifications</bullet5>
    <bullet6>Made in the USA</bullet6>
    <bullet7/>
    <bullet8/>
    <bullet9/>
    <bullet10/>
    <bullet11/>
    <bullet12/>
    <bullet13/>
    <bullet14/>
    <bullet15/>
    <bullet16/>
    <bullet17/>
    <bullet18/>
    <bullet19/>
    <bullet20/>
    <bullet21/>
    <bullet22/>
    <bullet23/>
    <bullet24/>
    <vendorPriceUpdateDate>2023-04-22 00:00:00</vendorPriceUpdateDate>
  </part>
  <part>
    <partNumber>11310478</partNumber>
    <punctuatedPartNumber>1131-0478</punctuatedPartNumber>
    <partStatusDescription>STANDARD</partStatusDescription>
    <partDescription>Red Eagle Plates</partDescription>
    <unitOfMeasure>9 Pack</unitOfMeasure>
    <brandName>ALTO PRODUCTS</brandName>
    <supplierNumber>095752P</supplierNumber>
    <specialInstructions/>
    <baseDealerPrice>70.00</baseDealerPrice>
    <yourDealerPrice>70.00</yourDealerPrice>
    <baseRetailPrice>107.95</baseRetailPrice>
    <originalRetailPrice>107.95</originalRetailPrice>
    <partImage>http://asset.lemansnet.com/z/LzEvQS84LzFBOEE2QjA2LTY4MUYtNDdGRS05OEE1LUI2OURENTVEMDU2OA==</partImage>
    <productId>0660014461</productId>
    <productName>Red Eagle Organic Clutch Friction Plate Set</productName>
    <productImage>http://asset.lemansnet.com/z/LzAvNS85LzA1OTY2QzhFLTk5MjEtNERDQi1CNDc4LUZGQkUzNDkxRUNFOA==</productImage>
    <bullet1>Aramid plates are for high-performance applications; Red Eagle organic plates are for OEM replacement</bullet1>
    <bullet2>Increased surface area for decreased slipping</bullet2>
    <bullet3>Increases holding while decreasing heat generation</bullet3>
    <bullet4>Can be run wet or dry</bullet4>
    <bullet5>Meets or exceeds OEM specifications</bullet5>
    <bullet6>Made in the USA</bullet6>
    <bullet7/>
    <bullet8/>
    <bullet9/>
    <bullet10/>
    <bullet11/>
    <bullet12/>
    <bullet13/>
    <bullet14/>
    <bullet15/>
    <bullet16/>
    <bullet17/>
    <bullet18/>
    <bullet19/>
    <bullet20/>
    <bullet21/>
    <bullet22/>
    <bullet23/>
    <bullet24/>
    <vendorPriceUpdateDate>2023-04-22 00:00:00</vendorPriceUpdateDate>
  </part>
  <part>
    <partNumber>11310479</partNumber>
    <punctuatedPartNumber>1131-0479</punctuatedPartNumber>
    <partStatusDescription>STANDARD</partStatusDescription>
    <partDescription>Steel Plate Set - '84-90 XL</partDescription>
    <unitOfMeasure>Set of 5</unitOfMeasure>
    <brandName>ALTO PRODUCTS</brandName>
    <supplierNumber>095753A</supplierNumber>
    <specialInstructions/>
    <baseDealerPrice>27.40</baseDealerPrice>
    <yourDealerPrice>27.40</yourDealerPrice>
    <baseRetailPrice>42.95</baseRetailPrice>
    <originalRetailPrice>43.95</originalRetailPrice>
    <partImage>http://asset.lemansnet.com/z/LzkvMC9ELzkwRDc4RTZBLTM3RDctNEQwQS1BNTRCLTAyQzRCRDFEQzk5Nw==</partImage>
    <productId>2027215821</productId>
    <productName>Steel Plate Set</productName>
    <productImage>http://asset.lemansnet.com/z/LzUvRi83LzVGNzk5RTI2LUZFOTYtNDcxRS05M0JCLTZCRTc1QjBCMTA3MA==</productImage>
    <bullet1>Precision-made</bullet1>
    <bullet2/>
    <bullet3/>
    <bullet4/>
    <bullet5/>
    <bullet6/>
    <bullet7/>
    <bullet8/>
    <bullet9/>
    <bullet10/>
    <bullet11/>
    <bullet12/>
    <bullet13/>
    <bullet14/>
    <bullet15/>
    <bullet16/>
    <bullet17/>
    <bullet18/>
    <bullet19/>
    <bullet20/>
    <bullet21/>
    <bullet22/>
    <bullet23/>
    <bullet24/>
    <vendorPriceUpdateDate>2023-04-22 00:00:00</vendorPriceUpdateDate>
  </part>
  <part>
    <partNumber>11310480</partNumber>
    <punctuatedPartNumber>1131-0480</punctuatedPartNumber>
    <partStatusDescription>STANDARD</partStatusDescription>
    <partDescription>Steel Plate Set with Anti-Rattler - Big Twin '41-'67</partDescription>
    <unitOfMeasure>Set of 3</unitOfMeasure>
    <brandName>ALTO PRODUCTS</brandName>
    <supplierNumber>095753AC</supplierNumber>
    <specialInstructions/>
    <baseDealerPrice>31.40</baseDealerPrice>
    <yourDealerPrice>31.40</yourDealerPrice>
    <baseRetailPrice>48.95</baseRetailPrice>
    <originalRetailPrice>49.95</originalRetailPrice>
    <partImage>http://asset.lemansnet.com/z/LzUvRi83LzVGNzk5RTI2LUZFOTYtNDcxRS05M0JCLTZCRTc1QjBCMTA3MA==</partImage>
    <productId>1231704776</productId>
    <productName>Steel Plate Set with Anti-Rattler</productName>
    <productImage>http://asset.lemansnet.com/z/LzUvRi83LzVGNzk5RTI2LUZFOTYtNDcxRS05M0JCLTZCRTc1QjBCMTA3MA==</productImage>
    <bullet1>Precision-made with anti-rattler</bullet1>
    <bullet2/>
    <bullet3/>
    <bullet4/>
    <bullet5/>
    <bullet6/>
    <bullet7/>
    <bullet8/>
    <bullet9/>
    <bullet10/>
    <bullet11/>
    <bullet12/>
    <bullet13/>
    <bullet14/>
    <bullet15/>
    <bullet16/>
    <bullet17/>
    <bullet18/>
    <bullet19/>
    <bullet20/>
    <bullet21/>
    <bullet22/>
    <bullet23/>
    <bullet24/>
    <vendorPriceUpdateDate>2023-04-22 00:00:00</vendorPriceUpdateDate>
  </part>
  <part>
    <partNumber>11310481</partNumber>
    <punctuatedPartNumber>1131-0481</punctuatedPartNumber>
    <partStatusDescription>STANDARD</partStatusDescription>
    <partDescription>Steel Plate Set with Anti-Rattler - Big Twin '68-Early '84</partDescription>
    <unitOfMeasure>Set of 4</unitOfMeasure>
    <brandName>ALTO PRODUCTS</brandName>
    <supplierNumber>095753AD</supplierNumber>
    <specialInstructions/>
    <baseDealerPrice>41.10</baseDealerPrice>
    <yourDealerPrice>41.10</yourDealerPrice>
    <baseRetailPrice>63.95</baseRetailPrice>
    <originalRetailPrice>63.95</originalRetailPrice>
    <partImage>http://asset.lemansnet.com/z/LzEvNC9DLzE0QzIzNDdBLTMzRUEtNDAzMS1CMzZDLUJBMUYzQTcyRUQ2OA==</partImage>
    <productId>1231704776</productId>
    <productName>Steel Plate Set with Anti-Rattler</productName>
    <productImage>http://asset.lemansnet.com/z/LzUvRi83LzVGNzk5RTI2LUZFOTYtNDcxRS05M0JCLTZCRTc1QjBCMTA3MA==</productImage>
    <bullet1>Precision-made with anti-rattler</bullet1>
    <bullet2/>
    <bullet3/>
    <bullet4/>
    <bullet5/>
    <bullet6/>
    <bullet7/>
    <bullet8/>
    <bullet9/>
    <bullet10/>
    <bullet11/>
    <bullet12/>
    <bullet13/>
    <bullet14/>
    <bullet15/>
    <bullet16/>
    <bullet17/>
    <bullet18/>
    <bullet19/>
    <bullet20/>
    <bullet21/>
    <bullet22/>
    <bullet23/>
    <bullet24/>
    <vendorPriceUpdateDate>2023-04-22 00:00:00</vendorPriceUpdateDate>
  </part>
  <part>
    <partNumber>11310482</partNumber>
    <punctuatedPartNumber>1131-0482</punctuatedPartNumber>
    <partStatusDescription>STANDARD</partStatusDescription>
    <partDescription>Steel Plate Set</partDescription>
    <unitOfMeasure>Set of 8</unitOfMeasure>
    <brandName>ALTO PRODUCTS</brandName>
    <supplierNumber>095753B</supplierNumber>
    <specialInstructions/>
    <baseDealerPrice>42.70</baseDealerPrice>
    <yourDealerPrice>42.70</yourDealerPrice>
    <baseRetailPrice>65.95</baseRetailPrice>
    <originalRetailPrice>66.95</originalRetailPrice>
    <partImage>http://asset.lemansnet.com/z/L0MvRS9FL0NFRTA0QUJELTg2NDYtNDAwQy1BODgxLUU2NzRGQzVBOUE0RA==</partImage>
    <productId>2027215821</productId>
    <productName>Steel Plate Set</productName>
    <productImage>http://asset.lemansnet.com/z/LzUvRi83LzVGNzk5RTI2LUZFOTYtNDcxRS05M0JCLTZCRTc1QjBCMTA3MA==</productImage>
    <bullet1>Precision-made</bullet1>
    <bullet2/>
    <bullet3/>
    <bullet4/>
    <bullet5/>
    <bullet6/>
    <bullet7/>
    <bullet8/>
    <bullet9/>
    <bullet10/>
    <bullet11/>
    <bullet12/>
    <bullet13/>
    <bullet14/>
    <bullet15/>
    <bullet16/>
    <bullet17/>
    <bullet18/>
    <bullet19/>
    <bullet20/>
    <bullet21/>
    <bullet22/>
    <bullet23/>
    <bullet24/>
    <vendorPriceUpdateDate>2023-04-22 00:00:00</vendorPriceUpdateDate>
  </part>
  <part>
    <partNumber>11310484</partNumber>
    <punctuatedPartNumber>1131-0484</punctuatedPartNumber>
    <partStatusDescription>STANDARD</partStatusDescription>
    <partDescription>Steel Plate Set</partDescription>
    <unitOfMeasure>Set of 4</unitOfMeasure>
    <brandName>ALTO PRODUCTS</brandName>
    <supplierNumber>095753D</supplierNumber>
    <specialInstructions/>
    <baseDealerPrice>25.70</baseDealerPrice>
    <yourDealerPrice>25.70</yourDealerPrice>
    <baseRetailPrice>39.95</baseRetailPrice>
    <originalRetailPrice>39.95</originalRetailPrice>
    <partImage>http://asset.lemansnet.com/z/LzkvMi80LzkyNEIxQzYzLTk0OEItNDgzOC05QkZCLTAzN0NBQjgzNDZENQ==</partImage>
    <productId>2027215821</productId>
    <productName>Steel Plate Set</productName>
    <productImage>http://asset.lemansnet.com/z/LzUvRi83LzVGNzk5RTI2LUZFOTYtNDcxRS05M0JCLTZCRTc1QjBCMTA3MA==</productImage>
    <bullet1>Precision-made</bullet1>
    <bullet2/>
    <bullet3/>
    <bullet4/>
    <bullet5/>
    <bullet6/>
    <bullet7/>
    <bullet8/>
    <bullet9/>
    <bullet10/>
    <bullet11/>
    <bullet12/>
    <bullet13/>
    <bullet14/>
    <bullet15/>
    <bullet16/>
    <bullet17/>
    <bullet18/>
    <bullet19/>
    <bullet20/>
    <bullet21/>
    <bullet22/>
    <bullet23/>
    <bullet24/>
    <vendorPriceUpdateDate>2023-04-22 00:00:00</vendorPriceUpdateDate>
  </part>
  <part>
    <partNumber>11313328</partNumber>
    <punctuatedPartNumber>1131-3328</punctuatedPartNumber>
    <partStatusDescription>DISCONTINUED</partStatusDescription>
    <partDescription>Clutch Plate Kit - Steel</partDescription>
    <unitOfMeasure>Kit</unitOfMeasure>
    <brandName>ALTO PRODUCTS</brandName>
    <supplierNumber>095757</supplierNumber>
    <specialInstructions/>
    <baseDealerPrice>31.50</baseDealerPrice>
    <yourDealerPrice>31.50</yourDealerPrice>
    <baseRetailPrice>0.00</baseRetailPrice>
    <originalRetailPrice>94.95</originalRetailPrice>
    <partImage>http://asset.lemansnet.com/z/L0IvMC81L0IwNUZEOEFBLTlCM0UtNDQxOS04NjEwLUVGOEFFODgwMDRBNg==</partImage>
    <productId>0706790989</productId>
    <productName>Clutch Plate Kit</productName>
    <productImage>http://asset.lemansnet.com/z/LzQvQi84LzRCODEwQjNFLUUzODYtNDA2NS04RTJGLUUxNjYxMEY4OTg0RQ==</productImage>
    <bullet1>High quality Red Eagle friction material</bullet1>
    <bullet2/>
    <bullet3/>
    <bullet4/>
    <bullet5/>
    <bullet6/>
    <bullet7/>
    <bullet8/>
    <bullet9/>
    <bullet10/>
    <bullet11/>
    <bullet12/>
    <bullet13/>
    <bullet14/>
    <bullet15/>
    <bullet16/>
    <bullet17/>
    <bullet18/>
    <bullet19/>
    <bullet20/>
    <bullet21/>
    <bullet22/>
    <bullet23/>
    <bullet24/>
    <vendorPriceUpdateDate>2023-04-22 00:00:00</vendorPriceUpdateDate>
  </part>
  <part>
    <partNumber>11313331</partNumber>
    <punctuatedPartNumber>1131-3331</punctuatedPartNumber>
    <partStatusDescription>DISCONTINUED</partStatusDescription>
    <partDescription>Clutch Plate Kit - Steel</partDescription>
    <unitOfMeasure>Kit</unitOfMeasure>
    <brandName>ALTO PRODUCTS</brandName>
    <supplierNumber>095759</supplierNumber>
    <specialInstructions>DISCONTINUED ITEM</specialInstructions>
    <baseDealerPrice>29.50</baseDealerPrice>
    <yourDealerPrice>29.50</yourDealerPrice>
    <baseRetailPrice>0.00</baseRetailPrice>
    <originalRetailPrice>73.95</originalRetailPrice>
    <partImage>http://asset.lemansnet.com/z/L0IvRi9GL0JGRjYzQTMxLTI1RjQtNDBCQy1BRkU2LTVGMEI5QTlGOEEyQg==</partImage>
    <productId>0706790989</productId>
    <productName>Clutch Plate Kit</productName>
    <productImage>http://asset.lemansnet.com/z/LzQvQi84LzRCODEwQjNFLUUzODYtNDA2NS04RTJGLUUxNjYxMEY4OTg0RQ==</productImage>
    <bullet1>High quality Red Eagle friction material</bullet1>
    <bullet2/>
    <bullet3/>
    <bullet4/>
    <bullet5/>
    <bullet6/>
    <bullet7/>
    <bullet8/>
    <bullet9/>
    <bullet10/>
    <bullet11/>
    <bullet12/>
    <bullet13/>
    <bullet14/>
    <bullet15/>
    <bullet16/>
    <bullet17/>
    <bullet18/>
    <bullet19/>
    <bullet20/>
    <bullet21/>
    <bullet22/>
    <bullet23/>
    <bullet24/>
    <vendorPriceUpdateDate>2023-04-22 00:00:00</vendorPriceUpdateDate>
  </part>
  <part>
    <partNumber>11313559</partNumber>
    <punctuatedPartNumber>1131-3559</punctuatedPartNumber>
    <partStatusDescription>STANDARD</partStatusDescription>
    <partDescription>M8 PowerPack® Kit</partDescription>
    <unitOfMeasure>Kit</unitOfMeasure>
    <brandName>ALTO PRODUCTS</brandName>
    <supplierNumber>095754B</supplierNumber>
    <specialInstructions>XTRA PLATE KT FIBER&amp;STEEL25PJL</specialInstructions>
    <baseDealerPrice>216.10</baseDealerPrice>
    <yourDealerPrice>216.10</yourDealerPrice>
    <baseRetailPrice>332.95</baseRetailPrice>
    <originalRetailPrice>332.95</originalRetailPrice>
    <partImage>http://asset.lemansnet.com/z/L0EvMi80L0EyNDEzNjUzLTQxQzAtNDM1Mi05N0M1LTRGOTI5REVDQTgyQg==</partImage>
    <productId>0058298894</productId>
    <productName>G3™ Friction and Performance Steel™ Powerpack®</productName>
    <productImage/>
    <bullet1>G3 material provides higher torque capacity, improved shift and reduced clutch burnout</bullet1>
    <bullet2>Available in extra-capacity PowerPack® or Screaming Eagle®</bullet2>
    <bullet3>PowerPack contains: eight frictions, three Jutter frictions, nine steels and one Jutter steel</bullet3>
    <bullet4>Screaming Eagle contains: five .107” friction plates, two .150” friction plates, three Jutter friction plates, eight steel plates and one Jutter steel plate</bullet4>
    <bullet5>Increased surface area for decreased slipping</bullet5>
    <bullet6>Increases holding while decreasing heat generation</bullet6>
    <bullet7>Meets or exceeds OEM specifications</bullet7>
    <bullet8>Made in the USA</bullet8>
    <bullet9/>
    <bullet10/>
    <bullet11/>
    <bullet12/>
    <bullet13/>
    <bullet14/>
    <bullet15/>
    <bullet16/>
    <bullet17/>
    <bullet18/>
    <bullet19/>
    <bullet20/>
    <bullet21/>
    <bullet22/>
    <bullet23/>
    <bullet24/>
    <vendorPriceUpdateDate>2023-04-22 00:00:00</vendorPriceUpdateDate>
  </part>
  <part>
    <partNumber>11313560</partNumber>
    <punctuatedPartNumber>1131-3560</punctuatedPartNumber>
    <partStatusDescription>STANDARD</partStatusDescription>
    <partDescription>G3™ Extra Plate Kit - Screaming Eagle® - M8</partDescription>
    <unitOfMeasure>Kit</unitOfMeasure>
    <brandName>ALTO PRODUCTS</brandName>
    <supplierNumber>095754C</supplierNumber>
    <specialInstructions>PLATE KIT, FIBERS&amp;STEELS 25PJL</specialInstructions>
    <baseDealerPrice>198.60</baseDealerPrice>
    <yourDealerPrice>198.60</yourDealerPrice>
    <baseRetailPrice>305.95</baseRetailPrice>
    <originalRetailPrice>305.95</originalRetailPrice>
    <partImage>http://asset.lemansnet.com/z/L0EvRC81L0FENTEyQjM2LTczRTUtNDg4NC04Q0Q1LTQ0OUI5RTg2QTRFNg==</partImage>
    <productId>0527782519</productId>
    <productName>G3™ Friction and Performance Steel™ Pack</productName>
    <productImage/>
    <bullet1>G3 material provides higher torque capacity, improved shift and reduced clutch burnout</bullet1>
    <bullet2>Available in extra-capacity PowerPack® or Screaming Eagle®</bullet2>
    <bullet3>PowerPack contains: eight frictions, three Jutter frictions, nine steels and one Jutter steel</bullet3>
    <bullet4>Screaming Eagle contains: five .107” friction plates, two .150” friction plates, three Jutter friction plates, eight steel plates and one Jutter steel plate</bullet4>
    <bullet5>Increased surface area for decreased slipping</bullet5>
    <bullet6>Increases holding while decreasing heat generation</bullet6>
    <bullet7>Meets or exceeds OEM specifications</bullet7>
    <bullet8>Made in the USA</bullet8>
    <bullet9/>
    <bullet10/>
    <bullet11/>
    <bullet12/>
    <bullet13/>
    <bullet14/>
    <bullet15/>
    <bullet16/>
    <bullet17/>
    <bullet18/>
    <bullet19/>
    <bullet20/>
    <bullet21/>
    <bullet22/>
    <bullet23/>
    <bullet24/>
    <vendorPriceUpdateDate>2023-04-22 00:00:00</vendorPriceUpdateDate>
  </part>
  <part>
    <partNumber>11313568</partNumber>
    <punctuatedPartNumber>1131-3568</punctuatedPartNumber>
    <partStatusDescription>STANDARD</partStatusDescription>
    <partDescription>Performance Steel™ Replacement Clutch Kit</partDescription>
    <unitOfMeasure>Set</unitOfMeasure>
    <brandName>ALTO PRODUCTS</brandName>
    <supplierNumber>095755A</supplierNumber>
    <specialInstructions/>
    <baseDealerPrice>67.60</baseDealerPrice>
    <yourDealerPrice>67.60</yourDealerPrice>
    <baseRetailPrice>103.95</baseRetailPrice>
    <originalRetailPrice>104.95</originalRetailPrice>
    <partImage>http://asset.lemansnet.com/z/LzYvQi8xLzZCMTFCNzcyLTc1NjgtNDYzMy05OEM4LTk4NzdCODJCRUUyMg==</partImage>
    <productId>1821396156</productId>
    <productName>Replacement Clutch Plate Kit</productName>
    <productImage>http://asset.lemansnet.com/z/LzMvOS8wLzM5MDE1NjJBLTIyMTAtNDQ0Qy1CNkQ4LTM5QzREQjgxQkRBMw==</productImage>
    <bullet1>Material provides higher torque capacity, improved shift and reduced clutch burnout</bullet1>
    <bullet2>Increased surface area for decreased slipping</bullet2>
    <bullet3>Increase holding while decreasing heat generation</bullet3>
    <bullet4>Meet or exceed OEM specifications</bullet4>
    <bullet5>Made in the USA</bullet5>
    <bullet6/>
    <bullet7/>
    <bullet8/>
    <bullet9/>
    <bullet10/>
    <bullet11/>
    <bullet12/>
    <bullet13/>
    <bullet14/>
    <bullet15/>
    <bullet16/>
    <bullet17/>
    <bullet18/>
    <bullet19/>
    <bullet20/>
    <bullet21/>
    <bullet22/>
    <bullet23/>
    <bullet24/>
    <vendorPriceUpdateDate>2023-04-22 00:00:00</vendorPriceUpdateDate>
  </part>
  <part>
    <partNumber>11313567</partNumber>
    <punctuatedPartNumber>1131-3567</punctuatedPartNumber>
    <partStatusDescription>STANDARD</partStatusDescription>
    <partDescription>G3™ Friction Replacement Clutch Kit</partDescription>
    <unitOfMeasure>Set</unitOfMeasure>
    <brandName>ALTO PRODUCTS</brandName>
    <supplierNumber>095754A</supplierNumber>
    <specialInstructions>ACT G3 FRICTION PLATES 25PJL</specialInstructions>
    <baseDealerPrice>115.80</baseDealerPrice>
    <yourDealerPrice>115.80</yourDealerPrice>
    <baseRetailPrice>178.95</baseRetailPrice>
    <originalRetailPrice>178.95</originalRetailPrice>
    <partImage>http://asset.lemansnet.com/z/LzMvOS8wLzM5MDE1NjJBLTIyMTAtNDQ0Qy1CNkQ4LTM5QzREQjgxQkRBMw==</partImage>
    <productId>1821396156</productId>
    <productName>Replacement Clutch Plate Kit</productName>
    <productImage>http://asset.lemansnet.com/z/LzMvOS8wLzM5MDE1NjJBLTIyMTAtNDQ0Qy1CNkQ4LTM5QzREQjgxQkRBMw==</productImage>
    <bullet1>Material provides higher torque capacity, improved shift and reduced clutch burnout</bullet1>
    <bullet2>Increased surface area for decreased slipping</bullet2>
    <bullet3>Increase holding while decreasing heat generation</bullet3>
    <bullet4>Meet or exceed OEM specifications</bullet4>
    <bullet5>Made in the USA</bullet5>
    <bullet6/>
    <bullet7/>
    <bullet8/>
    <bullet9/>
    <bullet10/>
    <bullet11/>
    <bullet12/>
    <bullet13/>
    <bullet14/>
    <bullet15/>
    <bullet16/>
    <bullet17/>
    <bullet18/>
    <bullet19/>
    <bullet20/>
    <bullet21/>
    <bullet22/>
    <bullet23/>
    <bullet24/>
    <vendorPriceUpdateDate>2023-04-22 00:00:00</vendorPriceUpdateDate>
  </part>
  <part>
    <partNumber>11310504</partNumber>
    <punctuatedPartNumber>1131-0504</punctuatedPartNumber>
    <partStatusDescription>STANDARD</partStatusDescription>
    <partDescription>Clutch Plates - Red Eagle - Brute</partDescription>
    <unitOfMeasure>Kit</unitOfMeasure>
    <brandName>ALTO PRODUCTS</brandName>
    <supplierNumber>320750B</supplierNumber>
    <specialInstructions/>
    <baseDealerPrice>113.10</baseDealerPrice>
    <yourDealerPrice>113.10</yourDealerPrice>
    <baseRetailPrice>173.95</baseRetailPrice>
    <originalRetailPrice>153.95</originalRetailPrice>
    <partImage>http://asset.lemansnet.com/z/LzAvRC9GLzBERkU2MjA5LTI2NjEtNDREMy1BRjcyLUYyQUY1NjNDMkI1Nw==</partImage>
    <productId>0401715757</productId>
    <productName>Clutch Plate Kit for Rivera Brute Belt Drives</productName>
    <productImage>http://asset.lemansnet.com/z/LzAvRC9GLzBERkU2MjA5LTI2NjEtNDREMy1BRjcyLUYyQUY1NjNDMkI1Nw==</productImage>
    <bullet1>Direct replacement clutch plates for BDL Quiet Clutches</bullet1>
    <bullet2>Kit includes seven Red Eagle fiber and seven steel plates</bullet2>
    <bullet3>Made in the U.S.A.</bullet3>
    <bullet4/>
    <bullet5/>
    <bullet6/>
    <bullet7/>
    <bullet8/>
    <bullet9/>
    <bullet10/>
    <bullet11/>
    <bullet12/>
    <bullet13/>
    <bullet14/>
    <bullet15/>
    <bullet16/>
    <bullet17/>
    <bullet18/>
    <bullet19/>
    <bullet20/>
    <bullet21/>
    <bullet22/>
    <bullet23/>
    <bullet24/>
    <vendorPriceUpdateDate>2023-04-22 00:00:00</vendorPriceUpdateDate>
  </part>
  <part>
    <partNumber>11310507</partNumber>
    <punctuatedPartNumber>1131-0507</punctuatedPartNumber>
    <partStatusDescription>STANDARD</partStatusDescription>
    <partDescription>Clutch Plates</partDescription>
    <unitOfMeasure>Kit</unitOfMeasure>
    <brandName>ALTO PRODUCTS</brandName>
    <supplierNumber>320750F</supplierNumber>
    <specialInstructions/>
    <baseDealerPrice>115.90</baseDealerPrice>
    <yourDealerPrice>115.90</yourDealerPrice>
    <baseRetailPrice>178.95</baseRetailPrice>
    <originalRetailPrice>178.95</originalRetailPrice>
    <partImage>http://asset.lemansnet.com/z/L0IvNy83L0I3N0RENjQ5LUQxQUMtNDdGMi1BNEE1LUExREM5NEEyOTYzQQ==</partImage>
    <productId>0912547711</productId>
    <productName>Rivera Pro Clutch Plate Kit</productName>
    <productImage>http://asset.lemansnet.com/z/L0YvQS9FL0ZBRTNBMzNCLThEODctNERFMi04RkY4LUQzNDM0QUVDN0Y4Rg==</productImage>
    <bullet1>Provides a large increase in clutch plate surface for getting horsepower to the rear wheel</bullet1>
    <bullet2>Meets or exceeds OEM specifications</bullet2>
    <bullet3>Kit includes the required number of fiber and steel plates for each application</bullet3>
    <bullet4>Made in the U.S.A.</bullet4>
    <bullet5/>
    <bullet6/>
    <bullet7/>
    <bullet8/>
    <bullet9/>
    <bullet10/>
    <bullet11/>
    <bullet12/>
    <bullet13/>
    <bullet14/>
    <bullet15/>
    <bullet16/>
    <bullet17/>
    <bullet18/>
    <bullet19/>
    <bullet20/>
    <bullet21/>
    <bullet22/>
    <bullet23/>
    <bullet24/>
    <vendorPriceUpdateDate>2023-04-22 00:00:00</vendorPriceUpdateDate>
  </part>
  <part>
    <partNumber>11310508</partNumber>
    <punctuatedPartNumber>1131-0508</punctuatedPartNumber>
    <partStatusDescription>STANDARD</partStatusDescription>
    <partDescription>Clutch Plates</partDescription>
    <unitOfMeasure>Kit</unitOfMeasure>
    <brandName>ALTO PRODUCTS</brandName>
    <supplierNumber>320750G</supplierNumber>
    <specialInstructions/>
    <baseDealerPrice>120.40</baseDealerPrice>
    <yourDealerPrice>120.40</yourDealerPrice>
    <baseRetailPrice>185.95</baseRetailPrice>
    <originalRetailPrice>185.95</originalRetailPrice>
    <partImage>http://asset.lemansnet.com/z/LzQvMC85LzQwOUU3MkU3LTZFNUUtNDU2NS04QjNBLThCMEVBMkE2QTcxNSwvMy85L0YvMzlGNUU2MTMtQjg2RC00MzNELTg3MjYtNjJCMDUzRTkyMkUx</partImage>
    <productId>0147825267</productId>
    <productName>Rivera Pro Clutch Plate Kit</productName>
    <productImage>http://asset.lemansnet.com/z/L0YvQS9FL0ZBRTNBMzNCLThEODctNERFMi04RkY4LUQzNDM0QUVDN0Y4Rg==</productImage>
    <bullet1>Provides a large increase in clutch plate surface for getting horsepower to the rear wheel</bullet1>
    <bullet2>Meets or exceeds OEM specifications</bullet2>
    <bullet3>Kit includes the required number of fiber and steel plates for each application</bullet3>
    <bullet4>Made in the U.S.A.</bullet4>
    <bullet5/>
    <bullet6/>
    <bullet7/>
    <bullet8/>
    <bullet9/>
    <bullet10/>
    <bullet11/>
    <bullet12/>
    <bullet13/>
    <bullet14/>
    <bullet15/>
    <bullet16/>
    <bullet17/>
    <bullet18/>
    <bullet19/>
    <bullet20/>
    <bullet21/>
    <bullet22/>
    <bullet23/>
    <bullet24/>
    <vendorPriceUpdateDate>2023-04-22 00:00:00</vendorPriceUpdateDate>
  </part>
  <part>
    <partNumber>11313889</partNumber>
    <punctuatedPartNumber>1131-3889</punctuatedPartNumber>
    <partStatusDescription>STANDARD</partStatusDescription>
    <partDescription>Steel Plate - Indian</partDescription>
    <unitOfMeasure>Each</unitOfMeasure>
    <brandName>ALTO PRODUCTS</brandName>
    <supplierNumber>095793-226UP1</supplierNumber>
    <specialInstructions/>
    <baseDealerPrice>11.20</baseDealerPrice>
    <yourDealerPrice>11.20</yourDealerPrice>
    <baseRetailPrice>16.95</baseRetailPrice>
    <originalRetailPrice>15.29</originalRetailPrice>
    <partImage>http://asset.lemansnet.com/z/L0YvRS85L0ZFOUNBODQyLTc0QkYtNDQxNC05MDVCLTlGMTIzQjVCMjAxNA==</partImage>
    <productId>1237333879</productId>
    <productName>Steel Plate</productName>
    <productImage>http://asset.lemansnet.com/z/L0YvRS85L0ZFOUNBODQyLTc0QkYtNDQxNC05MDVCLTlGMTIzQjVCMjAxNA==</productImage>
    <bullet1>Meets or exceeds OEM specifications</bullet1>
    <bullet2>Sold each, takes 6 for bike</bullet2>
    <bullet3>Made in the USA</bullet3>
    <bullet4/>
    <bullet5/>
    <bullet6/>
    <bullet7/>
    <bullet8/>
    <bullet9/>
    <bullet10/>
    <bullet11/>
    <bullet12/>
    <bullet13/>
    <bullet14/>
    <bullet15/>
    <bullet16/>
    <bullet17/>
    <bullet18/>
    <bullet19/>
    <bullet20/>
    <bullet21/>
    <bullet22/>
    <bullet23/>
    <bullet24/>
    <vendorPriceUpdateDate>2023-09-11 00:00:00</vendorPriceUpdateDate>
  </part>
  <part>
    <partNumber>11313890</partNumber>
    <punctuatedPartNumber>1131-3890</punctuatedPartNumber>
    <partStatusDescription>DISCONTINUED</partStatusDescription>
    <partDescription>Friction Plate - Indian</partDescription>
    <unitOfMeasure>Each</unitOfMeasure>
    <brandName>ALTO PRODUCTS</brandName>
    <supplierNumber>095792-345UP1</supplierNumber>
    <specialInstructions>Discontinued item</specialInstructions>
    <baseDealerPrice>13.50</baseDealerPrice>
    <yourDealerPrice>13.50</yourDealerPrice>
    <baseRetailPrice>0.00</baseRetailPrice>
    <originalRetailPrice>20.86</originalRetailPrice>
    <partImage>http://asset.lemansnet.com/z/LzIvQi9ELzJCRDY0NDNBLUU2QzMtNEI0NC1BNDZGLTFDM0YyNDNDMzY5NA==</partImage>
    <productId>1017209819</productId>
    <productName>Friction Plate</productName>
    <productImage>http://asset.lemansnet.com/z/LzIvQi9ELzJCRDY0NDNBLUU2QzMtNEI0NC1BNDZGLTFDM0YyNDNDMzY5NA==</productImage>
    <bullet1>Features Carbonite Friction Material</bullet1>
    <bullet2>Offers superior coefficient of friction</bullet2>
    <bullet3>Provides higher temperature capacity</bullet3>
    <bullet4>Decreases wear while increasing durability</bullet4>
    <bullet5>Sold each, takes 7 for bike</bullet5>
    <bullet6>Made in the USA</bullet6>
    <bullet7/>
    <bullet8/>
    <bullet9/>
    <bullet10/>
    <bullet11/>
    <bullet12/>
    <bullet13/>
    <bullet14/>
    <bullet15/>
    <bullet16/>
    <bullet17/>
    <bullet18/>
    <bullet19/>
    <bullet20/>
    <bullet21/>
    <bullet22/>
    <bullet23/>
    <bullet24/>
    <vendorPriceUpdateDate>2023-09-15 00:00:00</vendorPriceUpdateDate>
  </part>
  <part>
    <partNumber>11310456</partNumber>
    <punctuatedPartNumber>1131-0456</punctuatedPartNumber>
    <partStatusDescription>DISCONTINUED</partStatusDescription>
    <partDescription>Steel Plate</partDescription>
    <unitOfMeasure>Each</unitOfMeasure>
    <brandName>ALTO PRODUCTS</brandName>
    <supplierNumber>095711-120UP1</supplierNumber>
    <specialInstructions>Discontinued Item</specialInstructions>
    <baseDealerPrice>5.10</baseDealerPrice>
    <yourDealerPrice>5.10</yourDealerPrice>
    <baseRetailPrice>0.00</baseRetailPrice>
    <originalRetailPrice>13.95</originalRetailPrice>
    <partImage>http://asset.lemansnet.com/z/LzkvRS8yLzlFMjdCRkU1LTI4OTUtNDJCNi05MjA2LTFFMjFCRjBGNDMwMw==</partImage>
    <productId>1479940548</productId>
    <productName>Steel Plate</productName>
    <productImage>http://asset.lemansnet.com/z/LzQvOC9BLzQ4QTdGMjJELTQ2QzEtNDZEOS05RUQwLUE1RUE3MjMzQzQ0RA==</productImage>
    <bullet1>Increased surface area for decreased slipping</bullet1>
    <bullet2>Increases holding while decreasing heat generation</bullet2>
    <bullet3>Precision-made steel plates</bullet3>
    <bullet4>Meets or exceeds OEM specifications</bullet4>
    <bullet5>Made in the U.S.A.</bullet5>
    <bullet6/>
    <bullet7/>
    <bullet8/>
    <bullet9/>
    <bullet10/>
    <bullet11/>
    <bullet12/>
    <bullet13/>
    <bullet14/>
    <bullet15/>
    <bullet16/>
    <bullet17/>
    <bullet18/>
    <bullet19/>
    <bullet20/>
    <bullet21/>
    <bullet22/>
    <bullet23/>
    <bullet24/>
    <vendorPriceUpdateDate>2022-09-13 00:00:00</vendorPriceUpdateDate>
  </part>
  <part>
    <partNumber>11310458</partNumber>
    <punctuatedPartNumber>1131-0458</punctuatedPartNumber>
    <partStatusDescription>DISCONTINUED</partStatusDescription>
    <partDescription>Steel Plate</partDescription>
    <unitOfMeasure>Each</unitOfMeasure>
    <brandName>ALTO PRODUCTS</brandName>
    <supplierNumber>095721-120UP1</supplierNumber>
    <specialInstructions>DISCONTINUED ITEM</specialInstructions>
    <baseDealerPrice>4.90</baseDealerPrice>
    <yourDealerPrice>4.90</yourDealerPrice>
    <baseRetailPrice>0.00</baseRetailPrice>
    <originalRetailPrice>12.95</originalRetailPrice>
    <partImage>http://asset.lemansnet.com/z/LzgvMy9ELzgzRDA5M0IxLUE0N0QtNEY0Ny1CNkI3LUY1MjFCNzlDNTE3QQ==</partImage>
    <productId>1479940548</productId>
    <productName>Steel Plate</productName>
    <productImage>http://asset.lemansnet.com/z/LzQvOC9BLzQ4QTdGMjJELTQ2QzEtNDZEOS05RUQwLUE1RUE3MjMzQzQ0RA==</productImage>
    <bullet1>Increased surface area for decreased slipping</bullet1>
    <bullet2>Increases holding while decreasing heat generation</bullet2>
    <bullet3>Precision-made steel plates</bullet3>
    <bullet4>Meets or exceeds OEM specifications</bullet4>
    <bullet5>Made in the U.S.A.</bullet5>
    <bullet6/>
    <bullet7/>
    <bullet8/>
    <bullet9/>
    <bullet10/>
    <bullet11/>
    <bullet12/>
    <bullet13/>
    <bullet14/>
    <bullet15/>
    <bullet16/>
    <bullet17/>
    <bullet18/>
    <bullet19/>
    <bullet20/>
    <bullet21/>
    <bullet22/>
    <bullet23/>
    <bullet24/>
    <vendorPriceUpdateDate>2022-09-13 00:00:00</vendorPriceUpdateDate>
  </part>
  <part>
    <partNumber>11310463</partNumber>
    <punctuatedPartNumber>1131-0463</punctuatedPartNumber>
    <partStatusDescription>STANDARD</partStatusDescription>
    <partDescription>Carbonite Clutch - '98-'17 Big Twin</partDescription>
    <unitOfMeasure>Kit</unitOfMeasure>
    <brandName>ALTO PRODUCTS</brandName>
    <supplierNumber>095750NC</supplierNumber>
    <specialInstructions/>
    <baseDealerPrice>155.80</baseDealerPrice>
    <yourDealerPrice>155.80</yourDealerPrice>
    <baseRetailPrice>239.95</baseRetailPrice>
    <originalRetailPrice>239.95</originalRetailPrice>
    <partImage>http://asset.lemansnet.com/z/LzUvNy82LzU3NkNGQ0VFLTE4NEUtNDBFNy04RkRGLTBGMDI4NDI5OTAwNA==</partImage>
    <productId>0418962147</productId>
    <productName>Carbonite Hi-Performance Powerpak Kit</productName>
    <productImage>http://asset.lemansnet.com/z/LzgvQi80LzhCNDBCMjM5LTBFOUYtNEQ4My1BRDc0LUEzMDgzNzJEMEM5Qw==</productImage>
    <bullet1>Made from 3M™ carbon-based friction-based material to withstand higher coefficients of friction and higher temperatures than any other product available</bullet1>
    <bullet2>Kolene® Melonite® treated steels for enhanced performance, engagement, longer life and cooler running</bullet2>
    <bullet3>Improves reliability by eliminating the use of OEM copper rivet clutch spring plate #37977-90</bullet3>
    <bullet4>10% more surface area for greater holding power</bullet4>
    <bullet5>Made in the USA</bullet5>
    <bullet6/>
    <bullet7/>
    <bullet8/>
    <bullet9/>
    <bullet10/>
    <bullet11/>
    <bullet12/>
    <bullet13/>
    <bullet14/>
    <bullet15/>
    <bullet16/>
    <bullet17/>
    <bullet18/>
    <bullet19/>
    <bullet20/>
    <bullet21/>
    <bullet22/>
    <bullet23/>
    <bullet24/>
    <vendorPriceUpdateDate>2023-04-22 00:00:00</vendorPriceUpdateDate>
  </part>
  <part>
    <partNumber>11310468</partNumber>
    <punctuatedPartNumber>1131-0468</punctuatedPartNumber>
    <partStatusDescription>STANDARD</partStatusDescription>
    <partDescription>Red Eagle Plates</partDescription>
    <unitOfMeasure>6 Pack</unitOfMeasure>
    <brandName>ALTO PRODUCTS</brandName>
    <supplierNumber>095752E</supplierNumber>
    <specialInstructions/>
    <baseDealerPrice>31.50</baseDealerPrice>
    <yourDealerPrice>31.50</yourDealerPrice>
    <baseRetailPrice>48.95</baseRetailPrice>
    <originalRetailPrice>48.95</originalRetailPrice>
    <partImage>http://asset.lemansnet.com/z/LzAvNy8xLzA3MUIwMjQ5LTNCMDQtNEFGOC1COTAzLTE1Q0MxRjY3MTNBNA==</partImage>
    <productId>0660014461</productId>
    <productName>Red Eagle Organic Clutch Friction Plate Set</productName>
    <productImage>http://asset.lemansnet.com/z/LzAvNS85LzA1OTY2QzhFLTk5MjEtNERDQi1CNDc4LUZGQkUzNDkxRUNFOA==</productImage>
    <bullet1>Aramid plates are for high-performance applications; Red Eagle organic plates are for OEM replacement</bullet1>
    <bullet2>Increased surface area for decreased slipping</bullet2>
    <bullet3>Increases holding while decreasing heat generation</bullet3>
    <bullet4>Can be run wet or dry</bullet4>
    <bullet5>Meets or exceeds OEM specifications</bullet5>
    <bullet6>Made in the USA</bullet6>
    <bullet7/>
    <bullet8/>
    <bullet9/>
    <bullet10/>
    <bullet11/>
    <bullet12/>
    <bullet13/>
    <bullet14/>
    <bullet15/>
    <bullet16/>
    <bullet17/>
    <bullet18/>
    <bullet19/>
    <bullet20/>
    <bullet21/>
    <bullet22/>
    <bullet23/>
    <bullet24/>
    <vendorPriceUpdateDate>2023-04-22 00:00:00</vendorPriceUpdateDate>
  </part>
  <part>
    <partNumber>11310471</partNumber>
    <punctuatedPartNumber>1131-0471</punctuatedPartNumber>
    <partStatusDescription>DISCONTINUED</partStatusDescription>
    <partDescription>Clutch Friction Plate Set - '84-'90 XL</partDescription>
    <unitOfMeasure>Set of 7</unitOfMeasure>
    <brandName>ALTO PRODUCTS</brandName>
    <supplierNumber>095752KA</supplierNumber>
    <specialInstructions>DISCONTINUED ITEM</specialInstructions>
    <baseDealerPrice>72.70</baseDealerPrice>
    <yourDealerPrice>72.70</yourDealerPrice>
    <baseRetailPrice>0.00</baseRetailPrice>
    <originalRetailPrice>124.95</originalRetailPrice>
    <partImage>http://asset.lemansnet.com/z/L0IvMS82L0IxNjk3QTYzLTcwNTMtNDZCNC1BQzlFLUVCQzVBM0M0QkI5OQ==</partImage>
    <productId>0019612516</productId>
    <productName>Clutch Friction Plate Set</productName>
    <productImage>http://asset.lemansnet.com/z/LzIvNS8xLzI1MTA5MzE4LTYyNTgtNEYwQS04NDgzLTMzMjZGNTRDRTQ0QQ==</productImage>
    <bullet1>Increased surface area for decreased slipping</bullet1>
    <bullet2>Increase holding while decreasing heat generation</bullet2>
    <bullet3>Precision-made steel plates</bullet3>
    <bullet4>Can be run wet or dry</bullet4>
    <bullet5>Meets or exceeds OEM specifications</bullet5>
    <bullet6>Made in the USA</bullet6>
    <bullet7/>
    <bullet8/>
    <bullet9/>
    <bullet10/>
    <bullet11/>
    <bullet12/>
    <bullet13/>
    <bullet14/>
    <bullet15/>
    <bullet16/>
    <bullet17/>
    <bullet18/>
    <bullet19/>
    <bullet20/>
    <bullet21/>
    <bullet22/>
    <bullet23/>
    <bullet24/>
    <vendorPriceUpdateDate>2023-04-22 00:00:00</vendorPriceUpdateDate>
  </part>
  <part>
    <partNumber>11310472</partNumber>
    <punctuatedPartNumber>1131-0472</punctuatedPartNumber>
    <partStatusDescription>STANDARD</partStatusDescription>
    <partDescription>Clutch Friction Plate Set</partDescription>
    <unitOfMeasure>Set of 8</unitOfMeasure>
    <brandName>ALTO PRODUCTS</brandName>
    <supplierNumber>095752KB</supplierNumber>
    <specialInstructions/>
    <baseDealerPrice>91.60</baseDealerPrice>
    <yourDealerPrice>91.60</yourDealerPrice>
    <baseRetailPrice>140.95</baseRetailPrice>
    <originalRetailPrice>140.95</originalRetailPrice>
    <partImage>http://asset.lemansnet.com/z/LzAvRC9BLzBEQUVFMDdGLUNDNTEtNDE0OS05RkNFLUQwODUxODU2NjU3RA==</partImage>
    <productId>1032483961</productId>
    <productName>Clutch Friction Plate Set</productName>
    <productImage>http://asset.lemansnet.com/z/LzIvNS8xLzI1MTA5MzE4LTYyNTgtNEYwQS04NDgzLTMzMjZGNTRDRTQ0QQ==</productImage>
    <bullet1>Increased surface area for decreased slipping</bullet1>
    <bullet2>Increase holding while decreasing heat generation</bullet2>
    <bullet3>Precision-made steel plates</bullet3>
    <bullet4>Can be run wet or dry</bullet4>
    <bullet5>Meets or exceeds OEM specifications</bullet5>
    <bullet6>Made in the USA</bullet6>
    <bullet7/>
    <bullet8/>
    <bullet9/>
    <bullet10/>
    <bullet11/>
    <bullet12/>
    <bullet13/>
    <bullet14/>
    <bullet15/>
    <bullet16/>
    <bullet17/>
    <bullet18/>
    <bullet19/>
    <bullet20/>
    <bullet21/>
    <bullet22/>
    <bullet23/>
    <bullet24/>
    <vendorPriceUpdateDate>2023-04-22 00:00:00</vendorPriceUpdateDate>
  </part>
  <part>
    <partNumber>11310476</partNumber>
    <punctuatedPartNumber>1131-0476</punctuatedPartNumber>
    <partStatusDescription>STANDARD</partStatusDescription>
    <partDescription>Clutch Friction Plate Set</partDescription>
    <unitOfMeasure>Set of 7</unitOfMeasure>
    <brandName>ALTO PRODUCTS</brandName>
    <supplierNumber>095752KF</supplierNumber>
    <specialInstructions/>
    <baseDealerPrice>79.40</baseDealerPrice>
    <yourDealerPrice>79.40</yourDealerPrice>
    <baseRetailPrice>122.95</baseRetailPrice>
    <originalRetailPrice>122.95</originalRetailPrice>
    <partImage>http://asset.lemansnet.com/z/LzYvOS82LzY5Njg1QUQzLTFDMTMtNDgzNi1CMjU0LUFCOTAwMkRCQ0ZFOQ==</partImage>
    <productId>1032483961</productId>
    <productName>Clutch Friction Plate Set</productName>
    <productImage>http://asset.lemansnet.com/z/LzIvNS8xLzI1MTA5MzE4LTYyNTgtNEYwQS04NDgzLTMzMjZGNTRDRTQ0QQ==</productImage>
    <bullet1>Increased surface area for decreased slipping</bullet1>
    <bullet2>Increase holding while decreasing heat generation</bullet2>
    <bullet3>Precision-made steel plates</bullet3>
    <bullet4>Can be run wet or dry</bullet4>
    <bullet5>Meets or exceeds OEM specifications</bullet5>
    <bullet6>Made in the USA</bullet6>
    <bullet7/>
    <bullet8/>
    <bullet9/>
    <bullet10/>
    <bullet11/>
    <bullet12/>
    <bullet13/>
    <bullet14/>
    <bullet15/>
    <bullet16/>
    <bullet17/>
    <bullet18/>
    <bullet19/>
    <bullet20/>
    <bullet21/>
    <bullet22/>
    <bullet23/>
    <bullet24/>
    <vendorPriceUpdateDate>2023-04-22 00:00:00</vendorPriceUpdateDate>
  </part>
</root>
