<root>
  <part>
    <partNumber>01301191</partNumber>
    <punctuatedPartNumber>0130-1191</punctuatedPartNumber>
    <partStatusDescription>STANDARD</partStatusDescription>
    <partDescription>Pinlock® 120 MaxVision™ Lens - DKS159 - VAS-V - Arai - Clear</partDescription>
    <unitOfMeasure>Each</unitOfMeasure>
    <brandName>PINLOCK</brandName>
    <supplierNumber>000689</supplierNumber>
    <specialInstructions/>
    <baseDealerPrice>21.00</baseDealerPrice>
    <yourDealerPrice>21.00</yourDealerPrice>
    <baseRetailPrice>39.95</baseRetailPrice>
    <originalRetailPrice>39.95</originalRetailPrice>
    <partImage>http://asset.lemansnet.com/z/bWVkaWEvODgxOTZiNzQtNmQyMS00NDA4LThlODEtYmQ1NTNmYzQyMTE0</partImage>
    <productId>0219919479</productId>
    <productName>Pinlock® 120 MaxVision™ Lens</productName>
    <productImage>http://asset.lemansnet.com/z/bWVkaWEvODgxOTZiNzQtNmQyMS00NDA4LThlODEtYmQ1NTNmYzQyMTE0</productImage>
    <bullet1>Suitable Pins — Arai specific pin</bullet1>
    <bullet2>Technology — MaxVision™ and anti-fog</bullet2>
    <bullet3>The air-tight pocket ensures that the difference in temperature becomes significantly lowered</bullet3>
    <bullet4>Creates a double shield system through a silicon seal between the helmet face shield and Pinlock® 120 MaxVision™ lens, which makes up a double glass type of solution that prevents fogging</bullet4>
    <bullet5>The insert is made of a moisture absorbing plastic and therefore, the surface basically dry when used</bullet5>
    <bullet6>Absorbs moisture on the inside and offers you continuous clear visibility</bullet6>
    <bullet7/>
    <bullet8/>
    <bullet9/>
    <bullet10/>
    <bullet11/>
    <bullet12/>
    <bullet13/>
    <bullet14/>
    <bullet15/>
    <bullet16/>
    <bullet17/>
    <bullet18/>
    <bullet19/>
    <bullet20/>
    <bullet21/>
    <bullet22/>
    <bullet23/>
    <bullet24/>
    <vendorPriceUpdateDate>2022-12-12 00:00:00</vendorPriceUpdateDate>
  </part>
  <part>
    <partNumber>01301196</partNumber>
    <punctuatedPartNumber>0130-1196</punctuatedPartNumber>
    <partStatusDescription>STANDARD</partStatusDescription>
    <partDescription>Pinlock® 120 MaxVIsion™ Lens - DKS246 - K6 - Clear</partDescription>
    <unitOfMeasure>Each</unitOfMeasure>
    <brandName>PINLOCK</brandName>
    <supplierNumber>001703</supplierNumber>
    <specialInstructions/>
    <baseDealerPrice>21.00</baseDealerPrice>
    <yourDealerPrice>21.00</yourDealerPrice>
    <baseRetailPrice>39.95</baseRetailPrice>
    <originalRetailPrice>39.95</originalRetailPrice>
    <partImage>http://asset.lemansnet.com/z/bWVkaWEvNzVkNjM5YzktNTFmMS00ZjRhLWIxMzgtNzViZmNhMzc0N2Vj</partImage>
    <productId>1892709170</productId>
    <productName>Pinlock® 120 MaxVision™ Lens</productName>
    <productImage>http://asset.lemansnet.com/z/bWVkaWEvNzVkNjM5YzktNTFmMS00ZjRhLWIxMzgtNzViZmNhMzc0N2Vj</productImage>
    <bullet1>Suitable Pins — Three component pin</bullet1>
    <bullet2>Technology — MaxVision™ and anti-fog</bullet2>
    <bullet3>Creates a double shield system through a silicon seal between the helmet face shield and Pinlock® 120 MaxVision™ lens, which makes up a double glass type of solution that prevents fogging</bullet3>
    <bullet4>The air-tight pocket ensures that the difference in temperature becomes significantly lowered</bullet4>
    <bullet5>Absorbs moisture on the inside and offers you continuous clear visibility</bullet5>
    <bullet6>The insert is made of a moisture absorbing plastic and therefore, the surface basically dry when used</bullet6>
    <bullet7/>
    <bullet8/>
    <bullet9/>
    <bullet10/>
    <bullet11/>
    <bullet12/>
    <bullet13/>
    <bullet14/>
    <bullet15/>
    <bullet16/>
    <bullet17/>
    <bullet18/>
    <bullet19/>
    <bullet20/>
    <bullet21/>
    <bullet22/>
    <bullet23/>
    <bullet24/>
    <vendorPriceUpdateDate>2022-12-12 00:00:00</vendorPriceUpdateDate>
  </part>
  <part>
    <partNumber>01301197</partNumber>
    <punctuatedPartNumber>0130-1197</punctuatedPartNumber>
    <partStatusDescription>STANDARD</partStatusDescription>
    <partDescription>Pinlock® 70 MaxVIsion™ Lens - DKS255 - AGV - Clear</partDescription>
    <unitOfMeasure>Each</unitOfMeasure>
    <brandName>PINLOCK</brandName>
    <supplierNumber>001714</supplierNumber>
    <specialInstructions/>
    <baseDealerPrice>18.00</baseDealerPrice>
    <yourDealerPrice>18.00</yourDealerPrice>
    <baseRetailPrice>34.95</baseRetailPrice>
    <originalRetailPrice>34.95</originalRetailPrice>
    <partImage>http://asset.lemansnet.com/z/bWVkaWEvYzRiZTllYTMtNjQ4OS00NDQzLWEyZmUtMWZmNTA1ZjdlNmU5</partImage>
    <productId>0949838812</productId>
    <productName>Pinlock® 70 MaxVision™ Lens</productName>
    <productImage>http://asset.lemansnet.com/z/bWVkaWEvYzRiZTllYTMtNjQ4OS00NDQzLWEyZmUtMWZmNTA1ZjdlNmU5</productImage>
    <bullet1>Suitable Pins — Three component pin</bullet1>
    <bullet2>Technology — MaxVision™ and anti-fog</bullet2>
    <bullet3>The Pinlock® creates a double shield system through a silicon seal between the helmet face shield and Pinlock® insert lens, which makes up a double glass type of solution that prevents fogging</bullet3>
    <bullet4>The insert is made of a moisture absorbing plastic and therefore, the surface basically dry when used</bullet4>
    <bullet5>The air-tight pocket ensures that the difference in temperature becomes significantly lowered</bullet5>
    <bullet6>The Pinlock® insert absorbs moisture on the inside and offers you continuous clear visibility</bullet6>
    <bullet7/>
    <bullet8/>
    <bullet9/>
    <bullet10/>
    <bullet11/>
    <bullet12/>
    <bullet13/>
    <bullet14/>
    <bullet15/>
    <bullet16/>
    <bullet17/>
    <bullet18/>
    <bullet19/>
    <bullet20/>
    <bullet21/>
    <bullet22/>
    <bullet23/>
    <bullet24/>
    <vendorPriceUpdateDate>2022-12-12 00:00:00</vendorPriceUpdateDate>
  </part>
  <part>
    <partNumber>01301192</partNumber>
    <punctuatedPartNumber>0130-1192</punctuatedPartNumber>
    <partStatusDescription>STANDARD</partStatusDescription>
    <partDescription>Pinlock® 120 Lens - DKS232 - VAS-Z - Ram-X - Clear</partDescription>
    <unitOfMeasure>Each</unitOfMeasure>
    <brandName>PINLOCK</brandName>
    <supplierNumber>001604</supplierNumber>
    <specialInstructions/>
    <baseDealerPrice>21.00</baseDealerPrice>
    <yourDealerPrice>21.00</yourDealerPrice>
    <baseRetailPrice>39.95</baseRetailPrice>
    <originalRetailPrice>39.95</originalRetailPrice>
    <partImage>http://asset.lemansnet.com/z/bWVkaWEvMWI4MjI2OTktMmE5ZS00ZjdlLWEzMTAtOTg0NDg1ZmMyZDg1</partImage>
    <productId>1048350922</productId>
    <productName>Pinlock® 120 Lens</productName>
    <productImage>http://asset.lemansnet.com/z/bWVkaWEvMWI4MjI2OTktMmE5ZS00ZjdlLWEzMTAtOTg0NDg1ZmMyZDg1</productImage>
    <bullet1>Suitable Pins — Arai specific pin</bullet1>
    <bullet2>Technology — Anti-fog</bullet2>
    <bullet3>The insert is made of a moisture absorbing plastic and therefore, the surface basically dry when used</bullet3>
    <bullet4>The air-tight pocket ensures that the difference in temperature becomes significantly lowered</bullet4>
    <bullet5>Creates a double shield system through a silicon seal between the helmet face shield and Pinlock® 120 lens, which makes up a double glass type of solution that prevents fogging</bullet5>
    <bullet6>Absorbs moisture on the inside and offers you continuous clear visibility</bullet6>
    <bullet7/>
    <bullet8/>
    <bullet9/>
    <bullet10/>
    <bullet11/>
    <bullet12/>
    <bullet13/>
    <bullet14/>
    <bullet15/>
    <bullet16/>
    <bullet17/>
    <bullet18/>
    <bullet19/>
    <bullet20/>
    <bullet21/>
    <bullet22/>
    <bullet23/>
    <bullet24/>
    <vendorPriceUpdateDate>2022-12-12 00:00:00</vendorPriceUpdateDate>
  </part>
  <part>
    <partNumber>01301298</partNumber>
    <punctuatedPartNumber>0130-1298</punctuatedPartNumber>
    <partStatusDescription>STANDARD</partStatusDescription>
    <partDescription>Pinlock® 120XLT® MaxVision™ Lens - VAS-A/TX-5 - Tour-X5/XD-5 - Clear</partDescription>
    <unitOfMeasure>Each</unitOfMeasure>
    <brandName>PINLOCK</brandName>
    <supplierNumber>002259</supplierNumber>
    <specialInstructions/>
    <baseDealerPrice>21.00</baseDealerPrice>
    <yourDealerPrice>21.00</yourDealerPrice>
    <baseRetailPrice>39.95</baseRetailPrice>
    <originalRetailPrice>39.95</originalRetailPrice>
    <partImage>http://asset.lemansnet.com/z/LzMvMi84LzMyOEE5NjRBLUIxQzMtNDk0NC1CMzQxLTFGQzhDN0FGMkU4Nw==</partImage>
    <productId>0037480331</productId>
    <productName>Pinlock® 120XLT® MaxVision™ Lens</productName>
    <productImage>http://asset.lemansnet.com/z/LzMvMi84LzMyOEE5NjRBLUIxQzMtNDk0NC1CMzQxLTFGQzhDN0FGMkU4Nw==</productImage>
    <bullet1>Suitable Pins — Arai specific pin</bullet1>
    <bullet2>Technology — MaxVision™, XLT®, and anti-fog</bullet2>
    <bullet3>The Pinlock® creates a double shield system through a silicon seal between the helmet face shield and Pinlock® insert lens, which makes up a double glass type of solution that prevents fogging</bullet3>
    <bullet4>The insert is made of a moisture absorbing plastic and therefore, the surface basically dry when used</bullet4>
    <bullet5>The air-tight pocket ensures that the difference in temperature becomes significantly lowered</bullet5>
    <bullet6>The Pinlock® insert absorbs moisture on the inside and offers you continuous clear visibility</bullet6>
    <bullet7>The Pinlock® XLT® lens, which can be used during daytime and nighttime, allows for a higher light transmittance across the broad spectrum of the visual light; colors appear brighter and more natural</bullet7>
    <bullet8/>
    <bullet9/>
    <bullet10/>
    <bullet11/>
    <bullet12/>
    <bullet13/>
    <bullet14/>
    <bullet15/>
    <bullet16/>
    <bullet17/>
    <bullet18/>
    <bullet19/>
    <bullet20/>
    <bullet21/>
    <bullet22/>
    <bullet23/>
    <bullet24/>
    <vendorPriceUpdateDate>2023-12-28 00:00:00</vendorPriceUpdateDate>
  </part>
  <part>
    <partNumber>01301194</partNumber>
    <punctuatedPartNumber>0130-1194</punctuatedPartNumber>
    <partStatusDescription>STANDARD</partStatusDescription>
    <partDescription>Pinlock® 70 Lens - DKS240 - Airflite™ - Clear</partDescription>
    <unitOfMeasure>Each</unitOfMeasure>
    <brandName>PINLOCK</brandName>
    <supplierNumber>001585</supplierNumber>
    <specialInstructions/>
    <baseDealerPrice>18.00</baseDealerPrice>
    <yourDealerPrice>18.00</yourDealerPrice>
    <baseRetailPrice>34.95</baseRetailPrice>
    <originalRetailPrice>34.95</originalRetailPrice>
    <partImage>http://asset.lemansnet.com/z/bWVkaWEvNjk5NGY4Y2ItOWFlZC00ZGZiLTk1NGMtZDdiNWVmZWNhZmVk</partImage>
    <productId>0206904390</productId>
    <productName>Pinlock® 70 Lens</productName>
    <productImage>http://asset.lemansnet.com/z/bWVkaWEvNjk5NGY4Y2ItOWFlZC00ZGZiLTk1NGMtZDdiNWVmZWNhZmVk</productImage>
    <bullet1>Suitable Pins — Three component pin</bullet1>
    <bullet2>Technology — Anti-fog</bullet2>
    <bullet3>The Pinlock® creates a double shield system through a silicon seal between the helmet face shield and Pinlock® insert lens, which makes up a double glass type of solution that prevents fogging</bullet3>
    <bullet4>The insert is made of a moisture absorbing plastic and therefore, the surface basically dry when used</bullet4>
    <bullet5>The air-tight pocket ensures that the difference in temperature becomes significantly lowered</bullet5>
    <bullet6>The Pinlock® insert absorbs moisture on the inside and offers you continuous clear visibility</bullet6>
    <bullet7/>
    <bullet8/>
    <bullet9/>
    <bullet10/>
    <bullet11/>
    <bullet12/>
    <bullet13/>
    <bullet14/>
    <bullet15/>
    <bullet16/>
    <bullet17/>
    <bullet18/>
    <bullet19/>
    <bullet20/>
    <bullet21/>
    <bullet22/>
    <bullet23/>
    <bullet24/>
    <vendorPriceUpdateDate>2022-12-12 00:00:00</vendorPriceUpdateDate>
  </part>
  <part>
    <partNumber>01301195</partNumber>
    <punctuatedPartNumber>0130-1195</punctuatedPartNumber>
    <partStatusDescription>STANDARD</partStatusDescription>
    <partDescription>Pinlock® 120 MaxVision™ Lens - DKS186 - AGV - Clear</partDescription>
    <unitOfMeasure>Each</unitOfMeasure>
    <brandName>PINLOCK</brandName>
    <supplierNumber>001139</supplierNumber>
    <specialInstructions/>
    <baseDealerPrice>21.00</baseDealerPrice>
    <yourDealerPrice>21.00</yourDealerPrice>
    <baseRetailPrice>39.95</baseRetailPrice>
    <originalRetailPrice>39.95</originalRetailPrice>
    <partImage>http://asset.lemansnet.com/z/bWVkaWEvOGUwNGJmZmMtNTQzMS00N2RhLTlhOTgtOGI3ZWRlMjdjYzFj</partImage>
    <productId>0383658712</productId>
    <productName>Pinlock® 120 MaxVision™ Lens</productName>
    <productImage>http://asset.lemansnet.com/z/bWVkaWEvOGUwNGJmZmMtNTQzMS00N2RhLTlhOTgtOGI3ZWRlMjdjYzFj</productImage>
    <bullet1>Suitable Pins — Tear-off pin</bullet1>
    <bullet2>Technology — MaxVision™ and Anti-fog</bullet2>
    <bullet3>The air-tight pocket ensures that the difference in temperature becomes significantly lowered</bullet3>
    <bullet4>The insert is made of a moisture absorbing plastic and therefore, the surface basically dry when used</bullet4>
    <bullet5>Absorbs moisture on the inside and offers you continuous clear visibility</bullet5>
    <bullet6>Creates a double shield system through a silicon seal between the helmet face shield and Pinlock® 120 MaxVision™ lens, which makes up a double glass type of solution that prevents fogging</bullet6>
    <bullet7/>
    <bullet8/>
    <bullet9/>
    <bullet10/>
    <bullet11/>
    <bullet12/>
    <bullet13/>
    <bullet14/>
    <bullet15/>
    <bullet16/>
    <bullet17/>
    <bullet18/>
    <bullet19/>
    <bullet20/>
    <bullet21/>
    <bullet22/>
    <bullet23/>
    <bullet24/>
    <vendorPriceUpdateDate>2022-12-12 00:00:00</vendorPriceUpdateDate>
  </part>
  <part>
    <partNumber>01301291</partNumber>
    <punctuatedPartNumber>0130-1291</punctuatedPartNumber>
    <partStatusDescription>STANDARD</partStatusDescription>
    <partDescription>Pinlock® 70 Lens - DKS118 - GT2-1 - K1 - Clear</partDescription>
    <unitOfMeasure>Each</unitOfMeasure>
    <brandName>PINLOCK</brandName>
    <supplierNumber>000662</supplierNumber>
    <specialInstructions/>
    <baseDealerPrice>18.00</baseDealerPrice>
    <yourDealerPrice>18.00</yourDealerPrice>
    <baseRetailPrice>34.95</baseRetailPrice>
    <originalRetailPrice>34.95</originalRetailPrice>
    <partImage>http://asset.lemansnet.com/z/LzIvMy85LzIzOTU4MjE5LUNCNUMtNEQ2RS04QzY5LUYzQzAwMkM5RjM4OA==</partImage>
    <productId>1187945114</productId>
    <productName>Pinlock® 70 Lens</productName>
    <productImage>http://asset.lemansnet.com/z/LzIvMy85LzIzOTU4MjE5LUNCNUMtNEQ2RS04QzY5LUYzQzAwMkM5RjM4OA==</productImage>
    <bullet1>Suitable Pins — Three component pin</bullet1>
    <bullet2>Technology — Anti-fog</bullet2>
    <bullet3>The air-tight pocket ensures that the difference in temperature becomes significantly lowered</bullet3>
    <bullet4>The insert is made of a moisture absorbing plastic and therefore, the surface basically dry when used</bullet4>
    <bullet5>Creates a double shield system through a silicon seal between the helmet face shield and Pinlock® 70 lens, which makes up a double glass type of solution that prevents fogging</bullet5>
    <bullet6>Absorbs moisture on the inside and offers you continuous clear visibility</bullet6>
    <bullet7/>
    <bullet8/>
    <bullet9/>
    <bullet10/>
    <bullet11/>
    <bullet12/>
    <bullet13/>
    <bullet14/>
    <bullet15/>
    <bullet16/>
    <bullet17/>
    <bullet18/>
    <bullet19/>
    <bullet20/>
    <bullet21/>
    <bullet22/>
    <bullet23/>
    <bullet24/>
    <vendorPriceUpdateDate>2023-12-28 00:00:00</vendorPriceUpdateDate>
  </part>
  <part>
    <partNumber>01301292</partNumber>
    <punctuatedPartNumber>0130-1292</punctuatedPartNumber>
    <partStatusDescription>STANDARD</partStatusDescription>
    <partDescription>Pinlock® 70 MaxVIsion™ Lens - DKS461 - GT6-1 - K3 - Clear</partDescription>
    <unitOfMeasure>Each</unitOfMeasure>
    <brandName>PINLOCK</brandName>
    <supplierNumber>002024</supplierNumber>
    <specialInstructions/>
    <baseDealerPrice>18.00</baseDealerPrice>
    <yourDealerPrice>18.00</yourDealerPrice>
    <baseRetailPrice>34.95</baseRetailPrice>
    <originalRetailPrice>34.95</originalRetailPrice>
    <partImage>http://asset.lemansnet.com/z/LzcvMC9BLzcwQUUzRTgyLUUyQzQtNEI1RC1BQjhGLTI4NUM4N0UzMTBDQQ==</partImage>
    <productId>0949838812</productId>
    <productName>Pinlock® 70 MaxVision™ Lens</productName>
    <productImage>http://asset.lemansnet.com/z/bWVkaWEvYzRiZTllYTMtNjQ4OS00NDQzLWEyZmUtMWZmNTA1ZjdlNmU5</productImage>
    <bullet1>Suitable Pins — Three component pin</bullet1>
    <bullet2>Technology — MaxVision™ and anti-fog</bullet2>
    <bullet3>The Pinlock® creates a double shield system through a silicon seal between the helmet face shield and Pinlock® insert lens, which makes up a double glass type of solution that prevents fogging</bullet3>
    <bullet4>The insert is made of a moisture absorbing plastic and therefore, the surface basically dry when used</bullet4>
    <bullet5>The air-tight pocket ensures that the difference in temperature becomes significantly lowered</bullet5>
    <bullet6>The Pinlock® insert absorbs moisture on the inside and offers you continuous clear visibility</bullet6>
    <bullet7/>
    <bullet8/>
    <bullet9/>
    <bullet10/>
    <bullet11/>
    <bullet12/>
    <bullet13/>
    <bullet14/>
    <bullet15/>
    <bullet16/>
    <bullet17/>
    <bullet18/>
    <bullet19/>
    <bullet20/>
    <bullet21/>
    <bullet22/>
    <bullet23/>
    <bullet24/>
    <vendorPriceUpdateDate>2023-12-28 00:00:00</vendorPriceUpdateDate>
  </part>
  <part>
    <partNumber>01301193</partNumber>
    <punctuatedPartNumber>0130-1193</punctuatedPartNumber>
    <partStatusDescription>STANDARD</partStatusDescription>
    <partDescription>Pinlock® 70 Lens - DKS194 - Variant Pro™- Clear</partDescription>
    <unitOfMeasure>Each</unitOfMeasure>
    <brandName>PINLOCK</brandName>
    <supplierNumber>001470</supplierNumber>
    <specialInstructions/>
    <baseDealerPrice>18.00</baseDealerPrice>
    <yourDealerPrice>18.00</yourDealerPrice>
    <baseRetailPrice>34.95</baseRetailPrice>
    <originalRetailPrice>34.95</originalRetailPrice>
    <partImage>http://asset.lemansnet.com/z/bWVkaWEvY2EyNDY0ZTQtZTI4Zi00MGZkLThmMDktZjY5YTUwMjg2MWY0</partImage>
    <productId>0206904390</productId>
    <productName>Pinlock® 70 Lens</productName>
    <productImage>http://asset.lemansnet.com/z/bWVkaWEvNjk5NGY4Y2ItOWFlZC00ZGZiLTk1NGMtZDdiNWVmZWNhZmVk</productImage>
    <bullet1>Suitable Pins — Three component pin</bullet1>
    <bullet2>Technology — Anti-fog</bullet2>
    <bullet3>The Pinlock® creates a double shield system through a silicon seal between the helmet face shield and Pinlock® insert lens, which makes up a double glass type of solution that prevents fogging</bullet3>
    <bullet4>The insert is made of a moisture absorbing plastic and therefore, the surface basically dry when used</bullet4>
    <bullet5>The air-tight pocket ensures that the difference in temperature becomes significantly lowered</bullet5>
    <bullet6>The Pinlock® insert absorbs moisture on the inside and offers you continuous clear visibility</bullet6>
    <bullet7/>
    <bullet8/>
    <bullet9/>
    <bullet10/>
    <bullet11/>
    <bullet12/>
    <bullet13/>
    <bullet14/>
    <bullet15/>
    <bullet16/>
    <bullet17/>
    <bullet18/>
    <bullet19/>
    <bullet20/>
    <bullet21/>
    <bullet22/>
    <bullet23/>
    <bullet24/>
    <vendorPriceUpdateDate>2022-12-12 00:00:00</vendorPriceUpdateDate>
  </part>
  <part>
    <partNumber>01301294</partNumber>
    <punctuatedPartNumber>0130-1294</punctuatedPartNumber>
    <partStatusDescription>STANDARD</partStatusDescription>
    <partDescription>Pinlock® 120 MaxVision™ Lens - DKS204 - GT3-1 - SportModular - Clear</partDescription>
    <unitOfMeasure>Each</unitOfMeasure>
    <brandName>PINLOCK</brandName>
    <supplierNumber>001485</supplierNumber>
    <specialInstructions/>
    <baseDealerPrice>21.00</baseDealerPrice>
    <yourDealerPrice>21.00</yourDealerPrice>
    <baseRetailPrice>39.95</baseRetailPrice>
    <originalRetailPrice>39.95</originalRetailPrice>
    <partImage>http://asset.lemansnet.com/z/L0YvRS9EL0ZFREU3MjQ3LTdGQ0MtNEREQi05NjBGLTU0RDg1OEZCRUEwMg==</partImage>
    <productId>1363032102</productId>
    <productName>Pinlock® 120 MaxVision™ Lens</productName>
    <productImage>http://asset.lemansnet.com/z/L0YvRS9EL0ZFREU3MjQ3LTdGQ0MtNEREQi05NjBGLTU0RDg1OEZCRUEwMg==</productImage>
    <bullet1>Suitable Pins — Three component pin</bullet1>
    <bullet2>Technology — MaxVision™ and anti-fog</bullet2>
    <bullet3>Creates a double shield system through a silicon seal between the helmet face shield and Pinlock® 120 MaxVision™ lens, which makes up a double glass type of solution that prevents fogging</bullet3>
    <bullet4>The insert is made of a moisture absorbing plastic and therefore, the surface basically dry when used</bullet4>
    <bullet5>Absorbs moisture on the inside and offers you continuous clear visibility</bullet5>
    <bullet6>The air-tight pocket ensures that the difference in temperature becomes significantly lowered</bullet6>
    <bullet7/>
    <bullet8/>
    <bullet9/>
    <bullet10/>
    <bullet11/>
    <bullet12/>
    <bullet13/>
    <bullet14/>
    <bullet15/>
    <bullet16/>
    <bullet17/>
    <bullet18/>
    <bullet19/>
    <bullet20/>
    <bullet21/>
    <bullet22/>
    <bullet23/>
    <bullet24/>
    <vendorPriceUpdateDate>2023-12-28 00:00:00</vendorPriceUpdateDate>
  </part>
  <part>
    <partNumber>01301297</partNumber>
    <punctuatedPartNumber>0130-1297</punctuatedPartNumber>
    <partStatusDescription>STANDARD</partStatusDescription>
    <partDescription>Pinlock® 70 Lens - DKS195 - Optics™ - Airframe/Airmada™ - Clear</partDescription>
    <unitOfMeasure>Each</unitOfMeasure>
    <brandName>PINLOCK</brandName>
    <supplierNumber>001467</supplierNumber>
    <specialInstructions/>
    <baseDealerPrice>18.00</baseDealerPrice>
    <yourDealerPrice>18.00</yourDealerPrice>
    <baseRetailPrice>34.95</baseRetailPrice>
    <originalRetailPrice>34.95</originalRetailPrice>
    <partImage>http://asset.lemansnet.com/z/L0EvMi9GL0EyRkQ1RDUyLTMwMzUtNEQ5Ni05MEYxLUM4RTUyNDNGMEE4RA==</partImage>
    <productId>0206904390</productId>
    <productName>Pinlock® 70 Lens</productName>
    <productImage>http://asset.lemansnet.com/z/bWVkaWEvNjk5NGY4Y2ItOWFlZC00ZGZiLTk1NGMtZDdiNWVmZWNhZmVk</productImage>
    <bullet1>Suitable Pins — Three component pin</bullet1>
    <bullet2>Technology — Anti-fog</bullet2>
    <bullet3>The Pinlock® creates a double shield system through a silicon seal between the helmet face shield and Pinlock® insert lens, which makes up a double glass type of solution that prevents fogging</bullet3>
    <bullet4>The insert is made of a moisture absorbing plastic and therefore, the surface basically dry when used</bullet4>
    <bullet5>The air-tight pocket ensures that the difference in temperature becomes significantly lowered</bullet5>
    <bullet6>The Pinlock® insert absorbs moisture on the inside and offers you continuous clear visibility</bullet6>
    <bullet7/>
    <bullet8/>
    <bullet9/>
    <bullet10/>
    <bullet11/>
    <bullet12/>
    <bullet13/>
    <bullet14/>
    <bullet15/>
    <bullet16/>
    <bullet17/>
    <bullet18/>
    <bullet19/>
    <bullet20/>
    <bullet21/>
    <bullet22/>
    <bullet23/>
    <bullet24/>
    <vendorPriceUpdateDate>2023-12-28 00:00:00</vendorPriceUpdateDate>
  </part>
  <part>
    <partNumber>01301293</partNumber>
    <punctuatedPartNumber>0130-1293</punctuatedPartNumber>
    <partStatusDescription>STANDARD</partStatusDescription>
    <partDescription>Pinlock® 70 MaxVIsion™ Lens - DKS462 - GT6-2 - K3 - Clear</partDescription>
    <unitOfMeasure>Each</unitOfMeasure>
    <brandName>PINLOCK</brandName>
    <supplierNumber>002025</supplierNumber>
    <specialInstructions/>
    <baseDealerPrice>18.00</baseDealerPrice>
    <yourDealerPrice>18.00</yourDealerPrice>
    <baseRetailPrice>34.95</baseRetailPrice>
    <originalRetailPrice>34.95</originalRetailPrice>
    <partImage>http://asset.lemansnet.com/z/LzgvOC80Lzg4NEU1M0VBLTBGNjMtNDA5Qy1BMEI5LTAwRTAzMEIzMTA4Qw==</partImage>
    <productId>0949838812</productId>
    <productName>Pinlock® 70 MaxVision™ Lens</productName>
    <productImage>http://asset.lemansnet.com/z/bWVkaWEvYzRiZTllYTMtNjQ4OS00NDQzLWEyZmUtMWZmNTA1ZjdlNmU5</productImage>
    <bullet1>Suitable Pins — Three component pin</bullet1>
    <bullet2>Technology — MaxVision™ and anti-fog</bullet2>
    <bullet3>The Pinlock® creates a double shield system through a silicon seal between the helmet face shield and Pinlock® insert lens, which makes up a double glass type of solution that prevents fogging</bullet3>
    <bullet4>The insert is made of a moisture absorbing plastic and therefore, the surface basically dry when used</bullet4>
    <bullet5>The air-tight pocket ensures that the difference in temperature becomes significantly lowered</bullet5>
    <bullet6>The Pinlock® insert absorbs moisture on the inside and offers you continuous clear visibility</bullet6>
    <bullet7/>
    <bullet8/>
    <bullet9/>
    <bullet10/>
    <bullet11/>
    <bullet12/>
    <bullet13/>
    <bullet14/>
    <bullet15/>
    <bullet16/>
    <bullet17/>
    <bullet18/>
    <bullet19/>
    <bullet20/>
    <bullet21/>
    <bullet22/>
    <bullet23/>
    <bullet24/>
    <vendorPriceUpdateDate>2023-12-28 00:00:00</vendorPriceUpdateDate>
  </part>
</root>
