<root>
  <part>
    <partNumber>09500923</partNumber>
    <punctuatedPartNumber>0950-0923</punctuatedPartNumber>
    <partStatusDescription>STANDARD</partStatusDescription>
    <partDescription>Rocker Lockers - Twin Cam</partDescription>
    <unitOfMeasure>Kit</unitOfMeasure>
    <brandName>ROCKER LOCKERS</brandName>
    <supplierNumber>DK-RL-TC</supplierNumber>
    <specialInstructions/>
    <baseDealerPrice>14.70</baseDealerPrice>
    <yourDealerPrice>14.70</yourDealerPrice>
    <baseRetailPrice>24.95</baseRetailPrice>
    <originalRetailPrice>24.95</originalRetailPrice>
    <partImage>http://asset.lemansnet.com/z/L0IvNS8yL0I1MjIwQUE4LTk3OTgtNEZEMi1BMjVFLTc0RTRBOTgwOThCNw==</partImage>
    <productId>1582568307</productId>
    <productName>Rocker Lockers</productName>
    <productImage>http://asset.lemansnet.com/z/L0IvNS8yL0I1MjIwQUE4LTk3OTgtNEZEMi1BMjVFLTc0RTRBOTgwOThCNw==</productImage>
    <bullet1>Centers the rocker plate eliminating different wear patterns on the rocker arm valve</bullet1>
    <bullet2>Tapered design so that they lock themselves in and wedge the bolt shaft in place</bullet2>
    <bullet3>Eliminates the gap between the rocker arm shaft and bolt</bullet3>
    <bullet4>Will not cure a bad lifter, tensioner, or noisy cam</bullet4>
    <bullet5>Stops the rocker arm tick</bullet5>
    <bullet6>Made in the USA</bullet6>
    <bullet7>While Step-by-Step instructions are included, it is recommended to also supplement them with the Service Manual.</bullet7>
    <bullet8/>
    <bullet9/>
    <bullet10/>
    <bullet11/>
    <bullet12/>
    <bullet13/>
    <bullet14/>
    <bullet15/>
    <bullet16/>
    <bullet17/>
    <bullet18/>
    <bullet19/>
    <bullet20/>
    <bullet21/>
    <bullet22/>
    <bullet23/>
    <bullet24/>
    <vendorPriceUpdateDate>2023-04-22 00:00:00</vendorPriceUpdateDate>
  </part>
  <part>
    <partNumber>09500924</partNumber>
    <punctuatedPartNumber>0950-0924</punctuatedPartNumber>
    <partStatusDescription>STANDARD</partStatusDescription>
    <partDescription>Rocker Lockers - Dealer Kit - 10 Pack - Twin Cam</partDescription>
    <unitOfMeasure>10 Pack</unitOfMeasure>
    <brandName>ROCKER LOCKERS</brandName>
    <supplierNumber>DK-RL-TC-10</supplierNumber>
    <specialInstructions>1 INSTALL KT,40+ LOCKERS 25PJL</specialInstructions>
    <baseDealerPrice>133.30</baseDealerPrice>
    <yourDealerPrice>133.30</yourDealerPrice>
    <baseRetailPrice>24.95</baseRetailPrice>
    <originalRetailPrice>24.95</originalRetailPrice>
    <partImage>http://asset.lemansnet.com/z/LzUvRS83LzVFN0Y1ODBBLTM4QjEtNDc4NS1CNzVGLUMxOENFMEFGOTFCNw==</partImage>
    <productId>1582568307</productId>
    <productName>Rocker Lockers</productName>
    <productImage>http://asset.lemansnet.com/z/L0IvNS8yL0I1MjIwQUE4LTk3OTgtNEZEMi1BMjVFLTc0RTRBOTgwOThCNw==</productImage>
    <bullet1>Centers the rocker plate eliminating different wear patterns on the rocker arm valve</bullet1>
    <bullet2>Tapered design so that they lock themselves in and wedge the bolt shaft in place</bullet2>
    <bullet3>Eliminates the gap between the rocker arm shaft and bolt</bullet3>
    <bullet4>Will not cure a bad lifter, tensioner, or noisy cam</bullet4>
    <bullet5>Stops the rocker arm tick</bullet5>
    <bullet6>Made in the USA</bullet6>
    <bullet7>While Step-by-Step instructions are included, it is recommended to also supplement them with the Service Manual.</bullet7>
    <bullet8/>
    <bullet9/>
    <bullet10/>
    <bullet11/>
    <bullet12/>
    <bullet13/>
    <bullet14/>
    <bullet15/>
    <bullet16/>
    <bullet17/>
    <bullet18/>
    <bullet19/>
    <bullet20/>
    <bullet21/>
    <bullet22/>
    <bullet23/>
    <bullet24/>
    <vendorPriceUpdateDate>2023-04-22 00:00:00</vendorPriceUpdateDate>
  </part>
  <part>
    <partNumber>09500925</partNumber>
    <punctuatedPartNumber>0950-0925</punctuatedPartNumber>
    <partStatusDescription>STANDARD</partStatusDescription>
    <partDescription>Rocker Lockers - XL</partDescription>
    <unitOfMeasure>Kit</unitOfMeasure>
    <brandName>ROCKER LOCKERS</brandName>
    <supplierNumber>DK-RL-SPT</supplierNumber>
    <specialInstructions/>
    <baseDealerPrice>14.70</baseDealerPrice>
    <yourDealerPrice>14.70</yourDealerPrice>
    <baseRetailPrice>24.95</baseRetailPrice>
    <originalRetailPrice>24.95</originalRetailPrice>
    <partImage>http://asset.lemansnet.com/z/LzkvNS81Lzk1NUIwODU2LTMxQzEtNEFDMy05OTQ3LTIxNjNGNUE2MzAwMSwvOS9CL0EvOUJBQkM1OTctMzNFQS00RTcwLTkwNTEtQkQ3NDRBN0REQUI0</partImage>
    <productId>1582568307</productId>
    <productName>Rocker Lockers</productName>
    <productImage>http://asset.lemansnet.com/z/L0IvNS8yL0I1MjIwQUE4LTk3OTgtNEZEMi1BMjVFLTc0RTRBOTgwOThCNw==</productImage>
    <bullet1>Centers the rocker plate eliminating different wear patterns on the rocker arm valve</bullet1>
    <bullet2>Tapered design so that they lock themselves in and wedge the bolt shaft in place</bullet2>
    <bullet3>Eliminates the gap between the rocker arm shaft and bolt</bullet3>
    <bullet4>Will not cure a bad lifter, tensioner, or noisy cam</bullet4>
    <bullet5>Stops the rocker arm tick</bullet5>
    <bullet6>Made in the USA</bullet6>
    <bullet7>While Step-by-Step instructions are included, it is recommended to also supplement them with the Service Manual.</bullet7>
    <bullet8/>
    <bullet9/>
    <bullet10/>
    <bullet11/>
    <bullet12/>
    <bullet13/>
    <bullet14/>
    <bullet15/>
    <bullet16/>
    <bullet17/>
    <bullet18/>
    <bullet19/>
    <bullet20/>
    <bullet21/>
    <bullet22/>
    <bullet23/>
    <bullet24/>
    <vendorPriceUpdateDate>2023-04-22 00:00:00</vendorPriceUpdateDate>
  </part>
  <part>
    <partNumber>09500926</partNumber>
    <punctuatedPartNumber>0950-0926</punctuatedPartNumber>
    <partStatusDescription>DISCONTINUED</partStatusDescription>
    <partDescription>Rocker Lockers - Dealer Kit - 10 pack - XL</partDescription>
    <unitOfMeasure>10 Pack</unitOfMeasure>
    <brandName>ROCKER LOCKERS</brandName>
    <supplierNumber>DK-RL-SPT-10</supplierNumber>
    <specialInstructions>DISCONTINUED ITEM</specialInstructions>
    <baseDealerPrice>60.00</baseDealerPrice>
    <yourDealerPrice>60.00</yourDealerPrice>
    <baseRetailPrice>0.00</baseRetailPrice>
    <originalRetailPrice>24.95</originalRetailPrice>
    <partImage>http://asset.lemansnet.com/z/LzEvMC8zLzEwMzE3MDU3LURDQjgtNENDMS05QjRDLUQ3MTBENzkzQjg1Ng==</partImage>
    <productId>0476406308</productId>
    <productName>Rocker Lockers</productName>
    <productImage>http://asset.lemansnet.com/z/L0IvNS8yL0I1MjIwQUE4LTk3OTgtNEZEMi1BMjVFLTc0RTRBOTgwOThCNw==</productImage>
    <bullet1>Centers the rocker plate eliminating different wear patterns on the rocker arm valve</bullet1>
    <bullet2>Tapered design so that they lock themselves in and wedge the bolt shaft in place</bullet2>
    <bullet3>Eliminates the gap between the rocker arm shaft and bolt</bullet3>
    <bullet4>Will not cure a bad lifter, tensioner, or noisy cam</bullet4>
    <bullet5>Stops the rocker arm tick</bullet5>
    <bullet6>Made in the USA</bullet6>
    <bullet7>While Step-by-Step instructions are included, it is recommended to also supplement them with the Service Manual.</bullet7>
    <bullet8/>
    <bullet9/>
    <bullet10/>
    <bullet11/>
    <bullet12/>
    <bullet13/>
    <bullet14/>
    <bullet15/>
    <bullet16/>
    <bullet17/>
    <bullet18/>
    <bullet19/>
    <bullet20/>
    <bullet21/>
    <bullet22/>
    <bullet23/>
    <bullet24/>
    <vendorPriceUpdateDate>2023-04-22 00:00:00</vendorPriceUpdateDate>
  </part>
  <part>
    <partNumber>09500927</partNumber>
    <punctuatedPartNumber>0950-0927</punctuatedPartNumber>
    <partStatusDescription>STANDARD</partStatusDescription>
    <partDescription>Rocker Lockers - XL</partDescription>
    <unitOfMeasure>Kit</unitOfMeasure>
    <brandName>ROCKER LOCKERS</brandName>
    <supplierNumber>DK-RL-SPT-8606</supplierNumber>
    <specialInstructions/>
    <baseDealerPrice>14.70</baseDealerPrice>
    <yourDealerPrice>14.70</yourDealerPrice>
    <baseRetailPrice>24.95</baseRetailPrice>
    <originalRetailPrice>24.95</originalRetailPrice>
    <partImage>http://asset.lemansnet.com/z/LzEvNS80LzE1NDE4OTkyLTA2QUMtNDdBNS1CMEQ3LUJGMzU1QzVFOTZENywvNy9BLzgvN0E4OUE5MDUtNUUxRi00ODRDLTlDRDQtMEI0MDI4NzQ0Q0NC</partImage>
    <productId>1582568307</productId>
    <productName>Rocker Lockers</productName>
    <productImage>http://asset.lemansnet.com/z/L0IvNS8yL0I1MjIwQUE4LTk3OTgtNEZEMi1BMjVFLTc0RTRBOTgwOThCNw==</productImage>
    <bullet1>Centers the rocker plate eliminating different wear patterns on the rocker arm valve</bullet1>
    <bullet2>Tapered design so that they lock themselves in and wedge the bolt shaft in place</bullet2>
    <bullet3>Eliminates the gap between the rocker arm shaft and bolt</bullet3>
    <bullet4>Will not cure a bad lifter, tensioner, or noisy cam</bullet4>
    <bullet5>Stops the rocker arm tick</bullet5>
    <bullet6>Made in the USA</bullet6>
    <bullet7>While Step-by-Step instructions are included, it is recommended to also supplement them with the Service Manual.</bullet7>
    <bullet8/>
    <bullet9/>
    <bullet10/>
    <bullet11/>
    <bullet12/>
    <bullet13/>
    <bullet14/>
    <bullet15/>
    <bullet16/>
    <bullet17/>
    <bullet18/>
    <bullet19/>
    <bullet20/>
    <bullet21/>
    <bullet22/>
    <bullet23/>
    <bullet24/>
    <vendorPriceUpdateDate>2023-04-22 00:00:00</vendorPriceUpdateDate>
  </part>
  <part>
    <partNumber>09500928</partNumber>
    <punctuatedPartNumber>0950-0928</punctuatedPartNumber>
    <partStatusDescription>DISCONTINUED</partStatusDescription>
    <partDescription>Rocker Lockers - Dealer Kit - 10 Pack - XL</partDescription>
    <unitOfMeasure>10 Pack</unitOfMeasure>
    <brandName>ROCKER LOCKERS</brandName>
    <supplierNumber>DK-RL-SPT860610</supplierNumber>
    <specialInstructions>DISCONTINUED ITEM</specialInstructions>
    <baseDealerPrice>60.00</baseDealerPrice>
    <yourDealerPrice>60.00</yourDealerPrice>
    <baseRetailPrice>0.00</baseRetailPrice>
    <originalRetailPrice>24.95</originalRetailPrice>
    <partImage>http://asset.lemansnet.com/z/L0UvNS9GL0U1RjhEMzYwLTIxMkQtNDlERi1CMDIxLUNBQkVBNDg1MDA5MA==</partImage>
    <productId>0476406308</productId>
    <productName>Rocker Lockers</productName>
    <productImage>http://asset.lemansnet.com/z/L0IvNS8yL0I1MjIwQUE4LTk3OTgtNEZEMi1BMjVFLTc0RTRBOTgwOThCNw==</productImage>
    <bullet1>Centers the rocker plate eliminating different wear patterns on the rocker arm valve</bullet1>
    <bullet2>Tapered design so that they lock themselves in and wedge the bolt shaft in place</bullet2>
    <bullet3>Eliminates the gap between the rocker arm shaft and bolt</bullet3>
    <bullet4>Will not cure a bad lifter, tensioner, or noisy cam</bullet4>
    <bullet5>Stops the rocker arm tick</bullet5>
    <bullet6>Made in the USA</bullet6>
    <bullet7>While Step-by-Step instructions are included, it is recommended to also supplement them with the Service Manual.</bullet7>
    <bullet8/>
    <bullet9/>
    <bullet10/>
    <bullet11/>
    <bullet12/>
    <bullet13/>
    <bullet14/>
    <bullet15/>
    <bullet16/>
    <bullet17/>
    <bullet18/>
    <bullet19/>
    <bullet20/>
    <bullet21/>
    <bullet22/>
    <bullet23/>
    <bullet24/>
    <vendorPriceUpdateDate>2023-04-22 00:00:00</vendorPriceUpdateDate>
  </part>
  <part>
    <partNumber>09500929</partNumber>
    <punctuatedPartNumber>0950-0929</punctuatedPartNumber>
    <partStatusDescription>STANDARD</partStatusDescription>
    <partDescription>Rocker Lockers - Big Twin Evolution</partDescription>
    <unitOfMeasure>Kit</unitOfMeasure>
    <brandName>ROCKER LOCKERS</brandName>
    <supplierNumber>DK-RL-BTE</supplierNumber>
    <specialInstructions/>
    <baseDealerPrice>14.70</baseDealerPrice>
    <yourDealerPrice>14.70</yourDealerPrice>
    <baseRetailPrice>24.95</baseRetailPrice>
    <originalRetailPrice>24.95</originalRetailPrice>
    <partImage>http://asset.lemansnet.com/z/LzIvOC9CLzI4QjVEMTlELTMyNDItNEY1Ny1CQURELTNGNERDNTgyMTFDOCwvRC9DLzcvREM3QTVEODAtMTU4MC00OUM4LUFDMTYtQjk1MjY0ODg2RDJF</partImage>
    <productId>1582568307</productId>
    <productName>Rocker Lockers</productName>
    <productImage>http://asset.lemansnet.com/z/L0IvNS8yL0I1MjIwQUE4LTk3OTgtNEZEMi1BMjVFLTc0RTRBOTgwOThCNw==</productImage>
    <bullet1>Centers the rocker plate eliminating different wear patterns on the rocker arm valve</bullet1>
    <bullet2>Tapered design so that they lock themselves in and wedge the bolt shaft in place</bullet2>
    <bullet3>Eliminates the gap between the rocker arm shaft and bolt</bullet3>
    <bullet4>Will not cure a bad lifter, tensioner, or noisy cam</bullet4>
    <bullet5>Stops the rocker arm tick</bullet5>
    <bullet6>Made in the USA</bullet6>
    <bullet7>While Step-by-Step instructions are included, it is recommended to also supplement them with the Service Manual.</bullet7>
    <bullet8/>
    <bullet9/>
    <bullet10/>
    <bullet11/>
    <bullet12/>
    <bullet13/>
    <bullet14/>
    <bullet15/>
    <bullet16/>
    <bullet17/>
    <bullet18/>
    <bullet19/>
    <bullet20/>
    <bullet21/>
    <bullet22/>
    <bullet23/>
    <bullet24/>
    <vendorPriceUpdateDate>2023-04-22 00:00:00</vendorPriceUpdateDate>
  </part>
  <part>
    <partNumber>09500930</partNumber>
    <punctuatedPartNumber>0950-0930</punctuatedPartNumber>
    <partStatusDescription>DISCONTINUED</partStatusDescription>
    <partDescription>Rocker Lockers - Dealer Kit - 10 Pack - Big Twin Evolution</partDescription>
    <unitOfMeasure>10 Pack</unitOfMeasure>
    <brandName>ROCKER LOCKERS</brandName>
    <supplierNumber>DK-RL-BTE-10</supplierNumber>
    <specialInstructions>DISCONTINUED ITEM</specialInstructions>
    <baseDealerPrice>60.00</baseDealerPrice>
    <yourDealerPrice>60.00</yourDealerPrice>
    <baseRetailPrice>0.00</baseRetailPrice>
    <originalRetailPrice>24.95</originalRetailPrice>
    <partImage>http://asset.lemansnet.com/z/LzYvOC82LzY4NkM1NzQ2LTE3QUQtNDY5Ri05NTE0LUYzNTZFM0E0NThGQg==</partImage>
    <productId>0476406308</productId>
    <productName>Rocker Lockers</productName>
    <productImage>http://asset.lemansnet.com/z/L0IvNS8yL0I1MjIwQUE4LTk3OTgtNEZEMi1BMjVFLTc0RTRBOTgwOThCNw==</productImage>
    <bullet1>Centers the rocker plate eliminating different wear patterns on the rocker arm valve</bullet1>
    <bullet2>Tapered design so that they lock themselves in and wedge the bolt shaft in place</bullet2>
    <bullet3>Eliminates the gap between the rocker arm shaft and bolt</bullet3>
    <bullet4>Will not cure a bad lifter, tensioner, or noisy cam</bullet4>
    <bullet5>Stops the rocker arm tick</bullet5>
    <bullet6>Made in the USA</bullet6>
    <bullet7>While Step-by-Step instructions are included, it is recommended to also supplement them with the Service Manual.</bullet7>
    <bullet8/>
    <bullet9/>
    <bullet10/>
    <bullet11/>
    <bullet12/>
    <bullet13/>
    <bullet14/>
    <bullet15/>
    <bullet16/>
    <bullet17/>
    <bullet18/>
    <bullet19/>
    <bullet20/>
    <bullet21/>
    <bullet22/>
    <bullet23/>
    <bullet24/>
    <vendorPriceUpdateDate>2023-04-22 00:00:00</vendorPriceUpdateDate>
  </part>
  <part>
    <partNumber>09500931</partNumber>
    <punctuatedPartNumber>0950-0931</punctuatedPartNumber>
    <partStatusDescription>STANDARD</partStatusDescription>
    <partDescription>Rocker Lockers - Twin Cam with After-Market Support Plates</partDescription>
    <unitOfMeasure>Kit</unitOfMeasure>
    <brandName>ROCKER LOCKERS</brandName>
    <supplierNumber>DK-RL-AMSP-TC</supplierNumber>
    <specialInstructions/>
    <baseDealerPrice>17.50</baseDealerPrice>
    <yourDealerPrice>17.50</yourDealerPrice>
    <baseRetailPrice>29.95</baseRetailPrice>
    <originalRetailPrice>29.95</originalRetailPrice>
    <partImage>http://asset.lemansnet.com/z/LzAvMS9CLzAxQjQ5NjBELUUyNUYtNDdGNi04REU1LUYwMDM5NzQ3QUY4QywvMC81L0EvMDVBNEE4NzMtRDI4OS00NDNELUIxM0UtRDIzN0RCNUNBNTBF</partImage>
    <productId>1582568307</productId>
    <productName>Rocker Lockers</productName>
    <productImage>http://asset.lemansnet.com/z/L0IvNS8yL0I1MjIwQUE4LTk3OTgtNEZEMi1BMjVFLTc0RTRBOTgwOThCNw==</productImage>
    <bullet1>Centers the rocker plate eliminating different wear patterns on the rocker arm valve</bullet1>
    <bullet2>Tapered design so that they lock themselves in and wedge the bolt shaft in place</bullet2>
    <bullet3>Eliminates the gap between the rocker arm shaft and bolt</bullet3>
    <bullet4>Will not cure a bad lifter, tensioner, or noisy cam</bullet4>
    <bullet5>Stops the rocker arm tick</bullet5>
    <bullet6>Made in the USA</bullet6>
    <bullet7>While Step-by-Step instructions are included, it is recommended to also supplement them with the Service Manual.</bullet7>
    <bullet8/>
    <bullet9/>
    <bullet10/>
    <bullet11/>
    <bullet12/>
    <bullet13/>
    <bullet14/>
    <bullet15/>
    <bullet16/>
    <bullet17/>
    <bullet18/>
    <bullet19/>
    <bullet20/>
    <bullet21/>
    <bullet22/>
    <bullet23/>
    <bullet24/>
    <vendorPriceUpdateDate>2023-04-22 00:00:00</vendorPriceUpdateDate>
  </part>
</root>
