<root>
  <part>
    <partNumber>KR001</partNumber>
    <punctuatedPartNumber>KR001</punctuatedPartNumber>
    <partStatusDescription>STANDARD</partStatusDescription>
    <partDescription>Tank Sealant - 16 U.S. fl oz.</partDescription>
    <unitOfMeasure>Each</unitOfMeasure>
    <brandName>KREEM</brandName>
    <supplierNumber>1010</supplierNumber>
    <specialInstructions/>
    <baseDealerPrice>17.50</baseDealerPrice>
    <yourDealerPrice>17.50</yourDealerPrice>
    <baseRetailPrice>26.95</baseRetailPrice>
    <originalRetailPrice>24.95</originalRetailPrice>
    <partImage>http://asset.lemansnet.com/z/L0IvQi9CL0JCQjU5MjA3LUMzNjYtNDQ0Qy05RDcyLTdGQTRENzRDMDg4Nw==</partImage>
    <productId>1221548888</productId>
    <productName>Fuel Tank Liner</productName>
    <productImage>http://asset.lemansnet.com/z/L0IvQi9CL0JCQjU5MjA3LUMzNjYtNDQ0Qy05RDcyLTdGQTRENzRDMDg4Nw==</productImage>
    <bullet1>In a new or old tank, Kreem will seal and protect, prevent rust and stop leaks from pinholes and hairline cracks</bullet1>
    <bullet2>Resistant to alcohol and gasohol; withstands most octane boosters</bullet2>
    <bullet3>Most tanks require 16 fluid ounces of Kreem per 3 gallons of capacity</bullet3>
    <bullet4>Available in 16-fluid ounce bottles, 12 per case</bullet4>
    <bullet5>Not for plastic tanks</bullet5>
    <bullet6>KREEM is NOT compatible with all fiberglass tanks. You must spot test before use.</bullet6>
    <bullet7/>
    <bullet8/>
    <bullet9/>
    <bullet10/>
    <bullet11/>
    <bullet12/>
    <bullet13/>
    <bullet14/>
    <bullet15/>
    <bullet16/>
    <bullet17/>
    <bullet18/>
    <bullet19/>
    <bullet20/>
    <bullet21/>
    <bullet22/>
    <bullet23/>
    <bullet24/>
    <vendorPriceUpdateDate>2018-01-17 00:00:00</vendorPriceUpdateDate>
  </part>
  <part>
    <partNumber>KR007</partNumber>
    <punctuatedPartNumber>KR007</punctuatedPartNumber>
    <partStatusDescription>STANDARD</partStatusDescription>
    <partDescription>Tank Mask Paint Protectant - 8 U.S. fl oz.</partDescription>
    <unitOfMeasure>Each</unitOfMeasure>
    <brandName>KREEM</brandName>
    <supplierNumber>1610</supplierNumber>
    <specialInstructions/>
    <baseDealerPrice>13.80</baseDealerPrice>
    <yourDealerPrice>13.80</yourDealerPrice>
    <baseRetailPrice>20.95</baseRetailPrice>
    <originalRetailPrice>20.95</originalRetailPrice>
    <partImage>http://asset.lemansnet.com/z/LzEvMC8xLzEwMTgwNEU3LTEzM0YtNEI4NC1CMkRGLUM3RDBFNzUxNUUyMQ==</partImage>
    <productId>0256877163</productId>
    <productName>Tank Mask Protectant</productName>
    <productImage>http://asset.lemansnet.com/z/LzEvMC8xLzEwMTgwNEU3LTEzM0YtNEI4NC1CMkRGLUM3RDBFNzUxNUUyMQ==</productImage>
    <bullet1>Protects paint and finishes outside your fuel tank when prepping the inside</bullet1>
    <bullet2>Water-based liquid mask applies easily to painted tanks and dries to a non-tacky film that won't damage expensive paint and finishes</bullet2>
    <bullet3>Washes off with warm soapy water</bullet3>
    <bullet4>Available in 8-fluid ounce bottles, 6 per case</bullet4>
    <bullet5/>
    <bullet6/>
    <bullet7/>
    <bullet8/>
    <bullet9/>
    <bullet10/>
    <bullet11/>
    <bullet12/>
    <bullet13/>
    <bullet14/>
    <bullet15/>
    <bullet16/>
    <bullet17/>
    <bullet18/>
    <bullet19/>
    <bullet20/>
    <bullet21/>
    <bullet22/>
    <bullet23/>
    <bullet24/>
    <vendorPriceUpdateDate>2018-01-17 00:00:00</vendorPriceUpdateDate>
  </part>
  <part>
    <partNumber>37090001</partNumber>
    <punctuatedPartNumber>3709-0001</punctuatedPartNumber>
    <partStatusDescription>STANDARD</partStatusDescription>
    <partDescription>Tank Liner Kit - For Up To 5 gal. Tank</partDescription>
    <unitOfMeasure>Kit</unitOfMeasure>
    <brandName>KREEM</brandName>
    <supplierNumber>1215</supplierNumber>
    <specialInstructions/>
    <baseDealerPrice>38.30</baseDealerPrice>
    <yourDealerPrice>38.30</yourDealerPrice>
    <baseRetailPrice>58.95</baseRetailPrice>
    <originalRetailPrice>53.95</originalRetailPrice>
    <partImage>http://asset.lemansnet.com/z/LzMvMi9ELzMyREVBN0RFLTdDRjAtNEIxQy1CMTg4LUE0N0JGQkE0QTZFQw==</partImage>
    <productId>2082839437</productId>
    <productName>Fuel Tank Liner and Tank Prep Combo Packs</productName>
    <productImage>http://asset.lemansnet.com/z/LzMvMi9ELzMyREVBN0RFLTdDRjAtNEIxQy1CMTg4LUE0N0JGQkE0QTZFQw==</productImage>
    <bullet1>Works for all metal gas tank repair needs</bullet1>
    <bullet2>Tank Prep Kit: Prepares a metal gas tank for sealing</bullet2>
    <bullet3>Includes Fuel Tank Liner, Tank Prep A (a concentrated cleaner), and Tank Prep B (a final rinse)</bullet3>
    <bullet4>Kit removes loose rust and dirt inside the tank and conditions surface for tank sealer</bullet4>
    <bullet5>Fuel Tank Liner: Produces a tank within a tank</bullet5>
    <bullet6>Cures to a tough, elastomer compound that seals and protects any metal and some fiberglass tanks</bullet6>
    <bullet7>Resists alcohol and gasohol and withstands most octane boosters</bullet7>
    <bullet8/>
    <bullet9/>
    <bullet10/>
    <bullet11/>
    <bullet12/>
    <bullet13/>
    <bullet14/>
    <bullet15/>
    <bullet16/>
    <bullet17/>
    <bullet18/>
    <bullet19/>
    <bullet20/>
    <bullet21/>
    <bullet22/>
    <bullet23/>
    <bullet24/>
    <vendorPriceUpdateDate>2023-04-22 00:00:00</vendorPriceUpdateDate>
  </part>
  <part>
    <partNumber>KR002</partNumber>
    <punctuatedPartNumber>KR002</punctuatedPartNumber>
    <partStatusDescription>STANDARD</partStatusDescription>
    <partDescription>Tank Prep - Wash &amp; Condition Kit</partDescription>
    <unitOfMeasure>Each</unitOfMeasure>
    <brandName>KREEM</brandName>
    <supplierNumber>1110</supplierNumber>
    <specialInstructions/>
    <baseDealerPrice>16.20</baseDealerPrice>
    <yourDealerPrice>16.20</yourDealerPrice>
    <baseRetailPrice>24.95</baseRetailPrice>
    <originalRetailPrice>22.95</originalRetailPrice>
    <partImage>http://asset.lemansnet.com/z/LzUvMi9DLzUyQzRGNjE3LUNEODgtNDM3RS1BMUVFLUFGNUQyMEU1MDk0MA==</partImage>
    <productId>0533005920</productId>
    <productName>Tank Prep</productName>
    <productImage>http://asset.lemansnet.com/z/LzUvMi9DLzUyQzRGNjE3LUNEODgtNDM3RS1BMUVFLUFGNUQyMEU1MDk0MA==</productImage>
    <bullet1>Two-part kit dissolves rust, etches the metal and removes oil and grease</bullet1>
    <bullet2>Treatment time is approximately four hours</bullet2>
    <bullet3>Kit includes one 16-fluid ounce bottle of Prep A, and one 8-fluid ounce bottle of Prep B; enough for 2.5 gal. tank</bullet3>
    <bullet4>Available 6 kits per case</bullet4>
    <bullet5/>
    <bullet6/>
    <bullet7/>
    <bullet8/>
    <bullet9/>
    <bullet10/>
    <bullet11/>
    <bullet12/>
    <bullet13/>
    <bullet14/>
    <bullet15/>
    <bullet16/>
    <bullet17/>
    <bullet18/>
    <bullet19/>
    <bullet20/>
    <bullet21/>
    <bullet22/>
    <bullet23/>
    <bullet24/>
    <vendorPriceUpdateDate>2018-01-17 00:00:00</vendorPriceUpdateDate>
  </part>
  <part>
    <partNumber>KR004</partNumber>
    <punctuatedPartNumber>KR004</punctuatedPartNumber>
    <partStatusDescription>STANDARD</partStatusDescription>
    <partDescription>Tank Liner Kit - For Up To 2.5 gal. Tank</partDescription>
    <unitOfMeasure>Kit</unitOfMeasure>
    <brandName>KREEM</brandName>
    <supplierNumber>1210</supplierNumber>
    <specialInstructions>SOLD AS SINGLE KIT 02MAF</specialInstructions>
    <baseDealerPrice>32.30</baseDealerPrice>
    <yourDealerPrice>32.30</yourDealerPrice>
    <baseRetailPrice>49.95</baseRetailPrice>
    <originalRetailPrice>45.95</originalRetailPrice>
    <partImage>http://asset.lemansnet.com/z/L0EvNS9CL0E1QkZBMUI2LUREODItNEQ4My1BRDc3LTVCMkI0MDJGODQ1MSwvMS9ELzcvMUQ3RDU0OTAtMjFENy00QkEzLUI0OTUtNUI3QzgxMDU1QjVB</partImage>
    <productId>2082839437</productId>
    <productName>Fuel Tank Liner and Tank Prep Combo Packs</productName>
    <productImage>http://asset.lemansnet.com/z/LzMvMi9ELzMyREVBN0RFLTdDRjAtNEIxQy1CMTg4LUE0N0JGQkE0QTZFQw==</productImage>
    <bullet1>Works for all metal gas tank repair needs</bullet1>
    <bullet2>Tank Prep Kit: Prepares a metal gas tank for sealing</bullet2>
    <bullet3>Includes Fuel Tank Liner, Tank Prep A (a concentrated cleaner), and Tank Prep B (a final rinse)</bullet3>
    <bullet4>Kit removes loose rust and dirt inside the tank and conditions surface for tank sealer</bullet4>
    <bullet5>Fuel Tank Liner: Produces a tank within a tank</bullet5>
    <bullet6>Cures to a tough, elastomer compound that seals and protects any metal and some fiberglass tanks</bullet6>
    <bullet7>Resists alcohol and gasohol and withstands most octane boosters</bullet7>
    <bullet8/>
    <bullet9/>
    <bullet10/>
    <bullet11/>
    <bullet12/>
    <bullet13/>
    <bullet14/>
    <bullet15/>
    <bullet16/>
    <bullet17/>
    <bullet18/>
    <bullet19/>
    <bullet20/>
    <bullet21/>
    <bullet22/>
    <bullet23/>
    <bullet24/>
    <vendorPriceUpdateDate>2023-04-22 00:00:00</vendorPriceUpdateDate>
  </part>
  <part>
    <partNumber>KR006</partNumber>
    <punctuatedPartNumber>KR006</punctuatedPartNumber>
    <partStatusDescription>STANDARD</partStatusDescription>
    <partDescription>Tank Cleaner/Degreaser - 16 U.S. fl oz.</partDescription>
    <unitOfMeasure>Each</unitOfMeasure>
    <brandName>KREEM</brandName>
    <supplierNumber>1510</supplierNumber>
    <specialInstructions/>
    <baseDealerPrice>9.10</baseDealerPrice>
    <yourDealerPrice>9.10</yourDealerPrice>
    <baseRetailPrice>13.95</baseRetailPrice>
    <originalRetailPrice>12.95</originalRetailPrice>
    <partImage>http://asset.lemansnet.com/z/LzgvMi85LzgyOUU4MjUxLUVCOTItNDgxNS1BM0RBLUZDNzVFQ0NGN0ZFMw==</partImage>
    <productId>1194710334</productId>
    <productName>Tank Degreaser</productName>
    <productImage>http://asset.lemansnet.com/z/LzgvMi85LzgyOUU4MjUxLUVCOTItNDgxNS1BM0RBLUZDNzVFQ0NGN0ZFMw==</productImage>
    <bullet1>For use on new or aftermarket tanks</bullet1>
    <bullet2>Quickly removes protective oil coating inside new gas tanks</bullet2>
    <bullet3>Can also be used as a general purpose cleaner and degreaser</bullet3>
    <bullet4>Available in 16-fluid ounce bottles, 6 per case</bullet4>
    <bullet5/>
    <bullet6/>
    <bullet7/>
    <bullet8/>
    <bullet9/>
    <bullet10/>
    <bullet11/>
    <bullet12/>
    <bullet13/>
    <bullet14/>
    <bullet15/>
    <bullet16/>
    <bullet17/>
    <bullet18/>
    <bullet19/>
    <bullet20/>
    <bullet21/>
    <bullet22/>
    <bullet23/>
    <bullet24/>
    <vendorPriceUpdateDate>2018-01-17 00:00:00</vendorPriceUpdateDate>
  </part>
</root>
