<root>
  <part>
    <partNumber>03600020</partNumber>
    <punctuatedPartNumber>0360-0020</punctuatedPartNumber>
    <partStatusDescription>STANDARD</partStatusDescription>
    <partDescription>Valve Cores - Straight - Black/Silver/Raw</partDescription>
    <unitOfMeasure>4 Pack</unitOfMeasure>
    <brandName>SLIME</brandName>
    <supplierNumber>22042</supplierNumber>
    <specialInstructions/>
    <baseDealerPrice>1.14</baseDealerPrice>
    <yourDealerPrice>1.14</yourDealerPrice>
    <baseRetailPrice>3.99</baseRetailPrice>
    <originalRetailPrice>3.99</originalRetailPrice>
    <partImage>http://asset.lemansnet.com/z/L0YvOS82L0Y5NjlFRjBFLTU5N0QtNDBFRC1CRjkwLTg4Rjc5MTc1MkE2Qw==</partImage>
    <productId>1190406215</productId>
    <productName>Valve Cores</productName>
    <productImage>http://asset.lemansnet.com/z/L0YvOS82L0Y5NjlFRjBFLTU5N0QtNDBFRC1CRjkwLTg4Rjc5MTc1MkE2Qw==</productImage>
    <bullet1>Replacement valve cores</bullet1>
    <bullet2/>
    <bullet3/>
    <bullet4/>
    <bullet5/>
    <bullet6/>
    <bullet7/>
    <bullet8/>
    <bullet9/>
    <bullet10/>
    <bullet11/>
    <bullet12/>
    <bullet13/>
    <bullet14/>
    <bullet15/>
    <bullet16/>
    <bullet17/>
    <bullet18/>
    <bullet19/>
    <bullet20/>
    <bullet21/>
    <bullet22/>
    <bullet23/>
    <bullet24/>
    <vendorPriceUpdateDate>2022-05-25 00:00:00</vendorPriceUpdateDate>
  </part>
  <part>
    <partNumber>03610052</partNumber>
    <punctuatedPartNumber>0361-0052</punctuatedPartNumber>
    <partStatusDescription>STANDARD</partStatusDescription>
    <partDescription>Valve Stem Caps - Silver - 4 Pack</partDescription>
    <unitOfMeasure>4 Pack</unitOfMeasure>
    <brandName>SLIME</brandName>
    <supplierNumber>20131</supplierNumber>
    <specialInstructions/>
    <baseDealerPrice>2.76</baseDealerPrice>
    <yourDealerPrice>2.76</yourDealerPrice>
    <baseRetailPrice>5.19</baseRetailPrice>
    <originalRetailPrice>4.49</originalRetailPrice>
    <partImage>http://asset.lemansnet.com/z/LzcvQi9BLzdCQTc2QTVELTU1NzgtNDAzNC1BNTRDLUVCNUY2OEQxMTQ0Ng==</partImage>
    <productId>1727159074</productId>
    <productName>Valve Stem Cap</productName>
    <productImage>http://asset.lemansnet.com/z/LzcvMC81LzcwNTg3ODQzLTQ2MTQtNDk2My04MEUwLTc2NTI0RDBDRjc4OQ==</productImage>
    <bullet1>General replacement</bullet1>
    <bullet2/>
    <bullet3/>
    <bullet4/>
    <bullet5/>
    <bullet6/>
    <bullet7/>
    <bullet8/>
    <bullet9/>
    <bullet10/>
    <bullet11/>
    <bullet12/>
    <bullet13/>
    <bullet14/>
    <bullet15/>
    <bullet16/>
    <bullet17/>
    <bullet18/>
    <bullet19/>
    <bullet20/>
    <bullet21/>
    <bullet22/>
    <bullet23/>
    <bullet24/>
    <vendorPriceUpdateDate>2022-05-25 00:00:00</vendorPriceUpdateDate>
  </part>
  <part>
    <partNumber>03610074</partNumber>
    <punctuatedPartNumber>0361-0074</punctuatedPartNumber>
    <partStatusDescription>STANDARD</partStatusDescription>
    <partDescription>Valve Stem Caps - Red - 4 Pack</partDescription>
    <unitOfMeasure>4 Pack</unitOfMeasure>
    <brandName>SLIME</brandName>
    <supplierNumber>20129</supplierNumber>
    <specialInstructions/>
    <baseDealerPrice>2.76</baseDealerPrice>
    <yourDealerPrice>2.76</yourDealerPrice>
    <baseRetailPrice>5.19</baseRetailPrice>
    <originalRetailPrice>4.49</originalRetailPrice>
    <partImage>http://asset.lemansnet.com/z/LzcvRS8yLzdFMkEwM0JFLUUzQjEtNEMzQy05QTg2LUZCNzEzNjZFNDg0NA==</partImage>
    <productId>1727159074</productId>
    <productName>Valve Stem Cap</productName>
    <productImage>http://asset.lemansnet.com/z/LzcvMC81LzcwNTg3ODQzLTQ2MTQtNDk2My04MEUwLTc2NTI0RDBDRjc4OQ==</productImage>
    <bullet1>General replacement</bullet1>
    <bullet2/>
    <bullet3/>
    <bullet4/>
    <bullet5/>
    <bullet6/>
    <bullet7/>
    <bullet8/>
    <bullet9/>
    <bullet10/>
    <bullet11/>
    <bullet12/>
    <bullet13/>
    <bullet14/>
    <bullet15/>
    <bullet16/>
    <bullet17/>
    <bullet18/>
    <bullet19/>
    <bullet20/>
    <bullet21/>
    <bullet22/>
    <bullet23/>
    <bullet24/>
    <vendorPriceUpdateDate>2022-05-25 00:00:00</vendorPriceUpdateDate>
  </part>
  <part>
    <partNumber>03630033</partNumber>
    <punctuatedPartNumber>0363-0033</punctuatedPartNumber>
    <partStatusDescription>STANDARD</partStatusDescription>
    <partDescription>Tire Pressure Gauge - Dual Head/Dial - 10 psi -160 psi</partDescription>
    <unitOfMeasure>Each</unitOfMeasure>
    <brandName>SLIME</brandName>
    <supplierNumber>2020-A</supplierNumber>
    <specialInstructions/>
    <baseDealerPrice>15.94</baseDealerPrice>
    <yourDealerPrice>15.94</yourDealerPrice>
    <baseRetailPrice>22.99</baseRetailPrice>
    <originalRetailPrice>20.99</originalRetailPrice>
    <partImage>http://asset.lemansnet.com/z/LzgvNS84Lzg1ODk2RENGLTIzNDQtNEVFRi1BRkM0LTBFOUZBQTNGQkM0MCwvMi83LzQvMjc0MUVBNDMtQTFFNS00OTExLUJDQUItNzMxQzY0MzlGRTQw</partImage>
    <productId>1229311349</productId>
    <productName>Dual Head Dial Tire Gauge</productName>
    <productImage>http://asset.lemansnet.com/z/LzgvNS84Lzg1ODk2RENGLTIzNDQtNEVFRi1BRkM0LTBFOUZBQTNGQkM0MA==</productImage>
    <bullet1>Long body so you can easily reach through wheel wells without hassle</bullet1>
    <bullet2>Dual head gauge with bleeder valve</bullet2>
    <bullet3>Extended reach braided air hose</bullet3>
    <bullet4>Shock resistant rubber housing</bullet4>
    <bullet5>Fits on a Schrader valve stem</bullet5>
    <bullet6>Reads psi, kPa and bar</bullet6>
    <bullet7>Easy-to-read dial face</bullet7>
    <bullet8>Tire sensor safe</bullet8>
    <bullet9/>
    <bullet10/>
    <bullet11/>
    <bullet12/>
    <bullet13/>
    <bullet14/>
    <bullet15/>
    <bullet16/>
    <bullet17/>
    <bullet18/>
    <bullet19/>
    <bullet20/>
    <bullet21/>
    <bullet22/>
    <bullet23/>
    <bullet24/>
    <vendorPriceUpdateDate>2022-05-25 00:00:00</vendorPriceUpdateDate>
  </part>
  <part>
    <partNumber>03630037</partNumber>
    <punctuatedPartNumber>0363-0037</punctuatedPartNumber>
    <partStatusDescription>STANDARD</partStatusDescription>
    <partDescription>Gauge - Magnetic - Round</partDescription>
    <unitOfMeasure>8 Pack</unitOfMeasure>
    <brandName>SLIME</brandName>
    <supplierNumber>20034</supplierNumber>
    <specialInstructions/>
    <baseDealerPrice>53.05</baseDealerPrice>
    <yourDealerPrice>53.05</yourDealerPrice>
    <baseRetailPrice>8.99</baseRetailPrice>
    <originalRetailPrice>9.95</originalRetailPrice>
    <partImage>http://asset.lemansnet.com/z/LzAvOC9ELzA4REJBQzM4LUYzQTctNDc4NS1BNkEzLTBEQjY4QzEzNjcyMSwvRS9GL0UvRUZFRkNGRUItOUU1My00RjVDLUI5NDktNjJDQzE3OUZGQkE4</partImage>
    <productId>0258848230</productId>
    <productName>Magnetic Tire Pressure Gauge</productName>
    <productImage>http://asset.lemansnet.com/z/LzAvOC9ELzA4REJBQzM4LUYzQTctNDc4NS1BNkEzLTBEQjY4QzEzNjcyMQ==</productImage>
    <bullet1>Great reminder to check on tire pressures while at the pump</bullet1>
    <bullet2>Dial gauge magnetically stores inside a gas tank door</bullet2>
    <bullet3/>
    <bullet4/>
    <bullet5/>
    <bullet6/>
    <bullet7/>
    <bullet8/>
    <bullet9/>
    <bullet10/>
    <bullet11/>
    <bullet12/>
    <bullet13/>
    <bullet14/>
    <bullet15/>
    <bullet16/>
    <bullet17/>
    <bullet18/>
    <bullet19/>
    <bullet20/>
    <bullet21/>
    <bullet22/>
    <bullet23/>
    <bullet24/>
    <vendorPriceUpdateDate>2023-04-22 00:00:00</vendorPriceUpdateDate>
  </part>
  <part>
    <partNumber>03630069</partNumber>
    <punctuatedPartNumber>0363-0069</punctuatedPartNumber>
    <partStatusDescription>STANDARD</partStatusDescription>
    <partDescription>Compressor - Heavy Duty</partDescription>
    <unitOfMeasure>Each</unitOfMeasure>
    <brandName>SLIME</brandName>
    <supplierNumber>40031</supplierNumber>
    <specialInstructions/>
    <baseDealerPrice>92.70</baseDealerPrice>
    <yourDealerPrice>92.70</yourDealerPrice>
    <baseRetailPrice>108.99</baseRetailPrice>
    <originalRetailPrice>132.99</originalRetailPrice>
    <partImage>http://asset.lemansnet.com/z/LzYvQS9GLzZBRjcwQjY2LUYxOUItNDM2OS1CNEVELUNGN0U5M0MxMENBRA==</partImage>
    <productId>0997171467</productId>
    <productName>Pro Power Tire Inflator</productName>
    <productImage>http://asset.lemansnet.com/z/LzYvQS9GLzZBRjcwQjY2LUYxOUItNDM2OS1CNEVELUNGN0U5M0MxMENBRA==</productImage>
    <bullet1>Includes a 16' hose with a quick-release coupler, a canvas bag for storage and an easy-to-read gauge</bullet1>
    <bullet2>Inflate a standard tire in under 3 minutes with this powerful 12V compressor</bullet2>
    <bullet3>For quick and easy use, plug directly into your power outlet adapter</bullet3>
    <bullet4>A bright LED light allows for use during nighttime emergencies</bullet4>
    <bullet5/>
    <bullet6/>
    <bullet7/>
    <bullet8/>
    <bullet9/>
    <bullet10/>
    <bullet11/>
    <bullet12/>
    <bullet13/>
    <bullet14/>
    <bullet15/>
    <bullet16/>
    <bullet17/>
    <bullet18/>
    <bullet19/>
    <bullet20/>
    <bullet21/>
    <bullet22/>
    <bullet23/>
    <bullet24/>
    <vendorPriceUpdateDate>2022-05-25 00:00:00</vendorPriceUpdateDate>
  </part>
  <part>
    <partNumber>03640015</partNumber>
    <punctuatedPartNumber>0364-0015</punctuatedPartNumber>
    <partStatusDescription>STANDARD</partStatusDescription>
    <partDescription>Plug Kit - Tire</partDescription>
    <unitOfMeasure>Kit</unitOfMeasure>
    <brandName>SLIME</brandName>
    <supplierNumber>1034-A</supplierNumber>
    <specialInstructions/>
    <baseDealerPrice>5.80</baseDealerPrice>
    <yourDealerPrice>5.80</yourDealerPrice>
    <baseRetailPrice>15.39</baseRetailPrice>
    <originalRetailPrice>13.29</originalRetailPrice>
    <partImage>http://asset.lemansnet.com/z/L0QvRS8wL0RFMEZCM0MwLTU2OEItNDBBNS04QUYyLTlBRjVDRkQzQTg0Mg==</partImage>
    <productId>0829620723</productId>
    <productName>Tire Plug Kit</productName>
    <productImage>http://asset.lemansnet.com/z/L0QvRS8wL0RFMEZCM0MwLTU2OEItNDBBNS04QUYyLTlBRjVDRkQzQTg0Mg==</productImage>
    <bullet1>Use the ergonomic T-handle reamer and plugger tools to clean the hole and insert the heavy duty tire strings</bullet1>
    <bullet2>Perfect for ATVs, wheelbarrows, lawn mowers and other tubeless off-road tires</bullet2>
    <bullet3>Includes everything needed to plug up those nasty tire punctures</bullet3>
    <bullet4>Odorless</bullet4>
    <bullet5>7 Ply</bullet5>
    <bullet6>Kit includes:</bullet6>
    <bullet7>1 - T-handle reamer tool (reach depth of 68 mm)</bullet7>
    <bullet8>1 - T-handle plugger tool (reach depth of 68 mm)</bullet8>
    <bullet9>1 - Tube of plug bond (0.41 fluid oz)</bullet9>
    <bullet10>5 - Heavy-Duty black tire plugs</bullet10>
    <bullet11/>
    <bullet12/>
    <bullet13/>
    <bullet14/>
    <bullet15/>
    <bullet16/>
    <bullet17/>
    <bullet18/>
    <bullet19/>
    <bullet20/>
    <bullet21/>
    <bullet22/>
    <bullet23/>
    <bullet24/>
    <vendorPriceUpdateDate>2022-05-25 00:00:00</vendorPriceUpdateDate>
  </part>
  <part>
    <partNumber>03610073</partNumber>
    <punctuatedPartNumber>0361-0073</punctuatedPartNumber>
    <partStatusDescription>STANDARD</partStatusDescription>
    <partDescription>Valve Stem Caps - Blue - 4 Pack</partDescription>
    <unitOfMeasure>4 Pack</unitOfMeasure>
    <brandName>SLIME</brandName>
    <supplierNumber>20130</supplierNumber>
    <specialInstructions>ITEM IS NOT AUTHORIZED FOR SALE IN CANADA</specialInstructions>
    <baseDealerPrice>2.76</baseDealerPrice>
    <yourDealerPrice>2.76</yourDealerPrice>
    <baseRetailPrice>5.19</baseRetailPrice>
    <originalRetailPrice>4.49</originalRetailPrice>
    <partImage>http://asset.lemansnet.com/z/L0YvNy8xL0Y3MUI2Q0YyLTNCM0QtNDFGRS1BOUFCLTA1QjVEQTQzRUY1Nw==</partImage>
    <productId>1727159074</productId>
    <productName>Valve Stem Cap</productName>
    <productImage>http://asset.lemansnet.com/z/LzcvMC81LzcwNTg3ODQzLTQ2MTQtNDk2My04MEUwLTc2NTI0RDBDRjc4OQ==</productImage>
    <bullet1>General replacement</bullet1>
    <bullet2/>
    <bullet3/>
    <bullet4/>
    <bullet5/>
    <bullet6/>
    <bullet7/>
    <bullet8/>
    <bullet9/>
    <bullet10/>
    <bullet11/>
    <bullet12/>
    <bullet13/>
    <bullet14/>
    <bullet15/>
    <bullet16/>
    <bullet17/>
    <bullet18/>
    <bullet19/>
    <bullet20/>
    <bullet21/>
    <bullet22/>
    <bullet23/>
    <bullet24/>
    <vendorPriceUpdateDate>2022-05-25 00:00:00</vendorPriceUpdateDate>
  </part>
  <part>
    <partNumber>38100026</partNumber>
    <punctuatedPartNumber>3810-0026</punctuatedPartNumber>
    <partStatusDescription>STANDARD</partStatusDescription>
    <partDescription>Tire Valve Tool - 4-Way</partDescription>
    <unitOfMeasure>Each</unitOfMeasure>
    <brandName>SLIME</brandName>
    <supplierNumber>2044-A</supplierNumber>
    <specialInstructions/>
    <baseDealerPrice>1.33</baseDealerPrice>
    <yourDealerPrice>1.33</yourDealerPrice>
    <baseRetailPrice>2.99</baseRetailPrice>
    <originalRetailPrice>2.99</originalRetailPrice>
    <partImage>http://asset.lemansnet.com/z/L0YvOC84L0Y4ODNGODdELTQzQjUtNDIwMC1BNDY5LTI3MDA4MEVGRTk0Mw==</partImage>
    <productId>0411391903</productId>
    <productName>4-Way Valve Tool</productName>
    <productImage>http://asset.lemansnet.com/z/L0YvOC84L0Y4ODNGODdELTQzQjUtNDIwMC1BNDY5LTI3MDA4MEVGRTk0Mw==</productImage>
    <bullet1>Removes valve core, re-tap threads and ream the inside of the valve</bullet1>
    <bullet2>Works on A.C. unit valves</bullet2>
    <bullet3/>
    <bullet4/>
    <bullet5/>
    <bullet6/>
    <bullet7/>
    <bullet8/>
    <bullet9/>
    <bullet10/>
    <bullet11/>
    <bullet12/>
    <bullet13/>
    <bullet14/>
    <bullet15/>
    <bullet16/>
    <bullet17/>
    <bullet18/>
    <bullet19/>
    <bullet20/>
    <bullet21/>
    <bullet22/>
    <bullet23/>
    <bullet24/>
    <vendorPriceUpdateDate>2022-05-25 00:00:00</vendorPriceUpdateDate>
  </part>
  <part>
    <partNumber>37150006</partNumber>
    <punctuatedPartNumber>3715-0006</punctuatedPartNumber>
    <partStatusDescription>STANDARD</partStatusDescription>
    <partDescription>Tubeless Tire Sealant - 32 U.S. fl oz.</partDescription>
    <unitOfMeasure>Each</unitOfMeasure>
    <brandName>SLIME</brandName>
    <supplierNumber>10009</supplierNumber>
    <specialInstructions/>
    <baseDealerPrice>13.60</baseDealerPrice>
    <yourDealerPrice>13.60</yourDealerPrice>
    <baseRetailPrice>18.99</baseRetailPrice>
    <originalRetailPrice>20.99</originalRetailPrice>
    <partImage>http://asset.lemansnet.com/z/LzcvOC80Lzc4NEQ2MzA4LTIwRUEtNEM5Mi1CRTM4LUI1N0MwMEMxMTQzQg==</partImage>
    <productId>1521759126</productId>
    <productName>Tubeless Tire Sealant</productName>
    <productImage>http://asset.lemansnet.com/z/LzgvNC82Lzg0NkFENjY4LTlDRkQtNEQ5Qi1BQjNDLTgxRjMzM0FDOTMwQQ==</productImage>
    <bullet1>Just the Slime for motorcycles, ATVs, cars, trucks, 4x4s, golf carts, lawnmowers, tractors and industrial equipment</bullet1>
    <bullet2>Can be used as preventative sealant for vehicles going under 50 mph</bullet2>
    <bullet3>Instantly seals punctures up to 6mm diameter</bullet3>
    <bullet4>Provides continuous protection for up to two years</bullet4>
    <bullet5>Non-corrosive for the tire or wheel</bullet5>
    <bullet6>Installs through valve stem just like regular Slime</bullet6>
    <bullet7>Formulated for all tubeless tire applications</bullet7>
    <bullet8>Environmentally safe; cleans up with water</bullet8>
    <bullet9>Made in the U.S.A.</bullet9>
    <bullet10/>
    <bullet11/>
    <bullet12/>
    <bullet13/>
    <bullet14/>
    <bullet15/>
    <bullet16/>
    <bullet17/>
    <bullet18/>
    <bullet19/>
    <bullet20/>
    <bullet21/>
    <bullet22/>
    <bullet23/>
    <bullet24/>
    <vendorPriceUpdateDate>2022-05-25 00:00:00</vendorPriceUpdateDate>
  </part>
  <part>
    <partNumber>37150014</partNumber>
    <punctuatedPartNumber>3715-0014</punctuatedPartNumber>
    <partStatusDescription>STANDARD</partStatusDescription>
    <partDescription>Tube Sealant - 1 U.S. gal.</partDescription>
    <unitOfMeasure>Each</unitOfMeasure>
    <brandName>SLIME</brandName>
    <supplierNumber>10162</supplierNumber>
    <specialInstructions/>
    <baseDealerPrice>36.00</baseDealerPrice>
    <yourDealerPrice>36.00</yourDealerPrice>
    <baseRetailPrice>45.79</baseRetailPrice>
    <originalRetailPrice>57.15</originalRetailPrice>
    <partImage>http://asset.lemansnet.com/z/LzQvMi83LzQyN0UzMjBDLUEzODgtNEI0Ni1BOTJFLTQwQjFBRUIyNDg0OA==</partImage>
    <productId>1036798013</productId>
    <productName>Tube Tire Sealant</productName>
    <productImage>http://asset.lemansnet.com/z/LzUvMi9GLzUyRjMyRjdELTk2QTktNEU0Qy1CMjI3LTgxQzdEQ0U0MDEzNw==</productImage>
    <bullet1>Can seal up to 1/8" diameter punctures in tube tires</bullet1>
    <bullet2>Environmentally safe, water-soluble, non-aerosol and nontoxic</bullet2>
    <bullet3>Gallon pail includes pump - perfect for shop or garage; pump for 5-gal. size sold separately</bullet3>
    <bullet4>Easy installation, washes with water, and non-corrosive</bullet4>
    <bullet5>Made in the U.S.A.</bullet5>
    <bullet6/>
    <bullet7/>
    <bullet8/>
    <bullet9/>
    <bullet10/>
    <bullet11/>
    <bullet12/>
    <bullet13/>
    <bullet14/>
    <bullet15/>
    <bullet16/>
    <bullet17/>
    <bullet18/>
    <bullet19/>
    <bullet20/>
    <bullet21/>
    <bullet22/>
    <bullet23/>
    <bullet24/>
    <vendorPriceUpdateDate>2022-05-25 00:00:00</vendorPriceUpdateDate>
  </part>
  <part>
    <partNumber>37150017</partNumber>
    <punctuatedPartNumber>3715-0017</punctuatedPartNumber>
    <partStatusDescription>STANDARD</partStatusDescription>
    <partDescription>Tubeless Tire Sealant - 1 U.S. gal.</partDescription>
    <unitOfMeasure>Each</unitOfMeasure>
    <brandName>SLIME</brandName>
    <supplierNumber>10163</supplierNumber>
    <specialInstructions/>
    <baseDealerPrice>37.60</baseDealerPrice>
    <yourDealerPrice>37.60</yourDealerPrice>
    <baseRetailPrice>45.79</baseRetailPrice>
    <originalRetailPrice>57.15</originalRetailPrice>
    <partImage>http://asset.lemansnet.com/z/L0QvQS9CL0RBQkVEMkEyLUJFRTEtNDMwQi1CNTUzLTIyNjIzNENCQjAxMQ==</partImage>
    <productId>1521759126</productId>
    <productName>Tubeless Tire Sealant</productName>
    <productImage>http://asset.lemansnet.com/z/LzgvNC82Lzg0NkFENjY4LTlDRkQtNEQ5Qi1BQjNDLTgxRjMzM0FDOTMwQQ==</productImage>
    <bullet1>Just the Slime for motorcycles, ATVs, cars, trucks, 4x4s, golf carts, lawnmowers, tractors and industrial equipment</bullet1>
    <bullet2>Can be used as preventative sealant for vehicles going under 50 mph</bullet2>
    <bullet3>Instantly seals punctures up to 6mm diameter</bullet3>
    <bullet4>Provides continuous protection for up to two years</bullet4>
    <bullet5>Non-corrosive for the tire or wheel</bullet5>
    <bullet6>Installs through valve stem just like regular Slime</bullet6>
    <bullet7>Formulated for all tubeless tire applications</bullet7>
    <bullet8>Environmentally safe; cleans up with water</bullet8>
    <bullet9>Made in the U.S.A.</bullet9>
    <bullet10/>
    <bullet11/>
    <bullet12/>
    <bullet13/>
    <bullet14/>
    <bullet15/>
    <bullet16/>
    <bullet17/>
    <bullet18/>
    <bullet19/>
    <bullet20/>
    <bullet21/>
    <bullet22/>
    <bullet23/>
    <bullet24/>
    <vendorPriceUpdateDate>2022-05-25 00:00:00</vendorPriceUpdateDate>
  </part>
  <part>
    <partNumber>37150002</partNumber>
    <punctuatedPartNumber>3715-0002</punctuatedPartNumber>
    <partStatusDescription>STANDARD</partStatusDescription>
    <partDescription>Tube Sealant - 16 U.S. fl oz.</partDescription>
    <unitOfMeasure>Each</unitOfMeasure>
    <brandName>SLIME</brandName>
    <supplierNumber>10004</supplierNumber>
    <specialInstructions/>
    <baseDealerPrice>8.20</baseDealerPrice>
    <yourDealerPrice>8.20</yourDealerPrice>
    <baseRetailPrice>13.49</baseRetailPrice>
    <originalRetailPrice>11.99</originalRetailPrice>
    <partImage>http://asset.lemansnet.com/z/LzUvMi9GLzUyRjMyRjdELTk2QTktNEU0Qy1CMjI3LTgxQzdEQ0U0MDEzNw==</partImage>
    <productId>1036798013</productId>
    <productName>Tube Tire Sealant</productName>
    <productImage>http://asset.lemansnet.com/z/LzUvMi9GLzUyRjMyRjdELTk2QTktNEU0Qy1CMjI3LTgxQzdEQ0U0MDEzNw==</productImage>
    <bullet1>Can seal up to 1/8" diameter punctures in tube tires</bullet1>
    <bullet2>Environmentally safe, water-soluble, non-aerosol and nontoxic</bullet2>
    <bullet3>Gallon pail includes pump - perfect for shop or garage; pump for 5-gal. size sold separately</bullet3>
    <bullet4>Easy installation, washes with water, and non-corrosive</bullet4>
    <bullet5>Made in the U.S.A.</bullet5>
    <bullet6/>
    <bullet7/>
    <bullet8/>
    <bullet9/>
    <bullet10/>
    <bullet11/>
    <bullet12/>
    <bullet13/>
    <bullet14/>
    <bullet15/>
    <bullet16/>
    <bullet17/>
    <bullet18/>
    <bullet19/>
    <bullet20/>
    <bullet21/>
    <bullet22/>
    <bullet23/>
    <bullet24/>
    <vendorPriceUpdateDate>2022-05-25 00:00:00</vendorPriceUpdateDate>
  </part>
  <part>
    <partNumber>37150005</partNumber>
    <punctuatedPartNumber>3715-0005</punctuatedPartNumber>
    <partStatusDescription>STANDARD</partStatusDescription>
    <partDescription>Tubeless Tire Sealant - 24 U.S. fl oz.</partDescription>
    <unitOfMeasure>Each</unitOfMeasure>
    <brandName>SLIME</brandName>
    <supplierNumber>10008</supplierNumber>
    <specialInstructions/>
    <baseDealerPrice>11.00</baseDealerPrice>
    <yourDealerPrice>11.00</yourDealerPrice>
    <baseRetailPrice>15.79</baseRetailPrice>
    <originalRetailPrice>16.99</originalRetailPrice>
    <partImage>http://asset.lemansnet.com/z/LzgvNC82Lzg0NkFENjY4LTlDRkQtNEQ5Qi1BQjNDLTgxRjMzM0FDOTMwQQ==</partImage>
    <productId>1521759126</productId>
    <productName>Tubeless Tire Sealant</productName>
    <productImage>http://asset.lemansnet.com/z/LzgvNC82Lzg0NkFENjY4LTlDRkQtNEQ5Qi1BQjNDLTgxRjMzM0FDOTMwQQ==</productImage>
    <bullet1>Just the Slime for motorcycles, ATVs, cars, trucks, 4x4s, golf carts, lawnmowers, tractors and industrial equipment</bullet1>
    <bullet2>Can be used as preventative sealant for vehicles going under 50 mph</bullet2>
    <bullet3>Instantly seals punctures up to 6mm diameter</bullet3>
    <bullet4>Provides continuous protection for up to two years</bullet4>
    <bullet5>Non-corrosive for the tire or wheel</bullet5>
    <bullet6>Installs through valve stem just like regular Slime</bullet6>
    <bullet7>Formulated for all tubeless tire applications</bullet7>
    <bullet8>Environmentally safe; cleans up with water</bullet8>
    <bullet9>Made in the U.S.A.</bullet9>
    <bullet10/>
    <bullet11/>
    <bullet12/>
    <bullet13/>
    <bullet14/>
    <bullet15/>
    <bullet16/>
    <bullet17/>
    <bullet18/>
    <bullet19/>
    <bullet20/>
    <bullet21/>
    <bullet22/>
    <bullet23/>
    <bullet24/>
    <vendorPriceUpdateDate>2022-05-25 00:00:00</vendorPriceUpdateDate>
  </part>
  <part>
    <partNumber>03610072</partNumber>
    <punctuatedPartNumber>0361-0072</punctuatedPartNumber>
    <partStatusDescription>STANDARD</partStatusDescription>
    <partDescription>Valve Stem Caps - Black - 4 Pack</partDescription>
    <unitOfMeasure>4 Pack</unitOfMeasure>
    <brandName>SLIME</brandName>
    <supplierNumber>20132</supplierNumber>
    <specialInstructions/>
    <baseDealerPrice>2.76</baseDealerPrice>
    <yourDealerPrice>2.76</yourDealerPrice>
    <baseRetailPrice>5.19</baseRetailPrice>
    <originalRetailPrice>4.49</originalRetailPrice>
    <partImage>http://asset.lemansnet.com/z/LzcvMC81LzcwNTg3ODQzLTQ2MTQtNDk2My04MEUwLTc2NTI0RDBDRjc4OQ==</partImage>
    <productId>1727159074</productId>
    <productName>Valve Stem Cap</productName>
    <productImage>http://asset.lemansnet.com/z/LzcvMC81LzcwNTg3ODQzLTQ2MTQtNDk2My04MEUwLTc2NTI0RDBDRjc4OQ==</productImage>
    <bullet1>General replacement</bullet1>
    <bullet2/>
    <bullet3/>
    <bullet4/>
    <bullet5/>
    <bullet6/>
    <bullet7/>
    <bullet8/>
    <bullet9/>
    <bullet10/>
    <bullet11/>
    <bullet12/>
    <bullet13/>
    <bullet14/>
    <bullet15/>
    <bullet16/>
    <bullet17/>
    <bullet18/>
    <bullet19/>
    <bullet20/>
    <bullet21/>
    <bullet22/>
    <bullet23/>
    <bullet24/>
    <vendorPriceUpdateDate>2022-05-25 00:00:00</vendorPriceUpdateDate>
  </part>
  <part>
    <partNumber>03640014</partNumber>
    <punctuatedPartNumber>0364-0014</punctuatedPartNumber>
    <partStatusDescription>STANDARD</partStatusDescription>
    <partDescription>Repair Plugs - Tire - Black - 30 Pack</partDescription>
    <unitOfMeasure>30 Pack</unitOfMeasure>
    <brandName>SLIME</brandName>
    <supplierNumber>1031-A</supplierNumber>
    <specialInstructions/>
    <baseDealerPrice>6.17</baseDealerPrice>
    <yourDealerPrice>6.17</yourDealerPrice>
    <baseRetailPrice>15.39</baseRetailPrice>
    <originalRetailPrice>13.29</originalRetailPrice>
    <partImage>http://asset.lemansnet.com/z/LzYvOS9DLzY5QzFFOTdELTk3OTAtNDhEOC1BRTJDLTA0OEE1NjU4RDg4OQ==</partImage>
    <productId>0039245052</productId>
    <productName>Tire Repair Plugs</productName>
    <productImage>http://asset.lemansnet.com/z/LzYvOS9DLzY5QzFFOTdELTk3OTAtNDhEOC1BRTJDLTA0OEE1NjU4RDg4OQ==</productImage>
    <bullet1>These standard tire repair plugs are perfect for tubeless off-road tires, such as ATVs, wheelbarrows, lawn mowers, trailers and more</bullet1>
    <bullet2>Length: 4" (10,16 cm)</bullet2>
    <bullet3>No glue needed</bullet3>
    <bullet4>Odorless</bullet4>
    <bullet5>7 Ply</bullet5>
    <bullet6/>
    <bullet7/>
    <bullet8/>
    <bullet9/>
    <bullet10/>
    <bullet11/>
    <bullet12/>
    <bullet13/>
    <bullet14/>
    <bullet15/>
    <bullet16/>
    <bullet17/>
    <bullet18/>
    <bullet19/>
    <bullet20/>
    <bullet21/>
    <bullet22/>
    <bullet23/>
    <bullet24/>
    <vendorPriceUpdateDate>2022-05-25 00:00:00</vendorPriceUpdateDate>
  </part>
  <part>
    <partNumber>03640060</partNumber>
    <punctuatedPartNumber>0364-0060</punctuatedPartNumber>
    <partStatusDescription>NEW</partStatusDescription>
    <partDescription>Tire Plugs - Black - 5 Pack</partDescription>
    <unitOfMeasure>5 Pack</unitOfMeasure>
    <brandName>SLIME</brandName>
    <supplierNumber>20252</supplierNumber>
    <specialInstructions/>
    <baseDealerPrice>2.36</baseDealerPrice>
    <yourDealerPrice>2.36</yourDealerPrice>
    <baseRetailPrice>4.16</baseRetailPrice>
    <originalRetailPrice>4.16</originalRetailPrice>
    <partImage>http://asset.lemansnet.com/z/LzUvQS9FLzVBRUYwODQ5LUYwNTAtNDI2OS1CMzI5LUExMTJGQjMzQjUxMQ==</partImage>
    <productId>2119137072</productId>
    <productName>Tire Repair Plugs</productName>
    <productImage>http://asset.lemansnet.com/z/LzUvQS9FLzVBRUYwODQ5LUYwNTAtNDI2OS1CMzI5LUExMTJGQjMzQjUxMQ==</productImage>
    <bullet1>Odorless black plugs</bullet1>
    <bullet2>Length — 4" each</bullet2>
    <bullet3>For tubeless off-road tires, including ATVs, mowers, and wheelbarrows</bullet3>
    <bullet4>5x Tire Repair Plugs, 7-ply</bullet4>
    <bullet5/>
    <bullet6/>
    <bullet7/>
    <bullet8/>
    <bullet9/>
    <bullet10/>
    <bullet11/>
    <bullet12/>
    <bullet13/>
    <bullet14/>
    <bullet15/>
    <bullet16/>
    <bullet17/>
    <bullet18/>
    <bullet19/>
    <bullet20/>
    <bullet21/>
    <bullet22/>
    <bullet23/>
    <bullet24/>
    <vendorPriceUpdateDate>2025-08-25 00:00:00</vendorPriceUpdateDate>
  </part>
  <part>
    <partNumber>37150004</partNumber>
    <punctuatedPartNumber>3715-0004</punctuatedPartNumber>
    <partStatusDescription>STANDARD</partStatusDescription>
    <partDescription>Tubeless Tire Sealant - 8 U.S. fl oz.</partDescription>
    <unitOfMeasure>Each</unitOfMeasure>
    <brandName>SLIME</brandName>
    <supplierNumber>10007</supplierNumber>
    <specialInstructions/>
    <baseDealerPrice>6.14</baseDealerPrice>
    <yourDealerPrice>6.14</yourDealerPrice>
    <baseRetailPrice>9.79</baseRetailPrice>
    <originalRetailPrice>8.99</originalRetailPrice>
    <partImage>http://asset.lemansnet.com/z/LzYvMy8yLzYzMkE2QjUzLTUyNEEtNDdBOS1BRDk3LUQ4RjJFOTFFNTcyNw==</partImage>
    <productId>1521759126</productId>
    <productName>Tubeless Tire Sealant</productName>
    <productImage>http://asset.lemansnet.com/z/LzgvNC82Lzg0NkFENjY4LTlDRkQtNEQ5Qi1BQjNDLTgxRjMzM0FDOTMwQQ==</productImage>
    <bullet1>Just the Slime for motorcycles, ATVs, cars, trucks, 4x4s, golf carts, lawnmowers, tractors and industrial equipment</bullet1>
    <bullet2>Can be used as preventative sealant for vehicles going under 50 mph</bullet2>
    <bullet3>Instantly seals punctures up to 6mm diameter</bullet3>
    <bullet4>Provides continuous protection for up to two years</bullet4>
    <bullet5>Non-corrosive for the tire or wheel</bullet5>
    <bullet6>Installs through valve stem just like regular Slime</bullet6>
    <bullet7>Formulated for all tubeless tire applications</bullet7>
    <bullet8>Environmentally safe; cleans up with water</bullet8>
    <bullet9>Made in the U.S.A.</bullet9>
    <bullet10/>
    <bullet11/>
    <bullet12/>
    <bullet13/>
    <bullet14/>
    <bullet15/>
    <bullet16/>
    <bullet17/>
    <bullet18/>
    <bullet19/>
    <bullet20/>
    <bullet21/>
    <bullet22/>
    <bullet23/>
    <bullet24/>
    <vendorPriceUpdateDate>2022-05-25 00:00:00</vendorPriceUpdateDate>
  </part>
  <part>
    <partNumber>37150001</partNumber>
    <punctuatedPartNumber>3715-0001</punctuatedPartNumber>
    <partStatusDescription>STANDARD</partStatusDescription>
    <partDescription>Tube Sealant - 8 U.S. fl oz.</partDescription>
    <unitOfMeasure>Each</unitOfMeasure>
    <brandName>SLIME</brandName>
    <supplierNumber>10003</supplierNumber>
    <specialInstructions>ITEM IS NOT AUTHORIZED FOR SALE IN CANADA</specialInstructions>
    <baseDealerPrice>6.14</baseDealerPrice>
    <yourDealerPrice>6.14</yourDealerPrice>
    <baseRetailPrice>9.79</baseRetailPrice>
    <originalRetailPrice>8.99</originalRetailPrice>
    <partImage>http://asset.lemansnet.com/z/LzgvQy9GLzhDRkNBNEU3LUUyNjUtNEYxMi04QjcxLTQ3REVGMEY5NUQ4RQ==</partImage>
    <productId>1036798013</productId>
    <productName>Tube Tire Sealant</productName>
    <productImage>http://asset.lemansnet.com/z/LzUvMi9GLzUyRjMyRjdELTk2QTktNEU0Qy1CMjI3LTgxQzdEQ0U0MDEzNw==</productImage>
    <bullet1>Can seal up to 1/8" diameter punctures in tube tires</bullet1>
    <bullet2>Environmentally safe, water-soluble, non-aerosol and nontoxic</bullet2>
    <bullet3>Gallon pail includes pump - perfect for shop or garage; pump for 5-gal. size sold separately</bullet3>
    <bullet4>Easy installation, washes with water, and non-corrosive</bullet4>
    <bullet5>Made in the U.S.A.</bullet5>
    <bullet6/>
    <bullet7/>
    <bullet8/>
    <bullet9/>
    <bullet10/>
    <bullet11/>
    <bullet12/>
    <bullet13/>
    <bullet14/>
    <bullet15/>
    <bullet16/>
    <bullet17/>
    <bullet18/>
    <bullet19/>
    <bullet20/>
    <bullet21/>
    <bullet22/>
    <bullet23/>
    <bullet24/>
    <vendorPriceUpdateDate>2022-05-25 00:00:00</vendorPriceUpdateDate>
  </part>
  <part>
    <partNumber>SDSB5G</partNumber>
    <punctuatedPartNumber>SDSB-5G</punctuatedPartNumber>
    <partStatusDescription>STANDARD</partStatusDescription>
    <partDescription>Tubeless Tire Sealant - 5 U.S. gal.</partDescription>
    <unitOfMeasure>Each</unitOfMeasure>
    <brandName>SLIME</brandName>
    <supplierNumber>SDSB-5G</supplierNumber>
    <specialInstructions/>
    <baseDealerPrice>151.60</baseDealerPrice>
    <yourDealerPrice>151.60</yourDealerPrice>
    <baseRetailPrice>217.99</baseRetailPrice>
    <originalRetailPrice>233.95</originalRetailPrice>
    <partImage>http://asset.lemansnet.com/z/L0MvNi9FL0M2RTNDNTNCLTgwQzYtNDVGOS05M0I5LUQ3QUE0RTAyOEQ4MQ==</partImage>
    <productId>1521759126</productId>
    <productName>Tubeless Tire Sealant</productName>
    <productImage>http://asset.lemansnet.com/z/LzgvNC82Lzg0NkFENjY4LTlDRkQtNEQ5Qi1BQjNDLTgxRjMzM0FDOTMwQQ==</productImage>
    <bullet1>Just the Slime for motorcycles, ATVs, cars, trucks, 4x4s, golf carts, lawnmowers, tractors and industrial equipment</bullet1>
    <bullet2>Can be used as preventative sealant for vehicles going under 50 mph</bullet2>
    <bullet3>Instantly seals punctures up to 6mm diameter</bullet3>
    <bullet4>Provides continuous protection for up to two years</bullet4>
    <bullet5>Non-corrosive for the tire or wheel</bullet5>
    <bullet6>Installs through valve stem just like regular Slime</bullet6>
    <bullet7>Formulated for all tubeless tire applications</bullet7>
    <bullet8>Environmentally safe; cleans up with water</bullet8>
    <bullet9>Made in the U.S.A.</bullet9>
    <bullet10/>
    <bullet11/>
    <bullet12/>
    <bullet13/>
    <bullet14/>
    <bullet15/>
    <bullet16/>
    <bullet17/>
    <bullet18/>
    <bullet19/>
    <bullet20/>
    <bullet21/>
    <bullet22/>
    <bullet23/>
    <bullet24/>
    <vendorPriceUpdateDate>2022-05-25 00:00:00</vendorPriceUpdateDate>
  </part>
  <part>
    <partNumber>SBAP</partNumber>
    <punctuatedPartNumber>SBAP</punctuatedPartNumber>
    <partStatusDescription>STANDARD</partStatusDescription>
    <partDescription>Pump - 5 Gallon - Aluminum</partDescription>
    <unitOfMeasure>Each</unitOfMeasure>
    <brandName>SLIME</brandName>
    <supplierNumber>SB-AP</supplierNumber>
    <specialInstructions/>
    <baseDealerPrice>59.30</baseDealerPrice>
    <yourDealerPrice>59.30</yourDealerPrice>
    <baseRetailPrice>70.99</baseRetailPrice>
    <originalRetailPrice>80.95</originalRetailPrice>
    <partImage>http://asset.lemansnet.com/z/LzQvMC9ELzQwRDg5M0I3LUE4RDMtNDY4NS1BRkY2LTI0Nzc2QkFDQjFBNQ==</partImage>
    <productId>1063918983</productId>
    <productName>Super-Duty Tire Sealant Siphon Pump</productName>
    <productImage>http://asset.lemansnet.com/z/LzQvMC9ELzQwRDg5M0I3LUE4RDMtNDY4NS1BRkY2LTI0Nzc2QkFDQjFBNQ==</productImage>
    <bullet1>Siphon pump for use with Slime super-duty tire sealant</bullet1>
    <bullet2>Easy installation, washes with water, non-corrosive</bullet2>
    <bullet3/>
    <bullet4/>
    <bullet5/>
    <bullet6/>
    <bullet7/>
    <bullet8/>
    <bullet9/>
    <bullet10/>
    <bullet11/>
    <bullet12/>
    <bullet13/>
    <bullet14/>
    <bullet15/>
    <bullet16/>
    <bullet17/>
    <bullet18/>
    <bullet19/>
    <bullet20/>
    <bullet21/>
    <bullet22/>
    <bullet23/>
    <bullet24/>
    <vendorPriceUpdateDate>2022-05-25 00:00:00</vendorPriceUpdateDate>
  </part>
</root>
