<root>
  <part>
    <partNumber>37205</partNumber>
    <punctuatedPartNumber>37205</punctuatedPartNumber>
    <partStatusDescription>STANDARD</partStatusDescription>
    <partDescription>Bar-Harness - Standard - Blue</partDescription>
    <unitOfMeasure>Each</unitOfMeasure>
    <brandName>CANYON DANCER</brandName>
    <supplierNumber>37205</supplierNumber>
    <specialInstructions/>
    <baseDealerPrice>22.45</baseDealerPrice>
    <yourDealerPrice>22.45</yourDealerPrice>
    <baseRetailPrice>33.95</baseRetailPrice>
    <originalRetailPrice>33.95</originalRetailPrice>
    <partImage>http://asset.lemansnet.com/z/LzQvRC9CLzREQjBGMjIxLTAzOTctNDMxQS1BMkM2LTE3QUJFQ0FGMjBDQiwvMi85L0IvMjlCNzREREItQjA2RS00QzQxLUFBRTUtQzA2QjhFMkM0OTQw</partImage>
    <productId>2104566226</productId>
    <productName>Bar-Harness Handlebar Tie-Down</productName>
    <productImage>http://asset.lemansnet.com/z/L0EvNi8yL0E2MjUwQTI2LTJGRDktNDkwNS04NDFELTNFQUMyMjIyOTI2Mw==</productImage>
    <bullet1>A hassle-free way to secure motorcycles; virtually eliminates the possibility of damage to bodywork</bullet1>
    <bullet2>Simple, quick and very easy to use; mounts on the grips and keeps tie-downs away from the body</bullet2>
    <bullet3>Nylon webbing has tensile strength of over 5500 lb</bullet3>
    <bullet4>Can be used on wide variety of motorcycles</bullet4>
    <bullet5>Made in the USA</bullet5>
    <bullet6/>
    <bullet7/>
    <bullet8/>
    <bullet9/>
    <bullet10/>
    <bullet11/>
    <bullet12/>
    <bullet13/>
    <bullet14/>
    <bullet15/>
    <bullet16/>
    <bullet17/>
    <bullet18/>
    <bullet19/>
    <bullet20/>
    <bullet21/>
    <bullet22/>
    <bullet23/>
    <bullet24/>
    <vendorPriceUpdateDate>2022-03-19 00:00:00</vendorPriceUpdateDate>
  </part>
  <part>
    <partNumber>37505</partNumber>
    <punctuatedPartNumber>37505</punctuatedPartNumber>
    <partStatusDescription>STANDARD</partStatusDescription>
    <partDescription>Bar-Harness - Standard - Black</partDescription>
    <unitOfMeasure>Each</unitOfMeasure>
    <brandName>CANYON DANCER</brandName>
    <supplierNumber>37505</supplierNumber>
    <specialInstructions/>
    <baseDealerPrice>22.45</baseDealerPrice>
    <yourDealerPrice>22.45</yourDealerPrice>
    <baseRetailPrice>33.95</baseRetailPrice>
    <originalRetailPrice>33.95</originalRetailPrice>
    <partImage>http://asset.lemansnet.com/z/LzIvOC8yLzI4MkZGMEFFLUQwRDMtNEQ1OC1CQjcyLTRFMzJDQUQ2RDVCQywvMi85L0IvMjlCNzREREItQjA2RS00QzQxLUFBRTUtQzA2QjhFMkM0OTQw</partImage>
    <productId>2104566226</productId>
    <productName>Bar-Harness Handlebar Tie-Down</productName>
    <productImage>http://asset.lemansnet.com/z/L0EvNi8yL0E2MjUwQTI2LTJGRDktNDkwNS04NDFELTNFQUMyMjIyOTI2Mw==</productImage>
    <bullet1>A hassle-free way to secure motorcycles; virtually eliminates the possibility of damage to bodywork</bullet1>
    <bullet2>Simple, quick and very easy to use; mounts on the grips and keeps tie-downs away from the body</bullet2>
    <bullet3>Nylon webbing has tensile strength of over 5500 lb</bullet3>
    <bullet4>Can be used on wide variety of motorcycles</bullet4>
    <bullet5>Made in the USA</bullet5>
    <bullet6/>
    <bullet7/>
    <bullet8/>
    <bullet9/>
    <bullet10/>
    <bullet11/>
    <bullet12/>
    <bullet13/>
    <bullet14/>
    <bullet15/>
    <bullet16/>
    <bullet17/>
    <bullet18/>
    <bullet19/>
    <bullet20/>
    <bullet21/>
    <bullet22/>
    <bullet23/>
    <bullet24/>
    <vendorPriceUpdateDate>2022-03-19 00:00:00</vendorPriceUpdateDate>
  </part>
  <part>
    <partNumber>39200150</partNumber>
    <punctuatedPartNumber>3920-0150</punctuatedPartNumber>
    <partStatusDescription>STANDARD</partStatusDescription>
    <partDescription>Bar- Harness II - Short - Black</partDescription>
    <unitOfMeasure>Each</unitOfMeasure>
    <brandName>CANYON DANCER</brandName>
    <supplierNumber>28505</supplierNumber>
    <specialInstructions/>
    <baseDealerPrice>22.45</baseDealerPrice>
    <yourDealerPrice>22.45</yourDealerPrice>
    <baseRetailPrice>33.95</baseRetailPrice>
    <originalRetailPrice>33.95</originalRetailPrice>
    <partImage>http://asset.lemansnet.com/z/LzcvRC8xLzdEMUFFMjZDLTIyMUEtNDc4MS1BNUFELUZBMjA2NDFEQjNBQSwvRC8xLzEvRDExNjQzQ0YtN0NFMy00M0JCLUIzNjYtMTkxMDM3MURGMzUy</partImage>
    <productId>0246601357</productId>
    <productName>Bar-Harness II Handlebar Tie-Down</productName>
    <productImage>http://asset.lemansnet.com/z/L0QvMS8xL0QxMTY0M0NGLTdDRTMtNDNCQi1CMzY2LTE5MTAzNzFERjM1Mg==</productImage>
    <bullet1>Simple, quick and very easy to use; mounts on the grips and keeps tie-downs away from the body</bullet1>
    <bullet2>Improved bar-harness has a glass-filled injection molded polycarbonate "cup" to replace the old handlebar "cuff"</bullet2>
    <bullet3>Eliminates possible damage to soft grips and holds the cross straps farther away from the switchgear</bullet3>
    <bullet4>Sized to fit the widest grips on the market</bullet4>
    <bullet5>Uses a heavier thread with more stitches to provide greater strength</bullet5>
    <bullet6>Nylon webbing has tensile strength of over 5,500 lb</bullet6>
    <bullet7>Made in the USA</bullet7>
    <bullet8/>
    <bullet9/>
    <bullet10/>
    <bullet11/>
    <bullet12/>
    <bullet13/>
    <bullet14/>
    <bullet15/>
    <bullet16/>
    <bullet17/>
    <bullet18/>
    <bullet19/>
    <bullet20/>
    <bullet21/>
    <bullet22/>
    <bullet23/>
    <bullet24/>
    <vendorPriceUpdateDate>2023-04-22 00:00:00</vendorPriceUpdateDate>
  </part>
  <part>
    <partNumber>39200060</partNumber>
    <punctuatedPartNumber>3920-0060</punctuatedPartNumber>
    <partStatusDescription>STANDARD</partStatusDescription>
    <partDescription>Bar-Harness - Short - Black</partDescription>
    <unitOfMeasure>Each</unitOfMeasure>
    <brandName>CANYON DANCER</brandName>
    <supplierNumber>33505</supplierNumber>
    <specialInstructions/>
    <baseDealerPrice>22.45</baseDealerPrice>
    <yourDealerPrice>22.45</yourDealerPrice>
    <baseRetailPrice>33.95</baseRetailPrice>
    <originalRetailPrice>33.95</originalRetailPrice>
    <partImage>http://asset.lemansnet.com/z/LzYvOS8wLzY5MEJCMTk1LUMyMkQtNDUyQi1CNDMyLTQ1MENFRTc5MkM3OCwvMi85L0IvMjlCNzREREItQjA2RS00QzQxLUFBRTUtQzA2QjhFMkM0OTQw</partImage>
    <productId>2104566226</productId>
    <productName>Bar-Harness Handlebar Tie-Down</productName>
    <productImage>http://asset.lemansnet.com/z/L0EvNi8yL0E2MjUwQTI2LTJGRDktNDkwNS04NDFELTNFQUMyMjIyOTI2Mw==</productImage>
    <bullet1>A hassle-free way to secure motorcycles; virtually eliminates the possibility of damage to bodywork</bullet1>
    <bullet2>Simple, quick and very easy to use; mounts on the grips and keeps tie-downs away from the body</bullet2>
    <bullet3>Nylon webbing has tensile strength of over 5500 lb</bullet3>
    <bullet4>Can be used on wide variety of motorcycles</bullet4>
    <bullet5>Made in the USA</bullet5>
    <bullet6/>
    <bullet7/>
    <bullet8/>
    <bullet9/>
    <bullet10/>
    <bullet11/>
    <bullet12/>
    <bullet13/>
    <bullet14/>
    <bullet15/>
    <bullet16/>
    <bullet17/>
    <bullet18/>
    <bullet19/>
    <bullet20/>
    <bullet21/>
    <bullet22/>
    <bullet23/>
    <bullet24/>
    <vendorPriceUpdateDate>2022-06-14 00:00:00</vendorPriceUpdateDate>
  </part>
  <part>
    <partNumber>37105</partNumber>
    <punctuatedPartNumber>37105</punctuatedPartNumber>
    <partStatusDescription>STANDARD</partStatusDescription>
    <partDescription>Bar-Harness - Standard - Red</partDescription>
    <unitOfMeasure>Each</unitOfMeasure>
    <brandName>CANYON DANCER</brandName>
    <supplierNumber>37105</supplierNumber>
    <specialInstructions/>
    <baseDealerPrice>22.45</baseDealerPrice>
    <yourDealerPrice>22.45</yourDealerPrice>
    <baseRetailPrice>33.95</baseRetailPrice>
    <originalRetailPrice>33.95</originalRetailPrice>
    <partImage>http://asset.lemansnet.com/z/LzgvMi8xLzgyMTAwRjAxLUVBQ0UtNDhFOS04MjE0LTE4RTcyNzcyRERDRSwvMi85L0IvMjlCNzREREItQjA2RS00QzQxLUFBRTUtQzA2QjhFMkM0OTQw</partImage>
    <productId>2104566226</productId>
    <productName>Bar-Harness Handlebar Tie-Down</productName>
    <productImage>http://asset.lemansnet.com/z/L0EvNi8yL0E2MjUwQTI2LTJGRDktNDkwNS04NDFELTNFQUMyMjIyOTI2Mw==</productImage>
    <bullet1>A hassle-free way to secure motorcycles; virtually eliminates the possibility of damage to bodywork</bullet1>
    <bullet2>Simple, quick and very easy to use; mounts on the grips and keeps tie-downs away from the body</bullet2>
    <bullet3>Nylon webbing has tensile strength of over 5500 lb</bullet3>
    <bullet4>Can be used on wide variety of motorcycles</bullet4>
    <bullet5>Made in the USA</bullet5>
    <bullet6/>
    <bullet7/>
    <bullet8/>
    <bullet9/>
    <bullet10/>
    <bullet11/>
    <bullet12/>
    <bullet13/>
    <bullet14/>
    <bullet15/>
    <bullet16/>
    <bullet17/>
    <bullet18/>
    <bullet19/>
    <bullet20/>
    <bullet21/>
    <bullet22/>
    <bullet23/>
    <bullet24/>
    <vendorPriceUpdateDate>2022-03-19 00:00:00</vendorPriceUpdateDate>
  </part>
  <part>
    <partNumber>39200151</partNumber>
    <punctuatedPartNumber>3920-0151</punctuatedPartNumber>
    <partStatusDescription>STANDARD</partStatusDescription>
    <partDescription>Bar- Harness II - Standard - Black</partDescription>
    <unitOfMeasure>Each</unitOfMeasure>
    <brandName>CANYON DANCER</brandName>
    <supplierNumber>32505</supplierNumber>
    <specialInstructions/>
    <baseDealerPrice>22.45</baseDealerPrice>
    <yourDealerPrice>22.45</yourDealerPrice>
    <baseRetailPrice>33.95</baseRetailPrice>
    <originalRetailPrice>33.95</originalRetailPrice>
    <partImage>http://asset.lemansnet.com/z/LzAvNC81LzA0NTREQUYyLTZFMDQtNEM3OC1CODFCLUQzMTVBNTJBMDM4OSwvRC8xLzEvRDExNjQzQ0YtN0NFMy00M0JCLUIzNjYtMTkxMDM3MURGMzUyLC9FLzgvNi9FODZFOTk1Qi1BNUYyLTQ0MDUtODI3My1CMjI3OTE0MDVEMkI=</partImage>
    <productId>0246601357</productId>
    <productName>Bar-Harness II Handlebar Tie-Down</productName>
    <productImage>http://asset.lemansnet.com/z/L0QvMS8xL0QxMTY0M0NGLTdDRTMtNDNCQi1CMzY2LTE5MTAzNzFERjM1Mg==</productImage>
    <bullet1>Simple, quick and very easy to use; mounts on the grips and keeps tie-downs away from the body</bullet1>
    <bullet2>Improved bar-harness has a glass-filled injection molded polycarbonate "cup" to replace the old handlebar "cuff"</bullet2>
    <bullet3>Eliminates possible damage to soft grips and holds the cross straps farther away from the switchgear</bullet3>
    <bullet4>Sized to fit the widest grips on the market</bullet4>
    <bullet5>Uses a heavier thread with more stitches to provide greater strength</bullet5>
    <bullet6>Nylon webbing has tensile strength of over 5,500 lb</bullet6>
    <bullet7>Made in the USA</bullet7>
    <bullet8/>
    <bullet9/>
    <bullet10/>
    <bullet11/>
    <bullet12/>
    <bullet13/>
    <bullet14/>
    <bullet15/>
    <bullet16/>
    <bullet17/>
    <bullet18/>
    <bullet19/>
    <bullet20/>
    <bullet21/>
    <bullet22/>
    <bullet23/>
    <bullet24/>
    <vendorPriceUpdateDate>2023-04-22 00:00:00</vendorPriceUpdateDate>
  </part>
  <part>
    <partNumber>39200152</partNumber>
    <punctuatedPartNumber>3920-0152</punctuatedPartNumber>
    <partStatusDescription>STANDARD</partStatusDescription>
    <partDescription>Bar- Harness II - X-Wide - Black</partDescription>
    <unitOfMeasure>Each</unitOfMeasure>
    <brandName>CANYON DANCER</brandName>
    <supplierNumber>36505</supplierNumber>
    <specialInstructions/>
    <baseDealerPrice>22.45</baseDealerPrice>
    <yourDealerPrice>22.45</yourDealerPrice>
    <baseRetailPrice>33.95</baseRetailPrice>
    <originalRetailPrice>33.95</originalRetailPrice>
    <partImage>http://asset.lemansnet.com/z/LzkvRi9GLzlGRjE5Q0Y0LUUzRTUtNEQxQy1BOThELTM2QUI0QzIyMEVBOCwvRC8xLzEvRDExNjQzQ0YtN0NFMy00M0JCLUIzNjYtMTkxMDM3MURGMzUy</partImage>
    <productId>0246601357</productId>
    <productName>Bar-Harness II Handlebar Tie-Down</productName>
    <productImage>http://asset.lemansnet.com/z/L0QvMS8xL0QxMTY0M0NGLTdDRTMtNDNCQi1CMzY2LTE5MTAzNzFERjM1Mg==</productImage>
    <bullet1>Simple, quick and very easy to use; mounts on the grips and keeps tie-downs away from the body</bullet1>
    <bullet2>Improved bar-harness has a glass-filled injection molded polycarbonate "cup" to replace the old handlebar "cuff"</bullet2>
    <bullet3>Eliminates possible damage to soft grips and holds the cross straps farther away from the switchgear</bullet3>
    <bullet4>Sized to fit the widest grips on the market</bullet4>
    <bullet5>Uses a heavier thread with more stitches to provide greater strength</bullet5>
    <bullet6>Nylon webbing has tensile strength of over 5,500 lb</bullet6>
    <bullet7>Made in the USA</bullet7>
    <bullet8/>
    <bullet9/>
    <bullet10/>
    <bullet11/>
    <bullet12/>
    <bullet13/>
    <bullet14/>
    <bullet15/>
    <bullet16/>
    <bullet17/>
    <bullet18/>
    <bullet19/>
    <bullet20/>
    <bullet21/>
    <bullet22/>
    <bullet23/>
    <bullet24/>
    <vendorPriceUpdateDate>2023-04-22 00:00:00</vendorPriceUpdateDate>
  </part>
  <part>
    <partNumber>39200153</partNumber>
    <punctuatedPartNumber>3920-0153</punctuatedPartNumber>
    <partStatusDescription>STANDARD</partStatusDescription>
    <partDescription>Bar- Harness II - XX-Wide - Black</partDescription>
    <unitOfMeasure>Each</unitOfMeasure>
    <brandName>CANYON DANCER</brandName>
    <supplierNumber>40505</supplierNumber>
    <specialInstructions/>
    <baseDealerPrice>22.45</baseDealerPrice>
    <yourDealerPrice>22.45</yourDealerPrice>
    <baseRetailPrice>33.95</baseRetailPrice>
    <originalRetailPrice>33.95</originalRetailPrice>
    <partImage>http://asset.lemansnet.com/z/LzMvNi9FLzM2RThBQUM5LUQyQUUtNDE4QS1BNkU4LUZFQjM3Nzg0N0NBMCwvRC8xLzEvRDExNjQzQ0YtN0NFMy00M0JCLUIzNjYtMTkxMDM3MURGMzUy</partImage>
    <productId>0246601357</productId>
    <productName>Bar-Harness II Handlebar Tie-Down</productName>
    <productImage>http://asset.lemansnet.com/z/L0QvMS8xL0QxMTY0M0NGLTdDRTMtNDNCQi1CMzY2LTE5MTAzNzFERjM1Mg==</productImage>
    <bullet1>Simple, quick and very easy to use; mounts on the grips and keeps tie-downs away from the body</bullet1>
    <bullet2>Improved bar-harness has a glass-filled injection molded polycarbonate "cup" to replace the old handlebar "cuff"</bullet2>
    <bullet3>Eliminates possible damage to soft grips and holds the cross straps farther away from the switchgear</bullet3>
    <bullet4>Sized to fit the widest grips on the market</bullet4>
    <bullet5>Uses a heavier thread with more stitches to provide greater strength</bullet5>
    <bullet6>Nylon webbing has tensile strength of over 5,500 lb</bullet6>
    <bullet7>Made in the USA</bullet7>
    <bullet8/>
    <bullet9/>
    <bullet10/>
    <bullet11/>
    <bullet12/>
    <bullet13/>
    <bullet14/>
    <bullet15/>
    <bullet16/>
    <bullet17/>
    <bullet18/>
    <bullet19/>
    <bullet20/>
    <bullet21/>
    <bullet22/>
    <bullet23/>
    <bullet24/>
    <vendorPriceUpdateDate>2023-04-22 00:00:00</vendorPriceUpdateDate>
  </part>
  <part>
    <partNumber>39200340</partNumber>
    <punctuatedPartNumber>3920-0340</punctuatedPartNumber>
    <partStatusDescription>STANDARD</partStatusDescription>
    <partDescription>Strap Ring</partDescription>
    <unitOfMeasure>Pair</unitOfMeasure>
    <brandName>CANYON DANCER</brandName>
    <supplierNumber>90009</supplierNumber>
    <specialInstructions/>
    <baseDealerPrice>5.70</baseDealerPrice>
    <yourDealerPrice>5.70</yourDealerPrice>
    <baseRetailPrice>8.95</baseRetailPrice>
    <originalRetailPrice>8.99</originalRetailPrice>
    <partImage>http://asset.lemansnet.com/z/LzEvMy9CLzEzQjVCQjM5LTgwODctNDE1OC05MUI3LTczRkJDQzAxREZGOCwvRi9GLzkvRkY5MUY1MzktNDBGQS00NDcwLTk2NjYtQkM3MDA2M0NFMDg3LC8yL0YvRS8yRkU1Q0RFMC0yRkVDLTQzQzMtQUM2MC04MzE3MzZCNTlDREM=</partImage>
    <productId>1986818019</productId>
    <productName>Tie-Down Strap Ring</productName>
    <productImage>http://asset.lemansnet.com/z/LzEvMy9CLzEzQjVCQjM5LTgwODctNDE1OC05MUI3LTczRkJDQzAxREZGOA==</productImage>
    <bullet1>The Strap Ring is constructed of stainless steel and is break-rated at 2,000 lbs., which far exceeds all other tie-down hooks or carabiners on the market</bullet1>
    <bullet2>Attaches tie-downs almost anywhere there is an 8mm or smaller bolt (smaller bolts obviously are not as strong)</bullet2>
    <bullet3>Multi-purpose tie-down attach point: truck bed, trailer, boat or anywhere you can put a bolt!</bullet3>
    <bullet4>The eye is large enough to accept the large size 3/8" coated tie-down hooks, as well as 8mm carabiners and comes packaged in pairs</bullet4>
    <bullet5>Made in the U.S.A.</bullet5>
    <bullet6/>
    <bullet7/>
    <bullet8/>
    <bullet9/>
    <bullet10/>
    <bullet11/>
    <bullet12/>
    <bullet13/>
    <bullet14/>
    <bullet15/>
    <bullet16/>
    <bullet17/>
    <bullet18/>
    <bullet19/>
    <bullet20/>
    <bullet21/>
    <bullet22/>
    <bullet23/>
    <bullet24/>
    <vendorPriceUpdateDate>2023-04-22 00:00:00</vendorPriceUpdateDate>
  </part>
  <part>
    <partNumber>39200389</partNumber>
    <punctuatedPartNumber>3920-0389</punctuatedPartNumber>
    <partStatusDescription>STANDARD</partStatusDescription>
    <partDescription>Bar-Harness - Wide - Red</partDescription>
    <unitOfMeasure>Each</unitOfMeasure>
    <brandName>CANYON DANCER</brandName>
    <supplierNumber>39105</supplierNumber>
    <specialInstructions/>
    <baseDealerPrice>22.45</baseDealerPrice>
    <yourDealerPrice>22.45</yourDealerPrice>
    <baseRetailPrice>33.95</baseRetailPrice>
    <originalRetailPrice>33.95</originalRetailPrice>
    <partImage>http://asset.lemansnet.com/z/LzMvNi80LzM2NERFNTg0LTU4NzItNEZCNi04N0U0LUYxRDgyM0ZENkRDNywvMi85L0IvMjlCNzREREItQjA2RS00QzQxLUFBRTUtQzA2QjhFMkM0OTQw</partImage>
    <productId>2104566226</productId>
    <productName>Bar-Harness Handlebar Tie-Down</productName>
    <productImage>http://asset.lemansnet.com/z/L0EvNi8yL0E2MjUwQTI2LTJGRDktNDkwNS04NDFELTNFQUMyMjIyOTI2Mw==</productImage>
    <bullet1>A hassle-free way to secure motorcycles; virtually eliminates the possibility of damage to bodywork</bullet1>
    <bullet2>Simple, quick and very easy to use; mounts on the grips and keeps tie-downs away from the body</bullet2>
    <bullet3>Nylon webbing has tensile strength of over 5500 lb</bullet3>
    <bullet4>Can be used on wide variety of motorcycles</bullet4>
    <bullet5>Made in the USA</bullet5>
    <bullet6/>
    <bullet7/>
    <bullet8/>
    <bullet9/>
    <bullet10/>
    <bullet11/>
    <bullet12/>
    <bullet13/>
    <bullet14/>
    <bullet15/>
    <bullet16/>
    <bullet17/>
    <bullet18/>
    <bullet19/>
    <bullet20/>
    <bullet21/>
    <bullet22/>
    <bullet23/>
    <bullet24/>
    <vendorPriceUpdateDate>2022-03-19 00:00:00</vendorPriceUpdateDate>
  </part>
  <part>
    <partNumber>39200390</partNumber>
    <punctuatedPartNumber>3920-0390</punctuatedPartNumber>
    <partStatusDescription>STANDARD</partStatusDescription>
    <partDescription>Bar-Harness - Wide - Blue</partDescription>
    <unitOfMeasure>Each</unitOfMeasure>
    <brandName>CANYON DANCER</brandName>
    <supplierNumber>39205</supplierNumber>
    <specialInstructions/>
    <baseDealerPrice>22.45</baseDealerPrice>
    <yourDealerPrice>22.45</yourDealerPrice>
    <baseRetailPrice>33.95</baseRetailPrice>
    <originalRetailPrice>33.95</originalRetailPrice>
    <partImage>http://asset.lemansnet.com/z/LzEvOS85LzE5OTMyN0I1LTNDRTctNDE3RC1BQ0RDLUEwRUQzQUZBNTQ0NSwvMi85L0IvMjlCNzREREItQjA2RS00QzQxLUFBRTUtQzA2QjhFMkM0OTQw</partImage>
    <productId>2104566226</productId>
    <productName>Bar-Harness Handlebar Tie-Down</productName>
    <productImage>http://asset.lemansnet.com/z/L0EvNi8yL0E2MjUwQTI2LTJGRDktNDkwNS04NDFELTNFQUMyMjIyOTI2Mw==</productImage>
    <bullet1>A hassle-free way to secure motorcycles; virtually eliminates the possibility of damage to bodywork</bullet1>
    <bullet2>Simple, quick and very easy to use; mounts on the grips and keeps tie-downs away from the body</bullet2>
    <bullet3>Nylon webbing has tensile strength of over 5500 lb</bullet3>
    <bullet4>Can be used on wide variety of motorcycles</bullet4>
    <bullet5>Made in the USA</bullet5>
    <bullet6/>
    <bullet7/>
    <bullet8/>
    <bullet9/>
    <bullet10/>
    <bullet11/>
    <bullet12/>
    <bullet13/>
    <bullet14/>
    <bullet15/>
    <bullet16/>
    <bullet17/>
    <bullet18/>
    <bullet19/>
    <bullet20/>
    <bullet21/>
    <bullet22/>
    <bullet23/>
    <bullet24/>
    <vendorPriceUpdateDate>2022-03-19 00:00:00</vendorPriceUpdateDate>
  </part>
  <part>
    <partNumber>39200058</partNumber>
    <punctuatedPartNumber>3920-0058</punctuatedPartNumber>
    <partStatusDescription>STANDARD</partStatusDescription>
    <partDescription>Bar-Harness - Short - Red</partDescription>
    <unitOfMeasure>Each</unitOfMeasure>
    <brandName>CANYON DANCER</brandName>
    <supplierNumber>33105</supplierNumber>
    <specialInstructions/>
    <baseDealerPrice>22.45</baseDealerPrice>
    <yourDealerPrice>22.45</yourDealerPrice>
    <baseRetailPrice>33.95</baseRetailPrice>
    <originalRetailPrice>33.95</originalRetailPrice>
    <partImage>http://asset.lemansnet.com/z/L0EvNi8xL0E2MTEzMUI3LTg3RkMtNEU0Qi1BQkQyLTNFQTE4NUNBRTU5MCwvMi85L0IvMjlCNzREREItQjA2RS00QzQxLUFBRTUtQzA2QjhFMkM0OTQw</partImage>
    <productId>2104566226</productId>
    <productName>Bar-Harness Handlebar Tie-Down</productName>
    <productImage>http://asset.lemansnet.com/z/L0EvNi8yL0E2MjUwQTI2LTJGRDktNDkwNS04NDFELTNFQUMyMjIyOTI2Mw==</productImage>
    <bullet1>A hassle-free way to secure motorcycles; virtually eliminates the possibility of damage to bodywork</bullet1>
    <bullet2>Simple, quick and very easy to use; mounts on the grips and keeps tie-downs away from the body</bullet2>
    <bullet3>Nylon webbing has tensile strength of over 5500 lb</bullet3>
    <bullet4>Can be used on wide variety of motorcycles</bullet4>
    <bullet5>Made in the USA</bullet5>
    <bullet6/>
    <bullet7/>
    <bullet8/>
    <bullet9/>
    <bullet10/>
    <bullet11/>
    <bullet12/>
    <bullet13/>
    <bullet14/>
    <bullet15/>
    <bullet16/>
    <bullet17/>
    <bullet18/>
    <bullet19/>
    <bullet20/>
    <bullet21/>
    <bullet22/>
    <bullet23/>
    <bullet24/>
    <vendorPriceUpdateDate>2022-03-19 00:00:00</vendorPriceUpdateDate>
  </part>
  <part>
    <partNumber>39200059</partNumber>
    <punctuatedPartNumber>3920-0059</punctuatedPartNumber>
    <partStatusDescription>STANDARD</partStatusDescription>
    <partDescription>Bar-Harness - Short - Blue</partDescription>
    <unitOfMeasure>Each</unitOfMeasure>
    <brandName>CANYON DANCER</brandName>
    <supplierNumber>33205</supplierNumber>
    <specialInstructions/>
    <baseDealerPrice>22.45</baseDealerPrice>
    <yourDealerPrice>22.45</yourDealerPrice>
    <baseRetailPrice>33.95</baseRetailPrice>
    <originalRetailPrice>33.95</originalRetailPrice>
    <partImage>http://asset.lemansnet.com/z/L0UvRi9CL0VGQkQyRTg0LUREQ0ItNDk4NS1CQzAxLUFCMjNFQ0M0RkFFNSwvMi85L0IvMjlCNzREREItQjA2RS00QzQxLUFBRTUtQzA2QjhFMkM0OTQw</partImage>
    <productId>2104566226</productId>
    <productName>Bar-Harness Handlebar Tie-Down</productName>
    <productImage>http://asset.lemansnet.com/z/L0EvNi8yL0E2MjUwQTI2LTJGRDktNDkwNS04NDFELTNFQUMyMjIyOTI2Mw==</productImage>
    <bullet1>A hassle-free way to secure motorcycles; virtually eliminates the possibility of damage to bodywork</bullet1>
    <bullet2>Simple, quick and very easy to use; mounts on the grips and keeps tie-downs away from the body</bullet2>
    <bullet3>Nylon webbing has tensile strength of over 5500 lb</bullet3>
    <bullet4>Can be used on wide variety of motorcycles</bullet4>
    <bullet5>Made in the USA</bullet5>
    <bullet6/>
    <bullet7/>
    <bullet8/>
    <bullet9/>
    <bullet10/>
    <bullet11/>
    <bullet12/>
    <bullet13/>
    <bullet14/>
    <bullet15/>
    <bullet16/>
    <bullet17/>
    <bullet18/>
    <bullet19/>
    <bullet20/>
    <bullet21/>
    <bullet22/>
    <bullet23/>
    <bullet24/>
    <vendorPriceUpdateDate>2022-03-19 00:00:00</vendorPriceUpdateDate>
  </part>
  <part>
    <partNumber>39200061</partNumber>
    <punctuatedPartNumber>3920-0061</punctuatedPartNumber>
    <partStatusDescription>STANDARD</partStatusDescription>
    <partDescription>Bar-Harness - Wide - Black</partDescription>
    <unitOfMeasure>Each</unitOfMeasure>
    <brandName>CANYON DANCER</brandName>
    <supplierNumber>39505</supplierNumber>
    <specialInstructions/>
    <baseDealerPrice>22.45</baseDealerPrice>
    <yourDealerPrice>22.45</yourDealerPrice>
    <baseRetailPrice>33.95</baseRetailPrice>
    <originalRetailPrice>33.95</originalRetailPrice>
    <partImage>http://asset.lemansnet.com/z/L0YvMC80L0YwNDBEMUUyLTYwOTctNEUyQS05RjcwLUZENEUwQUI1QkFBRCwvMi85L0IvMjlCNzREREItQjA2RS00QzQxLUFBRTUtQzA2QjhFMkM0OTQw</partImage>
    <productId>2104566226</productId>
    <productName>Bar-Harness Handlebar Tie-Down</productName>
    <productImage>http://asset.lemansnet.com/z/L0EvNi8yL0E2MjUwQTI2LTJGRDktNDkwNS04NDFELTNFQUMyMjIyOTI2Mw==</productImage>
    <bullet1>A hassle-free way to secure motorcycles; virtually eliminates the possibility of damage to bodywork</bullet1>
    <bullet2>Simple, quick and very easy to use; mounts on the grips and keeps tie-downs away from the body</bullet2>
    <bullet3>Nylon webbing has tensile strength of over 5500 lb</bullet3>
    <bullet4>Can be used on wide variety of motorcycles</bullet4>
    <bullet5>Made in the USA</bullet5>
    <bullet6/>
    <bullet7/>
    <bullet8/>
    <bullet9/>
    <bullet10/>
    <bullet11/>
    <bullet12/>
    <bullet13/>
    <bullet14/>
    <bullet15/>
    <bullet16/>
    <bullet17/>
    <bullet18/>
    <bullet19/>
    <bullet20/>
    <bullet21/>
    <bullet22/>
    <bullet23/>
    <bullet24/>
    <vendorPriceUpdateDate>2022-03-19 00:00:00</vendorPriceUpdateDate>
  </part>
  <part>
    <partNumber>39200062</partNumber>
    <punctuatedPartNumber>3920-0062</punctuatedPartNumber>
    <partStatusDescription>STANDARD</partStatusDescription>
    <partDescription>Strap Wrappers - Black</partDescription>
    <unitOfMeasure>Pair</unitOfMeasure>
    <brandName>CANYON DANCER</brandName>
    <supplierNumber>18500</supplierNumber>
    <specialInstructions/>
    <baseDealerPrice>2.70</baseDealerPrice>
    <yourDealerPrice>2.70</yourDealerPrice>
    <baseRetailPrice>4.95</baseRetailPrice>
    <originalRetailPrice>4.95</originalRetailPrice>
    <partImage>http://asset.lemansnet.com/z/L0EvNS81L0E1NTczRjRELTUwNzYtNEMyNC04MDg0LUYxQTM1MDNENjZFNA==</partImage>
    <productId>1174331784</productId>
    <productName>Tie-Down Strap Wrappers</productName>
    <productImage>http://asset.lemansnet.com/z/L0EvNS81L0E1NTczRjRELTUwNzYtNEMyNC04MDg0LUYxQTM1MDNENjZFNA==</productImage>
    <bullet1>Slip over tie-down hooks; prevent strap rash and buckle bruise</bullet1>
    <bullet2/>
    <bullet3/>
    <bullet4/>
    <bullet5/>
    <bullet6/>
    <bullet7/>
    <bullet8/>
    <bullet9/>
    <bullet10/>
    <bullet11/>
    <bullet12/>
    <bullet13/>
    <bullet14/>
    <bullet15/>
    <bullet16/>
    <bullet17/>
    <bullet18/>
    <bullet19/>
    <bullet20/>
    <bullet21/>
    <bullet22/>
    <bullet23/>
    <bullet24/>
    <vendorPriceUpdateDate>2022-03-19 00:00:00</vendorPriceUpdateDate>
  </part>
</root>
