<root>
  <part>
    <partNumber>15010539</partNumber>
    <punctuatedPartNumber>1501-0539</punctuatedPartNumber>
    <partStatusDescription>DISCONTINUED</partStatusDescription>
    <partDescription>Chopper Sissy Bar - XL</partDescription>
    <unitOfMeasure>Each</unitOfMeasure>
    <brandName>GASBOX</brandName>
    <supplierNumber>003822</supplierNumber>
    <specialInstructions>Discontinued P/Byr</specialInstructions>
    <baseDealerPrice>94.40</baseDealerPrice>
    <yourDealerPrice>94.40</yourDealerPrice>
    <baseRetailPrice>134.95</baseRetailPrice>
    <originalRetailPrice>159.95</originalRetailPrice>
    <partImage>http://asset.lemansnet.com/z/L0QvOS84L0Q5ODE1RERGLTU2MzItNEY3My1CODEyLUQ4QTQ2RTYxM0M1QQ==</partImage>
    <productId>1530673013</productId>
    <productName>Bolt-On Sissy Bar</productName>
    <productImage>http://asset.lemansnet.com/z/LzUvOC9FLzU4RTg3MkM3LUJBMUEtNDUyMi05OUI0LUREMTY0RDYwRUQ5RQ==</productImage>
    <bullet1>Bolt-on kit allows mounting of sissy bar to stock-frame</bullet1>
    <bullet2>Simply remove the stock frame rail cover hardware and bolt the new sissy bar on with the original hardware</bullet2>
    <bullet3>Feature black powder-coat that protects from the elements</bullet3>
    <bullet4>Made in the U.S.A.</bullet4>
    <bullet5/>
    <bullet6/>
    <bullet7/>
    <bullet8/>
    <bullet9/>
    <bullet10/>
    <bullet11/>
    <bullet12/>
    <bullet13/>
    <bullet14/>
    <bullet15/>
    <bullet16/>
    <bullet17/>
    <bullet18/>
    <bullet19/>
    <bullet20/>
    <bullet21/>
    <bullet22/>
    <bullet23/>
    <bullet24/>
    <vendorPriceUpdateDate>2019-07-18 00:00:00</vendorPriceUpdateDate>
  </part>
  <part>
    <partNumber>20300860</partNumber>
    <punctuatedPartNumber>2030-0860</punctuatedPartNumber>
    <partStatusDescription>DISCONTINUED</partStatusDescription>
    <partDescription>Mount - License Plate - Vertical</partDescription>
    <unitOfMeasure>Each</unitOfMeasure>
    <brandName>GASBOX</brandName>
    <supplierNumber>003484</supplierNumber>
    <specialInstructions>Discontinued P/Byr</specialInstructions>
    <baseDealerPrice>42.00</baseDealerPrice>
    <yourDealerPrice>42.00</yourDealerPrice>
    <baseRetailPrice>59.95</baseRetailPrice>
    <originalRetailPrice>59.95</originalRetailPrice>
    <partImage>http://asset.lemansnet.com/z/LzUvQy84LzVDODlCMzQzLUVFQkMtNDlDNC1BNjkxLTdDNDg5MThGQjU4RiwvMy82LzcvMzY3NTZBRjYtRjcxNS00QUJBLUFGOTUtRjk3QkU1NTJBNDRDLC82L0EvMy82QTM5OUMyNy0yN0YyLTRBNUItOTI5OC0wRDU0MUExQTZEQkY=</partImage>
    <productId>1242591259</productId>
    <productName>Shock Mount License Plate Mount</productName>
    <productImage>http://asset.lemansnet.com/z/LzUvQy84LzVDODlCMzQzLUVFQkMtNDlDNC1BNjkxLTdDNDg5MThGQjU4Rg==</productImage>
    <bullet1>Bolts to lower 1/2" shock bolt</bullet1>
    <bullet2>Allows for easy relocation of license plate</bullet2>
    <bullet3>Plate area is 7.25" x 4.25"</bullet3>
    <bullet4>Black powder-coated steel</bullet4>
    <bullet5>Made in the USA</bullet5>
    <bullet6/>
    <bullet7/>
    <bullet8/>
    <bullet9/>
    <bullet10/>
    <bullet11/>
    <bullet12/>
    <bullet13/>
    <bullet14/>
    <bullet15/>
    <bullet16/>
    <bullet17/>
    <bullet18/>
    <bullet19/>
    <bullet20/>
    <bullet21/>
    <bullet22/>
    <bullet23/>
    <bullet24/>
    <vendorPriceUpdateDate>2019-06-24 00:00:00</vendorPriceUpdateDate>
  </part>
  <part>
    <partNumber>15010540</partNumber>
    <punctuatedPartNumber>1501-0540</punctuatedPartNumber>
    <partStatusDescription>DISCONTINUED</partStatusDescription>
    <partDescription>Chopper Sissy Bar - FXD</partDescription>
    <unitOfMeasure>Each</unitOfMeasure>
    <brandName>GASBOX</brandName>
    <supplierNumber>005994</supplierNumber>
    <specialInstructions>Discontinued P/Byr</specialInstructions>
    <baseDealerPrice>94.40</baseDealerPrice>
    <yourDealerPrice>94.40</yourDealerPrice>
    <baseRetailPrice>134.95</baseRetailPrice>
    <originalRetailPrice>159.95</originalRetailPrice>
    <partImage>http://asset.lemansnet.com/z/LzYvMS9GLzYxRkJDM0IxLUQwRDMtNEU5Qy04REY0LTlCNTFGMERGODM3OA==</partImage>
    <productId>1530673013</productId>
    <productName>Bolt-On Sissy Bar</productName>
    <productImage>http://asset.lemansnet.com/z/LzUvOC9FLzU4RTg3MkM3LUJBMUEtNDUyMi05OUI0LUREMTY0RDYwRUQ5RQ==</productImage>
    <bullet1>Bolt-on kit allows mounting of sissy bar to stock-frame</bullet1>
    <bullet2>Simply remove the stock frame rail cover hardware and bolt the new sissy bar on with the original hardware</bullet2>
    <bullet3>Feature black powder-coat that protects from the elements</bullet3>
    <bullet4>Made in the U.S.A.</bullet4>
    <bullet5/>
    <bullet6/>
    <bullet7/>
    <bullet8/>
    <bullet9/>
    <bullet10/>
    <bullet11/>
    <bullet12/>
    <bullet13/>
    <bullet14/>
    <bullet15/>
    <bullet16/>
    <bullet17/>
    <bullet18/>
    <bullet19/>
    <bullet20/>
    <bullet21/>
    <bullet22/>
    <bullet23/>
    <bullet24/>
    <vendorPriceUpdateDate>2019-06-24 00:00:00</vendorPriceUpdateDate>
  </part>
</root>
