<root>
  <part>
    <partNumber>08212420</partNumber>
    <punctuatedPartNumber>0821-2420</punctuatedPartNumber>
    <partStatusDescription>DISCONTINUED</partStatusDescription>
    <partDescription>Seat Cover - Pyramid - Black - Yamaha</partDescription>
    <unitOfMeasure>Each</unitOfMeasure>
    <brandName>BLACKBIRD RACING</brandName>
    <supplierNumber>1248G</supplierNumber>
    <specialInstructions/>
    <baseDealerPrice>17.00</baseDealerPrice>
    <yourDealerPrice>17.00</yourDealerPrice>
    <baseRetailPrice>0.00</baseRetailPrice>
    <originalRetailPrice>49.95</originalRetailPrice>
    <partImage>http://asset.lemansnet.com/z/LzYvMy81LzYzNTZDNUFELUU1NjEtNEFCRC04QTNDLUREQkQ0NjZDQTE4QQ==</partImage>
    <productId>0317843487</productId>
    <productName>Pyramid Seat Cover</productName>
    <productImage>http://asset.lemansnet.com/z/LzkvNi8zLzk2MzhCMEVGLUNGQzItNDgwMS1CMkYyLUFFN0NGQjI0QTEwOQ==</productImage>
    <bullet1>New-generation anti-slip effect, made in material with excellent grip and a rubbery consistency that gives the rider perfect adherence to the seat in all conditions.</bullet1>
    <bullet2>Easy to apply, shaped parts specially studied to fit the shape of the seat</bullet2>
    <bullet3>Excellent wear resistance</bullet3>
    <bullet4/>
    <bullet5/>
    <bullet6/>
    <bullet7/>
    <bullet8/>
    <bullet9/>
    <bullet10/>
    <bullet11/>
    <bullet12/>
    <bullet13/>
    <bullet14/>
    <bullet15/>
    <bullet16/>
    <bullet17/>
    <bullet18/>
    <bullet19/>
    <bullet20/>
    <bullet21/>
    <bullet22/>
    <bullet23/>
    <bullet24/>
    <vendorPriceUpdateDate>2021-11-10 00:00:00</vendorPriceUpdateDate>
  </part>
  <part>
    <partNumber>08212430</partNumber>
    <punctuatedPartNumber>0821-2430</punctuatedPartNumber>
    <partStatusDescription>DISCONTINUED</partStatusDescription>
    <partDescription>Seat Cover - Pyramid - Black - Suzuki</partDescription>
    <unitOfMeasure>Each</unitOfMeasure>
    <brandName>BLACKBIRD RACING</brandName>
    <supplierNumber>1323G</supplierNumber>
    <specialInstructions/>
    <baseDealerPrice>17.00</baseDealerPrice>
    <yourDealerPrice>17.00</yourDealerPrice>
    <baseRetailPrice>0.00</baseRetailPrice>
    <originalRetailPrice>49.95</originalRetailPrice>
    <partImage>http://asset.lemansnet.com/z/L0UvQS84L0VBODk3QTQxLUI4RjUtNEU0My04QkY1LTRDMUNBRTUzMkI0NSwvNS9CLzEvNUIxQzMzNUItRTY0MS00MkM4LTgwMjctQThEQ0Q2MkYzMjQ1</partImage>
    <productId>0317843487</productId>
    <productName>Pyramid Seat Cover</productName>
    <productImage>http://asset.lemansnet.com/z/LzkvNi8zLzk2MzhCMEVGLUNGQzItNDgwMS1CMkYyLUFFN0NGQjI0QTEwOQ==</productImage>
    <bullet1>New-generation anti-slip effect, made in material with excellent grip and a rubbery consistency that gives the rider perfect adherence to the seat in all conditions.</bullet1>
    <bullet2>Easy to apply, shaped parts specially studied to fit the shape of the seat</bullet2>
    <bullet3>Excellent wear resistance</bullet3>
    <bullet4/>
    <bullet5/>
    <bullet6/>
    <bullet7/>
    <bullet8/>
    <bullet9/>
    <bullet10/>
    <bullet11/>
    <bullet12/>
    <bullet13/>
    <bullet14/>
    <bullet15/>
    <bullet16/>
    <bullet17/>
    <bullet18/>
    <bullet19/>
    <bullet20/>
    <bullet21/>
    <bullet22/>
    <bullet23/>
    <bullet24/>
    <vendorPriceUpdateDate>2021-11-10 00:00:00</vendorPriceUpdateDate>
  </part>
  <part>
    <partNumber>08212436</partNumber>
    <punctuatedPartNumber>0821-2436</punctuatedPartNumber>
    <partStatusDescription>DISCONTINUED</partStatusDescription>
    <partDescription>Seat Cover - Pyramid - Black - Suzuki</partDescription>
    <unitOfMeasure>Each</unitOfMeasure>
    <brandName>BLACKBIRD RACING</brandName>
    <supplierNumber>1330G</supplierNumber>
    <specialInstructions/>
    <baseDealerPrice>17.00</baseDealerPrice>
    <yourDealerPrice>17.00</yourDealerPrice>
    <baseRetailPrice>0.00</baseRetailPrice>
    <originalRetailPrice>49.95</originalRetailPrice>
    <partImage>http://asset.lemansnet.com/z/L0IvMi82L0IyNjU5MUYyLTNGOUEtNDZDOS1BQjUwLTE5NDIxQUQyMUY5RSwvQS9CLzcvQUI3ODE4NjItOEJERS00REJELUEyNjAtMzNENkVDOTE5QkRB</partImage>
    <productId>0317843487</productId>
    <productName>Pyramid Seat Cover</productName>
    <productImage>http://asset.lemansnet.com/z/LzkvNi8zLzk2MzhCMEVGLUNGQzItNDgwMS1CMkYyLUFFN0NGQjI0QTEwOQ==</productImage>
    <bullet1>New-generation anti-slip effect, made in material with excellent grip and a rubbery consistency that gives the rider perfect adherence to the seat in all conditions.</bullet1>
    <bullet2>Easy to apply, shaped parts specially studied to fit the shape of the seat</bullet2>
    <bullet3>Excellent wear resistance</bullet3>
    <bullet4/>
    <bullet5/>
    <bullet6/>
    <bullet7/>
    <bullet8/>
    <bullet9/>
    <bullet10/>
    <bullet11/>
    <bullet12/>
    <bullet13/>
    <bullet14/>
    <bullet15/>
    <bullet16/>
    <bullet17/>
    <bullet18/>
    <bullet19/>
    <bullet20/>
    <bullet21/>
    <bullet22/>
    <bullet23/>
    <bullet24/>
    <vendorPriceUpdateDate>2021-11-10 00:00:00</vendorPriceUpdateDate>
  </part>
  <part>
    <partNumber>08212466</partNumber>
    <punctuatedPartNumber>0821-2466</punctuatedPartNumber>
    <partStatusDescription>DISCONTINUED</partStatusDescription>
    <partDescription>Seat Cover - Pyramid - Black - SX</partDescription>
    <unitOfMeasure>Each</unitOfMeasure>
    <brandName>BLACKBIRD RACING</brandName>
    <supplierNumber>1522G</supplierNumber>
    <specialInstructions/>
    <baseDealerPrice>17.00</baseDealerPrice>
    <yourDealerPrice>17.00</yourDealerPrice>
    <baseRetailPrice>0.00</baseRetailPrice>
    <originalRetailPrice>49.95</originalRetailPrice>
    <partImage>http://asset.lemansnet.com/z/L0EvMi9GL0EyRjQ5QkFELTNGOUItNEYxMi1BQkM4LUVFNTdFODQ1NTc2Qw==</partImage>
    <productId>0317843487</productId>
    <productName>Pyramid Seat Cover</productName>
    <productImage>http://asset.lemansnet.com/z/LzkvNi8zLzk2MzhCMEVGLUNGQzItNDgwMS1CMkYyLUFFN0NGQjI0QTEwOQ==</productImage>
    <bullet1>New-generation anti-slip effect, made in material with excellent grip and a rubbery consistency that gives the rider perfect adherence to the seat in all conditions.</bullet1>
    <bullet2>Easy to apply, shaped parts specially studied to fit the shape of the seat</bullet2>
    <bullet3>Excellent wear resistance</bullet3>
    <bullet4/>
    <bullet5/>
    <bullet6/>
    <bullet7/>
    <bullet8/>
    <bullet9/>
    <bullet10/>
    <bullet11/>
    <bullet12/>
    <bullet13/>
    <bullet14/>
    <bullet15/>
    <bullet16/>
    <bullet17/>
    <bullet18/>
    <bullet19/>
    <bullet20/>
    <bullet21/>
    <bullet22/>
    <bullet23/>
    <bullet24/>
    <vendorPriceUpdateDate>2021-11-10 00:00:00</vendorPriceUpdateDate>
  </part>
  <part>
    <partNumber>08212880</partNumber>
    <punctuatedPartNumber>0821-2880</punctuatedPartNumber>
    <partStatusDescription>DISCONTINUED</partStatusDescription>
    <partDescription>Double Grip 3 Seat Cover - Blue/Black - Yamaha</partDescription>
    <unitOfMeasure>Each</unitOfMeasure>
    <brandName>BLACKBIRD RACING</brandName>
    <supplierNumber>1249H</supplierNumber>
    <specialInstructions/>
    <baseDealerPrice>23.40</baseDealerPrice>
    <yourDealerPrice>23.40</yourDealerPrice>
    <baseRetailPrice>0.00</baseRetailPrice>
    <originalRetailPrice>69.95</originalRetailPrice>
    <partImage>http://asset.lemansnet.com/z/LzEvQi8xLzFCMTVBNTZELUYyMDYtNEQwRi04MzA1LTBERjdBNzFGMTNBRiwvOC8wLzEvODAxNThFQUQtRTBERi00MTdGLTkzOTYtMTMxOENEMjRCM0Y2</partImage>
    <productId>0696876132</productId>
    <productName>Double Grip 3 Seat Cover</productName>
    <productImage>http://asset.lemansnet.com/z/LzcvNC9FLzc0RTQzMUYxLUY5MUEtNEI4RC1BMTI4LUJBMEUzNEU1RDQxQg==</productImage>
    <bullet1>Innovative strip system, and ultra-resistant, excellent grip materials.</bullet1>
    <bullet2>Raise strips specifically designed to allow riders to shift their weight directly onto the back wheel</bullet2>
    <bullet3>Shock resistant</bullet3>
    <bullet4/>
    <bullet5/>
    <bullet6/>
    <bullet7/>
    <bullet8/>
    <bullet9/>
    <bullet10/>
    <bullet11/>
    <bullet12/>
    <bullet13/>
    <bullet14/>
    <bullet15/>
    <bullet16/>
    <bullet17/>
    <bullet18/>
    <bullet19/>
    <bullet20/>
    <bullet21/>
    <bullet22/>
    <bullet23/>
    <bullet24/>
    <vendorPriceUpdateDate>2021-11-10 00:00:00</vendorPriceUpdateDate>
  </part>
  <part>
    <partNumber>08212881</partNumber>
    <punctuatedPartNumber>0821-2881</punctuatedPartNumber>
    <partStatusDescription>DISCONTINUED</partStatusDescription>
    <partDescription>Seat Cover - Pyramid - Black - Yamaha</partDescription>
    <unitOfMeasure>Each</unitOfMeasure>
    <brandName>BLACKBIRD RACING</brandName>
    <supplierNumber>1249G</supplierNumber>
    <specialInstructions/>
    <baseDealerPrice>17.00</baseDealerPrice>
    <yourDealerPrice>17.00</yourDealerPrice>
    <baseRetailPrice>0.00</baseRetailPrice>
    <originalRetailPrice>49.95</originalRetailPrice>
    <partImage>http://asset.lemansnet.com/z/L0UvQy80L0VDNDM3QjZCLThBOUYtNDAyQi04OTcxLUNBMTk0QTk2MTUyRiwvNy84L0QvNzhEOEY2RjQtODhGRS00ODVBLUI1NzYtNjYzQjMwNDQ5RjQx</partImage>
    <productId>0317843487</productId>
    <productName>Pyramid Seat Cover</productName>
    <productImage>http://asset.lemansnet.com/z/LzkvNi8zLzk2MzhCMEVGLUNGQzItNDgwMS1CMkYyLUFFN0NGQjI0QTEwOQ==</productImage>
    <bullet1>New-generation anti-slip effect, made in material with excellent grip and a rubbery consistency that gives the rider perfect adherence to the seat in all conditions.</bullet1>
    <bullet2>Easy to apply, shaped parts specially studied to fit the shape of the seat</bullet2>
    <bullet3>Excellent wear resistance</bullet3>
    <bullet4/>
    <bullet5/>
    <bullet6/>
    <bullet7/>
    <bullet8/>
    <bullet9/>
    <bullet10/>
    <bullet11/>
    <bullet12/>
    <bullet13/>
    <bullet14/>
    <bullet15/>
    <bullet16/>
    <bullet17/>
    <bullet18/>
    <bullet19/>
    <bullet20/>
    <bullet21/>
    <bullet22/>
    <bullet23/>
    <bullet24/>
    <vendorPriceUpdateDate>2021-11-10 00:00:00</vendorPriceUpdateDate>
  </part>
  <part>
    <partNumber>08212473</partNumber>
    <punctuatedPartNumber>0821-2473</punctuatedPartNumber>
    <partStatusDescription>DISCONTINUED</partStatusDescription>
    <partDescription>Seat Cover - Pyramid - Black - SX</partDescription>
    <unitOfMeasure>Each</unitOfMeasure>
    <brandName>BLACKBIRD RACING</brandName>
    <supplierNumber>1526G</supplierNumber>
    <specialInstructions/>
    <baseDealerPrice>17.00</baseDealerPrice>
    <yourDealerPrice>17.00</yourDealerPrice>
    <baseRetailPrice>0.00</baseRetailPrice>
    <originalRetailPrice>49.95</originalRetailPrice>
    <partImage>http://asset.lemansnet.com/z/bWVkaWEvYzNhMDg1NTktZTcxMy00YzJhLTk4ZjMtM2Y0MjFkYmEyY2FjLC80L0QvNS80RDUyRTYzQi1BNjYxLTQ4ODUtQTFERC1BQjM2MUMzNjc3NDg=</partImage>
    <productId>0317843487</productId>
    <productName>Pyramid Seat Cover</productName>
    <productImage>http://asset.lemansnet.com/z/LzkvNi8zLzk2MzhCMEVGLUNGQzItNDgwMS1CMkYyLUFFN0NGQjI0QTEwOQ==</productImage>
    <bullet1>New-generation anti-slip effect, made in material with excellent grip and a rubbery consistency that gives the rider perfect adherence to the seat in all conditions.</bullet1>
    <bullet2>Easy to apply, shaped parts specially studied to fit the shape of the seat</bullet2>
    <bullet3>Excellent wear resistance</bullet3>
    <bullet4/>
    <bullet5/>
    <bullet6/>
    <bullet7/>
    <bullet8/>
    <bullet9/>
    <bullet10/>
    <bullet11/>
    <bullet12/>
    <bullet13/>
    <bullet14/>
    <bullet15/>
    <bullet16/>
    <bullet17/>
    <bullet18/>
    <bullet19/>
    <bullet20/>
    <bullet21/>
    <bullet22/>
    <bullet23/>
    <bullet24/>
    <vendorPriceUpdateDate>2021-11-10 00:00:00</vendorPriceUpdateDate>
  </part>
  <part>
    <partNumber>08212410</partNumber>
    <punctuatedPartNumber>0821-2410</punctuatedPartNumber>
    <partStatusDescription>DISCONTINUED</partStatusDescription>
    <partDescription>Seat Cover - Pyramid - Black - Yamaha</partDescription>
    <unitOfMeasure>Each</unitOfMeasure>
    <brandName>BLACKBIRD RACING</brandName>
    <supplierNumber>1232G</supplierNumber>
    <specialInstructions/>
    <baseDealerPrice>17.00</baseDealerPrice>
    <yourDealerPrice>17.00</yourDealerPrice>
    <baseRetailPrice>0.00</baseRetailPrice>
    <originalRetailPrice>69.95</originalRetailPrice>
    <partImage>http://asset.lemansnet.com/z/L0UvQy80L0VDNDM3QjZCLThBOUYtNDAyQi04OTcxLUNBMTk0QTk2MTUyRiwvMi9BLzAvMkEwRUI4RDEtNkMxMS00QjUxLTkwMkUtM0I3NUQyMTIzN0RE</partImage>
    <productId>0317843487</productId>
    <productName>Pyramid Seat Cover</productName>
    <productImage>http://asset.lemansnet.com/z/LzkvNi8zLzk2MzhCMEVGLUNGQzItNDgwMS1CMkYyLUFFN0NGQjI0QTEwOQ==</productImage>
    <bullet1>New-generation anti-slip effect, made in material with excellent grip and a rubbery consistency that gives the rider perfect adherence to the seat in all conditions.</bullet1>
    <bullet2>Easy to apply, shaped parts specially studied to fit the shape of the seat</bullet2>
    <bullet3>Excellent wear resistance</bullet3>
    <bullet4/>
    <bullet5/>
    <bullet6/>
    <bullet7/>
    <bullet8/>
    <bullet9/>
    <bullet10/>
    <bullet11/>
    <bullet12/>
    <bullet13/>
    <bullet14/>
    <bullet15/>
    <bullet16/>
    <bullet17/>
    <bullet18/>
    <bullet19/>
    <bullet20/>
    <bullet21/>
    <bullet22/>
    <bullet23/>
    <bullet24/>
    <vendorPriceUpdateDate>2021-11-10 00:00:00</vendorPriceUpdateDate>
  </part>
  <part>
    <partNumber>08212414</partNumber>
    <punctuatedPartNumber>0821-2414</punctuatedPartNumber>
    <partStatusDescription>DISCONTINUED</partStatusDescription>
    <partDescription>Seat Cover - Pyramid - Black - Yamaha</partDescription>
    <unitOfMeasure>Each</unitOfMeasure>
    <brandName>BLACKBIRD RACING</brandName>
    <supplierNumber>1244G</supplierNumber>
    <specialInstructions/>
    <baseDealerPrice>17.00</baseDealerPrice>
    <yourDealerPrice>17.00</yourDealerPrice>
    <baseRetailPrice>0.00</baseRetailPrice>
    <originalRetailPrice>49.95</originalRetailPrice>
    <partImage>http://asset.lemansnet.com/z/LzUvQy9CLzVDQjE5OTA5LUY4M0MtNDA4QS04NjQ5LTI2NEY1RUQ3Nzk3OSwvMC9GL0EvMEZBRjgzQ0YtMjE3Qy00MTdGLTlGNUMtQzc4N0MzQzQwMjE1</partImage>
    <productId>0317843487</productId>
    <productName>Pyramid Seat Cover</productName>
    <productImage>http://asset.lemansnet.com/z/LzkvNi8zLzk2MzhCMEVGLUNGQzItNDgwMS1CMkYyLUFFN0NGQjI0QTEwOQ==</productImage>
    <bullet1>New-generation anti-slip effect, made in material with excellent grip and a rubbery consistency that gives the rider perfect adherence to the seat in all conditions.</bullet1>
    <bullet2>Easy to apply, shaped parts specially studied to fit the shape of the seat</bullet2>
    <bullet3>Excellent wear resistance</bullet3>
    <bullet4/>
    <bullet5/>
    <bullet6/>
    <bullet7/>
    <bullet8/>
    <bullet9/>
    <bullet10/>
    <bullet11/>
    <bullet12/>
    <bullet13/>
    <bullet14/>
    <bullet15/>
    <bullet16/>
    <bullet17/>
    <bullet18/>
    <bullet19/>
    <bullet20/>
    <bullet21/>
    <bullet22/>
    <bullet23/>
    <bullet24/>
    <vendorPriceUpdateDate>2021-11-10 00:00:00</vendorPriceUpdateDate>
  </part>
  <part>
    <partNumber>08212418</partNumber>
    <punctuatedPartNumber>0821-2418</punctuatedPartNumber>
    <partStatusDescription>DISCONTINUED</partStatusDescription>
    <partDescription>Seat Cover - Pyramid - Black - Yamaha</partDescription>
    <unitOfMeasure>Each</unitOfMeasure>
    <brandName>BLACKBIRD RACING</brandName>
    <supplierNumber>1247G</supplierNumber>
    <specialInstructions/>
    <baseDealerPrice>17.00</baseDealerPrice>
    <yourDealerPrice>17.00</yourDealerPrice>
    <baseRetailPrice>0.00</baseRetailPrice>
    <originalRetailPrice>49.95</originalRetailPrice>
    <partImage>http://asset.lemansnet.com/z/L0UvOC8xL0U4MUJEMEYyLUFGMjUtNDBCRi05NTdGLTBFNDJEMEUwMzMyRCwvQy9BLzkvQ0E5NUFBRjYtRUQ5MC00RUY2LUI2NzktNUJGMTk1RjU5ODRF</partImage>
    <productId>0317843487</productId>
    <productName>Pyramid Seat Cover</productName>
    <productImage>http://asset.lemansnet.com/z/LzkvNi8zLzk2MzhCMEVGLUNGQzItNDgwMS1CMkYyLUFFN0NGQjI0QTEwOQ==</productImage>
    <bullet1>New-generation anti-slip effect, made in material with excellent grip and a rubbery consistency that gives the rider perfect adherence to the seat in all conditions.</bullet1>
    <bullet2>Easy to apply, shaped parts specially studied to fit the shape of the seat</bullet2>
    <bullet3>Excellent wear resistance</bullet3>
    <bullet4/>
    <bullet5/>
    <bullet6/>
    <bullet7/>
    <bullet8/>
    <bullet9/>
    <bullet10/>
    <bullet11/>
    <bullet12/>
    <bullet13/>
    <bullet14/>
    <bullet15/>
    <bullet16/>
    <bullet17/>
    <bullet18/>
    <bullet19/>
    <bullet20/>
    <bullet21/>
    <bullet22/>
    <bullet23/>
    <bullet24/>
    <vendorPriceUpdateDate>2021-11-10 00:00:00</vendorPriceUpdateDate>
  </part>
  <part>
    <partNumber>08212419</partNumber>
    <punctuatedPartNumber>0821-2419</punctuatedPartNumber>
    <partStatusDescription>DISCONTINUED</partStatusDescription>
    <partDescription>Seat Cover - Pyramid - Blue - Yamaha</partDescription>
    <unitOfMeasure>Each</unitOfMeasure>
    <brandName>BLACKBIRD RACING</brandName>
    <supplierNumber>1247G/01</supplierNumber>
    <specialInstructions/>
    <baseDealerPrice>17.00</baseDealerPrice>
    <yourDealerPrice>17.00</yourDealerPrice>
    <baseRetailPrice>0.00</baseRetailPrice>
    <originalRetailPrice>49.95</originalRetailPrice>
    <partImage>http://asset.lemansnet.com/z/L0EvMS82L0ExNjU0MkZFLTc0NzMtNEZDMS1BRUIzLTdBNzNGRTAyQTgxRCwvMS9BLzUvMUE1QTQ3MDEtMjYxQS00MjAyLTg2QUMtQTgwNTAxMkQ3NkNF</partImage>
    <productId>0317843487</productId>
    <productName>Pyramid Seat Cover</productName>
    <productImage>http://asset.lemansnet.com/z/LzkvNi8zLzk2MzhCMEVGLUNGQzItNDgwMS1CMkYyLUFFN0NGQjI0QTEwOQ==</productImage>
    <bullet1>New-generation anti-slip effect, made in material with excellent grip and a rubbery consistency that gives the rider perfect adherence to the seat in all conditions.</bullet1>
    <bullet2>Easy to apply, shaped parts specially studied to fit the shape of the seat</bullet2>
    <bullet3>Excellent wear resistance</bullet3>
    <bullet4/>
    <bullet5/>
    <bullet6/>
    <bullet7/>
    <bullet8/>
    <bullet9/>
    <bullet10/>
    <bullet11/>
    <bullet12/>
    <bullet13/>
    <bullet14/>
    <bullet15/>
    <bullet16/>
    <bullet17/>
    <bullet18/>
    <bullet19/>
    <bullet20/>
    <bullet21/>
    <bullet22/>
    <bullet23/>
    <bullet24/>
    <vendorPriceUpdateDate>2021-11-10 00:00:00</vendorPriceUpdateDate>
  </part>
  <part>
    <partNumber>08212432</partNumber>
    <punctuatedPartNumber>0821-2432</punctuatedPartNumber>
    <partStatusDescription>DISCONTINUED</partStatusDescription>
    <partDescription>Seat Cover - Pyramid - Black - Suzuki</partDescription>
    <unitOfMeasure>Each</unitOfMeasure>
    <brandName>BLACKBIRD RACING</brandName>
    <supplierNumber>1325G</supplierNumber>
    <specialInstructions/>
    <baseDealerPrice>17.00</baseDealerPrice>
    <yourDealerPrice>17.00</yourDealerPrice>
    <baseRetailPrice>0.00</baseRetailPrice>
    <originalRetailPrice>49.95</originalRetailPrice>
    <partImage>http://asset.lemansnet.com/z/L0UvNy8xL0U3MUFDNEE0LTgxMTYtNEYyRC1BRkY2LUJEQzI0OENDOUZDMywvMC8xL0EvMDFBOEQyQjctRDIzMC00RkRELTgxNEUtQ0QyODgzRUYyMDNE</partImage>
    <productId>0317843487</productId>
    <productName>Pyramid Seat Cover</productName>
    <productImage>http://asset.lemansnet.com/z/LzkvNi8zLzk2MzhCMEVGLUNGQzItNDgwMS1CMkYyLUFFN0NGQjI0QTEwOQ==</productImage>
    <bullet1>New-generation anti-slip effect, made in material with excellent grip and a rubbery consistency that gives the rider perfect adherence to the seat in all conditions.</bullet1>
    <bullet2>Easy to apply, shaped parts specially studied to fit the shape of the seat</bullet2>
    <bullet3>Excellent wear resistance</bullet3>
    <bullet4/>
    <bullet5/>
    <bullet6/>
    <bullet7/>
    <bullet8/>
    <bullet9/>
    <bullet10/>
    <bullet11/>
    <bullet12/>
    <bullet13/>
    <bullet14/>
    <bullet15/>
    <bullet16/>
    <bullet17/>
    <bullet18/>
    <bullet19/>
    <bullet20/>
    <bullet21/>
    <bullet22/>
    <bullet23/>
    <bullet24/>
    <vendorPriceUpdateDate>2021-11-10 00:00:00</vendorPriceUpdateDate>
  </part>
  <part>
    <partNumber>08212460</partNumber>
    <punctuatedPartNumber>0821-2460</punctuatedPartNumber>
    <partStatusDescription>DISCONTINUED</partStatusDescription>
    <partDescription>Seat Cover - Pyramid - Black - SX</partDescription>
    <unitOfMeasure>Each</unitOfMeasure>
    <brandName>BLACKBIRD RACING</brandName>
    <supplierNumber>1515G</supplierNumber>
    <specialInstructions/>
    <baseDealerPrice>17.00</baseDealerPrice>
    <yourDealerPrice>17.00</yourDealerPrice>
    <baseRetailPrice>0.00</baseRetailPrice>
    <originalRetailPrice>49.95</originalRetailPrice>
    <partImage>http://asset.lemansnet.com/z/L0YvQy8zL0ZDMzc0RkEwLUZENTQtNDBFMC04MzI1LUY1NEM1MzJDMTIzQywvRS9ELzIvRUQyRjM0OTItNTgxRS00ODE0LTk4QTMtRTY1QjRCQ0YxRjcw</partImage>
    <productId>0317843487</productId>
    <productName>Pyramid Seat Cover</productName>
    <productImage>http://asset.lemansnet.com/z/LzkvNi8zLzk2MzhCMEVGLUNGQzItNDgwMS1CMkYyLUFFN0NGQjI0QTEwOQ==</productImage>
    <bullet1>New-generation anti-slip effect, made in material with excellent grip and a rubbery consistency that gives the rider perfect adherence to the seat in all conditions.</bullet1>
    <bullet2>Easy to apply, shaped parts specially studied to fit the shape of the seat</bullet2>
    <bullet3>Excellent wear resistance</bullet3>
    <bullet4/>
    <bullet5/>
    <bullet6/>
    <bullet7/>
    <bullet8/>
    <bullet9/>
    <bullet10/>
    <bullet11/>
    <bullet12/>
    <bullet13/>
    <bullet14/>
    <bullet15/>
    <bullet16/>
    <bullet17/>
    <bullet18/>
    <bullet19/>
    <bullet20/>
    <bullet21/>
    <bullet22/>
    <bullet23/>
    <bullet24/>
    <vendorPriceUpdateDate>2021-11-10 00:00:00</vendorPriceUpdateDate>
  </part>
  <part>
    <partNumber>08213020</partNumber>
    <punctuatedPartNumber>0821-3020</punctuatedPartNumber>
    <partStatusDescription>DISCONTINUED</partStatusDescription>
    <partDescription>Zebra Seat Cover - Black/Red - CRF</partDescription>
    <unitOfMeasure>Each</unitOfMeasure>
    <brandName>BLACKBIRD RACING</brandName>
    <supplierNumber>1147ZUS</supplierNumber>
    <specialInstructions/>
    <baseDealerPrice>20.30</baseDealerPrice>
    <yourDealerPrice>20.30</yourDealerPrice>
    <baseRetailPrice>0.00</baseRetailPrice>
    <originalRetailPrice>69.95</originalRetailPrice>
    <partImage>http://asset.lemansnet.com/z/LzUvMi81LzUyNUVDNTZCLTVGREQtNDREOS04QTRGLUJDMDEzNzMyOUMxMSwvRS83LzgvRTc4MUZEMUItRkI0RC00OTA3LUJDMTYtNEY0MTkzODQ5MEZG</partImage>
    <productId>0472590828</productId>
    <productName>Zebra Seat Cover</productName>
    <productImage>http://asset.lemansnet.com/z/LzcvQS8yLzdBMjRDMUJCLTQ1MUUtNDJGQy04OUZDLTA5NjZBMDVCMUM1Qg==</productImage>
    <bullet1>Excellent non-slip performance</bullet1>
    <bullet2>Excellent durability</bullet2>
    <bullet3/>
    <bullet4/>
    <bullet5/>
    <bullet6/>
    <bullet7/>
    <bullet8/>
    <bullet9/>
    <bullet10/>
    <bullet11/>
    <bullet12/>
    <bullet13/>
    <bullet14/>
    <bullet15/>
    <bullet16/>
    <bullet17/>
    <bullet18/>
    <bullet19/>
    <bullet20/>
    <bullet21/>
    <bullet22/>
    <bullet23/>
    <bullet24/>
    <vendorPriceUpdateDate>2021-11-10 00:00:00</vendorPriceUpdateDate>
  </part>
  <part>
    <partNumber>08213030</partNumber>
    <punctuatedPartNumber>0821-3030</punctuatedPartNumber>
    <partStatusDescription>DISCONTINUED</partStatusDescription>
    <partDescription>Double Grip 3 Seat Cover - Black/Yellow - Suzuki</partDescription>
    <unitOfMeasure>Each</unitOfMeasure>
    <brandName>BLACKBIRD RACING</brandName>
    <supplierNumber>1325HUS</supplierNumber>
    <specialInstructions/>
    <baseDealerPrice>20.30</baseDealerPrice>
    <yourDealerPrice>20.30</yourDealerPrice>
    <baseRetailPrice>0.00</baseRetailPrice>
    <originalRetailPrice>69.95</originalRetailPrice>
    <partImage>http://asset.lemansnet.com/z/LzUvMy8zLzUzMzhGQjAzLTRBN0QtNDY1NC04OTVFLTlGMTY3MDNFMDgzQywvRS84LzcvRTg3NTA1MTgtNTRDNy00NTQ3LUJFNjItRjA0NjA0NjlENTU2</partImage>
    <productId>0696876132</productId>
    <productName>Double Grip 3 Seat Cover</productName>
    <productImage>http://asset.lemansnet.com/z/LzcvNC9FLzc0RTQzMUYxLUY5MUEtNEI4RC1BMTI4LUJBMEUzNEU1RDQxQg==</productImage>
    <bullet1>Innovative strip system, and ultra-resistant, excellent grip materials.</bullet1>
    <bullet2>Raise strips specifically designed to allow riders to shift their weight directly onto the back wheel</bullet2>
    <bullet3>Shock resistant</bullet3>
    <bullet4/>
    <bullet5/>
    <bullet6/>
    <bullet7/>
    <bullet8/>
    <bullet9/>
    <bullet10/>
    <bullet11/>
    <bullet12/>
    <bullet13/>
    <bullet14/>
    <bullet15/>
    <bullet16/>
    <bullet17/>
    <bullet18/>
    <bullet19/>
    <bullet20/>
    <bullet21/>
    <bullet22/>
    <bullet23/>
    <bullet24/>
    <vendorPriceUpdateDate>2021-11-10 00:00:00</vendorPriceUpdateDate>
  </part>
  <part>
    <partNumber>08212409</partNumber>
    <punctuatedPartNumber>0821-2409</punctuatedPartNumber>
    <partStatusDescription>DISCONTINUED</partStatusDescription>
    <partDescription>Seat Cover - Pyramid - Blue - Yamaha</partDescription>
    <unitOfMeasure>Each</unitOfMeasure>
    <brandName>BLACKBIRD RACING</brandName>
    <supplierNumber>1231G/01</supplierNumber>
    <specialInstructions/>
    <baseDealerPrice>17.00</baseDealerPrice>
    <yourDealerPrice>17.00</yourDealerPrice>
    <baseRetailPrice>0.00</baseRetailPrice>
    <originalRetailPrice>69.95</originalRetailPrice>
    <partImage>http://asset.lemansnet.com/z/LzcvQS9FLzdBRTA2RjJBLTRCMjEtNDRDNS05M0ExLTM5OTAzRjA5QTZERCwvNC9GLzQvNEY0MEEwMUMtQTc1Ny00MDQ1LTlGQzMtMjhCOUM4Q0M0NzE3</partImage>
    <productId>0317843487</productId>
    <productName>Pyramid Seat Cover</productName>
    <productImage>http://asset.lemansnet.com/z/LzkvNi8zLzk2MzhCMEVGLUNGQzItNDgwMS1CMkYyLUFFN0NGQjI0QTEwOQ==</productImage>
    <bullet1>New-generation anti-slip effect, made in material with excellent grip and a rubbery consistency that gives the rider perfect adherence to the seat in all conditions.</bullet1>
    <bullet2>Easy to apply, shaped parts specially studied to fit the shape of the seat</bullet2>
    <bullet3>Excellent wear resistance</bullet3>
    <bullet4/>
    <bullet5/>
    <bullet6/>
    <bullet7/>
    <bullet8/>
    <bullet9/>
    <bullet10/>
    <bullet11/>
    <bullet12/>
    <bullet13/>
    <bullet14/>
    <bullet15/>
    <bullet16/>
    <bullet17/>
    <bullet18/>
    <bullet19/>
    <bullet20/>
    <bullet21/>
    <bullet22/>
    <bullet23/>
    <bullet24/>
    <vendorPriceUpdateDate>2021-11-10 00:00:00</vendorPriceUpdateDate>
  </part>
</root>
