<root>
  <part>
    <partNumber>03190158</partNumber>
    <punctuatedPartNumber>0319-0158</punctuatedPartNumber>
    <partStatusDescription>STANDARD</partStatusDescription>
    <partDescription>Tire - Load Boss KT306 - Front/Rear - 25x8-12 - 6 Ply</partDescription>
    <unitOfMeasure>Each</unitOfMeasure>
    <brandName>VISION WHEEL</brandName>
    <supplierNumber>W393258126</supplierNumber>
    <specialInstructions/>
    <baseDealerPrice>106.60</baseDealerPrice>
    <yourDealerPrice>102.34</yourDealerPrice>
    <baseRetailPrice>152.95</baseRetailPrice>
    <originalRetailPrice>152.95</originalRetailPrice>
    <partImage>http://asset.lemansnet.com/z/LzAvRi84LzBGODJCRkU5LTg3ODYtNDYyMi04REUzLTlDOUNFQTc2QTNDQw==</partImage>
    <productId>1264240419</productId>
    <productName>Load Boss KT306 Tire</productName>
    <productImage>http://asset.lemansnet.com/z/LzAvRi84LzBGODJCRkU5LTg3ODYtNDYyMi04REUzLTlDOUNFQTc2QTNDQw==</productImage>
    <bullet1>Turf-friendly tread design is also suitable for golf courses</bullet1>
    <bullet2>Ideal for race tracks, factory floors and campgrounds</bullet2>
    <bullet3>Made to hold up to use on hard surfaces</bullet3>
    <bullet4/>
    <bullet5/>
    <bullet6/>
    <bullet7/>
    <bullet8/>
    <bullet9/>
    <bullet10/>
    <bullet11/>
    <bullet12/>
    <bullet13/>
    <bullet14/>
    <bullet15/>
    <bullet16/>
    <bullet17/>
    <bullet18/>
    <bullet19/>
    <bullet20/>
    <bullet21/>
    <bullet22/>
    <bullet23/>
    <bullet24/>
    <vendorPriceUpdateDate>2022-03-04 00:00:00</vendorPriceUpdateDate>
  </part>
  <part>
    <partNumber>03190159</partNumber>
    <punctuatedPartNumber>0319-0159</punctuatedPartNumber>
    <partStatusDescription>STANDARD</partStatusDescription>
    <partDescription>Tire - Load Boss KT306 - Front/Rear - 25x10-12 - 6 Ply</partDescription>
    <unitOfMeasure>Each</unitOfMeasure>
    <brandName>VISION WHEEL</brandName>
    <supplierNumber>W3932510126</supplierNumber>
    <specialInstructions/>
    <baseDealerPrice>135.20</baseDealerPrice>
    <yourDealerPrice>129.79</yourDealerPrice>
    <baseRetailPrice>193.95</baseRetailPrice>
    <originalRetailPrice>193.95</originalRetailPrice>
    <partImage>http://asset.lemansnet.com/z/LzAvRi84LzBGODJCRkU5LTg3ODYtNDYyMi04REUzLTlDOUNFQTc2QTNDQw==</partImage>
    <productId>1264240419</productId>
    <productName>Load Boss KT306 Tire</productName>
    <productImage>http://asset.lemansnet.com/z/LzAvRi84LzBGODJCRkU5LTg3ODYtNDYyMi04REUzLTlDOUNFQTc2QTNDQw==</productImage>
    <bullet1>Turf-friendly tread design is also suitable for golf courses</bullet1>
    <bullet2>Ideal for race tracks, factory floors and campgrounds</bullet2>
    <bullet3>Made to hold up to use on hard surfaces</bullet3>
    <bullet4/>
    <bullet5/>
    <bullet6/>
    <bullet7/>
    <bullet8/>
    <bullet9/>
    <bullet10/>
    <bullet11/>
    <bullet12/>
    <bullet13/>
    <bullet14/>
    <bullet15/>
    <bullet16/>
    <bullet17/>
    <bullet18/>
    <bullet19/>
    <bullet20/>
    <bullet21/>
    <bullet22/>
    <bullet23/>
    <bullet24/>
    <vendorPriceUpdateDate>2022-11-01 00:00:00</vendorPriceUpdateDate>
  </part>
  <part>
    <partNumber>03190248</partNumber>
    <punctuatedPartNumber>0319-0248</punctuatedPartNumber>
    <partStatusDescription>STANDARD</partStatusDescription>
    <partDescription>Tire - VX Golf - Front/Rear - 21x10.5-12 - 6 Ply</partDescription>
    <unitOfMeasure>Each</unitOfMeasure>
    <brandName>VISION WHEEL</brandName>
    <supplierNumber>W8039211050126</supplierNumber>
    <specialInstructions/>
    <baseDealerPrice>101.80</baseDealerPrice>
    <yourDealerPrice>97.73</yourDealerPrice>
    <baseRetailPrice>145.95</baseRetailPrice>
    <originalRetailPrice>145.95</originalRetailPrice>
    <partImage>http://asset.lemansnet.com/z/L0QvNC84L0Q0ODREN0ZGLTI5NTctNDVEQi1CNUFDLThFOEI2RjAzMTNDOQ==</partImage>
    <productId>0797874821</productId>
    <productName>VX Golf Tire</productName>
    <productImage>http://asset.lemansnet.com/z/L0QvNC84L0Q0ODREN0ZGLTI5NTctNDVEQi1CNUFDLThFOEI2RjAzMTNDOQ==</productImage>
    <bullet1>The X-Tread pattern is designed for grass, dirt and hard pack</bullet1>
    <bullet2>6-ply construction for superior puncture resistance</bullet2>
    <bullet3/>
    <bullet4/>
    <bullet5/>
    <bullet6/>
    <bullet7/>
    <bullet8/>
    <bullet9/>
    <bullet10/>
    <bullet11/>
    <bullet12/>
    <bullet13/>
    <bullet14/>
    <bullet15/>
    <bullet16/>
    <bullet17/>
    <bullet18/>
    <bullet19/>
    <bullet20/>
    <bullet21/>
    <bullet22/>
    <bullet23/>
    <bullet24/>
    <vendorPriceUpdateDate>2022-03-04 00:00:00</vendorPriceUpdateDate>
  </part>
  <part>
    <partNumber>03190249</partNumber>
    <punctuatedPartNumber>0319-0249</punctuatedPartNumber>
    <partStatusDescription>STANDARD</partStatusDescription>
    <partDescription>Tire - VX Golf - Front/Rear - 23x10.5-12 - 6 Ply</partDescription>
    <unitOfMeasure>Each</unitOfMeasure>
    <brandName>VISION WHEEL</brandName>
    <supplierNumber>W8039231050126</supplierNumber>
    <specialInstructions/>
    <baseDealerPrice>112.20</baseDealerPrice>
    <yourDealerPrice>107.71</yourDealerPrice>
    <baseRetailPrice>161.95</baseRetailPrice>
    <originalRetailPrice>161.95</originalRetailPrice>
    <partImage>http://asset.lemansnet.com/z/L0QvNC84L0Q0ODREN0ZGLTI5NTctNDVEQi1CNUFDLThFOEI2RjAzMTNDOQ==</partImage>
    <productId>0797874821</productId>
    <productName>VX Golf Tire</productName>
    <productImage>http://asset.lemansnet.com/z/L0QvNC84L0Q0ODREN0ZGLTI5NTctNDVEQi1CNUFDLThFOEI2RjAzMTNDOQ==</productImage>
    <bullet1>The X-Tread pattern is designed for grass, dirt and hard pack</bullet1>
    <bullet2>6-ply construction for superior puncture resistance</bullet2>
    <bullet3/>
    <bullet4/>
    <bullet5/>
    <bullet6/>
    <bullet7/>
    <bullet8/>
    <bullet9/>
    <bullet10/>
    <bullet11/>
    <bullet12/>
    <bullet13/>
    <bullet14/>
    <bullet15/>
    <bullet16/>
    <bullet17/>
    <bullet18/>
    <bullet19/>
    <bullet20/>
    <bullet21/>
    <bullet22/>
    <bullet23/>
    <bullet24/>
    <vendorPriceUpdateDate>2022-11-01 00:00:00</vendorPriceUpdateDate>
  </part>
  <part>
    <partNumber>03190250</partNumber>
    <punctuatedPartNumber>0319-0250</punctuatedPartNumber>
    <partStatusDescription>STANDARD</partStatusDescription>
    <partDescription>Tire - VX Golf - Front/Rear - 215/35-12 | 18x8-12 - 6 Ply</partDescription>
    <unitOfMeasure>Each</unitOfMeasure>
    <brandName>VISION WHEEL</brandName>
    <supplierNumber>W8039A21535124</supplierNumber>
    <specialInstructions/>
    <baseDealerPrice>66.00</baseDealerPrice>
    <yourDealerPrice>63.36</yourDealerPrice>
    <baseRetailPrice>94.95</baseRetailPrice>
    <originalRetailPrice>94.95</originalRetailPrice>
    <partImage>http://asset.lemansnet.com/z/L0QvNC84L0Q0ODREN0ZGLTI5NTctNDVEQi1CNUFDLThFOEI2RjAzMTNDOQ==</partImage>
    <productId>0797874821</productId>
    <productName>VX Golf Tire</productName>
    <productImage>http://asset.lemansnet.com/z/L0QvNC84L0Q0ODREN0ZGLTI5NTctNDVEQi1CNUFDLThFOEI2RjAzMTNDOQ==</productImage>
    <bullet1>The X-Tread pattern is designed for grass, dirt and hard pack</bullet1>
    <bullet2>6-ply construction for superior puncture resistance</bullet2>
    <bullet3/>
    <bullet4/>
    <bullet5/>
    <bullet6/>
    <bullet7/>
    <bullet8/>
    <bullet9/>
    <bullet10/>
    <bullet11/>
    <bullet12/>
    <bullet13/>
    <bullet14/>
    <bullet15/>
    <bullet16/>
    <bullet17/>
    <bullet18/>
    <bullet19/>
    <bullet20/>
    <bullet21/>
    <bullet22/>
    <bullet23/>
    <bullet24/>
    <vendorPriceUpdateDate>2022-11-07 00:00:00</vendorPriceUpdateDate>
  </part>
  <part>
    <partNumber>03200300</partNumber>
    <punctuatedPartNumber>0320-0300</punctuatedPartNumber>
    <partStatusDescription>STANDARD</partStatusDescription>
    <partDescription>Tire - Trailfinder - Front/Rear - 26x12R14 - 6 Ply</partDescription>
    <unitOfMeasure>Each</unitOfMeasure>
    <brandName>VISION WHEEL</brandName>
    <supplierNumber>W18052612146</supplierNumber>
    <specialInstructions/>
    <baseDealerPrice>144.67</baseDealerPrice>
    <yourDealerPrice>138.88</yourDealerPrice>
    <baseRetailPrice>243.95</baseRetailPrice>
    <originalRetailPrice>243.95</originalRetailPrice>
    <partImage>http://asset.lemansnet.com/z/L0YvMS81L0YxNUU3QkU3LUY3MzgtNDY5QS05ODFFLTUyNTJBQTE4MEM1QiwvNi85LzQvNjk0MTgxN0QtRDE0NS00N0M0LUI4REMtRDZDMTFGNzE1M0Y4</partImage>
    <productId>1066649135</productId>
    <productName>Trailfinder Tire</productName>
    <productImage>http://asset.lemansnet.com/z/L0YvMS81L0YxNUU3QkU3LUY3MzgtNDY5QS05ODFFLTUyNTJBQTE4MEM1Qg==</productImage>
    <bullet1>Designed with a flatter tread area to give more contact area with the ground than a standard ATV/UTV tire design</bullet1>
    <bullet2>Reduction in sidewall for improved handling at higher speeds and in hard cornering</bullet2>
    <bullet3>Meets or exceeds OEM requirements for tread wear and shock deflection</bullet3>
    <bullet4>Lightweight, 6-ply radial construction</bullet4>
    <bullet5/>
    <bullet6/>
    <bullet7/>
    <bullet8/>
    <bullet9/>
    <bullet10/>
    <bullet11/>
    <bullet12/>
    <bullet13/>
    <bullet14/>
    <bullet15/>
    <bullet16/>
    <bullet17/>
    <bullet18/>
    <bullet19/>
    <bullet20/>
    <bullet21/>
    <bullet22/>
    <bullet23/>
    <bullet24/>
    <vendorPriceUpdateDate>2022-03-04 00:00:00</vendorPriceUpdateDate>
  </part>
  <part>
    <partNumber>03200511</partNumber>
    <punctuatedPartNumber>0320-0511</punctuatedPartNumber>
    <partStatusDescription>STANDARD</partStatusDescription>
    <partDescription>Tire - Duo Trax - Front/Rear - 26x11R14</partDescription>
    <unitOfMeasure>Each</unitOfMeasure>
    <brandName>VISION WHEEL</brandName>
    <supplierNumber>W3962611146</supplierNumber>
    <specialInstructions/>
    <baseDealerPrice>173.40</baseDealerPrice>
    <yourDealerPrice>166.46</yourDealerPrice>
    <baseRetailPrice>248.95</baseRetailPrice>
    <originalRetailPrice>248.95</originalRetailPrice>
    <partImage>http://asset.lemansnet.com/z/L0YvOC9DL0Y4Q0VGRkQ0LUU4QTctNERFMS05REE1LTc3RDQ1RUQ4MzAzOA==</partImage>
    <productId>0213230224</productId>
    <productName>Duo Trax Tire</productName>
    <productImage>http://asset.lemansnet.com/z/LzUvMi83LzUyN0NFOEZELTUwREUtNDlGNC04ODNGLTREMTAzNzFFNjZCQg==</productImage>
    <bullet1>Radial design of the all-terrain 6-ply tire ensures a smooth ride and increased handling stability at high speeds and on hard cornering</bullet1>
    <bullet2>Unique asymmetrical tread design for superb performance in mud, hardpack and snow</bullet2>
    <bullet3>Load rating 760 lb</bullet3>
    <bullet4>Meets the needs of all ATVs and UTVs.</bullet4>
    <bullet5/>
    <bullet6/>
    <bullet7/>
    <bullet8/>
    <bullet9/>
    <bullet10/>
    <bullet11/>
    <bullet12/>
    <bullet13/>
    <bullet14/>
    <bullet15/>
    <bullet16/>
    <bullet17/>
    <bullet18/>
    <bullet19/>
    <bullet20/>
    <bullet21/>
    <bullet22/>
    <bullet23/>
    <bullet24/>
    <vendorPriceUpdateDate>2022-03-04 00:00:00</vendorPriceUpdateDate>
  </part>
  <part>
    <partNumber>03200954</partNumber>
    <punctuatedPartNumber>0320-0954</punctuatedPartNumber>
    <partStatusDescription>STANDARD</partStatusDescription>
    <partDescription>Tire - Journey - Front/Rear - 28x10R15 - 8 Ply</partDescription>
    <unitOfMeasure>Each</unitOfMeasure>
    <brandName>VISION WHEEL</brandName>
    <supplierNumber>W30572810158R</supplierNumber>
    <specialInstructions/>
    <baseDealerPrice>171.96</baseDealerPrice>
    <yourDealerPrice>165.08</yourDealerPrice>
    <baseRetailPrice>288.95</baseRetailPrice>
    <originalRetailPrice>288.95</originalRetailPrice>
    <partImage>http://asset.lemansnet.com/z/LzEvNC9GLzE0RkU4OUY5LTYyMEItNEI4Ni04NDE3LUE2NjEwQkU1RjM4QQ==</partImage>
    <productId>1139747779</productId>
    <productName>Journey Tire</productName>
    <productImage>http://asset.lemansnet.com/z/LzEvNC9GLzE0RkU4OUY5LTYyMEItNEI4Ni04NDE3LUE2NjEwQkU1RjM4QQ==</productImage>
    <bullet1>High land ratio at the tread center effectively enhances steering and performance on straightaway</bullet1>
    <bullet2>Flatter profile offers wide ground contact and enhances cornering traction</bullet2>
    <bullet3>Radial construction offers better ride and stability</bullet3>
    <bullet4/>
    <bullet5/>
    <bullet6/>
    <bullet7/>
    <bullet8/>
    <bullet9/>
    <bullet10/>
    <bullet11/>
    <bullet12/>
    <bullet13/>
    <bullet14/>
    <bullet15/>
    <bullet16/>
    <bullet17/>
    <bullet18/>
    <bullet19/>
    <bullet20/>
    <bullet21/>
    <bullet22/>
    <bullet23/>
    <bullet24/>
    <vendorPriceUpdateDate>2022-03-04 00:00:00</vendorPriceUpdateDate>
  </part>
  <part>
    <partNumber>03200955</partNumber>
    <punctuatedPartNumber>0320-0955</punctuatedPartNumber>
    <partStatusDescription>STANDARD</partStatusDescription>
    <partDescription>Tire - Journey - Front/Rear - 30x10R15 - 8 Ply</partDescription>
    <unitOfMeasure>Each</unitOfMeasure>
    <brandName>VISION WHEEL</brandName>
    <supplierNumber>W30573010158R</supplierNumber>
    <specialInstructions/>
    <baseDealerPrice>217.60</baseDealerPrice>
    <yourDealerPrice>208.90</yourDealerPrice>
    <baseRetailPrice>311.95</baseRetailPrice>
    <originalRetailPrice>311.95</originalRetailPrice>
    <partImage>http://asset.lemansnet.com/z/LzEvNC9GLzE0RkU4OUY5LTYyMEItNEI4Ni04NDE3LUE2NjEwQkU1RjM4QQ==</partImage>
    <productId>1139747779</productId>
    <productName>Journey Tire</productName>
    <productImage>http://asset.lemansnet.com/z/LzEvNC9GLzE0RkU4OUY5LTYyMEItNEI4Ni04NDE3LUE2NjEwQkU1RjM4QQ==</productImage>
    <bullet1>High land ratio at the tread center effectively enhances steering and performance on straightaway</bullet1>
    <bullet2>Flatter profile offers wide ground contact and enhances cornering traction</bullet2>
    <bullet3>Radial construction offers better ride and stability</bullet3>
    <bullet4/>
    <bullet5/>
    <bullet6/>
    <bullet7/>
    <bullet8/>
    <bullet9/>
    <bullet10/>
    <bullet11/>
    <bullet12/>
    <bullet13/>
    <bullet14/>
    <bullet15/>
    <bullet16/>
    <bullet17/>
    <bullet18/>
    <bullet19/>
    <bullet20/>
    <bullet21/>
    <bullet22/>
    <bullet23/>
    <bullet24/>
    <vendorPriceUpdateDate>2022-03-04 00:00:00</vendorPriceUpdateDate>
  </part>
  <part>
    <partNumber>03200446</partNumber>
    <punctuatedPartNumber>0320-0446</punctuatedPartNumber>
    <partStatusDescription>STANDARD</partStatusDescription>
    <partDescription>Tire - Duo Trax - Front/Rear - 26x9R12 - 6 Ply</partDescription>
    <unitOfMeasure>Each</unitOfMeasure>
    <brandName>VISION WHEEL</brandName>
    <supplierNumber>W396269126</supplierNumber>
    <specialInstructions/>
    <baseDealerPrice>140.20</baseDealerPrice>
    <yourDealerPrice>134.59</yourDealerPrice>
    <baseRetailPrice>201.95</baseRetailPrice>
    <originalRetailPrice>201.95</originalRetailPrice>
    <partImage>http://asset.lemansnet.com/z/LzUvMi83LzUyN0NFOEZELTUwREUtNDlGNC04ODNGLTREMTAzNzFFNjZCQg==</partImage>
    <productId>0213230224</productId>
    <productName>Duo Trax Tire</productName>
    <productImage>http://asset.lemansnet.com/z/LzUvMi83LzUyN0NFOEZELTUwREUtNDlGNC04ODNGLTREMTAzNzFFNjZCQg==</productImage>
    <bullet1>Radial design of the all-terrain 6-ply tire ensures a smooth ride and increased handling stability at high speeds and on hard cornering</bullet1>
    <bullet2>Unique asymmetrical tread design for superb performance in mud, hardpack and snow</bullet2>
    <bullet3>Load rating 760 lb</bullet3>
    <bullet4>Meets the needs of all ATVs and UTVs.</bullet4>
    <bullet5/>
    <bullet6/>
    <bullet7/>
    <bullet8/>
    <bullet9/>
    <bullet10/>
    <bullet11/>
    <bullet12/>
    <bullet13/>
    <bullet14/>
    <bullet15/>
    <bullet16/>
    <bullet17/>
    <bullet18/>
    <bullet19/>
    <bullet20/>
    <bullet21/>
    <bullet22/>
    <bullet23/>
    <bullet24/>
    <vendorPriceUpdateDate>2022-03-04 00:00:00</vendorPriceUpdateDate>
  </part>
  <part>
    <partNumber>03200447</partNumber>
    <punctuatedPartNumber>0320-0447</punctuatedPartNumber>
    <partStatusDescription>STANDARD</partStatusDescription>
    <partDescription>Tire - Duo Trax - Front/Rear - 26x11R12 - 6 Ply</partDescription>
    <unitOfMeasure>Each</unitOfMeasure>
    <brandName>VISION WHEEL</brandName>
    <supplierNumber>W3962611126</supplierNumber>
    <specialInstructions/>
    <baseDealerPrice>170.70</baseDealerPrice>
    <yourDealerPrice>163.87</yourDealerPrice>
    <baseRetailPrice>244.95</baseRetailPrice>
    <originalRetailPrice>244.95</originalRetailPrice>
    <partImage>http://asset.lemansnet.com/z/L0YvOC9DL0Y4Q0VGRkQ0LUU4QTctNERFMS05REE1LTc3RDQ1RUQ4MzAzOA==</partImage>
    <productId>0213230224</productId>
    <productName>Duo Trax Tire</productName>
    <productImage>http://asset.lemansnet.com/z/LzUvMi83LzUyN0NFOEZELTUwREUtNDlGNC04ODNGLTREMTAzNzFFNjZCQg==</productImage>
    <bullet1>Radial design of the all-terrain 6-ply tire ensures a smooth ride and increased handling stability at high speeds and on hard cornering</bullet1>
    <bullet2>Unique asymmetrical tread design for superb performance in mud, hardpack and snow</bullet2>
    <bullet3>Load rating 760 lb</bullet3>
    <bullet4>Meets the needs of all ATVs and UTVs.</bullet4>
    <bullet5/>
    <bullet6/>
    <bullet7/>
    <bullet8/>
    <bullet9/>
    <bullet10/>
    <bullet11/>
    <bullet12/>
    <bullet13/>
    <bullet14/>
    <bullet15/>
    <bullet16/>
    <bullet17/>
    <bullet18/>
    <bullet19/>
    <bullet20/>
    <bullet21/>
    <bullet22/>
    <bullet23/>
    <bullet24/>
    <vendorPriceUpdateDate>2022-03-04 00:00:00</vendorPriceUpdateDate>
  </part>
  <part>
    <partNumber>03200510</partNumber>
    <punctuatedPartNumber>0320-0510</punctuatedPartNumber>
    <partStatusDescription>STANDARD</partStatusDescription>
    <partDescription>Tire - Duo Trax - Front/Rear - 26x9R14</partDescription>
    <unitOfMeasure>Each</unitOfMeasure>
    <brandName>VISION WHEEL</brandName>
    <supplierNumber>W396269146</supplierNumber>
    <specialInstructions/>
    <baseDealerPrice>120.70</baseDealerPrice>
    <yourDealerPrice>115.87</yourDealerPrice>
    <baseRetailPrice>203.95</baseRetailPrice>
    <originalRetailPrice>203.95</originalRetailPrice>
    <partImage>http://asset.lemansnet.com/z/LzUvMi83LzUyN0NFOEZELTUwREUtNDlGNC04ODNGLTREMTAzNzFFNjZCQg==</partImage>
    <productId>0213230224</productId>
    <productName>Duo Trax Tire</productName>
    <productImage>http://asset.lemansnet.com/z/LzUvMi83LzUyN0NFOEZELTUwREUtNDlGNC04ODNGLTREMTAzNzFFNjZCQg==</productImage>
    <bullet1>Radial design of the all-terrain 6-ply tire ensures a smooth ride and increased handling stability at high speeds and on hard cornering</bullet1>
    <bullet2>Unique asymmetrical tread design for superb performance in mud, hardpack and snow</bullet2>
    <bullet3>Load rating 760 lb</bullet3>
    <bullet4>Meets the needs of all ATVs and UTVs.</bullet4>
    <bullet5/>
    <bullet6/>
    <bullet7/>
    <bullet8/>
    <bullet9/>
    <bullet10/>
    <bullet11/>
    <bullet12/>
    <bullet13/>
    <bullet14/>
    <bullet15/>
    <bullet16/>
    <bullet17/>
    <bullet18/>
    <bullet19/>
    <bullet20/>
    <bullet21/>
    <bullet22/>
    <bullet23/>
    <bullet24/>
    <vendorPriceUpdateDate>2022-03-04 00:00:00</vendorPriceUpdateDate>
  </part>
  <part>
    <partNumber>03220081</partNumber>
    <punctuatedPartNumber>0322-0081</punctuatedPartNumber>
    <partStatusDescription>STANDARD</partStatusDescription>
    <partDescription>Tire - Heat - Front - 29x10-14 - 6 Ply</partDescription>
    <unitOfMeasure>Each</unitOfMeasure>
    <brandName>VISION WHEEL</brandName>
    <supplierNumber>WVW30372910146</supplierNumber>
    <specialInstructions>Discontinued Per Buyer</specialInstructions>
    <baseDealerPrice>117.30</baseDealerPrice>
    <yourDealerPrice>112.61</yourDealerPrice>
    <baseRetailPrice>167.95</baseRetailPrice>
    <originalRetailPrice>197.95</originalRetailPrice>
    <partImage>http://asset.lemansnet.com/z/bWVkaWEvN2E5MGI2YzktNzJjYi00NjA0LWIyNTAtOWM4YTg2Yzg2ODM4LC8zL0IvNS8zQjUyRTU4My03RDIyLTRFNkItQTBBOS04NjI0NzA1RjZGOTg=</partImage>
    <productId>1109353133</productId>
    <productName>Heat Tire</productName>
    <productImage>http://asset.lemansnet.com/z/L0UvRi9FL0VGRTM5MjFBLTE2ODQtNDhCMS04RTM4LTE2NkRFNDcxOTgxNA==</productImage>
    <bullet1>Tire design can handle high torque, high speed turns</bullet1>
    <bullet2>Built to handle a hard day of play in the sand</bullet2>
    <bullet3>6-ply construction for superior strength</bullet3>
    <bullet4/>
    <bullet5/>
    <bullet6/>
    <bullet7/>
    <bullet8/>
    <bullet9/>
    <bullet10/>
    <bullet11/>
    <bullet12/>
    <bullet13/>
    <bullet14/>
    <bullet15/>
    <bullet16/>
    <bullet17/>
    <bullet18/>
    <bullet19/>
    <bullet20/>
    <bullet21/>
    <bullet22/>
    <bullet23/>
    <bullet24/>
    <vendorPriceUpdateDate>2021-03-08 00:00:00</vendorPriceUpdateDate>
  </part>
</root>
