<root>
  <part>
    <partNumber>12500610</partNumber>
    <punctuatedPartNumber>1250-0610</punctuatedPartNumber>
    <partStatusDescription>STANDARD</partStatusDescription>
    <partDescription>AMA Traction Screws - #8 - 18 x 3/8 - 250 Pack</partDescription>
    <unitOfMeasure>250 Pack</unitOfMeasure>
    <brandName>KOLD KUTTER</brandName>
    <supplierNumber>KK038-8-250</supplierNumber>
    <specialInstructions/>
    <baseDealerPrice>19.26</baseDealerPrice>
    <yourDealerPrice>19.26</yourDealerPrice>
    <baseRetailPrice>31.57</baseRetailPrice>
    <originalRetailPrice>31.57</originalRetailPrice>
    <partImage>http://asset.lemansnet.com/z/LzMvMy85LzMzOTBGMzFGLTc0MDItNDI1OS04NTFFLUQ0M0U1REMzQTE0RA==</partImage>
    <productId>1201529291</productId>
    <productName>AMA Race Legal Traction Screws</productName>
    <productImage>http://asset.lemansnet.com/z/LzgvMS9BLzgxQUZCOTY4LUVFMDItNDgyMy1BRUY5LTYyQUVERTY0RDJDQQ==</productImage>
    <bullet1>Kold Kutter screws help you get a grip when you need it most</bullet1>
    <bullet2>Increase Rockwell hardness</bullet2>
    <bullet3>AMA Race screws have a head height of .190”</bullet3>
    <bullet4>Strong head edge</bullet4>
    <bullet5/>
    <bullet6/>
    <bullet7/>
    <bullet8/>
    <bullet9/>
    <bullet10/>
    <bullet11/>
    <bullet12/>
    <bullet13/>
    <bullet14/>
    <bullet15/>
    <bullet16/>
    <bullet17/>
    <bullet18/>
    <bullet19/>
    <bullet20/>
    <bullet21/>
    <bullet22/>
    <bullet23/>
    <bullet24/>
    <vendorPriceUpdateDate>2023-04-22 00:00:00</vendorPriceUpdateDate>
  </part>
  <part>
    <partNumber>12500611</partNumber>
    <punctuatedPartNumber>1250-0611</punctuatedPartNumber>
    <partStatusDescription>STANDARD</partStatusDescription>
    <partDescription>AMA Traction Screws - #8 - 18 x 1/2 - 250 Pack</partDescription>
    <unitOfMeasure>250 Pack</unitOfMeasure>
    <brandName>KOLD KUTTER</brandName>
    <supplierNumber>KK012-8-250</supplierNumber>
    <specialInstructions/>
    <baseDealerPrice>20.56</baseDealerPrice>
    <yourDealerPrice>20.56</yourDealerPrice>
    <baseRetailPrice>33.70</baseRetailPrice>
    <originalRetailPrice>33.70</originalRetailPrice>
    <partImage>http://asset.lemansnet.com/z/L0UvOS82L0U5NjRGQ0E3LUU5ODMtNEU5Ny1COUMxLTAyNERCQTE0Q0ExOQ==</partImage>
    <productId>1201529291</productId>
    <productName>AMA Race Legal Traction Screws</productName>
    <productImage>http://asset.lemansnet.com/z/LzgvMS9BLzgxQUZCOTY4LUVFMDItNDgyMy1BRUY5LTYyQUVERTY0RDJDQQ==</productImage>
    <bullet1>Kold Kutter screws help you get a grip when you need it most</bullet1>
    <bullet2>Increase Rockwell hardness</bullet2>
    <bullet3>AMA Race screws have a head height of .190”</bullet3>
    <bullet4>Strong head edge</bullet4>
    <bullet5/>
    <bullet6/>
    <bullet7/>
    <bullet8/>
    <bullet9/>
    <bullet10/>
    <bullet11/>
    <bullet12/>
    <bullet13/>
    <bullet14/>
    <bullet15/>
    <bullet16/>
    <bullet17/>
    <bullet18/>
    <bullet19/>
    <bullet20/>
    <bullet21/>
    <bullet22/>
    <bullet23/>
    <bullet24/>
    <vendorPriceUpdateDate>2023-04-22 00:00:00</vendorPriceUpdateDate>
  </part>
  <part>
    <partNumber>12500615</partNumber>
    <punctuatedPartNumber>1250-0615</punctuatedPartNumber>
    <partStatusDescription>STANDARD</partStatusDescription>
    <partDescription>AMA Traction Screws - #10 - 24 x 1 - 250 Pack</partDescription>
    <unitOfMeasure>250 Pack</unitOfMeasure>
    <brandName>KOLD KUTTER</brandName>
    <supplierNumber>KK100-10-250</supplierNumber>
    <specialInstructions/>
    <baseDealerPrice>30.31</baseDealerPrice>
    <yourDealerPrice>30.31</yourDealerPrice>
    <baseRetailPrice>47.36</baseRetailPrice>
    <originalRetailPrice>47.36</originalRetailPrice>
    <partImage>http://asset.lemansnet.com/z/LzgvMS9BLzgxQUZCOTY4LUVFMDItNDgyMy1BRUY5LTYyQUVERTY0RDJDQQ==</partImage>
    <productId>1201529291</productId>
    <productName>AMA Race Legal Traction Screws</productName>
    <productImage>http://asset.lemansnet.com/z/LzgvMS9BLzgxQUZCOTY4LUVFMDItNDgyMy1BRUY5LTYyQUVERTY0RDJDQQ==</productImage>
    <bullet1>Kold Kutter screws help you get a grip when you need it most</bullet1>
    <bullet2>Increase Rockwell hardness</bullet2>
    <bullet3>AMA Race screws have a head height of .190”</bullet3>
    <bullet4>Strong head edge</bullet4>
    <bullet5/>
    <bullet6/>
    <bullet7/>
    <bullet8/>
    <bullet9/>
    <bullet10/>
    <bullet11/>
    <bullet12/>
    <bullet13/>
    <bullet14/>
    <bullet15/>
    <bullet16/>
    <bullet17/>
    <bullet18/>
    <bullet19/>
    <bullet20/>
    <bullet21/>
    <bullet22/>
    <bullet23/>
    <bullet24/>
    <vendorPriceUpdateDate>2023-04-22 00:00:00</vendorPriceUpdateDate>
  </part>
  <part>
    <partNumber>12500620</partNumber>
    <punctuatedPartNumber>1250-0620</punctuatedPartNumber>
    <partStatusDescription>STANDARD</partStatusDescription>
    <partDescription>AMA Traction Screws - #8 - 18 x 1/2 - 1,000 Pack</partDescription>
    <unitOfMeasure>1000 Pack</unitOfMeasure>
    <brandName>KOLD KUTTER</brandName>
    <supplierNumber>KK012-8-1000</supplierNumber>
    <specialInstructions/>
    <baseDealerPrice>74.95</baseDealerPrice>
    <yourDealerPrice>74.95</yourDealerPrice>
    <baseRetailPrice>122.28</baseRetailPrice>
    <originalRetailPrice>122.28</originalRetailPrice>
    <partImage>http://asset.lemansnet.com/z/L0YvOC81L0Y4NTRBRTBDLUY1MDgtNEJEMC1BMkQ4LTdEQTMxMEIxNEZDOA==</partImage>
    <productId>1201529291</productId>
    <productName>AMA Race Legal Traction Screws</productName>
    <productImage>http://asset.lemansnet.com/z/LzgvMS9BLzgxQUZCOTY4LUVFMDItNDgyMy1BRUY5LTYyQUVERTY0RDJDQQ==</productImage>
    <bullet1>Kold Kutter screws help you get a grip when you need it most</bullet1>
    <bullet2>Increase Rockwell hardness</bullet2>
    <bullet3>AMA Race screws have a head height of .190”</bullet3>
    <bullet4>Strong head edge</bullet4>
    <bullet5/>
    <bullet6/>
    <bullet7/>
    <bullet8/>
    <bullet9/>
    <bullet10/>
    <bullet11/>
    <bullet12/>
    <bullet13/>
    <bullet14/>
    <bullet15/>
    <bullet16/>
    <bullet17/>
    <bullet18/>
    <bullet19/>
    <bullet20/>
    <bullet21/>
    <bullet22/>
    <bullet23/>
    <bullet24/>
    <vendorPriceUpdateDate>2023-04-22 00:00:00</vendorPriceUpdateDate>
  </part>
  <part>
    <partNumber>12500621</partNumber>
    <punctuatedPartNumber>1250-0621</punctuatedPartNumber>
    <partStatusDescription>STANDARD</partStatusDescription>
    <partDescription>AMA Traction Screws - #10 - 16 x 5/8 - 1,000 Pack</partDescription>
    <unitOfMeasure>1000 Pack</unitOfMeasure>
    <brandName>KOLD KUTTER</brandName>
    <supplierNumber>KK058-10-1000</supplierNumber>
    <specialInstructions/>
    <baseDealerPrice>78.01</baseDealerPrice>
    <yourDealerPrice>78.01</yourDealerPrice>
    <baseRetailPrice>127.89</baseRetailPrice>
    <originalRetailPrice>127.89</originalRetailPrice>
    <partImage>http://asset.lemansnet.com/z/LzEvMi9GLzEyRjBEQjBGLUM3NzktNEZFRC1CQzU3LTE1ODZERTQxRUM2Ng==</partImage>
    <productId>1201529291</productId>
    <productName>AMA Race Legal Traction Screws</productName>
    <productImage>http://asset.lemansnet.com/z/LzgvMS9BLzgxQUZCOTY4LUVFMDItNDgyMy1BRUY5LTYyQUVERTY0RDJDQQ==</productImage>
    <bullet1>Kold Kutter screws help you get a grip when you need it most</bullet1>
    <bullet2>Increase Rockwell hardness</bullet2>
    <bullet3>AMA Race screws have a head height of .190”</bullet3>
    <bullet4>Strong head edge</bullet4>
    <bullet5/>
    <bullet6/>
    <bullet7/>
    <bullet8/>
    <bullet9/>
    <bullet10/>
    <bullet11/>
    <bullet12/>
    <bullet13/>
    <bullet14/>
    <bullet15/>
    <bullet16/>
    <bullet17/>
    <bullet18/>
    <bullet19/>
    <bullet20/>
    <bullet21/>
    <bullet22/>
    <bullet23/>
    <bullet24/>
    <vendorPriceUpdateDate>2023-04-22 00:00:00</vendorPriceUpdateDate>
  </part>
  <part>
    <partNumber>12500629</partNumber>
    <punctuatedPartNumber>1250-0629</punctuatedPartNumber>
    <partStatusDescription>STANDARD</partStatusDescription>
    <partDescription>AMA Traction Screws - #12 - 14 x 1-1/2 - 250 Pack</partDescription>
    <unitOfMeasure>250 Pack</unitOfMeasure>
    <brandName>KOLD KUTTER</brandName>
    <supplierNumber>KK112-1214-250</supplierNumber>
    <specialInstructions/>
    <baseDealerPrice>49.03</baseDealerPrice>
    <yourDealerPrice>49.03</yourDealerPrice>
    <baseRetailPrice>76.61</baseRetailPrice>
    <originalRetailPrice>76.61</originalRetailPrice>
    <partImage>http://asset.lemansnet.com/z/L0EvOC83L0E4N0VFMzFCLTY5N0QtNEU0My04ODUwLThCRDQxRDI1QjMwMg==</partImage>
    <productId>1201529291</productId>
    <productName>AMA Race Legal Traction Screws</productName>
    <productImage>http://asset.lemansnet.com/z/LzgvMS9BLzgxQUZCOTY4LUVFMDItNDgyMy1BRUY5LTYyQUVERTY0RDJDQQ==</productImage>
    <bullet1>Kold Kutter screws help you get a grip when you need it most</bullet1>
    <bullet2>Increase Rockwell hardness</bullet2>
    <bullet3>AMA Race screws have a head height of .190”</bullet3>
    <bullet4>Strong head edge</bullet4>
    <bullet5/>
    <bullet6/>
    <bullet7/>
    <bullet8/>
    <bullet9/>
    <bullet10/>
    <bullet11/>
    <bullet12/>
    <bullet13/>
    <bullet14/>
    <bullet15/>
    <bullet16/>
    <bullet17/>
    <bullet18/>
    <bullet19/>
    <bullet20/>
    <bullet21/>
    <bullet22/>
    <bullet23/>
    <bullet24/>
    <vendorPriceUpdateDate>2023-04-22 00:00:00</vendorPriceUpdateDate>
  </part>
  <part>
    <partNumber>12500631</partNumber>
    <punctuatedPartNumber>1250-0631</punctuatedPartNumber>
    <partStatusDescription>DISCONTINUED</partStatusDescription>
    <partDescription>AMA Traction Screws - #12 - 14 x 1-1/2 - 500 Pack</partDescription>
    <unitOfMeasure>500 Pack</unitOfMeasure>
    <brandName>KOLD KUTTER</brandName>
    <supplierNumber>KK112-1214-500</supplierNumber>
    <specialInstructions>Discontinued Item</specialInstructions>
    <baseDealerPrice>68.50</baseDealerPrice>
    <yourDealerPrice>68.50</yourDealerPrice>
    <baseRetailPrice>0.00</baseRetailPrice>
    <originalRetailPrice>142.73</originalRetailPrice>
    <partImage>http://asset.lemansnet.com/z/LzMvRS80LzNFNDYzRjlBLUE0NkUtNDI2Ny05QzE5LUE3NjRCNEZCMjE1RA==</partImage>
    <productId>0960778972</productId>
    <productName>AMA Race Legal Traction Screws</productName>
    <productImage>http://asset.lemansnet.com/z/LzgvMS9BLzgxQUZCOTY4LUVFMDItNDgyMy1BRUY5LTYyQUVERTY0RDJDQQ==</productImage>
    <bullet1>Kold Kutter screws help you get a grip when you need it most</bullet1>
    <bullet2>Increase Rockwell hardness</bullet2>
    <bullet3>AMA Race screws have a head height of .190”</bullet3>
    <bullet4>Strong head edge</bullet4>
    <bullet5/>
    <bullet6/>
    <bullet7/>
    <bullet8/>
    <bullet9/>
    <bullet10/>
    <bullet11/>
    <bullet12/>
    <bullet13/>
    <bullet14/>
    <bullet15/>
    <bullet16/>
    <bullet17/>
    <bullet18/>
    <bullet19/>
    <bullet20/>
    <bullet21/>
    <bullet22/>
    <bullet23/>
    <bullet24/>
    <vendorPriceUpdateDate>2023-04-22 00:00:00</vendorPriceUpdateDate>
  </part>
  <part>
    <partNumber>12500612</partNumber>
    <punctuatedPartNumber>1250-0612</punctuatedPartNumber>
    <partStatusDescription>STANDARD</partStatusDescription>
    <partDescription>AMA Traction Screws - #10 - 16 x 5/8 - 250 Pack</partDescription>
    <unitOfMeasure>250 Pack</unitOfMeasure>
    <brandName>KOLD KUTTER</brandName>
    <supplierNumber>KK058-10-250</supplierNumber>
    <specialInstructions/>
    <baseDealerPrice>24.51</baseDealerPrice>
    <yourDealerPrice>24.51</yourDealerPrice>
    <baseRetailPrice>40.18</baseRetailPrice>
    <originalRetailPrice>40.18</originalRetailPrice>
    <partImage>http://asset.lemansnet.com/z/L0UvNy9CL0U3QkJEMjMyLTk3RUMtNEExMi1BMTgwLUVFMjUzMUJEOTkzNw==</partImage>
    <productId>1201529291</productId>
    <productName>AMA Race Legal Traction Screws</productName>
    <productImage>http://asset.lemansnet.com/z/LzgvMS9BLzgxQUZCOTY4LUVFMDItNDgyMy1BRUY5LTYyQUVERTY0RDJDQQ==</productImage>
    <bullet1>Kold Kutter screws help you get a grip when you need it most</bullet1>
    <bullet2>Increase Rockwell hardness</bullet2>
    <bullet3>AMA Race screws have a head height of .190”</bullet3>
    <bullet4>Strong head edge</bullet4>
    <bullet5/>
    <bullet6/>
    <bullet7/>
    <bullet8/>
    <bullet9/>
    <bullet10/>
    <bullet11/>
    <bullet12/>
    <bullet13/>
    <bullet14/>
    <bullet15/>
    <bullet16/>
    <bullet17/>
    <bullet18/>
    <bullet19/>
    <bullet20/>
    <bullet21/>
    <bullet22/>
    <bullet23/>
    <bullet24/>
    <vendorPriceUpdateDate>2023-04-22 00:00:00</vendorPriceUpdateDate>
  </part>
  <part>
    <partNumber>12500614</partNumber>
    <punctuatedPartNumber>1250-0614</punctuatedPartNumber>
    <partStatusDescription>STANDARD</partStatusDescription>
    <partDescription>AMA Traction Screws - #10 - 16 x 7/8 - 250 Pack</partDescription>
    <unitOfMeasure>250 Pack</unitOfMeasure>
    <brandName>KOLD KUTTER</brandName>
    <supplierNumber>KK078-10-250</supplierNumber>
    <specialInstructions/>
    <baseDealerPrice>28.22</baseDealerPrice>
    <yourDealerPrice>28.22</yourDealerPrice>
    <baseRetailPrice>46.26</baseRetailPrice>
    <originalRetailPrice>46.26</originalRetailPrice>
    <partImage>http://asset.lemansnet.com/z/L0EvNC8yL0E0MjJGMzU1LTM2QTctNDk3My04MDY2LTQ5NDI5Q0RGRjRGQw==</partImage>
    <productId>1201529291</productId>
    <productName>AMA Race Legal Traction Screws</productName>
    <productImage>http://asset.lemansnet.com/z/LzgvMS9BLzgxQUZCOTY4LUVFMDItNDgyMy1BRUY5LTYyQUVERTY0RDJDQQ==</productImage>
    <bullet1>Kold Kutter screws help you get a grip when you need it most</bullet1>
    <bullet2>Increase Rockwell hardness</bullet2>
    <bullet3>AMA Race screws have a head height of .190”</bullet3>
    <bullet4>Strong head edge</bullet4>
    <bullet5/>
    <bullet6/>
    <bullet7/>
    <bullet8/>
    <bullet9/>
    <bullet10/>
    <bullet11/>
    <bullet12/>
    <bullet13/>
    <bullet14/>
    <bullet15/>
    <bullet16/>
    <bullet17/>
    <bullet18/>
    <bullet19/>
    <bullet20/>
    <bullet21/>
    <bullet22/>
    <bullet23/>
    <bullet24/>
    <vendorPriceUpdateDate>2023-04-22 00:00:00</vendorPriceUpdateDate>
  </part>
  <part>
    <partNumber>12500618</partNumber>
    <punctuatedPartNumber>1250-0618</punctuatedPartNumber>
    <partStatusDescription>DISCONTINUED</partStatusDescription>
    <partDescription>AMA Traction Screws - #10 - 16 x 1-1/2 - 250 Pack</partDescription>
    <unitOfMeasure>250 Pack</unitOfMeasure>
    <brandName>KOLD KUTTER</brandName>
    <supplierNumber>KK112-10-250</supplierNumber>
    <specialInstructions>Discontinued Item</specialInstructions>
    <baseDealerPrice>27.30</baseDealerPrice>
    <yourDealerPrice>27.30</yourDealerPrice>
    <baseRetailPrice>0.00</baseRetailPrice>
    <originalRetailPrice>53.41</originalRetailPrice>
    <partImage>http://asset.lemansnet.com/z/LzMvQy83LzNDN0JBRkM1LTI0ODUtNDk2OS1BREU5LTUyQTc0RjkxMUE2NQ==</partImage>
    <productId>0960778972</productId>
    <productName>AMA Race Legal Traction Screws</productName>
    <productImage>http://asset.lemansnet.com/z/LzgvMS9BLzgxQUZCOTY4LUVFMDItNDgyMy1BRUY5LTYyQUVERTY0RDJDQQ==</productImage>
    <bullet1>Kold Kutter screws help you get a grip when you need it most</bullet1>
    <bullet2>Increase Rockwell hardness</bullet2>
    <bullet3>AMA Race screws have a head height of .190”</bullet3>
    <bullet4>Strong head edge</bullet4>
    <bullet5/>
    <bullet6/>
    <bullet7/>
    <bullet8/>
    <bullet9/>
    <bullet10/>
    <bullet11/>
    <bullet12/>
    <bullet13/>
    <bullet14/>
    <bullet15/>
    <bullet16/>
    <bullet17/>
    <bullet18/>
    <bullet19/>
    <bullet20/>
    <bullet21/>
    <bullet22/>
    <bullet23/>
    <bullet24/>
    <vendorPriceUpdateDate>2023-04-22 00:00:00</vendorPriceUpdateDate>
  </part>
  <part>
    <partNumber>12500619</partNumber>
    <punctuatedPartNumber>1250-0619</punctuatedPartNumber>
    <partStatusDescription>STANDARD</partStatusDescription>
    <partDescription>AMA Traction Screws - #8 - 18 x 3/8 - 1,000 Pack</partDescription>
    <unitOfMeasure>1000 Pack</unitOfMeasure>
    <brandName>KOLD KUTTER</brandName>
    <supplierNumber>KK038-8-1000</supplierNumber>
    <specialInstructions/>
    <baseDealerPrice>68.90</baseDealerPrice>
    <yourDealerPrice>68.90</yourDealerPrice>
    <baseRetailPrice>112.95</baseRetailPrice>
    <originalRetailPrice>112.95</originalRetailPrice>
    <partImage>http://asset.lemansnet.com/z/L0IvQy8xL0JDMUQzQjg2LUEzRDQtNDUzOC1CNUVCLTA1OTYxNkJFOTQ0Mw==</partImage>
    <productId>1201529291</productId>
    <productName>AMA Race Legal Traction Screws</productName>
    <productImage>http://asset.lemansnet.com/z/LzgvMS9BLzgxQUZCOTY4LUVFMDItNDgyMy1BRUY5LTYyQUVERTY0RDJDQQ==</productImage>
    <bullet1>Kold Kutter screws help you get a grip when you need it most</bullet1>
    <bullet2>Increase Rockwell hardness</bullet2>
    <bullet3>AMA Race screws have a head height of .190”</bullet3>
    <bullet4>Strong head edge</bullet4>
    <bullet5/>
    <bullet6/>
    <bullet7/>
    <bullet8/>
    <bullet9/>
    <bullet10/>
    <bullet11/>
    <bullet12/>
    <bullet13/>
    <bullet14/>
    <bullet15/>
    <bullet16/>
    <bullet17/>
    <bullet18/>
    <bullet19/>
    <bullet20/>
    <bullet21/>
    <bullet22/>
    <bullet23/>
    <bullet24/>
    <vendorPriceUpdateDate>2023-04-22 00:00:00</vendorPriceUpdateDate>
  </part>
  <part>
    <partNumber>12500627</partNumber>
    <punctuatedPartNumber>1250-0627</punctuatedPartNumber>
    <partStatusDescription>DISCONTINUED</partStatusDescription>
    <partDescription>AMA Traction Screws - #10 - 16 x 1-1/2 - 1000 count</partDescription>
    <unitOfMeasure>1000 Pack</unitOfMeasure>
    <brandName>KOLD KUTTER</brandName>
    <supplierNumber>KK112-10-1000</supplierNumber>
    <specialInstructions>Discontinued Item</specialInstructions>
    <baseDealerPrice>84.30</baseDealerPrice>
    <yourDealerPrice>84.30</yourDealerPrice>
    <baseRetailPrice>0.00</baseRetailPrice>
    <originalRetailPrice>175.55</originalRetailPrice>
    <partImage>http://asset.lemansnet.com/z/LzYvRC9GLzZERkIxQzVELTBBQTYtNDVFNi1BMTU0LUU5RTIzQjgyNThFMg==</partImage>
    <productId>0960778972</productId>
    <productName>AMA Race Legal Traction Screws</productName>
    <productImage>http://asset.lemansnet.com/z/LzgvMS9BLzgxQUZCOTY4LUVFMDItNDgyMy1BRUY5LTYyQUVERTY0RDJDQQ==</productImage>
    <bullet1>Kold Kutter screws help you get a grip when you need it most</bullet1>
    <bullet2>Increase Rockwell hardness</bullet2>
    <bullet3>AMA Race screws have a head height of .190”</bullet3>
    <bullet4>Strong head edge</bullet4>
    <bullet5/>
    <bullet6/>
    <bullet7/>
    <bullet8/>
    <bullet9/>
    <bullet10/>
    <bullet11/>
    <bullet12/>
    <bullet13/>
    <bullet14/>
    <bullet15/>
    <bullet16/>
    <bullet17/>
    <bullet18/>
    <bullet19/>
    <bullet20/>
    <bullet21/>
    <bullet22/>
    <bullet23/>
    <bullet24/>
    <vendorPriceUpdateDate>2023-04-22 00:00:00</vendorPriceUpdateDate>
  </part>
  <part>
    <partNumber>12500628</partNumber>
    <punctuatedPartNumber>1250-0628</punctuatedPartNumber>
    <partStatusDescription>DISCONTINUED</partStatusDescription>
    <partDescription>AMA Traction Screws - #12 - 14 x 1-1/4 - 250 Pack</partDescription>
    <unitOfMeasure>250 Pack</unitOfMeasure>
    <brandName>KOLD KUTTER</brandName>
    <supplierNumber>KK114-1214-250</supplierNumber>
    <specialInstructions>Discontinued Item</specialInstructions>
    <baseDealerPrice>34.40</baseDealerPrice>
    <yourDealerPrice>34.40</yourDealerPrice>
    <baseRetailPrice>0.00</baseRetailPrice>
    <originalRetailPrice>71.64</originalRetailPrice>
    <partImage>http://asset.lemansnet.com/z/L0IvNi81L0I2NTJBOTFDLTI5NjAtNDFBQy1CNzg2LUUzNTMwRkIwMjgyNA==</partImage>
    <productId>0960778972</productId>
    <productName>AMA Race Legal Traction Screws</productName>
    <productImage>http://asset.lemansnet.com/z/LzgvMS9BLzgxQUZCOTY4LUVFMDItNDgyMy1BRUY5LTYyQUVERTY0RDJDQQ==</productImage>
    <bullet1>Kold Kutter screws help you get a grip when you need it most</bullet1>
    <bullet2>Increase Rockwell hardness</bullet2>
    <bullet3>AMA Race screws have a head height of .190”</bullet3>
    <bullet4>Strong head edge</bullet4>
    <bullet5/>
    <bullet6/>
    <bullet7/>
    <bullet8/>
    <bullet9/>
    <bullet10/>
    <bullet11/>
    <bullet12/>
    <bullet13/>
    <bullet14/>
    <bullet15/>
    <bullet16/>
    <bullet17/>
    <bullet18/>
    <bullet19/>
    <bullet20/>
    <bullet21/>
    <bullet22/>
    <bullet23/>
    <bullet24/>
    <vendorPriceUpdateDate>2023-04-22 00:00:00</vendorPriceUpdateDate>
  </part>
  <part>
    <partNumber>12500632</partNumber>
    <punctuatedPartNumber>1250-0632</punctuatedPartNumber>
    <partStatusDescription>STANDARD</partStatusDescription>
    <partDescription>Outlaw Screws - #12 - 11 x 1 - 250 Pack</partDescription>
    <unitOfMeasure>250 Pack</unitOfMeasure>
    <brandName>KOLD KUTTER</brandName>
    <supplierNumber>KKA100-12-250</supplierNumber>
    <specialInstructions/>
    <baseDealerPrice>41.82</baseDealerPrice>
    <yourDealerPrice>41.82</yourDealerPrice>
    <baseRetailPrice>65.34</baseRetailPrice>
    <originalRetailPrice>65.34</originalRetailPrice>
    <partImage>http://asset.lemansnet.com/z/L0MvNy85L0M3OTYxOEIxLTVEMzAtNEFBRC1CRjdBLTg3RTgyREY1QjREOQ==</partImage>
    <productId>0508767416</productId>
    <productName>Outlaw Canadian Screws</productName>
    <productImage>http://asset.lemansnet.com/z/LzIvRi8wLzJGMEYwQkNFLTIwRTAtNDNDNi04NjJBLTI0NjQwNUYyQzNDQg==</productImage>
    <bullet1>Kold Kutter screws help you get a grip when you need it most</bullet1>
    <bullet2>Increase Rockwell hardness</bullet2>
    <bullet3>Outlaw screws have a head height of .290”</bullet3>
    <bullet4>Strong head edge</bullet4>
    <bullet5/>
    <bullet6/>
    <bullet7/>
    <bullet8/>
    <bullet9/>
    <bullet10/>
    <bullet11/>
    <bullet12/>
    <bullet13/>
    <bullet14/>
    <bullet15/>
    <bullet16/>
    <bullet17/>
    <bullet18/>
    <bullet19/>
    <bullet20/>
    <bullet21/>
    <bullet22/>
    <bullet23/>
    <bullet24/>
    <vendorPriceUpdateDate>2023-04-22 00:00:00</vendorPriceUpdateDate>
  </part>
  <part>
    <partNumber>12500637</partNumber>
    <punctuatedPartNumber>1250-0637</punctuatedPartNumber>
    <partStatusDescription>STANDARD</partStatusDescription>
    <partDescription>Outlaw Screws - #12 - 11 x 1-1/4 - 500 Pack</partDescription>
    <unitOfMeasure>500 Pack</unitOfMeasure>
    <brandName>KOLD KUTTER</brandName>
    <supplierNumber>KKA114-12-500</supplierNumber>
    <specialInstructions/>
    <baseDealerPrice>87.88</baseDealerPrice>
    <yourDealerPrice>87.88</yourDealerPrice>
    <baseRetailPrice>137.31</baseRetailPrice>
    <originalRetailPrice>137.31</originalRetailPrice>
    <partImage>http://asset.lemansnet.com/z/L0EvMS9EL0ExRDJGNTg2LTFDNEMtNEVERi04NzZGLUVGMjZGNjFEMTk1Qg==</partImage>
    <productId>0508767416</productId>
    <productName>Outlaw Canadian Screws</productName>
    <productImage>http://asset.lemansnet.com/z/LzIvRi8wLzJGMEYwQkNFLTIwRTAtNDNDNi04NjJBLTI0NjQwNUYyQzNDQg==</productImage>
    <bullet1>Kold Kutter screws help you get a grip when you need it most</bullet1>
    <bullet2>Increase Rockwell hardness</bullet2>
    <bullet3>Outlaw screws have a head height of .290”</bullet3>
    <bullet4>Strong head edge</bullet4>
    <bullet5/>
    <bullet6/>
    <bullet7/>
    <bullet8/>
    <bullet9/>
    <bullet10/>
    <bullet11/>
    <bullet12/>
    <bullet13/>
    <bullet14/>
    <bullet15/>
    <bullet16/>
    <bullet17/>
    <bullet18/>
    <bullet19/>
    <bullet20/>
    <bullet21/>
    <bullet22/>
    <bullet23/>
    <bullet24/>
    <vendorPriceUpdateDate>2023-04-22 00:00:00</vendorPriceUpdateDate>
  </part>
  <part>
    <partNumber>12500616</partNumber>
    <punctuatedPartNumber>1250-0616</punctuatedPartNumber>
    <partStatusDescription>STANDARD</partStatusDescription>
    <partDescription>AMA Traction Screws - #10 - 24 x 1-1/8 - 250 Pack</partDescription>
    <unitOfMeasure>250 Pack</unitOfMeasure>
    <brandName>KOLD KUTTER</brandName>
    <supplierNumber>KK118-10-250</supplierNumber>
    <specialInstructions/>
    <baseDealerPrice>32.61</baseDealerPrice>
    <yourDealerPrice>32.61</yourDealerPrice>
    <baseRetailPrice>50.96</baseRetailPrice>
    <originalRetailPrice>50.96</originalRetailPrice>
    <partImage>http://asset.lemansnet.com/z/LzcvRC9FLzdERTUyQzdFLUFBQkQtNDdFOS04MjYwLUE0RTUxQkJCMkUzNA==</partImage>
    <productId>1201529291</productId>
    <productName>AMA Race Legal Traction Screws</productName>
    <productImage>http://asset.lemansnet.com/z/LzgvMS9BLzgxQUZCOTY4LUVFMDItNDgyMy1BRUY5LTYyQUVERTY0RDJDQQ==</productImage>
    <bullet1>Kold Kutter screws help you get a grip when you need it most</bullet1>
    <bullet2>Increase Rockwell hardness</bullet2>
    <bullet3>AMA Race screws have a head height of .190”</bullet3>
    <bullet4>Strong head edge</bullet4>
    <bullet5/>
    <bullet6/>
    <bullet7/>
    <bullet8/>
    <bullet9/>
    <bullet10/>
    <bullet11/>
    <bullet12/>
    <bullet13/>
    <bullet14/>
    <bullet15/>
    <bullet16/>
    <bullet17/>
    <bullet18/>
    <bullet19/>
    <bullet20/>
    <bullet21/>
    <bullet22/>
    <bullet23/>
    <bullet24/>
    <vendorPriceUpdateDate>2023-04-22 00:00:00</vendorPriceUpdateDate>
  </part>
  <part>
    <partNumber>12500624</partNumber>
    <punctuatedPartNumber>1250-0624</punctuatedPartNumber>
    <partStatusDescription>STANDARD</partStatusDescription>
    <partDescription>AMA Traction Screws - #10 - 24 x 1 - 1,000 Pack</partDescription>
    <unitOfMeasure>1000 Pack</unitOfMeasure>
    <brandName>KOLD KUTTER</brandName>
    <supplierNumber>KK100-10-1000</supplierNumber>
    <specialInstructions/>
    <baseDealerPrice>99.36</baseDealerPrice>
    <yourDealerPrice>99.36</yourDealerPrice>
    <baseRetailPrice>155.25</baseRetailPrice>
    <originalRetailPrice>155.25</originalRetailPrice>
    <partImage>http://asset.lemansnet.com/z/LzgvQy9FLzhDRUM1QjA2LTMyMzAtNEIzMy05NEVFLTg5RTlEQjI4RjAxRA==</partImage>
    <productId>1201529291</productId>
    <productName>AMA Race Legal Traction Screws</productName>
    <productImage>http://asset.lemansnet.com/z/LzgvMS9BLzgxQUZCOTY4LUVFMDItNDgyMy1BRUY5LTYyQUVERTY0RDJDQQ==</productImage>
    <bullet1>Kold Kutter screws help you get a grip when you need it most</bullet1>
    <bullet2>Increase Rockwell hardness</bullet2>
    <bullet3>AMA Race screws have a head height of .190”</bullet3>
    <bullet4>Strong head edge</bullet4>
    <bullet5/>
    <bullet6/>
    <bullet7/>
    <bullet8/>
    <bullet9/>
    <bullet10/>
    <bullet11/>
    <bullet12/>
    <bullet13/>
    <bullet14/>
    <bullet15/>
    <bullet16/>
    <bullet17/>
    <bullet18/>
    <bullet19/>
    <bullet20/>
    <bullet21/>
    <bullet22/>
    <bullet23/>
    <bullet24/>
    <vendorPriceUpdateDate>2023-04-22 00:00:00</vendorPriceUpdateDate>
  </part>
  <part>
    <partNumber>12500630</partNumber>
    <punctuatedPartNumber>1250-0630</punctuatedPartNumber>
    <partStatusDescription>STANDARD</partStatusDescription>
    <partDescription>AMA Traction Screws - #12 - 14 x 1-1/4 - 500 Pack</partDescription>
    <unitOfMeasure>500 Pack</unitOfMeasure>
    <brandName>KOLD KUTTER</brandName>
    <supplierNumber>KK114-1214-500</supplierNumber>
    <specialInstructions/>
    <baseDealerPrice>85.22</baseDealerPrice>
    <yourDealerPrice>85.22</yourDealerPrice>
    <baseRetailPrice>133.15</baseRetailPrice>
    <originalRetailPrice>133.15</originalRetailPrice>
    <partImage>http://asset.lemansnet.com/z/LzYvRC8wLzZEMEU4MTI3LTgxQUItNEE3OC1CRTdELTcwQUU1QUMzQkQwMw==</partImage>
    <productId>1201529291</productId>
    <productName>AMA Race Legal Traction Screws</productName>
    <productImage>http://asset.lemansnet.com/z/LzgvMS9BLzgxQUZCOTY4LUVFMDItNDgyMy1BRUY5LTYyQUVERTY0RDJDQQ==</productImage>
    <bullet1>Kold Kutter screws help you get a grip when you need it most</bullet1>
    <bullet2>Increase Rockwell hardness</bullet2>
    <bullet3>AMA Race screws have a head height of .190”</bullet3>
    <bullet4>Strong head edge</bullet4>
    <bullet5/>
    <bullet6/>
    <bullet7/>
    <bullet8/>
    <bullet9/>
    <bullet10/>
    <bullet11/>
    <bullet12/>
    <bullet13/>
    <bullet14/>
    <bullet15/>
    <bullet16/>
    <bullet17/>
    <bullet18/>
    <bullet19/>
    <bullet20/>
    <bullet21/>
    <bullet22/>
    <bullet23/>
    <bullet24/>
    <vendorPriceUpdateDate>2023-04-22 00:00:00</vendorPriceUpdateDate>
  </part>
  <part>
    <partNumber>12500639</partNumber>
    <punctuatedPartNumber>1250-0639</punctuatedPartNumber>
    <partStatusDescription>STANDARD</partStatusDescription>
    <partDescription>Outlaw Screws - #12 - 24 x 1-1/2 - 500 Pack</partDescription>
    <unitOfMeasure>500 Pack</unitOfMeasure>
    <brandName>KOLD KUTTER</brandName>
    <supplierNumber>KKA112-1224-500</supplierNumber>
    <specialInstructions/>
    <baseDealerPrice>107.34</baseDealerPrice>
    <yourDealerPrice>107.34</yourDealerPrice>
    <baseRetailPrice>167.73</baseRetailPrice>
    <originalRetailPrice>167.73</originalRetailPrice>
    <partImage>http://asset.lemansnet.com/z/L0YvRS9BL0ZFQTdDNkJBLTg5NUQtNDdCMS04MUFELTdCQ0FCNUNERDIxMw==</partImage>
    <productId>0508767416</productId>
    <productName>Outlaw Canadian Screws</productName>
    <productImage>http://asset.lemansnet.com/z/LzIvRi8wLzJGMEYwQkNFLTIwRTAtNDNDNi04NjJBLTI0NjQwNUYyQzNDQg==</productImage>
    <bullet1>Kold Kutter screws help you get a grip when you need it most</bullet1>
    <bullet2>Increase Rockwell hardness</bullet2>
    <bullet3>Outlaw screws have a head height of .290”</bullet3>
    <bullet4>Strong head edge</bullet4>
    <bullet5/>
    <bullet6/>
    <bullet7/>
    <bullet8/>
    <bullet9/>
    <bullet10/>
    <bullet11/>
    <bullet12/>
    <bullet13/>
    <bullet14/>
    <bullet15/>
    <bullet16/>
    <bullet17/>
    <bullet18/>
    <bullet19/>
    <bullet20/>
    <bullet21/>
    <bullet22/>
    <bullet23/>
    <bullet24/>
    <vendorPriceUpdateDate>2023-04-22 00:00:00</vendorPriceUpdateDate>
  </part>
  <part>
    <partNumber>12500625</partNumber>
    <punctuatedPartNumber>1250-0625</punctuatedPartNumber>
    <partStatusDescription>STANDARD</partStatusDescription>
    <partDescription>AMA Traction Screws - #10 - 24 x 1-1/8 - 1,000 Pack</partDescription>
    <unitOfMeasure>1000 Pack</unitOfMeasure>
    <brandName>KOLD KUTTER</brandName>
    <supplierNumber>KK118-10-1000</supplierNumber>
    <specialInstructions/>
    <baseDealerPrice>107.14</baseDealerPrice>
    <yourDealerPrice>107.14</yourDealerPrice>
    <baseRetailPrice>167.41</baseRetailPrice>
    <originalRetailPrice>167.41</originalRetailPrice>
    <partImage>http://asset.lemansnet.com/z/LzMvRS9ELzNFRDAzNTZGLUM1RUUtNDYzMy05RTVFLTQ2Nzk4QTI3QjlEQw==</partImage>
    <productId>1201529291</productId>
    <productName>AMA Race Legal Traction Screws</productName>
    <productImage>http://asset.lemansnet.com/z/LzgvMS9BLzgxQUZCOTY4LUVFMDItNDgyMy1BRUY5LTYyQUVERTY0RDJDQQ==</productImage>
    <bullet1>Kold Kutter screws help you get a grip when you need it most</bullet1>
    <bullet2>Increase Rockwell hardness</bullet2>
    <bullet3>AMA Race screws have a head height of .190”</bullet3>
    <bullet4>Strong head edge</bullet4>
    <bullet5/>
    <bullet6/>
    <bullet7/>
    <bullet8/>
    <bullet9/>
    <bullet10/>
    <bullet11/>
    <bullet12/>
    <bullet13/>
    <bullet14/>
    <bullet15/>
    <bullet16/>
    <bullet17/>
    <bullet18/>
    <bullet19/>
    <bullet20/>
    <bullet21/>
    <bullet22/>
    <bullet23/>
    <bullet24/>
    <vendorPriceUpdateDate>2023-04-22 00:00:00</vendorPriceUpdateDate>
  </part>
  <part>
    <partNumber>12500613</partNumber>
    <punctuatedPartNumber>1250-0613</punctuatedPartNumber>
    <partStatusDescription>STANDARD</partStatusDescription>
    <partDescription>AMA Traction Screws - #10 - 16 x 3/4 - 250 Pack</partDescription>
    <unitOfMeasure>250 Pack</unitOfMeasure>
    <brandName>KOLD KUTTER</brandName>
    <supplierNumber>KK034-10-250</supplierNumber>
    <specialInstructions/>
    <baseDealerPrice>25.95</baseDealerPrice>
    <yourDealerPrice>25.95</yourDealerPrice>
    <baseRetailPrice>42.54</baseRetailPrice>
    <originalRetailPrice>42.54</originalRetailPrice>
    <partImage>http://asset.lemansnet.com/z/LzUvRC9FLzVERUVDQTMxLUFDNjAtNDQ1NS1CNEQxLTNBRUE1MThDMkM5OQ==</partImage>
    <productId>1201529291</productId>
    <productName>AMA Race Legal Traction Screws</productName>
    <productImage>http://asset.lemansnet.com/z/LzgvMS9BLzgxQUZCOTY4LUVFMDItNDgyMy1BRUY5LTYyQUVERTY0RDJDQQ==</productImage>
    <bullet1>Kold Kutter screws help you get a grip when you need it most</bullet1>
    <bullet2>Increase Rockwell hardness</bullet2>
    <bullet3>AMA Race screws have a head height of .190”</bullet3>
    <bullet4>Strong head edge</bullet4>
    <bullet5/>
    <bullet6/>
    <bullet7/>
    <bullet8/>
    <bullet9/>
    <bullet10/>
    <bullet11/>
    <bullet12/>
    <bullet13/>
    <bullet14/>
    <bullet15/>
    <bullet16/>
    <bullet17/>
    <bullet18/>
    <bullet19/>
    <bullet20/>
    <bullet21/>
    <bullet22/>
    <bullet23/>
    <bullet24/>
    <vendorPriceUpdateDate>2023-04-22 00:00:00</vendorPriceUpdateDate>
  </part>
  <part>
    <partNumber>12500623</partNumber>
    <punctuatedPartNumber>1250-0623</punctuatedPartNumber>
    <partStatusDescription>STANDARD</partStatusDescription>
    <partDescription>AMA Traction Screws - #10 - 16 x 7/8 - 1,000 Pack</partDescription>
    <unitOfMeasure>1000 Pack</unitOfMeasure>
    <brandName>KOLD KUTTER</brandName>
    <supplierNumber>KK078-10-1000</supplierNumber>
    <specialInstructions/>
    <baseDealerPrice>88.44</baseDealerPrice>
    <yourDealerPrice>88.44</yourDealerPrice>
    <baseRetailPrice>144.98</baseRetailPrice>
    <originalRetailPrice>144.98</originalRetailPrice>
    <partImage>http://asset.lemansnet.com/z/LzQvOC8xLzQ4MTU3QjYxLUEwMjQtNDQ3My1BMUI1LUZCMjkyRjgyMjdENg==</partImage>
    <productId>1201529291</productId>
    <productName>AMA Race Legal Traction Screws</productName>
    <productImage>http://asset.lemansnet.com/z/LzgvMS9BLzgxQUZCOTY4LUVFMDItNDgyMy1BRUY5LTYyQUVERTY0RDJDQQ==</productImage>
    <bullet1>Kold Kutter screws help you get a grip when you need it most</bullet1>
    <bullet2>Increase Rockwell hardness</bullet2>
    <bullet3>AMA Race screws have a head height of .190”</bullet3>
    <bullet4>Strong head edge</bullet4>
    <bullet5/>
    <bullet6/>
    <bullet7/>
    <bullet8/>
    <bullet9/>
    <bullet10/>
    <bullet11/>
    <bullet12/>
    <bullet13/>
    <bullet14/>
    <bullet15/>
    <bullet16/>
    <bullet17/>
    <bullet18/>
    <bullet19/>
    <bullet20/>
    <bullet21/>
    <bullet22/>
    <bullet23/>
    <bullet24/>
    <vendorPriceUpdateDate>2023-04-22 00:00:00</vendorPriceUpdateDate>
  </part>
  <part>
    <partNumber>12500633</partNumber>
    <punctuatedPartNumber>1250-0633</punctuatedPartNumber>
    <partStatusDescription>STANDARD</partStatusDescription>
    <partDescription>Outlaw Screws - #12 - 11 x 1-1/4 - 250 Pack</partDescription>
    <unitOfMeasure>250 Pack</unitOfMeasure>
    <brandName>KOLD KUTTER</brandName>
    <supplierNumber>KKA114-12-250</supplierNumber>
    <specialInstructions/>
    <baseDealerPrice>45.61</baseDealerPrice>
    <yourDealerPrice>45.61</yourDealerPrice>
    <baseRetailPrice>71.26</baseRetailPrice>
    <originalRetailPrice>71.26</originalRetailPrice>
    <partImage>http://asset.lemansnet.com/z/LzgvRS8yLzhFMkJEMzI1LTkxNjQtNDRCRi1CRjc4LUQzNjhFMUVBRTUzNQ==</partImage>
    <productId>0508767416</productId>
    <productName>Outlaw Canadian Screws</productName>
    <productImage>http://asset.lemansnet.com/z/LzIvRi8wLzJGMEYwQkNFLTIwRTAtNDNDNi04NjJBLTI0NjQwNUYyQzNDQg==</productImage>
    <bullet1>Kold Kutter screws help you get a grip when you need it most</bullet1>
    <bullet2>Increase Rockwell hardness</bullet2>
    <bullet3>Outlaw screws have a head height of .290”</bullet3>
    <bullet4>Strong head edge</bullet4>
    <bullet5/>
    <bullet6/>
    <bullet7/>
    <bullet8/>
    <bullet9/>
    <bullet10/>
    <bullet11/>
    <bullet12/>
    <bullet13/>
    <bullet14/>
    <bullet15/>
    <bullet16/>
    <bullet17/>
    <bullet18/>
    <bullet19/>
    <bullet20/>
    <bullet21/>
    <bullet22/>
    <bullet23/>
    <bullet24/>
    <vendorPriceUpdateDate>2023-04-22 00:00:00</vendorPriceUpdateDate>
  </part>
  <part>
    <partNumber>12500634</partNumber>
    <punctuatedPartNumber>1250-0634</punctuatedPartNumber>
    <partStatusDescription>STANDARD</partStatusDescription>
    <partDescription>Outlaw Screws - #12 - 11 x 1-1/2 - 250 Pack</partDescription>
    <unitOfMeasure>250 Pack</unitOfMeasure>
    <brandName>KOLD KUTTER</brandName>
    <supplierNumber>KKA112-12-250</supplierNumber>
    <specialInstructions/>
    <baseDealerPrice>51.44</baseDealerPrice>
    <yourDealerPrice>51.44</yourDealerPrice>
    <baseRetailPrice>80.68</baseRetailPrice>
    <originalRetailPrice>80.68</originalRetailPrice>
    <partImage>http://asset.lemansnet.com/z/LzIvRi8wLzJGMEYwQkNFLTIwRTAtNDNDNi04NjJBLTI0NjQwNUYyQzNDQg==</partImage>
    <productId>0508767416</productId>
    <productName>Outlaw Canadian Screws</productName>
    <productImage>http://asset.lemansnet.com/z/LzIvRi8wLzJGMEYwQkNFLTIwRTAtNDNDNi04NjJBLTI0NjQwNUYyQzNDQg==</productImage>
    <bullet1>Kold Kutter screws help you get a grip when you need it most</bullet1>
    <bullet2>Increase Rockwell hardness</bullet2>
    <bullet3>Outlaw screws have a head height of .290”</bullet3>
    <bullet4>Strong head edge</bullet4>
    <bullet5/>
    <bullet6/>
    <bullet7/>
    <bullet8/>
    <bullet9/>
    <bullet10/>
    <bullet11/>
    <bullet12/>
    <bullet13/>
    <bullet14/>
    <bullet15/>
    <bullet16/>
    <bullet17/>
    <bullet18/>
    <bullet19/>
    <bullet20/>
    <bullet21/>
    <bullet22/>
    <bullet23/>
    <bullet24/>
    <vendorPriceUpdateDate>2023-04-22 00:00:00</vendorPriceUpdateDate>
  </part>
  <part>
    <partNumber>12500638</partNumber>
    <punctuatedPartNumber>1250-0638</punctuatedPartNumber>
    <partStatusDescription>STANDARD</partStatusDescription>
    <partDescription>Outlaw Screws - #12 - 11 x 1-1/2 - 500 Pack</partDescription>
    <unitOfMeasure>500 Pack</unitOfMeasure>
    <brandName>KOLD KUTTER</brandName>
    <supplierNumber>KKA112-12-500</supplierNumber>
    <specialInstructions/>
    <baseDealerPrice>95.68</baseDealerPrice>
    <yourDealerPrice>95.68</yourDealerPrice>
    <baseRetailPrice>149.50</baseRetailPrice>
    <originalRetailPrice>149.50</originalRetailPrice>
    <partImage>http://asset.lemansnet.com/z/LzYvMi83LzYyNzA1NzVDLTQ0RjgtNDFGNi05QTM3LURERERBRDM3RDYzMA==</partImage>
    <productId>0508767416</productId>
    <productName>Outlaw Canadian Screws</productName>
    <productImage>http://asset.lemansnet.com/z/LzIvRi8wLzJGMEYwQkNFLTIwRTAtNDNDNi04NjJBLTI0NjQwNUYyQzNDQg==</productImage>
    <bullet1>Kold Kutter screws help you get a grip when you need it most</bullet1>
    <bullet2>Increase Rockwell hardness</bullet2>
    <bullet3>Outlaw screws have a head height of .290”</bullet3>
    <bullet4>Strong head edge</bullet4>
    <bullet5/>
    <bullet6/>
    <bullet7/>
    <bullet8/>
    <bullet9/>
    <bullet10/>
    <bullet11/>
    <bullet12/>
    <bullet13/>
    <bullet14/>
    <bullet15/>
    <bullet16/>
    <bullet17/>
    <bullet18/>
    <bullet19/>
    <bullet20/>
    <bullet21/>
    <bullet22/>
    <bullet23/>
    <bullet24/>
    <vendorPriceUpdateDate>2023-04-22 00:00:00</vendorPriceUpdateDate>
  </part>
  <part>
    <partNumber>12500617</partNumber>
    <punctuatedPartNumber>1250-0617</punctuatedPartNumber>
    <partStatusDescription>STANDARD</partStatusDescription>
    <partDescription>AMA Traction Screws - #10 - 24 x 1-1/4 - 250 Pack</partDescription>
    <unitOfMeasure>250 Pack</unitOfMeasure>
    <brandName>KOLD KUTTER</brandName>
    <supplierNumber>KK114-10-250</supplierNumber>
    <specialInstructions/>
    <baseDealerPrice>34.10</baseDealerPrice>
    <yourDealerPrice>34.10</yourDealerPrice>
    <baseRetailPrice>53.28</baseRetailPrice>
    <originalRetailPrice>53.28</originalRetailPrice>
    <partImage>http://asset.lemansnet.com/z/LzkvRC9CLzlEQjQ1NzBCLTE5QzYtNDU4OC1BOTE4LTIxRkU5OUJEQTI4Mw==</partImage>
    <productId>1201529291</productId>
    <productName>AMA Race Legal Traction Screws</productName>
    <productImage>http://asset.lemansnet.com/z/LzgvMS9BLzgxQUZCOTY4LUVFMDItNDgyMy1BRUY5LTYyQUVERTY0RDJDQQ==</productImage>
    <bullet1>Kold Kutter screws help you get a grip when you need it most</bullet1>
    <bullet2>Increase Rockwell hardness</bullet2>
    <bullet3>AMA Race screws have a head height of .190”</bullet3>
    <bullet4>Strong head edge</bullet4>
    <bullet5/>
    <bullet6/>
    <bullet7/>
    <bullet8/>
    <bullet9/>
    <bullet10/>
    <bullet11/>
    <bullet12/>
    <bullet13/>
    <bullet14/>
    <bullet15/>
    <bullet16/>
    <bullet17/>
    <bullet18/>
    <bullet19/>
    <bullet20/>
    <bullet21/>
    <bullet22/>
    <bullet23/>
    <bullet24/>
    <vendorPriceUpdateDate>2023-04-22 00:00:00</vendorPriceUpdateDate>
  </part>
  <part>
    <partNumber>12500622</partNumber>
    <punctuatedPartNumber>1250-0622</punctuatedPartNumber>
    <partStatusDescription>STANDARD</partStatusDescription>
    <partDescription>AMA Traction Screws - #10 - 16 x 3/4 - 1,000 Pack</partDescription>
    <unitOfMeasure>1000 Pack</unitOfMeasure>
    <brandName>KOLD KUTTER</brandName>
    <supplierNumber>KK034-10-1000</supplierNumber>
    <specialInstructions/>
    <baseDealerPrice>83.69</baseDealerPrice>
    <yourDealerPrice>83.69</yourDealerPrice>
    <baseRetailPrice>137.19</baseRetailPrice>
    <originalRetailPrice>137.19</originalRetailPrice>
    <partImage>http://asset.lemansnet.com/z/LzQvNy8zLzQ3M0VGQTdCLUFDODMtNDQwQS1BRjJFLTdDRjQwMDJCOUEwRQ==</partImage>
    <productId>1201529291</productId>
    <productName>AMA Race Legal Traction Screws</productName>
    <productImage>http://asset.lemansnet.com/z/LzgvMS9BLzgxQUZCOTY4LUVFMDItNDgyMy1BRUY5LTYyQUVERTY0RDJDQQ==</productImage>
    <bullet1>Kold Kutter screws help you get a grip when you need it most</bullet1>
    <bullet2>Increase Rockwell hardness</bullet2>
    <bullet3>AMA Race screws have a head height of .190”</bullet3>
    <bullet4>Strong head edge</bullet4>
    <bullet5/>
    <bullet6/>
    <bullet7/>
    <bullet8/>
    <bullet9/>
    <bullet10/>
    <bullet11/>
    <bullet12/>
    <bullet13/>
    <bullet14/>
    <bullet15/>
    <bullet16/>
    <bullet17/>
    <bullet18/>
    <bullet19/>
    <bullet20/>
    <bullet21/>
    <bullet22/>
    <bullet23/>
    <bullet24/>
    <vendorPriceUpdateDate>2023-04-22 00:00:00</vendorPriceUpdateDate>
  </part>
  <part>
    <partNumber>12500635</partNumber>
    <punctuatedPartNumber>1250-0635</punctuatedPartNumber>
    <partStatusDescription>STANDARD</partStatusDescription>
    <partDescription>Outlaw Screws - #12 - 24 x 1-1/2 - 250 Pack</partDescription>
    <unitOfMeasure>250 Pack</unitOfMeasure>
    <brandName>KOLD KUTTER</brandName>
    <supplierNumber>KKA112-1224-250</supplierNumber>
    <specialInstructions/>
    <baseDealerPrice>58.18</baseDealerPrice>
    <yourDealerPrice>58.18</yourDealerPrice>
    <baseRetailPrice>90.91</baseRetailPrice>
    <originalRetailPrice>90.91</originalRetailPrice>
    <partImage>http://asset.lemansnet.com/z/LzYvMS8xLzYxMTExQTc0LTdCQTAtNDc1Qi04REZDLUU2QTVCOTg1NzI4RA==</partImage>
    <productId>0508767416</productId>
    <productName>Outlaw Canadian Screws</productName>
    <productImage>http://asset.lemansnet.com/z/LzIvRi8wLzJGMEYwQkNFLTIwRTAtNDNDNi04NjJBLTI0NjQwNUYyQzNDQg==</productImage>
    <bullet1>Kold Kutter screws help you get a grip when you need it most</bullet1>
    <bullet2>Increase Rockwell hardness</bullet2>
    <bullet3>Outlaw screws have a head height of .290”</bullet3>
    <bullet4>Strong head edge</bullet4>
    <bullet5/>
    <bullet6/>
    <bullet7/>
    <bullet8/>
    <bullet9/>
    <bullet10/>
    <bullet11/>
    <bullet12/>
    <bullet13/>
    <bullet14/>
    <bullet15/>
    <bullet16/>
    <bullet17/>
    <bullet18/>
    <bullet19/>
    <bullet20/>
    <bullet21/>
    <bullet22/>
    <bullet23/>
    <bullet24/>
    <vendorPriceUpdateDate>2023-04-22 00:00:00</vendorPriceUpdateDate>
  </part>
  <part>
    <partNumber>12500636</partNumber>
    <punctuatedPartNumber>1250-0636</punctuatedPartNumber>
    <partStatusDescription>STANDARD</partStatusDescription>
    <partDescription>Outlaw Screws - #12 - 11 x 1 - 500 Pack</partDescription>
    <unitOfMeasure>500 Pack</unitOfMeasure>
    <brandName>KOLD KUTTER</brandName>
    <supplierNumber>KKA100-12-500</supplierNumber>
    <specialInstructions/>
    <baseDealerPrice>80.30</baseDealerPrice>
    <yourDealerPrice>80.30</yourDealerPrice>
    <baseRetailPrice>125.47</baseRetailPrice>
    <originalRetailPrice>125.47</originalRetailPrice>
    <partImage>http://asset.lemansnet.com/z/L0IvMi80L0IyNDA0QjQ1LUU5MzQtNEYwOC05NzI0LUQ5NTYxOEQzRTBFMg==</partImage>
    <productId>0508767416</productId>
    <productName>Outlaw Canadian Screws</productName>
    <productImage>http://asset.lemansnet.com/z/LzIvRi8wLzJGMEYwQkNFLTIwRTAtNDNDNi04NjJBLTI0NjQwNUYyQzNDQg==</productImage>
    <bullet1>Kold Kutter screws help you get a grip when you need it most</bullet1>
    <bullet2>Increase Rockwell hardness</bullet2>
    <bullet3>Outlaw screws have a head height of .290”</bullet3>
    <bullet4>Strong head edge</bullet4>
    <bullet5/>
    <bullet6/>
    <bullet7/>
    <bullet8/>
    <bullet9/>
    <bullet10/>
    <bullet11/>
    <bullet12/>
    <bullet13/>
    <bullet14/>
    <bullet15/>
    <bullet16/>
    <bullet17/>
    <bullet18/>
    <bullet19/>
    <bullet20/>
    <bullet21/>
    <bullet22/>
    <bullet23/>
    <bullet24/>
    <vendorPriceUpdateDate>2023-04-22 00:00:00</vendorPriceUpdateDate>
  </part>
  <part>
    <partNumber>12500626</partNumber>
    <punctuatedPartNumber>1250-0626</punctuatedPartNumber>
    <partStatusDescription>STANDARD</partStatusDescription>
    <partDescription>AMA Traction Screws - #10 - 24 x 1-1/4 - 1,000 Pack</partDescription>
    <unitOfMeasure>1000 Pack</unitOfMeasure>
    <brandName>KOLD KUTTER</brandName>
    <supplierNumber>KK114-10-1000</supplierNumber>
    <specialInstructions/>
    <baseDealerPrice>110.12</baseDealerPrice>
    <yourDealerPrice>110.12</yourDealerPrice>
    <baseRetailPrice>172.06</baseRetailPrice>
    <originalRetailPrice>172.06</originalRetailPrice>
    <partImage>http://asset.lemansnet.com/z/L0EvMy9CL0EzQjA2REJELTExMTctNEVFQi04RUIxLTVCMkZBRTg2NTJDRg==</partImage>
    <productId>1201529291</productId>
    <productName>AMA Race Legal Traction Screws</productName>
    <productImage>http://asset.lemansnet.com/z/LzgvMS9BLzgxQUZCOTY4LUVFMDItNDgyMy1BRUY5LTYyQUVERTY0RDJDQQ==</productImage>
    <bullet1>Kold Kutter screws help you get a grip when you need it most</bullet1>
    <bullet2>Increase Rockwell hardness</bullet2>
    <bullet3>AMA Race screws have a head height of .190”</bullet3>
    <bullet4>Strong head edge</bullet4>
    <bullet5/>
    <bullet6/>
    <bullet7/>
    <bullet8/>
    <bullet9/>
    <bullet10/>
    <bullet11/>
    <bullet12/>
    <bullet13/>
    <bullet14/>
    <bullet15/>
    <bullet16/>
    <bullet17/>
    <bullet18/>
    <bullet19/>
    <bullet20/>
    <bullet21/>
    <bullet22/>
    <bullet23/>
    <bullet24/>
    <vendorPriceUpdateDate>2023-04-22 00:00:00</vendorPriceUpdateDate>
  </part>
</root>
