<root>
  <part>
    <partNumber>07120356</partNumber>
    <punctuatedPartNumber>0712-0356</punctuatedPartNumber>
    <partStatusDescription>STANDARD</partStatusDescription>
    <partDescription>Oil Filter - Honda</partDescription>
    <unitOfMeasure>Each</unitOfMeasure>
    <brandName>FRAM</brandName>
    <supplierNumber>CH6096</supplierNumber>
    <specialInstructions/>
    <baseDealerPrice>12.00</baseDealerPrice>
    <yourDealerPrice>12.00</yourDealerPrice>
    <baseRetailPrice>19.06</baseRetailPrice>
    <originalRetailPrice>17.95</originalRetailPrice>
    <partImage>http://asset.lemansnet.com/z/LzgvNC8xLzg0MTQyMDRFLTgwRUQtNDk3RS1BMDcyLUFBOEVDQzE4MzZDNw==</partImage>
    <productId>0900939704</productId>
    <productName>Oil Filter</productName>
    <productImage>http://asset.lemansnet.com/z/L0QvOS82L0Q5NjhFQ0M5LUEyNkItNDYxNS04Q0VELTg4MEFBM0UzODBFNw==</productImage>
    <bullet1>Dependable Fram protection for your motorcycle engine</bullet1>
    <bullet2>Includes O-rings manufactured to endure the high pressures and high temperatures in today’s engines</bullet2>
    <bullet3>Filter media is a blend of fiber and resin that captures 95% of the dirt particles</bullet3>
    <bullet4>Engineered for use with synthetic or conventional motor oils</bullet4>
    <bullet5/>
    <bullet6/>
    <bullet7/>
    <bullet8/>
    <bullet9/>
    <bullet10/>
    <bullet11/>
    <bullet12/>
    <bullet13/>
    <bullet14/>
    <bullet15/>
    <bullet16/>
    <bullet17/>
    <bullet18/>
    <bullet19/>
    <bullet20/>
    <bullet21/>
    <bullet22/>
    <bullet23/>
    <bullet24/>
    <vendorPriceUpdateDate>2022-08-09 00:00:00</vendorPriceUpdateDate>
  </part>
  <part>
    <partNumber>07120369</partNumber>
    <punctuatedPartNumber>0712-0369</punctuatedPartNumber>
    <partStatusDescription>STANDARD</partStatusDescription>
    <partDescription>Oil Filter - Chrome - Twin Cam/M8</partDescription>
    <unitOfMeasure>Each</unitOfMeasure>
    <brandName>FRAM</brandName>
    <supplierNumber>PH6065B</supplierNumber>
    <specialInstructions/>
    <baseDealerPrice>20.20</baseDealerPrice>
    <yourDealerPrice>20.20</yourDealerPrice>
    <baseRetailPrice>30.94</baseRetailPrice>
    <originalRetailPrice>28.95</originalRetailPrice>
    <partImage>http://asset.lemansnet.com/z/LzEvRC9GLzFERjk2RENGLTU2QTItNDIxNS1CMENGLTQ3NUM2RTkzM0QzQg==</partImage>
    <productId>0457819880</productId>
    <productName>Oil Filter</productName>
    <productImage>http://asset.lemansnet.com/z/L0UvNC80L0U0NDFDM0JBLTUyNjktNDY3MC1CQjUyLTEyMTNBRjQwODUzMg==</productImage>
    <bullet1>High-quality filters are made to strict specifications to provide superior performance</bullet1>
    <bullet2>Include all necessary o-rings or gaskets</bullet2>
    <bullet3>Micron rating of 10 traps microscopic dirt particles without restricting oil flow</bullet3>
    <bullet4>SureGrip® technology for easy install and removal</bullet4>
    <bullet5>Engineered for use with synthetic or conventional motor oils</bullet5>
    <bullet6/>
    <bullet7/>
    <bullet8/>
    <bullet9/>
    <bullet10/>
    <bullet11/>
    <bullet12/>
    <bullet13/>
    <bullet14/>
    <bullet15/>
    <bullet16/>
    <bullet17/>
    <bullet18/>
    <bullet19/>
    <bullet20/>
    <bullet21/>
    <bullet22/>
    <bullet23/>
    <bullet24/>
    <vendorPriceUpdateDate>2022-08-09 00:00:00</vendorPriceUpdateDate>
  </part>
  <part>
    <partNumber>07120373</partNumber>
    <punctuatedPartNumber>0712-0373</punctuatedPartNumber>
    <partStatusDescription>STANDARD</partStatusDescription>
    <partDescription>Oil Filter - Yamaha</partDescription>
    <unitOfMeasure>Each</unitOfMeasure>
    <brandName>FRAM</brandName>
    <supplierNumber>PH7317</supplierNumber>
    <specialInstructions/>
    <baseDealerPrice>9.80</baseDealerPrice>
    <yourDealerPrice>9.80</yourDealerPrice>
    <baseRetailPrice>15.93</baseRetailPrice>
    <originalRetailPrice>14.95</originalRetailPrice>
    <partImage>http://asset.lemansnet.com/z/LzcvNy8wLzc3MDZBNkU2LUQwNjgtNEQ4MS04OTdFLTgyQzNFOUE4MzA3Nw==</partImage>
    <productId>1096170686</productId>
    <productName>Extra Guard Spin-On Oil Filter</productName>
    <productImage>http://asset.lemansnet.com/z/LzQvNi9FLzQ2RTE1RDdDLTA4NUEtNEZCMi1BRDY3LTM2ODlGMjZCREMwMQ==</productImage>
    <bullet1>Filter media is a blend of fiber and resin that captures 95% of the dirt particles</bullet1>
    <bullet2>Start-up engine protection is delivered through a precision molded silicone anti drain back valve</bullet2>
    <bullet3>Sure Grip® coating provides a non-slip finish for easier installation and removal</bullet3>
    <bullet4>Engineered for conventional and synthetic oil types</bullet4>
    <bullet5/>
    <bullet6/>
    <bullet7/>
    <bullet8/>
    <bullet9/>
    <bullet10/>
    <bullet11/>
    <bullet12/>
    <bullet13/>
    <bullet14/>
    <bullet15/>
    <bullet16/>
    <bullet17/>
    <bullet18/>
    <bullet19/>
    <bullet20/>
    <bullet21/>
    <bullet22/>
    <bullet23/>
    <bullet24/>
    <vendorPriceUpdateDate>2022-08-09 00:00:00</vendorPriceUpdateDate>
  </part>
  <part>
    <partNumber>07120027</partNumber>
    <punctuatedPartNumber>0712-0027</punctuatedPartNumber>
    <partStatusDescription>STANDARD</partStatusDescription>
    <partDescription>Oil Filter - Honda/John Deere/Kawasaki/Polaris</partDescription>
    <unitOfMeasure>Each</unitOfMeasure>
    <brandName>FRAM</brandName>
    <supplierNumber>PH6607</supplierNumber>
    <specialInstructions/>
    <baseDealerPrice>10.60</baseDealerPrice>
    <yourDealerPrice>10.60</yourDealerPrice>
    <baseRetailPrice>17.08</baseRetailPrice>
    <originalRetailPrice>15.95</originalRetailPrice>
    <partImage>http://asset.lemansnet.com/z/LzcvMy8yLzczMjhCRjgwLTJDREQtNDVDMS1CRTdELUNCMkZDNEQ5OTRBNg==</partImage>
    <productId>1096170686</productId>
    <productName>Extra Guard Spin-On Oil Filter</productName>
    <productImage>http://asset.lemansnet.com/z/LzQvNi9FLzQ2RTE1RDdDLTA4NUEtNEZCMi1BRDY3LTM2ODlGMjZCREMwMQ==</productImage>
    <bullet1>Filter media is a blend of fiber and resin that captures 95% of the dirt particles</bullet1>
    <bullet2>Start-up engine protection is delivered through a precision molded silicone anti drain back valve</bullet2>
    <bullet3>Sure Grip® coating provides a non-slip finish for easier installation and removal</bullet3>
    <bullet4>Engineered for conventional and synthetic oil types</bullet4>
    <bullet5/>
    <bullet6/>
    <bullet7/>
    <bullet8/>
    <bullet9/>
    <bullet10/>
    <bullet11/>
    <bullet12/>
    <bullet13/>
    <bullet14/>
    <bullet15/>
    <bullet16/>
    <bullet17/>
    <bullet18/>
    <bullet19/>
    <bullet20/>
    <bullet21/>
    <bullet22/>
    <bullet23/>
    <bullet24/>
    <vendorPriceUpdateDate>2022-08-09 00:00:00</vendorPriceUpdateDate>
  </part>
  <part>
    <partNumber>07120515</partNumber>
    <punctuatedPartNumber>0712-0515</punctuatedPartNumber>
    <partStatusDescription>STANDARD</partStatusDescription>
    <partDescription>Extra Guard Oil Filter - Polaris Slingshot</partDescription>
    <unitOfMeasure>Each</unitOfMeasure>
    <brandName>FRAM</brandName>
    <supplierNumber>CH9018</supplierNumber>
    <specialInstructions/>
    <baseDealerPrice>10.00</baseDealerPrice>
    <yourDealerPrice>10.00</yourDealerPrice>
    <baseRetailPrice>16.08</baseRetailPrice>
    <originalRetailPrice>14.95</originalRetailPrice>
    <partImage>http://asset.lemansnet.com/z/L0IvOS80L0I5NDJCOTdBLUI2NDgtNDJCRi1BNjU0LTJGRjEwMEQ3MzQxQQ==</partImage>
    <productId>2116033235</productId>
    <productName>Oil Filter</productName>
    <productImage>http://asset.lemansnet.com/z/L0IvOS80L0I5NDJCOTdBLUI2NDgtNDJCRi1BNjU0LTJGRjEwMEQ3MzQxQQ==</productImage>
    <bullet1>Engineered for use with synthetic or conventional motor oils</bullet1>
    <bullet2>Filter media is a blend of fiber and resin that captures 95% of the dirt particles</bullet2>
    <bullet3>The perfect balance of dirt-trapping efficiency and dirt-holding capacity</bullet3>
    <bullet4>Includes gasket manufactured to endure the high pressures and high temperatures</bullet4>
    <bullet5>Proven protection for up to 10,000 miles</bullet5>
    <bullet6/>
    <bullet7/>
    <bullet8/>
    <bullet9/>
    <bullet10/>
    <bullet11/>
    <bullet12/>
    <bullet13/>
    <bullet14/>
    <bullet15/>
    <bullet16/>
    <bullet17/>
    <bullet18/>
    <bullet19/>
    <bullet20/>
    <bullet21/>
    <bullet22/>
    <bullet23/>
    <bullet24/>
    <vendorPriceUpdateDate>2022-08-09 00:00:00</vendorPriceUpdateDate>
  </part>
  <part>
    <partNumber>CH6015</partNumber>
    <punctuatedPartNumber>CH6015</punctuatedPartNumber>
    <partStatusDescription>STANDARD</partStatusDescription>
    <partDescription>Oil Filter - Honda/Kawasaki/Polaris/Suzuki</partDescription>
    <unitOfMeasure>Each</unitOfMeasure>
    <brandName>FRAM</brandName>
    <supplierNumber>CH6015</supplierNumber>
    <specialInstructions/>
    <baseDealerPrice>8.10</baseDealerPrice>
    <yourDealerPrice>8.10</yourDealerPrice>
    <baseRetailPrice>12.74</baseRetailPrice>
    <originalRetailPrice>11.95</originalRetailPrice>
    <partImage>http://asset.lemansnet.com/z/LzYvQi80LzZCNDlDNzc4LTQwMUEtNDI2OC1COTQ4LTZDNjRDRTA4QjVFQQ==</partImage>
    <productId>0900939704</productId>
    <productName>Oil Filter</productName>
    <productImage>http://asset.lemansnet.com/z/L0QvOS82L0Q5NjhFQ0M5LUEyNkItNDYxNS04Q0VELTg4MEFBM0UzODBFNw==</productImage>
    <bullet1>Dependable Fram protection for your motorcycle engine</bullet1>
    <bullet2>Includes O-rings manufactured to endure the high pressures and high temperatures in today’s engines</bullet2>
    <bullet3>Filter media is a blend of fiber and resin that captures 95% of the dirt particles</bullet3>
    <bullet4>Engineered for use with synthetic or conventional motor oils</bullet4>
    <bullet5/>
    <bullet6/>
    <bullet7/>
    <bullet8/>
    <bullet9/>
    <bullet10/>
    <bullet11/>
    <bullet12/>
    <bullet13/>
    <bullet14/>
    <bullet15/>
    <bullet16/>
    <bullet17/>
    <bullet18/>
    <bullet19/>
    <bullet20/>
    <bullet21/>
    <bullet22/>
    <bullet23/>
    <bullet24/>
    <vendorPriceUpdateDate>2022-08-09 00:00:00</vendorPriceUpdateDate>
  </part>
  <part>
    <partNumber>CH6070</partNumber>
    <punctuatedPartNumber>CH6070</punctuatedPartNumber>
    <partStatusDescription>STANDARD</partStatusDescription>
    <partDescription>Oil Filter - Kawasaki</partDescription>
    <unitOfMeasure>Each</unitOfMeasure>
    <brandName>FRAM</brandName>
    <supplierNumber>CH6070</supplierNumber>
    <specialInstructions/>
    <baseDealerPrice>9.60</baseDealerPrice>
    <yourDealerPrice>9.60</yourDealerPrice>
    <baseRetailPrice>15.95</baseRetailPrice>
    <originalRetailPrice>14.95</originalRetailPrice>
    <partImage>http://asset.lemansnet.com/z/LzcvQS85LzdBOTJBNDZELUM5OTYtNDg5NC05QzVFLTdDQTNENEIxMzZDMA==</partImage>
    <productId>0900939704</productId>
    <productName>Oil Filter</productName>
    <productImage>http://asset.lemansnet.com/z/L0QvOS82L0Q5NjhFQ0M5LUEyNkItNDYxNS04Q0VELTg4MEFBM0UzODBFNw==</productImage>
    <bullet1>Dependable Fram protection for your motorcycle engine</bullet1>
    <bullet2>Includes O-rings manufactured to endure the high pressures and high temperatures in today’s engines</bullet2>
    <bullet3>Filter media is a blend of fiber and resin that captures 95% of the dirt particles</bullet3>
    <bullet4>Engineered for use with synthetic or conventional motor oils</bullet4>
    <bullet5/>
    <bullet6/>
    <bullet7/>
    <bullet8/>
    <bullet9/>
    <bullet10/>
    <bullet11/>
    <bullet12/>
    <bullet13/>
    <bullet14/>
    <bullet15/>
    <bullet16/>
    <bullet17/>
    <bullet18/>
    <bullet19/>
    <bullet20/>
    <bullet21/>
    <bullet22/>
    <bullet23/>
    <bullet24/>
    <vendorPriceUpdateDate>2022-08-09 00:00:00</vendorPriceUpdateDate>
  </part>
  <part>
    <partNumber>PH4967</partNumber>
    <punctuatedPartNumber>PH4967</punctuatedPartNumber>
    <partStatusDescription>STANDARD</partStatusDescription>
    <partDescription>Oil Filter</partDescription>
    <unitOfMeasure>Each</unitOfMeasure>
    <brandName>FRAM</brandName>
    <supplierNumber>PH4967</supplierNumber>
    <specialInstructions/>
    <baseDealerPrice>9.90</baseDealerPrice>
    <yourDealerPrice>9.90</yourDealerPrice>
    <baseRetailPrice>15.91</baseRetailPrice>
    <originalRetailPrice>14.95</originalRetailPrice>
    <partImage>http://asset.lemansnet.com/z/LzQvNi9FLzQ2RTE1RDdDLTA4NUEtNEZCMi1BRDY3LTM2ODlGMjZCREMwMQ==</partImage>
    <productId>2087123462</productId>
    <productName>Oil Filter</productName>
    <productImage>http://asset.lemansnet.com/z/L0MvNS82L0M1NkM5QUExLThCN0MtNDYxOC1CQjI0LTI4MzJFQ0U2NUU0Mg==</productImage>
    <bullet1>Includes all necessary O-rings and gaskets</bullet1>
    <bullet2>Micron rating of 10 traps microscopic dirt particles without restricting air flow</bullet2>
    <bullet3>High-quality filter made to strict specifications to provide superior performance</bullet3>
    <bullet4>SureGrip® technology for easy install and removal</bullet4>
    <bullet5>Filter media is a blend of fiber and resin that captures 95% of the dirt particles</bullet5>
    <bullet6/>
    <bullet7/>
    <bullet8/>
    <bullet9/>
    <bullet10/>
    <bullet11/>
    <bullet12/>
    <bullet13/>
    <bullet14/>
    <bullet15/>
    <bullet16/>
    <bullet17/>
    <bullet18/>
    <bullet19/>
    <bullet20/>
    <bullet21/>
    <bullet22/>
    <bullet23/>
    <bullet24/>
    <vendorPriceUpdateDate>2022-08-09 00:00:00</vendorPriceUpdateDate>
  </part>
  <part>
    <partNumber>PH6010</partNumber>
    <punctuatedPartNumber>PH6010</punctuatedPartNumber>
    <partStatusDescription>STANDARD</partStatusDescription>
    <partDescription>Oil Filter - Black - Honda/Kawasaki</partDescription>
    <unitOfMeasure>Each</unitOfMeasure>
    <brandName>FRAM</brandName>
    <supplierNumber>PH6010A</supplierNumber>
    <specialInstructions/>
    <baseDealerPrice>11.00</baseDealerPrice>
    <yourDealerPrice>11.00</yourDealerPrice>
    <baseRetailPrice>17.20</baseRetailPrice>
    <originalRetailPrice>15.95</originalRetailPrice>
    <partImage>http://asset.lemansnet.com/z/LzUvNC82LzU0NkMxNDc2LURCMEItNDhCMi04NEJCLTJDOUY5Mjk4M0Q1Qg==</partImage>
    <productId>1540131882</productId>
    <productName>Full-Flow Spin-On Oil Filter</productName>
    <productImage>http://asset.lemansnet.com/z/L0MvNS82L0M1NkM5QUExLThCN0MtNDYxOC1CQjI0LTI4MzJFQ0U2NUU0Mg==</productImage>
    <bullet1>Include all necessary o-rings or gaskets</bullet1>
    <bullet2>Micron rating of 10 traps microscopic dirt particles without restricting oil flow</bullet2>
    <bullet3>Filter media is a blend of fiber and resin that captures 95% of the dirt particles</bullet3>
    <bullet4>SureGrip® technology for easy install and removal</bullet4>
    <bullet5>Silicone anti-drain back valve helps ensure safe engine start up</bullet5>
    <bullet6/>
    <bullet7/>
    <bullet8/>
    <bullet9/>
    <bullet10/>
    <bullet11/>
    <bullet12/>
    <bullet13/>
    <bullet14/>
    <bullet15/>
    <bullet16/>
    <bullet17/>
    <bullet18/>
    <bullet19/>
    <bullet20/>
    <bullet21/>
    <bullet22/>
    <bullet23/>
    <bullet24/>
    <vendorPriceUpdateDate>2022-08-09 00:00:00</vendorPriceUpdateDate>
  </part>
  <part>
    <partNumber>PH6017</partNumber>
    <punctuatedPartNumber>PH6017</punctuatedPartNumber>
    <partStatusDescription>STANDARD</partStatusDescription>
    <partDescription>Oil Filter</partDescription>
    <unitOfMeasure>Each</unitOfMeasure>
    <brandName>FRAM</brandName>
    <supplierNumber>PH6017A</supplierNumber>
    <specialInstructions>NF HONDA STREETBIKES 02JDS</specialInstructions>
    <baseDealerPrice>13.20</baseDealerPrice>
    <yourDealerPrice>13.20</yourDealerPrice>
    <baseRetailPrice>20.34</baseRetailPrice>
    <originalRetailPrice>18.95</originalRetailPrice>
    <partImage>http://asset.lemansnet.com/z/L0MvNS82L0M1NkM5QUExLThCN0MtNDYxOC1CQjI0LTI4MzJFQ0U2NUU0Mg==</partImage>
    <productId>2087123462</productId>
    <productName>Oil Filter</productName>
    <productImage>http://asset.lemansnet.com/z/L0MvNS82L0M1NkM5QUExLThCN0MtNDYxOC1CQjI0LTI4MzJFQ0U2NUU0Mg==</productImage>
    <bullet1>Includes all necessary O-rings and gaskets</bullet1>
    <bullet2>Micron rating of 10 traps microscopic dirt particles without restricting air flow</bullet2>
    <bullet3>High-quality filter made to strict specifications to provide superior performance</bullet3>
    <bullet4>SureGrip® technology for easy install and removal</bullet4>
    <bullet5>Filter media is a blend of fiber and resin that captures 95% of the dirt particles</bullet5>
    <bullet6/>
    <bullet7/>
    <bullet8/>
    <bullet9/>
    <bullet10/>
    <bullet11/>
    <bullet12/>
    <bullet13/>
    <bullet14/>
    <bullet15/>
    <bullet16/>
    <bullet17/>
    <bullet18/>
    <bullet19/>
    <bullet20/>
    <bullet21/>
    <bullet22/>
    <bullet23/>
    <bullet24/>
    <vendorPriceUpdateDate>2022-08-09 00:00:00</vendorPriceUpdateDate>
  </part>
  <part>
    <partNumber>PH6018</partNumber>
    <punctuatedPartNumber>PH6018</punctuatedPartNumber>
    <partStatusDescription>STANDARD</partStatusDescription>
    <partDescription>Oil Filter - Black - Aprilia/Arctic Cat/Suzuki/Textron</partDescription>
    <unitOfMeasure>Each</unitOfMeasure>
    <brandName>FRAM</brandName>
    <supplierNumber>PH6018</supplierNumber>
    <specialInstructions/>
    <baseDealerPrice>14.20</baseDealerPrice>
    <yourDealerPrice>14.20</yourDealerPrice>
    <baseRetailPrice>21.30</baseRetailPrice>
    <originalRetailPrice>19.95</originalRetailPrice>
    <partImage>http://asset.lemansnet.com/z/L0MvRi80L0NGNDgwQTg2LTFFMjEtNEI1Qy1BQUI2LUIyQTg0MjUxODA3NA==</partImage>
    <productId>1540131882</productId>
    <productName>Full-Flow Spin-On Oil Filter</productName>
    <productImage>http://asset.lemansnet.com/z/L0MvNS82L0M1NkM5QUExLThCN0MtNDYxOC1CQjI0LTI4MzJFQ0U2NUU0Mg==</productImage>
    <bullet1>Include all necessary o-rings or gaskets</bullet1>
    <bullet2>Micron rating of 10 traps microscopic dirt particles without restricting oil flow</bullet2>
    <bullet3>Filter media is a blend of fiber and resin that captures 95% of the dirt particles</bullet3>
    <bullet4>SureGrip® technology for easy install and removal</bullet4>
    <bullet5>Silicone anti-drain back valve helps ensure safe engine start up</bullet5>
    <bullet6/>
    <bullet7/>
    <bullet8/>
    <bullet9/>
    <bullet10/>
    <bullet11/>
    <bullet12/>
    <bullet13/>
    <bullet14/>
    <bullet15/>
    <bullet16/>
    <bullet17/>
    <bullet18/>
    <bullet19/>
    <bullet20/>
    <bullet21/>
    <bullet22/>
    <bullet23/>
    <bullet24/>
    <vendorPriceUpdateDate>2022-08-09 00:00:00</vendorPriceUpdateDate>
  </part>
  <part>
    <partNumber>PH6022</partNumber>
    <punctuatedPartNumber>PH6022</punctuatedPartNumber>
    <partStatusDescription>STANDARD</partStatusDescription>
    <partDescription>Oil Filter - Black - Twin Cam/M8</partDescription>
    <unitOfMeasure>Each</unitOfMeasure>
    <brandName>FRAM</brandName>
    <supplierNumber>PH6022</supplierNumber>
    <specialInstructions/>
    <baseDealerPrice>11.70</baseDealerPrice>
    <yourDealerPrice>11.70</yourDealerPrice>
    <baseRetailPrice>19.09</baseRetailPrice>
    <originalRetailPrice>17.95</originalRetailPrice>
    <partImage>http://asset.lemansnet.com/z/LzUvQS80LzVBNDAxM0E4LTI0MjMtNEM1My05Q0QwLUQ3NURFM0U3NDY2Rg==</partImage>
    <productId>0457819880</productId>
    <productName>Oil Filter</productName>
    <productImage>http://asset.lemansnet.com/z/L0UvNC80L0U0NDFDM0JBLTUyNjktNDY3MC1CQjUyLTEyMTNBRjQwODUzMg==</productImage>
    <bullet1>High-quality filters are made to strict specifications to provide superior performance</bullet1>
    <bullet2>Include all necessary o-rings or gaskets</bullet2>
    <bullet3>Micron rating of 10 traps microscopic dirt particles without restricting oil flow</bullet3>
    <bullet4>SureGrip® technology for easy install and removal</bullet4>
    <bullet5>Engineered for use with synthetic or conventional motor oils</bullet5>
    <bullet6/>
    <bullet7/>
    <bullet8/>
    <bullet9/>
    <bullet10/>
    <bullet11/>
    <bullet12/>
    <bullet13/>
    <bullet14/>
    <bullet15/>
    <bullet16/>
    <bullet17/>
    <bullet18/>
    <bullet19/>
    <bullet20/>
    <bullet21/>
    <bullet22/>
    <bullet23/>
    <bullet24/>
    <vendorPriceUpdateDate>2022-08-09 00:00:00</vendorPriceUpdateDate>
  </part>
  <part>
    <partNumber>PH6063</partNumber>
    <punctuatedPartNumber>PH6063</punctuatedPartNumber>
    <partStatusDescription>DISCONTINUED</partStatusDescription>
    <partDescription>Oil Filter - Silver - BMW</partDescription>
    <unitOfMeasure>Each</unitOfMeasure>
    <brandName>FRAM</brandName>
    <supplierNumber>PH6063</supplierNumber>
    <specialInstructions>Discontinued Per Buyer</specialInstructions>
    <baseDealerPrice>14.50</baseDealerPrice>
    <yourDealerPrice>14.50</yourDealerPrice>
    <baseRetailPrice>23.40</baseRetailPrice>
    <originalRetailPrice>21.95</originalRetailPrice>
    <partImage>http://asset.lemansnet.com/z/L0UvMS9DL0UxQ0JBQzBCLUIwRkYtNDcxQS1COTFGLUQwMkI4MjIzMUI5RQ==</partImage>
    <productId>1540131882</productId>
    <productName>Full-Flow Spin-On Oil Filter</productName>
    <productImage>http://asset.lemansnet.com/z/L0MvNS82L0M1NkM5QUExLThCN0MtNDYxOC1CQjI0LTI4MzJFQ0U2NUU0Mg==</productImage>
    <bullet1>Include all necessary o-rings or gaskets</bullet1>
    <bullet2>Micron rating of 10 traps microscopic dirt particles without restricting oil flow</bullet2>
    <bullet3>Filter media is a blend of fiber and resin that captures 95% of the dirt particles</bullet3>
    <bullet4>SureGrip® technology for easy install and removal</bullet4>
    <bullet5>Silicone anti-drain back valve helps ensure safe engine start up</bullet5>
    <bullet6/>
    <bullet7/>
    <bullet8/>
    <bullet9/>
    <bullet10/>
    <bullet11/>
    <bullet12/>
    <bullet13/>
    <bullet14/>
    <bullet15/>
    <bullet16/>
    <bullet17/>
    <bullet18/>
    <bullet19/>
    <bullet20/>
    <bullet21/>
    <bullet22/>
    <bullet23/>
    <bullet24/>
    <vendorPriceUpdateDate>2022-08-09 00:00:00</vendorPriceUpdateDate>
  </part>
  <part>
    <partNumber>CH6002</partNumber>
    <punctuatedPartNumber>CH6002</punctuatedPartNumber>
    <partStatusDescription>DISCONTINUED</partStatusDescription>
    <partDescription>Oil Filter - Yamaha</partDescription>
    <unitOfMeasure>Each</unitOfMeasure>
    <brandName>FRAM</brandName>
    <supplierNumber>CH6002</supplierNumber>
    <specialInstructions>Discontinued Per Buyer</specialInstructions>
    <baseDealerPrice>15.50</baseDealerPrice>
    <yourDealerPrice>15.50</yourDealerPrice>
    <baseRetailPrice>24.53</baseRetailPrice>
    <originalRetailPrice>22.95</originalRetailPrice>
    <partImage>http://asset.lemansnet.com/z/LzMvMS9CLzMxQjNDNjQ5LTg3QTQtNEI1Ny1CN0E5LUFBMDFDMTI3REU3OA==</partImage>
    <productId>0900939704</productId>
    <productName>Oil Filter</productName>
    <productImage>http://asset.lemansnet.com/z/L0QvOS82L0Q5NjhFQ0M5LUEyNkItNDYxNS04Q0VELTg4MEFBM0UzODBFNw==</productImage>
    <bullet1>Dependable Fram protection for your motorcycle engine</bullet1>
    <bullet2>Includes O-rings manufactured to endure the high pressures and high temperatures in today’s engines</bullet2>
    <bullet3>Filter media is a blend of fiber and resin that captures 95% of the dirt particles</bullet3>
    <bullet4>Engineered for use with synthetic or conventional motor oils</bullet4>
    <bullet5/>
    <bullet6/>
    <bullet7/>
    <bullet8/>
    <bullet9/>
    <bullet10/>
    <bullet11/>
    <bullet12/>
    <bullet13/>
    <bullet14/>
    <bullet15/>
    <bullet16/>
    <bullet17/>
    <bullet18/>
    <bullet19/>
    <bullet20/>
    <bullet21/>
    <bullet22/>
    <bullet23/>
    <bullet24/>
    <vendorPriceUpdateDate>2022-08-09 00:00:00</vendorPriceUpdateDate>
  </part>
</root>
