<root>
  <part>
    <partNumber>20600734</partNumber>
    <punctuatedPartNumber>2060-0734</punctuatedPartNumber>
    <partStatusDescription>STANDARD</partStatusDescription>
    <partDescription>Mini Bulb - PVG 194</partDescription>
    <unitOfMeasure>2 Pack</unitOfMeasure>
    <brandName>EIKO</brandName>
    <supplierNumber>194PVG-BPP</supplierNumber>
    <specialInstructions/>
    <baseDealerPrice>7.90</baseDealerPrice>
    <yourDealerPrice>7.90</yourDealerPrice>
    <baseRetailPrice>12.93</baseRetailPrice>
    <originalRetailPrice>11.95</originalRetailPrice>
    <partImage>http://asset.lemansnet.com/z/LzEvOS85LzE5OTE0ODcwLTUyNTEtNEY3RS05OEFELTQwMjJDRTM4OUQxMSwvQi8yL0UvQjJFMEVDMUYtQzJGRS00MzMzLUI1ODktQzVCQ0Y2NjVDQUUw</partImage>
    <productId>1549055491</productId>
    <productName>Mini Bulb</productName>
    <productImage>http://asset.lemansnet.com/z/LzYvOS9ELzY5RDkzNDU2LUI3MDctNDRCRC1BRjFFLTc0NThFNDY2NTJBRQ==</productImage>
    <bullet1>Precision-coiled, high output boosted lamp filament produces a high energy light pattern</bullet1>
    <bullet2>Precision-mixed halogen cycle gases result in high output performance</bullet2>
    <bullet3>Proprietary Coating produces a white light that is closer to HID than a standard halogen lamp</bullet3>
    <bullet4>The Power Vision Window increases light output to produce better nighttime illumination</bullet4>
    <bullet5/>
    <bullet6/>
    <bullet7/>
    <bullet8/>
    <bullet9/>
    <bullet10/>
    <bullet11/>
    <bullet12/>
    <bullet13/>
    <bullet14/>
    <bullet15/>
    <bullet16/>
    <bullet17/>
    <bullet18/>
    <bullet19/>
    <bullet20/>
    <bullet21/>
    <bullet22/>
    <bullet23/>
    <bullet24/>
    <vendorPriceUpdateDate>2023-04-22 00:00:00</vendorPriceUpdateDate>
  </part>
  <part>
    <partNumber>20600826</partNumber>
    <punctuatedPartNumber>2060-0826</punctuatedPartNumber>
    <partStatusDescription>STANDARD</partStatusDescription>
    <partDescription>Halogen Bulbs - H4/HB2 - 55/60 W</partDescription>
    <unitOfMeasure>2 Pack</unitOfMeasure>
    <brandName>EIKO</brandName>
    <supplierNumber>9003-PVG-2BPP</supplierNumber>
    <specialInstructions/>
    <baseDealerPrice>37.97</baseDealerPrice>
    <yourDealerPrice>37.97</yourDealerPrice>
    <baseRetailPrice>59.99</baseRetailPrice>
    <originalRetailPrice>59.99</originalRetailPrice>
    <partImage>http://asset.lemansnet.com/z/LzEvNC81LzE0NTk0QTRGLTBEMEUtNDhGOS04M0RBLTEwMkMwQzlGMTUwRSwvMi8wLzcvMjA3NUE4MkYtQTQ0Ri00RjlGLUJBRUMtNDIzMzc4NjI5ODA4</partImage>
    <productId>1163691563</productId>
    <productName>Halogen Bulbs</productName>
    <productImage>http://asset.lemansnet.com/z/LzEvNC81LzE0NTk0QTRGLTBEMEUtNDhGOS04M0RBLTEwMkMwQzlGMTUwRQ==</productImage>
    <bullet1/>
    <bullet2/>
    <bullet3/>
    <bullet4/>
    <bullet5/>
    <bullet6/>
    <bullet7/>
    <bullet8/>
    <bullet9/>
    <bullet10/>
    <bullet11/>
    <bullet12/>
    <bullet13/>
    <bullet14/>
    <bullet15/>
    <bullet16/>
    <bullet17/>
    <bullet18/>
    <bullet19/>
    <bullet20/>
    <bullet21/>
    <bullet22/>
    <bullet23/>
    <bullet24/>
    <vendorPriceUpdateDate>2025-02-26 00:00:00</vendorPriceUpdateDate>
  </part>
  <part>
    <partNumber>20600735</partNumber>
    <punctuatedPartNumber>2060-0735</punctuatedPartNumber>
    <partStatusDescription>STANDARD</partStatusDescription>
    <partDescription>Mini Bulb - PVG 1156</partDescription>
    <unitOfMeasure>2 Pack</unitOfMeasure>
    <brandName>EIKO</brandName>
    <supplierNumber>1156PVG-BPP</supplierNumber>
    <specialInstructions/>
    <baseDealerPrice>8.00</baseDealerPrice>
    <yourDealerPrice>8.00</yourDealerPrice>
    <baseRetailPrice>13.10</baseRetailPrice>
    <originalRetailPrice>11.95</originalRetailPrice>
    <partImage>http://asset.lemansnet.com/z/L0UvNS8yL0U1MkVGNDYxLTZENjMtNDAwQS05MTY5LURDMzkxNTAyNTZFNCwvNC9FLzYvNEU2NDY1M0EtQzcxNi00NUNDLUI5NkQtNThGNzE3MDcyRjc4</partImage>
    <productId>1549055491</productId>
    <productName>Mini Bulb</productName>
    <productImage>http://asset.lemansnet.com/z/LzYvOS9ELzY5RDkzNDU2LUI3MDctNDRCRC1BRjFFLTc0NThFNDY2NTJBRQ==</productImage>
    <bullet1>Precision-coiled, high output boosted lamp filament produces a high energy light pattern</bullet1>
    <bullet2>Precision-mixed halogen cycle gases result in high output performance</bullet2>
    <bullet3>Proprietary Coating produces a white light that is closer to HID than a standard halogen lamp</bullet3>
    <bullet4>The Power Vision Window increases light output to produce better nighttime illumination</bullet4>
    <bullet5/>
    <bullet6/>
    <bullet7/>
    <bullet8/>
    <bullet9/>
    <bullet10/>
    <bullet11/>
    <bullet12/>
    <bullet13/>
    <bullet14/>
    <bullet15/>
    <bullet16/>
    <bullet17/>
    <bullet18/>
    <bullet19/>
    <bullet20/>
    <bullet21/>
    <bullet22/>
    <bullet23/>
    <bullet24/>
    <vendorPriceUpdateDate>2023-04-22 00:00:00</vendorPriceUpdateDate>
  </part>
  <part>
    <partNumber>20600733</partNumber>
    <punctuatedPartNumber>2060-0733</punctuatedPartNumber>
    <partStatusDescription>STANDARD</partStatusDescription>
    <partDescription>Mini Bulb - PVG 168</partDescription>
    <unitOfMeasure>2 Pack</unitOfMeasure>
    <brandName>EIKO</brandName>
    <supplierNumber>168PVG-BPP</supplierNumber>
    <specialInstructions/>
    <baseDealerPrice>7.90</baseDealerPrice>
    <yourDealerPrice>7.90</yourDealerPrice>
    <baseRetailPrice>12.93</baseRetailPrice>
    <originalRetailPrice>11.95</originalRetailPrice>
    <partImage>http://asset.lemansnet.com/z/L0EvNS9BL0E1QTFDMjI4LUNDNDMtNDUxMy04NUUyLTRCNkM4OUZGMzU4MCwvNi85L0QvNjlEOTM0NTYtQjcwNy00NEJELUFGMUUtNzQ1OEU0NjY1MkFF</partImage>
    <productId>1549055491</productId>
    <productName>Mini Bulb</productName>
    <productImage>http://asset.lemansnet.com/z/LzYvOS9ELzY5RDkzNDU2LUI3MDctNDRCRC1BRjFFLTc0NThFNDY2NTJBRQ==</productImage>
    <bullet1>Precision-coiled, high output boosted lamp filament produces a high energy light pattern</bullet1>
    <bullet2>Precision-mixed halogen cycle gases result in high output performance</bullet2>
    <bullet3>Proprietary Coating produces a white light that is closer to HID than a standard halogen lamp</bullet3>
    <bullet4>The Power Vision Window increases light output to produce better nighttime illumination</bullet4>
    <bullet5/>
    <bullet6/>
    <bullet7/>
    <bullet8/>
    <bullet9/>
    <bullet10/>
    <bullet11/>
    <bullet12/>
    <bullet13/>
    <bullet14/>
    <bullet15/>
    <bullet16/>
    <bullet17/>
    <bullet18/>
    <bullet19/>
    <bullet20/>
    <bullet21/>
    <bullet22/>
    <bullet23/>
    <bullet24/>
    <vendorPriceUpdateDate>2023-04-22 00:00:00</vendorPriceUpdateDate>
  </part>
  <part>
    <partNumber>20600737</partNumber>
    <punctuatedPartNumber>2060-0737</punctuatedPartNumber>
    <partStatusDescription>STANDARD</partStatusDescription>
    <partDescription>Mini Bulb - PVG 3157</partDescription>
    <unitOfMeasure>2 Pack</unitOfMeasure>
    <brandName>EIKO</brandName>
    <supplierNumber>3157PVG-BPP</supplierNumber>
    <specialInstructions/>
    <baseDealerPrice>7.30</baseDealerPrice>
    <yourDealerPrice>7.30</yourDealerPrice>
    <baseRetailPrice>11.95</baseRetailPrice>
    <originalRetailPrice>11.95</originalRetailPrice>
    <partImage>http://asset.lemansnet.com/z/LzAvMy9FLzAzRTFCRjkyLUY5QTAtNDc0Qy1COTJFLTVDN0Y3MDM0NjA0MCwvOC9ELzUvOEQ1NTFCQjktNEY4Qi00QzlCLUFFNzMtQTA1NDY2RUIwMUZELC8wLzMvMS8wMzFFMUUwOS04MzNGLTRDRTUtODcxQS1CQThBNUFBRkUyMDk=</partImage>
    <productId>1549055491</productId>
    <productName>Mini Bulb</productName>
    <productImage>http://asset.lemansnet.com/z/LzYvOS9ELzY5RDkzNDU2LUI3MDctNDRCRC1BRjFFLTc0NThFNDY2NTJBRQ==</productImage>
    <bullet1>Precision-coiled, high output boosted lamp filament produces a high energy light pattern</bullet1>
    <bullet2>Precision-mixed halogen cycle gases result in high output performance</bullet2>
    <bullet3>Proprietary Coating produces a white light that is closer to HID than a standard halogen lamp</bullet3>
    <bullet4>The Power Vision Window increases light output to produce better nighttime illumination</bullet4>
    <bullet5/>
    <bullet6/>
    <bullet7/>
    <bullet8/>
    <bullet9/>
    <bullet10/>
    <bullet11/>
    <bullet12/>
    <bullet13/>
    <bullet14/>
    <bullet15/>
    <bullet16/>
    <bullet17/>
    <bullet18/>
    <bullet19/>
    <bullet20/>
    <bullet21/>
    <bullet22/>
    <bullet23/>
    <bullet24/>
    <vendorPriceUpdateDate>2023-04-22 00:00:00</vendorPriceUpdateDate>
  </part>
  <part>
    <partNumber>20600736</partNumber>
    <punctuatedPartNumber>2060-0736</punctuatedPartNumber>
    <partStatusDescription>STANDARD</partStatusDescription>
    <partDescription>Mini Bulb - PVG 1157</partDescription>
    <unitOfMeasure>2 Pack</unitOfMeasure>
    <brandName>EIKO</brandName>
    <supplierNumber>1157PVG-BPP</supplierNumber>
    <specialInstructions/>
    <baseDealerPrice>8.00</baseDealerPrice>
    <yourDealerPrice>8.00</yourDealerPrice>
    <baseRetailPrice>13.10</baseRetailPrice>
    <originalRetailPrice>11.95</originalRetailPrice>
    <partImage>http://asset.lemansnet.com/z/LzQvQi9BLzRCQTAwNkM4LTg3REQtNDg3Ny1BQ0U4LTgzQjkzQjdBQUQ0RiwvMy80LzEvMzQxRTY3MDktMDgxMS00RkZDLTkzMEUtNkRDOTBGQjNFOUZE</partImage>
    <productId>1549055491</productId>
    <productName>Mini Bulb</productName>
    <productImage>http://asset.lemansnet.com/z/LzYvOS9ELzY5RDkzNDU2LUI3MDctNDRCRC1BRjFFLTc0NThFNDY2NTJBRQ==</productImage>
    <bullet1>Precision-coiled, high output boosted lamp filament produces a high energy light pattern</bullet1>
    <bullet2>Precision-mixed halogen cycle gases result in high output performance</bullet2>
    <bullet3>Proprietary Coating produces a white light that is closer to HID than a standard halogen lamp</bullet3>
    <bullet4>The Power Vision Window increases light output to produce better nighttime illumination</bullet4>
    <bullet5/>
    <bullet6/>
    <bullet7/>
    <bullet8/>
    <bullet9/>
    <bullet10/>
    <bullet11/>
    <bullet12/>
    <bullet13/>
    <bullet14/>
    <bullet15/>
    <bullet16/>
    <bullet17/>
    <bullet18/>
    <bullet19/>
    <bullet20/>
    <bullet21/>
    <bullet22/>
    <bullet23/>
    <bullet24/>
    <vendorPriceUpdateDate>2023-04-22 00:00:00</vendorPriceUpdateDate>
  </part>
</root>
