<root>
  <part>
    <partNumber>24020090</partNumber>
    <punctuatedPartNumber>2402-0090</punctuatedPartNumber>
    <partStatusDescription>STANDARD</partStatusDescription>
    <partDescription>Wire Terminal Assortment - 160-Piece</partDescription>
    <unitOfMeasure>Kit</unitOfMeasure>
    <brandName>PERFORMANCE TOOL</brandName>
    <supplierNumber>W5213</supplierNumber>
    <specialInstructions/>
    <baseDealerPrice>12.94</baseDealerPrice>
    <yourDealerPrice>12.94</yourDealerPrice>
    <baseRetailPrice>19.91</baseRetailPrice>
    <originalRetailPrice>27.95</originalRetailPrice>
    <partImage>http://asset.lemansnet.com/z/L0UvNS9FL0U1RUMxNjA3LTI2MTctNDY3NS05RTIwLUY5MzcxOEM5MTFFMA==</partImage>
    <productId>1906493574</productId>
    <productName>160-Piece Wire Terminal Assortment</productName>
    <productImage>http://asset.lemansnet.com/z/L0UvNS9FL0U1RUMxNjA3LTI2MTctNDY3NS05RTIwLUY5MzcxOEM5MTFFMA==</productImage>
    <bullet1>Assortment of crimp-on wire terminals and splices for any electrical job in a resealable plastic case</bullet1>
    <bullet2>Contains 19 popular sizes</bullet2>
    <bullet3/>
    <bullet4/>
    <bullet5/>
    <bullet6/>
    <bullet7/>
    <bullet8/>
    <bullet9/>
    <bullet10/>
    <bullet11/>
    <bullet12/>
    <bullet13/>
    <bullet14/>
    <bullet15/>
    <bullet16/>
    <bullet17/>
    <bullet18/>
    <bullet19/>
    <bullet20/>
    <bullet21/>
    <bullet22/>
    <bullet23/>
    <bullet24/>
    <vendorPriceUpdateDate>2023-04-22 00:00:00</vendorPriceUpdateDate>
  </part>
  <part>
    <partNumber>24020094</partNumber>
    <punctuatedPartNumber>2402-0094</punctuatedPartNumber>
    <partStatusDescription>STANDARD</partStatusDescription>
    <partDescription>Snap Ring Assortment - 300-Piece</partDescription>
    <unitOfMeasure>Set</unitOfMeasure>
    <brandName>PERFORMANCE TOOL</brandName>
    <supplierNumber>W5212</supplierNumber>
    <specialInstructions/>
    <baseDealerPrice>9.20</baseDealerPrice>
    <yourDealerPrice>9.20</yourDealerPrice>
    <baseRetailPrice>14.15</baseRetailPrice>
    <originalRetailPrice>17.95</originalRetailPrice>
    <partImage>http://asset.lemansnet.com/z/LzcvMC9DLzcwQ0E2MUQ4LTM2ODItNDEzMy05OTRCLTA1ODFGNjkwQjZCMw==</partImage>
    <productId>0846976783</productId>
    <productName>Snap Ring Assortment</productName>
    <productImage>http://asset.lemansnet.com/z/LzcvMC9DLzcwQ0E2MUQ4LTM2ODItNDEzMy05OTRCLTA1ODFGNjkwQjZCMw==</productImage>
    <bullet1>Contains 300 assorted snap rings in 16 sizes ranging from 1/8" to 1-1/4"</bullet1>
    <bullet2>Convenient, resealable plastic case</bullet2>
    <bullet3/>
    <bullet4/>
    <bullet5/>
    <bullet6/>
    <bullet7/>
    <bullet8/>
    <bullet9/>
    <bullet10/>
    <bullet11/>
    <bullet12/>
    <bullet13/>
    <bullet14/>
    <bullet15/>
    <bullet16/>
    <bullet17/>
    <bullet18/>
    <bullet19/>
    <bullet20/>
    <bullet21/>
    <bullet22/>
    <bullet23/>
    <bullet24/>
    <vendorPriceUpdateDate>2023-04-22 00:00:00</vendorPriceUpdateDate>
  </part>
  <part>
    <partNumber>24020095</partNumber>
    <punctuatedPartNumber>2402-0095</punctuatedPartNumber>
    <partStatusDescription>STANDARD</partStatusDescription>
    <partDescription>Metric Nut/Bolt Assortment 240-Piece</partDescription>
    <unitOfMeasure>Kit</unitOfMeasure>
    <brandName>PERFORMANCE TOOL</brandName>
    <supplierNumber>W5334</supplierNumber>
    <specialInstructions/>
    <baseDealerPrice>9.82</baseDealerPrice>
    <yourDealerPrice>9.82</yourDealerPrice>
    <baseRetailPrice>15.11</baseRetailPrice>
    <originalRetailPrice>17.95</originalRetailPrice>
    <partImage>http://asset.lemansnet.com/z/L0IvOC8wL0I4MDE0OTU1LUE5RDEtNDZFRi05OTBELUQwMUE5REUwQkFERQ==</partImage>
    <productId>0581420426</productId>
    <productName>Bolt-Nut-Washer Assortment</productName>
    <productImage>http://asset.lemansnet.com/z/L0IvOC8wL0I4MDE0OTU1LUE5RDEtNDZFRi05OTBELUQwMUE5REUwQkFERQ==</productImage>
    <bullet1>Deluxe 240-piece assortment of metric bolts, nuts and washers from 4 mm to 10 mm diameter</bullet1>
    <bullet2>Convenient resealable plastic case</bullet2>
    <bullet3>Lengths from 12 mm to 40 mm</bullet3>
    <bullet4/>
    <bullet5/>
    <bullet6/>
    <bullet7/>
    <bullet8/>
    <bullet9/>
    <bullet10/>
    <bullet11/>
    <bullet12/>
    <bullet13/>
    <bullet14/>
    <bullet15/>
    <bullet16/>
    <bullet17/>
    <bullet18/>
    <bullet19/>
    <bullet20/>
    <bullet21/>
    <bullet22/>
    <bullet23/>
    <bullet24/>
    <vendorPriceUpdateDate>2023-04-22 00:00:00</vendorPriceUpdateDate>
  </part>
  <part>
    <partNumber>24020141</partNumber>
    <punctuatedPartNumber>2402-0141</punctuatedPartNumber>
    <partStatusDescription>STANDARD</partStatusDescription>
    <partDescription>Fuse Assortment - Mini - LED - 30 Pack</partDescription>
    <unitOfMeasure>30 Pack</unitOfMeasure>
    <brandName>PERFORMANCE TOOL</brandName>
    <supplierNumber>W5377</supplierNumber>
    <specialInstructions/>
    <baseDealerPrice>22.05</baseDealerPrice>
    <yourDealerPrice>22.05</yourDealerPrice>
    <baseRetailPrice>1.50</baseRetailPrice>
    <originalRetailPrice>31.95</originalRetailPrice>
    <partImage>http://asset.lemansnet.com/z/LzkvNC9CLzk0QkE5NDJGLTE0NDQtNDFBQS1CMTdFLTQyMDlGQUQxRTg1OA==</partImage>
    <productId>1742341770</productId>
    <productName>Mini Fuse Assortment</productName>
    <productImage>http://asset.lemansnet.com/z/LzkvNC9CLzk0QkE5NDJGLTE0NDQtNDFBQS1CMTdFLTQyMDlGQUQxRTg1OA==</productImage>
    <bullet1>30-piece mini fuse assortment contains five each 5, 10, 15, 20, 25 and 30 amp mini fuses with LED indicator; LED lights up when fuse is bad</bullet1>
    <bullet2>Fuses in kit are taller in height than standard fuses due to the built-in LED indicator</bullet2>
    <bullet3>Comes in a convenient resealable plastic case</bullet3>
    <bullet4/>
    <bullet5/>
    <bullet6/>
    <bullet7/>
    <bullet8/>
    <bullet9/>
    <bullet10/>
    <bullet11/>
    <bullet12/>
    <bullet13/>
    <bullet14/>
    <bullet15/>
    <bullet16/>
    <bullet17/>
    <bullet18/>
    <bullet19/>
    <bullet20/>
    <bullet21/>
    <bullet22/>
    <bullet23/>
    <bullet24/>
    <vendorPriceUpdateDate>2023-04-22 00:00:00</vendorPriceUpdateDate>
  </part>
  <part>
    <partNumber>38010157</partNumber>
    <punctuatedPartNumber>3801-0157</punctuatedPartNumber>
    <partStatusDescription>STANDARD</partStatusDescription>
    <partDescription>File - Ignition Points</partDescription>
    <unitOfMeasure>Each</unitOfMeasure>
    <brandName>PERFORMANCE TOOL</brandName>
    <supplierNumber>W123C</supplierNumber>
    <specialInstructions/>
    <baseDealerPrice>1.40</baseDealerPrice>
    <yourDealerPrice>1.40</yourDealerPrice>
    <baseRetailPrice>2.58</baseRetailPrice>
    <originalRetailPrice>3.95</originalRetailPrice>
    <partImage>http://asset.lemansnet.com/z/L0IvOS80L0I5NDU1NzVBLUIyOUEtNEYyMi04OUQ2LTI1QkQxRTZFQjEyQQ==</partImage>
    <productId>0782706242</productId>
    <productName>Ignition Points File</productName>
    <productImage>http://asset.lemansnet.com/z/L0IvOS80L0I5NDU1NzVBLUIyOUEtNEYyMi04OUQ2LTI1QkQxRTZFQjEyQQ==</productImage>
    <bullet1>Doubles as a light-duty general-purpose file</bullet1>
    <bullet2>Quickly cleans ignition points</bullet2>
    <bullet3/>
    <bullet4/>
    <bullet5/>
    <bullet6/>
    <bullet7/>
    <bullet8/>
    <bullet9/>
    <bullet10/>
    <bullet11/>
    <bullet12/>
    <bullet13/>
    <bullet14/>
    <bullet15/>
    <bullet16/>
    <bullet17/>
    <bullet18/>
    <bullet19/>
    <bullet20/>
    <bullet21/>
    <bullet22/>
    <bullet23/>
    <bullet24/>
    <vendorPriceUpdateDate>2022-03-08 00:00:00</vendorPriceUpdateDate>
  </part>
  <part>
    <partNumber>38070553</partNumber>
    <punctuatedPartNumber>3807-0553</punctuatedPartNumber>
    <partStatusDescription>STANDARD</partStatusDescription>
    <partDescription>Extractor Kit - Terminal Release</partDescription>
    <unitOfMeasure>Kit</unitOfMeasure>
    <brandName>PERFORMANCE TOOL</brandName>
    <supplierNumber>W9053</supplierNumber>
    <specialInstructions/>
    <baseDealerPrice>19.91</baseDealerPrice>
    <yourDealerPrice>19.91</yourDealerPrice>
    <baseRetailPrice>30.63</baseRetailPrice>
    <originalRetailPrice>27.95</originalRetailPrice>
    <partImage>http://asset.lemansnet.com/z/LzUvNS84LzU1ODJENjRDLUY0NUMtNDhCOS05NjFBLUM1NkM5NkU3QkIzNSwvMS8zLzAvMTMwNEYyNUEtNTY4My00OUZFLUI2MkYtRDVCRDIyQ0VEN0M4</partImage>
    <productId>1912167685</productId>
    <productName>22 Piece Terminal Release Kit</productName>
    <productImage>http://asset.lemansnet.com/z/LzUvNS84LzU1ODJENjRDLUY0NUMtNDhCOS05NjFBLUM1NkM5NkU3QkIzNQ==</productImage>
    <bullet1>Peg hook hanger tab can be pulled out for hanging or pushed flush into the case for compact storage</bullet1>
    <bullet2>Simply push the tool into the front (connector side) and pull the pin and wire from the back (wire side)</bullet2>
    <bullet3>Also includes a compact Delphi Weather Pack style release tool with fully molded easy-grip handle</bullet3>
    <bullet4>Tools fit inside two-sided flip case with crystal-clear lid so you can easily find the needed bit</bullet4>
    <bullet5>Contains styles and sizes to fit most wiring harnesses and power supply connector plugs</bullet5>
    <bullet6>Remove connector pins safely without damaging wiring harness or terminal block</bullet6>
    <bullet7>All tools are made of flexible 301 stainless steel with round rubber-coated handles</bullet7>
    <bullet8>Sizes Include:</bullet8>
    <bullet9>7 pc single pin extractor from 0.8 - 2 mm</bullet9>
    <bullet10>9 pc double pin extractor from 2 - 8 mm</bullet10>
    <bullet11>5 pc casing tool from 2 - 4.9 mm ID</bullet11>
    <bullet12/>
    <bullet13/>
    <bullet14/>
    <bullet15/>
    <bullet16/>
    <bullet17/>
    <bullet18/>
    <bullet19/>
    <bullet20/>
    <bullet21/>
    <bullet22/>
    <bullet23/>
    <bullet24/>
    <vendorPriceUpdateDate>2022-03-08 00:00:00</vendorPriceUpdateDate>
  </part>
  <part>
    <partNumber>38100067</partNumber>
    <punctuatedPartNumber>3810-0067</punctuatedPartNumber>
    <partStatusDescription>STANDARD</partStatusDescription>
    <partDescription>Tire Bead Sealer</partDescription>
    <unitOfMeasure>Each</unitOfMeasure>
    <brandName>PERFORMANCE TOOL</brandName>
    <supplierNumber>W10012</supplierNumber>
    <specialInstructions/>
    <baseDealerPrice>157.14</baseDealerPrice>
    <yourDealerPrice>157.14</yourDealerPrice>
    <baseRetailPrice>241.75</baseRetailPrice>
    <originalRetailPrice>224.95</originalRetailPrice>
    <partImage>http://asset.lemansnet.com/z/bWVkaWEvM2MzNjk0OTYtYzMyNS00NGE4LWI2MmEtMWNmYmNjZDA4YTU1LC80L0MvNC80QzQxQTY4NC1BREFCLTQzRjMtQkQyRC0yNzhCODJCNDBGRUQ=</partImage>
    <productId>2010078255</productId>
    <productName>Tire Bead Seater</productName>
    <productImage>http://asset.lemansnet.com/z/LzQvQy80LzRDNDFBNjg0LUFEQUItNDNGMy1CRDJELTI3OEI4MkI0MEZFRA==</productImage>
    <bullet1>Portable tire bead seater aids in sealing beads on large and difficult tires</bullet1>
    <bullet2>Recommended operating pressure of 85-125 psi</bullet2>
    <bullet3>Heavy-duty ball air inlet and exhaust port valves</bullet3>
    <bullet4>Has pressure gauge and carrying handle</bullet4>
    <bullet5/>
    <bullet6/>
    <bullet7/>
    <bullet8/>
    <bullet9/>
    <bullet10/>
    <bullet11/>
    <bullet12/>
    <bullet13/>
    <bullet14/>
    <bullet15/>
    <bullet16/>
    <bullet17/>
    <bullet18/>
    <bullet19/>
    <bullet20/>
    <bullet21/>
    <bullet22/>
    <bullet23/>
    <bullet24/>
    <vendorPriceUpdateDate>2022-06-27 00:00:00</vendorPriceUpdateDate>
  </part>
  <part>
    <partNumber>38010338</partNumber>
    <punctuatedPartNumber>3801-0338</punctuatedPartNumber>
    <partStatusDescription>STANDARD</partStatusDescription>
    <partDescription>Socket - Spark/Plug - 5/8"</partDescription>
    <unitOfMeasure>Each</unitOfMeasure>
    <brandName>PERFORMANCE TOOL</brandName>
    <supplierNumber>W38160</supplierNumber>
    <specialInstructions/>
    <baseDealerPrice>2.60</baseDealerPrice>
    <yourDealerPrice>2.60</yourDealerPrice>
    <baseRetailPrice>4.46</baseRetailPrice>
    <originalRetailPrice>4.95</originalRetailPrice>
    <partImage>http://asset.lemansnet.com/z/LzUvQi9CLzVCQjc0OUZELTEyMEMtNENFQS04ODg0LUJDOTgzNkExMjhDRSwvOS83LzQvOTc0MTY5NDctNEEzQy00MTZFLTgzRTQtODJENkREOUZCOEE5</partImage>
    <productId>1396518452</productId>
    <productName>Spark Plug Socket</productName>
    <productImage>http://asset.lemansnet.com/z/LzUvMy8yLzUzMjU3QkNDLTNGNDQtNDUxRi1BMkRGLUM1RUVBM0MyMjkwMg==</productImage>
    <bullet1>Socket openings are designed to reduce fastener rounding</bullet1>
    <bullet2>Large stamping for quick identification</bullet2>
    <bullet3/>
    <bullet4/>
    <bullet5/>
    <bullet6/>
    <bullet7/>
    <bullet8/>
    <bullet9/>
    <bullet10/>
    <bullet11/>
    <bullet12/>
    <bullet13/>
    <bullet14/>
    <bullet15/>
    <bullet16/>
    <bullet17/>
    <bullet18/>
    <bullet19/>
    <bullet20/>
    <bullet21/>
    <bullet22/>
    <bullet23/>
    <bullet24/>
    <vendorPriceUpdateDate>2022-03-08 00:00:00</vendorPriceUpdateDate>
  </part>
  <part>
    <partNumber>38010339</partNumber>
    <punctuatedPartNumber>3801-0339</punctuatedPartNumber>
    <partStatusDescription>STANDARD</partStatusDescription>
    <partDescription>Socket - Spark/Plug - 13/16"</partDescription>
    <unitOfMeasure>Each</unitOfMeasure>
    <brandName>PERFORMANCE TOOL</brandName>
    <supplierNumber>W38164</supplierNumber>
    <specialInstructions/>
    <baseDealerPrice>3.45</baseDealerPrice>
    <yourDealerPrice>3.45</yourDealerPrice>
    <baseRetailPrice>5.31</baseRetailPrice>
    <originalRetailPrice>4.95</originalRetailPrice>
    <partImage>http://asset.lemansnet.com/z/LzYvMS8zLzYxMzMxRjI4LTQ4MTgtNDE3Mi1CRDNDLUVFREM0MzMwOTZDRCwvQy9FLzQvQ0U0ODVCRjItM0E4Ni00RTU0LTlBNjEtRTZDQjRCRjgyRkE0</partImage>
    <productId>1396518452</productId>
    <productName>Spark Plug Socket</productName>
    <productImage>http://asset.lemansnet.com/z/LzUvMy8yLzUzMjU3QkNDLTNGNDQtNDUxRi1BMkRGLUM1RUVBM0MyMjkwMg==</productImage>
    <bullet1>Socket openings are designed to reduce fastener rounding</bullet1>
    <bullet2>Large stamping for quick identification</bullet2>
    <bullet3/>
    <bullet4/>
    <bullet5/>
    <bullet6/>
    <bullet7/>
    <bullet8/>
    <bullet9/>
    <bullet10/>
    <bullet11/>
    <bullet12/>
    <bullet13/>
    <bullet14/>
    <bullet15/>
    <bullet16/>
    <bullet17/>
    <bullet18/>
    <bullet19/>
    <bullet20/>
    <bullet21/>
    <bullet22/>
    <bullet23/>
    <bullet24/>
    <vendorPriceUpdateDate>2022-03-08 00:00:00</vendorPriceUpdateDate>
  </part>
  <part>
    <partNumber>38010340</partNumber>
    <punctuatedPartNumber>3801-0340</punctuatedPartNumber>
    <partStatusDescription>STANDARD</partStatusDescription>
    <partDescription>Socket - Spark/Plug - 3/4"</partDescription>
    <unitOfMeasure>Each</unitOfMeasure>
    <brandName>PERFORMANCE TOOL</brandName>
    <supplierNumber>W38163</supplierNumber>
    <specialInstructions/>
    <baseDealerPrice>4.10</baseDealerPrice>
    <yourDealerPrice>4.10</yourDealerPrice>
    <baseRetailPrice>7.06</baseRetailPrice>
    <originalRetailPrice>6.95</originalRetailPrice>
    <partImage>http://asset.lemansnet.com/z/LzMvOC9ELzM4REVCQTczLUJGOUQtNEI2Ni1CNjlELTBBQjc0MkNDNzRDMiwvMy85LzIvMzkyREFENDAtQjY4Ri00QTBFLUE3QzgtNjcxRDIxODkwMjZC</partImage>
    <productId>1396518452</productId>
    <productName>Spark Plug Socket</productName>
    <productImage>http://asset.lemansnet.com/z/LzUvMy8yLzUzMjU3QkNDLTNGNDQtNDUxRi1BMkRGLUM1RUVBM0MyMjkwMg==</productImage>
    <bullet1>Socket openings are designed to reduce fastener rounding</bullet1>
    <bullet2>Large stamping for quick identification</bullet2>
    <bullet3/>
    <bullet4/>
    <bullet5/>
    <bullet6/>
    <bullet7/>
    <bullet8/>
    <bullet9/>
    <bullet10/>
    <bullet11/>
    <bullet12/>
    <bullet13/>
    <bullet14/>
    <bullet15/>
    <bullet16/>
    <bullet17/>
    <bullet18/>
    <bullet19/>
    <bullet20/>
    <bullet21/>
    <bullet22/>
    <bullet23/>
    <bullet24/>
    <vendorPriceUpdateDate>2022-03-08 00:00:00</vendorPriceUpdateDate>
  </part>
  <part>
    <partNumber>38010341</partNumber>
    <punctuatedPartNumber>3801-0341</punctuatedPartNumber>
    <partStatusDescription>STANDARD</partStatusDescription>
    <partDescription>Socket - Spark/Plug - 14 mm</partDescription>
    <unitOfMeasure>Each</unitOfMeasure>
    <brandName>PERFORMANCE TOOL</brandName>
    <supplierNumber>W38166</supplierNumber>
    <specialInstructions/>
    <baseDealerPrice>3.10</baseDealerPrice>
    <yourDealerPrice>3.10</yourDealerPrice>
    <baseRetailPrice>5.23</baseRetailPrice>
    <originalRetailPrice>4.95</originalRetailPrice>
    <partImage>http://asset.lemansnet.com/z/L0UvNS81L0U1NTc4OTU1LTZENUYtNEY2QS04N0UwLUNBODFBREQ3RDY0RiwvRC8xL0QvRDFEMzk3NjktNDhCNS00QjE3LTg5NEEtNTNCNzdBNkQxREZE</partImage>
    <productId>1396518452</productId>
    <productName>Spark Plug Socket</productName>
    <productImage>http://asset.lemansnet.com/z/LzUvMy8yLzUzMjU3QkNDLTNGNDQtNDUxRi1BMkRGLUM1RUVBM0MyMjkwMg==</productImage>
    <bullet1>Socket openings are designed to reduce fastener rounding</bullet1>
    <bullet2>Large stamping for quick identification</bullet2>
    <bullet3/>
    <bullet4/>
    <bullet5/>
    <bullet6/>
    <bullet7/>
    <bullet8/>
    <bullet9/>
    <bullet10/>
    <bullet11/>
    <bullet12/>
    <bullet13/>
    <bullet14/>
    <bullet15/>
    <bullet16/>
    <bullet17/>
    <bullet18/>
    <bullet19/>
    <bullet20/>
    <bullet21/>
    <bullet22/>
    <bullet23/>
    <bullet24/>
    <vendorPriceUpdateDate>2022-03-08 00:00:00</vendorPriceUpdateDate>
  </part>
  <part>
    <partNumber>38010342</partNumber>
    <punctuatedPartNumber>3801-0342</punctuatedPartNumber>
    <partStatusDescription>STANDARD</partStatusDescription>
    <partDescription>Socket - Spark/Plug - 18 mm</partDescription>
    <unitOfMeasure>Each</unitOfMeasure>
    <brandName>PERFORMANCE TOOL</brandName>
    <supplierNumber>W38168</supplierNumber>
    <specialInstructions/>
    <baseDealerPrice>3.60</baseDealerPrice>
    <yourDealerPrice>3.60</yourDealerPrice>
    <baseRetailPrice>6.14</baseRetailPrice>
    <originalRetailPrice>5.95</originalRetailPrice>
    <partImage>http://asset.lemansnet.com/z/LzUvMy8yLzUzMjU3QkNDLTNGNDQtNDUxRi1BMkRGLUM1RUVBM0MyMjkwMiwvNi9BL0IvNkFCODYyRjctQzYxQS00QkE1LThBMEItRkRFRUEzMjg4NzdC</partImage>
    <productId>1396518452</productId>
    <productName>Spark Plug Socket</productName>
    <productImage>http://asset.lemansnet.com/z/LzUvMy8yLzUzMjU3QkNDLTNGNDQtNDUxRi1BMkRGLUM1RUVBM0MyMjkwMg==</productImage>
    <bullet1>Socket openings are designed to reduce fastener rounding</bullet1>
    <bullet2>Large stamping for quick identification</bullet2>
    <bullet3/>
    <bullet4/>
    <bullet5/>
    <bullet6/>
    <bullet7/>
    <bullet8/>
    <bullet9/>
    <bullet10/>
    <bullet11/>
    <bullet12/>
    <bullet13/>
    <bullet14/>
    <bullet15/>
    <bullet16/>
    <bullet17/>
    <bullet18/>
    <bullet19/>
    <bullet20/>
    <bullet21/>
    <bullet22/>
    <bullet23/>
    <bullet24/>
    <vendorPriceUpdateDate>2022-03-08 00:00:00</vendorPriceUpdateDate>
  </part>
  <part>
    <partNumber>38500038</partNumber>
    <punctuatedPartNumber>3850-0038</punctuatedPartNumber>
    <partStatusDescription>STANDARD</partStatusDescription>
    <partDescription>Floor Mat - Anti-Fatigue</partDescription>
    <unitOfMeasure>6 Pack</unitOfMeasure>
    <brandName>PERFORMANCE TOOL</brandName>
    <supplierNumber>W88989</supplierNumber>
    <specialInstructions/>
    <baseDealerPrice>23.44</baseDealerPrice>
    <yourDealerPrice>23.44</yourDealerPrice>
    <baseRetailPrice>36.06</baseRetailPrice>
    <originalRetailPrice>33.95</originalRetailPrice>
    <partImage>http://asset.lemansnet.com/z/LzgvQS9CLzhBQkQxQjYwLThCOUItNEIwMC04RUQwLURDMDJFRDI0MDBFMg==</partImage>
    <productId>1488150094</productId>
    <productName>Anti-Fatigue Floor Mats</productName>
    <productImage>http://asset.lemansnet.com/z/LzgvQS9CLzhBQkQxQjYwLThCOUItNEIwMC04RUQwLURDMDJFRDI0MDBFMg==</productImage>
    <bullet1>Each pack covers 16-2/3 square feet; borders included</bullet1>
    <bullet2>Six interlocking 20" x 20" mats measure 3/8" thick</bullet2>
    <bullet3>Connect multiple packs for more floor coverage</bullet3>
    <bullet4>Add comfort and protection to any floor</bullet4>
    <bullet5/>
    <bullet6/>
    <bullet7/>
    <bullet8/>
    <bullet9/>
    <bullet10/>
    <bullet11/>
    <bullet12/>
    <bullet13/>
    <bullet14/>
    <bullet15/>
    <bullet16/>
    <bullet17/>
    <bullet18/>
    <bullet19/>
    <bullet20/>
    <bullet21/>
    <bullet22/>
    <bullet23/>
    <bullet24/>
    <vendorPriceUpdateDate>2023-04-22 00:00:00</vendorPriceUpdateDate>
  </part>
  <part>
    <partNumber>38500069</partNumber>
    <punctuatedPartNumber>3850-0069</punctuatedPartNumber>
    <partStatusDescription>STANDARD</partStatusDescription>
    <partDescription>Tray - Magnetic - Large</partDescription>
    <unitOfMeasure>Each</unitOfMeasure>
    <brandName>PERFORMANCE TOOL</brandName>
    <supplierNumber>W1265</supplierNumber>
    <specialInstructions/>
    <baseDealerPrice>8.31</baseDealerPrice>
    <yourDealerPrice>8.31</yourDealerPrice>
    <baseRetailPrice>12.78</baseRetailPrice>
    <originalRetailPrice>13.95</originalRetailPrice>
    <partImage>http://asset.lemansnet.com/z/LzgvMS8zLzgxM0QxOThCLTEzN0YtNDhBRi1CQzk5LTFFNUYzNEJGRDQyNA==</partImage>
    <productId>0219565836</productId>
    <productName>Tool Tray</productName>
    <productImage>http://asset.lemansnet.com/z/LzgvMS8zLzgxM0QxOThCLTEzN0YtNDhBRi1CQzk5LTFFNUYzNEJGRDQyNA==</productImage>
    <bullet1>Heavy-duty magnets (two on large tray, one on small tray) with durable rubber coating to help prevent scuffing and scratching</bullet1>
    <bullet2>Can be used horizontally, vertically or upside down</bullet2>
    <bullet3>Great for small parts, fasteners and tools</bullet3>
    <bullet4/>
    <bullet5/>
    <bullet6/>
    <bullet7/>
    <bullet8/>
    <bullet9/>
    <bullet10/>
    <bullet11/>
    <bullet12/>
    <bullet13/>
    <bullet14/>
    <bullet15/>
    <bullet16/>
    <bullet17/>
    <bullet18/>
    <bullet19/>
    <bullet20/>
    <bullet21/>
    <bullet22/>
    <bullet23/>
    <bullet24/>
    <vendorPriceUpdateDate>2022-03-08 00:00:00</vendorPriceUpdateDate>
  </part>
  <part>
    <partNumber>38500073</partNumber>
    <punctuatedPartNumber>3850-0073</punctuatedPartNumber>
    <partStatusDescription>STANDARD</partStatusDescription>
    <partDescription>Pick Up Tool - Magnetic with Light</partDescription>
    <unitOfMeasure>Each</unitOfMeasure>
    <brandName>PERFORMANCE TOOL</brandName>
    <supplierNumber>W1933</supplierNumber>
    <specialInstructions/>
    <baseDealerPrice>6.80</baseDealerPrice>
    <yourDealerPrice>6.80</yourDealerPrice>
    <baseRetailPrice>10.46</baseRetailPrice>
    <originalRetailPrice>11.95</originalRetailPrice>
    <partImage>http://asset.lemansnet.com/z/LzgvMS85LzgxOTMxNzgwLTQ2RTctNDg0Mi1CMDJBLTEzRDkxMDcxRjFCRSwvNi8xLzgvNjE4OUY4OTItMkIxNy00MEYyLTg5NjctNkZGMDNDNEUyQjc1</partImage>
    <productId>1647736298</productId>
    <productName>Lighted Magnetic Pick-up</productName>
    <productImage>http://asset.lemansnet.com/z/LzgvMS85LzgxOTMxNzgwLTQ2RTctNDg0Mi1CMDJBLTEzRDkxMDcxRjFCRQ==</productImage>
    <bullet1>Bright LED light helps find lost tools and parts</bullet1>
    <bullet2>Easily retrieves small objects from confined areas</bullet2>
    <bullet3>Cushion-grip handle</bullet3>
    <bullet4/>
    <bullet5/>
    <bullet6/>
    <bullet7/>
    <bullet8/>
    <bullet9/>
    <bullet10/>
    <bullet11/>
    <bullet12/>
    <bullet13/>
    <bullet14/>
    <bullet15/>
    <bullet16/>
    <bullet17/>
    <bullet18/>
    <bullet19/>
    <bullet20/>
    <bullet21/>
    <bullet22/>
    <bullet23/>
    <bullet24/>
    <vendorPriceUpdateDate>2022-03-08 00:00:00</vendorPriceUpdateDate>
  </part>
  <part>
    <partNumber>38500150</partNumber>
    <punctuatedPartNumber>3850-0150</punctuatedPartNumber>
    <partStatusDescription>STANDARD</partStatusDescription>
    <partDescription>Hook &amp; Pick - 6-Piece Set</partDescription>
    <unitOfMeasure>Set</unitOfMeasure>
    <brandName>PERFORMANCE TOOL</brandName>
    <supplierNumber>W942</supplierNumber>
    <specialInstructions/>
    <baseDealerPrice>6.99</baseDealerPrice>
    <yourDealerPrice>6.99</yourDealerPrice>
    <baseRetailPrice>10.75</baseRetailPrice>
    <originalRetailPrice>12.95</originalRetailPrice>
    <partImage>http://asset.lemansnet.com/z/LzMvOC8yLzM4MkFBMjg1LTM4QkItNEU2Ri04ODQ3LTI4MjlDQTM1RTlEOA==</partImage>
    <productId>1048818518</productId>
    <productName>6-Piece Hook and Pick Set</productName>
    <productImage>http://asset.lemansnet.com/z/LzMvOC8yLzM4MkFBMjg1LTM4QkItNEU2Ri04ODQ3LTI4MjlDQTM1RTlEOA==</productImage>
    <bullet1>Set contents: straight pick, 90° pick, double angle pick, complex pick, combination pick and hook pick</bullet1>
    <bullet2>Includes straight, angled and combination picks</bullet2>
    <bullet3>Durable double-injection-molded handles</bullet3>
    <bullet4>Handy storage tray included</bullet4>
    <bullet5/>
    <bullet6/>
    <bullet7/>
    <bullet8/>
    <bullet9/>
    <bullet10/>
    <bullet11/>
    <bullet12/>
    <bullet13/>
    <bullet14/>
    <bullet15/>
    <bullet16/>
    <bullet17/>
    <bullet18/>
    <bullet19/>
    <bullet20/>
    <bullet21/>
    <bullet22/>
    <bullet23/>
    <bullet24/>
    <vendorPriceUpdateDate>2023-04-22 00:00:00</vendorPriceUpdateDate>
  </part>
  <part>
    <partNumber>38500152</partNumber>
    <punctuatedPartNumber>3850-0152</punctuatedPartNumber>
    <partStatusDescription>STANDARD</partStatusDescription>
    <partDescription>Scraper - Extended</partDescription>
    <unitOfMeasure>Each</unitOfMeasure>
    <brandName>PERFORMANCE TOOL</brandName>
    <supplierNumber>W233</supplierNumber>
    <specialInstructions/>
    <baseDealerPrice>4.27</baseDealerPrice>
    <yourDealerPrice>4.27</yourDealerPrice>
    <baseRetailPrice>6.57</baseRetailPrice>
    <originalRetailPrice>7.95</originalRetailPrice>
    <partImage>http://asset.lemansnet.com/z/L0UvNi9BL0U2QTg0QzBDLTE5OEQtNEVCNS1CRjNDLTIzOUZBRDlDM0Y2NQ==</partImage>
    <productId>0311675902</productId>
    <productName>Extended Scraper</productName>
    <productImage>http://asset.lemansnet.com/z/L0UvNi9BL0U2QTg0QzBDLTE5OEQtNEVCNS1CRjNDLTIzOUZBRDlDM0Y2NQ==</productImage>
    <bullet1>Extra blades store in handle</bullet1>
    <bullet2>Reaches confined areas</bullet2>
    <bullet3/>
    <bullet4/>
    <bullet5/>
    <bullet6/>
    <bullet7/>
    <bullet8/>
    <bullet9/>
    <bullet10/>
    <bullet11/>
    <bullet12/>
    <bullet13/>
    <bullet14/>
    <bullet15/>
    <bullet16/>
    <bullet17/>
    <bullet18/>
    <bullet19/>
    <bullet20/>
    <bullet21/>
    <bullet22/>
    <bullet23/>
    <bullet24/>
    <vendorPriceUpdateDate>2022-03-08 00:00:00</vendorPriceUpdateDate>
  </part>
  <part>
    <partNumber>38500153</partNumber>
    <punctuatedPartNumber>3850-0153</punctuatedPartNumber>
    <partStatusDescription>STANDARD</partStatusDescription>
    <partDescription>Scraper - Carbon-Gasket</partDescription>
    <unitOfMeasure>Each</unitOfMeasure>
    <brandName>PERFORMANCE TOOL</brandName>
    <supplierNumber>W234C</supplierNumber>
    <specialInstructions/>
    <baseDealerPrice>4.50</baseDealerPrice>
    <yourDealerPrice>4.50</yourDealerPrice>
    <baseRetailPrice>6.92</baseRetailPrice>
    <originalRetailPrice>7.95</originalRetailPrice>
    <partImage>http://asset.lemansnet.com/z/LzAvRi9FLzBGRTg2RjUxLUQ1MzAtNDk0MS04NTkzLTIwRTJGMjUzNjIxMQ==</partImage>
    <productId>1771895784</productId>
    <productName>Carbon and Gasket Scraper</productName>
    <productImage>http://asset.lemansnet.com/z/LzAvRi9FLzBGRTg2RjUxLUQ1MzAtNDk0MS04NTkzLTIwRTJGMjUzNjIxMQ==</productImage>
    <bullet1>Plated to resist corrosion</bullet1>
    <bullet2/>
    <bullet3/>
    <bullet4/>
    <bullet5/>
    <bullet6/>
    <bullet7/>
    <bullet8/>
    <bullet9/>
    <bullet10/>
    <bullet11/>
    <bullet12/>
    <bullet13/>
    <bullet14/>
    <bullet15/>
    <bullet16/>
    <bullet17/>
    <bullet18/>
    <bullet19/>
    <bullet20/>
    <bullet21/>
    <bullet22/>
    <bullet23/>
    <bullet24/>
    <vendorPriceUpdateDate>2022-03-08 00:00:00</vendorPriceUpdateDate>
  </part>
  <part>
    <partNumber>38500218</partNumber>
    <punctuatedPartNumber>3850-0218</punctuatedPartNumber>
    <partStatusDescription>STANDARD</partStatusDescription>
    <partDescription>Mat Roll - Anti-Fatigue</partDescription>
    <unitOfMeasure>Each</unitOfMeasure>
    <brandName>PERFORMANCE TOOL</brandName>
    <supplierNumber>W88981</supplierNumber>
    <specialInstructions/>
    <baseDealerPrice>26.47</baseDealerPrice>
    <yourDealerPrice>26.47</yourDealerPrice>
    <baseRetailPrice>40.72</baseRetailPrice>
    <originalRetailPrice>43.95</originalRetailPrice>
    <partImage>http://asset.lemansnet.com/z/LzkvOC8yLzk4MkE0NTVELTA4QUMtNEI3MS05OTk0LTI5MzBBMzExMkU4RiwvNi80L0IvNjRCMDZENTQtODk5MC00QzVCLTgxQkUtNDhCRUExQzRCQTUzLC9CL0QvOC9CRDhCMDVBRS1DMjg1LTRBMzUtODdFRi0xMUZCNzE1RTcwMDg=</partImage>
    <productId>1833086956</productId>
    <productName>Anti-Fatigue Grip Mat Roll</productName>
    <productImage>http://asset.lemansnet.com/z/LzkvOC8yLzk4MkE0NTVELTA4QUMtNEI3MS05OTk0LTI5MzBBMzExMkU4Rg==</productImage>
    <bullet1>9/32" thick lightweight and easy-to-clean mat protects floors from damage</bullet1>
    <bullet2>Reduced noise and vibration; mat is easy to cut when fitting</bullet2>
    <bullet3>Sold in 46" x 93" roll; covers approximately 30 square feet</bullet3>
    <bullet4/>
    <bullet5/>
    <bullet6/>
    <bullet7/>
    <bullet8/>
    <bullet9/>
    <bullet10/>
    <bullet11/>
    <bullet12/>
    <bullet13/>
    <bullet14/>
    <bullet15/>
    <bullet16/>
    <bullet17/>
    <bullet18/>
    <bullet19/>
    <bullet20/>
    <bullet21/>
    <bullet22/>
    <bullet23/>
    <bullet24/>
    <vendorPriceUpdateDate>2022-03-08 00:00:00</vendorPriceUpdateDate>
  </part>
  <part>
    <partNumber>38500265</partNumber>
    <punctuatedPartNumber>3850-0265</punctuatedPartNumber>
    <partStatusDescription>STANDARD</partStatusDescription>
    <partDescription>Impact Driver - 1/4"</partDescription>
    <unitOfMeasure>Kit</unitOfMeasure>
    <brandName>PERFORMANCE TOOL</brandName>
    <supplierNumber>W2503</supplierNumber>
    <specialInstructions/>
    <baseDealerPrice>14.34</baseDealerPrice>
    <yourDealerPrice>14.34</yourDealerPrice>
    <baseRetailPrice>22.06</baseRetailPrice>
    <originalRetailPrice>19.95</originalRetailPrice>
    <partImage>http://asset.lemansnet.com/z/L0EvNC8xL0E0MUM5NzVDLTk2QUYtNENDNi1CM0ZBLTA0MjA4MDlEMUQ1Qg==</partImage>
    <productId>1971847625</productId>
    <productName>Impact Driver and Extractor</productName>
    <productImage>http://asset.lemansnet.com/z/L0EvNC8xL0E0MUM5NzVDLTk2QUYtNENDNi1CM0ZBLTA0MjA4MDlEMUQ1Qg==</productImage>
    <bullet1>Includes one each screw driver bits: slotted 3/16" and Phillips #1 and #2 bits</bullet1>
    <bullet2>Convenient 1/4“ receiver allows for use of any 1/4“ bit tip or hex nut driver</bullet2>
    <bullet3>Ideal for loosening or removing firmly tightened or rusted screws or bolts</bullet3>
    <bullet4>Also includes one each of extractor bit sizes #1 (3/32“-5/32“; 2.5mm - 4mm), #2 (5/32“-7/32“; 4mm - 6mm) and #3 (7/32“- 9/32”; 6mm - 8mm)</bullet4>
    <bullet5/>
    <bullet6/>
    <bullet7/>
    <bullet8/>
    <bullet9/>
    <bullet10/>
    <bullet11/>
    <bullet12/>
    <bullet13/>
    <bullet14/>
    <bullet15/>
    <bullet16/>
    <bullet17/>
    <bullet18/>
    <bullet19/>
    <bullet20/>
    <bullet21/>
    <bullet22/>
    <bullet23/>
    <bullet24/>
    <vendorPriceUpdateDate>2023-04-22 00:00:00</vendorPriceUpdateDate>
  </part>
  <part>
    <partNumber>38500266</partNumber>
    <punctuatedPartNumber>3850-0266</punctuatedPartNumber>
    <partStatusDescription>STANDARD</partStatusDescription>
    <partDescription>Cable Tie Gun</partDescription>
    <unitOfMeasure>Each</unitOfMeasure>
    <brandName>PERFORMANCE TOOL</brandName>
    <supplierNumber>W2919</supplierNumber>
    <specialInstructions/>
    <baseDealerPrice>18.19</baseDealerPrice>
    <yourDealerPrice>18.19</yourDealerPrice>
    <baseRetailPrice>27.98</baseRetailPrice>
    <originalRetailPrice>25.95</originalRetailPrice>
    <partImage>http://asset.lemansnet.com/z/LzMvMy8zLzMzM0QxNzYxLUY0N0EtNEI3OS04QzRDLTIzMDRCRkEyQjM2NQ==</partImage>
    <productId>0459190810</productId>
    <productName>Adjustable Cable Tie Gun</productName>
    <productImage>http://asset.lemansnet.com/z/LzMvMy8zLzMzM0QxNzYxLUY0N0EtNEI3OS04QzRDLTIzMDRCRkEyQjM2NQ==</productImage>
    <bullet1>For use with 3/32“ (2.4 mm) to 3/16“ (4.8 mm) wide nylon and plastic cable ties up to 1/16“ thick</bullet1>
    <bullet2>Once set bundling pressure is reached, tool flush-cuts the end of the cable tie</bullet2>
    <bullet3>Features adjustable bundling pressure for correct tightness every time</bullet3>
    <bullet4/>
    <bullet5/>
    <bullet6/>
    <bullet7/>
    <bullet8/>
    <bullet9/>
    <bullet10/>
    <bullet11/>
    <bullet12/>
    <bullet13/>
    <bullet14/>
    <bullet15/>
    <bullet16/>
    <bullet17/>
    <bullet18/>
    <bullet19/>
    <bullet20/>
    <bullet21/>
    <bullet22/>
    <bullet23/>
    <bullet24/>
    <vendorPriceUpdateDate>2022-03-08 00:00:00</vendorPriceUpdateDate>
  </part>
  <part>
    <partNumber>38500268</partNumber>
    <punctuatedPartNumber>3850-0268</punctuatedPartNumber>
    <partStatusDescription>STANDARD</partStatusDescription>
    <partDescription>Screwdriver Tool Set</partDescription>
    <unitOfMeasure>Set</unitOfMeasure>
    <brandName>PERFORMANCE TOOL</brandName>
    <supplierNumber>W30898</supplierNumber>
    <specialInstructions/>
    <baseDealerPrice>29.51</baseDealerPrice>
    <yourDealerPrice>29.51</yourDealerPrice>
    <baseRetailPrice>45.40</baseRetailPrice>
    <originalRetailPrice>37.95</originalRetailPrice>
    <partImage>http://asset.lemansnet.com/z/LzIvQy9CLzJDQjYyRTc4LUQwMTMtNDBBNC1BNDgxLTM4MTRFMkEzNDNDRQ==</partImage>
    <productId>1020086146</productId>
    <productName>Jumbo Screwdriver Set</productName>
    <productImage>http://asset.lemansnet.com/z/LzIvQy9CLzJDQjYyRTc4LUQwMTMtNDBBNC1BNDgxLTM4MTRFMkEzNDNDRQ==</productImage>
    <bullet1>Six-piece set includes 5/16" x 24" slotted, 5/16" x 12" slotted, 1/4" x 10" slotted, #3 x 24" Phillips, #3 x 12" Phillips and #2 x 10" Phillips</bullet1>
    <bullet2>Comfortable non-slip molded grips with chrome vanadium steel shanks and magnetic tips</bullet2>
    <bullet3>Great for tough-to-get-to applications</bullet3>
    <bullet4/>
    <bullet5/>
    <bullet6/>
    <bullet7/>
    <bullet8/>
    <bullet9/>
    <bullet10/>
    <bullet11/>
    <bullet12/>
    <bullet13/>
    <bullet14/>
    <bullet15/>
    <bullet16/>
    <bullet17/>
    <bullet18/>
    <bullet19/>
    <bullet20/>
    <bullet21/>
    <bullet22/>
    <bullet23/>
    <bullet24/>
    <vendorPriceUpdateDate>2023-04-22 00:00:00</vendorPriceUpdateDate>
  </part>
  <part>
    <partNumber>38500271</partNumber>
    <punctuatedPartNumber>3850-0271</punctuatedPartNumber>
    <partStatusDescription>STANDARD</partStatusDescription>
    <partDescription>Support Jig Tool - Magnetic</partDescription>
    <unitOfMeasure>Each</unitOfMeasure>
    <brandName>PERFORMANCE TOOL</brandName>
    <supplierNumber>W41291</supplierNumber>
    <specialInstructions/>
    <baseDealerPrice>3.33</baseDealerPrice>
    <yourDealerPrice>3.33</yourDealerPrice>
    <baseRetailPrice>5.12</baseRetailPrice>
    <originalRetailPrice>5.95</originalRetailPrice>
    <partImage>http://asset.lemansnet.com/z/L0YvQi85L0ZCOUQ0MzcxLTJGRTItNDVBNS05Q0UyLTVFOEEwRDAwQUZDMw==</partImage>
    <productId>1331918722</productId>
    <productName>Magnetic Support Jig</productName>
    <productImage>http://asset.lemansnet.com/z/L0YvQi85L0ZCOUQ0MzcxLTJGRTItNDVBNS05Q0UyLTVFOEEwRDAwQUZDMw==</productImage>
    <bullet1>Holds up to 25 lb. of material at 45°, 90°, and 135° angles for maximum versatility</bullet1>
    <bullet2>Works well during layout, fabrication, repair and welding</bullet2>
    <bullet3>Several can be used at once</bullet3>
    <bullet4/>
    <bullet5/>
    <bullet6/>
    <bullet7/>
    <bullet8/>
    <bullet9/>
    <bullet10/>
    <bullet11/>
    <bullet12/>
    <bullet13/>
    <bullet14/>
    <bullet15/>
    <bullet16/>
    <bullet17/>
    <bullet18/>
    <bullet19/>
    <bullet20/>
    <bullet21/>
    <bullet22/>
    <bullet23/>
    <bullet24/>
    <vendorPriceUpdateDate>2022-03-08 00:00:00</vendorPriceUpdateDate>
  </part>
  <part>
    <partNumber>38500523</partNumber>
    <punctuatedPartNumber>3850-0523</punctuatedPartNumber>
    <partStatusDescription>STANDARD</partStatusDescription>
    <partDescription>Heat Gun - Cordless - Li-Ion</partDescription>
    <unitOfMeasure>Each</unitOfMeasure>
    <brandName>PERFORMANCE TOOL</brandName>
    <supplierNumber>W2082</supplierNumber>
    <specialInstructions/>
    <baseDealerPrice>40.85</baseDealerPrice>
    <yourDealerPrice>40.85</yourDealerPrice>
    <baseRetailPrice>62.85</baseRetailPrice>
    <originalRetailPrice>54.95</originalRetailPrice>
    <partImage>http://asset.lemansnet.com/z/L0YvRS9BL0ZFQTFEQTgwLUY1NEEtNEEzQi1BNDJFLTNFNEMyRTA0QUVEQywvRi9GLzAvRkYwOUFFQTAtQzEzNy00RjlDLTg3NkEtMjNFQjQwMzZFOUJD</partImage>
    <productId>0872299791</productId>
    <productName>Li-Ion Cordless Heat Gun</productName>
    <productImage>http://asset.lemansnet.com/z/L0YvRS9BL0ZFQTFEQTgwLUY1NEEtNEEzQi1BNDJFLTNFNEMyRTA0QUVEQw==</productImage>
    <bullet1>Heats up to a maximum temperature of 600° Fahrenheit (315C) within 10 seconds with a very focused, no flame output to protect surrounding components and wiring</bullet1>
    <bullet2>The built in 3.6v, 2.0Ah Lithium-Ion battery has a working time of 15-20 minutes and will maintain full charge for up to 6 months when stored</bullet2>
    <bullet3>The most compact rechargable cordless heat gun on the market is lightweight enough to carry in your tool belt or repair kit</bullet3>
    <bullet4>Intergrated overheating protection circuit will power down heating elements to protect tool and prevent damage</bullet4>
    <bullet5>The safe start power button prevents accidental activation when stored or carried in a tool bag</bullet5>
    <bullet6/>
    <bullet7/>
    <bullet8/>
    <bullet9/>
    <bullet10/>
    <bullet11/>
    <bullet12/>
    <bullet13/>
    <bullet14/>
    <bullet15/>
    <bullet16/>
    <bullet17/>
    <bullet18/>
    <bullet19/>
    <bullet20/>
    <bullet21/>
    <bullet22/>
    <bullet23/>
    <bullet24/>
    <vendorPriceUpdateDate>2022-03-08 00:00:00</vendorPriceUpdateDate>
  </part>
  <part>
    <partNumber>38500524</partNumber>
    <punctuatedPartNumber>3850-0524</punctuatedPartNumber>
    <partStatusDescription>STANDARD</partStatusDescription>
    <partDescription>Screwdriver Set - Low Profile</partDescription>
    <unitOfMeasure>Set</unitOfMeasure>
    <brandName>PERFORMANCE TOOL</brandName>
    <supplierNumber>W30977</supplierNumber>
    <specialInstructions/>
    <baseDealerPrice>12.11</baseDealerPrice>
    <yourDealerPrice>12.11</yourDealerPrice>
    <baseRetailPrice>18.63</baseRetailPrice>
    <originalRetailPrice>18.95</originalRetailPrice>
    <partImage>http://asset.lemansnet.com/z/L0IvMi8xL0IyMTE1OTYxLTI4QTUtNDFDQy05QjQ5LUVDODhEOUE1MkIyQywvMy82LzIvMzYyMTBDQjYtN0VFMS00MDUxLUE3MkItNDI1Nzg3RjREQkMy</partImage>
    <productId>1137568939</productId>
    <productName>Low Profile Screwdriver Set</productName>
    <productImage>http://asset.lemansnet.com/z/L0IvMi8xL0IyMTE1OTYxLTI4QTUtNDFDQy05QjQ5LUVDODhEOUE1MkIyQw==</productImage>
    <bullet1>Great for everyday projects at home, garage, shop and office such as automotive fasteners, electronics, home appliances, equipment and more</bullet1>
    <bullet2>Low profile design feature 3/8" (10 mm) clearance, and a 15° offset angle for improved access for hard to reach fasteners</bullet2>
    <bullet3>Includes key ring &amp; carabiner clip for convenient organization and compact storage</bullet3>
    <bullet4>5 popular sizes: Phillips #1, #2, Pozi PZ1, PZ2, and slotted 3/16" (6 mm)</bullet4>
    <bullet5/>
    <bullet6/>
    <bullet7/>
    <bullet8/>
    <bullet9/>
    <bullet10/>
    <bullet11/>
    <bullet12/>
    <bullet13/>
    <bullet14/>
    <bullet15/>
    <bullet16/>
    <bullet17/>
    <bullet18/>
    <bullet19/>
    <bullet20/>
    <bullet21/>
    <bullet22/>
    <bullet23/>
    <bullet24/>
    <vendorPriceUpdateDate>2022-03-08 00:00:00</vendorPriceUpdateDate>
  </part>
  <part>
    <partNumber>38010189</partNumber>
    <punctuatedPartNumber>3801-0189</punctuatedPartNumber>
    <partStatusDescription>STANDARD</partStatusDescription>
    <partDescription>Pliers - Piston Ring - Installer</partDescription>
    <unitOfMeasure>Each</unitOfMeasure>
    <brandName>PERFORMANCE TOOL</brandName>
    <supplierNumber>W80575</supplierNumber>
    <specialInstructions/>
    <baseDealerPrice>6.73</baseDealerPrice>
    <yourDealerPrice>6.73</yourDealerPrice>
    <baseRetailPrice>10.35</baseRetailPrice>
    <originalRetailPrice>12.95</originalRetailPrice>
    <partImage>http://asset.lemansnet.com/z/L0QvNy8wL0Q3MDY5MjZCLUM2RjAtNDFCQy1CREE2LUQzNDU1RDkxODUzNw==</partImage>
    <productId>1963017547</productId>
    <productName>Piston Ring Installer</productName>
    <productImage>http://asset.lemansnet.com/z/L0QvNy8wL0Q3MDY5MjZCLUM2RjAtNDFCQy1CREE2LUQzNDU1RDkxODUzNw==</productImage>
    <bullet1>Installs and removes piston rings 3/64" to 1/4" thick</bullet1>
    <bullet2>Comfortable vinyl grip handles</bullet2>
    <bullet3/>
    <bullet4/>
    <bullet5/>
    <bullet6/>
    <bullet7/>
    <bullet8/>
    <bullet9/>
    <bullet10/>
    <bullet11/>
    <bullet12/>
    <bullet13/>
    <bullet14/>
    <bullet15/>
    <bullet16/>
    <bullet17/>
    <bullet18/>
    <bullet19/>
    <bullet20/>
    <bullet21/>
    <bullet22/>
    <bullet23/>
    <bullet24/>
    <vendorPriceUpdateDate>2022-03-08 00:00:00</vendorPriceUpdateDate>
  </part>
  <part>
    <partNumber>38120009</partNumber>
    <punctuatedPartNumber>3812-0009</punctuatedPartNumber>
    <partStatusDescription>STANDARD</partStatusDescription>
    <partDescription>Stubby Tool Set - 45 Piece</partDescription>
    <unitOfMeasure>Set</unitOfMeasure>
    <brandName>PERFORMANCE TOOL</brandName>
    <supplierNumber>W39000</supplierNumber>
    <specialInstructions/>
    <baseDealerPrice>34.53</baseDealerPrice>
    <yourDealerPrice>34.53</yourDealerPrice>
    <baseRetailPrice>53.12</baseRetailPrice>
    <originalRetailPrice>47.95</originalRetailPrice>
    <partImage>http://asset.lemansnet.com/z/L0MvNC8xL0M0MTFFNENCLUMxMTAtNDk2My05NkU0LUNGREE4ODhCNEZDOA==</partImage>
    <productId>1768904869</productId>
    <productName>Stubby Tool Set</productName>
    <productImage>http://asset.lemansnet.com/z/L0MvNC8xL0M0MTFFNENCLUMxMTAtNDk2My05NkU0LUNGREE4ODhCNEZDOA==</productImage>
    <bullet1>45-piece set includes 1/4" and 3/8" dual-drive ratchet with 72 gear teeth for speed and durability, and SAE and metric sockets in sizes 5/32" to 3/4" and 4 mm -17 mm</bullet1>
    <bullet2>High-torque ratcheting screwdriver includes 5/32", 3/16" and 1/4" slotted; #1, #2 and #3 Phillips; T-15 and T-20 star; and 1/8" and 1/4" hex bits</bullet2>
    <bullet3>Stubby precision wrench has 1" rule on head for precision adjustments</bullet3>
    <bullet4>Carrying case keeps tools together for easy, convenient use</bullet4>
    <bullet5>Comfortable rubber cushion grip handles</bullet5>
    <bullet6>Also includes adapters and extension</bullet6>
    <bullet7>Chrome vanadium steel construction</bullet7>
    <bullet8/>
    <bullet9/>
    <bullet10/>
    <bullet11/>
    <bullet12/>
    <bullet13/>
    <bullet14/>
    <bullet15/>
    <bullet16/>
    <bullet17/>
    <bullet18/>
    <bullet19/>
    <bullet20/>
    <bullet21/>
    <bullet22/>
    <bullet23/>
    <bullet24/>
    <vendorPriceUpdateDate>2023-04-22 00:00:00</vendorPriceUpdateDate>
  </part>
  <part>
    <partNumber>38500068</partNumber>
    <punctuatedPartNumber>3850-0068</punctuatedPartNumber>
    <partStatusDescription>STANDARD</partStatusDescription>
    <partDescription>Tray - Magnetic - Small</partDescription>
    <unitOfMeasure>Each</unitOfMeasure>
    <brandName>PERFORMANCE TOOL</brandName>
    <supplierNumber>W1264</supplierNumber>
    <specialInstructions/>
    <baseDealerPrice>4.25</baseDealerPrice>
    <yourDealerPrice>4.25</yourDealerPrice>
    <baseRetailPrice>6.54</baseRetailPrice>
    <originalRetailPrice>7.95</originalRetailPrice>
    <partImage>http://asset.lemansnet.com/z/LzgvQy9BLzhDQTlFQjhFLUEyMjEtNDUyNC1BRjg5LTk4MjcxNzI2OTBDOA==</partImage>
    <productId>0219565836</productId>
    <productName>Tool Tray</productName>
    <productImage>http://asset.lemansnet.com/z/LzgvMS8zLzgxM0QxOThCLTEzN0YtNDhBRi1CQzk5LTFFNUYzNEJGRDQyNA==</productImage>
    <bullet1>Heavy-duty magnets (two on large tray, one on small tray) with durable rubber coating to help prevent scuffing and scratching</bullet1>
    <bullet2>Can be used horizontally, vertically or upside down</bullet2>
    <bullet3>Great for small parts, fasteners and tools</bullet3>
    <bullet4/>
    <bullet5/>
    <bullet6/>
    <bullet7/>
    <bullet8/>
    <bullet9/>
    <bullet10/>
    <bullet11/>
    <bullet12/>
    <bullet13/>
    <bullet14/>
    <bullet15/>
    <bullet16/>
    <bullet17/>
    <bullet18/>
    <bullet19/>
    <bullet20/>
    <bullet21/>
    <bullet22/>
    <bullet23/>
    <bullet24/>
    <vendorPriceUpdateDate>2022-03-08 00:00:00</vendorPriceUpdateDate>
  </part>
  <part>
    <partNumber>38500071</partNumber>
    <punctuatedPartNumber>3850-0071</punctuatedPartNumber>
    <partStatusDescription>STANDARD</partStatusDescription>
    <partDescription>Digital Caliper w/Case</partDescription>
    <unitOfMeasure>Each</unitOfMeasure>
    <brandName>PERFORMANCE TOOL</brandName>
    <supplierNumber>W80152</supplierNumber>
    <specialInstructions/>
    <baseDealerPrice>26.99</baseDealerPrice>
    <yourDealerPrice>26.99</yourDealerPrice>
    <baseRetailPrice>41.52</baseRetailPrice>
    <originalRetailPrice>41.95</originalRetailPrice>
    <partImage>http://asset.lemansnet.com/z/LzYvNy9FLzY3RTA5OUNFLURFMDctNEQxNC05NzFBLTlGMTI0QkJFMTIzQQ==</partImage>
    <productId>1479352827</productId>
    <productName>Digital Caliper</productName>
    <productImage>http://asset.lemansnet.com/z/LzYvNy9FLzY3RTA5OUNFLURFMDctNEQxNC05NzFBLTlGMTI0QkJFMTIzQQ==</productImage>
    <bullet1>Data output socket for interface with computer or printer</bullet1>
    <bullet2>0-6" range (0-150mm) with SAE to metric conversion</bullet2>
    <bullet3>Heavy-duty plastic case keeps caliper safe and clean</bullet3>
    <bullet4>Zero setting at any position within measuring range</bullet4>
    <bullet5>Measures outside, inside, depth and step</bullet5>
    <bullet6>Thumbwheel with lock</bullet6>
    <bullet7>Battery included</bullet7>
    <bullet8>On/off switch</bullet8>
    <bullet9/>
    <bullet10/>
    <bullet11/>
    <bullet12/>
    <bullet13/>
    <bullet14/>
    <bullet15/>
    <bullet16/>
    <bullet17/>
    <bullet18/>
    <bullet19/>
    <bullet20/>
    <bullet21/>
    <bullet22/>
    <bullet23/>
    <bullet24/>
    <vendorPriceUpdateDate>2022-03-08 00:00:00</vendorPriceUpdateDate>
  </part>
  <part>
    <partNumber>38500147</partNumber>
    <punctuatedPartNumber>3850-0147</punctuatedPartNumber>
    <partStatusDescription>STANDARD</partStatusDescription>
    <partDescription>Barrel Pump - Professional</partDescription>
    <unitOfMeasure>Each</unitOfMeasure>
    <brandName>PERFORMANCE TOOL</brandName>
    <supplierNumber>W54267</supplierNumber>
    <specialInstructions/>
    <baseDealerPrice>44.24</baseDealerPrice>
    <yourDealerPrice>44.24</yourDealerPrice>
    <baseRetailPrice>68.06</baseRetailPrice>
    <originalRetailPrice>58.95</originalRetailPrice>
    <partImage>http://asset.lemansnet.com/z/LzcvNi8yLzc2MjVDNjk1LTc0RDctNEYwQS05OUQzLUMwNDAyRkNERTQ3MiwvOC80LzYvODQ2MUJDQUUtMEQxRS00NzY5LUEwQjItM0U0NDNGNDBCRTMx</partImage>
    <productId>2039638723</productId>
    <productName>Professional Barrel Pump</productName>
    <productImage>http://asset.lemansnet.com/z/LzgvNC82Lzg0NjFCQ0FFLTBEMUUtNDc2OS1BMEIyLTNFNDQzRjQwQkUzMQ==</productImage>
    <bullet1>Designed to pump all lubrication-based fluids, antifreeze, agricultural and industrial non-corrosive fluids</bullet1>
    <bullet2>Equipped with brass rings and a floating piston design</bullet2>
    <bullet3>Dispenses approximately 12 oz. per one stroke</bullet3>
    <bullet4>Non-drip spout and multi-directional handle</bullet4>
    <bullet5>Self-adjusting telescopic suction tube</bullet5>
    <bullet6>2-1/4" outside diameter threads</bullet6>
    <bullet7/>
    <bullet8/>
    <bullet9/>
    <bullet10/>
    <bullet11/>
    <bullet12/>
    <bullet13/>
    <bullet14/>
    <bullet15/>
    <bullet16/>
    <bullet17/>
    <bullet18/>
    <bullet19/>
    <bullet20/>
    <bullet21/>
    <bullet22/>
    <bullet23/>
    <bullet24/>
    <vendorPriceUpdateDate>2022-03-08 00:00:00</vendorPriceUpdateDate>
  </part>
  <part>
    <partNumber>38500148</partNumber>
    <punctuatedPartNumber>3850-0148</punctuatedPartNumber>
    <partStatusDescription>STANDARD</partStatusDescription>
    <partDescription>Strap Wrench - Set - 2-Piece</partDescription>
    <unitOfMeasure>2 Pack</unitOfMeasure>
    <brandName>PERFORMANCE TOOL</brandName>
    <supplierNumber>W54059</supplierNumber>
    <specialInstructions/>
    <baseDealerPrice>8.94</baseDealerPrice>
    <yourDealerPrice>8.94</yourDealerPrice>
    <baseRetailPrice>13.75</baseRetailPrice>
    <originalRetailPrice>13.95</originalRetailPrice>
    <partImage>http://asset.lemansnet.com/z/LzAvRS9GLzBFRjRBRDlGLTY1M0EtNENBNi1CMUU5LUM3NTU0NEUzQjlFMg==</partImage>
    <productId>1562896169</productId>
    <productName>Strap Wrench Set</productName>
    <productImage>http://asset.lemansnet.com/z/LzAvRS9GLzBFRjRBRDlGLTY1M0EtNENBNi1CMUU5LUM3NTU0NEUzQjlFMg==</productImage>
    <bullet1>Durable non-slip rubber strap for industrial strength and added grip</bullet1>
    <bullet2>Flexible strap fits any shape and works easily in confined areas</bullet2>
    <bullet3>3/8" to 6-1/2" two-piece strap wrench set</bullet3>
    <bullet4>Versatile usage; for oil filters and more</bullet4>
    <bullet5/>
    <bullet6/>
    <bullet7/>
    <bullet8/>
    <bullet9/>
    <bullet10/>
    <bullet11/>
    <bullet12/>
    <bullet13/>
    <bullet14/>
    <bullet15/>
    <bullet16/>
    <bullet17/>
    <bullet18/>
    <bullet19/>
    <bullet20/>
    <bullet21/>
    <bullet22/>
    <bullet23/>
    <bullet24/>
    <vendorPriceUpdateDate>2023-04-22 00:00:00</vendorPriceUpdateDate>
  </part>
  <part>
    <partNumber>38500149</partNumber>
    <punctuatedPartNumber>3850-0149</punctuatedPartNumber>
    <partStatusDescription>STANDARD</partStatusDescription>
    <partDescription>Diagnostic Stethoscope</partDescription>
    <unitOfMeasure>Each</unitOfMeasure>
    <brandName>PERFORMANCE TOOL</brandName>
    <supplierNumber>W80582</supplierNumber>
    <specialInstructions/>
    <baseDealerPrice>6.96</baseDealerPrice>
    <yourDealerPrice>6.96</yourDealerPrice>
    <baseRetailPrice>10.71</baseRetailPrice>
    <originalRetailPrice>11.95</originalRetailPrice>
    <partImage>http://asset.lemansnet.com/z/LzUvMy9BLzUzQTM5RjJBLTg4NkItNDM3OC05MDYzLTZENjEyOEY3ODBFMw==</partImage>
    <productId>0111747126</productId>
    <productName>Diagnostic Stethoscope</productName>
    <productImage>http://asset.lemansnet.com/z/LzUvMy9BLzUzQTM5RjJBLTg4NkItNDM3OC05MDYzLTZENjEyOEY3ODBFMw==</productImage>
    <bullet1>Helps identify noises in engine, transmission, transfer case, valve train, etc.</bullet1>
    <bullet2>11" probe tip extends into confined areas</bullet2>
    <bullet3/>
    <bullet4/>
    <bullet5/>
    <bullet6/>
    <bullet7/>
    <bullet8/>
    <bullet9/>
    <bullet10/>
    <bullet11/>
    <bullet12/>
    <bullet13/>
    <bullet14/>
    <bullet15/>
    <bullet16/>
    <bullet17/>
    <bullet18/>
    <bullet19/>
    <bullet20/>
    <bullet21/>
    <bullet22/>
    <bullet23/>
    <bullet24/>
    <vendorPriceUpdateDate>2022-03-08 00:00:00</vendorPriceUpdateDate>
  </part>
  <part>
    <partNumber>W2500</partNumber>
    <punctuatedPartNumber>W-2500</punctuatedPartNumber>
    <partStatusDescription>STANDARD</partStatusDescription>
    <partDescription>3/8" Impact Driver</partDescription>
    <unitOfMeasure>Kit</unitOfMeasure>
    <brandName>PERFORMANCE TOOL</brandName>
    <supplierNumber>W2500P</supplierNumber>
    <specialInstructions/>
    <baseDealerPrice>14.57</baseDealerPrice>
    <yourDealerPrice>14.57</yourDealerPrice>
    <baseRetailPrice>22.42</baseRetailPrice>
    <originalRetailPrice>21.95</originalRetailPrice>
    <partImage>http://asset.lemansnet.com/z/LzgvNi8yLzg2MkY4MjJFLUE5NDctNDA1My1CMTY3LUUwNzE1N0RENTMzOQ==</partImage>
    <productId>0129003901</productId>
    <productName>3/8" Impact Driver</productName>
    <productImage>http://asset.lemansnet.com/z/LzgvNi8yLzg2MkY4MjJFLUE5NDctNDA1My1CMTY3LUUwNzE1N0RENTMzOQ==</productImage>
    <bullet1>A must for all mechanics</bullet1>
    <bullet2>Includes four bits (#2 Phillips, #3 Phillips, 5/16" straight and 3/8" straight) and a plastic storage case</bullet2>
    <bullet3>Reversible action to suit most applications</bullet3>
    <bullet4/>
    <bullet5/>
    <bullet6/>
    <bullet7/>
    <bullet8/>
    <bullet9/>
    <bullet10/>
    <bullet11/>
    <bullet12/>
    <bullet13/>
    <bullet14/>
    <bullet15/>
    <bullet16/>
    <bullet17/>
    <bullet18/>
    <bullet19/>
    <bullet20/>
    <bullet21/>
    <bullet22/>
    <bullet23/>
    <bullet24/>
    <vendorPriceUpdateDate>2022-03-08 00:00:00</vendorPriceUpdateDate>
  </part>
  <part>
    <partNumber>W250036MM</partNumber>
    <punctuatedPartNumber>W-2500-36MM</punctuatedPartNumber>
    <partStatusDescription>STANDARD</partStatusDescription>
    <partDescription>Bits - Impact Driver</partDescription>
    <unitOfMeasure>Set</unitOfMeasure>
    <brandName>PERFORMANCE TOOL</brandName>
    <supplierNumber>W2500-36MM</supplierNumber>
    <specialInstructions/>
    <baseDealerPrice>2.90</baseDealerPrice>
    <yourDealerPrice>2.90</yourDealerPrice>
    <baseRetailPrice>4.46</baseRetailPrice>
    <originalRetailPrice>7.95</originalRetailPrice>
    <partImage>http://asset.lemansnet.com/z/LzgvNi8yLzg2MkY4MjJFLUE5NDctNDA1My1CMTY3LUUwNzE1N0RENTMzOQ==</partImage>
    <productId>1463078791</productId>
    <productName>Replacement Impact Driver Bits</productName>
    <productImage>http://asset.lemansnet.com/z/LzgvNi8yLzg2MkY4MjJFLUE5NDctNDA1My1CMTY3LUUwNzE1N0RENTMzOQ==</productImage>
    <bullet1>Includes four bits (#2 Phillips, #3 Phillips, 5/16" straight and 3/8" straight) and a plastic storage case</bullet1>
    <bullet2>Replacement 36 mm bits</bullet2>
    <bullet3/>
    <bullet4/>
    <bullet5/>
    <bullet6/>
    <bullet7/>
    <bullet8/>
    <bullet9/>
    <bullet10/>
    <bullet11/>
    <bullet12/>
    <bullet13/>
    <bullet14/>
    <bullet15/>
    <bullet16/>
    <bullet17/>
    <bullet18/>
    <bullet19/>
    <bullet20/>
    <bullet21/>
    <bullet22/>
    <bullet23/>
    <bullet24/>
    <vendorPriceUpdateDate>2023-04-22 00:00:00</vendorPriceUpdateDate>
  </part>
  <part>
    <partNumber>W3001C</partNumber>
    <punctuatedPartNumber>W-3001C</punctuatedPartNumber>
    <partStatusDescription>STANDARD</partStatusDescription>
    <partDescription>Torque Wrench</partDescription>
    <unitOfMeasure>Each</unitOfMeasure>
    <brandName>PERFORMANCE TOOL</brandName>
    <supplierNumber>W3001C</supplierNumber>
    <specialInstructions/>
    <baseDealerPrice>14.53</baseDealerPrice>
    <yourDealerPrice>14.53</yourDealerPrice>
    <baseRetailPrice>22.35</baseRetailPrice>
    <originalRetailPrice>21.95</originalRetailPrice>
    <partImage>http://asset.lemansnet.com/z/L0YvMC9EL0YwRERDMkJELTE2QkEtNEU1NS04MUQzLTNFODUzNTU2NjVGRg==</partImage>
    <productId>1425569992</productId>
    <productName>Torque Wrench</productName>
    <productImage>http://asset.lemansnet.com/z/L0YvMC9EL0YwRERDMkJELTE2QkEtNEU1NS04MUQzLTNFODUzNTU2NjVGRg==</productImage>
    <bullet1>Direct reading scale: 0-150 ft.-lb. and metric kilograms 0-20 kg</bullet1>
    <bullet2>Most popular torque wrench size</bullet2>
    <bullet3>Precision-built, accurate</bullet3>
    <bullet4/>
    <bullet5/>
    <bullet6/>
    <bullet7/>
    <bullet8/>
    <bullet9/>
    <bullet10/>
    <bullet11/>
    <bullet12/>
    <bullet13/>
    <bullet14/>
    <bullet15/>
    <bullet16/>
    <bullet17/>
    <bullet18/>
    <bullet19/>
    <bullet20/>
    <bullet21/>
    <bullet22/>
    <bullet23/>
    <bullet24/>
    <vendorPriceUpdateDate>2022-03-08 00:00:00</vendorPriceUpdateDate>
  </part>
  <part>
    <partNumber>W80275</partNumber>
    <punctuatedPartNumber>W80275</punctuatedPartNumber>
    <partStatusDescription>STANDARD</partStatusDescription>
    <partDescription>Key Set - T-Handle/Hex - Set 10</partDescription>
    <unitOfMeasure>Set of 10</unitOfMeasure>
    <brandName>PERFORMANCE TOOL</brandName>
    <supplierNumber>W80275</supplierNumber>
    <specialInstructions/>
    <baseDealerPrice>14.90</baseDealerPrice>
    <yourDealerPrice>14.90</yourDealerPrice>
    <baseRetailPrice>22.92</baseRetailPrice>
    <originalRetailPrice>21.95</originalRetailPrice>
    <partImage>http://asset.lemansnet.com/z/LzcvMy84LzczODBBREMwLUYyMEMtNDAwQi1CQkFGLURFQjZCRThBRjJFQw==</partImage>
    <productId>0032111601</productId>
    <productName>T-handle Hex Key Set</productName>
    <productImage>http://asset.lemansnet.com/z/LzcvMy84LzczODBBREMwLUYyMEMtNDAwQi1CQkFGLURFQjZCRThBRjJFQw==</productImage>
    <bullet1>High-quality carbon steel shafts with black oxide finish resist corrosion</bullet1>
    <bullet2>Comes complete with sizes 2, 2.5, 3, 4, 4.5, 5, 5.5, 6, 8, 10 mm</bullet2>
    <bullet3>PVC t-handles for added torque</bullet3>
    <bullet4>Storage rack included</bullet4>
    <bullet5/>
    <bullet6/>
    <bullet7/>
    <bullet8/>
    <bullet9/>
    <bullet10/>
    <bullet11/>
    <bullet12/>
    <bullet13/>
    <bullet14/>
    <bullet15/>
    <bullet16/>
    <bullet17/>
    <bullet18/>
    <bullet19/>
    <bullet20/>
    <bullet21/>
    <bullet22/>
    <bullet23/>
    <bullet24/>
    <vendorPriceUpdateDate>2023-04-22 00:00:00</vendorPriceUpdateDate>
  </part>
  <part>
    <partNumber>03630051</partNumber>
    <punctuatedPartNumber>0363-0051</punctuatedPartNumber>
    <partStatusDescription>STANDARD</partStatusDescription>
    <partDescription>Air Tank Portable</partDescription>
    <unitOfMeasure>Each</unitOfMeasure>
    <brandName>PERFORMANCE TOOL</brandName>
    <supplierNumber>W10005</supplierNumber>
    <specialInstructions/>
    <baseDealerPrice>68.68</baseDealerPrice>
    <yourDealerPrice>68.68</yourDealerPrice>
    <baseRetailPrice>105.66</baseRetailPrice>
    <originalRetailPrice>98.95</originalRetailPrice>
    <partImage>http://asset.lemansnet.com/z/L0MvOS9FL0M5RUM1M0EyLUJFODctNEIyMS05QzA3LTVGRDM0MjREQTVGRg==</partImage>
    <productId>0298663181</productId>
    <productName>5-Gallon Air Tank</productName>
    <productImage>http://asset.lemansnet.com/z/L0MvOS9FL0M5RUM1M0EyLUJFODctNEIyMS05QzA3LTVGRDM0MjREQTVGRg==</productImage>
    <bullet1>Includes industrial-grade air hose with standard tire air chuck</bullet1>
    <bullet2>Pressure bypass valve with manual override</bullet2>
    <bullet3>Lightweight with handle for easy transport</bullet3>
    <bullet4>Hi-viz color for added visibility</bullet4>
    <bullet5>On/off air adjustment dial</bullet5>
    <bullet6/>
    <bullet7/>
    <bullet8/>
    <bullet9/>
    <bullet10/>
    <bullet11/>
    <bullet12/>
    <bullet13/>
    <bullet14/>
    <bullet15/>
    <bullet16/>
    <bullet17/>
    <bullet18/>
    <bullet19/>
    <bullet20/>
    <bullet21/>
    <bullet22/>
    <bullet23/>
    <bullet24/>
    <vendorPriceUpdateDate>2022-06-27 00:00:00</vendorPriceUpdateDate>
  </part>
  <part>
    <partNumber>38500525</partNumber>
    <punctuatedPartNumber>3850-0525</punctuatedPartNumber>
    <partStatusDescription>STANDARD</partStatusDescription>
    <partDescription>Star Driver - Set - Low Profile</partDescription>
    <unitOfMeasure>Set</unitOfMeasure>
    <brandName>PERFORMANCE TOOL</brandName>
    <supplierNumber>W30978</supplierNumber>
    <specialInstructions/>
    <baseDealerPrice>12.11</baseDealerPrice>
    <yourDealerPrice>12.11</yourDealerPrice>
    <baseRetailPrice>18.63</baseRetailPrice>
    <originalRetailPrice>18.95</originalRetailPrice>
    <partImage>http://asset.lemansnet.com/z/L0MvNC8yL0M0MkQ4QThFLTA3NDktNEY0OC1BRkZCLTlERDU0NjM5RTJENywvNS83LzUvNTc1RDIzQTMtNDE2RC00MEIyLTkzMUEtRDk2MTE5MkZGMEFD</partImage>
    <productId>0873166388</productId>
    <productName>Star Driver Set</productName>
    <productImage>http://asset.lemansnet.com/z/L0MvNC8yL0M0MkQ4QThFLTA3NDktNEY0OC1BRkZCLTlERDU0NjM5RTJENw==</productImage>
    <bullet1>Great for everyday projects at home, garage, shop and office such as automotive fasteners, electronics, home appliances, equipment and more</bullet1>
    <bullet2>Low profile design feature 3/8" (10 mm) clearance and 15º offset angle for improved access for hard to reach fasteners</bullet2>
    <bullet3>Includes key ring and carabiner clip for convenient organization and compact storage</bullet3>
    <bullet4>5 popular star sizes: T20, T25, T27, T30, T40</bullet4>
    <bullet5/>
    <bullet6/>
    <bullet7/>
    <bullet8/>
    <bullet9/>
    <bullet10/>
    <bullet11/>
    <bullet12/>
    <bullet13/>
    <bullet14/>
    <bullet15/>
    <bullet16/>
    <bullet17/>
    <bullet18/>
    <bullet19/>
    <bullet20/>
    <bullet21/>
    <bullet22/>
    <bullet23/>
    <bullet24/>
    <vendorPriceUpdateDate>2022-03-08 00:00:00</vendorPriceUpdateDate>
  </part>
  <part>
    <partNumber>24020091</partNumber>
    <punctuatedPartNumber>2402-0091</punctuatedPartNumber>
    <partStatusDescription>STANDARD</partStatusDescription>
    <partDescription>E-Clip Assortment - 300-Piece</partDescription>
    <unitOfMeasure>Set</unitOfMeasure>
    <brandName>PERFORMANCE TOOL</brandName>
    <supplierNumber>W5208</supplierNumber>
    <specialInstructions/>
    <baseDealerPrice>9.88</baseDealerPrice>
    <yourDealerPrice>9.88</yourDealerPrice>
    <baseRetailPrice>15.20</baseRetailPrice>
    <originalRetailPrice>16.95</originalRetailPrice>
    <partImage>http://asset.lemansnet.com/z/LzUvQy8zLzVDMzVCRjg0LUJENzItNEI3RC1BNDFGLThGMUU0NTZCMENDNA==</partImage>
    <productId>0901619984</productId>
    <productName>E-Clip Kit</productName>
    <productImage>http://asset.lemansnet.com/z/LzUvQy8zLzVDMzVCRjg0LUJENzItNEI3RC1BNDFGLThGMUU0NTZCMENDNA==</productImage>
    <bullet1>Contains 300 assorted E-clips in nine sizes, 1/16", 1/8", 3/16", 5/8", 3/4", 7/8", 1/4", 3/8", and 1/2"</bullet1>
    <bullet2>Resealable plastic case</bullet2>
    <bullet3/>
    <bullet4/>
    <bullet5/>
    <bullet6/>
    <bullet7/>
    <bullet8/>
    <bullet9/>
    <bullet10/>
    <bullet11/>
    <bullet12/>
    <bullet13/>
    <bullet14/>
    <bullet15/>
    <bullet16/>
    <bullet17/>
    <bullet18/>
    <bullet19/>
    <bullet20/>
    <bullet21/>
    <bullet22/>
    <bullet23/>
    <bullet24/>
    <vendorPriceUpdateDate>2023-04-22 00:00:00</vendorPriceUpdateDate>
  </part>
  <part>
    <partNumber>24020092</partNumber>
    <punctuatedPartNumber>2402-0092</punctuatedPartNumber>
    <partStatusDescription>STANDARD</partStatusDescription>
    <partDescription>Pin Assortment - Hitch - 150-Piece</partDescription>
    <unitOfMeasure>Set</unitOfMeasure>
    <brandName>PERFORMANCE TOOL</brandName>
    <supplierNumber>W5210</supplierNumber>
    <specialInstructions/>
    <baseDealerPrice>8.45</baseDealerPrice>
    <yourDealerPrice>8.45</yourDealerPrice>
    <baseRetailPrice>13.00</baseRetailPrice>
    <originalRetailPrice>15.95</originalRetailPrice>
    <partImage>http://asset.lemansnet.com/z/LzkvMC9ELzkwRDA1NjJELTNBQzQtNDI3Ny04NkQwLTI5OTIzMUY5NTJCRA==</partImage>
    <productId>1254605606</productId>
    <productName>Hitch Pin Assortment</productName>
    <productImage>http://asset.lemansnet.com/z/LzkvMC9ELzkwRDA1NjJELTNBQzQtNDI3Ny04NkQwLTI5OTIzMUY5NTJCRA==</productImage>
    <bullet1>Kit contains 150 hitch pins from 1-3/16" to 2-5/16" long</bullet1>
    <bullet2>Convenient resealable plastic case</bullet2>
    <bullet3/>
    <bullet4/>
    <bullet5/>
    <bullet6/>
    <bullet7/>
    <bullet8/>
    <bullet9/>
    <bullet10/>
    <bullet11/>
    <bullet12/>
    <bullet13/>
    <bullet14/>
    <bullet15/>
    <bullet16/>
    <bullet17/>
    <bullet18/>
    <bullet19/>
    <bullet20/>
    <bullet21/>
    <bullet22/>
    <bullet23/>
    <bullet24/>
    <vendorPriceUpdateDate>2023-04-22 00:00:00</vendorPriceUpdateDate>
  </part>
  <part>
    <partNumber>24020093</partNumber>
    <punctuatedPartNumber>2402-0093</punctuatedPartNumber>
    <partStatusDescription>STANDARD</partStatusDescription>
    <partDescription>O-Ring Assortment - 407- Piece</partDescription>
    <unitOfMeasure>Set</unitOfMeasure>
    <brandName>PERFORMANCE TOOL</brandName>
    <supplierNumber>W5202</supplierNumber>
    <specialInstructions/>
    <baseDealerPrice>14.07</baseDealerPrice>
    <yourDealerPrice>14.07</yourDealerPrice>
    <baseRetailPrice>21.65</baseRetailPrice>
    <originalRetailPrice>29.95</originalRetailPrice>
    <partImage>http://asset.lemansnet.com/z/LzkvQS9DLzlBQ0UyMUQ5LTM3N0UtNDE1Mi05QUQ0LTYxRjVFOUY1NTlEQQ==</partImage>
    <productId>1966448116</productId>
    <productName>O-Ring Assortment</productName>
    <productImage>http://asset.lemansnet.com/z/LzkvQS9DLzlBQ0UyMUQ5LTM3N0UtNDE1Mi05QUQ0LTYxRjVFOUY1NTlEQQ==</productImage>
    <bullet1>Contains 407 total pieces from 1/8" to 2" in a 10-1/2" L x 6-1/4" W x 1-3/4" H plastic storage box</bullet1>
    <bullet2>32 different sized O-rings</bullet2>
    <bullet3/>
    <bullet4/>
    <bullet5/>
    <bullet6/>
    <bullet7/>
    <bullet8/>
    <bullet9/>
    <bullet10/>
    <bullet11/>
    <bullet12/>
    <bullet13/>
    <bullet14/>
    <bullet15/>
    <bullet16/>
    <bullet17/>
    <bullet18/>
    <bullet19/>
    <bullet20/>
    <bullet21/>
    <bullet22/>
    <bullet23/>
    <bullet24/>
    <vendorPriceUpdateDate>2023-04-22 00:00:00</vendorPriceUpdateDate>
  </part>
  <part>
    <partNumber>24020107</partNumber>
    <punctuatedPartNumber>2402-0107</punctuatedPartNumber>
    <partStatusDescription>STANDARD</partStatusDescription>
    <partDescription>O-Ring Assortment - Metric - 419-Piece</partDescription>
    <unitOfMeasure>Set</unitOfMeasure>
    <brandName>PERFORMANCE TOOL</brandName>
    <supplierNumber>W5203</supplierNumber>
    <specialInstructions/>
    <baseDealerPrice>14.07</baseDealerPrice>
    <yourDealerPrice>14.07</yourDealerPrice>
    <baseRetailPrice>21.65</baseRetailPrice>
    <originalRetailPrice>29.95</originalRetailPrice>
    <partImage>http://asset.lemansnet.com/z/L0IvQi81L0JCNTY3OTRCLTQ0OUEtNEU4QS05N0ZDLTJFOEQyMDc1MDBCQSwvNS9EL0EvNURBODM2NjUtRkY3MC00Qzk4LTgwNEQtNzUzNDJGNkMzRjJG</partImage>
    <productId>0078915342</productId>
    <productName>Metric O-Ring Assortment</productName>
    <productImage/>
    <bullet1>Includes assortment box</bullet1>
    <bullet2>419 pieces per kit</bullet2>
    <bullet3/>
    <bullet4/>
    <bullet5/>
    <bullet6/>
    <bullet7/>
    <bullet8/>
    <bullet9/>
    <bullet10/>
    <bullet11/>
    <bullet12/>
    <bullet13/>
    <bullet14/>
    <bullet15/>
    <bullet16/>
    <bullet17/>
    <bullet18/>
    <bullet19/>
    <bullet20/>
    <bullet21/>
    <bullet22/>
    <bullet23/>
    <bullet24/>
    <vendorPriceUpdateDate>2023-04-22 00:00:00</vendorPriceUpdateDate>
  </part>
  <part>
    <partNumber>24020109</partNumber>
    <punctuatedPartNumber>2402-0109</punctuatedPartNumber>
    <partStatusDescription>STANDARD</partStatusDescription>
    <partDescription>Cotter Pin Assortment - 1000-Piece</partDescription>
    <unitOfMeasure>Kit</unitOfMeasure>
    <brandName>PERFORMANCE TOOL</brandName>
    <supplierNumber>W5204</supplierNumber>
    <specialInstructions/>
    <baseDealerPrice>13.31</baseDealerPrice>
    <yourDealerPrice>13.31</yourDealerPrice>
    <baseRetailPrice>20.48</baseRetailPrice>
    <originalRetailPrice>17.95</originalRetailPrice>
    <partImage>http://asset.lemansnet.com/z/LzUvRS8zLzVFMzEzMUMzLTEwOEQtNDM4NS1BRDc1LTdDMDYxRTY5MzI5RA==</partImage>
    <productId>0197744997</productId>
    <productName>1,000-Piece Cotter Pin Assortment</productName>
    <productImage>http://asset.lemansnet.com/z/LzUvRS8zLzVFMzEzMUMzLTEwOEQtNDM4NS1BRDc1LTdDMDYxRTY5MzI5RA==</productImage>
    <bullet1>Hardware kit contains six of the most popular sizes of cotter pins: 1/16" x 1" (380), 3/32" x 1" (240), 3/32" x 11/2" (140), 1/8" x 11/4" (115), 1/8" x 2" (75) and 5/32" x 21/2" (50)</bullet1>
    <bullet2>Comes in a convenient resealable plastic case</bullet2>
    <bullet3>Great for shop or home use</bullet3>
    <bullet4/>
    <bullet5/>
    <bullet6/>
    <bullet7/>
    <bullet8/>
    <bullet9/>
    <bullet10/>
    <bullet11/>
    <bullet12/>
    <bullet13/>
    <bullet14/>
    <bullet15/>
    <bullet16/>
    <bullet17/>
    <bullet18/>
    <bullet19/>
    <bullet20/>
    <bullet21/>
    <bullet22/>
    <bullet23/>
    <bullet24/>
    <vendorPriceUpdateDate>2023-04-22 00:00:00</vendorPriceUpdateDate>
  </part>
  <part>
    <partNumber>24020138</partNumber>
    <punctuatedPartNumber>2402-0138</punctuatedPartNumber>
    <partStatusDescription>STANDARD</partStatusDescription>
    <partDescription>Spring Assortment - 200-Piece</partDescription>
    <unitOfMeasure>Kit</unitOfMeasure>
    <brandName>PERFORMANCE TOOL</brandName>
    <supplierNumber>W5200</supplierNumber>
    <specialInstructions/>
    <baseDealerPrice>8.30</baseDealerPrice>
    <yourDealerPrice>8.30</yourDealerPrice>
    <baseRetailPrice>12.77</baseRetailPrice>
    <originalRetailPrice>13.95</originalRetailPrice>
    <partImage>http://asset.lemansnet.com/z/L0YvQy82L0ZDNjAzNTk4LTlFRjMtNDgyMS1BQTk2LTlFREJFRjQ1QzhDRQ==</partImage>
    <productId>0641195991</productId>
    <productName>Spring Assortment - 200-Piece</productName>
    <productImage>http://asset.lemansnet.com/z/L0YvQy82L0ZDNjAzNTk4LTlFRjMtNDgyMS1BQTk2LTlFREJFRjQ1QzhDRQ==</productImage>
    <bullet1>Kit contains 20 popular sizes; 8 sizes of compression springs and 12 sizes of extension springs</bullet1>
    <bullet2>Includes plastic organizing case with dividers</bullet2>
    <bullet3/>
    <bullet4/>
    <bullet5/>
    <bullet6/>
    <bullet7/>
    <bullet8/>
    <bullet9/>
    <bullet10/>
    <bullet11/>
    <bullet12/>
    <bullet13/>
    <bullet14/>
    <bullet15/>
    <bullet16/>
    <bullet17/>
    <bullet18/>
    <bullet19/>
    <bullet20/>
    <bullet21/>
    <bullet22/>
    <bullet23/>
    <bullet24/>
    <vendorPriceUpdateDate>2023-04-22 00:00:00</vendorPriceUpdateDate>
  </part>
  <part>
    <partNumber>24020139</partNumber>
    <punctuatedPartNumber>2402-0139</punctuatedPartNumber>
    <partStatusDescription>STANDARD</partStatusDescription>
    <partDescription>Hose Clamps - Assortment - 26-Piece</partDescription>
    <unitOfMeasure>Kit</unitOfMeasure>
    <brandName>PERFORMANCE TOOL</brandName>
    <supplierNumber>W5348</supplierNumber>
    <specialInstructions/>
    <baseDealerPrice>7.82</baseDealerPrice>
    <yourDealerPrice>7.82</yourDealerPrice>
    <baseRetailPrice>12.03</baseRetailPrice>
    <originalRetailPrice>12.95</originalRetailPrice>
    <partImage>http://asset.lemansnet.com/z/LzEvRi8xLzFGMUZFOUNDLTM4MDAtNDVCMi05RTIyLTRGNTM0MTMxNDJGMCwvNy9CL0UvN0JFODFFM0QtMjdDRC00RTUyLUJFNDQtNDRGNjJGRkNEMDNDLC9BLzAvMy9BMDMyOTg1NC1CNzEyLTRFQTAtOTMwOC0xOEEyNjUxM0I1ODI=</partImage>
    <productId>0016746259</productId>
    <productName>26-Piece Hose Clamp Assortment</productName>
    <productImage>http://asset.lemansnet.com/z/LzcvQi9FLzdCRTgxRTNELTI3Q0QtNEU1Mi1CRTQ0LTQ0RjYyRkZDRDAzQw==</productImage>
    <bullet1>Includes eight 5/8", six 7/8", four 1", two 1-1/16", two 1-1/4" and four 1-1/2" hose clamps</bullet1>
    <bullet2>Comes in a convenient resealable plastic case</bullet2>
    <bullet3/>
    <bullet4/>
    <bullet5/>
    <bullet6/>
    <bullet7/>
    <bullet8/>
    <bullet9/>
    <bullet10/>
    <bullet11/>
    <bullet12/>
    <bullet13/>
    <bullet14/>
    <bullet15/>
    <bullet16/>
    <bullet17/>
    <bullet18/>
    <bullet19/>
    <bullet20/>
    <bullet21/>
    <bullet22/>
    <bullet23/>
    <bullet24/>
    <vendorPriceUpdateDate>2023-04-22 00:00:00</vendorPriceUpdateDate>
  </part>
  <part>
    <partNumber>24020140</partNumber>
    <punctuatedPartNumber>2402-0140</punctuatedPartNumber>
    <partStatusDescription>STANDARD</partStatusDescription>
    <partDescription>Fuse Assortment - Master - 33 Pack</partDescription>
    <unitOfMeasure>33 Pack</unitOfMeasure>
    <brandName>PERFORMANCE TOOL</brandName>
    <supplierNumber>W5370</supplierNumber>
    <specialInstructions/>
    <baseDealerPrice>9.05</baseDealerPrice>
    <yourDealerPrice>9.05</yourDealerPrice>
    <baseRetailPrice>0.55</baseRetailPrice>
    <originalRetailPrice>13.95</originalRetailPrice>
    <partImage>http://asset.lemansnet.com/z/LzMvOS83LzM5Nzc1MTk0LTA2QkEtNENBRC1CMDEyLTgwNjg2NEFBMTIwQiwvRi9CL0IvRkJCQzE1RjItRkFFOC00NDQ4LUFDOTMtQkUxQzgyRTJDMTdELC9CLzIvMC9CMjA1NUE5NC0xRDA1LTQxQUUtOTI3Ri0wMTI2ODU0MDYzQTc=</partImage>
    <productId>1375206972</productId>
    <productName>Fuse Assortment</productName>
    <productImage>http://asset.lemansnet.com/z/L0IvMi8wL0IyMDU1QTk0LTFEMDUtNDFBRS05MjdGLTAxMjY4NTQwNjNBNw==</productImage>
    <bullet1>33-piece master fuse assortment contains 5, 10, 20 and 30 amp standard (ATO) and mini fuses and 40, 50 and 60 amp maxi fuses</bullet1>
    <bullet2>Comes in a convenient resealable plastic case</bullet2>
    <bullet3/>
    <bullet4/>
    <bullet5/>
    <bullet6/>
    <bullet7/>
    <bullet8/>
    <bullet9/>
    <bullet10/>
    <bullet11/>
    <bullet12/>
    <bullet13/>
    <bullet14/>
    <bullet15/>
    <bullet16/>
    <bullet17/>
    <bullet18/>
    <bullet19/>
    <bullet20/>
    <bullet21/>
    <bullet22/>
    <bullet23/>
    <bullet24/>
    <vendorPriceUpdateDate>2023-04-22 00:00:00</vendorPriceUpdateDate>
  </part>
  <part>
    <partNumber>24020145</partNumber>
    <punctuatedPartNumber>2402-0145</punctuatedPartNumber>
    <partStatusDescription>STANDARD</partStatusDescription>
    <partDescription>Heat Shrink Tubing - 120 PC</partDescription>
    <unitOfMeasure>Kit</unitOfMeasure>
    <brandName>PERFORMANCE TOOL</brandName>
    <supplierNumber>W5233</supplierNumber>
    <specialInstructions/>
    <baseDealerPrice>5.54</baseDealerPrice>
    <yourDealerPrice>5.54</yourDealerPrice>
    <baseRetailPrice>8.52</baseRetailPrice>
    <originalRetailPrice>9.95</originalRetailPrice>
    <partImage>http://asset.lemansnet.com/z/LzUvRS8zLzVFMzAxNjEwLTAwMTMtNDcxQS04Qjk3LTU2MzIwOEUxRDAxRg==</partImage>
    <productId>1001289471</productId>
    <productName>Heat Shrink Tubing</productName>
    <productImage>http://asset.lemansnet.com/z/LzUvRS8zLzVFMzAxNjEwLTAwMTMtNDcxQS04Qjk3LTU2MzIwOEUxRDAxRg==</productImage>
    <bullet1>120 assorted sizes and colors of heat shrink tubing in divided container</bullet1>
    <bullet2>Includes five colors of 5/32", 3/16", 9/32" and 5/16" diameter heat shrink</bullet2>
    <bullet3>100% polyolefin construction and UL listed</bullet3>
    <bullet4>Rated for continuous use with temperatures between -60° to 275°F</bullet4>
    <bullet5/>
    <bullet6/>
    <bullet7/>
    <bullet8/>
    <bullet9/>
    <bullet10/>
    <bullet11/>
    <bullet12/>
    <bullet13/>
    <bullet14/>
    <bullet15/>
    <bullet16/>
    <bullet17/>
    <bullet18/>
    <bullet19/>
    <bullet20/>
    <bullet21/>
    <bullet22/>
    <bullet23/>
    <bullet24/>
    <vendorPriceUpdateDate>2023-04-22 00:00:00</vendorPriceUpdateDate>
  </part>
  <part>
    <partNumber>24020146</partNumber>
    <punctuatedPartNumber>2402-0146</punctuatedPartNumber>
    <partStatusDescription>STANDARD</partStatusDescription>
    <partDescription>Heat Shrink Tubing - Heavy Duty</partDescription>
    <unitOfMeasure>Kit</unitOfMeasure>
    <brandName>PERFORMANCE TOOL</brandName>
    <supplierNumber>W541</supplierNumber>
    <specialInstructions/>
    <baseDealerPrice>23.87</baseDealerPrice>
    <yourDealerPrice>23.87</yourDealerPrice>
    <baseRetailPrice>36.72</baseRetailPrice>
    <originalRetailPrice>46.95</originalRetailPrice>
    <partImage>http://asset.lemansnet.com/z/L0EvNS80L0E1NEUyQ0U2LUZGMjMtNEZCMS04QzdCLTY3QUYzOURFRTE1Mw==</partImage>
    <productId>0550029783</productId>
    <productName>Heavy-Duty Heat Shrink Tubing</productName>
    <productImage>http://asset.lemansnet.com/z/L0EvNS80L0E1NEUyQ0U2LUZGMjMtNEZCMS04QzdCLTY3QUYzOURFRTE1Mw==</productImage>
    <bullet1>106-piece weather-resistant and waterproof assortment of heat shrink tubing for demanding applications</bullet1>
    <bullet2>Includes black and red colors in 1/8", 3/16", 1/4", 5/16", 3/8" and 1/2" diameters</bullet2>
    <bullet3>3:1 shrink ratio with a maximum electrical rating of 600 volts</bullet3>
    <bullet4>Includes convenient resealable plastic case</bullet4>
    <bullet5/>
    <bullet6/>
    <bullet7/>
    <bullet8/>
    <bullet9/>
    <bullet10/>
    <bullet11/>
    <bullet12/>
    <bullet13/>
    <bullet14/>
    <bullet15/>
    <bullet16/>
    <bullet17/>
    <bullet18/>
    <bullet19/>
    <bullet20/>
    <bullet21/>
    <bullet22/>
    <bullet23/>
    <bullet24/>
    <vendorPriceUpdateDate>2023-04-22 00:00:00</vendorPriceUpdateDate>
  </part>
  <part>
    <partNumber>24020147</partNumber>
    <punctuatedPartNumber>2402-0147</punctuatedPartNumber>
    <partStatusDescription>STANDARD</partStatusDescription>
    <partDescription>Caps - Vacuum - Assortment</partDescription>
    <unitOfMeasure>Set</unitOfMeasure>
    <brandName>PERFORMANCE TOOL</brandName>
    <supplierNumber>W5232</supplierNumber>
    <specialInstructions/>
    <baseDealerPrice>10.40</baseDealerPrice>
    <yourDealerPrice>10.40</yourDealerPrice>
    <baseRetailPrice>16.00</baseRetailPrice>
    <originalRetailPrice>18.95</originalRetailPrice>
    <partImage>http://asset.lemansnet.com/z/LzAvNS8xLzA1MTczQjY3LTlGNkEtNDVEQy1CNzNBLTYwOTJGMEQyOTRERQ==</partImage>
    <productId>2085881404</productId>
    <productName>Vacuum Cap Assortment</productName>
    <productImage>http://asset.lemansnet.com/z/LzAvNS8xLzA1MTczQjY3LTlGNkEtNDVEQy1CNzNBLTYwOTJGMEQyOTRERQ==</productImage>
    <bullet1>Includes 20 each of 3/16", 5/32" and 7/32"; 10 each of 1/4"; five each of 5/16" and 3/8" sizes</bullet1>
    <bullet2>80-piece assortment for use in most applications</bullet2>
    <bullet3>Includes convenient resealable plastic case</bullet3>
    <bullet4/>
    <bullet5/>
    <bullet6/>
    <bullet7/>
    <bullet8/>
    <bullet9/>
    <bullet10/>
    <bullet11/>
    <bullet12/>
    <bullet13/>
    <bullet14/>
    <bullet15/>
    <bullet16/>
    <bullet17/>
    <bullet18/>
    <bullet19/>
    <bullet20/>
    <bullet21/>
    <bullet22/>
    <bullet23/>
    <bullet24/>
    <vendorPriceUpdateDate>2023-04-22 00:00:00</vendorPriceUpdateDate>
  </part>
  <part>
    <partNumber>24020148</partNumber>
    <punctuatedPartNumber>2402-0148</punctuatedPartNumber>
    <partStatusDescription>STANDARD</partStatusDescription>
    <partDescription>Grommet Assortment</partDescription>
    <unitOfMeasure>Set</unitOfMeasure>
    <brandName>PERFORMANCE TOOL</brandName>
    <supplierNumber>W5214</supplierNumber>
    <specialInstructions/>
    <baseDealerPrice>8.62</baseDealerPrice>
    <yourDealerPrice>8.62</yourDealerPrice>
    <baseRetailPrice>13.26</baseRetailPrice>
    <originalRetailPrice>12.95</originalRetailPrice>
    <partImage>http://asset.lemansnet.com/z/L0EvMC82L0EwNjZDNzY3LTVGRkYtNEFBMi04RTE1LUIwODU1MTZCMURGRA==</partImage>
    <productId>0444122766</productId>
    <productName>Rubber Grommet and Plug Assortment</productName>
    <productImage>http://asset.lemansnet.com/z/L0EvMC82L0EwNjZDNzY3LTVGRkYtNEFBMi04RTE1LUIwODU1MTZCMURGRA==</productImage>
    <bullet1>125-piece rubber grommet plug assortment to insulate wires and plumbing, as well as for sealing various holes</bullet1>
    <bullet2>Includes convenient resealable plastic case</bullet2>
    <bullet3/>
    <bullet4/>
    <bullet5/>
    <bullet6/>
    <bullet7/>
    <bullet8/>
    <bullet9/>
    <bullet10/>
    <bullet11/>
    <bullet12/>
    <bullet13/>
    <bullet14/>
    <bullet15/>
    <bullet16/>
    <bullet17/>
    <bullet18/>
    <bullet19/>
    <bullet20/>
    <bullet21/>
    <bullet22/>
    <bullet23/>
    <bullet24/>
    <vendorPriceUpdateDate>2023-04-22 00:00:00</vendorPriceUpdateDate>
  </part>
</root>
