<root>
  <part>
    <partNumber>12310091</partNumber>
    <punctuatedPartNumber>1231-0091</punctuatedPartNumber>
    <partStatusDescription>STANDARD</partStatusDescription>
    <partDescription>Case Guard - Raptor 700R</partDescription>
    <unitOfMeasure>Each</unitOfMeasure>
    <brandName>PRO DESIGN</brandName>
    <supplierNumber>PD-238</supplierNumber>
    <specialInstructions/>
    <baseDealerPrice>28.50</baseDealerPrice>
    <yourDealerPrice>28.50</yourDealerPrice>
    <baseRetailPrice>40.95</baseRetailPrice>
    <originalRetailPrice>40.95</originalRetailPrice>
    <partImage>http://asset.lemansnet.com/z/L0MvOS9GL0M5RkU3ODkzLTRCNEQtNDQ3Qi1BREU2LTcxMEVFRTZDQ0Q1Qw==</partImage>
    <productId>0139651992</productId>
    <productName>Case Guard</productName>
    <productImage>http://asset.lemansnet.com/z/L0MvOC9GL0M4RkE4M0Y3LUUxQjctNDJDRC04NjEwLUQzNDZDMjkxNjRBMg==</productImage>
    <bullet1>Protect your cases with this sturdy yet lightweight billet case guard</bullet1>
    <bullet2/>
    <bullet3/>
    <bullet4/>
    <bullet5/>
    <bullet6/>
    <bullet7/>
    <bullet8/>
    <bullet9/>
    <bullet10/>
    <bullet11/>
    <bullet12/>
    <bullet13/>
    <bullet14/>
    <bullet15/>
    <bullet16/>
    <bullet17/>
    <bullet18/>
    <bullet19/>
    <bullet20/>
    <bullet21/>
    <bullet22/>
    <bullet23/>
    <bullet24/>
    <vendorPriceUpdateDate>2023-03-15 00:00:00</vendorPriceUpdateDate>
  </part>
  <part>
    <partNumber>10110258</partNumber>
    <punctuatedPartNumber>1011-0258</punctuatedPartNumber>
    <partStatusDescription>STANDARD</partStatusDescription>
    <partDescription>Pro-Flow Airbox Filter Kit - Yamaha</partDescription>
    <unitOfMeasure>Kit</unitOfMeasure>
    <brandName>PRO DESIGN</brandName>
    <supplierNumber>PD215</supplierNumber>
    <specialInstructions/>
    <baseDealerPrice>169.95</baseDealerPrice>
    <yourDealerPrice>169.95</yourDealerPrice>
    <baseRetailPrice>242.95</baseRetailPrice>
    <originalRetailPrice>242.95</originalRetailPrice>
    <partImage>http://asset.lemansnet.com/z/LzAvMy8xLzAzMTc2OTkzLTU0OTctNDU2Qi05RDM4LTU2OTMxQzNDNTRGQw==</partImage>
    <productId>0365481488</productId>
    <productName>Pro-Flow Airbox Filter Kit</productName>
    <productImage>http://asset.lemansnet.com/z/LzAvMy8xLzAzMTc2OTkzLTU0OTctNDU2Qi05RDM4LTU2OTMxQzNDNTRGQw==</productImage>
    <bullet1>Precision CNC-machined from billet and features an O-ring seal for easy and reliable installation</bullet1>
    <bullet2>Improves airflow with a flow-bench-designed venturi adapter and a larger air filter</bullet2>
    <bullet3>Replaces the standard airbox cage that allows dirt to damage your engine</bullet3>
    <bullet4>Completely replaces the restrictive stock air filter and adapter</bullet4>
    <bullet5/>
    <bullet6/>
    <bullet7/>
    <bullet8/>
    <bullet9/>
    <bullet10/>
    <bullet11/>
    <bullet12/>
    <bullet13/>
    <bullet14/>
    <bullet15/>
    <bullet16/>
    <bullet17/>
    <bullet18/>
    <bullet19/>
    <bullet20/>
    <bullet21/>
    <bullet22/>
    <bullet23/>
    <bullet24/>
    <vendorPriceUpdateDate>2023-04-22 00:00:00</vendorPriceUpdateDate>
  </part>
  <part>
    <partNumber>10110259</partNumber>
    <punctuatedPartNumber>1011-0259</punctuatedPartNumber>
    <partStatusDescription>STANDARD</partStatusDescription>
    <partDescription>Replacement Air Filter - Pro-Flow - Yamaha</partDescription>
    <unitOfMeasure>Each</unitOfMeasure>
    <brandName>PRO DESIGN</brandName>
    <supplierNumber>PD-215A</supplierNumber>
    <specialInstructions/>
    <baseDealerPrice>62.00</baseDealerPrice>
    <yourDealerPrice>62.00</yourDealerPrice>
    <baseRetailPrice>88.95</baseRetailPrice>
    <originalRetailPrice>89.95</originalRetailPrice>
    <partImage>http://asset.lemansnet.com/z/LzIvNy9FLzI3RUM3MEE3LTlFOEEtNEJCRS04MTBDLTc1QzQ0MUY1M0M0Ng==</partImage>
    <productId>0010174708</productId>
    <productName>Replacement Air Filter for Pro-Flow Airbox</productName>
    <productImage>http://asset.lemansnet.com/z/LzIvRC9CLzJEQjRBQjRDLTE0MzEtNEQyNC05N0YxLTAxNkE4NTRCRkUyNQ==</productImage>
    <bullet1>Completely replaces the restrictive stock air filter</bullet1>
    <bullet2>Improves airflow with a larger air filter</bullet2>
    <bullet3/>
    <bullet4/>
    <bullet5/>
    <bullet6/>
    <bullet7/>
    <bullet8/>
    <bullet9/>
    <bullet10/>
    <bullet11/>
    <bullet12/>
    <bullet13/>
    <bullet14/>
    <bullet15/>
    <bullet16/>
    <bullet17/>
    <bullet18/>
    <bullet19/>
    <bullet20/>
    <bullet21/>
    <bullet22/>
    <bullet23/>
    <bullet24/>
    <vendorPriceUpdateDate>2023-03-15 00:00:00</vendorPriceUpdateDate>
  </part>
  <part>
    <partNumber>10110260</partNumber>
    <punctuatedPartNumber>1011-0260</punctuatedPartNumber>
    <partStatusDescription>STANDARD</partStatusDescription>
    <partDescription>Pro-Flow Airbox Filter Kit - Yamaha</partDescription>
    <unitOfMeasure>Kit</unitOfMeasure>
    <brandName>PRO DESIGN</brandName>
    <supplierNumber>PD216</supplierNumber>
    <specialInstructions/>
    <baseDealerPrice>156.95</baseDealerPrice>
    <yourDealerPrice>156.95</yourDealerPrice>
    <baseRetailPrice>224.95</baseRetailPrice>
    <originalRetailPrice>224.95</originalRetailPrice>
    <partImage>http://asset.lemansnet.com/z/LzgvMS81LzgxNTgwRTZDLTk2NUEtNDc2Qi05OTUzLTRGNERFMTVBNTU1Rg==</partImage>
    <productId>0365481488</productId>
    <productName>Pro-Flow Airbox Filter Kit</productName>
    <productImage>http://asset.lemansnet.com/z/LzAvMy8xLzAzMTc2OTkzLTU0OTctNDU2Qi05RDM4LTU2OTMxQzNDNTRGQw==</productImage>
    <bullet1>Precision CNC-machined from billet and features an O-ring seal for easy and reliable installation</bullet1>
    <bullet2>Improves airflow with a flow-bench-designed venturi adapter and a larger air filter</bullet2>
    <bullet3>Replaces the standard airbox cage that allows dirt to damage your engine</bullet3>
    <bullet4>Completely replaces the restrictive stock air filter and adapter</bullet4>
    <bullet5/>
    <bullet6/>
    <bullet7/>
    <bullet8/>
    <bullet9/>
    <bullet10/>
    <bullet11/>
    <bullet12/>
    <bullet13/>
    <bullet14/>
    <bullet15/>
    <bullet16/>
    <bullet17/>
    <bullet18/>
    <bullet19/>
    <bullet20/>
    <bullet21/>
    <bullet22/>
    <bullet23/>
    <bullet24/>
    <vendorPriceUpdateDate>2023-04-22 00:00:00</vendorPriceUpdateDate>
  </part>
  <part>
    <partNumber>10110261</partNumber>
    <punctuatedPartNumber>1011-0261</punctuatedPartNumber>
    <partStatusDescription>STANDARD</partStatusDescription>
    <partDescription>Replacement Air Filter - Pro-Flow - Yamaha</partDescription>
    <unitOfMeasure>Each</unitOfMeasure>
    <brandName>PRO DESIGN</brandName>
    <supplierNumber>PD216A</supplierNumber>
    <specialInstructions/>
    <baseDealerPrice>44.95</baseDealerPrice>
    <yourDealerPrice>44.95</yourDealerPrice>
    <baseRetailPrice>64.95</baseRetailPrice>
    <originalRetailPrice>64.95</originalRetailPrice>
    <partImage>http://asset.lemansnet.com/z/LzMvRS9BLzNFQTMzMzE2LTQxOUItNDg1Qy1CN0JGLTRBNjlGRTUzRUREMQ==</partImage>
    <productId>0010174708</productId>
    <productName>Replacement Air Filter for Pro-Flow Airbox</productName>
    <productImage>http://asset.lemansnet.com/z/LzIvRC9CLzJEQjRBQjRDLTE0MzEtNEQyNC05N0YxLTAxNkE4NTRCRkUyNQ==</productImage>
    <bullet1>Completely replaces the restrictive stock air filter</bullet1>
    <bullet2>Improves airflow with a larger air filter</bullet2>
    <bullet3/>
    <bullet4/>
    <bullet5/>
    <bullet6/>
    <bullet7/>
    <bullet8/>
    <bullet9/>
    <bullet10/>
    <bullet11/>
    <bullet12/>
    <bullet13/>
    <bullet14/>
    <bullet15/>
    <bullet16/>
    <bullet17/>
    <bullet18/>
    <bullet19/>
    <bullet20/>
    <bullet21/>
    <bullet22/>
    <bullet23/>
    <bullet24/>
    <vendorPriceUpdateDate>2023-03-15 00:00:00</vendorPriceUpdateDate>
  </part>
  <part>
    <partNumber>10110263</partNumber>
    <punctuatedPartNumber>1011-0263</punctuatedPartNumber>
    <partStatusDescription>STANDARD</partStatusDescription>
    <partDescription>Replacement Air Filter - Pro-Flow - Kawasaki/Suzuki</partDescription>
    <unitOfMeasure>Each</unitOfMeasure>
    <brandName>PRO DESIGN</brandName>
    <supplierNumber>PD-221A</supplierNumber>
    <specialInstructions/>
    <baseDealerPrice>44.95</baseDealerPrice>
    <yourDealerPrice>44.95</yourDealerPrice>
    <baseRetailPrice>64.95</baseRetailPrice>
    <originalRetailPrice>64.95</originalRetailPrice>
    <partImage>http://asset.lemansnet.com/z/L0UvQy85L0VDOTQwMDQ2LUQ1NzAtNDE0OS1BQTdBLUJCQkIwM0YzMENBOQ==</partImage>
    <productId>0010174708</productId>
    <productName>Replacement Air Filter for Pro-Flow Airbox</productName>
    <productImage>http://asset.lemansnet.com/z/LzIvRC9CLzJEQjRBQjRDLTE0MzEtNEQyNC05N0YxLTAxNkE4NTRCRkUyNQ==</productImage>
    <bullet1>Completely replaces the restrictive stock air filter</bullet1>
    <bullet2>Improves airflow with a larger air filter</bullet2>
    <bullet3/>
    <bullet4/>
    <bullet5/>
    <bullet6/>
    <bullet7/>
    <bullet8/>
    <bullet9/>
    <bullet10/>
    <bullet11/>
    <bullet12/>
    <bullet13/>
    <bullet14/>
    <bullet15/>
    <bullet16/>
    <bullet17/>
    <bullet18/>
    <bullet19/>
    <bullet20/>
    <bullet21/>
    <bullet22/>
    <bullet23/>
    <bullet24/>
    <vendorPriceUpdateDate>2023-03-15 00:00:00</vendorPriceUpdateDate>
  </part>
  <part>
    <partNumber>10110264</partNumber>
    <punctuatedPartNumber>1011-0264</punctuatedPartNumber>
    <partStatusDescription>STANDARD</partStatusDescription>
    <partDescription>Replacement Air Filter - Pro-Flow - Yamaha</partDescription>
    <unitOfMeasure>Each</unitOfMeasure>
    <brandName>PRO DESIGN</brandName>
    <supplierNumber>PD206A</supplierNumber>
    <specialInstructions/>
    <baseDealerPrice>75.95</baseDealerPrice>
    <yourDealerPrice>75.95</yourDealerPrice>
    <baseRetailPrice>108.95</baseRetailPrice>
    <originalRetailPrice>114.95</originalRetailPrice>
    <partImage>http://asset.lemansnet.com/z/L0EvMy82L0EzNkMzM0IyLTIyNEYtNEEzMi1BMDQ2LTc3MDBBREFFOTA4Rg==</partImage>
    <productId>0010174708</productId>
    <productName>Replacement Air Filter for Pro-Flow Airbox</productName>
    <productImage>http://asset.lemansnet.com/z/LzIvRC9CLzJEQjRBQjRDLTE0MzEtNEQyNC05N0YxLTAxNkE4NTRCRkUyNQ==</productImage>
    <bullet1>Completely replaces the restrictive stock air filter</bullet1>
    <bullet2>Improves airflow with a larger air filter</bullet2>
    <bullet3/>
    <bullet4/>
    <bullet5/>
    <bullet6/>
    <bullet7/>
    <bullet8/>
    <bullet9/>
    <bullet10/>
    <bullet11/>
    <bullet12/>
    <bullet13/>
    <bullet14/>
    <bullet15/>
    <bullet16/>
    <bullet17/>
    <bullet18/>
    <bullet19/>
    <bullet20/>
    <bullet21/>
    <bullet22/>
    <bullet23/>
    <bullet24/>
    <vendorPriceUpdateDate>2023-03-15 00:00:00</vendorPriceUpdateDate>
  </part>
  <part>
    <partNumber>10110265</partNumber>
    <punctuatedPartNumber>1011-0265</punctuatedPartNumber>
    <partStatusDescription>STANDARD</partStatusDescription>
    <partDescription>Replacement Air Filter - Pro-Flow - Yamaha</partDescription>
    <unitOfMeasure>Each</unitOfMeasure>
    <brandName>PRO DESIGN</brandName>
    <supplierNumber>PD-205A</supplierNumber>
    <specialInstructions/>
    <baseDealerPrice>44.95</baseDealerPrice>
    <yourDealerPrice>44.95</yourDealerPrice>
    <baseRetailPrice>64.95</baseRetailPrice>
    <originalRetailPrice>64.95</originalRetailPrice>
    <partImage>http://asset.lemansnet.com/z/L0YvOC9BL0Y4QTUwQzVFLTZDNDktNERDNy04RkY0LUM0NEI0MDBBRUVCMg==</partImage>
    <productId>0010174708</productId>
    <productName>Replacement Air Filter for Pro-Flow Airbox</productName>
    <productImage>http://asset.lemansnet.com/z/LzIvRC9CLzJEQjRBQjRDLTE0MzEtNEQyNC05N0YxLTAxNkE4NTRCRkUyNQ==</productImage>
    <bullet1>Completely replaces the restrictive stock air filter</bullet1>
    <bullet2>Improves airflow with a larger air filter</bullet2>
    <bullet3/>
    <bullet4/>
    <bullet5/>
    <bullet6/>
    <bullet7/>
    <bullet8/>
    <bullet9/>
    <bullet10/>
    <bullet11/>
    <bullet12/>
    <bullet13/>
    <bullet14/>
    <bullet15/>
    <bullet16/>
    <bullet17/>
    <bullet18/>
    <bullet19/>
    <bullet20/>
    <bullet21/>
    <bullet22/>
    <bullet23/>
    <bullet24/>
    <vendorPriceUpdateDate>2023-03-15 00:00:00</vendorPriceUpdateDate>
  </part>
  <part>
    <partNumber>10111664</partNumber>
    <punctuatedPartNumber>1011-1664</punctuatedPartNumber>
    <partStatusDescription>STANDARD</partStatusDescription>
    <partDescription>Pro-Flow Airbox Filter Kit - Yamaha</partDescription>
    <unitOfMeasure>Kit</unitOfMeasure>
    <brandName>PRO DESIGN</brandName>
    <supplierNumber>PD273</supplierNumber>
    <specialInstructions/>
    <baseDealerPrice>134.95</baseDealerPrice>
    <yourDealerPrice>134.95</yourDealerPrice>
    <baseRetailPrice>192.95</baseRetailPrice>
    <originalRetailPrice>192.95</originalRetailPrice>
    <partImage>http://asset.lemansnet.com/z/LzUvMi84LzUyOEM5MjM0LTI0QzItNEZBRS1BOTJCLUMzNkYyQTQ3RjMxMQ==</partImage>
    <productId>0365481488</productId>
    <productName>Pro-Flow Airbox Filter Kit</productName>
    <productImage>http://asset.lemansnet.com/z/LzAvMy8xLzAzMTc2OTkzLTU0OTctNDU2Qi05RDM4LTU2OTMxQzNDNTRGQw==</productImage>
    <bullet1>Precision CNC-machined from billet and features an O-ring seal for easy and reliable installation</bullet1>
    <bullet2>Improves airflow with a flow-bench-designed venturi adapter and a larger air filter</bullet2>
    <bullet3>Replaces the standard airbox cage that allows dirt to damage your engine</bullet3>
    <bullet4>Completely replaces the restrictive stock air filter and adapter</bullet4>
    <bullet5/>
    <bullet6/>
    <bullet7/>
    <bullet8/>
    <bullet9/>
    <bullet10/>
    <bullet11/>
    <bullet12/>
    <bullet13/>
    <bullet14/>
    <bullet15/>
    <bullet16/>
    <bullet17/>
    <bullet18/>
    <bullet19/>
    <bullet20/>
    <bullet21/>
    <bullet22/>
    <bullet23/>
    <bullet24/>
    <vendorPriceUpdateDate>2023-04-22 00:00:00</vendorPriceUpdateDate>
  </part>
  <part>
    <partNumber>10110688</partNumber>
    <punctuatedPartNumber>1011-0688</punctuatedPartNumber>
    <partStatusDescription>STANDARD</partStatusDescription>
    <partDescription>Pro-Flow Airbox Filter Kit - Honda</partDescription>
    <unitOfMeasure>Kit</unitOfMeasure>
    <brandName>PRO DESIGN</brandName>
    <supplierNumber>PD-245</supplierNumber>
    <specialInstructions/>
    <baseDealerPrice>127.95</baseDealerPrice>
    <yourDealerPrice>127.95</yourDealerPrice>
    <baseRetailPrice>182.95</baseRetailPrice>
    <originalRetailPrice>182.95</originalRetailPrice>
    <partImage>http://asset.lemansnet.com/z/LzgvRC8zLzhEMzMyMkMxLUY1RjgtNEQ2My05MDhGLTYyQzk5NEM3RjdGMA==</partImage>
    <productId>0365481488</productId>
    <productName>Pro-Flow Airbox Filter Kit</productName>
    <productImage>http://asset.lemansnet.com/z/LzAvMy8xLzAzMTc2OTkzLTU0OTctNDU2Qi05RDM4LTU2OTMxQzNDNTRGQw==</productImage>
    <bullet1>Precision CNC-machined from billet and features an O-ring seal for easy and reliable installation</bullet1>
    <bullet2>Improves airflow with a flow-bench-designed venturi adapter and a larger air filter</bullet2>
    <bullet3>Replaces the standard airbox cage that allows dirt to damage your engine</bullet3>
    <bullet4>Completely replaces the restrictive stock air filter and adapter</bullet4>
    <bullet5/>
    <bullet6/>
    <bullet7/>
    <bullet8/>
    <bullet9/>
    <bullet10/>
    <bullet11/>
    <bullet12/>
    <bullet13/>
    <bullet14/>
    <bullet15/>
    <bullet16/>
    <bullet17/>
    <bullet18/>
    <bullet19/>
    <bullet20/>
    <bullet21/>
    <bullet22/>
    <bullet23/>
    <bullet24/>
    <vendorPriceUpdateDate>2023-04-22 00:00:00</vendorPriceUpdateDate>
  </part>
  <part>
    <partNumber>10110689</partNumber>
    <punctuatedPartNumber>1011-0689</punctuatedPartNumber>
    <partStatusDescription>STANDARD</partStatusDescription>
    <partDescription>Replacement Air Filter - Pro-Flow - Honda</partDescription>
    <unitOfMeasure>Each</unitOfMeasure>
    <brandName>PRO DESIGN</brandName>
    <supplierNumber>PD-245-A</supplierNumber>
    <specialInstructions/>
    <baseDealerPrice>44.95</baseDealerPrice>
    <yourDealerPrice>44.95</yourDealerPrice>
    <baseRetailPrice>64.95</baseRetailPrice>
    <originalRetailPrice>64.95</originalRetailPrice>
    <partImage>http://asset.lemansnet.com/z/L0IvQy9BL0JDQTRGNzE5LTBFQzItNDMzQi05QTNFLUI3RTM4NDNCOUFGNg==</partImage>
    <productId>0010174708</productId>
    <productName>Replacement Air Filter for Pro-Flow Airbox</productName>
    <productImage>http://asset.lemansnet.com/z/LzIvRC9CLzJEQjRBQjRDLTE0MzEtNEQyNC05N0YxLTAxNkE4NTRCRkUyNQ==</productImage>
    <bullet1>Completely replaces the restrictive stock air filter</bullet1>
    <bullet2>Improves airflow with a larger air filter</bullet2>
    <bullet3/>
    <bullet4/>
    <bullet5/>
    <bullet6/>
    <bullet7/>
    <bullet8/>
    <bullet9/>
    <bullet10/>
    <bullet11/>
    <bullet12/>
    <bullet13/>
    <bullet14/>
    <bullet15/>
    <bullet16/>
    <bullet17/>
    <bullet18/>
    <bullet19/>
    <bullet20/>
    <bullet21/>
    <bullet22/>
    <bullet23/>
    <bullet24/>
    <vendorPriceUpdateDate>2023-03-15 00:00:00</vendorPriceUpdateDate>
  </part>
  <part>
    <partNumber>10110692</partNumber>
    <punctuatedPartNumber>1011-0692</punctuatedPartNumber>
    <partStatusDescription>STANDARD</partStatusDescription>
    <partDescription>Pro-Flow Airbox Filter Kit - Yamaha</partDescription>
    <unitOfMeasure>Kit</unitOfMeasure>
    <brandName>PRO DESIGN</brandName>
    <supplierNumber>PD-233</supplierNumber>
    <specialInstructions/>
    <baseDealerPrice>134.95</baseDealerPrice>
    <yourDealerPrice>134.95</yourDealerPrice>
    <baseRetailPrice>192.95</baseRetailPrice>
    <originalRetailPrice>192.95</originalRetailPrice>
    <partImage>http://asset.lemansnet.com/z/LzIvRi9GLzJGRkQwOTY1LTU0NjctNDdFNS04NEMxLUIyQzZFRUI4N0EwRQ==</partImage>
    <productId>0365481488</productId>
    <productName>Pro-Flow Airbox Filter Kit</productName>
    <productImage>http://asset.lemansnet.com/z/LzAvMy8xLzAzMTc2OTkzLTU0OTctNDU2Qi05RDM4LTU2OTMxQzNDNTRGQw==</productImage>
    <bullet1>Precision CNC-machined from billet and features an O-ring seal for easy and reliable installation</bullet1>
    <bullet2>Improves airflow with a flow-bench-designed venturi adapter and a larger air filter</bullet2>
    <bullet3>Replaces the standard airbox cage that allows dirt to damage your engine</bullet3>
    <bullet4>Completely replaces the restrictive stock air filter and adapter</bullet4>
    <bullet5/>
    <bullet6/>
    <bullet7/>
    <bullet8/>
    <bullet9/>
    <bullet10/>
    <bullet11/>
    <bullet12/>
    <bullet13/>
    <bullet14/>
    <bullet15/>
    <bullet16/>
    <bullet17/>
    <bullet18/>
    <bullet19/>
    <bullet20/>
    <bullet21/>
    <bullet22/>
    <bullet23/>
    <bullet24/>
    <vendorPriceUpdateDate>2023-04-22 00:00:00</vendorPriceUpdateDate>
  </part>
  <part>
    <partNumber>10110693</partNumber>
    <punctuatedPartNumber>1011-0693</punctuatedPartNumber>
    <partStatusDescription>STANDARD</partStatusDescription>
    <partDescription>Replacement Air Filter - Pro-Flow - Yamaha</partDescription>
    <unitOfMeasure>Each</unitOfMeasure>
    <brandName>PRO DESIGN</brandName>
    <supplierNumber>PD-233-A</supplierNumber>
    <specialInstructions/>
    <baseDealerPrice>44.95</baseDealerPrice>
    <yourDealerPrice>44.95</yourDealerPrice>
    <baseRetailPrice>64.95</baseRetailPrice>
    <originalRetailPrice>64.95</originalRetailPrice>
    <partImage>http://asset.lemansnet.com/z/LzEvQi9FLzFCRUUxRTAxLTg4MzctNDNFMS04ODBCLTE1M0Y5QjM0MEJCMg==</partImage>
    <productId>0010174708</productId>
    <productName>Replacement Air Filter for Pro-Flow Airbox</productName>
    <productImage>http://asset.lemansnet.com/z/LzIvRC9CLzJEQjRBQjRDLTE0MzEtNEQyNC05N0YxLTAxNkE4NTRCRkUyNQ==</productImage>
    <bullet1>Completely replaces the restrictive stock air filter</bullet1>
    <bullet2>Improves airflow with a larger air filter</bullet2>
    <bullet3/>
    <bullet4/>
    <bullet5/>
    <bullet6/>
    <bullet7/>
    <bullet8/>
    <bullet9/>
    <bullet10/>
    <bullet11/>
    <bullet12/>
    <bullet13/>
    <bullet14/>
    <bullet15/>
    <bullet16/>
    <bullet17/>
    <bullet18/>
    <bullet19/>
    <bullet20/>
    <bullet21/>
    <bullet22/>
    <bullet23/>
    <bullet24/>
    <vendorPriceUpdateDate>2023-03-15 00:00:00</vendorPriceUpdateDate>
  </part>
  <part>
    <partNumber>10110694</partNumber>
    <punctuatedPartNumber>1011-0694</punctuatedPartNumber>
    <partStatusDescription>STANDARD</partStatusDescription>
    <partDescription>Pro-Flow Airbox Filter Kit - Yamaha</partDescription>
    <unitOfMeasure>Kit</unitOfMeasure>
    <brandName>PRO DESIGN</brandName>
    <supplierNumber>PD-234</supplierNumber>
    <specialInstructions/>
    <baseDealerPrice>156.95</baseDealerPrice>
    <yourDealerPrice>156.95</yourDealerPrice>
    <baseRetailPrice>224.95</baseRetailPrice>
    <originalRetailPrice>224.95</originalRetailPrice>
    <partImage>http://asset.lemansnet.com/z/L0QvRi9BL0RGQUYwRTg2LTVGOTQtNEMxMy04QjgyLUM0OUU3NUYxMENDOQ==</partImage>
    <productId>0365481488</productId>
    <productName>Pro-Flow Airbox Filter Kit</productName>
    <productImage>http://asset.lemansnet.com/z/LzAvMy8xLzAzMTc2OTkzLTU0OTctNDU2Qi05RDM4LTU2OTMxQzNDNTRGQw==</productImage>
    <bullet1>Precision CNC-machined from billet and features an O-ring seal for easy and reliable installation</bullet1>
    <bullet2>Improves airflow with a flow-bench-designed venturi adapter and a larger air filter</bullet2>
    <bullet3>Replaces the standard airbox cage that allows dirt to damage your engine</bullet3>
    <bullet4>Completely replaces the restrictive stock air filter and adapter</bullet4>
    <bullet5/>
    <bullet6/>
    <bullet7/>
    <bullet8/>
    <bullet9/>
    <bullet10/>
    <bullet11/>
    <bullet12/>
    <bullet13/>
    <bullet14/>
    <bullet15/>
    <bullet16/>
    <bullet17/>
    <bullet18/>
    <bullet19/>
    <bullet20/>
    <bullet21/>
    <bullet22/>
    <bullet23/>
    <bullet24/>
    <vendorPriceUpdateDate>2023-04-22 00:00:00</vendorPriceUpdateDate>
  </part>
  <part>
    <partNumber>10110695</partNumber>
    <punctuatedPartNumber>1011-0695</punctuatedPartNumber>
    <partStatusDescription>STANDARD</partStatusDescription>
    <partDescription>Replacement Air Filter - Pro-Flow - Yamaha</partDescription>
    <unitOfMeasure>Each</unitOfMeasure>
    <brandName>PRO DESIGN</brandName>
    <supplierNumber>PD-234-A</supplierNumber>
    <specialInstructions/>
    <baseDealerPrice>62.00</baseDealerPrice>
    <yourDealerPrice>62.00</yourDealerPrice>
    <baseRetailPrice>88.95</baseRetailPrice>
    <originalRetailPrice>89.95</originalRetailPrice>
    <partImage>http://asset.lemansnet.com/z/LzgvQy9GLzhDRjkyMkM5LUQ2ODItNDlFRi1BMTMzLTQyREM1RTQ2MTFBMw==</partImage>
    <productId>0010174708</productId>
    <productName>Replacement Air Filter for Pro-Flow Airbox</productName>
    <productImage>http://asset.lemansnet.com/z/LzIvRC9CLzJEQjRBQjRDLTE0MzEtNEQyNC05N0YxLTAxNkE4NTRCRkUyNQ==</productImage>
    <bullet1>Completely replaces the restrictive stock air filter</bullet1>
    <bullet2>Improves airflow with a larger air filter</bullet2>
    <bullet3/>
    <bullet4/>
    <bullet5/>
    <bullet6/>
    <bullet7/>
    <bullet8/>
    <bullet9/>
    <bullet10/>
    <bullet11/>
    <bullet12/>
    <bullet13/>
    <bullet14/>
    <bullet15/>
    <bullet16/>
    <bullet17/>
    <bullet18/>
    <bullet19/>
    <bullet20/>
    <bullet21/>
    <bullet22/>
    <bullet23/>
    <bullet24/>
    <vendorPriceUpdateDate>2023-03-15 00:00:00</vendorPriceUpdateDate>
  </part>
  <part>
    <partNumber>10110740</partNumber>
    <punctuatedPartNumber>1011-0740</punctuatedPartNumber>
    <partStatusDescription>STANDARD</partStatusDescription>
    <partDescription>Replacement Air Filter - Pro-Flow - Honda</partDescription>
    <unitOfMeasure>Each</unitOfMeasure>
    <brandName>PRO DESIGN</brandName>
    <supplierNumber>PD-226A</supplierNumber>
    <specialInstructions/>
    <baseDealerPrice>44.95</baseDealerPrice>
    <yourDealerPrice>44.95</yourDealerPrice>
    <baseRetailPrice>64.95</baseRetailPrice>
    <originalRetailPrice>64.95</originalRetailPrice>
    <partImage>http://asset.lemansnet.com/z/LzEvRS84LzFFOEYzRUVDLTQ2MUYtNDY0Qi04Njg4LUY4M0NBODY2NDY2RQ==</partImage>
    <productId>0010174708</productId>
    <productName>Replacement Air Filter for Pro-Flow Airbox</productName>
    <productImage>http://asset.lemansnet.com/z/LzIvRC9CLzJEQjRBQjRDLTE0MzEtNEQyNC05N0YxLTAxNkE4NTRCRkUyNQ==</productImage>
    <bullet1>Completely replaces the restrictive stock air filter</bullet1>
    <bullet2>Improves airflow with a larger air filter</bullet2>
    <bullet3/>
    <bullet4/>
    <bullet5/>
    <bullet6/>
    <bullet7/>
    <bullet8/>
    <bullet9/>
    <bullet10/>
    <bullet11/>
    <bullet12/>
    <bullet13/>
    <bullet14/>
    <bullet15/>
    <bullet16/>
    <bullet17/>
    <bullet18/>
    <bullet19/>
    <bullet20/>
    <bullet21/>
    <bullet22/>
    <bullet23/>
    <bullet24/>
    <vendorPriceUpdateDate>2023-03-15 00:00:00</vendorPriceUpdateDate>
  </part>
  <part>
    <partNumber>10112862</partNumber>
    <punctuatedPartNumber>1011-2862</punctuatedPartNumber>
    <partStatusDescription>DISCONTINUED</partStatusDescription>
    <partDescription>Pro-Flow Airbox Filter Kit - Polaris</partDescription>
    <unitOfMeasure>Kit</unitOfMeasure>
    <brandName>PRO DESIGN</brandName>
    <supplierNumber>PD 247</supplierNumber>
    <specialInstructions/>
    <baseDealerPrice>55.90</baseDealerPrice>
    <yourDealerPrice>55.90</yourDealerPrice>
    <baseRetailPrice>0.00</baseRetailPrice>
    <originalRetailPrice>299.95</originalRetailPrice>
    <partImage>http://asset.lemansnet.com/z/L0UvOS8zL0U5MzVENUVGLUY0MzItNEQ5NC05MzhCLTAzQjA1N0IyQjY4OQ==</partImage>
    <productId>2033656683</productId>
    <productName>Pro-Flow Airbox Filter Kit</productName>
    <productImage>http://asset.lemansnet.com/z/LzAvMy8xLzAzMTc2OTkzLTU0OTctNDU2Qi05RDM4LTU2OTMxQzNDNTRGQw==</productImage>
    <bullet1>Precision CNC-machined from billet and features an O-ring seal for easy and reliable installation</bullet1>
    <bullet2>Improves airflow with a flow-bench-designed venturi adapter and a larger air filter</bullet2>
    <bullet3>Replaces the standard airbox cage that allows dirt to damage your engine</bullet3>
    <bullet4>Completely replaces the restrictive stock air filter and adapter</bullet4>
    <bullet5/>
    <bullet6/>
    <bullet7/>
    <bullet8/>
    <bullet9/>
    <bullet10/>
    <bullet11/>
    <bullet12/>
    <bullet13/>
    <bullet14/>
    <bullet15/>
    <bullet16/>
    <bullet17/>
    <bullet18/>
    <bullet19/>
    <bullet20/>
    <bullet21/>
    <bullet22/>
    <bullet23/>
    <bullet24/>
    <vendorPriceUpdateDate>2023-04-22 00:00:00</vendorPriceUpdateDate>
  </part>
  <part>
    <partNumber>10112863</partNumber>
    <punctuatedPartNumber>1011-2863</punctuatedPartNumber>
    <partStatusDescription>DISCONTINUED</partStatusDescription>
    <partDescription>Pro-Flow Airbox Filter Kit - Polaris</partDescription>
    <unitOfMeasure>Kit</unitOfMeasure>
    <brandName>PRO DESIGN</brandName>
    <supplierNumber>PD 248</supplierNumber>
    <specialInstructions/>
    <baseDealerPrice>55.90</baseDealerPrice>
    <yourDealerPrice>55.90</yourDealerPrice>
    <baseRetailPrice>0.00</baseRetailPrice>
    <originalRetailPrice>289.95</originalRetailPrice>
    <partImage>http://asset.lemansnet.com/z/L0EvQS9FL0FBRUI5OTIwLUVBRTUtNEUyRi1CMjY5LUU5N0Q0QzI2RDAwNg==</partImage>
    <productId>2033656683</productId>
    <productName>Pro-Flow Airbox Filter Kit</productName>
    <productImage>http://asset.lemansnet.com/z/LzAvMy8xLzAzMTc2OTkzLTU0OTctNDU2Qi05RDM4LTU2OTMxQzNDNTRGQw==</productImage>
    <bullet1>Precision CNC-machined from billet and features an O-ring seal for easy and reliable installation</bullet1>
    <bullet2>Improves airflow with a flow-bench-designed venturi adapter and a larger air filter</bullet2>
    <bullet3>Replaces the standard airbox cage that allows dirt to damage your engine</bullet3>
    <bullet4>Completely replaces the restrictive stock air filter and adapter</bullet4>
    <bullet5/>
    <bullet6/>
    <bullet7/>
    <bullet8/>
    <bullet9/>
    <bullet10/>
    <bullet11/>
    <bullet12/>
    <bullet13/>
    <bullet14/>
    <bullet15/>
    <bullet16/>
    <bullet17/>
    <bullet18/>
    <bullet19/>
    <bullet20/>
    <bullet21/>
    <bullet22/>
    <bullet23/>
    <bullet24/>
    <vendorPriceUpdateDate>2023-04-22 00:00:00</vendorPriceUpdateDate>
  </part>
  <part>
    <partNumber>10110903</partNumber>
    <punctuatedPartNumber>1011-0903</punctuatedPartNumber>
    <partStatusDescription>STANDARD</partStatusDescription>
    <partDescription>Replacement Air Filter - Pro-Flow - Suzuki</partDescription>
    <unitOfMeasure>Each</unitOfMeasure>
    <brandName>PRO DESIGN</brandName>
    <supplierNumber>PD252A</supplierNumber>
    <specialInstructions/>
    <baseDealerPrice>44.95</baseDealerPrice>
    <yourDealerPrice>44.95</yourDealerPrice>
    <baseRetailPrice>64.95</baseRetailPrice>
    <originalRetailPrice>64.95</originalRetailPrice>
    <partImage>http://asset.lemansnet.com/z/LzIvMi9GLzIyRjhDNUQ0LTRFQjYtNDVERi04M0ZDLUY5NUZFM0ZFMTgxNw==</partImage>
    <productId>0010174708</productId>
    <productName>Replacement Air Filter for Pro-Flow Airbox</productName>
    <productImage>http://asset.lemansnet.com/z/LzIvRC9CLzJEQjRBQjRDLTE0MzEtNEQyNC05N0YxLTAxNkE4NTRCRkUyNQ==</productImage>
    <bullet1>Completely replaces the restrictive stock air filter</bullet1>
    <bullet2>Improves airflow with a larger air filter</bullet2>
    <bullet3/>
    <bullet4/>
    <bullet5/>
    <bullet6/>
    <bullet7/>
    <bullet8/>
    <bullet9/>
    <bullet10/>
    <bullet11/>
    <bullet12/>
    <bullet13/>
    <bullet14/>
    <bullet15/>
    <bullet16/>
    <bullet17/>
    <bullet18/>
    <bullet19/>
    <bullet20/>
    <bullet21/>
    <bullet22/>
    <bullet23/>
    <bullet24/>
    <vendorPriceUpdateDate>2023-03-15 00:00:00</vendorPriceUpdateDate>
  </part>
  <part>
    <partNumber>10110902</partNumber>
    <punctuatedPartNumber>1011-0902</punctuatedPartNumber>
    <partStatusDescription>STANDARD</partStatusDescription>
    <partDescription>Pro-Flow Airbox Filter Kit - Suzuki</partDescription>
    <unitOfMeasure>Kit</unitOfMeasure>
    <brandName>PRO DESIGN</brandName>
    <supplierNumber>PD252</supplierNumber>
    <specialInstructions/>
    <baseDealerPrice>113.95</baseDealerPrice>
    <yourDealerPrice>113.95</yourDealerPrice>
    <baseRetailPrice>162.95</baseRetailPrice>
    <originalRetailPrice>162.95</originalRetailPrice>
    <partImage>http://asset.lemansnet.com/z/LzUvNy83LzU3NzlGNUM5LUQ2QkYtNEZERC04NkU3LTk0RDU2ODM2MTNGOA==</partImage>
    <productId>0365481488</productId>
    <productName>Pro-Flow Airbox Filter Kit</productName>
    <productImage>http://asset.lemansnet.com/z/LzAvMy8xLzAzMTc2OTkzLTU0OTctNDU2Qi05RDM4LTU2OTMxQzNDNTRGQw==</productImage>
    <bullet1>Precision CNC-machined from billet and features an O-ring seal for easy and reliable installation</bullet1>
    <bullet2>Improves airflow with a flow-bench-designed venturi adapter and a larger air filter</bullet2>
    <bullet3>Replaces the standard airbox cage that allows dirt to damage your engine</bullet3>
    <bullet4>Completely replaces the restrictive stock air filter and adapter</bullet4>
    <bullet5/>
    <bullet6/>
    <bullet7/>
    <bullet8/>
    <bullet9/>
    <bullet10/>
    <bullet11/>
    <bullet12/>
    <bullet13/>
    <bullet14/>
    <bullet15/>
    <bullet16/>
    <bullet17/>
    <bullet18/>
    <bullet19/>
    <bullet20/>
    <bullet21/>
    <bullet22/>
    <bullet23/>
    <bullet24/>
    <vendorPriceUpdateDate>2023-04-22 00:00:00</vendorPriceUpdateDate>
  </part>
  <part>
    <partNumber>10111665</partNumber>
    <punctuatedPartNumber>1011-1665</punctuatedPartNumber>
    <partStatusDescription>STANDARD</partStatusDescription>
    <partDescription>Replacement Air Filter - Pro-Flow - Yamaha</partDescription>
    <unitOfMeasure>Each</unitOfMeasure>
    <brandName>PRO DESIGN</brandName>
    <supplierNumber>PD273A</supplierNumber>
    <specialInstructions/>
    <baseDealerPrice>44.95</baseDealerPrice>
    <yourDealerPrice>44.95</yourDealerPrice>
    <baseRetailPrice>64.95</baseRetailPrice>
    <originalRetailPrice>64.95</originalRetailPrice>
    <partImage>http://asset.lemansnet.com/z/LzYvMS9FLzYxRTEzNjgzLURFRUMtNDUzQi05NTEyLUQyNDFGNTQ2NUYwOA==</partImage>
    <productId>0010174708</productId>
    <productName>Replacement Air Filter for Pro-Flow Airbox</productName>
    <productImage>http://asset.lemansnet.com/z/LzIvRC9CLzJEQjRBQjRDLTE0MzEtNEQyNC05N0YxLTAxNkE4NTRCRkUyNQ==</productImage>
    <bullet1>Completely replaces the restrictive stock air filter</bullet1>
    <bullet2>Improves airflow with a larger air filter</bullet2>
    <bullet3/>
    <bullet4/>
    <bullet5/>
    <bullet6/>
    <bullet7/>
    <bullet8/>
    <bullet9/>
    <bullet10/>
    <bullet11/>
    <bullet12/>
    <bullet13/>
    <bullet14/>
    <bullet15/>
    <bullet16/>
    <bullet17/>
    <bullet18/>
    <bullet19/>
    <bullet20/>
    <bullet21/>
    <bullet22/>
    <bullet23/>
    <bullet24/>
    <vendorPriceUpdateDate>2023-03-15 00:00:00</vendorPriceUpdateDate>
  </part>
  <part>
    <partNumber>PD100</partNumber>
    <punctuatedPartNumber>PD100</punctuatedPartNumber>
    <partStatusDescription>STANDARD</partStatusDescription>
    <partDescription>Kill Switch Lanyard - Black</partDescription>
    <unitOfMeasure>Each</unitOfMeasure>
    <brandName>PRO DESIGN</brandName>
    <supplierNumber>PD100</supplierNumber>
    <specialInstructions/>
    <baseDealerPrice>32.50</baseDealerPrice>
    <yourDealerPrice>32.50</yourDealerPrice>
    <baseRetailPrice>46.95</baseRetailPrice>
    <originalRetailPrice>46.95</originalRetailPrice>
    <partImage>http://asset.lemansnet.com/z/LzYvNS9BLzY1QTM5RDhDLURDMUEtNEIwMS05RjBCLTJCMjFBMEMzQUVBRQ==</partImage>
    <productId>1349357501</productId>
    <productName>Lanyard Kill Switch</productName>
    <productImage>http://asset.lemansnet.com/z/LzEvMS9DLzExQ0Y4NzdCLTc3NEItNDEzOS05MTEzLTJCMUU3OEE4QkNDNg==</productImage>
    <bullet1>Handlebar mount</bullet1>
    <bullet2>Can be used on both NC and NO electrical systems</bullet2>
    <bullet3/>
    <bullet4/>
    <bullet5/>
    <bullet6/>
    <bullet7/>
    <bullet8/>
    <bullet9/>
    <bullet10/>
    <bullet11/>
    <bullet12/>
    <bullet13/>
    <bullet14/>
    <bullet15/>
    <bullet16/>
    <bullet17/>
    <bullet18/>
    <bullet19/>
    <bullet20/>
    <bullet21/>
    <bullet22/>
    <bullet23/>
    <bullet24/>
    <vendorPriceUpdateDate>2023-03-15 00:00:00</vendorPriceUpdateDate>
  </part>
  <part>
    <partNumber>PD102</partNumber>
    <punctuatedPartNumber>PD102</punctuatedPartNumber>
    <partStatusDescription>STANDARD</partStatusDescription>
    <partDescription>Kill Switch Lanyard - Red/Black</partDescription>
    <unitOfMeasure>Each</unitOfMeasure>
    <brandName>PRO DESIGN</brandName>
    <supplierNumber>PD102</supplierNumber>
    <specialInstructions/>
    <baseDealerPrice>32.50</baseDealerPrice>
    <yourDealerPrice>32.50</yourDealerPrice>
    <baseRetailPrice>46.95</baseRetailPrice>
    <originalRetailPrice>46.95</originalRetailPrice>
    <partImage>http://asset.lemansnet.com/z/LzEvMS9DLzExQ0Y4NzdCLTc3NEItNDEzOS05MTEzLTJCMUU3OEE4QkNDNg==</partImage>
    <productId>1349357501</productId>
    <productName>Lanyard Kill Switch</productName>
    <productImage>http://asset.lemansnet.com/z/LzEvMS9DLzExQ0Y4NzdCLTc3NEItNDEzOS05MTEzLTJCMUU3OEE4QkNDNg==</productImage>
    <bullet1>Handlebar mount</bullet1>
    <bullet2>Can be used on both NC and NO electrical systems</bullet2>
    <bullet3/>
    <bullet4/>
    <bullet5/>
    <bullet6/>
    <bullet7/>
    <bullet8/>
    <bullet9/>
    <bullet10/>
    <bullet11/>
    <bullet12/>
    <bullet13/>
    <bullet14/>
    <bullet15/>
    <bullet16/>
    <bullet17/>
    <bullet18/>
    <bullet19/>
    <bullet20/>
    <bullet21/>
    <bullet22/>
    <bullet23/>
    <bullet24/>
    <vendorPriceUpdateDate>2023-03-15 00:00:00</vendorPriceUpdateDate>
  </part>
  <part>
    <partNumber>PD103</partNumber>
    <punctuatedPartNumber>PD103</punctuatedPartNumber>
    <partStatusDescription>STANDARD</partStatusDescription>
    <partDescription>Kill Switch Lanyard - Blue/Black</partDescription>
    <unitOfMeasure>Each</unitOfMeasure>
    <brandName>PRO DESIGN</brandName>
    <supplierNumber>PD103</supplierNumber>
    <specialInstructions/>
    <baseDealerPrice>32.50</baseDealerPrice>
    <yourDealerPrice>32.50</yourDealerPrice>
    <baseRetailPrice>46.95</baseRetailPrice>
    <originalRetailPrice>46.95</originalRetailPrice>
    <partImage>http://asset.lemansnet.com/z/L0YvMS9CL0YxQkNENTk0LTBCMjYtNEZDOS05REZFLTA1OTU0NDRERDFDRA==</partImage>
    <productId>1349357501</productId>
    <productName>Lanyard Kill Switch</productName>
    <productImage>http://asset.lemansnet.com/z/LzEvMS9DLzExQ0Y4NzdCLTc3NEItNDEzOS05MTEzLTJCMUU3OEE4QkNDNg==</productImage>
    <bullet1>Handlebar mount</bullet1>
    <bullet2>Can be used on both NC and NO electrical systems</bullet2>
    <bullet3/>
    <bullet4/>
    <bullet5/>
    <bullet6/>
    <bullet7/>
    <bullet8/>
    <bullet9/>
    <bullet10/>
    <bullet11/>
    <bullet12/>
    <bullet13/>
    <bullet14/>
    <bullet15/>
    <bullet16/>
    <bullet17/>
    <bullet18/>
    <bullet19/>
    <bullet20/>
    <bullet21/>
    <bullet22/>
    <bullet23/>
    <bullet24/>
    <vendorPriceUpdateDate>2023-03-15 00:00:00</vendorPriceUpdateDate>
  </part>
  <part>
    <partNumber>PD150BLK</partNumber>
    <punctuatedPartNumber>PD150BLK</punctuatedPartNumber>
    <partStatusDescription>STANDARD</partStatusDescription>
    <partDescription>Replacement ATV Lanyard - Black</partDescription>
    <unitOfMeasure>Each</unitOfMeasure>
    <brandName>PRO DESIGN</brandName>
    <supplierNumber>PD150BLK</supplierNumber>
    <specialInstructions/>
    <baseDealerPrice>14.00</baseDealerPrice>
    <yourDealerPrice>14.00</yourDealerPrice>
    <baseRetailPrice>19.95</baseRetailPrice>
    <originalRetailPrice>19.95</originalRetailPrice>
    <partImage>http://asset.lemansnet.com/z/LzMvMS81LzMxNUJENDUzLUQ3RDktNEI0Mi1BMzFGLTU0MUIwRjJFMTdEOA==</partImage>
    <productId>0495556467</productId>
    <productName>Replacement Lanyard</productName>
    <productImage>http://asset.lemansnet.com/z/LzMvMS81LzMxNUJENDUzLUQ3RDktNEI0Mi1BMzFGLTU0MUIwRjJFMTdEOA==</productImage>
    <bullet1>Handlebar mount</bullet1>
    <bullet2>Works with both NO/NC systems if instructions are followed</bullet2>
    <bullet3>Replacement lanyard made to fit Pro Design kill switches</bullet3>
    <bullet4/>
    <bullet5/>
    <bullet6/>
    <bullet7/>
    <bullet8/>
    <bullet9/>
    <bullet10/>
    <bullet11/>
    <bullet12/>
    <bullet13/>
    <bullet14/>
    <bullet15/>
    <bullet16/>
    <bullet17/>
    <bullet18/>
    <bullet19/>
    <bullet20/>
    <bullet21/>
    <bullet22/>
    <bullet23/>
    <bullet24/>
    <vendorPriceUpdateDate>2023-03-15 00:00:00</vendorPriceUpdateDate>
  </part>
  <part>
    <partNumber>PD200</partNumber>
    <punctuatedPartNumber>PD200</punctuatedPartNumber>
    <partStatusDescription>STANDARD</partStatusDescription>
    <partDescription>Pro-Flow Airbox Filter Kit - Yamaha</partDescription>
    <unitOfMeasure>Kit</unitOfMeasure>
    <brandName>PRO DESIGN</brandName>
    <supplierNumber>PD200</supplierNumber>
    <specialInstructions>VERIFY DESCRIPTION 02KR</specialInstructions>
    <baseDealerPrice>113.95</baseDealerPrice>
    <yourDealerPrice>113.95</yourDealerPrice>
    <baseRetailPrice>162.95</baseRetailPrice>
    <originalRetailPrice>162.95</originalRetailPrice>
    <partImage>http://asset.lemansnet.com/z/L0MvNS9GL0M1RkU2Njg5LTY3NEItNDAxNi1CNDFGLUY2MjZFNDVEQTExMA==</partImage>
    <productId>0365481488</productId>
    <productName>Pro-Flow Airbox Filter Kit</productName>
    <productImage>http://asset.lemansnet.com/z/LzAvMy8xLzAzMTc2OTkzLTU0OTctNDU2Qi05RDM4LTU2OTMxQzNDNTRGQw==</productImage>
    <bullet1>Precision CNC-machined from billet and features an O-ring seal for easy and reliable installation</bullet1>
    <bullet2>Improves airflow with a flow-bench-designed venturi adapter and a larger air filter</bullet2>
    <bullet3>Replaces the standard airbox cage that allows dirt to damage your engine</bullet3>
    <bullet4>Completely replaces the restrictive stock air filter and adapter</bullet4>
    <bullet5/>
    <bullet6/>
    <bullet7/>
    <bullet8/>
    <bullet9/>
    <bullet10/>
    <bullet11/>
    <bullet12/>
    <bullet13/>
    <bullet14/>
    <bullet15/>
    <bullet16/>
    <bullet17/>
    <bullet18/>
    <bullet19/>
    <bullet20/>
    <bullet21/>
    <bullet22/>
    <bullet23/>
    <bullet24/>
    <vendorPriceUpdateDate>2023-04-22 00:00:00</vendorPriceUpdateDate>
  </part>
  <part>
    <partNumber>PD205F</partNumber>
    <punctuatedPartNumber>PD-205F</punctuatedPartNumber>
    <partStatusDescription>STANDARD</partStatusDescription>
    <partDescription>Pro-Flow Airbox Filter Kit - Kawasaki/Yamaha</partDescription>
    <unitOfMeasure>Kit</unitOfMeasure>
    <brandName>PRO DESIGN</brandName>
    <supplierNumber>PD-205</supplierNumber>
    <specialInstructions/>
    <baseDealerPrice>127.95</baseDealerPrice>
    <yourDealerPrice>127.95</yourDealerPrice>
    <baseRetailPrice>182.95</baseRetailPrice>
    <originalRetailPrice>182.95</originalRetailPrice>
    <partImage>http://asset.lemansnet.com/z/LzUvMC9DLzUwQzZFMTFGLTcxNzMtNDA0MS04QTU3LTBCQzE0MjU3ODFGQQ==</partImage>
    <productId>0365481488</productId>
    <productName>Pro-Flow Airbox Filter Kit</productName>
    <productImage>http://asset.lemansnet.com/z/LzAvMy8xLzAzMTc2OTkzLTU0OTctNDU2Qi05RDM4LTU2OTMxQzNDNTRGQw==</productImage>
    <bullet1>Precision CNC-machined from billet and features an O-ring seal for easy and reliable installation</bullet1>
    <bullet2>Improves airflow with a flow-bench-designed venturi adapter and a larger air filter</bullet2>
    <bullet3>Replaces the standard airbox cage that allows dirt to damage your engine</bullet3>
    <bullet4>Completely replaces the restrictive stock air filter and adapter</bullet4>
    <bullet5/>
    <bullet6/>
    <bullet7/>
    <bullet8/>
    <bullet9/>
    <bullet10/>
    <bullet11/>
    <bullet12/>
    <bullet13/>
    <bullet14/>
    <bullet15/>
    <bullet16/>
    <bullet17/>
    <bullet18/>
    <bullet19/>
    <bullet20/>
    <bullet21/>
    <bullet22/>
    <bullet23/>
    <bullet24/>
    <vendorPriceUpdateDate>2023-04-22 00:00:00</vendorPriceUpdateDate>
  </part>
  <part>
    <partNumber>PD205I</partNumber>
    <punctuatedPartNumber>PD-205-I</punctuatedPartNumber>
    <partStatusDescription>STANDARD</partStatusDescription>
    <partDescription>Mega Flow Water Pump Impeller - Banshee</partDescription>
    <unitOfMeasure>Each</unitOfMeasure>
    <brandName>PRO DESIGN</brandName>
    <supplierNumber>PD-205I</supplierNumber>
    <specialInstructions/>
    <baseDealerPrice>84.95</baseDealerPrice>
    <yourDealerPrice>84.95</yourDealerPrice>
    <baseRetailPrice>121.95</baseRetailPrice>
    <originalRetailPrice>121.95</originalRetailPrice>
    <partImage>http://asset.lemansnet.com/z/LzkvRS81LzlFNTQ0QjY3LTM1QjItNDdBNi04QkZDLUMxRkVBODVCRTcyNA==</partImage>
    <productId>0817982365</productId>
    <productName>Mega-Flow Water Pump Impeller</productName>
    <productImage>http://asset.lemansnet.com/z/L0EvQi84L0FCODI3MDYwLTYxQTYtNDM5Mi04MTNDLTRDRjlDNDZCN0Y4MQ==</productImage>
    <bullet1>CNC-machined aerospace quality stainless steel impeller won't distort when hot, unlike the stock plastic impeller</bullet1>
    <bullet2>Designed for slower flow through the cooling system, keeping coolant in the radiator longer for cooler operation</bullet2>
    <bullet3>A must for hard riding through muddy terrain that can clog radiators</bullet3>
    <bullet4/>
    <bullet5/>
    <bullet6/>
    <bullet7/>
    <bullet8/>
    <bullet9/>
    <bullet10/>
    <bullet11/>
    <bullet12/>
    <bullet13/>
    <bullet14/>
    <bullet15/>
    <bullet16/>
    <bullet17/>
    <bullet18/>
    <bullet19/>
    <bullet20/>
    <bullet21/>
    <bullet22/>
    <bullet23/>
    <bullet24/>
    <vendorPriceUpdateDate>2023-03-15 00:00:00</vendorPriceUpdateDate>
  </part>
  <part>
    <partNumber>PD207</partNumber>
    <punctuatedPartNumber>PD207</punctuatedPartNumber>
    <partStatusDescription>STANDARD</partStatusDescription>
    <partDescription>Replacement Air Filter - Pro-Flow - Yamaha</partDescription>
    <unitOfMeasure>Each</unitOfMeasure>
    <brandName>PRO DESIGN</brandName>
    <supplierNumber>PD207</supplierNumber>
    <specialInstructions/>
    <baseDealerPrice>44.95</baseDealerPrice>
    <yourDealerPrice>44.95</yourDealerPrice>
    <baseRetailPrice>64.95</baseRetailPrice>
    <originalRetailPrice>64.95</originalRetailPrice>
    <partImage>http://asset.lemansnet.com/z/LzgvMi9DLzgyQ0IyOTNELTEwRjctNDFGNi1BOTM5LTFCNEM1MjFDMzgzNw==</partImage>
    <productId>0010174708</productId>
    <productName>Replacement Air Filter for Pro-Flow Airbox</productName>
    <productImage>http://asset.lemansnet.com/z/LzIvRC9CLzJEQjRBQjRDLTE0MzEtNEQyNC05N0YxLTAxNkE4NTRCRkUyNQ==</productImage>
    <bullet1>Completely replaces the restrictive stock air filter</bullet1>
    <bullet2>Improves airflow with a larger air filter</bullet2>
    <bullet3/>
    <bullet4/>
    <bullet5/>
    <bullet6/>
    <bullet7/>
    <bullet8/>
    <bullet9/>
    <bullet10/>
    <bullet11/>
    <bullet12/>
    <bullet13/>
    <bullet14/>
    <bullet15/>
    <bullet16/>
    <bullet17/>
    <bullet18/>
    <bullet19/>
    <bullet20/>
    <bullet21/>
    <bullet22/>
    <bullet23/>
    <bullet24/>
    <vendorPriceUpdateDate>2023-03-15 00:00:00</vendorPriceUpdateDate>
  </part>
  <part>
    <partNumber>PD208</partNumber>
    <punctuatedPartNumber>PD-208</punctuatedPartNumber>
    <partStatusDescription>STANDARD</partStatusDescription>
    <partDescription>E-Z Drain Water Pump Plate - Banshee</partDescription>
    <unitOfMeasure>Kit</unitOfMeasure>
    <brandName>PRO DESIGN</brandName>
    <supplierNumber>PD-208</supplierNumber>
    <specialInstructions/>
    <baseDealerPrice>35.95</baseDealerPrice>
    <yourDealerPrice>35.95</yourDealerPrice>
    <baseRetailPrice>51.95</baseRetailPrice>
    <originalRetailPrice>51.95</originalRetailPrice>
    <partImage>http://asset.lemansnet.com/z/LzkvOS9DLzk5QzFFMDQzLTc0MDktNDE4MC1CREE5LTA2RUUwNEUwQjE3Qw==</partImage>
    <productId>0914974100</productId>
    <productName>E-Z Drain Water Pump Plate</productName>
    <productImage>http://asset.lemansnet.com/z/LzkvOS9DLzk5QzFFMDQzLTc0MDktNDE4MC1CREE5LTA2RUUwNEUwQjE3Qw==</productImage>
    <bullet1>Ends the mess when draining coolant from Yamaha Banshee</bullet1>
    <bullet2>CNC-machined aluminum plate replaces stock part; includes a 6mm bolt that you can remove to drain coolant without the mess caused when pulling the radiator hoses</bullet2>
    <bullet3>Includes gaskets, bolt and hardware needed for installation</bullet3>
    <bullet4/>
    <bullet5/>
    <bullet6/>
    <bullet7/>
    <bullet8/>
    <bullet9/>
    <bullet10/>
    <bullet11/>
    <bullet12/>
    <bullet13/>
    <bullet14/>
    <bullet15/>
    <bullet16/>
    <bullet17/>
    <bullet18/>
    <bullet19/>
    <bullet20/>
    <bullet21/>
    <bullet22/>
    <bullet23/>
    <bullet24/>
    <vendorPriceUpdateDate>2023-03-15 00:00:00</vendorPriceUpdateDate>
  </part>
  <part>
    <partNumber>PD221</partNumber>
    <punctuatedPartNumber>PD-221</punctuatedPartNumber>
    <partStatusDescription>STANDARD</partStatusDescription>
    <partDescription>Pro-Flow Airbox Filter Kit - Kawasaki/Suzuki</partDescription>
    <unitOfMeasure>Kit</unitOfMeasure>
    <brandName>PRO DESIGN</brandName>
    <supplierNumber>PD221</supplierNumber>
    <specialInstructions/>
    <baseDealerPrice>113.95</baseDealerPrice>
    <yourDealerPrice>113.95</yourDealerPrice>
    <baseRetailPrice>162.95</baseRetailPrice>
    <originalRetailPrice>162.95</originalRetailPrice>
    <partImage>http://asset.lemansnet.com/z/LzIvQy9BLzJDQUNDQ0Q4LUU4NDMtNDQxQi04NDE0LTVBQjlBQUI4NUI4NA==</partImage>
    <productId>0365481488</productId>
    <productName>Pro-Flow Airbox Filter Kit</productName>
    <productImage>http://asset.lemansnet.com/z/LzAvMy8xLzAzMTc2OTkzLTU0OTctNDU2Qi05RDM4LTU2OTMxQzNDNTRGQw==</productImage>
    <bullet1>Precision CNC-machined from billet and features an O-ring seal for easy and reliable installation</bullet1>
    <bullet2>Improves airflow with a flow-bench-designed venturi adapter and a larger air filter</bullet2>
    <bullet3>Replaces the standard airbox cage that allows dirt to damage your engine</bullet3>
    <bullet4>Completely replaces the restrictive stock air filter and adapter</bullet4>
    <bullet5/>
    <bullet6/>
    <bullet7/>
    <bullet8/>
    <bullet9/>
    <bullet10/>
    <bullet11/>
    <bullet12/>
    <bullet13/>
    <bullet14/>
    <bullet15/>
    <bullet16/>
    <bullet17/>
    <bullet18/>
    <bullet19/>
    <bullet20/>
    <bullet21/>
    <bullet22/>
    <bullet23/>
    <bullet24/>
    <vendorPriceUpdateDate>2023-04-22 00:00:00</vendorPriceUpdateDate>
  </part>
  <part>
    <partNumber>PD300YH</partNumber>
    <punctuatedPartNumber>PD300-YH</punctuatedPartNumber>
    <partStatusDescription>STANDARD</partStatusDescription>
    <partDescription>Cool Head Shell Kit</partDescription>
    <unitOfMeasure>Kit</unitOfMeasure>
    <brandName>PRO DESIGN</brandName>
    <supplierNumber>PD300</supplierNumber>
    <specialInstructions/>
    <baseDealerPrice>214.50</baseDealerPrice>
    <yourDealerPrice>214.50</yourDealerPrice>
    <baseRetailPrice>306.95</baseRetailPrice>
    <originalRetailPrice>306.95</originalRetailPrice>
    <partImage>http://asset.lemansnet.com/z/LzAvNy80LzA3NEUxM0Q3LUYyQ0EtNDFBRC1BNTVCLUY3MEI1MjBBQzRBNQ==</partImage>
    <productId>1666104059</productId>
    <productName>Cool Head Shell Kit</productName>
    <productImage>http://asset.lemansnet.com/z/LzAvNy80LzA3NEUxM0Q3LUYyQ0EtNDFBRC1BNTVCLUY3MEI1MjBBQzRBNQ==</productImage>
    <bullet1>Billet-machined design offers noticeable bolt-on performance gains</bullet1>
    <bullet2>Increased torque and power as a result of increasing compression</bullet2>
    <bullet3>Larger water jacket area supplies more water; you get the ultimate in cooling efficiency by eliminating overheating</bullet3>
    <bullet4>Will work with 19 cc, 20 cc, 21 cc and 22 cc Pro Design cool domes </bullet4>
    <bullet5/>
    <bullet6/>
    <bullet7/>
    <bullet8/>
    <bullet9/>
    <bullet10/>
    <bullet11/>
    <bullet12/>
    <bullet13/>
    <bullet14/>
    <bullet15/>
    <bullet16/>
    <bullet17/>
    <bullet18/>
    <bullet19/>
    <bullet20/>
    <bullet21/>
    <bullet22/>
    <bullet23/>
    <bullet24/>
    <vendorPriceUpdateDate>2023-04-22 00:00:00</vendorPriceUpdateDate>
  </part>
  <part>
    <partNumber>PD305YD</partNumber>
    <punctuatedPartNumber>PD305-YD</punctuatedPartNumber>
    <partStatusDescription>STANDARD</partStatusDescription>
    <partDescription>Cool Domes - 19 cc - Race Gas Version - Banshee YFZ350</partDescription>
    <unitOfMeasure>Pair</unitOfMeasure>
    <brandName>PRO DESIGN</brandName>
    <supplierNumber>PD305</supplierNumber>
    <specialInstructions/>
    <baseDealerPrice>64.50</baseDealerPrice>
    <yourDealerPrice>64.50</yourDealerPrice>
    <baseRetailPrice>92.95</baseRetailPrice>
    <originalRetailPrice>92.95</originalRetailPrice>
    <partImage>http://asset.lemansnet.com/z/L0QvRS9FL0RFRTJDOTI0LTkzRTAtNDAxOC05OUIxLThEMzhGOEE1RTlGNw==</partImage>
    <productId>0313138851</productId>
    <productName>Cool Domes</productName>
    <productImage>http://asset.lemansnet.com/z/L0QvMC84L0QwODJFQUJBLUQ1RTYtNDczRC1BMTU1LTMxNzk5NEQzNEZGMA==</productImage>
    <bullet1>Billet-machined design offers noticeable bolt-on performance gains</bullet1>
    <bullet2>Increased torque and power as a result of increasing compression</bullet2>
    <bullet3/>
    <bullet4/>
    <bullet5/>
    <bullet6/>
    <bullet7/>
    <bullet8/>
    <bullet9/>
    <bullet10/>
    <bullet11/>
    <bullet12/>
    <bullet13/>
    <bullet14/>
    <bullet15/>
    <bullet16/>
    <bullet17/>
    <bullet18/>
    <bullet19/>
    <bullet20/>
    <bullet21/>
    <bullet22/>
    <bullet23/>
    <bullet24/>
    <vendorPriceUpdateDate>2023-04-22 00:00:00</vendorPriceUpdateDate>
  </part>
  <part>
    <partNumber>PD306YD</partNumber>
    <punctuatedPartNumber>PD306-YD</punctuatedPartNumber>
    <partStatusDescription>STANDARD</partStatusDescription>
    <partDescription>Cool Domes - 20 cc - Race Gas Version - Banshee YFZ350</partDescription>
    <unitOfMeasure>Pair</unitOfMeasure>
    <brandName>PRO DESIGN</brandName>
    <supplierNumber>PD306</supplierNumber>
    <specialInstructions/>
    <baseDealerPrice>64.50</baseDealerPrice>
    <yourDealerPrice>64.50</yourDealerPrice>
    <baseRetailPrice>92.95</baseRetailPrice>
    <originalRetailPrice>92.95</originalRetailPrice>
    <partImage>http://asset.lemansnet.com/z/L0QvMC84L0QwODJFQUJBLUQ1RTYtNDczRC1BMTU1LTMxNzk5NEQzNEZGMCwvMS8xLzIvMTEyNUJDRDItOThGQi00Mzg1LThFQjUtQ0M3NDY2NUEyMUEy</partImage>
    <productId>0313138851</productId>
    <productName>Cool Domes</productName>
    <productImage>http://asset.lemansnet.com/z/L0QvMC84L0QwODJFQUJBLUQ1RTYtNDczRC1BMTU1LTMxNzk5NEQzNEZGMA==</productImage>
    <bullet1>Billet-machined design offers noticeable bolt-on performance gains</bullet1>
    <bullet2>Increased torque and power as a result of increasing compression</bullet2>
    <bullet3/>
    <bullet4/>
    <bullet5/>
    <bullet6/>
    <bullet7/>
    <bullet8/>
    <bullet9/>
    <bullet10/>
    <bullet11/>
    <bullet12/>
    <bullet13/>
    <bullet14/>
    <bullet15/>
    <bullet16/>
    <bullet17/>
    <bullet18/>
    <bullet19/>
    <bullet20/>
    <bullet21/>
    <bullet22/>
    <bullet23/>
    <bullet24/>
    <vendorPriceUpdateDate>2023-04-22 00:00:00</vendorPriceUpdateDate>
  </part>
  <part>
    <partNumber>PD307YD</partNumber>
    <punctuatedPartNumber>PD307-YD</punctuatedPartNumber>
    <partStatusDescription>STANDARD</partStatusDescription>
    <partDescription>Cool Domes - 21 cc - Race Gas Version - Banshee YFZ350</partDescription>
    <unitOfMeasure>Pair</unitOfMeasure>
    <brandName>PRO DESIGN</brandName>
    <supplierNumber>PD307</supplierNumber>
    <specialInstructions/>
    <baseDealerPrice>64.50</baseDealerPrice>
    <yourDealerPrice>64.50</yourDealerPrice>
    <baseRetailPrice>92.95</baseRetailPrice>
    <originalRetailPrice>92.95</originalRetailPrice>
    <partImage>http://asset.lemansnet.com/z/LzgvQy80LzhDNEM1NzJCLTJERjctNDlBRS1CODJFLThGQzkyQkM2NUQ5Mg==</partImage>
    <productId>0313138851</productId>
    <productName>Cool Domes</productName>
    <productImage>http://asset.lemansnet.com/z/L0QvMC84L0QwODJFQUJBLUQ1RTYtNDczRC1BMTU1LTMxNzk5NEQzNEZGMA==</productImage>
    <bullet1>Billet-machined design offers noticeable bolt-on performance gains</bullet1>
    <bullet2>Increased torque and power as a result of increasing compression</bullet2>
    <bullet3/>
    <bullet4/>
    <bullet5/>
    <bullet6/>
    <bullet7/>
    <bullet8/>
    <bullet9/>
    <bullet10/>
    <bullet11/>
    <bullet12/>
    <bullet13/>
    <bullet14/>
    <bullet15/>
    <bullet16/>
    <bullet17/>
    <bullet18/>
    <bullet19/>
    <bullet20/>
    <bullet21/>
    <bullet22/>
    <bullet23/>
    <bullet24/>
    <vendorPriceUpdateDate>2023-04-22 00:00:00</vendorPriceUpdateDate>
  </part>
  <part>
    <partNumber>PD308YD</partNumber>
    <punctuatedPartNumber>PD308-YD</punctuatedPartNumber>
    <partStatusDescription>STANDARD</partStatusDescription>
    <partDescription>Cool Domes - 22 cc - Pump Gas Version - Banshee YFZ350</partDescription>
    <unitOfMeasure>Pair</unitOfMeasure>
    <brandName>PRO DESIGN</brandName>
    <supplierNumber>PD308</supplierNumber>
    <specialInstructions/>
    <baseDealerPrice>64.50</baseDealerPrice>
    <yourDealerPrice>64.50</yourDealerPrice>
    <baseRetailPrice>92.95</baseRetailPrice>
    <originalRetailPrice>92.95</originalRetailPrice>
    <partImage>http://asset.lemansnet.com/z/L0QvMC84L0QwODJFQUJBLUQ1RTYtNDczRC1BMTU1LTMxNzk5NEQzNEZGMCwvMS8xLzIvMTEyNUJDRDItOThGQi00Mzg1LThFQjUtQ0M3NDY2NUEyMUEy</partImage>
    <productId>0313138851</productId>
    <productName>Cool Domes</productName>
    <productImage>http://asset.lemansnet.com/z/L0QvMC84L0QwODJFQUJBLUQ1RTYtNDczRC1BMTU1LTMxNzk5NEQzNEZGMA==</productImage>
    <bullet1>Billet-machined design offers noticeable bolt-on performance gains</bullet1>
    <bullet2>Increased torque and power as a result of increasing compression</bullet2>
    <bullet3/>
    <bullet4/>
    <bullet5/>
    <bullet6/>
    <bullet7/>
    <bullet8/>
    <bullet9/>
    <bullet10/>
    <bullet11/>
    <bullet12/>
    <bullet13/>
    <bullet14/>
    <bullet15/>
    <bullet16/>
    <bullet17/>
    <bullet18/>
    <bullet19/>
    <bullet20/>
    <bullet21/>
    <bullet22/>
    <bullet23/>
    <bullet24/>
    <vendorPriceUpdateDate>2023-04-22 00:00:00</vendorPriceUpdateDate>
  </part>
  <part>
    <partNumber>PD510</partNumber>
    <punctuatedPartNumber>PD-510</punctuatedPartNumber>
    <partStatusDescription>STANDARD</partStatusDescription>
    <partDescription>Adjustable Stator Plate - Yamaha</partDescription>
    <unitOfMeasure>Each</unitOfMeasure>
    <brandName>PRO DESIGN</brandName>
    <supplierNumber>PD-510</supplierNumber>
    <specialInstructions/>
    <baseDealerPrice>99.95</baseDealerPrice>
    <yourDealerPrice>99.95</yourDealerPrice>
    <baseRetailPrice>142.95</baseRetailPrice>
    <originalRetailPrice>142.95</originalRetailPrice>
    <partImage>http://asset.lemansnet.com/z/LzAvMC84LzAwOEFENkQ1LUQ0NzMtNDM4RS04MkI5LTExQUY4MTE0MTg3Mg==</partImage>
    <productId>0705544739</productId>
    <productName>Adjustable Stator Plate</productName>
    <productImage>http://asset.lemansnet.com/z/LzAvMC84LzAwOEFENkQ1LUQ0NzMtNDM4RS04MkI5LTExQUY4MTE0MTg3Mg==</productImage>
    <bullet1>CNC-machined aluminum plate completely replaces the stock stator plate</bullet1>
    <bullet2>Adjustable +10° to -10°, with advance/retard degrees stamped on the stator plate</bullet2>
    <bullet3/>
    <bullet4/>
    <bullet5/>
    <bullet6/>
    <bullet7/>
    <bullet8/>
    <bullet9/>
    <bullet10/>
    <bullet11/>
    <bullet12/>
    <bullet13/>
    <bullet14/>
    <bullet15/>
    <bullet16/>
    <bullet17/>
    <bullet18/>
    <bullet19/>
    <bullet20/>
    <bullet21/>
    <bullet22/>
    <bullet23/>
    <bullet24/>
    <vendorPriceUpdateDate>2023-03-15 00:00:00</vendorPriceUpdateDate>
  </part>
  <part>
    <partNumber>PD540</partNumber>
    <punctuatedPartNumber>PD-540</punctuatedPartNumber>
    <partStatusDescription>STANDARD</partStatusDescription>
    <partDescription>In-Line Super Cooler Kit- 250/550cc</partDescription>
    <unitOfMeasure>Kit</unitOfMeasure>
    <brandName>PRO DESIGN</brandName>
    <supplierNumber>PD-540</supplierNumber>
    <specialInstructions/>
    <baseDealerPrice>28.50</baseDealerPrice>
    <yourDealerPrice>28.50</yourDealerPrice>
    <baseRetailPrice>40.95</baseRetailPrice>
    <originalRetailPrice>40.95</originalRetailPrice>
    <partImage>http://asset.lemansnet.com/z/L0YvQi8wL0ZCMEM1MjJDLUQ3MTAtNENDQi1BMTAxLUE1MURBNjM3RTUzRQ==</partImage>
    <productId>0038630130</productId>
    <productName>In-Line Super Cooler Kit</productName>
    <productImage>http://asset.lemansnet.com/z/L0YvQi8wL0ZCMEM1MjJDLUQ3MTAtNENDQi1BMTAxLUE1MURBNjM3RTUzRQ==</productImage>
    <bullet1>Tapered venturi cooler reduces cooling system temperatures by 5°-10°</bullet1>
    <bullet2>Increases the cooling efficiency of any water-cooled system</bullet2>
    <bullet3>Installs in-line on the cylinder return line</bullet3>
    <bullet4/>
    <bullet5/>
    <bullet6/>
    <bullet7/>
    <bullet8/>
    <bullet9/>
    <bullet10/>
    <bullet11/>
    <bullet12/>
    <bullet13/>
    <bullet14/>
    <bullet15/>
    <bullet16/>
    <bullet17/>
    <bullet18/>
    <bullet19/>
    <bullet20/>
    <bullet21/>
    <bullet22/>
    <bullet23/>
    <bullet24/>
    <vendorPriceUpdateDate>2023-03-15 00:00:00</vendorPriceUpdateDate>
  </part>
  <part>
    <partNumber>PD900</partNumber>
    <punctuatedPartNumber>PD900</punctuatedPartNumber>
    <partStatusDescription>STANDARD</partStatusDescription>
    <partDescription>O-Ring Set - Yamaha</partDescription>
    <unitOfMeasure>Set</unitOfMeasure>
    <brandName>PRO DESIGN</brandName>
    <supplierNumber>PD299</supplierNumber>
    <specialInstructions/>
    <baseDealerPrice>18.50</baseDealerPrice>
    <yourDealerPrice>18.50</yourDealerPrice>
    <baseRetailPrice>26.95</baseRetailPrice>
    <originalRetailPrice>26.99</originalRetailPrice>
    <partImage>http://asset.lemansnet.com/z/LzEvOS82LzE5Njk0QjQ1LURCNkUtNDBBQy1BNDc4LUQ2NjA4MkU5RjMyRg==</partImage>
    <productId>0602807923</productId>
    <productName>Cool Head Shells Replacement O-Ring Set</productName>
    <productImage>http://asset.lemansnet.com/z/LzEvOS82LzE5Njk0QjQ1LURCNkUtNDBBQy1BNDc4LUQ2NjA4MkU5RjMyRg==</productImage>
    <bullet1>Replacement O-ring set for Pro Design Cool Head Shells</bullet1>
    <bullet2/>
    <bullet3/>
    <bullet4/>
    <bullet5/>
    <bullet6/>
    <bullet7/>
    <bullet8/>
    <bullet9/>
    <bullet10/>
    <bullet11/>
    <bullet12/>
    <bullet13/>
    <bullet14/>
    <bullet15/>
    <bullet16/>
    <bullet17/>
    <bullet18/>
    <bullet19/>
    <bullet20/>
    <bullet21/>
    <bullet22/>
    <bullet23/>
    <bullet24/>
    <vendorPriceUpdateDate>2023-04-22 00:00:00</vendorPriceUpdateDate>
  </part>
  <part>
    <partNumber>PD905</partNumber>
    <punctuatedPartNumber>PD905</punctuatedPartNumber>
    <partStatusDescription>STANDARD</partStatusDescription>
    <partDescription>O-Ring Set - Honda TRX250/Suzuki LT250</partDescription>
    <unitOfMeasure>Set</unitOfMeasure>
    <brandName>PRO DESIGN</brandName>
    <supplierNumber>PD295</supplierNumber>
    <specialInstructions/>
    <baseDealerPrice>11.50</baseDealerPrice>
    <yourDealerPrice>11.50</yourDealerPrice>
    <baseRetailPrice>16.95</baseRetailPrice>
    <originalRetailPrice>16.95</originalRetailPrice>
    <partImage>http://asset.lemansnet.com/z/LzgvQy81LzhDNUNEMTQxLTA1QkMtNDk1RS1BODI3LUZGNUQyN0E2QUUzMw==</partImage>
    <productId>0412937609</productId>
    <productName>Replacement Dome O-ring</productName>
    <productImage>http://asset.lemansnet.com/z/LzgvQy81LzhDNUNEMTQxLTA1QkMtNDk1RS1BODI3LUZGNUQyN0E2QUUzMw==</productImage>
    <bullet1>OEM replacement dome O-ring for Pro Design cool head shells</bullet1>
    <bullet2/>
    <bullet3/>
    <bullet4/>
    <bullet5/>
    <bullet6/>
    <bullet7/>
    <bullet8/>
    <bullet9/>
    <bullet10/>
    <bullet11/>
    <bullet12/>
    <bullet13/>
    <bullet14/>
    <bullet15/>
    <bullet16/>
    <bullet17/>
    <bullet18/>
    <bullet19/>
    <bullet20/>
    <bullet21/>
    <bullet22/>
    <bullet23/>
    <bullet24/>
    <vendorPriceUpdateDate>2023-04-22 00:00:00</vendorPriceUpdateDate>
  </part>
  <part>
    <partNumber>PD235</partNumber>
    <punctuatedPartNumber>PD-235</punctuatedPartNumber>
    <partStatusDescription>STANDARD</partStatusDescription>
    <partDescription>Case Guard - LT-Z 400</partDescription>
    <unitOfMeasure>Each</unitOfMeasure>
    <brandName>PRO DESIGN</brandName>
    <supplierNumber>PD235</supplierNumber>
    <specialInstructions/>
    <baseDealerPrice>28.50</baseDealerPrice>
    <yourDealerPrice>28.50</yourDealerPrice>
    <baseRetailPrice>40.95</baseRetailPrice>
    <originalRetailPrice>40.95</originalRetailPrice>
    <partImage>http://asset.lemansnet.com/z/LzQvMy9FLzQzRTkxQzY5LTMwREItNDlERC1CQUJDLTQ3MUZFQjgwNzU3RA==</partImage>
    <productId>0139651992</productId>
    <productName>Case Guard</productName>
    <productImage>http://asset.lemansnet.com/z/L0MvOC9GL0M4RkE4M0Y3LUUxQjctNDJDRC04NjEwLUQzNDZDMjkxNjRBMg==</productImage>
    <bullet1>Protect your cases with this sturdy yet lightweight billet case guard</bullet1>
    <bullet2/>
    <bullet3/>
    <bullet4/>
    <bullet5/>
    <bullet6/>
    <bullet7/>
    <bullet8/>
    <bullet9/>
    <bullet10/>
    <bullet11/>
    <bullet12/>
    <bullet13/>
    <bullet14/>
    <bullet15/>
    <bullet16/>
    <bullet17/>
    <bullet18/>
    <bullet19/>
    <bullet20/>
    <bullet21/>
    <bullet22/>
    <bullet23/>
    <bullet24/>
    <vendorPriceUpdateDate>2023-03-15 00:00:00</vendorPriceUpdateDate>
  </part>
  <part>
    <partNumber>10110739</partNumber>
    <punctuatedPartNumber>1011-0739</punctuatedPartNumber>
    <partStatusDescription>STANDARD</partStatusDescription>
    <partDescription>Pro-Flow Airbox Filter Kit - Honda</partDescription>
    <unitOfMeasure>Kit</unitOfMeasure>
    <brandName>PRO DESIGN</brandName>
    <supplierNumber>PD226</supplierNumber>
    <specialInstructions/>
    <baseDealerPrice>113.95</baseDealerPrice>
    <yourDealerPrice>113.95</yourDealerPrice>
    <baseRetailPrice>162.95</baseRetailPrice>
    <originalRetailPrice>162.95</originalRetailPrice>
    <partImage>http://asset.lemansnet.com/z/LzAvMC85LzAwOUNEQzYzLTE2RkYtNEMyNS04ODZGLURBNEU0MkUyMzFCNQ==</partImage>
    <productId>0365481488</productId>
    <productName>Pro-Flow Airbox Filter Kit</productName>
    <productImage>http://asset.lemansnet.com/z/LzAvMy8xLzAzMTc2OTkzLTU0OTctNDU2Qi05RDM4LTU2OTMxQzNDNTRGQw==</productImage>
    <bullet1>Precision CNC-machined from billet and features an O-ring seal for easy and reliable installation</bullet1>
    <bullet2>Improves airflow with a flow-bench-designed venturi adapter and a larger air filter</bullet2>
    <bullet3>Replaces the standard airbox cage that allows dirt to damage your engine</bullet3>
    <bullet4>Completely replaces the restrictive stock air filter and adapter</bullet4>
    <bullet5/>
    <bullet6/>
    <bullet7/>
    <bullet8/>
    <bullet9/>
    <bullet10/>
    <bullet11/>
    <bullet12/>
    <bullet13/>
    <bullet14/>
    <bullet15/>
    <bullet16/>
    <bullet17/>
    <bullet18/>
    <bullet19/>
    <bullet20/>
    <bullet21/>
    <bullet22/>
    <bullet23/>
    <bullet24/>
    <vendorPriceUpdateDate>2023-04-22 00:00:00</vendorPriceUpdateDate>
  </part>
  <part>
    <partNumber>PD541</partNumber>
    <punctuatedPartNumber>PD-541</punctuatedPartNumber>
    <partStatusDescription>STANDARD</partStatusDescription>
    <partDescription>In-Line Super Cooler Kit - 60/125cc</partDescription>
    <unitOfMeasure>Kit</unitOfMeasure>
    <brandName>PRO DESIGN</brandName>
    <supplierNumber>PD541</supplierNumber>
    <specialInstructions/>
    <baseDealerPrice>28.50</baseDealerPrice>
    <yourDealerPrice>28.50</yourDealerPrice>
    <baseRetailPrice>40.95</baseRetailPrice>
    <originalRetailPrice>40.95</originalRetailPrice>
    <partImage>http://asset.lemansnet.com/z/L0YvQi8wL0ZCMEM1MjJDLUQ3MTAtNENDQi1BMTAxLUE1MURBNjM3RTUzRQ==</partImage>
    <productId>0038630130</productId>
    <productName>In-Line Super Cooler Kit</productName>
    <productImage>http://asset.lemansnet.com/z/L0YvQi8wL0ZCMEM1MjJDLUQ3MTAtNENDQi1BMTAxLUE1MURBNjM3RTUzRQ==</productImage>
    <bullet1>Tapered venturi cooler reduces cooling system temperatures by 5°-10°</bullet1>
    <bullet2>Increases the cooling efficiency of any water-cooled system</bullet2>
    <bullet3>Installs in-line on the cylinder return line</bullet3>
    <bullet4/>
    <bullet5/>
    <bullet6/>
    <bullet7/>
    <bullet8/>
    <bullet9/>
    <bullet10/>
    <bullet11/>
    <bullet12/>
    <bullet13/>
    <bullet14/>
    <bullet15/>
    <bullet16/>
    <bullet17/>
    <bullet18/>
    <bullet19/>
    <bullet20/>
    <bullet21/>
    <bullet22/>
    <bullet23/>
    <bullet24/>
    <vendorPriceUpdateDate>2023-03-15 00:00:00</vendorPriceUpdateDate>
  </part>
  <part>
    <partNumber>12310094</partNumber>
    <punctuatedPartNumber>1231-0094</punctuatedPartNumber>
    <partStatusDescription>STANDARD</partStatusDescription>
    <partDescription>Case Guard - LT-R 450</partDescription>
    <unitOfMeasure>Each</unitOfMeasure>
    <brandName>PRO DESIGN</brandName>
    <supplierNumber>PD241</supplierNumber>
    <specialInstructions/>
    <baseDealerPrice>28.50</baseDealerPrice>
    <yourDealerPrice>28.50</yourDealerPrice>
    <baseRetailPrice>40.95</baseRetailPrice>
    <originalRetailPrice>40.95</originalRetailPrice>
    <partImage>http://asset.lemansnet.com/z/L0QvOC85L0Q4OUU1RjVBLTkxRTktNDkxMi05NkYyLUQyMjVGRTJENzA3Qw==</partImage>
    <productId>0139651992</productId>
    <productName>Case Guard</productName>
    <productImage>http://asset.lemansnet.com/z/L0MvOC9GL0M4RkE4M0Y3LUUxQjctNDJDRC04NjEwLUQzNDZDMjkxNjRBMg==</productImage>
    <bullet1>Protect your cases with this sturdy yet lightweight billet case guard</bullet1>
    <bullet2/>
    <bullet3/>
    <bullet4/>
    <bullet5/>
    <bullet6/>
    <bullet7/>
    <bullet8/>
    <bullet9/>
    <bullet10/>
    <bullet11/>
    <bullet12/>
    <bullet13/>
    <bullet14/>
    <bullet15/>
    <bullet16/>
    <bullet17/>
    <bullet18/>
    <bullet19/>
    <bullet20/>
    <bullet21/>
    <bullet22/>
    <bullet23/>
    <bullet24/>
    <vendorPriceUpdateDate>2023-03-15 00:00:00</vendorPriceUpdateDate>
  </part>
</root>
