<root>
  <part>
    <partNumber>07120269</partNumber>
    <punctuatedPartNumber>0712-0269</punctuatedPartNumber>
    <partStatusDescription>STANDARD</partStatusDescription>
    <partDescription>Oil Filter Mount - Polished</partDescription>
    <unitOfMeasure>Each</unitOfMeasure>
    <brandName>HORSEPOWER, INC</brandName>
    <supplierNumber>HPI-OC-1</supplierNumber>
    <specialInstructions/>
    <baseDealerPrice>119.00</baseDealerPrice>
    <yourDealerPrice>119.00</yourDealerPrice>
    <baseRetailPrice>169.95</baseRetailPrice>
    <originalRetailPrice>169.95</originalRetailPrice>
    <partImage>http://asset.lemansnet.com/z/LzcvRC9ELzdERDc5NjhDLTMzOTEtNDA2Mi05RTExLTVFMzI0MTcyOUJGQw==</partImage>
    <productId>2086932195</productId>
    <productName>Oil Filter Mount</productName>
    <productImage>http://asset.lemansnet.com/z/LzcvRC9ELzdERDc5NjhDLTMzOTEtNDA2Mi05RTExLTVFMzI0MTcyOUJGQw==</productImage>
    <bullet1>6061 billet aluminum construction with a polished finish</bullet1>
    <bullet2>Optimized oil passages flow almost 30% more efficiently than others on the market, which means less oil pressure drop and cooler temps</bullet2>
    <bullet3>Designed to be used with any aftermarket oil cooler</bullet3>
    <bullet4>Made in the USA</bullet4>
    <bullet5>Cannot use without oil cooler element. </bullet5>
    <bullet6/>
    <bullet7/>
    <bullet8/>
    <bullet9/>
    <bullet10/>
    <bullet11/>
    <bullet12/>
    <bullet13/>
    <bullet14/>
    <bullet15/>
    <bullet16/>
    <bullet17/>
    <bullet18/>
    <bullet19/>
    <bullet20/>
    <bullet21/>
    <bullet22/>
    <bullet23/>
    <bullet24/>
    <vendorPriceUpdateDate>2021-07-26 00:00:00</vendorPriceUpdateDate>
  </part>
  <part>
    <partNumber>10220068</partNumber>
    <punctuatedPartNumber>1022-0068</punctuatedPartNumber>
    <partStatusDescription>STANDARD</partStatusDescription>
    <partDescription>Intake Flange Set - '06-'17 Twin Cam</partDescription>
    <unitOfMeasure>Set</unitOfMeasure>
    <brandName>HORSEPOWER, INC</brandName>
    <supplierNumber>HPI-IF-6L</supplierNumber>
    <specialInstructions/>
    <baseDealerPrice>45.50</baseDealerPrice>
    <yourDealerPrice>45.50</yourDealerPrice>
    <baseRetailPrice>64.95</baseRetailPrice>
    <originalRetailPrice>64.95</originalRetailPrice>
    <partImage>http://asset.lemansnet.com/z/LzAvRS8wLzBFMEVCM0U5LTU1NUItNEJEQS05MEJBLTUwMTQwNEZFNUJGNQ==</partImage>
    <productId>1415688989</productId>
    <productName>Intake Flange Set</productName>
    <productImage>http://asset.lemansnet.com/z/LzAvRS8wLzBFMEVCM0U5LTU1NUItNEJEQS05MEJBLTUwMTQwNEZFNUJGNQ==</productImage>
    <bullet1>CNC-machined 6061 billet aluminum construction</bullet1>
    <bullet2>Will not crack or warp like some forged flanges</bullet2>
    <bullet3>Made in the USA</bullet3>
    <bullet4/>
    <bullet5/>
    <bullet6/>
    <bullet7/>
    <bullet8/>
    <bullet9/>
    <bullet10/>
    <bullet11/>
    <bullet12/>
    <bullet13/>
    <bullet14/>
    <bullet15/>
    <bullet16/>
    <bullet17/>
    <bullet18/>
    <bullet19/>
    <bullet20/>
    <bullet21/>
    <bullet22/>
    <bullet23/>
    <bullet24/>
    <vendorPriceUpdateDate>2023-04-22 00:00:00</vendorPriceUpdateDate>
  </part>
  <part>
    <partNumber>10220069</partNumber>
    <punctuatedPartNumber>1022-0069</punctuatedPartNumber>
    <partStatusDescription>STANDARD</partStatusDescription>
    <partDescription>Intake Flange Set - '01-'05 Big Twin</partDescription>
    <unitOfMeasure>Set</unitOfMeasure>
    <brandName>HORSEPOWER, INC</brandName>
    <supplierNumber>HPI-IF-6E</supplierNumber>
    <specialInstructions/>
    <baseDealerPrice>45.50</baseDealerPrice>
    <yourDealerPrice>45.50</yourDealerPrice>
    <baseRetailPrice>64.95</baseRetailPrice>
    <originalRetailPrice>64.95</originalRetailPrice>
    <partImage>http://asset.lemansnet.com/z/LzEvRS83LzFFNzU2MEYxLUZGRDUtNEFFQy05RTEzLUE2NDgyRDREQjY0OQ==</partImage>
    <productId>1415688989</productId>
    <productName>Intake Flange Set</productName>
    <productImage>http://asset.lemansnet.com/z/LzAvRS8wLzBFMEVCM0U5LTU1NUItNEJEQS05MEJBLTUwMTQwNEZFNUJGNQ==</productImage>
    <bullet1>CNC-machined 6061 billet aluminum construction</bullet1>
    <bullet2>Will not crack or warp like some forged flanges</bullet2>
    <bullet3>Made in the USA</bullet3>
    <bullet4/>
    <bullet5/>
    <bullet6/>
    <bullet7/>
    <bullet8/>
    <bullet9/>
    <bullet10/>
    <bullet11/>
    <bullet12/>
    <bullet13/>
    <bullet14/>
    <bullet15/>
    <bullet16/>
    <bullet17/>
    <bullet18/>
    <bullet19/>
    <bullet20/>
    <bullet21/>
    <bullet22/>
    <bullet23/>
    <bullet24/>
    <vendorPriceUpdateDate>2023-04-22 00:00:00</vendorPriceUpdateDate>
  </part>
  <part>
    <partNumber>10220083</partNumber>
    <punctuatedPartNumber>1022-0083</punctuatedPartNumber>
    <partStatusDescription>STANDARD</partStatusDescription>
    <partDescription>Fuel Injectors - 6.2 gm/sec</partDescription>
    <unitOfMeasure>Pair</unitOfMeasure>
    <brandName>HORSEPOWER, INC</brandName>
    <supplierNumber>HPI-D1NJ-1</supplierNumber>
    <specialInstructions/>
    <baseDealerPrice>200.00</baseDealerPrice>
    <yourDealerPrice>200.00</yourDealerPrice>
    <baseRetailPrice>285.95</baseRetailPrice>
    <originalRetailPrice>285.95</originalRetailPrice>
    <partImage>http://asset.lemansnet.com/z/L0EvRS8wL0FFMDRDNjdELTBGNTYtNDQyRS04QzE2LTAzQTdCNzFGRjY5Ng==</partImage>
    <productId>1385646540</productId>
    <productName>Yellow Band Fuel Injectors</productName>
    <productImage>http://asset.lemansnet.com/z/L0EvRS8wL0FFMDRDNjdELTBGNTYtNDQyRS04QzE2LTAzQTdCNzFGRjY5Ng==</productImage>
    <bullet1>Recommended for "Big Inch" engines with large plenums (120 hp or greater)</bullet1>
    <bullet2>43% increase in flow over stock injectors</bullet2>
    <bullet3>Made in the USA</bullet3>
    <bullet4/>
    <bullet5/>
    <bullet6/>
    <bullet7/>
    <bullet8/>
    <bullet9/>
    <bullet10/>
    <bullet11/>
    <bullet12/>
    <bullet13/>
    <bullet14/>
    <bullet15/>
    <bullet16/>
    <bullet17/>
    <bullet18/>
    <bullet19/>
    <bullet20/>
    <bullet21/>
    <bullet22/>
    <bullet23/>
    <bullet24/>
    <vendorPriceUpdateDate>2023-04-22 00:00:00</vendorPriceUpdateDate>
  </part>
  <part>
    <partNumber>10220236</partNumber>
    <punctuatedPartNumber>1022-0236</punctuatedPartNumber>
    <partStatusDescription>STANDARD</partStatusDescription>
    <partDescription>Big Bore Throttle Body - Black - 51 mm - Twin Cam</partDescription>
    <unitOfMeasure>Each</unitOfMeasure>
    <brandName>HORSEPOWER, INC</brandName>
    <supplierNumber>HPI-51D1-17B</supplierNumber>
    <specialInstructions/>
    <baseDealerPrice>555.00</baseDealerPrice>
    <yourDealerPrice>555.00</yourDealerPrice>
    <baseRetailPrice>784.95</baseRetailPrice>
    <originalRetailPrice>784.95</originalRetailPrice>
    <partImage>http://asset.lemansnet.com/z/LzYvOC81LzY4NTQxRTEzLTlDMjktNEMzOC1CQ0M2LTU2MzBEQ0Q1MUEzMg==</partImage>
    <productId>1366278197</productId>
    <productName>Big Bore Throttle Body</productName>
    <productImage>http://asset.lemansnet.com/z/LzQvOC9DLzQ4Q0Q4RjBELTE2NzctNEY4NS04NjJFLTk3NTg4NDc5RkJEOQ==</productImage>
    <bullet1>Includes throttle body, CNC ported intake manifold, throttle cable bracket, intake flanges and seals</bullet1>
    <bullet2>Flow bench-tested and dyno-proven to deliver increased airflow, horsepower and torque</bullet2>
    <bullet3>Brass throttle blade resists deflection, which helps maintain throttle position accuracy</bullet3>
    <bullet4>Equipped with a sealed double roller bearing for smooth throttle operation</bullet4>
    <bullet5>Compatible with all factory OEM electronics, including cruise control</bullet5>
    <bullet6>Fully machined and ported internally for unparalleled flow</bullet6>
    <bullet7>Stock bolt pattern and air cleaner opening</bullet7>
    <bullet8>Made in USA</bullet8>
    <bullet9/>
    <bullet10/>
    <bullet11/>
    <bullet12/>
    <bullet13/>
    <bullet14/>
    <bullet15/>
    <bullet16/>
    <bullet17/>
    <bullet18/>
    <bullet19/>
    <bullet20/>
    <bullet21/>
    <bullet22/>
    <bullet23/>
    <bullet24/>
    <vendorPriceUpdateDate>2021-07-26 00:00:00</vendorPriceUpdateDate>
  </part>
  <part>
    <partNumber>10220237</partNumber>
    <punctuatedPartNumber>1022-0237</punctuatedPartNumber>
    <partStatusDescription>STANDARD</partStatusDescription>
    <partDescription>Big Bore Throttle Body - Black - 55 mm - Twin Cam</partDescription>
    <unitOfMeasure>Each</unitOfMeasure>
    <brandName>HORSEPOWER, INC</brandName>
    <supplierNumber>HPI-55D1-18B</supplierNumber>
    <specialInstructions/>
    <baseDealerPrice>555.00</baseDealerPrice>
    <yourDealerPrice>555.00</yourDealerPrice>
    <baseRetailPrice>784.95</baseRetailPrice>
    <originalRetailPrice>784.95</originalRetailPrice>
    <partImage>http://asset.lemansnet.com/z/LzQvRS8zLzRFMzI4RURFLTM2N0YtNDY5QS1BMTNCLTI3MkM3N0FEQTNGMQ==</partImage>
    <productId>1366278197</productId>
    <productName>Big Bore Throttle Body</productName>
    <productImage>http://asset.lemansnet.com/z/LzQvOC9DLzQ4Q0Q4RjBELTE2NzctNEY4NS04NjJFLTk3NTg4NDc5RkJEOQ==</productImage>
    <bullet1>Includes throttle body, CNC ported intake manifold, throttle cable bracket, intake flanges and seals</bullet1>
    <bullet2>Flow bench-tested and dyno-proven to deliver increased airflow, horsepower and torque</bullet2>
    <bullet3>Brass throttle blade resists deflection, which helps maintain throttle position accuracy</bullet3>
    <bullet4>Equipped with a sealed double roller bearing for smooth throttle operation</bullet4>
    <bullet5>Compatible with all factory OEM electronics, including cruise control</bullet5>
    <bullet6>Fully machined and ported internally for unparalleled flow</bullet6>
    <bullet7>Stock bolt pattern and air cleaner opening</bullet7>
    <bullet8>Made in USA</bullet8>
    <bullet9/>
    <bullet10/>
    <bullet11/>
    <bullet12/>
    <bullet13/>
    <bullet14/>
    <bullet15/>
    <bullet16/>
    <bullet17/>
    <bullet18/>
    <bullet19/>
    <bullet20/>
    <bullet21/>
    <bullet22/>
    <bullet23/>
    <bullet24/>
    <vendorPriceUpdateDate>2021-07-26 00:00:00</vendorPriceUpdateDate>
  </part>
  <part>
    <partNumber>10220238</partNumber>
    <punctuatedPartNumber>1022-0238</punctuatedPartNumber>
    <partStatusDescription>STANDARD</partStatusDescription>
    <partDescription>Big Bore Throttle Body - Black - 51 mm - Twin Cam</partDescription>
    <unitOfMeasure>Each</unitOfMeasure>
    <brandName>HORSEPOWER, INC</brandName>
    <supplierNumber>HPI-51D6-17B</supplierNumber>
    <specialInstructions/>
    <baseDealerPrice>555.00</baseDealerPrice>
    <yourDealerPrice>555.00</yourDealerPrice>
    <baseRetailPrice>784.95</baseRetailPrice>
    <originalRetailPrice>784.95</originalRetailPrice>
    <partImage>http://asset.lemansnet.com/z/LzEvRS83LzFFN0I1OTAxLUVGNUUtNDYyOS1COThFLUY2NUNFOTBFQ0E1Mg==</partImage>
    <productId>1366278197</productId>
    <productName>Big Bore Throttle Body</productName>
    <productImage>http://asset.lemansnet.com/z/LzQvOC9DLzQ4Q0Q4RjBELTE2NzctNEY4NS04NjJFLTk3NTg4NDc5RkJEOQ==</productImage>
    <bullet1>Includes throttle body, CNC ported intake manifold, throttle cable bracket, intake flanges and seals</bullet1>
    <bullet2>Flow bench-tested and dyno-proven to deliver increased airflow, horsepower and torque</bullet2>
    <bullet3>Brass throttle blade resists deflection, which helps maintain throttle position accuracy</bullet3>
    <bullet4>Equipped with a sealed double roller bearing for smooth throttle operation</bullet4>
    <bullet5>Compatible with all factory OEM electronics, including cruise control</bullet5>
    <bullet6>Fully machined and ported internally for unparalleled flow</bullet6>
    <bullet7>Stock bolt pattern and air cleaner opening</bullet7>
    <bullet8>Made in USA</bullet8>
    <bullet9/>
    <bullet10/>
    <bullet11/>
    <bullet12/>
    <bullet13/>
    <bullet14/>
    <bullet15/>
    <bullet16/>
    <bullet17/>
    <bullet18/>
    <bullet19/>
    <bullet20/>
    <bullet21/>
    <bullet22/>
    <bullet23/>
    <bullet24/>
    <vendorPriceUpdateDate>2021-07-26 00:00:00</vendorPriceUpdateDate>
  </part>
  <part>
    <partNumber>10220239</partNumber>
    <punctuatedPartNumber>1022-0239</punctuatedPartNumber>
    <partStatusDescription>STANDARD</partStatusDescription>
    <partDescription>Big Bore Throttle Body - Black - 55 mm - Twin Cam</partDescription>
    <unitOfMeasure>Each</unitOfMeasure>
    <brandName>HORSEPOWER, INC</brandName>
    <supplierNumber>HPI-55D6-18B</supplierNumber>
    <specialInstructions/>
    <baseDealerPrice>555.00</baseDealerPrice>
    <yourDealerPrice>555.00</yourDealerPrice>
    <baseRetailPrice>784.95</baseRetailPrice>
    <originalRetailPrice>784.95</originalRetailPrice>
    <partImage>http://asset.lemansnet.com/z/L0UvQi8yL0VCMjE4QkYwLUI1RDMtNEVFNS1CNTc2LTZDM0RFRUQ3RUNGMA==</partImage>
    <productId>1366278197</productId>
    <productName>Big Bore Throttle Body</productName>
    <productImage>http://asset.lemansnet.com/z/LzQvOC9DLzQ4Q0Q4RjBELTE2NzctNEY4NS04NjJFLTk3NTg4NDc5RkJEOQ==</productImage>
    <bullet1>Includes throttle body, CNC ported intake manifold, throttle cable bracket, intake flanges and seals</bullet1>
    <bullet2>Flow bench-tested and dyno-proven to deliver increased airflow, horsepower and torque</bullet2>
    <bullet3>Brass throttle blade resists deflection, which helps maintain throttle position accuracy</bullet3>
    <bullet4>Equipped with a sealed double roller bearing for smooth throttle operation</bullet4>
    <bullet5>Compatible with all factory OEM electronics, including cruise control</bullet5>
    <bullet6>Fully machined and ported internally for unparalleled flow</bullet6>
    <bullet7>Stock bolt pattern and air cleaner opening</bullet7>
    <bullet8>Made in USA</bullet8>
    <bullet9/>
    <bullet10/>
    <bullet11/>
    <bullet12/>
    <bullet13/>
    <bullet14/>
    <bullet15/>
    <bullet16/>
    <bullet17/>
    <bullet18/>
    <bullet19/>
    <bullet20/>
    <bullet21/>
    <bullet22/>
    <bullet23/>
    <bullet24/>
    <vendorPriceUpdateDate>2021-07-26 00:00:00</vendorPriceUpdateDate>
  </part>
  <part>
    <partNumber>10220240</partNumber>
    <punctuatedPartNumber>1022-0240</punctuatedPartNumber>
    <partStatusDescription>STANDARD</partStatusDescription>
    <partDescription>Max Flow™ Throttle Body - Black - Twin Cam - 55 mm</partDescription>
    <unitOfMeasure>Each</unitOfMeasure>
    <brandName>HORSEPOWER, INC</brandName>
    <supplierNumber>HPI-55MF1-18B</supplierNumber>
    <specialInstructions/>
    <baseDealerPrice>625.00</baseDealerPrice>
    <yourDealerPrice>625.00</yourDealerPrice>
    <baseRetailPrice>884.95</baseRetailPrice>
    <originalRetailPrice>884.95</originalRetailPrice>
    <partImage>http://asset.lemansnet.com/z/LzQvRC84LzREODEwMTEwLTYxQTEtNDVGMS05NTI2LTU3RDNEMTU0Q0Y2RQ==</partImage>
    <productId>1252203663</productId>
    <productName>Max Flow™ Throttle Body</productName>
    <productImage>http://asset.lemansnet.com/z/LzQvRC84LzREODEwMTEwLTYxQTEtNDVGMS05NTI2LTU3RDNEMTU0Q0Y2RQ==</productImage>
    <bullet1>Completely replaces OEM throttle body and manifold; fully compatible with OEM components</bullet1>
    <bullet2>Specifically designed for larger cubic inch motors that require substantial airflow</bullet2>
    <bullet3>Equipped with a sealed double roller bearing for smooth throttle operation</bullet3>
    <bullet4>Fully machined and ported internally for unparalleled flow</bullet4>
    <bullet5>Large plenum design maximizes mid- and high-rpm power</bullet5>
    <bullet6>Made in the USA</bullet6>
    <bullet7/>
    <bullet8/>
    <bullet9/>
    <bullet10/>
    <bullet11/>
    <bullet12/>
    <bullet13/>
    <bullet14/>
    <bullet15/>
    <bullet16/>
    <bullet17/>
    <bullet18/>
    <bullet19/>
    <bullet20/>
    <bullet21/>
    <bullet22/>
    <bullet23/>
    <bullet24/>
    <vendorPriceUpdateDate>2021-07-26 00:00:00</vendorPriceUpdateDate>
  </part>
  <part>
    <partNumber>10220241</partNumber>
    <punctuatedPartNumber>1022-0241</punctuatedPartNumber>
    <partStatusDescription>STANDARD</partStatusDescription>
    <partDescription>Max Flow™ Throttle Body - Black - Twin Cam - 55 mm</partDescription>
    <unitOfMeasure>Each</unitOfMeasure>
    <brandName>HORSEPOWER, INC</brandName>
    <supplierNumber>HPI-55MF6-18B</supplierNumber>
    <specialInstructions/>
    <baseDealerPrice>625.00</baseDealerPrice>
    <yourDealerPrice>625.00</yourDealerPrice>
    <baseRetailPrice>884.95</baseRetailPrice>
    <originalRetailPrice>884.95</originalRetailPrice>
    <partImage>http://asset.lemansnet.com/z/LzYvQi9CLzZCQkY5OUY0LUVFNkMtNDc0Qy1CNUU3LTA5OUNBRjY5MDE0Nw==</partImage>
    <productId>1252203663</productId>
    <productName>Max Flow™ Throttle Body</productName>
    <productImage>http://asset.lemansnet.com/z/LzQvRC84LzREODEwMTEwLTYxQTEtNDVGMS05NTI2LTU3RDNEMTU0Q0Y2RQ==</productImage>
    <bullet1>Completely replaces OEM throttle body and manifold; fully compatible with OEM components</bullet1>
    <bullet2>Specifically designed for larger cubic inch motors that require substantial airflow</bullet2>
    <bullet3>Equipped with a sealed double roller bearing for smooth throttle operation</bullet3>
    <bullet4>Fully machined and ported internally for unparalleled flow</bullet4>
    <bullet5>Large plenum design maximizes mid- and high-rpm power</bullet5>
    <bullet6>Made in the USA</bullet6>
    <bullet7/>
    <bullet8/>
    <bullet9/>
    <bullet10/>
    <bullet11/>
    <bullet12/>
    <bullet13/>
    <bullet14/>
    <bullet15/>
    <bullet16/>
    <bullet17/>
    <bullet18/>
    <bullet19/>
    <bullet20/>
    <bullet21/>
    <bullet22/>
    <bullet23/>
    <bullet24/>
    <vendorPriceUpdateDate>2021-07-26 00:00:00</vendorPriceUpdateDate>
  </part>
  <part>
    <partNumber>10220242</partNumber>
    <punctuatedPartNumber>1022-0242</punctuatedPartNumber>
    <partStatusDescription>STANDARD</partStatusDescription>
    <partDescription>Big Bore Throttle Body - Black - 51 mm - Twin Cam</partDescription>
    <unitOfMeasure>Each</unitOfMeasure>
    <brandName>HORSEPOWER, INC</brandName>
    <supplierNumber>HPI-51D1-16B</supplierNumber>
    <specialInstructions/>
    <baseDealerPrice>555.00</baseDealerPrice>
    <yourDealerPrice>555.00</yourDealerPrice>
    <baseRetailPrice>784.95</baseRetailPrice>
    <originalRetailPrice>784.95</originalRetailPrice>
    <partImage>http://asset.lemansnet.com/z/L0UvQy84L0VDODRBMEE5LTc0NzUtNDZBNS1BNjcxLThEQzNCMUJGMUUzOQ==</partImage>
    <productId>1366278197</productId>
    <productName>Big Bore Throttle Body</productName>
    <productImage>http://asset.lemansnet.com/z/LzQvOC9DLzQ4Q0Q4RjBELTE2NzctNEY4NS04NjJFLTk3NTg4NDc5RkJEOQ==</productImage>
    <bullet1>Includes throttle body, CNC ported intake manifold, throttle cable bracket, intake flanges and seals</bullet1>
    <bullet2>Flow bench-tested and dyno-proven to deliver increased airflow, horsepower and torque</bullet2>
    <bullet3>Brass throttle blade resists deflection, which helps maintain throttle position accuracy</bullet3>
    <bullet4>Equipped with a sealed double roller bearing for smooth throttle operation</bullet4>
    <bullet5>Compatible with all factory OEM electronics, including cruise control</bullet5>
    <bullet6>Fully machined and ported internally for unparalleled flow</bullet6>
    <bullet7>Stock bolt pattern and air cleaner opening</bullet7>
    <bullet8>Made in USA</bullet8>
    <bullet9/>
    <bullet10/>
    <bullet11/>
    <bullet12/>
    <bullet13/>
    <bullet14/>
    <bullet15/>
    <bullet16/>
    <bullet17/>
    <bullet18/>
    <bullet19/>
    <bullet20/>
    <bullet21/>
    <bullet22/>
    <bullet23/>
    <bullet24/>
    <vendorPriceUpdateDate>2021-07-26 00:00:00</vendorPriceUpdateDate>
  </part>
  <part>
    <partNumber>10220243</partNumber>
    <punctuatedPartNumber>1022-0243</punctuatedPartNumber>
    <partStatusDescription>STANDARD</partStatusDescription>
    <partDescription>Big Bore Throttle Body - Black - 55 mm - Twin Cam</partDescription>
    <unitOfMeasure>Each</unitOfMeasure>
    <brandName>HORSEPOWER, INC</brandName>
    <supplierNumber>HPI-55D1-16B</supplierNumber>
    <specialInstructions/>
    <baseDealerPrice>555.00</baseDealerPrice>
    <yourDealerPrice>555.00</yourDealerPrice>
    <baseRetailPrice>784.95</baseRetailPrice>
    <originalRetailPrice>784.95</originalRetailPrice>
    <partImage>http://asset.lemansnet.com/z/LzEvQi9DLzFCQzJEOUQwLTI3OUEtNEM2MC05NUExLUI3N0Q3RTVDNTcxNg==</partImage>
    <productId>1366278197</productId>
    <productName>Big Bore Throttle Body</productName>
    <productImage>http://asset.lemansnet.com/z/LzQvOC9DLzQ4Q0Q4RjBELTE2NzctNEY4NS04NjJFLTk3NTg4NDc5RkJEOQ==</productImage>
    <bullet1>Includes throttle body, CNC ported intake manifold, throttle cable bracket, intake flanges and seals</bullet1>
    <bullet2>Flow bench-tested and dyno-proven to deliver increased airflow, horsepower and torque</bullet2>
    <bullet3>Brass throttle blade resists deflection, which helps maintain throttle position accuracy</bullet3>
    <bullet4>Equipped with a sealed double roller bearing for smooth throttle operation</bullet4>
    <bullet5>Compatible with all factory OEM electronics, including cruise control</bullet5>
    <bullet6>Fully machined and ported internally for unparalleled flow</bullet6>
    <bullet7>Stock bolt pattern and air cleaner opening</bullet7>
    <bullet8>Made in USA</bullet8>
    <bullet9/>
    <bullet10/>
    <bullet11/>
    <bullet12/>
    <bullet13/>
    <bullet14/>
    <bullet15/>
    <bullet16/>
    <bullet17/>
    <bullet18/>
    <bullet19/>
    <bullet20/>
    <bullet21/>
    <bullet22/>
    <bullet23/>
    <bullet24/>
    <vendorPriceUpdateDate>2021-07-26 00:00:00</vendorPriceUpdateDate>
  </part>
  <part>
    <partNumber>10220244</partNumber>
    <punctuatedPartNumber>1022-0244</punctuatedPartNumber>
    <partStatusDescription>STANDARD</partStatusDescription>
    <partDescription>Big Bore Throttle Body - Black - 51 mm - Twin Cam</partDescription>
    <unitOfMeasure>Each</unitOfMeasure>
    <brandName>HORSEPOWER, INC</brandName>
    <supplierNumber>HPI-51D6-16B</supplierNumber>
    <specialInstructions/>
    <baseDealerPrice>555.00</baseDealerPrice>
    <yourDealerPrice>555.00</yourDealerPrice>
    <baseRetailPrice>784.95</baseRetailPrice>
    <originalRetailPrice>784.95</originalRetailPrice>
    <partImage>http://asset.lemansnet.com/z/LzQvMy9CLzQzQkYzMTlGLTAxQ0EtNEExNy1BNkEyLUZGOTRCNjk5MEMwNw==</partImage>
    <productId>1366278197</productId>
    <productName>Big Bore Throttle Body</productName>
    <productImage>http://asset.lemansnet.com/z/LzQvOC9DLzQ4Q0Q4RjBELTE2NzctNEY4NS04NjJFLTk3NTg4NDc5RkJEOQ==</productImage>
    <bullet1>Includes throttle body, CNC ported intake manifold, throttle cable bracket, intake flanges and seals</bullet1>
    <bullet2>Flow bench-tested and dyno-proven to deliver increased airflow, horsepower and torque</bullet2>
    <bullet3>Brass throttle blade resists deflection, which helps maintain throttle position accuracy</bullet3>
    <bullet4>Equipped with a sealed double roller bearing for smooth throttle operation</bullet4>
    <bullet5>Compatible with all factory OEM electronics, including cruise control</bullet5>
    <bullet6>Fully machined and ported internally for unparalleled flow</bullet6>
    <bullet7>Stock bolt pattern and air cleaner opening</bullet7>
    <bullet8>Made in USA</bullet8>
    <bullet9/>
    <bullet10/>
    <bullet11/>
    <bullet12/>
    <bullet13/>
    <bullet14/>
    <bullet15/>
    <bullet16/>
    <bullet17/>
    <bullet18/>
    <bullet19/>
    <bullet20/>
    <bullet21/>
    <bullet22/>
    <bullet23/>
    <bullet24/>
    <vendorPriceUpdateDate>2021-07-26 00:00:00</vendorPriceUpdateDate>
  </part>
  <part>
    <partNumber>10220245</partNumber>
    <punctuatedPartNumber>1022-0245</punctuatedPartNumber>
    <partStatusDescription>STANDARD</partStatusDescription>
    <partDescription>Big Bore Throttle Body - Black - 55 mm - Twin Cam</partDescription>
    <unitOfMeasure>Each</unitOfMeasure>
    <brandName>HORSEPOWER, INC</brandName>
    <supplierNumber>HPI-55D6-16B</supplierNumber>
    <specialInstructions/>
    <baseDealerPrice>555.00</baseDealerPrice>
    <yourDealerPrice>555.00</yourDealerPrice>
    <baseRetailPrice>784.95</baseRetailPrice>
    <originalRetailPrice>784.95</originalRetailPrice>
    <partImage>http://asset.lemansnet.com/z/LzQvNi9GLzQ2RjYxQjNCLUJBQUYtNENENy1BQzcyLTJGRTBENkJFNUI5Mw==</partImage>
    <productId>1366278197</productId>
    <productName>Big Bore Throttle Body</productName>
    <productImage>http://asset.lemansnet.com/z/LzQvOC9DLzQ4Q0Q4RjBELTE2NzctNEY4NS04NjJFLTk3NTg4NDc5RkJEOQ==</productImage>
    <bullet1>Includes throttle body, CNC ported intake manifold, throttle cable bracket, intake flanges and seals</bullet1>
    <bullet2>Flow bench-tested and dyno-proven to deliver increased airflow, horsepower and torque</bullet2>
    <bullet3>Brass throttle blade resists deflection, which helps maintain throttle position accuracy</bullet3>
    <bullet4>Equipped with a sealed double roller bearing for smooth throttle operation</bullet4>
    <bullet5>Compatible with all factory OEM electronics, including cruise control</bullet5>
    <bullet6>Fully machined and ported internally for unparalleled flow</bullet6>
    <bullet7>Stock bolt pattern and air cleaner opening</bullet7>
    <bullet8>Made in USA</bullet8>
    <bullet9/>
    <bullet10/>
    <bullet11/>
    <bullet12/>
    <bullet13/>
    <bullet14/>
    <bullet15/>
    <bullet16/>
    <bullet17/>
    <bullet18/>
    <bullet19/>
    <bullet20/>
    <bullet21/>
    <bullet22/>
    <bullet23/>
    <bullet24/>
    <vendorPriceUpdateDate>2021-07-26 00:00:00</vendorPriceUpdateDate>
  </part>
  <part>
    <partNumber>10220246</partNumber>
    <punctuatedPartNumber>1022-0246</punctuatedPartNumber>
    <partStatusDescription>STANDARD</partStatusDescription>
    <partDescription>Max Flow™ Throttle Body - Black - Twin Cam - 58 mm</partDescription>
    <unitOfMeasure>Each</unitOfMeasure>
    <brandName>HORSEPOWER, INC</brandName>
    <supplierNumber>HPI-58D1-76B</supplierNumber>
    <specialInstructions/>
    <baseDealerPrice>625.00</baseDealerPrice>
    <yourDealerPrice>625.00</yourDealerPrice>
    <baseRetailPrice>884.95</baseRetailPrice>
    <originalRetailPrice>884.95</originalRetailPrice>
    <partImage>http://asset.lemansnet.com/z/LzgvRi85LzhGOUMwMUVGLUVERDYtNDI0RS1CRjhGLUQ4QjUwNjhDMEI0Ng==</partImage>
    <productId>1252203663</productId>
    <productName>Max Flow™ Throttle Body</productName>
    <productImage>http://asset.lemansnet.com/z/LzQvRC84LzREODEwMTEwLTYxQTEtNDVGMS05NTI2LTU3RDNEMTU0Q0Y2RQ==</productImage>
    <bullet1>Completely replaces OEM throttle body and manifold; fully compatible with OEM components</bullet1>
    <bullet2>Specifically designed for larger cubic inch motors that require substantial airflow</bullet2>
    <bullet3>Equipped with a sealed double roller bearing for smooth throttle operation</bullet3>
    <bullet4>Fully machined and ported internally for unparalleled flow</bullet4>
    <bullet5>Large plenum design maximizes mid- and high-rpm power</bullet5>
    <bullet6>Made in the USA</bullet6>
    <bullet7/>
    <bullet8/>
    <bullet9/>
    <bullet10/>
    <bullet11/>
    <bullet12/>
    <bullet13/>
    <bullet14/>
    <bullet15/>
    <bullet16/>
    <bullet17/>
    <bullet18/>
    <bullet19/>
    <bullet20/>
    <bullet21/>
    <bullet22/>
    <bullet23/>
    <bullet24/>
    <vendorPriceUpdateDate>2021-07-26 00:00:00</vendorPriceUpdateDate>
  </part>
  <part>
    <partNumber>10220247</partNumber>
    <punctuatedPartNumber>1022-0247</punctuatedPartNumber>
    <partStatusDescription>STANDARD</partStatusDescription>
    <partDescription>Max Flow™ Throttle Body - Black - Twin Cam - 58 mm</partDescription>
    <unitOfMeasure>Each</unitOfMeasure>
    <brandName>HORSEPOWER, INC</brandName>
    <supplierNumber>HPI-58D1-18B</supplierNumber>
    <specialInstructions/>
    <baseDealerPrice>625.00</baseDealerPrice>
    <yourDealerPrice>625.00</yourDealerPrice>
    <baseRetailPrice>884.95</baseRetailPrice>
    <originalRetailPrice>884.95</originalRetailPrice>
    <partImage>http://asset.lemansnet.com/z/L0IvQS8xL0JBMTJEODQzLTNFNDctNERCRS05NEYwLTk1OEJEQ0I1MzU5Qw==</partImage>
    <productId>1252203663</productId>
    <productName>Max Flow™ Throttle Body</productName>
    <productImage>http://asset.lemansnet.com/z/LzQvRC84LzREODEwMTEwLTYxQTEtNDVGMS05NTI2LTU3RDNEMTU0Q0Y2RQ==</productImage>
    <bullet1>Completely replaces OEM throttle body and manifold; fully compatible with OEM components</bullet1>
    <bullet2>Specifically designed for larger cubic inch motors that require substantial airflow</bullet2>
    <bullet3>Equipped with a sealed double roller bearing for smooth throttle operation</bullet3>
    <bullet4>Fully machined and ported internally for unparalleled flow</bullet4>
    <bullet5>Large plenum design maximizes mid- and high-rpm power</bullet5>
    <bullet6>Made in the USA</bullet6>
    <bullet7/>
    <bullet8/>
    <bullet9/>
    <bullet10/>
    <bullet11/>
    <bullet12/>
    <bullet13/>
    <bullet14/>
    <bullet15/>
    <bullet16/>
    <bullet17/>
    <bullet18/>
    <bullet19/>
    <bullet20/>
    <bullet21/>
    <bullet22/>
    <bullet23/>
    <bullet24/>
    <vendorPriceUpdateDate>2021-07-26 00:00:00</vendorPriceUpdateDate>
  </part>
  <part>
    <partNumber>10220248</partNumber>
    <punctuatedPartNumber>1022-0248</punctuatedPartNumber>
    <partStatusDescription>STANDARD</partStatusDescription>
    <partDescription>Max Flow™ Throttle Body - Black - Twin Cam - 58 mm</partDescription>
    <unitOfMeasure>Each</unitOfMeasure>
    <brandName>HORSEPOWER, INC</brandName>
    <supplierNumber>HPI-58D6-76B</supplierNumber>
    <specialInstructions/>
    <baseDealerPrice>625.00</baseDealerPrice>
    <yourDealerPrice>625.00</yourDealerPrice>
    <baseRetailPrice>884.95</baseRetailPrice>
    <originalRetailPrice>884.95</originalRetailPrice>
    <partImage>http://asset.lemansnet.com/z/L0IvRC8zL0JEMzQwQkE4LUY0QkYtNDc4MC1CNUIyLUUzMDM3MEQzRDMwQQ==</partImage>
    <productId>1252203663</productId>
    <productName>Max Flow™ Throttle Body</productName>
    <productImage>http://asset.lemansnet.com/z/LzQvRC84LzREODEwMTEwLTYxQTEtNDVGMS05NTI2LTU3RDNEMTU0Q0Y2RQ==</productImage>
    <bullet1>Completely replaces OEM throttle body and manifold; fully compatible with OEM components</bullet1>
    <bullet2>Specifically designed for larger cubic inch motors that require substantial airflow</bullet2>
    <bullet3>Equipped with a sealed double roller bearing for smooth throttle operation</bullet3>
    <bullet4>Fully machined and ported internally for unparalleled flow</bullet4>
    <bullet5>Large plenum design maximizes mid- and high-rpm power</bullet5>
    <bullet6>Made in the USA</bullet6>
    <bullet7/>
    <bullet8/>
    <bullet9/>
    <bullet10/>
    <bullet11/>
    <bullet12/>
    <bullet13/>
    <bullet14/>
    <bullet15/>
    <bullet16/>
    <bullet17/>
    <bullet18/>
    <bullet19/>
    <bullet20/>
    <bullet21/>
    <bullet22/>
    <bullet23/>
    <bullet24/>
    <vendorPriceUpdateDate>2021-07-26 00:00:00</vendorPriceUpdateDate>
  </part>
  <part>
    <partNumber>10220249</partNumber>
    <punctuatedPartNumber>1022-0249</punctuatedPartNumber>
    <partStatusDescription>STANDARD</partStatusDescription>
    <partDescription>Max Flow™ Throttle Body - Black - Twin Cam - 58 mm</partDescription>
    <unitOfMeasure>Each</unitOfMeasure>
    <brandName>HORSEPOWER, INC</brandName>
    <supplierNumber>HPI-58D6-18B</supplierNumber>
    <specialInstructions/>
    <baseDealerPrice>625.00</baseDealerPrice>
    <yourDealerPrice>625.00</yourDealerPrice>
    <baseRetailPrice>884.95</baseRetailPrice>
    <originalRetailPrice>884.95</originalRetailPrice>
    <partImage>http://asset.lemansnet.com/z/LzMvRi9ELzNGRDE5NDVFLTJCOEMtNDE0OS1CQUQ2LTVBMDBERTlGQkQ1NQ==</partImage>
    <productId>1252203663</productId>
    <productName>Max Flow™ Throttle Body</productName>
    <productImage>http://asset.lemansnet.com/z/LzQvRC84LzREODEwMTEwLTYxQTEtNDVGMS05NTI2LTU3RDNEMTU0Q0Y2RQ==</productImage>
    <bullet1>Completely replaces OEM throttle body and manifold; fully compatible with OEM components</bullet1>
    <bullet2>Specifically designed for larger cubic inch motors that require substantial airflow</bullet2>
    <bullet3>Equipped with a sealed double roller bearing for smooth throttle operation</bullet3>
    <bullet4>Fully machined and ported internally for unparalleled flow</bullet4>
    <bullet5>Large plenum design maximizes mid- and high-rpm power</bullet5>
    <bullet6>Made in the USA</bullet6>
    <bullet7/>
    <bullet8/>
    <bullet9/>
    <bullet10/>
    <bullet11/>
    <bullet12/>
    <bullet13/>
    <bullet14/>
    <bullet15/>
    <bullet16/>
    <bullet17/>
    <bullet18/>
    <bullet19/>
    <bullet20/>
    <bullet21/>
    <bullet22/>
    <bullet23/>
    <bullet24/>
    <vendorPriceUpdateDate>2021-07-26 00:00:00</vendorPriceUpdateDate>
  </part>
  <part>
    <partNumber>10090013</partNumber>
    <punctuatedPartNumber>1009-0013</punctuatedPartNumber>
    <partStatusDescription>STANDARD</partStatusDescription>
    <partDescription>Fuel Pressure Regulator</partDescription>
    <unitOfMeasure>Each</unitOfMeasure>
    <brandName>HORSEPOWER, INC</brandName>
    <supplierNumber>HPI-DPR-1</supplierNumber>
    <specialInstructions>ALSO FITS 95-00 EFI MODLS25PJL</specialInstructions>
    <baseDealerPrice>90.00</baseDealerPrice>
    <yourDealerPrice>90.00</yourDealerPrice>
    <baseRetailPrice>128.95</baseRetailPrice>
    <originalRetailPrice>128.95</originalRetailPrice>
    <partImage>http://asset.lemansnet.com/z/LzYvRS80LzZFNDZDN0MyLTREQzYtNDFDNC05RkQwLTZDMDcyMTYxMEZDQg==</partImage>
    <productId>0177615801</productId>
    <productName>Fuel Pressure Regulator</productName>
    <productImage>http://asset.lemansnet.com/z/LzYvRS80LzZFNDZDN0MyLTREQzYtNDFDNC05RkQwLTZDMDcyMTYxMEZDQg==</productImage>
    <bullet1>Engineered for a direct fit in most OEM fuel-injection applications</bullet1>
    <bullet2>Designed for greater fuel delivery</bullet2>
    <bullet3>Made in the USA</bullet3>
    <bullet4/>
    <bullet5/>
    <bullet6/>
    <bullet7/>
    <bullet8/>
    <bullet9/>
    <bullet10/>
    <bullet11/>
    <bullet12/>
    <bullet13/>
    <bullet14/>
    <bullet15/>
    <bullet16/>
    <bullet17/>
    <bullet18/>
    <bullet19/>
    <bullet20/>
    <bullet21/>
    <bullet22/>
    <bullet23/>
    <bullet24/>
    <vendorPriceUpdateDate>2021-07-26 00:00:00</vendorPriceUpdateDate>
  </part>
</root>
