<root>
  <part>
    <partNumber>48500050</partNumber>
    <punctuatedPartNumber>4850-0050</punctuatedPartNumber>
    <partStatusDescription>DISCONTINUED</partStatusDescription>
    <partDescription>Fitting - Bow Eye - Large - Polished</partDescription>
    <unitOfMeasure>Each</unitOfMeasure>
    <brandName>JETINETICS</brandName>
    <supplierNumber>5060</supplierNumber>
    <specialInstructions>Discontinued Item</specialInstructions>
    <baseDealerPrice>7.70</baseDealerPrice>
    <yourDealerPrice>7.70</yourDealerPrice>
    <baseRetailPrice>11.95</baseRetailPrice>
    <originalRetailPrice>13.95</originalRetailPrice>
    <partImage>http://asset.lemansnet.com/z/LzkvQi8xLzlCMURBQzg4LTA5QUEtNDQxNy1CRTE2LTAwRjZFMjhBQTc1OQ==</partImage>
    <productId>0440461980</productId>
    <productName>Bow Eye Fitting</productName>
    <productImage>http://asset.lemansnet.com/z/LzkvQi8xLzlCMURBQzg4LTA5QUEtNDQxNy1CRTE2LTAwRjZFMjhBQTc1OQ==</productImage>
    <bullet1>Replace stock nylon grommets</bullet1>
    <bullet2/>
    <bullet3/>
    <bullet4/>
    <bullet5/>
    <bullet6/>
    <bullet7/>
    <bullet8/>
    <bullet9/>
    <bullet10/>
    <bullet11/>
    <bullet12/>
    <bullet13/>
    <bullet14/>
    <bullet15/>
    <bullet16/>
    <bullet17/>
    <bullet18/>
    <bullet19/>
    <bullet20/>
    <bullet21/>
    <bullet22/>
    <bullet23/>
    <bullet24/>
    <vendorPriceUpdateDate>2017-05-10 00:00:00</vendorPriceUpdateDate>
  </part>
  <part>
    <partNumber>10130077</partNumber>
    <punctuatedPartNumber>1013-0077</punctuatedPartNumber>
    <partStatusDescription>STANDARD</partStatusDescription>
    <partDescription>Flame Arrestor Adapter with Oil Injection - Mikuni - 38 mm</partDescription>
    <unitOfMeasure>Each</unitOfMeasure>
    <brandName>JETINETICS</brandName>
    <supplierNumber>PD-820143</supplierNumber>
    <specialInstructions/>
    <baseDealerPrice>23.50</baseDealerPrice>
    <yourDealerPrice>23.50</yourDealerPrice>
    <baseRetailPrice>33.95</baseRetailPrice>
    <originalRetailPrice>33.95</originalRetailPrice>
    <partImage>http://asset.lemansnet.com/z/L0MvOC82L0M4NjNERjUwLTk5MEItNEVGNi1CMDY5LTk5QUE1MTVCQjY0MQ==</partImage>
    <productId>1395726264</productId>
    <productName>Flame Arrestor Adapter</productName>
    <productImage>http://asset.lemansnet.com/z/LzIvQy9CLzJDQjFDNTVGLTFDNEUtNDkwRi1CRUM0LUY3NkNGQThENEJEOA==</productImage>
    <bullet1>Allows any 2-3/4" ID flange K&amp;N, Blowsion, Prok, etc., flame arrestors to mount to the carburetor indicated</bullet1>
    <bullet2>Mounting bolts included</bullet2>
    <bullet3/>
    <bullet4/>
    <bullet5/>
    <bullet6/>
    <bullet7/>
    <bullet8/>
    <bullet9/>
    <bullet10/>
    <bullet11/>
    <bullet12/>
    <bullet13/>
    <bullet14/>
    <bullet15/>
    <bullet16/>
    <bullet17/>
    <bullet18/>
    <bullet19/>
    <bullet20/>
    <bullet21/>
    <bullet22/>
    <bullet23/>
    <bullet24/>
    <vendorPriceUpdateDate>2017-05-10 00:00:00</vendorPriceUpdateDate>
  </part>
  <part>
    <partNumber>10130081</partNumber>
    <punctuatedPartNumber>1013-0081</punctuatedPartNumber>
    <partStatusDescription>STANDARD</partStatusDescription>
    <partDescription>Flame Arrestor Adapter - Mikuni - 46 mm</partDescription>
    <unitOfMeasure>Each</unitOfMeasure>
    <brandName>JETINETICS</brandName>
    <supplierNumber>PD-820138</supplierNumber>
    <specialInstructions/>
    <baseDealerPrice>17.62</baseDealerPrice>
    <yourDealerPrice>17.62</yourDealerPrice>
    <baseRetailPrice>29.40</baseRetailPrice>
    <originalRetailPrice>31.95</originalRetailPrice>
    <partImage>http://asset.lemansnet.com/z/LzcvRS9CLzdFQkUyRDhDLTE2REMtNDQwQS1BOTdBLUQxQTgxODhBRDI1Nw==</partImage>
    <productId>1395726264</productId>
    <productName>Flame Arrestor Adapter</productName>
    <productImage>http://asset.lemansnet.com/z/LzIvQy9CLzJDQjFDNTVGLTFDNEUtNDkwRi1CRUM0LUY3NkNGQThENEJEOA==</productImage>
    <bullet1>Allows any 2-3/4" ID flange K&amp;N, Blowsion, Prok, etc., flame arrestors to mount to the carburetor indicated</bullet1>
    <bullet2>Mounting bolts included</bullet2>
    <bullet3/>
    <bullet4/>
    <bullet5/>
    <bullet6/>
    <bullet7/>
    <bullet8/>
    <bullet9/>
    <bullet10/>
    <bullet11/>
    <bullet12/>
    <bullet13/>
    <bullet14/>
    <bullet15/>
    <bullet16/>
    <bullet17/>
    <bullet18/>
    <bullet19/>
    <bullet20/>
    <bullet21/>
    <bullet22/>
    <bullet23/>
    <bullet24/>
    <vendorPriceUpdateDate>2017-05-10 00:00:00</vendorPriceUpdateDate>
  </part>
  <part>
    <partNumber>48500037</partNumber>
    <punctuatedPartNumber>4850-0037</punctuatedPartNumber>
    <partStatusDescription>STANDARD</partStatusDescription>
    <partDescription>Bypass Fitting - 8mm - 90° - Polished</partDescription>
    <unitOfMeasure>Each</unitOfMeasure>
    <brandName>JETINETICS</brandName>
    <supplierNumber>5020-8</supplierNumber>
    <specialInstructions>Discontinued Per Buyer</specialInstructions>
    <baseDealerPrice>13.50</baseDealerPrice>
    <yourDealerPrice>13.50</yourDealerPrice>
    <baseRetailPrice>20.25</baseRetailPrice>
    <originalRetailPrice>13.95</originalRetailPrice>
    <partImage>http://asset.lemansnet.com/z/L0YvOC85L0Y4OTQ0NEJBLTM5RDYtNDZCMC04Qzk2LThGRTlFRDg5RjNBNiwvNC9CLzQvNEI0MERFRUYtRTU0Qy00MzZCLTlDNEMtMDI3RkVBQjFDNzdC</partImage>
    <productId>0906140050</productId>
    <productName>8mm Water Bypass Fitting</productName>
    <productImage>http://asset.lemansnet.com/z/LzkvMS8xLzkxMTQ2QUUxLUEwQ0UtNDdCMi1BQUQyLTZEMEI0MTUxOENFOA==</productImage>
    <bullet1>High-quality aluminum water bypass fitting</bullet1>
    <bullet2/>
    <bullet3/>
    <bullet4/>
    <bullet5/>
    <bullet6/>
    <bullet7/>
    <bullet8/>
    <bullet9/>
    <bullet10/>
    <bullet11/>
    <bullet12/>
    <bullet13/>
    <bullet14/>
    <bullet15/>
    <bullet16/>
    <bullet17/>
    <bullet18/>
    <bullet19/>
    <bullet20/>
    <bullet21/>
    <bullet22/>
    <bullet23/>
    <bullet24/>
    <vendorPriceUpdateDate>2017-05-10 00:00:00</vendorPriceUpdateDate>
  </part>
  <part>
    <partNumber>48500041</partNumber>
    <punctuatedPartNumber>4850-0041</punctuatedPartNumber>
    <partStatusDescription>STANDARD</partStatusDescription>
    <partDescription>Fitting Bypass - 1/2" - 90° - Polished</partDescription>
    <unitOfMeasure>Each</unitOfMeasure>
    <brandName>JETINETICS</brandName>
    <supplierNumber>5085</supplierNumber>
    <specialInstructions>Discontinued Per Buyer</specialInstructions>
    <baseDealerPrice>16.50</baseDealerPrice>
    <yourDealerPrice>16.50</yourDealerPrice>
    <baseRetailPrice>24.75</baseRetailPrice>
    <originalRetailPrice>17.95</originalRetailPrice>
    <partImage>http://asset.lemansnet.com/z/L0UvNC82L0U0NjNFRjgwLTFDM0ItNDIwQS04NzNFLTVENTA2MjYwRjczMw==</partImage>
    <productId>0061807584</productId>
    <productName>1/2" Water Bypass Fitting</productName>
    <productImage>http://asset.lemansnet.com/z/L0UvNC82L0U0NjNFRjgwLTFDM0ItNDIwQS04NzNFLTVENTA2MjYwRjczMw==</productImage>
    <bullet1>High-quality aluminum water bypass fitting</bullet1>
    <bullet2/>
    <bullet3/>
    <bullet4/>
    <bullet5/>
    <bullet6/>
    <bullet7/>
    <bullet8/>
    <bullet9/>
    <bullet10/>
    <bullet11/>
    <bullet12/>
    <bullet13/>
    <bullet14/>
    <bullet15/>
    <bullet16/>
    <bullet17/>
    <bullet18/>
    <bullet19/>
    <bullet20/>
    <bullet21/>
    <bullet22/>
    <bullet23/>
    <bullet24/>
    <vendorPriceUpdateDate>2017-05-10 00:00:00</vendorPriceUpdateDate>
  </part>
  <part>
    <partNumber>48500048</partNumber>
    <punctuatedPartNumber>4850-0048</punctuatedPartNumber>
    <partStatusDescription>STANDARD</partStatusDescription>
    <partDescription>Bilge Fitting - 1100 GPH - Straight</partDescription>
    <unitOfMeasure>Each</unitOfMeasure>
    <brandName>JETINETICS</brandName>
    <supplierNumber>5048</supplierNumber>
    <specialInstructions/>
    <baseDealerPrice>16.50</baseDealerPrice>
    <yourDealerPrice>16.50</yourDealerPrice>
    <baseRetailPrice>24.75</baseRetailPrice>
    <originalRetailPrice>17.95</originalRetailPrice>
    <partImage>http://asset.lemansnet.com/z/LzEvQy80LzFDNDFBREY0LTgwN0ItNDQ3OS04NjgyLTE5NDNCMDRCMUVFNw==</partImage>
    <productId>1062588678</productId>
    <productName>1100 GPH Bilge Fitting</productName>
    <productImage>http://asset.lemansnet.com/z/LzEvQy80LzFDNDFBREY0LTgwN0ItNDQ3OS04NjgyLTE5NDNCMDRCMUVFNw==</productImage>
    <bullet1>High-quality CNC-machined billet aluminum bilge fitting</bullet1>
    <bullet2>For 1100 GPH bilge pump systems.</bullet2>
    <bullet3/>
    <bullet4/>
    <bullet5/>
    <bullet6/>
    <bullet7/>
    <bullet8/>
    <bullet9/>
    <bullet10/>
    <bullet11/>
    <bullet12/>
    <bullet13/>
    <bullet14/>
    <bullet15/>
    <bullet16/>
    <bullet17/>
    <bullet18/>
    <bullet19/>
    <bullet20/>
    <bullet21/>
    <bullet22/>
    <bullet23/>
    <bullet24/>
    <vendorPriceUpdateDate>2017-05-10 00:00:00</vendorPriceUpdateDate>
  </part>
</root>
