<root>
  <part>
    <partNumber>PET10</partNumber>
    <punctuatedPartNumber>PET-10</punctuatedPartNumber>
    <partStatusDescription>STANDARD</partStatusDescription>
    <partDescription>Chain Life Lubricant - 17 oz. net wt. - Aerosol</partDescription>
    <unitOfMeasure>Each</unitOfMeasure>
    <brandName>PROTECT ALL</brandName>
    <supplierNumber>35017PA</supplierNumber>
    <specialInstructions/>
    <baseDealerPrice>11.05</baseDealerPrice>
    <yourDealerPrice>11.05</yourDealerPrice>
    <baseRetailPrice>17.25</baseRetailPrice>
    <originalRetailPrice>17.25</originalRetailPrice>
    <partImage>http://asset.lemansnet.com/z/LzYvNS8yLzY1Mjk2OTM3LTZFMTAtNDA2Qi1CMjFDLTNERDcyQUUwNzk1Qw==</partImage>
    <productId>0923482138</productId>
    <productName>Chain Life Lubricant</productName>
    <productImage>http://asset.lemansnet.com/z/LzEvMi9FLzEyRTA1MDgzLUU5MTctNDQ5Qi04MjExLTlGMjE3NDBCQjk1Rg==</productImage>
    <bullet1>Clings to chain as it lubricates, penetrates and silences</bullet1>
    <bullet2>Repels excess accumulation of dirt, sand, mud and grass</bullet2>
    <bullet3>Foaming formulation eliminates overspray and waste</bullet3>
    <bullet4>Available in 17-ounce aerosol cans, 12 per case</bullet4>
    <bullet5>Made in the U.S.A.</bullet5>
    <bullet6/>
    <bullet7/>
    <bullet8/>
    <bullet9/>
    <bullet10/>
    <bullet11/>
    <bullet12/>
    <bullet13/>
    <bullet14/>
    <bullet15/>
    <bullet16/>
    <bullet17/>
    <bullet18/>
    <bullet19/>
    <bullet20/>
    <bullet21/>
    <bullet22/>
    <bullet23/>
    <bullet24/>
    <vendorPriceUpdateDate>2020-11-23 00:00:00</vendorPriceUpdateDate>
  </part>
  <part>
    <partNumber>62006</partNumber>
    <punctuatedPartNumber>62006</punctuatedPartNumber>
    <partStatusDescription>STANDARD</partStatusDescription>
    <partDescription>Cleaner &amp; Polish - 6 oz. net wt. - Aerosol</partDescription>
    <unitOfMeasure>Each</unitOfMeasure>
    <brandName>PROTECT ALL</brandName>
    <supplierNumber>62006</supplierNumber>
    <specialInstructions/>
    <baseDealerPrice>5.10</baseDealerPrice>
    <yourDealerPrice>5.10</yourDealerPrice>
    <baseRetailPrice>7.75</baseRetailPrice>
    <originalRetailPrice>7.75</originalRetailPrice>
    <partImage>http://asset.lemansnet.com/z/LzIvMC8yLzIwMkMwOTRCLTYxRkQtNDQ0QS04OEI5LURDRUVCODZGQTA5Qg==</partImage>
    <productId>2085160644</productId>
    <productName>Cleaner and Polish</productName>
    <productImage>http://asset.lemansnet.com/z/LzIvMC8yLzIwMkMwOTRCLTYxRkQtNDQ0QS04OEI5LURDRUVCODZGQTA5Qg==</productImage>
    <bullet1>The quick way to clean and polish any vinyl, rubber, painted, fiberglass or chrome surface</bullet1>
    <bullet2>Cleaner is detergent-resistant and protects against sun, ozone and smog</bullet2>
    <bullet3>Made in the U.S.A.</bullet3>
    <bullet4/>
    <bullet5/>
    <bullet6/>
    <bullet7/>
    <bullet8/>
    <bullet9/>
    <bullet10/>
    <bullet11/>
    <bullet12/>
    <bullet13/>
    <bullet14/>
    <bullet15/>
    <bullet16/>
    <bullet17/>
    <bullet18/>
    <bullet19/>
    <bullet20/>
    <bullet21/>
    <bullet22/>
    <bullet23/>
    <bullet24/>
    <vendorPriceUpdateDate>2020-11-23 00:00:00</vendorPriceUpdateDate>
  </part>
  <part>
    <partNumber>PET019</partNumber>
    <punctuatedPartNumber>PET-019</punctuatedPartNumber>
    <partStatusDescription>STANDARD</partStatusDescription>
    <partDescription>Cleaner &amp; Polish - 13.5 oz. net wt. - Aerosol</partDescription>
    <unitOfMeasure>Each</unitOfMeasure>
    <brandName>PROTECT ALL</brandName>
    <supplierNumber>62015</supplierNumber>
    <specialInstructions/>
    <baseDealerPrice>8.20</baseDealerPrice>
    <yourDealerPrice>8.20</yourDealerPrice>
    <baseRetailPrice>12.75</baseRetailPrice>
    <originalRetailPrice>12.75</originalRetailPrice>
    <partImage>http://asset.lemansnet.com/z/L0EvQy9FL0FDRUFFNzZFLTc2NUQtNEM5My04NUNELUE4QTAyNDBFOTBBNA==</partImage>
    <productId>2085160644</productId>
    <productName>Cleaner and Polish</productName>
    <productImage>http://asset.lemansnet.com/z/LzIvMC8yLzIwMkMwOTRCLTYxRkQtNDQ0QS04OEI5LURDRUVCODZGQTA5Qg==</productImage>
    <bullet1>The quick way to clean and polish any vinyl, rubber, painted, fiberglass or chrome surface</bullet1>
    <bullet2>Cleaner is detergent-resistant and protects against sun, ozone and smog</bullet2>
    <bullet3>Made in the U.S.A.</bullet3>
    <bullet4/>
    <bullet5/>
    <bullet6/>
    <bullet7/>
    <bullet8/>
    <bullet9/>
    <bullet10/>
    <bullet11/>
    <bullet12/>
    <bullet13/>
    <bullet14/>
    <bullet15/>
    <bullet16/>
    <bullet17/>
    <bullet18/>
    <bullet19/>
    <bullet20/>
    <bullet21/>
    <bullet22/>
    <bullet23/>
    <bullet24/>
    <vendorPriceUpdateDate>2020-11-23 00:00:00</vendorPriceUpdateDate>
  </part>
  <part>
    <partNumber>PET014</partNumber>
    <punctuatedPartNumber>PET-014</punctuatedPartNumber>
    <partStatusDescription>STANDARD</partStatusDescription>
    <partDescription>Cable Life Kit - 6.25 oz. net wt. - Aerosol</partDescription>
    <unitOfMeasure>Kit</unitOfMeasure>
    <brandName>PROTECT ALL</brandName>
    <supplierNumber>20006</supplierNumber>
    <specialInstructions/>
    <baseDealerPrice>13.10</baseDealerPrice>
    <yourDealerPrice>13.10</yourDealerPrice>
    <baseRetailPrice>20.25</baseRetailPrice>
    <originalRetailPrice>20.25</originalRetailPrice>
    <partImage>http://asset.lemansnet.com/z/L0MvNC8zL0M0M0JFNzAyLUI4NzEtNDlGMC05Mjg2LTkwOUUzMEI3NzdFNQ==</partImage>
    <productId>1820097750</productId>
    <productName>Cable Life and Cable Care Kit</productName>
    <productImage>http://asset.lemansnet.com/z/L0MvNC8zL0M0M0JFNzAyLUI4NzEtNDlGMC05Mjg2LTkwOUUzMEI3NzdFNQ==</productImage>
    <bullet1>Cable Life Minus 70° is a general purpose and cable lubricant</bullet1>
    <bullet2>Also for carbs, ignition locks and steering mechanisms</bullet2>
    <bullet3>Lubricates and rustproofs with a non-drying film</bullet3>
    <bullet4>Kit includes: one 6.25-ounce aerosol can of Cable Life lubricant, and one special fitting for lubricating cables</bullet4>
    <bullet5>Cable luber tool lets you inject lube directly into cables while they're still in place</bullet5>
    <bullet6/>
    <bullet7/>
    <bullet8/>
    <bullet9/>
    <bullet10/>
    <bullet11/>
    <bullet12/>
    <bullet13/>
    <bullet14/>
    <bullet15/>
    <bullet16/>
    <bullet17/>
    <bullet18/>
    <bullet19/>
    <bullet20/>
    <bullet21/>
    <bullet22/>
    <bullet23/>
    <bullet24/>
    <vendorPriceUpdateDate>2023-04-22 00:00:00</vendorPriceUpdateDate>
  </part>
  <part>
    <partNumber>PET015</partNumber>
    <punctuatedPartNumber>PET-015</punctuatedPartNumber>
    <partStatusDescription>STANDARD</partStatusDescription>
    <partDescription>Cable Life Lubricant - 6.25 oz. net wt. - Aerosol</partDescription>
    <unitOfMeasure>Each</unitOfMeasure>
    <brandName>PROTECT ALL</brandName>
    <supplierNumber>25006</supplierNumber>
    <specialInstructions/>
    <baseDealerPrice>4.10</baseDealerPrice>
    <yourDealerPrice>4.10</yourDealerPrice>
    <baseRetailPrice>6.25</baseRetailPrice>
    <originalRetailPrice>6.25</originalRetailPrice>
    <partImage>http://asset.lemansnet.com/z/LzYvMS9GLzYxRjE4MkExLTMyNUQtNEFCNi1BRTBELUMwMTExNkQ1M0NGRg==</partImage>
    <productId>0572933764</productId>
    <productName>Cable Life Lubricant</productName>
    <productImage>http://asset.lemansnet.com/z/LzYvMS9GLzYxRjE4MkExLTMyNUQtNEFCNi1BRTBELUMwMTExNkQ1M0NGRg==</productImage>
    <bullet1>Cable Life Minus 70° lubricant is specially formulated to stay fluid to -70°F</bullet1>
    <bullet2>Ideal for lubricating cables on motorcycles, PWCs, snowmobiles and other vehicles</bullet2>
    <bullet3>Lubricates and rustproofs all moving parts and is included in Cable Care Kit</bullet3>
    <bullet4>Available in 6.25-ounce aerosol cans, 24 per case</bullet4>
    <bullet5/>
    <bullet6/>
    <bullet7/>
    <bullet8/>
    <bullet9/>
    <bullet10/>
    <bullet11/>
    <bullet12/>
    <bullet13/>
    <bullet14/>
    <bullet15/>
    <bullet16/>
    <bullet17/>
    <bullet18/>
    <bullet19/>
    <bullet20/>
    <bullet21/>
    <bullet22/>
    <bullet23/>
    <bullet24/>
    <vendorPriceUpdateDate>2020-11-23 00:00:00</vendorPriceUpdateDate>
  </part>
</root>
