<root>
  <part>
    <partNumber>1075</partNumber>
    <punctuatedPartNumber>1075</punctuatedPartNumber>
    <partStatusDescription>STANDARD</partStatusDescription>
    <partDescription>Plug Kit - Tire</partDescription>
    <unitOfMeasure>Kit</unitOfMeasure>
    <brandName>STOP &amp; GO INTERNATIONAL</brandName>
    <supplierNumber>1075</supplierNumber>
    <specialInstructions/>
    <baseDealerPrice>40.07</baseDealerPrice>
    <yourDealerPrice>40.07</yourDealerPrice>
    <baseRetailPrice>57.95</baseRetailPrice>
    <originalRetailPrice>57.95</originalRetailPrice>
    <partImage>http://asset.lemansnet.com/z/LzkvNS8zLzk1MzRCRjdCLTE1MzgtNEM2Ni05NDhBLUZGMTY3QkNBODhFQw==</partImage>
    <productId>1283959102</productId>
    <productName>Tubeless Tire Plugger Kit</productName>
    <productImage>http://asset.lemansnet.com/z/LzkvNS8zLzk1MzRCRjdCLTE1MzgtNEM2Ni05NDhBLUZGMTY3QkNBODhFQw==</productImage>
    <bullet1>Gun inserts a natural rubber plug into the puncture area that expands under pressure to seal the hole</bullet1>
    <bullet2>Mushroom-shaped head seats on the inner wall</bullet2>
    <bullet3>On-the-wheel repair for all tubeless tires</bullet3>
    <bullet4>Kit includes:</bullet4>
    <bullet5>Plug gun</bullet5>
    <bullet6>Nozzle</bullet6>
    <bullet7>Probe tool</bullet7>
    <bullet8>Retractable razor knife</bullet8>
    <bullet9>Reaming tool</bullet9>
    <bullet10>25 - mushroom plugs</bullet10>
    <bullet11>Instructions</bullet11>
    <bullet12>9" x 6" zippered pouch</bullet12>
    <bullet13/>
    <bullet14/>
    <bullet15/>
    <bullet16/>
    <bullet17/>
    <bullet18/>
    <bullet19/>
    <bullet20/>
    <bullet21/>
    <bullet22/>
    <bullet23/>
    <bullet24/>
    <vendorPriceUpdateDate>2023-04-22 00:00:00</vendorPriceUpdateDate>
  </part>
  <part>
    <partNumber>03630003</partNumber>
    <punctuatedPartNumber>0363-0003</punctuatedPartNumber>
    <partStatusDescription>STANDARD</partStatusDescription>
    <partDescription>Tire Plugger with CO² Cartridges - Pocket - Kit</partDescription>
    <unitOfMeasure>Kit</unitOfMeasure>
    <brandName>STOP &amp; GO INTERNATIONAL</brandName>
    <supplierNumber>1001</supplierNumber>
    <specialInstructions/>
    <baseDealerPrice>42.77</baseDealerPrice>
    <yourDealerPrice>42.77</yourDealerPrice>
    <baseRetailPrice>59.95</baseRetailPrice>
    <originalRetailPrice>59.95</originalRetailPrice>
    <partImage>http://asset.lemansnet.com/z/LzAvMC9ELzAwRDkwRjUxLTI5NUUtNDE2Mi1CMDA3LTQ3RUEwMDIwRjNGMw==</partImage>
    <productId>0726777595</productId>
    <productName>Pocket Tire Plugger with CO² Kit</productName>
    <productImage>http://asset.lemansnet.com/z/LzAvMC9ELzAwRDkwRjUxLTI5NUUtNDE2Mi1CMDA3LTQ3RUEwMDIwRjNGMw==</productImage>
    <bullet1>Plugging device drives the plug into the hole with a twist of the Allen wrench, plug then expands under pressure to fill the punctured area, a firm pull on the stem seats the mushroom head on the inner wall allowing no air to escape</bullet1>
    <bullet2>Revolutionary device easily installs mushroom-shaped rubber plugs into all tubeless tires on the wheel</bullet2>
    <bullet3>Kit includes:</bullet3>
    <bullet4>Plugging device</bullet4>
    <bullet5>Nozzle adapter</bullet5>
    <bullet6>Rasp tool</bullet6>
    <bullet7>Probe tool</bullet7>
    <bullet8>Retractable razor blade</bullet8>
    <bullet9>Allen wrench</bullet9>
    <bullet10>15 - mushroom plugs (5/16" diameter x 3/4" long stem)</bullet10>
    <bullet11>Laminated instructions</bullet11>
    <bullet12>4 - 16 g canisters of CO² gas</bullet12>
    <bullet13>4" flexible adapter with solid brass fittings for the most effective repair possible without dismounting your tubeless tire</bullet13>
    <bullet14>5" x 7-1/2" x 1" zippered pouch</bullet14>
    <bullet15>CO² cartridges cannot be transported on an aircraft.</bullet15>
    <bullet16/>
    <bullet17/>
    <bullet18/>
    <bullet19/>
    <bullet20/>
    <bullet21/>
    <bullet22/>
    <bullet23/>
    <bullet24/>
    <vendorPriceUpdateDate>2023-04-22 00:00:00</vendorPriceUpdateDate>
  </part>
  <part>
    <partNumber>03630004</partNumber>
    <punctuatedPartNumber>0363-0004</punctuatedPartNumber>
    <partStatusDescription>STANDARD</partStatusDescription>
    <partDescription>Tire Repair Kit - ATV</partDescription>
    <unitOfMeasure>Kit</unitOfMeasure>
    <brandName>STOP &amp; GO INTERNATIONAL</brandName>
    <supplierNumber>8065</supplierNumber>
    <specialInstructions/>
    <baseDealerPrice>19.84</baseDealerPrice>
    <yourDealerPrice>19.84</yourDealerPrice>
    <baseRetailPrice>28.95</baseRetailPrice>
    <originalRetailPrice>28.95</originalRetailPrice>
    <partImage>http://asset.lemansnet.com/z/L0YvMS9GL0YxRkUwQzE3LTRBNUItNDQ3My04MzNCLTYwQUVGOEI3QjFBMw==</partImage>
    <productId>1562556414</productId>
    <productName>ATV Tubeless Tire Repair Kit</productName>
    <productImage>http://asset.lemansnet.com/z/L0YvMS9GL0YxRkUwQzE3LTRBNUItNDQ3My04MzNCLTYwQUVGOEI3QjFBMw==</productImage>
    <bullet1>Kit contains everything to make a speedy repair of tubeless ATV tires while still on the rim: split-eye tool, five plugs, CO² canisters, rubber cement and adapter, all in a handy zippered pouch</bullet1>
    <bullet2>Each CO² canister provides 8-9 lb. of inflation at 850 psi; that means each of these canisters will fully inflate an ATV, golf cart, rider mower or utility vehicle tire</bullet2>
    <bullet3>Simply push the repair plug straight into the puncture and pull the tool straight out; plug material is extremely pliable so trimming is an option</bullet3>
    <bullet4>CO² cartridges cannot be transported on an aircraft</bullet4>
    <bullet5/>
    <bullet6/>
    <bullet7/>
    <bullet8/>
    <bullet9/>
    <bullet10/>
    <bullet11/>
    <bullet12/>
    <bullet13/>
    <bullet14/>
    <bullet15/>
    <bullet16/>
    <bullet17/>
    <bullet18/>
    <bullet19/>
    <bullet20/>
    <bullet21/>
    <bullet22/>
    <bullet23/>
    <bullet24/>
    <vendorPriceUpdateDate>2023-04-22 00:00:00</vendorPriceUpdateDate>
  </part>
  <part>
    <partNumber>03630040</partNumber>
    <punctuatedPartNumber>0363-0040</punctuatedPartNumber>
    <partStatusDescription>STANDARD</partStatusDescription>
    <partDescription>Air Compressor - Mini</partDescription>
    <unitOfMeasure>Each</unitOfMeasure>
    <brandName>STOP &amp; GO INTERNATIONAL</brandName>
    <supplierNumber>RCP</supplierNumber>
    <specialInstructions/>
    <baseDealerPrice>30.63</baseDealerPrice>
    <yourDealerPrice>30.63</yourDealerPrice>
    <baseRetailPrice>44.95</baseRetailPrice>
    <originalRetailPrice>44.95</originalRetailPrice>
    <partImage>http://asset.lemansnet.com/z/LzAvMy8yLzAzMkIxNUQwLUM2QzUtNDUxNC1BQjQwLTIyQzM4MkEwRTgyRQ==</partImage>
    <productId>1276487972</productId>
    <productName>Mini Air Compressor</productName>
    <productImage>http://asset.lemansnet.com/z/LzAvMy8yLzAzMkIxNUQwLUM2QzUtNDUxNC1BQjQwLTIyQzM4MkEwRTgyRQ==</productImage>
    <bullet1>Portable 12V compressor measures only 4" x 2" x 6" and weighs just 14 oz</bullet1>
    <bullet2>Includes sports needle adapter, inflatable adapter, complete instructions and rugged zippered carry case</bullet2>
    <bullet3>12" extension alligator clips; 36" extension lighter adapter</bullet3>
    <bullet4>4" tire valve hose; 66" power cord</bullet4>
    <bullet5>Features a built-in LED light and 0-50 psi gauge</bullet5>
    <bullet6/>
    <bullet7/>
    <bullet8/>
    <bullet9/>
    <bullet10/>
    <bullet11/>
    <bullet12/>
    <bullet13/>
    <bullet14/>
    <bullet15/>
    <bullet16/>
    <bullet17/>
    <bullet18/>
    <bullet19/>
    <bullet20/>
    <bullet21/>
    <bullet22/>
    <bullet23/>
    <bullet24/>
    <vendorPriceUpdateDate>2023-04-22 00:00:00</vendorPriceUpdateDate>
  </part>
  <part>
    <partNumber>03630120</partNumber>
    <punctuatedPartNumber>0363-0120</punctuatedPartNumber>
    <partStatusDescription>STANDARD</partStatusDescription>
    <partDescription>Inflation Kit with Tire Hose - C02</partDescription>
    <unitOfMeasure>Kit</unitOfMeasure>
    <brandName>STOP &amp; GO INTERNATIONAL</brandName>
    <supplierNumber>1090A</supplierNumber>
    <specialInstructions/>
    <baseDealerPrice>20.86</baseDealerPrice>
    <yourDealerPrice>20.86</yourDealerPrice>
    <baseRetailPrice>32.95</baseRetailPrice>
    <originalRetailPrice>32.95</originalRetailPrice>
    <partImage>http://asset.lemansnet.com/z/L0MvRC9FL0NERUI2RDZELTdEREItNDk4Qi1BN0RELTZGRDIyQ0Q5OEZBNg==</partImage>
    <productId>0300915483</productId>
    <productName>Stop &amp; Go C02 Inflation Kit with Hose</productName>
    <productImage>http://asset.lemansnet.com/z/L0MvRC9FL0NERUI2RDZELTdEREItNDk4Qi1BN0RELTZGRDIyQ0Q5OEZBNg==</productImage>
    <bullet1>Each of these three threaded steel canisters contains 16 grams of 100% pure high-velocity CO2 gas</bullet1>
    <bullet2>In just a few seconds 8-9 lb of inflation is discharged into the tire</bullet2>
    <bullet3>The re-usable valve adapter has solid brass fittings</bullet3>
    <bullet4/>
    <bullet5/>
    <bullet6/>
    <bullet7/>
    <bullet8/>
    <bullet9/>
    <bullet10/>
    <bullet11/>
    <bullet12/>
    <bullet13/>
    <bullet14/>
    <bullet15/>
    <bullet16/>
    <bullet17/>
    <bullet18/>
    <bullet19/>
    <bullet20/>
    <bullet21/>
    <bullet22/>
    <bullet23/>
    <bullet24/>
    <vendorPriceUpdateDate>2022-12-15 00:00:00</vendorPriceUpdateDate>
  </part>
  <part>
    <partNumber>03640039</partNumber>
    <punctuatedPartNumber>0364-0039</punctuatedPartNumber>
    <partStatusDescription>STANDARD</partStatusDescription>
    <partDescription>Repair Plugs - Replacement - Pocket Tire Pluggers - 5/16" x 1" - 25 Pack</partDescription>
    <unitOfMeasure>25 Pack</unitOfMeasure>
    <brandName>STOP &amp; GO INTERNATIONAL</brandName>
    <supplierNumber>4075</supplierNumber>
    <specialInstructions/>
    <baseDealerPrice>6.76</baseDealerPrice>
    <yourDealerPrice>6.76</yourDealerPrice>
    <baseRetailPrice>9.95</baseRetailPrice>
    <originalRetailPrice>10.00</originalRetailPrice>
    <partImage>http://asset.lemansnet.com/z/LzkvMy9GLzkzRjRBMzQ5LTZBNTUtNDExOS1CRUMzLTIyRUU0QjYxN0Q0MA==</partImage>
    <productId>1314941808</productId>
    <productName>Replacement Tire Repair Plugs</productName>
    <productImage>http://asset.lemansnet.com/z/LzkvMy9GLzkzRjRBMzQ5LTZBNTUtNDExOS1CRUMzLTIyRUU0QjYxN0Q0MA==</productImage>
    <bullet1>Replacement repair plugs for pocket tire pluggers</bullet1>
    <bullet2/>
    <bullet3/>
    <bullet4/>
    <bullet5/>
    <bullet6/>
    <bullet7/>
    <bullet8/>
    <bullet9/>
    <bullet10/>
    <bullet11/>
    <bullet12/>
    <bullet13/>
    <bullet14/>
    <bullet15/>
    <bullet16/>
    <bullet17/>
    <bullet18/>
    <bullet19/>
    <bullet20/>
    <bullet21/>
    <bullet22/>
    <bullet23/>
    <bullet24/>
    <vendorPriceUpdateDate>2023-04-22 00:00:00</vendorPriceUpdateDate>
  </part>
  <part>
    <partNumber>03640040</partNumber>
    <punctuatedPartNumber>0364-0040</punctuatedPartNumber>
    <partStatusDescription>STANDARD</partStatusDescription>
    <partDescription>Repair Plugs - Replacement - Pocket Tire Pluggers - 5/16" x 1" - 50 Pack</partDescription>
    <unitOfMeasure>50 Pack</unitOfMeasure>
    <brandName>STOP &amp; GO INTERNATIONAL</brandName>
    <supplierNumber>5075</supplierNumber>
    <specialInstructions/>
    <baseDealerPrice>12.48</baseDealerPrice>
    <yourDealerPrice>12.48</yourDealerPrice>
    <baseRetailPrice>17.95</baseRetailPrice>
    <originalRetailPrice>17.95</originalRetailPrice>
    <partImage>http://asset.lemansnet.com/z/LzkvMy9GLzkzRjRBMzQ5LTZBNTUtNDExOS1CRUMzLTIyRUU0QjYxN0Q0MA==</partImage>
    <productId>1314941808</productId>
    <productName>Replacement Tire Repair Plugs</productName>
    <productImage>http://asset.lemansnet.com/z/LzkvMy9GLzkzRjRBMzQ5LTZBNTUtNDExOS1CRUMzLTIyRUU0QjYxN0Q0MA==</productImage>
    <bullet1>Replacement repair plugs for pocket tire pluggers</bullet1>
    <bullet2/>
    <bullet3/>
    <bullet4/>
    <bullet5/>
    <bullet6/>
    <bullet7/>
    <bullet8/>
    <bullet9/>
    <bullet10/>
    <bullet11/>
    <bullet12/>
    <bullet13/>
    <bullet14/>
    <bullet15/>
    <bullet16/>
    <bullet17/>
    <bullet18/>
    <bullet19/>
    <bullet20/>
    <bullet21/>
    <bullet22/>
    <bullet23/>
    <bullet24/>
    <vendorPriceUpdateDate>2023-04-22 00:00:00</vendorPriceUpdateDate>
  </part>
  <part>
    <partNumber>03630055</partNumber>
    <punctuatedPartNumber>0363-0055</punctuatedPartNumber>
    <partStatusDescription>STANDARD</partStatusDescription>
    <partDescription>Tire Kit Puncture Pilot</partDescription>
    <unitOfMeasure>Kit</unitOfMeasure>
    <brandName>STOP &amp; GO INTERNATIONAL</brandName>
    <supplierNumber>6000</supplierNumber>
    <specialInstructions/>
    <baseDealerPrice>51.88</baseDealerPrice>
    <yourDealerPrice>51.88</yourDealerPrice>
    <baseRetailPrice>74.95</baseRetailPrice>
    <originalRetailPrice>74.95</originalRetailPrice>
    <partImage>http://asset.lemansnet.com/z/LzQvQi9BLzRCQUI1NkEyLUI2OUEtNEU5NC04RDQzLTFGM0JBNkM5ODIxMg==</partImage>
    <productId>1609388287</productId>
    <productName>Tubeless Puncture Pilot Kit</productName>
    <productImage>http://asset.lemansnet.com/z/LzQvQi9BLzRCQUI1NkEyLUI2OUEtNEU5NC04RDQzLTFGM0JBNkM5ODIxMg==</productImage>
    <bullet1>12 Volt compressor unit features built-in gauge and LED Light, 66" power cord that fits Battery Tender connectors, 12" alligator extension clips, 36" extension lighter adapter and 4" tire valve hose with sports needle and inflatable adapter</bullet1>
    <bullet2>Includes the Pocket Tire Plugger with 15 mushroom-shaped rubber plugs and the compact mini air compressor</bullet2>
    <bullet3>Kit fits into a durable zippered canvas case that measures only 7" x 4" x 3" and weighs just 1.7 lb</bullet3>
    <bullet4>Kit allows for on-the-wheel repair to tubeless tires to re-inflate it on the spot</bullet4>
    <bullet5>Mushroom plugs measure 5/16" diameter shaft x 3/4" in length and work on all tubeless tires</bullet5>
    <bullet6>Ideal for motorcycles, scooters, mowers, small tractors, golf carts and ATVs</bullet6>
    <bullet7/>
    <bullet8/>
    <bullet9/>
    <bullet10/>
    <bullet11/>
    <bullet12/>
    <bullet13/>
    <bullet14/>
    <bullet15/>
    <bullet16/>
    <bullet17/>
    <bullet18/>
    <bullet19/>
    <bullet20/>
    <bullet21/>
    <bullet22/>
    <bullet23/>
    <bullet24/>
    <vendorPriceUpdateDate>2023-04-22 00:00:00</vendorPriceUpdateDate>
  </part>
  <part>
    <partNumber>03640001</partNumber>
    <punctuatedPartNumber>0364-0001</punctuatedPartNumber>
    <partStatusDescription>STANDARD</partStatusDescription>
    <partDescription>Tire Plugger - Pocket - Kit</partDescription>
    <unitOfMeasure>Kit</unitOfMeasure>
    <brandName>STOP &amp; GO INTERNATIONAL</brandName>
    <supplierNumber>1000</supplierNumber>
    <specialInstructions/>
    <baseDealerPrice>30.54</baseDealerPrice>
    <yourDealerPrice>30.54</yourDealerPrice>
    <baseRetailPrice>43.95</baseRetailPrice>
    <originalRetailPrice>43.95</originalRetailPrice>
    <partImage>http://asset.lemansnet.com/z/LzIvMS80LzIxNEY5OERCLThDNUMtNDMwQS1BQTQwLTFGRjVFNzU3NDk3Qw==</partImage>
    <productId>2056206671</productId>
    <productName>Pocket Tire Plugger Kit</productName>
    <productImage>http://asset.lemansnet.com/z/LzIvMS80LzIxNEY5OERCLThDNUMtNDMwQS1BQTQwLTFGRjVFNzU3NDk3Qw==</productImage>
    <bullet1>Plugging device drives the plug into the hole with a twist of the Allen wrench; plug then expands under pressure to fill the punctured area; a firm pull on the stem seats the mushroom head on the inner wall allowing no air to escape</bullet1>
    <bullet2>Easily installs mushroom-shaped rubber plugs into all tubeless tires on the wheel</bullet2>
    <bullet3>For tubeless tires</bullet3>
    <bullet4>Kit includes:</bullet4>
    <bullet5>Plugging device</bullet5>
    <bullet6>Nozzle adapter</bullet6>
    <bullet7>Rasp tool</bullet7>
    <bullet8>Probe tool</bullet8>
    <bullet9>Retractable razor blade</bullet9>
    <bullet10>Allen wrench</bullet10>
    <bullet11>15 - mushroom plugs (5/16" diameter x 3/4" long stem)</bullet11>
    <bullet12>Laminated instructions</bullet12>
    <bullet13>3-1/2" x 7-1/2" x 1" zippered pouch</bullet13>
    <bullet14>Total weight only 12 oz</bullet14>
    <bullet15/>
    <bullet16/>
    <bullet17/>
    <bullet18/>
    <bullet19/>
    <bullet20/>
    <bullet21/>
    <bullet22/>
    <bullet23/>
    <bullet24/>
    <vendorPriceUpdateDate>2023-04-22 00:00:00</vendorPriceUpdateDate>
  </part>
  <part>
    <partNumber>03640032</partNumber>
    <punctuatedPartNumber>0364-0032</punctuatedPartNumber>
    <partStatusDescription>STANDARD</partStatusDescription>
    <partDescription>Repair Kit - Tire - T-Handle</partDescription>
    <unitOfMeasure>Kit</unitOfMeasure>
    <brandName>STOP &amp; GO INTERNATIONAL</brandName>
    <supplierNumber>1020</supplierNumber>
    <specialInstructions/>
    <baseDealerPrice>15.27</baseDealerPrice>
    <yourDealerPrice>15.27</yourDealerPrice>
    <baseRetailPrice>21.95</baseRetailPrice>
    <originalRetailPrice>21.95</originalRetailPrice>
    <partImage>http://asset.lemansnet.com/z/LzUvQi8wLzVCMEQ2MEZFLTZEMkMtNEJFMS05OUIzLUQzODU2REUyRjkwNQ==</partImage>
    <productId>1903063415</productId>
    <productName>Tubeless T-Handle Tire Repair Kit</productName>
    <productImage>http://asset.lemansnet.com/z/LzUvQi8wLzVCMEQ2MEZFLTZEMkMtNEJFMS05OUIzLUQzODU2REUyRjkwNQ==</productImage>
    <bullet1>Sometimes tubeless tires can sustain damage that is beyond the ability of a mushroom plug</bullet1>
    <bullet2>A tear from jagged items can require the use of what is known as a string or rope plug</bullet2>
    <bullet3>Kit measures 5" x 2" x 6" and weighs only 11 oz.</bullet3>
    <bullet4>Kit includes:</bullet4>
    <bullet5>20 - Brown rubber reinforced inserts (each 4" long)</bullet5>
    <bullet6>Sturdy T-handle reamer</bullet6>
    <bullet7>Sturdy T-handle insertion tool</bullet7>
    <bullet8>Tube of rubber cement</bullet8>
    <bullet9>Retractable razor blade</bullet9>
    <bullet10>Repair instructions</bullet10>
    <bullet11>Durable zippered canvas bag</bullet11>
    <bullet12/>
    <bullet13/>
    <bullet14/>
    <bullet15/>
    <bullet16/>
    <bullet17/>
    <bullet18/>
    <bullet19/>
    <bullet20/>
    <bullet21/>
    <bullet22/>
    <bullet23/>
    <bullet24/>
    <vendorPriceUpdateDate>2023-04-22 00:00:00</vendorPriceUpdateDate>
  </part>
  <part>
    <partNumber>03640036</partNumber>
    <punctuatedPartNumber>0364-0036</punctuatedPartNumber>
    <partStatusDescription>STANDARD</partStatusDescription>
    <partDescription>Tire Plugger - Deluxe - Kit</partDescription>
    <unitOfMeasure>Kit</unitOfMeasure>
    <brandName>STOP &amp; GO INTERNATIONAL</brandName>
    <supplierNumber>1085</supplierNumber>
    <specialInstructions/>
    <baseDealerPrice>41.60</baseDealerPrice>
    <yourDealerPrice>41.60</yourDealerPrice>
    <baseRetailPrice>59.95</baseRetailPrice>
    <originalRetailPrice>59.95</originalRetailPrice>
    <partImage>http://asset.lemansnet.com/z/LzQvNi81LzQ2NUVDQ0JCLUU0MzUtNDUyRC1BMkM1LTZEODZBNDUyOUI2MCwvOS80LzkvOTQ5MzBFNkItODE5Ni00MjZDLTgwNjItODcxRTg5RjFFMzc3</partImage>
    <productId>1789520206</productId>
    <productName>Deluxe Model Tubeless Tire Plugger Kit</productName>
    <productImage>http://asset.lemansnet.com/z/LzQvNi81LzQ2NUVDQ0JCLUU0MzUtNDUyRC1BMkM1LTZEODZBNDUyOUI2MA==</productImage>
    <bullet1>Gun inserts a natural rubber plug into the puncture area that expands under pressure to seal the hole</bullet1>
    <bullet2>Mushroom-shaped head seats on the inner wall</bullet2>
    <bullet3>On or off the wheel repair for all tubeless tires</bullet3>
    <bullet4>Kit includes:</bullet4>
    <bullet5>Plug gun</bullet5>
    <bullet6>Nozzle and probe tool</bullet6>
    <bullet7>Retractable razor knife</bullet7>
    <bullet8>Sturdy T-handle reaming tool</bullet8>
    <bullet9>25 mushroom plugs</bullet9>
    <bullet10>Instructions</bullet10>
    <bullet11>Comes in a new durable, impact-resistant carrying case with molded foam interior, handle and lock hole to keep it secure; hard-sided case measures 8.5" x 8.5" x 3" x 1" and weighs 2 lb. 3 oz</bullet11>
    <bullet12/>
    <bullet13/>
    <bullet14/>
    <bullet15/>
    <bullet16/>
    <bullet17/>
    <bullet18/>
    <bullet19/>
    <bullet20/>
    <bullet21/>
    <bullet22/>
    <bullet23/>
    <bullet24/>
    <vendorPriceUpdateDate>2023-04-22 00:00:00</vendorPriceUpdateDate>
  </part>
  <part>
    <partNumber>03640037</partNumber>
    <punctuatedPartNumber>0364-0037</punctuatedPartNumber>
    <partStatusDescription>STANDARD</partStatusDescription>
    <partDescription>Repair Kit - Tire</partDescription>
    <unitOfMeasure>Kit</unitOfMeasure>
    <brandName>STOP &amp; GO INTERNATIONAL</brandName>
    <supplierNumber>76002</supplierNumber>
    <specialInstructions/>
    <baseDealerPrice>7.05</baseDealerPrice>
    <yourDealerPrice>7.05</yourDealerPrice>
    <baseRetailPrice>10.95</baseRetailPrice>
    <originalRetailPrice>10.95</originalRetailPrice>
    <partImage>http://asset.lemansnet.com/z/L0YvRC9BL0ZEQTg4OTg4LTBBRkUtNEZDMy1CM0RCLUVEQTlFREY2NDE2MCwvQi8zLzUvQjM1RTA4NUEtMjkxQi00OUVFLUE3RkItRUNCQ0I5ODQwRDE4</partImage>
    <productId>1311650030</productId>
    <productName>Tubeless Tire Repair Kit</productName>
    <productImage>http://asset.lemansnet.com/z/L0YvRC9BL0ZEQTg4OTg4LTBBRkUtNEZDMy1CM0RCLUVEQTlFREY2NDE2MA==</productImage>
    <bullet1>Features split right in the center unlike other needle type tools that have the release opening on the side</bullet1>
    <bullet2>Simply push tool directly into puncture and pull straight out; no bending, twisting, or looping necessary</bullet2>
    <bullet3>A twist of the rasp tool inserted into the needle eye releases the plug</bullet3>
    <bullet4>For use on all tubeless tires</bullet4>
    <bullet5>Kit includes:</bullet5>
    <bullet6>5 - Reinforced rubber insert strips</bullet6>
    <bullet7>Rasp tool</bullet7>
    <bullet8>Split-eye insertion tool</bullet8>
    <bullet9>1 - 0.41 fl oz tube of rubber cement</bullet9>
    <bullet10/>
    <bullet11/>
    <bullet12/>
    <bullet13/>
    <bullet14/>
    <bullet15/>
    <bullet16/>
    <bullet17/>
    <bullet18/>
    <bullet19/>
    <bullet20/>
    <bullet21/>
    <bullet22/>
    <bullet23/>
    <bullet24/>
    <vendorPriceUpdateDate>2023-04-22 00:00:00</vendorPriceUpdateDate>
  </part>
  <part>
    <partNumber>03640038</partNumber>
    <punctuatedPartNumber>0364-0038</punctuatedPartNumber>
    <partStatusDescription>STANDARD</partStatusDescription>
    <partDescription>Repair Plugs - Replacement - Pocket Tire Pluggers - 5/16" x 3/4" - 25 Pack</partDescription>
    <unitOfMeasure>25 Pack</unitOfMeasure>
    <brandName>STOP &amp; GO INTERNATIONAL</brandName>
    <supplierNumber>2075</supplierNumber>
    <specialInstructions/>
    <baseDealerPrice>6.00</baseDealerPrice>
    <yourDealerPrice>6.00</yourDealerPrice>
    <baseRetailPrice>8.95</baseRetailPrice>
    <originalRetailPrice>8.95</originalRetailPrice>
    <partImage>http://asset.lemansnet.com/z/LzcvOS80Lzc5NDc3RUE5LTIxQTgtNDlCMC1BMENDLUNDRTI0MjFCRThCOA==</partImage>
    <productId>1314941808</productId>
    <productName>Replacement Tire Repair Plugs</productName>
    <productImage>http://asset.lemansnet.com/z/LzkvMy9GLzkzRjRBMzQ5LTZBNTUtNDExOS1CRUMzLTIyRUU0QjYxN0Q0MA==</productImage>
    <bullet1>Replacement repair plugs for pocket tire pluggers</bullet1>
    <bullet2/>
    <bullet3/>
    <bullet4/>
    <bullet5/>
    <bullet6/>
    <bullet7/>
    <bullet8/>
    <bullet9/>
    <bullet10/>
    <bullet11/>
    <bullet12/>
    <bullet13/>
    <bullet14/>
    <bullet15/>
    <bullet16/>
    <bullet17/>
    <bullet18/>
    <bullet19/>
    <bullet20/>
    <bullet21/>
    <bullet22/>
    <bullet23/>
    <bullet24/>
    <vendorPriceUpdateDate>2023-04-22 00:00:00</vendorPriceUpdateDate>
  </part>
  <part>
    <partNumber>SG1066</partNumber>
    <punctuatedPartNumber>SG1066</punctuatedPartNumber>
    <partStatusDescription>STANDARD</partStatusDescription>
    <partDescription>Repair Kit - Tire/CO² Cartridge</partDescription>
    <unitOfMeasure>Kit</unitOfMeasure>
    <brandName>STOP &amp; GO INTERNATIONAL</brandName>
    <supplierNumber>1066</supplierNumber>
    <specialInstructions/>
    <baseDealerPrice>30.54</baseDealerPrice>
    <yourDealerPrice>30.54</yourDealerPrice>
    <baseRetailPrice>42.95</baseRetailPrice>
    <originalRetailPrice>42.95</originalRetailPrice>
    <partImage>http://asset.lemansnet.com/z/LzYvMC85LzYwOUQ1OUYyLUVGODQtNDQ2NS1BNjA5LTc5NzExMDAyNjczQg==</partImage>
    <productId>2033225552</productId>
    <productName>CO² Tire Repair Kit</productName>
    <productImage>http://asset.lemansnet.com/z/LzYvMC85LzYwOUQ1OUYyLUVGODQtNDQ2NS1BNjA5LTc5NzExMDAyNjczQg==</productImage>
    <bullet1>Immediate trail or roadside repair and reinflation of a punctured tire</bullet1>
    <bullet2>Kit includes:</bullet2>
    <bullet3>3 - 1-1/4" round patches</bullet3>
    <bullet4>2 - 2" round patches</bullet4>
    <bullet5>1 - 1-5/8" x 3" oblong patch</bullet5>
    <bullet6>5 - 4-1/2" reinforced string plugs</bullet6>
    <bullet7>4 - CO² canisters and adapter for immediate inflation</bullet7>
    <bullet8>Rubber cement</bullet8>
    <bullet9>Repair tools</bullet9>
    <bullet10>Valve cap</bullet10>
    <bullet11>Replacement core</bullet11>
    <bullet12>Hand cleaner and towel</bullet12>
    <bullet13>Zippered pouch</bullet13>
    <bullet14>CO² cartridges cannot be transported on an aircraft.</bullet14>
    <bullet15/>
    <bullet16/>
    <bullet17/>
    <bullet18/>
    <bullet19/>
    <bullet20/>
    <bullet21/>
    <bullet22/>
    <bullet23/>
    <bullet24/>
    <vendorPriceUpdateDate>2023-04-22 00:00:00</vendorPriceUpdateDate>
  </part>
  <part>
    <partNumber>03640034</partNumber>
    <punctuatedPartNumber>0364-0034</punctuatedPartNumber>
    <partStatusDescription>STANDARD</partStatusDescription>
    <partDescription>Repair Kit - Scooter/Tire</partDescription>
    <unitOfMeasure>Kit</unitOfMeasure>
    <brandName>STOP &amp; GO INTERNATIONAL</brandName>
    <supplierNumber>TTRK1</supplierNumber>
    <specialInstructions/>
    <baseDealerPrice>19.95</baseDealerPrice>
    <yourDealerPrice>19.95</yourDealerPrice>
    <baseRetailPrice>29.95</baseRetailPrice>
    <originalRetailPrice>29.95</originalRetailPrice>
    <partImage>http://asset.lemansnet.com/z/LzkvRS9FLzlFRUVGRjUzLUIyNTUtNEQ0RC1CRjdELTQ4N0Y4ODYwQ0RGOQ==</partImage>
    <productId>0032520151</productId>
    <productName>Scooter Tube Type Tire Repair and Inflation Kit</productName>
    <productImage>http://asset.lemansnet.com/z/LzkvRS9FLzlFRUVGRjUzLUIyNTUtNEQ0RC1CRjdELTQ4N0Y4ODYwQ0RGOQ==</productImage>
    <bullet1>Once the repair is complete, it takes only a few of the 16-gram CO² canisters to fully re-inflate the tire</bullet1>
    <bullet2>Kit includes:</bullet2>
    <bullet3>6 - Rubber patches</bullet3>
    <bullet4>Tube of rubber cement</bullet4>
    <bullet5>Thumb buffer to repair and secure patch to the tire</bullet5>
    <bullet6>4 - CO² canisters to fully re-inflate the tire</bullet6>
    <bullet7>Waterless hand cleaner and paper towelette for quick hand cleaning</bullet7>
    <bullet8>CO² cartridges cannot be transported on an aircraft.</bullet8>
    <bullet9/>
    <bullet10/>
    <bullet11/>
    <bullet12/>
    <bullet13/>
    <bullet14/>
    <bullet15/>
    <bullet16/>
    <bullet17/>
    <bullet18/>
    <bullet19/>
    <bullet20/>
    <bullet21/>
    <bullet22/>
    <bullet23/>
    <bullet24/>
    <vendorPriceUpdateDate>2023-04-22 00:00:00</vendorPriceUpdateDate>
  </part>
  <part>
    <partNumber>3075</partNumber>
    <punctuatedPartNumber>3075</punctuatedPartNumber>
    <partStatusDescription>STANDARD</partStatusDescription>
    <partDescription>Repair Plugs - Replacement - Pocket Tire Pluggers - 5/16" x 3/4" - 50 Pack</partDescription>
    <unitOfMeasure>50 Pack</unitOfMeasure>
    <brandName>STOP &amp; GO INTERNATIONAL</brandName>
    <supplierNumber>3075</supplierNumber>
    <specialInstructions/>
    <baseDealerPrice>11.45</baseDealerPrice>
    <yourDealerPrice>11.45</yourDealerPrice>
    <baseRetailPrice>16.95</baseRetailPrice>
    <originalRetailPrice>16.95</originalRetailPrice>
    <partImage>http://asset.lemansnet.com/z/LzgvRC81LzhENUJFRjM5LUMyREItNDA0MC1CMDg3LTFGNjY2QTc5OUI1NA==</partImage>
    <productId>1314941808</productId>
    <productName>Replacement Tire Repair Plugs</productName>
    <productImage>http://asset.lemansnet.com/z/LzkvMy9GLzkzRjRBMzQ5LTZBNTUtNDExOS1CRUMzLTIyRUU0QjYxN0Q0MA==</productImage>
    <bullet1>Replacement repair plugs for pocket tire pluggers</bullet1>
    <bullet2/>
    <bullet3/>
    <bullet4/>
    <bullet5/>
    <bullet6/>
    <bullet7/>
    <bullet8/>
    <bullet9/>
    <bullet10/>
    <bullet11/>
    <bullet12/>
    <bullet13/>
    <bullet14/>
    <bullet15/>
    <bullet16/>
    <bullet17/>
    <bullet18/>
    <bullet19/>
    <bullet20/>
    <bullet21/>
    <bullet22/>
    <bullet23/>
    <bullet24/>
    <vendorPriceUpdateDate>2023-04-22 00:00:00</vendorPriceUpdateDate>
  </part>
  <part>
    <partNumber>3002</partNumber>
    <punctuatedPartNumber>3002</punctuatedPartNumber>
    <partStatusDescription>STANDARD</partStatusDescription>
    <partDescription>Patches/Plugs and Rubber Cement - Tire - Replacement - Kit</partDescription>
    <unitOfMeasure>Kit</unitOfMeasure>
    <brandName>STOP &amp; GO INTERNATIONAL</brandName>
    <supplierNumber>3002</supplierNumber>
    <specialInstructions/>
    <baseDealerPrice>11.34</baseDealerPrice>
    <yourDealerPrice>11.34</yourDealerPrice>
    <baseRetailPrice>16.95</baseRetailPrice>
    <originalRetailPrice>16.95</originalRetailPrice>
    <partImage>http://asset.lemansnet.com/z/LzYvNC85LzY0OTVDMkRBLTAyMzctNDZFQS04MkNDLUZFNTNEQzNBN0MyNg==</partImage>
    <productId>2129547320</productId>
    <productName>Patches/Plugs and Rubber Cement</productName>
    <productImage>http://asset.lemansnet.com/z/LzYvNC85LzY0OTVDMkRBLTAyMzctNDZFQS04MkNDLUZFNTNEQzNBN0MyNg==</productImage>
    <bullet1>Replacement (qty 6) patches/plugs and (qty 1) rubber cement for CO² tire repair kit</bullet1>
    <bullet2/>
    <bullet3/>
    <bullet4/>
    <bullet5/>
    <bullet6/>
    <bullet7/>
    <bullet8/>
    <bullet9/>
    <bullet10/>
    <bullet11/>
    <bullet12/>
    <bullet13/>
    <bullet14/>
    <bullet15/>
    <bullet16/>
    <bullet17/>
    <bullet18/>
    <bullet19/>
    <bullet20/>
    <bullet21/>
    <bullet22/>
    <bullet23/>
    <bullet24/>
    <vendorPriceUpdateDate>2023-04-22 00:00:00</vendorPriceUpdateDate>
  </part>
  <part>
    <partNumber>3003</partNumber>
    <punctuatedPartNumber>3003</punctuatedPartNumber>
    <partStatusDescription>STANDARD</partStatusDescription>
    <partDescription>Patches/Rubber Cement - Tire - Replacement - Kit</partDescription>
    <unitOfMeasure>Kit</unitOfMeasure>
    <brandName>STOP &amp; GO INTERNATIONAL</brandName>
    <supplierNumber>3003</supplierNumber>
    <specialInstructions/>
    <baseDealerPrice>4.36</baseDealerPrice>
    <yourDealerPrice>4.36</yourDealerPrice>
    <baseRetailPrice>6.95</baseRetailPrice>
    <originalRetailPrice>6.95</originalRetailPrice>
    <partImage>http://asset.lemansnet.com/z/LzYvNC80LzY0NDc3RjcxLTZGMjYtNDk3RC04Q0ExLThFMDBBN0NCOTdFRA==</partImage>
    <productId>2038823249</productId>
    <productName>Tire Patches and Rubber Cement</productName>
    <productImage>http://asset.lemansnet.com/z/LzYvNC80LzY0NDc3RjcxLTZGMjYtNDk3RC04Q0ExLThFMDBBN0NCOTdFRA==</productImage>
    <bullet1>Replacement (qty 6) tire patches and (qty 1) rubber cement for CO² tire repair kit</bullet1>
    <bullet2/>
    <bullet3/>
    <bullet4/>
    <bullet5/>
    <bullet6/>
    <bullet7/>
    <bullet8/>
    <bullet9/>
    <bullet10/>
    <bullet11/>
    <bullet12/>
    <bullet13/>
    <bullet14/>
    <bullet15/>
    <bullet16/>
    <bullet17/>
    <bullet18/>
    <bullet19/>
    <bullet20/>
    <bullet21/>
    <bullet22/>
    <bullet23/>
    <bullet24/>
    <vendorPriceUpdateDate>2023-04-22 00:00:00</vendorPriceUpdateDate>
  </part>
  <part>
    <partNumber>03630073</partNumber>
    <punctuatedPartNumber>0363-0073</punctuatedPartNumber>
    <partStatusDescription>STANDARD</partStatusDescription>
    <partDescription>CO² Cartridge - Replacement - 3 Pack</partDescription>
    <unitOfMeasure>3 Pack</unitOfMeasure>
    <brandName>STOP &amp; GO INTERNATIONAL</brandName>
    <supplierNumber>1091</supplierNumber>
    <specialInstructions/>
    <baseDealerPrice>7.52</baseDealerPrice>
    <yourDealerPrice>7.52</yourDealerPrice>
    <baseRetailPrice>10.95</baseRetailPrice>
    <originalRetailPrice>10.95</originalRetailPrice>
    <partImage>http://asset.lemansnet.com/z/L0EvNy9FL0E3RUU5OTA5LTkyMjAtNDRCMS04NTVGLUM1QzMzNjFDMDYxOQ==</partImage>
    <productId>0616821639</productId>
    <productName>CO² Cartridges</productName>
    <productImage>http://asset.lemansnet.com/z/L0EvNy9FL0E3RUU5OTA5LTkyMjAtNDRCMS04NTVGLUM1QzMzNjFDMDYxOQ==</productImage>
    <bullet1>Replacement CO² cartridges for Stop &amp; Go CO² tire repair kit</bullet1>
    <bullet2/>
    <bullet3/>
    <bullet4/>
    <bullet5/>
    <bullet6/>
    <bullet7/>
    <bullet8/>
    <bullet9/>
    <bullet10/>
    <bullet11/>
    <bullet12/>
    <bullet13/>
    <bullet14/>
    <bullet15/>
    <bullet16/>
    <bullet17/>
    <bullet18/>
    <bullet19/>
    <bullet20/>
    <bullet21/>
    <bullet22/>
    <bullet23/>
    <bullet24/>
    <vendorPriceUpdateDate>2023-04-22 00:00:00</vendorPriceUpdateDate>
  </part>
</root>
