<root>
  <part>
    <partNumber>11300045</partNumber>
    <punctuatedPartNumber>1130-0045</punctuatedPartNumber>
    <partStatusDescription>STANDARD</partStatusDescription>
    <partDescription>Power Clutch - Right-Side Baker Drive</partDescription>
    <unitOfMeasure>Each</unitOfMeasure>
    <brandName>MUELLER MOTORCYCLE AG</brandName>
    <supplierNumber>120-40</supplierNumber>
    <specialInstructions>45% EASIER OPERATION ?25PJL</specialInstructions>
    <baseDealerPrice>164.90</baseDealerPrice>
    <yourDealerPrice>164.90</yourDealerPrice>
    <baseRetailPrice>236.95</baseRetailPrice>
    <originalRetailPrice>204.95</originalRetailPrice>
    <partImage>http://asset.lemansnet.com/z/L0QvNy8xL0Q3MUE5NTgwLTg3OTUtNERENS04NURDLTE5NDY3OUQxMkM5RQ==</partImage>
    <productId>1553512378</productId>
    <productName>Power Clutch</productName>
    <productImage>http://asset.lemansnet.com/z/L0UvOS9GL0U5RkFCNzgxLTFDRjQtNDk5My1CNTNELTdFMzUxMjczREY4Qg==</productImage>
    <bullet1>The original Müller Power Clutch</bullet1>
    <bullet2>Replaces OEM inner and outer ramp assemblies</bullet2>
    <bullet3>45% easier clutch lever operation</bullet3>
    <bullet4>Easy to install; no drilling or spacers needed</bullet4>
    <bullet5>Made in Germany</bullet5>
    <bullet6/>
    <bullet7/>
    <bullet8/>
    <bullet9/>
    <bullet10/>
    <bullet11/>
    <bullet12/>
    <bullet13/>
    <bullet14/>
    <bullet15/>
    <bullet16/>
    <bullet17/>
    <bullet18/>
    <bullet19/>
    <bullet20/>
    <bullet21/>
    <bullet22/>
    <bullet23/>
    <bullet24/>
    <vendorPriceUpdateDate>2022-11-29 00:00:00</vendorPriceUpdateDate>
  </part>
  <part>
    <partNumber>11300416</partNumber>
    <punctuatedPartNumber>1130-0416</punctuatedPartNumber>
    <partStatusDescription>STANDARD</partStatusDescription>
    <partDescription>Hydro Clutch - M8</partDescription>
    <unitOfMeasure>Each</unitOfMeasure>
    <brandName>MUELLER MOTORCYCLE AG</brandName>
    <supplierNumber>120-60</supplierNumber>
    <specialInstructions>FIT 17-19 DRESSERS 25PJL</specialInstructions>
    <baseDealerPrice>245.20</baseDealerPrice>
    <yourDealerPrice>245.20</yourDealerPrice>
    <baseRetailPrice>350.95</baseRetailPrice>
    <originalRetailPrice>303.95</originalRetailPrice>
    <partImage>http://asset.lemansnet.com/z/LzYvNy9GLzY3RkUyNzMwLTUzQUEtNEVGNy1CMDAzLUY0MjdGMjNEN0QzQiwvOS9CLzcvOUI3NkMxRTctMzIyNi00MkZGLUFENzUtQTc5NDc3Q0I4RTJD</partImage>
    <productId>1225024416</productId>
    <productName>Hydro Clutch</productName>
    <productImage>http://asset.lemansnet.com/z/LzkvQi83LzlCNzZDMUU3LTMyMjYtNDJGRi1BRDc1LUE3OTQ3N0NCOEUyQw==</productImage>
    <bullet1>Clutch relief system adapted for hydraulic couplings of the Harley Davidson Twin-Cam and Milwaukee Eight models</bullet1>
    <bullet2>35% relief on Twin-Cam and 45% relief on Milwaukee Eight models</bullet2>
    <bullet3>Mounted quickly and invisibly</bullet3>
    <bullet4>Maintenance-free</bullet4>
    <bullet5>Better meterability of the coupling</bullet5>
    <bullet6>Registered utility model</bullet6>
    <bullet7/>
    <bullet8/>
    <bullet9/>
    <bullet10/>
    <bullet11/>
    <bullet12/>
    <bullet13/>
    <bullet14/>
    <bullet15/>
    <bullet16/>
    <bullet17/>
    <bullet18/>
    <bullet19/>
    <bullet20/>
    <bullet21/>
    <bullet22/>
    <bullet23/>
    <bullet24/>
    <vendorPriceUpdateDate>2021-11-22 00:00:00</vendorPriceUpdateDate>
  </part>
  <part>
    <partNumber>11321977</partNumber>
    <punctuatedPartNumber>1132-1977</punctuatedPartNumber>
    <partStatusDescription>STANDARD</partStatusDescription>
    <partDescription>Hydro Clutch Repair Kit - Twin Cam</partDescription>
    <unitOfMeasure>Kit</unitOfMeasure>
    <brandName>MUELLER MOTORCYCLE AG</brandName>
    <supplierNumber>S0002210</supplierNumber>
    <specialInstructions/>
    <baseDealerPrice>19.00</baseDealerPrice>
    <yourDealerPrice>19.00</yourDealerPrice>
    <baseRetailPrice>27.95</baseRetailPrice>
    <originalRetailPrice>24.95</originalRetailPrice>
    <partImage>http://asset.lemansnet.com/z/LzEvNC8wLzE0MDQ3MzczLUQ5MjktNEVGMC1CRkJCLTIzNTRDMkM1NDY5MywvNS8zL0MvNTNDMDU0OUYtQjY5Mi00MkI2LTk3RjMtREVBRTk5QUQ2RTA0</partImage>
    <productId>0488221428</productId>
    <productName>Hydro Clutch Repair Kit</productName>
    <productImage>http://asset.lemansnet.com/z/LzEvNC8wLzE0MDQ3MzczLUQ5MjktNEVGMC1CRkJCLTIzNTRDMkM1NDY5Mw==</productImage>
    <bullet1>Hydro Clutch Repair Kit available for Harley-Davidson Twin Cam, M8, and V-Rod models</bullet1>
    <bullet2/>
    <bullet3/>
    <bullet4/>
    <bullet5/>
    <bullet6/>
    <bullet7/>
    <bullet8/>
    <bullet9/>
    <bullet10/>
    <bullet11/>
    <bullet12/>
    <bullet13/>
    <bullet14/>
    <bullet15/>
    <bullet16/>
    <bullet17/>
    <bullet18/>
    <bullet19/>
    <bullet20/>
    <bullet21/>
    <bullet22/>
    <bullet23/>
    <bullet24/>
    <vendorPriceUpdateDate>2024-05-08 00:00:00</vendorPriceUpdateDate>
  </part>
  <part>
    <partNumber>11300003</partNumber>
    <punctuatedPartNumber>1130-0003</punctuatedPartNumber>
    <partStatusDescription>STANDARD</partStatusDescription>
    <partDescription>Power Clutch - Mechanical - Big Twin</partDescription>
    <unitOfMeasure>Each</unitOfMeasure>
    <brandName>MUELLER MOTORCYCLE AG</brandName>
    <supplierNumber>120-10</supplierNumber>
    <specialInstructions>Not For 2021 and later Touring models.</specialInstructions>
    <baseDealerPrice>164.90</baseDealerPrice>
    <yourDealerPrice>164.90</yourDealerPrice>
    <baseRetailPrice>236.95</baseRetailPrice>
    <originalRetailPrice>204.95</originalRetailPrice>
    <partImage>http://asset.lemansnet.com/z/L0UvOS9GL0U5RkFCNzgxLTFDRjQtNDk5My1CNTNELTdFMzUxMjczREY4Qg==</partImage>
    <productId>0941558687</productId>
    <productName>Power Clutch</productName>
    <productImage>http://asset.lemansnet.com/z/L0UvOS9GL0U5RkFCNzgxLTFDRjQtNDk5My1CNTNELTdFMzUxMjczREY4Qg==</productImage>
    <bullet1>The original Müller Power Clutch</bullet1>
    <bullet2>Replaces OEM inner and outer ramp assemblies</bullet2>
    <bullet3>45% easier clutch lever operation</bullet3>
    <bullet4>Easy to install; no drilling or spacers needed</bullet4>
    <bullet5>Made in Germany</bullet5>
    <bullet6/>
    <bullet7/>
    <bullet8/>
    <bullet9/>
    <bullet10/>
    <bullet11/>
    <bullet12/>
    <bullet13/>
    <bullet14/>
    <bullet15/>
    <bullet16/>
    <bullet17/>
    <bullet18/>
    <bullet19/>
    <bullet20/>
    <bullet21/>
    <bullet22/>
    <bullet23/>
    <bullet24/>
    <vendorPriceUpdateDate>2022-11-29 00:00:00</vendorPriceUpdateDate>
  </part>
  <part>
    <partNumber>11300004</partNumber>
    <punctuatedPartNumber>1130-0004</punctuatedPartNumber>
    <partStatusDescription>STANDARD</partStatusDescription>
    <partDescription>Power Clutch - Later XL &amp; Buell</partDescription>
    <unitOfMeasure>Each</unitOfMeasure>
    <brandName>MUELLER MOTORCYCLE AG</brandName>
    <supplierNumber>120-30</supplierNumber>
    <specialInstructions/>
    <baseDealerPrice>164.90</baseDealerPrice>
    <yourDealerPrice>164.90</yourDealerPrice>
    <baseRetailPrice>236.95</baseRetailPrice>
    <originalRetailPrice>204.95</originalRetailPrice>
    <partImage>http://asset.lemansnet.com/z/L0EvQy9BL0FDQTNFRERCLTBCNjgtNDk2RC05QjVFLTA0OENCNTA3QTA3Rg==</partImage>
    <productId>1553512378</productId>
    <productName>Power Clutch</productName>
    <productImage>http://asset.lemansnet.com/z/L0UvOS9GL0U5RkFCNzgxLTFDRjQtNDk5My1CNTNELTdFMzUxMjczREY4Qg==</productImage>
    <bullet1>The original Müller Power Clutch</bullet1>
    <bullet2>Replaces OEM inner and outer ramp assemblies</bullet2>
    <bullet3>45% easier clutch lever operation</bullet3>
    <bullet4>Easy to install; no drilling or spacers needed</bullet4>
    <bullet5>Made in Germany</bullet5>
    <bullet6/>
    <bullet7/>
    <bullet8/>
    <bullet9/>
    <bullet10/>
    <bullet11/>
    <bullet12/>
    <bullet13/>
    <bullet14/>
    <bullet15/>
    <bullet16/>
    <bullet17/>
    <bullet18/>
    <bullet19/>
    <bullet20/>
    <bullet21/>
    <bullet22/>
    <bullet23/>
    <bullet24/>
    <vendorPriceUpdateDate>2022-11-29 00:00:00</vendorPriceUpdateDate>
  </part>
  <part>
    <partNumber>11300005</partNumber>
    <punctuatedPartNumber>1130-0005</punctuatedPartNumber>
    <partStatusDescription>STANDARD</partStatusDescription>
    <partDescription>Power Clutch - '86-'93 XL</partDescription>
    <unitOfMeasure>Each</unitOfMeasure>
    <brandName>MUELLER MOTORCYCLE AG</brandName>
    <supplierNumber>120-20</supplierNumber>
    <specialInstructions>45% EASIER OPERATION ?25PJL</specialInstructions>
    <baseDealerPrice>164.90</baseDealerPrice>
    <yourDealerPrice>164.90</yourDealerPrice>
    <baseRetailPrice>236.95</baseRetailPrice>
    <originalRetailPrice>204.95</originalRetailPrice>
    <partImage>http://asset.lemansnet.com/z/bWVkaWEvYzYxMTA1ZGUtMTE3Ny00NmY4LWJhMmItYjAwMDJjMzZlOTQ5LC8wLzAvQS8wMEFFMzRFMC1EMTM3LTQzNDctOTUzMS03NzFCRjY1OTY1OUI=</partImage>
    <productId>1553512378</productId>
    <productName>Power Clutch</productName>
    <productImage>http://asset.lemansnet.com/z/L0UvOS9GL0U5RkFCNzgxLTFDRjQtNDk5My1CNTNELTdFMzUxMjczREY4Qg==</productImage>
    <bullet1>The original Müller Power Clutch</bullet1>
    <bullet2>Replaces OEM inner and outer ramp assemblies</bullet2>
    <bullet3>45% easier clutch lever operation</bullet3>
    <bullet4>Easy to install; no drilling or spacers needed</bullet4>
    <bullet5>Made in Germany</bullet5>
    <bullet6/>
    <bullet7/>
    <bullet8/>
    <bullet9/>
    <bullet10/>
    <bullet11/>
    <bullet12/>
    <bullet13/>
    <bullet14/>
    <bullet15/>
    <bullet16/>
    <bullet17/>
    <bullet18/>
    <bullet19/>
    <bullet20/>
    <bullet21/>
    <bullet22/>
    <bullet23/>
    <bullet24/>
    <vendorPriceUpdateDate>2022-11-29 00:00:00</vendorPriceUpdateDate>
  </part>
  <part>
    <partNumber>11300415</partNumber>
    <punctuatedPartNumber>1130-0415</punctuatedPartNumber>
    <partStatusDescription>STANDARD</partStatusDescription>
    <partDescription>Hydro Clutch - Twin Cam</partDescription>
    <unitOfMeasure>Each</unitOfMeasure>
    <brandName>MUELLER MOTORCYCLE AG</brandName>
    <supplierNumber>120-50</supplierNumber>
    <specialInstructions>FIT 14-16 DRESSERS 25PJL</specialInstructions>
    <baseDealerPrice>245.20</baseDealerPrice>
    <yourDealerPrice>245.20</yourDealerPrice>
    <baseRetailPrice>350.95</baseRetailPrice>
    <originalRetailPrice>303.95</originalRetailPrice>
    <partImage>http://asset.lemansnet.com/z/L0MvNi83L0M2NzU1M0RELTEwRDgtNDY2QS04MkEzLTU5RjEyRkUxQ0JENywvQy80LzEvQzQxOTFGRDAtREMyOC00MTdCLUFGMDMtQUI0OUU1RDNCNDcxLC81LzEvRS81MUVGODZCNC03RjU2LTQzNkYtOEVDNi02ODFFNDFCMUU0Mzg=</partImage>
    <productId>1700882968</productId>
    <productName>Hydro Clutch</productName>
    <productImage>http://asset.lemansnet.com/z/LzkvQi83LzlCNzZDMUU3LTMyMjYtNDJGRi1BRDc1LUE3OTQ3N0NCOEUyQw==</productImage>
    <bullet1>Clutch relief system adapted for hydraulic couplings of the Harley Davidson Twin-Cam and Milwaukee Eight models</bullet1>
    <bullet2>35% relief on Twin-Cam and 45% relief on Milwaukee Eight models</bullet2>
    <bullet3>Mounted quickly and invisibly</bullet3>
    <bullet4>Maintenance-free</bullet4>
    <bullet5>Better meterability of the coupling</bullet5>
    <bullet6>Registered utility model</bullet6>
    <bullet7/>
    <bullet8/>
    <bullet9/>
    <bullet10/>
    <bullet11/>
    <bullet12/>
    <bullet13/>
    <bullet14/>
    <bullet15/>
    <bullet16/>
    <bullet17/>
    <bullet18/>
    <bullet19/>
    <bullet20/>
    <bullet21/>
    <bullet22/>
    <bullet23/>
    <bullet24/>
    <vendorPriceUpdateDate>2021-11-22 00:00:00</vendorPriceUpdateDate>
  </part>
  <part>
    <partNumber>11300661</partNumber>
    <punctuatedPartNumber>1130-0661</punctuatedPartNumber>
    <partStatusDescription>STANDARD</partStatusDescription>
    <partDescription>Hydro Clutch - V-Rod</partDescription>
    <unitOfMeasure>Each</unitOfMeasure>
    <brandName>MUELLER MOTORCYCLE AG</brandName>
    <supplierNumber>120-70</supplierNumber>
    <specialInstructions/>
    <baseDealerPrice>245.20</baseDealerPrice>
    <yourDealerPrice>245.20</yourDealerPrice>
    <baseRetailPrice>350.95</baseRetailPrice>
    <originalRetailPrice>303.95</originalRetailPrice>
    <partImage>http://asset.lemansnet.com/z/L0IvRS9EL0JFRDQ2NzEyLTE3NEEtNDNCQy04NDQ0LTRFRDI1MzJGNTZGRiwvRC9BL0UvREFFQzNBQTEtODAwNi00MDIzLTkxMkQtNDI3Njk4MTQ5QkNFLC9BLzUvMy9BNTM5NzI5RC04QjVELTRENDUtQkNCQS05Njc0NUVEMkUzNTY=</partImage>
    <productId>0794381588</productId>
    <productName>Hydro Clutch</productName>
    <productImage>http://asset.lemansnet.com/z/LzkvQi83LzlCNzZDMUU3LTMyMjYtNDJGRi1BRDc1LUE3OTQ3N0NCOEUyQw==</productImage>
    <bullet1>Clutch relief system adapted for hydraulic couplings of the Harley Davidson Twin-Cam and Milwaukee Eight models</bullet1>
    <bullet2>35% relief on Twin-Cam and 45% relief on Milwaukee Eight models</bullet2>
    <bullet3>Mounted quickly and invisibly</bullet3>
    <bullet4>Maintenance-free</bullet4>
    <bullet5>Better meterability of the coupling</bullet5>
    <bullet6>Registered utility model</bullet6>
    <bullet7/>
    <bullet8/>
    <bullet9/>
    <bullet10/>
    <bullet11/>
    <bullet12/>
    <bullet13/>
    <bullet14/>
    <bullet15/>
    <bullet16/>
    <bullet17/>
    <bullet18/>
    <bullet19/>
    <bullet20/>
    <bullet21/>
    <bullet22/>
    <bullet23/>
    <bullet24/>
    <vendorPriceUpdateDate>2022-03-01 00:00:00</vendorPriceUpdateDate>
  </part>
  <part>
    <partNumber>11300871</partNumber>
    <punctuatedPartNumber>1130-0871</punctuatedPartNumber>
    <partStatusDescription>STANDARD</partStatusDescription>
    <partDescription>Power Clutch 2.0 - M8 with Bowden Cable</partDescription>
    <unitOfMeasure>Each</unitOfMeasure>
    <brandName>MUELLER MOTORCYCLE AG</brandName>
    <supplierNumber>120-80</supplierNumber>
    <specialInstructions>item works with 0660-0016 </specialInstructions>
    <baseDealerPrice>188.50</baseDealerPrice>
    <yourDealerPrice>188.50</yourDealerPrice>
    <baseRetailPrice>251.95</baseRetailPrice>
    <originalRetailPrice>228.95</originalRetailPrice>
    <partImage>http://asset.lemansnet.com/z/LzQvMS81LzQxNUUwNDc3LTM2NjAtNDRFNi1BMTUzLTQwQkIwNTNBMEE0OCwvNC9BL0YvNEFGQUNCQjMtN0RBRi00ODQ5LTg3REItNkI2QTA1QTNENjgxLC9GLzAvNC9GMDRBRTFBNy1DQjUxLTQ4NDYtODhBNS02QjBEMDIxRjBBQUI=</partImage>
    <productId>0728041317</productId>
    <productName>Power Clutch 2.0</productName>
    <productImage>http://asset.lemansnet.com/z/L0YvMC80L0YwNEFFMUE3LUNCNTEtNDg0Ni04OEE1LTZCMEQwMjFGMEFBQg==</productImage>
    <bullet1>On average 45% less manual force when clutching</bullet1>
    <bullet2>Quick, easy installation</bullet2>
    <bullet3>Better performance</bullet3>
    <bullet4>Easier to adjust</bullet4>
    <bullet5>Better Pressure point</bullet5>
    <bullet6>Made in Germany</bullet6>
    <bullet7>Does not fit Revolution® Max or hydraulic clutch models.</bullet7>
    <bullet8/>
    <bullet9/>
    <bullet10/>
    <bullet11/>
    <bullet12/>
    <bullet13/>
    <bullet14/>
    <bullet15/>
    <bullet16/>
    <bullet17/>
    <bullet18/>
    <bullet19/>
    <bullet20/>
    <bullet21/>
    <bullet22/>
    <bullet23/>
    <bullet24/>
    <vendorPriceUpdateDate>2024-09-05 00:00:00</vendorPriceUpdateDate>
  </part>
  <part>
    <partNumber>06600016</partNumber>
    <punctuatedPartNumber>0660-0016</punctuatedPartNumber>
    <partStatusDescription>STANDARD</partStatusDescription>
    <partDescription>Clutch Control</partDescription>
    <unitOfMeasure>Each</unitOfMeasure>
    <brandName>MUELLER MOTORCYCLE AG</brandName>
    <supplierNumber>120-90</supplierNumber>
    <specialInstructions>Item works with part # 1130-0871 </specialInstructions>
    <baseDealerPrice>55.00</baseDealerPrice>
    <yourDealerPrice>55.00</yourDealerPrice>
    <baseRetailPrice>73.95</baseRetailPrice>
    <originalRetailPrice>66.95</originalRetailPrice>
    <partImage>http://asset.lemansnet.com/z/LzUvMi9BLzUyQTlCNTU1LTU5NjEtNDFCOS1CRTYzLTJBQkMzOEEyRTgxMCwvRi82LzkvRjY5MUZFNjMtRTk4MS00MDhDLUI5N0UtRjNDNkIyNkJGOEE4LC9GLzgvOC9GODhEMTNENC02MkQ0LTQ4OTUtODBCNi04OEIxQzFCRDkzN0E=</partImage>
    <productId>1563784505</productId>
    <productName>Clutch Control</productName>
    <productImage>http://asset.lemansnet.com/z/LzUvMi9BLzUyQTlCNTU1LTU5NjEtNDFCOS1CRTYzLTJBQkMzOEEyRTgxMA==</productImage>
    <bullet1>Replacement Bowden cable tensioner makes it easier to adjust the clutch on your Harley-Davidson M8 bike with cable clutch</bullet1>
    <bullet2>Faster and more precise clutch adjustment</bullet2>
    <bullet3>Made of high-strength aluminum</bullet3>
    <bullet4/>
    <bullet5/>
    <bullet6/>
    <bullet7/>
    <bullet8/>
    <bullet9/>
    <bullet10/>
    <bullet11/>
    <bullet12/>
    <bullet13/>
    <bullet14/>
    <bullet15/>
    <bullet16/>
    <bullet17/>
    <bullet18/>
    <bullet19/>
    <bullet20/>
    <bullet21/>
    <bullet22/>
    <bullet23/>
    <bullet24/>
    <vendorPriceUpdateDate>2024-09-05 00:00:00</vendorPriceUpdateDate>
  </part>
  <part>
    <partNumber>13041060</partNumber>
    <punctuatedPartNumber>1304-1060</punctuatedPartNumber>
    <partStatusDescription>STANDARD</partStatusDescription>
    <partDescription>Lowering Kit - Rear - Lowers 1.60" - Twin Cam</partDescription>
    <unitOfMeasure>Kit</unitOfMeasure>
    <brandName>MUELLER MOTORCYCLE AG</brandName>
    <supplierNumber>130-20</supplierNumber>
    <specialInstructions/>
    <baseDealerPrice>148.50</baseDealerPrice>
    <yourDealerPrice>148.50</yourDealerPrice>
    <baseRetailPrice>212.95</baseRetailPrice>
    <originalRetailPrice>183.95</originalRetailPrice>
    <partImage>http://asset.lemansnet.com/z/L0MvNS82L0M1NjI2RTIxLUQxODUtNDE4Qi05M0E3LTREQjI5NDQ1OTdBRQ==</partImage>
    <productId>0150266021</productId>
    <productName>Lowering Kit Twin Cam</productName>
    <productImage>http://asset.lemansnet.com/z/L0MvNS82L0M1NjI2RTIxLUQxODUtNDE4Qi05M0E3LTREQjI5NDQ1OTdBRQ==</productImage>
    <bullet1>Simple and easy way of lowering the rear of the bike without replacing the shocks</bullet1>
    <bullet2>Made from stainless steel and billet aluminum</bullet2>
    <bullet3>Lowers bike approximately 1.6"</bullet3>
    <bullet4>Bolt-on application</bullet4>
    <bullet5>Made in Germany</bullet5>
    <bullet6>Recommend using PART #3805-0205 to ease installation.</bullet6>
    <bullet7/>
    <bullet8/>
    <bullet9/>
    <bullet10/>
    <bullet11/>
    <bullet12/>
    <bullet13/>
    <bullet14/>
    <bullet15/>
    <bullet16/>
    <bullet17/>
    <bullet18/>
    <bullet19/>
    <bullet20/>
    <bullet21/>
    <bullet22/>
    <bullet23/>
    <bullet24/>
    <vendorPriceUpdateDate>2023-04-22 00:00:00</vendorPriceUpdateDate>
  </part>
  <part>
    <partNumber>13041061</partNumber>
    <punctuatedPartNumber>1304-1061</punctuatedPartNumber>
    <partStatusDescription>DISCONTINUED</partStatusDescription>
    <partDescription>Lowering Kit - Rear - Lowers 1.60"</partDescription>
    <unitOfMeasure>Kit</unitOfMeasure>
    <brandName>MUELLER MOTORCYCLE AG</brandName>
    <supplierNumber>130-10</supplierNumber>
    <specialInstructions>DISCONTINUED ITEM</specialInstructions>
    <baseDealerPrice>101.30</baseDealerPrice>
    <yourDealerPrice>101.30</yourDealerPrice>
    <baseRetailPrice>155.95</baseRetailPrice>
    <originalRetailPrice>183.95</originalRetailPrice>
    <partImage>http://asset.lemansnet.com/z/LzEvRC9FLzFERUU2MjMzLUQ5MEUtNEMwMS1BOTI5LUM3QTk3NDRBN0QzMA==</partImage>
    <productId>0011041345</productId>
    <productName>Lowering Kit</productName>
    <productImage>http://asset.lemansnet.com/z/LzEvRC9FLzFERUU2MjMzLUQ5MEUtNEMwMS1BOTI5LUM3QTk3NDRBN0QzMA==</productImage>
    <bullet1>Simple and easy way of lowering the rear of the bike without replacing the shocks</bullet1>
    <bullet2>Made from stainless steel and billet aluminum</bullet2>
    <bullet3>Lowers bike approximately 1.6"</bullet3>
    <bullet4>Bolt-on application</bullet4>
    <bullet5>Teflon bearings installed</bullet5>
    <bullet6>Made in Germany</bullet6>
    <bullet7>Recommend using PART #3805-0205 to ease installation.</bullet7>
    <bullet8/>
    <bullet9/>
    <bullet10/>
    <bullet11/>
    <bullet12/>
    <bullet13/>
    <bullet14/>
    <bullet15/>
    <bullet16/>
    <bullet17/>
    <bullet18/>
    <bullet19/>
    <bullet20/>
    <bullet21/>
    <bullet22/>
    <bullet23/>
    <bullet24/>
    <vendorPriceUpdateDate>2023-04-22 00:00:00</vendorPriceUpdateDate>
  </part>
  <part>
    <partNumber>11321978</partNumber>
    <punctuatedPartNumber>1132-1978</punctuatedPartNumber>
    <partStatusDescription>STANDARD</partStatusDescription>
    <partDescription>Hydro Clutch Repair Kit - M8</partDescription>
    <unitOfMeasure>Kit</unitOfMeasure>
    <brandName>MUELLER MOTORCYCLE AG</brandName>
    <supplierNumber>S0002214</supplierNumber>
    <specialInstructions/>
    <baseDealerPrice>11.00</baseDealerPrice>
    <yourDealerPrice>11.00</yourDealerPrice>
    <baseRetailPrice>16.95</baseRetailPrice>
    <originalRetailPrice>14.95</originalRetailPrice>
    <partImage>http://asset.lemansnet.com/z/L0MvMS9BL0MxQTg1N0IxLTQyODYtNDkyQy05MjExLUNEMTNEMTZBRUFCQiwvRi8xLzIvRjEyQjY5NDItOEIxNS00NTI1LUEwQ0YtNzc4MjRFM0VEMzEz</partImage>
    <productId>0224165378</productId>
    <productName>Hydro Clutch Repair Kit</productName>
    <productImage>http://asset.lemansnet.com/z/LzEvNC8wLzE0MDQ3MzczLUQ5MjktNEVGMC1CRkJCLTIzNTRDMkM1NDY5Mw==</productImage>
    <bullet1>Hydro Clutch Repair Kit available for Harley-Davidson Twin Cam, M8, and V-Rod models</bullet1>
    <bullet2/>
    <bullet3/>
    <bullet4/>
    <bullet5/>
    <bullet6/>
    <bullet7/>
    <bullet8/>
    <bullet9/>
    <bullet10/>
    <bullet11/>
    <bullet12/>
    <bullet13/>
    <bullet14/>
    <bullet15/>
    <bullet16/>
    <bullet17/>
    <bullet18/>
    <bullet19/>
    <bullet20/>
    <bullet21/>
    <bullet22/>
    <bullet23/>
    <bullet24/>
    <vendorPriceUpdateDate>2024-05-08 00:00:00</vendorPriceUpdateDate>
  </part>
  <part>
    <partNumber>11321979</partNumber>
    <punctuatedPartNumber>1132-1979</punctuatedPartNumber>
    <partStatusDescription>DISCONTINUED</partStatusDescription>
    <partDescription>Hydro Clutch Repair Kit - V-Rod</partDescription>
    <unitOfMeasure>Kit</unitOfMeasure>
    <brandName>MUELLER MOTORCYCLE AG</brandName>
    <supplierNumber>S0002215</supplierNumber>
    <specialInstructions>DISCONTINUED ITEM</specialInstructions>
    <baseDealerPrice>15.00</baseDealerPrice>
    <yourDealerPrice>15.00</yourDealerPrice>
    <baseRetailPrice>0.00</baseRetailPrice>
    <originalRetailPrice>28.95</originalRetailPrice>
    <partImage>http://asset.lemansnet.com/z/L0UvMi82L0UyNjNGM0Y5LUM3MDgtNDY5MS1CMzkzLTJDRTYxNUZGNENENiwvRi83LzYvRjc2RjA5QjMtRTY3RS00NjRBLUI3NTUtMTIzNTE2NzZCNTlF</partImage>
    <productId>1689742599</productId>
    <productName>Hydro Clutch Repair Kit</productName>
    <productImage>http://asset.lemansnet.com/z/LzEvNC8wLzE0MDQ3MzczLUQ5MjktNEVGMC1CRkJCLTIzNTRDMkM1NDY5Mw==</productImage>
    <bullet1>Hydro Clutch Repair Kit available for Harley-Davidson Twin Cam, M8, and V-Rod models</bullet1>
    <bullet2/>
    <bullet3/>
    <bullet4/>
    <bullet5/>
    <bullet6/>
    <bullet7/>
    <bullet8/>
    <bullet9/>
    <bullet10/>
    <bullet11/>
    <bullet12/>
    <bullet13/>
    <bullet14/>
    <bullet15/>
    <bullet16/>
    <bullet17/>
    <bullet18/>
    <bullet19/>
    <bullet20/>
    <bullet21/>
    <bullet22/>
    <bullet23/>
    <bullet24/>
    <vendorPriceUpdateDate>2024-05-08 00:00:00</vendorPriceUpdateDate>
  </part>
  <part>
    <partNumber>38050268</partNumber>
    <punctuatedPartNumber>3805-0268</punctuatedPartNumber>
    <partStatusDescription>DISCONTINUED</partStatusDescription>
    <partDescription>Compression Tool Washer</partDescription>
    <unitOfMeasure>Each</unitOfMeasure>
    <brandName>MUELLER MOTORCYCLE AG</brandName>
    <supplierNumber>130-0-2</supplierNumber>
    <specialInstructions>DISCONTINUED ITEM</specialInstructions>
    <baseDealerPrice>20.40</baseDealerPrice>
    <yourDealerPrice>20.40</yourDealerPrice>
    <baseRetailPrice>0.00</baseRetailPrice>
    <originalRetailPrice>38.78</originalRetailPrice>
    <partImage>http://asset.lemansnet.com/z/L0EvOS8yL0E5MjRDQTMyLTlFMUItNDFCRC1BNjBDLTFDNENERTgzNUQwMw==</partImage>
    <productId>0614713236</productId>
    <productName>Compressor Tool Washer</productName>
    <productImage>http://asset.lemansnet.com/z/L0EvOS8yL0E5MjRDQTMyLTlFMUItNDFCRC1BNjBDLTFDNENERTgzNUQwMw==</productImage>
    <bullet1>Required to install Muller Motorcycle AG lowering kit part # 1304-1060 for Twin Cam fitment</bullet1>
    <bullet2/>
    <bullet3/>
    <bullet4/>
    <bullet5/>
    <bullet6/>
    <bullet7/>
    <bullet8/>
    <bullet9/>
    <bullet10/>
    <bullet11/>
    <bullet12/>
    <bullet13/>
    <bullet14/>
    <bullet15/>
    <bullet16/>
    <bullet17/>
    <bullet18/>
    <bullet19/>
    <bullet20/>
    <bullet21/>
    <bullet22/>
    <bullet23/>
    <bullet24/>
    <vendorPriceUpdateDate>2023-12-26 00:00:00</vendorPriceUpdateDate>
  </part>
  <part>
    <partNumber>38050273</partNumber>
    <punctuatedPartNumber>3805-0273</punctuatedPartNumber>
    <partStatusDescription>DISCONTINUED</partStatusDescription>
    <partDescription>Throttle Mounting Tool - Kit</partDescription>
    <unitOfMeasure>Kit</unitOfMeasure>
    <brandName>MUELLER MOTORCYCLE AG</brandName>
    <supplierNumber>179-0</supplierNumber>
    <specialInstructions>DISCONTINUED ITEM</specialInstructions>
    <baseDealerPrice>48.20</baseDealerPrice>
    <yourDealerPrice>48.20</yourDealerPrice>
    <baseRetailPrice>0.00</baseRetailPrice>
    <originalRetailPrice>85.95</originalRetailPrice>
    <partImage>http://asset.lemansnet.com/z/LzAvNi8xLzA2MTIyQ0I1LTdFODMtNDRFMy1CN0I1LTE2NDQ4N0UwRjdCRg==</partImage>
    <productId>0392209945</productId>
    <productName>Throttle Mounting Kit</productName>
    <productImage>http://asset.lemansnet.com/z/LzAvNi8xLzA2MTIyQ0I1LTdFODMtNDRFMy1CN0I1LTE2NDQ4N0UwRjdCRg==</productImage>
    <bullet1>Assembly tool for internal turning handles</bullet1>
    <bullet2>Drilling cutting jig made of hardened steel</bullet2>
    <bullet3/>
    <bullet4/>
    <bullet5/>
    <bullet6/>
    <bullet7/>
    <bullet8/>
    <bullet9/>
    <bullet10/>
    <bullet11/>
    <bullet12/>
    <bullet13/>
    <bullet14/>
    <bullet15/>
    <bullet16/>
    <bullet17/>
    <bullet18/>
    <bullet19/>
    <bullet20/>
    <bullet21/>
    <bullet22/>
    <bullet23/>
    <bullet24/>
    <vendorPriceUpdateDate>2024-03-18 00:00:00</vendorPriceUpdateDate>
  </part>
  <part>
    <partNumber>38050205</partNumber>
    <punctuatedPartNumber>3805-0205</punctuatedPartNumber>
    <partStatusDescription>STANDARD</partStatusDescription>
    <partDescription>Spring Compressor Tool - Softail</partDescription>
    <unitOfMeasure>Each</unitOfMeasure>
    <brandName>MUELLER MOTORCYCLE AG</brandName>
    <supplierNumber>130-0</supplierNumber>
    <specialInstructions>Requires the use part number 3805-0268 for 00-17 Softail shocks</specialInstructions>
    <baseDealerPrice>371.80</baseDealerPrice>
    <yourDealerPrice>371.80</yourDealerPrice>
    <baseRetailPrice>526.95</baseRetailPrice>
    <originalRetailPrice>409.95</originalRetailPrice>
    <partImage>http://asset.lemansnet.com/z/L0YvQy8zL0ZDM0M1MjY1LTRBNDAtNDQ2OC05QzVDLTk0ODg3NEVBNzA1Mw==</partImage>
    <productId>1940611085</productId>
    <productName>Spring Compressor Tool</productName>
    <productImage>http://asset.lemansnet.com/z/L0YvQy8zL0ZDM0M1MjY1LTRBNDAtNDQ2OC05QzVDLTk0ODg3NEVBNzA1Mw==</productImage>
    <bullet1>Suited for all Harley-Davidson® Softail models</bullet1>
    <bullet2>Fast assembly of the lowering kit</bullet2>
    <bullet3>Safe compression of the spring</bullet3>
    <bullet4>Requires use of part 3805-0268 when using with '00-'17 Softail shocks.</bullet4>
    <bullet5/>
    <bullet6/>
    <bullet7/>
    <bullet8/>
    <bullet9/>
    <bullet10/>
    <bullet11/>
    <bullet12/>
    <bullet13/>
    <bullet14/>
    <bullet15/>
    <bullet16/>
    <bullet17/>
    <bullet18/>
    <bullet19/>
    <bullet20/>
    <bullet21/>
    <bullet22/>
    <bullet23/>
    <bullet24/>
    <vendorPriceUpdateDate>2021-11-22 00:00:00</vendorPriceUpdateDate>
  </part>
  <part>
    <partNumber>06320603</partNumber>
    <punctuatedPartNumber>0632-0603</punctuatedPartNumber>
    <partStatusDescription>STANDARD</partStatusDescription>
    <partDescription>Internal Throttle Cable</partDescription>
    <unitOfMeasure>Each</unitOfMeasure>
    <brandName>MUELLER MOTORCYCLE AG</brandName>
    <supplierNumber>170-5</supplierNumber>
    <specialInstructions/>
    <baseDealerPrice>330.00</baseDealerPrice>
    <yourDealerPrice>330.00</yourDealerPrice>
    <baseRetailPrice>439.95</baseRetailPrice>
    <originalRetailPrice>400.00</originalRetailPrice>
    <partImage>http://asset.lemansnet.com/z/L0EvNS9CL0E1QkU4OEVDLUVBRkYtNEM2QS1BNkI1LUU4QzY3RDg4MzMzMQ==</partImage>
    <productId>0923813419</productId>
    <productName>Internal Throttle Cable</productName>
    <productImage>http://asset.lemansnet.com/z/L0IvNi9GL0I2RkExM0VFLTU5RTktNEE3MS05ODIzLTdERkFGMDM0RTM5OA==</productImage>
    <bullet1>Combines ultimate riding comfort and a cable-free look</bullet1>
    <bullet2>Six-fold bearing with four ball bearings and two plain bearings</bullet2>
    <bullet3>Manufactured with an accuracy of hundredths of a millimeter for minimal play</bullet3>
    <bullet4>Thanks to special Bowden cable (135 cm, can be shortened as desired), even with the most extreme handlebars and ape hangers operate smoothly</bullet4>
    <bullet5>Works with all 1" handlebars with cable grommets and common handlebar end turn signals</bullet5>
    <bullet6>Includes throttle adjustment screw for easy readjustment of throttle play</bullet6>
    <bullet7>Suitable for aluminum and rubber grips</bullet7>
    <bullet8>Groove for mounting the armature must start at 150 mm at the earliest (measured from the right end of the handlebar). </bullet8>
    <bullet9>During assembly, the right handle with throttle cable mount is omitted and is replaced with a clean left handle (not included).</bullet9>
    <bullet10/>
    <bullet11/>
    <bullet12/>
    <bullet13/>
    <bullet14/>
    <bullet15/>
    <bullet16/>
    <bullet17/>
    <bullet18/>
    <bullet19/>
    <bullet20/>
    <bullet21/>
    <bullet22/>
    <bullet23/>
    <bullet24/>
    <vendorPriceUpdateDate>2023-06-21 00:00:00</vendorPriceUpdateDate>
  </part>
  <part>
    <partNumber>13040965</partNumber>
    <punctuatedPartNumber>1304-0965</punctuatedPartNumber>
    <partStatusDescription>STANDARD</partStatusDescription>
    <partDescription>Lowering Kit - Rear - M8 - Remote Preload Adjust</partDescription>
    <unitOfMeasure>Kit</unitOfMeasure>
    <brandName>MUELLER MOTORCYCLE AG</brandName>
    <supplierNumber>130-30</supplierNumber>
    <specialInstructions>N/F 20 FLDE,USE 1304-096625PJL</specialInstructions>
    <baseDealerPrice>256.20</baseDealerPrice>
    <yourDealerPrice>256.20</yourDealerPrice>
    <baseRetailPrice>366.95</baseRetailPrice>
    <originalRetailPrice>316.95</originalRetailPrice>
    <partImage>http://asset.lemansnet.com/z/L0MvRC9GL0NERjUyRjA5LUI1NTItNDlFNS1CNUUxLTAxNTVCNUExMDBDQSwvMC82L0YvMDZGM0RDN0MtNzU0My00NEIwLTk2MTktNjUwNTM5NzQyN0IyLG1lZGlhL2JmYmI1OGI2LTU1YjgtNDlkNS1iOGQwLTJkOTBkMzY4MDk5OA==</partImage>
    <productId>0072718034</productId>
    <productName>Rear Lowering Kit</productName>
    <productImage>http://asset.lemansnet.com/z/L0MvRC9GL0NERjUyRjA5LUI1NTItNDlFNS1CNUUxLTAxNTVCNUExMDBDQQ==</productImage>
    <bullet1>Simple and easy way of lowering the rear of the bike without replacing the shocks</bullet1>
    <bullet2>Made from stainless steel and billet aluminum</bullet2>
    <bullet3>Lowers bike up to 1.6”</bullet3>
    <bullet4>Bolt-on application</bullet4>
    <bullet5>Made in Germany</bullet5>
    <bullet6/>
    <bullet7/>
    <bullet8/>
    <bullet9/>
    <bullet10/>
    <bullet11/>
    <bullet12/>
    <bullet13/>
    <bullet14/>
    <bullet15/>
    <bullet16/>
    <bullet17/>
    <bullet18/>
    <bullet19/>
    <bullet20/>
    <bullet21/>
    <bullet22/>
    <bullet23/>
    <bullet24/>
    <vendorPriceUpdateDate>2023-04-22 00:00:00</vendorPriceUpdateDate>
  </part>
  <part>
    <partNumber>13040966</partNumber>
    <punctuatedPartNumber>1304-0966</punctuatedPartNumber>
    <partStatusDescription>STANDARD</partStatusDescription>
    <partDescription>Lowering Kit - Rear - M8 - Cam Adjust</partDescription>
    <unitOfMeasure>Kit</unitOfMeasure>
    <brandName>MUELLER MOTORCYCLE AG</brandName>
    <supplierNumber>130-40</supplierNumber>
    <specialInstructions>ALSO F/20 FLDE,18-20 FXBB25PJL</specialInstructions>
    <baseDealerPrice>287.60</baseDealerPrice>
    <yourDealerPrice>287.60</yourDealerPrice>
    <baseRetailPrice>411.95</baseRetailPrice>
    <originalRetailPrice>356.95</originalRetailPrice>
    <partImage>http://asset.lemansnet.com/z/L0IvQS9GL0JBRjVGNDYyLUU5RDgtNENFQy1CNEM1LTg5RDA2OTg0QzVFNiwvMC9GLzMvMEYzQzE4MkItMUMzQy00MTVCLTk4MjAtQ0Q1RDA1QjcxRjY5LG1lZGlhL2MyMGY2ODAzLThiZDItNGUyMi04NTI4LTRiNzIzYTgxMDMzNw==</partImage>
    <productId>0872271748</productId>
    <productName>Rear Lowering Kit</productName>
    <productImage>http://asset.lemansnet.com/z/L0IvQS9GL0JBRjVGNDYyLUU5RDgtNENFQy1CNEM1LTg5RDA2OTg0QzVFNg==</productImage>
    <bullet1>Simple and easy way of lowering the rear of the bike without replacing the shocks</bullet1>
    <bullet2>Made from stainless steel and billet aluminum</bullet2>
    <bullet3>Lowers bike up to 1.6”</bullet3>
    <bullet4>Bolt-on application</bullet4>
    <bullet5>Made in Germany</bullet5>
    <bullet6/>
    <bullet7/>
    <bullet8/>
    <bullet9/>
    <bullet10/>
    <bullet11/>
    <bullet12/>
    <bullet13/>
    <bullet14/>
    <bullet15/>
    <bullet16/>
    <bullet17/>
    <bullet18/>
    <bullet19/>
    <bullet20/>
    <bullet21/>
    <bullet22/>
    <bullet23/>
    <bullet24/>
    <vendorPriceUpdateDate>2023-04-22 00:00:00</vendorPriceUpdateDate>
  </part>
</root>
