<root>
  <part>
    <partNumber>12120523</partNumber>
    <punctuatedPartNumber>1212-0523</punctuatedPartNumber>
    <partStatusDescription>STANDARD</partStatusDescription>
    <partDescription>Offset Transmission Sprocket - 24 Tooth</partDescription>
    <unitOfMeasure>Each</unitOfMeasure>
    <brandName>PBI</brandName>
    <supplierNumber>303-24</supplierNumber>
    <specialInstructions/>
    <baseDealerPrice>85.00</baseDealerPrice>
    <yourDealerPrice>85.00</yourDealerPrice>
    <baseRetailPrice>130.95</baseRetailPrice>
    <originalRetailPrice>130.95</originalRetailPrice>
    <partImage>http://asset.lemansnet.com/z/L0MvNy81L0M3NUI5M0QwLURCRkUtNDczMC1BRDc0LTg2M0E4MDQxNjIxQg==</partImage>
    <productId>1756507472</productId>
    <productName>Offset Transmission Sprocket</productName>
    <productImage>http://asset.lemansnet.com/z/L0YvMS83L0YxNzQ1RTA0LTNEMDUtNDlBOC1CRTQyLUNEREJFQjVFMEM1Qw==</productImage>
    <bullet1>CNC-machined from a premium nickel, chromoly steel (8620), case-hardened and finished with an electroless nickel plating for corrosion/wear resistance and lubricity</bullet1>
    <bullet2>Sprockets are drilled and tapped to accommodate late-model lock plate, PART #DS-360182, available separately</bullet2>
    <bullet3>Offset measurement is taken from the face that rests against the mainshaft bearing to the inside of the teeth for "Total Offset" description</bullet3>
    <bullet4>For use with .530 pitch chain</bullet4>
    <bullet5>Made in the U.S.A.</bullet5>
    <bullet6/>
    <bullet7/>
    <bullet8/>
    <bullet9/>
    <bullet10/>
    <bullet11/>
    <bullet12/>
    <bullet13/>
    <bullet14/>
    <bullet15/>
    <bullet16/>
    <bullet17/>
    <bullet18/>
    <bullet19/>
    <bullet20/>
    <bullet21/>
    <bullet22/>
    <bullet23/>
    <bullet24/>
    <vendorPriceUpdateDate>2023-01-17 00:00:00</vendorPriceUpdateDate>
  </part>
  <part>
    <partNumber>12120524</partNumber>
    <punctuatedPartNumber>1212-0524</punctuatedPartNumber>
    <partStatusDescription>STANDARD</partStatusDescription>
    <partDescription>Offset Transmission Sprocket - 25 Tooth - Harley-Davidson/Buell</partDescription>
    <unitOfMeasure>Each</unitOfMeasure>
    <brandName>PBI</brandName>
    <supplierNumber>303-25</supplierNumber>
    <specialInstructions/>
    <baseDealerPrice>85.00</baseDealerPrice>
    <yourDealerPrice>85.00</yourDealerPrice>
    <baseRetailPrice>130.95</baseRetailPrice>
    <originalRetailPrice>130.95</originalRetailPrice>
    <partImage>http://asset.lemansnet.com/z/LzIvMy80LzIzNDNBNjdELURGNEItNEFGNC1COUU0LTBEOTRDMUE5REVBRQ==</partImage>
    <productId>1756507472</productId>
    <productName>Offset Transmission Sprocket</productName>
    <productImage>http://asset.lemansnet.com/z/L0YvMS83L0YxNzQ1RTA0LTNEMDUtNDlBOC1CRTQyLUNEREJFQjVFMEM1Qw==</productImage>
    <bullet1>CNC-machined from a premium nickel, chromoly steel (8620), case-hardened and finished with an electroless nickel plating for corrosion/wear resistance and lubricity</bullet1>
    <bullet2>Sprockets are drilled and tapped to accommodate late-model lock plate, PART #DS-360182, available separately</bullet2>
    <bullet3>Offset measurement is taken from the face that rests against the mainshaft bearing to the inside of the teeth for "Total Offset" description</bullet3>
    <bullet4>For use with .530 pitch chain</bullet4>
    <bullet5>Made in the U.S.A.</bullet5>
    <bullet6/>
    <bullet7/>
    <bullet8/>
    <bullet9/>
    <bullet10/>
    <bullet11/>
    <bullet12/>
    <bullet13/>
    <bullet14/>
    <bullet15/>
    <bullet16/>
    <bullet17/>
    <bullet18/>
    <bullet19/>
    <bullet20/>
    <bullet21/>
    <bullet22/>
    <bullet23/>
    <bullet24/>
    <vendorPriceUpdateDate>2023-01-17 00:00:00</vendorPriceUpdateDate>
  </part>
  <part>
    <partNumber>12120526</partNumber>
    <punctuatedPartNumber>1212-0526</punctuatedPartNumber>
    <partStatusDescription>STANDARD</partStatusDescription>
    <partDescription>Offset Transmission Sprocket - 24 Tooth - Harley-Davidson/Buell</partDescription>
    <unitOfMeasure>Each</unitOfMeasure>
    <brandName>PBI</brandName>
    <supplierNumber>302-24</supplierNumber>
    <specialInstructions/>
    <baseDealerPrice>89.60</baseDealerPrice>
    <yourDealerPrice>89.60</yourDealerPrice>
    <baseRetailPrice>137.95</baseRetailPrice>
    <originalRetailPrice>137.95</originalRetailPrice>
    <partImage>http://asset.lemansnet.com/z/LzUvRS84LzVFODc1RTFELTZFMzctNDI0Ni05NEE0LUE3QkY1NzlBM0ZBMSwvMC9DL0QvMENEOTcxMjEtREEyRC00QkQ2LUE2NDItMjQ0MjNGMTNDOUIx</partImage>
    <productId>1756507472</productId>
    <productName>Offset Transmission Sprocket</productName>
    <productImage>http://asset.lemansnet.com/z/L0YvMS83L0YxNzQ1RTA0LTNEMDUtNDlBOC1CRTQyLUNEREJFQjVFMEM1Qw==</productImage>
    <bullet1>CNC-machined from a premium nickel, chromoly steel (8620), case-hardened and finished with an electroless nickel plating for corrosion/wear resistance and lubricity</bullet1>
    <bullet2>Sprockets are drilled and tapped to accommodate late-model lock plate, PART #DS-360182, available separately</bullet2>
    <bullet3>Offset measurement is taken from the face that rests against the mainshaft bearing to the inside of the teeth for "Total Offset" description</bullet3>
    <bullet4>For use with .530 pitch chain</bullet4>
    <bullet5>Made in the U.S.A.</bullet5>
    <bullet6/>
    <bullet7/>
    <bullet8/>
    <bullet9/>
    <bullet10/>
    <bullet11/>
    <bullet12/>
    <bullet13/>
    <bullet14/>
    <bullet15/>
    <bullet16/>
    <bullet17/>
    <bullet18/>
    <bullet19/>
    <bullet20/>
    <bullet21/>
    <bullet22/>
    <bullet23/>
    <bullet24/>
    <vendorPriceUpdateDate>2023-01-17 00:00:00</vendorPriceUpdateDate>
  </part>
  <part>
    <partNumber>12120136</partNumber>
    <punctuatedPartNumber>1212-0136</punctuatedPartNumber>
    <partStatusDescription>STANDARD</partStatusDescription>
    <partDescription>Offset Transmission Sprocket - 22 Tooth - Harley-Davidson/Buell</partDescription>
    <unitOfMeasure>Each</unitOfMeasure>
    <brandName>PBI</brandName>
    <supplierNumber>283-22</supplierNumber>
    <specialInstructions/>
    <baseDealerPrice>66.50</baseDealerPrice>
    <yourDealerPrice>66.50</yourDealerPrice>
    <baseRetailPrice>102.95</baseRetailPrice>
    <originalRetailPrice>102.95</originalRetailPrice>
    <partImage>http://asset.lemansnet.com/z/LzQvMy9BLzQzQTlCOEQ0LTdFMDQtNEY0NS1CRTQ5LUU3NzFBMkNBQjY1Rg==</partImage>
    <productId>1756507472</productId>
    <productName>Offset Transmission Sprocket</productName>
    <productImage>http://asset.lemansnet.com/z/L0YvMS83L0YxNzQ1RTA0LTNEMDUtNDlBOC1CRTQyLUNEREJFQjVFMEM1Qw==</productImage>
    <bullet1>CNC-machined from a premium nickel, chromoly steel (8620), case-hardened and finished with an electroless nickel plating for corrosion/wear resistance and lubricity</bullet1>
    <bullet2>Sprockets are drilled and tapped to accommodate late-model lock plate, PART #DS-360182, available separately</bullet2>
    <bullet3>Offset measurement is taken from the face that rests against the mainshaft bearing to the inside of the teeth for "Total Offset" description</bullet3>
    <bullet4>For use with .530 pitch chain</bullet4>
    <bullet5>Made in the U.S.A.</bullet5>
    <bullet6/>
    <bullet7/>
    <bullet8/>
    <bullet9/>
    <bullet10/>
    <bullet11/>
    <bullet12/>
    <bullet13/>
    <bullet14/>
    <bullet15/>
    <bullet16/>
    <bullet17/>
    <bullet18/>
    <bullet19/>
    <bullet20/>
    <bullet21/>
    <bullet22/>
    <bullet23/>
    <bullet24/>
    <vendorPriceUpdateDate>2023-01-17 00:00:00</vendorPriceUpdateDate>
  </part>
  <part>
    <partNumber>12120138</partNumber>
    <punctuatedPartNumber>1212-0138</punctuatedPartNumber>
    <partStatusDescription>STANDARD</partStatusDescription>
    <partDescription>Offset Transmission Sprocket - 24 Tooth - Harley-Davidson/Buell</partDescription>
    <unitOfMeasure>Each</unitOfMeasure>
    <brandName>PBI</brandName>
    <supplierNumber>283-24</supplierNumber>
    <specialInstructions/>
    <baseDealerPrice>79.40</baseDealerPrice>
    <yourDealerPrice>79.40</yourDealerPrice>
    <baseRetailPrice>122.95</baseRetailPrice>
    <originalRetailPrice>122.95</originalRetailPrice>
    <partImage>http://asset.lemansnet.com/z/LzcvRC9BLzdEQTMyNDFFLTgyODYtNDBDMS05NUQ2LTZGMDM2RTY1MUU5NQ==</partImage>
    <productId>1756507472</productId>
    <productName>Offset Transmission Sprocket</productName>
    <productImage>http://asset.lemansnet.com/z/L0YvMS83L0YxNzQ1RTA0LTNEMDUtNDlBOC1CRTQyLUNEREJFQjVFMEM1Qw==</productImage>
    <bullet1>CNC-machined from a premium nickel, chromoly steel (8620), case-hardened and finished with an electroless nickel plating for corrosion/wear resistance and lubricity</bullet1>
    <bullet2>Sprockets are drilled and tapped to accommodate late-model lock plate, PART #DS-360182, available separately</bullet2>
    <bullet3>Offset measurement is taken from the face that rests against the mainshaft bearing to the inside of the teeth for "Total Offset" description</bullet3>
    <bullet4>For use with .530 pitch chain</bullet4>
    <bullet5>Made in the U.S.A.</bullet5>
    <bullet6/>
    <bullet7/>
    <bullet8/>
    <bullet9/>
    <bullet10/>
    <bullet11/>
    <bullet12/>
    <bullet13/>
    <bullet14/>
    <bullet15/>
    <bullet16/>
    <bullet17/>
    <bullet18/>
    <bullet19/>
    <bullet20/>
    <bullet21/>
    <bullet22/>
    <bullet23/>
    <bullet24/>
    <vendorPriceUpdateDate>2023-01-17 00:00:00</vendorPriceUpdateDate>
  </part>
  <part>
    <partNumber>12120260</partNumber>
    <punctuatedPartNumber>1212-0260</punctuatedPartNumber>
    <partStatusDescription>STANDARD</partStatusDescription>
    <partDescription>Offset Transmission Sprocket - 23 Tooth - Harley-Davidson/Buell</partDescription>
    <unitOfMeasure>Each</unitOfMeasure>
    <brandName>PBI</brandName>
    <supplierNumber>284-23</supplierNumber>
    <specialInstructions/>
    <baseDealerPrice>72.00</baseDealerPrice>
    <yourDealerPrice>72.00</yourDealerPrice>
    <baseRetailPrice>110.95</baseRetailPrice>
    <originalRetailPrice>110.95</originalRetailPrice>
    <partImage>http://asset.lemansnet.com/z/LzEvRC8xLzFEMUY2REZFLTRCNjktNDVBMy04MTNBLUZGNzkwREY0Q0E3Mw==</partImage>
    <productId>1756507472</productId>
    <productName>Offset Transmission Sprocket</productName>
    <productImage>http://asset.lemansnet.com/z/L0YvMS83L0YxNzQ1RTA0LTNEMDUtNDlBOC1CRTQyLUNEREJFQjVFMEM1Qw==</productImage>
    <bullet1>CNC-machined from a premium nickel, chromoly steel (8620), case-hardened and finished with an electroless nickel plating for corrosion/wear resistance and lubricity</bullet1>
    <bullet2>Sprockets are drilled and tapped to accommodate late-model lock plate, PART #DS-360182, available separately</bullet2>
    <bullet3>Offset measurement is taken from the face that rests against the mainshaft bearing to the inside of the teeth for "Total Offset" description</bullet3>
    <bullet4>For use with .530 pitch chain</bullet4>
    <bullet5>Made in the U.S.A.</bullet5>
    <bullet6/>
    <bullet7/>
    <bullet8/>
    <bullet9/>
    <bullet10/>
    <bullet11/>
    <bullet12/>
    <bullet13/>
    <bullet14/>
    <bullet15/>
    <bullet16/>
    <bullet17/>
    <bullet18/>
    <bullet19/>
    <bullet20/>
    <bullet21/>
    <bullet22/>
    <bullet23/>
    <bullet24/>
    <vendorPriceUpdateDate>2023-01-17 00:00:00</vendorPriceUpdateDate>
  </part>
  <part>
    <partNumber>12120262</partNumber>
    <punctuatedPartNumber>1212-0262</punctuatedPartNumber>
    <partStatusDescription>STANDARD</partStatusDescription>
    <partDescription>Offset Transmission Sprocket - 24 Tooth - Harley-Davidson/Buell</partDescription>
    <unitOfMeasure>Each</unitOfMeasure>
    <brandName>PBI</brandName>
    <supplierNumber>289-24</supplierNumber>
    <specialInstructions/>
    <baseDealerPrice>110.40</baseDealerPrice>
    <yourDealerPrice>110.40</yourDealerPrice>
    <baseRetailPrice>169.95</baseRetailPrice>
    <originalRetailPrice>169.95</originalRetailPrice>
    <partImage>http://asset.lemansnet.com/z/LzIvQi9GLzJCRkYyOTdBLUQ1NDQtNERERi05NUNELTIzQzUyMzJDMTRCQw==</partImage>
    <productId>1756507472</productId>
    <productName>Offset Transmission Sprocket</productName>
    <productImage>http://asset.lemansnet.com/z/L0YvMS83L0YxNzQ1RTA0LTNEMDUtNDlBOC1CRTQyLUNEREJFQjVFMEM1Qw==</productImage>
    <bullet1>CNC-machined from a premium nickel, chromoly steel (8620), case-hardened and finished with an electroless nickel plating for corrosion/wear resistance and lubricity</bullet1>
    <bullet2>Sprockets are drilled and tapped to accommodate late-model lock plate, PART #DS-360182, available separately</bullet2>
    <bullet3>Offset measurement is taken from the face that rests against the mainshaft bearing to the inside of the teeth for "Total Offset" description</bullet3>
    <bullet4>For use with .530 pitch chain</bullet4>
    <bullet5>Made in the U.S.A.</bullet5>
    <bullet6/>
    <bullet7/>
    <bullet8/>
    <bullet9/>
    <bullet10/>
    <bullet11/>
    <bullet12/>
    <bullet13/>
    <bullet14/>
    <bullet15/>
    <bullet16/>
    <bullet17/>
    <bullet18/>
    <bullet19/>
    <bullet20/>
    <bullet21/>
    <bullet22/>
    <bullet23/>
    <bullet24/>
    <vendorPriceUpdateDate>2023-01-17 00:00:00</vendorPriceUpdateDate>
  </part>
  <part>
    <partNumber>12120318</partNumber>
    <punctuatedPartNumber>1212-0318</punctuatedPartNumber>
    <partStatusDescription>STANDARD</partStatusDescription>
    <partDescription>Front Sprocket - 19 Tooth - Sportster</partDescription>
    <unitOfMeasure>Each</unitOfMeasure>
    <brandName>PBI</brandName>
    <supplierNumber>277X-19-520</supplierNumber>
    <specialInstructions/>
    <baseDealerPrice>42.40</baseDealerPrice>
    <yourDealerPrice>42.40</yourDealerPrice>
    <baseRetailPrice>65.95</baseRetailPrice>
    <originalRetailPrice>56.95</originalRetailPrice>
    <partImage>http://asset.lemansnet.com/z/LzcvNy84Lzc3OEYyNzI1LUFCODMtNEU2Mi1BQzI4LTMyQkVDMjlFQ0U3Qw==</partImage>
    <productId>0095698433</productId>
    <productName>520 Sprocket Conversion — Conversion</productName>
    <productImage>http://asset.lemansnet.com/z/LzkvMS9BLzkxQUY1MkVDLUQwNEMtNEMwQy1CRjc4LThFOTNDMkY5MUUzNw==</productImage>
    <bullet1>Sprockets are sold each; must order one front and one rear sprocket</bullet1>
    <bullet2>Made in the U.S.A.</bullet2>
    <bullet3>May require custom spacing of front sprocket.</bullet3>
    <bullet4/>
    <bullet5/>
    <bullet6/>
    <bullet7/>
    <bullet8/>
    <bullet9/>
    <bullet10/>
    <bullet11/>
    <bullet12/>
    <bullet13/>
    <bullet14/>
    <bullet15/>
    <bullet16/>
    <bullet17/>
    <bullet18/>
    <bullet19/>
    <bullet20/>
    <bullet21/>
    <bullet22/>
    <bullet23/>
    <bullet24/>
    <vendorPriceUpdateDate>2023-01-17 00:00:00</vendorPriceUpdateDate>
  </part>
  <part>
    <partNumber>12120319</partNumber>
    <punctuatedPartNumber>1212-0319</punctuatedPartNumber>
    <partStatusDescription>STANDARD</partStatusDescription>
    <partDescription>Front Sprocket - 20 Tooth - Sportster</partDescription>
    <unitOfMeasure>Each</unitOfMeasure>
    <brandName>PBI</brandName>
    <supplierNumber>277X-20-520</supplierNumber>
    <specialInstructions/>
    <baseDealerPrice>44.50</baseDealerPrice>
    <yourDealerPrice>44.50</yourDealerPrice>
    <baseRetailPrice>68.95</baseRetailPrice>
    <originalRetailPrice>59.95</originalRetailPrice>
    <partImage>http://asset.lemansnet.com/z/LzcvNy84Lzc3OEYyNzI1LUFCODMtNEU2Mi1BQzI4LTMyQkVDMjlFQ0U3Qw==</partImage>
    <productId>0095698433</productId>
    <productName>520 Sprocket Conversion — Conversion</productName>
    <productImage>http://asset.lemansnet.com/z/LzkvMS9BLzkxQUY1MkVDLUQwNEMtNEMwQy1CRjc4LThFOTNDMkY5MUUzNw==</productImage>
    <bullet1>Sprockets are sold each; must order one front and one rear sprocket</bullet1>
    <bullet2>Made in the U.S.A.</bullet2>
    <bullet3>May require custom spacing of front sprocket.</bullet3>
    <bullet4/>
    <bullet5/>
    <bullet6/>
    <bullet7/>
    <bullet8/>
    <bullet9/>
    <bullet10/>
    <bullet11/>
    <bullet12/>
    <bullet13/>
    <bullet14/>
    <bullet15/>
    <bullet16/>
    <bullet17/>
    <bullet18/>
    <bullet19/>
    <bullet20/>
    <bullet21/>
    <bullet22/>
    <bullet23/>
    <bullet24/>
    <vendorPriceUpdateDate>2023-01-17 00:00:00</vendorPriceUpdateDate>
  </part>
  <part>
    <partNumber>12120322</partNumber>
    <punctuatedPartNumber>1212-0322</punctuatedPartNumber>
    <partStatusDescription>STANDARD</partStatusDescription>
    <partDescription>Front Sprocket - 23 Tooth - Sportster</partDescription>
    <unitOfMeasure>Each</unitOfMeasure>
    <brandName>PBI</brandName>
    <supplierNumber>277X-23-520</supplierNumber>
    <specialInstructions/>
    <baseDealerPrice>50.90</baseDealerPrice>
    <yourDealerPrice>50.90</yourDealerPrice>
    <baseRetailPrice>78.95</baseRetailPrice>
    <originalRetailPrice>68.95</originalRetailPrice>
    <partImage>http://asset.lemansnet.com/z/LzcvNy84Lzc3OEYyNzI1LUFCODMtNEU2Mi1BQzI4LTMyQkVDMjlFQ0U3Qw==</partImage>
    <productId>0095698433</productId>
    <productName>520 Sprocket Conversion — Conversion</productName>
    <productImage>http://asset.lemansnet.com/z/LzkvMS9BLzkxQUY1MkVDLUQwNEMtNEMwQy1CRjc4LThFOTNDMkY5MUUzNw==</productImage>
    <bullet1>Sprockets are sold each; must order one front and one rear sprocket</bullet1>
    <bullet2>Made in the U.S.A.</bullet2>
    <bullet3>May require custom spacing of front sprocket.</bullet3>
    <bullet4/>
    <bullet5/>
    <bullet6/>
    <bullet7/>
    <bullet8/>
    <bullet9/>
    <bullet10/>
    <bullet11/>
    <bullet12/>
    <bullet13/>
    <bullet14/>
    <bullet15/>
    <bullet16/>
    <bullet17/>
    <bullet18/>
    <bullet19/>
    <bullet20/>
    <bullet21/>
    <bullet22/>
    <bullet23/>
    <bullet24/>
    <vendorPriceUpdateDate>2023-01-17 00:00:00</vendorPriceUpdateDate>
  </part>
  <part>
    <partNumber>DS191081</partNumber>
    <punctuatedPartNumber>DS-191081</punctuatedPartNumber>
    <partStatusDescription>STANDARD</partStatusDescription>
    <partDescription>Transmission Mainshaft Sprocket - 19-Tooth - XL</partDescription>
    <unitOfMeasure>Each</unitOfMeasure>
    <brandName>PBI</brandName>
    <supplierNumber>277-19</supplierNumber>
    <specialInstructions/>
    <baseDealerPrice>42.40</baseDealerPrice>
    <yourDealerPrice>42.40</yourDealerPrice>
    <baseRetailPrice>65.95</baseRetailPrice>
    <originalRetailPrice>56.95</originalRetailPrice>
    <partImage>http://asset.lemansnet.com/z/LzkvRi84LzlGOEZDQjY3LUZCODAtNDM1Ri1BMEU1LTk0MDg1QjhEMjI0Qw==</partImage>
    <productId>0662654839</productId>
    <productName>Transmission Mainshaft Sprocket</productName>
    <productImage>http://asset.lemansnet.com/z/LzcvQi8zLzdCMzE1N0JBLUFBRDMtNEY0Qy04NUIxLUQ5NDk0NEU1RURFRg==</productImage>
    <bullet1>Premium chromoly steel (8620) heat-treated one-piece sprockets machined on computer-controlled lathes</bullet1>
    <bullet2>Broached specifically for maximum spline-to-shaft contact for optimum load bearing</bullet2>
    <bullet3>For use with 530 chain</bullet3>
    <bullet4>Made in the U.S.A.</bullet4>
    <bullet5/>
    <bullet6/>
    <bullet7/>
    <bullet8/>
    <bullet9/>
    <bullet10/>
    <bullet11/>
    <bullet12/>
    <bullet13/>
    <bullet14/>
    <bullet15/>
    <bullet16/>
    <bullet17/>
    <bullet18/>
    <bullet19/>
    <bullet20/>
    <bullet21/>
    <bullet22/>
    <bullet23/>
    <bullet24/>
    <vendorPriceUpdateDate>2023-01-17 00:00:00</vendorPriceUpdateDate>
  </part>
  <part>
    <partNumber>DS191084</partNumber>
    <punctuatedPartNumber>DS-191084</punctuatedPartNumber>
    <partStatusDescription>STANDARD</partStatusDescription>
    <partDescription>Transmission Mainshaft Sprocket - 24-Tooth</partDescription>
    <unitOfMeasure>Each</unitOfMeasure>
    <brandName>PBI</brandName>
    <supplierNumber>279-24</supplierNumber>
    <specialInstructions/>
    <baseDealerPrice>35.50</baseDealerPrice>
    <yourDealerPrice>35.50</yourDealerPrice>
    <baseRetailPrice>54.95</baseRetailPrice>
    <originalRetailPrice>48.95</originalRetailPrice>
    <partImage>http://asset.lemansnet.com/z/LzQvOC8yLzQ4MkQwQjdGLTgwMjktNDlBNy04NzlBLUI3MzY5MUMwOTk4Rg==</partImage>
    <productId>2072542216</productId>
    <productName>Transmission Mainshaft Sprocket</productName>
    <productImage>http://asset.lemansnet.com/z/LzcvQi8zLzdCMzE1N0JBLUFBRDMtNEY0Qy04NUIxLUQ5NDk0NEU1RURFRg==</productImage>
    <bullet1>Premium chromoly steel (8620) heat-treated one-piece sprockets machined on computer-controlled lathes</bullet1>
    <bullet2>Broached specifically for maximum spline-to-shaft contact for optimum load bearing</bullet2>
    <bullet3>For use with 530 chain</bullet3>
    <bullet4>Made in the U.S.A.</bullet4>
    <bullet5/>
    <bullet6/>
    <bullet7/>
    <bullet8/>
    <bullet9/>
    <bullet10/>
    <bullet11/>
    <bullet12/>
    <bullet13/>
    <bullet14/>
    <bullet15/>
    <bullet16/>
    <bullet17/>
    <bullet18/>
    <bullet19/>
    <bullet20/>
    <bullet21/>
    <bullet22/>
    <bullet23/>
    <bullet24/>
    <vendorPriceUpdateDate>2023-01-17 00:00:00</vendorPriceUpdateDate>
  </part>
  <part>
    <partNumber>DS191086</partNumber>
    <punctuatedPartNumber>DS-191086</punctuatedPartNumber>
    <partStatusDescription>STANDARD</partStatusDescription>
    <partDescription>Transmission Mainshaft Sprocket - 22-Tooth</partDescription>
    <unitOfMeasure>Each</unitOfMeasure>
    <brandName>PBI</brandName>
    <supplierNumber>278-22</supplierNumber>
    <specialInstructions/>
    <baseDealerPrice>35.50</baseDealerPrice>
    <yourDealerPrice>35.50</yourDealerPrice>
    <baseRetailPrice>54.95</baseRetailPrice>
    <originalRetailPrice>48.95</originalRetailPrice>
    <partImage>http://asset.lemansnet.com/z/LzkvRi84LzlGOEZDQjY3LUZCODAtNDM1Ri1BMEU1LTk0MDg1QjhEMjI0Qw==</partImage>
    <productId>0694427455</productId>
    <productName>Transmission Mainshaft Sprocket</productName>
    <productImage>http://asset.lemansnet.com/z/LzcvQi8zLzdCMzE1N0JBLUFBRDMtNEY0Qy04NUIxLUQ5NDk0NEU1RURFRg==</productImage>
    <bullet1>Premium chromoly steel (8620) heat-treated one-piece sprockets machined on computer-controlled lathes</bullet1>
    <bullet2>Broached specifically for maximum spline-to-shaft contact for optimum load bearing</bullet2>
    <bullet3>For use with 530 chain</bullet3>
    <bullet4>Made in the U.S.A.</bullet4>
    <bullet5/>
    <bullet6/>
    <bullet7/>
    <bullet8/>
    <bullet9/>
    <bullet10/>
    <bullet11/>
    <bullet12/>
    <bullet13/>
    <bullet14/>
    <bullet15/>
    <bullet16/>
    <bullet17/>
    <bullet18/>
    <bullet19/>
    <bullet20/>
    <bullet21/>
    <bullet22/>
    <bullet23/>
    <bullet24/>
    <vendorPriceUpdateDate>2023-01-17 00:00:00</vendorPriceUpdateDate>
  </part>
  <part>
    <partNumber>DS191087</partNumber>
    <punctuatedPartNumber>DS-191087</punctuatedPartNumber>
    <partStatusDescription>STANDARD</partStatusDescription>
    <partDescription>Transmission Mainshaft Sprocket - 23 Tooth</partDescription>
    <unitOfMeasure>Each</unitOfMeasure>
    <brandName>PBI</brandName>
    <supplierNumber>278-23</supplierNumber>
    <specialInstructions/>
    <baseDealerPrice>35.50</baseDealerPrice>
    <yourDealerPrice>35.50</yourDealerPrice>
    <baseRetailPrice>54.95</baseRetailPrice>
    <originalRetailPrice>48.95</originalRetailPrice>
    <partImage>http://asset.lemansnet.com/z/LzIvNC9FLzI0RTQzMzgxLUI4MzgtNEE2Ni1BNjUyLUVBNkZGRTlGRjM1Mw==</partImage>
    <productId>0662654839</productId>
    <productName>Transmission Mainshaft Sprocket</productName>
    <productImage>http://asset.lemansnet.com/z/LzcvQi8zLzdCMzE1N0JBLUFBRDMtNEY0Qy04NUIxLUQ5NDk0NEU1RURFRg==</productImage>
    <bullet1>Premium chromoly steel (8620) heat-treated one-piece sprockets machined on computer-controlled lathes</bullet1>
    <bullet2>Broached specifically for maximum spline-to-shaft contact for optimum load bearing</bullet2>
    <bullet3>For use with 530 chain</bullet3>
    <bullet4>Made in the U.S.A.</bullet4>
    <bullet5/>
    <bullet6/>
    <bullet7/>
    <bullet8/>
    <bullet9/>
    <bullet10/>
    <bullet11/>
    <bullet12/>
    <bullet13/>
    <bullet14/>
    <bullet15/>
    <bullet16/>
    <bullet17/>
    <bullet18/>
    <bullet19/>
    <bullet20/>
    <bullet21/>
    <bullet22/>
    <bullet23/>
    <bullet24/>
    <vendorPriceUpdateDate>2023-01-17 00:00:00</vendorPriceUpdateDate>
  </part>
  <part>
    <partNumber>DS191090</partNumber>
    <punctuatedPartNumber>DS-191090</punctuatedPartNumber>
    <partStatusDescription>STANDARD</partStatusDescription>
    <partDescription>Transmission Mainshaft Sprocket - 21-Tooth - XL</partDescription>
    <unitOfMeasure>Each</unitOfMeasure>
    <brandName>PBI</brandName>
    <supplierNumber>277-21</supplierNumber>
    <specialInstructions/>
    <baseDealerPrice>46.70</baseDealerPrice>
    <yourDealerPrice>46.70</yourDealerPrice>
    <baseRetailPrice>71.95</baseRetailPrice>
    <originalRetailPrice>62.95</originalRetailPrice>
    <partImage>http://asset.lemansnet.com/z/LzkvRi84LzlGOEZDQjY3LUZCODAtNDM1Ri1BMEU1LTk0MDg1QjhEMjI0Qw==</partImage>
    <productId>0662654839</productId>
    <productName>Transmission Mainshaft Sprocket</productName>
    <productImage>http://asset.lemansnet.com/z/LzcvQi8zLzdCMzE1N0JBLUFBRDMtNEY0Qy04NUIxLUQ5NDk0NEU1RURFRg==</productImage>
    <bullet1>Premium chromoly steel (8620) heat-treated one-piece sprockets machined on computer-controlled lathes</bullet1>
    <bullet2>Broached specifically for maximum spline-to-shaft contact for optimum load bearing</bullet2>
    <bullet3>For use with 530 chain</bullet3>
    <bullet4>Made in the U.S.A.</bullet4>
    <bullet5/>
    <bullet6/>
    <bullet7/>
    <bullet8/>
    <bullet9/>
    <bullet10/>
    <bullet11/>
    <bullet12/>
    <bullet13/>
    <bullet14/>
    <bullet15/>
    <bullet16/>
    <bullet17/>
    <bullet18/>
    <bullet19/>
    <bullet20/>
    <bullet21/>
    <bullet22/>
    <bullet23/>
    <bullet24/>
    <vendorPriceUpdateDate>2023-01-17 00:00:00</vendorPriceUpdateDate>
  </part>
  <part>
    <partNumber>DS191092</partNumber>
    <punctuatedPartNumber>DS-191092</punctuatedPartNumber>
    <partStatusDescription>STANDARD</partStatusDescription>
    <partDescription>Transmission Mainshaft Sprocket - 23-Tooth - XL</partDescription>
    <unitOfMeasure>Each</unitOfMeasure>
    <brandName>PBI</brandName>
    <supplierNumber>277-23</supplierNumber>
    <specialInstructions/>
    <baseDealerPrice>50.90</baseDealerPrice>
    <yourDealerPrice>50.90</yourDealerPrice>
    <baseRetailPrice>78.95</baseRetailPrice>
    <originalRetailPrice>68.95</originalRetailPrice>
    <partImage>http://asset.lemansnet.com/z/LzkvRi84LzlGOEZDQjY3LUZCODAtNDM1Ri1BMEU1LTk0MDg1QjhEMjI0Qw==</partImage>
    <productId>0662654839</productId>
    <productName>Transmission Mainshaft Sprocket</productName>
    <productImage>http://asset.lemansnet.com/z/LzcvQi8zLzdCMzE1N0JBLUFBRDMtNEY0Qy04NUIxLUQ5NDk0NEU1RURFRg==</productImage>
    <bullet1>Premium chromoly steel (8620) heat-treated one-piece sprockets machined on computer-controlled lathes</bullet1>
    <bullet2>Broached specifically for maximum spline-to-shaft contact for optimum load bearing</bullet2>
    <bullet3>For use with 530 chain</bullet3>
    <bullet4>Made in the U.S.A.</bullet4>
    <bullet5/>
    <bullet6/>
    <bullet7/>
    <bullet8/>
    <bullet9/>
    <bullet10/>
    <bullet11/>
    <bullet12/>
    <bullet13/>
    <bullet14/>
    <bullet15/>
    <bullet16/>
    <bullet17/>
    <bullet18/>
    <bullet19/>
    <bullet20/>
    <bullet21/>
    <bullet22/>
    <bullet23/>
    <bullet24/>
    <vendorPriceUpdateDate>2023-01-17 00:00:00</vendorPriceUpdateDate>
  </part>
  <part>
    <partNumber>PBI28122</partNumber>
    <punctuatedPartNumber>PBI-281-22</punctuatedPartNumber>
    <partStatusDescription>STANDARD</partStatusDescription>
    <partDescription>Offset Transmission Sprocket - 22 Tooth - Harley-Davidson/Buell</partDescription>
    <unitOfMeasure>Each</unitOfMeasure>
    <brandName>PBI</brandName>
    <supplierNumber>281-22</supplierNumber>
    <specialInstructions/>
    <baseDealerPrice>73.80</baseDealerPrice>
    <yourDealerPrice>73.80</yourDealerPrice>
    <baseRetailPrice>113.95</baseRetailPrice>
    <originalRetailPrice>113.95</originalRetailPrice>
    <partImage>http://asset.lemansnet.com/z/LzUvQy8yLzVDMjA5RTg0LTdCMjAtNDFFOS05MjNFLTJCRDM1NkE4QTg1MQ==</partImage>
    <productId>1756507472</productId>
    <productName>Offset Transmission Sprocket</productName>
    <productImage>http://asset.lemansnet.com/z/L0YvMS83L0YxNzQ1RTA0LTNEMDUtNDlBOC1CRTQyLUNEREJFQjVFMEM1Qw==</productImage>
    <bullet1>CNC-machined from a premium nickel, chromoly steel (8620), case-hardened and finished with an electroless nickel plating for corrosion/wear resistance and lubricity</bullet1>
    <bullet2>Sprockets are drilled and tapped to accommodate late-model lock plate, PART #DS-360182, available separately</bullet2>
    <bullet3>Offset measurement is taken from the face that rests against the mainshaft bearing to the inside of the teeth for "Total Offset" description</bullet3>
    <bullet4>For use with .530 pitch chain</bullet4>
    <bullet5>Made in the U.S.A.</bullet5>
    <bullet6/>
    <bullet7/>
    <bullet8/>
    <bullet9/>
    <bullet10/>
    <bullet11/>
    <bullet12/>
    <bullet13/>
    <bullet14/>
    <bullet15/>
    <bullet16/>
    <bullet17/>
    <bullet18/>
    <bullet19/>
    <bullet20/>
    <bullet21/>
    <bullet22/>
    <bullet23/>
    <bullet24/>
    <vendorPriceUpdateDate>2023-01-17 00:00:00</vendorPriceUpdateDate>
  </part>
  <part>
    <partNumber>PBI28123</partNumber>
    <punctuatedPartNumber>PBI-281-23</punctuatedPartNumber>
    <partStatusDescription>STANDARD</partStatusDescription>
    <partDescription>Offset Transmission Sprocket - 23 Tooth - Harley-Davidson/Buell</partDescription>
    <unitOfMeasure>Each</unitOfMeasure>
    <brandName>PBI</brandName>
    <supplierNumber>281-23</supplierNumber>
    <specialInstructions/>
    <baseDealerPrice>83.00</baseDealerPrice>
    <yourDealerPrice>83.00</yourDealerPrice>
    <baseRetailPrice>127.95</baseRetailPrice>
    <originalRetailPrice>127.95</originalRetailPrice>
    <partImage>http://asset.lemansnet.com/z/LzIvNC9CLzI0QjFBRTlELTJCQTYtNEU2OC1CRDk1LUIwMzM3MjgxMzAyQQ==</partImage>
    <productId>1756507472</productId>
    <productName>Offset Transmission Sprocket</productName>
    <productImage>http://asset.lemansnet.com/z/L0YvMS83L0YxNzQ1RTA0LTNEMDUtNDlBOC1CRTQyLUNEREJFQjVFMEM1Qw==</productImage>
    <bullet1>CNC-machined from a premium nickel, chromoly steel (8620), case-hardened and finished with an electroless nickel plating for corrosion/wear resistance and lubricity</bullet1>
    <bullet2>Sprockets are drilled and tapped to accommodate late-model lock plate, PART #DS-360182, available separately</bullet2>
    <bullet3>Offset measurement is taken from the face that rests against the mainshaft bearing to the inside of the teeth for "Total Offset" description</bullet3>
    <bullet4>For use with .530 pitch chain</bullet4>
    <bullet5>Made in the U.S.A.</bullet5>
    <bullet6/>
    <bullet7/>
    <bullet8/>
    <bullet9/>
    <bullet10/>
    <bullet11/>
    <bullet12/>
    <bullet13/>
    <bullet14/>
    <bullet15/>
    <bullet16/>
    <bullet17/>
    <bullet18/>
    <bullet19/>
    <bullet20/>
    <bullet21/>
    <bullet22/>
    <bullet23/>
    <bullet24/>
    <vendorPriceUpdateDate>2023-01-17 00:00:00</vendorPriceUpdateDate>
  </part>
  <part>
    <partNumber>PBI28124</partNumber>
    <punctuatedPartNumber>PBI-281-24</punctuatedPartNumber>
    <partStatusDescription>STANDARD</partStatusDescription>
    <partDescription>Offset Transmission Sprocket - 24 Tooth - Harley-Davidson/Buell</partDescription>
    <unitOfMeasure>Each</unitOfMeasure>
    <brandName>PBI</brandName>
    <supplierNumber>281-24</supplierNumber>
    <specialInstructions/>
    <baseDealerPrice>88.60</baseDealerPrice>
    <yourDealerPrice>88.60</yourDealerPrice>
    <baseRetailPrice>136.95</baseRetailPrice>
    <originalRetailPrice>136.95</originalRetailPrice>
    <partImage>http://asset.lemansnet.com/z/LzMvOS8wLzM5MEFGODQ0LUExMUMtNDBDRi04RTM3LTc5REVDMTEzOTg4RQ==</partImage>
    <productId>1756507472</productId>
    <productName>Offset Transmission Sprocket</productName>
    <productImage>http://asset.lemansnet.com/z/L0YvMS83L0YxNzQ1RTA0LTNEMDUtNDlBOC1CRTQyLUNEREJFQjVFMEM1Qw==</productImage>
    <bullet1>CNC-machined from a premium nickel, chromoly steel (8620), case-hardened and finished with an electroless nickel plating for corrosion/wear resistance and lubricity</bullet1>
    <bullet2>Sprockets are drilled and tapped to accommodate late-model lock plate, PART #DS-360182, available separately</bullet2>
    <bullet3>Offset measurement is taken from the face that rests against the mainshaft bearing to the inside of the teeth for "Total Offset" description</bullet3>
    <bullet4>For use with .530 pitch chain</bullet4>
    <bullet5>Made in the U.S.A.</bullet5>
    <bullet6/>
    <bullet7/>
    <bullet8/>
    <bullet9/>
    <bullet10/>
    <bullet11/>
    <bullet12/>
    <bullet13/>
    <bullet14/>
    <bullet15/>
    <bullet16/>
    <bullet17/>
    <bullet18/>
    <bullet19/>
    <bullet20/>
    <bullet21/>
    <bullet22/>
    <bullet23/>
    <bullet24/>
    <vendorPriceUpdateDate>2023-01-17 00:00:00</vendorPriceUpdateDate>
  </part>
  <part>
    <partNumber>PBI28823</partNumber>
    <punctuatedPartNumber>PBI-288-23</punctuatedPartNumber>
    <partStatusDescription>STANDARD</partStatusDescription>
    <partDescription>Offset Transmission Sprocket - 23 Tooth - Harley-Davidson/Buell</partDescription>
    <unitOfMeasure>Each</unitOfMeasure>
    <brandName>PBI</brandName>
    <supplierNumber>288-23</supplierNumber>
    <specialInstructions/>
    <baseDealerPrice>97.80</baseDealerPrice>
    <yourDealerPrice>97.80</yourDealerPrice>
    <baseRetailPrice>150.95</baseRetailPrice>
    <originalRetailPrice>150.95</originalRetailPrice>
    <partImage>http://asset.lemansnet.com/z/LzQvNi8zLzQ2Mzc5RjNGLUY3NDEtNEQ4Ni04MzlDLTQ1OUEzMTJFNjQ2Nw==</partImage>
    <productId>1756507472</productId>
    <productName>Offset Transmission Sprocket</productName>
    <productImage>http://asset.lemansnet.com/z/L0YvMS83L0YxNzQ1RTA0LTNEMDUtNDlBOC1CRTQyLUNEREJFQjVFMEM1Qw==</productImage>
    <bullet1>CNC-machined from a premium nickel, chromoly steel (8620), case-hardened and finished with an electroless nickel plating for corrosion/wear resistance and lubricity</bullet1>
    <bullet2>Sprockets are drilled and tapped to accommodate late-model lock plate, PART #DS-360182, available separately</bullet2>
    <bullet3>Offset measurement is taken from the face that rests against the mainshaft bearing to the inside of the teeth for "Total Offset" description</bullet3>
    <bullet4>For use with .530 pitch chain</bullet4>
    <bullet5>Made in the U.S.A.</bullet5>
    <bullet6/>
    <bullet7/>
    <bullet8/>
    <bullet9/>
    <bullet10/>
    <bullet11/>
    <bullet12/>
    <bullet13/>
    <bullet14/>
    <bullet15/>
    <bullet16/>
    <bullet17/>
    <bullet18/>
    <bullet19/>
    <bullet20/>
    <bullet21/>
    <bullet22/>
    <bullet23/>
    <bullet24/>
    <vendorPriceUpdateDate>2023-01-17 00:00:00</vendorPriceUpdateDate>
  </part>
  <part>
    <partNumber>PBI28824</partNumber>
    <punctuatedPartNumber>PBI-288-24</punctuatedPartNumber>
    <partStatusDescription>STANDARD</partStatusDescription>
    <partDescription>Offset Transmission Sprocket - 24 Tooth - Harley-Davidson/Buell</partDescription>
    <unitOfMeasure>Each</unitOfMeasure>
    <brandName>PBI</brandName>
    <supplierNumber>288-24</supplierNumber>
    <specialInstructions/>
    <baseDealerPrice>102.50</baseDealerPrice>
    <yourDealerPrice>102.50</yourDealerPrice>
    <baseRetailPrice>157.95</baseRetailPrice>
    <originalRetailPrice>157.95</originalRetailPrice>
    <partImage>http://asset.lemansnet.com/z/LzcvNS9DLzc1QzgwRTJCLUQwNzAtNDhDQy1BNTBDLTQ0Qjk3QzM1MDYwMw==</partImage>
    <productId>1756507472</productId>
    <productName>Offset Transmission Sprocket</productName>
    <productImage>http://asset.lemansnet.com/z/L0YvMS83L0YxNzQ1RTA0LTNEMDUtNDlBOC1CRTQyLUNEREJFQjVFMEM1Qw==</productImage>
    <bullet1>CNC-machined from a premium nickel, chromoly steel (8620), case-hardened and finished with an electroless nickel plating for corrosion/wear resistance and lubricity</bullet1>
    <bullet2>Sprockets are drilled and tapped to accommodate late-model lock plate, PART #DS-360182, available separately</bullet2>
    <bullet3>Offset measurement is taken from the face that rests against the mainshaft bearing to the inside of the teeth for "Total Offset" description</bullet3>
    <bullet4>For use with .530 pitch chain</bullet4>
    <bullet5>Made in the U.S.A.</bullet5>
    <bullet6/>
    <bullet7/>
    <bullet8/>
    <bullet9/>
    <bullet10/>
    <bullet11/>
    <bullet12/>
    <bullet13/>
    <bullet14/>
    <bullet15/>
    <bullet16/>
    <bullet17/>
    <bullet18/>
    <bullet19/>
    <bullet20/>
    <bullet21/>
    <bullet22/>
    <bullet23/>
    <bullet24/>
    <vendorPriceUpdateDate>2023-01-17 00:00:00</vendorPriceUpdateDate>
  </part>
  <part>
    <partNumber>DS191082</partNumber>
    <punctuatedPartNumber>DS-191082</punctuatedPartNumber>
    <partStatusDescription>STANDARD</partStatusDescription>
    <partDescription>Transmission Mainshaft Sprocket - 22-Tooth</partDescription>
    <unitOfMeasure>Each</unitOfMeasure>
    <brandName>PBI</brandName>
    <supplierNumber>279-22</supplierNumber>
    <specialInstructions/>
    <baseDealerPrice>35.50</baseDealerPrice>
    <yourDealerPrice>35.50</yourDealerPrice>
    <baseRetailPrice>54.95</baseRetailPrice>
    <originalRetailPrice>48.95</originalRetailPrice>
    <partImage>http://asset.lemansnet.com/z/L0IvNC9BL0I0QUZBMzc3LTY0MDQtNDk4My1CQTFFLTExNDQ2NjVGNjEzQw==</partImage>
    <productId>0952509365</productId>
    <productName>Transmission Mainshaft Sprocket</productName>
    <productImage>http://asset.lemansnet.com/z/LzcvQi8zLzdCMzE1N0JBLUFBRDMtNEY0Qy04NUIxLUQ5NDk0NEU1RURFRg==</productImage>
    <bullet1>Premium chromoly steel (8620) heat-treated one-piece sprockets machined on computer-controlled lathes</bullet1>
    <bullet2>Broached specifically for maximum spline-to-shaft contact for optimum load bearing</bullet2>
    <bullet3>For use with 530 chain</bullet3>
    <bullet4>Made in the U.S.A.</bullet4>
    <bullet5/>
    <bullet6/>
    <bullet7/>
    <bullet8/>
    <bullet9/>
    <bullet10/>
    <bullet11/>
    <bullet12/>
    <bullet13/>
    <bullet14/>
    <bullet15/>
    <bullet16/>
    <bullet17/>
    <bullet18/>
    <bullet19/>
    <bullet20/>
    <bullet21/>
    <bullet22/>
    <bullet23/>
    <bullet24/>
    <vendorPriceUpdateDate>2023-01-17 00:00:00</vendorPriceUpdateDate>
  </part>
  <part>
    <partNumber>DS191083</partNumber>
    <punctuatedPartNumber>DS-191083</punctuatedPartNumber>
    <partStatusDescription>STANDARD</partStatusDescription>
    <partDescription>Transmission Mainshaft Sprocket - 23-Tooth</partDescription>
    <unitOfMeasure>Each</unitOfMeasure>
    <brandName>PBI</brandName>
    <supplierNumber>279-23</supplierNumber>
    <specialInstructions/>
    <baseDealerPrice>35.50</baseDealerPrice>
    <yourDealerPrice>35.50</yourDealerPrice>
    <baseRetailPrice>54.95</baseRetailPrice>
    <originalRetailPrice>48.95</originalRetailPrice>
    <partImage>http://asset.lemansnet.com/z/L0QvQy81L0RDNTkxNkRGLTcyMjQtNEU4OC05MjY2LUJDNDhDNEUwNTZGNw==</partImage>
    <productId>0662654839</productId>
    <productName>Transmission Mainshaft Sprocket</productName>
    <productImage>http://asset.lemansnet.com/z/LzcvQi8zLzdCMzE1N0JBLUFBRDMtNEY0Qy04NUIxLUQ5NDk0NEU1RURFRg==</productImage>
    <bullet1>Premium chromoly steel (8620) heat-treated one-piece sprockets machined on computer-controlled lathes</bullet1>
    <bullet2>Broached specifically for maximum spline-to-shaft contact for optimum load bearing</bullet2>
    <bullet3>For use with 530 chain</bullet3>
    <bullet4>Made in the U.S.A.</bullet4>
    <bullet5/>
    <bullet6/>
    <bullet7/>
    <bullet8/>
    <bullet9/>
    <bullet10/>
    <bullet11/>
    <bullet12/>
    <bullet13/>
    <bullet14/>
    <bullet15/>
    <bullet16/>
    <bullet17/>
    <bullet18/>
    <bullet19/>
    <bullet20/>
    <bullet21/>
    <bullet22/>
    <bullet23/>
    <bullet24/>
    <vendorPriceUpdateDate>2023-01-17 00:00:00</vendorPriceUpdateDate>
  </part>
  <part>
    <partNumber>DS191091</partNumber>
    <punctuatedPartNumber>DS-191091</punctuatedPartNumber>
    <partStatusDescription>STANDARD</partStatusDescription>
    <partDescription>Transmission Mainshaft Sprocket - 22-Tooth - XL</partDescription>
    <unitOfMeasure>Each</unitOfMeasure>
    <brandName>PBI</brandName>
    <supplierNumber>277-22</supplierNumber>
    <specialInstructions/>
    <baseDealerPrice>48.90</baseDealerPrice>
    <yourDealerPrice>48.90</yourDealerPrice>
    <baseRetailPrice>75.95</baseRetailPrice>
    <originalRetailPrice>65.95</originalRetailPrice>
    <partImage>http://asset.lemansnet.com/z/LzkvRi84LzlGOEZDQjY3LUZCODAtNDM1Ri1BMEU1LTk0MDg1QjhEMjI0Qw==</partImage>
    <productId>0662654839</productId>
    <productName>Transmission Mainshaft Sprocket</productName>
    <productImage>http://asset.lemansnet.com/z/LzcvQi8zLzdCMzE1N0JBLUFBRDMtNEY0Qy04NUIxLUQ5NDk0NEU1RURFRg==</productImage>
    <bullet1>Premium chromoly steel (8620) heat-treated one-piece sprockets machined on computer-controlled lathes</bullet1>
    <bullet2>Broached specifically for maximum spline-to-shaft contact for optimum load bearing</bullet2>
    <bullet3>For use with 530 chain</bullet3>
    <bullet4>Made in the U.S.A.</bullet4>
    <bullet5/>
    <bullet6/>
    <bullet7/>
    <bullet8/>
    <bullet9/>
    <bullet10/>
    <bullet11/>
    <bullet12/>
    <bullet13/>
    <bullet14/>
    <bullet15/>
    <bullet16/>
    <bullet17/>
    <bullet18/>
    <bullet19/>
    <bullet20/>
    <bullet21/>
    <bullet22/>
    <bullet23/>
    <bullet24/>
    <vendorPriceUpdateDate>2023-01-17 00:00:00</vendorPriceUpdateDate>
  </part>
  <part>
    <partNumber>12120137</partNumber>
    <punctuatedPartNumber>1212-0137</punctuatedPartNumber>
    <partStatusDescription>STANDARD</partStatusDescription>
    <partDescription>Offset Transmission Sprocket - 23 Tooth - Harley-Davidson/Buell</partDescription>
    <unitOfMeasure>Each</unitOfMeasure>
    <brandName>PBI</brandName>
    <supplierNumber>283-23</supplierNumber>
    <specialInstructions/>
    <baseDealerPrice>72.00</baseDealerPrice>
    <yourDealerPrice>72.00</yourDealerPrice>
    <baseRetailPrice>110.95</baseRetailPrice>
    <originalRetailPrice>110.95</originalRetailPrice>
    <partImage>http://asset.lemansnet.com/z/L0YvMS83L0YxNzQ1RTA0LTNEMDUtNDlBOC1CRTQyLUNEREJFQjVFMEM1Qw==</partImage>
    <productId>1756507472</productId>
    <productName>Offset Transmission Sprocket</productName>
    <productImage>http://asset.lemansnet.com/z/L0YvMS83L0YxNzQ1RTA0LTNEMDUtNDlBOC1CRTQyLUNEREJFQjVFMEM1Qw==</productImage>
    <bullet1>CNC-machined from a premium nickel, chromoly steel (8620), case-hardened and finished with an electroless nickel plating for corrosion/wear resistance and lubricity</bullet1>
    <bullet2>Sprockets are drilled and tapped to accommodate late-model lock plate, PART #DS-360182, available separately</bullet2>
    <bullet3>Offset measurement is taken from the face that rests against the mainshaft bearing to the inside of the teeth for "Total Offset" description</bullet3>
    <bullet4>For use with .530 pitch chain</bullet4>
    <bullet5>Made in the U.S.A.</bullet5>
    <bullet6/>
    <bullet7/>
    <bullet8/>
    <bullet9/>
    <bullet10/>
    <bullet11/>
    <bullet12/>
    <bullet13/>
    <bullet14/>
    <bullet15/>
    <bullet16/>
    <bullet17/>
    <bullet18/>
    <bullet19/>
    <bullet20/>
    <bullet21/>
    <bullet22/>
    <bullet23/>
    <bullet24/>
    <vendorPriceUpdateDate>2023-01-17 00:00:00</vendorPriceUpdateDate>
  </part>
  <part>
    <partNumber>12120261</partNumber>
    <punctuatedPartNumber>1212-0261</punctuatedPartNumber>
    <partStatusDescription>STANDARD</partStatusDescription>
    <partDescription>Offset Transmission Sprocket - 24 Tooth - Harley-Davidson/Buell</partDescription>
    <unitOfMeasure>Each</unitOfMeasure>
    <brandName>PBI</brandName>
    <supplierNumber>284-24</supplierNumber>
    <specialInstructions/>
    <baseDealerPrice>77.10</baseDealerPrice>
    <yourDealerPrice>77.10</yourDealerPrice>
    <baseRetailPrice>118.95</baseRetailPrice>
    <originalRetailPrice>118.95</originalRetailPrice>
    <partImage>http://asset.lemansnet.com/z/L0MvOS8zL0M5M0JERjFCLTA2MUItNEU1Ny1CREZGLUNERkEzNzVGNjdCOQ==</partImage>
    <productId>1756507472</productId>
    <productName>Offset Transmission Sprocket</productName>
    <productImage>http://asset.lemansnet.com/z/L0YvMS83L0YxNzQ1RTA0LTNEMDUtNDlBOC1CRTQyLUNEREJFQjVFMEM1Qw==</productImage>
    <bullet1>CNC-machined from a premium nickel, chromoly steel (8620), case-hardened and finished with an electroless nickel plating for corrosion/wear resistance and lubricity</bullet1>
    <bullet2>Sprockets are drilled and tapped to accommodate late-model lock plate, PART #DS-360182, available separately</bullet2>
    <bullet3>Offset measurement is taken from the face that rests against the mainshaft bearing to the inside of the teeth for "Total Offset" description</bullet3>
    <bullet4>For use with .530 pitch chain</bullet4>
    <bullet5>Made in the U.S.A.</bullet5>
    <bullet6/>
    <bullet7/>
    <bullet8/>
    <bullet9/>
    <bullet10/>
    <bullet11/>
    <bullet12/>
    <bullet13/>
    <bullet14/>
    <bullet15/>
    <bullet16/>
    <bullet17/>
    <bullet18/>
    <bullet19/>
    <bullet20/>
    <bullet21/>
    <bullet22/>
    <bullet23/>
    <bullet24/>
    <vendorPriceUpdateDate>2023-01-17 00:00:00</vendorPriceUpdateDate>
  </part>
  <part>
    <partNumber>12120320</partNumber>
    <punctuatedPartNumber>1212-0320</punctuatedPartNumber>
    <partStatusDescription>STANDARD</partStatusDescription>
    <partDescription>Front Sprocket - 21 Tooth - Sportster</partDescription>
    <unitOfMeasure>Each</unitOfMeasure>
    <brandName>PBI</brandName>
    <supplierNumber>277X-21-520</supplierNumber>
    <specialInstructions/>
    <baseDealerPrice>46.70</baseDealerPrice>
    <yourDealerPrice>46.70</yourDealerPrice>
    <baseRetailPrice>71.95</baseRetailPrice>
    <originalRetailPrice>62.95</originalRetailPrice>
    <partImage>http://asset.lemansnet.com/z/LzcvNy84Lzc3OEYyNzI1LUFCODMtNEU2Mi1BQzI4LTMyQkVDMjlFQ0U3Qw==</partImage>
    <productId>0095698433</productId>
    <productName>520 Sprocket Conversion — Conversion</productName>
    <productImage>http://asset.lemansnet.com/z/LzkvMS9BLzkxQUY1MkVDLUQwNEMtNEMwQy1CRjc4LThFOTNDMkY5MUUzNw==</productImage>
    <bullet1>Sprockets are sold each; must order one front and one rear sprocket</bullet1>
    <bullet2>Made in the U.S.A.</bullet2>
    <bullet3>May require custom spacing of front sprocket.</bullet3>
    <bullet4/>
    <bullet5/>
    <bullet6/>
    <bullet7/>
    <bullet8/>
    <bullet9/>
    <bullet10/>
    <bullet11/>
    <bullet12/>
    <bullet13/>
    <bullet14/>
    <bullet15/>
    <bullet16/>
    <bullet17/>
    <bullet18/>
    <bullet19/>
    <bullet20/>
    <bullet21/>
    <bullet22/>
    <bullet23/>
    <bullet24/>
    <vendorPriceUpdateDate>2023-01-17 00:00:00</vendorPriceUpdateDate>
  </part>
  <part>
    <partNumber>12120383</partNumber>
    <punctuatedPartNumber>1212-0383</punctuatedPartNumber>
    <partStatusDescription>STANDARD</partStatusDescription>
    <partDescription>Offset Transmission Sprocket - 25 Tooth - Harley-Davidson/Buell</partDescription>
    <unitOfMeasure>Each</unitOfMeasure>
    <brandName>PBI</brandName>
    <supplierNumber>302-25</supplierNumber>
    <specialInstructions/>
    <baseDealerPrice>91.40</baseDealerPrice>
    <yourDealerPrice>91.40</yourDealerPrice>
    <baseRetailPrice>140.95</baseRetailPrice>
    <originalRetailPrice>140.95</originalRetailPrice>
    <partImage>http://asset.lemansnet.com/z/LzcvOC9CLzc4QjgwODFDLTc1NDMtNDY1MS1BRTZFLTg0MEM5QzIxMDk2Qw==</partImage>
    <productId>1756507472</productId>
    <productName>Offset Transmission Sprocket</productName>
    <productImage>http://asset.lemansnet.com/z/L0YvMS83L0YxNzQ1RTA0LTNEMDUtNDlBOC1CRTQyLUNEREJFQjVFMEM1Qw==</productImage>
    <bullet1>CNC-machined from a premium nickel, chromoly steel (8620), case-hardened and finished with an electroless nickel plating for corrosion/wear resistance and lubricity</bullet1>
    <bullet2>Sprockets are drilled and tapped to accommodate late-model lock plate, PART #DS-360182, available separately</bullet2>
    <bullet3>Offset measurement is taken from the face that rests against the mainshaft bearing to the inside of the teeth for "Total Offset" description</bullet3>
    <bullet4>For use with .530 pitch chain</bullet4>
    <bullet5>Made in the U.S.A.</bullet5>
    <bullet6/>
    <bullet7/>
    <bullet8/>
    <bullet9/>
    <bullet10/>
    <bullet11/>
    <bullet12/>
    <bullet13/>
    <bullet14/>
    <bullet15/>
    <bullet16/>
    <bullet17/>
    <bullet18/>
    <bullet19/>
    <bullet20/>
    <bullet21/>
    <bullet22/>
    <bullet23/>
    <bullet24/>
    <vendorPriceUpdateDate>2023-01-17 00:00:00</vendorPriceUpdateDate>
  </part>
  <part>
    <partNumber>DS191025</partNumber>
    <punctuatedPartNumber>DS-191025</punctuatedPartNumber>
    <partStatusDescription>STANDARD</partStatusDescription>
    <partDescription>Transmission Mainshaft Sprocket - 25-Tooth</partDescription>
    <unitOfMeasure>Each</unitOfMeasure>
    <brandName>PBI</brandName>
    <supplierNumber>279-25</supplierNumber>
    <specialInstructions/>
    <baseDealerPrice>38.50</baseDealerPrice>
    <yourDealerPrice>38.50</yourDealerPrice>
    <baseRetailPrice>59.95</baseRetailPrice>
    <originalRetailPrice>52.95</originalRetailPrice>
    <partImage>http://asset.lemansnet.com/z/LzcvQi8zLzdCMzE1N0JBLUFBRDMtNEY0Qy04NUIxLUQ5NDk0NEU1RURFRg==</partImage>
    <productId>0662654839</productId>
    <productName>Transmission Mainshaft Sprocket</productName>
    <productImage>http://asset.lemansnet.com/z/LzcvQi8zLzdCMzE1N0JBLUFBRDMtNEY0Qy04NUIxLUQ5NDk0NEU1RURFRg==</productImage>
    <bullet1>Premium chromoly steel (8620) heat-treated one-piece sprockets machined on computer-controlled lathes</bullet1>
    <bullet2>Broached specifically for maximum spline-to-shaft contact for optimum load bearing</bullet2>
    <bullet3>For use with 530 chain</bullet3>
    <bullet4>Made in the U.S.A.</bullet4>
    <bullet5/>
    <bullet6/>
    <bullet7/>
    <bullet8/>
    <bullet9/>
    <bullet10/>
    <bullet11/>
    <bullet12/>
    <bullet13/>
    <bullet14/>
    <bullet15/>
    <bullet16/>
    <bullet17/>
    <bullet18/>
    <bullet19/>
    <bullet20/>
    <bullet21/>
    <bullet22/>
    <bullet23/>
    <bullet24/>
    <vendorPriceUpdateDate>2023-01-17 00:00:00</vendorPriceUpdateDate>
  </part>
  <part>
    <partNumber>DS191088</partNumber>
    <punctuatedPartNumber>DS-191088</punctuatedPartNumber>
    <partStatusDescription>STANDARD</partStatusDescription>
    <partDescription>Transmission Mainshaft Sprocket - 24 Tooth</partDescription>
    <unitOfMeasure>Each</unitOfMeasure>
    <brandName>PBI</brandName>
    <supplierNumber>278-24</supplierNumber>
    <specialInstructions/>
    <baseDealerPrice>35.50</baseDealerPrice>
    <yourDealerPrice>35.50</yourDealerPrice>
    <baseRetailPrice>54.95</baseRetailPrice>
    <originalRetailPrice>48.95</originalRetailPrice>
    <partImage>http://asset.lemansnet.com/z/LzMvRC83LzNENzU2M0Q4LUE3NDQtNDUyNy1CN0YxLTBGMTRGQjkyRTE1OA==</partImage>
    <productId>1080676169</productId>
    <productName>Transmission Mainshaft Sprocket</productName>
    <productImage>http://asset.lemansnet.com/z/LzcvQi8zLzdCMzE1N0JBLUFBRDMtNEY0Qy04NUIxLUQ5NDk0NEU1RURFRg==</productImage>
    <bullet1>Premium chromoly steel (8620) heat-treated one-piece sprockets machined on computer-controlled lathes</bullet1>
    <bullet2>Broached specifically for maximum spline-to-shaft contact for optimum load bearing</bullet2>
    <bullet3>For use with 530 chain</bullet3>
    <bullet4>Made in the U.S.A.</bullet4>
    <bullet5/>
    <bullet6/>
    <bullet7/>
    <bullet8/>
    <bullet9/>
    <bullet10/>
    <bullet11/>
    <bullet12/>
    <bullet13/>
    <bullet14/>
    <bullet15/>
    <bullet16/>
    <bullet17/>
    <bullet18/>
    <bullet19/>
    <bullet20/>
    <bullet21/>
    <bullet22/>
    <bullet23/>
    <bullet24/>
    <vendorPriceUpdateDate>2023-01-17 00:00:00</vendorPriceUpdateDate>
  </part>
  <part>
    <partNumber>DS191089</partNumber>
    <punctuatedPartNumber>DS-191089</punctuatedPartNumber>
    <partStatusDescription>STANDARD</partStatusDescription>
    <partDescription>Transmission Mainshaft Sprocket - 20-Tooth - XL</partDescription>
    <unitOfMeasure>Each</unitOfMeasure>
    <brandName>PBI</brandName>
    <supplierNumber>277-20</supplierNumber>
    <specialInstructions/>
    <baseDealerPrice>44.50</baseDealerPrice>
    <yourDealerPrice>44.50</yourDealerPrice>
    <baseRetailPrice>68.95</baseRetailPrice>
    <originalRetailPrice>59.95</originalRetailPrice>
    <partImage>http://asset.lemansnet.com/z/LzkvRi84LzlGOEZDQjY3LUZCODAtNDM1Ri1BMEU1LTk0MDg1QjhEMjI0Qw==</partImage>
    <productId>0662654839</productId>
    <productName>Transmission Mainshaft Sprocket</productName>
    <productImage>http://asset.lemansnet.com/z/LzcvQi8zLzdCMzE1N0JBLUFBRDMtNEY0Qy04NUIxLUQ5NDk0NEU1RURFRg==</productImage>
    <bullet1>Premium chromoly steel (8620) heat-treated one-piece sprockets machined on computer-controlled lathes</bullet1>
    <bullet2>Broached specifically for maximum spline-to-shaft contact for optimum load bearing</bullet2>
    <bullet3>For use with 530 chain</bullet3>
    <bullet4>Made in the U.S.A.</bullet4>
    <bullet5/>
    <bullet6/>
    <bullet7/>
    <bullet8/>
    <bullet9/>
    <bullet10/>
    <bullet11/>
    <bullet12/>
    <bullet13/>
    <bullet14/>
    <bullet15/>
    <bullet16/>
    <bullet17/>
    <bullet18/>
    <bullet19/>
    <bullet20/>
    <bullet21/>
    <bullet22/>
    <bullet23/>
    <bullet24/>
    <vendorPriceUpdateDate>2023-01-17 00:00:00</vendorPriceUpdateDate>
  </part>
  <part>
    <partNumber>DS191093</partNumber>
    <punctuatedPartNumber>DS-191093</punctuatedPartNumber>
    <partStatusDescription>STANDARD</partStatusDescription>
    <partDescription>Transmission Mainshaft Sprocket - 24-Tooth - XL</partDescription>
    <unitOfMeasure>Each</unitOfMeasure>
    <brandName>PBI</brandName>
    <supplierNumber>277-24</supplierNumber>
    <specialInstructions/>
    <baseDealerPrice>53.00</baseDealerPrice>
    <yourDealerPrice>53.00</yourDealerPrice>
    <baseRetailPrice>81.95</baseRetailPrice>
    <originalRetailPrice>70.95</originalRetailPrice>
    <partImage>http://asset.lemansnet.com/z/LzkvRi84LzlGOEZDQjY3LUZCODAtNDM1Ri1BMEU1LTk0MDg1QjhEMjI0Qw==</partImage>
    <productId>0662654839</productId>
    <productName>Transmission Mainshaft Sprocket</productName>
    <productImage>http://asset.lemansnet.com/z/LzcvQi8zLzdCMzE1N0JBLUFBRDMtNEY0Qy04NUIxLUQ5NDk0NEU1RURFRg==</productImage>
    <bullet1>Premium chromoly steel (8620) heat-treated one-piece sprockets machined on computer-controlled lathes</bullet1>
    <bullet2>Broached specifically for maximum spline-to-shaft contact for optimum load bearing</bullet2>
    <bullet3>For use with 530 chain</bullet3>
    <bullet4>Made in the U.S.A.</bullet4>
    <bullet5/>
    <bullet6/>
    <bullet7/>
    <bullet8/>
    <bullet9/>
    <bullet10/>
    <bullet11/>
    <bullet12/>
    <bullet13/>
    <bullet14/>
    <bullet15/>
    <bullet16/>
    <bullet17/>
    <bullet18/>
    <bullet19/>
    <bullet20/>
    <bullet21/>
    <bullet22/>
    <bullet23/>
    <bullet24/>
    <vendorPriceUpdateDate>2023-01-17 00:00:00</vendorPriceUpdateDate>
  </part>
  <part>
    <partNumber>PBI28121</partNumber>
    <punctuatedPartNumber>PBI-281-21</punctuatedPartNumber>
    <partStatusDescription>STANDARD</partStatusDescription>
    <partDescription>Offset Transmission Sprocket - 21 Tooth - Harley-Davidson/Buell</partDescription>
    <unitOfMeasure>Each</unitOfMeasure>
    <brandName>PBI</brandName>
    <supplierNumber>281-21</supplierNumber>
    <specialInstructions/>
    <baseDealerPrice>70.10</baseDealerPrice>
    <yourDealerPrice>70.10</yourDealerPrice>
    <baseRetailPrice>107.95</baseRetailPrice>
    <originalRetailPrice>108.95</originalRetailPrice>
    <partImage>http://asset.lemansnet.com/z/LzAvMi9DLzAyQzI1Rjk1LTUxNTktNDI2MS1CMkY0LTcyMDk5OTQzMjQ4Mg==</partImage>
    <productId>1756507472</productId>
    <productName>Offset Transmission Sprocket</productName>
    <productImage>http://asset.lemansnet.com/z/L0YvMS83L0YxNzQ1RTA0LTNEMDUtNDlBOC1CRTQyLUNEREJFQjVFMEM1Qw==</productImage>
    <bullet1>CNC-machined from a premium nickel, chromoly steel (8620), case-hardened and finished with an electroless nickel plating for corrosion/wear resistance and lubricity</bullet1>
    <bullet2>Sprockets are drilled and tapped to accommodate late-model lock plate, PART #DS-360182, available separately</bullet2>
    <bullet3>Offset measurement is taken from the face that rests against the mainshaft bearing to the inside of the teeth for "Total Offset" description</bullet3>
    <bullet4>For use with .530 pitch chain</bullet4>
    <bullet5>Made in the U.S.A.</bullet5>
    <bullet6/>
    <bullet7/>
    <bullet8/>
    <bullet9/>
    <bullet10/>
    <bullet11/>
    <bullet12/>
    <bullet13/>
    <bullet14/>
    <bullet15/>
    <bullet16/>
    <bullet17/>
    <bullet18/>
    <bullet19/>
    <bullet20/>
    <bullet21/>
    <bullet22/>
    <bullet23/>
    <bullet24/>
    <vendorPriceUpdateDate>2023-01-17 00:00:00</vendorPriceUpdateDate>
  </part>
  <part>
    <partNumber>12120525</partNumber>
    <punctuatedPartNumber>1212-0525</punctuatedPartNumber>
    <partStatusDescription>STANDARD</partStatusDescription>
    <partDescription>Offset Transmission Sprocket - 26 Tooth</partDescription>
    <unitOfMeasure>Each</unitOfMeasure>
    <brandName>PBI</brandName>
    <supplierNumber>303-26</supplierNumber>
    <specialInstructions/>
    <baseDealerPrice>85.00</baseDealerPrice>
    <yourDealerPrice>85.00</yourDealerPrice>
    <baseRetailPrice>130.95</baseRetailPrice>
    <originalRetailPrice>130.95</originalRetailPrice>
    <partImage>http://asset.lemansnet.com/z/LzMvOS85LzM5OUFFNTVGLTQ1RTQtNEZBRS04NzY1LTM2QTE4MTAzQTVCQQ==</partImage>
    <productId>1756507472</productId>
    <productName>Offset Transmission Sprocket</productName>
    <productImage>http://asset.lemansnet.com/z/L0YvMS83L0YxNzQ1RTA0LTNEMDUtNDlBOC1CRTQyLUNEREJFQjVFMEM1Qw==</productImage>
    <bullet1>CNC-machined from a premium nickel, chromoly steel (8620), case-hardened and finished with an electroless nickel plating for corrosion/wear resistance and lubricity</bullet1>
    <bullet2>Sprockets are drilled and tapped to accommodate late-model lock plate, PART #DS-360182, available separately</bullet2>
    <bullet3>Offset measurement is taken from the face that rests against the mainshaft bearing to the inside of the teeth for "Total Offset" description</bullet3>
    <bullet4>For use with .530 pitch chain</bullet4>
    <bullet5>Made in the U.S.A.</bullet5>
    <bullet6/>
    <bullet7/>
    <bullet8/>
    <bullet9/>
    <bullet10/>
    <bullet11/>
    <bullet12/>
    <bullet13/>
    <bullet14/>
    <bullet15/>
    <bullet16/>
    <bullet17/>
    <bullet18/>
    <bullet19/>
    <bullet20/>
    <bullet21/>
    <bullet22/>
    <bullet23/>
    <bullet24/>
    <vendorPriceUpdateDate>2023-01-17 00:00:00</vendorPriceUpdateDate>
  </part>
  <part>
    <partNumber>12120321</partNumber>
    <punctuatedPartNumber>1212-0321</punctuatedPartNumber>
    <partStatusDescription>STANDARD</partStatusDescription>
    <partDescription>Front Sprocket - 22 Tooth - Sportster</partDescription>
    <unitOfMeasure>Each</unitOfMeasure>
    <brandName>PBI</brandName>
    <supplierNumber>277X-22-520</supplierNumber>
    <specialInstructions/>
    <baseDealerPrice>48.90</baseDealerPrice>
    <yourDealerPrice>48.90</yourDealerPrice>
    <baseRetailPrice>75.95</baseRetailPrice>
    <originalRetailPrice>65.95</originalRetailPrice>
    <partImage>http://asset.lemansnet.com/z/LzcvNy84Lzc3OEYyNzI1LUFCODMtNEU2Mi1BQzI4LTMyQkVDMjlFQ0U3Qw==</partImage>
    <productId>0095698433</productId>
    <productName>520 Sprocket Conversion — Conversion</productName>
    <productImage>http://asset.lemansnet.com/z/LzkvMS9BLzkxQUY1MkVDLUQwNEMtNEMwQy1CRjc4LThFOTNDMkY5MUUzNw==</productImage>
    <bullet1>Sprockets are sold each; must order one front and one rear sprocket</bullet1>
    <bullet2>Made in the U.S.A.</bullet2>
    <bullet3>May require custom spacing of front sprocket.</bullet3>
    <bullet4/>
    <bullet5/>
    <bullet6/>
    <bullet7/>
    <bullet8/>
    <bullet9/>
    <bullet10/>
    <bullet11/>
    <bullet12/>
    <bullet13/>
    <bullet14/>
    <bullet15/>
    <bullet16/>
    <bullet17/>
    <bullet18/>
    <bullet19/>
    <bullet20/>
    <bullet21/>
    <bullet22/>
    <bullet23/>
    <bullet24/>
    <vendorPriceUpdateDate>2023-01-17 00:00:00</vendorPriceUpdateDate>
  </part>
</root>
