<root>
  <part>
    <partNumber>DS300131</partNumber>
    <punctuatedPartNumber>DS-300131</punctuatedPartNumber>
    <partStatusDescription>DISCONTINUED</partStatusDescription>
    <partDescription>1" Handlebar - #2 - Knurled - Dimpled - Chrome</partDescription>
    <unitOfMeasure>Each</unitOfMeasure>
    <brandName>FLANDERS</brandName>
    <supplierNumber>650-08025</supplierNumber>
    <specialInstructions>DISCONTINUED ITEM</specialInstructions>
    <baseDealerPrice>70.20</baseDealerPrice>
    <yourDealerPrice>70.20</yourDealerPrice>
    <baseRetailPrice>0.00</baseRetailPrice>
    <originalRetailPrice>206.95</originalRetailPrice>
    <partImage>http://asset.lemansnet.com/z/LzIvQi8zLzJCMzY0NEFDLTVBQ0ItNDExQy1BMjhBLTEwRjAxRjU1NzdDQg==</partImage>
    <productId>0331902081</productId>
    <productName>1" Handlebar — Classic Bend #2</productName>
    <productImage>http://asset.lemansnet.com/z/LzYvQi80LzZCNEM3RDJCLUIzRkMtNEEzMS1BNjIzLUE1NjdCRkNBMjNBMg==</productImage>
    <bullet1>All handlebars are made of seamless, cold-drawn steel tubing</bullet1>
    <bullet2>Mandrel-bent for accuracy</bullet2>
    <bullet3>Made in the USA</bullet3>
    <bullet4>Standard handlebars have 3-1/2" centered knurling.</bullet4>
    <bullet5/>
    <bullet6/>
    <bullet7/>
    <bullet8/>
    <bullet9/>
    <bullet10/>
    <bullet11/>
    <bullet12/>
    <bullet13/>
    <bullet14/>
    <bullet15/>
    <bullet16/>
    <bullet17/>
    <bullet18/>
    <bullet19/>
    <bullet20/>
    <bullet21/>
    <bullet22/>
    <bullet23/>
    <bullet24/>
    <vendorPriceUpdateDate>2022-12-07 00:00:00</vendorPriceUpdateDate>
  </part>
  <part>
    <partNumber>DS300145</partNumber>
    <punctuatedPartNumber>DS-300145</punctuatedPartNumber>
    <partStatusDescription>DISCONTINUED</partStatusDescription>
    <partDescription>1" Handlebar - FLST - Drilled - Chrome</partDescription>
    <unitOfMeasure>Each</unitOfMeasure>
    <brandName>FLANDERS</brandName>
    <supplierNumber>650-28175</supplierNumber>
    <specialInstructions>DISCONTINUED ITEM</specialInstructions>
    <baseDealerPrice>73.90</baseDealerPrice>
    <yourDealerPrice>73.90</yourDealerPrice>
    <baseRetailPrice>0.00</baseRetailPrice>
    <originalRetailPrice>217.95</originalRetailPrice>
    <partImage>http://asset.lemansnet.com/z/LzAvOS9ELzA5RDA3OUQ0LTkxN0QtNEUwMS1BRjM3LTk5NUJBMUYxQTVENywvOC80L0QvODREMDU0QjYtNjlGNC00MUU1LUJFRjAtMzAxMzcxMUY1ODFB</partImage>
    <productId>0794337071</productId>
    <productName>1" Handlebar — Heritage Style</productName>
    <productImage>http://asset.lemansnet.com/z/LzYvQi80LzZCNEM3RDJCLUIzRkMtNEEzMS1BNjIzLUE1NjdCRkNBMjNBMg==</productImage>
    <bullet1>All handlebars are made of seamless, cold-drawn steel tubing</bullet1>
    <bullet2>Mandrel-bent for accuracy</bullet2>
    <bullet3>Made in the USA</bullet3>
    <bullet4>Standard handlebars have 3-1/2" centered knurling.</bullet4>
    <bullet5/>
    <bullet6/>
    <bullet7/>
    <bullet8/>
    <bullet9/>
    <bullet10/>
    <bullet11/>
    <bullet12/>
    <bullet13/>
    <bullet14/>
    <bullet15/>
    <bullet16/>
    <bullet17/>
    <bullet18/>
    <bullet19/>
    <bullet20/>
    <bullet21/>
    <bullet22/>
    <bullet23/>
    <bullet24/>
    <vendorPriceUpdateDate>2022-12-07 00:00:00</vendorPriceUpdateDate>
  </part>
  <part>
    <partNumber>DS300205</partNumber>
    <punctuatedPartNumber>DS-300205</punctuatedPartNumber>
    <partStatusDescription>DISCONTINUED</partStatusDescription>
    <partDescription>1" Handlebar - Drag - Chrome</partDescription>
    <unitOfMeasure>Each</unitOfMeasure>
    <brandName>FLANDERS</brandName>
    <supplierNumber>650-08411</supplierNumber>
    <specialInstructions>DISCONTINUED ITEM</specialInstructions>
    <baseDealerPrice>51.40</baseDealerPrice>
    <yourDealerPrice>51.40</yourDealerPrice>
    <baseRetailPrice>0.00</baseRetailPrice>
    <originalRetailPrice>151.95</originalRetailPrice>
    <partImage>http://asset.lemansnet.com/z/L0UvRC8yL0VEMjZFOTJCLUQ2MTYtNDZCOS1BNjA0LUE5NjYwMTZBRUMzNg==</partImage>
    <productId>0788223903</productId>
    <productName>1" Handlebar — Drag/27°</productName>
    <productImage>http://asset.lemansnet.com/z/LzYvQi80LzZCNEM3RDJCLUIzRkMtNEEzMS1BNjIzLUE1NjdCRkNBMjNBMg==</productImage>
    <bullet1>All handlebars are made of seamless, cold-drawn steel tubing</bullet1>
    <bullet2>Mandrel-bent for accuracy</bullet2>
    <bullet3>Made in the USA</bullet3>
    <bullet4>Standard handlebars have 3-1/2" centered knurling.</bullet4>
    <bullet5/>
    <bullet6/>
    <bullet7/>
    <bullet8/>
    <bullet9/>
    <bullet10/>
    <bullet11/>
    <bullet12/>
    <bullet13/>
    <bullet14/>
    <bullet15/>
    <bullet16/>
    <bullet17/>
    <bullet18/>
    <bullet19/>
    <bullet20/>
    <bullet21/>
    <bullet22/>
    <bullet23/>
    <bullet24/>
    <vendorPriceUpdateDate>2022-12-07 00:00:00</vendorPriceUpdateDate>
  </part>
  <part>
    <partNumber>06010161</partNumber>
    <punctuatedPartNumber>0601-0161</punctuatedPartNumber>
    <partStatusDescription>DISCONTINUED</partStatusDescription>
    <partDescription>1" Metric Cruiser Handlebar - Pullback - Chrome</partDescription>
    <unitOfMeasure>Each</unitOfMeasure>
    <brandName>FLANDERS</brandName>
    <supplierNumber>650-08763</supplierNumber>
    <specialInstructions>DISCONTINUED ITEM</specialInstructions>
    <baseDealerPrice>144.00</baseDealerPrice>
    <yourDealerPrice>144.00</yourDealerPrice>
    <baseRetailPrice>211.95</baseRetailPrice>
    <originalRetailPrice>211.95</originalRetailPrice>
    <partImage>http://asset.lemansnet.com/z/LzgvRS9GLzhFRjgxRDFCLUFGNzMtNEFFRS1BREIxLUYzRUI5ODQ2NDA2Qw==</partImage>
    <productId>1543445111</productId>
    <productName>1" Metric Cruiser Handlebar — Cruiser</productName>
    <productImage>http://asset.lemansnet.com/z/LzEvNi9GLzE2RjY3QzRDLTRCRDUtNDhGNS1BMUFCLUJEMEU1QUZERkQ2NA==</productImage>
    <bullet1>Mandrel bent from cold-drawn seamless steel tubing</bullet1>
    <bullet2>Polished and chrome plated to perfection</bullet2>
    <bullet3>Fitments for most current cruisers from Honda, Kawasaki, Suzuki, Victory and Yamaha</bullet3>
    <bullet4>Knurled (but not drilled) to match OEM bars and clamps</bullet4>
    <bullet5>Made in the USA</bullet5>
    <bullet6/>
    <bullet7/>
    <bullet8/>
    <bullet9/>
    <bullet10/>
    <bullet11/>
    <bullet12/>
    <bullet13/>
    <bullet14/>
    <bullet15/>
    <bullet16/>
    <bullet17/>
    <bullet18/>
    <bullet19/>
    <bullet20/>
    <bullet21/>
    <bullet22/>
    <bullet23/>
    <bullet24/>
    <vendorPriceUpdateDate>2022-12-07 00:00:00</vendorPriceUpdateDate>
  </part>
  <part>
    <partNumber>06010176</partNumber>
    <punctuatedPartNumber>0601-0176</punctuatedPartNumber>
    <partStatusDescription>DISCONTINUED</partStatusDescription>
    <partDescription>1" Metric Cruiser Handlebar - Clubman Style - Chrome</partDescription>
    <unitOfMeasure>Each</unitOfMeasure>
    <brandName>FLANDERS</brandName>
    <supplierNumber>650-08743</supplierNumber>
    <specialInstructions>DISCONTINUED ITEM</specialInstructions>
    <baseDealerPrice>122.60</baseDealerPrice>
    <yourDealerPrice>122.60</yourDealerPrice>
    <baseRetailPrice>180.95</baseRetailPrice>
    <originalRetailPrice>180.95</originalRetailPrice>
    <partImage>http://asset.lemansnet.com/z/L0IvRS8yL0JFMjU0RUMyLTdENzItNEM0OS1CRkRDLTdGMjNCMzVFMTdGMywvRS9DL0EvRUNBRDUyQjUtNDhGRC00QzMzLUIyRTItMTc5Mjk1RUZFMkI2</partImage>
    <productId>0314107995</productId>
    <productName>1" Metric Cruiser Handlebar — Clubman</productName>
    <productImage>http://asset.lemansnet.com/z/LzEvNi9GLzE2RjY3QzRDLTRCRDUtNDhGNS1BMUFCLUJEMEU1QUZERkQ2NA==</productImage>
    <bullet1>Mandrel bent from cold-drawn seamless steel tubing</bullet1>
    <bullet2>Polished and chrome plated to perfection</bullet2>
    <bullet3>Fitments for most current cruisers from Honda, Kawasaki, Suzuki, Victory and Yamaha</bullet3>
    <bullet4>Knurled (but not drilled) to match OEM bars and clamps</bullet4>
    <bullet5>Made in the USA</bullet5>
    <bullet6/>
    <bullet7/>
    <bullet8/>
    <bullet9/>
    <bullet10/>
    <bullet11/>
    <bullet12/>
    <bullet13/>
    <bullet14/>
    <bullet15/>
    <bullet16/>
    <bullet17/>
    <bullet18/>
    <bullet19/>
    <bullet20/>
    <bullet21/>
    <bullet22/>
    <bullet23/>
    <bullet24/>
    <vendorPriceUpdateDate>2022-12-07 00:00:00</vendorPriceUpdateDate>
  </part>
  <part>
    <partNumber>06014346</partNumber>
    <punctuatedPartNumber>0601-4346</punctuatedPartNumber>
    <partStatusDescription>DISCONTINUED</partStatusDescription>
    <partDescription>1" Handlebar - Drag - 18" - TBW - Black</partDescription>
    <unitOfMeasure>Each</unitOfMeasure>
    <brandName>FLANDERS</brandName>
    <supplierNumber>650-48496</supplierNumber>
    <specialInstructions>DISCONTINUED ITEM</specialInstructions>
    <baseDealerPrice>61.00</baseDealerPrice>
    <yourDealerPrice>61.00</yourDealerPrice>
    <baseRetailPrice>0.00</baseRetailPrice>
    <originalRetailPrice>179.95</originalRetailPrice>
    <partImage>http://asset.lemansnet.com/z/LzAvMy8yLzAzMjI4RDYzLUNBODctNDM4RC1BQ0NDLTM0MUYzMzkyODZDMywvNC8xLzUvNDE1RjQwQzEtNjA5MS00MENCLUFENEYtODZDOThCRUVERTMy</partImage>
    <productId>1144494514</productId>
    <productName>1" Handlebar — Drag</productName>
    <productImage>http://asset.lemansnet.com/z/LzYvQi80LzZCNEM3RDJCLUIzRkMtNEEzMS1BNjIzLUE1NjdCRkNBMjNBMg==</productImage>
    <bullet1>All handlebars are made of seamless, cold-drawn steel tubing</bullet1>
    <bullet2>Mandrel-bent for accuracy</bullet2>
    <bullet3>Made in the USA</bullet3>
    <bullet4>Standard handlebars have 3-1/2" centered knurling.</bullet4>
    <bullet5/>
    <bullet6/>
    <bullet7/>
    <bullet8/>
    <bullet9/>
    <bullet10/>
    <bullet11/>
    <bullet12/>
    <bullet13/>
    <bullet14/>
    <bullet15/>
    <bullet16/>
    <bullet17/>
    <bullet18/>
    <bullet19/>
    <bullet20/>
    <bullet21/>
    <bullet22/>
    <bullet23/>
    <bullet24/>
    <vendorPriceUpdateDate>2022-12-07 00:00:00</vendorPriceUpdateDate>
  </part>
  <part>
    <partNumber>06014356</partNumber>
    <punctuatedPartNumber>0601-4356</punctuatedPartNumber>
    <partStatusDescription>DISCONTINUED</partStatusDescription>
    <partDescription>1-1/4" Handlebar - Mini Ape - TBW - Black</partDescription>
    <unitOfMeasure>Each</unitOfMeasure>
    <brandName>FLANDERS</brandName>
    <supplierNumber>652-48096</supplierNumber>
    <specialInstructions>DISCONTINUED ITEM</specialInstructions>
    <baseDealerPrice>100.30</baseDealerPrice>
    <yourDealerPrice>100.30</yourDealerPrice>
    <baseRetailPrice>0.00</baseRetailPrice>
    <originalRetailPrice>316.95</originalRetailPrice>
    <partImage>http://asset.lemansnet.com/z/L0IvMS82L0IxNkJENzlGLTc4OUMtNDExNS04NDlBLTFCN0U1QjFGN0U3RQ==</partImage>
    <productId>1127303609</productId>
    <productName>1-1/4" Handlebar — Ape Hanger/Mini</productName>
    <productImage>http://asset.lemansnet.com/z/L0IvMS82L0IxNkJENzlGLTc4OUMtNDExNS04NDlBLTFCN0U1QjFGN0U3RQ==</productImage>
    <bullet1>Bars feature a full 1-1/4" diameter in the clamping area</bullet1>
    <bullet2>Accept most 1" grips and controls</bullet2>
    <bullet3>For use with most '99+ Harley-Davidson models</bullet3>
    <bullet4>Made in the USA</bullet4>
    <bullet5>Bars require the use of risers that accept handlebars with a 1-1/4" diameter in clamping area (sold separately).</bullet5>
    <bullet6>Not for use with stock risers and handlebar clamp/gauge mount clamp on 883C/1200C models.</bullet6>
    <bullet7>Pullback dimension is total pullback; center is before bends.</bullet7>
    <bullet8>Bars are not clearanced for early-style master cylinders; fit all '08+ OEM Harley Davidson brake master cylinders and '08+ OEM clutch master cylinders.</bullet8>
    <bullet9/>
    <bullet10/>
    <bullet11/>
    <bullet12/>
    <bullet13/>
    <bullet14/>
    <bullet15/>
    <bullet16/>
    <bullet17/>
    <bullet18/>
    <bullet19/>
    <bullet20/>
    <bullet21/>
    <bullet22/>
    <bullet23/>
    <bullet24/>
    <vendorPriceUpdateDate>2022-12-07 00:00:00</vendorPriceUpdateDate>
  </part>
  <part>
    <partNumber>06014357</partNumber>
    <punctuatedPartNumber>0601-4357</punctuatedPartNumber>
    <partStatusDescription>DISCONTINUED</partStatusDescription>
    <partDescription>1-1/4" Handlebar - Drag - TBW - Chrome</partDescription>
    <unitOfMeasure>Each</unitOfMeasure>
    <brandName>FLANDERS</brandName>
    <supplierNumber>652-48445</supplierNumber>
    <specialInstructions>DISCONTINUED ITEM</specialInstructions>
    <baseDealerPrice>87.10</baseDealerPrice>
    <yourDealerPrice>87.10</yourDealerPrice>
    <baseRetailPrice>0.00</baseRetailPrice>
    <originalRetailPrice>256.95</originalRetailPrice>
    <partImage>http://asset.lemansnet.com/z/L0QvOC85L0Q4OTRCMzI0LURGM0MtNEVCQS05OTUzLUEyQUJBRTU2RTI4Rg==</partImage>
    <productId>1714401992</productId>
    <productName>1-1/4" Handlebar — 18°/Drag</productName>
    <productImage>http://asset.lemansnet.com/z/L0IvMS82L0IxNkJENzlGLTc4OUMtNDExNS04NDlBLTFCN0U1QjFGN0U3RQ==</productImage>
    <bullet1>Bars feature a full 1-1/4" diameter in the clamping area</bullet1>
    <bullet2>Accept most 1" grips and controls</bullet2>
    <bullet3>For use with most '99+ Harley-Davidson models</bullet3>
    <bullet4>Made in the USA</bullet4>
    <bullet5>Bars require the use of risers that accept handlebars with a 1-1/4" diameter in clamping area (sold separately).</bullet5>
    <bullet6>Not for use with stock risers and handlebar clamp/gauge mount clamp on 883C/1200C models.</bullet6>
    <bullet7>Pullback dimension is total pullback; center is before bends.</bullet7>
    <bullet8>Bars are not clearanced for early-style master cylinders; fit all '08+ OEM Harley Davidson brake master cylinders and '08+ OEM clutch master cylinders.</bullet8>
    <bullet9/>
    <bullet10/>
    <bullet11/>
    <bullet12/>
    <bullet13/>
    <bullet14/>
    <bullet15/>
    <bullet16/>
    <bullet17/>
    <bullet18/>
    <bullet19/>
    <bullet20/>
    <bullet21/>
    <bullet22/>
    <bullet23/>
    <bullet24/>
    <vendorPriceUpdateDate>2022-12-07 00:00:00</vendorPriceUpdateDate>
  </part>
  <part>
    <partNumber>06010170</partNumber>
    <punctuatedPartNumber>0601-0170</punctuatedPartNumber>
    <partStatusDescription>DISCONTINUED</partStatusDescription>
    <partDescription>1" Metric Cruiser Handlebar - Mini Ape - Chrome</partDescription>
    <unitOfMeasure>Each</unitOfMeasure>
    <brandName>FLANDERS</brandName>
    <supplierNumber>650-08093</supplierNumber>
    <specialInstructions>DISCONTINUED ITEM</specialInstructions>
    <baseDealerPrice>144.00</baseDealerPrice>
    <yourDealerPrice>144.00</yourDealerPrice>
    <baseRetailPrice>211.95</baseRetailPrice>
    <originalRetailPrice>211.95</originalRetailPrice>
    <partImage>http://asset.lemansnet.com/z/L0IvNC9GL0I0RjZBRDE3LUQzQ0QtNDA0Qi1CMEQxLTE5RUVBRDM4MjYzMg==</partImage>
    <productId>1650048961</productId>
    <productName>1" Metric Cruiser Handlebar — Mini/Ape Hanger</productName>
    <productImage>http://asset.lemansnet.com/z/LzEvNi9GLzE2RjY3QzRDLTRCRDUtNDhGNS1BMUFCLUJEMEU1QUZERkQ2NA==</productImage>
    <bullet1>Mandrel bent from cold-drawn seamless steel tubing</bullet1>
    <bullet2>Polished and chrome plated to perfection</bullet2>
    <bullet3>Fitments for most current cruisers from Honda, Kawasaki, Suzuki, Victory and Yamaha</bullet3>
    <bullet4>Knurled (but not drilled) to match OEM bars and clamps</bullet4>
    <bullet5>Made in the USA</bullet5>
    <bullet6/>
    <bullet7/>
    <bullet8/>
    <bullet9/>
    <bullet10/>
    <bullet11/>
    <bullet12/>
    <bullet13/>
    <bullet14/>
    <bullet15/>
    <bullet16/>
    <bullet17/>
    <bullet18/>
    <bullet19/>
    <bullet20/>
    <bullet21/>
    <bullet22/>
    <bullet23/>
    <bullet24/>
    <vendorPriceUpdateDate>2022-12-07 00:00:00</vendorPriceUpdateDate>
  </part>
</root>
