<root>
  <part>
    <partNumber>39200491</partNumber>
    <punctuatedPartNumber>3920-0491</punctuatedPartNumber>
    <partStatusDescription>STANDARD</partStatusDescription>
    <partDescription>ATV/UTV Tie Down Kit</partDescription>
    <unitOfMeasure>Kit</unitOfMeasure>
    <brandName>SUPERCLAMP</brandName>
    <supplierNumber>9000ATVTIEDOWN</supplierNumber>
    <specialInstructions/>
    <baseDealerPrice>139.00</baseDealerPrice>
    <yourDealerPrice>139.00</yourDealerPrice>
    <baseRetailPrice>198.95</baseRetailPrice>
    <originalRetailPrice>206.95</originalRetailPrice>
    <partImage>http://asset.lemansnet.com/z/LzYvNS8wLzY1MDhEQkYxLUY3QjEtNEQ0RS1COTk0LTY2NjBCNEEzOTkyOCwvNC9BL0UvNEFFNEE2MTgtREJGOS00NjAzLUJEQzgtOTdEOUQ2N0EzMzcx</partImage>
    <productId>1086273089</productId>
    <productName>ATV/UTV Tie-Down Kit</productName>
    <productImage>http://asset.lemansnet.com/z/LzYvNS8wLzY1MDhEQkYxLUY3QjEtNEQ0RS1COTk0LTY2NjBCNEEzOTkyOA==</productImage>
    <bullet1>The unique lasso with D-ring design anchors the vehicle by tires and not frame or racks</bullet1>
    <bullet2>Securely and safely fasten to genuine Superclamp deck hooks for the ultimate in security and strength</bullet2>
    <bullet3>Each strap has a working load rating of 1300 lb</bullet3>
    <bullet4>Comes complete with four heavy-duty straps, four deck hooks, and a storage bag</bullet4>
    <bullet5/>
    <bullet6/>
    <bullet7/>
    <bullet8/>
    <bullet9/>
    <bullet10/>
    <bullet11/>
    <bullet12/>
    <bullet13/>
    <bullet14/>
    <bullet15/>
    <bullet16/>
    <bullet17/>
    <bullet18/>
    <bullet19/>
    <bullet20/>
    <bullet21/>
    <bullet22/>
    <bullet23/>
    <bullet24/>
    <vendorPriceUpdateDate>2023-04-22 00:00:00</vendorPriceUpdateDate>
  </part>
  <part>
    <partNumber>45040205</partNumber>
    <punctuatedPartNumber>4504-0205</punctuatedPartNumber>
    <partStatusDescription>STANDARD</partStatusDescription>
    <partDescription>Deck Hook T Channel Mount</partDescription>
    <unitOfMeasure>Kit</unitOfMeasure>
    <brandName>SUPERCLAMP</brandName>
    <supplierNumber>2200 HD-T (CH)</supplierNumber>
    <specialInstructions/>
    <baseDealerPrice>14.70</baseDealerPrice>
    <yourDealerPrice>14.70</yourDealerPrice>
    <baseRetailPrice>21.95</baseRetailPrice>
    <originalRetailPrice>21.95</originalRetailPrice>
    <partImage>http://asset.lemansnet.com/z/L0EvMi9EL0EyREU5RkU4LTNERDktNDY4Ri05Qjc1LTlCNTU4RUFCQUUwRQ==</partImage>
    <productId>0619569614</productId>
    <productName>Deck Hook Channel Mount</productName>
    <productImage>http://asset.lemansnet.com/z/L0EvMi9EL0EyREU5RkU4LTNERDktNDY4Ri05Qjc1LTlCNTU4RUFCQUUwRQ==</productImage>
    <bullet1>Used for trailers with channel-style mounting</bullet1>
    <bullet2/>
    <bullet3/>
    <bullet4/>
    <bullet5/>
    <bullet6/>
    <bullet7/>
    <bullet8/>
    <bullet9/>
    <bullet10/>
    <bullet11/>
    <bullet12/>
    <bullet13/>
    <bullet14/>
    <bullet15/>
    <bullet16/>
    <bullet17/>
    <bullet18/>
    <bullet19/>
    <bullet20/>
    <bullet21/>
    <bullet22/>
    <bullet23/>
    <bullet24/>
    <vendorPriceUpdateDate>2023-04-22 00:00:00</vendorPriceUpdateDate>
  </part>
  <part>
    <partNumber>45040202</partNumber>
    <punctuatedPartNumber>4504-0202</punctuatedPartNumber>
    <partStatusDescription>STANDARD</partStatusDescription>
    <partDescription>Superclamp II Front Tiedown</partDescription>
    <unitOfMeasure>Kit</unitOfMeasure>
    <brandName>SUPERCLAMP</brandName>
    <supplierNumber>1000 SC-FRONT</supplierNumber>
    <specialInstructions/>
    <baseDealerPrice>171.60</baseDealerPrice>
    <yourDealerPrice>171.60</yourDealerPrice>
    <baseRetailPrice>247.95</baseRetailPrice>
    <originalRetailPrice>247.95</originalRetailPrice>
    <partImage>http://asset.lemansnet.com/z/LzEvQS9FLzFBRUQ4NjkyLTc2ODMtNEI4OS04RkYzLTYxNTNCODFEODAwRg==</partImage>
    <productId>0673536666</productId>
    <productName>Superclamp II Front Tiedown System</productName>
    <productImage>http://asset.lemansnet.com/z/LzEvQS9FLzFBRUQ4NjkyLTc2ODMtNEI4OS04RkYzLTYxNTNCODFEODAwRg==</productImage>
    <bullet1>Installs in seconds on any trailer or truck deck</bullet1>
    <bullet2>Engineered composite construction</bullet2>
    <bullet3>Ergonomically-designed pistol grip handle to lock your sled in securely and quickly release it</bullet3>
    <bullet4>Middle- and end-holding handles make it easier to maneuver when applying your tie-down to your sled</bullet4>
    <bullet5>Advanced over-center cam lever assist with dust cover</bullet5>
    <bullet6>Center knob to adjust tension, adapts to fit all snowmobiles</bullet6>
    <bullet7>Safety key with tether included, but can be removed and replaced with your own lock for security</bullet7>
    <bullet8>Ribbed silicone rubber pads at ends to protect you skis</bullet8>
    <bullet9>Comes standard with screw-style deck hooks</bullet9>
    <bullet10/>
    <bullet11/>
    <bullet12/>
    <bullet13/>
    <bullet14/>
    <bullet15/>
    <bullet16/>
    <bullet17/>
    <bullet18/>
    <bullet19/>
    <bullet20/>
    <bullet21/>
    <bullet22/>
    <bullet23/>
    <bullet24/>
    <vendorPriceUpdateDate>2023-04-22 00:00:00</vendorPriceUpdateDate>
  </part>
  <part>
    <partNumber>45040209</partNumber>
    <punctuatedPartNumber>4504-0209</punctuatedPartNumber>
    <partStatusDescription>STANDARD</partStatusDescription>
    <partDescription>Superglide II - Wide</partDescription>
    <unitOfMeasure>Set</unitOfMeasure>
    <brandName>SUPERCLAMP</brandName>
    <supplierNumber>3013SUPPROWIDE</supplierNumber>
    <specialInstructions/>
    <baseDealerPrice>137.30</baseDealerPrice>
    <yourDealerPrice>137.30</yourDealerPrice>
    <baseRetailPrice>197.95</baseRetailPrice>
    <originalRetailPrice>197.95</originalRetailPrice>
    <partImage>http://asset.lemansnet.com/z/LzUvNy81LzU3NTc3OTMyLTgxNTEtNDhFMy1CRUMyLUZGMjk0QjE4QjZEQQ==</partImage>
    <productId>2069191533</productId>
    <productName>Superglide II</productName>
    <productImage>http://asset.lemansnet.com/z/LzAvMi8yLzAyMkM2QTE5LUFDREQtNDRDRS1CMjFDLURFMTlEMTM4QUE1QQ==</productImage>
    <bullet1>Superglides allow your snowombile to slide while still providing traction for your ATV as well as for you when climbing up or down your truck deck ramps or trailer.</bullet1>
    <bullet2/>
    <bullet3/>
    <bullet4/>
    <bullet5/>
    <bullet6/>
    <bullet7/>
    <bullet8/>
    <bullet9/>
    <bullet10/>
    <bullet11/>
    <bullet12/>
    <bullet13/>
    <bullet14/>
    <bullet15/>
    <bullet16/>
    <bullet17/>
    <bullet18/>
    <bullet19/>
    <bullet20/>
    <bullet21/>
    <bullet22/>
    <bullet23/>
    <bullet24/>
    <vendorPriceUpdateDate>2023-04-22 00:00:00</vendorPriceUpdateDate>
  </part>
  <part>
    <partNumber>45040211</partNumber>
    <punctuatedPartNumber>4504-0211</punctuatedPartNumber>
    <partStatusDescription>STANDARD</partStatusDescription>
    <partDescription>Screw Kit - 48 pcs</partDescription>
    <unitOfMeasure>Kit</unitOfMeasure>
    <brandName>SUPERCLAMP</brandName>
    <supplierNumber>6100 SCREW KIT</supplierNumber>
    <specialInstructions/>
    <baseDealerPrice>10.60</baseDealerPrice>
    <yourDealerPrice>10.60</yourDealerPrice>
    <baseRetailPrice>15.95</baseRetailPrice>
    <originalRetailPrice>15.95</originalRetailPrice>
    <partImage>http://asset.lemansnet.com/z/L0MvOS84L0M5OEJFOEZDLUFFRkUtNEVFMy04RkM3LTFDODI0RTIxQzQ5RiwvNC9CL0UvNEJFODBBMTktQTA2RC00MDU5LUI2QjgtQzJEMTRDMjUxRkND</partImage>
    <productId>0706163094</productId>
    <productName>Screw Kit</productName>
    <productImage>http://asset.lemansnet.com/z/L0UvMC8xL0UwMTRENzE1LTMxRDAtNDI3OC04QTgxLTBDQzUzOEFERUJBMg==</productImage>
    <bullet1>Flanged internal torq screws with spacer</bullet1>
    <bullet2>For Super-Glide systems</bullet2>
    <bullet3/>
    <bullet4/>
    <bullet5/>
    <bullet6/>
    <bullet7/>
    <bullet8/>
    <bullet9/>
    <bullet10/>
    <bullet11/>
    <bullet12/>
    <bullet13/>
    <bullet14/>
    <bullet15/>
    <bullet16/>
    <bullet17/>
    <bullet18/>
    <bullet19/>
    <bullet20/>
    <bullet21/>
    <bullet22/>
    <bullet23/>
    <bullet24/>
    <vendorPriceUpdateDate>2023-04-22 00:00:00</vendorPriceUpdateDate>
  </part>
  <part>
    <partNumber>45040220</partNumber>
    <punctuatedPartNumber>4504-0220</punctuatedPartNumber>
    <partStatusDescription>STANDARD</partStatusDescription>
    <partDescription>SuperTrac Deck Hook</partDescription>
    <unitOfMeasure>Each</unitOfMeasure>
    <brandName>SUPERCLAMP</brandName>
    <supplierNumber>2250 DH-SUP</supplierNumber>
    <specialInstructions/>
    <baseDealerPrice>14.70</baseDealerPrice>
    <yourDealerPrice>14.70</yourDealerPrice>
    <baseRetailPrice>21.95</baseRetailPrice>
    <originalRetailPrice>21.95</originalRetailPrice>
    <partImage>http://asset.lemansnet.com/z/LzYvMC9BLzYwQUIxNkUwLTAyMzktNDI0Qi1CN0ZGLUFBOTNCOTQ4NkIyMSwvNi81L0YvNjVGMTlFQjctMDVGRC00Q0IwLThGNDEtRjk0MUI2NDAzQTRF</partImage>
    <productId>1618728492</productId>
    <productName>SuperTrac Deck Hook</productName>
    <productImage>http://asset.lemansnet.com/z/LzYvMC9BLzYwQUIxNkUwLTAyMzktNDI0Qi1CN0ZGLUFBOTNCOTQ4NkIyMQ==</productImage>
    <bullet1>Replacement Deck Hook for the SuperTrac system</bullet1>
    <bullet2>Use to install in pick-up trucks, trailers, vans, etc.</bullet2>
    <bullet3/>
    <bullet4/>
    <bullet5/>
    <bullet6/>
    <bullet7/>
    <bullet8/>
    <bullet9/>
    <bullet10/>
    <bullet11/>
    <bullet12/>
    <bullet13/>
    <bullet14/>
    <bullet15/>
    <bullet16/>
    <bullet17/>
    <bullet18/>
    <bullet19/>
    <bullet20/>
    <bullet21/>
    <bullet22/>
    <bullet23/>
    <bullet24/>
    <vendorPriceUpdateDate>2023-04-22 00:00:00</vendorPriceUpdateDate>
  </part>
  <part>
    <partNumber>45040204</partNumber>
    <punctuatedPartNumber>4504-0204</punctuatedPartNumber>
    <partStatusDescription>STANDARD</partStatusDescription>
    <partDescription>Deck Hook - 4" - Screw Style</partDescription>
    <unitOfMeasure>Each</unitOfMeasure>
    <brandName>SUPERCLAMP</brandName>
    <supplierNumber>2100 HD-REG SC</supplierNumber>
    <specialInstructions/>
    <baseDealerPrice>14.70</baseDealerPrice>
    <yourDealerPrice>14.70</yourDealerPrice>
    <baseRetailPrice>21.95</baseRetailPrice>
    <originalRetailPrice>21.95</originalRetailPrice>
    <partImage>http://asset.lemansnet.com/z/L0MvMi9FL0MyRTczM0I1LUM2RTItNEVCMC1BQjFGLTlGODkzNzUyOUFFQQ==</partImage>
    <productId>2006684505</productId>
    <productName>Deck Hook</productName>
    <productImage>http://asset.lemansnet.com/z/L0MvMi9FL0MyRTczM0I1LUM2RTItNEVCMC1BQjFGLTlGODkzNzUyOUFFQQ==</productImage>
    <bullet1>T-Style deck hook for channel mounting</bullet1>
    <bullet2>Includes 1/2"-13 deck hook bolt, 1/2" flat washer, 1/2" Nylock nut</bullet2>
    <bullet3>Sold each </bullet3>
    <bullet4/>
    <bullet5/>
    <bullet6/>
    <bullet7/>
    <bullet8/>
    <bullet9/>
    <bullet10/>
    <bullet11/>
    <bullet12/>
    <bullet13/>
    <bullet14/>
    <bullet15/>
    <bullet16/>
    <bullet17/>
    <bullet18/>
    <bullet19/>
    <bullet20/>
    <bullet21/>
    <bullet22/>
    <bullet23/>
    <bullet24/>
    <vendorPriceUpdateDate>2023-04-22 00:00:00</vendorPriceUpdateDate>
  </part>
  <part>
    <partNumber>45040207</partNumber>
    <punctuatedPartNumber>4504-0207</punctuatedPartNumber>
    <partStatusDescription>STANDARD</partStatusDescription>
    <partDescription>SuperTraction Grid - 4pc</partDescription>
    <unitOfMeasure>4 Pack</unitOfMeasure>
    <brandName>SUPERCLAMP</brandName>
    <supplierNumber>4062SUPTRACGRID</supplierNumber>
    <specialInstructions/>
    <baseDealerPrice>62.40</baseDealerPrice>
    <yourDealerPrice>62.40</yourDealerPrice>
    <baseRetailPrice>92.95</baseRetailPrice>
    <originalRetailPrice>92.95</originalRetailPrice>
    <partImage>http://asset.lemansnet.com/z/L0UvNS8zL0U1M0VFQzk2LTU3MTItNDlDNC04NUFBLUU5QUJDMDRGMzM5MA==</partImage>
    <productId>0297601521</productId>
    <productName>SuperTraction Grid</productName>
    <productImage>http://asset.lemansnet.com/z/L0UvNS8zL0U1M0VFQzk2LTU3MTItNDlDNC04NUFBLUU5QUJDMDRGMzM5MA==</productImage>
    <bullet1>Super Traction Grids’ strategic grid pattern provides incredible grip for all snowmobile tracks, even with paddles or studs and also ATV and dirt bike tires.</bullet1>
    <bullet2/>
    <bullet3/>
    <bullet4/>
    <bullet5/>
    <bullet6/>
    <bullet7/>
    <bullet8/>
    <bullet9/>
    <bullet10/>
    <bullet11/>
    <bullet12/>
    <bullet13/>
    <bullet14/>
    <bullet15/>
    <bullet16/>
    <bullet17/>
    <bullet18/>
    <bullet19/>
    <bullet20/>
    <bullet21/>
    <bullet22/>
    <bullet23/>
    <bullet24/>
    <vendorPriceUpdateDate>2023-04-22 00:00:00</vendorPriceUpdateDate>
  </part>
  <part>
    <partNumber>45040208</partNumber>
    <punctuatedPartNumber>4504-0208</punctuatedPartNumber>
    <partStatusDescription>STANDARD</partStatusDescription>
    <partDescription>Superglide II - Pro</partDescription>
    <unitOfMeasure>Set</unitOfMeasure>
    <brandName>SUPERCLAMP</brandName>
    <supplierNumber>300 SUP-II-PRO</supplierNumber>
    <specialInstructions/>
    <baseDealerPrice>96.10</baseDealerPrice>
    <yourDealerPrice>96.10</yourDealerPrice>
    <baseRetailPrice>137.95</baseRetailPrice>
    <originalRetailPrice>137.95</originalRetailPrice>
    <partImage>http://asset.lemansnet.com/z/LzAvMi8yLzAyMkM2QTE5LUFDREQtNDRDRS1CMjFDLURFMTlEMTM4QUE1QQ==</partImage>
    <productId>2069191533</productId>
    <productName>Superglide II</productName>
    <productImage>http://asset.lemansnet.com/z/LzAvMi8yLzAyMkM2QTE5LUFDREQtNDRDRS1CMjFDLURFMTlEMTM4QUE1QQ==</productImage>
    <bullet1>Superglides allow your snowombile to slide while still providing traction for your ATV as well as for you when climbing up or down your truck deck ramps or trailer.</bullet1>
    <bullet2/>
    <bullet3/>
    <bullet4/>
    <bullet5/>
    <bullet6/>
    <bullet7/>
    <bullet8/>
    <bullet9/>
    <bullet10/>
    <bullet11/>
    <bullet12/>
    <bullet13/>
    <bullet14/>
    <bullet15/>
    <bullet16/>
    <bullet17/>
    <bullet18/>
    <bullet19/>
    <bullet20/>
    <bullet21/>
    <bullet22/>
    <bullet23/>
    <bullet24/>
    <vendorPriceUpdateDate>2023-04-22 00:00:00</vendorPriceUpdateDate>
  </part>
  <part>
    <partNumber>45040210</partNumber>
    <punctuatedPartNumber>4504-0210</punctuatedPartNumber>
    <partStatusDescription>STANDARD</partStatusDescription>
    <partDescription>SuperGlide Edge Rail Kit</partDescription>
    <unitOfMeasure>Kit</unitOfMeasure>
    <brandName>SUPERCLAMP</brandName>
    <supplierNumber>4000EDGERAILTRM</supplierNumber>
    <specialInstructions/>
    <baseDealerPrice>53.60</baseDealerPrice>
    <yourDealerPrice>53.60</yourDealerPrice>
    <baseRetailPrice>76.95</baseRetailPrice>
    <originalRetailPrice>76.95</originalRetailPrice>
    <partImage>http://asset.lemansnet.com/z/L0IvRi9GL0JGRjVFRkRFLTYyNTAtNEY0OC1BQjI3LTNEODM4M0Q5NTExMg==</partImage>
    <productId>0759949373</productId>
    <productName>SuperGlide Rail Kit</productName>
    <productImage>http://asset.lemansnet.com/z/L0IvRi9GL0JGRjVFRkRFLTYyNTAtNEY0OC1BQjI3LTNEODM4M0Q5NTExMg==</productImage>
    <bullet1>Replacement rail kit for SuperGlide system</bullet1>
    <bullet2>Use edge rail trim to secure SuperGlide or traction grid</bullet2>
    <bullet3>Use on wood or aluminum trailler or deck surfaces and ramps</bullet3>
    <bullet4>Aluminum construction provides a clean encapsulated look</bullet4>
    <bullet5>Each piece measures 60' L or 40' total; eight per box</bullet5>
    <bullet6>Includes mounting hardware and instructions</bullet6>
    <bullet7/>
    <bullet8/>
    <bullet9/>
    <bullet10/>
    <bullet11/>
    <bullet12/>
    <bullet13/>
    <bullet14/>
    <bullet15/>
    <bullet16/>
    <bullet17/>
    <bullet18/>
    <bullet19/>
    <bullet20/>
    <bullet21/>
    <bullet22/>
    <bullet23/>
    <bullet24/>
    <vendorPriceUpdateDate>2023-04-22 00:00:00</vendorPriceUpdateDate>
  </part>
  <part>
    <partNumber>45040212</partNumber>
    <punctuatedPartNumber>4504-0212</punctuatedPartNumber>
    <partStatusDescription>STANDARD</partStatusDescription>
    <partDescription>Screw Kit - 72 pcs</partDescription>
    <unitOfMeasure>Kit</unitOfMeasure>
    <brandName>SUPERCLAMP</brandName>
    <supplierNumber>6172 SCREW KIT</supplierNumber>
    <specialInstructions/>
    <baseDealerPrice>15.70</baseDealerPrice>
    <yourDealerPrice>15.70</yourDealerPrice>
    <baseRetailPrice>23.95</baseRetailPrice>
    <originalRetailPrice>23.95</originalRetailPrice>
    <partImage>http://asset.lemansnet.com/z/L0UvMC8xL0UwMTRENzE1LTMxRDAtNDI3OC04QTgxLTBDQzUzOEFERUJBMiwvRS84LzQvRTg0QUM3RDctMDMxQi00NjIyLUI2RjUtQUEyNjJFMjAxNDhG</partImage>
    <productId>0383933226</productId>
    <productName>Screw Kit</productName>
    <productImage>http://asset.lemansnet.com/z/L0UvMC8xL0UwMTRENzE1LTMxRDAtNDI3OC04QTgxLTBDQzUzOEFERUJBMg==</productImage>
    <bullet1>Flanged internal torq screws with spacer</bullet1>
    <bullet2>For Super-Glide II systems</bullet2>
    <bullet3/>
    <bullet4/>
    <bullet5/>
    <bullet6/>
    <bullet7/>
    <bullet8/>
    <bullet9/>
    <bullet10/>
    <bullet11/>
    <bullet12/>
    <bullet13/>
    <bullet14/>
    <bullet15/>
    <bullet16/>
    <bullet17/>
    <bullet18/>
    <bullet19/>
    <bullet20/>
    <bullet21/>
    <bullet22/>
    <bullet23/>
    <bullet24/>
    <vendorPriceUpdateDate>2023-04-22 00:00:00</vendorPriceUpdateDate>
  </part>
  <part>
    <partNumber>45040216</partNumber>
    <punctuatedPartNumber>4504-0216</punctuatedPartNumber>
    <partStatusDescription>STANDARD</partStatusDescription>
    <partDescription>Traction Bar Kit</partDescription>
    <unitOfMeasure>Kit</unitOfMeasure>
    <brandName>SUPERCLAMP</brandName>
    <supplierNumber>5106 TRACBARKIT</supplierNumber>
    <specialInstructions/>
    <baseDealerPrice>25.30</baseDealerPrice>
    <yourDealerPrice>25.30</yourDealerPrice>
    <baseRetailPrice>36.95</baseRetailPrice>
    <originalRetailPrice>36.95</originalRetailPrice>
    <partImage>http://asset.lemansnet.com/z/LzUvOC9ELzU4RDlDNTc5LUI4ODctNDNCNi04RUZELTQxOTYwRTE1M0I4QSwvNy83L0UvNzdFNTk5QkQtRTU0Qi00ODg4LUE2NUItNjUwNEVFQjFCMTc3</partImage>
    <productId>2072697321</productId>
    <productName>Traction Bar</productName>
    <productImage>http://asset.lemansnet.com/z/LzcvNy9FLzc3RTU5OUJELUU1NEItNDg4OC1BNjVCLTY1MDRFRUIxQjE3Nw==</productImage>
    <bullet1>Our new Traction Bar kits provide enhanced traction for all snowmobile tracks on all trailering surfaces.</bullet1>
    <bullet2>They will also provide enhanced traction for tires on ATV’s, UTV’s and dirt bikes.</bullet2>
    <bullet3>The Traction Bar is made from highly durable composite material and come with 6 Bars in a kit, complete with installation hardware.</bullet3>
    <bullet4/>
    <bullet5/>
    <bullet6/>
    <bullet7/>
    <bullet8/>
    <bullet9/>
    <bullet10/>
    <bullet11/>
    <bullet12/>
    <bullet13/>
    <bullet14/>
    <bullet15/>
    <bullet16/>
    <bullet17/>
    <bullet18/>
    <bullet19/>
    <bullet20/>
    <bullet21/>
    <bullet22/>
    <bullet23/>
    <bullet24/>
    <vendorPriceUpdateDate>2023-04-22 00:00:00</vendorPriceUpdateDate>
  </part>
  <part>
    <partNumber>45040203</partNumber>
    <punctuatedPartNumber>4504-0203</punctuatedPartNumber>
    <partStatusDescription>STANDARD</partStatusDescription>
    <partDescription>Rear Tie-Down</partDescription>
    <unitOfMeasure>Kit</unitOfMeasure>
    <brandName>SUPERCLAMP</brandName>
    <supplierNumber>2001 SC-REAR-ST</supplierNumber>
    <specialInstructions/>
    <baseDealerPrice>127.70</baseDealerPrice>
    <yourDealerPrice>127.70</yourDealerPrice>
    <baseRetailPrice>184.95</baseRetailPrice>
    <originalRetailPrice>184.95</originalRetailPrice>
    <partImage>http://asset.lemansnet.com/z/LzcvNS81Lzc1NUUxNjc5LTVGQ0ItNEQ0My04OUE3LTI0RTAxQjIyRDRCQiwvOC8yLzQvODI0NzFFMzAtNjEwQi00MDFELUJCQ0ItRTk4MTRBMzE3MkU0LC85LzIvOS85MjkxMzk1Ny0zREM4LTQ3NDYtOEJDRC1ENUI1REI3N0Y1MDQ=</partImage>
    <productId>1017897520</productId>
    <productName>Rear Tiedown</productName>
    <productImage>http://asset.lemansnet.com/z/LzcvNS81Lzc1NUUxNjc5LTVGQ0ItNEQ0My04OUE3LTI0RTAxQjIyRDRCQg==</productImage>
    <bullet1>Features the same engineered composite construction as the Superclamp II but it secures the rear of your snowmobile to your truck deck or trailer securely and safely</bullet1>
    <bullet2>Ergonomically-designed pistol grip handle to lock your sled in securely and quickly release it</bullet2>
    <bullet3>Advanced over-center cam lever assist with dust cover</bullet3>
    <bullet4>Center knob to adjust tension, adapts to fit all snowmobiles</bullet4>
    <bullet5>Safety key with tether included, but can be removed and replaced with your own lock for security</bullet5>
    <bullet6>Ribbed silicone rubber pads at ends to protect your skid</bullet6>
    <bullet7>12" Supertrac Kit included with deck hook, 3 pcs of stainless steel hardware, and fasteners</bullet7>
    <bullet8/>
    <bullet9/>
    <bullet10/>
    <bullet11/>
    <bullet12/>
    <bullet13/>
    <bullet14/>
    <bullet15/>
    <bullet16/>
    <bullet17/>
    <bullet18/>
    <bullet19/>
    <bullet20/>
    <bullet21/>
    <bullet22/>
    <bullet23/>
    <bullet24/>
    <vendorPriceUpdateDate>2023-04-22 00:00:00</vendorPriceUpdateDate>
  </part>
  <part>
    <partNumber>45040217</partNumber>
    <punctuatedPartNumber>4504-0217</punctuatedPartNumber>
    <partStatusDescription>STANDARD</partStatusDescription>
    <partDescription>SuperTrac Kit - 12"</partDescription>
    <unitOfMeasure>Kit</unitOfMeasure>
    <brandName>SUPERCLAMP</brandName>
    <supplierNumber>4112A SUP-TRAC</supplierNumber>
    <specialInstructions/>
    <baseDealerPrice>27.30</baseDealerPrice>
    <yourDealerPrice>27.30</yourDealerPrice>
    <baseRetailPrice>41.95</baseRetailPrice>
    <originalRetailPrice>41.95</originalRetailPrice>
    <partImage>http://asset.lemansnet.com/z/L0UvNC9FL0U0RUE5REUxLURGODEtNDdCNS04RjlDLTBFRjI1RTNGNUFFOCwvMS8zLzQvMTM0RTFEMjAtRUFCRS00NzE0LTg3NTctQUMwODczRjk1MEY4</partImage>
    <productId>0460657768</productId>
    <productName>SuperTrac Kit</productName>
    <productImage>http://asset.lemansnet.com/z/LzgvOC8zLzg4MzVCNTZGLTVBNkYtNEM1Ny05MTYxLTUzRDgyNjE5MkY2RQ==</productImage>
    <bullet1>The new SUPERTRAC is a multi-purpose, fully adjustable and lockable tie-down anchor system for use anywhere you need to tie down and secure cargo.</bullet1>
    <bullet2>SUPERTRAC can be installed in pick-up trucks, trailers, vans or just about anywhere you need to add an anchor point to tie down your cargo.</bullet2>
    <bullet3/>
    <bullet4/>
    <bullet5/>
    <bullet6/>
    <bullet7/>
    <bullet8/>
    <bullet9/>
    <bullet10/>
    <bullet11/>
    <bullet12/>
    <bullet13/>
    <bullet14/>
    <bullet15/>
    <bullet16/>
    <bullet17/>
    <bullet18/>
    <bullet19/>
    <bullet20/>
    <bullet21/>
    <bullet22/>
    <bullet23/>
    <bullet24/>
    <vendorPriceUpdateDate>2023-04-22 00:00:00</vendorPriceUpdateDate>
  </part>
  <part>
    <partNumber>45040218</partNumber>
    <punctuatedPartNumber>4504-0218</punctuatedPartNumber>
    <partStatusDescription>STANDARD</partStatusDescription>
    <partDescription>SuperTrac Kit - 24"</partDescription>
    <unitOfMeasure>Kit</unitOfMeasure>
    <brandName>SUPERCLAMP</brandName>
    <supplierNumber>4124A SUP-TRAC</supplierNumber>
    <specialInstructions/>
    <baseDealerPrice>34.90</baseDealerPrice>
    <yourDealerPrice>34.90</yourDealerPrice>
    <baseRetailPrice>50.95</baseRetailPrice>
    <originalRetailPrice>50.95</originalRetailPrice>
    <partImage>http://asset.lemansnet.com/z/LzgvOC8zLzg4MzVCNTZGLTVBNkYtNEM1Ny05MTYxLTUzRDgyNjE5MkY2RQ==</partImage>
    <productId>0460657768</productId>
    <productName>SuperTrac Kit</productName>
    <productImage>http://asset.lemansnet.com/z/LzgvOC8zLzg4MzVCNTZGLTVBNkYtNEM1Ny05MTYxLTUzRDgyNjE5MkY2RQ==</productImage>
    <bullet1>The new SUPERTRAC is a multi-purpose, fully adjustable and lockable tie-down anchor system for use anywhere you need to tie down and secure cargo.</bullet1>
    <bullet2>SUPERTRAC can be installed in pick-up trucks, trailers, vans or just about anywhere you need to add an anchor point to tie down your cargo.</bullet2>
    <bullet3/>
    <bullet4/>
    <bullet5/>
    <bullet6/>
    <bullet7/>
    <bullet8/>
    <bullet9/>
    <bullet10/>
    <bullet11/>
    <bullet12/>
    <bullet13/>
    <bullet14/>
    <bullet15/>
    <bullet16/>
    <bullet17/>
    <bullet18/>
    <bullet19/>
    <bullet20/>
    <bullet21/>
    <bullet22/>
    <bullet23/>
    <bullet24/>
    <vendorPriceUpdateDate>2023-04-22 00:00:00</vendorPriceUpdateDate>
  </part>
  <part>
    <partNumber>45040219</partNumber>
    <punctuatedPartNumber>4504-0219</punctuatedPartNumber>
    <partStatusDescription>STANDARD</partStatusDescription>
    <partDescription>SuperTrac Kit - 48"</partDescription>
    <unitOfMeasure>Kit</unitOfMeasure>
    <brandName>SUPERCLAMP</brandName>
    <supplierNumber>4148A SUP-TRAC</supplierNumber>
    <specialInstructions/>
    <baseDealerPrice>49.90</baseDealerPrice>
    <yourDealerPrice>49.90</yourDealerPrice>
    <baseRetailPrice>73.95</baseRetailPrice>
    <originalRetailPrice>73.95</originalRetailPrice>
    <partImage>http://asset.lemansnet.com/z/LzcvRi81LzdGNTcyMUY5LUM3Q0MtNDI5OC04QzlDLTg5NjdBRDk5NTQ0OQ==</partImage>
    <productId>0460657768</productId>
    <productName>SuperTrac Kit</productName>
    <productImage>http://asset.lemansnet.com/z/LzgvOC8zLzg4MzVCNTZGLTVBNkYtNEM1Ny05MTYxLTUzRDgyNjE5MkY2RQ==</productImage>
    <bullet1>The new SUPERTRAC is a multi-purpose, fully adjustable and lockable tie-down anchor system for use anywhere you need to tie down and secure cargo.</bullet1>
    <bullet2>SUPERTRAC can be installed in pick-up trucks, trailers, vans or just about anywhere you need to add an anchor point to tie down your cargo.</bullet2>
    <bullet3/>
    <bullet4/>
    <bullet5/>
    <bullet6/>
    <bullet7/>
    <bullet8/>
    <bullet9/>
    <bullet10/>
    <bullet11/>
    <bullet12/>
    <bullet13/>
    <bullet14/>
    <bullet15/>
    <bullet16/>
    <bullet17/>
    <bullet18/>
    <bullet19/>
    <bullet20/>
    <bullet21/>
    <bullet22/>
    <bullet23/>
    <bullet24/>
    <vendorPriceUpdateDate>2023-04-22 00:00:00</vendorPriceUpdateDate>
  </part>
  <part>
    <partNumber>45040222</partNumber>
    <punctuatedPartNumber>4504-0222</punctuatedPartNumber>
    <partStatusDescription>STANDARD</partStatusDescription>
    <partDescription>SuperTrac End Caps</partDescription>
    <unitOfMeasure>Pair</unitOfMeasure>
    <brandName>SUPERCLAMP</brandName>
    <supplierNumber>4200A TRAC END</supplierNumber>
    <specialInstructions/>
    <baseDealerPrice>4.80</baseDealerPrice>
    <yourDealerPrice>4.80</yourDealerPrice>
    <baseRetailPrice>7.95</baseRetailPrice>
    <originalRetailPrice>7.95</originalRetailPrice>
    <partImage>http://asset.lemansnet.com/z/L0EvMS9FL0ExRTU0QTUxLTI2QTMtNENGOS1BNTAwLTEzQ0UxOUQ3MkVEMCwvMi83LzEvMjcxMTE5MjYtMTU1NC00OTA1LUJEMjYtOTU3OTkwNTE4NUE3</partImage>
    <productId>0670138983</productId>
    <productName>SuperTrac End Caps</productName>
    <productImage>http://asset.lemansnet.com/z/L0EvMS9FL0ExRTU0QTUxLTI2QTMtNENGOS1BNTAwLTEzQ0UxOUQ3MkVEMA==</productImage>
    <bullet1>Includes two Supertrac end caps and flange button head screws</bullet1>
    <bullet2/>
    <bullet3/>
    <bullet4/>
    <bullet5/>
    <bullet6/>
    <bullet7/>
    <bullet8/>
    <bullet9/>
    <bullet10/>
    <bullet11/>
    <bullet12/>
    <bullet13/>
    <bullet14/>
    <bullet15/>
    <bullet16/>
    <bullet17/>
    <bullet18/>
    <bullet19/>
    <bullet20/>
    <bullet21/>
    <bullet22/>
    <bullet23/>
    <bullet24/>
    <vendorPriceUpdateDate>2023-04-22 00:00:00</vendorPriceUpdateDate>
  </part>
  <part>
    <partNumber>45040221</partNumber>
    <punctuatedPartNumber>4504-0221</punctuatedPartNumber>
    <partStatusDescription>STANDARD</partStatusDescription>
    <partDescription>SuperTrac Hardware Kit</partDescription>
    <unitOfMeasure>Kit</unitOfMeasure>
    <brandName>SUPERCLAMP</brandName>
    <supplierNumber>4212A SUP HRDW</supplierNumber>
    <specialInstructions/>
    <baseDealerPrice>9.20</baseDealerPrice>
    <yourDealerPrice>9.20</yourDealerPrice>
    <baseRetailPrice>13.95</baseRetailPrice>
    <originalRetailPrice>13.95</originalRetailPrice>
    <partImage>http://asset.lemansnet.com/z/LzUvQS9CLzVBQkUzRkZFLUY5RjMtNEI3Ny1BOEEzLTgxM0I2RkFDNDJDMiwvQy9BLzgvQ0E4NjMwMjItNTc2NC00RTQ5LTk1NTEtM0ZDNTJFODNDNjM2</partImage>
    <productId>0541787544</productId>
    <productName>SuperTrac Hardware Kit</productName>
    <productImage>http://asset.lemansnet.com/z/LzUvQS9CLzVBQkUzRkZFLUY5RjMtNEI3Ny1BOEEzLTgxM0I2RkFDNDJDMg==</productImage>
    <bullet1>SuperTrac replacement kit of 12 stainless steel nuts and bolts</bullet1>
    <bullet2>Use to install in pick-up trucks, trailers, vans, etc.</bullet2>
    <bullet3/>
    <bullet4/>
    <bullet5/>
    <bullet6/>
    <bullet7/>
    <bullet8/>
    <bullet9/>
    <bullet10/>
    <bullet11/>
    <bullet12/>
    <bullet13/>
    <bullet14/>
    <bullet15/>
    <bullet16/>
    <bullet17/>
    <bullet18/>
    <bullet19/>
    <bullet20/>
    <bullet21/>
    <bullet22/>
    <bullet23/>
    <bullet24/>
    <vendorPriceUpdateDate>2023-04-22 00:00:00</vendorPriceUpdateDate>
  </part>
  <part>
    <partNumber>45040206</partNumber>
    <punctuatedPartNumber>4504-0206</punctuatedPartNumber>
    <partStatusDescription>STANDARD</partStatusDescription>
    <partDescription>Deck Hook - 5" - Extra Long</partDescription>
    <unitOfMeasure>Each</unitOfMeasure>
    <brandName>SUPERCLAMP</brandName>
    <supplierNumber>2101 DH-XL-SC</supplierNumber>
    <specialInstructions/>
    <baseDealerPrice>16.90</baseDealerPrice>
    <yourDealerPrice>16.90</yourDealerPrice>
    <baseRetailPrice>24.95</baseRetailPrice>
    <originalRetailPrice>24.95</originalRetailPrice>
    <partImage>http://asset.lemansnet.com/z/LzcvMy85LzczOTc3RDI3LUUyQzktNDE2Ny1COTU4LTM2RjJDRUNDNTY2Qg==</partImage>
    <productId>2006684505</productId>
    <productName>Deck Hook</productName>
    <productImage>http://asset.lemansnet.com/z/L0MvMi9FL0MyRTczM0I1LUM2RTItNEVCMC1BQjFGLTlGODkzNzUyOUFFQQ==</productImage>
    <bullet1>T-Style deck hook for channel mounting</bullet1>
    <bullet2>Includes 1/2"-13 deck hook bolt, 1/2" flat washer, 1/2" Nylock nut</bullet2>
    <bullet3>Sold each </bullet3>
    <bullet4/>
    <bullet5/>
    <bullet6/>
    <bullet7/>
    <bullet8/>
    <bullet9/>
    <bullet10/>
    <bullet11/>
    <bullet12/>
    <bullet13/>
    <bullet14/>
    <bullet15/>
    <bullet16/>
    <bullet17/>
    <bullet18/>
    <bullet19/>
    <bullet20/>
    <bullet21/>
    <bullet22/>
    <bullet23/>
    <bullet24/>
    <vendorPriceUpdateDate>2023-04-22 00:00:00</vendorPriceUpdateDate>
  </part>
  <part>
    <partNumber>45040213</partNumber>
    <punctuatedPartNumber>4504-0213</punctuatedPartNumber>
    <partStatusDescription>STANDARD</partStatusDescription>
    <partDescription>Crossbar Ramp Protector - 2 Piece</partDescription>
    <unitOfMeasure>Pair</unitOfMeasure>
    <brandName>SUPERCLAMP</brandName>
    <supplierNumber>4051 1 KIT</supplierNumber>
    <specialInstructions/>
    <baseDealerPrice>7.60</baseDealerPrice>
    <yourDealerPrice>7.60</yourDealerPrice>
    <baseRetailPrice>12.95</baseRetailPrice>
    <originalRetailPrice>12.95</originalRetailPrice>
    <partImage>http://asset.lemansnet.com/z/LzQvRS80LzRFNEI2OUE3LTEzRkUtNDVBRS04NkI2LTNGNDZCOUJFQjlGNiwvRC80LzEvRDQxRjk4QjAtQjU1Qy00MkE3LUFBOTQtNTcwMkJFQTFCQzFE</partImage>
    <productId>1442538770</productId>
    <productName>Crossbar Ramp Protector</productName>
    <productImage>http://asset.lemansnet.com/z/LzQvRS80LzRFNEI2OUE3LTEzRkUtNDVBRS04NkI2LTNGNDZCOUJFQjlGNg==</productImage>
    <bullet1>Designed to mount over 1" ramp cross bars on solid, double and tri-fold loading ramps.</bullet1>
    <bullet2>2 pieces together helps prevent stud damage to loading ramps from snowmobile studded tracks while adding additional traction.</bullet2>
    <bullet3>The 7.5" long pieces can be used for ATV/UTV traction when placed on the outer cross bars.</bullet3>
    <bullet4/>
    <bullet5/>
    <bullet6/>
    <bullet7/>
    <bullet8/>
    <bullet9/>
    <bullet10/>
    <bullet11/>
    <bullet12/>
    <bullet13/>
    <bullet14/>
    <bullet15/>
    <bullet16/>
    <bullet17/>
    <bullet18/>
    <bullet19/>
    <bullet20/>
    <bullet21/>
    <bullet22/>
    <bullet23/>
    <bullet24/>
    <vendorPriceUpdateDate>2023-04-22 00:00:00</vendorPriceUpdateDate>
  </part>
  <part>
    <partNumber>45040215</partNumber>
    <punctuatedPartNumber>4504-0215</punctuatedPartNumber>
    <partStatusDescription>STANDARD</partStatusDescription>
    <partDescription>Crossbar Ramp Protector - 24 Piece</partDescription>
    <unitOfMeasure>24 Pack</unitOfMeasure>
    <brandName>SUPERCLAMP</brandName>
    <supplierNumber>4060 12 KIT</supplierNumber>
    <specialInstructions/>
    <baseDealerPrice>58.00</baseDealerPrice>
    <yourDealerPrice>58.00</yourDealerPrice>
    <baseRetailPrice>84.95</baseRetailPrice>
    <originalRetailPrice>84.95</originalRetailPrice>
    <partImage>http://asset.lemansnet.com/z/L0QvNC85L0Q0OTUwQUYwLTcwQkMtNEIzMC1BMDA5LUMxRERBNEM4QzgzNA==</partImage>
    <productId>1442538770</productId>
    <productName>Crossbar Ramp Protector</productName>
    <productImage>http://asset.lemansnet.com/z/LzQvRS80LzRFNEI2OUE3LTEzRkUtNDVBRS04NkI2LTNGNDZCOUJFQjlGNg==</productImage>
    <bullet1>Designed to mount over 1" ramp cross bars on solid, double and tri-fold loading ramps.</bullet1>
    <bullet2>2 pieces together helps prevent stud damage to loading ramps from snowmobile studded tracks while adding additional traction.</bullet2>
    <bullet3>The 7.5" long pieces can be used for ATV/UTV traction when placed on the outer cross bars.</bullet3>
    <bullet4/>
    <bullet5/>
    <bullet6/>
    <bullet7/>
    <bullet8/>
    <bullet9/>
    <bullet10/>
    <bullet11/>
    <bullet12/>
    <bullet13/>
    <bullet14/>
    <bullet15/>
    <bullet16/>
    <bullet17/>
    <bullet18/>
    <bullet19/>
    <bullet20/>
    <bullet21/>
    <bullet22/>
    <bullet23/>
    <bullet24/>
    <vendorPriceUpdateDate>2023-04-22 00:00:00</vendorPriceUpdateDate>
  </part>
  <part>
    <partNumber>45040214</partNumber>
    <punctuatedPartNumber>4504-0214</punctuatedPartNumber>
    <partStatusDescription>STANDARD</partStatusDescription>
    <partDescription>Crossbar Ramp Protector - 10 Piece</partDescription>
    <unitOfMeasure>10 Pack</unitOfMeasure>
    <brandName>SUPERCLAMP</brandName>
    <supplierNumber>4055 5 KIT</supplierNumber>
    <specialInstructions/>
    <baseDealerPrice>26.40</baseDealerPrice>
    <yourDealerPrice>26.40</yourDealerPrice>
    <baseRetailPrice>39.95</baseRetailPrice>
    <originalRetailPrice>39.95</originalRetailPrice>
    <partImage>http://asset.lemansnet.com/z/LzAvMS8xLzAxMUQxNUJBLUUyMkItNDE3OC05QjE2LTM0NkE4N0RGMzdEQg==</partImage>
    <productId>1442538770</productId>
    <productName>Crossbar Ramp Protector</productName>
    <productImage>http://asset.lemansnet.com/z/LzQvRS80LzRFNEI2OUE3LTEzRkUtNDVBRS04NkI2LTNGNDZCOUJFQjlGNg==</productImage>
    <bullet1>Designed to mount over 1" ramp cross bars on solid, double and tri-fold loading ramps.</bullet1>
    <bullet2>2 pieces together helps prevent stud damage to loading ramps from snowmobile studded tracks while adding additional traction.</bullet2>
    <bullet3>The 7.5" long pieces can be used for ATV/UTV traction when placed on the outer cross bars.</bullet3>
    <bullet4/>
    <bullet5/>
    <bullet6/>
    <bullet7/>
    <bullet8/>
    <bullet9/>
    <bullet10/>
    <bullet11/>
    <bullet12/>
    <bullet13/>
    <bullet14/>
    <bullet15/>
    <bullet16/>
    <bullet17/>
    <bullet18/>
    <bullet19/>
    <bullet20/>
    <bullet21/>
    <bullet22/>
    <bullet23/>
    <bullet24/>
    <vendorPriceUpdateDate>2023-04-22 00:00:00</vendorPriceUpdateDate>
  </part>
</root>
