<root>
  <part>
    <partNumber>07050014</partNumber>
    <punctuatedPartNumber>0705-0014</punctuatedPartNumber>
    <partStatusDescription>STANDARD</partStatusDescription>
    <partDescription>"Click-Slick" Fuel Petcock - Backward - Chrome - 3/8" NPT</partDescription>
    <unitOfMeasure>Each</unitOfMeasure>
    <brandName>GOLAN PRODUCTS</brandName>
    <supplierNumber>75-516B-CS</supplierNumber>
    <specialInstructions/>
    <baseDealerPrice>100.00</baseDealerPrice>
    <yourDealerPrice>100.00</yourDealerPrice>
    <baseRetailPrice>130.95</baseRetailPrice>
    <originalRetailPrice>129.95</originalRetailPrice>
    <partImage>http://asset.lemansnet.com/z/L0EvNS9DL0E1QzAwQTM5LTM3QzktNEExNi1CMTQ1LUYzM0M0RTQxRTY0NA==</partImage>
    <productId>1674029927</productId>
    <productName>"Click-Slick" Fuel Petcock — 3/8" NPT</productName>
    <productImage>http://asset.lemansnet.com/z/LzUvMS80LzUxNEQzNUNFLTI0RUQtNEM4Mi1BQzVCLTc5QkQ0RDhDQTFEMQ==</productImage>
    <bullet1>Can be modified to fit custom tanks and/or be set to determine amount of reserve gas available with any custom gas tank</bullet1>
    <bullet2>Stainless steel internal ball bearings provide virtually friction-free petcock handle motion</bullet2>
    <bullet3>90° movement between each detent ensures positive transition when riding</bullet3>
    <bullet4>Manufactured from 360 brass and stainless steel ball-bearings and components</bullet4>
    <bullet5>Features detents for quick, effortless switching from "On" to "Reserve" to "Off"</bullet5>
    <bullet6>Valve position firmly held in place and unaffected by vibration</bullet6>
    <bullet7>Made in the USA</bullet7>
    <bullet8/>
    <bullet9/>
    <bullet10/>
    <bullet11/>
    <bullet12/>
    <bullet13/>
    <bullet14/>
    <bullet15/>
    <bullet16/>
    <bullet17/>
    <bullet18/>
    <bullet19/>
    <bullet20/>
    <bullet21/>
    <bullet22/>
    <bullet23/>
    <bullet24/>
    <vendorPriceUpdateDate>2021-04-28 00:00:00</vendorPriceUpdateDate>
  </part>
  <part>
    <partNumber>07050015</partNumber>
    <punctuatedPartNumber>0705-0015</punctuatedPartNumber>
    <partStatusDescription>STANDARD</partStatusDescription>
    <partDescription>"Click-Slick" Fuel Petcock - Downward - Chrome - 3/8" NPT</partDescription>
    <unitOfMeasure>Each</unitOfMeasure>
    <brandName>GOLAN PRODUCTS</brandName>
    <supplierNumber>75-516D-CS</supplierNumber>
    <specialInstructions/>
    <baseDealerPrice>100.00</baseDealerPrice>
    <yourDealerPrice>100.00</yourDealerPrice>
    <baseRetailPrice>130.95</baseRetailPrice>
    <originalRetailPrice>129.95</originalRetailPrice>
    <partImage>http://asset.lemansnet.com/z/LzQvQS8zLzRBM0Y0M0FELTVGNkMtNENBNS1BRjU0LUY2QjNBQjMyNzI5Ng==</partImage>
    <productId>1674029927</productId>
    <productName>"Click-Slick" Fuel Petcock — 3/8" NPT</productName>
    <productImage>http://asset.lemansnet.com/z/LzUvMS80LzUxNEQzNUNFLTI0RUQtNEM4Mi1BQzVCLTc5QkQ0RDhDQTFEMQ==</productImage>
    <bullet1>Can be modified to fit custom tanks and/or be set to determine amount of reserve gas available with any custom gas tank</bullet1>
    <bullet2>Stainless steel internal ball bearings provide virtually friction-free petcock handle motion</bullet2>
    <bullet3>90° movement between each detent ensures positive transition when riding</bullet3>
    <bullet4>Manufactured from 360 brass and stainless steel ball-bearings and components</bullet4>
    <bullet5>Features detents for quick, effortless switching from "On" to "Reserve" to "Off"</bullet5>
    <bullet6>Valve position firmly held in place and unaffected by vibration</bullet6>
    <bullet7>Made in the USA</bullet7>
    <bullet8/>
    <bullet9/>
    <bullet10/>
    <bullet11/>
    <bullet12/>
    <bullet13/>
    <bullet14/>
    <bullet15/>
    <bullet16/>
    <bullet17/>
    <bullet18/>
    <bullet19/>
    <bullet20/>
    <bullet21/>
    <bullet22/>
    <bullet23/>
    <bullet24/>
    <vendorPriceUpdateDate>2021-04-28 00:00:00</vendorPriceUpdateDate>
  </part>
  <part>
    <partNumber>07050017</partNumber>
    <punctuatedPartNumber>0705-0017</punctuatedPartNumber>
    <partStatusDescription>STANDARD</partStatusDescription>
    <partDescription>"Click-Slick" Fuel Petcock - Straight - Chrome - 3/8" NPT</partDescription>
    <unitOfMeasure>Each</unitOfMeasure>
    <brandName>GOLAN PRODUCTS</brandName>
    <supplierNumber>75-516S-CS</supplierNumber>
    <specialInstructions/>
    <baseDealerPrice>100.00</baseDealerPrice>
    <yourDealerPrice>100.00</yourDealerPrice>
    <baseRetailPrice>130.95</baseRetailPrice>
    <originalRetailPrice>129.95</originalRetailPrice>
    <partImage>http://asset.lemansnet.com/z/L0MvRS8xL0NFMUQzNTBDLUVCMEUtNDAwNC04NDUyLTZDOUZCRkVFOUIwRA==</partImage>
    <productId>1674029927</productId>
    <productName>"Click-Slick" Fuel Petcock — 3/8" NPT</productName>
    <productImage>http://asset.lemansnet.com/z/LzUvMS80LzUxNEQzNUNFLTI0RUQtNEM4Mi1BQzVCLTc5QkQ0RDhDQTFEMQ==</productImage>
    <bullet1>Can be modified to fit custom tanks and/or be set to determine amount of reserve gas available with any custom gas tank</bullet1>
    <bullet2>Stainless steel internal ball bearings provide virtually friction-free petcock handle motion</bullet2>
    <bullet3>90° movement between each detent ensures positive transition when riding</bullet3>
    <bullet4>Manufactured from 360 brass and stainless steel ball-bearings and components</bullet4>
    <bullet5>Features detents for quick, effortless switching from "On" to "Reserve" to "Off"</bullet5>
    <bullet6>Valve position firmly held in place and unaffected by vibration</bullet6>
    <bullet7>Made in the USA</bullet7>
    <bullet8/>
    <bullet9/>
    <bullet10/>
    <bullet11/>
    <bullet12/>
    <bullet13/>
    <bullet14/>
    <bullet15/>
    <bullet16/>
    <bullet17/>
    <bullet18/>
    <bullet19/>
    <bullet20/>
    <bullet21/>
    <bullet22/>
    <bullet23/>
    <bullet24/>
    <vendorPriceUpdateDate>2021-04-28 00:00:00</vendorPriceUpdateDate>
  </part>
  <part>
    <partNumber>07050062</partNumber>
    <punctuatedPartNumber>0705-0062</punctuatedPartNumber>
    <partStatusDescription>STANDARD</partStatusDescription>
    <partDescription>"Click-Slick" Fuel Petcock - Downward - Raw Brass - 22mm</partDescription>
    <unitOfMeasure>Each</unitOfMeasure>
    <brandName>GOLAN PRODUCTS</brandName>
    <supplierNumber>76-312D-BS</supplierNumber>
    <specialInstructions/>
    <baseDealerPrice>100.00</baseDealerPrice>
    <yourDealerPrice>100.00</yourDealerPrice>
    <baseRetailPrice>130.95</baseRetailPrice>
    <originalRetailPrice>129.95</originalRetailPrice>
    <partImage>http://asset.lemansnet.com/z/L0MvRC9FL0NERTIzM0UxLUJDQjUtNDc3MC04OUFBLUNFNUZGM0ZBNEFCOA==</partImage>
    <productId>2120367795</productId>
    <productName>"Click-Slick" Fuel Petcock — 22 mm</productName>
    <productImage>http://asset.lemansnet.com/z/LzUvMS80LzUxNEQzNUNFLTI0RUQtNEM4Mi1BQzVCLTc5QkQ0RDhDQTFEMQ==</productImage>
    <bullet1>Can be modified to fit custom tanks and/or be set to determine amount of reserve gas available with any custom gas tank</bullet1>
    <bullet2>Stainless steel internal ball bearings provide virtually friction-free petcock handle motion</bullet2>
    <bullet3>90° movement between each detent ensures positive transition when riding</bullet3>
    <bullet4>Manufactured from 360 brass and stainless steel ball-bearings and components</bullet4>
    <bullet5>Features detents for quick, effortless switching from "On" to "Reserve" to "Off"</bullet5>
    <bullet6>Valve position firmly held in place and unaffected by vibration</bullet6>
    <bullet7>Made in the USA</bullet7>
    <bullet8/>
    <bullet9/>
    <bullet10/>
    <bullet11/>
    <bullet12/>
    <bullet13/>
    <bullet14/>
    <bullet15/>
    <bullet16/>
    <bullet17/>
    <bullet18/>
    <bullet19/>
    <bullet20/>
    <bullet21/>
    <bullet22/>
    <bullet23/>
    <bullet24/>
    <vendorPriceUpdateDate>2021-04-28 00:00:00</vendorPriceUpdateDate>
  </part>
  <part>
    <partNumber>07050064</partNumber>
    <punctuatedPartNumber>0705-0064</punctuatedPartNumber>
    <partStatusDescription>STANDARD</partStatusDescription>
    <partDescription>"Click-Slick" Fuel Petcock - Straight - Raw Brass - 22mm</partDescription>
    <unitOfMeasure>Each</unitOfMeasure>
    <brandName>GOLAN PRODUCTS</brandName>
    <supplierNumber>76-312S-BS</supplierNumber>
    <specialInstructions/>
    <baseDealerPrice>100.00</baseDealerPrice>
    <yourDealerPrice>100.00</yourDealerPrice>
    <baseRetailPrice>130.95</baseRetailPrice>
    <originalRetailPrice>129.95</originalRetailPrice>
    <partImage>http://asset.lemansnet.com/z/LzUvMS80LzUxNEQzNUNFLTI0RUQtNEM4Mi1BQzVCLTc5QkQ0RDhDQTFEMSwvQy84LzcvQzg3QjdCNDctNkE2Ni00QkZDLUI3RDgtRTlERTc1N0E3MDMx</partImage>
    <productId>2120367795</productId>
    <productName>"Click-Slick" Fuel Petcock — 22 mm</productName>
    <productImage>http://asset.lemansnet.com/z/LzUvMS80LzUxNEQzNUNFLTI0RUQtNEM4Mi1BQzVCLTc5QkQ0RDhDQTFEMQ==</productImage>
    <bullet1>Can be modified to fit custom tanks and/or be set to determine amount of reserve gas available with any custom gas tank</bullet1>
    <bullet2>Stainless steel internal ball bearings provide virtually friction-free petcock handle motion</bullet2>
    <bullet3>90° movement between each detent ensures positive transition when riding</bullet3>
    <bullet4>Manufactured from 360 brass and stainless steel ball-bearings and components</bullet4>
    <bullet5>Features detents for quick, effortless switching from "On" to "Reserve" to "Off"</bullet5>
    <bullet6>Valve position firmly held in place and unaffected by vibration</bullet6>
    <bullet7>Made in the USA</bullet7>
    <bullet8/>
    <bullet9/>
    <bullet10/>
    <bullet11/>
    <bullet12/>
    <bullet13/>
    <bullet14/>
    <bullet15/>
    <bullet16/>
    <bullet17/>
    <bullet18/>
    <bullet19/>
    <bullet20/>
    <bullet21/>
    <bullet22/>
    <bullet23/>
    <bullet24/>
    <vendorPriceUpdateDate>2021-04-28 00:00:00</vendorPriceUpdateDate>
  </part>
  <part>
    <partNumber>07050108</partNumber>
    <punctuatedPartNumber>0705-0108</punctuatedPartNumber>
    <partStatusDescription>STANDARD</partStatusDescription>
    <partDescription>"Click-Slick" Fuel Petcock - Straight - Black - 22mm</partDescription>
    <unitOfMeasure>Each</unitOfMeasure>
    <brandName>GOLAN PRODUCTS</brandName>
    <supplierNumber>76-312S-BLK</supplierNumber>
    <specialInstructions/>
    <baseDealerPrice>100.00</baseDealerPrice>
    <yourDealerPrice>100.00</yourDealerPrice>
    <baseRetailPrice>130.95</baseRetailPrice>
    <originalRetailPrice>129.95</originalRetailPrice>
    <partImage>http://asset.lemansnet.com/z/LzMvQS82LzNBNkZENTQ4LTQzNzUtNEIyOS1BMEUyLTJFRTUwQkUzQjQ0NCwvQS8wLzgvQTA4M0EyNDItNjJDMC00RTE0LTlGREQtNDZFMkY1NTlGRDI0</partImage>
    <productId>2120367795</productId>
    <productName>"Click-Slick" Fuel Petcock — 22 mm</productName>
    <productImage>http://asset.lemansnet.com/z/LzUvMS80LzUxNEQzNUNFLTI0RUQtNEM4Mi1BQzVCLTc5QkQ0RDhDQTFEMQ==</productImage>
    <bullet1>Can be modified to fit custom tanks and/or be set to determine amount of reserve gas available with any custom gas tank</bullet1>
    <bullet2>Stainless steel internal ball bearings provide virtually friction-free petcock handle motion</bullet2>
    <bullet3>90° movement between each detent ensures positive transition when riding</bullet3>
    <bullet4>Manufactured from 360 brass and stainless steel ball-bearings and components</bullet4>
    <bullet5>Features detents for quick, effortless switching from "On" to "Reserve" to "Off"</bullet5>
    <bullet6>Valve position firmly held in place and unaffected by vibration</bullet6>
    <bullet7>Made in the USA</bullet7>
    <bullet8/>
    <bullet9/>
    <bullet10/>
    <bullet11/>
    <bullet12/>
    <bullet13/>
    <bullet14/>
    <bullet15/>
    <bullet16/>
    <bullet17/>
    <bullet18/>
    <bullet19/>
    <bullet20/>
    <bullet21/>
    <bullet22/>
    <bullet23/>
    <bullet24/>
    <vendorPriceUpdateDate>2021-04-28 00:00:00</vendorPriceUpdateDate>
  </part>
  <part>
    <partNumber>07050089</partNumber>
    <punctuatedPartNumber>0705-0089</punctuatedPartNumber>
    <partStatusDescription>STANDARD</partStatusDescription>
    <partDescription>"Click-Slick" Fuel Petcock - Straight - Raw Brass - 3/8" NPT</partDescription>
    <unitOfMeasure>Each</unitOfMeasure>
    <brandName>GOLAN PRODUCTS</brandName>
    <supplierNumber>75-516S-BS</supplierNumber>
    <specialInstructions/>
    <baseDealerPrice>100.00</baseDealerPrice>
    <yourDealerPrice>100.00</yourDealerPrice>
    <baseRetailPrice>130.95</baseRetailPrice>
    <originalRetailPrice>129.95</originalRetailPrice>
    <partImage>http://asset.lemansnet.com/z/L0EvMS9DL0ExQzI5QTdGLTczOTItNDgzNS1CRkQxLTgyMENGQjY3MDA3RQ==</partImage>
    <productId>1674029927</productId>
    <productName>"Click-Slick" Fuel Petcock — 3/8" NPT</productName>
    <productImage>http://asset.lemansnet.com/z/LzUvMS80LzUxNEQzNUNFLTI0RUQtNEM4Mi1BQzVCLTc5QkQ0RDhDQTFEMQ==</productImage>
    <bullet1>Can be modified to fit custom tanks and/or be set to determine amount of reserve gas available with any custom gas tank</bullet1>
    <bullet2>Stainless steel internal ball bearings provide virtually friction-free petcock handle motion</bullet2>
    <bullet3>90° movement between each detent ensures positive transition when riding</bullet3>
    <bullet4>Manufactured from 360 brass and stainless steel ball-bearings and components</bullet4>
    <bullet5>Features detents for quick, effortless switching from "On" to "Reserve" to "Off"</bullet5>
    <bullet6>Valve position firmly held in place and unaffected by vibration</bullet6>
    <bullet7>Made in the USA</bullet7>
    <bullet8/>
    <bullet9/>
    <bullet10/>
    <bullet11/>
    <bullet12/>
    <bullet13/>
    <bullet14/>
    <bullet15/>
    <bullet16/>
    <bullet17/>
    <bullet18/>
    <bullet19/>
    <bullet20/>
    <bullet21/>
    <bullet22/>
    <bullet23/>
    <bullet24/>
    <vendorPriceUpdateDate>2021-04-28 00:00:00</vendorPriceUpdateDate>
  </part>
  <part>
    <partNumber>07050103</partNumber>
    <punctuatedPartNumber>0705-0103</punctuatedPartNumber>
    <partStatusDescription>STANDARD</partStatusDescription>
    <partDescription>"Click-Slick" Fuel Petcock - Straight - Black - 3/8" NPT</partDescription>
    <unitOfMeasure>Each</unitOfMeasure>
    <brandName>GOLAN PRODUCTS</brandName>
    <supplierNumber>75-516S-BLK</supplierNumber>
    <specialInstructions/>
    <baseDealerPrice>100.00</baseDealerPrice>
    <yourDealerPrice>100.00</yourDealerPrice>
    <baseRetailPrice>130.95</baseRetailPrice>
    <originalRetailPrice>129.95</originalRetailPrice>
    <partImage>http://asset.lemansnet.com/z/L0IvMC8yL0IwMkIyQkU4LThGQjctNEU2Ny1CN0YwLUE2RjA5RUMwQ0YwQw==</partImage>
    <productId>1674029927</productId>
    <productName>"Click-Slick" Fuel Petcock — 3/8" NPT</productName>
    <productImage>http://asset.lemansnet.com/z/LzUvMS80LzUxNEQzNUNFLTI0RUQtNEM4Mi1BQzVCLTc5QkQ0RDhDQTFEMQ==</productImage>
    <bullet1>Can be modified to fit custom tanks and/or be set to determine amount of reserve gas available with any custom gas tank</bullet1>
    <bullet2>Stainless steel internal ball bearings provide virtually friction-free petcock handle motion</bullet2>
    <bullet3>90° movement between each detent ensures positive transition when riding</bullet3>
    <bullet4>Manufactured from 360 brass and stainless steel ball-bearings and components</bullet4>
    <bullet5>Features detents for quick, effortless switching from "On" to "Reserve" to "Off"</bullet5>
    <bullet6>Valve position firmly held in place and unaffected by vibration</bullet6>
    <bullet7>Made in the USA</bullet7>
    <bullet8/>
    <bullet9/>
    <bullet10/>
    <bullet11/>
    <bullet12/>
    <bullet13/>
    <bullet14/>
    <bullet15/>
    <bullet16/>
    <bullet17/>
    <bullet18/>
    <bullet19/>
    <bullet20/>
    <bullet21/>
    <bullet22/>
    <bullet23/>
    <bullet24/>
    <vendorPriceUpdateDate>2021-04-28 00:00:00</vendorPriceUpdateDate>
  </part>
  <part>
    <partNumber>07050109</partNumber>
    <punctuatedPartNumber>0705-0109</punctuatedPartNumber>
    <partStatusDescription>STANDARD</partStatusDescription>
    <partDescription>"Click-Slick" Fuel Petcock - 6-AN - Black - 22mm</partDescription>
    <unitOfMeasure>Each</unitOfMeasure>
    <brandName>GOLAN PRODUCTS</brandName>
    <supplierNumber>76-3126-BLK</supplierNumber>
    <specialInstructions/>
    <baseDealerPrice>107.50</baseDealerPrice>
    <yourDealerPrice>107.50</yourDealerPrice>
    <baseRetailPrice>143.95</baseRetailPrice>
    <originalRetailPrice>142.95</originalRetailPrice>
    <partImage>http://asset.lemansnet.com/z/L0UvOC80L0U4NDMwMjdFLUY3N0QtNEE4Ni05QzNFLUE2OTMyNTYyNEQ3MiwvNS82LzgvNTY4MDZGMDctRDI3OS00QzNELUExQ0MtRTQyMjMwN0M1QUZF</partImage>
    <productId>2120367795</productId>
    <productName>"Click-Slick" Fuel Petcock — 22 mm</productName>
    <productImage>http://asset.lemansnet.com/z/LzUvMS80LzUxNEQzNUNFLTI0RUQtNEM4Mi1BQzVCLTc5QkQ0RDhDQTFEMQ==</productImage>
    <bullet1>Can be modified to fit custom tanks and/or be set to determine amount of reserve gas available with any custom gas tank</bullet1>
    <bullet2>Stainless steel internal ball bearings provide virtually friction-free petcock handle motion</bullet2>
    <bullet3>90° movement between each detent ensures positive transition when riding</bullet3>
    <bullet4>Manufactured from 360 brass and stainless steel ball-bearings and components</bullet4>
    <bullet5>Features detents for quick, effortless switching from "On" to "Reserve" to "Off"</bullet5>
    <bullet6>Valve position firmly held in place and unaffected by vibration</bullet6>
    <bullet7>Made in the USA</bullet7>
    <bullet8/>
    <bullet9/>
    <bullet10/>
    <bullet11/>
    <bullet12/>
    <bullet13/>
    <bullet14/>
    <bullet15/>
    <bullet16/>
    <bullet17/>
    <bullet18/>
    <bullet19/>
    <bullet20/>
    <bullet21/>
    <bullet22/>
    <bullet23/>
    <bullet24/>
    <vendorPriceUpdateDate>2021-04-28 00:00:00</vendorPriceUpdateDate>
  </part>
  <part>
    <partNumber>07050022</partNumber>
    <punctuatedPartNumber>0705-0022</punctuatedPartNumber>
    <partStatusDescription>STANDARD</partStatusDescription>
    <partDescription>"Click-Slick" Fuel Petcock - Straight - Chrome - 22mm</partDescription>
    <unitOfMeasure>Each</unitOfMeasure>
    <brandName>GOLAN PRODUCTS</brandName>
    <supplierNumber>76-312S-CS</supplierNumber>
    <specialInstructions/>
    <baseDealerPrice>100.00</baseDealerPrice>
    <yourDealerPrice>100.00</yourDealerPrice>
    <baseRetailPrice>130.95</baseRetailPrice>
    <originalRetailPrice>129.95</originalRetailPrice>
    <partImage>http://asset.lemansnet.com/z/LzQvNy84LzQ3OEEzNzQ0LUIxRTgtNDhERS04OUYzLUU3QUVFQUQyMTQ1MQ==</partImage>
    <productId>2120367795</productId>
    <productName>"Click-Slick" Fuel Petcock — 22 mm</productName>
    <productImage>http://asset.lemansnet.com/z/LzUvMS80LzUxNEQzNUNFLTI0RUQtNEM4Mi1BQzVCLTc5QkQ0RDhDQTFEMQ==</productImage>
    <bullet1>Can be modified to fit custom tanks and/or be set to determine amount of reserve gas available with any custom gas tank</bullet1>
    <bullet2>Stainless steel internal ball bearings provide virtually friction-free petcock handle motion</bullet2>
    <bullet3>90° movement between each detent ensures positive transition when riding</bullet3>
    <bullet4>Manufactured from 360 brass and stainless steel ball-bearings and components</bullet4>
    <bullet5>Features detents for quick, effortless switching from "On" to "Reserve" to "Off"</bullet5>
    <bullet6>Valve position firmly held in place and unaffected by vibration</bullet6>
    <bullet7>Made in the USA</bullet7>
    <bullet8/>
    <bullet9/>
    <bullet10/>
    <bullet11/>
    <bullet12/>
    <bullet13/>
    <bullet14/>
    <bullet15/>
    <bullet16/>
    <bullet17/>
    <bullet18/>
    <bullet19/>
    <bullet20/>
    <bullet21/>
    <bullet22/>
    <bullet23/>
    <bullet24/>
    <vendorPriceUpdateDate>2021-04-28 00:00:00</vendorPriceUpdateDate>
  </part>
  <part>
    <partNumber>07050063</partNumber>
    <punctuatedPartNumber>0705-0063</punctuatedPartNumber>
    <partStatusDescription>STANDARD</partStatusDescription>
    <partDescription>"Click-Slick" Fuel Petcock - Forward - Raw Brass - 22mm</partDescription>
    <unitOfMeasure>Each</unitOfMeasure>
    <brandName>GOLAN PRODUCTS</brandName>
    <supplierNumber>76-312F-BS</supplierNumber>
    <specialInstructions/>
    <baseDealerPrice>100.00</baseDealerPrice>
    <yourDealerPrice>100.00</yourDealerPrice>
    <baseRetailPrice>130.95</baseRetailPrice>
    <originalRetailPrice>129.95</originalRetailPrice>
    <partImage>http://asset.lemansnet.com/z/LzgvRS9FLzhFRTdFOTIzLTA3NzctNDU4My05MjAyLUY5Njc0MzIyMDJFRg==</partImage>
    <productId>2120367795</productId>
    <productName>"Click-Slick" Fuel Petcock — 22 mm</productName>
    <productImage>http://asset.lemansnet.com/z/LzUvMS80LzUxNEQzNUNFLTI0RUQtNEM4Mi1BQzVCLTc5QkQ0RDhDQTFEMQ==</productImage>
    <bullet1>Can be modified to fit custom tanks and/or be set to determine amount of reserve gas available with any custom gas tank</bullet1>
    <bullet2>Stainless steel internal ball bearings provide virtually friction-free petcock handle motion</bullet2>
    <bullet3>90° movement between each detent ensures positive transition when riding</bullet3>
    <bullet4>Manufactured from 360 brass and stainless steel ball-bearings and components</bullet4>
    <bullet5>Features detents for quick, effortless switching from "On" to "Reserve" to "Off"</bullet5>
    <bullet6>Valve position firmly held in place and unaffected by vibration</bullet6>
    <bullet7>Made in the USA</bullet7>
    <bullet8/>
    <bullet9/>
    <bullet10/>
    <bullet11/>
    <bullet12/>
    <bullet13/>
    <bullet14/>
    <bullet15/>
    <bullet16/>
    <bullet17/>
    <bullet18/>
    <bullet19/>
    <bullet20/>
    <bullet21/>
    <bullet22/>
    <bullet23/>
    <bullet24/>
    <vendorPriceUpdateDate>2021-04-28 00:00:00</vendorPriceUpdateDate>
  </part>
  <part>
    <partNumber>07050106</partNumber>
    <punctuatedPartNumber>0705-0106</punctuatedPartNumber>
    <partStatusDescription>STANDARD</partStatusDescription>
    <partDescription>"Click-Slick" Fuel Petcock - Downward - Black - 22mm</partDescription>
    <unitOfMeasure>Each</unitOfMeasure>
    <brandName>GOLAN PRODUCTS</brandName>
    <supplierNumber>76-312D-BLK</supplierNumber>
    <specialInstructions/>
    <baseDealerPrice>100.00</baseDealerPrice>
    <yourDealerPrice>100.00</yourDealerPrice>
    <baseRetailPrice>130.95</baseRetailPrice>
    <originalRetailPrice>129.95</originalRetailPrice>
    <partImage>http://asset.lemansnet.com/z/LzgvNC9BLzg0QTU2QzBDLUNCMDQtNDY3NC1BMDVFLUM0ODJGMTEwQUU5OSwvRS82LzEvRTYxNTI4RjYtNDBEMy00QjIxLUJEQzgtQjA4QzQxQkJBOTBB</partImage>
    <productId>2120367795</productId>
    <productName>"Click-Slick" Fuel Petcock — 22 mm</productName>
    <productImage>http://asset.lemansnet.com/z/LzUvMS80LzUxNEQzNUNFLTI0RUQtNEM4Mi1BQzVCLTc5QkQ0RDhDQTFEMQ==</productImage>
    <bullet1>Can be modified to fit custom tanks and/or be set to determine amount of reserve gas available with any custom gas tank</bullet1>
    <bullet2>Stainless steel internal ball bearings provide virtually friction-free petcock handle motion</bullet2>
    <bullet3>90° movement between each detent ensures positive transition when riding</bullet3>
    <bullet4>Manufactured from 360 brass and stainless steel ball-bearings and components</bullet4>
    <bullet5>Features detents for quick, effortless switching from "On" to "Reserve" to "Off"</bullet5>
    <bullet6>Valve position firmly held in place and unaffected by vibration</bullet6>
    <bullet7>Made in the USA</bullet7>
    <bullet8/>
    <bullet9/>
    <bullet10/>
    <bullet11/>
    <bullet12/>
    <bullet13/>
    <bullet14/>
    <bullet15/>
    <bullet16/>
    <bullet17/>
    <bullet18/>
    <bullet19/>
    <bullet20/>
    <bullet21/>
    <bullet22/>
    <bullet23/>
    <bullet24/>
    <vendorPriceUpdateDate>2021-04-28 00:00:00</vendorPriceUpdateDate>
  </part>
  <part>
    <partNumber>07050019</partNumber>
    <punctuatedPartNumber>0705-0019</punctuatedPartNumber>
    <partStatusDescription>STANDARD</partStatusDescription>
    <partDescription>"Click-Slick" Fuel Petcock - Backward - Chrome - 22mm</partDescription>
    <unitOfMeasure>Each</unitOfMeasure>
    <brandName>GOLAN PRODUCTS</brandName>
    <supplierNumber>76-312B-CS</supplierNumber>
    <specialInstructions/>
    <baseDealerPrice>100.00</baseDealerPrice>
    <yourDealerPrice>100.00</yourDealerPrice>
    <baseRetailPrice>130.95</baseRetailPrice>
    <originalRetailPrice>129.95</originalRetailPrice>
    <partImage>http://asset.lemansnet.com/z/L0EvMi8zL0EyM0E4NTExLTlEQTktNDUyOC04NThFLTExQTE3MzI1QjA3Ng==</partImage>
    <productId>2120367795</productId>
    <productName>"Click-Slick" Fuel Petcock — 22 mm</productName>
    <productImage>http://asset.lemansnet.com/z/LzUvMS80LzUxNEQzNUNFLTI0RUQtNEM4Mi1BQzVCLTc5QkQ0RDhDQTFEMQ==</productImage>
    <bullet1>Can be modified to fit custom tanks and/or be set to determine amount of reserve gas available with any custom gas tank</bullet1>
    <bullet2>Stainless steel internal ball bearings provide virtually friction-free petcock handle motion</bullet2>
    <bullet3>90° movement between each detent ensures positive transition when riding</bullet3>
    <bullet4>Manufactured from 360 brass and stainless steel ball-bearings and components</bullet4>
    <bullet5>Features detents for quick, effortless switching from "On" to "Reserve" to "Off"</bullet5>
    <bullet6>Valve position firmly held in place and unaffected by vibration</bullet6>
    <bullet7>Made in the USA</bullet7>
    <bullet8/>
    <bullet9/>
    <bullet10/>
    <bullet11/>
    <bullet12/>
    <bullet13/>
    <bullet14/>
    <bullet15/>
    <bullet16/>
    <bullet17/>
    <bullet18/>
    <bullet19/>
    <bullet20/>
    <bullet21/>
    <bullet22/>
    <bullet23/>
    <bullet24/>
    <vendorPriceUpdateDate>2021-04-28 00:00:00</vendorPriceUpdateDate>
  </part>
  <part>
    <partNumber>07050020</partNumber>
    <punctuatedPartNumber>0705-0020</punctuatedPartNumber>
    <partStatusDescription>STANDARD</partStatusDescription>
    <partDescription>"Click-Slick" Fuel Petcock - Downward - Chrome - 22mm</partDescription>
    <unitOfMeasure>Each</unitOfMeasure>
    <brandName>GOLAN PRODUCTS</brandName>
    <supplierNumber>76-312D-CS</supplierNumber>
    <specialInstructions/>
    <baseDealerPrice>100.00</baseDealerPrice>
    <yourDealerPrice>100.00</yourDealerPrice>
    <baseRetailPrice>130.95</baseRetailPrice>
    <originalRetailPrice>129.95</originalRetailPrice>
    <partImage>http://asset.lemansnet.com/z/LzEvQy83LzFDN0ExQjg2LTZFRUMtNDNBRC1CRjBDLTY0NzYxODU5OEZBQQ==</partImage>
    <productId>2120367795</productId>
    <productName>"Click-Slick" Fuel Petcock — 22 mm</productName>
    <productImage>http://asset.lemansnet.com/z/LzUvMS80LzUxNEQzNUNFLTI0RUQtNEM4Mi1BQzVCLTc5QkQ0RDhDQTFEMQ==</productImage>
    <bullet1>Can be modified to fit custom tanks and/or be set to determine amount of reserve gas available with any custom gas tank</bullet1>
    <bullet2>Stainless steel internal ball bearings provide virtually friction-free petcock handle motion</bullet2>
    <bullet3>90° movement between each detent ensures positive transition when riding</bullet3>
    <bullet4>Manufactured from 360 brass and stainless steel ball-bearings and components</bullet4>
    <bullet5>Features detents for quick, effortless switching from "On" to "Reserve" to "Off"</bullet5>
    <bullet6>Valve position firmly held in place and unaffected by vibration</bullet6>
    <bullet7>Made in the USA</bullet7>
    <bullet8/>
    <bullet9/>
    <bullet10/>
    <bullet11/>
    <bullet12/>
    <bullet13/>
    <bullet14/>
    <bullet15/>
    <bullet16/>
    <bullet17/>
    <bullet18/>
    <bullet19/>
    <bullet20/>
    <bullet21/>
    <bullet22/>
    <bullet23/>
    <bullet24/>
    <vendorPriceUpdateDate>2021-04-28 00:00:00</vendorPriceUpdateDate>
  </part>
  <part>
    <partNumber>07050061</partNumber>
    <punctuatedPartNumber>0705-0061</punctuatedPartNumber>
    <partStatusDescription>STANDARD</partStatusDescription>
    <partDescription>"Click-Slick" Fuel Petcock - Backward - Raw Brass - 22mm</partDescription>
    <unitOfMeasure>Each</unitOfMeasure>
    <brandName>GOLAN PRODUCTS</brandName>
    <supplierNumber>76-312B-BS</supplierNumber>
    <specialInstructions/>
    <baseDealerPrice>100.00</baseDealerPrice>
    <yourDealerPrice>100.00</yourDealerPrice>
    <baseRetailPrice>130.95</baseRetailPrice>
    <originalRetailPrice>129.95</originalRetailPrice>
    <partImage>http://asset.lemansnet.com/z/LzAvOS9BLzA5QUZEQTUzLThDMzgtNERGRS04QzE3LTMxNTJDQTgwMEQ3RQ==</partImage>
    <productId>2120367795</productId>
    <productName>"Click-Slick" Fuel Petcock — 22 mm</productName>
    <productImage>http://asset.lemansnet.com/z/LzUvMS80LzUxNEQzNUNFLTI0RUQtNEM4Mi1BQzVCLTc5QkQ0RDhDQTFEMQ==</productImage>
    <bullet1>Can be modified to fit custom tanks and/or be set to determine amount of reserve gas available with any custom gas tank</bullet1>
    <bullet2>Stainless steel internal ball bearings provide virtually friction-free petcock handle motion</bullet2>
    <bullet3>90° movement between each detent ensures positive transition when riding</bullet3>
    <bullet4>Manufactured from 360 brass and stainless steel ball-bearings and components</bullet4>
    <bullet5>Features detents for quick, effortless switching from "On" to "Reserve" to "Off"</bullet5>
    <bullet6>Valve position firmly held in place and unaffected by vibration</bullet6>
    <bullet7>Made in the USA</bullet7>
    <bullet8/>
    <bullet9/>
    <bullet10/>
    <bullet11/>
    <bullet12/>
    <bullet13/>
    <bullet14/>
    <bullet15/>
    <bullet16/>
    <bullet17/>
    <bullet18/>
    <bullet19/>
    <bullet20/>
    <bullet21/>
    <bullet22/>
    <bullet23/>
    <bullet24/>
    <vendorPriceUpdateDate>2021-04-28 00:00:00</vendorPriceUpdateDate>
  </part>
  <part>
    <partNumber>07050100</partNumber>
    <punctuatedPartNumber>0705-0100</punctuatedPartNumber>
    <partStatusDescription>STANDARD</partStatusDescription>
    <partDescription>"Click-Slick" Fuel Petcock - Backward - Black - 3/8" NPT</partDescription>
    <unitOfMeasure>Each</unitOfMeasure>
    <brandName>GOLAN PRODUCTS</brandName>
    <supplierNumber>75-516B-BLK</supplierNumber>
    <specialInstructions/>
    <baseDealerPrice>100.00</baseDealerPrice>
    <yourDealerPrice>100.00</yourDealerPrice>
    <baseRetailPrice>130.95</baseRetailPrice>
    <originalRetailPrice>129.95</originalRetailPrice>
    <partImage>http://asset.lemansnet.com/z/LzYvMy85LzYzOUYxODgzLTAyOUUtNDgxMC1BNkUxLTIzQjg0QkFBMTY2NSwvNy82LzMvNzYzOEJBNjItODU1RC00NDUzLUIyMEUtQ0U0OUQ4NjYwQUNE</partImage>
    <productId>1674029927</productId>
    <productName>"Click-Slick" Fuel Petcock — 3/8" NPT</productName>
    <productImage>http://asset.lemansnet.com/z/LzUvMS80LzUxNEQzNUNFLTI0RUQtNEM4Mi1BQzVCLTc5QkQ0RDhDQTFEMQ==</productImage>
    <bullet1>Can be modified to fit custom tanks and/or be set to determine amount of reserve gas available with any custom gas tank</bullet1>
    <bullet2>Stainless steel internal ball bearings provide virtually friction-free petcock handle motion</bullet2>
    <bullet3>90° movement between each detent ensures positive transition when riding</bullet3>
    <bullet4>Manufactured from 360 brass and stainless steel ball-bearings and components</bullet4>
    <bullet5>Features detents for quick, effortless switching from "On" to "Reserve" to "Off"</bullet5>
    <bullet6>Valve position firmly held in place and unaffected by vibration</bullet6>
    <bullet7>Made in the USA</bullet7>
    <bullet8/>
    <bullet9/>
    <bullet10/>
    <bullet11/>
    <bullet12/>
    <bullet13/>
    <bullet14/>
    <bullet15/>
    <bullet16/>
    <bullet17/>
    <bullet18/>
    <bullet19/>
    <bullet20/>
    <bullet21/>
    <bullet22/>
    <bullet23/>
    <bullet24/>
    <vendorPriceUpdateDate>2021-04-28 00:00:00</vendorPriceUpdateDate>
  </part>
  <part>
    <partNumber>07050105</partNumber>
    <punctuatedPartNumber>0705-0105</punctuatedPartNumber>
    <partStatusDescription>STANDARD</partStatusDescription>
    <partDescription>"Click-Slick" Fuel Petcock - Backward - Black - 22mm</partDescription>
    <unitOfMeasure>Each</unitOfMeasure>
    <brandName>GOLAN PRODUCTS</brandName>
    <supplierNumber>76-312B-BLK</supplierNumber>
    <specialInstructions/>
    <baseDealerPrice>100.00</baseDealerPrice>
    <yourDealerPrice>100.00</yourDealerPrice>
    <baseRetailPrice>130.95</baseRetailPrice>
    <originalRetailPrice>129.95</originalRetailPrice>
    <partImage>http://asset.lemansnet.com/z/L0QvRC9CL0REQjM4NTM2LUExRjYtNDhFRC1CMzIyLTgwMkVCQ0FCQTM0MiwvNS8wLzMvNTAzQkE5MkYtQkFCNC00MkRBLUJCQzEtMzNFQ0QwMzFDM0U4</partImage>
    <productId>2120367795</productId>
    <productName>"Click-Slick" Fuel Petcock — 22 mm</productName>
    <productImage>http://asset.lemansnet.com/z/LzUvMS80LzUxNEQzNUNFLTI0RUQtNEM4Mi1BQzVCLTc5QkQ0RDhDQTFEMQ==</productImage>
    <bullet1>Can be modified to fit custom tanks and/or be set to determine amount of reserve gas available with any custom gas tank</bullet1>
    <bullet2>Stainless steel internal ball bearings provide virtually friction-free petcock handle motion</bullet2>
    <bullet3>90° movement between each detent ensures positive transition when riding</bullet3>
    <bullet4>Manufactured from 360 brass and stainless steel ball-bearings and components</bullet4>
    <bullet5>Features detents for quick, effortless switching from "On" to "Reserve" to "Off"</bullet5>
    <bullet6>Valve position firmly held in place and unaffected by vibration</bullet6>
    <bullet7>Made in the USA</bullet7>
    <bullet8/>
    <bullet9/>
    <bullet10/>
    <bullet11/>
    <bullet12/>
    <bullet13/>
    <bullet14/>
    <bullet15/>
    <bullet16/>
    <bullet17/>
    <bullet18/>
    <bullet19/>
    <bullet20/>
    <bullet21/>
    <bullet22/>
    <bullet23/>
    <bullet24/>
    <vendorPriceUpdateDate>2021-04-28 00:00:00</vendorPriceUpdateDate>
  </part>
  <part>
    <partNumber>07050021</partNumber>
    <punctuatedPartNumber>0705-0021</punctuatedPartNumber>
    <partStatusDescription>STANDARD</partStatusDescription>
    <partDescription>"Click-Slick" Fuel Petcock - Forward - Chrome - 22mm</partDescription>
    <unitOfMeasure>Each</unitOfMeasure>
    <brandName>GOLAN PRODUCTS</brandName>
    <supplierNumber>76-312F-CS</supplierNumber>
    <specialInstructions/>
    <baseDealerPrice>100.00</baseDealerPrice>
    <yourDealerPrice>100.00</yourDealerPrice>
    <baseRetailPrice>130.95</baseRetailPrice>
    <originalRetailPrice>129.95</originalRetailPrice>
    <partImage>http://asset.lemansnet.com/z/LzIvMS83LzIxNzdGQzJGLTU0N0QtNDM5RS1BQURGLTQxMzY5OEI0OEVCOA==</partImage>
    <productId>2120367795</productId>
    <productName>"Click-Slick" Fuel Petcock — 22 mm</productName>
    <productImage>http://asset.lemansnet.com/z/LzUvMS80LzUxNEQzNUNFLTI0RUQtNEM4Mi1BQzVCLTc5QkQ0RDhDQTFEMQ==</productImage>
    <bullet1>Can be modified to fit custom tanks and/or be set to determine amount of reserve gas available with any custom gas tank</bullet1>
    <bullet2>Stainless steel internal ball bearings provide virtually friction-free petcock handle motion</bullet2>
    <bullet3>90° movement between each detent ensures positive transition when riding</bullet3>
    <bullet4>Manufactured from 360 brass and stainless steel ball-bearings and components</bullet4>
    <bullet5>Features detents for quick, effortless switching from "On" to "Reserve" to "Off"</bullet5>
    <bullet6>Valve position firmly held in place and unaffected by vibration</bullet6>
    <bullet7>Made in the USA</bullet7>
    <bullet8/>
    <bullet9/>
    <bullet10/>
    <bullet11/>
    <bullet12/>
    <bullet13/>
    <bullet14/>
    <bullet15/>
    <bullet16/>
    <bullet17/>
    <bullet18/>
    <bullet19/>
    <bullet20/>
    <bullet21/>
    <bullet22/>
    <bullet23/>
    <bullet24/>
    <vendorPriceUpdateDate>2021-04-28 00:00:00</vendorPriceUpdateDate>
  </part>
  <part>
    <partNumber>07050107</partNumber>
    <punctuatedPartNumber>0705-0107</punctuatedPartNumber>
    <partStatusDescription>STANDARD</partStatusDescription>
    <partDescription>"Click-Slick" Fuel Petcock - Forward - Black - 22mm</partDescription>
    <unitOfMeasure>Each</unitOfMeasure>
    <brandName>GOLAN PRODUCTS</brandName>
    <supplierNumber>76-312F-BLK</supplierNumber>
    <specialInstructions/>
    <baseDealerPrice>100.00</baseDealerPrice>
    <yourDealerPrice>100.00</yourDealerPrice>
    <baseRetailPrice>130.95</baseRetailPrice>
    <originalRetailPrice>129.95</originalRetailPrice>
    <partImage>http://asset.lemansnet.com/z/LzQvNy8xLzQ3MTlGN0IwLUU3NUItNDc4Qi05QUYyLUI5MTQyQkMzRjE2RQ==</partImage>
    <productId>2120367795</productId>
    <productName>"Click-Slick" Fuel Petcock — 22 mm</productName>
    <productImage>http://asset.lemansnet.com/z/LzUvMS80LzUxNEQzNUNFLTI0RUQtNEM4Mi1BQzVCLTc5QkQ0RDhDQTFEMQ==</productImage>
    <bullet1>Can be modified to fit custom tanks and/or be set to determine amount of reserve gas available with any custom gas tank</bullet1>
    <bullet2>Stainless steel internal ball bearings provide virtually friction-free petcock handle motion</bullet2>
    <bullet3>90° movement between each detent ensures positive transition when riding</bullet3>
    <bullet4>Manufactured from 360 brass and stainless steel ball-bearings and components</bullet4>
    <bullet5>Features detents for quick, effortless switching from "On" to "Reserve" to "Off"</bullet5>
    <bullet6>Valve position firmly held in place and unaffected by vibration</bullet6>
    <bullet7>Made in the USA</bullet7>
    <bullet8/>
    <bullet9/>
    <bullet10/>
    <bullet11/>
    <bullet12/>
    <bullet13/>
    <bullet14/>
    <bullet15/>
    <bullet16/>
    <bullet17/>
    <bullet18/>
    <bullet19/>
    <bullet20/>
    <bullet21/>
    <bullet22/>
    <bullet23/>
    <bullet24/>
    <vendorPriceUpdateDate>2021-04-28 00:00:00</vendorPriceUpdateDate>
  </part>
</root>
