<root>
  <part>
    <partNumber>11313844</partNumber>
    <punctuatedPartNumber>1131-3844</punctuatedPartNumber>
    <partStatusDescription>STANDARD</partStatusDescription>
    <partDescription>Clutch Plate Kit</partDescription>
    <unitOfMeasure>Kit</unitOfMeasure>
    <brandName>SENSOR TECH</brandName>
    <supplierNumber>CC-132CPS-100</supplierNumber>
    <specialInstructions/>
    <baseDealerPrice>163.60</baseDealerPrice>
    <yourDealerPrice>81.80</yourDealerPrice>
    <baseRetailPrice>0.00</baseRetailPrice>
    <originalRetailPrice>207.95</originalRetailPrice>
    <partImage>http://asset.lemansnet.com/z/L0UvNS9BL0U1QTcwOEVELUUzMDMtNDZBRS04QzJBLTMwRjFDNzczNkFDRSwvOC9ELzUvOEQ1MEJFMzUtRTY0OC00RTM4LTk3MTgtOTBERDhCOUM5NzAzLC8zL0UvRi8zRUZGRTRCRi1GMDQ2LTQwMjktOUVGMi1GQjlFODMyM0U1REY=</partImage>
    <productId>0343680121</productId>
    <productName>Clutch Plate Kit</productName>
    <productImage>http://asset.lemansnet.com/z/L0UvNS9BL0U1QTcwOEVELUUzMDMtNDZBRS04QzJBLTMwRjFDNzczNkFDRQ==</productImage>
    <bullet1/>
    <bullet2/>
    <bullet3/>
    <bullet4/>
    <bullet5/>
    <bullet6/>
    <bullet7/>
    <bullet8/>
    <bullet9/>
    <bullet10/>
    <bullet11/>
    <bullet12/>
    <bullet13/>
    <bullet14/>
    <bullet15/>
    <bullet16/>
    <bullet17/>
    <bullet18/>
    <bullet19/>
    <bullet20/>
    <bullet21/>
    <bullet22/>
    <bullet23/>
    <bullet24/>
    <vendorPriceUpdateDate>2023-04-22 00:00:00</vendorPriceUpdateDate>
  </part>
</root>
