<root>
  <part>
    <partNumber>09260655</partNumber>
    <punctuatedPartNumber>0926-0655</punctuatedPartNumber>
    <partStatusDescription>DISCONTINUED</partStatusDescription>
    <partDescription>Valve Seal Kit</partDescription>
    <unitOfMeasure>Kit</unitOfMeasure>
    <brandName>XCELDYNE</brandName>
    <supplierNumber>CVMSEA13001</supplierNumber>
    <specialInstructions>Discontinued P/Byr</specialInstructions>
    <baseDealerPrice>7.45</baseDealerPrice>
    <yourDealerPrice>7.45</yourDealerPrice>
    <baseRetailPrice>0.00</baseRetailPrice>
    <originalRetailPrice>15.95</originalRetailPrice>
    <partImage>http://asset.lemansnet.com/z/L0UvQy8xL0VDMTQwRjAwLTExMTItNDYyRi1BMDQxLTRFNTlCMEQ5N0E1MCwvOC9FLzIvOEUyNDg4RkItQUZEOS00RUFCLTlDMkUtRkExNkYzNEE1MzUw</partImage>
    <productId>0906268530</productId>
    <productName>Valve Seal Kit</productName>
    <productImage>http://asset.lemansnet.com/z/LzkvMS8yLzkxMkIzRDU5LTUyQ0MtNEEyNi04MTdCLTgxMUE3NTlCNjY4Rg==</productImage>
    <bullet1>Made from premium Viton material and offers superior oil control</bullet1>
    <bullet2>Exhibit the least amount of parasitic drag and wear on the valve, giving greater life of the valve and better power</bullet2>
    <bullet3>Fit OE valve and valve guide dimensions for many applications</bullet3>
    <bullet4/>
    <bullet5/>
    <bullet6/>
    <bullet7/>
    <bullet8/>
    <bullet9/>
    <bullet10/>
    <bullet11/>
    <bullet12/>
    <bullet13/>
    <bullet14/>
    <bullet15/>
    <bullet16/>
    <bullet17/>
    <bullet18/>
    <bullet19/>
    <bullet20/>
    <bullet21/>
    <bullet22/>
    <bullet23/>
    <bullet24/>
    <vendorPriceUpdateDate>2023-04-22 00:00:00</vendorPriceUpdateDate>
  </part>
  <part>
    <partNumber>09260661</partNumber>
    <punctuatedPartNumber>0926-0661</punctuatedPartNumber>
    <partStatusDescription>STANDARD</partStatusDescription>
    <partDescription>Valve Seal Kit</partDescription>
    <unitOfMeasure>Kit</unitOfMeasure>
    <brandName>XCELDYNE</brandName>
    <supplierNumber>CVMSEA43000</supplierNumber>
    <specialInstructions/>
    <baseDealerPrice>13.69</baseDealerPrice>
    <yourDealerPrice>13.69</yourDealerPrice>
    <baseRetailPrice>19.44</baseRetailPrice>
    <originalRetailPrice>19.95</originalRetailPrice>
    <partImage>http://asset.lemansnet.com/z/LzkvMS8yLzkxMkIzRDU5LTUyQ0MtNEEyNi04MTdCLTgxMUE3NTlCNjY4RiwvMy81LzQvMzU0QUQzREYtODc5OC00NzNDLUJGRTQtNDkxMjk2RkNGNzlE</partImage>
    <productId>1883235772</productId>
    <productName>Valve Seal Kit</productName>
    <productImage>http://asset.lemansnet.com/z/LzkvMS8yLzkxMkIzRDU5LTUyQ0MtNEEyNi04MTdCLTgxMUE3NTlCNjY4Rg==</productImage>
    <bullet1>Made from premium Viton material and offers superior oil control</bullet1>
    <bullet2>Exhibit the least amount of parasitic drag and wear on the valve, giving greater life of the valve and better power</bullet2>
    <bullet3>Fit OE valve and valve guide dimensions for many applications</bullet3>
    <bullet4/>
    <bullet5/>
    <bullet6/>
    <bullet7/>
    <bullet8/>
    <bullet9/>
    <bullet10/>
    <bullet11/>
    <bullet12/>
    <bullet13/>
    <bullet14/>
    <bullet15/>
    <bullet16/>
    <bullet17/>
    <bullet18/>
    <bullet19/>
    <bullet20/>
    <bullet21/>
    <bullet22/>
    <bullet23/>
    <bullet24/>
    <vendorPriceUpdateDate>2023-04-22 00:00:00</vendorPriceUpdateDate>
  </part>
  <part>
    <partNumber>09262206</partNumber>
    <punctuatedPartNumber>0926-2206</punctuatedPartNumber>
    <partStatusDescription>DISCONTINUED</partStatusDescription>
    <partDescription>Intake Valve - Honda - CRF450R - +1.00 mm</partDescription>
    <unitOfMeasure>Each</unitOfMeasure>
    <brandName>XCELDYNE</brandName>
    <supplierNumber>X2SIVM13001</supplierNumber>
    <specialInstructions>Discontinued P/Byr</specialInstructions>
    <baseDealerPrice>21.48</baseDealerPrice>
    <yourDealerPrice>21.48</yourDealerPrice>
    <baseRetailPrice>0.00</baseRetailPrice>
    <originalRetailPrice>47.95</originalRetailPrice>
    <partImage>http://asset.lemansnet.com/z/L0MvNi8xL0M2MTM2MzRDLUNDNDktNDUwMC1CNEJDLTMxNjYxOEQzRjAxMg==</partImage>
    <productId>1890804493</productId>
    <productName>Intake Valve</productName>
    <productImage>http://asset.lemansnet.com/z/LzEvNC85LzE0OTZDQzdFLUU2MkEtNDAzRS1BNzVFLUZFQ0QwMTBGNzdGNw==</productImage>
    <bullet1>Designed to work with X2 or Xceldyne premium full-race components</bullet1>
    <bullet2>Increases flow over stock valves</bullet2>
    <bullet3/>
    <bullet4/>
    <bullet5/>
    <bullet6/>
    <bullet7/>
    <bullet8/>
    <bullet9/>
    <bullet10/>
    <bullet11/>
    <bullet12/>
    <bullet13/>
    <bullet14/>
    <bullet15/>
    <bullet16/>
    <bullet17/>
    <bullet18/>
    <bullet19/>
    <bullet20/>
    <bullet21/>
    <bullet22/>
    <bullet23/>
    <bullet24/>
    <vendorPriceUpdateDate>2023-04-14 00:00:00</vendorPriceUpdateDate>
  </part>
  <part>
    <partNumber>09262887</partNumber>
    <punctuatedPartNumber>0926-2887</punctuatedPartNumber>
    <partStatusDescription>DISCONTINUED</partStatusDescription>
    <partDescription>X2 Titanium Valve - Intake</partDescription>
    <unitOfMeasure>Kit</unitOfMeasure>
    <brandName>XCELDYNE</brandName>
    <supplierNumber>X2TIVM42004</supplierNumber>
    <specialInstructions>Discontinued Item</specialInstructions>
    <baseDealerPrice>63.30</baseDealerPrice>
    <yourDealerPrice>63.30</yourDealerPrice>
    <baseRetailPrice>110.19</baseRetailPrice>
    <originalRetailPrice>117.95</originalRetailPrice>
    <partImage>http://asset.lemansnet.com/z/LzUvMS85LzUxOTcyRkRBLTdFMUYtNDY4MC04QzY0LTI5QzVDNDBDMDVDQw==</partImage>
    <productId>0343417996</productId>
    <productName>X2 Titanium Valves</productName>
    <productImage>http://asset.lemansnet.com/z/L0UvMS85L0UxOUE1MDJBLUEwQTEtNERERC05MDA0LTU3MjU2MDUxQzExQw==</productImage>
    <bullet1>Offer the off-road enthusiast superior performance at an excellent value</bullet1>
    <bullet2>Incorporate a high flow design for maximum power and long service life</bullet2>
    <bullet3>Feature the finest materials, tightest tolerances, and best finishes</bullet3>
    <bullet4>X2 Titanium Valves are full CrN coated for extended service life</bullet4>
    <bullet5/>
    <bullet6/>
    <bullet7/>
    <bullet8/>
    <bullet9/>
    <bullet10/>
    <bullet11/>
    <bullet12/>
    <bullet13/>
    <bullet14/>
    <bullet15/>
    <bullet16/>
    <bullet17/>
    <bullet18/>
    <bullet19/>
    <bullet20/>
    <bullet21/>
    <bullet22/>
    <bullet23/>
    <bullet24/>
    <vendorPriceUpdateDate>2023-04-14 00:00:00</vendorPriceUpdateDate>
  </part>
  <part>
    <partNumber>09261269</partNumber>
    <punctuatedPartNumber>0926-1269</punctuatedPartNumber>
    <partStatusDescription>DISCONTINUED</partStatusDescription>
    <partDescription>Valve Springs - Intake - Honda</partDescription>
    <unitOfMeasure>Pair</unitOfMeasure>
    <brandName>XCELDYNE</brandName>
    <supplierNumber>PSIMX2006</supplierNumber>
    <specialInstructions>Discontinued Item</specialInstructions>
    <baseDealerPrice>34.21</baseDealerPrice>
    <yourDealerPrice>34.21</yourDealerPrice>
    <baseRetailPrice>75.57</baseRetailPrice>
    <originalRetailPrice>78.95</originalRetailPrice>
    <partImage>http://asset.lemansnet.com/z/LzUvNS84LzU1ODRFNUFELUREMDYtNDc5RS04QTE0LTFFMEU1MjdBN0I3Mg==</partImage>
    <productId>1391129566</productId>
    <productName>Valve Springs</productName>
    <productImage>http://asset.lemansnet.com/z/LzkvNC9BLzk0QTlGNDdGLTlDMDktNDVFMS1BRDQxLTZDODQxRUU1QjU0Nw==</productImage>
    <bullet1>Single spring, low drag design increases horsepower</bullet1>
    <bullet2>Springs can only be used on titanium valves</bullet2>
    <bullet3>Designed for use with most cam grinds</bullet3>
    <bullet4/>
    <bullet5/>
    <bullet6/>
    <bullet7/>
    <bullet8/>
    <bullet9/>
    <bullet10/>
    <bullet11/>
    <bullet12/>
    <bullet13/>
    <bullet14/>
    <bullet15/>
    <bullet16/>
    <bullet17/>
    <bullet18/>
    <bullet19/>
    <bullet20/>
    <bullet21/>
    <bullet22/>
    <bullet23/>
    <bullet24/>
    <vendorPriceUpdateDate>2023-04-22 00:00:00</vendorPriceUpdateDate>
  </part>
  <part>
    <partNumber>09261271</partNumber>
    <punctuatedPartNumber>0926-1271</punctuatedPartNumber>
    <partStatusDescription>DISCONTINUED</partStatusDescription>
    <partDescription>Valve Springs - Exhaust - Honda</partDescription>
    <unitOfMeasure>Pair</unitOfMeasure>
    <brandName>XCELDYNE</brandName>
    <supplierNumber>PSIMX2008</supplierNumber>
    <specialInstructions/>
    <baseDealerPrice>31.97</baseDealerPrice>
    <yourDealerPrice>31.97</yourDealerPrice>
    <baseRetailPrice>0.00</baseRetailPrice>
    <originalRetailPrice>78.95</originalRetailPrice>
    <partImage>http://asset.lemansnet.com/z/c3RhdGljL3NpdGVzL2xlbWFuc3BsYXRmb3JtL2ltYWdlLWNvbWluZy1zb29u</partImage>
    <productId>2036754180</productId>
    <productName>Exhaust Valve Spring</productName>
    <productImage>http://asset.lemansnet.com/z/LzkvRS9CLzlFQkY2NTRCLTk1ODItNDdBRC05OTI3LUI0OURCMkNFMDcwMg==</productImage>
    <bullet1>Single spring, low drag design increases horsepower</bullet1>
    <bullet2>Designed for use with most camshaft grinds</bullet2>
    <bullet3>Springs can only be used on titanium valves</bullet3>
    <bullet4/>
    <bullet5/>
    <bullet6/>
    <bullet7/>
    <bullet8/>
    <bullet9/>
    <bullet10/>
    <bullet11/>
    <bullet12/>
    <bullet13/>
    <bullet14/>
    <bullet15/>
    <bullet16/>
    <bullet17/>
    <bullet18/>
    <bullet19/>
    <bullet20/>
    <bullet21/>
    <bullet22/>
    <bullet23/>
    <bullet24/>
    <vendorPriceUpdateDate>2023-04-22 00:00:00</vendorPriceUpdateDate>
  </part>
  <part>
    <partNumber>09260490</partNumber>
    <punctuatedPartNumber>0926-0490</punctuatedPartNumber>
    <partStatusDescription>DISCONTINUED</partStatusDescription>
    <partDescription>Exhaust Valve</partDescription>
    <unitOfMeasure>Each</unitOfMeasure>
    <brandName>XCELDYNE</brandName>
    <supplierNumber>XEVM12001</supplierNumber>
    <specialInstructions/>
    <baseDealerPrice>69.23</baseDealerPrice>
    <yourDealerPrice>69.23</yourDealerPrice>
    <baseRetailPrice>0.00</baseRetailPrice>
    <originalRetailPrice>164.95</originalRetailPrice>
    <partImage>http://asset.lemansnet.com/z/L0IvNC9FL0I0RUMxMTU2LUIxRTQtNDA0QS04NUVCLUQ1Q0M2MjQ1Rjc0OA==</partImage>
    <productId>0361771388</productId>
    <productName>Exhaust Valve</productName>
    <productImage>http://asset.lemansnet.com/z/L0UvQS8xL0VBMTUwRDIwLUUxNTgtNDE0Ri1CQjI5LURCQjFCRTgwMUVCQw==</productImage>
    <bullet1>Titanium valve</bullet1>
    <bullet2>Features an advanced "High-flow" design to increase flow by more than 15% over stock valves</bullet2>
    <bullet3>Lightweight design increases RPM and horsepower</bullet3>
    <bullet4>PVD-coated for outstanding wear-resistance in seat, tip and guide area</bullet4>
    <bullet5/>
    <bullet6/>
    <bullet7/>
    <bullet8/>
    <bullet9/>
    <bullet10/>
    <bullet11/>
    <bullet12/>
    <bullet13/>
    <bullet14/>
    <bullet15/>
    <bullet16/>
    <bullet17/>
    <bullet18/>
    <bullet19/>
    <bullet20/>
    <bullet21/>
    <bullet22/>
    <bullet23/>
    <bullet24/>
    <vendorPriceUpdateDate>2022-11-10 00:00:00</vendorPriceUpdateDate>
  </part>
  <part>
    <partNumber>09260505</partNumber>
    <punctuatedPartNumber>0926-0505</punctuatedPartNumber>
    <partStatusDescription>DISCONTINUED</partStatusDescription>
    <partDescription>Exhaust Valve</partDescription>
    <unitOfMeasure>Each</unitOfMeasure>
    <brandName>XCELDYNE</brandName>
    <supplierNumber>XEVM33006</supplierNumber>
    <specialInstructions/>
    <baseDealerPrice>65.30</baseDealerPrice>
    <yourDealerPrice>65.30</yourDealerPrice>
    <baseRetailPrice>0.00</baseRetailPrice>
    <originalRetailPrice>181.95</originalRetailPrice>
    <partImage>http://asset.lemansnet.com/z/LzYvQy80LzZDNDE2RDdCLTQ3QjYtNDk3Qy04QUY2LTVEREI2QzgzQkY3OQ==</partImage>
    <productId>0361771388</productId>
    <productName>Exhaust Valve</productName>
    <productImage>http://asset.lemansnet.com/z/L0UvQS8xL0VBMTUwRDIwLUUxNTgtNDE0Ri1CQjI5LURCQjFCRTgwMUVCQw==</productImage>
    <bullet1>Titanium valve</bullet1>
    <bullet2>Features an advanced "High-flow" design to increase flow by more than 15% over stock valves</bullet2>
    <bullet3>Lightweight design increases RPM and horsepower</bullet3>
    <bullet4>PVD-coated for outstanding wear-resistance in seat, tip and guide area</bullet4>
    <bullet5/>
    <bullet6/>
    <bullet7/>
    <bullet8/>
    <bullet9/>
    <bullet10/>
    <bullet11/>
    <bullet12/>
    <bullet13/>
    <bullet14/>
    <bullet15/>
    <bullet16/>
    <bullet17/>
    <bullet18/>
    <bullet19/>
    <bullet20/>
    <bullet21/>
    <bullet22/>
    <bullet23/>
    <bullet24/>
    <vendorPriceUpdateDate>2019-06-18 00:00:00</vendorPriceUpdateDate>
  </part>
  <part>
    <partNumber>09260520</partNumber>
    <punctuatedPartNumber>0926-0520</punctuatedPartNumber>
    <partStatusDescription>STANDARD</partStatusDescription>
    <partDescription>Valve Locks - Exhaust</partDescription>
    <unitOfMeasure>Set of 4</unitOfMeasure>
    <brandName>XCELDYNE</brandName>
    <supplierNumber>XLOM45801</supplierNumber>
    <specialInstructions/>
    <baseDealerPrice>26.73</baseDealerPrice>
    <yourDealerPrice>26.73</yourDealerPrice>
    <baseRetailPrice>38.18</baseRetailPrice>
    <originalRetailPrice>42.95</originalRetailPrice>
    <partImage>http://asset.lemansnet.com/z/L0EvRi9FL0FGRTY0MTk2LTEwODUtNERENC1BREJCLUFGNUY1MDE1OTc1NA==</partImage>
    <productId>0994196698</productId>
    <productName>Valve Keys</productName>
    <productImage>http://asset.lemansnet.com/z/LzIvMy9GLzIzRjFBMkU5LUVDOUUtNDE0Ri1CQTUxLTY0N0EwODgxMjMzMg==</productImage>
    <bullet1>CNC-machined from 8620 steel</bullet1>
    <bullet2>Industry first color coded, purpose-built intake-sized and exhaust-sized design</bullet2>
    <bullet3>Design allows keepers to stay locked at higher rpm</bullet3>
    <bullet4/>
    <bullet5/>
    <bullet6/>
    <bullet7/>
    <bullet8/>
    <bullet9/>
    <bullet10/>
    <bullet11/>
    <bullet12/>
    <bullet13/>
    <bullet14/>
    <bullet15/>
    <bullet16/>
    <bullet17/>
    <bullet18/>
    <bullet19/>
    <bullet20/>
    <bullet21/>
    <bullet22/>
    <bullet23/>
    <bullet24/>
    <vendorPriceUpdateDate>2023-04-22 00:00:00</vendorPriceUpdateDate>
  </part>
  <part>
    <partNumber>09260625</partNumber>
    <punctuatedPartNumber>0926-0625</punctuatedPartNumber>
    <partStatusDescription>DISCONTINUED</partStatusDescription>
    <partDescription>Valve Spring Bucket</partDescription>
    <unitOfMeasure>Each</unitOfMeasure>
    <brandName>XCELDYNE</brandName>
    <supplierNumber>XBT22202</supplierNumber>
    <specialInstructions>Discontinued Item</specialInstructions>
    <baseDealerPrice>63.59</baseDealerPrice>
    <yourDealerPrice>63.59</yourDealerPrice>
    <baseRetailPrice>140.49</baseRetailPrice>
    <originalRetailPrice>154.95</originalRetailPrice>
    <partImage>http://asset.lemansnet.com/z/LzkvMi8zLzkyM0NDNkM4LTlCRjMtNDcxRC1CRDAxLUY3RURDODE2RDg1MA==</partImage>
    <productId>0183646118</productId>
    <productName>Valve Spring Buckets</productName>
    <productImage>http://asset.lemansnet.com/z/L0UvMy9EL0UzRDUyQjhDLThCMkUtNEZCQi05NThDLTAwOUMzMUYyNjZEMQ==</productImage>
    <bullet1>Built using the same technology as the CV4 Formula 1 buckets</bullet1>
    <bullet2>Made with proprietary steel for the lightest and strongest part possible</bullet2>
    <bullet3>Diamond-like-Carbon (DLC) coating substantially reduces friction and decreases valvetrain wear</bullet3>
    <bullet4>Increase rpm and horsepower</bullet4>
    <bullet5>Increase cylinder head life by having tighter tolerances for less "rock" in the cylinder head</bullet5>
    <bullet6>Perfect for high-lift camshafts</bullet6>
    <bullet7/>
    <bullet8/>
    <bullet9/>
    <bullet10/>
    <bullet11/>
    <bullet12/>
    <bullet13/>
    <bullet14/>
    <bullet15/>
    <bullet16/>
    <bullet17/>
    <bullet18/>
    <bullet19/>
    <bullet20/>
    <bullet21/>
    <bullet22/>
    <bullet23/>
    <bullet24/>
    <vendorPriceUpdateDate>2022-11-10 00:00:00</vendorPriceUpdateDate>
  </part>
  <part>
    <partNumber>09260637</partNumber>
    <punctuatedPartNumber>0926-0637</punctuatedPartNumber>
    <partStatusDescription>DISCONTINUED</partStatusDescription>
    <partDescription>Valve Springs - Intake - Honda</partDescription>
    <unitOfMeasure>Pair</unitOfMeasure>
    <brandName>XCELDYNE</brandName>
    <supplierNumber>PSIMX1905</supplierNumber>
    <specialInstructions>Discontinued Item</specialInstructions>
    <baseDealerPrice>32.58</baseDealerPrice>
    <yourDealerPrice>32.57</yourDealerPrice>
    <baseRetailPrice>75.57</baseRetailPrice>
    <originalRetailPrice>78.95</originalRetailPrice>
    <partImage>http://asset.lemansnet.com/z/LzkvNC9BLzk0QTlGNDdGLTlDMDktNDVFMS1BRDQxLTZDODQxRUU1QjU0Nw==</partImage>
    <productId>1391129566</productId>
    <productName>Valve Springs</productName>
    <productImage>http://asset.lemansnet.com/z/LzkvNC9BLzk0QTlGNDdGLTlDMDktNDVFMS1BRDQxLTZDODQxRUU1QjU0Nw==</productImage>
    <bullet1>Single spring, low drag design increases horsepower</bullet1>
    <bullet2>Springs can only be used on titanium valves</bullet2>
    <bullet3>Designed for use with most cam grinds</bullet3>
    <bullet4/>
    <bullet5/>
    <bullet6/>
    <bullet7/>
    <bullet8/>
    <bullet9/>
    <bullet10/>
    <bullet11/>
    <bullet12/>
    <bullet13/>
    <bullet14/>
    <bullet15/>
    <bullet16/>
    <bullet17/>
    <bullet18/>
    <bullet19/>
    <bullet20/>
    <bullet21/>
    <bullet22/>
    <bullet23/>
    <bullet24/>
    <vendorPriceUpdateDate>2023-04-22 00:00:00</vendorPriceUpdateDate>
  </part>
  <part>
    <partNumber>09260643</partNumber>
    <punctuatedPartNumber>0926-0643</punctuatedPartNumber>
    <partStatusDescription>DISCONTINUED</partStatusDescription>
    <partDescription>Valve Springs - Intake - Kawasaki | Suzuki</partDescription>
    <unitOfMeasure>Pair</unitOfMeasure>
    <brandName>XCELDYNE</brandName>
    <supplierNumber>PSIMX2104</supplierNumber>
    <specialInstructions>Discontinued Item</specialInstructions>
    <baseDealerPrice>34.80</baseDealerPrice>
    <yourDealerPrice>34.80</yourDealerPrice>
    <baseRetailPrice>75.57</baseRetailPrice>
    <originalRetailPrice>78.95</originalRetailPrice>
    <partImage>http://asset.lemansnet.com/z/L0QvRS85L0RFOTRDQzBCLTE2NjQtNDk0MS05NTdFLTAwQkQ3M0VBMjhDNw==</partImage>
    <productId>1391129566</productId>
    <productName>Valve Springs</productName>
    <productImage>http://asset.lemansnet.com/z/LzkvNC9BLzk0QTlGNDdGLTlDMDktNDVFMS1BRDQxLTZDODQxRUU1QjU0Nw==</productImage>
    <bullet1>Single spring, low drag design increases horsepower</bullet1>
    <bullet2>Springs can only be used on titanium valves</bullet2>
    <bullet3>Designed for use with most cam grinds</bullet3>
    <bullet4/>
    <bullet5/>
    <bullet6/>
    <bullet7/>
    <bullet8/>
    <bullet9/>
    <bullet10/>
    <bullet11/>
    <bullet12/>
    <bullet13/>
    <bullet14/>
    <bullet15/>
    <bullet16/>
    <bullet17/>
    <bullet18/>
    <bullet19/>
    <bullet20/>
    <bullet21/>
    <bullet22/>
    <bullet23/>
    <bullet24/>
    <vendorPriceUpdateDate>2023-04-22 00:00:00</vendorPriceUpdateDate>
  </part>
  <part>
    <partNumber>09260647</partNumber>
    <punctuatedPartNumber>0926-0647</punctuatedPartNumber>
    <partStatusDescription>DISCONTINUED</partStatusDescription>
    <partDescription>Valve Springs - Exhaust - Honda</partDescription>
    <unitOfMeasure>Pair</unitOfMeasure>
    <brandName>XCELDYNE</brandName>
    <supplierNumber>PSIMX2401</supplierNumber>
    <specialInstructions>Discontinued Item</specialInstructions>
    <baseDealerPrice>42.30</baseDealerPrice>
    <yourDealerPrice>42.30</yourDealerPrice>
    <baseRetailPrice>75.57</baseRetailPrice>
    <originalRetailPrice>78.95</originalRetailPrice>
    <partImage>http://asset.lemansnet.com/z/LzYvNy85LzY3OTk2RUU1LTcxM0MtNDk4NS04RjQyLTE1MUFCMzhBOTc4NQ==</partImage>
    <productId>1391129566</productId>
    <productName>Valve Springs</productName>
    <productImage>http://asset.lemansnet.com/z/LzkvNC9BLzk0QTlGNDdGLTlDMDktNDVFMS1BRDQxLTZDODQxRUU1QjU0Nw==</productImage>
    <bullet1>Single spring, low drag design increases horsepower</bullet1>
    <bullet2>Springs can only be used on titanium valves</bullet2>
    <bullet3>Designed for use with most cam grinds</bullet3>
    <bullet4/>
    <bullet5/>
    <bullet6/>
    <bullet7/>
    <bullet8/>
    <bullet9/>
    <bullet10/>
    <bullet11/>
    <bullet12/>
    <bullet13/>
    <bullet14/>
    <bullet15/>
    <bullet16/>
    <bullet17/>
    <bullet18/>
    <bullet19/>
    <bullet20/>
    <bullet21/>
    <bullet22/>
    <bullet23/>
    <bullet24/>
    <vendorPriceUpdateDate>2023-04-22 00:00:00</vendorPriceUpdateDate>
  </part>
  <part>
    <partNumber>09260653</partNumber>
    <punctuatedPartNumber>0926-0653</punctuatedPartNumber>
    <partStatusDescription>DISCONTINUED</partStatusDescription>
    <partDescription>Valve Seal Kit</partDescription>
    <unitOfMeasure>Kit</unitOfMeasure>
    <brandName>XCELDYNE</brandName>
    <supplierNumber>CVMSEA12001</supplierNumber>
    <specialInstructions>Discontinued Item</specialInstructions>
    <baseDealerPrice>7.61</baseDealerPrice>
    <yourDealerPrice>7.61</yourDealerPrice>
    <baseRetailPrice>15.53</baseRetailPrice>
    <originalRetailPrice>15.95</originalRetailPrice>
    <partImage>http://asset.lemansnet.com/z/LzYvNi84LzY2OEVEMzFFLTczOEQtNDc5RC1CMzczLUEyRTFDNUZCMkQxQg==</partImage>
    <productId>0942588917</productId>
    <productName>Valve Seal Kit</productName>
    <productImage>http://asset.lemansnet.com/z/LzkvMS8yLzkxMkIzRDU5LTUyQ0MtNEEyNi04MTdCLTgxMUE3NTlCNjY4Rg==</productImage>
    <bullet1>Made from premium Viton material and offers superior oil control</bullet1>
    <bullet2>Exhibit the least amount of parasitic drag and wear on the valve, giving greater life of the valve and better power</bullet2>
    <bullet3>Fit OE valve and valve guide dimensions for many applications</bullet3>
    <bullet4/>
    <bullet5/>
    <bullet6/>
    <bullet7/>
    <bullet8/>
    <bullet9/>
    <bullet10/>
    <bullet11/>
    <bullet12/>
    <bullet13/>
    <bullet14/>
    <bullet15/>
    <bullet16/>
    <bullet17/>
    <bullet18/>
    <bullet19/>
    <bullet20/>
    <bullet21/>
    <bullet22/>
    <bullet23/>
    <bullet24/>
    <vendorPriceUpdateDate>2023-04-22 00:00:00</vendorPriceUpdateDate>
  </part>
  <part>
    <partNumber>09260546</partNumber>
    <punctuatedPartNumber>0926-0546</punctuatedPartNumber>
    <partStatusDescription>STANDARD</partStatusDescription>
    <partDescription>Valve Spring Locators - Intake\Exhaust - Honda</partDescription>
    <unitOfMeasure>4 Pack</unitOfMeasure>
    <brandName>XCELDYNE</brandName>
    <supplierNumber>XSSM13000</supplierNumber>
    <specialInstructions>NOT FOR 09-16 CRF450R 02NAB</specialInstructions>
    <baseDealerPrice>34.71</baseDealerPrice>
    <yourDealerPrice>34.71</yourDealerPrice>
    <baseRetailPrice>52.06</baseRetailPrice>
    <originalRetailPrice>54.95</originalRetailPrice>
    <partImage>http://asset.lemansnet.com/z/LzIvRi84LzJGOEIyOEY4LTBDNEItNEZGRC05MTk2LTJERkQ5QTk1QUU5RQ==</partImage>
    <productId>1308750802</productId>
    <productName>Valve Spring Locators</productName>
    <productImage>http://asset.lemansnet.com/z/L0EvMi81L0EyNURBNDhELUI5QzItNDAxMS04NjJBLTMzMEZFRkQ1QTI4Mw==</productImage>
    <bullet1>Lightweight CNC-machined titanium retainers greatly reduce valve train mass and increase engine rpm</bullet1>
    <bullet2>Increases valve spring life over heavier, stock steel retainers</bullet2>
    <bullet3>Precision CNC-machined from 8620 case hardened steel</bullet3>
    <bullet4>High tolerances ensure seats are flat for the longest possible life</bullet4>
    <bullet5>Pad is parallel to bottom surface for consistent spring pressures</bullet5>
    <bullet6>Made with various thicknesses</bullet6>
    <bullet7>Specially designed for use with CV4's valve springs only</bullet7>
    <bullet8/>
    <bullet9/>
    <bullet10/>
    <bullet11/>
    <bullet12/>
    <bullet13/>
    <bullet14/>
    <bullet15/>
    <bullet16/>
    <bullet17/>
    <bullet18/>
    <bullet19/>
    <bullet20/>
    <bullet21/>
    <bullet22/>
    <bullet23/>
    <bullet24/>
    <vendorPriceUpdateDate>2023-04-22 00:00:00</vendorPriceUpdateDate>
  </part>
  <part>
    <partNumber>09262557</partNumber>
    <punctuatedPartNumber>0926-2557</punctuatedPartNumber>
    <partStatusDescription>STANDARD</partStatusDescription>
    <partDescription>X2 Titanium Valve - Exhaust</partDescription>
    <unitOfMeasure>Kit</unitOfMeasure>
    <brandName>XCELDYNE</brandName>
    <supplierNumber>X2TEVM43000</supplierNumber>
    <specialInstructions/>
    <baseDealerPrice>79.13</baseDealerPrice>
    <yourDealerPrice>79.13</yourDealerPrice>
    <baseRetailPrice>110.19</baseRetailPrice>
    <originalRetailPrice>117.95</originalRetailPrice>
    <partImage>http://asset.lemansnet.com/z/L0QvNS9DL0Q1Q0Y3RTY4LTEyN0YtNDUwQS05NDhBLTFGQUMwRUE1MzlDMywvRS8xLzkvRTE5QTUwMkEtQTBBMS00RERELTkwMDQtNTcyNTYwNTFDMTFD</partImage>
    <productId>1216850364</productId>
    <productName>X2 Titanium Valves</productName>
    <productImage>http://asset.lemansnet.com/z/L0UvMS85L0UxOUE1MDJBLUEwQTEtNERERC05MDA0LTU3MjU2MDUxQzExQw==</productImage>
    <bullet1>Offer the off-road enthusiast superior performance at an excellent value</bullet1>
    <bullet2>Incorporate a high flow design for maximum power and long service life</bullet2>
    <bullet3>Feature the finest materials, tightest tolerances, and best finishes</bullet3>
    <bullet4>X2 Titanium Valves are full CrN coated for extended service life</bullet4>
    <bullet5/>
    <bullet6/>
    <bullet7/>
    <bullet8/>
    <bullet9/>
    <bullet10/>
    <bullet11/>
    <bullet12/>
    <bullet13/>
    <bullet14/>
    <bullet15/>
    <bullet16/>
    <bullet17/>
    <bullet18/>
    <bullet19/>
    <bullet20/>
    <bullet21/>
    <bullet22/>
    <bullet23/>
    <bullet24/>
    <vendorPriceUpdateDate>2023-04-14 00:00:00</vendorPriceUpdateDate>
  </part>
  <part>
    <partNumber>09262561</partNumber>
    <punctuatedPartNumber>0926-2561</punctuatedPartNumber>
    <partStatusDescription>STANDARD</partStatusDescription>
    <partDescription>X2 Titanium Valve - Intake</partDescription>
    <unitOfMeasure>Kit</unitOfMeasure>
    <brandName>XCELDYNE</brandName>
    <supplierNumber>X2TIVM13000</supplierNumber>
    <specialInstructions/>
    <baseDealerPrice>79.13</baseDealerPrice>
    <yourDealerPrice>79.13</yourDealerPrice>
    <baseRetailPrice>110.19</baseRetailPrice>
    <originalRetailPrice>117.95</originalRetailPrice>
    <partImage>http://asset.lemansnet.com/z/LzIvQy9GLzJDRjY3MTJCLUQ0OTAtNEY2Qy04MUZGLTIwNDcyRjkzMTlBQg==</partImage>
    <productId>1216850364</productId>
    <productName>X2 Titanium Valves</productName>
    <productImage>http://asset.lemansnet.com/z/L0UvMS85L0UxOUE1MDJBLUEwQTEtNERERC05MDA0LTU3MjU2MDUxQzExQw==</productImage>
    <bullet1>Offer the off-road enthusiast superior performance at an excellent value</bullet1>
    <bullet2>Incorporate a high flow design for maximum power and long service life</bullet2>
    <bullet3>Feature the finest materials, tightest tolerances, and best finishes</bullet3>
    <bullet4>X2 Titanium Valves are full CrN coated for extended service life</bullet4>
    <bullet5/>
    <bullet6/>
    <bullet7/>
    <bullet8/>
    <bullet9/>
    <bullet10/>
    <bullet11/>
    <bullet12/>
    <bullet13/>
    <bullet14/>
    <bullet15/>
    <bullet16/>
    <bullet17/>
    <bullet18/>
    <bullet19/>
    <bullet20/>
    <bullet21/>
    <bullet22/>
    <bullet23/>
    <bullet24/>
    <vendorPriceUpdateDate>2023-04-14 00:00:00</vendorPriceUpdateDate>
  </part>
  <part>
    <partNumber>09262898</partNumber>
    <punctuatedPartNumber>0926-2898</punctuatedPartNumber>
    <partStatusDescription>STANDARD</partStatusDescription>
    <partDescription>X2 Titanium Valve - Intake</partDescription>
    <unitOfMeasure>Kit</unitOfMeasure>
    <brandName>XCELDYNE</brandName>
    <supplierNumber>X2TIVM43008</supplierNumber>
    <specialInstructions>ACTUALLY INTAKE VALVE 02DLW</specialInstructions>
    <baseDealerPrice>79.13</baseDealerPrice>
    <yourDealerPrice>79.13</yourDealerPrice>
    <baseRetailPrice>110.19</baseRetailPrice>
    <originalRetailPrice>117.95</originalRetailPrice>
    <partImage>http://asset.lemansnet.com/z/L0UvRS8wL0VFMDI5MzRBLTRDQ0ItNDdDMy1CRkIzLTBBMjU3NjZDNDIwMA==</partImage>
    <productId>1216850364</productId>
    <productName>X2 Titanium Valves</productName>
    <productImage>http://asset.lemansnet.com/z/L0UvMS85L0UxOUE1MDJBLUEwQTEtNERERC05MDA0LTU3MjU2MDUxQzExQw==</productImage>
    <bullet1>Offer the off-road enthusiast superior performance at an excellent value</bullet1>
    <bullet2>Incorporate a high flow design for maximum power and long service life</bullet2>
    <bullet3>Feature the finest materials, tightest tolerances, and best finishes</bullet3>
    <bullet4>X2 Titanium Valves are full CrN coated for extended service life</bullet4>
    <bullet5/>
    <bullet6/>
    <bullet7/>
    <bullet8/>
    <bullet9/>
    <bullet10/>
    <bullet11/>
    <bullet12/>
    <bullet13/>
    <bullet14/>
    <bullet15/>
    <bullet16/>
    <bullet17/>
    <bullet18/>
    <bullet19/>
    <bullet20/>
    <bullet21/>
    <bullet22/>
    <bullet23/>
    <bullet24/>
    <vendorPriceUpdateDate>2023-04-14 00:00:00</vendorPriceUpdateDate>
  </part>
  <part>
    <partNumber>09262216</partNumber>
    <punctuatedPartNumber>0926-2216</punctuatedPartNumber>
    <partStatusDescription>STANDARD</partStatusDescription>
    <partDescription>Intake Valve - Yamaha - WR/YZ250F/YZ450F - Outer</partDescription>
    <unitOfMeasure>Each</unitOfMeasure>
    <brandName>XCELDYNE</brandName>
    <supplierNumber>X2SIVM42002</supplierNumber>
    <specialInstructions/>
    <baseDealerPrice>28.74</baseDealerPrice>
    <yourDealerPrice>28.74</yourDealerPrice>
    <baseRetailPrice>40.04</baseRetailPrice>
    <originalRetailPrice>43.95</originalRetailPrice>
    <partImage>http://asset.lemansnet.com/z/LzAvRS9FLzBFRURFQzIwLUQzNjMtNDlDNS04MjQ5LTBDOEI5RTE0ODc4OCwvRC85LzgvRDk4OEFCNjktOUY5MS00NjQ4LUE1MUItNzkxM0I1QUExNTcx</partImage>
    <productId>1757508756</productId>
    <productName>Intake Valve</productName>
    <productImage>http://asset.lemansnet.com/z/LzEvNC85LzE0OTZDQzdFLUU2MkEtNDAzRS1BNzVFLUZFQ0QwMTBGNzdGNw==</productImage>
    <bullet1>Designed to work with X2 or Xceldyne premium full-race components</bullet1>
    <bullet2>Increases flow over stock valves</bullet2>
    <bullet3/>
    <bullet4/>
    <bullet5/>
    <bullet6/>
    <bullet7/>
    <bullet8/>
    <bullet9/>
    <bullet10/>
    <bullet11/>
    <bullet12/>
    <bullet13/>
    <bullet14/>
    <bullet15/>
    <bullet16/>
    <bullet17/>
    <bullet18/>
    <bullet19/>
    <bullet20/>
    <bullet21/>
    <bullet22/>
    <bullet23/>
    <bullet24/>
    <vendorPriceUpdateDate>2023-04-14 00:00:00</vendorPriceUpdateDate>
  </part>
  <part>
    <partNumber>09260469</partNumber>
    <punctuatedPartNumber>0926-0469</punctuatedPartNumber>
    <partStatusDescription>STANDARD</partStatusDescription>
    <partDescription>Intake Valve</partDescription>
    <unitOfMeasure>Each</unitOfMeasure>
    <brandName>XCELDYNE</brandName>
    <supplierNumber>XIVM13001</supplierNumber>
    <specialInstructions/>
    <baseDealerPrice>138.85</baseDealerPrice>
    <yourDealerPrice>138.85</yourDealerPrice>
    <baseRetailPrice>198.35</baseRetailPrice>
    <originalRetailPrice>209.95</originalRetailPrice>
    <partImage>http://asset.lemansnet.com/z/LzgvMS8wLzgxMEU1ODc2LTE0QkEtNEQ5My1CMDQ3LThGMTY1ODRDNzA1MQ==</partImage>
    <productId>1240207749</productId>
    <productName>Intake Valve</productName>
    <productImage>http://asset.lemansnet.com/z/L0UvQS8xL0VBMTUwRDIwLUUxNTgtNDE0Ri1CQjI5LURCQjFCRTgwMUVCQw==</productImage>
    <bullet1>Titanium valve</bullet1>
    <bullet2>Features an advanced "High-flow" design to increase flow by more than 15% over stock valves</bullet2>
    <bullet3>Lightweight design increases RPM and horsepower</bullet3>
    <bullet4>PVD-coated for outstanding wear-resistance in seat, tip and guide area</bullet4>
    <bullet5/>
    <bullet6/>
    <bullet7/>
    <bullet8/>
    <bullet9/>
    <bullet10/>
    <bullet11/>
    <bullet12/>
    <bullet13/>
    <bullet14/>
    <bullet15/>
    <bullet16/>
    <bullet17/>
    <bullet18/>
    <bullet19/>
    <bullet20/>
    <bullet21/>
    <bullet22/>
    <bullet23/>
    <bullet24/>
    <vendorPriceUpdateDate>2023-04-14 00:00:00</vendorPriceUpdateDate>
  </part>
  <part>
    <partNumber>09260491</partNumber>
    <punctuatedPartNumber>0926-0491</punctuatedPartNumber>
    <partStatusDescription>STANDARD</partStatusDescription>
    <partDescription>Exhaust Valve</partDescription>
    <unitOfMeasure>Each</unitOfMeasure>
    <brandName>XCELDYNE</brandName>
    <supplierNumber>XEVM13000</supplierNumber>
    <specialInstructions>Not for 07-08 CRF450R or 07-17 CRF450X; This is a std exhaust valve for 02-06 CRF450R </specialInstructions>
    <baseDealerPrice>141.68</baseDealerPrice>
    <yourDealerPrice>141.68</yourDealerPrice>
    <baseRetailPrice>202.40</baseRetailPrice>
    <originalRetailPrice>212.95</originalRetailPrice>
    <partImage>http://asset.lemansnet.com/z/LzQvRC81LzRENUVFMEY2LURCQUUtNEVEOC1CQjhBLTI4M0MyQUU4MDMyNw==</partImage>
    <productId>0305224096</productId>
    <productName>Exhaust Valve</productName>
    <productImage>http://asset.lemansnet.com/z/L0UvQS8xL0VBMTUwRDIwLUUxNTgtNDE0Ri1CQjI5LURCQjFCRTgwMUVCQw==</productImage>
    <bullet1>Titanium valve</bullet1>
    <bullet2>Features an advanced "High-flow" design to increase flow by more than 15% over stock valves</bullet2>
    <bullet3>Lightweight design increases RPM and horsepower</bullet3>
    <bullet4>PVD-coated for outstanding wear-resistance in seat, tip and guide area</bullet4>
    <bullet5/>
    <bullet6/>
    <bullet7/>
    <bullet8/>
    <bullet9/>
    <bullet10/>
    <bullet11/>
    <bullet12/>
    <bullet13/>
    <bullet14/>
    <bullet15/>
    <bullet16/>
    <bullet17/>
    <bullet18/>
    <bullet19/>
    <bullet20/>
    <bullet21/>
    <bullet22/>
    <bullet23/>
    <bullet24/>
    <vendorPriceUpdateDate>2023-04-14 00:00:00</vendorPriceUpdateDate>
  </part>
  <part>
    <partNumber>09260524</partNumber>
    <punctuatedPartNumber>0926-0524</punctuatedPartNumber>
    <partStatusDescription>STANDARD</partStatusDescription>
    <partDescription>Valve Locks</partDescription>
    <unitOfMeasure>Set of 4</unitOfMeasure>
    <brandName>XCELDYNE</brandName>
    <supplierNumber>XLOM55750</supplierNumber>
    <specialInstructions>Discontinued Per Buyer</specialInstructions>
    <baseDealerPrice>26.73</baseDealerPrice>
    <yourDealerPrice>26.73</yourDealerPrice>
    <baseRetailPrice>38.18</baseRetailPrice>
    <originalRetailPrice>42.95</originalRetailPrice>
    <partImage>http://asset.lemansnet.com/z/LzcvRS83LzdFNzA2QTAyLThCRjktNEJGOC05NTRFLTVBMzdBREIxODAyQQ==</partImage>
    <productId>0994196698</productId>
    <productName>Valve Keys</productName>
    <productImage>http://asset.lemansnet.com/z/LzIvMy9GLzIzRjFBMkU5LUVDOUUtNDE0Ri1CQTUxLTY0N0EwODgxMjMzMg==</productImage>
    <bullet1>CNC-machined from 8620 steel</bullet1>
    <bullet2>Industry first color coded, purpose-built intake-sized and exhaust-sized design</bullet2>
    <bullet3>Design allows keepers to stay locked at higher rpm</bullet3>
    <bullet4/>
    <bullet5/>
    <bullet6/>
    <bullet7/>
    <bullet8/>
    <bullet9/>
    <bullet10/>
    <bullet11/>
    <bullet12/>
    <bullet13/>
    <bullet14/>
    <bullet15/>
    <bullet16/>
    <bullet17/>
    <bullet18/>
    <bullet19/>
    <bullet20/>
    <bullet21/>
    <bullet22/>
    <bullet23/>
    <bullet24/>
    <vendorPriceUpdateDate>2023-04-22 00:00:00</vendorPriceUpdateDate>
  </part>
  <part>
    <partNumber>09260525</partNumber>
    <punctuatedPartNumber>0926-0525</punctuatedPartNumber>
    <partStatusDescription>STANDARD</partStatusDescription>
    <partDescription>Valve Locks</partDescription>
    <unitOfMeasure>Set of 4</unitOfMeasure>
    <brandName>XCELDYNE</brandName>
    <supplierNumber>XLOM55751</supplierNumber>
    <specialInstructions>Discontinued Per Buyer</specialInstructions>
    <baseDealerPrice>26.73</baseDealerPrice>
    <yourDealerPrice>26.73</yourDealerPrice>
    <baseRetailPrice>38.18</baseRetailPrice>
    <originalRetailPrice>42.95</originalRetailPrice>
    <partImage>http://asset.lemansnet.com/z/L0EvQS8zL0FBMzBDOUFCLTM3RjgtNDA3NS05MzRDLTdCRjE0NUVDNzFCOA==</partImage>
    <productId>0994196698</productId>
    <productName>Valve Keys</productName>
    <productImage>http://asset.lemansnet.com/z/LzIvMy9GLzIzRjFBMkU5LUVDOUUtNDE0Ri1CQTUxLTY0N0EwODgxMjMzMg==</productImage>
    <bullet1>CNC-machined from 8620 steel</bullet1>
    <bullet2>Industry first color coded, purpose-built intake-sized and exhaust-sized design</bullet2>
    <bullet3>Design allows keepers to stay locked at higher rpm</bullet3>
    <bullet4/>
    <bullet5/>
    <bullet6/>
    <bullet7/>
    <bullet8/>
    <bullet9/>
    <bullet10/>
    <bullet11/>
    <bullet12/>
    <bullet13/>
    <bullet14/>
    <bullet15/>
    <bullet16/>
    <bullet17/>
    <bullet18/>
    <bullet19/>
    <bullet20/>
    <bullet21/>
    <bullet22/>
    <bullet23/>
    <bullet24/>
    <vendorPriceUpdateDate>2023-04-22 00:00:00</vendorPriceUpdateDate>
  </part>
  <part>
    <partNumber>09260529</partNumber>
    <punctuatedPartNumber>0926-0529</punctuatedPartNumber>
    <partStatusDescription>STANDARD</partStatusDescription>
    <partDescription>Valve Locks</partDescription>
    <unitOfMeasure>Set of 4</unitOfMeasure>
    <brandName>XCELDYNE</brandName>
    <supplierNumber>XLOM55761</supplierNumber>
    <specialInstructions/>
    <baseDealerPrice>26.73</baseDealerPrice>
    <yourDealerPrice>26.73</yourDealerPrice>
    <baseRetailPrice>38.18</baseRetailPrice>
    <originalRetailPrice>42.95</originalRetailPrice>
    <partImage>http://asset.lemansnet.com/z/LzcvRC8xLzdEMTkzRDM5LTJDMzEtNDJGMi04REE5LUM0ODA5MERGMTdFRA==</partImage>
    <productId>0994196698</productId>
    <productName>Valve Keys</productName>
    <productImage>http://asset.lemansnet.com/z/LzIvMy9GLzIzRjFBMkU5LUVDOUUtNDE0Ri1CQTUxLTY0N0EwODgxMjMzMg==</productImage>
    <bullet1>CNC-machined from 8620 steel</bullet1>
    <bullet2>Industry first color coded, purpose-built intake-sized and exhaust-sized design</bullet2>
    <bullet3>Design allows keepers to stay locked at higher rpm</bullet3>
    <bullet4/>
    <bullet5/>
    <bullet6/>
    <bullet7/>
    <bullet8/>
    <bullet9/>
    <bullet10/>
    <bullet11/>
    <bullet12/>
    <bullet13/>
    <bullet14/>
    <bullet15/>
    <bullet16/>
    <bullet17/>
    <bullet18/>
    <bullet19/>
    <bullet20/>
    <bullet21/>
    <bullet22/>
    <bullet23/>
    <bullet24/>
    <vendorPriceUpdateDate>2023-04-22 00:00:00</vendorPriceUpdateDate>
  </part>
  <part>
    <partNumber>09260602</partNumber>
    <punctuatedPartNumber>0926-0602</punctuatedPartNumber>
    <partStatusDescription>STANDARD</partStatusDescription>
    <partDescription>Valve Guide Kit - Exhaust - Honda</partDescription>
    <unitOfMeasure>2 Piece</unitOfMeasure>
    <brandName>XCELDYNE</brandName>
    <supplierNumber>CVGM12002</supplierNumber>
    <specialInstructions/>
    <baseDealerPrice>25.65</baseDealerPrice>
    <yourDealerPrice>25.65</yourDealerPrice>
    <baseRetailPrice>36.63</baseRetailPrice>
    <originalRetailPrice>47.95</originalRetailPrice>
    <partImage>http://asset.lemansnet.com/z/LzYvQy85LzZDOTQyQTJDLTExMDYtNDRDNC04QTg4LUE3REUwQzZFNkUyRQ==</partImage>
    <productId>1776573193</productId>
    <productName>Valve Guide</productName>
    <productImage>http://asset.lemansnet.com/z/L0UvOS8yL0U5MjEyNzE4LTEyQ0YtNDM4NC04ODVDLUQ4RjkyNTc2MjE5NA==</productImage>
    <bullet1>Highest tolerances for correct valve stem support and fitment in cylinder head</bullet1>
    <bullet2>Built from Xceldyne's specified blend of Manganese-bronze</bullet2>
    <bullet3>Heat dissipation (thermal conductivity) and valve stem lubrication are substantially increased, which leads to extended valve stem life</bullet3>
    <bullet4/>
    <bullet5/>
    <bullet6/>
    <bullet7/>
    <bullet8/>
    <bullet9/>
    <bullet10/>
    <bullet11/>
    <bullet12/>
    <bullet13/>
    <bullet14/>
    <bullet15/>
    <bullet16/>
    <bullet17/>
    <bullet18/>
    <bullet19/>
    <bullet20/>
    <bullet21/>
    <bullet22/>
    <bullet23/>
    <bullet24/>
    <vendorPriceUpdateDate>2023-04-22 00:00:00</vendorPriceUpdateDate>
  </part>
  <part>
    <partNumber>09260608</partNumber>
    <punctuatedPartNumber>0926-0608</punctuatedPartNumber>
    <partStatusDescription>STANDARD</partStatusDescription>
    <partDescription>Valve Guide Kit - Exhaust - Honda</partDescription>
    <unitOfMeasure>2 Piece</unitOfMeasure>
    <brandName>XCELDYNE</brandName>
    <supplierNumber>CVGM13005</supplierNumber>
    <specialInstructions/>
    <baseDealerPrice>25.65</baseDealerPrice>
    <yourDealerPrice>25.65</yourDealerPrice>
    <baseRetailPrice>36.63</baseRetailPrice>
    <originalRetailPrice>47.95</originalRetailPrice>
    <partImage>http://asset.lemansnet.com/z/LzIvOS80LzI5NEE0RTFGLUREMzMtNDgwMi1CNzRGLUNGMzJBQTM1M0NBMg==</partImage>
    <productId>1776573193</productId>
    <productName>Valve Guide</productName>
    <productImage>http://asset.lemansnet.com/z/L0UvOS8yL0U5MjEyNzE4LTEyQ0YtNDM4NC04ODVDLUQ4RjkyNTc2MjE5NA==</productImage>
    <bullet1>Highest tolerances for correct valve stem support and fitment in cylinder head</bullet1>
    <bullet2>Built from Xceldyne's specified blend of Manganese-bronze</bullet2>
    <bullet3>Heat dissipation (thermal conductivity) and valve stem lubrication are substantially increased, which leads to extended valve stem life</bullet3>
    <bullet4/>
    <bullet5/>
    <bullet6/>
    <bullet7/>
    <bullet8/>
    <bullet9/>
    <bullet10/>
    <bullet11/>
    <bullet12/>
    <bullet13/>
    <bullet14/>
    <bullet15/>
    <bullet16/>
    <bullet17/>
    <bullet18/>
    <bullet19/>
    <bullet20/>
    <bullet21/>
    <bullet22/>
    <bullet23/>
    <bullet24/>
    <vendorPriceUpdateDate>2023-04-22 00:00:00</vendorPriceUpdateDate>
  </part>
  <part>
    <partNumber>09260623</partNumber>
    <punctuatedPartNumber>0926-0623</punctuatedPartNumber>
    <partStatusDescription>STANDARD</partStatusDescription>
    <partDescription>Valve Spring Bucket</partDescription>
    <unitOfMeasure>Each</unitOfMeasure>
    <brandName>XCELDYNE</brandName>
    <supplierNumber>XBT13101</supplierNumber>
    <specialInstructions/>
    <baseDealerPrice>98.34</baseDealerPrice>
    <yourDealerPrice>98.34</yourDealerPrice>
    <baseRetailPrice>140.49</baseRetailPrice>
    <originalRetailPrice>154.95</originalRetailPrice>
    <partImage>http://asset.lemansnet.com/z/LzkvMi83LzkyNzA4M0YwLTNGNDktNDFGNi05MkRELUFCNzQxMzU3ODU0Mg==</partImage>
    <productId>1812511391</productId>
    <productName>Valve Spring Buckets</productName>
    <productImage>http://asset.lemansnet.com/z/L0UvMy9EL0UzRDUyQjhDLThCMkUtNEZCQi05NThDLTAwOUMzMUYyNjZEMQ==</productImage>
    <bullet1>Built using the same technology as the CV4 Formula 1 buckets</bullet1>
    <bullet2>Made with proprietary steel for the lightest and strongest part possible</bullet2>
    <bullet3>Diamond-like-Carbon (DLC) coating substantially reduces friction and decreases valvetrain wear</bullet3>
    <bullet4>Increase rpm and horsepower</bullet4>
    <bullet5>Increase cylinder head life by having tighter tolerances for less "rock" in the cylinder head</bullet5>
    <bullet6>Perfect for high-lift camshafts</bullet6>
    <bullet7/>
    <bullet8/>
    <bullet9/>
    <bullet10/>
    <bullet11/>
    <bullet12/>
    <bullet13/>
    <bullet14/>
    <bullet15/>
    <bullet16/>
    <bullet17/>
    <bullet18/>
    <bullet19/>
    <bullet20/>
    <bullet21/>
    <bullet22/>
    <bullet23/>
    <bullet24/>
    <vendorPriceUpdateDate>2022-11-10 00:00:00</vendorPriceUpdateDate>
  </part>
</root>
