<root>
  <part>
    <partNumber>38500306</partNumber>
    <punctuatedPartNumber>3850-0306</punctuatedPartNumber>
    <partStatusDescription>STANDARD</partStatusDescription>
    <partDescription>Table - Tear Down - Red</partDescription>
    <unitOfMeasure>Each</unitOfMeasure>
    <brandName>HANDY INDUSTRIES</brandName>
    <supplierNumber>11505R</supplierNumber>
    <specialInstructions>ORDER TO TAR-DROP SHIP 02BR</specialInstructions>
    <baseDealerPrice>850.70</baseDealerPrice>
    <yourDealerPrice>850.70</yourDealerPrice>
    <baseRetailPrice>999.95</baseRetailPrice>
    <originalRetailPrice>999.95</originalRetailPrice>
    <partImage>http://asset.lemansnet.com/z/LzAvMy8zLzAzMzUxQzU1LTJBQjEtNDY0My1CNEI4LUM3QjhDMDM5RDBBMQ==</partImage>
    <productId>0437414159</productId>
    <productName>Tear-Down Tables</productName>
    <productImage>http://asset.lemansnet.com/z/LzAvMy8zLzAzMzUxQzU1LTJBQjEtNDY0My1CNEI4LUM3QjhDMDM5RDBBMQ==</productImage>
    <bullet1>Heavy-duty 4" casters (two rigid and two locking swivel)</bullet1>
    <bullet2>Removable 20" x 12" x 6" polyethylene drawer</bullet2>
    <bullet3>Heavy duty 24" x 18" x 5-1/2" locked drawer</bullet3>
    <bullet4>14 gauge 48" x 28" table top with 3/4" rim</bullet4>
    <bullet5>Adjustable working height of 37" to 41"</bullet5>
    <bullet6>Adjustable lower shelf</bullet6>
    <bullet7>This is a drop ship product; no returns.</bullet7>
    <bullet8/>
    <bullet9/>
    <bullet10/>
    <bullet11/>
    <bullet12/>
    <bullet13/>
    <bullet14/>
    <bullet15/>
    <bullet16/>
    <bullet17/>
    <bullet18/>
    <bullet19/>
    <bullet20/>
    <bullet21/>
    <bullet22/>
    <bullet23/>
    <bullet24/>
    <vendorPriceUpdateDate>2021-11-22 00:00:00</vendorPriceUpdateDate>
  </part>
  <part>
    <partNumber>38500307</partNumber>
    <punctuatedPartNumber>3850-0307</punctuatedPartNumber>
    <partStatusDescription>STANDARD</partStatusDescription>
    <partDescription>Table - Tear Down - Orange</partDescription>
    <unitOfMeasure>Each</unitOfMeasure>
    <brandName>HANDY INDUSTRIES</brandName>
    <supplierNumber>11505O</supplierNumber>
    <specialInstructions>ORDER TO TAR-DROP SHIP 02BR</specialInstructions>
    <baseDealerPrice>850.70</baseDealerPrice>
    <yourDealerPrice>850.70</yourDealerPrice>
    <baseRetailPrice>999.95</baseRetailPrice>
    <originalRetailPrice>999.95</originalRetailPrice>
    <partImage>http://asset.lemansnet.com/z/L0EvMi8yL0EyMjEyQTM0LTg2OTItNEQ1Ri1CNTlELUQ0MzYzMkZCNjcwQQ==</partImage>
    <productId>0437414159</productId>
    <productName>Tear-Down Tables</productName>
    <productImage>http://asset.lemansnet.com/z/LzAvMy8zLzAzMzUxQzU1LTJBQjEtNDY0My1CNEI4LUM3QjhDMDM5RDBBMQ==</productImage>
    <bullet1>Heavy-duty 4" casters (two rigid and two locking swivel)</bullet1>
    <bullet2>Removable 20" x 12" x 6" polyethylene drawer</bullet2>
    <bullet3>Heavy duty 24" x 18" x 5-1/2" locked drawer</bullet3>
    <bullet4>14 gauge 48" x 28" table top with 3/4" rim</bullet4>
    <bullet5>Adjustable working height of 37" to 41"</bullet5>
    <bullet6>Adjustable lower shelf</bullet6>
    <bullet7>This is a drop ship product; no returns.</bullet7>
    <bullet8/>
    <bullet9/>
    <bullet10/>
    <bullet11/>
    <bullet12/>
    <bullet13/>
    <bullet14/>
    <bullet15/>
    <bullet16/>
    <bullet17/>
    <bullet18/>
    <bullet19/>
    <bullet20/>
    <bullet21/>
    <bullet22/>
    <bullet23/>
    <bullet24/>
    <vendorPriceUpdateDate>2021-11-22 00:00:00</vendorPriceUpdateDate>
  </part>
  <part>
    <partNumber>41100087</partNumber>
    <punctuatedPartNumber>4110-0087</punctuatedPartNumber>
    <partStatusDescription>STANDARD</partStatusDescription>
    <partDescription>Cycle Vise - CV-17 - Black</partDescription>
    <unitOfMeasure>Each</unitOfMeasure>
    <brandName>HANDY INDUSTRIES</brandName>
    <supplierNumber>14476</supplierNumber>
    <specialInstructions>ORDER TO TAR-DROP SHIP 02BR</specialInstructions>
    <baseDealerPrice>277.80</baseDealerPrice>
    <yourDealerPrice>277.80</yourDealerPrice>
    <baseRetailPrice>326.95</baseRetailPrice>
    <originalRetailPrice>326.95</originalRetailPrice>
    <partImage>http://asset.lemansnet.com/z/L0QvMy83L0QzNzNEM0I5LTk0MUUtNDM1QS05REU4LTBBNThGRERCQzExMw==</partImage>
    <productId>0207863136</productId>
    <productName>CV-17 Cycle Vise</productName>
    <productImage>http://asset.lemansnet.com/z/L0QvMy83L0QzNzNEM0I5LTk0MUUtNDM1QS05REU4LTBBNThGRERCQzExMw==</productImage>
    <bullet1>Position your cycle upright on your lift</bullet1>
    <bullet2>Mounts directly on most Handy lifts</bullet2>
    <bullet3>Includes a cycle vise cover kit</bullet3>
    <bullet4>Made in the USA</bullet4>
    <bullet5/>
    <bullet6/>
    <bullet7/>
    <bullet8/>
    <bullet9/>
    <bullet10/>
    <bullet11/>
    <bullet12/>
    <bullet13/>
    <bullet14/>
    <bullet15/>
    <bullet16/>
    <bullet17/>
    <bullet18/>
    <bullet19/>
    <bullet20/>
    <bullet21/>
    <bullet22/>
    <bullet23/>
    <bullet24/>
    <vendorPriceUpdateDate>2021-11-22 00:00:00</vendorPriceUpdateDate>
  </part>
  <part>
    <partNumber>41100088</partNumber>
    <punctuatedPartNumber>4110-0088</punctuatedPartNumber>
    <partStatusDescription>STANDARD</partStatusDescription>
    <partDescription>Extension - Standard/S.A.M 1000 - Front - 13" - Black</partDescription>
    <unitOfMeasure>Each</unitOfMeasure>
    <brandName>HANDY INDUSTRIES</brandName>
    <supplierNumber>16011</supplierNumber>
    <specialInstructions>ORDER TO TAR-DROP SHIP 02BR</specialInstructions>
    <baseDealerPrice>222.40</baseDealerPrice>
    <yourDealerPrice>222.40</yourDealerPrice>
    <baseRetailPrice>260.95</baseRetailPrice>
    <originalRetailPrice>260.95</originalRetailPrice>
    <partImage>http://asset.lemansnet.com/z/LzQvRC81LzRENTNFRkUwLTkzRDctNEE0Ri05NjYzLTdEREJCNTEzNEY0Nw==</partImage>
    <productId>0728953181</productId>
    <productName>13" Front/Rear Extension for Standard and S.A.M Lifts</productName>
    <productImage>http://asset.lemansnet.com/z/LzQvRC81LzRENTNFRkUwLTkzRDctNEE0Ri05NjYzLTdEREJCNTEzNEY0Nw==</productImage>
    <bullet1>Extend the length of your Standard lift to 93" or your S.A.M. to 97" with this 13" extension</bullet1>
    <bullet2>Compatible with Standard and S.A.M. 1000 lifts</bullet2>
    <bullet3/>
    <bullet4/>
    <bullet5/>
    <bullet6/>
    <bullet7/>
    <bullet8/>
    <bullet9/>
    <bullet10/>
    <bullet11/>
    <bullet12/>
    <bullet13/>
    <bullet14/>
    <bullet15/>
    <bullet16/>
    <bullet17/>
    <bullet18/>
    <bullet19/>
    <bullet20/>
    <bullet21/>
    <bullet22/>
    <bullet23/>
    <bullet24/>
    <vendorPriceUpdateDate>2021-11-22 00:00:00</vendorPriceUpdateDate>
  </part>
  <part>
    <partNumber>41100089</partNumber>
    <punctuatedPartNumber>4110-0089</punctuatedPartNumber>
    <partStatusDescription>STANDARD</partStatusDescription>
    <partDescription>Extension - Standard/S.A.M 1000 - Rear - 13" - Black</partDescription>
    <unitOfMeasure>Each</unitOfMeasure>
    <brandName>HANDY INDUSTRIES</brandName>
    <supplierNumber>10736</supplierNumber>
    <specialInstructions>ORDER TO TAR-DROP SHIP 02BR</specialInstructions>
    <baseDealerPrice>222.40</baseDealerPrice>
    <yourDealerPrice>222.40</yourDealerPrice>
    <baseRetailPrice>260.95</baseRetailPrice>
    <originalRetailPrice>260.95</originalRetailPrice>
    <partImage>http://asset.lemansnet.com/z/L0IvMC8xL0IwMUVGMzFELUM1MjktNDc0Ny05QTcxLTlFQ0JGRDJBNTRCOQ==</partImage>
    <productId>0728953181</productId>
    <productName>13" Front/Rear Extension for Standard and S.A.M Lifts</productName>
    <productImage>http://asset.lemansnet.com/z/LzQvRC81LzRENTNFRkUwLTkzRDctNEE0Ri05NjYzLTdEREJCNTEzNEY0Nw==</productImage>
    <bullet1>Extend the length of your Standard lift to 93" or your S.A.M. to 97" with this 13" extension</bullet1>
    <bullet2>Compatible with Standard and S.A.M. 1000 lifts</bullet2>
    <bullet3/>
    <bullet4/>
    <bullet5/>
    <bullet6/>
    <bullet7/>
    <bullet8/>
    <bullet9/>
    <bullet10/>
    <bullet11/>
    <bullet12/>
    <bullet13/>
    <bullet14/>
    <bullet15/>
    <bullet16/>
    <bullet17/>
    <bullet18/>
    <bullet19/>
    <bullet20/>
    <bullet21/>
    <bullet22/>
    <bullet23/>
    <bullet24/>
    <vendorPriceUpdateDate>2021-11-22 00:00:00</vendorPriceUpdateDate>
  </part>
  <part>
    <partNumber>41100090</partNumber>
    <punctuatedPartNumber>4110-0090</punctuatedPartNumber>
    <partStatusDescription>STANDARD</partStatusDescription>
    <partDescription>Side Extension - 12"</partDescription>
    <unitOfMeasure>Set</unitOfMeasure>
    <brandName>HANDY INDUSTRIES</brandName>
    <supplierNumber>10728</supplierNumber>
    <specialInstructions>ORDER TO TAR-DROP SHIP 02BR</specialInstructions>
    <baseDealerPrice>701.30</baseDealerPrice>
    <yourDealerPrice>701.30</yourDealerPrice>
    <baseRetailPrice>824.95</baseRetailPrice>
    <originalRetailPrice>824.95</originalRetailPrice>
    <partImage>http://asset.lemansnet.com/z/LzcvMC9FLzcwRTFGRUU5LTgxNUQtNDYzMS04MTQ4LTgxRTlCNUI3OEYxNw==</partImage>
    <productId>1397450781</productId>
    <productName>Standard Lift 12" Side Extension</productName>
    <productImage>http://asset.lemansnet.com/z/L0QvMy83L0QzNzNEM0I5LTk0MUUtNDM1QS05REU4LTBBNThGRERCQzExMw==</productImage>
    <bullet1>Expand the width of your Standard Lift from 24" to 48" with this set so you can work on big cruisers and small ATVs</bullet1>
    <bullet2>Compatible with the Standard 1000 and Standard 1200 lifts</bullet2>
    <bullet3>Includes stabilizer and ramp extensions</bullet3>
    <bullet4>Made in USA</bullet4>
    <bullet5/>
    <bullet6/>
    <bullet7/>
    <bullet8/>
    <bullet9/>
    <bullet10/>
    <bullet11/>
    <bullet12/>
    <bullet13/>
    <bullet14/>
    <bullet15/>
    <bullet16/>
    <bullet17/>
    <bullet18/>
    <bullet19/>
    <bullet20/>
    <bullet21/>
    <bullet22/>
    <bullet23/>
    <bullet24/>
    <vendorPriceUpdateDate>2023-04-22 00:00:00</vendorPriceUpdateDate>
  </part>
  <part>
    <partNumber>41100098</partNumber>
    <punctuatedPartNumber>4110-0098</punctuatedPartNumber>
    <partStatusDescription>STANDARD</partStatusDescription>
    <partDescription>Extensions - S.A.M. 1000/1200 - Side - 12" - Black - Set</partDescription>
    <unitOfMeasure>Set</unitOfMeasure>
    <brandName>HANDY INDUSTRIES</brandName>
    <supplierNumber>16002</supplierNumber>
    <specialInstructions>ORDER TO TAR-DROP SHIP 02BR</specialInstructions>
    <baseDealerPrice>814.30</baseDealerPrice>
    <yourDealerPrice>814.30</yourDealerPrice>
    <baseRetailPrice>957.95</baseRetailPrice>
    <originalRetailPrice>957.95</originalRetailPrice>
    <partImage>http://asset.lemansnet.com/z/LzcvMC9FLzcwRTFGRUU5LTgxNUQtNDYzMS04MTQ4LTgxRTlCNUI3OEYxNw==</partImage>
    <productId>0452382983</productId>
    <productName>S.A.M. Lift 12" Side Extension</productName>
    <productImage>http://asset.lemansnet.com/z/LzcvMC9FLzcwRTFGRUU5LTgxNUQtNDYzMS04MTQ4LTgxRTlCNUI3OEYxNw==</productImage>
    <bullet1>Expand the width of the S.A.M. lift from 24" to 48" with this pair of side extensions</bullet1>
    <bullet2>Compatible with both the S.A.M. 1000 and S.A.M. 1200 lifts</bullet2>
    <bullet3>Includes stabilizer and ramp extensions</bullet3>
    <bullet4>Made in USA</bullet4>
    <bullet5/>
    <bullet6/>
    <bullet7/>
    <bullet8/>
    <bullet9/>
    <bullet10/>
    <bullet11/>
    <bullet12/>
    <bullet13/>
    <bullet14/>
    <bullet15/>
    <bullet16/>
    <bullet17/>
    <bullet18/>
    <bullet19/>
    <bullet20/>
    <bullet21/>
    <bullet22/>
    <bullet23/>
    <bullet24/>
    <vendorPriceUpdateDate>2023-04-22 00:00:00</vendorPriceUpdateDate>
  </part>
  <part>
    <partNumber>41100104</partNumber>
    <punctuatedPartNumber>4110-0104</punctuatedPartNumber>
    <partStatusDescription>STANDARD</partStatusDescription>
    <partDescription>Bob 1500 Air Lift - Grey</partDescription>
    <unitOfMeasure>Each</unitOfMeasure>
    <brandName>HANDY INDUSTRIES</brandName>
    <supplierNumber>14472G</supplierNumber>
    <specialInstructions>ORDER TO TAR-DROP SHIP 02BR</specialInstructions>
    <baseDealerPrice>2438.90</baseDealerPrice>
    <yourDealerPrice>2438.90</yourDealerPrice>
    <baseRetailPrice>2869.95</baseRetailPrice>
    <originalRetailPrice>2869.95</originalRetailPrice>
    <partImage>http://asset.lemansnet.com/z/LzgvNy85Lzg3OTRCNDRELTlDNDMtNDU1OS1CNjVGLUQwNjI2MDVFREYyNywvMC9DLzUvMEM1NTREMzMtOTYyOC00QkY0LTgzMDYtMzQ2RTRFQTdBRjY2</partImage>
    <productId>1122204583</productId>
    <productName>B.O.B. 1500 Air Lift</productName>
    <productImage>http://asset.lemansnet.com/z/LzgvNy85Lzg3OTRCNDRELTlDNDMtNDU1OS1CNjVGLUQwNjI2MDVFREYyNw==</productImage>
    <bullet1>The B.O.B 1500 Air Lift solves numerous challenges in today's professional workshop</bullet1>
    <bullet2>Designed for the fully-dressed motorcycles, trikes and quads</bullet2>
    <bullet3>Includes a dropout for convenient tire changes</bullet3>
    <bullet4>Lowers to a minimum height of 10"</bullet4>
    <bullet5>Air source is 90-100 psi.</bullet5>
    <bullet6>Ramp measures 40"</bullet6>
    <bullet7>Weighs 560 lb.</bullet7>
    <bullet8/>
    <bullet9/>
    <bullet10/>
    <bullet11/>
    <bullet12/>
    <bullet13/>
    <bullet14/>
    <bullet15/>
    <bullet16/>
    <bullet17/>
    <bullet18/>
    <bullet19/>
    <bullet20/>
    <bullet21/>
    <bullet22/>
    <bullet23/>
    <bullet24/>
    <vendorPriceUpdateDate>2021-11-22 00:00:00</vendorPriceUpdateDate>
  </part>
  <part>
    <partNumber>41100105</partNumber>
    <punctuatedPartNumber>4110-0105</punctuatedPartNumber>
    <partStatusDescription>STANDARD</partStatusDescription>
    <partDescription>Bob 1500 Air Lift - Orange</partDescription>
    <unitOfMeasure>Each</unitOfMeasure>
    <brandName>HANDY INDUSTRIES</brandName>
    <supplierNumber>14472O</supplierNumber>
    <specialInstructions>ORDER TO TAR-DROP SHIP 02BR</specialInstructions>
    <baseDealerPrice>2674.20</baseDealerPrice>
    <yourDealerPrice>2674.20</yourDealerPrice>
    <baseRetailPrice>3144.95</baseRetailPrice>
    <originalRetailPrice>3144.95</originalRetailPrice>
    <partImage>http://asset.lemansnet.com/z/LzMvOC84LzM4ODI0QzY0LUM2QTgtNDk4Mi05QTQwLThCNzM4QzMzOThDMg==</partImage>
    <productId>1122204583</productId>
    <productName>B.O.B. 1500 Air Lift</productName>
    <productImage>http://asset.lemansnet.com/z/LzgvNy85Lzg3OTRCNDRELTlDNDMtNDU1OS1CNjVGLUQwNjI2MDVFREYyNw==</productImage>
    <bullet1>The B.O.B 1500 Air Lift solves numerous challenges in today's professional workshop</bullet1>
    <bullet2>Designed for the fully-dressed motorcycles, trikes and quads</bullet2>
    <bullet3>Includes a dropout for convenient tire changes</bullet3>
    <bullet4>Lowers to a minimum height of 10"</bullet4>
    <bullet5>Air source is 90-100 psi.</bullet5>
    <bullet6>Ramp measures 40"</bullet6>
    <bullet7>Weighs 560 lb.</bullet7>
    <bullet8/>
    <bullet9/>
    <bullet10/>
    <bullet11/>
    <bullet12/>
    <bullet13/>
    <bullet14/>
    <bullet15/>
    <bullet16/>
    <bullet17/>
    <bullet18/>
    <bullet19/>
    <bullet20/>
    <bullet21/>
    <bullet22/>
    <bullet23/>
    <bullet24/>
    <vendorPriceUpdateDate>2021-11-22 00:00:00</vendorPriceUpdateDate>
  </part>
  <part>
    <partNumber>41100106</partNumber>
    <punctuatedPartNumber>4110-0106</punctuatedPartNumber>
    <partStatusDescription>STANDARD</partStatusDescription>
    <partDescription>Bob 1500 Air Lift - Red</partDescription>
    <unitOfMeasure>Each</unitOfMeasure>
    <brandName>HANDY INDUSTRIES</brandName>
    <supplierNumber>14472R</supplierNumber>
    <specialInstructions>ORDER TO TAR-DROP SHIP 02BR</specialInstructions>
    <baseDealerPrice>2674.20</baseDealerPrice>
    <yourDealerPrice>2674.20</yourDealerPrice>
    <baseRetailPrice>3144.95</baseRetailPrice>
    <originalRetailPrice>3144.95</originalRetailPrice>
    <partImage>http://asset.lemansnet.com/z/L0QvRC9GL0RERjEzM0IxLUJBQkMtNDc3NS1CRURFLTc4Q0QzQzk2RTk1MA==</partImage>
    <productId>1122204583</productId>
    <productName>B.O.B. 1500 Air Lift</productName>
    <productImage>http://asset.lemansnet.com/z/LzgvNy85Lzg3OTRCNDRELTlDNDMtNDU1OS1CNjVGLUQwNjI2MDVFREYyNw==</productImage>
    <bullet1>The B.O.B 1500 Air Lift solves numerous challenges in today's professional workshop</bullet1>
    <bullet2>Designed for the fully-dressed motorcycles, trikes and quads</bullet2>
    <bullet3>Includes a dropout for convenient tire changes</bullet3>
    <bullet4>Lowers to a minimum height of 10"</bullet4>
    <bullet5>Air source is 90-100 psi.</bullet5>
    <bullet6>Ramp measures 40"</bullet6>
    <bullet7>Weighs 560 lb.</bullet7>
    <bullet8/>
    <bullet9/>
    <bullet10/>
    <bullet11/>
    <bullet12/>
    <bullet13/>
    <bullet14/>
    <bullet15/>
    <bullet16/>
    <bullet17/>
    <bullet18/>
    <bullet19/>
    <bullet20/>
    <bullet21/>
    <bullet22/>
    <bullet23/>
    <bullet24/>
    <vendorPriceUpdateDate>2021-11-22 00:00:00</vendorPriceUpdateDate>
  </part>
  <part>
    <partNumber>41100107</partNumber>
    <punctuatedPartNumber>4110-0107</punctuatedPartNumber>
    <partStatusDescription>STANDARD</partStatusDescription>
    <partDescription>Bob 1500 Air Lift - Black</partDescription>
    <unitOfMeasure>Each</unitOfMeasure>
    <brandName>HANDY INDUSTRIES</brandName>
    <supplierNumber>14472B</supplierNumber>
    <specialInstructions>ORDER TO TAR-DROP SHIP 02BR</specialInstructions>
    <baseDealerPrice>2674.20</baseDealerPrice>
    <yourDealerPrice>2674.20</yourDealerPrice>
    <baseRetailPrice>3144.95</baseRetailPrice>
    <originalRetailPrice>3144.95</originalRetailPrice>
    <partImage>http://asset.lemansnet.com/z/c3RhdGljL3NpdGVzL2xlbWFuc3BsYXRmb3JtL2ltYWdlLWNvbWluZy1zb29u</partImage>
    <productId>1122204583</productId>
    <productName>B.O.B. 1500 Air Lift</productName>
    <productImage>http://asset.lemansnet.com/z/LzgvNy85Lzg3OTRCNDRELTlDNDMtNDU1OS1CNjVGLUQwNjI2MDVFREYyNw==</productImage>
    <bullet1>The B.O.B 1500 Air Lift solves numerous challenges in today's professional workshop</bullet1>
    <bullet2>Designed for the fully-dressed motorcycles, trikes and quads</bullet2>
    <bullet3>Includes a dropout for convenient tire changes</bullet3>
    <bullet4>Lowers to a minimum height of 10"</bullet4>
    <bullet5>Air source is 90-100 psi.</bullet5>
    <bullet6>Ramp measures 40"</bullet6>
    <bullet7>Weighs 560 lb.</bullet7>
    <bullet8/>
    <bullet9/>
    <bullet10/>
    <bullet11/>
    <bullet12/>
    <bullet13/>
    <bullet14/>
    <bullet15/>
    <bullet16/>
    <bullet17/>
    <bullet18/>
    <bullet19/>
    <bullet20/>
    <bullet21/>
    <bullet22/>
    <bullet23/>
    <bullet24/>
    <vendorPriceUpdateDate>2021-11-22 00:00:00</vendorPriceUpdateDate>
  </part>
  <part>
    <partNumber>41100108</partNumber>
    <punctuatedPartNumber>4110-0108</punctuatedPartNumber>
    <partStatusDescription>STANDARD</partStatusDescription>
    <partDescription>Extensions - B.O.B. Air Lift - Side - 12" - Black - Set</partDescription>
    <unitOfMeasure>Set</unitOfMeasure>
    <brandName>HANDY INDUSTRIES</brandName>
    <supplierNumber>14473</supplierNumber>
    <specialInstructions>ORDER TO TAR-DROP SHIP 02BR</specialInstructions>
    <baseDealerPrice>875.50</baseDealerPrice>
    <yourDealerPrice>875.50</yourDealerPrice>
    <baseRetailPrice>1028.95</baseRetailPrice>
    <originalRetailPrice>1028.95</originalRetailPrice>
    <partImage>http://asset.lemansnet.com/z/LzAvNi81LzA2NUJCN0E5LTdDRjItNEExNy04RTQ0LTdGNzFFOEZFMDAwNg==</partImage>
    <productId>1055651182</productId>
    <productName>B.O.B 1500 Air Lift 12" Side Extension</productName>
    <productImage>http://asset.lemansnet.com/z/LzAvNi81LzA2NUJCN0E5LTdDRjItNEExNy04RTQ0LTdGNzFFOEZFMDAwNg==</productImage>
    <bullet1>12" side extensions that will expand the width of the B.O.B. 1500 from 28" to 52" with this two-piece set, which includes stabilizer and ramp extensions</bullet1>
    <bullet2>Expand the width of your B.O.B. 1500 Air Lift to simplify work on ATVs, small UTVs, and big cruisers</bullet2>
    <bullet3>Made in USA</bullet3>
    <bullet4/>
    <bullet5/>
    <bullet6/>
    <bullet7/>
    <bullet8/>
    <bullet9/>
    <bullet10/>
    <bullet11/>
    <bullet12/>
    <bullet13/>
    <bullet14/>
    <bullet15/>
    <bullet16/>
    <bullet17/>
    <bullet18/>
    <bullet19/>
    <bullet20/>
    <bullet21/>
    <bullet22/>
    <bullet23/>
    <bullet24/>
    <vendorPriceUpdateDate>2023-04-22 00:00:00</vendorPriceUpdateDate>
  </part>
  <part>
    <partNumber>41100109</partNumber>
    <punctuatedPartNumber>4110-0109</punctuatedPartNumber>
    <partStatusDescription>STANDARD</partStatusDescription>
    <partDescription>Extension - B.O.B 1500 Air Lift - Front - 13" - Black</partDescription>
    <unitOfMeasure>Each</unitOfMeasure>
    <brandName>HANDY INDUSTRIES</brandName>
    <supplierNumber>14474</supplierNumber>
    <specialInstructions>ORDER TO TAR-DROP SHIP 02BR</specialInstructions>
    <baseDealerPrice>284.90</baseDealerPrice>
    <yourDealerPrice>284.90</yourDealerPrice>
    <baseRetailPrice>333.95</baseRetailPrice>
    <originalRetailPrice>333.95</originalRetailPrice>
    <partImage>http://asset.lemansnet.com/z/L0UvRC81L0VENUQ1Qjk0LTQ0NEItNDAzMy1BRDUzLTJCRTlFMUQ4RDdCOQ==</partImage>
    <productId>0989663705</productId>
    <productName>B.O.B 1500 Air Lift 13" Front Extension</productName>
    <productImage>http://asset.lemansnet.com/z/L0UvRC81L0VENUQ1Qjk0LTQ0NEItNDAzMy1BRDUzLTJCRTlFMUQ4RDdCOQ==</productImage>
    <bullet1>13" extension that will extend your lift to work on long bikes</bullet1>
    <bullet2>Extends the top lift length to 97"</bullet2>
    <bullet3>Made in USA</bullet3>
    <bullet4>Will only work on the B.O.B 1500 Air Lift.</bullet4>
    <bullet5/>
    <bullet6/>
    <bullet7/>
    <bullet8/>
    <bullet9/>
    <bullet10/>
    <bullet11/>
    <bullet12/>
    <bullet13/>
    <bullet14/>
    <bullet15/>
    <bullet16/>
    <bullet17/>
    <bullet18/>
    <bullet19/>
    <bullet20/>
    <bullet21/>
    <bullet22/>
    <bullet23/>
    <bullet24/>
    <vendorPriceUpdateDate>2021-11-22 00:00:00</vendorPriceUpdateDate>
  </part>
  <part>
    <partNumber>41100110</partNumber>
    <punctuatedPartNumber>4110-0110</punctuatedPartNumber>
    <partStatusDescription>STANDARD</partStatusDescription>
    <partDescription>Extensions - Spyder/Trike - B.O.B 1500 Air Lift - Black - Set</partDescription>
    <unitOfMeasure>Set</unitOfMeasure>
    <brandName>HANDY INDUSTRIES</brandName>
    <supplierNumber>21300</supplierNumber>
    <specialInstructions>ORDER TO TAR-DROP SHIP 02BR</specialInstructions>
    <baseDealerPrice>942.40</baseDealerPrice>
    <yourDealerPrice>942.40</yourDealerPrice>
    <baseRetailPrice>1108.95</baseRetailPrice>
    <originalRetailPrice>1108.95</originalRetailPrice>
    <partImage>http://asset.lemansnet.com/z/LzEvNi9CLzE2QjM0NzcwLTczNjUtNDBCQS1BMENGLUFEODAwOTI2ODM1NiwvQi83L0IvQjdCMUVGRkEtOTk3Ny00NjE1LUE0QTEtMzA1NjNGNjcyNjhF</partImage>
    <productId>0688439597</productId>
    <productName>B.O.B 1500 Air Lift 3-Wheeled Cycle Attachment</productName>
    <productImage>http://asset.lemansnet.com/z/LzEvNi9CLzE2QjM0NzcwLTczNjUtNDBCQS1BMENGLUFEODAwOTI2ODM1Ng==</productImage>
    <bullet1>Includes ramp and pipe support extensions</bullet1>
    <bullet2>62" x 24" deck attachment</bullet2>
    <bullet3>Made in USA</bullet3>
    <bullet4/>
    <bullet5/>
    <bullet6/>
    <bullet7/>
    <bullet8/>
    <bullet9/>
    <bullet10/>
    <bullet11/>
    <bullet12/>
    <bullet13/>
    <bullet14/>
    <bullet15/>
    <bullet16/>
    <bullet17/>
    <bullet18/>
    <bullet19/>
    <bullet20/>
    <bullet21/>
    <bullet22/>
    <bullet23/>
    <bullet24/>
    <vendorPriceUpdateDate>2023-04-22 00:00:00</vendorPriceUpdateDate>
  </part>
  <part>
    <partNumber>41100116</partNumber>
    <punctuatedPartNumber>4110-0116</punctuatedPartNumber>
    <partStatusDescription>STANDARD</partStatusDescription>
    <partDescription>Gruntavore Lift</partDescription>
    <unitOfMeasure>Each</unitOfMeasure>
    <brandName>HANDY INDUSTRIES</brandName>
    <supplierNumber>16867</supplierNumber>
    <specialInstructions>ORDER TO TAR-DROP SHIP 02BR</specialInstructions>
    <baseDealerPrice>3974.20</baseDealerPrice>
    <yourDealerPrice>3974.20</yourDealerPrice>
    <baseRetailPrice>4675.95</baseRetailPrice>
    <originalRetailPrice>4675.95</originalRetailPrice>
    <partImage>http://asset.lemansnet.com/z/LzUvNC83LzU0N0IwNzhFLUQ4MDQtNENCQy05QzRGLUIzQTVCOTQ3Qzk2Qw==</partImage>
    <productId>1289875426</productId>
    <productName>Gruntavore 1800 Air Lift</productName>
    <productImage>http://asset.lemansnet.com/z/LzEvQS82LzFBNkFFQzQ2LTY1ODctNDE1RC04QTcwLTVDRTY0QTZBOTg2MA==</productImage>
    <bullet1>With a 40" ramp, it's ideal for all models of UTV, ATV, garden tractors and lawn care equipment</bullet1>
    <bullet2>The massive Gruntavore 1800 Air Lift solves all maintenance challenges</bullet2>
    <bullet3>Lowers to a minimum height of 10"</bullet3>
    <bullet4>Air source is 90-100 psi</bullet4>
    <bullet5>Made in the U.S.A.</bullet5>
    <bullet6>Weighs 1,000 lb</bullet6>
    <bullet7/>
    <bullet8/>
    <bullet9/>
    <bullet10/>
    <bullet11/>
    <bullet12/>
    <bullet13/>
    <bullet14/>
    <bullet15/>
    <bullet16/>
    <bullet17/>
    <bullet18/>
    <bullet19/>
    <bullet20/>
    <bullet21/>
    <bullet22/>
    <bullet23/>
    <bullet24/>
    <vendorPriceUpdateDate>2021-11-22 00:00:00</vendorPriceUpdateDate>
  </part>
  <part>
    <partNumber>41100120</partNumber>
    <punctuatedPartNumber>4110-0120</punctuatedPartNumber>
    <partStatusDescription>STANDARD</partStatusDescription>
    <partDescription>Handy Big Utility Air Lift</partDescription>
    <unitOfMeasure>Each</unitOfMeasure>
    <brandName>HANDY INDUSTRIES</brandName>
    <supplierNumber>22750</supplierNumber>
    <specialInstructions>*ORD TO TAR DROP SHIP* 02KFV</specialInstructions>
    <baseDealerPrice>3087.10</baseDealerPrice>
    <yourDealerPrice>3087.10</yourDealerPrice>
    <baseRetailPrice>3631.95</baseRetailPrice>
    <originalRetailPrice>3631.95</originalRetailPrice>
    <partImage>http://asset.lemansnet.com/z/LzIvOC8yLzI4MjJFNkJBLTA4QTctNEJCQy1BMUFFLUIxRERCMERDODFERg==</partImage>
    <productId>2019324151</productId>
    <productName>Big Utility Lift</productName>
    <productImage>http://asset.lemansnet.com/z/LzIvOC8yLzI4MjJFNkJBLTA4QTctNEJCQy1BMUFFLUIxRERCMERDODFERg==</productImage>
    <bullet1>Ability to load from either end, the B.U.L. is the ideal choice for servicing the most colossal UTV's</bullet1>
    <bullet2>Support bars with anti-skid rubber padding provide peace of mind</bullet2>
    <bullet3>Operates with zero-maintenance air bellows; max PSI 120 lbs</bullet3>
    <bullet4>Four stopping points for height options</bullet4>
    <bullet5/>
    <bullet6/>
    <bullet7/>
    <bullet8/>
    <bullet9/>
    <bullet10/>
    <bullet11/>
    <bullet12/>
    <bullet13/>
    <bullet14/>
    <bullet15/>
    <bullet16/>
    <bullet17/>
    <bullet18/>
    <bullet19/>
    <bullet20/>
    <bullet21/>
    <bullet22/>
    <bullet23/>
    <bullet24/>
    <vendorPriceUpdateDate>2021-11-22 00:00:00</vendorPriceUpdateDate>
  </part>
  <part>
    <partNumber>41100129</partNumber>
    <punctuatedPartNumber>4110-0129</punctuatedPartNumber>
    <partStatusDescription>STANDARD</partStatusDescription>
    <partDescription>Standard 1200 Air Lift - Grey</partDescription>
    <unitOfMeasure>Each</unitOfMeasure>
    <brandName>HANDY INDUSTRIES</brandName>
    <supplierNumber>40100G</supplierNumber>
    <specialInstructions>ORD TO TAR *DROP SHIP* 02KFV</specialInstructions>
    <baseDealerPrice>1674.20</baseDealerPrice>
    <yourDealerPrice>1674.20</yourDealerPrice>
    <baseRetailPrice>1968.95</baseRetailPrice>
    <originalRetailPrice>1968.95</originalRetailPrice>
    <partImage>http://asset.lemansnet.com/z/LzMvMy9BLzMzQTU3NjZCLTYzMzctNDczOC04MEFGLTQ1Nzk5NDJCRTk1RCwvRC9ELzYvREQ2M0UzRDQtQUFGRC00RjQxLThGMTAtQUM4Njg2OTU5ODk4</partImage>
    <productId>0294512665</productId>
    <productName>Standard 1200 Air Lift</productName>
    <productImage>http://asset.lemansnet.com/z/LzMvMy9BLzMzQTU3NjZCLTYzMzctNDczOC04MEFGLTQ1Nzk5NDJCRTk1RA==</productImage>
    <bullet1>Ideal for working on motorcycles, ATVs, snowmobiles and other large vehicles</bullet1>
    <bullet2>Convenient foot valve allows easy up/down</bullet2>
    <bullet3>Lowers to a minimum height of 8"</bullet3>
    <bullet4>Air lift power is 90-100 psi</bullet4>
    <bullet5>Ramp measures 30"</bullet5>
    <bullet6>Made in the USA</bullet6>
    <bullet7>Vice not included (sold separately).</bullet7>
    <bullet8>This is a drop ship product; no returns.</bullet8>
    <bullet9/>
    <bullet10/>
    <bullet11/>
    <bullet12/>
    <bullet13/>
    <bullet14/>
    <bullet15/>
    <bullet16/>
    <bullet17/>
    <bullet18/>
    <bullet19/>
    <bullet20/>
    <bullet21/>
    <bullet22/>
    <bullet23/>
    <bullet24/>
    <vendorPriceUpdateDate>2021-11-22 00:00:00</vendorPriceUpdateDate>
  </part>
  <part>
    <partNumber>41100130</partNumber>
    <punctuatedPartNumber>4110-0130</punctuatedPartNumber>
    <partStatusDescription>STANDARD</partStatusDescription>
    <partDescription>Standard 1200 Air Lift - Orange</partDescription>
    <unitOfMeasure>Each</unitOfMeasure>
    <brandName>HANDY INDUSTRIES</brandName>
    <supplierNumber>40100O</supplierNumber>
    <specialInstructions>ORD TO TAR *DROP SHIP* 02KFV</specialInstructions>
    <baseDealerPrice>1909.50</baseDealerPrice>
    <yourDealerPrice>1909.50</yourDealerPrice>
    <baseRetailPrice>2245.95</baseRetailPrice>
    <originalRetailPrice>2245.95</originalRetailPrice>
    <partImage>http://asset.lemansnet.com/z/L0YvMC80L0YwNDhEMjYyLTNBMDItNEU2NC1BRkE0LTU0NkU2N0M2MkE1RA==</partImage>
    <productId>0294512665</productId>
    <productName>Standard 1200 Air Lift</productName>
    <productImage>http://asset.lemansnet.com/z/LzMvMy9BLzMzQTU3NjZCLTYzMzctNDczOC04MEFGLTQ1Nzk5NDJCRTk1RA==</productImage>
    <bullet1>Ideal for working on motorcycles, ATVs, snowmobiles and other large vehicles</bullet1>
    <bullet2>Convenient foot valve allows easy up/down</bullet2>
    <bullet3>Lowers to a minimum height of 8"</bullet3>
    <bullet4>Air lift power is 90-100 psi</bullet4>
    <bullet5>Ramp measures 30"</bullet5>
    <bullet6>Made in the USA</bullet6>
    <bullet7>Vice not included (sold separately).</bullet7>
    <bullet8>This is a drop ship product; no returns.</bullet8>
    <bullet9/>
    <bullet10/>
    <bullet11/>
    <bullet12/>
    <bullet13/>
    <bullet14/>
    <bullet15/>
    <bullet16/>
    <bullet17/>
    <bullet18/>
    <bullet19/>
    <bullet20/>
    <bullet21/>
    <bullet22/>
    <bullet23/>
    <bullet24/>
    <vendorPriceUpdateDate>2021-11-22 00:00:00</vendorPriceUpdateDate>
  </part>
  <part>
    <partNumber>41100131</partNumber>
    <punctuatedPartNumber>4110-0131</punctuatedPartNumber>
    <partStatusDescription>STANDARD</partStatusDescription>
    <partDescription>Standard 1200 Air Lift - Red</partDescription>
    <unitOfMeasure>Each</unitOfMeasure>
    <brandName>HANDY INDUSTRIES</brandName>
    <supplierNumber>40100R</supplierNumber>
    <specialInstructions>ORD TO TAR *DROP SHIP* 02KFV</specialInstructions>
    <baseDealerPrice>1909.50</baseDealerPrice>
    <yourDealerPrice>1909.50</yourDealerPrice>
    <baseRetailPrice>2245.95</baseRetailPrice>
    <originalRetailPrice>2245.95</originalRetailPrice>
    <partImage>http://asset.lemansnet.com/z/LzMvMy9BLzMzQTU3NjZCLTYzMzctNDczOC04MEFGLTQ1Nzk5NDJCRTk1RA==</partImage>
    <productId>0294512665</productId>
    <productName>Standard 1200 Air Lift</productName>
    <productImage>http://asset.lemansnet.com/z/LzMvMy9BLzMzQTU3NjZCLTYzMzctNDczOC04MEFGLTQ1Nzk5NDJCRTk1RA==</productImage>
    <bullet1>Ideal for working on motorcycles, ATVs, snowmobiles and other large vehicles</bullet1>
    <bullet2>Convenient foot valve allows easy up/down</bullet2>
    <bullet3>Lowers to a minimum height of 8"</bullet3>
    <bullet4>Air lift power is 90-100 psi</bullet4>
    <bullet5>Ramp measures 30"</bullet5>
    <bullet6>Made in the USA</bullet6>
    <bullet7>Vice not included (sold separately).</bullet7>
    <bullet8>This is a drop ship product; no returns.</bullet8>
    <bullet9/>
    <bullet10/>
    <bullet11/>
    <bullet12/>
    <bullet13/>
    <bullet14/>
    <bullet15/>
    <bullet16/>
    <bullet17/>
    <bullet18/>
    <bullet19/>
    <bullet20/>
    <bullet21/>
    <bullet22/>
    <bullet23/>
    <bullet24/>
    <vendorPriceUpdateDate>2021-11-22 00:00:00</vendorPriceUpdateDate>
  </part>
  <part>
    <partNumber>41100132</partNumber>
    <punctuatedPartNumber>4110-0132</punctuatedPartNumber>
    <partStatusDescription>STANDARD</partStatusDescription>
    <partDescription>Standard 1200 Air Lift - Black</partDescription>
    <unitOfMeasure>Each</unitOfMeasure>
    <brandName>HANDY INDUSTRIES</brandName>
    <supplierNumber>40100B</supplierNumber>
    <specialInstructions>ORD TO TAR *DROP SHIP* 02KFV</specialInstructions>
    <baseDealerPrice>1909.50</baseDealerPrice>
    <yourDealerPrice>1909.50</yourDealerPrice>
    <baseRetailPrice>2245.95</baseRetailPrice>
    <originalRetailPrice>2245.95</originalRetailPrice>
    <partImage>http://asset.lemansnet.com/z/LzMvMy9BLzMzQTU3NjZCLTYzMzctNDczOC04MEFGLTQ1Nzk5NDJCRTk1RA==</partImage>
    <productId>0294512665</productId>
    <productName>Standard 1200 Air Lift</productName>
    <productImage>http://asset.lemansnet.com/z/LzMvMy9BLzMzQTU3NjZCLTYzMzctNDczOC04MEFGLTQ1Nzk5NDJCRTk1RA==</productImage>
    <bullet1>Ideal for working on motorcycles, ATVs, snowmobiles and other large vehicles</bullet1>
    <bullet2>Convenient foot valve allows easy up/down</bullet2>
    <bullet3>Lowers to a minimum height of 8"</bullet3>
    <bullet4>Air lift power is 90-100 psi</bullet4>
    <bullet5>Ramp measures 30"</bullet5>
    <bullet6>Made in the USA</bullet6>
    <bullet7>Vice not included (sold separately).</bullet7>
    <bullet8>This is a drop ship product; no returns.</bullet8>
    <bullet9/>
    <bullet10/>
    <bullet11/>
    <bullet12/>
    <bullet13/>
    <bullet14/>
    <bullet15/>
    <bullet16/>
    <bullet17/>
    <bullet18/>
    <bullet19/>
    <bullet20/>
    <bullet21/>
    <bullet22/>
    <bullet23/>
    <bullet24/>
    <vendorPriceUpdateDate>2021-11-22 00:00:00</vendorPriceUpdateDate>
  </part>
  <part>
    <partNumber>41100133</partNumber>
    <punctuatedPartNumber>4110-0133</punctuatedPartNumber>
    <partStatusDescription>STANDARD</partStatusDescription>
    <partDescription>Standard 1200 Air Lift - Blue</partDescription>
    <unitOfMeasure>Each</unitOfMeasure>
    <brandName>HANDY INDUSTRIES</brandName>
    <supplierNumber>40100K</supplierNumber>
    <specialInstructions>ORD TO TAR *DROP SHIP* 02KFV</specialInstructions>
    <baseDealerPrice>1909.50</baseDealerPrice>
    <yourDealerPrice>1909.50</yourDealerPrice>
    <baseRetailPrice>2245.95</baseRetailPrice>
    <originalRetailPrice>2245.95</originalRetailPrice>
    <partImage>http://asset.lemansnet.com/z/LzEvMS9FLzExRUFFQkEzLUFDMzgtNEY4Qi04MDNFLTEyRUMxRTk5MDY1OQ==</partImage>
    <productId>0294512665</productId>
    <productName>Standard 1200 Air Lift</productName>
    <productImage>http://asset.lemansnet.com/z/LzMvMy9BLzMzQTU3NjZCLTYzMzctNDczOC04MEFGLTQ1Nzk5NDJCRTk1RA==</productImage>
    <bullet1>Ideal for working on motorcycles, ATVs, snowmobiles and other large vehicles</bullet1>
    <bullet2>Convenient foot valve allows easy up/down</bullet2>
    <bullet3>Lowers to a minimum height of 8"</bullet3>
    <bullet4>Air lift power is 90-100 psi</bullet4>
    <bullet5>Ramp measures 30"</bullet5>
    <bullet6>Made in the USA</bullet6>
    <bullet7>Vice not included (sold separately).</bullet7>
    <bullet8>This is a drop ship product; no returns.</bullet8>
    <bullet9/>
    <bullet10/>
    <bullet11/>
    <bullet12/>
    <bullet13/>
    <bullet14/>
    <bullet15/>
    <bullet16/>
    <bullet17/>
    <bullet18/>
    <bullet19/>
    <bullet20/>
    <bullet21/>
    <bullet22/>
    <bullet23/>
    <bullet24/>
    <vendorPriceUpdateDate>2021-11-22 00:00:00</vendorPriceUpdateDate>
  </part>
  <part>
    <partNumber>41100134</partNumber>
    <punctuatedPartNumber>4110-0134</punctuatedPartNumber>
    <partStatusDescription>STANDARD</partStatusDescription>
    <partDescription>S.A.M.1200 Air Lift - Grey</partDescription>
    <unitOfMeasure>Each</unitOfMeasure>
    <brandName>HANDY INDUSTRIES</brandName>
    <supplierNumber>40200G</supplierNumber>
    <specialInstructions>ORD TO TAR *DROP SHIP* 02KFV</specialInstructions>
    <baseDealerPrice>1751.80</baseDealerPrice>
    <yourDealerPrice>1751.80</yourDealerPrice>
    <baseRetailPrice>2059.95</baseRetailPrice>
    <originalRetailPrice>2059.95</originalRetailPrice>
    <partImage>http://asset.lemansnet.com/z/L0YvMC80L0YwNDhEMjYyLTNBMDItNEU2NC1BRkE0LTU0NkU2N0M2MkE1RA==</partImage>
    <productId>1334389728</productId>
    <productName>S.A.M. 1200 Air Lift</productName>
    <productImage>http://asset.lemansnet.com/z/L0YvMC80L0YwNDhEMjYyLTNBMDItNEU2NC1BRkE0LTU0NkU2N0M2MkE1RA==</productImage>
    <bullet1>Convenient rear drop-out panel makes tire removal and maintenance easy</bullet1>
    <bullet2>Maintenance-free air bellows lift system</bullet2>
    <bullet3>Lowers to a minimum height of 8"</bullet3>
    <bullet4>Ramp measures 30" L</bullet4>
    <bullet5>Power is 90-100 psi</bullet5>
    <bullet6>Made in USA</bullet6>
    <bullet7>Vice not included (sold separately).</bullet7>
    <bullet8>This is a drop ship product; no returns.</bullet8>
    <bullet9/>
    <bullet10/>
    <bullet11/>
    <bullet12/>
    <bullet13/>
    <bullet14/>
    <bullet15/>
    <bullet16/>
    <bullet17/>
    <bullet18/>
    <bullet19/>
    <bullet20/>
    <bullet21/>
    <bullet22/>
    <bullet23/>
    <bullet24/>
    <vendorPriceUpdateDate>2021-11-22 00:00:00</vendorPriceUpdateDate>
  </part>
  <part>
    <partNumber>41100135</partNumber>
    <punctuatedPartNumber>4110-0135</punctuatedPartNumber>
    <partStatusDescription>STANDARD</partStatusDescription>
    <partDescription>S.A.M.1200 Air Lift - Orange</partDescription>
    <unitOfMeasure>Each</unitOfMeasure>
    <brandName>HANDY INDUSTRIES</brandName>
    <supplierNumber>40200O</supplierNumber>
    <specialInstructions>ORD TO TAR *DROP SHIP* 02KFV</specialInstructions>
    <baseDealerPrice>1987.20</baseDealerPrice>
    <yourDealerPrice>1987.20</yourDealerPrice>
    <baseRetailPrice>2336.95</baseRetailPrice>
    <originalRetailPrice>2336.95</originalRetailPrice>
    <partImage>http://asset.lemansnet.com/z/L0YvMC80L0YwNDhEMjYyLTNBMDItNEU2NC1BRkE0LTU0NkU2N0M2MkE1RA==</partImage>
    <productId>1334389728</productId>
    <productName>S.A.M. 1200 Air Lift</productName>
    <productImage>http://asset.lemansnet.com/z/L0YvMC80L0YwNDhEMjYyLTNBMDItNEU2NC1BRkE0LTU0NkU2N0M2MkE1RA==</productImage>
    <bullet1>Convenient rear drop-out panel makes tire removal and maintenance easy</bullet1>
    <bullet2>Maintenance-free air bellows lift system</bullet2>
    <bullet3>Lowers to a minimum height of 8"</bullet3>
    <bullet4>Ramp measures 30" L</bullet4>
    <bullet5>Power is 90-100 psi</bullet5>
    <bullet6>Made in USA</bullet6>
    <bullet7>Vice not included (sold separately).</bullet7>
    <bullet8>This is a drop ship product; no returns.</bullet8>
    <bullet9/>
    <bullet10/>
    <bullet11/>
    <bullet12/>
    <bullet13/>
    <bullet14/>
    <bullet15/>
    <bullet16/>
    <bullet17/>
    <bullet18/>
    <bullet19/>
    <bullet20/>
    <bullet21/>
    <bullet22/>
    <bullet23/>
    <bullet24/>
    <vendorPriceUpdateDate>2021-11-22 00:00:00</vendorPriceUpdateDate>
  </part>
  <part>
    <partNumber>41100136</partNumber>
    <punctuatedPartNumber>4110-0136</punctuatedPartNumber>
    <partStatusDescription>STANDARD</partStatusDescription>
    <partDescription>S.A.M.1200 Air Lift - Red</partDescription>
    <unitOfMeasure>Each</unitOfMeasure>
    <brandName>HANDY INDUSTRIES</brandName>
    <supplierNumber>40200R</supplierNumber>
    <specialInstructions>ORD TO TAR *DROP SHIP* 02KFV</specialInstructions>
    <baseDealerPrice>1987.20</baseDealerPrice>
    <yourDealerPrice>1987.20</yourDealerPrice>
    <baseRetailPrice>2336.95</baseRetailPrice>
    <originalRetailPrice>2336.95</originalRetailPrice>
    <partImage>http://asset.lemansnet.com/z/L0YvMC80L0YwNDhEMjYyLTNBMDItNEU2NC1BRkE0LTU0NkU2N0M2MkE1RA==</partImage>
    <productId>1334389728</productId>
    <productName>S.A.M. 1200 Air Lift</productName>
    <productImage>http://asset.lemansnet.com/z/L0YvMC80L0YwNDhEMjYyLTNBMDItNEU2NC1BRkE0LTU0NkU2N0M2MkE1RA==</productImage>
    <bullet1>Convenient rear drop-out panel makes tire removal and maintenance easy</bullet1>
    <bullet2>Maintenance-free air bellows lift system</bullet2>
    <bullet3>Lowers to a minimum height of 8"</bullet3>
    <bullet4>Ramp measures 30" L</bullet4>
    <bullet5>Power is 90-100 psi</bullet5>
    <bullet6>Made in USA</bullet6>
    <bullet7>Vice not included (sold separately).</bullet7>
    <bullet8>This is a drop ship product; no returns.</bullet8>
    <bullet9/>
    <bullet10/>
    <bullet11/>
    <bullet12/>
    <bullet13/>
    <bullet14/>
    <bullet15/>
    <bullet16/>
    <bullet17/>
    <bullet18/>
    <bullet19/>
    <bullet20/>
    <bullet21/>
    <bullet22/>
    <bullet23/>
    <bullet24/>
    <vendorPriceUpdateDate>2021-11-22 00:00:00</vendorPriceUpdateDate>
  </part>
  <part>
    <partNumber>41100137</partNumber>
    <punctuatedPartNumber>4110-0137</punctuatedPartNumber>
    <partStatusDescription>STANDARD</partStatusDescription>
    <partDescription>S.A.M.1200 Air Lift - Black</partDescription>
    <unitOfMeasure>Each</unitOfMeasure>
    <brandName>HANDY INDUSTRIES</brandName>
    <supplierNumber>40200B</supplierNumber>
    <specialInstructions>ORD TO TAR *DROP SHIP* 02KFV</specialInstructions>
    <baseDealerPrice>1987.20</baseDealerPrice>
    <yourDealerPrice>1987.20</yourDealerPrice>
    <baseRetailPrice>2336.95</baseRetailPrice>
    <originalRetailPrice>2336.95</originalRetailPrice>
    <partImage>http://asset.lemansnet.com/z/L0YvMC80L0YwNDhEMjYyLTNBMDItNEU2NC1BRkE0LTU0NkU2N0M2MkE1RA==</partImage>
    <productId>1334389728</productId>
    <productName>S.A.M. 1200 Air Lift</productName>
    <productImage>http://asset.lemansnet.com/z/L0YvMC80L0YwNDhEMjYyLTNBMDItNEU2NC1BRkE0LTU0NkU2N0M2MkE1RA==</productImage>
    <bullet1>Convenient rear drop-out panel makes tire removal and maintenance easy</bullet1>
    <bullet2>Maintenance-free air bellows lift system</bullet2>
    <bullet3>Lowers to a minimum height of 8"</bullet3>
    <bullet4>Ramp measures 30" L</bullet4>
    <bullet5>Power is 90-100 psi</bullet5>
    <bullet6>Made in USA</bullet6>
    <bullet7>Vice not included (sold separately).</bullet7>
    <bullet8>This is a drop ship product; no returns.</bullet8>
    <bullet9/>
    <bullet10/>
    <bullet11/>
    <bullet12/>
    <bullet13/>
    <bullet14/>
    <bullet15/>
    <bullet16/>
    <bullet17/>
    <bullet18/>
    <bullet19/>
    <bullet20/>
    <bullet21/>
    <bullet22/>
    <bullet23/>
    <bullet24/>
    <vendorPriceUpdateDate>2021-11-22 00:00:00</vendorPriceUpdateDate>
  </part>
  <part>
    <partNumber>41100138</partNumber>
    <punctuatedPartNumber>4110-0138</punctuatedPartNumber>
    <partStatusDescription>STANDARD</partStatusDescription>
    <partDescription>S.A.M.1200 Air Lift - Blue</partDescription>
    <unitOfMeasure>Each</unitOfMeasure>
    <brandName>HANDY INDUSTRIES</brandName>
    <supplierNumber>40200K</supplierNumber>
    <specialInstructions>ORD TO TAR *DROP SHIP* 02KFV</specialInstructions>
    <baseDealerPrice>1987.20</baseDealerPrice>
    <yourDealerPrice>1987.20</yourDealerPrice>
    <baseRetailPrice>2336.95</baseRetailPrice>
    <originalRetailPrice>2336.95</originalRetailPrice>
    <partImage>http://asset.lemansnet.com/z/LzEvMS9FLzExRUFFQkEzLUFDMzgtNEY4Qi04MDNFLTEyRUMxRTk5MDY1OQ==</partImage>
    <productId>1334389728</productId>
    <productName>S.A.M. 1200 Air Lift</productName>
    <productImage>http://asset.lemansnet.com/z/L0YvMC80L0YwNDhEMjYyLTNBMDItNEU2NC1BRkE0LTU0NkU2N0M2MkE1RA==</productImage>
    <bullet1>Convenient rear drop-out panel makes tire removal and maintenance easy</bullet1>
    <bullet2>Maintenance-free air bellows lift system</bullet2>
    <bullet3>Lowers to a minimum height of 8"</bullet3>
    <bullet4>Ramp measures 30" L</bullet4>
    <bullet5>Power is 90-100 psi</bullet5>
    <bullet6>Made in USA</bullet6>
    <bullet7>Vice not included (sold separately).</bullet7>
    <bullet8>This is a drop ship product; no returns.</bullet8>
    <bullet9/>
    <bullet10/>
    <bullet11/>
    <bullet12/>
    <bullet13/>
    <bullet14/>
    <bullet15/>
    <bullet16/>
    <bullet17/>
    <bullet18/>
    <bullet19/>
    <bullet20/>
    <bullet21/>
    <bullet22/>
    <bullet23/>
    <bullet24/>
    <vendorPriceUpdateDate>2021-11-22 00:00:00</vendorPriceUpdateDate>
  </part>
  <part>
    <partNumber>41100154</partNumber>
    <punctuatedPartNumber>4110-0154</punctuatedPartNumber>
    <partStatusDescription>STANDARD</partStatusDescription>
    <partDescription>Bob 1500 Air Lift - Blue</partDescription>
    <unitOfMeasure>Each</unitOfMeasure>
    <brandName>HANDY INDUSTRIES</brandName>
    <supplierNumber>14472K</supplierNumber>
    <specialInstructions>*DROP SHIP ORD TO TAR* 02KFV</specialInstructions>
    <baseDealerPrice>2674.20</baseDealerPrice>
    <yourDealerPrice>2674.20</yourDealerPrice>
    <baseRetailPrice>3144.95</baseRetailPrice>
    <originalRetailPrice>3144.95</originalRetailPrice>
    <partImage>http://asset.lemansnet.com/z/c3RhdGljL3NpdGVzL2xlbWFuc3BsYXRmb3JtL2ltYWdlLWNvbWluZy1zb29u</partImage>
    <productId>1122204583</productId>
    <productName>B.O.B. 1500 Air Lift</productName>
    <productImage>http://asset.lemansnet.com/z/LzgvNy85Lzg3OTRCNDRELTlDNDMtNDU1OS1CNjVGLUQwNjI2MDVFREYyNw==</productImage>
    <bullet1>The B.O.B 1500 Air Lift solves numerous challenges in today's professional workshop</bullet1>
    <bullet2>Designed for the fully-dressed motorcycles, trikes and quads</bullet2>
    <bullet3>Includes a dropout for convenient tire changes</bullet3>
    <bullet4>Lowers to a minimum height of 10"</bullet4>
    <bullet5>Air source is 90-100 psi.</bullet5>
    <bullet6>Ramp measures 40"</bullet6>
    <bullet7>Weighs 560 lb.</bullet7>
    <bullet8/>
    <bullet9/>
    <bullet10/>
    <bullet11/>
    <bullet12/>
    <bullet13/>
    <bullet14/>
    <bullet15/>
    <bullet16/>
    <bullet17/>
    <bullet18/>
    <bullet19/>
    <bullet20/>
    <bullet21/>
    <bullet22/>
    <bullet23/>
    <bullet24/>
    <vendorPriceUpdateDate>2021-11-22 00:00:00</vendorPriceUpdateDate>
  </part>
  <part>
    <partNumber>41200034</partNumber>
    <punctuatedPartNumber>4120-0034</punctuatedPartNumber>
    <partStatusDescription>STANDARD</partStatusDescription>
    <partDescription>Dolly - Bike Lift</partDescription>
    <unitOfMeasure>Each</unitOfMeasure>
    <brandName>HANDY INDUSTRIES</brandName>
    <supplierNumber>10732</supplierNumber>
    <specialInstructions>ORDER TO TAR-DROP SHIP 02BR</specialInstructions>
    <baseDealerPrice>169.50</baseDealerPrice>
    <yourDealerPrice>169.50</yourDealerPrice>
    <baseRetailPrice>198.95</baseRetailPrice>
    <originalRetailPrice>198.95</originalRetailPrice>
    <partImage>http://asset.lemansnet.com/z/LzUvNS9ELzU1REM2QTc2LUJEMDctNENCQi05NTk2LUFBM0MyOTQ5NTM0Mg==</partImage>
    <productId>1374279496</productId>
    <productName>Lift Dolly for Handy S.A.M. 1200 Air Lifts</productName>
    <productImage>http://asset.lemansnet.com/z/LzUvNS9ELzU1REM2QTc2LUJEMDctNENCQi05NTk2LUFBM0MyOTQ5NTM0Mg==</productImage>
    <bullet1>For use with the Handy S.A.M. 1200 Air and Handy 1200 lifts to relocate lift around the shop or garage with ease</bullet1>
    <bullet2/>
    <bullet3/>
    <bullet4/>
    <bullet5/>
    <bullet6/>
    <bullet7/>
    <bullet8/>
    <bullet9/>
    <bullet10/>
    <bullet11/>
    <bullet12/>
    <bullet13/>
    <bullet14/>
    <bullet15/>
    <bullet16/>
    <bullet17/>
    <bullet18/>
    <bullet19/>
    <bullet20/>
    <bullet21/>
    <bullet22/>
    <bullet23/>
    <bullet24/>
    <vendorPriceUpdateDate>2021-11-22 00:00:00</vendorPriceUpdateDate>
  </part>
</root>
