<root>
  <part>
    <partNumber>03650075</partNumber>
    <punctuatedPartNumber>0365-0075</punctuatedPartNumber>
    <partStatusDescription>STANDARD</partStatusDescription>
    <partDescription>Bead Keeper Tool - YellowThing®</partDescription>
    <unitOfMeasure>Each</unitOfMeasure>
    <brandName>NO-MAR</brandName>
    <supplierNumber>AC-YELLOWTHING</supplierNumber>
    <specialInstructions/>
    <baseDealerPrice>27.00</baseDealerPrice>
    <yourDealerPrice>27.00</yourDealerPrice>
    <baseRetailPrice>39.95</baseRetailPrice>
    <originalRetailPrice>39.95</originalRetailPrice>
    <partImage>http://asset.lemansnet.com/z/LzcvMC8wLzcwMDk2QzAxLUU2QjAtNEZDNy05NjY1LUI0QkMzMzQwMUY2Qg==</partImage>
    <productId>1146195043</productId>
    <productName>YellowThing­® Bead Keeper Tool</productName>
    <productImage>http://asset.lemansnet.com/z/LzcvMC8wLzcwMDk2QzAxLUU2QjAtNEZDNy05NjY1LUI0QkMzMzQwMUY2Qg==</productImage>
    <bullet1>The coating and special design prevents the tire bead from creeping when mounting the top bead and protects the wheel from scratches</bullet1>
    <bullet2>The YellowThing® is a super rubberized bead keeper tool</bullet2>
    <bullet3>Can be used with most tire spoons, tire irons, etc.</bullet3>
    <bullet4/>
    <bullet5/>
    <bullet6/>
    <bullet7/>
    <bullet8/>
    <bullet9/>
    <bullet10/>
    <bullet11/>
    <bullet12/>
    <bullet13/>
    <bullet14/>
    <bullet15/>
    <bullet16/>
    <bullet17/>
    <bullet18/>
    <bullet19/>
    <bullet20/>
    <bullet21/>
    <bullet22/>
    <bullet23/>
    <bullet24/>
    <vendorPriceUpdateDate>2022-08-18 00:00:00</vendorPriceUpdateDate>
  </part>
  <part>
    <partNumber>03650076</partNumber>
    <punctuatedPartNumber>0365-0076</punctuatedPartNumber>
    <partStatusDescription>STANDARD</partStatusDescription>
    <partDescription>Tool - XtraHand®/Tire Bead Depressor</partDescription>
    <unitOfMeasure>Each</unitOfMeasure>
    <brandName>NO-MAR</brandName>
    <supplierNumber>AC-EH-CLAMP</supplierNumber>
    <specialInstructions/>
    <baseDealerPrice>24.60</baseDealerPrice>
    <yourDealerPrice>24.60</yourDealerPrice>
    <baseRetailPrice>39.95</baseRetailPrice>
    <originalRetailPrice>39.95</originalRetailPrice>
    <partImage>http://asset.lemansnet.com/z/LzgvMC9DLzgwQ0VFNjdDLTg0QkQtNEJGMi1BQTIwLTQ3OTIxQjgyRTUzQg==</partImage>
    <productId>1455700957</productId>
    <productName>XtraHand® Tire Bead Depressor Tool</productName>
    <productImage>http://asset.lemansnet.com/z/LzgvMC9DLzgwQ0VFNjdDLTg0QkQtNEJGMi1BQTIwLTQ3OTIxQjgyRTUzQg==</productImage>
    <bullet1>XtraHand­­® is a hands-free clamp that holds the tire bead below the rim flange for fast, scratch-free tire mounting</bullet1>
    <bullet2>Made in the USA</bullet2>
    <bullet3/>
    <bullet4/>
    <bullet5/>
    <bullet6/>
    <bullet7/>
    <bullet8/>
    <bullet9/>
    <bullet10/>
    <bullet11/>
    <bullet12/>
    <bullet13/>
    <bullet14/>
    <bullet15/>
    <bullet16/>
    <bullet17/>
    <bullet18/>
    <bullet19/>
    <bullet20/>
    <bullet21/>
    <bullet22/>
    <bullet23/>
    <bullet24/>
    <vendorPriceUpdateDate>2022-08-18 00:00:00</vendorPriceUpdateDate>
  </part>
  <part>
    <partNumber>03650080</partNumber>
    <punctuatedPartNumber>0365-0080</punctuatedPartNumber>
    <partStatusDescription>STANDARD</partStatusDescription>
    <partDescription>Lube Paste - 7 lbs. - Pail</partDescription>
    <unitOfMeasure>Each</unitOfMeasure>
    <brandName>NO-MAR</brandName>
    <supplierNumber>SP-LUBE-7LB</supplierNumber>
    <specialInstructions/>
    <baseDealerPrice>41.70</baseDealerPrice>
    <yourDealerPrice>41.70</yourDealerPrice>
    <baseRetailPrice>55.95</baseRetailPrice>
    <originalRetailPrice>61.95</originalRetailPrice>
    <partImage>http://asset.lemansnet.com/z/LzgvRi85LzhGOTc5RTE4LTQwOEYtNEU1MC1BNzdFLTEzQkZFM0FFNzQ2Rg==</partImage>
    <productId>1753216364</productId>
    <productName>Tire Mounting Paste</productName>
    <productImage>http://asset.lemansnet.com/z/LzgvOC85Lzg4OTJDMjI3LUU4MEItNEQwOC1BQzQzLTczQzhBQUYzRDI4OQ==</productImage>
    <bullet1>Super slick rubber lubricant</bullet1>
    <bullet2>Water soluble; clean up with water</bullet2>
    <bullet3>Dilute and use as a spray for tire removal or use directly as a paste for tire installation</bullet3>
    <bullet4>Rust and corrosion inhibitor added so you won't corrode your rims</bullet4>
    <bullet5>Use as a moisturizer for your inner tubes and installation of valve stems</bullet5>
    <bullet6>Eventually absorbs into your tire</bullet6>
    <bullet7>Stays where you put it, not runny (thick like petroleum jelly but without petroleum additives)</bullet7>
    <bullet8>Also works great as an o-ring lubricant</bullet8>
    <bullet9>Non-toxic, vegetable-based</bullet9>
    <bullet10>Use it directly as a paste for tire installation without the use of water to keep your air pressure stable in hot tires. Water expansion from conventional water &amp; soap lubricants is the leading cause of higher hot tire pressures. Nitrogen is useless if you use water lubricants.</bullet10>
    <bullet11>NOT FOR INTERNAL USE</bullet11>
    <bullet12>SHELF LIFE: Stored at room temperature in a sealed container, the paste should usually last at least 12 months. Higher or lower temperatures, and/or if left uncovered will shorten the shelf life. If at the end of the shelf life the paste begins to liquify, it may still be used in a spray bottle for demounting tires. Tire paste lube is a consumable supply and is not covered under any warranty. Any "white flecks" observed in the paste are air bubbles from the filling process. If the paste is allowed to freeze it may separate. Leaving the jar of paste in the warm summer sun for a couple of hours, or microwaving it on high (with the lid off) for 10-15 seconds will allow it to be stirred back into its usual brown/beige color and consistency.</bullet12>
    <bullet13>The 1-Pint jar will screw into your No-Mar Tire Changer Tool Collar</bullet13>
    <bullet14/>
    <bullet15/>
    <bullet16/>
    <bullet17/>
    <bullet18/>
    <bullet19/>
    <bullet20/>
    <bullet21/>
    <bullet22/>
    <bullet23/>
    <bullet24/>
    <vendorPriceUpdateDate>2022-08-18 00:00:00</vendorPriceUpdateDate>
  </part>
  <part>
    <partNumber>03650101</partNumber>
    <punctuatedPartNumber>0365-0101</punctuatedPartNumber>
    <partStatusDescription>STANDARD</partStatusDescription>
    <partDescription>Wheel Weights - 1/2 oz - Brass - 10 Pack</partDescription>
    <unitOfMeasure>10 Pack</unitOfMeasure>
    <brandName>NO-MAR</brandName>
    <supplierNumber>WT-SPK10BR-50</supplierNumber>
    <specialInstructions/>
    <baseDealerPrice>21.40</baseDealerPrice>
    <yourDealerPrice>21.40</yourDealerPrice>
    <baseRetailPrice>30.95</baseRetailPrice>
    <originalRetailPrice>33.95</originalRetailPrice>
    <partImage>http://asset.lemansnet.com/z/L0QvQS9BL0RBQTc3MkZGLTkzMUQtNDE1OS05MkYyLTNEOTExMTFFNzBGRA==</partImage>
    <productId>0648291728</productId>
    <productName>Spoke Wheel Weights</productName>
    <productImage>http://asset.lemansnet.com/z/L0QvQy9GL0RDRkNBODgxLUM3RTYtNDc0MC1BNDQ5LThCODk4NEVGREZDMQ==</productImage>
    <bullet1>Design allows multiple weights to be stacked on a single spoke, or placed anywhere along the length of a wheel spoke for very precise wheel balance</bullet1>
    <bullet2>Weights install using a stainless steel setscrew that has been pre-applied with thread lock; do not require hammering to install or remove</bullet2>
    <bullet3>Weight attaches directly to the wheel spoke, not the spoke nut, so they can be used with special outer-spoke rims</bullet3>
    <bullet4>Reusable, will not chip or rust</bullet4>
    <bullet5>For spokes up to 3/16" thick</bullet5>
    <bullet6>Precision CNC-machined</bullet6>
    <bullet7>Made in the USA</bullet7>
    <bullet8>Optional 5 pk of 3/32" Allen wrenches sold separately.</bullet8>
    <bullet9/>
    <bullet10/>
    <bullet11/>
    <bullet12/>
    <bullet13/>
    <bullet14/>
    <bullet15/>
    <bullet16/>
    <bullet17/>
    <bullet18/>
    <bullet19/>
    <bullet20/>
    <bullet21/>
    <bullet22/>
    <bullet23/>
    <bullet24/>
    <vendorPriceUpdateDate>2023-04-22 00:00:00</vendorPriceUpdateDate>
  </part>
  <part>
    <partNumber>03650104</partNumber>
    <punctuatedPartNumber>0365-0104</punctuatedPartNumber>
    <partStatusDescription>STANDARD</partStatusDescription>
    <partDescription>Wheel Weights - 1-1/4 oz - Brass - 10 Pack</partDescription>
    <unitOfMeasure>10 Pack</unitOfMeasure>
    <brandName>NO-MAR</brandName>
    <supplierNumber>WT-SPK10BR-125</supplierNumber>
    <specialInstructions/>
    <baseDealerPrice>29.10</baseDealerPrice>
    <yourDealerPrice>29.10</yourDealerPrice>
    <baseRetailPrice>41.95</baseRetailPrice>
    <originalRetailPrice>46.95</originalRetailPrice>
    <partImage>http://asset.lemansnet.com/z/LzYvOS8wLzY5MDUyQkU2LUJGNUQtNEU2OC04NzUyLUM2RTM1RUVENTVERg==</partImage>
    <productId>0648291728</productId>
    <productName>Spoke Wheel Weights</productName>
    <productImage>http://asset.lemansnet.com/z/L0QvQy9GL0RDRkNBODgxLUM3RTYtNDc0MC1BNDQ5LThCODk4NEVGREZDMQ==</productImage>
    <bullet1>Design allows multiple weights to be stacked on a single spoke, or placed anywhere along the length of a wheel spoke for very precise wheel balance</bullet1>
    <bullet2>Weights install using a stainless steel setscrew that has been pre-applied with thread lock; do not require hammering to install or remove</bullet2>
    <bullet3>Weight attaches directly to the wheel spoke, not the spoke nut, so they can be used with special outer-spoke rims</bullet3>
    <bullet4>Reusable, will not chip or rust</bullet4>
    <bullet5>For spokes up to 3/16" thick</bullet5>
    <bullet6>Precision CNC-machined</bullet6>
    <bullet7>Made in the USA</bullet7>
    <bullet8>Optional 5 pk of 3/32" Allen wrenches sold separately.</bullet8>
    <bullet9/>
    <bullet10/>
    <bullet11/>
    <bullet12/>
    <bullet13/>
    <bullet14/>
    <bullet15/>
    <bullet16/>
    <bullet17/>
    <bullet18/>
    <bullet19/>
    <bullet20/>
    <bullet21/>
    <bullet22/>
    <bullet23/>
    <bullet24/>
    <vendorPriceUpdateDate>2023-04-22 00:00:00</vendorPriceUpdateDate>
  </part>
  <part>
    <partNumber>03650105</partNumber>
    <punctuatedPartNumber>0365-0105</punctuatedPartNumber>
    <partStatusDescription>STANDARD</partStatusDescription>
    <partDescription>Wheel Weights - 1-1/2 oz - Brass - 10 Pack</partDescription>
    <unitOfMeasure>10 Pack</unitOfMeasure>
    <brandName>NO-MAR</brandName>
    <supplierNumber>WT-SPK10BR-150</supplierNumber>
    <specialInstructions/>
    <baseDealerPrice>31.80</baseDealerPrice>
    <yourDealerPrice>31.80</yourDealerPrice>
    <baseRetailPrice>45.95</baseRetailPrice>
    <originalRetailPrice>50.95</originalRetailPrice>
    <partImage>http://asset.lemansnet.com/z/L0QvQy9GL0RDRkNBODgxLUM3RTYtNDc0MC1BNDQ5LThCODk4NEVGREZDMQ==</partImage>
    <productId>0648291728</productId>
    <productName>Spoke Wheel Weights</productName>
    <productImage>http://asset.lemansnet.com/z/L0QvQy9GL0RDRkNBODgxLUM3RTYtNDc0MC1BNDQ5LThCODk4NEVGREZDMQ==</productImage>
    <bullet1>Design allows multiple weights to be stacked on a single spoke, or placed anywhere along the length of a wheel spoke for very precise wheel balance</bullet1>
    <bullet2>Weights install using a stainless steel setscrew that has been pre-applied with thread lock; do not require hammering to install or remove</bullet2>
    <bullet3>Weight attaches directly to the wheel spoke, not the spoke nut, so they can be used with special outer-spoke rims</bullet3>
    <bullet4>Reusable, will not chip or rust</bullet4>
    <bullet5>For spokes up to 3/16" thick</bullet5>
    <bullet6>Precision CNC-machined</bullet6>
    <bullet7>Made in the USA</bullet7>
    <bullet8>Optional 5 pk of 3/32" Allen wrenches sold separately.</bullet8>
    <bullet9/>
    <bullet10/>
    <bullet11/>
    <bullet12/>
    <bullet13/>
    <bullet14/>
    <bullet15/>
    <bullet16/>
    <bullet17/>
    <bullet18/>
    <bullet19/>
    <bullet20/>
    <bullet21/>
    <bullet22/>
    <bullet23/>
    <bullet24/>
    <vendorPriceUpdateDate>2023-04-22 00:00:00</vendorPriceUpdateDate>
  </part>
  <part>
    <partNumber>03650110</partNumber>
    <punctuatedPartNumber>0365-0110</punctuatedPartNumber>
    <partStatusDescription>STANDARD</partStatusDescription>
    <partDescription>Wheel Weights - 1-1/4 oz - Chrome - 10 Pack</partDescription>
    <unitOfMeasure>10 Pack</unitOfMeasure>
    <brandName>NO-MAR</brandName>
    <supplierNumber>WT-SPK10CH-125</supplierNumber>
    <specialInstructions/>
    <baseDealerPrice>38.80</baseDealerPrice>
    <yourDealerPrice>38.80</yourDealerPrice>
    <baseRetailPrice>55.95</baseRetailPrice>
    <originalRetailPrice>61.95</originalRetailPrice>
    <partImage>http://asset.lemansnet.com/z/L0YvRi8xL0ZGMTJGNEIzLTM2OUYtNDJCMy1CMjQ3LUZFNUVCODk4RkQ1MA==</partImage>
    <productId>0648291728</productId>
    <productName>Spoke Wheel Weights</productName>
    <productImage>http://asset.lemansnet.com/z/L0QvQy9GL0RDRkNBODgxLUM3RTYtNDc0MC1BNDQ5LThCODk4NEVGREZDMQ==</productImage>
    <bullet1>Design allows multiple weights to be stacked on a single spoke, or placed anywhere along the length of a wheel spoke for very precise wheel balance</bullet1>
    <bullet2>Weights install using a stainless steel setscrew that has been pre-applied with thread lock; do not require hammering to install or remove</bullet2>
    <bullet3>Weight attaches directly to the wheel spoke, not the spoke nut, so they can be used with special outer-spoke rims</bullet3>
    <bullet4>Reusable, will not chip or rust</bullet4>
    <bullet5>For spokes up to 3/16" thick</bullet5>
    <bullet6>Precision CNC-machined</bullet6>
    <bullet7>Made in the USA</bullet7>
    <bullet8>Optional 5 pk of 3/32" Allen wrenches sold separately.</bullet8>
    <bullet9/>
    <bullet10/>
    <bullet11/>
    <bullet12/>
    <bullet13/>
    <bullet14/>
    <bullet15/>
    <bullet16/>
    <bullet17/>
    <bullet18/>
    <bullet19/>
    <bullet20/>
    <bullet21/>
    <bullet22/>
    <bullet23/>
    <bullet24/>
    <vendorPriceUpdateDate>2023-04-22 00:00:00</vendorPriceUpdateDate>
  </part>
  <part>
    <partNumber>03650111</partNumber>
    <punctuatedPartNumber>0365-0111</punctuatedPartNumber>
    <partStatusDescription>STANDARD</partStatusDescription>
    <partDescription>Wheel Weights - 1-1/2 oz - Chrome - 10 Pack</partDescription>
    <unitOfMeasure>10 Pack</unitOfMeasure>
    <brandName>NO-MAR</brandName>
    <supplierNumber>WT-SPK10CH-150</supplierNumber>
    <specialInstructions/>
    <baseDealerPrice>41.50</baseDealerPrice>
    <yourDealerPrice>41.50</yourDealerPrice>
    <baseRetailPrice>59.95</baseRetailPrice>
    <originalRetailPrice>65.95</originalRetailPrice>
    <partImage>http://asset.lemansnet.com/z/L0QvNi9EL0Q2REQyNjAyLTZCODMtNDI1Ni05RTc1LTU4QjZGNUY4N0FERiwvMi9CLzIvMkIyNDMxMzAtNDEyMC00NDU2LUIxNkYtRTgxRkU5MEJCNTAw</partImage>
    <productId>0648291728</productId>
    <productName>Spoke Wheel Weights</productName>
    <productImage>http://asset.lemansnet.com/z/L0QvQy9GL0RDRkNBODgxLUM3RTYtNDc0MC1BNDQ5LThCODk4NEVGREZDMQ==</productImage>
    <bullet1>Design allows multiple weights to be stacked on a single spoke, or placed anywhere along the length of a wheel spoke for very precise wheel balance</bullet1>
    <bullet2>Weights install using a stainless steel setscrew that has been pre-applied with thread lock; do not require hammering to install or remove</bullet2>
    <bullet3>Weight attaches directly to the wheel spoke, not the spoke nut, so they can be used with special outer-spoke rims</bullet3>
    <bullet4>Reusable, will not chip or rust</bullet4>
    <bullet5>For spokes up to 3/16" thick</bullet5>
    <bullet6>Precision CNC-machined</bullet6>
    <bullet7>Made in the USA</bullet7>
    <bullet8>Optional 5 pk of 3/32" Allen wrenches sold separately.</bullet8>
    <bullet9/>
    <bullet10/>
    <bullet11/>
    <bullet12/>
    <bullet13/>
    <bullet14/>
    <bullet15/>
    <bullet16/>
    <bullet17/>
    <bullet18/>
    <bullet19/>
    <bullet20/>
    <bullet21/>
    <bullet22/>
    <bullet23/>
    <bullet24/>
    <vendorPriceUpdateDate>2023-04-22 00:00:00</vendorPriceUpdateDate>
  </part>
  <part>
    <partNumber>03650132</partNumber>
    <punctuatedPartNumber>0365-0132</punctuatedPartNumber>
    <partStatusDescription>STANDARD</partStatusDescription>
    <partDescription>Wheel Weights - Thick Spoke - 1.3 oz - 4 Pack</partDescription>
    <unitOfMeasure>4 Pack</unitOfMeasure>
    <brandName>NO-MAR</brandName>
    <supplierNumber>WT-SPK-THK4-13</supplierNumber>
    <specialInstructions/>
    <baseDealerPrice>40.20</baseDealerPrice>
    <yourDealerPrice>40.20</yourDealerPrice>
    <baseRetailPrice>53.95</baseRetailPrice>
    <originalRetailPrice>59.95</originalRetailPrice>
    <partImage>http://asset.lemansnet.com/z/LzgvOC82Lzg4NkRFMDdBLUU1OEItNDVGNy05QUU5LTAyNUY1MTlBRDMxNiwvRi8wLzgvRjA4NUVCMUEtODlDRC00QUU0LTk0ODUtNkU5Njg1OUU3NkMwLC85LzYvOS85Njk1MkY3QS00QzI0LTQ3RjYtOThERS02MTg3MjdFQzg0QUE=</partImage>
    <productId>1919850992</productId>
    <productName>Thick Spoke Wheel Weights</productName>
    <productImage>http://asset.lemansnet.com/z/LzEvMC9BLzEwQUY4N0NGLTg1NUQtNEVCNS1CRjcyLTUxNjFEMjg3MjU2NQ==</productImage>
    <bullet1>Weights install using a stainless steel set screw which allows for exact positioning and unlimited re-use without the risk of spoke or wheel damage caused by conventional hammer-on weights</bullet1>
    <bullet2>Uniform diameter allows multiple weights to be stacked on a single spoke if necessary to achieve the most precise balance</bullet2>
    <bullet3>Weights attach directly to the spoke - not the spoke nut - so they can be used with conventional and outer-spoke wheels</bullet3>
    <bullet4>For thick spokes up to 3/8" thick</bullet4>
    <bullet5>Precision CNC-machined</bullet5>
    <bullet6>Made in the USA</bullet6>
    <bullet7>Optional 5 pk of 3/32" Allen wrenches sold separately.</bullet7>
    <bullet8/>
    <bullet9/>
    <bullet10/>
    <bullet11/>
    <bullet12/>
    <bullet13/>
    <bullet14/>
    <bullet15/>
    <bullet16/>
    <bullet17/>
    <bullet18/>
    <bullet19/>
    <bullet20/>
    <bullet21/>
    <bullet22/>
    <bullet23/>
    <bullet24/>
    <vendorPriceUpdateDate>2023-04-22 00:00:00</vendorPriceUpdateDate>
  </part>
  <part>
    <partNumber>03650133</partNumber>
    <punctuatedPartNumber>0365-0133</punctuatedPartNumber>
    <partStatusDescription>STANDARD</partStatusDescription>
    <partDescription>Wheel Weights - Thick Spoke - 1.7 oz - 4 Pack</partDescription>
    <unitOfMeasure>4 Pack</unitOfMeasure>
    <brandName>NO-MAR</brandName>
    <supplierNumber>WT-SPK-THK4-17</supplierNumber>
    <specialInstructions/>
    <baseDealerPrice>44.70</baseDealerPrice>
    <yourDealerPrice>44.70</yourDealerPrice>
    <baseRetailPrice>59.95</baseRetailPrice>
    <originalRetailPrice>65.95</originalRetailPrice>
    <partImage>http://asset.lemansnet.com/z/LzYvQi8xLzZCMTRBOTNDLTc1ODMtNDE5My05ODI0LTdEMzUxQzNCRDVBQiwvRi80L0QvRjREOTJDRDEtQ0JGMi00RjRFLUE1NEYtMTMwM0ExNUEzRkI1LC83LzUvNS83NTU4OENFMC1EM0I2LTQ0MTktOENGNy0wNUNBQjVDMEYzMjc=</partImage>
    <productId>1919850992</productId>
    <productName>Thick Spoke Wheel Weights</productName>
    <productImage>http://asset.lemansnet.com/z/LzEvMC9BLzEwQUY4N0NGLTg1NUQtNEVCNS1CRjcyLTUxNjFEMjg3MjU2NQ==</productImage>
    <bullet1>Weights install using a stainless steel set screw which allows for exact positioning and unlimited re-use without the risk of spoke or wheel damage caused by conventional hammer-on weights</bullet1>
    <bullet2>Uniform diameter allows multiple weights to be stacked on a single spoke if necessary to achieve the most precise balance</bullet2>
    <bullet3>Weights attach directly to the spoke - not the spoke nut - so they can be used with conventional and outer-spoke wheels</bullet3>
    <bullet4>For thick spokes up to 3/8" thick</bullet4>
    <bullet5>Precision CNC-machined</bullet5>
    <bullet6>Made in the USA</bullet6>
    <bullet7>Optional 5 pk of 3/32" Allen wrenches sold separately.</bullet7>
    <bullet8/>
    <bullet9/>
    <bullet10/>
    <bullet11/>
    <bullet12/>
    <bullet13/>
    <bullet14/>
    <bullet15/>
    <bullet16/>
    <bullet17/>
    <bullet18/>
    <bullet19/>
    <bullet20/>
    <bullet21/>
    <bullet22/>
    <bullet23/>
    <bullet24/>
    <vendorPriceUpdateDate>2023-04-22 00:00:00</vendorPriceUpdateDate>
  </part>
  <part>
    <partNumber>03650100</partNumber>
    <punctuatedPartNumber>0365-0100</punctuatedPartNumber>
    <partStatusDescription>STANDARD</partStatusDescription>
    <partDescription>Wheel Weights - 1/4 oz - Brass - 10 Pack</partDescription>
    <unitOfMeasure>10 Pack</unitOfMeasure>
    <brandName>NO-MAR</brandName>
    <supplierNumber>WT-SPK10BR-25</supplierNumber>
    <specialInstructions/>
    <baseDealerPrice>20.70</baseDealerPrice>
    <yourDealerPrice>20.70</yourDealerPrice>
    <baseRetailPrice>29.95</baseRetailPrice>
    <originalRetailPrice>32.95</originalRetailPrice>
    <partImage>http://asset.lemansnet.com/z/LzUvMC8wLzUwMDk3QTA3LTdBOTItNEY0Ny1BNjY3LTRBODc2MDQ2MkIyNg==</partImage>
    <productId>0648291728</productId>
    <productName>Spoke Wheel Weights</productName>
    <productImage>http://asset.lemansnet.com/z/L0QvQy9GL0RDRkNBODgxLUM3RTYtNDc0MC1BNDQ5LThCODk4NEVGREZDMQ==</productImage>
    <bullet1>Design allows multiple weights to be stacked on a single spoke, or placed anywhere along the length of a wheel spoke for very precise wheel balance</bullet1>
    <bullet2>Weights install using a stainless steel setscrew that has been pre-applied with thread lock; do not require hammering to install or remove</bullet2>
    <bullet3>Weight attaches directly to the wheel spoke, not the spoke nut, so they can be used with special outer-spoke rims</bullet3>
    <bullet4>Reusable, will not chip or rust</bullet4>
    <bullet5>For spokes up to 3/16" thick</bullet5>
    <bullet6>Precision CNC-machined</bullet6>
    <bullet7>Made in the USA</bullet7>
    <bullet8>Optional 5 pk of 3/32" Allen wrenches sold separately.</bullet8>
    <bullet9/>
    <bullet10/>
    <bullet11/>
    <bullet12/>
    <bullet13/>
    <bullet14/>
    <bullet15/>
    <bullet16/>
    <bullet17/>
    <bullet18/>
    <bullet19/>
    <bullet20/>
    <bullet21/>
    <bullet22/>
    <bullet23/>
    <bullet24/>
    <vendorPriceUpdateDate>2023-04-22 00:00:00</vendorPriceUpdateDate>
  </part>
  <part>
    <partNumber>03650102</partNumber>
    <punctuatedPartNumber>0365-0102</punctuatedPartNumber>
    <partStatusDescription>STANDARD</partStatusDescription>
    <partDescription>Wheel Weights - 3/4 oz - Brass - 10 Pack</partDescription>
    <unitOfMeasure>10 Pack</unitOfMeasure>
    <brandName>NO-MAR</brandName>
    <supplierNumber>WT-SPK10BR-75</supplierNumber>
    <specialInstructions/>
    <baseDealerPrice>24.20</baseDealerPrice>
    <yourDealerPrice>24.20</yourDealerPrice>
    <baseRetailPrice>34.95</baseRetailPrice>
    <originalRetailPrice>38.95</originalRetailPrice>
    <partImage>http://asset.lemansnet.com/z/LzIvMi83LzIyNzlDMUM2LTU3MTAtNDlFRS05RkQ0LTEzQzY2NDlBMDYzMQ==</partImage>
    <productId>0648291728</productId>
    <productName>Spoke Wheel Weights</productName>
    <productImage>http://asset.lemansnet.com/z/L0QvQy9GL0RDRkNBODgxLUM3RTYtNDc0MC1BNDQ5LThCODk4NEVGREZDMQ==</productImage>
    <bullet1>Design allows multiple weights to be stacked on a single spoke, or placed anywhere along the length of a wheel spoke for very precise wheel balance</bullet1>
    <bullet2>Weights install using a stainless steel setscrew that has been pre-applied with thread lock; do not require hammering to install or remove</bullet2>
    <bullet3>Weight attaches directly to the wheel spoke, not the spoke nut, so they can be used with special outer-spoke rims</bullet3>
    <bullet4>Reusable, will not chip or rust</bullet4>
    <bullet5>For spokes up to 3/16" thick</bullet5>
    <bullet6>Precision CNC-machined</bullet6>
    <bullet7>Made in the USA</bullet7>
    <bullet8>Optional 5 pk of 3/32" Allen wrenches sold separately.</bullet8>
    <bullet9/>
    <bullet10/>
    <bullet11/>
    <bullet12/>
    <bullet13/>
    <bullet14/>
    <bullet15/>
    <bullet16/>
    <bullet17/>
    <bullet18/>
    <bullet19/>
    <bullet20/>
    <bullet21/>
    <bullet22/>
    <bullet23/>
    <bullet24/>
    <vendorPriceUpdateDate>2023-04-22 00:00:00</vendorPriceUpdateDate>
  </part>
  <part>
    <partNumber>03650103</partNumber>
    <punctuatedPartNumber>0365-0103</punctuatedPartNumber>
    <partStatusDescription>STANDARD</partStatusDescription>
    <partDescription>Wheel Weights - 1 oz - Brass - 10 Pack</partDescription>
    <unitOfMeasure>10 Pack</unitOfMeasure>
    <brandName>NO-MAR</brandName>
    <supplierNumber>WT-SPK10BR-1</supplierNumber>
    <specialInstructions/>
    <baseDealerPrice>24.90</baseDealerPrice>
    <yourDealerPrice>24.90</yourDealerPrice>
    <baseRetailPrice>35.95</baseRetailPrice>
    <originalRetailPrice>39.95</originalRetailPrice>
    <partImage>http://asset.lemansnet.com/z/LzkvRS9BLzlFQTE1RUU4LUJCQUItNDk0QS04RTdGLUNCMEUyQTc4REMwQg==</partImage>
    <productId>0648291728</productId>
    <productName>Spoke Wheel Weights</productName>
    <productImage>http://asset.lemansnet.com/z/L0QvQy9GL0RDRkNBODgxLUM3RTYtNDc0MC1BNDQ5LThCODk4NEVGREZDMQ==</productImage>
    <bullet1>Design allows multiple weights to be stacked on a single spoke, or placed anywhere along the length of a wheel spoke for very precise wheel balance</bullet1>
    <bullet2>Weights install using a stainless steel setscrew that has been pre-applied with thread lock; do not require hammering to install or remove</bullet2>
    <bullet3>Weight attaches directly to the wheel spoke, not the spoke nut, so they can be used with special outer-spoke rims</bullet3>
    <bullet4>Reusable, will not chip or rust</bullet4>
    <bullet5>For spokes up to 3/16" thick</bullet5>
    <bullet6>Precision CNC-machined</bullet6>
    <bullet7>Made in the USA</bullet7>
    <bullet8>Optional 5 pk of 3/32" Allen wrenches sold separately.</bullet8>
    <bullet9/>
    <bullet10/>
    <bullet11/>
    <bullet12/>
    <bullet13/>
    <bullet14/>
    <bullet15/>
    <bullet16/>
    <bullet17/>
    <bullet18/>
    <bullet19/>
    <bullet20/>
    <bullet21/>
    <bullet22/>
    <bullet23/>
    <bullet24/>
    <vendorPriceUpdateDate>2023-04-22 00:00:00</vendorPriceUpdateDate>
  </part>
  <part>
    <partNumber>03650106</partNumber>
    <punctuatedPartNumber>0365-0106</punctuatedPartNumber>
    <partStatusDescription>STANDARD</partStatusDescription>
    <partDescription>Wheel Weights - 1/4 oz - Chrome - 10 Pack</partDescription>
    <unitOfMeasure>10 Pack</unitOfMeasure>
    <brandName>NO-MAR</brandName>
    <supplierNumber>WT-SPK10CH-25</supplierNumber>
    <specialInstructions/>
    <baseDealerPrice>31.00</baseDealerPrice>
    <yourDealerPrice>31.00</yourDealerPrice>
    <baseRetailPrice>43.95</baseRetailPrice>
    <originalRetailPrice>48.95</originalRetailPrice>
    <partImage>http://asset.lemansnet.com/z/L0UvRS9EL0VFRDJGQTM5LUExM0YtNDIxQS1CNzI3LTg1QkVCQjZGOTgwQw==</partImage>
    <productId>0648291728</productId>
    <productName>Spoke Wheel Weights</productName>
    <productImage>http://asset.lemansnet.com/z/L0QvQy9GL0RDRkNBODgxLUM3RTYtNDc0MC1BNDQ5LThCODk4NEVGREZDMQ==</productImage>
    <bullet1>Design allows multiple weights to be stacked on a single spoke, or placed anywhere along the length of a wheel spoke for very precise wheel balance</bullet1>
    <bullet2>Weights install using a stainless steel setscrew that has been pre-applied with thread lock; do not require hammering to install or remove</bullet2>
    <bullet3>Weight attaches directly to the wheel spoke, not the spoke nut, so they can be used with special outer-spoke rims</bullet3>
    <bullet4>Reusable, will not chip or rust</bullet4>
    <bullet5>For spokes up to 3/16" thick</bullet5>
    <bullet6>Precision CNC-machined</bullet6>
    <bullet7>Made in the USA</bullet7>
    <bullet8>Optional 5 pk of 3/32" Allen wrenches sold separately.</bullet8>
    <bullet9/>
    <bullet10/>
    <bullet11/>
    <bullet12/>
    <bullet13/>
    <bullet14/>
    <bullet15/>
    <bullet16/>
    <bullet17/>
    <bullet18/>
    <bullet19/>
    <bullet20/>
    <bullet21/>
    <bullet22/>
    <bullet23/>
    <bullet24/>
    <vendorPriceUpdateDate>2023-04-22 00:00:00</vendorPriceUpdateDate>
  </part>
  <part>
    <partNumber>03650107</partNumber>
    <punctuatedPartNumber>0365-0107</punctuatedPartNumber>
    <partStatusDescription>STANDARD</partStatusDescription>
    <partDescription>Wheel Weights - 1/2 oz - Chrome - 10 Pack</partDescription>
    <unitOfMeasure>10 Pack</unitOfMeasure>
    <brandName>NO-MAR</brandName>
    <supplierNumber>WT-SPK10CH-50</supplierNumber>
    <specialInstructions/>
    <baseDealerPrice>31.40</baseDealerPrice>
    <yourDealerPrice>31.40</yourDealerPrice>
    <baseRetailPrice>45.95</baseRetailPrice>
    <originalRetailPrice>50.95</originalRetailPrice>
    <partImage>http://asset.lemansnet.com/z/L0YvRC80L0ZENEY4NEM2LTY4NjYtNDM2NC05NjE3LTY2RTkwQjk2ODBENiwvMi9CLzIvMkIyNDMxMzAtNDEyMC00NDU2LUIxNkYtRTgxRkU5MEJCNTAw</partImage>
    <productId>0648291728</productId>
    <productName>Spoke Wheel Weights</productName>
    <productImage>http://asset.lemansnet.com/z/L0QvQy9GL0RDRkNBODgxLUM3RTYtNDc0MC1BNDQ5LThCODk4NEVGREZDMQ==</productImage>
    <bullet1>Design allows multiple weights to be stacked on a single spoke, or placed anywhere along the length of a wheel spoke for very precise wheel balance</bullet1>
    <bullet2>Weights install using a stainless steel setscrew that has been pre-applied with thread lock; do not require hammering to install or remove</bullet2>
    <bullet3>Weight attaches directly to the wheel spoke, not the spoke nut, so they can be used with special outer-spoke rims</bullet3>
    <bullet4>Reusable, will not chip or rust</bullet4>
    <bullet5>For spokes up to 3/16" thick</bullet5>
    <bullet6>Precision CNC-machined</bullet6>
    <bullet7>Made in the USA</bullet7>
    <bullet8>Optional 5 pk of 3/32" Allen wrenches sold separately.</bullet8>
    <bullet9/>
    <bullet10/>
    <bullet11/>
    <bullet12/>
    <bullet13/>
    <bullet14/>
    <bullet15/>
    <bullet16/>
    <bullet17/>
    <bullet18/>
    <bullet19/>
    <bullet20/>
    <bullet21/>
    <bullet22/>
    <bullet23/>
    <bullet24/>
    <vendorPriceUpdateDate>2023-04-22 00:00:00</vendorPriceUpdateDate>
  </part>
  <part>
    <partNumber>03650108</partNumber>
    <punctuatedPartNumber>0365-0108</punctuatedPartNumber>
    <partStatusDescription>STANDARD</partStatusDescription>
    <partDescription>Wheel Weights - 3/4 oz - Chrome - 10 Pack</partDescription>
    <unitOfMeasure>10 Pack</unitOfMeasure>
    <brandName>NO-MAR</brandName>
    <supplierNumber>WT-SPK10CH-75</supplierNumber>
    <specialInstructions/>
    <baseDealerPrice>32.50</baseDealerPrice>
    <yourDealerPrice>32.50</yourDealerPrice>
    <baseRetailPrice>46.95</baseRetailPrice>
    <originalRetailPrice>51.95</originalRetailPrice>
    <partImage>http://asset.lemansnet.com/z/LzQvNi82LzQ2NjI2NzU3LTgxMEItNERBRi04NUIyLTlDQTkwNzM1ODA2Rg==</partImage>
    <productId>0648291728</productId>
    <productName>Spoke Wheel Weights</productName>
    <productImage>http://asset.lemansnet.com/z/L0QvQy9GL0RDRkNBODgxLUM3RTYtNDc0MC1BNDQ5LThCODk4NEVGREZDMQ==</productImage>
    <bullet1>Design allows multiple weights to be stacked on a single spoke, or placed anywhere along the length of a wheel spoke for very precise wheel balance</bullet1>
    <bullet2>Weights install using a stainless steel setscrew that has been pre-applied with thread lock; do not require hammering to install or remove</bullet2>
    <bullet3>Weight attaches directly to the wheel spoke, not the spoke nut, so they can be used with special outer-spoke rims</bullet3>
    <bullet4>Reusable, will not chip or rust</bullet4>
    <bullet5>For spokes up to 3/16" thick</bullet5>
    <bullet6>Precision CNC-machined</bullet6>
    <bullet7>Made in the USA</bullet7>
    <bullet8>Optional 5 pk of 3/32" Allen wrenches sold separately.</bullet8>
    <bullet9/>
    <bullet10/>
    <bullet11/>
    <bullet12/>
    <bullet13/>
    <bullet14/>
    <bullet15/>
    <bullet16/>
    <bullet17/>
    <bullet18/>
    <bullet19/>
    <bullet20/>
    <bullet21/>
    <bullet22/>
    <bullet23/>
    <bullet24/>
    <vendorPriceUpdateDate>2023-04-22 00:00:00</vendorPriceUpdateDate>
  </part>
  <part>
    <partNumber>03650109</partNumber>
    <punctuatedPartNumber>0365-0109</punctuatedPartNumber>
    <partStatusDescription>STANDARD</partStatusDescription>
    <partDescription>Wheel Weights - 1 oz - Chrome - 10 Pack</partDescription>
    <unitOfMeasure>10 Pack</unitOfMeasure>
    <brandName>NO-MAR</brandName>
    <supplierNumber>WT-SPK10CH-1</supplierNumber>
    <specialInstructions/>
    <baseDealerPrice>37.80</baseDealerPrice>
    <yourDealerPrice>37.80</yourDealerPrice>
    <baseRetailPrice>53.95</baseRetailPrice>
    <originalRetailPrice>59.95</originalRetailPrice>
    <partImage>http://asset.lemansnet.com/z/LzEvOC8zLzE4MzdENDNFLUQxMDctNDczOC04M0E1LTlDMDkzQUVGQjkyNSwvOC8xLzQvODE0ODQ1QzQtNTNBOC00NzVBLUIxNzUtRUVGNEUzRDY4QjUz</partImage>
    <productId>0648291728</productId>
    <productName>Spoke Wheel Weights</productName>
    <productImage>http://asset.lemansnet.com/z/L0QvQy9GL0RDRkNBODgxLUM3RTYtNDc0MC1BNDQ5LThCODk4NEVGREZDMQ==</productImage>
    <bullet1>Design allows multiple weights to be stacked on a single spoke, or placed anywhere along the length of a wheel spoke for very precise wheel balance</bullet1>
    <bullet2>Weights install using a stainless steel setscrew that has been pre-applied with thread lock; do not require hammering to install or remove</bullet2>
    <bullet3>Weight attaches directly to the wheel spoke, not the spoke nut, so they can be used with special outer-spoke rims</bullet3>
    <bullet4>Reusable, will not chip or rust</bullet4>
    <bullet5>For spokes up to 3/16" thick</bullet5>
    <bullet6>Precision CNC-machined</bullet6>
    <bullet7>Made in the USA</bullet7>
    <bullet8>Optional 5 pk of 3/32" Allen wrenches sold separately.</bullet8>
    <bullet9/>
    <bullet10/>
    <bullet11/>
    <bullet12/>
    <bullet13/>
    <bullet14/>
    <bullet15/>
    <bullet16/>
    <bullet17/>
    <bullet18/>
    <bullet19/>
    <bullet20/>
    <bullet21/>
    <bullet22/>
    <bullet23/>
    <bullet24/>
    <vendorPriceUpdateDate>2023-04-22 00:00:00</vendorPriceUpdateDate>
  </part>
  <part>
    <partNumber>03650130</partNumber>
    <punctuatedPartNumber>0365-0130</punctuatedPartNumber>
    <partStatusDescription>STANDARD</partStatusDescription>
    <partDescription>Wheel Weights - Thick Spoke - 3/4 oz - 4 Pack</partDescription>
    <unitOfMeasure>4 Pack</unitOfMeasure>
    <brandName>NO-MAR</brandName>
    <supplierNumber>WT-SPK-THK4-75</supplierNumber>
    <specialInstructions/>
    <baseDealerPrice>28.30</baseDealerPrice>
    <yourDealerPrice>28.30</yourDealerPrice>
    <baseRetailPrice>37.95</baseRetailPrice>
    <originalRetailPrice>41.95</originalRetailPrice>
    <partImage>http://asset.lemansnet.com/z/LzEvMC9BLzEwQUY4N0NGLTg1NUQtNEVCNS1CRjcyLTUxNjFEMjg3MjU2NSwvNy81LzUvNzU1ODhDRTAtRDNCNi00NDE5LThDRjctMDVDQUI1QzBGMzI3LC9BLzYvOS9BNjkwNkM5NC1BMzFDLTQ2QTYtOTRGRi05NEY0Q0NCNzY0MjU=</partImage>
    <productId>1919850992</productId>
    <productName>Thick Spoke Wheel Weights</productName>
    <productImage>http://asset.lemansnet.com/z/LzEvMC9BLzEwQUY4N0NGLTg1NUQtNEVCNS1CRjcyLTUxNjFEMjg3MjU2NQ==</productImage>
    <bullet1>Weights install using a stainless steel set screw which allows for exact positioning and unlimited re-use without the risk of spoke or wheel damage caused by conventional hammer-on weights</bullet1>
    <bullet2>Uniform diameter allows multiple weights to be stacked on a single spoke if necessary to achieve the most precise balance</bullet2>
    <bullet3>Weights attach directly to the spoke - not the spoke nut - so they can be used with conventional and outer-spoke wheels</bullet3>
    <bullet4>For thick spokes up to 3/8" thick</bullet4>
    <bullet5>Precision CNC-machined</bullet5>
    <bullet6>Made in the USA</bullet6>
    <bullet7>Optional 5 pk of 3/32" Allen wrenches sold separately.</bullet7>
    <bullet8/>
    <bullet9/>
    <bullet10/>
    <bullet11/>
    <bullet12/>
    <bullet13/>
    <bullet14/>
    <bullet15/>
    <bullet16/>
    <bullet17/>
    <bullet18/>
    <bullet19/>
    <bullet20/>
    <bullet21/>
    <bullet22/>
    <bullet23/>
    <bullet24/>
    <vendorPriceUpdateDate>2023-04-22 00:00:00</vendorPriceUpdateDate>
  </part>
  <part>
    <partNumber>03650131</partNumber>
    <punctuatedPartNumber>0365-0131</punctuatedPartNumber>
    <partStatusDescription>STANDARD</partStatusDescription>
    <partDescription>Wheel Weights - Thick Spoke - 1 oz - 4 Pack</partDescription>
    <unitOfMeasure>4 Pack</unitOfMeasure>
    <brandName>NO-MAR</brandName>
    <supplierNumber>WT-SPK-THK4-1</supplierNumber>
    <specialInstructions/>
    <baseDealerPrice>32.80</baseDealerPrice>
    <yourDealerPrice>32.80</yourDealerPrice>
    <baseRetailPrice>43.95</baseRetailPrice>
    <originalRetailPrice>48.95</originalRetailPrice>
    <partImage>http://asset.lemansnet.com/z/L0QvRC85L0REOTUwNjM1LUM4OTQtNDA1NS1BM0M3LTg4QzUxMjNFMkIzMCwvNy81LzkvNzU5Rjk2QkYtNEYzQS00RDVCLTg1NDUtRDE4REQzQkYzNjQxLC83LzUvNS83NTU4OENFMC1EM0I2LTQ0MTktOENGNy0wNUNBQjVDMEYzMjc=</partImage>
    <productId>1919850992</productId>
    <productName>Thick Spoke Wheel Weights</productName>
    <productImage>http://asset.lemansnet.com/z/LzEvMC9BLzEwQUY4N0NGLTg1NUQtNEVCNS1CRjcyLTUxNjFEMjg3MjU2NQ==</productImage>
    <bullet1>Weights install using a stainless steel set screw which allows for exact positioning and unlimited re-use without the risk of spoke or wheel damage caused by conventional hammer-on weights</bullet1>
    <bullet2>Uniform diameter allows multiple weights to be stacked on a single spoke if necessary to achieve the most precise balance</bullet2>
    <bullet3>Weights attach directly to the spoke - not the spoke nut - so they can be used with conventional and outer-spoke wheels</bullet3>
    <bullet4>For thick spokes up to 3/8" thick</bullet4>
    <bullet5>Precision CNC-machined</bullet5>
    <bullet6>Made in the USA</bullet6>
    <bullet7>Optional 5 pk of 3/32" Allen wrenches sold separately.</bullet7>
    <bullet8/>
    <bullet9/>
    <bullet10/>
    <bullet11/>
    <bullet12/>
    <bullet13/>
    <bullet14/>
    <bullet15/>
    <bullet16/>
    <bullet17/>
    <bullet18/>
    <bullet19/>
    <bullet20/>
    <bullet21/>
    <bullet22/>
    <bullet23/>
    <bullet24/>
    <vendorPriceUpdateDate>2023-04-22 00:00:00</vendorPriceUpdateDate>
  </part>
  <part>
    <partNumber>38110085</partNumber>
    <punctuatedPartNumber>3811-0085</punctuatedPartNumber>
    <partStatusDescription>STANDARD</partStatusDescription>
    <partDescription>Removal Tool - Axle - Mini/Hex - 10/12/14 mm</partDescription>
    <unitOfMeasure>Each</unitOfMeasure>
    <brandName>NO-MAR</brandName>
    <supplierNumber>TL-HEX-MINI</supplierNumber>
    <specialInstructions/>
    <baseDealerPrice>8.90</baseDealerPrice>
    <yourDealerPrice>8.90</yourDealerPrice>
    <baseRetailPrice>12.95</baseRetailPrice>
    <originalRetailPrice>13.95</originalRetailPrice>
    <partImage>http://asset.lemansnet.com/z/LzMvRC8xLzNEMTUxREU4LTQxQkQtNDlFNS05RDZFLTMwMUY3MEMxOEMzQQ==</partImage>
    <productId>2080760425</productId>
    <productName>Mini Hex Axle Tool</productName>
    <productImage>http://asset.lemansnet.com/z/LzMvRC8xLzNEMTUxREU4LTQxQkQtNDlFNS05RDZFLTMwMUY3MEMxOEMzQQ==</productImage>
    <bullet1>For internal hex axle removal on many late model sportbike and off-road applications</bullet1>
    <bullet2>Steel heavy-duty construction; ideal for shop or home use</bullet2>
    <bullet3>Weighs 1 oz</bullet3>
    <bullet4>Made in the USA</bullet4>
    <bullet5/>
    <bullet6/>
    <bullet7/>
    <bullet8/>
    <bullet9/>
    <bullet10/>
    <bullet11/>
    <bullet12/>
    <bullet13/>
    <bullet14/>
    <bullet15/>
    <bullet16/>
    <bullet17/>
    <bullet18/>
    <bullet19/>
    <bullet20/>
    <bullet21/>
    <bullet22/>
    <bullet23/>
    <bullet24/>
    <vendorPriceUpdateDate>2022-08-18 00:00:00</vendorPriceUpdateDate>
  </part>
  <part>
    <partNumber>38110086</partNumber>
    <punctuatedPartNumber>3811-0086</punctuatedPartNumber>
    <partStatusDescription>STANDARD</partStatusDescription>
    <partDescription>Removal Tool - Axle - Hex - 17/19/22/24 mm</partDescription>
    <unitOfMeasure>Each</unitOfMeasure>
    <brandName>NO-MAR</brandName>
    <supplierNumber>TL-HEX</supplierNumber>
    <specialInstructions/>
    <baseDealerPrice>14.20</baseDealerPrice>
    <yourDealerPrice>14.20</yourDealerPrice>
    <baseRetailPrice>21.95</baseRetailPrice>
    <originalRetailPrice>20.95</originalRetailPrice>
    <partImage>http://asset.lemansnet.com/z/L0IvNC82L0I0NjMxNjJFLUQ0OUQtNDUxMS1BRjRDLTlERDU4MTA1M0U5Ng==</partImage>
    <productId>0496787163</productId>
    <productName>Hex Axle Tool</productName>
    <productImage>http://asset.lemansnet.com/z/L0IvNC82L0I0NjMxNjJFLUQ0OUQtNDUxMS1BRjRDLTlERDU4MTA1M0U5Ng==</productImage>
    <bullet1>For internal hex axle removal on many late model sportbike and off-road applications</bullet1>
    <bullet2>Steel heavy-duty construction; ideal for shop or home use</bullet2>
    <bullet3>No maximum torque limit</bullet3>
    <bullet4>weighs 9 oz</bullet4>
    <bullet5>Made in the USA</bullet5>
    <bullet6/>
    <bullet7/>
    <bullet8/>
    <bullet9/>
    <bullet10/>
    <bullet11/>
    <bullet12/>
    <bullet13/>
    <bullet14/>
    <bullet15/>
    <bullet16/>
    <bullet17/>
    <bullet18/>
    <bullet19/>
    <bullet20/>
    <bullet21/>
    <bullet22/>
    <bullet23/>
    <bullet24/>
    <vendorPriceUpdateDate>2022-08-18 00:00:00</vendorPriceUpdateDate>
  </part>
  <part>
    <partNumber>38120056</partNumber>
    <punctuatedPartNumber>3812-0056</punctuatedPartNumber>
    <partStatusDescription>STANDARD</partStatusDescription>
    <partDescription>Allen Wrench - 3/32" - 5 Pack</partDescription>
    <unitOfMeasure>5 Pack</unitOfMeasure>
    <brandName>NO-MAR</brandName>
    <supplierNumber>AC-ALLENKEYS</supplierNumber>
    <specialInstructions/>
    <baseDealerPrice>2.90</baseDealerPrice>
    <yourDealerPrice>2.90</yourDealerPrice>
    <baseRetailPrice>4.95</baseRetailPrice>
    <originalRetailPrice>4.95</originalRetailPrice>
    <partImage>http://asset.lemansnet.com/z/LzIvQi9GLzJCRjFCMTUyLTgyNDgtNDREQi1BNkQ0LUFDMTA2QjY2N0E4OQ==</partImage>
    <productId>0150107565</productId>
    <productName>Allen Wrench</productName>
    <productImage>http://asset.lemansnet.com/z/LzIvQi9GLzJCRjFCMTUyLTgyNDgtNDREQi1BNkQ0LUFDMTA2QjY2N0E4OQ==</productImage>
    <bullet1>For use with spoke wheel weights.</bullet1>
    <bullet2/>
    <bullet3/>
    <bullet4/>
    <bullet5/>
    <bullet6/>
    <bullet7/>
    <bullet8/>
    <bullet9/>
    <bullet10/>
    <bullet11/>
    <bullet12/>
    <bullet13/>
    <bullet14/>
    <bullet15/>
    <bullet16/>
    <bullet17/>
    <bullet18/>
    <bullet19/>
    <bullet20/>
    <bullet21/>
    <bullet22/>
    <bullet23/>
    <bullet24/>
    <vendorPriceUpdateDate>2023-04-22 00:00:00</vendorPriceUpdateDate>
  </part>
</root>
