<root>
  <part>
    <partNumber>18611419</partNumber>
    <punctuatedPartNumber>1861-1419</punctuatedPartNumber>
    <partStatusDescription>DISCONTINUED</partStatusDescription>
    <partDescription>Exhaust Noise Reducer</partDescription>
    <unitOfMeasure>Each</unitOfMeasure>
    <brandName>HINDLE</brandName>
    <supplierNumber>MXNR</supplierNumber>
    <specialInstructions/>
    <baseDealerPrice>9.00</baseDealerPrice>
    <yourDealerPrice>9.00</yourDealerPrice>
    <baseRetailPrice>0.00</baseRetailPrice>
    <originalRetailPrice>38.95</originalRetailPrice>
    <partImage>http://asset.lemansnet.com/z/LzIvRi9FLzJGRTg1MTUwLUE2QjktNDBBNS04QTFGLTVDODNFMTlFNDE3NA==</partImage>
    <productId>0331358940</productId>
    <productName>Noise Reducer</productName>
    <productImage>http://asset.lemansnet.com/z/LzIvRi9FLzJGRTg1MTUwLUE2QjktNDBBNS04QTFGLTVDODNFMTlFNDE3NA==</productImage>
    <bullet1>Optional noise reducer for Hindle mufflers</bullet1>
    <bullet2>Lowers noise by 2-3 decibels</bullet2>
    <bullet3/>
    <bullet4/>
    <bullet5/>
    <bullet6/>
    <bullet7/>
    <bullet8/>
    <bullet9/>
    <bullet10/>
    <bullet11/>
    <bullet12/>
    <bullet13/>
    <bullet14/>
    <bullet15/>
    <bullet16/>
    <bullet17/>
    <bullet18/>
    <bullet19/>
    <bullet20/>
    <bullet21/>
    <bullet22/>
    <bullet23/>
    <bullet24/>
    <vendorPriceUpdateDate>2019-09-26 00:00:00</vendorPriceUpdateDate>
  </part>
</root>
