<root>
  <part>
    <partNumber>39020265</partNumber>
    <punctuatedPartNumber>3902-0265</punctuatedPartNumber>
    <partStatusDescription>DISCONTINUED</partStatusDescription>
    <partDescription>Grease Seal</partDescription>
    <unitOfMeasure>Pair</unitOfMeasure>
    <brandName>TEKONSHA</brandName>
    <supplierNumber>5603</supplierNumber>
    <specialInstructions>Discontinued P/Byr</specialInstructions>
    <baseDealerPrice>3.60</baseDealerPrice>
    <yourDealerPrice>3.60</yourDealerPrice>
    <baseRetailPrice>0.00</baseRetailPrice>
    <originalRetailPrice>12.87</originalRetailPrice>
    <partImage>http://asset.lemansnet.com/z/LzEvRi9BLzFGQTBBNzNGLTRFNzQtNEJCQy1BMzBBLTE1OTFEMEYwQzNFNg==</partImage>
    <productId>0309573700</productId>
    <productName>Wheel Grease Seals</productName>
    <productImage>http://asset.lemansnet.com/z/LzEvRi9BLzFGQTBBNzNGLTRFNzQtNEJCQy1BMzBBLTE1OTFEMEYwQzNFNg==</productImage>
    <bullet1>1.987" outside diameter, 1.5" inside diameter</bullet1>
    <bullet2>Sold as a pair</bullet2>
    <bullet3/>
    <bullet4/>
    <bullet5/>
    <bullet6/>
    <bullet7/>
    <bullet8/>
    <bullet9/>
    <bullet10/>
    <bullet11/>
    <bullet12/>
    <bullet13/>
    <bullet14/>
    <bullet15/>
    <bullet16/>
    <bullet17/>
    <bullet18/>
    <bullet19/>
    <bullet20/>
    <bullet21/>
    <bullet22/>
    <bullet23/>
    <bullet24/>
    <vendorPriceUpdateDate>2022-01-05 00:00:00</vendorPriceUpdateDate>
  </part>
  <part>
    <partNumber>39020266</partNumber>
    <punctuatedPartNumber>3902-0266</punctuatedPartNumber>
    <partStatusDescription>DISCONTINUED</partStatusDescription>
    <partDescription>Spindle Nut Kit - Standard Washer</partDescription>
    <unitOfMeasure>Kit</unitOfMeasure>
    <brandName>TEKONSHA</brandName>
    <supplierNumber>5774</supplierNumber>
    <specialInstructions>Discontinued P/Byr</specialInstructions>
    <baseDealerPrice>2.40</baseDealerPrice>
    <yourDealerPrice>2.40</yourDealerPrice>
    <baseRetailPrice>0.00</baseRetailPrice>
    <originalRetailPrice>8.64</originalRetailPrice>
    <partImage>http://asset.lemansnet.com/z/LzUvNi8zLzU2MzU3QUVGLTRCM0ItNDk3Qy1BQkYwLTIyNjhFQkQwQUZDRg==</partImage>
    <productId>0666536354</productId>
    <productName>Spindle Nut Kit</productName>
    <productImage>http://asset.lemansnet.com/z/L0QvQS84L0RBODcyNjEwLTQzNjktNDcwQi05NURELTA0QkM1N0NFRDJFQg==</productImage>
    <bullet1>1/8” x 13/4” cotter pin</bullet1>
    <bullet2>Castle-style spindle nut</bullet2>
    <bullet3>1”-14 threads</bullet3>
    <bullet4/>
    <bullet5/>
    <bullet6/>
    <bullet7/>
    <bullet8/>
    <bullet9/>
    <bullet10/>
    <bullet11/>
    <bullet12/>
    <bullet13/>
    <bullet14/>
    <bullet15/>
    <bullet16/>
    <bullet17/>
    <bullet18/>
    <bullet19/>
    <bullet20/>
    <bullet21/>
    <bullet22/>
    <bullet23/>
    <bullet24/>
    <vendorPriceUpdateDate>2022-01-05 00:00:00</vendorPriceUpdateDate>
  </part>
  <part>
    <partNumber>39020267</partNumber>
    <punctuatedPartNumber>3902-0267</punctuatedPartNumber>
    <partStatusDescription>DISCONTINUED</partStatusDescription>
    <partDescription>Spindle Nut Kit - D-Style Washer</partDescription>
    <unitOfMeasure>Kit</unitOfMeasure>
    <brandName>TEKONSHA</brandName>
    <supplierNumber>5775</supplierNumber>
    <specialInstructions>Discontinued P/Byr</specialInstructions>
    <baseDealerPrice>2.40</baseDealerPrice>
    <yourDealerPrice>2.40</yourDealerPrice>
    <baseRetailPrice>0.00</baseRetailPrice>
    <originalRetailPrice>8.64</originalRetailPrice>
    <partImage>http://asset.lemansnet.com/z/L0EvQS9FL0FBRTQxQTAzLUJFMUMtNENGMS04Q0UzLUQzRkZBNkU3RTdFRA==</partImage>
    <productId>0666536354</productId>
    <productName>Spindle Nut Kit</productName>
    <productImage>http://asset.lemansnet.com/z/L0QvQS84L0RBODcyNjEwLTQzNjktNDcwQi05NURELTA0QkM1N0NFRDJFQg==</productImage>
    <bullet1>1/8” x 13/4” cotter pin</bullet1>
    <bullet2>Castle-style spindle nut</bullet2>
    <bullet3>1”-14 threads</bullet3>
    <bullet4/>
    <bullet5/>
    <bullet6/>
    <bullet7/>
    <bullet8/>
    <bullet9/>
    <bullet10/>
    <bullet11/>
    <bullet12/>
    <bullet13/>
    <bullet14/>
    <bullet15/>
    <bullet16/>
    <bullet17/>
    <bullet18/>
    <bullet19/>
    <bullet20/>
    <bullet21/>
    <bullet22/>
    <bullet23/>
    <bullet24/>
    <vendorPriceUpdateDate>2022-01-05 00:00:00</vendorPriceUpdateDate>
  </part>
</root>
