<root>
  <part>
    <partNumber>17060116</partNumber>
    <punctuatedPartNumber>1706-0116</punctuatedPartNumber>
    <partStatusDescription>DISCONTINUED</partStatusDescription>
    <partDescription>1" Bearing Kit</partDescription>
    <unitOfMeasure>Kit</unitOfMeasure>
    <brandName>FULTON PERFORMANCE</brandName>
    <supplierNumber>WB100 0700</supplierNumber>
    <specialInstructions>Discontinued P/Byr</specialInstructions>
    <baseDealerPrice>10.30</baseDealerPrice>
    <yourDealerPrice>10.30</yourDealerPrice>
    <baseRetailPrice>0.00</baseRetailPrice>
    <originalRetailPrice>31.66</originalRetailPrice>
    <partImage>http://asset.lemansnet.com/z/LzQvRC82LzRENjE0MDRGLUE4OTMtNDUxNy05QkEwLTk1OTRCQUE3NjJBNg==</partImage>
    <productId>0691865454</productId>
    <productName>Trailer Hub Wheel Bearing Kit</productName>
    <productImage>http://asset.lemansnet.com/z/LzQvRC82LzRENjE0MDRGLUE4OTMtNDUxNy05QkEwLTk1OTRCQUE3NjJBNg==</productImage>
    <bullet1>Designed to fit most hubs used on boat, utility, snowmobile, and RV trailers</bullet1>
    <bullet2>Kit contains two bearing cones, two bearing cups, grease seal and cotter pin</bullet2>
    <bullet3/>
    <bullet4/>
    <bullet5/>
    <bullet6/>
    <bullet7/>
    <bullet8/>
    <bullet9/>
    <bullet10/>
    <bullet11/>
    <bullet12/>
    <bullet13/>
    <bullet14/>
    <bullet15/>
    <bullet16/>
    <bullet17/>
    <bullet18/>
    <bullet19/>
    <bullet20/>
    <bullet21/>
    <bullet22/>
    <bullet23/>
    <bullet24/>
    <vendorPriceUpdateDate>2023-04-22 00:00:00</vendorPriceUpdateDate>
  </part>
  <part>
    <partNumber>02130002</partNumber>
    <punctuatedPartNumber>0213-0002</punctuatedPartNumber>
    <partStatusDescription>DISCONTINUED</partStatusDescription>
    <partDescription>Bearing Protector Covers - Pair</partDescription>
    <unitOfMeasure>Pair</unitOfMeasure>
    <brandName>FULTON PERFORMANCE</brandName>
    <supplierNumber>BB19800112</supplierNumber>
    <specialInstructions>Discontinued P/Byr</specialInstructions>
    <baseDealerPrice>2.20</baseDealerPrice>
    <yourDealerPrice>2.20</yourDealerPrice>
    <baseRetailPrice>0.00</baseRetailPrice>
    <originalRetailPrice>8.13</originalRetailPrice>
    <partImage>http://asset.lemansnet.com/z/LzUvRi9BLzVGQTNFMDI3LTQyQUYtNDdBRC1CRjI1LTE0NTg3MzNENzFFNw==</partImage>
    <productId>0456252646</productId>
    <productName>Bearing Protector Covers</productName>
    <productImage>http://asset.lemansnet.com/z/LzUvQi80LzVCNDQzQUIyLUFGRUMtNDM3OS1BREZDLUM2MDNGMjhFQjkwMQ==</productImage>
    <bullet1>Flexible, weather resistant</bullet1>
    <bullet2/>
    <bullet3/>
    <bullet4/>
    <bullet5/>
    <bullet6/>
    <bullet7/>
    <bullet8/>
    <bullet9/>
    <bullet10/>
    <bullet11/>
    <bullet12/>
    <bullet13/>
    <bullet14/>
    <bullet15/>
    <bullet16/>
    <bullet17/>
    <bullet18/>
    <bullet19/>
    <bullet20/>
    <bullet21/>
    <bullet22/>
    <bullet23/>
    <bullet24/>
    <vendorPriceUpdateDate>2023-04-22 00:00:00</vendorPriceUpdateDate>
  </part>
</root>
