<root>
  <part>
    <partNumber>17040594</partNumber>
    <punctuatedPartNumber>1704-0594</punctuatedPartNumber>
    <partStatusDescription>STANDARD</partStatusDescription>
    <partDescription>Big Brake Kit - X3</partDescription>
    <unitOfMeasure>Kit</unitOfMeasure>
    <brandName>PM OFF-ROAD</brandName>
    <supplierNumber>0224-3001-B</supplierNumber>
    <specialInstructions/>
    <baseDealerPrice>1954.10</baseDealerPrice>
    <yourDealerPrice>1954.10</yourDealerPrice>
    <baseRetailPrice>2499.95</baseRetailPrice>
    <originalRetailPrice>2499.95</originalRetailPrice>
    <partImage>http://asset.lemansnet.com/z/bWVkaWEvMGQ2ODhmYzItNTY3Ny00YzEyLWI0YmMtMWFjNTBmYjNlMWNi</partImage>
    <productId>1066599893</productId>
    <productName>Performance Big Brake Kit</productName>
    <productImage>http://asset.lemansnet.com/z/bWVkaWEvMGQ2ODhmYzItNTY3Ny00YzEyLWI0YmMtMWFjNTBmYjNlMWNi</productImage>
    <bullet1>Features:</bullet1>
    <bullet2>Stock calipers use only two pistons per caliper while this kit utilizes 4 oversized pistons per caliper for extra stopping power</bullet2>
    <bullet3>Exclusive 4 piston brake caliper design with black anodized finish</bullet3>
    <bullet4>CNC precision machined aluminum calipers</bullet4>
    <bullet5>Oversized 11.5” scallop cut brake disc improves braking leverage </bullet5>
    <bullet6>Available for 72" applications</bullet6>
    <bullet7>Fits most 15" or larger aftermarket wheels</bullet7>
    <bullet8>Semi-floating scallop cut design dissipates heat and resists warping</bullet8>
    <bullet9>Proudly made in U.S.A.</bullet9>
    <bullet10>Kit includes:</bullet10>
    <bullet11>4 Performance Machine Off-Road High Performance Oversized Semi-Floating Brake Discs</bullet11>
    <bullet12>4 Performance Machine Off-Road High Performance 4 Piston Brake Calipers</bullet12>
    <bullet13>4 sets of brake pads</bullet13>
    <bullet14>Mounting hardware</bullet14>
    <bullet15>Rock guard spacer kit</bullet15>
    <bullet16>Will not work with 14" wheels.</bullet16>
    <bullet17>Can-Am rear disc non-floating.</bullet17>
    <bullet18/>
    <bullet19/>
    <bullet20/>
    <bullet21/>
    <bullet22/>
    <bullet23/>
    <bullet24/>
    <vendorPriceUpdateDate>2023-04-22 00:00:00</vendorPriceUpdateDate>
  </part>
  <part>
    <partNumber>02220676</partNumber>
    <punctuatedPartNumber>0222-0676</punctuatedPartNumber>
    <partStatusDescription>STANDARD</partStatusDescription>
    <partDescription>Wheel Spacer - 4/137 - 1"</partDescription>
    <unitOfMeasure>Pair</unitOfMeasure>
    <brandName>PM OFF-ROAD</brandName>
    <supplierNumber>0220-2100-136M</supplierNumber>
    <specialInstructions/>
    <baseDealerPrice>37.00</baseDealerPrice>
    <yourDealerPrice>37.00</yourDealerPrice>
    <baseRetailPrice>54.95</baseRetailPrice>
    <originalRetailPrice>54.95</originalRetailPrice>
    <partImage>http://asset.lemansnet.com/z/LzMvRS83LzNFNzQ3ODJBLUNDOEYtNEMxQS05RkEwLTJFMTE0QkZDNjI5Nw==</partImage>
    <productId>0341328666</productId>
    <productName>Wheel Spacer</productName>
    <productImage>http://asset.lemansnet.com/z/bWVkaWEvZGFjMmE4OTAtYWRlOS00MzAwLWJhNjctOTI3NmZmOWI2Mjhi</productImage>
    <bullet1>Provides the backspacing needed to get the desired track width and tire stance to improve the look of your UTV while also adding stability</bullet1>
    <bullet2>Comes with M12-1.5 wheel studs installed and clear zinc open lug nuts to secure the spacer to the factory hub</bullet2>
    <bullet3>CNC machined from 6061-T6 billet aluminum</bullet3>
    <bullet4/>
    <bullet5/>
    <bullet6/>
    <bullet7/>
    <bullet8/>
    <bullet9/>
    <bullet10/>
    <bullet11/>
    <bullet12/>
    <bullet13/>
    <bullet14/>
    <bullet15/>
    <bullet16/>
    <bullet17/>
    <bullet18/>
    <bullet19/>
    <bullet20/>
    <bullet21/>
    <bullet22/>
    <bullet23/>
    <bullet24/>
    <vendorPriceUpdateDate>2023-04-22 00:00:00</vendorPriceUpdateDate>
  </part>
  <part>
    <partNumber>02220677</partNumber>
    <punctuatedPartNumber>0222-0677</punctuatedPartNumber>
    <partStatusDescription>STANDARD</partStatusDescription>
    <partDescription>Wheel Spacer - 4/137 - 1.5"</partDescription>
    <unitOfMeasure>Pair</unitOfMeasure>
    <brandName>PM OFF-ROAD</brandName>
    <supplierNumber>0220-2150-136M</supplierNumber>
    <specialInstructions/>
    <baseDealerPrice>43.90</baseDealerPrice>
    <yourDealerPrice>43.90</yourDealerPrice>
    <baseRetailPrice>64.95</baseRetailPrice>
    <originalRetailPrice>64.95</originalRetailPrice>
    <partImage>http://asset.lemansnet.com/z/LzMvRS83LzNFNzQ3ODJBLUNDOEYtNEMxQS05RkEwLTJFMTE0QkZDNjI5Nw==</partImage>
    <productId>0341328666</productId>
    <productName>Wheel Spacer</productName>
    <productImage>http://asset.lemansnet.com/z/bWVkaWEvZGFjMmE4OTAtYWRlOS00MzAwLWJhNjctOTI3NmZmOWI2Mjhi</productImage>
    <bullet1>Provides the backspacing needed to get the desired track width and tire stance to improve the look of your UTV while also adding stability</bullet1>
    <bullet2>Comes with M12-1.5 wheel studs installed and clear zinc open lug nuts to secure the spacer to the factory hub</bullet2>
    <bullet3>CNC machined from 6061-T6 billet aluminum</bullet3>
    <bullet4/>
    <bullet5/>
    <bullet6/>
    <bullet7/>
    <bullet8/>
    <bullet9/>
    <bullet10/>
    <bullet11/>
    <bullet12/>
    <bullet13/>
    <bullet14/>
    <bullet15/>
    <bullet16/>
    <bullet17/>
    <bullet18/>
    <bullet19/>
    <bullet20/>
    <bullet21/>
    <bullet22/>
    <bullet23/>
    <bullet24/>
    <vendorPriceUpdateDate>2023-04-22 00:00:00</vendorPriceUpdateDate>
  </part>
  <part>
    <partNumber>02220678</partNumber>
    <punctuatedPartNumber>0222-0678</punctuatedPartNumber>
    <partStatusDescription>STANDARD</partStatusDescription>
    <partDescription>Wheel Spacer - 4/137 - 2"</partDescription>
    <unitOfMeasure>Pair</unitOfMeasure>
    <brandName>PM OFF-ROAD</brandName>
    <supplierNumber>0220-2200-136M</supplierNumber>
    <specialInstructions/>
    <baseDealerPrice>50.60</baseDealerPrice>
    <yourDealerPrice>50.60</yourDealerPrice>
    <baseRetailPrice>74.95</baseRetailPrice>
    <originalRetailPrice>74.95</originalRetailPrice>
    <partImage>http://asset.lemansnet.com/z/LzMvRS83LzNFNzQ3ODJBLUNDOEYtNEMxQS05RkEwLTJFMTE0QkZDNjI5Nw==</partImage>
    <productId>0341328666</productId>
    <productName>Wheel Spacer</productName>
    <productImage>http://asset.lemansnet.com/z/bWVkaWEvZGFjMmE4OTAtYWRlOS00MzAwLWJhNjctOTI3NmZmOWI2Mjhi</productImage>
    <bullet1>Provides the backspacing needed to get the desired track width and tire stance to improve the look of your UTV while also adding stability</bullet1>
    <bullet2>Comes with M12-1.5 wheel studs installed and clear zinc open lug nuts to secure the spacer to the factory hub</bullet2>
    <bullet3>CNC machined from 6061-T6 billet aluminum</bullet3>
    <bullet4/>
    <bullet5/>
    <bullet6/>
    <bullet7/>
    <bullet8/>
    <bullet9/>
    <bullet10/>
    <bullet11/>
    <bullet12/>
    <bullet13/>
    <bullet14/>
    <bullet15/>
    <bullet16/>
    <bullet17/>
    <bullet18/>
    <bullet19/>
    <bullet20/>
    <bullet21/>
    <bullet22/>
    <bullet23/>
    <bullet24/>
    <vendorPriceUpdateDate>2023-04-22 00:00:00</vendorPriceUpdateDate>
  </part>
  <part>
    <partNumber>02220679</partNumber>
    <punctuatedPartNumber>0222-0679</punctuatedPartNumber>
    <partStatusDescription>STANDARD</partStatusDescription>
    <partDescription>Wheel Spacer - 4/156 - 1"</partDescription>
    <unitOfMeasure>Pair</unitOfMeasure>
    <brandName>PM OFF-ROAD</brandName>
    <supplierNumber>0220-2100-156M</supplierNumber>
    <specialInstructions/>
    <baseDealerPrice>37.00</baseDealerPrice>
    <yourDealerPrice>37.00</yourDealerPrice>
    <baseRetailPrice>54.95</baseRetailPrice>
    <originalRetailPrice>54.95</originalRetailPrice>
    <partImage>http://asset.lemansnet.com/z/LzMvRS83LzNFNzQ3ODJBLUNDOEYtNEMxQS05RkEwLTJFMTE0QkZDNjI5Nw==</partImage>
    <productId>0341328666</productId>
    <productName>Wheel Spacer</productName>
    <productImage>http://asset.lemansnet.com/z/bWVkaWEvZGFjMmE4OTAtYWRlOS00MzAwLWJhNjctOTI3NmZmOWI2Mjhi</productImage>
    <bullet1>Provides the backspacing needed to get the desired track width and tire stance to improve the look of your UTV while also adding stability</bullet1>
    <bullet2>Comes with M12-1.5 wheel studs installed and clear zinc open lug nuts to secure the spacer to the factory hub</bullet2>
    <bullet3>CNC machined from 6061-T6 billet aluminum</bullet3>
    <bullet4/>
    <bullet5/>
    <bullet6/>
    <bullet7/>
    <bullet8/>
    <bullet9/>
    <bullet10/>
    <bullet11/>
    <bullet12/>
    <bullet13/>
    <bullet14/>
    <bullet15/>
    <bullet16/>
    <bullet17/>
    <bullet18/>
    <bullet19/>
    <bullet20/>
    <bullet21/>
    <bullet22/>
    <bullet23/>
    <bullet24/>
    <vendorPriceUpdateDate>2023-04-22 00:00:00</vendorPriceUpdateDate>
  </part>
  <part>
    <partNumber>02220680</partNumber>
    <punctuatedPartNumber>0222-0680</punctuatedPartNumber>
    <partStatusDescription>STANDARD</partStatusDescription>
    <partDescription>Wheel Spacer - 4/156 - 1.5"</partDescription>
    <unitOfMeasure>Pair</unitOfMeasure>
    <brandName>PM OFF-ROAD</brandName>
    <supplierNumber>0220-2150-156M</supplierNumber>
    <specialInstructions/>
    <baseDealerPrice>43.90</baseDealerPrice>
    <yourDealerPrice>43.90</yourDealerPrice>
    <baseRetailPrice>64.95</baseRetailPrice>
    <originalRetailPrice>64.95</originalRetailPrice>
    <partImage>http://asset.lemansnet.com/z/LzMvRS83LzNFNzQ3ODJBLUNDOEYtNEMxQS05RkEwLTJFMTE0QkZDNjI5Nw==</partImage>
    <productId>0341328666</productId>
    <productName>Wheel Spacer</productName>
    <productImage>http://asset.lemansnet.com/z/bWVkaWEvZGFjMmE4OTAtYWRlOS00MzAwLWJhNjctOTI3NmZmOWI2Mjhi</productImage>
    <bullet1>Provides the backspacing needed to get the desired track width and tire stance to improve the look of your UTV while also adding stability</bullet1>
    <bullet2>Comes with M12-1.5 wheel studs installed and clear zinc open lug nuts to secure the spacer to the factory hub</bullet2>
    <bullet3>CNC machined from 6061-T6 billet aluminum</bullet3>
    <bullet4/>
    <bullet5/>
    <bullet6/>
    <bullet7/>
    <bullet8/>
    <bullet9/>
    <bullet10/>
    <bullet11/>
    <bullet12/>
    <bullet13/>
    <bullet14/>
    <bullet15/>
    <bullet16/>
    <bullet17/>
    <bullet18/>
    <bullet19/>
    <bullet20/>
    <bullet21/>
    <bullet22/>
    <bullet23/>
    <bullet24/>
    <vendorPriceUpdateDate>2023-04-22 00:00:00</vendorPriceUpdateDate>
  </part>
  <part>
    <partNumber>02220681</partNumber>
    <punctuatedPartNumber>0222-0681</punctuatedPartNumber>
    <partStatusDescription>STANDARD</partStatusDescription>
    <partDescription>Wheel Spacer - 4/156 - 2"</partDescription>
    <unitOfMeasure>Pair</unitOfMeasure>
    <brandName>PM OFF-ROAD</brandName>
    <supplierNumber>0220-2200-156M</supplierNumber>
    <specialInstructions/>
    <baseDealerPrice>44.40</baseDealerPrice>
    <yourDealerPrice>44.40</yourDealerPrice>
    <baseRetailPrice>74.95</baseRetailPrice>
    <originalRetailPrice>74.95</originalRetailPrice>
    <partImage>http://asset.lemansnet.com/z/LzMvRS83LzNFNzQ3ODJBLUNDOEYtNEMxQS05RkEwLTJFMTE0QkZDNjI5Nw==</partImage>
    <productId>0341328666</productId>
    <productName>Wheel Spacer</productName>
    <productImage>http://asset.lemansnet.com/z/bWVkaWEvZGFjMmE4OTAtYWRlOS00MzAwLWJhNjctOTI3NmZmOWI2Mjhi</productImage>
    <bullet1>Provides the backspacing needed to get the desired track width and tire stance to improve the look of your UTV while also adding stability</bullet1>
    <bullet2>Comes with M12-1.5 wheel studs installed and clear zinc open lug nuts to secure the spacer to the factory hub</bullet2>
    <bullet3>CNC machined from 6061-T6 billet aluminum</bullet3>
    <bullet4/>
    <bullet5/>
    <bullet6/>
    <bullet7/>
    <bullet8/>
    <bullet9/>
    <bullet10/>
    <bullet11/>
    <bullet12/>
    <bullet13/>
    <bullet14/>
    <bullet15/>
    <bullet16/>
    <bullet17/>
    <bullet18/>
    <bullet19/>
    <bullet20/>
    <bullet21/>
    <bullet22/>
    <bullet23/>
    <bullet24/>
    <vendorPriceUpdateDate>2023-04-22 00:00:00</vendorPriceUpdateDate>
  </part>
  <part>
    <partNumber>02131214</partNumber>
    <punctuatedPartNumber>0213-1214</punctuatedPartNumber>
    <partStatusDescription>DISCONTINUED</partStatusDescription>
    <partDescription>Bearing Carrier - Rear Left/Right</partDescription>
    <unitOfMeasure>Set</unitOfMeasure>
    <brandName>PM OFF-ROAD</brandName>
    <supplierNumber>0221-2003-B</supplierNumber>
    <specialInstructions>Discontinued Item</specialInstructions>
    <baseDealerPrice>932.30</baseDealerPrice>
    <yourDealerPrice>932.30</yourDealerPrice>
    <baseRetailPrice>1434.95</baseRetailPrice>
    <originalRetailPrice>1598.95</originalRetailPrice>
    <partImage>http://asset.lemansnet.com/z/LzQvRS9FLzRFRTY0RTQ2LUM4MEMtNDlCRC1BOUNCLUU4OTg1MDYwRUZGRg==</partImage>
    <productId>0461622064</productId>
    <productName>Bearing Carrier</productName>
    <productImage>http://asset.lemansnet.com/z/L0MvNC8zL0M0MzJEQTFFLUU5RUUtNDkxMy04NTA2LTMwODhGQjQ2MDc3Nw==</productImage>
    <bullet1>Includes Timken wheel bearing, stainless misalignment spacers and grade 8 bolts</bullet1>
    <bullet2>Replacing stock carriers with PM billet aluminum carriers adds strength and style</bullet2>
    <bullet3>CNC precision-machined billet 7075-T6 aluminum</bullet3>
    <bullet4>Made in the U.S.A.</bullet4>
    <bullet5/>
    <bullet6/>
    <bullet7/>
    <bullet8/>
    <bullet9/>
    <bullet10/>
    <bullet11/>
    <bullet12/>
    <bullet13/>
    <bullet14/>
    <bullet15/>
    <bullet16/>
    <bullet17/>
    <bullet18/>
    <bullet19/>
    <bullet20/>
    <bullet21/>
    <bullet22/>
    <bullet23/>
    <bullet24/>
    <vendorPriceUpdateDate>2023-01-11 00:00:00</vendorPriceUpdateDate>
  </part>
  <part>
    <partNumber>02131216</partNumber>
    <punctuatedPartNumber>0213-1216</punctuatedPartNumber>
    <partStatusDescription>STANDARD</partStatusDescription>
    <partDescription>Steering Knuckle - Front Left</partDescription>
    <unitOfMeasure>Each</unitOfMeasure>
    <brandName>PM OFF-ROAD</brandName>
    <supplierNumber>0221-1001-B</supplierNumber>
    <specialInstructions/>
    <baseDealerPrice>833.30</baseDealerPrice>
    <yourDealerPrice>833.30</yourDealerPrice>
    <baseRetailPrice>999.95</baseRetailPrice>
    <originalRetailPrice>999.95</originalRetailPrice>
    <partImage>http://asset.lemansnet.com/z/L0EvRS8xL0FFMTFCQkFGLUU5NEYtNDg4Ny05NTQ0LThCMDk4MDU4NkJERSwvNS9ELzgvNUQ4RjQxM0EtOEZEMy00NjJELTgxRkYtNDU0OTcyRjAzMzUx</partImage>
    <productId>1046846137</productId>
    <productName>Steering Knuckle</productName>
    <productImage>http://asset.lemansnet.com/z/L0QvQy8xL0RDMTUwMUExLTVDRjctNDNBRi04MDk2LTgyMjIyNEQ5MjdCMQ==</productImage>
    <bullet1>Performance Machine Off-Road steering knuckles are made from 7075-T6 billet aluminum and feature a double sheer pin for maximum strength</bullet1>
    <bullet2>Replacing the stock knuckles with PM billet aluminum knuckles adds strength and style </bullet2>
    <bullet3>Includes Timken wheel bearing, stainless misalignment spacers</bullet3>
    <bullet4>Available in black anodized finish complete with PM logo</bullet4>
    <bullet5>Made in the U.S.A.</bullet5>
    <bullet6/>
    <bullet7/>
    <bullet8/>
    <bullet9/>
    <bullet10/>
    <bullet11/>
    <bullet12/>
    <bullet13/>
    <bullet14/>
    <bullet15/>
    <bullet16/>
    <bullet17/>
    <bullet18/>
    <bullet19/>
    <bullet20/>
    <bullet21/>
    <bullet22/>
    <bullet23/>
    <bullet24/>
    <vendorPriceUpdateDate>2023-01-11 00:00:00</vendorPriceUpdateDate>
  </part>
  <part>
    <partNumber>02131220</partNumber>
    <punctuatedPartNumber>0213-1220</punctuatedPartNumber>
    <partStatusDescription>STANDARD</partStatusDescription>
    <partDescription>Steering Knuckle - Front Left/Right</partDescription>
    <unitOfMeasure>Set</unitOfMeasure>
    <brandName>PM OFF-ROAD</brandName>
    <supplierNumber>0221-2000-B</supplierNumber>
    <specialInstructions/>
    <baseDealerPrice>1331.90</baseDealerPrice>
    <yourDealerPrice>1331.90</yourDealerPrice>
    <baseRetailPrice>1598.95</baseRetailPrice>
    <originalRetailPrice>1598.95</originalRetailPrice>
    <partImage>http://asset.lemansnet.com/z/LzYvQi9FLzZCRUUxNThGLTBGMDgtNDVEQi05RjE5LUFGNDAyNTA2MkRCNA==</partImage>
    <productId>1046846137</productId>
    <productName>Steering Knuckle</productName>
    <productImage>http://asset.lemansnet.com/z/L0QvQy8xL0RDMTUwMUExLTVDRjctNDNBRi04MDk2LTgyMjIyNEQ5MjdCMQ==</productImage>
    <bullet1>Performance Machine Off-Road steering knuckles are made from 7075-T6 billet aluminum and feature a double sheer pin for maximum strength</bullet1>
    <bullet2>Replacing the stock knuckles with PM billet aluminum knuckles adds strength and style </bullet2>
    <bullet3>Includes Timken wheel bearing, stainless misalignment spacers</bullet3>
    <bullet4>Available in black anodized finish complete with PM logo</bullet4>
    <bullet5>Made in the U.S.A.</bullet5>
    <bullet6/>
    <bullet7/>
    <bullet8/>
    <bullet9/>
    <bullet10/>
    <bullet11/>
    <bullet12/>
    <bullet13/>
    <bullet14/>
    <bullet15/>
    <bullet16/>
    <bullet17/>
    <bullet18/>
    <bullet19/>
    <bullet20/>
    <bullet21/>
    <bullet22/>
    <bullet23/>
    <bullet24/>
    <vendorPriceUpdateDate>2023-04-22 00:00:00</vendorPriceUpdateDate>
  </part>
  <part>
    <partNumber>02131221</partNumber>
    <punctuatedPartNumber>0213-1221</punctuatedPartNumber>
    <partStatusDescription>STANDARD</partStatusDescription>
    <partDescription>Bearing Carrier - Rear Left/Right</partDescription>
    <unitOfMeasure>Set</unitOfMeasure>
    <brandName>PM OFF-ROAD</brandName>
    <supplierNumber>0221-2001-B</supplierNumber>
    <specialInstructions/>
    <baseDealerPrice>1665.20</baseDealerPrice>
    <yourDealerPrice>1665.20</yourDealerPrice>
    <baseRetailPrice>1998.95</baseRetailPrice>
    <originalRetailPrice>1998.95</originalRetailPrice>
    <partImage>http://asset.lemansnet.com/z/LzMvNi9CLzM2Qjk4MjE4LUUwREItNEMwNC1BNTQ1LThFODI4NkE4QzE5OQ==</partImage>
    <productId>0425795086</productId>
    <productName>Bearing Carrier</productName>
    <productImage>http://asset.lemansnet.com/z/L0MvNC8zL0M0MzJEQTFFLUU5RUUtNDkxMy04NTA2LTMwODhGQjQ2MDc3Nw==</productImage>
    <bullet1>Includes Timken wheel bearing, stainless misalignment spacers and grade 8 bolts</bullet1>
    <bullet2>Replacing stock carriers with PM billet aluminum carriers adds strength and style</bullet2>
    <bullet3>CNC precision-machined billet 7075-T6 aluminum</bullet3>
    <bullet4>Made in the U.S.A.</bullet4>
    <bullet5/>
    <bullet6/>
    <bullet7/>
    <bullet8/>
    <bullet9/>
    <bullet10/>
    <bullet11/>
    <bullet12/>
    <bullet13/>
    <bullet14/>
    <bullet15/>
    <bullet16/>
    <bullet17/>
    <bullet18/>
    <bullet19/>
    <bullet20/>
    <bullet21/>
    <bullet22/>
    <bullet23/>
    <bullet24/>
    <vendorPriceUpdateDate>2023-04-22 00:00:00</vendorPriceUpdateDate>
  </part>
  <part>
    <partNumber>02301358</partNumber>
    <punctuatedPartNumber>0230-1358</punctuatedPartNumber>
    <partStatusDescription>STANDARD</partStatusDescription>
    <partDescription>Wheel - Destroy - Front/Rear - Machined - 15x7 - 4/137 - 5+2</partDescription>
    <unitOfMeasure>Each</unitOfMeasure>
    <brandName>PM OFF-ROAD</brandName>
    <supplierNumber>411MA1507015280</supplierNumber>
    <specialInstructions/>
    <baseDealerPrice>479.90</baseDealerPrice>
    <yourDealerPrice>479.90</yourDealerPrice>
    <baseRetailPrice>599.95</baseRetailPrice>
    <originalRetailPrice>599.95</originalRetailPrice>
    <partImage>http://asset.lemansnet.com/z/LzkvMC9BLzkwQTQyMjE0LTQyMjktNDI3NS1BODI4LURBODJCNUIwOTdDMw==</partImage>
    <productId>0216839815</productId>
    <productName>Destroy Wheel</productName>
    <productImage>http://asset.lemansnet.com/z/LzkvMC9BLzkwQTQyMjE0LTQyMjktNDI3NS1BODI4LURBODJCNUIwOTdDMw==</productImage>
    <bullet1>Made from 6061-T6 aluminum for the strength to stand up to punishing terrain</bullet1>
    <bullet2>Offered in a 15"x7" wheels size for up to 35" tires</bullet2>
    <bullet3>The Destroy wheel is an eight spoke wheel</bullet3>
    <bullet4>Tested to exceed SAE requirements</bullet4>
    <bullet5>Made in the U.S.A.</bullet5>
    <bullet6>Includes center cap</bullet6>
    <bullet7/>
    <bullet8/>
    <bullet9/>
    <bullet10/>
    <bullet11/>
    <bullet12/>
    <bullet13/>
    <bullet14/>
    <bullet15/>
    <bullet16/>
    <bullet17/>
    <bullet18/>
    <bullet19/>
    <bullet20/>
    <bullet21/>
    <bullet22/>
    <bullet23/>
    <bullet24/>
    <vendorPriceUpdateDate>2023-01-12 00:00:00</vendorPriceUpdateDate>
  </part>
  <part>
    <partNumber>02301359</partNumber>
    <punctuatedPartNumber>0230-1359</punctuatedPartNumber>
    <partStatusDescription>STANDARD</partStatusDescription>
    <partDescription>Wheel - Destroy - Front/Rear - Black/Contrast Cut® - 15x7 - 4/137 - 5+2</partDescription>
    <unitOfMeasure>Each</unitOfMeasure>
    <brandName>PM OFF-ROAD</brandName>
    <supplierNumber>411B31507015280</supplierNumber>
    <specialInstructions/>
    <baseDealerPrice>519.90</baseDealerPrice>
    <yourDealerPrice>519.90</yourDealerPrice>
    <baseRetailPrice>649.95</baseRetailPrice>
    <originalRetailPrice>649.95</originalRetailPrice>
    <partImage>http://asset.lemansnet.com/z/LzEvNi9DLzE2QzE2QTlELTFBMjktNDZENC1CNTU1LTY4NjRFOUI3MjdGMA==</partImage>
    <productId>0216839815</productId>
    <productName>Destroy Wheel</productName>
    <productImage>http://asset.lemansnet.com/z/LzkvMC9BLzkwQTQyMjE0LTQyMjktNDI3NS1BODI4LURBODJCNUIwOTdDMw==</productImage>
    <bullet1>Made from 6061-T6 aluminum for the strength to stand up to punishing terrain</bullet1>
    <bullet2>Offered in a 15"x7" wheels size for up to 35" tires</bullet2>
    <bullet3>The Destroy wheel is an eight spoke wheel</bullet3>
    <bullet4>Tested to exceed SAE requirements</bullet4>
    <bullet5>Made in the U.S.A.</bullet5>
    <bullet6>Includes center cap</bullet6>
    <bullet7/>
    <bullet8/>
    <bullet9/>
    <bullet10/>
    <bullet11/>
    <bullet12/>
    <bullet13/>
    <bullet14/>
    <bullet15/>
    <bullet16/>
    <bullet17/>
    <bullet18/>
    <bullet19/>
    <bullet20/>
    <bullet21/>
    <bullet22/>
    <bullet23/>
    <bullet24/>
    <vendorPriceUpdateDate>2023-01-12 00:00:00</vendorPriceUpdateDate>
  </part>
  <part>
    <partNumber>02301360</partNumber>
    <punctuatedPartNumber>0230-1360</punctuatedPartNumber>
    <partStatusDescription>STANDARD</partStatusDescription>
    <partDescription>Wheel - Destroy - Front/Rear - Machined - 15x7 - 4/156 - 4+3</partDescription>
    <unitOfMeasure>Each</unitOfMeasure>
    <brandName>PM OFF-ROAD</brandName>
    <supplierNumber>411MA1507005290</supplierNumber>
    <specialInstructions/>
    <baseDealerPrice>479.90</baseDealerPrice>
    <yourDealerPrice>479.90</yourDealerPrice>
    <baseRetailPrice>599.95</baseRetailPrice>
    <originalRetailPrice>599.95</originalRetailPrice>
    <partImage>http://asset.lemansnet.com/z/LzkvMC9BLzkwQTQyMjE0LTQyMjktNDI3NS1BODI4LURBODJCNUIwOTdDMw==</partImage>
    <productId>0216839815</productId>
    <productName>Destroy Wheel</productName>
    <productImage>http://asset.lemansnet.com/z/LzkvMC9BLzkwQTQyMjE0LTQyMjktNDI3NS1BODI4LURBODJCNUIwOTdDMw==</productImage>
    <bullet1>Made from 6061-T6 aluminum for the strength to stand up to punishing terrain</bullet1>
    <bullet2>Offered in a 15"x7" wheels size for up to 35" tires</bullet2>
    <bullet3>The Destroy wheel is an eight spoke wheel</bullet3>
    <bullet4>Tested to exceed SAE requirements</bullet4>
    <bullet5>Made in the U.S.A.</bullet5>
    <bullet6>Includes center cap</bullet6>
    <bullet7/>
    <bullet8/>
    <bullet9/>
    <bullet10/>
    <bullet11/>
    <bullet12/>
    <bullet13/>
    <bullet14/>
    <bullet15/>
    <bullet16/>
    <bullet17/>
    <bullet18/>
    <bullet19/>
    <bullet20/>
    <bullet21/>
    <bullet22/>
    <bullet23/>
    <bullet24/>
    <vendorPriceUpdateDate>2023-01-12 00:00:00</vendorPriceUpdateDate>
  </part>
  <part>
    <partNumber>02301361</partNumber>
    <punctuatedPartNumber>0230-1361</punctuatedPartNumber>
    <partStatusDescription>STANDARD</partStatusDescription>
    <partDescription>Wheel - Destroy - Front/Rear - Black/Contrast Cut® - 15x7 - 4/156 - 4+3</partDescription>
    <unitOfMeasure>Each</unitOfMeasure>
    <brandName>PM OFF-ROAD</brandName>
    <supplierNumber>411B31507005290</supplierNumber>
    <specialInstructions/>
    <baseDealerPrice>519.90</baseDealerPrice>
    <yourDealerPrice>519.90</yourDealerPrice>
    <baseRetailPrice>649.95</baseRetailPrice>
    <originalRetailPrice>649.95</originalRetailPrice>
    <partImage>http://asset.lemansnet.com/z/LzEvNi9DLzE2QzE2QTlELTFBMjktNDZENC1CNTU1LTY4NjRFOUI3MjdGMA==</partImage>
    <productId>0216839815</productId>
    <productName>Destroy Wheel</productName>
    <productImage>http://asset.lemansnet.com/z/LzkvMC9BLzkwQTQyMjE0LTQyMjktNDI3NS1BODI4LURBODJCNUIwOTdDMw==</productImage>
    <bullet1>Made from 6061-T6 aluminum for the strength to stand up to punishing terrain</bullet1>
    <bullet2>Offered in a 15"x7" wheels size for up to 35" tires</bullet2>
    <bullet3>The Destroy wheel is an eight spoke wheel</bullet3>
    <bullet4>Tested to exceed SAE requirements</bullet4>
    <bullet5>Made in the U.S.A.</bullet5>
    <bullet6>Includes center cap</bullet6>
    <bullet7/>
    <bullet8/>
    <bullet9/>
    <bullet10/>
    <bullet11/>
    <bullet12/>
    <bullet13/>
    <bullet14/>
    <bullet15/>
    <bullet16/>
    <bullet17/>
    <bullet18/>
    <bullet19/>
    <bullet20/>
    <bullet21/>
    <bullet22/>
    <bullet23/>
    <bullet24/>
    <vendorPriceUpdateDate>2023-01-12 00:00:00</vendorPriceUpdateDate>
  </part>
  <part>
    <partNumber>02301362</partNumber>
    <punctuatedPartNumber>0230-1362</punctuatedPartNumber>
    <partStatusDescription>STANDARD</partStatusDescription>
    <partDescription>Wheel - Heathen - Front/Rear - Machined - 15x7 - 4/137 - 5+2</partDescription>
    <unitOfMeasure>Each</unitOfMeasure>
    <brandName>PM OFF-ROAD</brandName>
    <supplierNumber>413MA1507015280</supplierNumber>
    <specialInstructions/>
    <baseDealerPrice>479.90</baseDealerPrice>
    <yourDealerPrice>479.90</yourDealerPrice>
    <baseRetailPrice>599.95</baseRetailPrice>
    <originalRetailPrice>599.95</originalRetailPrice>
    <partImage>http://asset.lemansnet.com/z/LzYvMy83LzYzN0NFOUE0LUFBQzctNENFRi04NEQ1LTQ5RDBDOUVGNDI0NA==</partImage>
    <productId>2032094597</productId>
    <productName>Heathen Wheel</productName>
    <productImage>http://asset.lemansnet.com/z/LzYvMy83LzYzN0NFOUE0LUFBQzctNENFRi04NEQ1LTQ5RDBDOUVGNDI0NA==</productImage>
    <bullet1>The Heathen is a sinfully rugged split 8 spoke wheel designed to bring out the uncivilized, uncultured, rebellious attitude </bullet1>
    <bullet2>Made from forged 6061-T6 aluminum for the strength to stand up to punishing terrain</bullet2>
    <bullet3>Offered in a 15"x7" wheels size for up to 35" tires</bullet3>
    <bullet4>Tested to exceed SAE requirements</bullet4>
    <bullet5>Made in the U.S.A.</bullet5>
    <bullet6>Includes center cap</bullet6>
    <bullet7/>
    <bullet8/>
    <bullet9/>
    <bullet10/>
    <bullet11/>
    <bullet12/>
    <bullet13/>
    <bullet14/>
    <bullet15/>
    <bullet16/>
    <bullet17/>
    <bullet18/>
    <bullet19/>
    <bullet20/>
    <bullet21/>
    <bullet22/>
    <bullet23/>
    <bullet24/>
    <vendorPriceUpdateDate>2023-01-12 00:00:00</vendorPriceUpdateDate>
  </part>
  <part>
    <partNumber>02301363</partNumber>
    <punctuatedPartNumber>0230-1363</punctuatedPartNumber>
    <partStatusDescription>STANDARD</partStatusDescription>
    <partDescription>Wheel - Heathen - Front/Rear - Black/Contrast Cut® - 15x7 - 4/137 - 5+2</partDescription>
    <unitOfMeasure>Each</unitOfMeasure>
    <brandName>PM OFF-ROAD</brandName>
    <supplierNumber>413B31507015280</supplierNumber>
    <specialInstructions/>
    <baseDealerPrice>519.90</baseDealerPrice>
    <yourDealerPrice>519.90</yourDealerPrice>
    <baseRetailPrice>649.95</baseRetailPrice>
    <originalRetailPrice>649.95</originalRetailPrice>
    <partImage>http://asset.lemansnet.com/z/L0QvRi9DL0RGQzhERjVGLUY5RUQtNDIzMi1CODQ0LUZDOUQyMjU2NzkxRQ==</partImage>
    <productId>2032094597</productId>
    <productName>Heathen Wheel</productName>
    <productImage>http://asset.lemansnet.com/z/LzYvMy83LzYzN0NFOUE0LUFBQzctNENFRi04NEQ1LTQ5RDBDOUVGNDI0NA==</productImage>
    <bullet1>The Heathen is a sinfully rugged split 8 spoke wheel designed to bring out the uncivilized, uncultured, rebellious attitude </bullet1>
    <bullet2>Made from forged 6061-T6 aluminum for the strength to stand up to punishing terrain</bullet2>
    <bullet3>Offered in a 15"x7" wheels size for up to 35" tires</bullet3>
    <bullet4>Tested to exceed SAE requirements</bullet4>
    <bullet5>Made in the U.S.A.</bullet5>
    <bullet6>Includes center cap</bullet6>
    <bullet7/>
    <bullet8/>
    <bullet9/>
    <bullet10/>
    <bullet11/>
    <bullet12/>
    <bullet13/>
    <bullet14/>
    <bullet15/>
    <bullet16/>
    <bullet17/>
    <bullet18/>
    <bullet19/>
    <bullet20/>
    <bullet21/>
    <bullet22/>
    <bullet23/>
    <bullet24/>
    <vendorPriceUpdateDate>2023-01-12 00:00:00</vendorPriceUpdateDate>
  </part>
  <part>
    <partNumber>02301364</partNumber>
    <punctuatedPartNumber>0230-1364</punctuatedPartNumber>
    <partStatusDescription>STANDARD</partStatusDescription>
    <partDescription>Wheel - Heathen - Front/Rear - Machined - 15x7 - 4/156 - 4+3</partDescription>
    <unitOfMeasure>Each</unitOfMeasure>
    <brandName>PM OFF-ROAD</brandName>
    <supplierNumber>413MA1507005290</supplierNumber>
    <specialInstructions/>
    <baseDealerPrice>479.90</baseDealerPrice>
    <yourDealerPrice>479.90</yourDealerPrice>
    <baseRetailPrice>599.95</baseRetailPrice>
    <originalRetailPrice>599.95</originalRetailPrice>
    <partImage>http://asset.lemansnet.com/z/LzYvMy83LzYzN0NFOUE0LUFBQzctNENFRi04NEQ1LTQ5RDBDOUVGNDI0NA==</partImage>
    <productId>2032094597</productId>
    <productName>Heathen Wheel</productName>
    <productImage>http://asset.lemansnet.com/z/LzYvMy83LzYzN0NFOUE0LUFBQzctNENFRi04NEQ1LTQ5RDBDOUVGNDI0NA==</productImage>
    <bullet1>The Heathen is a sinfully rugged split 8 spoke wheel designed to bring out the uncivilized, uncultured, rebellious attitude </bullet1>
    <bullet2>Made from forged 6061-T6 aluminum for the strength to stand up to punishing terrain</bullet2>
    <bullet3>Offered in a 15"x7" wheels size for up to 35" tires</bullet3>
    <bullet4>Tested to exceed SAE requirements</bullet4>
    <bullet5>Made in the U.S.A.</bullet5>
    <bullet6>Includes center cap</bullet6>
    <bullet7/>
    <bullet8/>
    <bullet9/>
    <bullet10/>
    <bullet11/>
    <bullet12/>
    <bullet13/>
    <bullet14/>
    <bullet15/>
    <bullet16/>
    <bullet17/>
    <bullet18/>
    <bullet19/>
    <bullet20/>
    <bullet21/>
    <bullet22/>
    <bullet23/>
    <bullet24/>
    <vendorPriceUpdateDate>2023-01-12 00:00:00</vendorPriceUpdateDate>
  </part>
  <part>
    <partNumber>02301365</partNumber>
    <punctuatedPartNumber>0230-1365</punctuatedPartNumber>
    <partStatusDescription>STANDARD</partStatusDescription>
    <partDescription>Wheel - Heathen - Front/Rear - Black/Contrast Cut® - 15x7 - 4/156 - 4+3</partDescription>
    <unitOfMeasure>Each</unitOfMeasure>
    <brandName>PM OFF-ROAD</brandName>
    <supplierNumber>413B31507005290</supplierNumber>
    <specialInstructions/>
    <baseDealerPrice>519.90</baseDealerPrice>
    <yourDealerPrice>519.90</yourDealerPrice>
    <baseRetailPrice>649.95</baseRetailPrice>
    <originalRetailPrice>649.95</originalRetailPrice>
    <partImage>http://asset.lemansnet.com/z/L0QvRi9DL0RGQzhERjVGLUY5RUQtNDIzMi1CODQ0LUZDOUQyMjU2NzkxRQ==</partImage>
    <productId>2032094597</productId>
    <productName>Heathen Wheel</productName>
    <productImage>http://asset.lemansnet.com/z/LzYvMy83LzYzN0NFOUE0LUFBQzctNENFRi04NEQ1LTQ5RDBDOUVGNDI0NA==</productImage>
    <bullet1>The Heathen is a sinfully rugged split 8 spoke wheel designed to bring out the uncivilized, uncultured, rebellious attitude </bullet1>
    <bullet2>Made from forged 6061-T6 aluminum for the strength to stand up to punishing terrain</bullet2>
    <bullet3>Offered in a 15"x7" wheels size for up to 35" tires</bullet3>
    <bullet4>Tested to exceed SAE requirements</bullet4>
    <bullet5>Made in the U.S.A.</bullet5>
    <bullet6>Includes center cap</bullet6>
    <bullet7/>
    <bullet8/>
    <bullet9/>
    <bullet10/>
    <bullet11/>
    <bullet12/>
    <bullet13/>
    <bullet14/>
    <bullet15/>
    <bullet16/>
    <bullet17/>
    <bullet18/>
    <bullet19/>
    <bullet20/>
    <bullet21/>
    <bullet22/>
    <bullet23/>
    <bullet24/>
    <vendorPriceUpdateDate>2023-01-12 00:00:00</vendorPriceUpdateDate>
  </part>
  <part>
    <partNumber>02301366</partNumber>
    <punctuatedPartNumber>0230-1366</punctuatedPartNumber>
    <partStatusDescription>STANDARD</partStatusDescription>
    <partDescription>Wheel - Race Beadlock - Front/Rear - Machined - 15x7 - 4/137 - 5+2</partDescription>
    <unitOfMeasure>Each</unitOfMeasure>
    <brandName>PM OFF-ROAD</brandName>
    <supplierNumber>412MA1507015282</supplierNumber>
    <specialInstructions>Actually 4/137</specialInstructions>
    <baseDealerPrice>639.90</baseDealerPrice>
    <yourDealerPrice>639.90</yourDealerPrice>
    <baseRetailPrice>799.95</baseRetailPrice>
    <originalRetailPrice>799.95</originalRetailPrice>
    <partImage>http://asset.lemansnet.com/z/LzcvRS9GLzdFRkE1REJDLTI4NUYtNEVDOC04OTJELTlGM0ZFNURERUQ3RQ==</partImage>
    <productId>1489911538</productId>
    <productName>Race Beadlock Wheel</productName>
    <productImage>http://asset.lemansnet.com/z/LzcvRS9GLzdFRkE1REJDLTI4NUYtNEVDOC04OTJELTlGM0ZFNURERUQ3RQ==</productImage>
    <bullet1>Being a true beadlock design, the beadlock ring is made from forged aluminum and held firmly in place with class 10-9 bolts</bullet1>
    <bullet2>Made from forged 6061-T6 aluminum for the strength to stand up to punishing terrain</bullet2>
    <bullet3>Offered in a 15"x7" wheel size for up to 35" tires</bullet3>
    <bullet4>Tested to exceed SAE requirements</bullet4>
    <bullet5>Made in the U.S.A.</bullet5>
    <bullet6>5 spoke wheel</bullet6>
    <bullet7/>
    <bullet8/>
    <bullet9/>
    <bullet10/>
    <bullet11/>
    <bullet12/>
    <bullet13/>
    <bullet14/>
    <bullet15/>
    <bullet16/>
    <bullet17/>
    <bullet18/>
    <bullet19/>
    <bullet20/>
    <bullet21/>
    <bullet22/>
    <bullet23/>
    <bullet24/>
    <vendorPriceUpdateDate>2023-01-12 00:00:00</vendorPriceUpdateDate>
  </part>
  <part>
    <partNumber>02301367</partNumber>
    <punctuatedPartNumber>0230-1367</punctuatedPartNumber>
    <partStatusDescription>STANDARD</partStatusDescription>
    <partDescription>Wheel - Race Beadlock - Front/Rear - Machined - 15x7 - 4/156 - 5+2</partDescription>
    <unitOfMeasure>Each</unitOfMeasure>
    <brandName>PM OFF-ROAD</brandName>
    <supplierNumber>412MA1507015292</supplierNumber>
    <specialInstructions/>
    <baseDealerPrice>639.90</baseDealerPrice>
    <yourDealerPrice>639.90</yourDealerPrice>
    <baseRetailPrice>799.95</baseRetailPrice>
    <originalRetailPrice>799.95</originalRetailPrice>
    <partImage>http://asset.lemansnet.com/z/LzcvRS9GLzdFRkE1REJDLTI4NUYtNEVDOC04OTJELTlGM0ZFNURERUQ3RQ==</partImage>
    <productId>1489911538</productId>
    <productName>Race Beadlock Wheel</productName>
    <productImage>http://asset.lemansnet.com/z/LzcvRS9GLzdFRkE1REJDLTI4NUYtNEVDOC04OTJELTlGM0ZFNURERUQ3RQ==</productImage>
    <bullet1>Being a true beadlock design, the beadlock ring is made from forged aluminum and held firmly in place with class 10-9 bolts</bullet1>
    <bullet2>Made from forged 6061-T6 aluminum for the strength to stand up to punishing terrain</bullet2>
    <bullet3>Offered in a 15"x7" wheel size for up to 35" tires</bullet3>
    <bullet4>Tested to exceed SAE requirements</bullet4>
    <bullet5>Made in the U.S.A.</bullet5>
    <bullet6>5 spoke wheel</bullet6>
    <bullet7/>
    <bullet8/>
    <bullet9/>
    <bullet10/>
    <bullet11/>
    <bullet12/>
    <bullet13/>
    <bullet14/>
    <bullet15/>
    <bullet16/>
    <bullet17/>
    <bullet18/>
    <bullet19/>
    <bullet20/>
    <bullet21/>
    <bullet22/>
    <bullet23/>
    <bullet24/>
    <vendorPriceUpdateDate>2023-01-12 00:00:00</vendorPriceUpdateDate>
  </part>
  <part>
    <partNumber>02301368</partNumber>
    <punctuatedPartNumber>0230-1368</punctuatedPartNumber>
    <partStatusDescription>STANDARD</partStatusDescription>
    <partDescription>Wheel - Race Beadlock - Front/Rear - Black/Contrast Cut® - 15x7 - 5/4.5 - 5+2</partDescription>
    <unitOfMeasure>Each</unitOfMeasure>
    <brandName>PM OFF-ROAD</brandName>
    <supplierNumber>412B31507015302</supplierNumber>
    <specialInstructions>*ORD TO TAR* *DROP SHIP* 02CJP</specialInstructions>
    <baseDealerPrice>720.00</baseDealerPrice>
    <yourDealerPrice>720.00</yourDealerPrice>
    <baseRetailPrice>899.95</baseRetailPrice>
    <originalRetailPrice>899.95</originalRetailPrice>
    <partImage>http://asset.lemansnet.com/z/LzUvRi81LzVGNTM4NkNELTM5RDUtNDc5NS1CM0U1LUVGQ0M3NDQ2MjI2MQ==</partImage>
    <productId>1489911538</productId>
    <productName>Race Beadlock Wheel</productName>
    <productImage>http://asset.lemansnet.com/z/LzcvRS9GLzdFRkE1REJDLTI4NUYtNEVDOC04OTJELTlGM0ZFNURERUQ3RQ==</productImage>
    <bullet1>Being a true beadlock design, the beadlock ring is made from forged aluminum and held firmly in place with class 10-9 bolts</bullet1>
    <bullet2>Made from forged 6061-T6 aluminum for the strength to stand up to punishing terrain</bullet2>
    <bullet3>Offered in a 15"x7" wheel size for up to 35" tires</bullet3>
    <bullet4>Tested to exceed SAE requirements</bullet4>
    <bullet5>Made in the U.S.A.</bullet5>
    <bullet6>5 spoke wheel</bullet6>
    <bullet7/>
    <bullet8/>
    <bullet9/>
    <bullet10/>
    <bullet11/>
    <bullet12/>
    <bullet13/>
    <bullet14/>
    <bullet15/>
    <bullet16/>
    <bullet17/>
    <bullet18/>
    <bullet19/>
    <bullet20/>
    <bullet21/>
    <bullet22/>
    <bullet23/>
    <bullet24/>
    <vendorPriceUpdateDate>2023-01-13 00:00:00</vendorPriceUpdateDate>
  </part>
  <part>
    <partNumber>13020849</partNumber>
    <punctuatedPartNumber>1302-0849</punctuatedPartNumber>
    <partStatusDescription>DISCONTINUED</partStatusDescription>
    <partDescription>Radius Rod - High Clearance - Honda - Talon - Black - Contrast Cut</partDescription>
    <unitOfMeasure>Kit</unitOfMeasure>
    <brandName>PM OFF-ROAD</brandName>
    <supplierNumber>0222-2004-BM</supplierNumber>
    <specialInstructions>Not for any Talon X models</specialInstructions>
    <baseDealerPrice>524.90</baseDealerPrice>
    <yourDealerPrice>524.90</yourDealerPrice>
    <baseRetailPrice>807.95</baseRetailPrice>
    <originalRetailPrice>899.95</originalRetailPrice>
    <partImage>http://asset.lemansnet.com/z/L0IvMS84L0IxOEQ4M0MzLUJBN0ItNDgxMi04OTJBLTIwMTJCRTNGQzlGRSxtZWRpYS85OWZlZWVjNC01NDhkLTQ5NmUtODA4ZC1jMGM0NWJhNTQ2YTQ=</partImage>
    <productId>0269601973</productId>
    <productName>Radius Rod</productName>
    <productImage>http://asset.lemansnet.com/z/LzIvQy8yLzJDMkY5MzhELTU4REUtNDczMC05NjE3LTM0NjlEQzVDMTJBMw==</productImage>
    <bullet1>Add strength and provides for full adjustment compared to the stock units</bullet1>
    <bullet2>Design increases ground clearance and off-road appeal</bullet2>
    <bullet3>QA1 spherical bearing rod ends</bullet3>
    <bullet4>Includes 303 stainless steel misalignment spacers</bullet4>
    <bullet5>Made in USA</bullet5>
    <bullet6/>
    <bullet7/>
    <bullet8/>
    <bullet9/>
    <bullet10/>
    <bullet11/>
    <bullet12/>
    <bullet13/>
    <bullet14/>
    <bullet15/>
    <bullet16/>
    <bullet17/>
    <bullet18/>
    <bullet19/>
    <bullet20/>
    <bullet21/>
    <bullet22/>
    <bullet23/>
    <bullet24/>
    <vendorPriceUpdateDate>2023-04-22 00:00:00</vendorPriceUpdateDate>
  </part>
  <part>
    <partNumber>13020850</partNumber>
    <punctuatedPartNumber>1302-0850</punctuatedPartNumber>
    <partStatusDescription>DISCONTINUED</partStatusDescription>
    <partDescription>Radius Rod Plate w/ Black Hook - Can-Am X3 72" - Raw Machined</partDescription>
    <unitOfMeasure>Each</unitOfMeasure>
    <brandName>PM OFF-ROAD</brandName>
    <supplierNumber>0222-2002</supplierNumber>
    <specialInstructions>Discontinued Item</specialInstructions>
    <baseDealerPrice>135.10</baseDealerPrice>
    <yourDealerPrice>135.10</yourDealerPrice>
    <baseRetailPrice>207.95</baseRetailPrice>
    <originalRetailPrice>229.95</originalRetailPrice>
    <partImage>http://asset.lemansnet.com/z/L0YvNy81L0Y3NTVDNkQ0LUIxOTgtNDI1MS05RjIwLUI2OTJEMkY2NTY2Qw==</partImage>
    <productId>1116943470</productId>
    <productName>Radius Rod Plate</productName>
    <productImage>http://asset.lemansnet.com/z/L0YvNy81L0Y3NTVDNkQ0LUIxOTgtNDI1MS05RjIwLUI2OTJEMkY2NTY2Qw==</productImage>
    <bullet1>Gives your UTV a custom attitude and a great focal point</bullet1>
    <bullet2>Can-Am X3 design includes a 7075-T6 aluminum tow hook</bullet2>
    <bullet3>Available in raw machined and black finishes with laser-cut logos</bullet3>
    <bullet4>Made in the USA</bullet4>
    <bullet5/>
    <bullet6/>
    <bullet7/>
    <bullet8/>
    <bullet9/>
    <bullet10/>
    <bullet11/>
    <bullet12/>
    <bullet13/>
    <bullet14/>
    <bullet15/>
    <bullet16/>
    <bullet17/>
    <bullet18/>
    <bullet19/>
    <bullet20/>
    <bullet21/>
    <bullet22/>
    <bullet23/>
    <bullet24/>
    <vendorPriceUpdateDate>2023-01-11 00:00:00</vendorPriceUpdateDate>
  </part>
  <part>
    <partNumber>13020856</partNumber>
    <punctuatedPartNumber>1302-0856</punctuatedPartNumber>
    <partStatusDescription>DISCONTINUED</partStatusDescription>
    <partDescription>Radius Rod - High Clearance - Polaris RZR - Pro R - Raw Machined</partDescription>
    <unitOfMeasure>Set</unitOfMeasure>
    <brandName>PM OFF-ROAD</brandName>
    <supplierNumber>0222-2007</supplierNumber>
    <specialInstructions>Discontinued Item</specialInstructions>
    <baseDealerPrice>641.60</baseDealerPrice>
    <yourDealerPrice>641.60</yourDealerPrice>
    <baseRetailPrice>987.95</baseRetailPrice>
    <originalRetailPrice>1099.95</originalRetailPrice>
    <partImage>http://asset.lemansnet.com/z/L0YvRC8wL0ZEMDYwQThFLTI0NTgtNEVGQy1CNDgxLTgyNUIzNDQxQ0UzRg==</partImage>
    <productId>0903792784</productId>
    <productName>Radius Rod</productName>
    <productImage>http://asset.lemansnet.com/z/L0YvRC8wL0ZEMDYwQThFLTI0NTgtNEVGQy1CNDgxLTgyNUIzNDQxQ0UzRg==</productImage>
    <bullet1>Add strength and provides for full adjustment compared to the stock units</bullet1>
    <bullet2>Design increases ground clearance and off-road appeal</bullet2>
    <bullet3>QA1 spherical bearing rod ends</bullet3>
    <bullet4>Includes 303 stainless steel misalignment spacers</bullet4>
    <bullet5>Made in the USA</bullet5>
    <bullet6/>
    <bullet7/>
    <bullet8/>
    <bullet9/>
    <bullet10/>
    <bullet11/>
    <bullet12/>
    <bullet13/>
    <bullet14/>
    <bullet15/>
    <bullet16/>
    <bullet17/>
    <bullet18/>
    <bullet19/>
    <bullet20/>
    <bullet21/>
    <bullet22/>
    <bullet23/>
    <bullet24/>
    <vendorPriceUpdateDate>2023-04-22 00:00:00</vendorPriceUpdateDate>
  </part>
  <part>
    <partNumber>13020857</partNumber>
    <punctuatedPartNumber>1302-0857</punctuatedPartNumber>
    <partStatusDescription>DISCONTINUED</partStatusDescription>
    <partDescription>Radius Rod - High Clearance - Polaris - RZR Pro R - Black Contrast Cut</partDescription>
    <unitOfMeasure>Set</unitOfMeasure>
    <brandName>PM OFF-ROAD</brandName>
    <supplierNumber>0222-2007-BM</supplierNumber>
    <specialInstructions>Discontinued Item</specialInstructions>
    <baseDealerPrice>699.90</baseDealerPrice>
    <yourDealerPrice>699.90</yourDealerPrice>
    <baseRetailPrice>1076.95</baseRetailPrice>
    <originalRetailPrice>1199.95</originalRetailPrice>
    <partImage>http://asset.lemansnet.com/z/L0UvNS9DL0U1Q0M0MkJGLTFGMjItNDJGRC1BQ0Y5LTc1ODlENzY4NjdCQg==</partImage>
    <productId>0903792784</productId>
    <productName>Radius Rod</productName>
    <productImage>http://asset.lemansnet.com/z/L0YvRC8wL0ZEMDYwQThFLTI0NTgtNEVGQy1CNDgxLTgyNUIzNDQxQ0UzRg==</productImage>
    <bullet1>Add strength and provides for full adjustment compared to the stock units</bullet1>
    <bullet2>Design increases ground clearance and off-road appeal</bullet2>
    <bullet3>QA1 spherical bearing rod ends</bullet3>
    <bullet4>Includes 303 stainless steel misalignment spacers</bullet4>
    <bullet5>Made in the USA</bullet5>
    <bullet6/>
    <bullet7/>
    <bullet8/>
    <bullet9/>
    <bullet10/>
    <bullet11/>
    <bullet12/>
    <bullet13/>
    <bullet14/>
    <bullet15/>
    <bullet16/>
    <bullet17/>
    <bullet18/>
    <bullet19/>
    <bullet20/>
    <bullet21/>
    <bullet22/>
    <bullet23/>
    <bullet24/>
    <vendorPriceUpdateDate>2023-04-22 00:00:00</vendorPriceUpdateDate>
  </part>
  <part>
    <partNumber>13020858</partNumber>
    <punctuatedPartNumber>1302-0858</punctuatedPartNumber>
    <partStatusDescription>STANDARD</partStatusDescription>
    <partDescription>Radius Rod- Can-Am X3 64" - Raw Machined</partDescription>
    <unitOfMeasure>Set</unitOfMeasure>
    <brandName>PM OFF-ROAD</brandName>
    <supplierNumber>0222-2005</supplierNumber>
    <specialInstructions/>
    <baseDealerPrice>916.60</baseDealerPrice>
    <yourDealerPrice>916.60</yourDealerPrice>
    <baseRetailPrice>1099.95</baseRetailPrice>
    <originalRetailPrice>1099.95</originalRetailPrice>
    <partImage>http://asset.lemansnet.com/z/LzYvNS84LzY1ODlCN0EyLUM2Q0YtNDAzQi05RkQ3LUY3NjExNTZGNEQ5QQ==</partImage>
    <productId>0709804269</productId>
    <productName>Radius Rod</productName>
    <productImage>http://asset.lemansnet.com/z/LzYvNS84LzY1ODlCN0EyLUM2Q0YtNDAzQi05RkQ3LUY3NjExNTZGNEQ5QQ==</productImage>
    <bullet1>Replacing the stock steel radius rods with PM billet aluminum radius rods adds strength and provides for full adjustment compared to the stock units</bullet1>
    <bullet2>The Performance Machine Off-Road High Clearance Radius Rods’ design increases ground clearance and off-road appeal</bullet2>
    <bullet3>QA1 spherical bearing rod ends</bullet3>
    <bullet4>Includes 303 stainless steel misalignment spacers</bullet4>
    <bullet5>Limited 1 year warranty</bullet5>
    <bullet6>Made in USA</bullet6>
    <bullet7/>
    <bullet8/>
    <bullet9/>
    <bullet10/>
    <bullet11/>
    <bullet12/>
    <bullet13/>
    <bullet14/>
    <bullet15/>
    <bullet16/>
    <bullet17/>
    <bullet18/>
    <bullet19/>
    <bullet20/>
    <bullet21/>
    <bullet22/>
    <bullet23/>
    <bullet24/>
    <vendorPriceUpdateDate>2023-04-22 00:00:00</vendorPriceUpdateDate>
  </part>
  <part>
    <partNumber>13020867</partNumber>
    <punctuatedPartNumber>1302-0867</punctuatedPartNumber>
    <partStatusDescription>STANDARD</partStatusDescription>
    <partDescription>Radius Rod - 64" - High Clearance</partDescription>
    <unitOfMeasure>Kit</unitOfMeasure>
    <brandName>PM OFF-ROAD</brandName>
    <supplierNumber>0222-2008</supplierNumber>
    <specialInstructions/>
    <baseDealerPrice>840.00</baseDealerPrice>
    <yourDealerPrice>840.00</yourDealerPrice>
    <baseRetailPrice>1199.95</baseRetailPrice>
    <originalRetailPrice>1199.95</originalRetailPrice>
    <partImage>http://asset.lemansnet.com/z/L0IvOC9BL0I4QTE4ODM5LTU1NkQtNDJGMC05MzI4LUZBQTlDMUM4NDc0RA==</partImage>
    <productId>1383298604</productId>
    <productName>Radius Rod</productName>
    <productImage>http://asset.lemansnet.com/z/L0IvOC9BL0I4QTE4ODM5LTU1NkQtNDJGMC05MzI4LUZBQTlDMUM4NDc0RA==</productImage>
    <bullet1>QA1 spherical bearing rod ends</bullet1>
    <bullet2>Includes 303 stainless steel misalignment spacers</bullet2>
    <bullet3>Made in the USA</bullet3>
    <bullet4/>
    <bullet5/>
    <bullet6/>
    <bullet7/>
    <bullet8/>
    <bullet9/>
    <bullet10/>
    <bullet11/>
    <bullet12/>
    <bullet13/>
    <bullet14/>
    <bullet15/>
    <bullet16/>
    <bullet17/>
    <bullet18/>
    <bullet19/>
    <bullet20/>
    <bullet21/>
    <bullet22/>
    <bullet23/>
    <bullet24/>
    <vendorPriceUpdateDate>2024-02-14 00:00:00</vendorPriceUpdateDate>
  </part>
  <part>
    <partNumber>13020868</partNumber>
    <punctuatedPartNumber>1302-0868</punctuatedPartNumber>
    <partStatusDescription>STANDARD</partStatusDescription>
    <partDescription>Radius Rod - 64" - High Clearance - Black</partDescription>
    <unitOfMeasure>Kit</unitOfMeasure>
    <brandName>PM OFF-ROAD</brandName>
    <supplierNumber>0222-2008-BM</supplierNumber>
    <specialInstructions/>
    <baseDealerPrice>840.00</baseDealerPrice>
    <yourDealerPrice>840.00</yourDealerPrice>
    <baseRetailPrice>1199.95</baseRetailPrice>
    <originalRetailPrice>1199.95</originalRetailPrice>
    <partImage>http://asset.lemansnet.com/z/L0MvMi9CL0MyQkUxMkIyLUZGNjQtNDMzMi1BNzg3LUM0MjY2NUFFQTlGQg==</partImage>
    <productId>1383298604</productId>
    <productName>Radius Rod</productName>
    <productImage>http://asset.lemansnet.com/z/L0IvOC9BL0I4QTE4ODM5LTU1NkQtNDJGMC05MzI4LUZBQTlDMUM4NDc0RA==</productImage>
    <bullet1>QA1 spherical bearing rod ends</bullet1>
    <bullet2>Includes 303 stainless steel misalignment spacers</bullet2>
    <bullet3>Made in the USA</bullet3>
    <bullet4/>
    <bullet5/>
    <bullet6/>
    <bullet7/>
    <bullet8/>
    <bullet9/>
    <bullet10/>
    <bullet11/>
    <bullet12/>
    <bullet13/>
    <bullet14/>
    <bullet15/>
    <bullet16/>
    <bullet17/>
    <bullet18/>
    <bullet19/>
    <bullet20/>
    <bullet21/>
    <bullet22/>
    <bullet23/>
    <bullet24/>
    <vendorPriceUpdateDate>2024-02-14 00:00:00</vendorPriceUpdateDate>
  </part>
  <part>
    <partNumber>02131211</partNumber>
    <punctuatedPartNumber>0213-1211</punctuatedPartNumber>
    <partStatusDescription>STANDARD</partStatusDescription>
    <partDescription>Bearing Carrier - Rear Left</partDescription>
    <unitOfMeasure>Each</unitOfMeasure>
    <brandName>PM OFF-ROAD</brandName>
    <supplierNumber>0221-1003-B</supplierNumber>
    <specialInstructions/>
    <baseDealerPrice>833.30</baseDealerPrice>
    <yourDealerPrice>833.30</yourDealerPrice>
    <baseRetailPrice>999.95</baseRetailPrice>
    <originalRetailPrice>999.95</originalRetailPrice>
    <partImage>http://asset.lemansnet.com/z/LzQvMi82LzQyNjNDNDAyLTRFOTUtNDYyQi04ODM2LTUwOEEzMEQxNjMxNCwvRS9DLzAvRUMwRUU0MzAtMEQwRS00MjIxLThERTAtRDE4NDFCMzg2RTJB</partImage>
    <productId>0425795086</productId>
    <productName>Bearing Carrier</productName>
    <productImage>http://asset.lemansnet.com/z/L0MvNC8zL0M0MzJEQTFFLUU5RUUtNDkxMy04NTA2LTMwODhGQjQ2MDc3Nw==</productImage>
    <bullet1>Includes Timken wheel bearing, stainless misalignment spacers and grade 8 bolts</bullet1>
    <bullet2>Replacing stock carriers with PM billet aluminum carriers adds strength and style</bullet2>
    <bullet3>CNC precision-machined billet 7075-T6 aluminum</bullet3>
    <bullet4>Made in the U.S.A.</bullet4>
    <bullet5/>
    <bullet6/>
    <bullet7/>
    <bullet8/>
    <bullet9/>
    <bullet10/>
    <bullet11/>
    <bullet12/>
    <bullet13/>
    <bullet14/>
    <bullet15/>
    <bullet16/>
    <bullet17/>
    <bullet18/>
    <bullet19/>
    <bullet20/>
    <bullet21/>
    <bullet22/>
    <bullet23/>
    <bullet24/>
    <vendorPriceUpdateDate>2023-01-11 00:00:00</vendorPriceUpdateDate>
  </part>
  <part>
    <partNumber>02131217</partNumber>
    <punctuatedPartNumber>0213-1217</punctuatedPartNumber>
    <partStatusDescription>STANDARD</partStatusDescription>
    <partDescription>Steering Knuckle - Front Right</partDescription>
    <unitOfMeasure>Each</unitOfMeasure>
    <brandName>PM OFF-ROAD</brandName>
    <supplierNumber>0221-1004-B</supplierNumber>
    <specialInstructions/>
    <baseDealerPrice>999.90</baseDealerPrice>
    <yourDealerPrice>999.90</yourDealerPrice>
    <baseRetailPrice>1199.95</baseRetailPrice>
    <originalRetailPrice>1199.95</originalRetailPrice>
    <partImage>http://asset.lemansnet.com/z/L0QvQy8xL0RDMTUwMUExLTVDRjctNDNBRi04MDk2LTgyMjIyNEQ5MjdCMQ==</partImage>
    <productId>1046846137</productId>
    <productName>Steering Knuckle</productName>
    <productImage>http://asset.lemansnet.com/z/L0QvQy8xL0RDMTUwMUExLTVDRjctNDNBRi04MDk2LTgyMjIyNEQ5MjdCMQ==</productImage>
    <bullet1>Performance Machine Off-Road steering knuckles are made from 7075-T6 billet aluminum and feature a double sheer pin for maximum strength</bullet1>
    <bullet2>Replacing the stock knuckles with PM billet aluminum knuckles adds strength and style </bullet2>
    <bullet3>Includes Timken wheel bearing, stainless misalignment spacers</bullet3>
    <bullet4>Available in black anodized finish complete with PM logo</bullet4>
    <bullet5>Made in the U.S.A.</bullet5>
    <bullet6/>
    <bullet7/>
    <bullet8/>
    <bullet9/>
    <bullet10/>
    <bullet11/>
    <bullet12/>
    <bullet13/>
    <bullet14/>
    <bullet15/>
    <bullet16/>
    <bullet17/>
    <bullet18/>
    <bullet19/>
    <bullet20/>
    <bullet21/>
    <bullet22/>
    <bullet23/>
    <bullet24/>
    <vendorPriceUpdateDate>2023-01-11 00:00:00</vendorPriceUpdateDate>
  </part>
  <part>
    <partNumber>17020735</partNumber>
    <punctuatedPartNumber>1702-0735</punctuatedPartNumber>
    <partStatusDescription>STANDARD</partStatusDescription>
    <partDescription>Rock Guard Spacer Kit - X3</partDescription>
    <unitOfMeasure>Kit</unitOfMeasure>
    <brandName>PM OFF-ROAD</brandName>
    <supplierNumber>0224-3002-B</supplierNumber>
    <specialInstructions/>
    <baseDealerPrice>26.30</baseDealerPrice>
    <yourDealerPrice>26.30</yourDealerPrice>
    <baseRetailPrice>32.95</baseRetailPrice>
    <originalRetailPrice>32.95</originalRetailPrice>
    <partImage>http://asset.lemansnet.com/z/L0EvNC8zL0E0M0I0NDVGLTQ5MDgtNDdEMi1CQzdDLUE4QzRDMERFNzM1OQ==</partImage>
    <productId>1125099960</productId>
    <productName>Rock Guard Spacer Kit</productName>
    <productImage>http://asset.lemansnet.com/z/L0EvNC8zL0E0M0I0NDVGLTQ5MDgtNDdEMi1CQzdDLUE4QzRDMERFNzM1OQ==</productImage>
    <bullet1>Includes mounting hardware</bullet1>
    <bullet2>Proudly made in U.S.A.</bullet2>
    <bullet3/>
    <bullet4/>
    <bullet5/>
    <bullet6/>
    <bullet7/>
    <bullet8/>
    <bullet9/>
    <bullet10/>
    <bullet11/>
    <bullet12/>
    <bullet13/>
    <bullet14/>
    <bullet15/>
    <bullet16/>
    <bullet17/>
    <bullet18/>
    <bullet19/>
    <bullet20/>
    <bullet21/>
    <bullet22/>
    <bullet23/>
    <bullet24/>
    <vendorPriceUpdateDate>2023-04-22 00:00:00</vendorPriceUpdateDate>
  </part>
  <part>
    <partNumber>17040593</partNumber>
    <punctuatedPartNumber>1704-0593</punctuatedPartNumber>
    <partStatusDescription>STANDARD</partStatusDescription>
    <partDescription>Big Brake Kit - Talon</partDescription>
    <unitOfMeasure>Kit</unitOfMeasure>
    <brandName>PM OFF-ROAD</brandName>
    <supplierNumber>0224-3000-B</supplierNumber>
    <specialInstructions/>
    <baseDealerPrice>1954.10</baseDealerPrice>
    <yourDealerPrice>1954.10</yourDealerPrice>
    <baseRetailPrice>2499.95</baseRetailPrice>
    <originalRetailPrice>2499.95</originalRetailPrice>
    <partImage>http://asset.lemansnet.com/z/bWVkaWEvMGQ2ODhmYzItNTY3Ny00YzEyLWI0YmMtMWFjNTBmYjNlMWNi</partImage>
    <productId>1066599893</productId>
    <productName>Performance Big Brake Kit</productName>
    <productImage>http://asset.lemansnet.com/z/bWVkaWEvMGQ2ODhmYzItNTY3Ny00YzEyLWI0YmMtMWFjNTBmYjNlMWNi</productImage>
    <bullet1>Features:</bullet1>
    <bullet2>Stock calipers use only two pistons per caliper while this kit utilizes 4 oversized pistons per caliper for extra stopping power</bullet2>
    <bullet3>Exclusive 4 piston brake caliper design with black anodized finish</bullet3>
    <bullet4>CNC precision machined aluminum calipers</bullet4>
    <bullet5>Oversized 11.5” scallop cut brake disc improves braking leverage </bullet5>
    <bullet6>Available for 72" applications</bullet6>
    <bullet7>Fits most 15" or larger aftermarket wheels</bullet7>
    <bullet8>Semi-floating scallop cut design dissipates heat and resists warping</bullet8>
    <bullet9>Proudly made in U.S.A.</bullet9>
    <bullet10>Kit includes:</bullet10>
    <bullet11>4 Performance Machine Off-Road High Performance Oversized Semi-Floating Brake Discs</bullet11>
    <bullet12>4 Performance Machine Off-Road High Performance 4 Piston Brake Calipers</bullet12>
    <bullet13>4 sets of brake pads</bullet13>
    <bullet14>Mounting hardware</bullet14>
    <bullet15>Rock guard spacer kit</bullet15>
    <bullet16>Will not work with 14" wheels.</bullet16>
    <bullet17>Can-Am rear disc non-floating.</bullet17>
    <bullet18/>
    <bullet19/>
    <bullet20/>
    <bullet21/>
    <bullet22/>
    <bullet23/>
    <bullet24/>
    <vendorPriceUpdateDate>2023-04-22 00:00:00</vendorPriceUpdateDate>
  </part>
  <part>
    <partNumber>13020844</partNumber>
    <punctuatedPartNumber>1302-0844</punctuatedPartNumber>
    <partStatusDescription>STANDARD</partStatusDescription>
    <partDescription>Radius Rod - High Clearance - Can-Am - X3 72" - Raw Machined</partDescription>
    <unitOfMeasure>Kit</unitOfMeasure>
    <brandName>PM OFF-ROAD</brandName>
    <supplierNumber>0222-2000</supplierNumber>
    <specialInstructions/>
    <baseDealerPrice>916.60</baseDealerPrice>
    <yourDealerPrice>916.60</yourDealerPrice>
    <baseRetailPrice>1099.95</baseRetailPrice>
    <originalRetailPrice>1099.95</originalRetailPrice>
    <partImage>http://asset.lemansnet.com/z/L0MvOC82L0M4NjZCNURBLUEyQzAtNDlENS1CRDNELUYyNkVBNEQ5NzRGNQ==</partImage>
    <productId>0229215347</productId>
    <productName>Radius Rod</productName>
    <productImage>http://asset.lemansnet.com/z/LzIvQy8yLzJDMkY5MzhELTU4REUtNDczMC05NjE3LTM0NjlEQzVDMTJBMw==</productImage>
    <bullet1>Add strength and provides for full adjustment compared to the stock units</bullet1>
    <bullet2>Design increases ground clearance and off-road appeal</bullet2>
    <bullet3>QA1 spherical bearing rod ends</bullet3>
    <bullet4>Includes 303 stainless steel misalignment spacers</bullet4>
    <bullet5>Made in USA</bullet5>
    <bullet6/>
    <bullet7/>
    <bullet8/>
    <bullet9/>
    <bullet10/>
    <bullet11/>
    <bullet12/>
    <bullet13/>
    <bullet14/>
    <bullet15/>
    <bullet16/>
    <bullet17/>
    <bullet18/>
    <bullet19/>
    <bullet20/>
    <bullet21/>
    <bullet22/>
    <bullet23/>
    <bullet24/>
    <vendorPriceUpdateDate>2023-04-22 00:00:00</vendorPriceUpdateDate>
  </part>
  <part>
    <partNumber>13020847</partNumber>
    <punctuatedPartNumber>1302-0847</punctuatedPartNumber>
    <partStatusDescription>STANDARD</partStatusDescription>
    <partDescription>Radius Rod - High Clearance - Polaris - RZR 72" - Black - Contrast Cut</partDescription>
    <unitOfMeasure>Kit</unitOfMeasure>
    <brandName>PM OFF-ROAD</brandName>
    <supplierNumber>0222-2001-BM</supplierNumber>
    <specialInstructions/>
    <baseDealerPrice>749.90</baseDealerPrice>
    <yourDealerPrice>749.90</yourDealerPrice>
    <baseRetailPrice>899.95</baseRetailPrice>
    <originalRetailPrice>899.95</originalRetailPrice>
    <partImage>http://asset.lemansnet.com/z/bWVkaWEvOTlmZWVlYzQtNTQ4ZC00OTZlLTgwOGQtYzBjNDViYTU0NmE0</partImage>
    <productId>0229215347</productId>
    <productName>Radius Rod</productName>
    <productImage>http://asset.lemansnet.com/z/LzIvQy8yLzJDMkY5MzhELTU4REUtNDczMC05NjE3LTM0NjlEQzVDMTJBMw==</productImage>
    <bullet1>Add strength and provides for full adjustment compared to the stock units</bullet1>
    <bullet2>Design increases ground clearance and off-road appeal</bullet2>
    <bullet3>QA1 spherical bearing rod ends</bullet3>
    <bullet4>Includes 303 stainless steel misalignment spacers</bullet4>
    <bullet5>Made in USA</bullet5>
    <bullet6/>
    <bullet7/>
    <bullet8/>
    <bullet9/>
    <bullet10/>
    <bullet11/>
    <bullet12/>
    <bullet13/>
    <bullet14/>
    <bullet15/>
    <bullet16/>
    <bullet17/>
    <bullet18/>
    <bullet19/>
    <bullet20/>
    <bullet21/>
    <bullet22/>
    <bullet23/>
    <bullet24/>
    <vendorPriceUpdateDate>2023-04-22 00:00:00</vendorPriceUpdateDate>
  </part>
  <part>
    <partNumber>04301256</partNumber>
    <punctuatedPartNumber>0430-1256</punctuatedPartNumber>
    <partStatusDescription>STANDARD</partStatusDescription>
    <partDescription>Tie Rod - Turbo S</partDescription>
    <unitOfMeasure>Each</unitOfMeasure>
    <brandName>PM OFF-ROAD</brandName>
    <supplierNumber>0221-1008-B</supplierNumber>
    <specialInstructions/>
    <baseDealerPrice>99.90</baseDealerPrice>
    <yourDealerPrice>99.90</yourDealerPrice>
    <baseRetailPrice>111.95</baseRetailPrice>
    <originalRetailPrice>111.95</originalRetailPrice>
    <partImage>http://asset.lemansnet.com/z/L0MvRC84L0NEODFCNTRGLUUwMDYtNDRCNi1CRTM2LTRGRkRBNDNGMUQyNg==</partImage>
    <productId>0034644114</productId>
    <productName>Tie Rod</productName>
    <productImage>http://asset.lemansnet.com/z/L0MvRC84L0NEODFCNTRGLUUwMDYtNDRCNi1CRTM2LTRGRkRBNDNGMUQyNg==</productImage>
    <bullet1>Made in the U.S.A</bullet1>
    <bullet2/>
    <bullet3/>
    <bullet4/>
    <bullet5/>
    <bullet6/>
    <bullet7/>
    <bullet8/>
    <bullet9/>
    <bullet10/>
    <bullet11/>
    <bullet12/>
    <bullet13/>
    <bullet14/>
    <bullet15/>
    <bullet16/>
    <bullet17/>
    <bullet18/>
    <bullet19/>
    <bullet20/>
    <bullet21/>
    <bullet22/>
    <bullet23/>
    <bullet24/>
    <vendorPriceUpdateDate>2023-01-11 00:00:00</vendorPriceUpdateDate>
  </part>
  <part>
    <partNumber>02131215</partNumber>
    <punctuatedPartNumber>0213-1215</punctuatedPartNumber>
    <partStatusDescription>STANDARD</partStatusDescription>
    <partDescription>Steering Knuckle - Front Right</partDescription>
    <unitOfMeasure>Each</unitOfMeasure>
    <brandName>PM OFF-ROAD</brandName>
    <supplierNumber>0221-1000-B</supplierNumber>
    <specialInstructions/>
    <baseDealerPrice>833.30</baseDealerPrice>
    <yourDealerPrice>833.30</yourDealerPrice>
    <baseRetailPrice>999.95</baseRetailPrice>
    <originalRetailPrice>999.95</originalRetailPrice>
    <partImage>http://asset.lemansnet.com/z/LzUvNC8xLzU0MTVCMjc2LTVFNEItNDhCOS04REZELTc0MjU2MjVDRkIwMCwvOS8wLzQvOTA0NTcwOTYtMDY4Ri00QThFLTg5NDgtRkM3QTk1QjJDNzBD</partImage>
    <productId>1046846137</productId>
    <productName>Steering Knuckle</productName>
    <productImage>http://asset.lemansnet.com/z/L0QvQy8xL0RDMTUwMUExLTVDRjctNDNBRi04MDk2LTgyMjIyNEQ5MjdCMQ==</productImage>
    <bullet1>Performance Machine Off-Road steering knuckles are made from 7075-T6 billet aluminum and feature a double sheer pin for maximum strength</bullet1>
    <bullet2>Replacing the stock knuckles with PM billet aluminum knuckles adds strength and style </bullet2>
    <bullet3>Includes Timken wheel bearing, stainless misalignment spacers</bullet3>
    <bullet4>Available in black anodized finish complete with PM logo</bullet4>
    <bullet5>Made in the U.S.A.</bullet5>
    <bullet6/>
    <bullet7/>
    <bullet8/>
    <bullet9/>
    <bullet10/>
    <bullet11/>
    <bullet12/>
    <bullet13/>
    <bullet14/>
    <bullet15/>
    <bullet16/>
    <bullet17/>
    <bullet18/>
    <bullet19/>
    <bullet20/>
    <bullet21/>
    <bullet22/>
    <bullet23/>
    <bullet24/>
    <vendorPriceUpdateDate>2023-01-11 00:00:00</vendorPriceUpdateDate>
  </part>
  <part>
    <partNumber>02131218</partNumber>
    <punctuatedPartNumber>0213-1218</punctuatedPartNumber>
    <partStatusDescription>STANDARD</partStatusDescription>
    <partDescription>Steering Knuckle - Front Left</partDescription>
    <unitOfMeasure>Each</unitOfMeasure>
    <brandName>PM OFF-ROAD</brandName>
    <supplierNumber>0221-1005-B</supplierNumber>
    <specialInstructions/>
    <baseDealerPrice>999.90</baseDealerPrice>
    <yourDealerPrice>999.90</yourDealerPrice>
    <baseRetailPrice>1199.95</baseRetailPrice>
    <originalRetailPrice>1199.95</originalRetailPrice>
    <partImage>http://asset.lemansnet.com/z/LzYvMy9FLzYzRUEwOTZDLTA2QzEtNEEzMS1CMzdDLTQ1NjU3Rjc1N0YyNw==</partImage>
    <productId>1046846137</productId>
    <productName>Steering Knuckle</productName>
    <productImage>http://asset.lemansnet.com/z/L0QvQy8xL0RDMTUwMUExLTVDRjctNDNBRi04MDk2LTgyMjIyNEQ5MjdCMQ==</productImage>
    <bullet1>Performance Machine Off-Road steering knuckles are made from 7075-T6 billet aluminum and feature a double sheer pin for maximum strength</bullet1>
    <bullet2>Replacing the stock knuckles with PM billet aluminum knuckles adds strength and style </bullet2>
    <bullet3>Includes Timken wheel bearing, stainless misalignment spacers</bullet3>
    <bullet4>Available in black anodized finish complete with PM logo</bullet4>
    <bullet5>Made in the U.S.A.</bullet5>
    <bullet6/>
    <bullet7/>
    <bullet8/>
    <bullet9/>
    <bullet10/>
    <bullet11/>
    <bullet12/>
    <bullet13/>
    <bullet14/>
    <bullet15/>
    <bullet16/>
    <bullet17/>
    <bullet18/>
    <bullet19/>
    <bullet20/>
    <bullet21/>
    <bullet22/>
    <bullet23/>
    <bullet24/>
    <vendorPriceUpdateDate>2023-01-11 00:00:00</vendorPriceUpdateDate>
  </part>
  <part>
    <partNumber>13020842</partNumber>
    <punctuatedPartNumber>1302-0842</punctuatedPartNumber>
    <partStatusDescription>STANDARD</partStatusDescription>
    <partDescription>Radius Rod - Stock Replacement - Can-Am X3 72" - Raw Machined</partDescription>
    <unitOfMeasure>Kit</unitOfMeasure>
    <brandName>PM OFF-ROAD</brandName>
    <supplierNumber>0222-2003</supplierNumber>
    <specialInstructions/>
    <baseDealerPrice>749.90</baseDealerPrice>
    <yourDealerPrice>749.90</yourDealerPrice>
    <baseRetailPrice>899.95</baseRetailPrice>
    <originalRetailPrice>899.95</originalRetailPrice>
    <partImage>http://asset.lemansnet.com/z/LzIvQy8yLzJDMkY5MzhELTU4REUtNDczMC05NjE3LTM0NjlEQzVDMTJBMw==</partImage>
    <productId>2058221332</productId>
    <productName>Radius Rod</productName>
    <productImage>http://asset.lemansnet.com/z/L0EvQi9CL0FCQjIyNDBDLTVBMjYtNDI5QS04MTgyLUFEM0M2NTcxM0VDRA==</productImage>
    <bullet1>PM billet aluminum radius rods add strength and provide for full adjustment</bullet1>
    <bullet2>QA1 sperical bearing rod ends</bullet2>
    <bullet3>Includes 303 stainless steel misalignment spacers</bullet3>
    <bullet4>Made in the USA</bullet4>
    <bullet5/>
    <bullet6/>
    <bullet7/>
    <bullet8/>
    <bullet9/>
    <bullet10/>
    <bullet11/>
    <bullet12/>
    <bullet13/>
    <bullet14/>
    <bullet15/>
    <bullet16/>
    <bullet17/>
    <bullet18/>
    <bullet19/>
    <bullet20/>
    <bullet21/>
    <bullet22/>
    <bullet23/>
    <bullet24/>
    <vendorPriceUpdateDate>2023-04-22 00:00:00</vendorPriceUpdateDate>
  </part>
  <part>
    <partNumber>02131210</partNumber>
    <punctuatedPartNumber>0213-1210</punctuatedPartNumber>
    <partStatusDescription>STANDARD</partStatusDescription>
    <partDescription>Bearing Carrier - Rear Right</partDescription>
    <unitOfMeasure>Each</unitOfMeasure>
    <brandName>PM OFF-ROAD</brandName>
    <supplierNumber>0221-1002-B</supplierNumber>
    <specialInstructions/>
    <baseDealerPrice>833.30</baseDealerPrice>
    <yourDealerPrice>833.30</yourDealerPrice>
    <baseRetailPrice>999.95</baseRetailPrice>
    <originalRetailPrice>999.95</originalRetailPrice>
    <partImage>http://asset.lemansnet.com/z/L0YvQi9GL0ZCRjU1RjUzLTMxMkMtNEYzRS04RUJDLUEwREIzOTVFQUZFOCwvRC84LzcvRDg3RTAzNDEtQzg3Qy00MkQwLTgzMzctMjZDRjVFNTM3NDQ4</partImage>
    <productId>0425795086</productId>
    <productName>Bearing Carrier</productName>
    <productImage>http://asset.lemansnet.com/z/L0MvNC8zL0M0MzJEQTFFLUU5RUUtNDkxMy04NTA2LTMwODhGQjQ2MDc3Nw==</productImage>
    <bullet1>Includes Timken wheel bearing, stainless misalignment spacers and grade 8 bolts</bullet1>
    <bullet2>Replacing stock carriers with PM billet aluminum carriers adds strength and style</bullet2>
    <bullet3>CNC precision-machined billet 7075-T6 aluminum</bullet3>
    <bullet4>Made in the U.S.A.</bullet4>
    <bullet5/>
    <bullet6/>
    <bullet7/>
    <bullet8/>
    <bullet9/>
    <bullet10/>
    <bullet11/>
    <bullet12/>
    <bullet13/>
    <bullet14/>
    <bullet15/>
    <bullet16/>
    <bullet17/>
    <bullet18/>
    <bullet19/>
    <bullet20/>
    <bullet21/>
    <bullet22/>
    <bullet23/>
    <bullet24/>
    <vendorPriceUpdateDate>2023-01-11 00:00:00</vendorPriceUpdateDate>
  </part>
  <part>
    <partNumber>02131213</partNumber>
    <punctuatedPartNumber>0213-1213</punctuatedPartNumber>
    <partStatusDescription>STANDARD</partStatusDescription>
    <partDescription>Bearing Carrier - Rear Left</partDescription>
    <unitOfMeasure>Each</unitOfMeasure>
    <brandName>PM OFF-ROAD</brandName>
    <supplierNumber>0221-1007-B</supplierNumber>
    <specialInstructions/>
    <baseDealerPrice>666.60</baseDealerPrice>
    <yourDealerPrice>666.60</yourDealerPrice>
    <baseRetailPrice>799.95</baseRetailPrice>
    <originalRetailPrice>799.95</originalRetailPrice>
    <partImage>http://asset.lemansnet.com/z/L0IvOS85L0I5OUI3ODkwLTY0QTQtNDgyQS1CRjAzLUUzQjcwQUZDRUZDMQ==</partImage>
    <productId>0425795086</productId>
    <productName>Bearing Carrier</productName>
    <productImage>http://asset.lemansnet.com/z/L0MvNC8zL0M0MzJEQTFFLUU5RUUtNDkxMy04NTA2LTMwODhGQjQ2MDc3Nw==</productImage>
    <bullet1>Includes Timken wheel bearing, stainless misalignment spacers and grade 8 bolts</bullet1>
    <bullet2>Replacing stock carriers with PM billet aluminum carriers adds strength and style</bullet2>
    <bullet3>CNC precision-machined billet 7075-T6 aluminum</bullet3>
    <bullet4>Made in the U.S.A.</bullet4>
    <bullet5/>
    <bullet6/>
    <bullet7/>
    <bullet8/>
    <bullet9/>
    <bullet10/>
    <bullet11/>
    <bullet12/>
    <bullet13/>
    <bullet14/>
    <bullet15/>
    <bullet16/>
    <bullet17/>
    <bullet18/>
    <bullet19/>
    <bullet20/>
    <bullet21/>
    <bullet22/>
    <bullet23/>
    <bullet24/>
    <vendorPriceUpdateDate>2023-01-11 00:00:00</vendorPriceUpdateDate>
  </part>
  <part>
    <partNumber>13020852</partNumber>
    <punctuatedPartNumber>1302-0852</punctuatedPartNumber>
    <partStatusDescription>STANDARD</partStatusDescription>
    <partDescription>Radius Rod Plate - RZR Turbo S - Raw Machined</partDescription>
    <unitOfMeasure>Each</unitOfMeasure>
    <brandName>PM OFF-ROAD</brandName>
    <supplierNumber>0222-0012</supplierNumber>
    <specialInstructions/>
    <baseDealerPrice>126.30</baseDealerPrice>
    <yourDealerPrice>126.30</yourDealerPrice>
    <baseRetailPrice>149.95</baseRetailPrice>
    <originalRetailPrice>149.95</originalRetailPrice>
    <partImage>http://asset.lemansnet.com/z/LzEvRi9GLzFGRjQ5NjEyLTJBNkMtNEI2Mi1CQTU3LTc1QkU5MTcyREI1Mw==</partImage>
    <productId>1303697715</productId>
    <productName>Radius Rod Plate</productName>
    <productImage>http://asset.lemansnet.com/z/L0YvNy81L0Y3NTVDNkQ0LUIxOTgtNDI1MS05RjIwLUI2OTJEMkY2NTY2Qw==</productImage>
    <bullet1>Gives your UTV a custom attitude and a great focal point</bullet1>
    <bullet2>Can-Am X3 design includes a 7075-T6 aluminum tow hook</bullet2>
    <bullet3>Available in raw machined and black finishes with laser-cut logos</bullet3>
    <bullet4>Made in the USA</bullet4>
    <bullet5/>
    <bullet6/>
    <bullet7/>
    <bullet8/>
    <bullet9/>
    <bullet10/>
    <bullet11/>
    <bullet12/>
    <bullet13/>
    <bullet14/>
    <bullet15/>
    <bullet16/>
    <bullet17/>
    <bullet18/>
    <bullet19/>
    <bullet20/>
    <bullet21/>
    <bullet22/>
    <bullet23/>
    <bullet24/>
    <vendorPriceUpdateDate>2023-01-11 00:00:00</vendorPriceUpdateDate>
  </part>
  <part>
    <partNumber>13020853</partNumber>
    <punctuatedPartNumber>1302-0853</punctuatedPartNumber>
    <partStatusDescription>STANDARD</partStatusDescription>
    <partDescription>Radius Rod Plate - RZR Turbo S - Black Anodized</partDescription>
    <unitOfMeasure>Each</unitOfMeasure>
    <brandName>PM OFF-ROAD</brandName>
    <supplierNumber>0222-0012-B</supplierNumber>
    <specialInstructions/>
    <baseDealerPrice>126.30</baseDealerPrice>
    <yourDealerPrice>126.30</yourDealerPrice>
    <baseRetailPrice>149.95</baseRetailPrice>
    <originalRetailPrice>149.95</originalRetailPrice>
    <partImage>http://asset.lemansnet.com/z/LzcvQS9GLzdBRkU3RUYxLUUxRUItNDc4Ni1COUZDLTAxRjRGN0U1MDk2OQ==</partImage>
    <productId>1303697715</productId>
    <productName>Radius Rod Plate</productName>
    <productImage>http://asset.lemansnet.com/z/L0YvNy81L0Y3NTVDNkQ0LUIxOTgtNDI1MS05RjIwLUI2OTJEMkY2NTY2Qw==</productImage>
    <bullet1>Gives your UTV a custom attitude and a great focal point</bullet1>
    <bullet2>Can-Am X3 design includes a 7075-T6 aluminum tow hook</bullet2>
    <bullet3>Available in raw machined and black finishes with laser-cut logos</bullet3>
    <bullet4>Made in the USA</bullet4>
    <bullet5/>
    <bullet6/>
    <bullet7/>
    <bullet8/>
    <bullet9/>
    <bullet10/>
    <bullet11/>
    <bullet12/>
    <bullet13/>
    <bullet14/>
    <bullet15/>
    <bullet16/>
    <bullet17/>
    <bullet18/>
    <bullet19/>
    <bullet20/>
    <bullet21/>
    <bullet22/>
    <bullet23/>
    <bullet24/>
    <vendorPriceUpdateDate>2023-01-11 00:00:00</vendorPriceUpdateDate>
  </part>
  <part>
    <partNumber>13020843</partNumber>
    <punctuatedPartNumber>1302-0843</punctuatedPartNumber>
    <partStatusDescription>STANDARD</partStatusDescription>
    <partDescription>Radius Rod - Stock Replacement - Can-Am X3 72" - Black Contrast Cut</partDescription>
    <unitOfMeasure>Kit</unitOfMeasure>
    <brandName>PM OFF-ROAD</brandName>
    <supplierNumber>0222-2003-BM</supplierNumber>
    <specialInstructions/>
    <baseDealerPrice>833.30</baseDealerPrice>
    <yourDealerPrice>833.30</yourDealerPrice>
    <baseRetailPrice>999.95</baseRetailPrice>
    <originalRetailPrice>999.95</originalRetailPrice>
    <partImage>http://asset.lemansnet.com/z/L0EvQi9CL0FCQjIyNDBDLTVBMjYtNDI5QS04MTgyLUFEM0M2NTcxM0VDRA==</partImage>
    <productId>2058221332</productId>
    <productName>Radius Rod</productName>
    <productImage>http://asset.lemansnet.com/z/L0EvQi9CL0FCQjIyNDBDLTVBMjYtNDI5QS04MTgyLUFEM0M2NTcxM0VDRA==</productImage>
    <bullet1>PM billet aluminum radius rods add strength and provide for full adjustment</bullet1>
    <bullet2>QA1 sperical bearing rod ends</bullet2>
    <bullet3>Includes 303 stainless steel misalignment spacers</bullet3>
    <bullet4>Made in the USA</bullet4>
    <bullet5/>
    <bullet6/>
    <bullet7/>
    <bullet8/>
    <bullet9/>
    <bullet10/>
    <bullet11/>
    <bullet12/>
    <bullet13/>
    <bullet14/>
    <bullet15/>
    <bullet16/>
    <bullet17/>
    <bullet18/>
    <bullet19/>
    <bullet20/>
    <bullet21/>
    <bullet22/>
    <bullet23/>
    <bullet24/>
    <vendorPriceUpdateDate>2023-04-22 00:00:00</vendorPriceUpdateDate>
  </part>
  <part>
    <partNumber>13020846</partNumber>
    <punctuatedPartNumber>1302-0846</punctuatedPartNumber>
    <partStatusDescription>STANDARD</partStatusDescription>
    <partDescription>Radius Rod - High Clearance - Polaris - RZR 72" - Raw Machined</partDescription>
    <unitOfMeasure>Kit</unitOfMeasure>
    <brandName>PM OFF-ROAD</brandName>
    <supplierNumber>0222-2001</supplierNumber>
    <specialInstructions/>
    <baseDealerPrice>666.60</baseDealerPrice>
    <yourDealerPrice>666.60</yourDealerPrice>
    <baseRetailPrice>799.95</baseRetailPrice>
    <originalRetailPrice>799.95</originalRetailPrice>
    <partImage>http://asset.lemansnet.com/z/L0QvQy9BL0RDQUI0RTYwLTNDMTctNDgyMC1BNUI4LTM1OTA5RDVDMEUxNA==</partImage>
    <productId>0229215347</productId>
    <productName>Radius Rod</productName>
    <productImage>http://asset.lemansnet.com/z/LzIvQy8yLzJDMkY5MzhELTU4REUtNDczMC05NjE3LTM0NjlEQzVDMTJBMw==</productImage>
    <bullet1>Add strength and provides for full adjustment compared to the stock units</bullet1>
    <bullet2>Design increases ground clearance and off-road appeal</bullet2>
    <bullet3>QA1 spherical bearing rod ends</bullet3>
    <bullet4>Includes 303 stainless steel misalignment spacers</bullet4>
    <bullet5>Made in USA</bullet5>
    <bullet6/>
    <bullet7/>
    <bullet8/>
    <bullet9/>
    <bullet10/>
    <bullet11/>
    <bullet12/>
    <bullet13/>
    <bullet14/>
    <bullet15/>
    <bullet16/>
    <bullet17/>
    <bullet18/>
    <bullet19/>
    <bullet20/>
    <bullet21/>
    <bullet22/>
    <bullet23/>
    <bullet24/>
    <vendorPriceUpdateDate>2023-04-22 00:00:00</vendorPriceUpdateDate>
  </part>
  <part>
    <partNumber>13020848</partNumber>
    <punctuatedPartNumber>1302-0848</punctuatedPartNumber>
    <partStatusDescription>STANDARD</partStatusDescription>
    <partDescription>Radius Rod - High Clearance - Honda - Talon - Raw Machined</partDescription>
    <unitOfMeasure>Kit</unitOfMeasure>
    <brandName>PM OFF-ROAD</brandName>
    <supplierNumber>0222-2004</supplierNumber>
    <specialInstructions>Not for any Talon X models</specialInstructions>
    <baseDealerPrice>666.60</baseDealerPrice>
    <yourDealerPrice>666.60</yourDealerPrice>
    <baseRetailPrice>799.99</baseRetailPrice>
    <originalRetailPrice>799.99</originalRetailPrice>
    <partImage>http://asset.lemansnet.com/z/L0QvQy9BL0RDQUI0RTYwLTNDMTctNDgyMC1BNUI4LTM1OTA5RDVDMEUxNA==</partImage>
    <productId>0229215347</productId>
    <productName>Radius Rod</productName>
    <productImage>http://asset.lemansnet.com/z/LzIvQy8yLzJDMkY5MzhELTU4REUtNDczMC05NjE3LTM0NjlEQzVDMTJBMw==</productImage>
    <bullet1>Add strength and provides for full adjustment compared to the stock units</bullet1>
    <bullet2>Design increases ground clearance and off-road appeal</bullet2>
    <bullet3>QA1 spherical bearing rod ends</bullet3>
    <bullet4>Includes 303 stainless steel misalignment spacers</bullet4>
    <bullet5>Made in USA</bullet5>
    <bullet6/>
    <bullet7/>
    <bullet8/>
    <bullet9/>
    <bullet10/>
    <bullet11/>
    <bullet12/>
    <bullet13/>
    <bullet14/>
    <bullet15/>
    <bullet16/>
    <bullet17/>
    <bullet18/>
    <bullet19/>
    <bullet20/>
    <bullet21/>
    <bullet22/>
    <bullet23/>
    <bullet24/>
    <vendorPriceUpdateDate>2023-04-22 00:00:00</vendorPriceUpdateDate>
  </part>
  <part>
    <partNumber>13020851</partNumber>
    <punctuatedPartNumber>1302-0851</punctuatedPartNumber>
    <partStatusDescription>STANDARD</partStatusDescription>
    <partDescription>Radius Rod Plate w/ Raw Hook - Can-Am X3 72" - Black Anodized</partDescription>
    <unitOfMeasure>Each</unitOfMeasure>
    <brandName>PM OFF-ROAD</brandName>
    <supplierNumber>0222-2002-B</supplierNumber>
    <specialInstructions/>
    <baseDealerPrice>193.00</baseDealerPrice>
    <yourDealerPrice>193.00</yourDealerPrice>
    <baseRetailPrice>229.95</baseRetailPrice>
    <originalRetailPrice>229.95</originalRetailPrice>
    <partImage>http://asset.lemansnet.com/z/LzQvNi8xLzQ2MTcwNjUxLUU3MkEtNEM5Mi1CQzRCLUJBMzQ3NDU0M0VDQQ==</partImage>
    <productId>1303697715</productId>
    <productName>Radius Rod Plate</productName>
    <productImage>http://asset.lemansnet.com/z/L0YvNy81L0Y3NTVDNkQ0LUIxOTgtNDI1MS05RjIwLUI2OTJEMkY2NTY2Qw==</productImage>
    <bullet1>Gives your UTV a custom attitude and a great focal point</bullet1>
    <bullet2>Can-Am X3 design includes a 7075-T6 aluminum tow hook</bullet2>
    <bullet3>Available in raw machined and black finishes with laser-cut logos</bullet3>
    <bullet4>Made in the USA</bullet4>
    <bullet5/>
    <bullet6/>
    <bullet7/>
    <bullet8/>
    <bullet9/>
    <bullet10/>
    <bullet11/>
    <bullet12/>
    <bullet13/>
    <bullet14/>
    <bullet15/>
    <bullet16/>
    <bullet17/>
    <bullet18/>
    <bullet19/>
    <bullet20/>
    <bullet21/>
    <bullet22/>
    <bullet23/>
    <bullet24/>
    <vendorPriceUpdateDate>2023-01-11 00:00:00</vendorPriceUpdateDate>
  </part>
  <part>
    <partNumber>13020854</partNumber>
    <punctuatedPartNumber>1302-0854</punctuatedPartNumber>
    <partStatusDescription>STANDARD</partStatusDescription>
    <partDescription>Radius Rod Plate - RZR Pro R - Raw Machined</partDescription>
    <unitOfMeasure>Each</unitOfMeasure>
    <brandName>PM OFF-ROAD</brandName>
    <supplierNumber>0222-2006</supplierNumber>
    <specialInstructions/>
    <baseDealerPrice>191.60</baseDealerPrice>
    <yourDealerPrice>191.60</yourDealerPrice>
    <baseRetailPrice>229.95</baseRetailPrice>
    <originalRetailPrice>229.95</originalRetailPrice>
    <partImage>http://asset.lemansnet.com/z/LzMvNS80LzM1NEUwQUZFLTdBODktNDVFRC04M0EzLUVEQjhFNjVEN0IyRA==</partImage>
    <productId>1303697715</productId>
    <productName>Radius Rod Plate</productName>
    <productImage>http://asset.lemansnet.com/z/L0YvNy81L0Y3NTVDNkQ0LUIxOTgtNDI1MS05RjIwLUI2OTJEMkY2NTY2Qw==</productImage>
    <bullet1>Gives your UTV a custom attitude and a great focal point</bullet1>
    <bullet2>Can-Am X3 design includes a 7075-T6 aluminum tow hook</bullet2>
    <bullet3>Available in raw machined and black finishes with laser-cut logos</bullet3>
    <bullet4>Made in the USA</bullet4>
    <bullet5/>
    <bullet6/>
    <bullet7/>
    <bullet8/>
    <bullet9/>
    <bullet10/>
    <bullet11/>
    <bullet12/>
    <bullet13/>
    <bullet14/>
    <bullet15/>
    <bullet16/>
    <bullet17/>
    <bullet18/>
    <bullet19/>
    <bullet20/>
    <bullet21/>
    <bullet22/>
    <bullet23/>
    <bullet24/>
    <vendorPriceUpdateDate>2023-01-11 00:00:00</vendorPriceUpdateDate>
  </part>
  <part>
    <partNumber>02131212</partNumber>
    <punctuatedPartNumber>0213-1212</punctuatedPartNumber>
    <partStatusDescription>STANDARD</partStatusDescription>
    <partDescription>Bearing Carrier - Rear Right</partDescription>
    <unitOfMeasure>Each</unitOfMeasure>
    <brandName>PM OFF-ROAD</brandName>
    <supplierNumber>0221-1006-B</supplierNumber>
    <specialInstructions/>
    <baseDealerPrice>666.60</baseDealerPrice>
    <yourDealerPrice>666.60</yourDealerPrice>
    <baseRetailPrice>799.95</baseRetailPrice>
    <originalRetailPrice>799.95</originalRetailPrice>
    <partImage>http://asset.lemansnet.com/z/L0MvNC8zL0M0MzJEQTFFLUU5RUUtNDkxMy04NTA2LTMwODhGQjQ2MDc3Nw==</partImage>
    <productId>0425795086</productId>
    <productName>Bearing Carrier</productName>
    <productImage>http://asset.lemansnet.com/z/L0MvNC8zL0M0MzJEQTFFLUU5RUUtNDkxMy04NTA2LTMwODhGQjQ2MDc3Nw==</productImage>
    <bullet1>Includes Timken wheel bearing, stainless misalignment spacers and grade 8 bolts</bullet1>
    <bullet2>Replacing stock carriers with PM billet aluminum carriers adds strength and style</bullet2>
    <bullet3>CNC precision-machined billet 7075-T6 aluminum</bullet3>
    <bullet4>Made in the U.S.A.</bullet4>
    <bullet5/>
    <bullet6/>
    <bullet7/>
    <bullet8/>
    <bullet9/>
    <bullet10/>
    <bullet11/>
    <bullet12/>
    <bullet13/>
    <bullet14/>
    <bullet15/>
    <bullet16/>
    <bullet17/>
    <bullet18/>
    <bullet19/>
    <bullet20/>
    <bullet21/>
    <bullet22/>
    <bullet23/>
    <bullet24/>
    <vendorPriceUpdateDate>2023-01-11 00:00:00</vendorPriceUpdateDate>
  </part>
  <part>
    <partNumber>02131219</partNumber>
    <punctuatedPartNumber>0213-1219</punctuatedPartNumber>
    <partStatusDescription>STANDARD</partStatusDescription>
    <partDescription>Steering Knuckle - Front Left/Right</partDescription>
    <unitOfMeasure>Set</unitOfMeasure>
    <brandName>PM OFF-ROAD</brandName>
    <supplierNumber>0221-2002-B</supplierNumber>
    <specialInstructions/>
    <baseDealerPrice>1998.50</baseDealerPrice>
    <yourDealerPrice>1998.50</yourDealerPrice>
    <baseRetailPrice>2398.95</baseRetailPrice>
    <originalRetailPrice>2398.95</originalRetailPrice>
    <partImage>http://asset.lemansnet.com/z/LzYvRi9CLzZGQjMzMTEwLTcwMEUtNDkwRi1CNjIxLTM3RkM4RjdGODk1Qg==</partImage>
    <productId>1046846137</productId>
    <productName>Steering Knuckle</productName>
    <productImage>http://asset.lemansnet.com/z/L0QvQy8xL0RDMTUwMUExLTVDRjctNDNBRi04MDk2LTgyMjIyNEQ5MjdCMQ==</productImage>
    <bullet1>Performance Machine Off-Road steering knuckles are made from 7075-T6 billet aluminum and feature a double sheer pin for maximum strength</bullet1>
    <bullet2>Replacing the stock knuckles with PM billet aluminum knuckles adds strength and style </bullet2>
    <bullet3>Includes Timken wheel bearing, stainless misalignment spacers</bullet3>
    <bullet4>Available in black anodized finish complete with PM logo</bullet4>
    <bullet5>Made in the U.S.A.</bullet5>
    <bullet6/>
    <bullet7/>
    <bullet8/>
    <bullet9/>
    <bullet10/>
    <bullet11/>
    <bullet12/>
    <bullet13/>
    <bullet14/>
    <bullet15/>
    <bullet16/>
    <bullet17/>
    <bullet18/>
    <bullet19/>
    <bullet20/>
    <bullet21/>
    <bullet22/>
    <bullet23/>
    <bullet24/>
    <vendorPriceUpdateDate>2023-04-22 00:00:00</vendorPriceUpdateDate>
  </part>
</root>
