<root>
  <part>
    <partNumber>PC10</partNumber>
    <punctuatedPartNumber>PC-10</punctuatedPartNumber>
    <partStatusDescription>STANDARD</partStatusDescription>
    <partDescription>Plastic Polish #1 - 8 U.S. fl oz.</partDescription>
    <unitOfMeasure>Each</unitOfMeasure>
    <brandName>NOVUS</brandName>
    <supplierNumber>7020</supplierNumber>
    <specialInstructions/>
    <baseDealerPrice>4.00</baseDealerPrice>
    <yourDealerPrice>4.00</yourDealerPrice>
    <baseRetailPrice>6.17</baseRetailPrice>
    <originalRetailPrice>5.95</originalRetailPrice>
    <partImage>http://asset.lemansnet.com/z/LzkvQi82LzlCNjYyNUZBLTVFNkEtNEY2My05RTA1LTcyRDRGNTI2MzU1MQ==</partImage>
    <productId>0253537040</productId>
    <productName>Plastic Clean &amp; Shine No. 1</productName>
    <productImage>http://asset.lemansnet.com/z/LzYvRi84LzZGODhEMjIxLTU2RjAtNEJGNC05MENDLTEyOUYzQUU4MDVEQw==</productImage>
    <bullet1>Gently cleans all plastics without scratching</bullet1>
    <bullet2>Leaves a smooth, greaseless, lustrous shine that resists fogging, repels dust, and eliminates static</bullet2>
    <bullet3>Part of a three-step system that provides a clean, highly polished static- and dust-free surface</bullet3>
    <bullet4>Available in 8-ounce bottles, 24 per case</bullet4>
    <bullet5/>
    <bullet6/>
    <bullet7/>
    <bullet8/>
    <bullet9/>
    <bullet10/>
    <bullet11/>
    <bullet12/>
    <bullet13/>
    <bullet14/>
    <bullet15/>
    <bullet16/>
    <bullet17/>
    <bullet18/>
    <bullet19/>
    <bullet20/>
    <bullet21/>
    <bullet22/>
    <bullet23/>
    <bullet24/>
    <vendorPriceUpdateDate>2023-04-12 00:00:00</vendorPriceUpdateDate>
  </part>
  <part>
    <partNumber>PC20</partNumber>
    <punctuatedPartNumber>PC-20</punctuatedPartNumber>
    <partStatusDescription>STANDARD</partStatusDescription>
    <partDescription>Plastic Polish #2 - 8 U.S. fl oz.</partDescription>
    <unitOfMeasure>Each</unitOfMeasure>
    <brandName>NOVUS</brandName>
    <supplierNumber>7030</supplierNumber>
    <specialInstructions/>
    <baseDealerPrice>5.70</baseDealerPrice>
    <yourDealerPrice>5.70</yourDealerPrice>
    <baseRetailPrice>8.77</baseRetailPrice>
    <originalRetailPrice>7.98</originalRetailPrice>
    <partImage>http://asset.lemansnet.com/z/LzAvMi9BLzAyQUE0REZGLTdFNTItNDczRS04QjIzLUQ2QzBEQzI2NTMzMQ==</partImage>
    <productId>0049055398</productId>
    <productName>Fine Scratch Remover No. 2</productName>
    <productImage>http://asset.lemansnet.com/z/LzAvMi9BLzAyQUE0REZGLTdFNTItNDczRS04QjIzLUQ2QzBEQzI2NTMzMQ==</productImage>
    <bullet1>Removes fine scratches, haziness and abrasions from most plastics</bullet1>
    <bullet2>Removes the damage instead of filling it in</bullet2>
    <bullet3>Buffs out quickly</bullet3>
    <bullet4>After restoring, seals with a coat of polish</bullet4>
    <bullet5>Three-step system provides a clean, highly polished static- and dust-free surface</bullet5>
    <bullet6>Available in 8-ounce bottles, 24 per case</bullet6>
    <bullet7/>
    <bullet8/>
    <bullet9/>
    <bullet10/>
    <bullet11/>
    <bullet12/>
    <bullet13/>
    <bullet14/>
    <bullet15/>
    <bullet16/>
    <bullet17/>
    <bullet18/>
    <bullet19/>
    <bullet20/>
    <bullet21/>
    <bullet22/>
    <bullet23/>
    <bullet24/>
    <vendorPriceUpdateDate>2023-04-12 00:00:00</vendorPriceUpdateDate>
  </part>
  <part>
    <partNumber>PC30</partNumber>
    <punctuatedPartNumber>PC30</punctuatedPartNumber>
    <partStatusDescription>STANDARD</partStatusDescription>
    <partDescription>Plastic Polish #3 - 8 U.S. fl oz.</partDescription>
    <unitOfMeasure>Each</unitOfMeasure>
    <brandName>NOVUS</brandName>
    <supplierNumber>7080</supplierNumber>
    <specialInstructions/>
    <baseDealerPrice>6.50</baseDealerPrice>
    <yourDealerPrice>6.50</yourDealerPrice>
    <baseRetailPrice>10.17</baseRetailPrice>
    <originalRetailPrice>9.28</originalRetailPrice>
    <partImage>http://asset.lemansnet.com/z/L0EvNC85L0E0OTMxQUFGLTVDNDAtNDAwQy1BNURFLUQ5QzkwMjBFMTAyNw==</partImage>
    <productId>0957549168</productId>
    <productName>Heavy Scratch Remover No. 3</productName>
    <productImage>http://asset.lemansnet.com/z/L0EvNC85L0E0OTMxQUFGLTVDNDAtNDAwQy1BNURFLUQ5QzkwMjBFMTAyNw==</productImage>
    <bullet1>Removes heavy scratches and abrasions from most acrylic surfaces</bullet1>
    <bullet2>Use when damage is too severe to be restored with NOVUS No. 2 polish</bullet2>
    <bullet3>Three-step system provides a clean, highly polished static- and dust-free surface</bullet3>
    <bullet4>Available in 8-ounce bottles, 24 per case</bullet4>
    <bullet5>Requires use of NOVUS No. 2 for final finishing</bullet5>
    <bullet6>Not recommended for use on coated plastics</bullet6>
    <bullet7/>
    <bullet8/>
    <bullet9/>
    <bullet10/>
    <bullet11/>
    <bullet12/>
    <bullet13/>
    <bullet14/>
    <bullet15/>
    <bullet16/>
    <bullet17/>
    <bullet18/>
    <bullet19/>
    <bullet20/>
    <bullet21/>
    <bullet22/>
    <bullet23/>
    <bullet24/>
    <vendorPriceUpdateDate>2023-04-12 00:00:00</vendorPriceUpdateDate>
  </part>
</root>
