<root>
  <part>
    <partNumber>39200203</partNumber>
    <punctuatedPartNumber>3920-0203</punctuatedPartNumber>
    <partStatusDescription>STANDARD</partStatusDescription>
    <partDescription>Integra Big Bike Tie-Down - Gradual Rising - Black</partDescription>
    <unitOfMeasure>Pair</unitOfMeasure>
    <brandName>ANCRA</brandName>
    <supplierNumber>49970-102</supplierNumber>
    <specialInstructions/>
    <baseDealerPrice>46.10</baseDealerPrice>
    <yourDealerPrice>46.10</yourDealerPrice>
    <baseRetailPrice>76.95</baseRetailPrice>
    <originalRetailPrice>76.92</originalRetailPrice>
    <partImage>http://asset.lemansnet.com/z/LzEvMy9DLzEzQ0JEQjE0LTQ1Q0EtNDlBQy1CMjMwLUFBNEVBMUYxMEFGMg==</partImage>
    <productId>1765433351</productId>
    <productName>Integra Big Bike Gradual-Release 1-1/2" Ratchet Tie-Downs</productName>
    <productImage>http://asset.lemansnet.com/z/LzEvMy9DLzEzQ0JEQjE0LTQ1Q0EtNDlBQy1CMjMwLUFBNEVBMUYxMEFGMg==</productImage>
    <bullet1>Two-pack of tie-downs featuring patented gradual-release ratchet, full-size S-hooks and soft-tie end</bullet1>
    <bullet2>1,800-lb. break strength; 600-lb. working load limit</bullet2>
    <bullet3>Made in the U.S.A.</bullet3>
    <bullet4/>
    <bullet5/>
    <bullet6/>
    <bullet7/>
    <bullet8/>
    <bullet9/>
    <bullet10/>
    <bullet11/>
    <bullet12/>
    <bullet13/>
    <bullet14/>
    <bullet15/>
    <bullet16/>
    <bullet17/>
    <bullet18/>
    <bullet19/>
    <bullet20/>
    <bullet21/>
    <bullet22/>
    <bullet23/>
    <bullet24/>
    <vendorPriceUpdateDate>2023-04-22 00:00:00</vendorPriceUpdateDate>
  </part>
  <part>
    <partNumber>4088826</partNumber>
    <punctuatedPartNumber>40888-26</punctuatedPartNumber>
    <partStatusDescription>STANDARD</partStatusDescription>
    <partDescription>Standard Tie-Downs - 1" x 5-1/2' - Black</partDescription>
    <unitOfMeasure>Pair</unitOfMeasure>
    <brandName>ANCRA</brandName>
    <supplierNumber>40888-26</supplierNumber>
    <specialInstructions>MADE IN CHINA 02JDS</specialInstructions>
    <baseDealerPrice>18.80</baseDealerPrice>
    <yourDealerPrice>18.80</yourDealerPrice>
    <baseRetailPrice>31.95</baseRetailPrice>
    <originalRetailPrice>40.00</originalRetailPrice>
    <partImage>http://asset.lemansnet.com/z/LzUvNi9ELzU2REJCREU4LTI1MTQtNDRCNS05NjExLUY1RTBGN0QwQkQ1Rg==</partImage>
    <productId>2003816723</productId>
    <productName>1" Standard Tie-Downs</productName>
    <productImage>http://asset.lemansnet.com/z/LzYvRC9GLzZERkMxMTM1LUU2MjAtNEY1NS1BNDhCLTJGRTU5QTEwRUFEQQ==</productImage>
    <bullet1>1" aircraft-quality nylon straps</bullet1>
    <bullet2>Patented pressure plate cam-lock buckles</bullet2>
    <bullet3>Vinyl-coated S-hooks</bullet3>
    <bullet4/>
    <bullet5/>
    <bullet6/>
    <bullet7/>
    <bullet8/>
    <bullet9/>
    <bullet10/>
    <bullet11/>
    <bullet12/>
    <bullet13/>
    <bullet14/>
    <bullet15/>
    <bullet16/>
    <bullet17/>
    <bullet18/>
    <bullet19/>
    <bullet20/>
    <bullet21/>
    <bullet22/>
    <bullet23/>
    <bullet24/>
    <vendorPriceUpdateDate>2023-04-22 00:00:00</vendorPriceUpdateDate>
  </part>
  <part>
    <partNumber>4088828</partNumber>
    <punctuatedPartNumber>40888-28</punctuatedPartNumber>
    <partStatusDescription>STANDARD</partStatusDescription>
    <partDescription>Standard Tie-Downs - 1" x 5-1/2' - Lime</partDescription>
    <unitOfMeasure>Pair</unitOfMeasure>
    <brandName>ANCRA</brandName>
    <supplierNumber>40888-28</supplierNumber>
    <specialInstructions>MADE IN CHINA 02JDS</specialInstructions>
    <baseDealerPrice>18.80</baseDealerPrice>
    <yourDealerPrice>18.80</yourDealerPrice>
    <baseRetailPrice>31.95</baseRetailPrice>
    <originalRetailPrice>41.82</originalRetailPrice>
    <partImage>http://asset.lemansnet.com/z/L0MvRS9CL0NFQjIyMjVGLTQ4RDUtNDlDOC04M0RELTczQkQxMzc2OTUyMA==</partImage>
    <productId>2003816723</productId>
    <productName>1" Standard Tie-Downs</productName>
    <productImage>http://asset.lemansnet.com/z/LzYvRC9GLzZERkMxMTM1LUU2MjAtNEY1NS1BNDhCLTJGRTU5QTEwRUFEQQ==</productImage>
    <bullet1>1" aircraft-quality nylon straps</bullet1>
    <bullet2>Patented pressure plate cam-lock buckles</bullet2>
    <bullet3>Vinyl-coated S-hooks</bullet3>
    <bullet4/>
    <bullet5/>
    <bullet6/>
    <bullet7/>
    <bullet8/>
    <bullet9/>
    <bullet10/>
    <bullet11/>
    <bullet12/>
    <bullet13/>
    <bullet14/>
    <bullet15/>
    <bullet16/>
    <bullet17/>
    <bullet18/>
    <bullet19/>
    <bullet20/>
    <bullet21/>
    <bullet22/>
    <bullet23/>
    <bullet24/>
    <vendorPriceUpdateDate>2023-04-22 00:00:00</vendorPriceUpdateDate>
  </part>
  <part>
    <partNumber>39200003</partNumber>
    <punctuatedPartNumber>3920-0003</punctuatedPartNumber>
    <partStatusDescription>STANDARD</partStatusDescription>
    <partDescription>Integra Tie-Down - 1" x 5-3/4' - Black</partDescription>
    <unitOfMeasure>Pair</unitOfMeasure>
    <brandName>ANCRA</brandName>
    <supplierNumber>49380-11</supplierNumber>
    <specialInstructions/>
    <baseDealerPrice>20.00</baseDealerPrice>
    <yourDealerPrice>20.00</yourDealerPrice>
    <baseRetailPrice>32.95</baseRetailPrice>
    <originalRetailPrice>48.14</originalRetailPrice>
    <partImage>http://asset.lemansnet.com/z/L0UvMy9BL0UzQUMzQzdELTk2RjktNDkzQy1CRThGLTgwOEI4RjM1MEI1Qg==</partImage>
    <productId>0840240754</productId>
    <productName>1" Integra Tie-Downs</productName>
    <productImage>http://asset.lemansnet.com/z/L0UvQS84L0VBOEU5MUM3LTE1MjMtNDRFMC04OUM2LThGRTI0NDlDMTI3MQ==</productImage>
    <bullet1>Premium-quality cam-buckle tie-downs</bullet1>
    <bullet2>Same features as original tie-downs, but with a soft-hook-extension strap</bullet2>
    <bullet3>1" aircraft-quality nylon straps</bullet3>
    <bullet4>Patented pressure plate cam-lock buckles</bullet4>
    <bullet5>1,800-lb. cam-buckle strength</bullet5>
    <bullet6>Made in the U.S.A.</bullet6>
    <bullet7/>
    <bullet8/>
    <bullet9/>
    <bullet10/>
    <bullet11/>
    <bullet12/>
    <bullet13/>
    <bullet14/>
    <bullet15/>
    <bullet16/>
    <bullet17/>
    <bullet18/>
    <bullet19/>
    <bullet20/>
    <bullet21/>
    <bullet22/>
    <bullet23/>
    <bullet24/>
    <vendorPriceUpdateDate>2023-04-22 00:00:00</vendorPriceUpdateDate>
  </part>
  <part>
    <partNumber>4729510</partNumber>
    <punctuatedPartNumber>47295-10</punctuatedPartNumber>
    <partStatusDescription>STANDARD</partStatusDescription>
    <partDescription>Tie-Downs - 1" x 5-1/2' - Black</partDescription>
    <unitOfMeasure>Pair</unitOfMeasure>
    <brandName>ANCRA</brandName>
    <supplierNumber>47295-10</supplierNumber>
    <specialInstructions/>
    <baseDealerPrice>18.80</baseDealerPrice>
    <yourDealerPrice>18.80</yourDealerPrice>
    <baseRetailPrice>31.95</baseRetailPrice>
    <originalRetailPrice>33.57</originalRetailPrice>
    <partImage>http://asset.lemansnet.com/z/LzUvOS83LzU5N0Y3QkQ0LTUzMjMtNDQyNi1BQUFELTM0RkM4ODA3REY4MCwvRS9ELzgvRUQ4ODIzRDctNTQ2NS00QTY1LTk5NTUtMEM3NEExMDFGQzlG</partImage>
    <productId>0640612492</productId>
    <productName>1" Tie-Downs</productName>
    <productImage>http://asset.lemansnet.com/z/L0UvRC84L0VEODgyM0Q3LTU0NjUtNEE2NS05OTU1LTBDNzRBMTAxRkM5Rg==</productImage>
    <bullet1>Popular Ancra cam-lock buckles</bullet1>
    <bullet2>One vinyl-coated, one zinc-plated S-hook per strap</bullet2>
    <bullet3>Made in the U.S.A.</bullet3>
    <bullet4/>
    <bullet5/>
    <bullet6/>
    <bullet7/>
    <bullet8/>
    <bullet9/>
    <bullet10/>
    <bullet11/>
    <bullet12/>
    <bullet13/>
    <bullet14/>
    <bullet15/>
    <bullet16/>
    <bullet17/>
    <bullet18/>
    <bullet19/>
    <bullet20/>
    <bullet21/>
    <bullet22/>
    <bullet23/>
    <bullet24/>
    <vendorPriceUpdateDate>2023-04-22 00:00:00</vendorPriceUpdateDate>
  </part>
  <part>
    <partNumber>4521410</partNumber>
    <punctuatedPartNumber>45214-10</punctuatedPartNumber>
    <partStatusDescription>STANDARD</partStatusDescription>
    <partDescription>Soft Hook Extension - Black</partDescription>
    <unitOfMeasure>Pair</unitOfMeasure>
    <brandName>ANCRA</brandName>
    <supplierNumber>45214-10</supplierNumber>
    <specialInstructions/>
    <baseDealerPrice>6.10</baseDealerPrice>
    <yourDealerPrice>6.10</yourDealerPrice>
    <baseRetailPrice>10.95</baseRetailPrice>
    <originalRetailPrice>11.02</originalRetailPrice>
    <partImage>http://asset.lemansnet.com/z/LzIvOC85LzI4OUI0M0IxLTg5RTItNEE5RC05Q0M4LTFDRkQ1MTlBMUU4Nw==</partImage>
    <productId>0906210734</productId>
    <productName>Tie-Down Extensions</productName>
    <productImage>http://asset.lemansnet.com/z/LzIvOC85LzI4OUI0M0IxLTg5RTItNEE5RC05Q0M4LTFDRkQ1MTlBMUU4Nw==</productImage>
    <bullet1>18" looped nylon straps</bullet1>
    <bullet2>Use for extension or additional protection of handlebars, seat rails, etc.</bullet2>
    <bullet3>3,000-lb. assembly strength</bullet3>
    <bullet4/>
    <bullet5/>
    <bullet6/>
    <bullet7/>
    <bullet8/>
    <bullet9/>
    <bullet10/>
    <bullet11/>
    <bullet12/>
    <bullet13/>
    <bullet14/>
    <bullet15/>
    <bullet16/>
    <bullet17/>
    <bullet18/>
    <bullet19/>
    <bullet20/>
    <bullet21/>
    <bullet22/>
    <bullet23/>
    <bullet24/>
    <vendorPriceUpdateDate>2023-04-22 00:00:00</vendorPriceUpdateDate>
  </part>
  <part>
    <partNumber>39200343</partNumber>
    <punctuatedPartNumber>3920-0343</punctuatedPartNumber>
    <partStatusDescription>STANDARD</partStatusDescription>
    <partDescription>Tie-Down - Heavy Duty - Black</partDescription>
    <unitOfMeasure>Pair</unitOfMeasure>
    <brandName>ANCRA</brandName>
    <supplierNumber>XR108-2P</supplierNumber>
    <specialInstructions>MADE IN CHINA 02JDS</specialInstructions>
    <baseDealerPrice>36.20</baseDealerPrice>
    <yourDealerPrice>36.20</yourDealerPrice>
    <baseRetailPrice>60.95</baseRetailPrice>
    <originalRetailPrice>44.48</originalRetailPrice>
    <partImage>http://asset.lemansnet.com/z/LzkvQy85LzlDOUZFMTIwLUU1MDgtNERDRC1BMzAwLUU1ODIxOEY4NjRGMCwvRi85LzIvRjkyNURFNjUtRjg4MS00RTBCLUJBRUMtNEJCODJCQzI5QTVC</partImage>
    <productId>0201540946</productId>
    <productName>X-Series 1-1/4" Ratchet Tie-Downs</productName>
    <productImage>http://asset.lemansnet.com/z/LzkvQy85LzlDOUZFMTIwLUU1MDgtNERDRC1BMzAwLUU1ODIxOEY4NjRGMA==</productImage>
    <bullet1>Two-pack of heavy-duty ratchet tie-downs featuring full size, vinyl-covered S-hooks; built-in soft hooks and safety clips on both ends</bullet1>
    <bullet2>2,100-lb. break strength</bullet2>
    <bullet3/>
    <bullet4/>
    <bullet5/>
    <bullet6/>
    <bullet7/>
    <bullet8/>
    <bullet9/>
    <bullet10/>
    <bullet11/>
    <bullet12/>
    <bullet13/>
    <bullet14/>
    <bullet15/>
    <bullet16/>
    <bullet17/>
    <bullet18/>
    <bullet19/>
    <bullet20/>
    <bullet21/>
    <bullet22/>
    <bullet23/>
    <bullet24/>
    <vendorPriceUpdateDate>2023-04-22 00:00:00</vendorPriceUpdateDate>
  </part>
  <part>
    <partNumber>4088810</partNumber>
    <punctuatedPartNumber>40888-10</punctuatedPartNumber>
    <partStatusDescription>STANDARD</partStatusDescription>
    <partDescription>Standard Tie-Downs - 1" x 5-1/2' - Red</partDescription>
    <unitOfMeasure>Pair</unitOfMeasure>
    <brandName>ANCRA</brandName>
    <supplierNumber>40888-10</supplierNumber>
    <specialInstructions>MADE IN CHINA 02JDS</specialInstructions>
    <baseDealerPrice>18.80</baseDealerPrice>
    <yourDealerPrice>18.80</yourDealerPrice>
    <baseRetailPrice>31.95</baseRetailPrice>
    <originalRetailPrice>40.00</originalRetailPrice>
    <partImage>http://asset.lemansnet.com/z/LzQvNi8wLzQ2MDA3MUMxLUZCM0YtNEZGRC1CRUFELTIwNENGNjU5OENBQQ==</partImage>
    <productId>2003816723</productId>
    <productName>1" Standard Tie-Downs</productName>
    <productImage>http://asset.lemansnet.com/z/LzYvRC9GLzZERkMxMTM1LUU2MjAtNEY1NS1BNDhCLTJGRTU5QTEwRUFEQQ==</productImage>
    <bullet1>1" aircraft-quality nylon straps</bullet1>
    <bullet2>Patented pressure plate cam-lock buckles</bullet2>
    <bullet3>Vinyl-coated S-hooks</bullet3>
    <bullet4/>
    <bullet5/>
    <bullet6/>
    <bullet7/>
    <bullet8/>
    <bullet9/>
    <bullet10/>
    <bullet11/>
    <bullet12/>
    <bullet13/>
    <bullet14/>
    <bullet15/>
    <bullet16/>
    <bullet17/>
    <bullet18/>
    <bullet19/>
    <bullet20/>
    <bullet21/>
    <bullet22/>
    <bullet23/>
    <bullet24/>
    <vendorPriceUpdateDate>2023-04-22 00:00:00</vendorPriceUpdateDate>
  </part>
  <part>
    <partNumber>39200004</partNumber>
    <punctuatedPartNumber>3920-0004</punctuatedPartNumber>
    <partStatusDescription>STANDARD</partStatusDescription>
    <partDescription>Integra Tie-Down - 1" x 5-3/4' - Blue</partDescription>
    <unitOfMeasure>Pair</unitOfMeasure>
    <brandName>ANCRA</brandName>
    <supplierNumber>49380-12</supplierNumber>
    <specialInstructions/>
    <baseDealerPrice>20.00</baseDealerPrice>
    <yourDealerPrice>20.00</yourDealerPrice>
    <baseRetailPrice>32.95</baseRetailPrice>
    <originalRetailPrice>48.14</originalRetailPrice>
    <partImage>http://asset.lemansnet.com/z/LzMvNC9FLzM0RUMwRkI1LTM5QTgtNDZFQi04RjBFLUU4MDVDRDIxRjg3RQ==</partImage>
    <productId>0840240754</productId>
    <productName>1" Integra Tie-Downs</productName>
    <productImage>http://asset.lemansnet.com/z/L0UvQS84L0VBOEU5MUM3LTE1MjMtNDRFMC04OUM2LThGRTI0NDlDMTI3MQ==</productImage>
    <bullet1>Premium-quality cam-buckle tie-downs</bullet1>
    <bullet2>Same features as original tie-downs, but with a soft-hook-extension strap</bullet2>
    <bullet3>1" aircraft-quality nylon straps</bullet3>
    <bullet4>Patented pressure plate cam-lock buckles</bullet4>
    <bullet5>1,800-lb. cam-buckle strength</bullet5>
    <bullet6>Made in the U.S.A.</bullet6>
    <bullet7/>
    <bullet8/>
    <bullet9/>
    <bullet10/>
    <bullet11/>
    <bullet12/>
    <bullet13/>
    <bullet14/>
    <bullet15/>
    <bullet16/>
    <bullet17/>
    <bullet18/>
    <bullet19/>
    <bullet20/>
    <bullet21/>
    <bullet22/>
    <bullet23/>
    <bullet24/>
    <vendorPriceUpdateDate>2023-04-22 00:00:00</vendorPriceUpdateDate>
  </part>
  <part>
    <partNumber>39200005</partNumber>
    <punctuatedPartNumber>3920-0005</punctuatedPartNumber>
    <partStatusDescription>STANDARD</partStatusDescription>
    <partDescription>Integra Rat Pak Tie-Downs - 1" x 6' - Red</partDescription>
    <unitOfMeasure>Pair</unitOfMeasure>
    <brandName>ANCRA</brandName>
    <supplierNumber>49498-10</supplierNumber>
    <specialInstructions/>
    <baseDealerPrice>23.60</baseDealerPrice>
    <yourDealerPrice>23.60</yourDealerPrice>
    <baseRetailPrice>39.95</baseRetailPrice>
    <originalRetailPrice>52.28</originalRetailPrice>
    <partImage>http://asset.lemansnet.com/z/LzgvMi82LzgyNjdERUE4LUEyOTEtNDAyNC05MkE2LThGRERDNTU2OTkzQw==</partImage>
    <productId>1790933334</productId>
    <productName>1" Integra Rat Pak Tie-Downs</productName>
    <productImage>http://asset.lemansnet.com/z/LzgvMi82LzgyNjdERUE4LUEyOTEtNDAyNC05MkE2LThGRERDNTU2OTkzQw==</productImage>
    <bullet1>Twin pack of ratchet-buckle tie-downs with soft-hook tie-down straps for securing motorcycles, snowmobiles, ATVs and other equipment</bullet1>
    <bullet2>Same features as the original Rat Pak, but with a soft-hook tie-down strap</bullet2>
    <bullet3>Vinyl-coated hooks protect finish</bullet3>
    <bullet4>Ratchet buckles feature safety locks</bullet4>
    <bullet5>Made in the U.S.A.</bullet5>
    <bullet6/>
    <bullet7/>
    <bullet8/>
    <bullet9/>
    <bullet10/>
    <bullet11/>
    <bullet12/>
    <bullet13/>
    <bullet14/>
    <bullet15/>
    <bullet16/>
    <bullet17/>
    <bullet18/>
    <bullet19/>
    <bullet20/>
    <bullet21/>
    <bullet22/>
    <bullet23/>
    <bullet24/>
    <vendorPriceUpdateDate>2023-04-22 00:00:00</vendorPriceUpdateDate>
  </part>
  <part>
    <partNumber>39200008</partNumber>
    <punctuatedPartNumber>3920-0008</punctuatedPartNumber>
    <partStatusDescription>STANDARD</partStatusDescription>
    <partDescription>Rat Pak Tie-Down - 1" x 6' - Red</partDescription>
    <unitOfMeasure>Pair</unitOfMeasure>
    <brandName>ANCRA</brandName>
    <supplierNumber>47439-10</supplierNumber>
    <specialInstructions/>
    <baseDealerPrice>22.00</baseDealerPrice>
    <yourDealerPrice>22.00</yourDealerPrice>
    <baseRetailPrice>36.95</baseRetailPrice>
    <originalRetailPrice>46.10</originalRetailPrice>
    <partImage>http://asset.lemansnet.com/z/LzcvNy83Lzc3NzE1RUE2LUZFRDUtNDMyMC05NDZFLTYyOTM5NDcyM0FGNQ==</partImage>
    <productId>0998868873</productId>
    <productName>1" Rat Pak Ratchet-Buckle Tie-Downs</productName>
    <productImage>http://asset.lemansnet.com/z/LzcvNy83Lzc3NzE1RUE2LUZFRDUtNDMyMC05NDZFLTYyOTM5NDcyM0FGNQ==</productImage>
    <bullet1>Ratchet-buckle tie-down straps with safety locks</bullet1>
    <bullet2>Made in the U.S.A.</bullet2>
    <bullet3/>
    <bullet4/>
    <bullet5/>
    <bullet6/>
    <bullet7/>
    <bullet8/>
    <bullet9/>
    <bullet10/>
    <bullet11/>
    <bullet12/>
    <bullet13/>
    <bullet14/>
    <bullet15/>
    <bullet16/>
    <bullet17/>
    <bullet18/>
    <bullet19/>
    <bullet20/>
    <bullet21/>
    <bullet22/>
    <bullet23/>
    <bullet24/>
    <vendorPriceUpdateDate>2023-04-22 00:00:00</vendorPriceUpdateDate>
  </part>
  <part>
    <partNumber>4107510</partNumber>
    <punctuatedPartNumber>41075-10</punctuatedPartNumber>
    <partStatusDescription>STANDARD</partStatusDescription>
    <partDescription>Wheel Tie-Downs</partDescription>
    <unitOfMeasure>Pair</unitOfMeasure>
    <brandName>ANCRA</brandName>
    <supplierNumber>41075-10</supplierNumber>
    <specialInstructions/>
    <baseDealerPrice>8.40</baseDealerPrice>
    <yourDealerPrice>8.40</yourDealerPrice>
    <baseRetailPrice>13.95</baseRetailPrice>
    <originalRetailPrice>15.19</originalRetailPrice>
    <partImage>http://asset.lemansnet.com/z/LzAvMC9FLzAwRUQwM0VGLTgzODYtNDM5My05NDczLTVFNDkwNTBBRkE3OQ==</partImage>
    <productId>1665041657</productId>
    <productName>Wheel Tie-Downs</productName>
    <productImage>http://asset.lemansnet.com/z/LzAvMC9FLzAwRUQwM0VGLTgzODYtNDM5My05NDczLTVFNDkwNTBBRkE3OQ==</productImage>
    <bullet1>Hold wheels tightly against chocks</bullet1>
    <bullet2>1" x 36" black polypropylene</bullet2>
    <bullet3>Nickel-plated spring-loaded side buckles</bullet3>
    <bullet4/>
    <bullet5/>
    <bullet6/>
    <bullet7/>
    <bullet8/>
    <bullet9/>
    <bullet10/>
    <bullet11/>
    <bullet12/>
    <bullet13/>
    <bullet14/>
    <bullet15/>
    <bullet16/>
    <bullet17/>
    <bullet18/>
    <bullet19/>
    <bullet20/>
    <bullet21/>
    <bullet22/>
    <bullet23/>
    <bullet24/>
    <vendorPriceUpdateDate>2023-04-22 00:00:00</vendorPriceUpdateDate>
  </part>
  <part>
    <partNumber>39200342</partNumber>
    <punctuatedPartNumber>3920-0342</punctuatedPartNumber>
    <partStatusDescription>STANDARD</partStatusDescription>
    <partDescription>Tie-Down - Heavy Duty - Blue</partDescription>
    <unitOfMeasure>Pair</unitOfMeasure>
    <brandName>ANCRA</brandName>
    <supplierNumber>XC108-2P</supplierNumber>
    <specialInstructions>MADE IN CHINA 02JDS</specialInstructions>
    <baseDealerPrice>23.80</baseDealerPrice>
    <yourDealerPrice>23.80</yourDealerPrice>
    <baseRetailPrice>39.95</baseRetailPrice>
    <originalRetailPrice>44.95</originalRetailPrice>
    <partImage>http://asset.lemansnet.com/z/LzYvNC81LzY0NTU0NzRGLTJDNTYtNDBEMC04MENCLUVBRThDMTgyQkEyOSwvQS81LzUvQTU1RDZENTktQTE2OS00MDFGLUI4M0EtMzc0RTMwNzJGRTJD</partImage>
    <productId>1362527868</productId>
    <productName>X-Series 1-1/4" Cam Buckle Tie-Downs</productName>
    <productImage>http://asset.lemansnet.com/z/LzYvNC81LzY0NTU0NzRGLTJDNTYtNDBEMC04MENCLUVBRThDMTgyQkEyOQ==</productImage>
    <bullet1>Two-pack of heavy-duty cam buckle tie-downs featuring full-size, vinyl-covered S-hooks; built-in soft hooks and safety clips on both ends</bullet1>
    <bullet2>1,200-lb. break strength</bullet2>
    <bullet3/>
    <bullet4/>
    <bullet5/>
    <bullet6/>
    <bullet7/>
    <bullet8/>
    <bullet9/>
    <bullet10/>
    <bullet11/>
    <bullet12/>
    <bullet13/>
    <bullet14/>
    <bullet15/>
    <bullet16/>
    <bullet17/>
    <bullet18/>
    <bullet19/>
    <bullet20/>
    <bullet21/>
    <bullet22/>
    <bullet23/>
    <bullet24/>
    <vendorPriceUpdateDate>2023-04-22 00:00:00</vendorPriceUpdateDate>
  </part>
  <part>
    <partNumber>39200002</partNumber>
    <punctuatedPartNumber>3920-0002</punctuatedPartNumber>
    <partStatusDescription>STANDARD</partStatusDescription>
    <partDescription>Integra Tie-Down - 1" x 5-3/4' - Red</partDescription>
    <unitOfMeasure>Pair</unitOfMeasure>
    <brandName>ANCRA</brandName>
    <supplierNumber>49380-10</supplierNumber>
    <specialInstructions/>
    <baseDealerPrice>20.00</baseDealerPrice>
    <yourDealerPrice>20.00</yourDealerPrice>
    <baseRetailPrice>32.95</baseRetailPrice>
    <originalRetailPrice>48.14</originalRetailPrice>
    <partImage>http://asset.lemansnet.com/z/L0UvQS84L0VBOEU5MUM3LTE1MjMtNDRFMC04OUM2LThGRTI0NDlDMTI3MQ==</partImage>
    <productId>0840240754</productId>
    <productName>1" Integra Tie-Downs</productName>
    <productImage>http://asset.lemansnet.com/z/L0UvQS84L0VBOEU5MUM3LTE1MjMtNDRFMC04OUM2LThGRTI0NDlDMTI3MQ==</productImage>
    <bullet1>Premium-quality cam-buckle tie-downs</bullet1>
    <bullet2>Same features as original tie-downs, but with a soft-hook-extension strap</bullet2>
    <bullet3>1" aircraft-quality nylon straps</bullet3>
    <bullet4>Patented pressure plate cam-lock buckles</bullet4>
    <bullet5>1,800-lb. cam-buckle strength</bullet5>
    <bullet6>Made in the U.S.A.</bullet6>
    <bullet7/>
    <bullet8/>
    <bullet9/>
    <bullet10/>
    <bullet11/>
    <bullet12/>
    <bullet13/>
    <bullet14/>
    <bullet15/>
    <bullet16/>
    <bullet17/>
    <bullet18/>
    <bullet19/>
    <bullet20/>
    <bullet21/>
    <bullet22/>
    <bullet23/>
    <bullet24/>
    <vendorPriceUpdateDate>2023-04-22 00:00:00</vendorPriceUpdateDate>
  </part>
  <part>
    <partNumber>39200006</partNumber>
    <punctuatedPartNumber>3920-0006</punctuatedPartNumber>
    <partStatusDescription>STANDARD</partStatusDescription>
    <partDescription>Integra Rat Pak Tie-Downs - 1" x 6' - Black</partDescription>
    <unitOfMeasure>Pair</unitOfMeasure>
    <brandName>ANCRA</brandName>
    <supplierNumber>49498-11</supplierNumber>
    <specialInstructions/>
    <baseDealerPrice>23.60</baseDealerPrice>
    <yourDealerPrice>23.60</yourDealerPrice>
    <baseRetailPrice>39.95</baseRetailPrice>
    <originalRetailPrice>52.28</originalRetailPrice>
    <partImage>http://asset.lemansnet.com/z/LzUvMy8zLzUzMzNBRTc4LUZFNEUtNDQ5OC1BQzZDLTNDRDI4Nzc0MUU0RA==</partImage>
    <productId>1790933334</productId>
    <productName>1" Integra Rat Pak Tie-Downs</productName>
    <productImage>http://asset.lemansnet.com/z/LzgvMi82LzgyNjdERUE4LUEyOTEtNDAyNC05MkE2LThGRERDNTU2OTkzQw==</productImage>
    <bullet1>Twin pack of ratchet-buckle tie-downs with soft-hook tie-down straps for securing motorcycles, snowmobiles, ATVs and other equipment</bullet1>
    <bullet2>Same features as the original Rat Pak, but with a soft-hook tie-down strap</bullet2>
    <bullet3>Vinyl-coated hooks protect finish</bullet3>
    <bullet4>Ratchet buckles feature safety locks</bullet4>
    <bullet5>Made in the U.S.A.</bullet5>
    <bullet6/>
    <bullet7/>
    <bullet8/>
    <bullet9/>
    <bullet10/>
    <bullet11/>
    <bullet12/>
    <bullet13/>
    <bullet14/>
    <bullet15/>
    <bullet16/>
    <bullet17/>
    <bullet18/>
    <bullet19/>
    <bullet20/>
    <bullet21/>
    <bullet22/>
    <bullet23/>
    <bullet24/>
    <vendorPriceUpdateDate>2023-04-22 00:00:00</vendorPriceUpdateDate>
  </part>
  <part>
    <partNumber>39200007</partNumber>
    <punctuatedPartNumber>3920-0007</punctuatedPartNumber>
    <partStatusDescription>STANDARD</partStatusDescription>
    <partDescription>Integra Rat Pak Tie-Downs - 1" x 6' - Blue</partDescription>
    <unitOfMeasure>Pair</unitOfMeasure>
    <brandName>ANCRA</brandName>
    <supplierNumber>49498-12</supplierNumber>
    <specialInstructions/>
    <baseDealerPrice>23.60</baseDealerPrice>
    <yourDealerPrice>23.60</yourDealerPrice>
    <baseRetailPrice>39.95</baseRetailPrice>
    <originalRetailPrice>52.28</originalRetailPrice>
    <partImage>http://asset.lemansnet.com/z/L0MvNC9CL0M0QjdENUMzLUM5MjYtNDNEMS1COUQyLTgyQzM3RkY4Q0YwOQ==</partImage>
    <productId>1790933334</productId>
    <productName>1" Integra Rat Pak Tie-Downs</productName>
    <productImage>http://asset.lemansnet.com/z/LzgvMi82LzgyNjdERUE4LUEyOTEtNDAyNC05MkE2LThGRERDNTU2OTkzQw==</productImage>
    <bullet1>Twin pack of ratchet-buckle tie-downs with soft-hook tie-down straps for securing motorcycles, snowmobiles, ATVs and other equipment</bullet1>
    <bullet2>Same features as the original Rat Pak, but with a soft-hook tie-down strap</bullet2>
    <bullet3>Vinyl-coated hooks protect finish</bullet3>
    <bullet4>Ratchet buckles feature safety locks</bullet4>
    <bullet5>Made in the U.S.A.</bullet5>
    <bullet6/>
    <bullet7/>
    <bullet8/>
    <bullet9/>
    <bullet10/>
    <bullet11/>
    <bullet12/>
    <bullet13/>
    <bullet14/>
    <bullet15/>
    <bullet16/>
    <bullet17/>
    <bullet18/>
    <bullet19/>
    <bullet20/>
    <bullet21/>
    <bullet22/>
    <bullet23/>
    <bullet24/>
    <vendorPriceUpdateDate>2023-04-22 00:00:00</vendorPriceUpdateDate>
  </part>
  <part>
    <partNumber>39200009</partNumber>
    <punctuatedPartNumber>3920-0009</punctuatedPartNumber>
    <partStatusDescription>STANDARD</partStatusDescription>
    <partDescription>Rat Pak Tie-Down - 1" x 6' - Black</partDescription>
    <unitOfMeasure>Pair</unitOfMeasure>
    <brandName>ANCRA</brandName>
    <supplierNumber>47439-11</supplierNumber>
    <specialInstructions/>
    <baseDealerPrice>22.00</baseDealerPrice>
    <yourDealerPrice>22.00</yourDealerPrice>
    <baseRetailPrice>36.95</baseRetailPrice>
    <originalRetailPrice>46.10</originalRetailPrice>
    <partImage>http://asset.lemansnet.com/z/LzIvRC9BLzJEQUZFNDA4LUFEMzgtNDdCRi04ODc3LTk0MjVCMzA3NURFOQ==</partImage>
    <productId>0998868873</productId>
    <productName>1" Rat Pak Ratchet-Buckle Tie-Downs</productName>
    <productImage>http://asset.lemansnet.com/z/LzcvNy83Lzc3NzE1RUE2LUZFRDUtNDMyMC05NDZFLTYyOTM5NDcyM0FGNQ==</productImage>
    <bullet1>Ratchet-buckle tie-down straps with safety locks</bullet1>
    <bullet2>Made in the U.S.A.</bullet2>
    <bullet3/>
    <bullet4/>
    <bullet5/>
    <bullet6/>
    <bullet7/>
    <bullet8/>
    <bullet9/>
    <bullet10/>
    <bullet11/>
    <bullet12/>
    <bullet13/>
    <bullet14/>
    <bullet15/>
    <bullet16/>
    <bullet17/>
    <bullet18/>
    <bullet19/>
    <bullet20/>
    <bullet21/>
    <bullet22/>
    <bullet23/>
    <bullet24/>
    <vendorPriceUpdateDate>2023-04-22 00:00:00</vendorPriceUpdateDate>
  </part>
</root>
