<root>
  <part>
    <partNumber>20600155</partNumber>
    <punctuatedPartNumber>2060-0155</punctuatedPartNumber>
    <partStatusDescription>DISCONTINUED</partStatusDescription>
    <partDescription>Xtreme White Plus Bulb - H9 - 65/120 W</partDescription>
    <unitOfMeasure>Each</unitOfMeasure>
    <brandName>PIAA</brandName>
    <supplierNumber>H-449SE</supplierNumber>
    <specialInstructions>Discontinued Item</specialInstructions>
    <baseDealerPrice>29.90</baseDealerPrice>
    <yourDealerPrice>29.90</yourDealerPrice>
    <baseRetailPrice>0.00</baseRetailPrice>
    <originalRetailPrice>69.95</originalRetailPrice>
    <partImage>http://asset.lemansnet.com/z/L0IvQS80L0JBNEU3REMyLTk1NUQtNDdGOS04RDc3LUI1QUEyMEI5MzYxOQ==</partImage>
    <productId>0090669636</productId>
    <productName>High-Performance Halogen Bulb</productName>
    <productImage>http://asset.lemansnet.com/z/L0MvOC9EL0M4REIzQzE2LUVEQjgtNENFOS1CRDBDLUU1QjYzM0EyMEUzQg==</productImage>
    <bullet1>PIAA bulbs are engineered with XTRA Technology for greater performance per watt than any other bulb on the road. Xtra is a term coined by PIAA to designate a high-efficiency bulb that is designed to produce greater light output than its rated power consumption (i.e. 55W = 85W of light output). Greatly enhance your ability to see and be seen. A metal bond holds the heat-resistant glass tube securely to prevent cracks and leaks. A welded focus ring and one-piece filament support assures proper positioning.</bullet1>
    <bullet2>Xtreme White Series of bulbs have a cool white light output that gives the driver better color recognition on depth perception and better contrast than stock halogen lamps</bullet2>
    <bullet3>Blue top coat adds a slight blue tint to lamp</bullet3>
    <bullet4/>
    <bullet5/>
    <bullet6/>
    <bullet7/>
    <bullet8/>
    <bullet9/>
    <bullet10/>
    <bullet11/>
    <bullet12/>
    <bullet13/>
    <bullet14/>
    <bullet15/>
    <bullet16/>
    <bullet17/>
    <bullet18/>
    <bullet19/>
    <bullet20/>
    <bullet21/>
    <bullet22/>
    <bullet23/>
    <bullet24/>
    <vendorPriceUpdateDate>2022-11-10 00:00:00</vendorPriceUpdateDate>
  </part>
  <part>
    <partNumber>20600005</partNumber>
    <punctuatedPartNumber>2060-0005</punctuatedPartNumber>
    <partStatusDescription>DISCONTINUED</partStatusDescription>
    <partDescription>Xtreme White Plus Bulb - H7 - 55/110 W</partDescription>
    <unitOfMeasure>Each</unitOfMeasure>
    <brandName>PIAA</brandName>
    <supplierNumber>HE-310SE</supplierNumber>
    <specialInstructions>Discontinued Item</specialInstructions>
    <baseDealerPrice>33.90</baseDealerPrice>
    <yourDealerPrice>33.90</yourDealerPrice>
    <baseRetailPrice>0.00</baseRetailPrice>
    <originalRetailPrice>62.95</originalRetailPrice>
    <partImage>http://asset.lemansnet.com/z/L0MvOC9EL0M4REIzQzE2LUVEQjgtNENFOS1CRDBDLUU1QjYzM0EyMEUzQg==</partImage>
    <productId>0090669636</productId>
    <productName>High-Performance Halogen Bulb</productName>
    <productImage>http://asset.lemansnet.com/z/L0MvOC9EL0M4REIzQzE2LUVEQjgtNENFOS1CRDBDLUU1QjYzM0EyMEUzQg==</productImage>
    <bullet1>PIAA bulbs are engineered with XTRA Technology for greater performance per watt than any other bulb on the road. Xtra is a term coined by PIAA to designate a high-efficiency bulb that is designed to produce greater light output than its rated power consumption (i.e. 55W = 85W of light output). Greatly enhance your ability to see and be seen. A metal bond holds the heat-resistant glass tube securely to prevent cracks and leaks. A welded focus ring and one-piece filament support assures proper positioning.</bullet1>
    <bullet2>Xtreme White Series of bulbs have a cool white light output that gives the driver better color recognition on depth perception and better contrast than stock halogen lamps</bullet2>
    <bullet3>Blue top coat adds a slight blue tint to lamp</bullet3>
    <bullet4/>
    <bullet5/>
    <bullet6/>
    <bullet7/>
    <bullet8/>
    <bullet9/>
    <bullet10/>
    <bullet11/>
    <bullet12/>
    <bullet13/>
    <bullet14/>
    <bullet15/>
    <bullet16/>
    <bullet17/>
    <bullet18/>
    <bullet19/>
    <bullet20/>
    <bullet21/>
    <bullet22/>
    <bullet23/>
    <bullet24/>
    <vendorPriceUpdateDate>2023-02-21 00:00:00</vendorPriceUpdateDate>
  </part>
  <part>
    <partNumber>20600284</partNumber>
    <punctuatedPartNumber>2060-0284</punctuatedPartNumber>
    <partStatusDescription>DISCONTINUED</partStatusDescription>
    <partDescription>Xtreme White Plus Bulb - H8 - 70 W</partDescription>
    <unitOfMeasure>Each</unitOfMeasure>
    <brandName>PIAA</brandName>
    <supplierNumber>70853</supplierNumber>
    <specialInstructions>Discontinued Item</specialInstructions>
    <baseDealerPrice>34.90</baseDealerPrice>
    <yourDealerPrice>34.90</yourDealerPrice>
    <baseRetailPrice>0.00</baseRetailPrice>
    <originalRetailPrice>74.95</originalRetailPrice>
    <partImage>http://asset.lemansnet.com/z/LzIvQi8wLzJCMEEwQkU5LUQyNzctNEE3RS1CM0ZGLUMxRjY3NjVFNDk3OA==</partImage>
    <productId>0090669636</productId>
    <productName>High-Performance Halogen Bulb</productName>
    <productImage>http://asset.lemansnet.com/z/L0MvOC9EL0M4REIzQzE2LUVEQjgtNENFOS1CRDBDLUU1QjYzM0EyMEUzQg==</productImage>
    <bullet1>PIAA bulbs are engineered with XTRA Technology for greater performance per watt than any other bulb on the road. Xtra is a term coined by PIAA to designate a high-efficiency bulb that is designed to produce greater light output than its rated power consumption (i.e. 55W = 85W of light output). Greatly enhance your ability to see and be seen. A metal bond holds the heat-resistant glass tube securely to prevent cracks and leaks. A welded focus ring and one-piece filament support assures proper positioning.</bullet1>
    <bullet2>Xtreme White Series of bulbs have a cool white light output that gives the driver better color recognition on depth perception and better contrast than stock halogen lamps</bullet2>
    <bullet3>Blue top coat adds a slight blue tint to lamp</bullet3>
    <bullet4/>
    <bullet5/>
    <bullet6/>
    <bullet7/>
    <bullet8/>
    <bullet9/>
    <bullet10/>
    <bullet11/>
    <bullet12/>
    <bullet13/>
    <bullet14/>
    <bullet15/>
    <bullet16/>
    <bullet17/>
    <bullet18/>
    <bullet19/>
    <bullet20/>
    <bullet21/>
    <bullet22/>
    <bullet23/>
    <bullet24/>
    <vendorPriceUpdateDate>2023-02-21 00:00:00</vendorPriceUpdateDate>
  </part>
  <part>
    <partNumber>20600634</partNumber>
    <punctuatedPartNumber>2060-0634</punctuatedPartNumber>
    <partStatusDescription>DISCONTINUED</partStatusDescription>
    <partDescription>H11 Headlight Bulb - 55 W</partDescription>
    <unitOfMeasure>Each</unitOfMeasure>
    <brandName>PIAA</brandName>
    <supplierNumber>13-70111</supplierNumber>
    <specialInstructions>Discontinued Item</specialInstructions>
    <baseDealerPrice>14.90</baseDealerPrice>
    <yourDealerPrice>14.90</yourDealerPrice>
    <baseRetailPrice>0.00</baseRetailPrice>
    <originalRetailPrice>41.95</originalRetailPrice>
    <partImage>http://asset.lemansnet.com/z/L0UvNy84L0U3ODI0RTc0LTgwN0MtNDFDNi1BMzgxLTlCNEZFNjFEMzRCMA==</partImage>
    <productId>0607832303</productId>
    <productName>Xtreme White Hybrid Bulb</productName>
    <productImage>http://asset.lemansnet.com/z/L0IvNy9BL0I3QTMzMDJBLUMwMzYtNDA0Mi1CMDEzLTAyMjNDRDRFNEYxMA==</productImage>
    <bullet1>PIAA bulbs are engineered with XTRA Technology for greater performance per watt than any other bulb on the road. Xtra is a term coined by PIAA to designate a high-efficiency bulb that is designed to produce greater light output than its rated power consumption (i.e. 55W = 85W of light output). Greatly enhance your ability to see and be seen. A metal bond holds the heat-resistant glass tube securely to prevent cracks and leaks. A welded focus ring and one-piece filament support assures proper positioning.</bullet1>
    <bullet2/>
    <bullet3/>
    <bullet4/>
    <bullet5/>
    <bullet6/>
    <bullet7/>
    <bullet8/>
    <bullet9/>
    <bullet10/>
    <bullet11/>
    <bullet12/>
    <bullet13/>
    <bullet14/>
    <bullet15/>
    <bullet16/>
    <bullet17/>
    <bullet18/>
    <bullet19/>
    <bullet20/>
    <bullet21/>
    <bullet22/>
    <bullet23/>
    <bullet24/>
    <vendorPriceUpdateDate>2023-02-21 00:00:00</vendorPriceUpdateDate>
  </part>
  <part>
    <partNumber>20600292</partNumber>
    <punctuatedPartNumber>2060-0292</punctuatedPartNumber>
    <partStatusDescription>DISCONTINUED</partStatusDescription>
    <partDescription>Xtreme White Plus Bulb - 881 - 50 W</partDescription>
    <unitOfMeasure>Each</unitOfMeasure>
    <brandName>PIAA</brandName>
    <supplierNumber>70821</supplierNumber>
    <specialInstructions>Discontinued Item</specialInstructions>
    <baseDealerPrice>24.90</baseDealerPrice>
    <yourDealerPrice>24.90</yourDealerPrice>
    <baseRetailPrice>0.00</baseRetailPrice>
    <originalRetailPrice>56.95</originalRetailPrice>
    <partImage>http://asset.lemansnet.com/z/LzgvMi8zLzgyMzFCNTZDLTc3QjktNEExMy1BMzlFLTY5Njg1MDI1QzI2Ng==</partImage>
    <productId>0090669636</productId>
    <productName>High-Performance Halogen Bulb</productName>
    <productImage>http://asset.lemansnet.com/z/L0MvOC9EL0M4REIzQzE2LUVEQjgtNENFOS1CRDBDLUU1QjYzM0EyMEUzQg==</productImage>
    <bullet1>PIAA bulbs are engineered with XTRA Technology for greater performance per watt than any other bulb on the road. Xtra is a term coined by PIAA to designate a high-efficiency bulb that is designed to produce greater light output than its rated power consumption (i.e. 55W = 85W of light output). Greatly enhance your ability to see and be seen. A metal bond holds the heat-resistant glass tube securely to prevent cracks and leaks. A welded focus ring and one-piece filament support assures proper positioning.</bullet1>
    <bullet2>Xtreme White Series of bulbs have a cool white light output that gives the driver better color recognition on depth perception and better contrast than stock halogen lamps</bullet2>
    <bullet3>Blue top coat adds a slight blue tint to lamp</bullet3>
    <bullet4/>
    <bullet5/>
    <bullet6/>
    <bullet7/>
    <bullet8/>
    <bullet9/>
    <bullet10/>
    <bullet11/>
    <bullet12/>
    <bullet13/>
    <bullet14/>
    <bullet15/>
    <bullet16/>
    <bullet17/>
    <bullet18/>
    <bullet19/>
    <bullet20/>
    <bullet21/>
    <bullet22/>
    <bullet23/>
    <bullet24/>
    <vendorPriceUpdateDate>2023-02-21 00:00:00</vendorPriceUpdateDate>
  </part>
</root>
