<root>
  <part>
    <partNumber>03500797</partNumber>
    <punctuatedPartNumber>0350-0797</punctuatedPartNumber>
    <partStatusDescription>STANDARD</partStatusDescription>
    <partDescription>Inner Bladder - Gen 2.0 System - Kit - 19"</partDescription>
    <unitOfMeasure>Each</unitOfMeasure>
    <brandName>TUBLISS</brandName>
    <supplierNumber>TU19</supplierNumber>
    <specialInstructions/>
    <baseDealerPrice>78.93</baseDealerPrice>
    <yourDealerPrice>78.93</yourDealerPrice>
    <baseRetailPrice>112.75</baseRetailPrice>
    <originalRetailPrice>99.95</originalRetailPrice>
    <partImage>http://asset.lemansnet.com/z/L0YvNi83L0Y2NzMxQzg3LThERTgtNDIyRC04RkY3LTc5ODBEQUEyOUMyMiwvMi80LzAvMjQwNThGMjktRjE2My00RjQxLUExMTEtRjhFNzc5NzU0MEVC</partImage>
    <productId>0488719480</productId>
    <productName>Gen 2.0 Kit</productName>
    <productImage>http://asset.lemansnet.com/z/L0YvNi83L0Y2NzMxQzg3LThERTgtNDIyRC04RkY3LTc5ODBEQUEyOUMyMg==</productImage>
    <bullet1>Superior rim protection: 100 PSI protection at the rim providing a protective cushion against rim damage. It also stabilizes the tire closer to the rim so the sidewall stands up instead of flopping over, this allows the tire to absorb more of the impact forces before they get to the rim</bullet1>
    <bullet2>Dual air chamber system that replaces conventional tubes with a high pressure, rim protecting inner bladder acting as a 360° rim lock that seals the tire to the full circumference of the rim</bullet2>
    <bullet3>2 minute tire repairs: without the tubes you can now plug tires in just seconds with standard tubeless tire plugs (no need to remove the wheel)</bullet3>
    <bullet4>Super durable, when properly installed and maintained they can out last your bike, much more economical than buying countless tubes</bullet4>
    <bullet5>100 PSI where you need it, run as low as 0-10 PSI where you want it</bullet5>
    <bullet6>Breakthrough low pressure capability</bullet6>
    <bullet7>Pounds lighter than heavy duty tubes</bullet7>
    <bullet8>Massive traction gains, 2x traction</bullet8>
    <bullet9>Ultimate upgrade</bullet9>
    <bullet10>Tires last longer</bullet10>
    <bullet11>No pinch flats</bullet11>
    <bullet12>Plusher ride</bullet12>
    <bullet13>System kit includes:</bullet13>
    <bullet14>Tubliss insert</bullet14>
    <bullet15>Installation guide</bullet15>
    <bullet16>Rim tape and plug</bullet16>
    <bullet17>Rim lock</bullet17>
    <bullet18>Sticker for rim</bullet18>
    <bullet19>Installation poster</bullet19>
    <bullet20>For Off-Road use only.</bullet20>
    <bullet21/>
    <bullet22/>
    <bullet23/>
    <bullet24/>
    <vendorPriceUpdateDate>2023-08-17 00:00:00</vendorPriceUpdateDate>
  </part>
  <part>
    <partNumber>03500803</partNumber>
    <punctuatedPartNumber>0350-0803</punctuatedPartNumber>
    <partStatusDescription>STANDARD</partStatusDescription>
    <partDescription>Red Liner - 18"</partDescription>
    <unitOfMeasure>Each</unitOfMeasure>
    <brandName>TUBLISS</brandName>
    <supplierNumber>RL18</supplierNumber>
    <specialInstructions/>
    <baseDealerPrice>40.00</baseDealerPrice>
    <yourDealerPrice>40.00</yourDealerPrice>
    <baseRetailPrice>57.14</baseRetailPrice>
    <originalRetailPrice>49.95</originalRetailPrice>
    <partImage>http://asset.lemansnet.com/z/LzMvOS85LzM5OUE2Mjk3LUI0NkEtNEZGNS04NzY5LTc3QzMyOUJFQkZERA==</partImage>
    <productId>0694015958</productId>
    <productName>Universal Red Liner</productName>
    <productImage>http://asset.lemansnet.com/z/LzMvOS85LzM5OUE2Mjk3LUI0NkEtNEZGNS04NzY5LTc3QzMyOUJFQkZERA==</productImage>
    <bullet1>Liner only</bullet1>
    <bullet2>Universal</bullet2>
    <bullet3/>
    <bullet4/>
    <bullet5/>
    <bullet6/>
    <bullet7/>
    <bullet8/>
    <bullet9/>
    <bullet10/>
    <bullet11/>
    <bullet12/>
    <bullet13/>
    <bullet14/>
    <bullet15/>
    <bullet16/>
    <bullet17/>
    <bullet18/>
    <bullet19/>
    <bullet20/>
    <bullet21/>
    <bullet22/>
    <bullet23/>
    <bullet24/>
    <vendorPriceUpdateDate>2023-08-17 00:00:00</vendorPriceUpdateDate>
  </part>
  <part>
    <partNumber>03500804</partNumber>
    <punctuatedPartNumber>0350-0804</punctuatedPartNumber>
    <partStatusDescription>STANDARD</partStatusDescription>
    <partDescription>Inner Bladder - For Gen 2.0 System - 21"</partDescription>
    <unitOfMeasure>Each</unitOfMeasure>
    <brandName>TUBLISS</brandName>
    <supplierNumber>IB21</supplierNumber>
    <specialInstructions/>
    <baseDealerPrice>8.81</baseDealerPrice>
    <yourDealerPrice>8.81</yourDealerPrice>
    <baseRetailPrice>12.58</baseRetailPrice>
    <originalRetailPrice>14.95</originalRetailPrice>
    <partImage>http://asset.lemansnet.com/z/LzIvRC85LzJEOTlCN0U5LUZCQkQtNDI2Ny1BMzc1LTU5ODk0RDUwQ0RFNw==</partImage>
    <productId>0743897991</productId>
    <productName>Inner Bladder for Gen 2.0 Kit</productName>
    <productImage>http://asset.lemansnet.com/z/LzIvRC85LzJEOTlCN0U5LUZCQkQtNDI2Ny1BMzc1LTU5ODk0RDUwQ0RFNw==</productImage>
    <bullet1>2 minute tire repairs: without the tubes you can now plug tires in just seconds with standard tubeless tire plugs (no need to remove the wheel)</bullet1>
    <bullet2>Super durable, when properly installed and maintained they can out last your bike, much more economical than buying countless tubes</bullet2>
    <bullet3>100 PSI where you need it, run as low as 0-10 PSI where you want it</bullet3>
    <bullet4>Inner bladder only for the Gen 2.0 system</bullet4>
    <bullet5>Pounds lighter than heavy duty tubes</bullet5>
    <bullet6>Massive traction gains, 2x traction</bullet6>
    <bullet7>Ultimate upgrade</bullet7>
    <bullet8>Tires last longer</bullet8>
    <bullet9>No pinch flats</bullet9>
    <bullet10>Plusher ride</bullet10>
    <bullet11>For Off-Road use only.</bullet11>
    <bullet12/>
    <bullet13/>
    <bullet14/>
    <bullet15/>
    <bullet16/>
    <bullet17/>
    <bullet18/>
    <bullet19/>
    <bullet20/>
    <bullet21/>
    <bullet22/>
    <bullet23/>
    <bullet24/>
    <vendorPriceUpdateDate>2023-08-17 00:00:00</vendorPriceUpdateDate>
  </part>
  <part>
    <partNumber>03500798</partNumber>
    <punctuatedPartNumber>0350-0798</punctuatedPartNumber>
    <partStatusDescription>STANDARD</partStatusDescription>
    <partDescription>Inner Bladder - Gen 2.0 System - Kit - 18"</partDescription>
    <unitOfMeasure>Each</unitOfMeasure>
    <brandName>TUBLISS</brandName>
    <supplierNumber>TU18</supplierNumber>
    <specialInstructions/>
    <baseDealerPrice>78.93</baseDealerPrice>
    <yourDealerPrice>78.93</yourDealerPrice>
    <baseRetailPrice>112.75</baseRetailPrice>
    <originalRetailPrice>99.95</originalRetailPrice>
    <partImage>http://asset.lemansnet.com/z/L0YvNi83L0Y2NzMxQzg3LThERTgtNDIyRC04RkY3LTc5ODBEQUEyOUMyMiwvMi80LzAvMjQwNThGMjktRjE2My00RjQxLUExMTEtRjhFNzc5NzU0MEVC</partImage>
    <productId>0488719480</productId>
    <productName>Gen 2.0 Kit</productName>
    <productImage>http://asset.lemansnet.com/z/L0YvNi83L0Y2NzMxQzg3LThERTgtNDIyRC04RkY3LTc5ODBEQUEyOUMyMg==</productImage>
    <bullet1>Superior rim protection: 100 PSI protection at the rim providing a protective cushion against rim damage. It also stabilizes the tire closer to the rim so the sidewall stands up instead of flopping over, this allows the tire to absorb more of the impact forces before they get to the rim</bullet1>
    <bullet2>Dual air chamber system that replaces conventional tubes with a high pressure, rim protecting inner bladder acting as a 360° rim lock that seals the tire to the full circumference of the rim</bullet2>
    <bullet3>2 minute tire repairs: without the tubes you can now plug tires in just seconds with standard tubeless tire plugs (no need to remove the wheel)</bullet3>
    <bullet4>Super durable, when properly installed and maintained they can out last your bike, much more economical than buying countless tubes</bullet4>
    <bullet5>100 PSI where you need it, run as low as 0-10 PSI where you want it</bullet5>
    <bullet6>Breakthrough low pressure capability</bullet6>
    <bullet7>Pounds lighter than heavy duty tubes</bullet7>
    <bullet8>Massive traction gains, 2x traction</bullet8>
    <bullet9>Ultimate upgrade</bullet9>
    <bullet10>Tires last longer</bullet10>
    <bullet11>No pinch flats</bullet11>
    <bullet12>Plusher ride</bullet12>
    <bullet13>System kit includes:</bullet13>
    <bullet14>Tubliss insert</bullet14>
    <bullet15>Installation guide</bullet15>
    <bullet16>Rim tape and plug</bullet16>
    <bullet17>Rim lock</bullet17>
    <bullet18>Sticker for rim</bullet18>
    <bullet19>Installation poster</bullet19>
    <bullet20>For Off-Road use only.</bullet20>
    <bullet21/>
    <bullet22/>
    <bullet23/>
    <bullet24/>
    <vendorPriceUpdateDate>2023-08-17 00:00:00</vendorPriceUpdateDate>
  </part>
  <part>
    <partNumber>03500801</partNumber>
    <punctuatedPartNumber>0350-0801</punctuatedPartNumber>
    <partStatusDescription>STANDARD</partStatusDescription>
    <partDescription>Red Liner - 21"</partDescription>
    <unitOfMeasure>Each</unitOfMeasure>
    <brandName>TUBLISS</brandName>
    <supplierNumber>RL21</supplierNumber>
    <specialInstructions/>
    <baseDealerPrice>40.00</baseDealerPrice>
    <yourDealerPrice>40.00</yourDealerPrice>
    <baseRetailPrice>57.14</baseRetailPrice>
    <originalRetailPrice>49.95</originalRetailPrice>
    <partImage>http://asset.lemansnet.com/z/LzMvOS85LzM5OUE2Mjk3LUI0NkEtNEZGNS04NzY5LTc3QzMyOUJFQkZERA==</partImage>
    <productId>0694015958</productId>
    <productName>Universal Red Liner</productName>
    <productImage>http://asset.lemansnet.com/z/LzMvOS85LzM5OUE2Mjk3LUI0NkEtNEZGNS04NzY5LTc3QzMyOUJFQkZERA==</productImage>
    <bullet1>Liner only</bullet1>
    <bullet2>Universal</bullet2>
    <bullet3/>
    <bullet4/>
    <bullet5/>
    <bullet6/>
    <bullet7/>
    <bullet8/>
    <bullet9/>
    <bullet10/>
    <bullet11/>
    <bullet12/>
    <bullet13/>
    <bullet14/>
    <bullet15/>
    <bullet16/>
    <bullet17/>
    <bullet18/>
    <bullet19/>
    <bullet20/>
    <bullet21/>
    <bullet22/>
    <bullet23/>
    <bullet24/>
    <vendorPriceUpdateDate>2023-08-17 00:00:00</vendorPriceUpdateDate>
  </part>
  <part>
    <partNumber>03500805</partNumber>
    <punctuatedPartNumber>0350-0805</punctuatedPartNumber>
    <partStatusDescription>STANDARD</partStatusDescription>
    <partDescription>Inner Bladder - For Gen 2.0 System - 19"</partDescription>
    <unitOfMeasure>Each</unitOfMeasure>
    <brandName>TUBLISS</brandName>
    <supplierNumber>IB19</supplierNumber>
    <specialInstructions/>
    <baseDealerPrice>8.81</baseDealerPrice>
    <yourDealerPrice>8.81</yourDealerPrice>
    <baseRetailPrice>12.58</baseRetailPrice>
    <originalRetailPrice>14.95</originalRetailPrice>
    <partImage>http://asset.lemansnet.com/z/LzUvRC85LzVEOTQ5NUZCLTA2QkYtNDZBMi1BMkU5LTFGRTVGMkNGRDU3MA==</partImage>
    <productId>0743897991</productId>
    <productName>Inner Bladder for Gen 2.0 Kit</productName>
    <productImage>http://asset.lemansnet.com/z/LzIvRC85LzJEOTlCN0U5LUZCQkQtNDI2Ny1BMzc1LTU5ODk0RDUwQ0RFNw==</productImage>
    <bullet1>2 minute tire repairs: without the tubes you can now plug tires in just seconds with standard tubeless tire plugs (no need to remove the wheel)</bullet1>
    <bullet2>Super durable, when properly installed and maintained they can out last your bike, much more economical than buying countless tubes</bullet2>
    <bullet3>100 PSI where you need it, run as low as 0-10 PSI where you want it</bullet3>
    <bullet4>Inner bladder only for the Gen 2.0 system</bullet4>
    <bullet5>Pounds lighter than heavy duty tubes</bullet5>
    <bullet6>Massive traction gains, 2x traction</bullet6>
    <bullet7>Ultimate upgrade</bullet7>
    <bullet8>Tires last longer</bullet8>
    <bullet9>No pinch flats</bullet9>
    <bullet10>Plusher ride</bullet10>
    <bullet11>For Off-Road use only.</bullet11>
    <bullet12/>
    <bullet13/>
    <bullet14/>
    <bullet15/>
    <bullet16/>
    <bullet17/>
    <bullet18/>
    <bullet19/>
    <bullet20/>
    <bullet21/>
    <bullet22/>
    <bullet23/>
    <bullet24/>
    <vendorPriceUpdateDate>2023-08-17 00:00:00</vendorPriceUpdateDate>
  </part>
  <part>
    <partNumber>03500796</partNumber>
    <punctuatedPartNumber>0350-0796</punctuatedPartNumber>
    <partStatusDescription>STANDARD</partStatusDescription>
    <partDescription>Inner Bladder - Gen 2.0 System - Kit - 21"</partDescription>
    <unitOfMeasure>Each</unitOfMeasure>
    <brandName>TUBLISS</brandName>
    <supplierNumber>TU21</supplierNumber>
    <specialInstructions/>
    <baseDealerPrice>78.93</baseDealerPrice>
    <yourDealerPrice>78.93</yourDealerPrice>
    <baseRetailPrice>112.75</baseRetailPrice>
    <originalRetailPrice>99.95</originalRetailPrice>
    <partImage>http://asset.lemansnet.com/z/L0YvNi83L0Y2NzMxQzg3LThERTgtNDIyRC04RkY3LTc5ODBEQUEyOUMyMiwvMi80LzAvMjQwNThGMjktRjE2My00RjQxLUExMTEtRjhFNzc5NzU0MEVC</partImage>
    <productId>0488719480</productId>
    <productName>Gen 2.0 Kit</productName>
    <productImage>http://asset.lemansnet.com/z/L0YvNi83L0Y2NzMxQzg3LThERTgtNDIyRC04RkY3LTc5ODBEQUEyOUMyMg==</productImage>
    <bullet1>Superior rim protection: 100 PSI protection at the rim providing a protective cushion against rim damage. It also stabilizes the tire closer to the rim so the sidewall stands up instead of flopping over, this allows the tire to absorb more of the impact forces before they get to the rim</bullet1>
    <bullet2>Dual air chamber system that replaces conventional tubes with a high pressure, rim protecting inner bladder acting as a 360° rim lock that seals the tire to the full circumference of the rim</bullet2>
    <bullet3>2 minute tire repairs: without the tubes you can now plug tires in just seconds with standard tubeless tire plugs (no need to remove the wheel)</bullet3>
    <bullet4>Super durable, when properly installed and maintained they can out last your bike, much more economical than buying countless tubes</bullet4>
    <bullet5>100 PSI where you need it, run as low as 0-10 PSI where you want it</bullet5>
    <bullet6>Breakthrough low pressure capability</bullet6>
    <bullet7>Pounds lighter than heavy duty tubes</bullet7>
    <bullet8>Massive traction gains, 2x traction</bullet8>
    <bullet9>Ultimate upgrade</bullet9>
    <bullet10>Tires last longer</bullet10>
    <bullet11>No pinch flats</bullet11>
    <bullet12>Plusher ride</bullet12>
    <bullet13>System kit includes:</bullet13>
    <bullet14>Tubliss insert</bullet14>
    <bullet15>Installation guide</bullet15>
    <bullet16>Rim tape and plug</bullet16>
    <bullet17>Rim lock</bullet17>
    <bullet18>Sticker for rim</bullet18>
    <bullet19>Installation poster</bullet19>
    <bullet20>For Off-Road use only.</bullet20>
    <bullet21/>
    <bullet22/>
    <bullet23/>
    <bullet24/>
    <vendorPriceUpdateDate>2023-08-17 00:00:00</vendorPriceUpdateDate>
  </part>
  <part>
    <partNumber>03500799</partNumber>
    <punctuatedPartNumber>0350-0799</punctuatedPartNumber>
    <partStatusDescription>STANDARD</partStatusDescription>
    <partDescription>Rim Tape - For Rear Rim - 27 mm</partDescription>
    <unitOfMeasure>Each</unitOfMeasure>
    <brandName>TUBLISS</brandName>
    <supplierNumber>RT27</supplierNumber>
    <specialInstructions/>
    <baseDealerPrice>3.82</baseDealerPrice>
    <yourDealerPrice>3.82</yourDealerPrice>
    <baseRetailPrice>5.46</baseRetailPrice>
    <originalRetailPrice>4.95</originalRetailPrice>
    <partImage>http://asset.lemansnet.com/z/L0IvMy8xL0IzMUY0MDMxLUE0QzUtNDUyNi1CRkNCLUI3Njk0QzVGRDk2RQ==</partImage>
    <productId>1930261999</productId>
    <productName>Rim Tape</productName>
    <productImage>http://asset.lemansnet.com/z/L0IvMy8xL0IzMUY0MDMxLUE0QzUtNDUyNi1CRkNCLUI3Njk0QzVGRDk2RQ==</productImage>
    <bullet1>Functions as a cushion for the tube against the spoke nipples and helps keep dirt out of the rim</bullet1>
    <bullet2>Tape is approximately 200" long</bullet2>
    <bullet3/>
    <bullet4/>
    <bullet5/>
    <bullet6/>
    <bullet7/>
    <bullet8/>
    <bullet9/>
    <bullet10/>
    <bullet11/>
    <bullet12/>
    <bullet13/>
    <bullet14/>
    <bullet15/>
    <bullet16/>
    <bullet17/>
    <bullet18/>
    <bullet19/>
    <bullet20/>
    <bullet21/>
    <bullet22/>
    <bullet23/>
    <bullet24/>
    <vendorPriceUpdateDate>2023-08-17 00:00:00</vendorPriceUpdateDate>
  </part>
  <part>
    <partNumber>03500800</partNumber>
    <punctuatedPartNumber>0350-0800</punctuatedPartNumber>
    <partStatusDescription>STANDARD</partStatusDescription>
    <partDescription>Rim Tape - For Front Rim - 22 mm</partDescription>
    <unitOfMeasure>Each</unitOfMeasure>
    <brandName>TUBLISS</brandName>
    <supplierNumber>RT22</supplierNumber>
    <specialInstructions/>
    <baseDealerPrice>3.82</baseDealerPrice>
    <yourDealerPrice>3.82</yourDealerPrice>
    <baseRetailPrice>5.46</baseRetailPrice>
    <originalRetailPrice>4.95</originalRetailPrice>
    <partImage>http://asset.lemansnet.com/z/L0IvMy8xL0IzMUY0MDMxLUE0QzUtNDUyNi1CRkNCLUI3Njk0QzVGRDk2RQ==</partImage>
    <productId>1930261999</productId>
    <productName>Rim Tape</productName>
    <productImage>http://asset.lemansnet.com/z/L0IvMy8xL0IzMUY0MDMxLUE0QzUtNDUyNi1CRkNCLUI3Njk0QzVGRDk2RQ==</productImage>
    <bullet1>Functions as a cushion for the tube against the spoke nipples and helps keep dirt out of the rim</bullet1>
    <bullet2>Tape is approximately 200" long</bullet2>
    <bullet3/>
    <bullet4/>
    <bullet5/>
    <bullet6/>
    <bullet7/>
    <bullet8/>
    <bullet9/>
    <bullet10/>
    <bullet11/>
    <bullet12/>
    <bullet13/>
    <bullet14/>
    <bullet15/>
    <bullet16/>
    <bullet17/>
    <bullet18/>
    <bullet19/>
    <bullet20/>
    <bullet21/>
    <bullet22/>
    <bullet23/>
    <bullet24/>
    <vendorPriceUpdateDate>2023-08-17 00:00:00</vendorPriceUpdateDate>
  </part>
  <part>
    <partNumber>03500802</partNumber>
    <punctuatedPartNumber>0350-0802</punctuatedPartNumber>
    <partStatusDescription>STANDARD</partStatusDescription>
    <partDescription>Red Liner - 19"</partDescription>
    <unitOfMeasure>Each</unitOfMeasure>
    <brandName>TUBLISS</brandName>
    <supplierNumber>RL19</supplierNumber>
    <specialInstructions/>
    <baseDealerPrice>40.00</baseDealerPrice>
    <yourDealerPrice>40.00</yourDealerPrice>
    <baseRetailPrice>57.14</baseRetailPrice>
    <originalRetailPrice>49.95</originalRetailPrice>
    <partImage>http://asset.lemansnet.com/z/LzMvOS85LzM5OUE2Mjk3LUI0NkEtNEZGNS04NzY5LTc3QzMyOUJFQkZERA==</partImage>
    <productId>0694015958</productId>
    <productName>Universal Red Liner</productName>
    <productImage>http://asset.lemansnet.com/z/LzMvOS85LzM5OUE2Mjk3LUI0NkEtNEZGNS04NzY5LTc3QzMyOUJFQkZERA==</productImage>
    <bullet1>Liner only</bullet1>
    <bullet2>Universal</bullet2>
    <bullet3/>
    <bullet4/>
    <bullet5/>
    <bullet6/>
    <bullet7/>
    <bullet8/>
    <bullet9/>
    <bullet10/>
    <bullet11/>
    <bullet12/>
    <bullet13/>
    <bullet14/>
    <bullet15/>
    <bullet16/>
    <bullet17/>
    <bullet18/>
    <bullet19/>
    <bullet20/>
    <bullet21/>
    <bullet22/>
    <bullet23/>
    <bullet24/>
    <vendorPriceUpdateDate>2023-08-17 00:00:00</vendorPriceUpdateDate>
  </part>
  <part>
    <partNumber>03500808</partNumber>
    <punctuatedPartNumber>0350-0808</punctuatedPartNumber>
    <partStatusDescription>STANDARD</partStatusDescription>
    <partDescription>Deflector - Replacement - Front</partDescription>
    <unitOfMeasure>Each</unitOfMeasure>
    <brandName>TUBLISS</brandName>
    <supplierNumber>DF1</supplierNumber>
    <specialInstructions/>
    <baseDealerPrice>3.36</baseDealerPrice>
    <yourDealerPrice>3.36</yourDealerPrice>
    <baseRetailPrice>4.80</baseRetailPrice>
    <originalRetailPrice>3.95</originalRetailPrice>
    <partImage>http://asset.lemansnet.com/z/L0IvQS9DL0JBQ0UzMDMxLTYwOTAtNEYzRi05NTY0LTUxRTNFOTk1OUQ0OQ==</partImage>
    <productId>1217692940</productId>
    <productName>Replacement Deflector</productName>
    <productImage>http://asset.lemansnet.com/z/L0IvQi84L0JCOEI4NkY3LTk0MkQtNDNCQy1BRjRFLTI1MzdBMkQ5QTVENw==</productImage>
    <bullet1>Replacement component for Tubliss system</bullet1>
    <bullet2/>
    <bullet3/>
    <bullet4/>
    <bullet5/>
    <bullet6/>
    <bullet7/>
    <bullet8/>
    <bullet9/>
    <bullet10/>
    <bullet11/>
    <bullet12/>
    <bullet13/>
    <bullet14/>
    <bullet15/>
    <bullet16/>
    <bullet17/>
    <bullet18/>
    <bullet19/>
    <bullet20/>
    <bullet21/>
    <bullet22/>
    <bullet23/>
    <bullet24/>
    <vendorPriceUpdateDate>2023-08-17 00:00:00</vendorPriceUpdateDate>
  </part>
  <part>
    <partNumber>38100162</partNumber>
    <punctuatedPartNumber>3810-0162</punctuatedPartNumber>
    <partStatusDescription>STANDARD</partStatusDescription>
    <partDescription>Floor Pump - Mini</partDescription>
    <unitOfMeasure>Each</unitOfMeasure>
    <brandName>TUBLISS</brandName>
    <supplierNumber>MFP1</supplierNumber>
    <specialInstructions/>
    <baseDealerPrice>22.72</baseDealerPrice>
    <yourDealerPrice>22.72</yourDealerPrice>
    <baseRetailPrice>32.45</baseRetailPrice>
    <originalRetailPrice>39.95</originalRetailPrice>
    <partImage>http://asset.lemansnet.com/z/LzMvNy84LzM3ODAwMTAwLUQxNDUtNDREQy05NTFCLTUyMzc5Q0E3MjdDOQ==</partImage>
    <productId>1660558828</productId>
    <productName>Mini Floor Pump</productName>
    <productImage>http://asset.lemansnet.com/z/LzMvNy84LzM3ODAwMTAwLUQxNDUtNDREQy05NTFCLTUyMzc5Q0E3MjdDOQ==</productImage>
    <bullet1>Accurately measures air pressure with a range up to 110 psi</bullet1>
    <bullet2/>
    <bullet3/>
    <bullet4/>
    <bullet5/>
    <bullet6/>
    <bullet7/>
    <bullet8/>
    <bullet9/>
    <bullet10/>
    <bullet11/>
    <bullet12/>
    <bullet13/>
    <bullet14/>
    <bullet15/>
    <bullet16/>
    <bullet17/>
    <bullet18/>
    <bullet19/>
    <bullet20/>
    <bullet21/>
    <bullet22/>
    <bullet23/>
    <bullet24/>
    <vendorPriceUpdateDate>2023-08-17 00:00:00</vendorPriceUpdateDate>
  </part>
  <part>
    <partNumber>43202569</partNumber>
    <punctuatedPartNumber>4320-2569</punctuatedPartNumber>
    <partStatusDescription>STANDARD</partStatusDescription>
    <partDescription>Rim Sticker Kit</partDescription>
    <unitOfMeasure>Kit</unitOfMeasure>
    <brandName>TUBLISS</brandName>
    <supplierNumber>SK1</supplierNumber>
    <specialInstructions/>
    <baseDealerPrice>4.10</baseDealerPrice>
    <yourDealerPrice>4.10</yourDealerPrice>
    <baseRetailPrice>5.86</baseRetailPrice>
    <originalRetailPrice>4.95</originalRetailPrice>
    <partImage>http://asset.lemansnet.com/z/LzUvNy8wLzU3MDhFREI3LTY0MjMtNEY0NC05MDk1LTlDMjQ1RUIwQjA1Qg==</partImage>
    <productId>1798037576</productId>
    <productName>Sticker Kit</productName>
    <productImage>http://asset.lemansnet.com/z/LzUvNy8wLzU3MDhFREI3LTY0MjMtNEY0NC05MDk1LTlDMjQ1RUIwQjA1Qg==</productImage>
    <bullet1>Rim sticker kit for Nuetech Tubliss Gen 2.0 tire system</bullet1>
    <bullet2/>
    <bullet3/>
    <bullet4/>
    <bullet5/>
    <bullet6/>
    <bullet7/>
    <bullet8/>
    <bullet9/>
    <bullet10/>
    <bullet11/>
    <bullet12/>
    <bullet13/>
    <bullet14/>
    <bullet15/>
    <bullet16/>
    <bullet17/>
    <bullet18/>
    <bullet19/>
    <bullet20/>
    <bullet21/>
    <bullet22/>
    <bullet23/>
    <bullet24/>
    <vendorPriceUpdateDate>2023-08-17 00:00:00</vendorPriceUpdateDate>
  </part>
  <part>
    <partNumber>03500806</partNumber>
    <punctuatedPartNumber>0350-0806</punctuatedPartNumber>
    <partStatusDescription>STANDARD</partStatusDescription>
    <partDescription>Inner Bladder - For Gen 2.0 System - 18"</partDescription>
    <unitOfMeasure>Each</unitOfMeasure>
    <brandName>TUBLISS</brandName>
    <supplierNumber>IB18</supplierNumber>
    <specialInstructions/>
    <baseDealerPrice>8.81</baseDealerPrice>
    <yourDealerPrice>8.81</yourDealerPrice>
    <baseRetailPrice>12.58</baseRetailPrice>
    <originalRetailPrice>14.95</originalRetailPrice>
    <partImage>http://asset.lemansnet.com/z/LzkvNy9FLzk3RTZCMzFGLUJGREEtNEE4NC04RDJGLTRCNzlGNURFNUM4OQ==</partImage>
    <productId>0743897991</productId>
    <productName>Inner Bladder for Gen 2.0 Kit</productName>
    <productImage>http://asset.lemansnet.com/z/LzIvRC85LzJEOTlCN0U5LUZCQkQtNDI2Ny1BMzc1LTU5ODk0RDUwQ0RFNw==</productImage>
    <bullet1>2 minute tire repairs: without the tubes you can now plug tires in just seconds with standard tubeless tire plugs (no need to remove the wheel)</bullet1>
    <bullet2>Super durable, when properly installed and maintained they can out last your bike, much more economical than buying countless tubes</bullet2>
    <bullet3>100 PSI where you need it, run as low as 0-10 PSI where you want it</bullet3>
    <bullet4>Inner bladder only for the Gen 2.0 system</bullet4>
    <bullet5>Pounds lighter than heavy duty tubes</bullet5>
    <bullet6>Massive traction gains, 2x traction</bullet6>
    <bullet7>Ultimate upgrade</bullet7>
    <bullet8>Tires last longer</bullet8>
    <bullet9>No pinch flats</bullet9>
    <bullet10>Plusher ride</bullet10>
    <bullet11>For Off-Road use only.</bullet11>
    <bullet12/>
    <bullet13/>
    <bullet14/>
    <bullet15/>
    <bullet16/>
    <bullet17/>
    <bullet18/>
    <bullet19/>
    <bullet20/>
    <bullet21/>
    <bullet22/>
    <bullet23/>
    <bullet24/>
    <vendorPriceUpdateDate>2023-08-17 00:00:00</vendorPriceUpdateDate>
  </part>
  <part>
    <partNumber>03500807</partNumber>
    <punctuatedPartNumber>0350-0807</punctuatedPartNumber>
    <partStatusDescription>STANDARD</partStatusDescription>
    <partDescription>Deflector - Replacement - Rear</partDescription>
    <unitOfMeasure>Each</unitOfMeasure>
    <brandName>TUBLISS</brandName>
    <supplierNumber>DR1</supplierNumber>
    <specialInstructions/>
    <baseDealerPrice>3.36</baseDealerPrice>
    <yourDealerPrice>3.36</yourDealerPrice>
    <baseRetailPrice>4.80</baseRetailPrice>
    <originalRetailPrice>3.95</originalRetailPrice>
    <partImage>http://asset.lemansnet.com/z/L0IvQi84L0JCOEI4NkY3LTk0MkQtNDNCQy1BRjRFLTI1MzdBMkQ5QTVENw==</partImage>
    <productId>1217692940</productId>
    <productName>Replacement Deflector</productName>
    <productImage>http://asset.lemansnet.com/z/L0IvQi84L0JCOEI4NkY3LTk0MkQtNDNCQy1BRjRFLTI1MzdBMkQ5QTVENw==</productImage>
    <bullet1>Replacement component for Tubliss system</bullet1>
    <bullet2/>
    <bullet3/>
    <bullet4/>
    <bullet5/>
    <bullet6/>
    <bullet7/>
    <bullet8/>
    <bullet9/>
    <bullet10/>
    <bullet11/>
    <bullet12/>
    <bullet13/>
    <bullet14/>
    <bullet15/>
    <bullet16/>
    <bullet17/>
    <bullet18/>
    <bullet19/>
    <bullet20/>
    <bullet21/>
    <bullet22/>
    <bullet23/>
    <bullet24/>
    <vendorPriceUpdateDate>2023-08-17 00:00:00</vendorPriceUpdateDate>
  </part>
</root>
