<root>
  <part>
    <partNumber>04100471</partNumber>
    <punctuatedPartNumber>0410-0471</punctuatedPartNumber>
    <partStatusDescription>STANDARD</partStatusDescription>
    <partDescription>Star Nut - 1-1/8" Steer</partDescription>
    <unitOfMeasure>Each</unitOfMeasure>
    <brandName>CANE CREEK CYCLING COMPONENTS</brandName>
    <supplierNumber>.ASN8</supplierNumber>
    <specialInstructions/>
    <baseDealerPrice>0.60</baseDealerPrice>
    <yourDealerPrice>0.60</yourDealerPrice>
    <baseRetailPrice>1.00</baseRetailPrice>
    <originalRetailPrice>1.00</originalRetailPrice>
    <partImage>http://asset.lemansnet.com/z/LzQvNy9DLzQ3Q0U0RjYyLTdGMjktNDkwRS1BMTU3LUI5N0JEOUI3QTAzRQ==</partImage>
    <productId>0917560365</productId>
    <productName>Headset Star Nut</productName>
    <productImage>http://asset.lemansnet.com/z/LzQvNy9DLzQ3Q0U0RjYyLTdGMjktNDkwRS1BMTU3LUI5N0JEOUI3QTAzRQ==</productImage>
    <bullet1>Star nut for 1-1/8" steer</bullet1>
    <bullet2/>
    <bullet3/>
    <bullet4/>
    <bullet5/>
    <bullet6/>
    <bullet7/>
    <bullet8/>
    <bullet9/>
    <bullet10/>
    <bullet11/>
    <bullet12/>
    <bullet13/>
    <bullet14/>
    <bullet15/>
    <bullet16/>
    <bullet17/>
    <bullet18/>
    <bullet19/>
    <bullet20/>
    <bullet21/>
    <bullet22/>
    <bullet23/>
    <bullet24/>
    <vendorPriceUpdateDate>2022-10-31 00:00:00</vendorPriceUpdateDate>
  </part>
  <part>
    <partNumber>38120736</partNumber>
    <punctuatedPartNumber>3812-0736</punctuatedPartNumber>
    <partStatusDescription>STANDARD</partStatusDescription>
    <partDescription>Crown Race Installation Tool - 40 mm Race / 52 mm Bearing</partDescription>
    <unitOfMeasure>Each</unitOfMeasure>
    <brandName>CANE CREEK CYCLING COMPONENTS</brandName>
    <supplierNumber>HST005</supplierNumber>
    <specialInstructions/>
    <baseDealerPrice>9.20</baseDealerPrice>
    <yourDealerPrice>9.20</yourDealerPrice>
    <baseRetailPrice>13.99</baseRetailPrice>
    <originalRetailPrice>13.99</originalRetailPrice>
    <partImage>http://asset.lemansnet.com/z/LzAvMi80LzAyNEM0QjE3LTA3MDItNDIzMy05OEMwLUFEMENENjc2M0ZCQg==</partImage>
    <productId>0189540491</productId>
    <productName>Crown Race Installation Tool</productName>
    <productImage>http://asset.lemansnet.com/z/LzUvMy9BLzUzQUNEQzdFLTg1NDctNDZBMy05MDY3LTMzRDY0RjZFRjVENw==</productImage>
    <bullet1>Tools to install headset cups into your bicycle frame or a crown race onto your fork</bullet1>
    <bullet2>The headset cup installation tools are designed to be used with a headset press (sold separately)</bullet2>
    <bullet3/>
    <bullet4/>
    <bullet5/>
    <bullet6/>
    <bullet7/>
    <bullet8/>
    <bullet9/>
    <bullet10/>
    <bullet11/>
    <bullet12/>
    <bullet13/>
    <bullet14/>
    <bullet15/>
    <bullet16/>
    <bullet17/>
    <bullet18/>
    <bullet19/>
    <bullet20/>
    <bullet21/>
    <bullet22/>
    <bullet23/>
    <bullet24/>
    <vendorPriceUpdateDate>2022-10-31 00:00:00</vendorPriceUpdateDate>
  </part>
  <part>
    <partNumber>04100459</partNumber>
    <punctuatedPartNumber>0410-0459</punctuatedPartNumber>
    <partStatusDescription>STANDARD</partStatusDescription>
    <partDescription>40-Series Headset - Complete - EC34/28.6/H16 - EC34/30</partDescription>
    <unitOfMeasure>Each</unitOfMeasure>
    <brandName>CANE CREEK CYCLING COMPONENTS</brandName>
    <supplierNumber>BAA0068K</supplierNumber>
    <specialInstructions/>
    <baseDealerPrice>39.00</baseDealerPrice>
    <yourDealerPrice>39.00</yourDealerPrice>
    <baseRetailPrice>63.99</baseRetailPrice>
    <originalRetailPrice>63.99</originalRetailPrice>
    <partImage>http://asset.lemansnet.com/z/LzQvNi9GLzQ2RjVGMjU1LUExODktNEMyOC1CODY5LTE2RjNBOURERjAxOA==</partImage>
    <productId>1046200313</productId>
    <productName>40-Series Complete Headset</productName>
    <productImage>http://asset.lemansnet.com/z/LzQvNS9DLzQ1QzMyNzY0LTA1RjAtNDkwMS1BQjgwLUYyMzlGRTE1MkY0Mg==</productImage>
    <bullet1>Includes all the features necessary for a durable, lightweight and long-lasting headset</bullet1>
    <bullet2>Precision engineered</bullet2>
    <bullet3/>
    <bullet4/>
    <bullet5/>
    <bullet6/>
    <bullet7/>
    <bullet8/>
    <bullet9/>
    <bullet10/>
    <bullet11/>
    <bullet12/>
    <bullet13/>
    <bullet14/>
    <bullet15/>
    <bullet16/>
    <bullet17/>
    <bullet18/>
    <bullet19/>
    <bullet20/>
    <bullet21/>
    <bullet22/>
    <bullet23/>
    <bullet24/>
    <vendorPriceUpdateDate>2022-10-31 00:00:00</vendorPriceUpdateDate>
  </part>
  <part>
    <partNumber>04100460</partNumber>
    <punctuatedPartNumber>0410-0460</punctuatedPartNumber>
    <partStatusDescription>STANDARD</partStatusDescription>
    <partDescription>40-Series Headset - Complete - Short Cover - IS41/28.6/H9 - IS52/40</partDescription>
    <unitOfMeasure>Each</unitOfMeasure>
    <brandName>CANE CREEK CYCLING COMPONENTS</brandName>
    <supplierNumber>BAA0741K</supplierNumber>
    <specialInstructions/>
    <baseDealerPrice>39.00</baseDealerPrice>
    <yourDealerPrice>39.00</yourDealerPrice>
    <baseRetailPrice>63.99</baseRetailPrice>
    <originalRetailPrice>63.99</originalRetailPrice>
    <partImage>http://asset.lemansnet.com/z/L0IvNy8xL0I3MTQ5OUM5LTFCMzQtNDU4Qi05MTlELTEyRUUxQTFDN0RCNw==</partImage>
    <productId>1046200313</productId>
    <productName>40-Series Complete Headset</productName>
    <productImage>http://asset.lemansnet.com/z/LzQvNS9DLzQ1QzMyNzY0LTA1RjAtNDkwMS1BQjgwLUYyMzlGRTE1MkY0Mg==</productImage>
    <bullet1>Includes all the features necessary for a durable, lightweight and long-lasting headset</bullet1>
    <bullet2>Precision engineered</bullet2>
    <bullet3/>
    <bullet4/>
    <bullet5/>
    <bullet6/>
    <bullet7/>
    <bullet8/>
    <bullet9/>
    <bullet10/>
    <bullet11/>
    <bullet12/>
    <bullet13/>
    <bullet14/>
    <bullet15/>
    <bullet16/>
    <bullet17/>
    <bullet18/>
    <bullet19/>
    <bullet20/>
    <bullet21/>
    <bullet22/>
    <bullet23/>
    <bullet24/>
    <vendorPriceUpdateDate>2022-10-31 00:00:00</vendorPriceUpdateDate>
  </part>
  <part>
    <partNumber>04100462</partNumber>
    <punctuatedPartNumber>0410-0462</punctuatedPartNumber>
    <partStatusDescription>STANDARD</partStatusDescription>
    <partDescription>40-Series Headset - Complete - ZS44/28.6/H8 - ZS56/40</partDescription>
    <unitOfMeasure>Each</unitOfMeasure>
    <brandName>CANE CREEK CYCLING COMPONENTS</brandName>
    <supplierNumber>BAA0533K</supplierNumber>
    <specialInstructions/>
    <baseDealerPrice>50.00</baseDealerPrice>
    <yourDealerPrice>50.00</yourDealerPrice>
    <baseRetailPrice>78.99</baseRetailPrice>
    <originalRetailPrice>78.99</originalRetailPrice>
    <partImage>http://asset.lemansnet.com/z/LzkvRS8yLzlFMjI0ODc0LTJDNTAtNEU0Ny04NDIxLTc4OThCRjAyNUZBNw==</partImage>
    <productId>1046200313</productId>
    <productName>40-Series Complete Headset</productName>
    <productImage>http://asset.lemansnet.com/z/LzQvNS9DLzQ1QzMyNzY0LTA1RjAtNDkwMS1BQjgwLUYyMzlGRTE1MkY0Mg==</productImage>
    <bullet1>Includes all the features necessary for a durable, lightweight and long-lasting headset</bullet1>
    <bullet2>Precision engineered</bullet2>
    <bullet3/>
    <bullet4/>
    <bullet5/>
    <bullet6/>
    <bullet7/>
    <bullet8/>
    <bullet9/>
    <bullet10/>
    <bullet11/>
    <bullet12/>
    <bullet13/>
    <bullet14/>
    <bullet15/>
    <bullet16/>
    <bullet17/>
    <bullet18/>
    <bullet19/>
    <bullet20/>
    <bullet21/>
    <bullet22/>
    <bullet23/>
    <bullet24/>
    <vendorPriceUpdateDate>2022-10-31 00:00:00</vendorPriceUpdateDate>
  </part>
  <part>
    <partNumber>04100463</partNumber>
    <punctuatedPartNumber>0410-0463</punctuatedPartNumber>
    <partStatusDescription>STANDARD</partStatusDescription>
    <partDescription>40-Series Headset - Complete - ZS44/28.6/H8 - EC44/40</partDescription>
    <unitOfMeasure>Each</unitOfMeasure>
    <brandName>CANE CREEK CYCLING COMPONENTS</brandName>
    <supplierNumber>BAA0717K</supplierNumber>
    <specialInstructions/>
    <baseDealerPrice>52.50</baseDealerPrice>
    <yourDealerPrice>52.50</yourDealerPrice>
    <baseRetailPrice>84.99</baseRetailPrice>
    <originalRetailPrice>84.99</originalRetailPrice>
    <partImage>http://asset.lemansnet.com/z/bWVkaWEvOGVlZDRlOWItYTg0Ny00NTAxLTlkZTgtOTRhNzRlZjE3MTFh</partImage>
    <productId>1046200313</productId>
    <productName>40-Series Complete Headset</productName>
    <productImage>http://asset.lemansnet.com/z/LzQvNS9DLzQ1QzMyNzY0LTA1RjAtNDkwMS1BQjgwLUYyMzlGRTE1MkY0Mg==</productImage>
    <bullet1>Includes all the features necessary for a durable, lightweight and long-lasting headset</bullet1>
    <bullet2>Precision engineered</bullet2>
    <bullet3/>
    <bullet4/>
    <bullet5/>
    <bullet6/>
    <bullet7/>
    <bullet8/>
    <bullet9/>
    <bullet10/>
    <bullet11/>
    <bullet12/>
    <bullet13/>
    <bullet14/>
    <bullet15/>
    <bullet16/>
    <bullet17/>
    <bullet18/>
    <bullet19/>
    <bullet20/>
    <bullet21/>
    <bullet22/>
    <bullet23/>
    <bullet24/>
    <vendorPriceUpdateDate>2022-10-31 00:00:00</vendorPriceUpdateDate>
  </part>
  <part>
    <partNumber>04100465</partNumber>
    <punctuatedPartNumber>0410-0465</punctuatedPartNumber>
    <partStatusDescription>STANDARD</partStatusDescription>
    <partDescription>40-Series Headset - Complete - ZS56/28.6/H8 - ZS56/40</partDescription>
    <unitOfMeasure>Each</unitOfMeasure>
    <brandName>CANE CREEK CYCLING COMPONENTS</brandName>
    <supplierNumber>BAA2202K</supplierNumber>
    <specialInstructions/>
    <baseDealerPrice>46.70</baseDealerPrice>
    <yourDealerPrice>46.70</yourDealerPrice>
    <baseRetailPrice>69.99</baseRetailPrice>
    <originalRetailPrice>69.99</originalRetailPrice>
    <partImage>http://asset.lemansnet.com/z/LzUvOC9BLzU4QURGQkNCLTAyQ0MtNEIyNi05REYxLUJERkFDOTJGNDRERg==</partImage>
    <productId>1046200313</productId>
    <productName>40-Series Complete Headset</productName>
    <productImage>http://asset.lemansnet.com/z/LzQvNS9DLzQ1QzMyNzY0LTA1RjAtNDkwMS1BQjgwLUYyMzlGRTE1MkY0Mg==</productImage>
    <bullet1>Includes all the features necessary for a durable, lightweight and long-lasting headset</bullet1>
    <bullet2>Precision engineered</bullet2>
    <bullet3/>
    <bullet4/>
    <bullet5/>
    <bullet6/>
    <bullet7/>
    <bullet8/>
    <bullet9/>
    <bullet10/>
    <bullet11/>
    <bullet12/>
    <bullet13/>
    <bullet14/>
    <bullet15/>
    <bullet16/>
    <bullet17/>
    <bullet18/>
    <bullet19/>
    <bullet20/>
    <bullet21/>
    <bullet22/>
    <bullet23/>
    <bullet24/>
    <vendorPriceUpdateDate>2022-10-31 00:00:00</vendorPriceUpdateDate>
  </part>
  <part>
    <partNumber>04100454</partNumber>
    <punctuatedPartNumber>0410-0454</punctuatedPartNumber>
    <partStatusDescription>STANDARD</partStatusDescription>
    <partDescription>Hellbender 70 Headset - Complete - ZS44/28.6/H8 - ZS56/40 - Black</partDescription>
    <unitOfMeasure>Each</unitOfMeasure>
    <brandName>CANE CREEK CYCLING COMPONENTS</brandName>
    <supplierNumber>BAA1186K</supplierNumber>
    <specialInstructions/>
    <baseDealerPrice>80.80</baseDealerPrice>
    <yourDealerPrice>80.80</yourDealerPrice>
    <baseRetailPrice>116.99</baseRetailPrice>
    <originalRetailPrice>116.99</originalRetailPrice>
    <partImage>http://asset.lemansnet.com/z/LzQvNi9DLzQ2QzlGRTFFLTdGRUItNDYxRi1BQURCLTg5NTEwNEQ1NjNBRA==</partImage>
    <productId>1896256979</productId>
    <productName>Hellbender 70 Complete Headset</productName>
    <productImage>http://asset.lemansnet.com/z/LzkvNC83Lzk0NzlEM0UzLThFRDMtNEU3MC1BOTEyLTJCQkZGMzI5ODdFQg==</productImage>
    <bullet1>Headset designed to bridge the gap between the 40-series and 110-series headsets</bullet1>
    <bullet2>Machined from 6061 T-6 aluminum with a bright-dip black anodized finish, and features a low-friction upper bearing seal and a double-lip lower bearing seal that combine to completely seal cups from external contaminants—delivering exceptional durability and reliability</bullet2>
    <bullet3>Includes stainless steel Hellbender bearing specifically designed and tested to withstand heavy-duty use and extreme environmental conditions</bullet3>
    <bullet4>Hellbender bearings are built to live in the most extreme conditions, keeping you riding smoothly through rain, mud, grit or whatever the road and trail throws at you</bullet4>
    <bullet5>Interlok® Spacer Compatible</bullet5>
    <bullet6>Cups &amp; Covers — Internally contoured and relieved to minimize weight and maximize strength</bullet6>
    <bullet7>Top Cover — Low-friction upper bearing seal completely seals cup from contaminants and is fully captured by the top cover with no loose parts</bullet7>
    <bullet8>Crown Race — Alloy Dual-Seal crown race provides seal efficiency with low friction</bullet8>
    <bullet9>Compression Ring — Carbon friendly captured compression ring</bullet9>
    <bullet10>Bearings — Premium, sealed stainless-steel Hellbender bearings</bullet10>
    <bullet11>Stack Heights</bullet11>
    <bullet12>External Cup (EC) — 12 mm bottom</bullet12>
    <bullet13>ZeroStack (ZS) — 8 mm top, 4 mm bottom</bullet13>
    <bullet14>Integrated (IS) — 9 mm top, 1 mm bottom</bullet14>
    <bullet15/>
    <bullet16/>
    <bullet17/>
    <bullet18/>
    <bullet19/>
    <bullet20/>
    <bullet21/>
    <bullet22/>
    <bullet23/>
    <bullet24/>
    <vendorPriceUpdateDate>2022-10-31 00:00:00</vendorPriceUpdateDate>
  </part>
  <part>
    <partNumber>04100468</partNumber>
    <punctuatedPartNumber>0410-0468</punctuatedPartNumber>
    <partStatusDescription>STANDARD</partStatusDescription>
    <partDescription>40-Series Cartridge Bearing Kit - Steel - 41 mm / 52 mm</partDescription>
    <unitOfMeasure>Kit</unitOfMeasure>
    <brandName>CANE CREEK CYCLING COMPONENTS</brandName>
    <supplierNumber>BAA1172</supplierNumber>
    <specialInstructions/>
    <baseDealerPrice>17.50</baseDealerPrice>
    <yourDealerPrice>17.50</yourDealerPrice>
    <baseRetailPrice>29.99</baseRetailPrice>
    <originalRetailPrice>29.99</originalRetailPrice>
    <partImage>http://asset.lemansnet.com/z/L0MvMC9FL0MwRTNFRjkyLTg1MkUtNDZBQy1COTQxLTUzMTJERjk1QTlCNg==</partImage>
    <productId>0464847283</productId>
    <productName>40-Series Cartridge Bearing Kit</productName>
    <productImage>http://asset.lemansnet.com/z/L0MvMC9FL0MwRTNFRjkyLTg1MkUtNDZBQy1COTQxLTUzMTJERjk1QTlCNg==</productImage>
    <bullet1>Zinc-coated steel cartridge bearing kit</bullet1>
    <bullet2>Compatible with 110-, 40-, and 10-Series headsets</bullet2>
    <bullet3>Cartridge bearing angle measures 36 x 45°; 41 mm (bearing ID) x 52 mm (bearing OD)</bullet3>
    <bullet4/>
    <bullet5/>
    <bullet6/>
    <bullet7/>
    <bullet8/>
    <bullet9/>
    <bullet10/>
    <bullet11/>
    <bullet12/>
    <bullet13/>
    <bullet14/>
    <bullet15/>
    <bullet16/>
    <bullet17/>
    <bullet18/>
    <bullet19/>
    <bullet20/>
    <bullet21/>
    <bullet22/>
    <bullet23/>
    <bullet24/>
    <vendorPriceUpdateDate>2022-10-31 00:00:00</vendorPriceUpdateDate>
  </part>
  <part>
    <partNumber>04100472</partNumber>
    <punctuatedPartNumber>0410-0472</punctuatedPartNumber>
    <partStatusDescription>STANDARD</partStatusDescription>
    <partDescription>Ancora Expansion Plug</partDescription>
    <unitOfMeasure>Each</unitOfMeasure>
    <brandName>CANE CREEK CYCLING COMPONENTS</brandName>
    <supplierNumber>BAK0010</supplierNumber>
    <specialInstructions/>
    <baseDealerPrice>17.40</baseDealerPrice>
    <yourDealerPrice>17.40</yourDealerPrice>
    <baseRetailPrice>24.99</baseRetailPrice>
    <originalRetailPrice>24.99</originalRetailPrice>
    <partImage>http://asset.lemansnet.com/z/L0MvMC81L0MwNTg2RUMxLTUyN0YtNDVERi04QzE0LTg4QzM0Nzk2NDFFQQ==</partImage>
    <productId>1182132783</productId>
    <productName>Ancora Premium Expansion Plug</productName>
    <productImage>http://asset.lemansnet.com/z/L0MvMC81L0MwNTg2RUMxLTUyN0YtNDVERi04QzE0LTg4QzM0Nzk2NDFFQQ==</productImage>
    <bullet1>Expansion headset preload for carbon steerer tubes</bullet1>
    <bullet2>Machined aluminum expansion wedges paired with a knurled sleeve ensure a secure preload</bullet2>
    <bullet3>Accepts any standard preload bolt and top cap (sold separately)</bullet3>
    <bullet4/>
    <bullet5/>
    <bullet6/>
    <bullet7/>
    <bullet8/>
    <bullet9/>
    <bullet10/>
    <bullet11/>
    <bullet12/>
    <bullet13/>
    <bullet14/>
    <bullet15/>
    <bullet16/>
    <bullet17/>
    <bullet18/>
    <bullet19/>
    <bullet20/>
    <bullet21/>
    <bullet22/>
    <bullet23/>
    <bullet24/>
    <vendorPriceUpdateDate>2022-10-31 00:00:00</vendorPriceUpdateDate>
  </part>
  <part>
    <partNumber>38120735</partNumber>
    <punctuatedPartNumber>3812-0735</punctuatedPartNumber>
    <partStatusDescription>STANDARD</partStatusDescription>
    <partDescription>Crown Race Installation Tool - 30 mm Race / 41 mm Bearing</partDescription>
    <unitOfMeasure>Each</unitOfMeasure>
    <brandName>CANE CREEK CYCLING COMPONENTS</brandName>
    <supplierNumber>HST004</supplierNumber>
    <specialInstructions/>
    <baseDealerPrice>9.20</baseDealerPrice>
    <yourDealerPrice>9.20</yourDealerPrice>
    <baseRetailPrice>13.99</baseRetailPrice>
    <originalRetailPrice>13.99</originalRetailPrice>
    <partImage>http://asset.lemansnet.com/z/LzUvMy9BLzUzQUNEQzdFLTg1NDctNDZBMy05MDY3LTMzRDY0RjZFRjVENw==</partImage>
    <productId>0189540491</productId>
    <productName>Crown Race Installation Tool</productName>
    <productImage>http://asset.lemansnet.com/z/LzUvMy9BLzUzQUNEQzdFLTg1NDctNDZBMy05MDY3LTMzRDY0RjZFRjVENw==</productImage>
    <bullet1>Tools to install headset cups into your bicycle frame or a crown race onto your fork</bullet1>
    <bullet2>The headset cup installation tools are designed to be used with a headset press (sold separately)</bullet2>
    <bullet3/>
    <bullet4/>
    <bullet5/>
    <bullet6/>
    <bullet7/>
    <bullet8/>
    <bullet9/>
    <bullet10/>
    <bullet11/>
    <bullet12/>
    <bullet13/>
    <bullet14/>
    <bullet15/>
    <bullet16/>
    <bullet17/>
    <bullet18/>
    <bullet19/>
    <bullet20/>
    <bullet21/>
    <bullet22/>
    <bullet23/>
    <bullet24/>
    <vendorPriceUpdateDate>2022-10-31 00:00:00</vendorPriceUpdateDate>
  </part>
  <part>
    <partNumber>08200217</partNumber>
    <punctuatedPartNumber>0820-0217</punctuatedPartNumber>
    <partStatusDescription>STANDARD</partStatusDescription>
    <partDescription>Thudbuster ST Seat Post - 31.6 mm</partDescription>
    <unitOfMeasure>Each</unitOfMeasure>
    <brandName>CANE CREEK CYCLING COMPONENTS</brandName>
    <supplierNumber>SP6A316</supplierNumber>
    <specialInstructions/>
    <baseDealerPrice>132.30</baseDealerPrice>
    <yourDealerPrice>132.30</yourDealerPrice>
    <baseRetailPrice>199.99</baseRetailPrice>
    <originalRetailPrice>199.99</originalRetailPrice>
    <partImage>http://asset.lemansnet.com/z/LzcvRC8zLzdEMzE1RDVELUZDNkYtNEVERC04MkJBLTNERUIyQjNGNTc4Qg==</partImage>
    <productId>1429265239</productId>
    <productName>Thudbuster ST Suspension Seat Post</productName>
    <productImage>http://asset.lemansnet.com/z/LzgvRC9DLzhEQzNGMkRBLTEyQUYtNEM3OS1BMUI3LTcyMDJGNDE4NTdFQg==</productImage>
    <bullet1>Thudbuster Short Travel (ST)</bullet1>
    <bullet2>Designed specifically with the rigors of e-bikes and daily commuting in mind, the Thudbuster ST includes 50 mm of travel to significantly diminish shocks and impacts from broken pavement, cobblestones or any other mixed surfaces</bullet2>
    <bullet3>Able to support riders up to 330 lbs (150 kg) and incorporates a tool-free, interchangeable elastomer system to quickly and easily adjust the seat post for a variety of rider weights</bullet3>
    <bullet4>The Thudbuster Parallel Linkage technology stays in the direct path of the natural travel of the rear wheel—as a bump lifts the back of a bicycle, the rear wheel pushes up and forward into the rider</bullet4>
    <bullet5>50 mm / 1.97" of travel</bullet5>
    <bullet6>0 mm (unweighted) setback</bullet6>
    <bullet7>Medium firm elastomer pre-installed from the factory with soft and firm elastomers included</bullet7>
    <bullet8>Pivots — Threaded, serviceable, hard anodized aluminum axels flanged polytetrafluoroethylene (PTFE) bushings</bullet8>
    <bullet9/>
    <bullet10/>
    <bullet11/>
    <bullet12/>
    <bullet13/>
    <bullet14/>
    <bullet15/>
    <bullet16/>
    <bullet17/>
    <bullet18/>
    <bullet19/>
    <bullet20/>
    <bullet21/>
    <bullet22/>
    <bullet23/>
    <bullet24/>
    <vendorPriceUpdateDate>2022-10-31 00:00:00</vendorPriceUpdateDate>
  </part>
  <part>
    <partNumber>08200220</partNumber>
    <punctuatedPartNumber>0820-0220</punctuatedPartNumber>
    <partStatusDescription>DISCONTINUED</partStatusDescription>
    <partDescription>Thudbuster LT Seat Post Elastomer - Medium</partDescription>
    <unitOfMeasure>Each</unitOfMeasure>
    <brandName>CANE CREEK CYCLING COMPONENTS</brandName>
    <supplierNumber>BAE0299-68</supplierNumber>
    <specialInstructions>Discontinued Item</specialInstructions>
    <baseDealerPrice>6.50</baseDealerPrice>
    <yourDealerPrice>6.50</yourDealerPrice>
    <baseRetailPrice>16.99</baseRetailPrice>
    <originalRetailPrice>16.99</originalRetailPrice>
    <partImage>http://asset.lemansnet.com/z/LzcvNC9CLzc0QjhERkRCLUZEQkItNDM3NC1CQ0QzLUIxMDFBMzZGOEJEOA==</partImage>
    <productId>1951472153</productId>
    <productName>Thudbuster LT Seat Post Elastomer</productName>
    <productImage>http://asset.lemansnet.com/z/L0IvNS82L0I1NjhFMDNGLTI3RjYtNEVDRS04OEI1LUZBNEM5QjkxOUFGRQ==</productImage>
    <bullet1>Replacement elastomer insert for G4 LT Thudbuster Seat Posts</bullet1>
    <bullet2>Pedal to saddle distance remains nearly constant through travel</bullet2>
    <bullet3>Minimum frame to top of rail height, 94 mm</bullet3>
    <bullet4>Aluminum mast and links with rebuildable stainless pivots</bullet4>
    <bullet5>PTFE coated steel bushings</bullet5>
    <bullet6>Stiffness:</bullet6>
    <bullet7>The relative durometer (stiffness) of the elastomer is denoted by number of dots printed on the elastomer</bullet7>
    <bullet8>Extra Soft — 1 Dot — Rider under 140 lb</bullet8>
    <bullet9>Soft — 2 Dots — Rider weight 120 lb - 170 lb</bullet9>
    <bullet10>Medium (installed from factory) — 3 Dots — Rider weight 150 lb - 200 lb</bullet10>
    <bullet11>Firm — 4 Dots — Rider weight 180 lb - 230 lb</bullet11>
    <bullet12>Extra Firm — 5 Dots — Rider weight 210 lb - 250 lb</bullet12>
    <bullet13/>
    <bullet14/>
    <bullet15/>
    <bullet16/>
    <bullet17/>
    <bullet18/>
    <bullet19/>
    <bullet20/>
    <bullet21/>
    <bullet22/>
    <bullet23/>
    <bullet24/>
    <vendorPriceUpdateDate>2022-10-31 00:00:00</vendorPriceUpdateDate>
  </part>
  <part>
    <partNumber>08200223</partNumber>
    <punctuatedPartNumber>0820-0223</punctuatedPartNumber>
    <partStatusDescription>STANDARD</partStatusDescription>
    <partDescription>Thudbuster ST Seat Post Elastomer - Extra Soft</partDescription>
    <unitOfMeasure>Each</unitOfMeasure>
    <brandName>CANE CREEK CYCLING COMPONENTS</brandName>
    <supplierNumber>BAE0270-40</supplierNumber>
    <specialInstructions/>
    <baseDealerPrice>2.90</baseDealerPrice>
    <yourDealerPrice>2.90</yourDealerPrice>
    <baseRetailPrice>4.99</baseRetailPrice>
    <originalRetailPrice>4.99</originalRetailPrice>
    <partImage>http://asset.lemansnet.com/z/L0EvOS9DL0E5Q0YzOTMwLTlBMTYtNEU2QS04NzI5LTAwODVFNjgzNzNFQg==</partImage>
    <productId>0523265525</productId>
    <productName>Thudbuster ST Seat Post Elastomer</productName>
    <productImage>http://asset.lemansnet.com/z/L0YvMC8yL0YwMkQ5OUNDLTdDREQtNDI3QS05OTQxLTU0QjlFRjM2MUYwNg==</productImage>
    <bullet1>Replacement elastomer insert for G4 LT Thudbuster Seat Posts</bullet1>
    <bullet2>Pedal to saddle distance remains nearly constant through travel</bullet2>
    <bullet3>Minimum frame to top of rail height, 94 mm</bullet3>
    <bullet4>Aluminum mast and links with rebuildable stainless pivots</bullet4>
    <bullet5>PTFE coated steel bushings</bullet5>
    <bullet6>Thudbuster ST comes with Soft, Medium, and Firm elastomers in the box, with Medium elastomer installed</bullet6>
    <bullet7>Stiffness:</bullet7>
    <bullet8>The relative durometer (stiffness) of the elastomer is denoted by number of dots printed on the elastomer</bullet8>
    <bullet9>Extra Soft — 1 Dot — Rider under 100 lb</bullet9>
    <bullet10>Soft — 2 Dots — Rider weight 100 lb - 150 lb</bullet10>
    <bullet11>Medium (installed from factory) — 3 Dots — Rider weight 150 lb - 200 lb</bullet11>
    <bullet12>Firm — 4 Dots — Rider weight 200 lb - 250 lb</bullet12>
    <bullet13>Extra Firm — 5 Dots — Rider weight 250 lb - 330 lb</bullet13>
    <bullet14/>
    <bullet15/>
    <bullet16/>
    <bullet17/>
    <bullet18/>
    <bullet19/>
    <bullet20/>
    <bullet21/>
    <bullet22/>
    <bullet23/>
    <bullet24/>
    <vendorPriceUpdateDate>2022-10-31 00:00:00</vendorPriceUpdateDate>
  </part>
  <part>
    <partNumber>08200236</partNumber>
    <punctuatedPartNumber>0820-0236</punctuatedPartNumber>
    <partStatusDescription>STANDARD</partStatusDescription>
    <partDescription>Seat Post Adapter - 30.9 mm / 31.6 mm</partDescription>
    <unitOfMeasure>Each</unitOfMeasure>
    <brandName>CANE CREEK CYCLING COMPONENTS</brandName>
    <supplierNumber>AAE0111</supplierNumber>
    <specialInstructions/>
    <baseDealerPrice>9.20</baseDealerPrice>
    <yourDealerPrice>9.20</yourDealerPrice>
    <baseRetailPrice>15.99</baseRetailPrice>
    <originalRetailPrice>15.99</originalRetailPrice>
    <partImage>http://asset.lemansnet.com/z/L0YvNi9DL0Y2QzdDRUJBLUE4MEQtNEY4RC1CMDA5LUFBMEU0RkI0OUFFNg==</partImage>
    <productId>0575650211</productId>
    <productName>Seat Post Adapter</productName>
    <productImage>http://asset.lemansnet.com/z/LzEvQy81LzFDNUYyMjdFLTE2NDItNEM3MC1CREZELTdGQUNBOEZBMTM3Mg==</productImage>
    <bullet1>Made of premium quality aluminum and manufactured within stringent tolerances to match or surpass the highest quality standards</bullet1>
    <bullet2>Premium manufacturing ensures the seat post adapters won't scratch the post</bullet2>
    <bullet3>Provides the opportunity for riders to tune and adjust the compliance of their ride</bullet3>
    <bullet4>By swapping the original seatpost for a post with a smaller diameter, riders are able to maintain the advantages from a strong rigid frame while simultaneously creating a smoother ride</bullet4>
    <bullet5/>
    <bullet6/>
    <bullet7/>
    <bullet8/>
    <bullet9/>
    <bullet10/>
    <bullet11/>
    <bullet12/>
    <bullet13/>
    <bullet14/>
    <bullet15/>
    <bullet16/>
    <bullet17/>
    <bullet18/>
    <bullet19/>
    <bullet20/>
    <bullet21/>
    <bullet22/>
    <bullet23/>
    <bullet24/>
    <vendorPriceUpdateDate>2022-10-31 00:00:00</vendorPriceUpdateDate>
  </part>
  <part>
    <partNumber>08200212</partNumber>
    <punctuatedPartNumber>0820-0212</punctuatedPartNumber>
    <partStatusDescription>STANDARD</partStatusDescription>
    <partDescription>Thudbuster LT G4 Seat Post - 27.2 mm</partDescription>
    <unitOfMeasure>Each</unitOfMeasure>
    <brandName>CANE CREEK CYCLING COMPONENTS</brandName>
    <supplierNumber>SP7A272</supplierNumber>
    <specialInstructions/>
    <baseDealerPrice>132.30</baseDealerPrice>
    <yourDealerPrice>132.30</yourDealerPrice>
    <baseRetailPrice>199.99</baseRetailPrice>
    <originalRetailPrice>199.99</originalRetailPrice>
    <partImage>http://asset.lemansnet.com/z/LzIvNy8wLzI3MDNBNTA3LUQ4NzAtNEE4NS04REJELUJDMEIyQkZDMTdFOCwvQi9DLzAvQkMwMTJBQkEtMUY4My00QzIwLThBMzktNTQ5RTg0RTExRkMx</partImage>
    <productId>0186148381</productId>
    <productName>Thudbuster LT G4 Suspension Seat Post</productName>
    <productImage>http://asset.lemansnet.com/z/LzMvMC80LzMwNDU0MDg2LUI2QzktNDlGQy1BOTBGLUI3OTY5RTkwNjhBRQ==</productImage>
    <bullet1>Thudbuster Long Travel (LT)</bullet1>
    <bullet2>The Thudbuster Parallel Linkage technology stays in the direct path of the natural travel of the rear wheel—as a bump lifts the back of a bicycle, the rear wheel pushes up and forward into the rider</bullet2>
    <bullet3>The Thudbuster works by compressing along the exact opposite path— down and rearward —absorbing force at the same rate</bullet3>
    <bullet4>Natural suspension feel without being overly active and allows for more travel without compromising pedaling position</bullet4>
    <bullet5>90 mm / 3.5” of travel</bullet5>
    <bullet6>5 mm (unweighted) setback</bullet6>
    <bullet7>Medium firm elastomer pre-installed from the factory</bullet7>
    <bullet8>Elastomer — 2-piece design, tool-free elastomer change for various rider weights</bullet8>
    <bullet9>Seat Clamp — Single bolt fastening and angle adjustment design</bullet9>
    <bullet10>Pivots — Threaded, serviceable, hard anodized aluminum axles flanged PTFE bushings</bullet10>
    <bullet11/>
    <bullet12/>
    <bullet13/>
    <bullet14/>
    <bullet15/>
    <bullet16/>
    <bullet17/>
    <bullet18/>
    <bullet19/>
    <bullet20/>
    <bullet21/>
    <bullet22/>
    <bullet23/>
    <bullet24/>
    <vendorPriceUpdateDate>2022-10-31 00:00:00</vendorPriceUpdateDate>
  </part>
  <part>
    <partNumber>08200215</partNumber>
    <punctuatedPartNumber>0820-0215</punctuatedPartNumber>
    <partStatusDescription>STANDARD</partStatusDescription>
    <partDescription>Thudbuster ST Seat Post - 27.2 mm</partDescription>
    <unitOfMeasure>Each</unitOfMeasure>
    <brandName>CANE CREEK CYCLING COMPONENTS</brandName>
    <supplierNumber>SP6A272</supplierNumber>
    <specialInstructions/>
    <baseDealerPrice>132.30</baseDealerPrice>
    <yourDealerPrice>132.30</yourDealerPrice>
    <baseRetailPrice>199.99</baseRetailPrice>
    <originalRetailPrice>199.99</originalRetailPrice>
    <partImage>http://asset.lemansnet.com/z/LzEvRi81LzFGNUZDNkZDLUZDNUQtNDhCOS1CNDJGLThGMUY0NDU1RTk1NywvMC9GL0QvMEZEOTYxOTAtMUYyMy00QUMzLTk3ODYtNUFDN0VBNDUyNzg1</partImage>
    <productId>1429265239</productId>
    <productName>Thudbuster ST Suspension Seat Post</productName>
    <productImage>http://asset.lemansnet.com/z/LzgvRC9DLzhEQzNGMkRBLTEyQUYtNEM3OS1BMUI3LTcyMDJGNDE4NTdFQg==</productImage>
    <bullet1>Thudbuster Short Travel (ST)</bullet1>
    <bullet2>Designed specifically with the rigors of e-bikes and daily commuting in mind, the Thudbuster ST includes 50 mm of travel to significantly diminish shocks and impacts from broken pavement, cobblestones or any other mixed surfaces</bullet2>
    <bullet3>Able to support riders up to 330 lbs (150 kg) and incorporates a tool-free, interchangeable elastomer system to quickly and easily adjust the seat post for a variety of rider weights</bullet3>
    <bullet4>The Thudbuster Parallel Linkage technology stays in the direct path of the natural travel of the rear wheel—as a bump lifts the back of a bicycle, the rear wheel pushes up and forward into the rider</bullet4>
    <bullet5>50 mm / 1.97" of travel</bullet5>
    <bullet6>0 mm (unweighted) setback</bullet6>
    <bullet7>Medium firm elastomer pre-installed from the factory with soft and firm elastomers included</bullet7>
    <bullet8>Pivots — Threaded, serviceable, hard anodized aluminum axels flanged polytetrafluoroethylene (PTFE) bushings</bullet8>
    <bullet9/>
    <bullet10/>
    <bullet11/>
    <bullet12/>
    <bullet13/>
    <bullet14/>
    <bullet15/>
    <bullet16/>
    <bullet17/>
    <bullet18/>
    <bullet19/>
    <bullet20/>
    <bullet21/>
    <bullet22/>
    <bullet23/>
    <bullet24/>
    <vendorPriceUpdateDate>2022-10-31 00:00:00</vendorPriceUpdateDate>
  </part>
  <part>
    <partNumber>08200216</partNumber>
    <punctuatedPartNumber>0820-0216</punctuatedPartNumber>
    <partStatusDescription>STANDARD</partStatusDescription>
    <partDescription>Thudbuster ST Seat Post - 30.9 mm</partDescription>
    <unitOfMeasure>Each</unitOfMeasure>
    <brandName>CANE CREEK CYCLING COMPONENTS</brandName>
    <supplierNumber>SP6A309</supplierNumber>
    <specialInstructions/>
    <baseDealerPrice>132.30</baseDealerPrice>
    <yourDealerPrice>132.30</yourDealerPrice>
    <baseRetailPrice>199.99</baseRetailPrice>
    <originalRetailPrice>199.99</originalRetailPrice>
    <partImage>http://asset.lemansnet.com/z/LzgvRC9DLzhEQzNGMkRBLTEyQUYtNEM3OS1BMUI3LTcyMDJGNDE4NTdFQg==</partImage>
    <productId>1429265239</productId>
    <productName>Thudbuster ST Suspension Seat Post</productName>
    <productImage>http://asset.lemansnet.com/z/LzgvRC9DLzhEQzNGMkRBLTEyQUYtNEM3OS1BMUI3LTcyMDJGNDE4NTdFQg==</productImage>
    <bullet1>Thudbuster Short Travel (ST)</bullet1>
    <bullet2>Designed specifically with the rigors of e-bikes and daily commuting in mind, the Thudbuster ST includes 50 mm of travel to significantly diminish shocks and impacts from broken pavement, cobblestones or any other mixed surfaces</bullet2>
    <bullet3>Able to support riders up to 330 lbs (150 kg) and incorporates a tool-free, interchangeable elastomer system to quickly and easily adjust the seat post for a variety of rider weights</bullet3>
    <bullet4>The Thudbuster Parallel Linkage technology stays in the direct path of the natural travel of the rear wheel—as a bump lifts the back of a bicycle, the rear wheel pushes up and forward into the rider</bullet4>
    <bullet5>50 mm / 1.97" of travel</bullet5>
    <bullet6>0 mm (unweighted) setback</bullet6>
    <bullet7>Medium firm elastomer pre-installed from the factory with soft and firm elastomers included</bullet7>
    <bullet8>Pivots — Threaded, serviceable, hard anodized aluminum axels flanged polytetrafluoroethylene (PTFE) bushings</bullet8>
    <bullet9/>
    <bullet10/>
    <bullet11/>
    <bullet12/>
    <bullet13/>
    <bullet14/>
    <bullet15/>
    <bullet16/>
    <bullet17/>
    <bullet18/>
    <bullet19/>
    <bullet20/>
    <bullet21/>
    <bullet22/>
    <bullet23/>
    <bullet24/>
    <vendorPriceUpdateDate>2022-10-31 00:00:00</vendorPriceUpdateDate>
  </part>
  <part>
    <partNumber>08200218</partNumber>
    <punctuatedPartNumber>0820-0218</punctuatedPartNumber>
    <partStatusDescription>STANDARD</partStatusDescription>
    <partDescription>Thudbuster LT Seat Post Elastomer - Extra Soft</partDescription>
    <unitOfMeasure>Each</unitOfMeasure>
    <brandName>CANE CREEK CYCLING COMPONENTS</brandName>
    <supplierNumber>BAE0299-54</supplierNumber>
    <specialInstructions/>
    <baseDealerPrice>10.80</baseDealerPrice>
    <yourDealerPrice>10.80</yourDealerPrice>
    <baseRetailPrice>16.99</baseRetailPrice>
    <originalRetailPrice>16.99</originalRetailPrice>
    <partImage>http://asset.lemansnet.com/z/LzMvOC8yLzM4Mjg4MDIyLTkzMDktNEMyNC1CODc5LTY1RDc4MDgyMjAzMg==</partImage>
    <productId>1385643263</productId>
    <productName>Thudbuster LT Seat Post Elastomer</productName>
    <productImage>http://asset.lemansnet.com/z/L0IvNS82L0I1NjhFMDNGLTI3RjYtNEVDRS04OEI1LUZBNEM5QjkxOUFGRQ==</productImage>
    <bullet1>Replacement elastomer insert for G4 LT Thudbuster Seat Posts</bullet1>
    <bullet2>Pedal to saddle distance remains nearly constant through travel</bullet2>
    <bullet3>Minimum frame to top of rail height, 94 mm</bullet3>
    <bullet4>Aluminum mast and links with rebuildable stainless pivots</bullet4>
    <bullet5>PTFE coated steel bushings</bullet5>
    <bullet6>Stiffness:</bullet6>
    <bullet7>The relative durometer (stiffness) of the elastomer is denoted by number of dots printed on the elastomer</bullet7>
    <bullet8>Extra Soft — 1 Dot — Rider under 140 lb</bullet8>
    <bullet9>Soft — 2 Dots — Rider weight 120 lb - 170 lb</bullet9>
    <bullet10>Medium (installed from factory) — 3 Dots — Rider weight 150 lb - 200 lb</bullet10>
    <bullet11>Firm — 4 Dots — Rider weight 180 lb - 230 lb</bullet11>
    <bullet12>Extra Firm — 5 Dots — Rider weight 210 lb - 250 lb</bullet12>
    <bullet13/>
    <bullet14/>
    <bullet15/>
    <bullet16/>
    <bullet17/>
    <bullet18/>
    <bullet19/>
    <bullet20/>
    <bullet21/>
    <bullet22/>
    <bullet23/>
    <bullet24/>
    <vendorPriceUpdateDate>2022-10-31 00:00:00</vendorPriceUpdateDate>
  </part>
  <part>
    <partNumber>08200230</partNumber>
    <punctuatedPartNumber>0820-0230</punctuatedPartNumber>
    <partStatusDescription>STANDARD</partStatusDescription>
    <partDescription>Seat Post Adapter - 27.2 mm / 28.6 mm</partDescription>
    <unitOfMeasure>Each</unitOfMeasure>
    <brandName>CANE CREEK CYCLING COMPONENTS</brandName>
    <supplierNumber>.ST27286</supplierNumber>
    <specialInstructions/>
    <baseDealerPrice>6.70</baseDealerPrice>
    <yourDealerPrice>6.70</yourDealerPrice>
    <baseRetailPrice>10.99</baseRetailPrice>
    <originalRetailPrice>10.99</originalRetailPrice>
    <partImage>http://asset.lemansnet.com/z/LzEvQy81LzFDNUYyMjdFLTE2NDItNEM3MC1CREZELTdGQUNBOEZBMTM3Mg==</partImage>
    <productId>0575650211</productId>
    <productName>Seat Post Adapter</productName>
    <productImage>http://asset.lemansnet.com/z/LzEvQy81LzFDNUYyMjdFLTE2NDItNEM3MC1CREZELTdGQUNBOEZBMTM3Mg==</productImage>
    <bullet1>Made of premium quality aluminum and manufactured within stringent tolerances to match or surpass the highest quality standards</bullet1>
    <bullet2>Premium manufacturing ensures the seat post adapters won't scratch the post</bullet2>
    <bullet3>Provides the opportunity for riders to tune and adjust the compliance of their ride</bullet3>
    <bullet4>By swapping the original seatpost for a post with a smaller diameter, riders are able to maintain the advantages from a strong rigid frame while simultaneously creating a smoother ride</bullet4>
    <bullet5/>
    <bullet6/>
    <bullet7/>
    <bullet8/>
    <bullet9/>
    <bullet10/>
    <bullet11/>
    <bullet12/>
    <bullet13/>
    <bullet14/>
    <bullet15/>
    <bullet16/>
    <bullet17/>
    <bullet18/>
    <bullet19/>
    <bullet20/>
    <bullet21/>
    <bullet22/>
    <bullet23/>
    <bullet24/>
    <vendorPriceUpdateDate>2022-10-31 00:00:00</vendorPriceUpdateDate>
  </part>
  <part>
    <partNumber>08200213</partNumber>
    <punctuatedPartNumber>0820-0213</punctuatedPartNumber>
    <partStatusDescription>STANDARD</partStatusDescription>
    <partDescription>Thudbuster LT G4 Seat Post - 30.9 mm</partDescription>
    <unitOfMeasure>Each</unitOfMeasure>
    <brandName>CANE CREEK CYCLING COMPONENTS</brandName>
    <supplierNumber>SP7A309</supplierNumber>
    <specialInstructions/>
    <baseDealerPrice>132.30</baseDealerPrice>
    <yourDealerPrice>132.30</yourDealerPrice>
    <baseRetailPrice>199.99</baseRetailPrice>
    <originalRetailPrice>199.99</originalRetailPrice>
    <partImage>http://asset.lemansnet.com/z/LzMvMC80LzMwNDU0MDg2LUI2QzktNDlGQy1BOTBGLUI3OTY5RTkwNjhBRQ==</partImage>
    <productId>0186148381</productId>
    <productName>Thudbuster LT G4 Suspension Seat Post</productName>
    <productImage>http://asset.lemansnet.com/z/LzMvMC80LzMwNDU0MDg2LUI2QzktNDlGQy1BOTBGLUI3OTY5RTkwNjhBRQ==</productImage>
    <bullet1>Thudbuster Long Travel (LT)</bullet1>
    <bullet2>The Thudbuster Parallel Linkage technology stays in the direct path of the natural travel of the rear wheel—as a bump lifts the back of a bicycle, the rear wheel pushes up and forward into the rider</bullet2>
    <bullet3>The Thudbuster works by compressing along the exact opposite path— down and rearward —absorbing force at the same rate</bullet3>
    <bullet4>Natural suspension feel without being overly active and allows for more travel without compromising pedaling position</bullet4>
    <bullet5>90 mm / 3.5” of travel</bullet5>
    <bullet6>5 mm (unweighted) setback</bullet6>
    <bullet7>Medium firm elastomer pre-installed from the factory</bullet7>
    <bullet8>Elastomer — 2-piece design, tool-free elastomer change for various rider weights</bullet8>
    <bullet9>Seat Clamp — Single bolt fastening and angle adjustment design</bullet9>
    <bullet10>Pivots — Threaded, serviceable, hard anodized aluminum axles flanged PTFE bushings</bullet10>
    <bullet11/>
    <bullet12/>
    <bullet13/>
    <bullet14/>
    <bullet15/>
    <bullet16/>
    <bullet17/>
    <bullet18/>
    <bullet19/>
    <bullet20/>
    <bullet21/>
    <bullet22/>
    <bullet23/>
    <bullet24/>
    <vendorPriceUpdateDate>2022-10-31 00:00:00</vendorPriceUpdateDate>
  </part>
  <part>
    <partNumber>08200232</partNumber>
    <punctuatedPartNumber>0820-0232</punctuatedPartNumber>
    <partStatusDescription>STANDARD</partStatusDescription>
    <partDescription>Seat Post Adapter - 27.2 mm / 30.4 mm</partDescription>
    <unitOfMeasure>Each</unitOfMeasure>
    <brandName>CANE CREEK CYCLING COMPONENTS</brandName>
    <supplierNumber>.ST27304</supplierNumber>
    <specialInstructions/>
    <baseDealerPrice>6.70</baseDealerPrice>
    <yourDealerPrice>6.70</yourDealerPrice>
    <baseRetailPrice>10.99</baseRetailPrice>
    <originalRetailPrice>10.99</originalRetailPrice>
    <partImage>http://asset.lemansnet.com/z/L0EvMi9DL0EyQ0RDRDJFLTEyM0MtNDQ5Ni04NEEyLUZCMzE3RkY0MkI3OA==</partImage>
    <productId>0575650211</productId>
    <productName>Seat Post Adapter</productName>
    <productImage>http://asset.lemansnet.com/z/LzEvQy81LzFDNUYyMjdFLTE2NDItNEM3MC1CREZELTdGQUNBOEZBMTM3Mg==</productImage>
    <bullet1>Made of premium quality aluminum and manufactured within stringent tolerances to match or surpass the highest quality standards</bullet1>
    <bullet2>Premium manufacturing ensures the seat post adapters won't scratch the post</bullet2>
    <bullet3>Provides the opportunity for riders to tune and adjust the compliance of their ride</bullet3>
    <bullet4>By swapping the original seatpost for a post with a smaller diameter, riders are able to maintain the advantages from a strong rigid frame while simultaneously creating a smoother ride</bullet4>
    <bullet5/>
    <bullet6/>
    <bullet7/>
    <bullet8/>
    <bullet9/>
    <bullet10/>
    <bullet11/>
    <bullet12/>
    <bullet13/>
    <bullet14/>
    <bullet15/>
    <bullet16/>
    <bullet17/>
    <bullet18/>
    <bullet19/>
    <bullet20/>
    <bullet21/>
    <bullet22/>
    <bullet23/>
    <bullet24/>
    <vendorPriceUpdateDate>2022-10-31 00:00:00</vendorPriceUpdateDate>
  </part>
  <part>
    <partNumber>08200235</partNumber>
    <punctuatedPartNumber>0820-0235</punctuatedPartNumber>
    <partStatusDescription>STANDARD</partStatusDescription>
    <partDescription>Seat Post Adapter - 30.9 mm / 34.9 mm</partDescription>
    <unitOfMeasure>Each</unitOfMeasure>
    <brandName>CANE CREEK CYCLING COMPONENTS</brandName>
    <supplierNumber>AAE0110</supplierNumber>
    <specialInstructions/>
    <baseDealerPrice>7.10</baseDealerPrice>
    <yourDealerPrice>7.10</yourDealerPrice>
    <baseRetailPrice>11.99</baseRetailPrice>
    <originalRetailPrice>11.99</originalRetailPrice>
    <partImage>http://asset.lemansnet.com/z/L0QvNS82L0Q1NjU2NDZDLTVERjgtNDMzOS1BRDMwLTA2MjU4QjA3MUFEMQ==</partImage>
    <productId>0575650211</productId>
    <productName>Seat Post Adapter</productName>
    <productImage>http://asset.lemansnet.com/z/LzEvQy81LzFDNUYyMjdFLTE2NDItNEM3MC1CREZELTdGQUNBOEZBMTM3Mg==</productImage>
    <bullet1>Made of premium quality aluminum and manufactured within stringent tolerances to match or surpass the highest quality standards</bullet1>
    <bullet2>Premium manufacturing ensures the seat post adapters won't scratch the post</bullet2>
    <bullet3>Provides the opportunity for riders to tune and adjust the compliance of their ride</bullet3>
    <bullet4>By swapping the original seatpost for a post with a smaller diameter, riders are able to maintain the advantages from a strong rigid frame while simultaneously creating a smoother ride</bullet4>
    <bullet5/>
    <bullet6/>
    <bullet7/>
    <bullet8/>
    <bullet9/>
    <bullet10/>
    <bullet11/>
    <bullet12/>
    <bullet13/>
    <bullet14/>
    <bullet15/>
    <bullet16/>
    <bullet17/>
    <bullet18/>
    <bullet19/>
    <bullet20/>
    <bullet21/>
    <bullet22/>
    <bullet23/>
    <bullet24/>
    <vendorPriceUpdateDate>2022-10-31 00:00:00</vendorPriceUpdateDate>
  </part>
  <part>
    <partNumber>08200234</partNumber>
    <punctuatedPartNumber>0820-0234</punctuatedPartNumber>
    <partStatusDescription>STANDARD</partStatusDescription>
    <partDescription>Seat Post Adapter - 27.2 mm / 31.6 mm</partDescription>
    <unitOfMeasure>Each</unitOfMeasure>
    <brandName>CANE CREEK CYCLING COMPONENTS</brandName>
    <supplierNumber>.ST27316</supplierNumber>
    <specialInstructions/>
    <baseDealerPrice>6.70</baseDealerPrice>
    <yourDealerPrice>6.70</yourDealerPrice>
    <baseRetailPrice>10.99</baseRetailPrice>
    <originalRetailPrice>10.99</originalRetailPrice>
    <partImage>http://asset.lemansnet.com/z/L0EvQS8wL0FBMEZFMEU0LUM0OTctNDQ5OC04NkUyLUQ5ODc0MUM1QzU4Qw==</partImage>
    <productId>0575650211</productId>
    <productName>Seat Post Adapter</productName>
    <productImage>http://asset.lemansnet.com/z/LzEvQy81LzFDNUYyMjdFLTE2NDItNEM3MC1CREZELTdGQUNBOEZBMTM3Mg==</productImage>
    <bullet1>Made of premium quality aluminum and manufactured within stringent tolerances to match or surpass the highest quality standards</bullet1>
    <bullet2>Premium manufacturing ensures the seat post adapters won't scratch the post</bullet2>
    <bullet3>Provides the opportunity for riders to tune and adjust the compliance of their ride</bullet3>
    <bullet4>By swapping the original seatpost for a post with a smaller diameter, riders are able to maintain the advantages from a strong rigid frame while simultaneously creating a smoother ride</bullet4>
    <bullet5/>
    <bullet6/>
    <bullet7/>
    <bullet8/>
    <bullet9/>
    <bullet10/>
    <bullet11/>
    <bullet12/>
    <bullet13/>
    <bullet14/>
    <bullet15/>
    <bullet16/>
    <bullet17/>
    <bullet18/>
    <bullet19/>
    <bullet20/>
    <bullet21/>
    <bullet22/>
    <bullet23/>
    <bullet24/>
    <vendorPriceUpdateDate>2022-10-31 00:00:00</vendorPriceUpdateDate>
  </part>
  <part>
    <partNumber>08200237</partNumber>
    <punctuatedPartNumber>0820-0237</punctuatedPartNumber>
    <partStatusDescription>STANDARD</partStatusDescription>
    <partDescription>Seat Post Adapter - 31.6 mm / 34.9 mm</partDescription>
    <unitOfMeasure>Each</unitOfMeasure>
    <brandName>CANE CREEK CYCLING COMPONENTS</brandName>
    <supplierNumber>AAE0008</supplierNumber>
    <specialInstructions/>
    <baseDealerPrice>7.80</baseDealerPrice>
    <yourDealerPrice>7.80</yourDealerPrice>
    <baseRetailPrice>11.99</baseRetailPrice>
    <originalRetailPrice>11.99</originalRetailPrice>
    <partImage>http://asset.lemansnet.com/z/L0QvOC82L0Q4NkMzNTY1LTc5NEMtNDJEMy04NzU3LTkyRTlERjQwNDhEMA==</partImage>
    <productId>0575650211</productId>
    <productName>Seat Post Adapter</productName>
    <productImage>http://asset.lemansnet.com/z/LzEvQy81LzFDNUYyMjdFLTE2NDItNEM3MC1CREZELTdGQUNBOEZBMTM3Mg==</productImage>
    <bullet1>Made of premium quality aluminum and manufactured within stringent tolerances to match or surpass the highest quality standards</bullet1>
    <bullet2>Premium manufacturing ensures the seat post adapters won't scratch the post</bullet2>
    <bullet3>Provides the opportunity for riders to tune and adjust the compliance of their ride</bullet3>
    <bullet4>By swapping the original seatpost for a post with a smaller diameter, riders are able to maintain the advantages from a strong rigid frame while simultaneously creating a smoother ride</bullet4>
    <bullet5/>
    <bullet6/>
    <bullet7/>
    <bullet8/>
    <bullet9/>
    <bullet10/>
    <bullet11/>
    <bullet12/>
    <bullet13/>
    <bullet14/>
    <bullet15/>
    <bullet16/>
    <bullet17/>
    <bullet18/>
    <bullet19/>
    <bullet20/>
    <bullet21/>
    <bullet22/>
    <bullet23/>
    <bullet24/>
    <vendorPriceUpdateDate>2022-10-31 00:00:00</vendorPriceUpdateDate>
  </part>
  <part>
    <partNumber>08200214</partNumber>
    <punctuatedPartNumber>0820-0214</punctuatedPartNumber>
    <partStatusDescription>STANDARD</partStatusDescription>
    <partDescription>Thudbuster LT G4 Seat Post - 31.6 mm</partDescription>
    <unitOfMeasure>Each</unitOfMeasure>
    <brandName>CANE CREEK CYCLING COMPONENTS</brandName>
    <supplierNumber>SP7A316</supplierNumber>
    <specialInstructions/>
    <baseDealerPrice>132.30</baseDealerPrice>
    <yourDealerPrice>132.30</yourDealerPrice>
    <baseRetailPrice>199.99</baseRetailPrice>
    <originalRetailPrice>199.99</originalRetailPrice>
    <partImage>http://asset.lemansnet.com/z/LzkvOS9FLzk5RTg0QzVELUI4QzItNDFDMy04QUEzLTlERDE5QTBGNkIwRg==</partImage>
    <productId>0186148381</productId>
    <productName>Thudbuster LT G4 Suspension Seat Post</productName>
    <productImage>http://asset.lemansnet.com/z/LzMvMC80LzMwNDU0MDg2LUI2QzktNDlGQy1BOTBGLUI3OTY5RTkwNjhBRQ==</productImage>
    <bullet1>Thudbuster Long Travel (LT)</bullet1>
    <bullet2>The Thudbuster Parallel Linkage technology stays in the direct path of the natural travel of the rear wheel—as a bump lifts the back of a bicycle, the rear wheel pushes up and forward into the rider</bullet2>
    <bullet3>The Thudbuster works by compressing along the exact opposite path— down and rearward —absorbing force at the same rate</bullet3>
    <bullet4>Natural suspension feel without being overly active and allows for more travel without compromising pedaling position</bullet4>
    <bullet5>90 mm / 3.5” of travel</bullet5>
    <bullet6>5 mm (unweighted) setback</bullet6>
    <bullet7>Medium firm elastomer pre-installed from the factory</bullet7>
    <bullet8>Elastomer — 2-piece design, tool-free elastomer change for various rider weights</bullet8>
    <bullet9>Seat Clamp — Single bolt fastening and angle adjustment design</bullet9>
    <bullet10>Pivots — Threaded, serviceable, hard anodized aluminum axles flanged PTFE bushings</bullet10>
    <bullet11/>
    <bullet12/>
    <bullet13/>
    <bullet14/>
    <bullet15/>
    <bullet16/>
    <bullet17/>
    <bullet18/>
    <bullet19/>
    <bullet20/>
    <bullet21/>
    <bullet22/>
    <bullet23/>
    <bullet24/>
    <vendorPriceUpdateDate>2022-10-31 00:00:00</vendorPriceUpdateDate>
  </part>
  <part>
    <partNumber>08200224</partNumber>
    <punctuatedPartNumber>0820-0224</punctuatedPartNumber>
    <partStatusDescription>STANDARD</partStatusDescription>
    <partDescription>Thudbuster ST Seat Post Elastomer - Soft</partDescription>
    <unitOfMeasure>Each</unitOfMeasure>
    <brandName>CANE CREEK CYCLING COMPONENTS</brandName>
    <supplierNumber>BAE0270-50</supplierNumber>
    <specialInstructions/>
    <baseDealerPrice>2.90</baseDealerPrice>
    <yourDealerPrice>2.90</yourDealerPrice>
    <baseRetailPrice>4.99</baseRetailPrice>
    <originalRetailPrice>4.99</originalRetailPrice>
    <partImage>http://asset.lemansnet.com/z/L0YvMC8yL0YwMkQ5OUNDLTdDREQtNDI3QS05OTQxLTU0QjlFRjM2MUYwNg==</partImage>
    <productId>0523265525</productId>
    <productName>Thudbuster ST Seat Post Elastomer</productName>
    <productImage>http://asset.lemansnet.com/z/L0YvMC8yL0YwMkQ5OUNDLTdDREQtNDI3QS05OTQxLTU0QjlFRjM2MUYwNg==</productImage>
    <bullet1>Replacement elastomer insert for G4 LT Thudbuster Seat Posts</bullet1>
    <bullet2>Pedal to saddle distance remains nearly constant through travel</bullet2>
    <bullet3>Minimum frame to top of rail height, 94 mm</bullet3>
    <bullet4>Aluminum mast and links with rebuildable stainless pivots</bullet4>
    <bullet5>PTFE coated steel bushings</bullet5>
    <bullet6>Thudbuster ST comes with Soft, Medium, and Firm elastomers in the box, with Medium elastomer installed</bullet6>
    <bullet7>Stiffness:</bullet7>
    <bullet8>The relative durometer (stiffness) of the elastomer is denoted by number of dots printed on the elastomer</bullet8>
    <bullet9>Extra Soft — 1 Dot — Rider under 100 lb</bullet9>
    <bullet10>Soft — 2 Dots — Rider weight 100 lb - 150 lb</bullet10>
    <bullet11>Medium (installed from factory) — 3 Dots — Rider weight 150 lb - 200 lb</bullet11>
    <bullet12>Firm — 4 Dots — Rider weight 200 lb - 250 lb</bullet12>
    <bullet13>Extra Firm — 5 Dots — Rider weight 250 lb - 330 lb</bullet13>
    <bullet14/>
    <bullet15/>
    <bullet16/>
    <bullet17/>
    <bullet18/>
    <bullet19/>
    <bullet20/>
    <bullet21/>
    <bullet22/>
    <bullet23/>
    <bullet24/>
    <vendorPriceUpdateDate>2022-10-31 00:00:00</vendorPriceUpdateDate>
  </part>
  <part>
    <partNumber>04100457</partNumber>
    <punctuatedPartNumber>0410-0457</punctuatedPartNumber>
    <partStatusDescription>STANDARD</partStatusDescription>
    <partDescription>Hellbender Cartridge Bearing Kit - Stainless Steel - 41 mm / 52 mm</partDescription>
    <unitOfMeasure>Kit</unitOfMeasure>
    <brandName>CANE CREEK CYCLING COMPONENTS</brandName>
    <supplierNumber>BAA1178</supplierNumber>
    <specialInstructions/>
    <baseDealerPrice>46.30</baseDealerPrice>
    <yourDealerPrice>46.30</yourDealerPrice>
    <baseRetailPrice>73.99</baseRetailPrice>
    <originalRetailPrice>73.99</originalRetailPrice>
    <partImage>http://asset.lemansnet.com/z/L0YvQy82L0ZDNkRCMDQxLUEwNjYtNDI2Ni1CNzEyLUM3RDkwRTIxQkY1Rg==</partImage>
    <productId>0198406711</productId>
    <productName>Hellbender Cartridge Bearing Kit</productName>
    <productImage>http://asset.lemansnet.com/z/L0YvQy82L0ZDNkRCMDQxLUEwNjYtNDI2Ni1CNzEyLUM3RDkwRTIxQkY1Rg==</productImage>
    <bullet1>Stainless steel cartridge bearing kit</bullet1>
    <bullet2>36° x 45°</bullet2>
    <bullet3/>
    <bullet4/>
    <bullet5/>
    <bullet6/>
    <bullet7/>
    <bullet8/>
    <bullet9/>
    <bullet10/>
    <bullet11/>
    <bullet12/>
    <bullet13/>
    <bullet14/>
    <bullet15/>
    <bullet16/>
    <bullet17/>
    <bullet18/>
    <bullet19/>
    <bullet20/>
    <bullet21/>
    <bullet22/>
    <bullet23/>
    <bullet24/>
    <vendorPriceUpdateDate>2022-10-31 00:00:00</vendorPriceUpdateDate>
  </part>
  <part>
    <partNumber>04100461</partNumber>
    <punctuatedPartNumber>0410-0461</punctuatedPartNumber>
    <partStatusDescription>STANDARD</partStatusDescription>
    <partDescription>40-Series Headset - Complete - Short Cover - IS42/28.6/H9 - IS52/40</partDescription>
    <unitOfMeasure>Each</unitOfMeasure>
    <brandName>CANE CREEK CYCLING COMPONENTS</brandName>
    <supplierNumber>BAA0783K</supplierNumber>
    <specialInstructions/>
    <baseDealerPrice>39.00</baseDealerPrice>
    <yourDealerPrice>39.00</yourDealerPrice>
    <baseRetailPrice>63.99</baseRetailPrice>
    <originalRetailPrice>63.99</originalRetailPrice>
    <partImage>http://asset.lemansnet.com/z/LzAvQy83LzBDNzkxMjc0LTJERjYtNEQ5OC05NDQ2LTJFMUY3NzEwMkRBOQ==</partImage>
    <productId>1046200313</productId>
    <productName>40-Series Complete Headset</productName>
    <productImage>http://asset.lemansnet.com/z/LzQvNS9DLzQ1QzMyNzY0LTA1RjAtNDkwMS1BQjgwLUYyMzlGRTE1MkY0Mg==</productImage>
    <bullet1>Includes all the features necessary for a durable, lightweight and long-lasting headset</bullet1>
    <bullet2>Precision engineered</bullet2>
    <bullet3/>
    <bullet4/>
    <bullet5/>
    <bullet6/>
    <bullet7/>
    <bullet8/>
    <bullet9/>
    <bullet10/>
    <bullet11/>
    <bullet12/>
    <bullet13/>
    <bullet14/>
    <bullet15/>
    <bullet16/>
    <bullet17/>
    <bullet18/>
    <bullet19/>
    <bullet20/>
    <bullet21/>
    <bullet22/>
    <bullet23/>
    <bullet24/>
    <vendorPriceUpdateDate>2022-10-31 00:00:00</vendorPriceUpdateDate>
  </part>
  <part>
    <partNumber>08200219</partNumber>
    <punctuatedPartNumber>0820-0219</punctuatedPartNumber>
    <partStatusDescription>STANDARD</partStatusDescription>
    <partDescription>Thudbuster LT Seat Post Elastomer - Soft</partDescription>
    <unitOfMeasure>Each</unitOfMeasure>
    <brandName>CANE CREEK CYCLING COMPONENTS</brandName>
    <supplierNumber>BAE0299-61</supplierNumber>
    <specialInstructions/>
    <baseDealerPrice>10.80</baseDealerPrice>
    <yourDealerPrice>10.80</yourDealerPrice>
    <baseRetailPrice>16.99</baseRetailPrice>
    <originalRetailPrice>16.99</originalRetailPrice>
    <partImage>http://asset.lemansnet.com/z/L0IvNS82L0I1NjhFMDNGLTI3RjYtNEVDRS04OEI1LUZBNEM5QjkxOUFGRQ==</partImage>
    <productId>1385643263</productId>
    <productName>Thudbuster LT Seat Post Elastomer</productName>
    <productImage>http://asset.lemansnet.com/z/L0IvNS82L0I1NjhFMDNGLTI3RjYtNEVDRS04OEI1LUZBNEM5QjkxOUFGRQ==</productImage>
    <bullet1>Replacement elastomer insert for G4 LT Thudbuster Seat Posts</bullet1>
    <bullet2>Pedal to saddle distance remains nearly constant through travel</bullet2>
    <bullet3>Minimum frame to top of rail height, 94 mm</bullet3>
    <bullet4>Aluminum mast and links with rebuildable stainless pivots</bullet4>
    <bullet5>PTFE coated steel bushings</bullet5>
    <bullet6>Stiffness:</bullet6>
    <bullet7>The relative durometer (stiffness) of the elastomer is denoted by number of dots printed on the elastomer</bullet7>
    <bullet8>Extra Soft — 1 Dot — Rider under 140 lb</bullet8>
    <bullet9>Soft — 2 Dots — Rider weight 120 lb - 170 lb</bullet9>
    <bullet10>Medium (installed from factory) — 3 Dots — Rider weight 150 lb - 200 lb</bullet10>
    <bullet11>Firm — 4 Dots — Rider weight 180 lb - 230 lb</bullet11>
    <bullet12>Extra Firm — 5 Dots — Rider weight 210 lb - 250 lb</bullet12>
    <bullet13/>
    <bullet14/>
    <bullet15/>
    <bullet16/>
    <bullet17/>
    <bullet18/>
    <bullet19/>
    <bullet20/>
    <bullet21/>
    <bullet22/>
    <bullet23/>
    <bullet24/>
    <vendorPriceUpdateDate>2022-10-31 00:00:00</vendorPriceUpdateDate>
  </part>
  <part>
    <partNumber>08200222</partNumber>
    <punctuatedPartNumber>0820-0222</punctuatedPartNumber>
    <partStatusDescription>STANDARD</partStatusDescription>
    <partDescription>Thudbuster LT Seat Post Elastomer - Extra Firm</partDescription>
    <unitOfMeasure>Each</unitOfMeasure>
    <brandName>CANE CREEK CYCLING COMPONENTS</brandName>
    <supplierNumber>BAE0299-81</supplierNumber>
    <specialInstructions/>
    <baseDealerPrice>10.80</baseDealerPrice>
    <yourDealerPrice>10.80</yourDealerPrice>
    <baseRetailPrice>16.99</baseRetailPrice>
    <originalRetailPrice>16.99</originalRetailPrice>
    <partImage>http://asset.lemansnet.com/z/LzYvMS85LzYxOUFEMzM3LTc2NzQtNDU4My05MDNCLUUyQUI1Q0U2NEZFNQ==</partImage>
    <productId>1385643263</productId>
    <productName>Thudbuster LT Seat Post Elastomer</productName>
    <productImage>http://asset.lemansnet.com/z/L0IvNS82L0I1NjhFMDNGLTI3RjYtNEVDRS04OEI1LUZBNEM5QjkxOUFGRQ==</productImage>
    <bullet1>Replacement elastomer insert for G4 LT Thudbuster Seat Posts</bullet1>
    <bullet2>Pedal to saddle distance remains nearly constant through travel</bullet2>
    <bullet3>Minimum frame to top of rail height, 94 mm</bullet3>
    <bullet4>Aluminum mast and links with rebuildable stainless pivots</bullet4>
    <bullet5>PTFE coated steel bushings</bullet5>
    <bullet6>Stiffness:</bullet6>
    <bullet7>The relative durometer (stiffness) of the elastomer is denoted by number of dots printed on the elastomer</bullet7>
    <bullet8>Extra Soft — 1 Dot — Rider under 140 lb</bullet8>
    <bullet9>Soft — 2 Dots — Rider weight 120 lb - 170 lb</bullet9>
    <bullet10>Medium (installed from factory) — 3 Dots — Rider weight 150 lb - 200 lb</bullet10>
    <bullet11>Firm — 4 Dots — Rider weight 180 lb - 230 lb</bullet11>
    <bullet12>Extra Firm — 5 Dots — Rider weight 210 lb - 250 lb</bullet12>
    <bullet13/>
    <bullet14/>
    <bullet15/>
    <bullet16/>
    <bullet17/>
    <bullet18/>
    <bullet19/>
    <bullet20/>
    <bullet21/>
    <bullet22/>
    <bullet23/>
    <bullet24/>
    <vendorPriceUpdateDate>2022-10-31 00:00:00</vendorPriceUpdateDate>
  </part>
  <part>
    <partNumber>08200233</partNumber>
    <punctuatedPartNumber>0820-0233</punctuatedPartNumber>
    <partStatusDescription>STANDARD</partStatusDescription>
    <partDescription>Seat Post Adapter - 27.2mm / 30.9 mm</partDescription>
    <unitOfMeasure>Each</unitOfMeasure>
    <brandName>CANE CREEK CYCLING COMPONENTS</brandName>
    <supplierNumber>.ST27309</supplierNumber>
    <specialInstructions/>
    <baseDealerPrice>6.70</baseDealerPrice>
    <yourDealerPrice>6.70</yourDealerPrice>
    <baseRetailPrice>10.99</baseRetailPrice>
    <originalRetailPrice>10.99</originalRetailPrice>
    <partImage>http://asset.lemansnet.com/z/L0MvMy82L0MzNkM0NUYzLTE3M0EtNDJDMC05M0EyLUM5MkRDOTQ0MTcxMw==</partImage>
    <productId>0575650211</productId>
    <productName>Seat Post Adapter</productName>
    <productImage>http://asset.lemansnet.com/z/LzEvQy81LzFDNUYyMjdFLTE2NDItNEM3MC1CREZELTdGQUNBOEZBMTM3Mg==</productImage>
    <bullet1>Made of premium quality aluminum and manufactured within stringent tolerances to match or surpass the highest quality standards</bullet1>
    <bullet2>Premium manufacturing ensures the seat post adapters won't scratch the post</bullet2>
    <bullet3>Provides the opportunity for riders to tune and adjust the compliance of their ride</bullet3>
    <bullet4>By swapping the original seatpost for a post with a smaller diameter, riders are able to maintain the advantages from a strong rigid frame while simultaneously creating a smoother ride</bullet4>
    <bullet5/>
    <bullet6/>
    <bullet7/>
    <bullet8/>
    <bullet9/>
    <bullet10/>
    <bullet11/>
    <bullet12/>
    <bullet13/>
    <bullet14/>
    <bullet15/>
    <bullet16/>
    <bullet17/>
    <bullet18/>
    <bullet19/>
    <bullet20/>
    <bullet21/>
    <bullet22/>
    <bullet23/>
    <bullet24/>
    <vendorPriceUpdateDate>2022-10-31 00:00:00</vendorPriceUpdateDate>
  </part>
  <part>
    <partNumber>04100464</partNumber>
    <punctuatedPartNumber>0410-0464</punctuatedPartNumber>
    <partStatusDescription>STANDARD</partStatusDescription>
    <partDescription>40-Series Headset - Complete - ZS44/28.6/H8 - EC49/40</partDescription>
    <unitOfMeasure>Each</unitOfMeasure>
    <brandName>CANE CREEK CYCLING COMPONENTS</brandName>
    <supplierNumber>BAA0445K</supplierNumber>
    <specialInstructions/>
    <baseDealerPrice>50.00</baseDealerPrice>
    <yourDealerPrice>50.00</yourDealerPrice>
    <baseRetailPrice>78.99</baseRetailPrice>
    <originalRetailPrice>78.99</originalRetailPrice>
    <partImage>http://asset.lemansnet.com/z/LzMvNi85LzM2OUZBRUNFLTMzQkItNDE1Ri1BQTVDLTQ4REI2QTUwRjhERg==</partImage>
    <productId>1046200313</productId>
    <productName>40-Series Complete Headset</productName>
    <productImage>http://asset.lemansnet.com/z/LzQvNS9DLzQ1QzMyNzY0LTA1RjAtNDkwMS1BQjgwLUYyMzlGRTE1MkY0Mg==</productImage>
    <bullet1>Includes all the features necessary for a durable, lightweight and long-lasting headset</bullet1>
    <bullet2>Precision engineered</bullet2>
    <bullet3/>
    <bullet4/>
    <bullet5/>
    <bullet6/>
    <bullet7/>
    <bullet8/>
    <bullet9/>
    <bullet10/>
    <bullet11/>
    <bullet12/>
    <bullet13/>
    <bullet14/>
    <bullet15/>
    <bullet16/>
    <bullet17/>
    <bullet18/>
    <bullet19/>
    <bullet20/>
    <bullet21/>
    <bullet22/>
    <bullet23/>
    <bullet24/>
    <vendorPriceUpdateDate>2022-10-31 00:00:00</vendorPriceUpdateDate>
  </part>
  <part>
    <partNumber>04100466</partNumber>
    <punctuatedPartNumber>0410-0466</punctuatedPartNumber>
    <partStatusDescription>STANDARD</partStatusDescription>
    <partDescription>40-Series Headset - Short Cover - Top - ZS44/28.6/H8</partDescription>
    <unitOfMeasure>Each</unitOfMeasure>
    <brandName>CANE CREEK CYCLING COMPONENTS</brandName>
    <supplierNumber>BAA0080K</supplierNumber>
    <specialInstructions/>
    <baseDealerPrice>24.80</baseDealerPrice>
    <yourDealerPrice>24.80</yourDealerPrice>
    <baseRetailPrice>39.99</baseRetailPrice>
    <originalRetailPrice>39.99</originalRetailPrice>
    <partImage>http://asset.lemansnet.com/z/L0YvNC83L0Y0NzJGMjM4LTAyNDItNEQwRC04OEI5LTNEQkM1Q0REQTQ2Qw==</partImage>
    <productId>1551900106</productId>
    <productName>40-Series Top Headset</productName>
    <productImage>http://asset.lemansnet.com/z/L0YvNC83L0Y0NzJGMjM4LTAyNDItNEQwRC04OEI5LTNEQkM1Q0REQTQ2Qw==</productImage>
    <bullet1>Includes all the features necessary for a durable, lightweight and long-lasting headset</bullet1>
    <bullet2>Precision engineered</bullet2>
    <bullet3/>
    <bullet4/>
    <bullet5/>
    <bullet6/>
    <bullet7/>
    <bullet8/>
    <bullet9/>
    <bullet10/>
    <bullet11/>
    <bullet12/>
    <bullet13/>
    <bullet14/>
    <bullet15/>
    <bullet16/>
    <bullet17/>
    <bullet18/>
    <bullet19/>
    <bullet20/>
    <bullet21/>
    <bullet22/>
    <bullet23/>
    <bullet24/>
    <vendorPriceUpdateDate>2022-10-31 00:00:00</vendorPriceUpdateDate>
  </part>
  <part>
    <partNumber>04100452</partNumber>
    <punctuatedPartNumber>0410-0452</punctuatedPartNumber>
    <partStatusDescription>STANDARD</partStatusDescription>
    <partDescription>Hellbender 70 Headset - Complete - IS41/28.6/H9 - IS52/40 - Black</partDescription>
    <unitOfMeasure>Each</unitOfMeasure>
    <brandName>CANE CREEK CYCLING COMPONENTS</brandName>
    <supplierNumber>BAA1188K</supplierNumber>
    <specialInstructions/>
    <baseDealerPrice>65.60</baseDealerPrice>
    <yourDealerPrice>65.60</yourDealerPrice>
    <baseRetailPrice>99.99</baseRetailPrice>
    <originalRetailPrice>99.99</originalRetailPrice>
    <partImage>http://asset.lemansnet.com/z/LzkvNC83Lzk0NzlEM0UzLThFRDMtNEU3MC1BOTEyLTJCQkZGMzI5ODdFQg==</partImage>
    <productId>1192646504</productId>
    <productName>Hellbender 70 Complete Headset</productName>
    <productImage>http://asset.lemansnet.com/z/LzkvNC83Lzk0NzlEM0UzLThFRDMtNEU3MC1BOTEyLTJCQkZGMzI5ODdFQg==</productImage>
    <bullet1>Headset designed to bridge the gap between the 40-series and 110-series headsets</bullet1>
    <bullet2>Machined from 6061 T-6 aluminum with a bright-dip black anodized finish, and features a low-friction upper bearing seal and a double-lip lower bearing seal that combine to completely seal cups from external contaminants—delivering exceptional durability and reliability</bullet2>
    <bullet3>Includes stainless steel Hellbender bearing specifically designed and tested to withstand heavy-duty use and extreme environmental conditions</bullet3>
    <bullet4>Hellbender bearings are built to live in the most extreme conditions, keeping you riding smoothly through rain, mud, grit or whatever the road and trail throws at you</bullet4>
    <bullet5>Interlok® Spacer Compatible</bullet5>
    <bullet6>Cups &amp; Covers — Internally contoured and relieved to minimize weight and maximize strength</bullet6>
    <bullet7>Top Cover — Low-friction upper bearing seal completely seals cup from contaminants and is fully captured by the top cover with no loose parts</bullet7>
    <bullet8>Crown Race — Alloy Dual-Seal crown race provides seal efficiency with low friction</bullet8>
    <bullet9>Compression Ring — Carbon friendly captured compression ring</bullet9>
    <bullet10>Bearings — Premium, sealed stainless-steel Hellbender bearings</bullet10>
    <bullet11>Stack Heights</bullet11>
    <bullet12>External Cup (EC) — 12 mm bottom</bullet12>
    <bullet13>ZeroStack (ZS) — 8 mm top, 4 mm bottom</bullet13>
    <bullet14>Integrated (IS) — 9 mm top, 1 mm bottom</bullet14>
    <bullet15/>
    <bullet16/>
    <bullet17/>
    <bullet18/>
    <bullet19/>
    <bullet20/>
    <bullet21/>
    <bullet22/>
    <bullet23/>
    <bullet24/>
    <vendorPriceUpdateDate>2022-10-31 00:00:00</vendorPriceUpdateDate>
  </part>
  <part>
    <partNumber>04100453</partNumber>
    <punctuatedPartNumber>0410-0453</punctuatedPartNumber>
    <partStatusDescription>STANDARD</partStatusDescription>
    <partDescription>Hellbender 70 Headset - Complete - IS42/28.6/H9 - IS52/40 - Black</partDescription>
    <unitOfMeasure>Each</unitOfMeasure>
    <brandName>CANE CREEK CYCLING COMPONENTS</brandName>
    <supplierNumber>BAA1189K</supplierNumber>
    <specialInstructions/>
    <baseDealerPrice>65.60</baseDealerPrice>
    <yourDealerPrice>65.60</yourDealerPrice>
    <baseRetailPrice>99.99</baseRetailPrice>
    <originalRetailPrice>99.99</originalRetailPrice>
    <partImage>http://asset.lemansnet.com/z/LzkvQi9GLzlCRkQ0OTEwLUVFMzQtNDQ0Ri05NENFLTU1RERENkJEMkYyQQ==</partImage>
    <productId>0832856699</productId>
    <productName>Hellbender 70 Complete Headset</productName>
    <productImage>http://asset.lemansnet.com/z/LzkvNC83Lzk0NzlEM0UzLThFRDMtNEU3MC1BOTEyLTJCQkZGMzI5ODdFQg==</productImage>
    <bullet1>Headset designed to bridge the gap between the 40-series and 110-series headsets</bullet1>
    <bullet2>Machined from 6061 T-6 aluminum with a bright-dip black anodized finish, and features a low-friction upper bearing seal and a double-lip lower bearing seal that combine to completely seal cups from external contaminants—delivering exceptional durability and reliability</bullet2>
    <bullet3>Includes stainless steel Hellbender bearing specifically designed and tested to withstand heavy-duty use and extreme environmental conditions</bullet3>
    <bullet4>Hellbender bearings are built to live in the most extreme conditions, keeping you riding smoothly through rain, mud, grit or whatever the road and trail throws at you</bullet4>
    <bullet5>Interlok® Spacer Compatible</bullet5>
    <bullet6>Cups &amp; Covers — Internally contoured and relieved to minimize weight and maximize strength</bullet6>
    <bullet7>Top Cover — Low-friction upper bearing seal completely seals cup from contaminants and is fully captured by the top cover with no loose parts</bullet7>
    <bullet8>Crown Race — Alloy Dual-Seal crown race provides seal efficiency with low friction</bullet8>
    <bullet9>Compression Ring — Carbon friendly captured compression ring</bullet9>
    <bullet10>Bearings — Premium, sealed stainless-steel Hellbender bearings</bullet10>
    <bullet11>Stack Heights</bullet11>
    <bullet12>External Cup (EC) — 12 mm bottom</bullet12>
    <bullet13>ZeroStack (ZS) — 8 mm top, 4 mm bottom</bullet13>
    <bullet14>Integrated (IS) — 9 mm top, 1 mm bottom</bullet14>
    <bullet15/>
    <bullet16/>
    <bullet17/>
    <bullet18/>
    <bullet19/>
    <bullet20/>
    <bullet21/>
    <bullet22/>
    <bullet23/>
    <bullet24/>
    <vendorPriceUpdateDate>2022-10-31 00:00:00</vendorPriceUpdateDate>
  </part>
  <part>
    <partNumber>04100455</partNumber>
    <punctuatedPartNumber>0410-0455</punctuatedPartNumber>
    <partStatusDescription>STANDARD</partStatusDescription>
    <partDescription>Hellbender Cartridge Bearing - Stainless Steel - 41 mm</partDescription>
    <unitOfMeasure>Each</unitOfMeasure>
    <brandName>CANE CREEK CYCLING COMPONENTS</brandName>
    <supplierNumber>BAA1054</supplierNumber>
    <specialInstructions/>
    <baseDealerPrice>18.30</baseDealerPrice>
    <yourDealerPrice>18.30</yourDealerPrice>
    <baseRetailPrice>29.99</baseRetailPrice>
    <originalRetailPrice>29.99</originalRetailPrice>
    <partImage>http://asset.lemansnet.com/z/L0YvOC9GL0Y4RjQyNUU3LUVCNUEtNDUzMi1BRTlELTU0MkNCOTdCQzVCNg==</partImage>
    <productId>0375358578</productId>
    <productName>Hellbender Bottom Bracket Cartridge Bearing</productName>
    <productImage>http://asset.lemansnet.com/z/L0MvNS9GL0M1RjgyMDIwLUQ4OUQtNENFNS04NjFFLTRBOEZGOTNDNUNCNQ==</productImage>
    <bullet1>Stainless steel cartridge bearing</bullet1>
    <bullet2>36° x 45°</bullet2>
    <bullet3/>
    <bullet4/>
    <bullet5/>
    <bullet6/>
    <bullet7/>
    <bullet8/>
    <bullet9/>
    <bullet10/>
    <bullet11/>
    <bullet12/>
    <bullet13/>
    <bullet14/>
    <bullet15/>
    <bullet16/>
    <bullet17/>
    <bullet18/>
    <bullet19/>
    <bullet20/>
    <bullet21/>
    <bullet22/>
    <bullet23/>
    <bullet24/>
    <vendorPriceUpdateDate>2022-10-31 00:00:00</vendorPriceUpdateDate>
  </part>
  <part>
    <partNumber>04100469</partNumber>
    <punctuatedPartNumber>0410-0469</punctuatedPartNumber>
    <partStatusDescription>STANDARD</partStatusDescription>
    <partDescription>40-Series Crown Race - Steel - 52 mm / 40 mm</partDescription>
    <unitOfMeasure>Each</unitOfMeasure>
    <brandName>CANE CREEK CYCLING COMPONENTS</brandName>
    <supplierNumber>BAA0010S</supplierNumber>
    <specialInstructions/>
    <baseDealerPrice>7.80</baseDealerPrice>
    <yourDealerPrice>7.80</yourDealerPrice>
    <baseRetailPrice>12.99</baseRetailPrice>
    <originalRetailPrice>12.99</originalRetailPrice>
    <partImage>http://asset.lemansnet.com/z/LzMvQy82LzNDNjEzOTlCLUM4NDgtNDBBNi1CQTlFLTQ4Nzc4NUUwOTg5Qg==</partImage>
    <productId>1214956536</productId>
    <productName>40-Series Crown Race</productName>
    <productImage>http://asset.lemansnet.com/z/LzMvQy82LzNDNjEzOTlCLUM4NDgtNDBBNi1CQTlFLTQ4Nzc4NUUwOTg5Qg==</productImage>
    <bullet1>40-Series steel crown race for headsets</bullet1>
    <bullet2/>
    <bullet3/>
    <bullet4/>
    <bullet5/>
    <bullet6/>
    <bullet7/>
    <bullet8/>
    <bullet9/>
    <bullet10/>
    <bullet11/>
    <bullet12/>
    <bullet13/>
    <bullet14/>
    <bullet15/>
    <bullet16/>
    <bullet17/>
    <bullet18/>
    <bullet19/>
    <bullet20/>
    <bullet21/>
    <bullet22/>
    <bullet23/>
    <bullet24/>
    <vendorPriceUpdateDate>2022-10-31 00:00:00</vendorPriceUpdateDate>
  </part>
  <part>
    <partNumber>04100470</partNumber>
    <punctuatedPartNumber>0410-0470</punctuatedPartNumber>
    <partStatusDescription>STANDARD</partStatusDescription>
    <partDescription>Headset Adjuster Bolt - Universal</partDescription>
    <unitOfMeasure>Each</unitOfMeasure>
    <brandName>CANE CREEK CYCLING COMPONENTS</brandName>
    <supplierNumber>.AAB</supplierNumber>
    <specialInstructions/>
    <baseDealerPrice>0.60</baseDealerPrice>
    <yourDealerPrice>0.60</yourDealerPrice>
    <baseRetailPrice>1.00</baseRetailPrice>
    <originalRetailPrice>1.00</originalRetailPrice>
    <partImage>http://asset.lemansnet.com/z/LzcvQi9ELzdCRDIyMTBFLTg1QUItNEE4Qy1CODYxLTA3Q0UzRjBDQTg5QQ==</partImage>
    <productId>1757473238</productId>
    <productName>Headset Adjuster Bolt</productName>
    <productImage>http://asset.lemansnet.com/z/LzcvQi9ELzdCRDIyMTBFLTg1QUItNEE4Qy1CODYxLTA3Q0UzRjBDQTg5QQ==</productImage>
    <bullet1>Replacement headset adjuster bolt for Cane Creek Cycling Headsets</bullet1>
    <bullet2/>
    <bullet3/>
    <bullet4/>
    <bullet5/>
    <bullet6/>
    <bullet7/>
    <bullet8/>
    <bullet9/>
    <bullet10/>
    <bullet11/>
    <bullet12/>
    <bullet13/>
    <bullet14/>
    <bullet15/>
    <bullet16/>
    <bullet17/>
    <bullet18/>
    <bullet19/>
    <bullet20/>
    <bullet21/>
    <bullet22/>
    <bullet23/>
    <bullet24/>
    <vendorPriceUpdateDate>2022-10-31 00:00:00</vendorPriceUpdateDate>
  </part>
  <part>
    <partNumber>04100456</partNumber>
    <punctuatedPartNumber>0410-0456</punctuatedPartNumber>
    <partStatusDescription>STANDARD</partStatusDescription>
    <partDescription>Hellbender Cartridge Bearing - Stainless Steel - 52 mm</partDescription>
    <unitOfMeasure>Each</unitOfMeasure>
    <brandName>CANE CREEK CYCLING COMPONENTS</brandName>
    <supplierNumber>BAA1055</supplierNumber>
    <specialInstructions/>
    <baseDealerPrice>32.20</baseDealerPrice>
    <yourDealerPrice>32.20</yourDealerPrice>
    <baseRetailPrice>52.99</baseRetailPrice>
    <originalRetailPrice>52.99</originalRetailPrice>
    <partImage>http://asset.lemansnet.com/z/L0MvNS9GL0M1RjgyMDIwLUQ4OUQtNENFNS04NjFFLTRBOEZGOTNDNUNCNQ==</partImage>
    <productId>2053466534</productId>
    <productName>Hellbender Bottom Bracket Cartridge Bearing</productName>
    <productImage>http://asset.lemansnet.com/z/L0MvNS9GL0M1RjgyMDIwLUQ4OUQtNENFNS04NjFFLTRBOEZGOTNDNUNCNQ==</productImage>
    <bullet1>Stainless steel cartridge bearing</bullet1>
    <bullet2>36° x 45°</bullet2>
    <bullet3/>
    <bullet4/>
    <bullet5/>
    <bullet6/>
    <bullet7/>
    <bullet8/>
    <bullet9/>
    <bullet10/>
    <bullet11/>
    <bullet12/>
    <bullet13/>
    <bullet14/>
    <bullet15/>
    <bullet16/>
    <bullet17/>
    <bullet18/>
    <bullet19/>
    <bullet20/>
    <bullet21/>
    <bullet22/>
    <bullet23/>
    <bullet24/>
    <vendorPriceUpdateDate>2022-10-31 00:00:00</vendorPriceUpdateDate>
  </part>
  <part>
    <partNumber>08200231</partNumber>
    <punctuatedPartNumber>0820-0231</punctuatedPartNumber>
    <partStatusDescription>STANDARD</partStatusDescription>
    <partDescription>Seat Post Adapter - 27.2 mm / 30.0 mm</partDescription>
    <unitOfMeasure>Each</unitOfMeasure>
    <brandName>CANE CREEK CYCLING COMPONENTS</brandName>
    <supplierNumber>.ST27300</supplierNumber>
    <specialInstructions/>
    <baseDealerPrice>6.70</baseDealerPrice>
    <yourDealerPrice>6.70</yourDealerPrice>
    <baseRetailPrice>10.99</baseRetailPrice>
    <originalRetailPrice>10.99</originalRetailPrice>
    <partImage>http://asset.lemansnet.com/z/L0IvRS9DL0JFQzg4M0NELUQ4MjctNDUyMi05NTE4LTI1NUVBNENCMDYyQQ==</partImage>
    <productId>0575650211</productId>
    <productName>Seat Post Adapter</productName>
    <productImage>http://asset.lemansnet.com/z/LzEvQy81LzFDNUYyMjdFLTE2NDItNEM3MC1CREZELTdGQUNBOEZBMTM3Mg==</productImage>
    <bullet1>Made of premium quality aluminum and manufactured within stringent tolerances to match or surpass the highest quality standards</bullet1>
    <bullet2>Premium manufacturing ensures the seat post adapters won't scratch the post</bullet2>
    <bullet3>Provides the opportunity for riders to tune and adjust the compliance of their ride</bullet3>
    <bullet4>By swapping the original seatpost for a post with a smaller diameter, riders are able to maintain the advantages from a strong rigid frame while simultaneously creating a smoother ride</bullet4>
    <bullet5/>
    <bullet6/>
    <bullet7/>
    <bullet8/>
    <bullet9/>
    <bullet10/>
    <bullet11/>
    <bullet12/>
    <bullet13/>
    <bullet14/>
    <bullet15/>
    <bullet16/>
    <bullet17/>
    <bullet18/>
    <bullet19/>
    <bullet20/>
    <bullet21/>
    <bullet22/>
    <bullet23/>
    <bullet24/>
    <vendorPriceUpdateDate>2022-10-31 00:00:00</vendorPriceUpdateDate>
  </part>
  <part>
    <partNumber>38120738</partNumber>
    <punctuatedPartNumber>3812-0738</punctuatedPartNumber>
    <partStatusDescription>STANDARD</partStatusDescription>
    <partDescription>Cup Installation Tool - 52 mm</partDescription>
    <unitOfMeasure>Each</unitOfMeasure>
    <brandName>CANE CREEK CYCLING COMPONENTS</brandName>
    <supplierNumber>HST013</supplierNumber>
    <specialInstructions/>
    <baseDealerPrice>12.30</baseDealerPrice>
    <yourDealerPrice>12.30</yourDealerPrice>
    <baseRetailPrice>18.99</baseRetailPrice>
    <originalRetailPrice>18.99</originalRetailPrice>
    <partImage>http://asset.lemansnet.com/z/LzgvQy8yLzhDMkUxNTQzLUI2QjctNEIxNi05QTFCLUMzQjkxNUQ4NTdFOCwvMC9FL0IvMEVCM0RGRUMtRjUxMS00N0Y4LUJEMDYtOTk2MTM2QTg2OEY5</partImage>
    <productId>0440421219</productId>
    <productName>Cup Installation Tool</productName>
    <productImage>http://asset.lemansnet.com/z/LzkvMS83LzkxN0I4OUM3LTkyRjQtNDUzNC05NUEwLTk5Mjk3Qjk3QTJCMA==</productImage>
    <bullet1/>
    <bullet2/>
    <bullet3/>
    <bullet4/>
    <bullet5/>
    <bullet6/>
    <bullet7/>
    <bullet8/>
    <bullet9/>
    <bullet10/>
    <bullet11/>
    <bullet12/>
    <bullet13/>
    <bullet14/>
    <bullet15/>
    <bullet16/>
    <bullet17/>
    <bullet18/>
    <bullet19/>
    <bullet20/>
    <bullet21/>
    <bullet22/>
    <bullet23/>
    <bullet24/>
    <vendorPriceUpdateDate>2022-10-31 00:00:00</vendorPriceUpdateDate>
  </part>
  <part>
    <partNumber>08200226</partNumber>
    <punctuatedPartNumber>0820-0226</punctuatedPartNumber>
    <partStatusDescription>STANDARD</partStatusDescription>
    <partDescription>Thudbuster ST Seat Post Elastomer - Firm</partDescription>
    <unitOfMeasure>Each</unitOfMeasure>
    <brandName>CANE CREEK CYCLING COMPONENTS</brandName>
    <supplierNumber>BAE0270-70</supplierNumber>
    <specialInstructions/>
    <baseDealerPrice>2.90</baseDealerPrice>
    <yourDealerPrice>2.90</yourDealerPrice>
    <baseRetailPrice>4.99</baseRetailPrice>
    <originalRetailPrice>4.99</originalRetailPrice>
    <partImage>http://asset.lemansnet.com/z/L0IvOC8xL0I4MTlCQkM1LUI5Q0UtNEFBMC1BMUZCLUMwRTdDRTg0RjlBOQ==</partImage>
    <productId>0523265525</productId>
    <productName>Thudbuster ST Seat Post Elastomer</productName>
    <productImage>http://asset.lemansnet.com/z/L0YvMC8yL0YwMkQ5OUNDLTdDREQtNDI3QS05OTQxLTU0QjlFRjM2MUYwNg==</productImage>
    <bullet1>Replacement elastomer insert for G4 LT Thudbuster Seat Posts</bullet1>
    <bullet2>Pedal to saddle distance remains nearly constant through travel</bullet2>
    <bullet3>Minimum frame to top of rail height, 94 mm</bullet3>
    <bullet4>Aluminum mast and links with rebuildable stainless pivots</bullet4>
    <bullet5>PTFE coated steel bushings</bullet5>
    <bullet6>Thudbuster ST comes with Soft, Medium, and Firm elastomers in the box, with Medium elastomer installed</bullet6>
    <bullet7>Stiffness:</bullet7>
    <bullet8>The relative durometer (stiffness) of the elastomer is denoted by number of dots printed on the elastomer</bullet8>
    <bullet9>Extra Soft — 1 Dot — Rider under 100 lb</bullet9>
    <bullet10>Soft — 2 Dots — Rider weight 100 lb - 150 lb</bullet10>
    <bullet11>Medium (installed from factory) — 3 Dots — Rider weight 150 lb - 200 lb</bullet11>
    <bullet12>Firm — 4 Dots — Rider weight 200 lb - 250 lb</bullet12>
    <bullet13>Extra Firm — 5 Dots — Rider weight 250 lb - 330 lb</bullet13>
    <bullet14/>
    <bullet15/>
    <bullet16/>
    <bullet17/>
    <bullet18/>
    <bullet19/>
    <bullet20/>
    <bullet21/>
    <bullet22/>
    <bullet23/>
    <bullet24/>
    <vendorPriceUpdateDate>2022-10-31 00:00:00</vendorPriceUpdateDate>
  </part>
  <part>
    <partNumber>08200228</partNumber>
    <punctuatedPartNumber>0820-0228</punctuatedPartNumber>
    <partStatusDescription>STANDARD</partStatusDescription>
    <partDescription>ThudGlove LT Seat Post Glove - Black</partDescription>
    <unitOfMeasure>Each</unitOfMeasure>
    <brandName>CANE CREEK CYCLING COMPONENTS</brandName>
    <supplierNumber>.ST31112</supplierNumber>
    <specialInstructions/>
    <baseDealerPrice>11.70</baseDealerPrice>
    <yourDealerPrice>11.70</yourDealerPrice>
    <baseRetailPrice>18.99</baseRetailPrice>
    <originalRetailPrice>18.99</originalRetailPrice>
    <partImage>http://asset.lemansnet.com/z/L0QvOC9EL0Q4REZGRjRFLTg4MkEtNDU0RS1CMzI4LTMyNUI5NjRCRDkxMA==</partImage>
    <productId>0134307875</productId>
    <productName>ThudGlove LT Seat Post Glove</productName>
    <productImage>http://asset.lemansnet.com/z/L0QvOC9EL0Q4REZGRjRFLTg4MkEtNDU0RS1CMzI4LTMyNUI5NjRCRDkxMA==</productImage>
    <bullet1>Noticeably soften and reduce chatter transmitted through the saddle</bullet1>
    <bullet2>Single Bolt Clamp - Easily adjust saddle position and switch saddles seat clamp design</bullet2>
    <bullet3>Aluminum post to increase durability of the design</bullet3>
    <bullet4>With a parallel-linkage design for a better weight limit and durability</bullet4>
    <bullet5>Tune the elastomer to fit your weight or choose based on how much compliance you want</bullet5>
    <bullet6/>
    <bullet7/>
    <bullet8/>
    <bullet9/>
    <bullet10/>
    <bullet11/>
    <bullet12/>
    <bullet13/>
    <bullet14/>
    <bullet15/>
    <bullet16/>
    <bullet17/>
    <bullet18/>
    <bullet19/>
    <bullet20/>
    <bullet21/>
    <bullet22/>
    <bullet23/>
    <bullet24/>
    <vendorPriceUpdateDate>2022-10-31 00:00:00</vendorPriceUpdateDate>
  </part>
  <part>
    <partNumber>04100467</partNumber>
    <punctuatedPartNumber>0410-0467</punctuatedPartNumber>
    <partStatusDescription>STANDARD</partStatusDescription>
    <partDescription>40-Series Headset - Bottom - EC49/40</partDescription>
    <unitOfMeasure>Each</unitOfMeasure>
    <brandName>CANE CREEK CYCLING COMPONENTS</brandName>
    <supplierNumber>BAA0091K</supplierNumber>
    <specialInstructions/>
    <baseDealerPrice>28.30</baseDealerPrice>
    <yourDealerPrice>28.30</yourDealerPrice>
    <baseRetailPrice>44.99</baseRetailPrice>
    <originalRetailPrice>44.99</originalRetailPrice>
    <partImage>http://asset.lemansnet.com/z/L0MvNi9FL0M2RTg3NTc2LTdFQzMtNDk4Qy05RkZCLUMwQjI2MUM2OUYxMg==</partImage>
    <productId>1233147685</productId>
    <productName>40-Series Bottom Headset</productName>
    <productImage>http://asset.lemansnet.com/z/L0MvNi9FL0M2RTg3NTc2LTdFQzMtNDk4Qy05RkZCLUMwQjI2MUM2OUYxMg==</productImage>
    <bullet1>Includes all the features necessary for a durable, lightweight and long-lasting headset</bullet1>
    <bullet2>Precision engineered</bullet2>
    <bullet3/>
    <bullet4/>
    <bullet5/>
    <bullet6/>
    <bullet7/>
    <bullet8/>
    <bullet9/>
    <bullet10/>
    <bullet11/>
    <bullet12/>
    <bullet13/>
    <bullet14/>
    <bullet15/>
    <bullet16/>
    <bullet17/>
    <bullet18/>
    <bullet19/>
    <bullet20/>
    <bullet21/>
    <bullet22/>
    <bullet23/>
    <bullet24/>
    <vendorPriceUpdateDate>2022-10-31 00:00:00</vendorPriceUpdateDate>
  </part>
  <part>
    <partNumber>08200221</partNumber>
    <punctuatedPartNumber>0820-0221</punctuatedPartNumber>
    <partStatusDescription>STANDARD</partStatusDescription>
    <partDescription>Thudbuster LT Seat Post Elastomer - Firm</partDescription>
    <unitOfMeasure>Each</unitOfMeasure>
    <brandName>CANE CREEK CYCLING COMPONENTS</brandName>
    <supplierNumber>BAE0299-75</supplierNumber>
    <specialInstructions/>
    <baseDealerPrice>10.80</baseDealerPrice>
    <yourDealerPrice>10.80</yourDealerPrice>
    <baseRetailPrice>16.99</baseRetailPrice>
    <originalRetailPrice>16.99</originalRetailPrice>
    <partImage>http://asset.lemansnet.com/z/L0EvQy9FL0FDRTBEQTY1LTY3NTEtNEFBMi1CNUUxLTM2MTUzMUM1RTVBOQ==</partImage>
    <productId>1385643263</productId>
    <productName>Thudbuster LT Seat Post Elastomer</productName>
    <productImage>http://asset.lemansnet.com/z/L0IvNS82L0I1NjhFMDNGLTI3RjYtNEVDRS04OEI1LUZBNEM5QjkxOUFGRQ==</productImage>
    <bullet1>Replacement elastomer insert for G4 LT Thudbuster Seat Posts</bullet1>
    <bullet2>Pedal to saddle distance remains nearly constant through travel</bullet2>
    <bullet3>Minimum frame to top of rail height, 94 mm</bullet3>
    <bullet4>Aluminum mast and links with rebuildable stainless pivots</bullet4>
    <bullet5>PTFE coated steel bushings</bullet5>
    <bullet6>Stiffness:</bullet6>
    <bullet7>The relative durometer (stiffness) of the elastomer is denoted by number of dots printed on the elastomer</bullet7>
    <bullet8>Extra Soft — 1 Dot — Rider under 140 lb</bullet8>
    <bullet9>Soft — 2 Dots — Rider weight 120 lb - 170 lb</bullet9>
    <bullet10>Medium (installed from factory) — 3 Dots — Rider weight 150 lb - 200 lb</bullet10>
    <bullet11>Firm — 4 Dots — Rider weight 180 lb - 230 lb</bullet11>
    <bullet12>Extra Firm — 5 Dots — Rider weight 210 lb - 250 lb</bullet12>
    <bullet13/>
    <bullet14/>
    <bullet15/>
    <bullet16/>
    <bullet17/>
    <bullet18/>
    <bullet19/>
    <bullet20/>
    <bullet21/>
    <bullet22/>
    <bullet23/>
    <bullet24/>
    <vendorPriceUpdateDate>2022-10-31 00:00:00</vendorPriceUpdateDate>
  </part>
  <part>
    <partNumber>04100458</partNumber>
    <punctuatedPartNumber>0410-0458</punctuatedPartNumber>
    <partStatusDescription>STANDARD</partStatusDescription>
    <partDescription>40-Series Headset - Complete - Short Cover - ZS44/28.6/H8 - ZS44/30</partDescription>
    <unitOfMeasure>Each</unitOfMeasure>
    <brandName>CANE CREEK CYCLING COMPONENTS</brandName>
    <supplierNumber>BAA0075K</supplierNumber>
    <specialInstructions/>
    <baseDealerPrice>39.00</baseDealerPrice>
    <yourDealerPrice>39.00</yourDealerPrice>
    <baseRetailPrice>63.99</baseRetailPrice>
    <originalRetailPrice>63.99</originalRetailPrice>
    <partImage>http://asset.lemansnet.com/z/LzQvNS9DLzQ1QzMyNzY0LTA1RjAtNDkwMS1BQjgwLUYyMzlGRTE1MkY0Mg==</partImage>
    <productId>1046200313</productId>
    <productName>40-Series Complete Headset</productName>
    <productImage>http://asset.lemansnet.com/z/LzQvNS9DLzQ1QzMyNzY0LTA1RjAtNDkwMS1BQjgwLUYyMzlGRTE1MkY0Mg==</productImage>
    <bullet1>Includes all the features necessary for a durable, lightweight and long-lasting headset</bullet1>
    <bullet2>Precision engineered</bullet2>
    <bullet3/>
    <bullet4/>
    <bullet5/>
    <bullet6/>
    <bullet7/>
    <bullet8/>
    <bullet9/>
    <bullet10/>
    <bullet11/>
    <bullet12/>
    <bullet13/>
    <bullet14/>
    <bullet15/>
    <bullet16/>
    <bullet17/>
    <bullet18/>
    <bullet19/>
    <bullet20/>
    <bullet21/>
    <bullet22/>
    <bullet23/>
    <bullet24/>
    <vendorPriceUpdateDate>2022-10-31 00:00:00</vendorPriceUpdateDate>
  </part>
  <part>
    <partNumber>08200225</partNumber>
    <punctuatedPartNumber>0820-0225</punctuatedPartNumber>
    <partStatusDescription>STANDARD</partStatusDescription>
    <partDescription>Thudbuster ST Seat Post Elastomer - Medium</partDescription>
    <unitOfMeasure>Each</unitOfMeasure>
    <brandName>CANE CREEK CYCLING COMPONENTS</brandName>
    <supplierNumber>BAE0270-60</supplierNumber>
    <specialInstructions/>
    <baseDealerPrice>2.90</baseDealerPrice>
    <yourDealerPrice>2.90</yourDealerPrice>
    <baseRetailPrice>4.99</baseRetailPrice>
    <originalRetailPrice>4.99</originalRetailPrice>
    <partImage>http://asset.lemansnet.com/z/LzQvQy9CLzRDQjk2RTZCLUI2NjktNENCOS04RURFLUVGRUU5NjMyQTI3Mw==</partImage>
    <productId>0523265525</productId>
    <productName>Thudbuster ST Seat Post Elastomer</productName>
    <productImage>http://asset.lemansnet.com/z/L0YvMC8yL0YwMkQ5OUNDLTdDREQtNDI3QS05OTQxLTU0QjlFRjM2MUYwNg==</productImage>
    <bullet1>Replacement elastomer insert for G4 LT Thudbuster Seat Posts</bullet1>
    <bullet2>Pedal to saddle distance remains nearly constant through travel</bullet2>
    <bullet3>Minimum frame to top of rail height, 94 mm</bullet3>
    <bullet4>Aluminum mast and links with rebuildable stainless pivots</bullet4>
    <bullet5>PTFE coated steel bushings</bullet5>
    <bullet6>Thudbuster ST comes with Soft, Medium, and Firm elastomers in the box, with Medium elastomer installed</bullet6>
    <bullet7>Stiffness:</bullet7>
    <bullet8>The relative durometer (stiffness) of the elastomer is denoted by number of dots printed on the elastomer</bullet8>
    <bullet9>Extra Soft — 1 Dot — Rider under 100 lb</bullet9>
    <bullet10>Soft — 2 Dots — Rider weight 100 lb - 150 lb</bullet10>
    <bullet11>Medium (installed from factory) — 3 Dots — Rider weight 150 lb - 200 lb</bullet11>
    <bullet12>Firm — 4 Dots — Rider weight 200 lb - 250 lb</bullet12>
    <bullet13>Extra Firm — 5 Dots — Rider weight 250 lb - 330 lb</bullet13>
    <bullet14/>
    <bullet15/>
    <bullet16/>
    <bullet17/>
    <bullet18/>
    <bullet19/>
    <bullet20/>
    <bullet21/>
    <bullet22/>
    <bullet23/>
    <bullet24/>
    <vendorPriceUpdateDate>2022-10-31 00:00:00</vendorPriceUpdateDate>
  </part>
  <part>
    <partNumber>08200229</partNumber>
    <punctuatedPartNumber>0820-0229</punctuatedPartNumber>
    <partStatusDescription>STANDARD</partStatusDescription>
    <partDescription>ThudGlove ST Seat Post Glove - Black</partDescription>
    <unitOfMeasure>Each</unitOfMeasure>
    <brandName>CANE CREEK CYCLING COMPONENTS</brandName>
    <supplierNumber>.ST41112</supplierNumber>
    <specialInstructions/>
    <baseDealerPrice>11.70</baseDealerPrice>
    <yourDealerPrice>11.70</yourDealerPrice>
    <baseRetailPrice>18.99</baseRetailPrice>
    <originalRetailPrice>18.99</originalRetailPrice>
    <partImage>http://asset.lemansnet.com/z/L0QvMy9FL0QzRUJGMzc1LTBBQUQtNDU1OS1CODFCLTM3REJGOUQ0MjM3Mg==</partImage>
    <productId>1212354994</productId>
    <productName>ThudGlove ST Seatpost Glove</productName>
    <productImage>http://asset.lemansnet.com/z/L0QvMy9FL0QzRUJGMzc1LTBBQUQtNDU1OS1CODFCLTM3REJGOUQ0MjM3Mg==</productImage>
    <bullet1>Short Travel (ST) model</bullet1>
    <bullet2>Backwards compatible with Gen 3 posts</bullet2>
    <bullet3>Reflector strip on rear</bullet3>
    <bullet4>Four-way stretch material</bullet4>
    <bullet5>Revised graphics</bullet5>
    <bullet6/>
    <bullet7/>
    <bullet8/>
    <bullet9/>
    <bullet10/>
    <bullet11/>
    <bullet12/>
    <bullet13/>
    <bullet14/>
    <bullet15/>
    <bullet16/>
    <bullet17/>
    <bullet18/>
    <bullet19/>
    <bullet20/>
    <bullet21/>
    <bullet22/>
    <bullet23/>
    <bullet24/>
    <vendorPriceUpdateDate>2022-10-31 00:00:00</vendorPriceUpdateDate>
  </part>
  <part>
    <partNumber>38120737</partNumber>
    <punctuatedPartNumber>3812-0737</punctuatedPartNumber>
    <partStatusDescription>STANDARD</partStatusDescription>
    <partDescription>Cup Installation Tool - 41 mm</partDescription>
    <unitOfMeasure>Each</unitOfMeasure>
    <brandName>CANE CREEK CYCLING COMPONENTS</brandName>
    <supplierNumber>HST014</supplierNumber>
    <specialInstructions/>
    <baseDealerPrice>11.30</baseDealerPrice>
    <yourDealerPrice>11.30</yourDealerPrice>
    <baseRetailPrice>17.99</baseRetailPrice>
    <originalRetailPrice>17.99</originalRetailPrice>
    <partImage>http://asset.lemansnet.com/z/LzkvMS83LzkxN0I4OUM3LTkyRjQtNDUzNC05NUEwLTk5Mjk3Qjk3QTJCMA==</partImage>
    <productId>0440421219</productId>
    <productName>Cup Installation Tool</productName>
    <productImage>http://asset.lemansnet.com/z/LzkvMS83LzkxN0I4OUM3LTkyRjQtNDUzNC05NUEwLTk5Mjk3Qjk3QTJCMA==</productImage>
    <bullet1/>
    <bullet2/>
    <bullet3/>
    <bullet4/>
    <bullet5/>
    <bullet6/>
    <bullet7/>
    <bullet8/>
    <bullet9/>
    <bullet10/>
    <bullet11/>
    <bullet12/>
    <bullet13/>
    <bullet14/>
    <bullet15/>
    <bullet16/>
    <bullet17/>
    <bullet18/>
    <bullet19/>
    <bullet20/>
    <bullet21/>
    <bullet22/>
    <bullet23/>
    <bullet24/>
    <vendorPriceUpdateDate>2022-10-31 00:00:00</vendorPriceUpdateDate>
  </part>
  <part>
    <partNumber>08200227</partNumber>
    <punctuatedPartNumber>0820-0227</punctuatedPartNumber>
    <partStatusDescription>STANDARD</partStatusDescription>
    <partDescription>Thudbuster ST Seat Post Elastomer - Extra Firm</partDescription>
    <unitOfMeasure>Each</unitOfMeasure>
    <brandName>CANE CREEK CYCLING COMPONENTS</brandName>
    <supplierNumber>BAE0270-80</supplierNumber>
    <specialInstructions/>
    <baseDealerPrice>2.90</baseDealerPrice>
    <yourDealerPrice>2.90</yourDealerPrice>
    <baseRetailPrice>4.99</baseRetailPrice>
    <originalRetailPrice>4.99</originalRetailPrice>
    <partImage>http://asset.lemansnet.com/z/LzEvMy84LzEzODgyODBCLTU0RTktNDk3My1BQkNFLTcyREExOEE1QkJFRQ==</partImage>
    <productId>0523265525</productId>
    <productName>Thudbuster ST Seat Post Elastomer</productName>
    <productImage>http://asset.lemansnet.com/z/L0YvMC8yL0YwMkQ5OUNDLTdDREQtNDI3QS05OTQxLTU0QjlFRjM2MUYwNg==</productImage>
    <bullet1>Replacement elastomer insert for G4 LT Thudbuster Seat Posts</bullet1>
    <bullet2>Pedal to saddle distance remains nearly constant through travel</bullet2>
    <bullet3>Minimum frame to top of rail height, 94 mm</bullet3>
    <bullet4>Aluminum mast and links with rebuildable stainless pivots</bullet4>
    <bullet5>PTFE coated steel bushings</bullet5>
    <bullet6>Thudbuster ST comes with Soft, Medium, and Firm elastomers in the box, with Medium elastomer installed</bullet6>
    <bullet7>Stiffness:</bullet7>
    <bullet8>The relative durometer (stiffness) of the elastomer is denoted by number of dots printed on the elastomer</bullet8>
    <bullet9>Extra Soft — 1 Dot — Rider under 100 lb</bullet9>
    <bullet10>Soft — 2 Dots — Rider weight 100 lb - 150 lb</bullet10>
    <bullet11>Medium (installed from factory) — 3 Dots — Rider weight 150 lb - 200 lb</bullet11>
    <bullet12>Firm — 4 Dots — Rider weight 200 lb - 250 lb</bullet12>
    <bullet13>Extra Firm — 5 Dots — Rider weight 250 lb - 330 lb</bullet13>
    <bullet14/>
    <bullet15/>
    <bullet16/>
    <bullet17/>
    <bullet18/>
    <bullet19/>
    <bullet20/>
    <bullet21/>
    <bullet22/>
    <bullet23/>
    <bullet24/>
    <vendorPriceUpdateDate>2022-10-31 00:00:00</vendorPriceUpdateDate>
  </part>
</root>
