<root>
  <part>
    <partNumber>04300926</partNumber>
    <punctuatedPartNumber>0430-0926</punctuatedPartNumber>
    <partStatusDescription>DISCONTINUED</partStatusDescription>
    <partDescription>A-Arm - Right Upper - Semi-Gloss Black</partDescription>
    <unitOfMeasure>Each</unitOfMeasure>
    <brandName>SKINZ PROTECTIVE GEAR</brandName>
    <supplierNumber>PRAU225-BK</supplierNumber>
    <specialInstructions/>
    <baseDealerPrice>82.90</baseDealerPrice>
    <yourDealerPrice>82.90</yourDealerPrice>
    <baseRetailPrice>0.00</baseRetailPrice>
    <originalRetailPrice>183.94</originalRetailPrice>
    <partImage>http://asset.lemansnet.com/z/LzcvQi9ELzdCREM1NTMyLUNFQ0EtNEEzMC04Qjg5LUZGNUUyOTc0OTU1OA==</partImage>
    <productId>0066703194</productId>
    <productName>A-Arm</productName>
    <productImage>http://asset.lemansnet.com/z/L0EvRi82L0FGNkM5QzI1LTU1MjMtNEJBMC04MkM4LTQzNjE1QzRDRDEzQw==</productImage>
    <bullet1>Direct OEM replacement with no modifications needed</bullet1>
    <bullet2>Constructed from 4130 Chromalloy steel for strength and durability</bullet2>
    <bullet3>Comes with rod ends installed; uses OEM fastener hardware</bullet3>
    <bullet4/>
    <bullet5/>
    <bullet6/>
    <bullet7/>
    <bullet8/>
    <bullet9/>
    <bullet10/>
    <bullet11/>
    <bullet12/>
    <bullet13/>
    <bullet14/>
    <bullet15/>
    <bullet16/>
    <bullet17/>
    <bullet18/>
    <bullet19/>
    <bullet20/>
    <bullet21/>
    <bullet22/>
    <bullet23/>
    <bullet24/>
    <vendorPriceUpdateDate>2021-12-03 00:00:00</vendorPriceUpdateDate>
  </part>
  <part>
    <partNumber>04301038</partNumber>
    <punctuatedPartNumber>0430-1038</punctuatedPartNumber>
    <partStatusDescription>DISCONTINUED</partStatusDescription>
    <partDescription>A-Arm - Left Upper - Black Powdercoat</partDescription>
    <unitOfMeasure>Each</unitOfMeasure>
    <brandName>SKINZ PROTECTIVE GEAR</brandName>
    <supplierNumber>PLAU230-BK</supplierNumber>
    <specialInstructions/>
    <baseDealerPrice>82.90</baseDealerPrice>
    <yourDealerPrice>82.90</yourDealerPrice>
    <baseRetailPrice>0.00</baseRetailPrice>
    <originalRetailPrice>183.94</originalRetailPrice>
    <partImage>http://asset.lemansnet.com/z/LzAvRi9GLzBGRjdCQTVDLTQ1NzEtNEEwNS1CMkMwLUE1N0JBNjU4OUYwRg==</partImage>
    <productId>0066703194</productId>
    <productName>A-Arm</productName>
    <productImage>http://asset.lemansnet.com/z/L0EvRi82L0FGNkM5QzI1LTU1MjMtNEJBMC04MkM4LTQzNjE1QzRDRDEzQw==</productImage>
    <bullet1>Direct OEM replacement with no modifications needed</bullet1>
    <bullet2>Constructed from 4130 Chromalloy steel for strength and durability</bullet2>
    <bullet3>Comes with rod ends installed; uses OEM fastener hardware</bullet3>
    <bullet4/>
    <bullet5/>
    <bullet6/>
    <bullet7/>
    <bullet8/>
    <bullet9/>
    <bullet10/>
    <bullet11/>
    <bullet12/>
    <bullet13/>
    <bullet14/>
    <bullet15/>
    <bullet16/>
    <bullet17/>
    <bullet18/>
    <bullet19/>
    <bullet20/>
    <bullet21/>
    <bullet22/>
    <bullet23/>
    <bullet24/>
    <vendorPriceUpdateDate>2021-12-03 00:00:00</vendorPriceUpdateDate>
  </part>
  <part>
    <partNumber>05060404</partNumber>
    <punctuatedPartNumber>0506-0404</punctuatedPartNumber>
    <partStatusDescription>DISCONTINUED</partStatusDescription>
    <partDescription>Float Plate - Polaris</partDescription>
    <unitOfMeasure>Each</unitOfMeasure>
    <brandName>SKINZ PROTECTIVE GEAR</brandName>
    <supplierNumber>PFP200-BK</supplierNumber>
    <specialInstructions/>
    <baseDealerPrice>78.60</baseDealerPrice>
    <yourDealerPrice>78.60</yourDealerPrice>
    <baseRetailPrice>0.00</baseRetailPrice>
    <originalRetailPrice>182.79</originalRetailPrice>
    <partImage>http://asset.lemansnet.com/z/LzkvMy84LzkzODU3QjQ4LTU5MEQtNEMyMS05OUY0LTFDRkMzRUZGNTQ4OA==</partImage>
    <productId>1367981223</productId>
    <productName>Float Plate</productName>
    <productImage>http://asset.lemansnet.com/z/LzkvMy84LzkzODU3QjQ4LTU5MEQtNEMyMS05OUY0LTFDRkMzRUZGNTQ4OA==</productImage>
    <bullet1>Provides a substantial increase in flotation</bullet1>
    <bullet2>Constructed of highly-durable HMW-PE material</bullet2>
    <bullet3>Provides a thick puncture-resistant guard</bullet3>
    <bullet4>Works with all bumpers</bullet4>
    <bullet5>Made in the U.S.A.</bullet5>
    <bullet6/>
    <bullet7/>
    <bullet8/>
    <bullet9/>
    <bullet10/>
    <bullet11/>
    <bullet12/>
    <bullet13/>
    <bullet14/>
    <bullet15/>
    <bullet16/>
    <bullet17/>
    <bullet18/>
    <bullet19/>
    <bullet20/>
    <bullet21/>
    <bullet22/>
    <bullet23/>
    <bullet24/>
    <vendorPriceUpdateDate>2021-12-03 00:00:00</vendorPriceUpdateDate>
  </part>
  <part>
    <partNumber>05060764</partNumber>
    <punctuatedPartNumber>0506-0764</punctuatedPartNumber>
    <partStatusDescription>DISCONTINUED</partStatusDescription>
    <partDescription>Float Plate - Pro-RMK</partDescription>
    <unitOfMeasure>Each</unitOfMeasure>
    <brandName>SKINZ PROTECTIVE GEAR</brandName>
    <supplierNumber>PBP350-BK</supplierNumber>
    <specialInstructions/>
    <baseDealerPrice>48.27</baseDealerPrice>
    <yourDealerPrice>33.80</yourDealerPrice>
    <baseRetailPrice>0.00</baseRetailPrice>
    <originalRetailPrice>68.94</originalRetailPrice>
    <partImage>http://asset.lemansnet.com/z/LzUvMi9ELzUyRDQyMjM0LTZFN0QtNEE5OC05NDdCLUJDNTMxRkZCNjU4RA==</partImage>
    <productId>0294259384</productId>
    <productName>Bash Plate</productName>
    <productImage>http://asset.lemansnet.com/z/LzIvMy9DLzIzQ0E0MEU2LTU5OTUtNDE3QS1CQUEwLTkzMTA4OEU3NTREMw==</productImage>
    <bullet1>Belt drive bash plate fits with Skinz® float plate or OEM skid plate</bullet1>
    <bullet2>Made in the USA</bullet2>
    <bullet3/>
    <bullet4/>
    <bullet5/>
    <bullet6/>
    <bullet7/>
    <bullet8/>
    <bullet9/>
    <bullet10/>
    <bullet11/>
    <bullet12/>
    <bullet13/>
    <bullet14/>
    <bullet15/>
    <bullet16/>
    <bullet17/>
    <bullet18/>
    <bullet19/>
    <bullet20/>
    <bullet21/>
    <bullet22/>
    <bullet23/>
    <bullet24/>
    <vendorPriceUpdateDate>2021-12-03 00:00:00</vendorPriceUpdateDate>
  </part>
  <part>
    <partNumber>18410255</partNumber>
    <punctuatedPartNumber>1841-0255</punctuatedPartNumber>
    <partStatusDescription>DISCONTINUED</partStatusDescription>
    <partDescription>Hush Boxx Silencer</partDescription>
    <unitOfMeasure>Each</unitOfMeasure>
    <brandName>SKINZ PROTECTIVE GEAR</brandName>
    <supplierNumber>HB-2215CB</supplierNumber>
    <specialInstructions/>
    <baseDealerPrice>202.10</baseDealerPrice>
    <yourDealerPrice>202.10</yourDealerPrice>
    <baseRetailPrice>0.00</baseRetailPrice>
    <originalRetailPrice>448.44</originalRetailPrice>
    <partImage>http://asset.lemansnet.com/z/L0YvNC9BL0Y0QUU3MEQ3LTgzRjgtNDcxRi04QUNBLUU1QUJBOEU1MjVCNw==</partImage>
    <productId>1324901958</productId>
    <productName>Hush Boxx 88 Silencer</productName>
    <productImage>http://asset.lemansnet.com/z/L0YvNC9BL0Y0QUU3MEQ3LTgzRjgtNDcxRi04QUNBLUU1QUJBOEU1MjVCNw==</productImage>
    <bullet1>Very quiet silencer</bullet1>
    <bullet2>Durable steel welded construction</bullet2>
    <bullet3>CFM flow rates to match OEM flow rates for modern fuel injected engines</bullet3>
    <bullet4>Does not alter or diminish horsepower</bullet4>
    <bullet5>Significant weight reduction</bullet5>
    <bullet6>Easy installation - all parts included</bullet6>
    <bullet7/>
    <bullet8/>
    <bullet9/>
    <bullet10/>
    <bullet11/>
    <bullet12/>
    <bullet13/>
    <bullet14/>
    <bullet15/>
    <bullet16/>
    <bullet17/>
    <bullet18/>
    <bullet19/>
    <bullet20/>
    <bullet21/>
    <bullet22/>
    <bullet23/>
    <bullet24/>
    <vendorPriceUpdateDate>2021-12-03 00:00:00</vendorPriceUpdateDate>
  </part>
  <part>
    <partNumber>18410258</partNumber>
    <punctuatedPartNumber>1841-0258</punctuatedPartNumber>
    <partStatusDescription>DISCONTINUED</partStatusDescription>
    <partDescription>Hush Boxx Silencer</partDescription>
    <unitOfMeasure>Each</unitOfMeasure>
    <brandName>SKINZ PROTECTIVE GEAR</brandName>
    <supplierNumber>HB-4412CB</supplierNumber>
    <specialInstructions/>
    <baseDealerPrice>202.10</baseDealerPrice>
    <yourDealerPrice>202.10</yourDealerPrice>
    <baseRetailPrice>0.00</baseRetailPrice>
    <originalRetailPrice>448.44</originalRetailPrice>
    <partImage>http://asset.lemansnet.com/z/L0IvQi80L0JCNEYzNjJFLTJFQzEtNEY3QS05RDBCLTQ5RDBFOTcwNURGQQ==</partImage>
    <productId>1324901958</productId>
    <productName>Hush Boxx 88 Silencer</productName>
    <productImage>http://asset.lemansnet.com/z/L0YvNC9BL0Y0QUU3MEQ3LTgzRjgtNDcxRi04QUNBLUU1QUJBOEU1MjVCNw==</productImage>
    <bullet1>Very quiet silencer</bullet1>
    <bullet2>Durable steel welded construction</bullet2>
    <bullet3>CFM flow rates to match OEM flow rates for modern fuel injected engines</bullet3>
    <bullet4>Does not alter or diminish horsepower</bullet4>
    <bullet5>Significant weight reduction</bullet5>
    <bullet6>Easy installation - all parts included</bullet6>
    <bullet7/>
    <bullet8/>
    <bullet9/>
    <bullet10/>
    <bullet11/>
    <bullet12/>
    <bullet13/>
    <bullet14/>
    <bullet15/>
    <bullet16/>
    <bullet17/>
    <bullet18/>
    <bullet19/>
    <bullet20/>
    <bullet21/>
    <bullet22/>
    <bullet23/>
    <bullet24/>
    <vendorPriceUpdateDate>2021-12-03 00:00:00</vendorPriceUpdateDate>
  </part>
  <part>
    <partNumber>18410147</partNumber>
    <punctuatedPartNumber>1841-0147</punctuatedPartNumber>
    <partStatusDescription>DISCONTINUED</partStatusDescription>
    <partDescription>Ultra-Q Silencer</partDescription>
    <unitOfMeasure>Each</unitOfMeasure>
    <brandName>SKINZ PROTECTIVE GEAR</brandName>
    <supplierNumber>UQ-1118C</supplierNumber>
    <specialInstructions/>
    <baseDealerPrice>181.40</baseDealerPrice>
    <yourDealerPrice>181.40</yourDealerPrice>
    <baseRetailPrice>0.00</baseRetailPrice>
    <originalRetailPrice>402.44</originalRetailPrice>
    <partImage>http://asset.lemansnet.com/z/L0IvNy80L0I3NDQ1QTRFLUY5QzAtNDRCRC1BRUE0LTdBRjdGNEE3NDUyRQ==</partImage>
    <productId>1104334697</productId>
    <productName>Ultra-Q Performance Silencer</productName>
    <productImage>http://asset.lemansnet.com/z/LzIvMi8xLzIyMUQ5MzY4LTdGMkEtNDFCNi04MjU5LTZFMEVFNEQxRkI5RA==</productImage>
    <bullet1>Ultra-Q Performance Silencers boost performance while providing full, low modified sound; great for trails or populated areas</bullet1>
    <bullet2>Increased power-to-weight ratio</bullet2>
    <bullet3>Significant weight loss</bullet3>
    <bullet4>Easy installation - all parts included</bullet4>
    <bullet5>All with durable ceramic finish</bullet5>
    <bullet6>Made in the U.S.A.</bullet6>
    <bullet7/>
    <bullet8/>
    <bullet9/>
    <bullet10/>
    <bullet11/>
    <bullet12/>
    <bullet13/>
    <bullet14/>
    <bullet15/>
    <bullet16/>
    <bullet17/>
    <bullet18/>
    <bullet19/>
    <bullet20/>
    <bullet21/>
    <bullet22/>
    <bullet23/>
    <bullet24/>
    <vendorPriceUpdateDate>2021-12-03 00:00:00</vendorPriceUpdateDate>
  </part>
  <part>
    <partNumber>04300925</partNumber>
    <punctuatedPartNumber>0430-0925</punctuatedPartNumber>
    <partStatusDescription>DISCONTINUED</partStatusDescription>
    <partDescription>A-Arm - Left Upper - Semi-Gloss Black</partDescription>
    <unitOfMeasure>Each</unitOfMeasure>
    <brandName>SKINZ PROTECTIVE GEAR</brandName>
    <supplierNumber>PLAU225-BK</supplierNumber>
    <specialInstructions/>
    <baseDealerPrice>82.90</baseDealerPrice>
    <yourDealerPrice>82.90</yourDealerPrice>
    <baseRetailPrice>0.00</baseRetailPrice>
    <originalRetailPrice>183.94</originalRetailPrice>
    <partImage>http://asset.lemansnet.com/z/L0EvRi82L0FGNkM5QzI1LTU1MjMtNEJBMC04MkM4LTQzNjE1QzRDRDEzQw==</partImage>
    <productId>0066703194</productId>
    <productName>A-Arm</productName>
    <productImage>http://asset.lemansnet.com/z/L0EvRi82L0FGNkM5QzI1LTU1MjMtNEJBMC04MkM4LTQzNjE1QzRDRDEzQw==</productImage>
    <bullet1>Direct OEM replacement with no modifications needed</bullet1>
    <bullet2>Constructed from 4130 Chromalloy steel for strength and durability</bullet2>
    <bullet3>Comes with rod ends installed; uses OEM fastener hardware</bullet3>
    <bullet4/>
    <bullet5/>
    <bullet6/>
    <bullet7/>
    <bullet8/>
    <bullet9/>
    <bullet10/>
    <bullet11/>
    <bullet12/>
    <bullet13/>
    <bullet14/>
    <bullet15/>
    <bullet16/>
    <bullet17/>
    <bullet18/>
    <bullet19/>
    <bullet20/>
    <bullet21/>
    <bullet22/>
    <bullet23/>
    <bullet24/>
    <vendorPriceUpdateDate>2021-12-03 00:00:00</vendorPriceUpdateDate>
  </part>
  <part>
    <partNumber>35160212</partNumber>
    <punctuatedPartNumber>3516-0212</punctuatedPartNumber>
    <partStatusDescription>DISCONTINUED</partStatusDescription>
    <partDescription>Polaris Tunnel Pak</partDescription>
    <unitOfMeasure>Each</unitOfMeasure>
    <brandName>SKINZ PROTECTIVE GEAR</brandName>
    <supplierNumber>PTP340-BK</supplierNumber>
    <specialInstructions/>
    <baseDealerPrice>79.40</baseDealerPrice>
    <yourDealerPrice>79.40</yourDealerPrice>
    <baseRetailPrice>0.00</baseRetailPrice>
    <originalRetailPrice>189.69</originalRetailPrice>
    <partImage>http://asset.lemansnet.com/z/LzYvNi8xLzY2MTJBMEM1LUFCQjMtNDZFQS1BQUQ5LTc0NjBDMDdDRTM5Mg==</partImage>
    <productId>1605249378</productId>
    <productName>Polaris Tunnel Pak</productName>
    <productImage>http://asset.lemansnet.com/z/LzcvNi82Lzc2NjM1RkIwLTczRDMtNEE1RS04MzFCLTc0N0Q4QzQ0RjQxRA==</productImage>
    <bullet1>Specific-fit paks feature a reflective stripe, water-resistant zipper pulls and shock cord tighteners</bullet1>
    <bullet2>Extremely durable urethane coated, water-resistant paks are removable for overnight trips</bullet2>
    <bullet3>PowderPak is a universal fit and features waterproof material for added durability</bullet3>
    <bullet4>Available in black</bullet4>
    <bullet5>Made in the U.S.A.</bullet5>
    <bullet6/>
    <bullet7/>
    <bullet8/>
    <bullet9/>
    <bullet10/>
    <bullet11/>
    <bullet12/>
    <bullet13/>
    <bullet14/>
    <bullet15/>
    <bullet16/>
    <bullet17/>
    <bullet18/>
    <bullet19/>
    <bullet20/>
    <bullet21/>
    <bullet22/>
    <bullet23/>
    <bullet24/>
    <vendorPriceUpdateDate>2021-12-03 00:00:00</vendorPriceUpdateDate>
  </part>
  <part>
    <partNumber>35600007</partNumber>
    <punctuatedPartNumber>3560-0007</punctuatedPartNumber>
    <partStatusDescription>DISCONTINUED</partStatusDescription>
    <partDescription>Fender Pack - Rear</partDescription>
    <unitOfMeasure>Each</unitOfMeasure>
    <brandName>SKINZ PROTECTIVE GEAR</brandName>
    <supplierNumber>CRFP300-BK</supplierNumber>
    <specialInstructions/>
    <baseDealerPrice>72.42</baseDealerPrice>
    <yourDealerPrice>46.60</yourDealerPrice>
    <baseRetailPrice>0.00</baseRetailPrice>
    <originalRetailPrice>103.44</originalRetailPrice>
    <partImage>http://asset.lemansnet.com/z/LzYvNy8zLzY3Mzg3Mjk5LThENTYtNEE1Ni04NEJBLUFDNjEyQTlDMzM4QywvNi9FLzIvNkUyNDFBQUItOEQyNC00ODcyLUFCRkMtMTBCOTg1NUI3QkVD</partImage>
    <productId>1079155043</productId>
    <productName>Snowbike Fender Pak — Rear</productName>
    <productImage>http://asset.lemansnet.com/z/LzYvRS8yLzZFMjQxQUFCLThEMjQtNDg3Mi1BQkZDLTEwQjk4NTVCN0JFQw==</productImage>
    <bullet1>Good option for carrying safety items or tools</bullet1>
    <bullet2>Versatile mounting system for a variety of applications</bullet2>
    <bullet3>Shock cord tensioning for additional storage</bullet3>
    <bullet4>Constructed with heavy-duty 18oz. vinyl and Tuff mesh</bullet4>
    <bullet5>Bolt-on mounting system Includes rubber washers for waterproofing</bullet5>
    <bullet6>Drilling required</bullet6>
    <bullet7/>
    <bullet8/>
    <bullet9/>
    <bullet10/>
    <bullet11/>
    <bullet12/>
    <bullet13/>
    <bullet14/>
    <bullet15/>
    <bullet16/>
    <bullet17/>
    <bullet18/>
    <bullet19/>
    <bullet20/>
    <bullet21/>
    <bullet22/>
    <bullet23/>
    <bullet24/>
    <vendorPriceUpdateDate>2021-12-03 00:00:00</vendorPriceUpdateDate>
  </part>
  <part>
    <partNumber>35600008</partNumber>
    <punctuatedPartNumber>3560-0008</punctuatedPartNumber>
    <partStatusDescription>DISCONTINUED</partStatusDescription>
    <partDescription>Universal Snowbike Tunnel Pak</partDescription>
    <unitOfMeasure>Each</unitOfMeasure>
    <brandName>SKINZ PROTECTIVE GEAR</brandName>
    <supplierNumber>SBTP850-BK</supplierNumber>
    <specialInstructions/>
    <baseDealerPrice>129.97</baseDealerPrice>
    <yourDealerPrice>91.00</yourDealerPrice>
    <baseRetailPrice>0.00</baseRetailPrice>
    <originalRetailPrice>218.44</originalRetailPrice>
    <partImage>http://asset.lemansnet.com/z/L0YvNC83L0Y0NzBEQkNBLUM0QkUtNDJGRi1BOUMyLTU3NjgyMzgwNjk4MCwvNS84LzMvNTgzNUMzRTAtQUY1NS00QTNGLUI1QkYtNkY0MTIwNjhCMTlE</partImage>
    <productId>0772374822</productId>
    <productName>Universal Snowbike Tunnel Pak</productName>
    <productImage>http://asset.lemansnet.com/z/LzYvOC9FLzY4RTk0QUZELUM0MjUtNDRGOS1CMTY4LTVENzlFMDdEMEZBOQ==</productImage>
    <bullet1>Snowbike pak is mounted to a raised plastic formed base and constructed from water-resistant, formed materials</bullet1>
    <bullet2/>
    <bullet3/>
    <bullet4/>
    <bullet5/>
    <bullet6/>
    <bullet7/>
    <bullet8/>
    <bullet9/>
    <bullet10/>
    <bullet11/>
    <bullet12/>
    <bullet13/>
    <bullet14/>
    <bullet15/>
    <bullet16/>
    <bullet17/>
    <bullet18/>
    <bullet19/>
    <bullet20/>
    <bullet21/>
    <bullet22/>
    <bullet23/>
    <bullet24/>
    <vendorPriceUpdateDate>2021-12-03 00:00:00</vendorPriceUpdateDate>
  </part>
</root>
