<root>
  <part>
    <partNumber>03600003</partNumber>
    <punctuatedPartNumber>0360-0003</punctuatedPartNumber>
    <partStatusDescription>STANDARD</partStatusDescription>
    <partDescription>Valve Stem - Pull-In - Black</partDescription>
    <unitOfMeasure>10 Pack</unitOfMeasure>
    <brandName>DILL AIR CONTROLS</brandName>
    <supplierNumber>TR-412WZ</supplierNumber>
    <specialInstructions/>
    <baseDealerPrice>10.50</baseDealerPrice>
    <yourDealerPrice>10.50</yourDealerPrice>
    <baseRetailPrice>4.95</baseRetailPrice>
    <originalRetailPrice>3.95</originalRetailPrice>
    <partImage>http://asset.lemansnet.com/z/LzcvOS80Lzc5NEIxOTkwLTcyQjAtNEM2Ri05NjgxLTE1RDNBQ0Q2RERCNg==</partImage>
    <productId>1988808148</productId>
    <productName>Valve Stem Assembly</productName>
    <productImage>http://asset.lemansnet.com/z/LzkvNC9ELzk0RDk0QjkxLUU4QUYtNEYzNy1CRjhCLUM3QTk0NDNEMkNGRA==</productImage>
    <bullet1>Conventional pull-in TR-4 valve stem assemblies</bullet1>
    <bullet2/>
    <bullet3/>
    <bullet4/>
    <bullet5/>
    <bullet6/>
    <bullet7/>
    <bullet8/>
    <bullet9/>
    <bullet10/>
    <bullet11/>
    <bullet12/>
    <bullet13/>
    <bullet14/>
    <bullet15/>
    <bullet16/>
    <bullet17/>
    <bullet18/>
    <bullet19/>
    <bullet20/>
    <bullet21/>
    <bullet22/>
    <bullet23/>
    <bullet24/>
    <vendorPriceUpdateDate>2023-04-22 00:00:00</vendorPriceUpdateDate>
  </part>
  <part>
    <partNumber>03600005</partNumber>
    <punctuatedPartNumber>0360-0005</punctuatedPartNumber>
    <partStatusDescription>STANDARD</partStatusDescription>
    <partDescription>Valve Stem - Pull-In - Black</partDescription>
    <unitOfMeasure>10 Pack</unitOfMeasure>
    <brandName>DILL AIR CONTROLS</brandName>
    <supplierNumber>TR-413WZ</supplierNumber>
    <specialInstructions/>
    <baseDealerPrice>10.80</baseDealerPrice>
    <yourDealerPrice>10.80</yourDealerPrice>
    <baseRetailPrice>4.95</baseRetailPrice>
    <originalRetailPrice>3.95</originalRetailPrice>
    <partImage>http://asset.lemansnet.com/z/LzQvNC9GLzQ0RjNENTU4LTIxNEQtNDRCNy1BRjIyLURCODFEMUUwMkI3MCwvQi8zLzAvQjMwM0NCN0ItNTlCOC00NUQ3LTgzNUEtNTVGRTVEODk5RjI5</partImage>
    <productId>1988808148</productId>
    <productName>Valve Stem Assembly</productName>
    <productImage>http://asset.lemansnet.com/z/LzkvNC9ELzk0RDk0QjkxLUU4QUYtNEYzNy1CRjhCLUM3QTk0NDNEMkNGRA==</productImage>
    <bullet1>Conventional pull-in TR-4 valve stem assemblies</bullet1>
    <bullet2/>
    <bullet3/>
    <bullet4/>
    <bullet5/>
    <bullet6/>
    <bullet7/>
    <bullet8/>
    <bullet9/>
    <bullet10/>
    <bullet11/>
    <bullet12/>
    <bullet13/>
    <bullet14/>
    <bullet15/>
    <bullet16/>
    <bullet17/>
    <bullet18/>
    <bullet19/>
    <bullet20/>
    <bullet21/>
    <bullet22/>
    <bullet23/>
    <bullet24/>
    <vendorPriceUpdateDate>2023-04-22 00:00:00</vendorPriceUpdateDate>
  </part>
  <part>
    <partNumber>03600006</partNumber>
    <punctuatedPartNumber>0360-0006</punctuatedPartNumber>
    <partStatusDescription>STANDARD</partStatusDescription>
    <partDescription>Valve Stem - Pull-In - Black/Chrome</partDescription>
    <unitOfMeasure>10 Pack</unitOfMeasure>
    <brandName>DILL AIR CONTROLS</brandName>
    <supplierNumber>TR-413WZS</supplierNumber>
    <specialInstructions/>
    <baseDealerPrice>16.30</baseDealerPrice>
    <yourDealerPrice>16.30</yourDealerPrice>
    <baseRetailPrice>5.95</baseRetailPrice>
    <originalRetailPrice>4.95</originalRetailPrice>
    <partImage>http://asset.lemansnet.com/z/LzEvNi9CLzE2QkQ3NDNCLUI2M0MtNEU1NC1CQjdBLTBCMUJGNDM1QTBGQQ==</partImage>
    <productId>1988808148</productId>
    <productName>Valve Stem Assembly</productName>
    <productImage>http://asset.lemansnet.com/z/LzkvNC9ELzk0RDk0QjkxLUU4QUYtNEYzNy1CRjhCLUM3QTk0NDNEMkNGRA==</productImage>
    <bullet1>Conventional pull-in TR-4 valve stem assemblies</bullet1>
    <bullet2/>
    <bullet3/>
    <bullet4/>
    <bullet5/>
    <bullet6/>
    <bullet7/>
    <bullet8/>
    <bullet9/>
    <bullet10/>
    <bullet11/>
    <bullet12/>
    <bullet13/>
    <bullet14/>
    <bullet15/>
    <bullet16/>
    <bullet17/>
    <bullet18/>
    <bullet19/>
    <bullet20/>
    <bullet21/>
    <bullet22/>
    <bullet23/>
    <bullet24/>
    <vendorPriceUpdateDate>2023-04-22 00:00:00</vendorPriceUpdateDate>
  </part>
  <part>
    <partNumber>03650002</partNumber>
    <punctuatedPartNumber>0365-0002</punctuatedPartNumber>
    <partStatusDescription>STANDARD</partStatusDescription>
    <partDescription>Valve Stem Puller</partDescription>
    <unitOfMeasure>Each</unitOfMeasure>
    <brandName>DILL AIR CONTROLS</brandName>
    <supplierNumber>5407</supplierNumber>
    <specialInstructions/>
    <baseDealerPrice>12.50</baseDealerPrice>
    <yourDealerPrice>12.50</yourDealerPrice>
    <baseRetailPrice>19.95</baseRetailPrice>
    <originalRetailPrice>19.95</originalRetailPrice>
    <partImage>http://asset.lemansnet.com/z/LzcvNy81Lzc3NTU0N0FBLTg0NDAtNDM1NS04MzE4LTYzMjBERENCMjc4NA==</partImage>
    <productId>1294813959</productId>
    <productName>Valve Stem Puller</productName>
    <productImage>http://asset.lemansnet.com/z/LzcvNy81Lzc3NTU0N0FBLTg0NDAtNDM1NS04MzE4LTYzMjBERENCMjc4NA==</productImage>
    <bullet1>Quickly install snap-in valve stems by applying pulling pressure</bullet1>
    <bullet2>Rugged tool handles any length valve in any size of rim</bullet2>
    <bullet3>Screws over valve threads</bullet3>
    <bullet4/>
    <bullet5/>
    <bullet6/>
    <bullet7/>
    <bullet8/>
    <bullet9/>
    <bullet10/>
    <bullet11/>
    <bullet12/>
    <bullet13/>
    <bullet14/>
    <bullet15/>
    <bullet16/>
    <bullet17/>
    <bullet18/>
    <bullet19/>
    <bullet20/>
    <bullet21/>
    <bullet22/>
    <bullet23/>
    <bullet24/>
    <vendorPriceUpdateDate>2021-06-17 00:00:00</vendorPriceUpdateDate>
  </part>
  <part>
    <partNumber>03600004</partNumber>
    <punctuatedPartNumber>0360-0004</punctuatedPartNumber>
    <partStatusDescription>STANDARD</partStatusDescription>
    <partDescription>Valve Stem - Pull-In - Black/Chrome</partDescription>
    <unitOfMeasure>10 Pack</unitOfMeasure>
    <brandName>DILL AIR CONTROLS</brandName>
    <supplierNumber>TR-412WZS</supplierNumber>
    <specialInstructions/>
    <baseDealerPrice>15.00</baseDealerPrice>
    <yourDealerPrice>15.00</yourDealerPrice>
    <baseRetailPrice>5.95</baseRetailPrice>
    <originalRetailPrice>4.95</originalRetailPrice>
    <partImage>http://asset.lemansnet.com/z/LzkvNC9ELzk0RDk0QjkxLUU4QUYtNEYzNy1CRjhCLUM3QTk0NDNEMkNGRCwvNy82LzUvNzY1RTY0OEYtMEVEOS00NjNCLUE0QUUtOTc4RUQwNkI0MENE</partImage>
    <productId>1988808148</productId>
    <productName>Valve Stem Assembly</productName>
    <productImage>http://asset.lemansnet.com/z/LzkvNC9ELzk0RDk0QjkxLUU4QUYtNEYzNy1CRjhCLUM3QTk0NDNEMkNGRA==</productImage>
    <bullet1>Conventional pull-in TR-4 valve stem assemblies</bullet1>
    <bullet2/>
    <bullet3/>
    <bullet4/>
    <bullet5/>
    <bullet6/>
    <bullet7/>
    <bullet8/>
    <bullet9/>
    <bullet10/>
    <bullet11/>
    <bullet12/>
    <bullet13/>
    <bullet14/>
    <bullet15/>
    <bullet16/>
    <bullet17/>
    <bullet18/>
    <bullet19/>
    <bullet20/>
    <bullet21/>
    <bullet22/>
    <bullet23/>
    <bullet24/>
    <vendorPriceUpdateDate>2023-04-22 00:00:00</vendorPriceUpdateDate>
  </part>
  <part>
    <partNumber>03600047</partNumber>
    <punctuatedPartNumber>0360-0047</punctuatedPartNumber>
    <partStatusDescription>STANDARD</partStatusDescription>
    <partDescription>Valve Stem - Straight - Chrome</partDescription>
    <unitOfMeasure>10 Pack</unitOfMeasure>
    <brandName>DILL AIR CONTROLS</brandName>
    <supplierNumber>VS-1218</supplierNumber>
    <specialInstructions>SOLD TO DEALER AS 10PK 02DLW</specialInstructions>
    <baseDealerPrice>40.40</baseDealerPrice>
    <yourDealerPrice>40.40</yourDealerPrice>
    <baseRetailPrice>7.95</baseRetailPrice>
    <originalRetailPrice>7.95</originalRetailPrice>
    <partImage>http://asset.lemansnet.com/z/LzEvQi9ELzFCRDY2NjQ3LUVEMzctNEM0OS05MERFLUVGNTMxRjI4N0ZFNg==</partImage>
    <productId>1012569895</productId>
    <productName>Valve Stem Assembly</productName>
    <productImage>http://asset.lemansnet.com/z/LzEvQi9ELzFCRDY2NjQ3LUVEMzctNEM0OS05MERFLUVGNTMxRjI4N0ZFNg==</productImage>
    <bullet1>Made from high-quality materials for durability</bullet1>
    <bullet2>Rubber O-ring seal</bullet2>
    <bullet3>Made in the U.S.A.</bullet3>
    <bullet4/>
    <bullet5/>
    <bullet6/>
    <bullet7/>
    <bullet8/>
    <bullet9/>
    <bullet10/>
    <bullet11/>
    <bullet12/>
    <bullet13/>
    <bullet14/>
    <bullet15/>
    <bullet16/>
    <bullet17/>
    <bullet18/>
    <bullet19/>
    <bullet20/>
    <bullet21/>
    <bullet22/>
    <bullet23/>
    <bullet24/>
    <vendorPriceUpdateDate>2023-04-22 00:00:00</vendorPriceUpdateDate>
  </part>
  <part>
    <partNumber>38100085</partNumber>
    <punctuatedPartNumber>3810-0085</punctuatedPartNumber>
    <partStatusDescription>STANDARD</partStatusDescription>
    <partDescription>Tire Gauge - 5-50 PSI</partDescription>
    <unitOfMeasure>Each</unitOfMeasure>
    <brandName>DILL AIR CONTROLS</brandName>
    <supplierNumber>7240</supplierNumber>
    <specialInstructions/>
    <baseDealerPrice>6.30</baseDealerPrice>
    <yourDealerPrice>6.30</yourDealerPrice>
    <baseRetailPrice>9.95</baseRetailPrice>
    <originalRetailPrice>9.95</originalRetailPrice>
    <partImage>http://asset.lemansnet.com/z/LzcvNS82Lzc1NkMyQjk4LTlDRUQtNEQzMy04NEJGLTkyM0Q1NjMwQTQxMA==</partImage>
    <productId>0165929009</productId>
    <productName>90° Degree Air Gauge</productName>
    <productImage>http://asset.lemansnet.com/z/LzcvNS82Lzc1NkMyQjk4LTlDRUQtNEQzMy04NEJGLTkyM0Q1NjMwQTQxMA==</productImage>
    <bullet1>90° angle allows for easier valve stem access and better connection for accurate readings, especially on many hard to reach rear wheels</bullet1>
    <bullet2>Designed for frequent shop use</bullet2>
    <bullet3/>
    <bullet4/>
    <bullet5/>
    <bullet6/>
    <bullet7/>
    <bullet8/>
    <bullet9/>
    <bullet10/>
    <bullet11/>
    <bullet12/>
    <bullet13/>
    <bullet14/>
    <bullet15/>
    <bullet16/>
    <bullet17/>
    <bullet18/>
    <bullet19/>
    <bullet20/>
    <bullet21/>
    <bullet22/>
    <bullet23/>
    <bullet24/>
    <vendorPriceUpdateDate>2021-06-17 00:00:00</vendorPriceUpdateDate>
  </part>
  <part>
    <partNumber>38100060</partNumber>
    <punctuatedPartNumber>3810-0060</punctuatedPartNumber>
    <partStatusDescription>STANDARD</partStatusDescription>
    <partDescription>Gauge - Tire Tread Depth</partDescription>
    <unitOfMeasure>10 Pack</unitOfMeasure>
    <brandName>DILL AIR CONTROLS</brandName>
    <supplierNumber>5124</supplierNumber>
    <specialInstructions/>
    <baseDealerPrice>24.20</baseDealerPrice>
    <yourDealerPrice>24.20</yourDealerPrice>
    <baseRetailPrice>5.95</baseRetailPrice>
    <originalRetailPrice>4.95</originalRetailPrice>
    <partImage>http://asset.lemansnet.com/z/LzQvNC9GLzQ0RjQyRTY5LTBBNzUtNEJCNC1CMEE0LUI1NjI5RTFFMzkzMw==</partImage>
    <productId>1642652412</productId>
    <productName>Tread Depth Tire Gauge</productName>
    <productImage>http://asset.lemansnet.com/z/LzQvNC9GLzQ0RjQyRTY5LTBBNzUtNEJCNC1CMEE0LUI1NjI5RTFFMzkzMw==</productImage>
    <bullet1>Gauge visually displays when tires should be replaced due to tread wear</bullet1>
    <bullet2/>
    <bullet3/>
    <bullet4/>
    <bullet5/>
    <bullet6/>
    <bullet7/>
    <bullet8/>
    <bullet9/>
    <bullet10/>
    <bullet11/>
    <bullet12/>
    <bullet13/>
    <bullet14/>
    <bullet15/>
    <bullet16/>
    <bullet17/>
    <bullet18/>
    <bullet19/>
    <bullet20/>
    <bullet21/>
    <bullet22/>
    <bullet23/>
    <bullet24/>
    <vendorPriceUpdateDate>2023-04-22 00:00:00</vendorPriceUpdateDate>
  </part>
  <part>
    <partNumber>38100091</partNumber>
    <punctuatedPartNumber>3810-0091</punctuatedPartNumber>
    <partStatusDescription>STANDARD</partStatusDescription>
    <partDescription>Air Chuck</partDescription>
    <unitOfMeasure>Each</unitOfMeasure>
    <brandName>DILL AIR CONTROLS</brandName>
    <supplierNumber>6290</supplierNumber>
    <specialInstructions/>
    <baseDealerPrice>12.90</baseDealerPrice>
    <yourDealerPrice>12.90</yourDealerPrice>
    <baseRetailPrice>18.99</baseRetailPrice>
    <originalRetailPrice>18.99</originalRetailPrice>
    <partImage>http://asset.lemansnet.com/z/LzUvOS8yLzU5MjNFMTFELTAzMTUtNDRDNy1BQTlCLUU3QUQyNjkyRjJDRQ==</partImage>
    <productId>1363192271</productId>
    <productName>Air Chuck</productName>
    <productImage>http://asset.lemansnet.com/z/LzUvOS8yLzU5MjNFMTFELTAzMTUtNDRDNy1BQTlCLUU3QUQyNjkyRjJDRQ==</productImage>
    <bullet1>90° angle with 1/4" NPT female inlet allows for easy connection to hard-to-reach tire valves</bullet1>
    <bullet2>Chuck is designed to help clear and avoid contact with potentially hot brake rotors</bullet2>
    <bullet3>NPT female inlet fits most common air hose couplers and fitting</bullet3>
    <bullet4>Rubber grip allows for sure handling of air chuck</bullet4>
    <bullet5/>
    <bullet6/>
    <bullet7/>
    <bullet8/>
    <bullet9/>
    <bullet10/>
    <bullet11/>
    <bullet12/>
    <bullet13/>
    <bullet14/>
    <bullet15/>
    <bullet16/>
    <bullet17/>
    <bullet18/>
    <bullet19/>
    <bullet20/>
    <bullet21/>
    <bullet22/>
    <bullet23/>
    <bullet24/>
    <vendorPriceUpdateDate>2021-06-17 00:00:00</vendorPriceUpdateDate>
  </part>
  <part>
    <partNumber>38100080</partNumber>
    <punctuatedPartNumber>3810-0080</punctuatedPartNumber>
    <partStatusDescription>STANDARD</partStatusDescription>
    <partDescription>Gauge - Digital - Tread Depth</partDescription>
    <unitOfMeasure>Each</unitOfMeasure>
    <brandName>DILL AIR CONTROLS</brandName>
    <supplierNumber>5800</supplierNumber>
    <specialInstructions/>
    <baseDealerPrice>13.40</baseDealerPrice>
    <yourDealerPrice>13.40</yourDealerPrice>
    <baseRetailPrice>18.95</baseRetailPrice>
    <originalRetailPrice>17.95</originalRetailPrice>
    <partImage>http://asset.lemansnet.com/z/L0QvRi8zL0RGMzcyNzRDLTdDMzYtNEU0MS04RTY5LUYwMDQ1MTZFQjY5NQ==</partImage>
    <productId>0154010610</productId>
    <productName>Digital Tread Depth Gauge</productName>
    <productImage>http://asset.lemansnet.com/z/L0QvRi8zL0RGMzcyNzRDLTdDMzYtNEU0MS04RTY5LUYwMDQ1MTZFQjY5NQ==</productImage>
    <bullet1>The LCD display is in 1/32" increments so it makes switching from traditional mechanical gauge simple</bullet1>
    <bullet2>The zero function allows you to zero gauge at any point making readings quick and extremely accurate</bullet2>
    <bullet3>Tread depth can be measured in millimeters, inches, and fractions</bullet3>
    <bullet4/>
    <bullet5/>
    <bullet6/>
    <bullet7/>
    <bullet8/>
    <bullet9/>
    <bullet10/>
    <bullet11/>
    <bullet12/>
    <bullet13/>
    <bullet14/>
    <bullet15/>
    <bullet16/>
    <bullet17/>
    <bullet18/>
    <bullet19/>
    <bullet20/>
    <bullet21/>
    <bullet22/>
    <bullet23/>
    <bullet24/>
    <vendorPriceUpdateDate>2021-06-17 00:00:00</vendorPriceUpdateDate>
  </part>
  <part>
    <partNumber>03630074</partNumber>
    <punctuatedPartNumber>0363-0074</punctuatedPartNumber>
    <partStatusDescription>STANDARD</partStatusDescription>
    <partDescription>Tire Gauge - Back-Light</partDescription>
    <unitOfMeasure>Each</unitOfMeasure>
    <brandName>DILL AIR CONTROLS</brandName>
    <supplierNumber>5988</supplierNumber>
    <specialInstructions/>
    <baseDealerPrice>12.70</baseDealerPrice>
    <yourDealerPrice>12.70</yourDealerPrice>
    <baseRetailPrice>19.95</baseRetailPrice>
    <originalRetailPrice>17.95</originalRetailPrice>
    <partImage>http://asset.lemansnet.com/z/LzUvNC8yLzU0MjkxODFELUMyOTktNEIwMy04ODQwLThFRTA4MTc4QzY0RQ==</partImage>
    <productId>1727100754</productId>
    <productName>Digital Tire Gauge</productName>
    <productImage>http://asset.lemansnet.com/z/LzUvNC8yLzU0MjkxODFELUMyOTktNEIwMy04ODQwLThFRTA4MTc4QzY0RQ==</productImage>
    <bullet1>Front light to locate valve</bullet1>
    <bullet2>Back-lit display screen</bullet2>
    <bullet3>PSI,Bar, and kPa units</bullet3>
    <bullet4>Replaceable batteries</bullet4>
    <bullet5>Automatic shutoff</bullet5>
    <bullet6/>
    <bullet7/>
    <bullet8/>
    <bullet9/>
    <bullet10/>
    <bullet11/>
    <bullet12/>
    <bullet13/>
    <bullet14/>
    <bullet15/>
    <bullet16/>
    <bullet17/>
    <bullet18/>
    <bullet19/>
    <bullet20/>
    <bullet21/>
    <bullet22/>
    <bullet23/>
    <bullet24/>
    <vendorPriceUpdateDate>2022-08-04 00:00:00</vendorPriceUpdateDate>
  </part>
</root>
