<root>
  <part>
    <partNumber>21200355</partNumber>
    <punctuatedPartNumber>2120-0355</punctuatedPartNumber>
    <partStatusDescription>STANDARD</partStatusDescription>
    <partDescription>DC Outlet Adapter</partDescription>
    <unitOfMeasure>Each</unitOfMeasure>
    <brandName>DC ADAPTER</brandName>
    <supplierNumber>DC OUTLET</supplierNumber>
    <specialInstructions/>
    <baseDealerPrice>11.20</baseDealerPrice>
    <yourDealerPrice>11.20</yourDealerPrice>
    <baseRetailPrice>17.95</baseRetailPrice>
    <originalRetailPrice>14.95</originalRetailPrice>
    <partImage>http://asset.lemansnet.com/z/LzEvQy8yLzFDMkQwNjM5LTdDQUQtNEUxMi1CQzJGLTIzQTg0MjlDODQ3Nw==</partImage>
    <productId>1624399620</productId>
    <productName>Deluxe Heated Face Shield Adapter</productName>
    <productImage>http://asset.lemansnet.com/z/LzEvQy8yLzFDMkQwNjM5LTdDQUQtNEUxMi1CQzJGLTIzQTg0MjlDODQ3Nw==</productImage>
    <bullet1>Features an indicator light and quickly adapts a heated shield cord to the sled's accessory outlet</bullet1>
    <bullet2>Uses RCA-type plug connector common on most electric shields and other accessories</bullet2>
    <bullet3/>
    <bullet4/>
    <bullet5/>
    <bullet6/>
    <bullet7/>
    <bullet8/>
    <bullet9/>
    <bullet10/>
    <bullet11/>
    <bullet12/>
    <bullet13/>
    <bullet14/>
    <bullet15/>
    <bullet16/>
    <bullet17/>
    <bullet18/>
    <bullet19/>
    <bullet20/>
    <bullet21/>
    <bullet22/>
    <bullet23/>
    <bullet24/>
    <vendorPriceUpdateDate>2022-03-31 00:00:00</vendorPriceUpdateDate>
  </part>
</root>
