<root>
  <part>
    <partNumber>04500385</partNumber>
    <punctuatedPartNumber>0450-0385</punctuatedPartNumber>
    <partStatusDescription>STANDARD</partStatusDescription>
    <partDescription>Edge Series Steering Wheel - Black Suede with Red Center Stripe</partDescription>
    <unitOfMeasure>Each</unitOfMeasure>
    <brandName>GRANT PRODUCTS</brandName>
    <supplierNumber>8521</supplierNumber>
    <specialInstructions>Discontinued Per Buyer</specialInstructions>
    <baseDealerPrice>83.90</baseDealerPrice>
    <yourDealerPrice>83.90</yourDealerPrice>
    <baseRetailPrice>119.95</baseRetailPrice>
    <originalRetailPrice>119.95</originalRetailPrice>
    <partImage>http://asset.lemansnet.com/z/L0QvMi8xL0QyMTFBMkJBLUJENDctNDAxMS05RThFLUJCOEZENzdGODhCMQ==</partImage>
    <productId>0865855461</productId>
    <productName>Steering Wheel</productName>
    <productImage>http://asset.lemansnet.com/z/LzEvNS83LzE1N0IyODI2LThERjYtNEE2Mi1COUI2LTQ4NTU5OTE3RjU2RA==</productImage>
    <bullet1>Full hoop construction</bullet1>
    <bullet2>Mount hub not included</bullet2>
    <bullet3/>
    <bullet4/>
    <bullet5/>
    <bullet6/>
    <bullet7/>
    <bullet8/>
    <bullet9/>
    <bullet10/>
    <bullet11/>
    <bullet12/>
    <bullet13/>
    <bullet14/>
    <bullet15/>
    <bullet16/>
    <bullet17/>
    <bullet18/>
    <bullet19/>
    <bullet20/>
    <bullet21/>
    <bullet22/>
    <bullet23/>
    <bullet24/>
    <vendorPriceUpdateDate>2017-11-14 00:00:00</vendorPriceUpdateDate>
  </part>
</root>
