<root>
  <part>
    <partNumber>05210020</partNumber>
    <punctuatedPartNumber>0521-0020</punctuatedPartNumber>
    <partStatusDescription>STANDARD</partStatusDescription>
    <partDescription>Flag and Pole - 8' White Pole - 5 Pack</partDescription>
    <unitOfMeasure>5 Pack</unitOfMeasure>
    <brandName>SAFETY VEHICLE EMBLEM</brandName>
    <supplierNumber>8B WHITE</supplierNumber>
    <specialInstructions/>
    <baseDealerPrice>68.30</baseDealerPrice>
    <yourDealerPrice>68.30</yourDealerPrice>
    <baseRetailPrice>20.95</baseRetailPrice>
    <originalRetailPrice>17.95</originalRetailPrice>
    <partImage>http://asset.lemansnet.com/z/L0MvNS9GL0M1RkYzNUYwLUY4M0EtNDlGNi04OEFFLTNDMURENDhCQ0E2MA==</partImage>
    <productId>1022628532</productId>
    <productName>Flag with Fiberglass Pole</productName>
    <productImage>http://asset.lemansnet.com/z/L0MvNS9GL0M1RkYzNUYwLUY4M0EtNDlGNi04OEFFLTNDMURENDhCQ0E2MA==</productImage>
    <bullet1>1/4" fiberglass pole with special 1/2" mounting bolt</bullet1>
    <bullet2>Individually packaged in bags of five</bullet2>
    <bullet3>Optional steel spring attachment for 1/4" fiberglass poles sold separately - see Related Products</bullet3>
    <bullet4/>
    <bullet5/>
    <bullet6/>
    <bullet7/>
    <bullet8/>
    <bullet9/>
    <bullet10/>
    <bullet11/>
    <bullet12/>
    <bullet13/>
    <bullet14/>
    <bullet15/>
    <bullet16/>
    <bullet17/>
    <bullet18/>
    <bullet19/>
    <bullet20/>
    <bullet21/>
    <bullet22/>
    <bullet23/>
    <bullet24/>
    <vendorPriceUpdateDate>2023-04-22 00:00:00</vendorPriceUpdateDate>
  </part>
  <part>
    <partNumber>05210874</partNumber>
    <punctuatedPartNumber>0521-0874</punctuatedPartNumber>
    <partStatusDescription>STANDARD</partStatusDescription>
    <partDescription>Spring Attachment - 1/4" Pole</partDescription>
    <unitOfMeasure>Each</unitOfMeasure>
    <brandName>SAFETY VEHICLE EMBLEM</brandName>
    <supplierNumber>.25SA</supplierNumber>
    <specialInstructions/>
    <baseDealerPrice>28.90</baseDealerPrice>
    <yourDealerPrice>28.90</yourDealerPrice>
    <baseRetailPrice>44.95</baseRetailPrice>
    <originalRetailPrice>37.95</originalRetailPrice>
    <partImage>http://asset.lemansnet.com/z/LzgvOS82Lzg5NjFFRjNFLTdFNTAtNDZGNS1CQzMzLUUyOERGMzVEMjY2MQ==</partImage>
    <productId>0208652216</productId>
    <productName>Safety Flag Spring</productName>
    <productImage>http://asset.lemansnet.com/z/LzgvOS82Lzg5NjFFRjNFLTdFNTAtNDZGNS1CQzMzLUUyOERGMzVEMjY2MQ==</productImage>
    <bullet1>Steel spring attachment for 1/4" fiberglass poles</bullet1>
    <bullet2/>
    <bullet3/>
    <bullet4/>
    <bullet5/>
    <bullet6/>
    <bullet7/>
    <bullet8/>
    <bullet9/>
    <bullet10/>
    <bullet11/>
    <bullet12/>
    <bullet13/>
    <bullet14/>
    <bullet15/>
    <bullet16/>
    <bullet17/>
    <bullet18/>
    <bullet19/>
    <bullet20/>
    <bullet21/>
    <bullet22/>
    <bullet23/>
    <bullet24/>
    <vendorPriceUpdateDate>2022-02-07 00:00:00</vendorPriceUpdateDate>
  </part>
  <part>
    <partNumber>05210019</partNumber>
    <punctuatedPartNumber>0521-0019</punctuatedPartNumber>
    <partStatusDescription>STANDARD</partStatusDescription>
    <partDescription>Flag and Pole - 6' Black Pole - 5 Pack</partDescription>
    <unitOfMeasure>5 Pack</unitOfMeasure>
    <brandName>SAFETY VEHICLE EMBLEM</brandName>
    <supplierNumber>7 BLACK</supplierNumber>
    <specialInstructions/>
    <baseDealerPrice>55.90</baseDealerPrice>
    <yourDealerPrice>55.90</yourDealerPrice>
    <baseRetailPrice>16.95</baseRetailPrice>
    <originalRetailPrice>14.95</originalRetailPrice>
    <partImage>http://asset.lemansnet.com/z/LzQvMy8zLzQzMzlCREJCLTAyMzMtNDM0Mi1BQjQyLUQyOENBMTIyNDQ2MCwvRS80LzkvRTQ5MDBENEEtOENFQS00MUM4LTkyMDctMDFGQkJGMUZEMTQ0</partImage>
    <productId>1022628532</productId>
    <productName>Flag with Fiberglass Pole</productName>
    <productImage>http://asset.lemansnet.com/z/L0MvNS9GL0M1RkYzNUYwLUY4M0EtNDlGNi04OEFFLTNDMURENDhCQ0E2MA==</productImage>
    <bullet1>1/4" fiberglass pole with special 1/2" mounting bolt</bullet1>
    <bullet2>Individually packaged in bags of five</bullet2>
    <bullet3>Optional steel spring attachment for 1/4" fiberglass poles sold separately - see Related Products</bullet3>
    <bullet4/>
    <bullet5/>
    <bullet6/>
    <bullet7/>
    <bullet8/>
    <bullet9/>
    <bullet10/>
    <bullet11/>
    <bullet12/>
    <bullet13/>
    <bullet14/>
    <bullet15/>
    <bullet16/>
    <bullet17/>
    <bullet18/>
    <bullet19/>
    <bullet20/>
    <bullet21/>
    <bullet22/>
    <bullet23/>
    <bullet24/>
    <vendorPriceUpdateDate>2023-04-22 00:00:00</vendorPriceUpdateDate>
  </part>
  <part>
    <partNumber>05210021</partNumber>
    <punctuatedPartNumber>0521-0021</punctuatedPartNumber>
    <partStatusDescription>STANDARD</partStatusDescription>
    <partDescription>Flag and Pole - 8' Black Pole - 5 Pack</partDescription>
    <unitOfMeasure>5 Pack</unitOfMeasure>
    <brandName>SAFETY VEHICLE EMBLEM</brandName>
    <supplierNumber>8B BLACK</supplierNumber>
    <specialInstructions/>
    <baseDealerPrice>68.30</baseDealerPrice>
    <yourDealerPrice>68.30</yourDealerPrice>
    <baseRetailPrice>20.95</baseRetailPrice>
    <originalRetailPrice>17.95</originalRetailPrice>
    <partImage>http://asset.lemansnet.com/z/LzIvRC9FLzJERTk2QjM5LThDRjQtNDdCQy04OTRELTMxRUM5NkE0RTE2MA==</partImage>
    <productId>1022628532</productId>
    <productName>Flag with Fiberglass Pole</productName>
    <productImage>http://asset.lemansnet.com/z/L0MvNS9GL0M1RkYzNUYwLUY4M0EtNDlGNi04OEFFLTNDMURENDhCQ0E2MA==</productImage>
    <bullet1>1/4" fiberglass pole with special 1/2" mounting bolt</bullet1>
    <bullet2>Individually packaged in bags of five</bullet2>
    <bullet3>Optional steel spring attachment for 1/4" fiberglass poles sold separately - see Related Products</bullet3>
    <bullet4/>
    <bullet5/>
    <bullet6/>
    <bullet7/>
    <bullet8/>
    <bullet9/>
    <bullet10/>
    <bullet11/>
    <bullet12/>
    <bullet13/>
    <bullet14/>
    <bullet15/>
    <bullet16/>
    <bullet17/>
    <bullet18/>
    <bullet19/>
    <bullet20/>
    <bullet21/>
    <bullet22/>
    <bullet23/>
    <bullet24/>
    <vendorPriceUpdateDate>2023-04-22 00:00:00</vendorPriceUpdateDate>
  </part>
  <part>
    <partNumber>05210018</partNumber>
    <punctuatedPartNumber>0521-0018</punctuatedPartNumber>
    <partStatusDescription>STANDARD</partStatusDescription>
    <partDescription>Flag and Pole - 6' White Pole - 5 Pack</partDescription>
    <unitOfMeasure>5 Pack</unitOfMeasure>
    <brandName>SAFETY VEHICLE EMBLEM</brandName>
    <supplierNumber>7 WHITE</supplierNumber>
    <specialInstructions/>
    <baseDealerPrice>55.90</baseDealerPrice>
    <yourDealerPrice>55.90</yourDealerPrice>
    <baseRetailPrice>16.95</baseRetailPrice>
    <originalRetailPrice>14.95</originalRetailPrice>
    <partImage>http://asset.lemansnet.com/z/LzgvNS84Lzg1ODdFNjE2LUM2MDgtNDIyMS1CQ0Y4LUY2NUU1NDZDODU4NSwvMS9GLzIvMUYyNjk4MEEtN0FBRS00QTIzLTk2RkYtNDhDNTQ0NjI5MjUz</partImage>
    <productId>1022628532</productId>
    <productName>Flag with Fiberglass Pole</productName>
    <productImage>http://asset.lemansnet.com/z/L0MvNS9GL0M1RkYzNUYwLUY4M0EtNDlGNi04OEFFLTNDMURENDhCQ0E2MA==</productImage>
    <bullet1>1/4" fiberglass pole with special 1/2" mounting bolt</bullet1>
    <bullet2>Individually packaged in bags of five</bullet2>
    <bullet3>Optional steel spring attachment for 1/4" fiberglass poles sold separately - see Related Products</bullet3>
    <bullet4/>
    <bullet5/>
    <bullet6/>
    <bullet7/>
    <bullet8/>
    <bullet9/>
    <bullet10/>
    <bullet11/>
    <bullet12/>
    <bullet13/>
    <bullet14/>
    <bullet15/>
    <bullet16/>
    <bullet17/>
    <bullet18/>
    <bullet19/>
    <bullet20/>
    <bullet21/>
    <bullet22/>
    <bullet23/>
    <bullet24/>
    <vendorPriceUpdateDate>2023-04-22 00:00:00</vendorPriceUpdateDate>
  </part>
  <part>
    <partNumber>F900</partNumber>
    <punctuatedPartNumber>F-900</punctuatedPartNumber>
    <partStatusDescription>STANDARD</partStatusDescription>
    <partDescription>Flag and Pole - 6' White Pole - 5 Pack</partDescription>
    <unitOfMeasure>5 Pack</unitOfMeasure>
    <brandName>SAFETY VEHICLE EMBLEM</brandName>
    <supplierNumber>9B</supplierNumber>
    <specialInstructions/>
    <baseDealerPrice>48.90</baseDealerPrice>
    <yourDealerPrice>48.90</yourDealerPrice>
    <baseRetailPrice>14.95</baseRetailPrice>
    <originalRetailPrice>13.95</originalRetailPrice>
    <partImage>http://asset.lemansnet.com/z/LzgvNi83Lzg2NzMyNTlDLTUyMTMtNDc4RS04QjIyLTdDNTFGQTEzMjk1OA==</partImage>
    <productId>1022628532</productId>
    <productName>Flag with Fiberglass Pole</productName>
    <productImage>http://asset.lemansnet.com/z/L0MvNS9GL0M1RkYzNUYwLUY4M0EtNDlGNi04OEFFLTNDMURENDhCQ0E2MA==</productImage>
    <bullet1>1/4" fiberglass pole with special 1/2" mounting bolt</bullet1>
    <bullet2>Individually packaged in bags of five</bullet2>
    <bullet3>Optional steel spring attachment for 1/4" fiberglass poles sold separately - see Related Products</bullet3>
    <bullet4/>
    <bullet5/>
    <bullet6/>
    <bullet7/>
    <bullet8/>
    <bullet9/>
    <bullet10/>
    <bullet11/>
    <bullet12/>
    <bullet13/>
    <bullet14/>
    <bullet15/>
    <bullet16/>
    <bullet17/>
    <bullet18/>
    <bullet19/>
    <bullet20/>
    <bullet21/>
    <bullet22/>
    <bullet23/>
    <bullet24/>
    <vendorPriceUpdateDate>2023-04-22 00:00:00</vendorPriceUpdateDate>
  </part>
  <part>
    <partNumber>F900B</partNumber>
    <punctuatedPartNumber>F900B</punctuatedPartNumber>
    <partStatusDescription>STANDARD</partStatusDescription>
    <partDescription>Flag and Pole - 6' Black Pole - 5 Pack</partDescription>
    <unitOfMeasure>5 Pack</unitOfMeasure>
    <brandName>SAFETY VEHICLE EMBLEM</brandName>
    <supplierNumber>9B BLACK</supplierNumber>
    <specialInstructions/>
    <baseDealerPrice>48.90</baseDealerPrice>
    <yourDealerPrice>48.90</yourDealerPrice>
    <baseRetailPrice>14.95</baseRetailPrice>
    <originalRetailPrice>13.95</originalRetailPrice>
    <partImage>http://asset.lemansnet.com/z/L0EvRS8xL0FFMTBBOTRGLTczRDMtNDI1Qy1CNzg5LUI3MDIxOUU0OEJBQg==</partImage>
    <productId>1022628532</productId>
    <productName>Flag with Fiberglass Pole</productName>
    <productImage>http://asset.lemansnet.com/z/L0MvNS9GL0M1RkYzNUYwLUY4M0EtNDlGNi04OEFFLTNDMURENDhCQ0E2MA==</productImage>
    <bullet1>1/4" fiberglass pole with special 1/2" mounting bolt</bullet1>
    <bullet2>Individually packaged in bags of five</bullet2>
    <bullet3>Optional steel spring attachment for 1/4" fiberglass poles sold separately - see Related Products</bullet3>
    <bullet4/>
    <bullet5/>
    <bullet6/>
    <bullet7/>
    <bullet8/>
    <bullet9/>
    <bullet10/>
    <bullet11/>
    <bullet12/>
    <bullet13/>
    <bullet14/>
    <bullet15/>
    <bullet16/>
    <bullet17/>
    <bullet18/>
    <bullet19/>
    <bullet20/>
    <bullet21/>
    <bullet22/>
    <bullet23/>
    <bullet24/>
    <vendorPriceUpdateDate>2023-04-22 00:00:00</vendorPriceUpdateDate>
  </part>
  <part>
    <partNumber>F901</partNumber>
    <punctuatedPartNumber>F-901</punctuatedPartNumber>
    <partStatusDescription>STANDARD</partStatusDescription>
    <partDescription>Flag and Pole - 7' White Pole - 5 Pack</partDescription>
    <unitOfMeasure>5 Pack</unitOfMeasure>
    <brandName>SAFETY VEHICLE EMBLEM</brandName>
    <supplierNumber>10B</supplierNumber>
    <specialInstructions/>
    <baseDealerPrice>59.60</baseDealerPrice>
    <yourDealerPrice>59.60</yourDealerPrice>
    <baseRetailPrice>17.95</baseRetailPrice>
    <originalRetailPrice>15.95</originalRetailPrice>
    <partImage>http://asset.lemansnet.com/z/L0EvRC8wL0FEMDQ2NEYzLUJDNjItNDBDNC05MDNELTgxMzY5ODVBNzdDMSwvRS80LzkvRTQ5MDBENEEtOENFQS00MUM4LTkyMDctMDFGQkJGMUZEMTQ0</partImage>
    <productId>1022628532</productId>
    <productName>Flag with Fiberglass Pole</productName>
    <productImage>http://asset.lemansnet.com/z/L0MvNS9GL0M1RkYzNUYwLUY4M0EtNDlGNi04OEFFLTNDMURENDhCQ0E2MA==</productImage>
    <bullet1>1/4" fiberglass pole with special 1/2" mounting bolt</bullet1>
    <bullet2>Individually packaged in bags of five</bullet2>
    <bullet3>Optional steel spring attachment for 1/4" fiberglass poles sold separately - see Related Products</bullet3>
    <bullet4/>
    <bullet5/>
    <bullet6/>
    <bullet7/>
    <bullet8/>
    <bullet9/>
    <bullet10/>
    <bullet11/>
    <bullet12/>
    <bullet13/>
    <bullet14/>
    <bullet15/>
    <bullet16/>
    <bullet17/>
    <bullet18/>
    <bullet19/>
    <bullet20/>
    <bullet21/>
    <bullet22/>
    <bullet23/>
    <bullet24/>
    <vendorPriceUpdateDate>2023-04-22 00:00:00</vendorPriceUpdateDate>
  </part>
  <part>
    <partNumber>F901B</partNumber>
    <punctuatedPartNumber>F901B</punctuatedPartNumber>
    <partStatusDescription>STANDARD</partStatusDescription>
    <partDescription>Flag and Pole - 7' Black Pole - 5 Pack</partDescription>
    <unitOfMeasure>5 Pack</unitOfMeasure>
    <brandName>SAFETY VEHICLE EMBLEM</brandName>
    <supplierNumber>10B BLACK</supplierNumber>
    <specialInstructions/>
    <baseDealerPrice>59.60</baseDealerPrice>
    <yourDealerPrice>59.60</yourDealerPrice>
    <baseRetailPrice>17.95</baseRetailPrice>
    <originalRetailPrice>15.95</originalRetailPrice>
    <partImage>http://asset.lemansnet.com/z/LzUvMC9BLzUwQTBGOTRDLUVFNDEtNDYxMi05MUJGLTg3N0Y1ODY2RkNGRiwvRS80LzkvRTQ5MDBENEEtOENFQS00MUM4LTkyMDctMDFGQkJGMUZEMTQ0</partImage>
    <productId>1022628532</productId>
    <productName>Flag with Fiberglass Pole</productName>
    <productImage>http://asset.lemansnet.com/z/L0MvNS9GL0M1RkYzNUYwLUY4M0EtNDlGNi04OEFFLTNDMURENDhCQ0E2MA==</productImage>
    <bullet1>1/4" fiberglass pole with special 1/2" mounting bolt</bullet1>
    <bullet2>Individually packaged in bags of five</bullet2>
    <bullet3>Optional steel spring attachment for 1/4" fiberglass poles sold separately - see Related Products</bullet3>
    <bullet4/>
    <bullet5/>
    <bullet6/>
    <bullet7/>
    <bullet8/>
    <bullet9/>
    <bullet10/>
    <bullet11/>
    <bullet12/>
    <bullet13/>
    <bullet14/>
    <bullet15/>
    <bullet16/>
    <bullet17/>
    <bullet18/>
    <bullet19/>
    <bullet20/>
    <bullet21/>
    <bullet22/>
    <bullet23/>
    <bullet24/>
    <vendorPriceUpdateDate>2023-04-22 00:00:00</vendorPriceUpdateDate>
  </part>
</root>
