<root>
  <part>
    <partNumber>38070343</partNumber>
    <punctuatedPartNumber>3807-0343</punctuatedPartNumber>
    <partStatusDescription>STANDARD</partStatusDescription>
    <partDescription>TRO2 Air/Fuel Ratio System - Wideband</partDescription>
    <unitOfMeasure>Kit</unitOfMeasure>
    <brandName>TECHNORESEARCH</brandName>
    <supplierNumber>TRO2-002-001</supplierNumber>
    <specialInstructions/>
    <baseDealerPrice>399.00</baseDealerPrice>
    <yourDealerPrice>399.00</yourDealerPrice>
    <baseRetailPrice>532.95</baseRetailPrice>
    <originalRetailPrice>569.95</originalRetailPrice>
    <partImage>http://asset.lemansnet.com/z/L0IvQi8yL0JCMkNDREZFLTc3MDYtNDE5Ny1CRUZBLTA5NjZCNzQ1OTQ1MA==</partImage>
    <productId>2145413145</productId>
    <productName>TRO2 Wideband Air/Fuel Ratio System</productName>
    <productImage>http://asset.lemansnet.com/z/L0IvQi8yL0JCMkNDREZFLTc3MDYtNDE5Ny1CRUZBLTA5NjZCNzQ1OTQ1MA==</productImage>
    <bullet1>Essential tuning assistant designed to be used with data logging systems such as a dyno or the Mobile Dyno feature found in TechnoResearch's Direct Link software</bullet1>
    <bullet2>Interfaces directly with any TechnoResearch VCM-TR3 or VCM-TR4 communication module included in Centurion Pro or Centurion Pro Plus packages</bullet2>
    <bullet3>Includes two Bosch LSU 4.2 oxygen sensors with 7-foot long cables for easy and versatile usage</bullet3>
    <bullet4>No calibration required with digital precision</bullet4>
    <bullet5>Made in the USA</bullet5>
    <bullet6/>
    <bullet7/>
    <bullet8/>
    <bullet9/>
    <bullet10/>
    <bullet11/>
    <bullet12/>
    <bullet13/>
    <bullet14/>
    <bullet15/>
    <bullet16/>
    <bullet17/>
    <bullet18/>
    <bullet19/>
    <bullet20/>
    <bullet21/>
    <bullet22/>
    <bullet23/>
    <bullet24/>
    <vendorPriceUpdateDate>2023-04-22 00:00:00</vendorPriceUpdateDate>
  </part>
  <part>
    <partNumber>38070378</partNumber>
    <punctuatedPartNumber>3807-0378</punctuatedPartNumber>
    <partStatusDescription>STANDARD</partStatusDescription>
    <partDescription>O2 Sensor Installer Tool</partDescription>
    <unitOfMeasure>Kit</unitOfMeasure>
    <brandName>TECHNORESEARCH</brandName>
    <supplierNumber>TR200044</supplierNumber>
    <specialInstructions/>
    <baseDealerPrice>620.30</baseDealerPrice>
    <yourDealerPrice>620.30</yourDealerPrice>
    <baseRetailPrice>885.95</baseRetailPrice>
    <originalRetailPrice>885.95</originalRetailPrice>
    <partImage>http://asset.lemansnet.com/z/LzUvNy8wLzU3MDg5NDI3LUVDRjAtNDkwQS1BREVBLUI5QjhBRkE0MTkyOQ==</partImage>
    <productId>1836289508</productId>
    <productName>Complete Oxygen Sensor Installation Kit</productName>
    <productImage>http://asset.lemansnet.com/z/LzUvNy8wLzU3MDg5NDI3LUVDRjAtNDkwQS1BREVBLUI5QjhBRkE0MTkyOQ==</productImage>
    <bullet1>Remove heat shields, install bung and tune; when completed, use included screw and copper washer to seal bung and then replace heat shield for unaltered finish</bullet1>
    <bullet2>Complete bung kit includes 1 hydraulic insertion tool, 1 drill bit, 2 O2 sampler blocks, tubing, 25 rivnuts, 25 screws and, 25 copper washers</bullet2>
    <bullet3>No pump or sampling tube required and allows both cylinders to easily be monitored at the same time and no welding</bullet3>
    <bullet4>Adds 18 mm x 1.5" threaded bungs</bullet4>
    <bullet5>Made in the USA</bullet5>
    <bullet6/>
    <bullet7/>
    <bullet8/>
    <bullet9/>
    <bullet10/>
    <bullet11/>
    <bullet12/>
    <bullet13/>
    <bullet14/>
    <bullet15/>
    <bullet16/>
    <bullet17/>
    <bullet18/>
    <bullet19/>
    <bullet20/>
    <bullet21/>
    <bullet22/>
    <bullet23/>
    <bullet24/>
    <vendorPriceUpdateDate>2023-04-22 00:00:00</vendorPriceUpdateDate>
  </part>
  <part>
    <partNumber>38070422</partNumber>
    <punctuatedPartNumber>3807-0422</punctuatedPartNumber>
    <partStatusDescription>STANDARD</partStatusDescription>
    <partDescription>Audio Configuration System - Electrical System</partDescription>
    <unitOfMeasure>Kit</unitOfMeasure>
    <brandName>TECHNORESEARCH</brandName>
    <supplierNumber>TR4-001-007</supplierNumber>
    <specialInstructions>N/F ANDROID BASED SYSTEMS25PJL</specialInstructions>
    <baseDealerPrice>899.00</baseDealerPrice>
    <yourDealerPrice>899.00</yourDealerPrice>
    <baseRetailPrice>1285.95</baseRetailPrice>
    <originalRetailPrice>1285.95</originalRetailPrice>
    <partImage>http://asset.lemansnet.com/z/LzkvMy84LzkzOEI0MjhCLTMzNkQtNEQ2My05RjY0LTIwNkY2NDVBQzcwRg==</partImage>
    <productId>2086734326</productId>
    <productName>Centurion Audio Configuration System</productName>
    <productImage>http://asset.lemansnet.com/z/LzkvMy84LzkzOEI0MjhCLTMzNkQtNEQ2My05RjY0LTIwNkY2NDVBQzcwRg==</productImage>
    <bullet1>Programs after-market radio and speakers; can activate intercom, Bluetooth, navigation/compass, CB, rear speaker switch and more</bullet1>
    <bullet2>Read and clear DTC (Diagnostic Trouble Codes) for ECU, TSSM, BCM, radio, speedometer and ABS</bullet2>
    <bullet3>Also monitors engine parameters such as RPM, TPS, battery voltage, engine temperature </bullet3>
    <bullet4>Radio and speaker zoning and configuration system that doubles as a diagnostic tool</bullet4>
    <bullet5>Made in the USA</bullet5>
    <bullet6>Not for use with Android-based systems.</bullet6>
    <bullet7/>
    <bullet8/>
    <bullet9/>
    <bullet10/>
    <bullet11/>
    <bullet12/>
    <bullet13/>
    <bullet14/>
    <bullet15/>
    <bullet16/>
    <bullet17/>
    <bullet18/>
    <bullet19/>
    <bullet20/>
    <bullet21/>
    <bullet22/>
    <bullet23/>
    <bullet24/>
    <vendorPriceUpdateDate>2023-04-22 00:00:00</vendorPriceUpdateDate>
  </part>
  <part>
    <partNumber>38070313</partNumber>
    <punctuatedPartNumber>3807-0313</punctuatedPartNumber>
    <partStatusDescription>STANDARD</partStatusDescription>
    <partDescription>Diagnostic Tool System - Professional - Super Pro</partDescription>
    <unitOfMeasure>Kit</unitOfMeasure>
    <brandName>TECHNORESEARCH</brandName>
    <supplierNumber>TR3-001-004</supplierNumber>
    <specialInstructions>Diagnostic tool only, no tuning capabilities. Direct Link/Tune Builder keys N/A</specialInstructions>
    <baseDealerPrice>1499.00</baseDealerPrice>
    <yourDealerPrice>1499.00</yourDealerPrice>
    <baseRetailPrice>1999.95</baseRetailPrice>
    <originalRetailPrice>1999.95</originalRetailPrice>
    <partImage>http://asset.lemansnet.com/z/LzEvRi83LzFGNzNDQzhFLTFFMTgtNEJCNS1CODg4LUJFMkU3MTBCQzIzRA==</partImage>
    <productId>1422885702</productId>
    <productName>Centurion Super Pro Professional Diagnostic System</productName>
    <productImage>http://asset.lemansnet.com/z/LzEvRi83LzFGNzNDQzhFLTFFMTgtNEJCNS1CODg4LUJFMkU3MTBCQzIzRA==</productImage>
    <bullet1>Perform active tests on tachometer, speedometer, fuel pump, idle rpm, system relays, cooling fans, alarm, IAC, ACR compression, injector coils, coolant pump, left or right turn signals and other systems</bullet1>
    <bullet2>Communicates with all '99-'23 Harley-Davidson and Buell models using the proprietary VCM-TR4 communication module with included cables</bullet2>
    <bullet3>LED indicator tests for 6th gear, ABS service, battery, check engine, cruise control, high and low beam, neutral, oil, security and coolant temp</bullet3>
    <bullet4>The industry's only complete professional diagnostic tool system designed for independent professional repair facilities</bullet4>
    <bullet5>Included VCM-TR4b communication module is fully compatible with direct link &amp; centurion diag (sold separately)</bullet5>
    <bullet6>Can easily update software online through TechnoResearch to stay current on all features, years and model types</bullet6>
    <bullet7>Durable metal housing and easy adapter system allowing for fast switches between motorcycles</bullet7>
    <bullet8>Fast data acquisition and many hours of data storage provides accuracy and saves time</bullet8>
    <bullet9>View real-time data in strip chart or digital dashboard formats</bullet9>
    <bullet10>Easily perform speedometer calibration on current models</bullet10>
    <bullet11>Perform radio and speaker calibration on current models</bullet11>
    <bullet12>Read and clear Diagnostic Trouble Codes (DTC)</bullet12>
    <bullet13>Re-flash blank ECU, program VIN and key fobs</bullet13>
    <bullet14>Reset air/fuel values and adjust idle rpm</bullet14>
    <bullet15>Includes carry case, VCM-TR4b, cables</bullet15>
    <bullet16>ABS bleeding and solenoid testing</bullet16>
    <bullet17>Not for Android based systems.</bullet17>
    <bullet18>Made in the USA</bullet18>
    <bullet19>Annual new model year updates available for download and purchase for minimal fee; contact vendor for updates.</bullet19>
    <bullet20>Diagnostic tool only, no tuning capabilities; Direct Link/Tune Builder keys are not available.</bullet20>
    <bullet21/>
    <bullet22/>
    <bullet23/>
    <bullet24/>
    <vendorPriceUpdateDate>2023-04-22 00:00:00</vendorPriceUpdateDate>
  </part>
  <part>
    <partNumber>38070398</partNumber>
    <punctuatedPartNumber>3807-0398</punctuatedPartNumber>
    <partStatusDescription>STANDARD</partStatusDescription>
    <partDescription>Refill Kit O2 Installer</partDescription>
    <unitOfMeasure>Kit</unitOfMeasure>
    <brandName>TECHNORESEARCH</brandName>
    <supplierNumber>TR200045</supplierNumber>
    <specialInstructions>Refill kit is only for 3807-0378</specialInstructions>
    <baseDealerPrice>48.00</baseDealerPrice>
    <yourDealerPrice>48.00</yourDealerPrice>
    <baseRetailPrice>68.95</baseRetailPrice>
    <originalRetailPrice>68.95</originalRetailPrice>
    <partImage>http://asset.lemansnet.com/z/LzIvMi9ELzIyREM4RDQyLTRBMEYtNDNFQS04Qjc1LUJDNzc5MTZFNzUzRg==</partImage>
    <productId>0454684072</productId>
    <productName>Bung Refill Kit</productName>
    <productImage>http://asset.lemansnet.com/z/LzIvMi9ELzIyREM4RDQyLTRBMEYtNDNFQS04Qjc1LUJDNzc5MTZFNzUzRg==</productImage>
    <bullet1>Includes 25 each of bungs, plugs and copper washers</bullet1>
    <bullet2>For use with 3807-0378 only.</bullet2>
    <bullet3/>
    <bullet4/>
    <bullet5/>
    <bullet6/>
    <bullet7/>
    <bullet8/>
    <bullet9/>
    <bullet10/>
    <bullet11/>
    <bullet12/>
    <bullet13/>
    <bullet14/>
    <bullet15/>
    <bullet16/>
    <bullet17/>
    <bullet18/>
    <bullet19/>
    <bullet20/>
    <bullet21/>
    <bullet22/>
    <bullet23/>
    <bullet24/>
    <vendorPriceUpdateDate>2023-04-22 00:00:00</vendorPriceUpdateDate>
  </part>
  <part>
    <partNumber>21201155</partNumber>
    <punctuatedPartNumber>2120-1155</punctuatedPartNumber>
    <partStatusDescription>STANDARD</partStatusDescription>
    <partDescription>OBD TR4 Cable - Harley Davidson</partDescription>
    <unitOfMeasure>Each</unitOfMeasure>
    <brandName>TECHNORESEARCH</brandName>
    <supplierNumber>TR4C008</supplierNumber>
    <specialInstructions/>
    <baseDealerPrice>83.30</baseDealerPrice>
    <yourDealerPrice>83.30</yourDealerPrice>
    <baseRetailPrice>118.95</baseRetailPrice>
    <originalRetailPrice>135.20</originalRetailPrice>
    <partImage>http://asset.lemansnet.com/z/bWVkaWEvMzg0MWUwYWQtNWZlMy00ZTA5LTllMWMtMjA3Y2RkOGE0NjNk</partImage>
    <productId>0741031104</productId>
    <productName>3 In 1 OBD TR4 Cable</productName>
    <productImage>http://asset.lemansnet.com/z/bWVkaWEvMzg0MWUwYWQtNWZlMy00ZTA5LTllMWMtMjA3Y2RkOGE0NjNk</productImage>
    <bullet1>Combines the old and the newer data ports styles</bullet1>
    <bullet2>Includes a 4 pin connector, 6 pin connector &amp; OBD connector for '21 models</bullet2>
    <bullet3>Compatible with the new '21-'23 models, 6-pin CAN DLC '11-'20 models and 4-pin J1850 DLC from '01-'14 models</bullet3>
    <bullet4>Made in the USA</bullet4>
    <bullet5>For use with the TR4 family of VCMs only.</bullet5>
    <bullet6/>
    <bullet7/>
    <bullet8/>
    <bullet9/>
    <bullet10/>
    <bullet11/>
    <bullet12/>
    <bullet13/>
    <bullet14/>
    <bullet15/>
    <bullet16/>
    <bullet17/>
    <bullet18/>
    <bullet19/>
    <bullet20/>
    <bullet21/>
    <bullet22/>
    <bullet23/>
    <bullet24/>
    <vendorPriceUpdateDate>1900-01-01 00:00:00</vendorPriceUpdateDate>
  </part>
</root>
