<root>
  <part>
    <partNumber>01360041</partNumber>
    <punctuatedPartNumber>0136-0041</punctuatedPartNumber>
    <partStatusDescription>STANDARD</partStatusDescription>
    <partDescription>XStack™ Tear-Offs - 10-Layer</partDescription>
    <unitOfMeasure>3 Pack</unitOfMeasure>
    <brandName>RACING OPTICS</brandName>
    <supplierNumber>10217C</supplierNumber>
    <specialInstructions>VERIFY PRICING 02MAF</specialInstructions>
    <baseDealerPrice>24.90</baseDealerPrice>
    <yourDealerPrice>24.90</yourDealerPrice>
    <baseRetailPrice>34.95</baseRetailPrice>
    <originalRetailPrice>34.95</originalRetailPrice>
    <partImage>http://asset.lemansnet.com/z/LzAvNy8xLzA3MTczMTZBLTZDRUUtNEM0RC1CRDMwLUI5N0Y2NTIzRjI5QQ==</partImage>
    <productId>0310533292</productId>
    <productName>XStack™ Laminated Tear-Offs</productName>
    <productImage>http://asset.lemansnet.com/z/LzAvNy8xLzA3MTczMTZBLTZDRUUtNEM0RC1CRDMwLUI5N0Y2NTIzRjI5QQ==</productImage>
    <bullet1>Distortion-free 10-layer or 3-layer laminated tear-off</bullet1>
    <bullet2>Fits Icon Optics Tracshield, Icon Opt, Arai GP5, Shoei Bike and Stand 21 helmets</bullet2>
    <bullet3>Measures 11-1/2""</bullet3>
    <bullet4>Rated for speeds up to 125 mph</bullet4>
    <bullet5/>
    <bullet6/>
    <bullet7/>
    <bullet8/>
    <bullet9/>
    <bullet10/>
    <bullet11/>
    <bullet12/>
    <bullet13/>
    <bullet14/>
    <bullet15/>
    <bullet16/>
    <bullet17/>
    <bullet18/>
    <bullet19/>
    <bullet20/>
    <bullet21/>
    <bullet22/>
    <bullet23/>
    <bullet24/>
    <vendorPriceUpdateDate>2023-04-22 00:00:00</vendorPriceUpdateDate>
  </part>
  <part>
    <partNumber>01360042</partNumber>
    <punctuatedPartNumber>0136-0042</punctuatedPartNumber>
    <partStatusDescription>STANDARD</partStatusDescription>
    <partDescription>XStack™ Tear-Offs - 3-Layer</partDescription>
    <unitOfMeasure>3 Pack</unitOfMeasure>
    <brandName>RACING OPTICS</brandName>
    <supplierNumber>3417C4</supplierNumber>
    <specialInstructions>Discontinued Per Buyer</specialInstructions>
    <baseDealerPrice>24.90</baseDealerPrice>
    <yourDealerPrice>24.90</yourDealerPrice>
    <baseRetailPrice>34.95</baseRetailPrice>
    <originalRetailPrice>34.95</originalRetailPrice>
    <partImage>http://asset.lemansnet.com/z/LzAvNy8xLzA3MTczMTZBLTZDRUUtNEM0RC1CRDMwLUI5N0Y2NTIzRjI5QQ==</partImage>
    <productId>0310533292</productId>
    <productName>XStack™ Laminated Tear-Offs</productName>
    <productImage>http://asset.lemansnet.com/z/LzAvNy8xLzA3MTczMTZBLTZDRUUtNEM0RC1CRDMwLUI5N0Y2NTIzRjI5QQ==</productImage>
    <bullet1>Distortion-free 10-layer or 3-layer laminated tear-off</bullet1>
    <bullet2>Fits Icon Optics Tracshield, Icon Opt, Arai GP5, Shoei Bike and Stand 21 helmets</bullet2>
    <bullet3>Measures 11-1/2""</bullet3>
    <bullet4>Rated for speeds up to 125 mph</bullet4>
    <bullet5/>
    <bullet6/>
    <bullet7/>
    <bullet8/>
    <bullet9/>
    <bullet10/>
    <bullet11/>
    <bullet12/>
    <bullet13/>
    <bullet14/>
    <bullet15/>
    <bullet16/>
    <bullet17/>
    <bullet18/>
    <bullet19/>
    <bullet20/>
    <bullet21/>
    <bullet22/>
    <bullet23/>
    <bullet24/>
    <vendorPriceUpdateDate>2023-04-22 00:00:00</vendorPriceUpdateDate>
  </part>
</root>
