<root>
  <part>
    <partNumber>06320160</partNumber>
    <punctuatedPartNumber>0632-0160</punctuatedPartNumber>
    <partStatusDescription>STANDARD</partStatusDescription>
    <partDescription>Goldfinger Left Side Throttle Kit - Yamaha</partDescription>
    <unitOfMeasure>Kit</unitOfMeasure>
    <brandName>FULL THROTTLE</brandName>
    <supplierNumber>007-1026G</supplierNumber>
    <specialInstructions/>
    <baseDealerPrice>83.97</baseDealerPrice>
    <yourDealerPrice>83.97</yourDealerPrice>
    <baseRetailPrice>119.95</baseRetailPrice>
    <originalRetailPrice>119.95</originalRetailPrice>
    <partImage>http://asset.lemansnet.com/z/LzgvNy9BLzg3QUQwQTUzLTA0NTMtNDFGMS05NEQ2LUU5MDZCNjQ1QjlDNywvMi9GLzYvMkY2OTYwQUItNDU3My00MTBBLThFNkYtNTQxQTlCNTc2MEI5</partImage>
    <productId>1445512603</productId>
    <productName>Goldfinger Left Side Throttle Kit</productName>
    <productImage>http://asset.lemansnet.com/z/LzkvNi8zLzk2MzRDMUQxLUNDOUItNEU3NC05ODVFLTZEN0E1RjI1RDFGRg==</productImage>
    <bullet1>Cable adapter and fasteners constructed of highest-quality stainless steel</bullet1>
    <bullet2>Gold anodized aluminum throttle lever can be operated with one finger for safer sidehilling</bullet2>
    <bullet3>Includes rubber accordion boot and throttle locking pin (locks left throttle from unwanted use)</bullet3>
    <bullet4>Kit includes all hardware, Allen wrenches and instructions for installation</bullet4>
    <bullet5/>
    <bullet6/>
    <bullet7/>
    <bullet8/>
    <bullet9/>
    <bullet10/>
    <bullet11/>
    <bullet12/>
    <bullet13/>
    <bullet14/>
    <bullet15/>
    <bullet16/>
    <bullet17/>
    <bullet18/>
    <bullet19/>
    <bullet20/>
    <bullet21/>
    <bullet22/>
    <bullet23/>
    <bullet24/>
    <vendorPriceUpdateDate>2023-04-22 00:00:00</vendorPriceUpdateDate>
  </part>
  <part>
    <partNumber>06320240</partNumber>
    <punctuatedPartNumber>0632-0240</punctuatedPartNumber>
    <partStatusDescription>STANDARD</partStatusDescription>
    <partDescription>Goldfinger Left Side Throttle Kit - Bombardier ATV</partDescription>
    <unitOfMeasure>Kit</unitOfMeasure>
    <brandName>FULL THROTTLE</brandName>
    <supplierNumber>007-1011A</supplierNumber>
    <specialInstructions/>
    <baseDealerPrice>83.97</baseDealerPrice>
    <yourDealerPrice>83.97</yourDealerPrice>
    <baseRetailPrice>119.95</baseRetailPrice>
    <originalRetailPrice>119.95</originalRetailPrice>
    <partImage>http://asset.lemansnet.com/z/LzkvNi8zLzk2MzRDMUQxLUNDOUItNEU3NC05ODVFLTZEN0E1RjI1RDFGRg==</partImage>
    <productId>1445512603</productId>
    <productName>Goldfinger Left Side Throttle Kit</productName>
    <productImage>http://asset.lemansnet.com/z/LzkvNi8zLzk2MzRDMUQxLUNDOUItNEU3NC05ODVFLTZEN0E1RjI1RDFGRg==</productImage>
    <bullet1>Cable adapter and fasteners constructed of highest-quality stainless steel</bullet1>
    <bullet2>Gold anodized aluminum throttle lever can be operated with one finger for safer sidehilling</bullet2>
    <bullet3>Includes rubber accordion boot and throttle locking pin (locks left throttle from unwanted use)</bullet3>
    <bullet4>Kit includes all hardware, Allen wrenches and instructions for installation</bullet4>
    <bullet5/>
    <bullet6/>
    <bullet7/>
    <bullet8/>
    <bullet9/>
    <bullet10/>
    <bullet11/>
    <bullet12/>
    <bullet13/>
    <bullet14/>
    <bullet15/>
    <bullet16/>
    <bullet17/>
    <bullet18/>
    <bullet19/>
    <bullet20/>
    <bullet21/>
    <bullet22/>
    <bullet23/>
    <bullet24/>
    <vendorPriceUpdateDate>2023-04-22 00:00:00</vendorPriceUpdateDate>
  </part>
  <part>
    <partNumber>91010001</partNumber>
    <punctuatedPartNumber>9101-0001</punctuatedPartNumber>
    <partStatusDescription>STANDARD</partStatusDescription>
    <partDescription>Hot Pot - Food Warmer</partDescription>
    <unitOfMeasure>Each</unitOfMeasure>
    <brandName>FULL THROTTLE</brandName>
    <supplierNumber>007-6088</supplierNumber>
    <specialInstructions/>
    <baseDealerPrice>31.00</baseDealerPrice>
    <yourDealerPrice>31.00</yourDealerPrice>
    <baseRetailPrice>44.95</baseRetailPrice>
    <originalRetailPrice>44.95</originalRetailPrice>
    <partImage>http://asset.lemansnet.com/z/LzIvMy8wLzIzMDM0MjAzLURBNzQtNDM2Mi04ODJDLTA1MjkyQzgzQ0M1RQ==</partImage>
    <productId>2090920582</productId>
    <productName>Hot Pot™</productName>
    <productImage>http://asset.lemansnet.com/z/LzIvMy8wLzIzMDM0MjAzLURBNzQtNDM2Mi04ODJDLTA1MjkyQzgzQ0M1RQ==</productImage>
    <bullet1>High-quality stainless steel food-warming devices</bullet1>
    <bullet2>Hot Pot™ is designed for warming hot dogs, burritos, chili, and more while the Hot Pot Jr™ warms varying sized cans of soup, chili, or stew in the can</bullet2>
    <bullet3>Aluminum mounting base for optimal heat transfer</bullet3>
    <bullet4>Built-in handle</bullet4>
    <bullet5>Mounting hardware included</bullet5>
    <bullet6>Include menus and recipes</bullet6>
    <bullet7>Can be installed on most snowmobiles in minutes</bullet7>
    <bullet8>Will not fit Yamaha or Arctic Cat 4-stroke machines</bullet8>
    <bullet9/>
    <bullet10/>
    <bullet11/>
    <bullet12/>
    <bullet13/>
    <bullet14/>
    <bullet15/>
    <bullet16/>
    <bullet17/>
    <bullet18/>
    <bullet19/>
    <bullet20/>
    <bullet21/>
    <bullet22/>
    <bullet23/>
    <bullet24/>
    <vendorPriceUpdateDate>2023-04-22 00:00:00</vendorPriceUpdateDate>
  </part>
  <part>
    <partNumber>06320156</partNumber>
    <punctuatedPartNumber>0632-0156</punctuatedPartNumber>
    <partStatusDescription>STANDARD</partStatusDescription>
    <partDescription>Goldfinger Left Side Throttle Kit - Polaris</partDescription>
    <unitOfMeasure>Kit</unitOfMeasure>
    <brandName>FULL THROTTLE</brandName>
    <supplierNumber>007-1022G</supplierNumber>
    <specialInstructions/>
    <baseDealerPrice>83.97</baseDealerPrice>
    <yourDealerPrice>83.97</yourDealerPrice>
    <baseRetailPrice>119.95</baseRetailPrice>
    <originalRetailPrice>119.95</originalRetailPrice>
    <partImage>http://asset.lemansnet.com/z/LzMvNC9ELzM0REU3N0YxLTdBM0ItNEIzNC05QkFFLTZENzU2MUFCN0U4OCwvMi9GLzYvMkY2OTYwQUItNDU3My00MTBBLThFNkYtNTQxQTlCNTc2MEI5</partImage>
    <productId>1445512603</productId>
    <productName>Goldfinger Left Side Throttle Kit</productName>
    <productImage>http://asset.lemansnet.com/z/LzkvNi8zLzk2MzRDMUQxLUNDOUItNEU3NC05ODVFLTZEN0E1RjI1RDFGRg==</productImage>
    <bullet1>Cable adapter and fasteners constructed of highest-quality stainless steel</bullet1>
    <bullet2>Gold anodized aluminum throttle lever can be operated with one finger for safer sidehilling</bullet2>
    <bullet3>Includes rubber accordion boot and throttle locking pin (locks left throttle from unwanted use)</bullet3>
    <bullet4>Kit includes all hardware, Allen wrenches and instructions for installation</bullet4>
    <bullet5/>
    <bullet6/>
    <bullet7/>
    <bullet8/>
    <bullet9/>
    <bullet10/>
    <bullet11/>
    <bullet12/>
    <bullet13/>
    <bullet14/>
    <bullet15/>
    <bullet16/>
    <bullet17/>
    <bullet18/>
    <bullet19/>
    <bullet20/>
    <bullet21/>
    <bullet22/>
    <bullet23/>
    <bullet24/>
    <vendorPriceUpdateDate>2023-04-22 00:00:00</vendorPriceUpdateDate>
  </part>
  <part>
    <partNumber>06320158</partNumber>
    <punctuatedPartNumber>0632-0158</punctuatedPartNumber>
    <partStatusDescription>STANDARD</partStatusDescription>
    <partDescription>Goldfinger Left Side Throttle Kit - Ski Doo FS</partDescription>
    <unitOfMeasure>Kit</unitOfMeasure>
    <brandName>FULL THROTTLE</brandName>
    <supplierNumber>007-1027G</supplierNumber>
    <specialInstructions/>
    <baseDealerPrice>83.97</baseDealerPrice>
    <yourDealerPrice>83.97</yourDealerPrice>
    <baseRetailPrice>119.95</baseRetailPrice>
    <originalRetailPrice>119.95</originalRetailPrice>
    <partImage>http://asset.lemansnet.com/z/LzgvRS81LzhFNTI3MTg5LTRFNzEtNDQyQy04MTE4LUExQTYxNUIyRkNBNA==</partImage>
    <productId>1445512603</productId>
    <productName>Goldfinger Left Side Throttle Kit</productName>
    <productImage>http://asset.lemansnet.com/z/LzkvNi8zLzk2MzRDMUQxLUNDOUItNEU3NC05ODVFLTZEN0E1RjI1RDFGRg==</productImage>
    <bullet1>Cable adapter and fasteners constructed of highest-quality stainless steel</bullet1>
    <bullet2>Gold anodized aluminum throttle lever can be operated with one finger for safer sidehilling</bullet2>
    <bullet3>Includes rubber accordion boot and throttle locking pin (locks left throttle from unwanted use)</bullet3>
    <bullet4>Kit includes all hardware, Allen wrenches and instructions for installation</bullet4>
    <bullet5/>
    <bullet6/>
    <bullet7/>
    <bullet8/>
    <bullet9/>
    <bullet10/>
    <bullet11/>
    <bullet12/>
    <bullet13/>
    <bullet14/>
    <bullet15/>
    <bullet16/>
    <bullet17/>
    <bullet18/>
    <bullet19/>
    <bullet20/>
    <bullet21/>
    <bullet22/>
    <bullet23/>
    <bullet24/>
    <vendorPriceUpdateDate>2023-04-22 00:00:00</vendorPriceUpdateDate>
  </part>
  <part>
    <partNumber>06320516</partNumber>
    <punctuatedPartNumber>0632-0516</punctuatedPartNumber>
    <partStatusDescription>STANDARD</partStatusDescription>
    <partDescription>Goldfinger Left Side Throttle Kit - Yamaha</partDescription>
    <unitOfMeasure>Kit</unitOfMeasure>
    <brandName>FULL THROTTLE</brandName>
    <supplierNumber>007-1051A</supplierNumber>
    <specialInstructions/>
    <baseDealerPrice>83.97</baseDealerPrice>
    <yourDealerPrice>83.97</yourDealerPrice>
    <baseRetailPrice>119.95</baseRetailPrice>
    <originalRetailPrice>119.95</originalRetailPrice>
    <partImage>http://asset.lemansnet.com/z/LzYvOS81LzY5NUE0N0U3LTVCQTktNDk0NC05NTE1LUNCQjRBMEYwOUJGNCwvRC84L0MvRDhDQ0I5MjUtMzdBQy00ODQ1LUFCMkYtQjRFRjMxRDY5QjE0</partImage>
    <productId>1445512603</productId>
    <productName>Goldfinger Left Side Throttle Kit</productName>
    <productImage>http://asset.lemansnet.com/z/LzkvNi8zLzk2MzRDMUQxLUNDOUItNEU3NC05ODVFLTZEN0E1RjI1RDFGRg==</productImage>
    <bullet1>Cable adapter and fasteners constructed of highest-quality stainless steel</bullet1>
    <bullet2>Gold anodized aluminum throttle lever can be operated with one finger for safer sidehilling</bullet2>
    <bullet3>Includes rubber accordion boot and throttle locking pin (locks left throttle from unwanted use)</bullet3>
    <bullet4>Kit includes all hardware, Allen wrenches and instructions for installation</bullet4>
    <bullet5/>
    <bullet6/>
    <bullet7/>
    <bullet8/>
    <bullet9/>
    <bullet10/>
    <bullet11/>
    <bullet12/>
    <bullet13/>
    <bullet14/>
    <bullet15/>
    <bullet16/>
    <bullet17/>
    <bullet18/>
    <bullet19/>
    <bullet20/>
    <bullet21/>
    <bullet22/>
    <bullet23/>
    <bullet24/>
    <vendorPriceUpdateDate>2023-04-22 00:00:00</vendorPriceUpdateDate>
  </part>
  <part>
    <partNumber>06320155</partNumber>
    <punctuatedPartNumber>0632-0155</punctuatedPartNumber>
    <partStatusDescription>STANDARD</partStatusDescription>
    <partDescription>Goldfinger Left Side Throttle Kit - Arctic Cat</partDescription>
    <unitOfMeasure>Kit</unitOfMeasure>
    <brandName>FULL THROTTLE</brandName>
    <supplierNumber>007-1021G</supplierNumber>
    <specialInstructions/>
    <baseDealerPrice>83.97</baseDealerPrice>
    <yourDealerPrice>83.97</yourDealerPrice>
    <baseRetailPrice>119.95</baseRetailPrice>
    <originalRetailPrice>119.95</originalRetailPrice>
    <partImage>http://asset.lemansnet.com/z/L0MvMS83L0MxN0VEQjZFLUUxNzctNDMzQi1BRTRELTM5NjFGQjJGNURBQSwvMi9GLzYvMkY2OTYwQUItNDU3My00MTBBLThFNkYtNTQxQTlCNTc2MEI5</partImage>
    <productId>1445512603</productId>
    <productName>Goldfinger Left Side Throttle Kit</productName>
    <productImage>http://asset.lemansnet.com/z/LzkvNi8zLzk2MzRDMUQxLUNDOUItNEU3NC05ODVFLTZEN0E1RjI1RDFGRg==</productImage>
    <bullet1>Cable adapter and fasteners constructed of highest-quality stainless steel</bullet1>
    <bullet2>Gold anodized aluminum throttle lever can be operated with one finger for safer sidehilling</bullet2>
    <bullet3>Includes rubber accordion boot and throttle locking pin (locks left throttle from unwanted use)</bullet3>
    <bullet4>Kit includes all hardware, Allen wrenches and instructions for installation</bullet4>
    <bullet5/>
    <bullet6/>
    <bullet7/>
    <bullet8/>
    <bullet9/>
    <bullet10/>
    <bullet11/>
    <bullet12/>
    <bullet13/>
    <bullet14/>
    <bullet15/>
    <bullet16/>
    <bullet17/>
    <bullet18/>
    <bullet19/>
    <bullet20/>
    <bullet21/>
    <bullet22/>
    <bullet23/>
    <bullet24/>
    <vendorPriceUpdateDate>2023-04-22 00:00:00</vendorPriceUpdateDate>
  </part>
  <part>
    <partNumber>06320234</partNumber>
    <punctuatedPartNumber>0632-0234</punctuatedPartNumber>
    <partStatusDescription>STANDARD</partStatusDescription>
    <partDescription>Goldfinger Left Side Throttle Kit - Polaris ATV</partDescription>
    <unitOfMeasure>Kit</unitOfMeasure>
    <brandName>FULL THROTTLE</brandName>
    <supplierNumber>007-1031A</supplierNumber>
    <specialInstructions/>
    <baseDealerPrice>83.97</baseDealerPrice>
    <yourDealerPrice>83.97</yourDealerPrice>
    <baseRetailPrice>119.95</baseRetailPrice>
    <originalRetailPrice>119.95</originalRetailPrice>
    <partImage>http://asset.lemansnet.com/z/LzMvMy8zLzMzMzAyMDQwLTM0OTUtNDY0NC04MjRGLTI2NUFFOTdERTdEQywvMy8zLzEvMzMxRDU1NjQtODI0RC00QUUyLUI5MEItRjc2RTMyNjRCRThF</partImage>
    <productId>1445512603</productId>
    <productName>Goldfinger Left Side Throttle Kit</productName>
    <productImage>http://asset.lemansnet.com/z/LzkvNi8zLzk2MzRDMUQxLUNDOUItNEU3NC05ODVFLTZEN0E1RjI1RDFGRg==</productImage>
    <bullet1>Cable adapter and fasteners constructed of highest-quality stainless steel</bullet1>
    <bullet2>Gold anodized aluminum throttle lever can be operated with one finger for safer sidehilling</bullet2>
    <bullet3>Includes rubber accordion boot and throttle locking pin (locks left throttle from unwanted use)</bullet3>
    <bullet4>Kit includes all hardware, Allen wrenches and instructions for installation</bullet4>
    <bullet5/>
    <bullet6/>
    <bullet7/>
    <bullet8/>
    <bullet9/>
    <bullet10/>
    <bullet11/>
    <bullet12/>
    <bullet13/>
    <bullet14/>
    <bullet15/>
    <bullet16/>
    <bullet17/>
    <bullet18/>
    <bullet19/>
    <bullet20/>
    <bullet21/>
    <bullet22/>
    <bullet23/>
    <bullet24/>
    <vendorPriceUpdateDate>2023-04-22 00:00:00</vendorPriceUpdateDate>
  </part>
  <part>
    <partNumber>06320248</partNumber>
    <punctuatedPartNumber>0632-0248</punctuatedPartNumber>
    <partStatusDescription>STANDARD</partStatusDescription>
    <partDescription>Goldfinger Left Side Throttle Kit - Kawasaki ATV</partDescription>
    <unitOfMeasure>Kit</unitOfMeasure>
    <brandName>FULL THROTTLE</brandName>
    <supplierNumber>007-1021A</supplierNumber>
    <specialInstructions/>
    <baseDealerPrice>83.97</baseDealerPrice>
    <yourDealerPrice>83.97</yourDealerPrice>
    <baseRetailPrice>119.95</baseRetailPrice>
    <originalRetailPrice>119.95</originalRetailPrice>
    <partImage>http://asset.lemansnet.com/z/LzcvRS82LzdFNjIwRTZGLUMxQjQtNEIzQS1BRTkyLUVGRTRFQkY3NTk3MQ==</partImage>
    <productId>1445512603</productId>
    <productName>Goldfinger Left Side Throttle Kit</productName>
    <productImage>http://asset.lemansnet.com/z/LzkvNi8zLzk2MzRDMUQxLUNDOUItNEU3NC05ODVFLTZEN0E1RjI1RDFGRg==</productImage>
    <bullet1>Cable adapter and fasteners constructed of highest-quality stainless steel</bullet1>
    <bullet2>Gold anodized aluminum throttle lever can be operated with one finger for safer sidehilling</bullet2>
    <bullet3>Includes rubber accordion boot and throttle locking pin (locks left throttle from unwanted use)</bullet3>
    <bullet4>Kit includes all hardware, Allen wrenches and instructions for installation</bullet4>
    <bullet5/>
    <bullet6/>
    <bullet7/>
    <bullet8/>
    <bullet9/>
    <bullet10/>
    <bullet11/>
    <bullet12/>
    <bullet13/>
    <bullet14/>
    <bullet15/>
    <bullet16/>
    <bullet17/>
    <bullet18/>
    <bullet19/>
    <bullet20/>
    <bullet21/>
    <bullet22/>
    <bullet23/>
    <bullet24/>
    <vendorPriceUpdateDate>2023-04-22 00:00:00</vendorPriceUpdateDate>
  </part>
  <part>
    <partNumber>06320596</partNumber>
    <punctuatedPartNumber>0632-0596</punctuatedPartNumber>
    <partStatusDescription>STANDARD</partStatusDescription>
    <partDescription>Goldfinger Left Side Throttle Kit - '07-'08 Ski Doo</partDescription>
    <unitOfMeasure>Kit</unitOfMeasure>
    <brandName>FULL THROTTLE</brandName>
    <supplierNumber>007-1024</supplierNumber>
    <specialInstructions>Discontinued Per Buyer</specialInstructions>
    <baseDealerPrice>83.97</baseDealerPrice>
    <yourDealerPrice>83.97</yourDealerPrice>
    <baseRetailPrice>119.95</baseRetailPrice>
    <originalRetailPrice>119.95</originalRetailPrice>
    <partImage>http://asset.lemansnet.com/z/L0IvQS84L0JBOEFFMzQyLTI3NzItNDM5Ny05ODJCLTYzRDlCNzFGRUE4OSwvMi9GLzYvMkY2OTYwQUItNDU3My00MTBBLThFNkYtNTQxQTlCNTc2MEI5</partImage>
    <productId>1445512603</productId>
    <productName>Goldfinger Left Side Throttle Kit</productName>
    <productImage>http://asset.lemansnet.com/z/LzkvNi8zLzk2MzRDMUQxLUNDOUItNEU3NC05ODVFLTZEN0E1RjI1RDFGRg==</productImage>
    <bullet1>Cable adapter and fasteners constructed of highest-quality stainless steel</bullet1>
    <bullet2>Gold anodized aluminum throttle lever can be operated with one finger for safer sidehilling</bullet2>
    <bullet3>Includes rubber accordion boot and throttle locking pin (locks left throttle from unwanted use)</bullet3>
    <bullet4>Kit includes all hardware, Allen wrenches and instructions for installation</bullet4>
    <bullet5/>
    <bullet6/>
    <bullet7/>
    <bullet8/>
    <bullet9/>
    <bullet10/>
    <bullet11/>
    <bullet12/>
    <bullet13/>
    <bullet14/>
    <bullet15/>
    <bullet16/>
    <bullet17/>
    <bullet18/>
    <bullet19/>
    <bullet20/>
    <bullet21/>
    <bullet22/>
    <bullet23/>
    <bullet24/>
    <vendorPriceUpdateDate>2023-04-22 00:00:00</vendorPriceUpdateDate>
  </part>
  <part>
    <partNumber>91010002</partNumber>
    <punctuatedPartNumber>9101-0002</punctuatedPartNumber>
    <partStatusDescription>STANDARD</partStatusDescription>
    <partDescription>Hot Pot Jr™ - Food Warmer - Soup Can Size</partDescription>
    <unitOfMeasure>Each</unitOfMeasure>
    <brandName>FULL THROTTLE</brandName>
    <supplierNumber>007-6099</supplierNumber>
    <specialInstructions/>
    <baseDealerPrice>20.66</baseDealerPrice>
    <yourDealerPrice>20.66</yourDealerPrice>
    <baseRetailPrice>29.95</baseRetailPrice>
    <originalRetailPrice>29.95</originalRetailPrice>
    <partImage>http://asset.lemansnet.com/z/L0IvMi82L0IyNjgzQUVGLTkwMTYtNDFGQy04RDU4LUY5OEQ3RjIxNUQwQiwvOC80LzYvODQ2QUMxNDctNzE3QS00MjRELUFEMkMtNjczQjY2Qjc4MDcx</partImage>
    <productId>2090920582</productId>
    <productName>Hot Pot™</productName>
    <productImage>http://asset.lemansnet.com/z/LzIvMy8wLzIzMDM0MjAzLURBNzQtNDM2Mi04ODJDLTA1MjkyQzgzQ0M1RQ==</productImage>
    <bullet1>High-quality stainless steel food-warming devices</bullet1>
    <bullet2>Hot Pot™ is designed for warming hot dogs, burritos, chili, and more while the Hot Pot Jr™ warms varying sized cans of soup, chili, or stew in the can</bullet2>
    <bullet3>Aluminum mounting base for optimal heat transfer</bullet3>
    <bullet4>Built-in handle</bullet4>
    <bullet5>Mounting hardware included</bullet5>
    <bullet6>Include menus and recipes</bullet6>
    <bullet7>Can be installed on most snowmobiles in minutes</bullet7>
    <bullet8>Will not fit Yamaha or Arctic Cat 4-stroke machines</bullet8>
    <bullet9/>
    <bullet10/>
    <bullet11/>
    <bullet12/>
    <bullet13/>
    <bullet14/>
    <bullet15/>
    <bullet16/>
    <bullet17/>
    <bullet18/>
    <bullet19/>
    <bullet20/>
    <bullet21/>
    <bullet22/>
    <bullet23/>
    <bullet24/>
    <vendorPriceUpdateDate>2022-06-22 00:00:00</vendorPriceUpdateDate>
  </part>
</root>
