<root>
  <part>
    <partNumber>05211108</partNumber>
    <punctuatedPartNumber>0521-1108</punctuatedPartNumber>
    <partStatusDescription>STANDARD</partStatusDescription>
    <partDescription>Beard™ Door Kit - Black</partDescription>
    <unitOfMeasure>Pair</unitOfMeasure>
    <brandName>BEARD SEATS</brandName>
    <supplierNumber>860-400</supplierNumber>
    <specialInstructions/>
    <baseDealerPrice>490.90</baseDealerPrice>
    <yourDealerPrice>490.90</yourDealerPrice>
    <baseRetailPrice>629.99</baseRetailPrice>
    <originalRetailPrice>629.99</originalRetailPrice>
    <partImage>http://asset.lemansnet.com/z/LzMvNS8zLzM1Mzg2MzgwLTFFQTYtNEM0MC05REQzLUEyNTVENTVBNjMyNw==</partImage>
    <productId>0687777447</productId>
    <productName>Door Kit</productName>
    <productImage>http://asset.lemansnet.com/z/LzMvNS8zLzM1Mzg2MzgwLTFFQTYtNEM0MC05REQzLUEyNTVENTVBNjMyNw==</productImage>
    <bullet1>Doors feature a super-strong internal steel frame design with high-impact plastic skin</bullet1>
    <bullet2>Automotive styling - looks like a factory installation</bullet2>
    <bullet3>Suicide-door design for easy in/out of the UTV</bullet3>
    <bullet4>Retains access to area behind the seats</bullet4>
    <bullet5>Positive, secure latching mechanism</bullet5>
    <bullet6>Will not flex, bend or break like aluminum doors</bullet6>
    <bullet7>Door can be quickly removed</bullet7>
    <bullet8>Made in the U.S.A.</bullet8>
    <bullet9/>
    <bullet10/>
    <bullet11/>
    <bullet12/>
    <bullet13/>
    <bullet14/>
    <bullet15/>
    <bullet16/>
    <bullet17/>
    <bullet18/>
    <bullet19/>
    <bullet20/>
    <bullet21/>
    <bullet22/>
    <bullet23/>
    <bullet24/>
    <vendorPriceUpdateDate>2023-04-22 00:00:00</vendorPriceUpdateDate>
  </part>
  <part>
    <partNumber>08200101</partNumber>
    <punctuatedPartNumber>0820-0101</punctuatedPartNumber>
    <partStatusDescription>DISCONTINUED</partStatusDescription>
    <partDescription>Seat Mounting Kit - Torque V2 - Rear - For Two Seats</partDescription>
    <unitOfMeasure>Kit</unitOfMeasure>
    <brandName>BEARD SEATS</brandName>
    <supplierNumber>852-937</supplierNumber>
    <specialInstructions>Discontinued Item</specialInstructions>
    <baseDealerPrice>56.00</baseDealerPrice>
    <yourDealerPrice>56.00</yourDealerPrice>
    <baseRetailPrice>0.00</baseRetailPrice>
    <originalRetailPrice>99.98</originalRetailPrice>
    <partImage>http://asset.lemansnet.com/z/LzIvMS9BLzIxQTA5OUNGLUU5NkMtNDhDOC04MDQ1LTE5MzJFM0YwOUZFQSwvNy9FLzEvN0UxOTlBODctRTQzMy00Qzc3LTk2Q0MtQ0M2RkQ0RTdFMjMy</partImage>
    <productId>0031143634</productId>
    <productName>Torque V2 Seat Mount Kit</productName>
    <productImage>http://asset.lemansnet.com/z/LzIvMS9BLzIxQTA5OUNGLUU5NkMtNDhDOC04MDQ1LTE5MzJFM0YwOUZFQQ==</productImage>
    <bullet1>Mounting kit for Beard™ Torque V2 Seats</bullet1>
    <bullet2>Made in the U.S.A.</bullet2>
    <bullet3/>
    <bullet4/>
    <bullet5/>
    <bullet6/>
    <bullet7/>
    <bullet8/>
    <bullet9/>
    <bullet10/>
    <bullet11/>
    <bullet12/>
    <bullet13/>
    <bullet14/>
    <bullet15/>
    <bullet16/>
    <bullet17/>
    <bullet18/>
    <bullet19/>
    <bullet20/>
    <bullet21/>
    <bullet22/>
    <bullet23/>
    <bullet24/>
    <vendorPriceUpdateDate>2023-04-22 00:00:00</vendorPriceUpdateDate>
  </part>
  <part>
    <partNumber>08200156</partNumber>
    <punctuatedPartNumber>0820-0156</punctuatedPartNumber>
    <partStatusDescription>DISCONTINUED</partStatusDescription>
    <partDescription>Seat Mount Kit - For Two Seats - Torque V2 - Front</partDescription>
    <unitOfMeasure>Kit</unitOfMeasure>
    <brandName>BEARD SEATS</brandName>
    <supplierNumber>850-917</supplierNumber>
    <specialInstructions>Discontinued Item</specialInstructions>
    <baseDealerPrice>54.30</baseDealerPrice>
    <yourDealerPrice>54.30</yourDealerPrice>
    <baseRetailPrice>0.00</baseRetailPrice>
    <originalRetailPrice>96.99</originalRetailPrice>
    <partImage>http://asset.lemansnet.com/z/LzAvQS9CLzBBQkYxMEYwLTNENTItNDk3NS1BOTgwLTZEMkFFMDExOUM1RA==</partImage>
    <productId>1181825172</productId>
    <productName>Seat Mount</productName>
    <productImage>http://asset.lemansnet.com/z/LzcvQy82LzdDNkREQjFFLTRCNjUtNDdGNi04NUFDLUJBNjRBMEZEQ0RDOQ==</productImage>
    <bullet1>Designed to position your Beard™ seat and rider in the optimal location for comfort and performance</bullet1>
    <bullet2>All mounts are constructed of heavy-gauge mild steel for durability</bullet2>
    <bullet3>Required for use with Beard seats on specified OEM vehicles</bullet3>
    <bullet4>Retains OEM adjustability unless otherwise specified</bullet4>
    <bullet5>All necessary hardware included</bullet5>
    <bullet6>Made in the U.S.A.</bullet6>
    <bullet7/>
    <bullet8/>
    <bullet9/>
    <bullet10/>
    <bullet11/>
    <bullet12/>
    <bullet13/>
    <bullet14/>
    <bullet15/>
    <bullet16/>
    <bullet17/>
    <bullet18/>
    <bullet19/>
    <bullet20/>
    <bullet21/>
    <bullet22/>
    <bullet23/>
    <bullet24/>
    <vendorPriceUpdateDate>2023-04-22 00:00:00</vendorPriceUpdateDate>
  </part>
  <part>
    <partNumber>08200159</partNumber>
    <punctuatedPartNumber>0820-0159</punctuatedPartNumber>
    <partStatusDescription>DISCONTINUED</partStatusDescription>
    <partDescription>Seat Mount Kit - Single Fixed Seat - Torque V2 - Front</partDescription>
    <unitOfMeasure>Kit</unitOfMeasure>
    <brandName>BEARD SEATS</brandName>
    <supplierNumber>850-916</supplierNumber>
    <specialInstructions>Discontinued Item</specialInstructions>
    <baseDealerPrice>19.00</baseDealerPrice>
    <yourDealerPrice>19.00</yourDealerPrice>
    <baseRetailPrice>0.00</baseRetailPrice>
    <originalRetailPrice>33.99</originalRetailPrice>
    <partImage>http://asset.lemansnet.com/z/LzAvQi8yLzBCMjkxRkRCLThEMzItNDY0MC05MjEwLUI5QjhEMkZBODRERA==</partImage>
    <productId>1181825172</productId>
    <productName>Seat Mount</productName>
    <productImage>http://asset.lemansnet.com/z/LzcvQy82LzdDNkREQjFFLTRCNjUtNDdGNi04NUFDLUJBNjRBMEZEQ0RDOQ==</productImage>
    <bullet1>Designed to position your Beard™ seat and rider in the optimal location for comfort and performance</bullet1>
    <bullet2>All mounts are constructed of heavy-gauge mild steel for durability</bullet2>
    <bullet3>Required for use with Beard seats on specified OEM vehicles</bullet3>
    <bullet4>Retains OEM adjustability unless otherwise specified</bullet4>
    <bullet5>All necessary hardware included</bullet5>
    <bullet6>Made in the U.S.A.</bullet6>
    <bullet7/>
    <bullet8/>
    <bullet9/>
    <bullet10/>
    <bullet11/>
    <bullet12/>
    <bullet13/>
    <bullet14/>
    <bullet15/>
    <bullet16/>
    <bullet17/>
    <bullet18/>
    <bullet19/>
    <bullet20/>
    <bullet21/>
    <bullet22/>
    <bullet23/>
    <bullet24/>
    <vendorPriceUpdateDate>2021-11-22 00:00:00</vendorPriceUpdateDate>
  </part>
  <part>
    <partNumber>08200160</partNumber>
    <punctuatedPartNumber>0820-0160</punctuatedPartNumber>
    <partStatusDescription>DISCONTINUED</partStatusDescription>
    <partDescription>Seat Mount Kit - For Driver/Passenger Seat - Torque V2 - Front</partDescription>
    <unitOfMeasure>Kit</unitOfMeasure>
    <brandName>BEARD SEATS</brandName>
    <supplierNumber>850-914</supplierNumber>
    <specialInstructions>Discontinued Item</specialInstructions>
    <baseDealerPrice>52.60</baseDealerPrice>
    <yourDealerPrice>52.60</yourDealerPrice>
    <baseRetailPrice>0.00</baseRetailPrice>
    <originalRetailPrice>93.99</originalRetailPrice>
    <partImage>http://asset.lemansnet.com/z/LzcvQy82LzdDNkREQjFFLTRCNjUtNDdGNi04NUFDLUJBNjRBMEZEQ0RDOQ==</partImage>
    <productId>1181825172</productId>
    <productName>Seat Mount</productName>
    <productImage>http://asset.lemansnet.com/z/LzcvQy82LzdDNkREQjFFLTRCNjUtNDdGNi04NUFDLUJBNjRBMEZEQ0RDOQ==</productImage>
    <bullet1>Designed to position your Beard™ seat and rider in the optimal location for comfort and performance</bullet1>
    <bullet2>All mounts are constructed of heavy-gauge mild steel for durability</bullet2>
    <bullet3>Required for use with Beard seats on specified OEM vehicles</bullet3>
    <bullet4>Retains OEM adjustability unless otherwise specified</bullet4>
    <bullet5>All necessary hardware included</bullet5>
    <bullet6>Made in the U.S.A.</bullet6>
    <bullet7/>
    <bullet8/>
    <bullet9/>
    <bullet10/>
    <bullet11/>
    <bullet12/>
    <bullet13/>
    <bullet14/>
    <bullet15/>
    <bullet16/>
    <bullet17/>
    <bullet18/>
    <bullet19/>
    <bullet20/>
    <bullet21/>
    <bullet22/>
    <bullet23/>
    <bullet24/>
    <vendorPriceUpdateDate>2023-04-22 00:00:00</vendorPriceUpdateDate>
  </part>
  <part>
    <partNumber>45100551</partNumber>
    <punctuatedPartNumber>4510-0551</punctuatedPartNumber>
    <partStatusDescription>STANDARD</partStatusDescription>
    <partDescription>4-Point Seat Harness - Buckle Style</partDescription>
    <unitOfMeasure>Each</unitOfMeasure>
    <brandName>BEARD SEATS</brandName>
    <supplierNumber>880-220-02</supplierNumber>
    <specialInstructions/>
    <baseDealerPrice>69.99</baseDealerPrice>
    <yourDealerPrice>69.99</yourDealerPrice>
    <baseRetailPrice>99.99</baseRetailPrice>
    <originalRetailPrice>99.99</originalRetailPrice>
    <partImage>http://asset.lemansnet.com/z/LzcvQi9ELzdCRDdFRTE3LUIwRkQtNDU0Ny05QUM3LTM4QTMyN0U0NDk3OA==</partImage>
    <productId>0098343679</productId>
    <productName>Harness System</productName>
    <productImage>http://asset.lemansnet.com/z/LzcvQi9ELzdCRDdFRTE3LUIwRkQtNDU0Ny05QUM3LTM4QTMyN0U0NDk3OA==</productImage>
    <bullet1>Complete rider containment safety system</bullet1>
    <bullet2>Integrated shoulder pads and sternum straps</bullet2>
    <bullet3>Fully adjustable</bullet3>
    <bullet4>High-visibility release tabs</bullet4>
    <bullet5>Heavy-duty materials used throughout for strength and to resist wear and tear</bullet5>
    <bullet6>Thick padding for driver and passenger comfort</bullet6>
    <bullet7>Most applications require additional harness bar (sold separately).</bullet7>
    <bullet8/>
    <bullet9/>
    <bullet10/>
    <bullet11/>
    <bullet12/>
    <bullet13/>
    <bullet14/>
    <bullet15/>
    <bullet16/>
    <bullet17/>
    <bullet18/>
    <bullet19/>
    <bullet20/>
    <bullet21/>
    <bullet22/>
    <bullet23/>
    <bullet24/>
    <vendorPriceUpdateDate>2021-11-22 00:00:00</vendorPriceUpdateDate>
  </part>
  <part>
    <partNumber>45100552</partNumber>
    <punctuatedPartNumber>4510-0552</punctuatedPartNumber>
    <partStatusDescription>STANDARD</partStatusDescription>
    <partDescription>5-Point Seat Harness - Latch Style</partDescription>
    <unitOfMeasure>Each</unitOfMeasure>
    <brandName>BEARD SEATS</brandName>
    <supplierNumber>880-220-01</supplierNumber>
    <specialInstructions/>
    <baseDealerPrice>69.99</baseDealerPrice>
    <yourDealerPrice>69.99</yourDealerPrice>
    <baseRetailPrice>99.99</baseRetailPrice>
    <originalRetailPrice>129.95</originalRetailPrice>
    <partImage>http://asset.lemansnet.com/z/L0EvRS9FL0FFRTRCRkE3LTFBN0QtNEExOC1CMTQwLUIxOUM0M0IyRTU4NiwvNi85L0IvNjlCMzBDQzItQjA3Ny00MDIxLTk4Q0QtODJFRTJFRDdDOTlDLC81LzYvNS81NjU4MjMyMi0zQTU0LTQzRkEtQjkyOC00MDgzQUE1QkEyRTA=</partImage>
    <productId>0098343679</productId>
    <productName>Harness System</productName>
    <productImage>http://asset.lemansnet.com/z/LzcvQi9ELzdCRDdFRTE3LUIwRkQtNDU0Ny05QUM3LTM4QTMyN0U0NDk3OA==</productImage>
    <bullet1>Complete rider containment safety system</bullet1>
    <bullet2>Integrated shoulder pads and sternum straps</bullet2>
    <bullet3>Fully adjustable</bullet3>
    <bullet4>High-visibility release tabs</bullet4>
    <bullet5>Heavy-duty materials used throughout for strength and to resist wear and tear</bullet5>
    <bullet6>Thick padding for driver and passenger comfort</bullet6>
    <bullet7>Most applications require additional harness bar (sold separately).</bullet7>
    <bullet8/>
    <bullet9/>
    <bullet10/>
    <bullet11/>
    <bullet12/>
    <bullet13/>
    <bullet14/>
    <bullet15/>
    <bullet16/>
    <bullet17/>
    <bullet18/>
    <bullet19/>
    <bullet20/>
    <bullet21/>
    <bullet22/>
    <bullet23/>
    <bullet24/>
    <vendorPriceUpdateDate>2021-11-22 00:00:00</vendorPriceUpdateDate>
  </part>
  <part>
    <partNumber>08120026</partNumber>
    <punctuatedPartNumber>0812-0026</punctuatedPartNumber>
    <partStatusDescription>STANDARD</partStatusDescription>
    <partDescription>Seat Mounting Kit - Torque V2 - Front - For Driver/Passenger Seat</partDescription>
    <unitOfMeasure>Kit</unitOfMeasure>
    <brandName>BEARD SEATS</brandName>
    <supplierNumber>850-903</supplierNumber>
    <specialInstructions>Discontinued Per Buyer</specialInstructions>
    <baseDealerPrice>104.99</baseDealerPrice>
    <yourDealerPrice>104.99</yourDealerPrice>
    <baseRetailPrice>149.99</baseRetailPrice>
    <originalRetailPrice>154.95</originalRetailPrice>
    <partImage>http://asset.lemansnet.com/z/LzEvQi83LzFCN0REMjNCLTBDNEItNDMyOS04MTYxLTJERUEyMDRGMTYzMA==</partImage>
    <productId>0385627568</productId>
    <productName>Torque V2 Seat Mount Kit</productName>
    <productImage>http://asset.lemansnet.com/z/LzIvMS9BLzIxQTA5OUNGLUU5NkMtNDhDOC04MDQ1LTE5MzJFM0YwOUZFQQ==</productImage>
    <bullet1>Mounting kit for Beard™ Torque V2 Seats</bullet1>
    <bullet2>Made in the U.S.A.</bullet2>
    <bullet3/>
    <bullet4/>
    <bullet5/>
    <bullet6/>
    <bullet7/>
    <bullet8/>
    <bullet9/>
    <bullet10/>
    <bullet11/>
    <bullet12/>
    <bullet13/>
    <bullet14/>
    <bullet15/>
    <bullet16/>
    <bullet17/>
    <bullet18/>
    <bullet19/>
    <bullet20/>
    <bullet21/>
    <bullet22/>
    <bullet23/>
    <bullet24/>
    <vendorPriceUpdateDate>2023-04-22 00:00:00</vendorPriceUpdateDate>
  </part>
  <part>
    <partNumber>08120039</partNumber>
    <punctuatedPartNumber>0812-0039</punctuatedPartNumber>
    <partStatusDescription>STANDARD</partStatusDescription>
    <partDescription>Seat - Torque V2 - Front - Black</partDescription>
    <unitOfMeasure>Each</unitOfMeasure>
    <brandName>BEARD SEATS</brandName>
    <supplierNumber>850-520</supplierNumber>
    <specialInstructions>Discontinued Per Buyer</specialInstructions>
    <baseDealerPrice>325.79</baseDealerPrice>
    <yourDealerPrice>325.79</yourDealerPrice>
    <baseRetailPrice>465.42</baseRetailPrice>
    <originalRetailPrice>465.42</originalRetailPrice>
    <partImage>http://asset.lemansnet.com/z/L0YvNy8wL0Y3MEVCQjZCLTlGREYtNDAzNy05QkI3LUZDRDFDMjA1QTRGQg==</partImage>
    <productId>1982773670</productId>
    <productName>Torque V2 Front Seat — Each</productName>
    <productImage>http://asset.lemansnet.com/z/L0YvNy8wL0Y3MEVCQjZCLTlGREYtNDAzNy05QkI3LUZDRDFDMjA1QTRGQg==</productImage>
    <bullet1>Ergonomics are designed to provide the ideal seat angle and pitch for performance driving and boosted containment</bullet1>
    <bullet2>Sleek new seat cover made from marine-grade vinyl for ultimate durability</bullet2>
    <bullet3>New injection-molded harness pass-through</bullet3>
    <bullet4>Four-point restraint harness compatible</bullet4>
    <bullet5>New sand drain helps remove debris</bullet5>
    <bullet6>Fully compatible with stock roll cage</bullet6>
    <bullet7>More aggressive seat profile</bullet7>
    <bullet8>Made in the U.S.A.</bullet8>
    <bullet9/>
    <bullet10/>
    <bullet11/>
    <bullet12/>
    <bullet13/>
    <bullet14/>
    <bullet15/>
    <bullet16/>
    <bullet17/>
    <bullet18/>
    <bullet19/>
    <bullet20/>
    <bullet21/>
    <bullet22/>
    <bullet23/>
    <bullet24/>
    <vendorPriceUpdateDate>2021-11-22 00:00:00</vendorPriceUpdateDate>
  </part>
  <part>
    <partNumber>08120040</partNumber>
    <punctuatedPartNumber>0812-0040</punctuatedPartNumber>
    <partStatusDescription>STANDARD</partStatusDescription>
    <partDescription>Seat - Torque V2 - Front - Black/Red</partDescription>
    <unitOfMeasure>Each</unitOfMeasure>
    <brandName>BEARD SEATS</brandName>
    <supplierNumber>850-521</supplierNumber>
    <specialInstructions>Discontinued Per Buyer</specialInstructions>
    <baseDealerPrice>325.79</baseDealerPrice>
    <yourDealerPrice>325.79</yourDealerPrice>
    <baseRetailPrice>465.42</baseRetailPrice>
    <originalRetailPrice>465.42</originalRetailPrice>
    <partImage>http://asset.lemansnet.com/z/LzYvNC8xLzY0MTcyRjBBLUYzMzEtNDg3Mi04MEEzLUUxOTY1NDA0NkRBRg==</partImage>
    <productId>1982773670</productId>
    <productName>Torque V2 Front Seat — Each</productName>
    <productImage>http://asset.lemansnet.com/z/L0YvNy8wL0Y3MEVCQjZCLTlGREYtNDAzNy05QkI3LUZDRDFDMjA1QTRGQg==</productImage>
    <bullet1>Ergonomics are designed to provide the ideal seat angle and pitch for performance driving and boosted containment</bullet1>
    <bullet2>Sleek new seat cover made from marine-grade vinyl for ultimate durability</bullet2>
    <bullet3>New injection-molded harness pass-through</bullet3>
    <bullet4>Four-point restraint harness compatible</bullet4>
    <bullet5>New sand drain helps remove debris</bullet5>
    <bullet6>Fully compatible with stock roll cage</bullet6>
    <bullet7>More aggressive seat profile</bullet7>
    <bullet8>Made in the U.S.A.</bullet8>
    <bullet9/>
    <bullet10/>
    <bullet11/>
    <bullet12/>
    <bullet13/>
    <bullet14/>
    <bullet15/>
    <bullet16/>
    <bullet17/>
    <bullet18/>
    <bullet19/>
    <bullet20/>
    <bullet21/>
    <bullet22/>
    <bullet23/>
    <bullet24/>
    <vendorPriceUpdateDate>2021-11-22 00:00:00</vendorPriceUpdateDate>
  </part>
  <part>
    <partNumber>08120041</partNumber>
    <punctuatedPartNumber>0812-0041</punctuatedPartNumber>
    <partStatusDescription>STANDARD</partStatusDescription>
    <partDescription>Seat - Torque V2 - Front - Black/Orange</partDescription>
    <unitOfMeasure>Each</unitOfMeasure>
    <brandName>BEARD SEATS</brandName>
    <supplierNumber>850-525</supplierNumber>
    <specialInstructions>Discontinued Per Buyer</specialInstructions>
    <baseDealerPrice>325.79</baseDealerPrice>
    <yourDealerPrice>325.79</yourDealerPrice>
    <baseRetailPrice>465.42</baseRetailPrice>
    <originalRetailPrice>465.42</originalRetailPrice>
    <partImage>http://asset.lemansnet.com/z/LzgvMy8yLzgzMjk0OTM3LTVEN0MtNDNBMi05QjRCLTIwMzAyNTY2QUJDQg==</partImage>
    <productId>1982773670</productId>
    <productName>Torque V2 Front Seat — Each</productName>
    <productImage>http://asset.lemansnet.com/z/L0YvNy8wL0Y3MEVCQjZCLTlGREYtNDAzNy05QkI3LUZDRDFDMjA1QTRGQg==</productImage>
    <bullet1>Ergonomics are designed to provide the ideal seat angle and pitch for performance driving and boosted containment</bullet1>
    <bullet2>Sleek new seat cover made from marine-grade vinyl for ultimate durability</bullet2>
    <bullet3>New injection-molded harness pass-through</bullet3>
    <bullet4>Four-point restraint harness compatible</bullet4>
    <bullet5>New sand drain helps remove debris</bullet5>
    <bullet6>Fully compatible with stock roll cage</bullet6>
    <bullet7>More aggressive seat profile</bullet7>
    <bullet8>Made in the U.S.A.</bullet8>
    <bullet9/>
    <bullet10/>
    <bullet11/>
    <bullet12/>
    <bullet13/>
    <bullet14/>
    <bullet15/>
    <bullet16/>
    <bullet17/>
    <bullet18/>
    <bullet19/>
    <bullet20/>
    <bullet21/>
    <bullet22/>
    <bullet23/>
    <bullet24/>
    <vendorPriceUpdateDate>2020-11-13 00:00:00</vendorPriceUpdateDate>
  </part>
  <part>
    <partNumber>08120092</partNumber>
    <punctuatedPartNumber>0812-0092</punctuatedPartNumber>
    <partStatusDescription>STANDARD</partStatusDescription>
    <partDescription>Seat - Torque V2 - Front - Black/Gray</partDescription>
    <unitOfMeasure>Pair</unitOfMeasure>
    <brandName>BEARD SEATS</brandName>
    <supplierNumber>852-530</supplierNumber>
    <specialInstructions>Discontinued Per Buyer</specialInstructions>
    <baseDealerPrice>651.69</baseDealerPrice>
    <yourDealerPrice>651.69</yourDealerPrice>
    <baseRetailPrice>930.99</baseRetailPrice>
    <originalRetailPrice>930.99</originalRetailPrice>
    <partImage>http://asset.lemansnet.com/z/L0EvOS9DL0E5Q0QyMzM4LTIwRDgtNDJGRS1BNDYxLTc2ODEzNkYwRkVBMg==</partImage>
    <productId>1309361649</productId>
    <productName>Torque V2 Front Seat — Pair</productName>
    <productImage>http://asset.lemansnet.com/z/L0YvNy8wL0Y3MEVCQjZCLTlGREYtNDAzNy05QkI3LUZDRDFDMjA1QTRGQg==</productImage>
    <bullet1>Ergonomics are designed to provide the ideal seat angle and pitch for performance driving and boosted containment</bullet1>
    <bullet2>Sleek new seat cover made from marine-grade vinyl for ultimate durability</bullet2>
    <bullet3>New injection-molded harness pass-through</bullet3>
    <bullet4>Four-point restraint harness compatible</bullet4>
    <bullet5>New sand drain helps remove debris</bullet5>
    <bullet6>Fully compatible with stock roll cage</bullet6>
    <bullet7>More aggressive seat profile</bullet7>
    <bullet8>Made in the U.S.A.</bullet8>
    <bullet9/>
    <bullet10/>
    <bullet11/>
    <bullet12/>
    <bullet13/>
    <bullet14/>
    <bullet15/>
    <bullet16/>
    <bullet17/>
    <bullet18/>
    <bullet19/>
    <bullet20/>
    <bullet21/>
    <bullet22/>
    <bullet23/>
    <bullet24/>
    <vendorPriceUpdateDate>2023-04-22 00:00:00</vendorPriceUpdateDate>
  </part>
  <part>
    <partNumber>08120093</partNumber>
    <punctuatedPartNumber>0812-0093</punctuatedPartNumber>
    <partStatusDescription>STANDARD</partStatusDescription>
    <partDescription>Seat - Torque V2 - Front - Black/Red</partDescription>
    <unitOfMeasure>Pair</unitOfMeasure>
    <brandName>BEARD SEATS</brandName>
    <supplierNumber>852-531</supplierNumber>
    <specialInstructions>Discontinued Per Buyer</specialInstructions>
    <baseDealerPrice>651.69</baseDealerPrice>
    <yourDealerPrice>651.69</yourDealerPrice>
    <baseRetailPrice>930.99</baseRetailPrice>
    <originalRetailPrice>930.99</originalRetailPrice>
    <partImage>http://asset.lemansnet.com/z/L0MvMC9EL0MwRENEMjk1LTIwNTYtNDM3QS1BMTI1LUI1M0QxMDU0OUZDQQ==</partImage>
    <productId>1309361649</productId>
    <productName>Torque V2 Front Seat — Pair</productName>
    <productImage>http://asset.lemansnet.com/z/L0YvNy8wL0Y3MEVCQjZCLTlGREYtNDAzNy05QkI3LUZDRDFDMjA1QTRGQg==</productImage>
    <bullet1>Ergonomics are designed to provide the ideal seat angle and pitch for performance driving and boosted containment</bullet1>
    <bullet2>Sleek new seat cover made from marine-grade vinyl for ultimate durability</bullet2>
    <bullet3>New injection-molded harness pass-through</bullet3>
    <bullet4>Four-point restraint harness compatible</bullet4>
    <bullet5>New sand drain helps remove debris</bullet5>
    <bullet6>Fully compatible with stock roll cage</bullet6>
    <bullet7>More aggressive seat profile</bullet7>
    <bullet8>Made in the U.S.A.</bullet8>
    <bullet9/>
    <bullet10/>
    <bullet11/>
    <bullet12/>
    <bullet13/>
    <bullet14/>
    <bullet15/>
    <bullet16/>
    <bullet17/>
    <bullet18/>
    <bullet19/>
    <bullet20/>
    <bullet21/>
    <bullet22/>
    <bullet23/>
    <bullet24/>
    <vendorPriceUpdateDate>2023-04-22 00:00:00</vendorPriceUpdateDate>
  </part>
  <part>
    <partNumber>08120097</partNumber>
    <punctuatedPartNumber>0812-0097</punctuatedPartNumber>
    <partStatusDescription>STANDARD</partStatusDescription>
    <partDescription>Seat - Torque V2 - Front - Black/Blue</partDescription>
    <unitOfMeasure>Pair</unitOfMeasure>
    <brandName>BEARD SEATS</brandName>
    <supplierNumber>852-536</supplierNumber>
    <specialInstructions>Discontinued Per Buyer</specialInstructions>
    <baseDealerPrice>651.69</baseDealerPrice>
    <yourDealerPrice>651.69</yourDealerPrice>
    <baseRetailPrice>930.99</baseRetailPrice>
    <originalRetailPrice>930.99</originalRetailPrice>
    <partImage>http://asset.lemansnet.com/z/LzkvMC85LzkwOTgwMkZDLUNEQjMtNDg4NC1CMTlDLTUzNzVFOTFCMDFFQw==</partImage>
    <productId>1309361649</productId>
    <productName>Torque V2 Front Seat — Pair</productName>
    <productImage>http://asset.lemansnet.com/z/L0YvNy8wL0Y3MEVCQjZCLTlGREYtNDAzNy05QkI3LUZDRDFDMjA1QTRGQg==</productImage>
    <bullet1>Ergonomics are designed to provide the ideal seat angle and pitch for performance driving and boosted containment</bullet1>
    <bullet2>Sleek new seat cover made from marine-grade vinyl for ultimate durability</bullet2>
    <bullet3>New injection-molded harness pass-through</bullet3>
    <bullet4>Four-point restraint harness compatible</bullet4>
    <bullet5>New sand drain helps remove debris</bullet5>
    <bullet6>Fully compatible with stock roll cage</bullet6>
    <bullet7>More aggressive seat profile</bullet7>
    <bullet8>Made in the U.S.A.</bullet8>
    <bullet9/>
    <bullet10/>
    <bullet11/>
    <bullet12/>
    <bullet13/>
    <bullet14/>
    <bullet15/>
    <bullet16/>
    <bullet17/>
    <bullet18/>
    <bullet19/>
    <bullet20/>
    <bullet21/>
    <bullet22/>
    <bullet23/>
    <bullet24/>
    <vendorPriceUpdateDate>2023-04-22 00:00:00</vendorPriceUpdateDate>
  </part>
  <part>
    <partNumber>08120098</partNumber>
    <punctuatedPartNumber>0812-0098</punctuatedPartNumber>
    <partStatusDescription>STANDARD</partStatusDescription>
    <partDescription>Rear Torque V2 Seat - Black/Gray</partDescription>
    <unitOfMeasure>Pair</unitOfMeasure>
    <brandName>BEARD SEATS</brandName>
    <supplierNumber>852-530-2</supplierNumber>
    <specialInstructions>Discontinued Per Buyer</specialInstructions>
    <baseDealerPrice>651.69</baseDealerPrice>
    <yourDealerPrice>651.69</yourDealerPrice>
    <baseRetailPrice>930.99</baseRetailPrice>
    <originalRetailPrice>930.99</originalRetailPrice>
    <partImage>http://asset.lemansnet.com/z/L0MvMS9EL0MxREVFRERFLTMzQTQtNEQ4Ni1BRkVDLTUxRDQ0QzIwQjlFNw==</partImage>
    <productId>1648420372</productId>
    <productName>V2 Torque Rear Seat</productName>
    <productImage>http://asset.lemansnet.com/z/L0MvMS9EL0MxREVFRERFLTMzQTQtNEQ4Ni1BRkVDLTUxRDQ0QzIwQjlFNw==</productImage>
    <bullet1>Shortened bottom cushion provides the same amount of legroom as the OEM rear seat</bullet1>
    <bullet2>Features the same level of suspension and containment as a Torque seat</bullet2>
    <bullet3>Fully compatible with the OEM roll cage</bullet3>
    <bullet4>Four-point safety harness compatible</bullet4>
    <bullet5>Install quickly</bullet5>
    <bullet6/>
    <bullet7/>
    <bullet8/>
    <bullet9/>
    <bullet10/>
    <bullet11/>
    <bullet12/>
    <bullet13/>
    <bullet14/>
    <bullet15/>
    <bullet16/>
    <bullet17/>
    <bullet18/>
    <bullet19/>
    <bullet20/>
    <bullet21/>
    <bullet22/>
    <bullet23/>
    <bullet24/>
    <vendorPriceUpdateDate>2023-04-22 00:00:00</vendorPriceUpdateDate>
  </part>
  <part>
    <partNumber>08200076</partNumber>
    <punctuatedPartNumber>0820-0076</punctuatedPartNumber>
    <partStatusDescription>STANDARD</partStatusDescription>
    <partDescription>Seat Mounting Kit - Torque V2 - Front - For Driver/Passenger Seat</partDescription>
    <unitOfMeasure>Kit</unitOfMeasure>
    <brandName>BEARD SEATS</brandName>
    <supplierNumber>850-910</supplierNumber>
    <specialInstructions>Discontinued Per Buyer</specialInstructions>
    <baseDealerPrice>52.49</baseDealerPrice>
    <yourDealerPrice>52.49</yourDealerPrice>
    <baseRetailPrice>74.99</baseRetailPrice>
    <originalRetailPrice>74.99</originalRetailPrice>
    <partImage>http://asset.lemansnet.com/z/L0EvRC80L0FENDMzNjFCLUMyQ0MtNERCMy1CODU4LTQ4QkRFNjg4MkQzQQ==</partImage>
    <productId>0385627568</productId>
    <productName>Torque V2 Seat Mount Kit</productName>
    <productImage>http://asset.lemansnet.com/z/LzIvMS9BLzIxQTA5OUNGLUU5NkMtNDhDOC04MDQ1LTE5MzJFM0YwOUZFQQ==</productImage>
    <bullet1>Mounting kit for Beard™ Torque V2 Seats</bullet1>
    <bullet2>Made in the U.S.A.</bullet2>
    <bullet3/>
    <bullet4/>
    <bullet5/>
    <bullet6/>
    <bullet7/>
    <bullet8/>
    <bullet9/>
    <bullet10/>
    <bullet11/>
    <bullet12/>
    <bullet13/>
    <bullet14/>
    <bullet15/>
    <bullet16/>
    <bullet17/>
    <bullet18/>
    <bullet19/>
    <bullet20/>
    <bullet21/>
    <bullet22/>
    <bullet23/>
    <bullet24/>
    <vendorPriceUpdateDate>2023-04-22 00:00:00</vendorPriceUpdateDate>
  </part>
  <part>
    <partNumber>08200088</partNumber>
    <punctuatedPartNumber>0820-0088</punctuatedPartNumber>
    <partStatusDescription>STANDARD</partStatusDescription>
    <partDescription>Seat Mounting Kit - Torque V2 - Front - For Single Seat</partDescription>
    <unitOfMeasure>Kit</unitOfMeasure>
    <brandName>BEARD SEATS</brandName>
    <supplierNumber>850-909</supplierNumber>
    <specialInstructions>Discontinued Per Buyer</specialInstructions>
    <baseDealerPrice>52.49</baseDealerPrice>
    <yourDealerPrice>52.49</yourDealerPrice>
    <baseRetailPrice>74.99</baseRetailPrice>
    <originalRetailPrice>74.99</originalRetailPrice>
    <partImage>http://asset.lemansnet.com/z/LzMvQy8xLzNDMTIwRTYzLUQ0NUMtNDAwQi1CREQ4LTA3REE4MkI0OTVEMA==</partImage>
    <productId>0385627568</productId>
    <productName>Torque V2 Seat Mount Kit</productName>
    <productImage>http://asset.lemansnet.com/z/LzIvMS9BLzIxQTA5OUNGLUU5NkMtNDhDOC04MDQ1LTE5MzJFM0YwOUZFQQ==</productImage>
    <bullet1>Mounting kit for Beard™ Torque V2 Seats</bullet1>
    <bullet2>Made in the U.S.A.</bullet2>
    <bullet3/>
    <bullet4/>
    <bullet5/>
    <bullet6/>
    <bullet7/>
    <bullet8/>
    <bullet9/>
    <bullet10/>
    <bullet11/>
    <bullet12/>
    <bullet13/>
    <bullet14/>
    <bullet15/>
    <bullet16/>
    <bullet17/>
    <bullet18/>
    <bullet19/>
    <bullet20/>
    <bullet21/>
    <bullet22/>
    <bullet23/>
    <bullet24/>
    <vendorPriceUpdateDate>2021-11-22 00:00:00</vendorPriceUpdateDate>
  </part>
  <part>
    <partNumber>08200102</partNumber>
    <punctuatedPartNumber>0820-0102</punctuatedPartNumber>
    <partStatusDescription>STANDARD</partStatusDescription>
    <partDescription>Seat Mounting Kit - Torque V2 - Rear - For Two Seats</partDescription>
    <unitOfMeasure>Kit</unitOfMeasure>
    <brandName>BEARD SEATS</brandName>
    <supplierNumber>852-938</supplierNumber>
    <specialInstructions>Discontinued Per Buyer</specialInstructions>
    <baseDealerPrice>83.99</baseDealerPrice>
    <yourDealerPrice>83.99</yourDealerPrice>
    <baseRetailPrice>119.98</baseRetailPrice>
    <originalRetailPrice>119.98</originalRetailPrice>
    <partImage>http://asset.lemansnet.com/z/LzkvQS9DLzlBQzVFRkQ5LTZERDgtNDQ3NC04NjdDLTM0QTdDNzY0QUY1RQ==</partImage>
    <productId>0385627568</productId>
    <productName>Torque V2 Seat Mount Kit</productName>
    <productImage>http://asset.lemansnet.com/z/LzIvMS9BLzIxQTA5OUNGLUU5NkMtNDhDOC04MDQ1LTE5MzJFM0YwOUZFQQ==</productImage>
    <bullet1>Mounting kit for Beard™ Torque V2 Seats</bullet1>
    <bullet2>Made in the U.S.A.</bullet2>
    <bullet3/>
    <bullet4/>
    <bullet5/>
    <bullet6/>
    <bullet7/>
    <bullet8/>
    <bullet9/>
    <bullet10/>
    <bullet11/>
    <bullet12/>
    <bullet13/>
    <bullet14/>
    <bullet15/>
    <bullet16/>
    <bullet17/>
    <bullet18/>
    <bullet19/>
    <bullet20/>
    <bullet21/>
    <bullet22/>
    <bullet23/>
    <bullet24/>
    <vendorPriceUpdateDate>2023-04-22 00:00:00</vendorPriceUpdateDate>
  </part>
  <part>
    <partNumber>08200103</partNumber>
    <punctuatedPartNumber>0820-0103</punctuatedPartNumber>
    <partStatusDescription>STANDARD</partStatusDescription>
    <partDescription>Seat Mounting Kit - Torque V2 - Front - For Two Seats</partDescription>
    <unitOfMeasure>Kit</unitOfMeasure>
    <brandName>BEARD SEATS</brandName>
    <supplierNumber>852-939</supplierNumber>
    <specialInstructions>Discontinued Per Buyer</specialInstructions>
    <baseDealerPrice>104.99</baseDealerPrice>
    <yourDealerPrice>104.99</yourDealerPrice>
    <baseRetailPrice>149.98</baseRetailPrice>
    <originalRetailPrice>149.98</originalRetailPrice>
    <partImage>http://asset.lemansnet.com/z/L0MvNi8wL0M2MDBDNkU4LTc2NzktNDMyMC1CN0JBLTM5NDk3MDgwQjk5Mg==</partImage>
    <productId>1200598159</productId>
    <productName>Torque V2 Seat Mount Kit</productName>
    <productImage>http://asset.lemansnet.com/z/LzIvMS9BLzIxQTA5OUNGLUU5NkMtNDhDOC04MDQ1LTE5MzJFM0YwOUZFQQ==</productImage>
    <bullet1>Mounting kit for Beard™ Torque V2 Seats</bullet1>
    <bullet2>Made in the U.S.A.</bullet2>
    <bullet3/>
    <bullet4/>
    <bullet5/>
    <bullet6/>
    <bullet7/>
    <bullet8/>
    <bullet9/>
    <bullet10/>
    <bullet11/>
    <bullet12/>
    <bullet13/>
    <bullet14/>
    <bullet15/>
    <bullet16/>
    <bullet17/>
    <bullet18/>
    <bullet19/>
    <bullet20/>
    <bullet21/>
    <bullet22/>
    <bullet23/>
    <bullet24/>
    <vendorPriceUpdateDate>2023-04-22 00:00:00</vendorPriceUpdateDate>
  </part>
  <part>
    <partNumber>08200104</partNumber>
    <punctuatedPartNumber>0820-0104</punctuatedPartNumber>
    <partStatusDescription>STANDARD</partStatusDescription>
    <partDescription>Seat Mounting Kit - Torque V2 - Rear - For Two Seats</partDescription>
    <unitOfMeasure>Kit</unitOfMeasure>
    <brandName>BEARD SEATS</brandName>
    <supplierNumber>850-931</supplierNumber>
    <specialInstructions>Discontinued Per Buyer</specialInstructions>
    <baseDealerPrice>46.89</baseDealerPrice>
    <yourDealerPrice>46.89</yourDealerPrice>
    <baseRetailPrice>66.99</baseRetailPrice>
    <originalRetailPrice>69.95</originalRetailPrice>
    <partImage>http://asset.lemansnet.com/z/LzMvMS8xLzMxMTQ3RDRCLTM0QUUtNDE4RC05M0M4LTA1NUU2NTYzREIyOQ==</partImage>
    <productId>0069105964</productId>
    <productName>Torque V2 Seat Mount Kit</productName>
    <productImage>http://asset.lemansnet.com/z/LzIvMS9BLzIxQTA5OUNGLUU5NkMtNDhDOC04MDQ1LTE5MzJFM0YwOUZFQQ==</productImage>
    <bullet1>Mounting kit for Beard™ Torque V2 Seats</bullet1>
    <bullet2>Made in the U.S.A.</bullet2>
    <bullet3/>
    <bullet4/>
    <bullet5/>
    <bullet6/>
    <bullet7/>
    <bullet8/>
    <bullet9/>
    <bullet10/>
    <bullet11/>
    <bullet12/>
    <bullet13/>
    <bullet14/>
    <bullet15/>
    <bullet16/>
    <bullet17/>
    <bullet18/>
    <bullet19/>
    <bullet20/>
    <bullet21/>
    <bullet22/>
    <bullet23/>
    <bullet24/>
    <vendorPriceUpdateDate>2023-04-22 00:00:00</vendorPriceUpdateDate>
  </part>
  <part>
    <partNumber>05210909</partNumber>
    <punctuatedPartNumber>0521-0909</punctuatedPartNumber>
    <partStatusDescription>STANDARD</partStatusDescription>
    <partDescription>Beard™ Door Kit - Black</partDescription>
    <unitOfMeasure>Pair</unitOfMeasure>
    <brandName>BEARD SEATS</brandName>
    <supplierNumber>860-201</supplierNumber>
    <specialInstructions>Discontinued Per Buyer</specialInstructions>
    <baseDealerPrice>490.90</baseDealerPrice>
    <yourDealerPrice>490.90</yourDealerPrice>
    <baseRetailPrice>629.99</baseRetailPrice>
    <originalRetailPrice>629.99</originalRetailPrice>
    <partImage>http://asset.lemansnet.com/z/LzEvRS8yLzFFMkNENTc5LTZDREUtNDI5Mi1BQTlFLUE0QjQ0NjlCOTUzMCwvNS82LzIvNTYyNTZBN0QtN0RBNC00REUyLTg2RUMtM0MwOTEzODczMUNG</partImage>
    <productId>0687777447</productId>
    <productName>Door Kit</productName>
    <productImage>http://asset.lemansnet.com/z/LzMvNS8zLzM1Mzg2MzgwLTFFQTYtNEM0MC05REQzLUEyNTVENTVBNjMyNw==</productImage>
    <bullet1>Doors feature a super-strong internal steel frame design with high-impact plastic skin</bullet1>
    <bullet2>Automotive styling - looks like a factory installation</bullet2>
    <bullet3>Suicide-door design for easy in/out of the UTV</bullet3>
    <bullet4>Retains access to area behind the seats</bullet4>
    <bullet5>Positive, secure latching mechanism</bullet5>
    <bullet6>Will not flex, bend or break like aluminum doors</bullet6>
    <bullet7>Door can be quickly removed</bullet7>
    <bullet8>Made in the U.S.A.</bullet8>
    <bullet9/>
    <bullet10/>
    <bullet11/>
    <bullet12/>
    <bullet13/>
    <bullet14/>
    <bullet15/>
    <bullet16/>
    <bullet17/>
    <bullet18/>
    <bullet19/>
    <bullet20/>
    <bullet21/>
    <bullet22/>
    <bullet23/>
    <bullet24/>
    <vendorPriceUpdateDate>2023-04-22 00:00:00</vendorPriceUpdateDate>
  </part>
  <part>
    <partNumber>05211109</partNumber>
    <punctuatedPartNumber>0521-1109</punctuatedPartNumber>
    <partStatusDescription>STANDARD</partStatusDescription>
    <partDescription>Beard™ Door Kit - Black</partDescription>
    <unitOfMeasure>Pair</unitOfMeasure>
    <brandName>BEARD SEATS</brandName>
    <supplierNumber>860-300</supplierNumber>
    <specialInstructions>Discontinued Per Buyer</specialInstructions>
    <baseDealerPrice>279.99</baseDealerPrice>
    <yourDealerPrice>279.99</yourDealerPrice>
    <baseRetailPrice>399.99</baseRetailPrice>
    <originalRetailPrice>399.99</originalRetailPrice>
    <partImage>http://asset.lemansnet.com/z/L0IvQS8wL0JBMDEyMkEyLUUxNEQtNDVFQS1CODJGLTFDRTcwQkI1Q0U0NQ==</partImage>
    <productId>0687777447</productId>
    <productName>Door Kit</productName>
    <productImage>http://asset.lemansnet.com/z/LzMvNS8zLzM1Mzg2MzgwLTFFQTYtNEM0MC05REQzLUEyNTVENTVBNjMyNw==</productImage>
    <bullet1>Doors feature a super-strong internal steel frame design with high-impact plastic skin</bullet1>
    <bullet2>Automotive styling - looks like a factory installation</bullet2>
    <bullet3>Suicide-door design for easy in/out of the UTV</bullet3>
    <bullet4>Retains access to area behind the seats</bullet4>
    <bullet5>Positive, secure latching mechanism</bullet5>
    <bullet6>Will not flex, bend or break like aluminum doors</bullet6>
    <bullet7>Door can be quickly removed</bullet7>
    <bullet8>Made in the U.S.A.</bullet8>
    <bullet9/>
    <bullet10/>
    <bullet11/>
    <bullet12/>
    <bullet13/>
    <bullet14/>
    <bullet15/>
    <bullet16/>
    <bullet17/>
    <bullet18/>
    <bullet19/>
    <bullet20/>
    <bullet21/>
    <bullet22/>
    <bullet23/>
    <bullet24/>
    <vendorPriceUpdateDate>2023-04-22 00:00:00</vendorPriceUpdateDate>
  </part>
  <part>
    <partNumber>06400479</partNumber>
    <punctuatedPartNumber>0640-0479</punctuatedPartNumber>
    <partStatusDescription>STANDARD</partStatusDescription>
    <partDescription>Mirror - Rear View - Rectangle - Chrome - Kit</partDescription>
    <unitOfMeasure>Kit</unitOfMeasure>
    <brandName>BEARD SEATS</brandName>
    <supplierNumber>895-100-04</supplierNumber>
    <specialInstructions>Discontinued Per Buyer</specialInstructions>
    <baseDealerPrice>83.90</baseDealerPrice>
    <yourDealerPrice>83.90</yourDealerPrice>
    <baseRetailPrice>119.95</baseRetailPrice>
    <originalRetailPrice>119.95</originalRetailPrice>
    <partImage>http://asset.lemansnet.com/z/L0EvNS81L0E1NUUyNDM4LUU0M0MtNEY3OC1BQUVDLUUzMjBGNDNBMjc5MSwvOS82LzUvOTY1NEE5MzUtQjM5Mi00REU5LTk0QTktRTA0N0E0RDQwNUZE</partImage>
    <productId>2071622730</productId>
    <productName>Rear View Mirror with Mount Kit</productName>
    <productImage>http://asset.lemansnet.com/z/LzcvMC9CLzcwQkEyQjgwLUZFNzItNDA3OC04NThELTQyNjYzN0VGNjlFRg==</productImage>
    <bullet1>Kit includes a 14" rear view, single pane, wide angle mirror for the widest possible view</bullet1>
    <bullet2>Durable billet clamp-on design for easy installation, fully adjustable</bullet2>
    <bullet3/>
    <bullet4/>
    <bullet5/>
    <bullet6/>
    <bullet7/>
    <bullet8/>
    <bullet9/>
    <bullet10/>
    <bullet11/>
    <bullet12/>
    <bullet13/>
    <bullet14/>
    <bullet15/>
    <bullet16/>
    <bullet17/>
    <bullet18/>
    <bullet19/>
    <bullet20/>
    <bullet21/>
    <bullet22/>
    <bullet23/>
    <bullet24/>
    <vendorPriceUpdateDate>2023-04-22 00:00:00</vendorPriceUpdateDate>
  </part>
  <part>
    <partNumber>06400638</partNumber>
    <punctuatedPartNumber>0640-0638</punctuatedPartNumber>
    <partStatusDescription>STANDARD</partStatusDescription>
    <partDescription>Mirror - Rear View - Rectangle - Chrome - Kit</partDescription>
    <unitOfMeasure>Kit</unitOfMeasure>
    <brandName>BEARD SEATS</brandName>
    <supplierNumber>895-100-02</supplierNumber>
    <specialInstructions>Discontinued Per Buyer</specialInstructions>
    <baseDealerPrice>83.90</baseDealerPrice>
    <yourDealerPrice>83.90</yourDealerPrice>
    <baseRetailPrice>119.95</baseRetailPrice>
    <originalRetailPrice>119.95</originalRetailPrice>
    <partImage>http://asset.lemansnet.com/z/LzMvQy80LzNDNDMxRDFELTdEN0UtNDlFQi1CRjhBLTg2MDE4QkVGMTEzRg==</partImage>
    <productId>2071622730</productId>
    <productName>Rear View Mirror with Mount Kit</productName>
    <productImage>http://asset.lemansnet.com/z/LzcvMC9CLzcwQkEyQjgwLUZFNzItNDA3OC04NThELTQyNjYzN0VGNjlFRg==</productImage>
    <bullet1>Kit includes a 14" rear view, single pane, wide angle mirror for the widest possible view</bullet1>
    <bullet2>Durable billet clamp-on design for easy installation, fully adjustable</bullet2>
    <bullet3/>
    <bullet4/>
    <bullet5/>
    <bullet6/>
    <bullet7/>
    <bullet8/>
    <bullet9/>
    <bullet10/>
    <bullet11/>
    <bullet12/>
    <bullet13/>
    <bullet14/>
    <bullet15/>
    <bullet16/>
    <bullet17/>
    <bullet18/>
    <bullet19/>
    <bullet20/>
    <bullet21/>
    <bullet22/>
    <bullet23/>
    <bullet24/>
    <vendorPriceUpdateDate>2023-04-22 00:00:00</vendorPriceUpdateDate>
  </part>
</root>
