<root>
  <part>
    <partNumber>24011148</partNumber>
    <punctuatedPartNumber>2401-1148</punctuatedPartNumber>
    <partStatusDescription>DISCONTINUED</partStatusDescription>
    <partDescription>Fastener Kit - Engine/Rocker Box - OEM - FLF/FXB</partDescription>
    <unitOfMeasure>Kit</unitOfMeasure>
    <brandName>DIAMOND ENGINEERING</brandName>
    <supplierNumber>DE6528HP</supplierNumber>
    <specialInstructions>Discontinued P/Byr</specialInstructions>
    <baseDealerPrice>68.40</baseDealerPrice>
    <yourDealerPrice>68.40</yourDealerPrice>
    <baseRetailPrice>0.00</baseRetailPrice>
    <originalRetailPrice>210.95</originalRetailPrice>
    <partImage>http://asset.lemansnet.com/z/LzgvRS9BLzhFQUE0NEUyLTM1MEEtNDRDMi1CRjBGLUM0MzJGNTA0OTJDQg==</partImage>
    <productId>0699158171</productId>
    <productName>Polished Stainless Engine Fastener Kit</productName>
    <productImage>http://asset.lemansnet.com/z/LzYvNi8yLzY2MjA0MURFLUYwQjAtNDgyMi04NjU4LUQ0Q0Y4NTM3Q0I0Nw==</productImage>
    <bullet1>Includes fasteners for primary, inspections and inner primary; cam and points; oil pump or oil line cover; lifter blocks; and rocker boxes</bullet1>
    <bullet2>Hand-polished stainless steel engine kits are designed to provide a custom and detailed look with easy installation</bullet2>
    <bullet3>Five groups of fasteners will detail all your engine covers with a lasting shine</bullet3>
    <bullet4>Made in the USA</bullet4>
    <bullet5/>
    <bullet6/>
    <bullet7/>
    <bullet8/>
    <bullet9/>
    <bullet10/>
    <bullet11/>
    <bullet12/>
    <bullet13/>
    <bullet14/>
    <bullet15/>
    <bullet16/>
    <bullet17/>
    <bullet18/>
    <bullet19/>
    <bullet20/>
    <bullet21/>
    <bullet22/>
    <bullet23/>
    <bullet24/>
    <vendorPriceUpdateDate>2023-04-22 00:00:00</vendorPriceUpdateDate>
  </part>
  <part>
    <partNumber>24011172</partNumber>
    <punctuatedPartNumber>2401-1172</punctuatedPartNumber>
    <partStatusDescription>DISCONTINUED</partStatusDescription>
    <partDescription>Bolt Kit - Transformation - OE - Touring</partDescription>
    <unitOfMeasure>Kit</unitOfMeasure>
    <brandName>DIAMOND ENGINEERING</brandName>
    <supplierNumber>DE6049HP</supplierNumber>
    <specialInstructions>Discontinued P/Byr</specialInstructions>
    <baseDealerPrice>31.20</baseDealerPrice>
    <yourDealerPrice>31.20</yourDealerPrice>
    <baseRetailPrice>0.00</baseRetailPrice>
    <originalRetailPrice>105.95</originalRetailPrice>
    <partImage>http://asset.lemansnet.com/z/L0EvRS9FL0FFRTJCNzBBLTg5QUEtNDRGRS1CRDkyLUIzQjQyRDgwMzI4NSwvNy9CLzYvN0I2OUEwRjUtQjc1RS00NzczLThDRkItQjExMDJENEM2OUQy</partImage>
    <productId>0728550976</productId>
    <productName>Custom Transformation III Fastener Kits</productName>
    <productImage>http://asset.lemansnet.com/z/L0MvMi8wL0MyMEIwOUVBLUZBOTQtNDVGNi05NDhGLTQ4MTcwNjExOUIxMw==</productImage>
    <bullet1>Fasteners for windshield, fairing inner (14-20 FLHX only), fairings lowers (Ultras), and fairing mounts (FLTRU/FLTRX), turn signals (front) and air deflectors (15-20 FLTRU/FLTRX/FLTRXS only), dash panel and fuel tank console and horn and bracket</bullet1>
    <bullet2>Kits complement Diamond Engineering's® Custom Transformation Kits</bullet2>
    <bullet3>Made in the U.S.A.</bullet3>
    <bullet4/>
    <bullet5/>
    <bullet6/>
    <bullet7/>
    <bullet8/>
    <bullet9/>
    <bullet10/>
    <bullet11/>
    <bullet12/>
    <bullet13/>
    <bullet14/>
    <bullet15/>
    <bullet16/>
    <bullet17/>
    <bullet18/>
    <bullet19/>
    <bullet20/>
    <bullet21/>
    <bullet22/>
    <bullet23/>
    <bullet24/>
    <vendorPriceUpdateDate>2023-04-22 00:00:00</vendorPriceUpdateDate>
  </part>
  <part>
    <partNumber>24011174</partNumber>
    <punctuatedPartNumber>2401-1174</punctuatedPartNumber>
    <partStatusDescription>DISCONTINUED</partStatusDescription>
    <partDescription>Bolt Kit - Transformation - Touring</partDescription>
    <unitOfMeasure>Kit</unitOfMeasure>
    <brandName>DIAMOND ENGINEERING</brandName>
    <supplierNumber>DE6067HP</supplierNumber>
    <specialInstructions>Discontinued P/Byr</specialInstructions>
    <baseDealerPrice>72.10</baseDealerPrice>
    <yourDealerPrice>72.10</yourDealerPrice>
    <baseRetailPrice>0.00</baseRetailPrice>
    <originalRetailPrice>220.95</originalRetailPrice>
    <partImage>http://asset.lemansnet.com/z/LzMvNy82LzM3NjZEMzU4LUU4N0QtNERFQy1BNEQ5LUM2RTE5OENCQUQ0RQ==</partImage>
    <productId>0890643483</productId>
    <productName>Custom Transformation II Fastener Kit</productName>
    <productImage>http://asset.lemansnet.com/z/LzMvNy82LzM3NjZEMzU4LUU4N0QtNERFQy1BNEQ5LUM2RTE5OENCQUQ0RQ==</productImage>
    <bullet1>Customize a bike without having to completely disassemble it</bullet1>
    <bullet2>Kit adds detail and a custom look with ease</bullet2>
    <bullet3>Groups of polished stainless steel fasteners covering many visible areas of the motorcycle</bullet3>
    <bullet4>Front fender mount and trim, rear saddlebag supports, floorboards, engine guard, triple tree pinch, fork tube covers, axle cap, Wiring harness tab on frame neck, mirrors, kickstand, shifter arm, levers &amp; linkage, brake pedal, Rear master cylinder, mount, cover &amp; brake line bracket, crankcase (visible bolts only), starter</bullet4>
    <bullet5>Made in the U.S.A.</bullet5>
    <bullet6/>
    <bullet7/>
    <bullet8/>
    <bullet9/>
    <bullet10/>
    <bullet11/>
    <bullet12/>
    <bullet13/>
    <bullet14/>
    <bullet15/>
    <bullet16/>
    <bullet17/>
    <bullet18/>
    <bullet19/>
    <bullet20/>
    <bullet21/>
    <bullet22/>
    <bullet23/>
    <bullet24/>
    <vendorPriceUpdateDate>2023-04-22 00:00:00</vendorPriceUpdateDate>
  </part>
  <part>
    <partNumber>24011171</partNumber>
    <punctuatedPartNumber>2401-1171</punctuatedPartNumber>
    <partStatusDescription>DISCONTINUED</partStatusDescription>
    <partDescription>Bolt Kit - Transformation - OE - Touring</partDescription>
    <unitOfMeasure>Kit</unitOfMeasure>
    <brandName>DIAMOND ENGINEERING</brandName>
    <supplierNumber>DE6047HP</supplierNumber>
    <specialInstructions>Discontinued P/Byr</specialInstructions>
    <baseDealerPrice>26.80</baseDealerPrice>
    <yourDealerPrice>26.80</yourDealerPrice>
    <baseRetailPrice>0.00</baseRetailPrice>
    <originalRetailPrice>90.95</originalRetailPrice>
    <partImage>http://asset.lemansnet.com/z/L0MvMi8wL0MyMEIwOUVBLUZBOTQtNDVGNi05NDhGLTQ4MTcwNjExOUIxMw==</partImage>
    <productId>1874555210</productId>
    <productName>Custom Transformation III Fastener Kits</productName>
    <productImage>http://asset.lemansnet.com/z/L0MvMi8wL0MyMEIwOUVBLUZBOTQtNDVGNi05NDhGLTQ4MTcwNjExOUIxMw==</productImage>
    <bullet1>Fasteners for windshield, fairing inner (14-20 FLHX only), fairings lowers (Ultras), and fairing mounts (FLTRU/FLTRX), turn signals (front) and air deflectors (15-20 FLTRU/FLTRX/FLTRXS only), dash panel and fuel tank console and horn and bracket</bullet1>
    <bullet2>Kits complement Diamond Engineering's® Custom Transformation Kits</bullet2>
    <bullet3>Made in the U.S.A.</bullet3>
    <bullet4/>
    <bullet5/>
    <bullet6/>
    <bullet7/>
    <bullet8/>
    <bullet9/>
    <bullet10/>
    <bullet11/>
    <bullet12/>
    <bullet13/>
    <bullet14/>
    <bullet15/>
    <bullet16/>
    <bullet17/>
    <bullet18/>
    <bullet19/>
    <bullet20/>
    <bullet21/>
    <bullet22/>
    <bullet23/>
    <bullet24/>
    <vendorPriceUpdateDate>2023-04-22 00:00:00</vendorPriceUpdateDate>
  </part>
</root>
