<root>
  <part>
    <partNumber>03440035</partNumber>
    <punctuatedPartNumber>0344-0035</punctuatedPartNumber>
    <partStatusDescription>DISCONTINUED</partStatusDescription>
    <partDescription>Hellkat Tire - 29 x 2.60 (66-622)</partDescription>
    <unitOfMeasure>Each</unitOfMeasure>
    <brandName>KENDA BICYCLE</brandName>
    <supplierNumber>212969</supplierNumber>
    <specialInstructions>Discontinued P/Byr</specialInstructions>
    <baseDealerPrice>44.40</baseDealerPrice>
    <yourDealerPrice>44.40</yourDealerPrice>
    <baseRetailPrice>86.95</baseRetailPrice>
    <originalRetailPrice>86.95</originalRetailPrice>
    <partImage>http://asset.lemansnet.com/z/L0IvRS83L0JFNzMyMEE3LUY0QjEtNEZCOC1CRUNBLTFBNEE1NDE5RDRENywvQy9ELzkvQ0Q5M0MyQUYtMDBCRC00MDMyLThDNEEtQ0U0Q0Q3NjQ0RkIx</partImage>
    <productId>0950298011</productId>
    <productName>Hellkat K1201E Tire</productName>
    <productImage>http://asset.lemansnet.com/z/L0IvRS83L0JFNzMyMEE3LUY0QjEtNEZCOC1CRUNBLTFBNEE1NDE5RDRENw==</productImage>
    <bullet1>Tread design is optimized for a wide range of conditions balancing traction, handling and rolling speed</bullet1>
    <bullet2>Dual tread compound for longer tread life</bullet2>
    <bullet3>ECE-R75 certified for E-bikes up to 50 km/h with EMC casing</bullet3>
    <bullet4>Tubeless ready - Saves weight and provides a better rolling performance and more controlled handling; riding tubeless also reduces the chance of flats</bullet4>
    <bullet5>60 TPI</bullet5>
    <bullet6/>
    <bullet7/>
    <bullet8/>
    <bullet9/>
    <bullet10/>
    <bullet11/>
    <bullet12/>
    <bullet13/>
    <bullet14/>
    <bullet15/>
    <bullet16/>
    <bullet17/>
    <bullet18/>
    <bullet19/>
    <bullet20/>
    <bullet21/>
    <bullet22/>
    <bullet23/>
    <bullet24/>
    <vendorPriceUpdateDate>2021-06-07 00:00:00</vendorPriceUpdateDate>
  </part>
  <part>
    <partNumber>03440042</partNumber>
    <punctuatedPartNumber>0344-0042</punctuatedPartNumber>
    <partStatusDescription>DISCONTINUED</partStatusDescription>
    <partDescription>Regolith Pro Tire - 27.5 x 2.60 (66-584)</partDescription>
    <unitOfMeasure>Each</unitOfMeasure>
    <brandName>KENDA BICYCLE</brandName>
    <supplierNumber>214106</supplierNumber>
    <specialInstructions>Discontinued P/Byr</specialInstructions>
    <baseDealerPrice>45.40</baseDealerPrice>
    <yourDealerPrice>45.40</yourDealerPrice>
    <baseRetailPrice>88.95</baseRetailPrice>
    <originalRetailPrice>88.95</originalRetailPrice>
    <partImage>http://asset.lemansnet.com/z/L0QvNy82L0Q3NjNFREM4LTYwOTEtNDRCRi1BMzlFLUQ1MEQzQTNBNDYyOSwvOS8wLzkvOTA5NTM2QjgtMUU0MS00MzkzLTg4MUYtRENCNzVFNjVGMTNF</partImage>
    <productId>0454404112</productId>
    <productName>Regolith Pro K1214E Tire</productName>
    <productImage>http://asset.lemansnet.com/z/L0QvNy82L0Q3NjNFREM4LTYwOTEtNDRCRi1BMzlFLUQ1MEQzQTNBNDYyOQ==</productImage>
    <bullet1>All-round E-Mountain bike tire developed to set the benchmark in off-road versatility</bullet1>
    <bullet2>Light weight, it rolls fast while providing excellent cornering and braking traction</bullet2>
    <bullet3>Extremely predictable and confidence inspiring handling in all conditions</bullet3>
    <bullet4>Excellent cornering and braking traction in wet &amp; dry</bullet4>
    <bullet5>Fast rolling center compound and good gripping shoulder compound</bullet5>
    <bullet6>40 PSI</bullet6>
    <bullet7/>
    <bullet8/>
    <bullet9/>
    <bullet10/>
    <bullet11/>
    <bullet12/>
    <bullet13/>
    <bullet14/>
    <bullet15/>
    <bullet16/>
    <bullet17/>
    <bullet18/>
    <bullet19/>
    <bullet20/>
    <bullet21/>
    <bullet22/>
    <bullet23/>
    <bullet24/>
    <vendorPriceUpdateDate>2021-06-07 00:00:00</vendorPriceUpdateDate>
  </part>
  <part>
    <partNumber>03440041</partNumber>
    <punctuatedPartNumber>0344-0041</punctuatedPartNumber>
    <partStatusDescription>DISCONTINUED</partStatusDescription>
    <partDescription>Nevegal2 Tire - 27.5 x 2.80 (71-584)</partDescription>
    <unitOfMeasure>Each</unitOfMeasure>
    <brandName>KENDA BICYCLE</brandName>
    <supplierNumber>214162</supplierNumber>
    <specialInstructions>Discontinued P/Byr</specialInstructions>
    <baseDealerPrice>42.10</baseDealerPrice>
    <yourDealerPrice>42.10</yourDealerPrice>
    <baseRetailPrice>84.95</baseRetailPrice>
    <originalRetailPrice>84.95</originalRetailPrice>
    <partImage>http://asset.lemansnet.com/z/LzkvOC9BLzk4QTdEN0E0LUMyMTEtNDQ0Qi04NTY2LUEwRjAyRUQ3MEUxQg==</partImage>
    <productId>1890283816</productId>
    <productName>Nevegal2 K1211E Tire — Rear</productName>
    <productImage>http://asset.lemansnet.com/z/LzkvOC9BLzk4QTdEN0E0LUMyMTEtNDQ0Qi04NTY2LUEwRjAyRUQ3MEUxQg==</productImage>
    <bullet1>Tread design is optimized for a wide range of conditions balancing traction, handling and rolling speed</bullet1>
    <bullet2>Optimized for E-mountain bikes</bullet2>
    <bullet3>Dual tread compound for longer tread life</bullet3>
    <bullet4>Tubeless ready - Saves weight and provides a better rolling performance and more controlled handling; riding tubeless also reduces the chance of flats</bullet4>
    <bullet5>ECE-R75 certified for E-bikes up to 50 km/h with EMC casing</bullet5>
    <bullet6>60 TPI</bullet6>
    <bullet7/>
    <bullet8/>
    <bullet9/>
    <bullet10/>
    <bullet11/>
    <bullet12/>
    <bullet13/>
    <bullet14/>
    <bullet15/>
    <bullet16/>
    <bullet17/>
    <bullet18/>
    <bullet19/>
    <bullet20/>
    <bullet21/>
    <bullet22/>
    <bullet23/>
    <bullet24/>
    <vendorPriceUpdateDate>2021-06-07 00:00:00</vendorPriceUpdateDate>
  </part>
  <part>
    <partNumber>03440039</partNumber>
    <punctuatedPartNumber>0344-0039</punctuatedPartNumber>
    <partStatusDescription>DISCONTINUED</partStatusDescription>
    <partDescription>Hellkat Tire - 27.5 x 2.40 (61-584)</partDescription>
    <unitOfMeasure>Each</unitOfMeasure>
    <brandName>KENDA BICYCLE</brandName>
    <supplierNumber>212979</supplierNumber>
    <specialInstructions>Discontinued P/Byr</specialInstructions>
    <baseDealerPrice>39.20</baseDealerPrice>
    <yourDealerPrice>39.20</yourDealerPrice>
    <baseRetailPrice>84.95</baseRetailPrice>
    <originalRetailPrice>84.95</originalRetailPrice>
    <partImage>http://asset.lemansnet.com/z/L0IvRS83L0JFNzMyMEE3LUY0QjEtNEZCOC1CRUNBLTFBNEE1NDE5RDRENywvQy9ELzkvQ0Q5M0MyQUYtMDBCRC00MDMyLThDNEEtQ0U0Q0Q3NjQ0RkIx</partImage>
    <productId>0950298011</productId>
    <productName>Hellkat K1201E Tire</productName>
    <productImage>http://asset.lemansnet.com/z/L0IvRS83L0JFNzMyMEE3LUY0QjEtNEZCOC1CRUNBLTFBNEE1NDE5RDRENw==</productImage>
    <bullet1>Tread design is optimized for a wide range of conditions balancing traction, handling and rolling speed</bullet1>
    <bullet2>Dual tread compound for longer tread life</bullet2>
    <bullet3>ECE-R75 certified for E-bikes up to 50 km/h with EMC casing</bullet3>
    <bullet4>Tubeless ready - Saves weight and provides a better rolling performance and more controlled handling; riding tubeless also reduces the chance of flats</bullet4>
    <bullet5>60 TPI</bullet5>
    <bullet6/>
    <bullet7/>
    <bullet8/>
    <bullet9/>
    <bullet10/>
    <bullet11/>
    <bullet12/>
    <bullet13/>
    <bullet14/>
    <bullet15/>
    <bullet16/>
    <bullet17/>
    <bullet18/>
    <bullet19/>
    <bullet20/>
    <bullet21/>
    <bullet22/>
    <bullet23/>
    <bullet24/>
    <vendorPriceUpdateDate>2021-06-07 00:00:00</vendorPriceUpdateDate>
  </part>
  <part>
    <partNumber>03440013</partNumber>
    <punctuatedPartNumber>0344-0013</punctuatedPartNumber>
    <partStatusDescription>DISCONTINUED</partStatusDescription>
    <partDescription>Regolith Pro Tire - 29 x 2.60 (66-622)</partDescription>
    <unitOfMeasure>Each</unitOfMeasure>
    <brandName>KENDA BICYCLE</brandName>
    <supplierNumber>214107</supplierNumber>
    <specialInstructions>Discontinued P/Byr</specialInstructions>
    <baseDealerPrice>47.80</baseDealerPrice>
    <yourDealerPrice>47.80</yourDealerPrice>
    <baseRetailPrice>93.95</baseRetailPrice>
    <originalRetailPrice>93.95</originalRetailPrice>
    <partImage>http://asset.lemansnet.com/z/L0QvNy82L0Q3NjNFREM4LTYwOTEtNDRCRi1BMzlFLUQ1MEQzQTNBNDYyOSwvOS8wLzkvOTA5NTM2QjgtMUU0MS00MzkzLTg4MUYtRENCNzVFNjVGMTNF</partImage>
    <productId>0454404112</productId>
    <productName>Regolith Pro K1214E Tire</productName>
    <productImage>http://asset.lemansnet.com/z/L0QvNy82L0Q3NjNFREM4LTYwOTEtNDRCRi1BMzlFLUQ1MEQzQTNBNDYyOQ==</productImage>
    <bullet1>All-round E-Mountain bike tire developed to set the benchmark in off-road versatility</bullet1>
    <bullet2>Light weight, it rolls fast while providing excellent cornering and braking traction</bullet2>
    <bullet3>Extremely predictable and confidence inspiring handling in all conditions</bullet3>
    <bullet4>Excellent cornering and braking traction in wet &amp; dry</bullet4>
    <bullet5>Fast rolling center compound and good gripping shoulder compound</bullet5>
    <bullet6>40 PSI</bullet6>
    <bullet7/>
    <bullet8/>
    <bullet9/>
    <bullet10/>
    <bullet11/>
    <bullet12/>
    <bullet13/>
    <bullet14/>
    <bullet15/>
    <bullet16/>
    <bullet17/>
    <bullet18/>
    <bullet19/>
    <bullet20/>
    <bullet21/>
    <bullet22/>
    <bullet23/>
    <bullet24/>
    <vendorPriceUpdateDate>2020-11-23 00:00:00</vendorPriceUpdateDate>
  </part>
  <part>
    <partNumber>03440016</partNumber>
    <punctuatedPartNumber>0344-0016</punctuatedPartNumber>
    <partStatusDescription>DISCONTINUED</partStatusDescription>
    <partDescription>Regolith Pro Tire - 27.5 x 2.40 (61-584)</partDescription>
    <unitOfMeasure>Each</unitOfMeasure>
    <brandName>KENDA BICYCLE</brandName>
    <supplierNumber>214117</supplierNumber>
    <specialInstructions>Discontinued P/Byr</specialInstructions>
    <baseDealerPrice>42.70</baseDealerPrice>
    <yourDealerPrice>42.70</yourDealerPrice>
    <baseRetailPrice>84.95</baseRetailPrice>
    <originalRetailPrice>84.95</originalRetailPrice>
    <partImage>http://asset.lemansnet.com/z/L0QvNy82L0Q3NjNFREM4LTYwOTEtNDRCRi1BMzlFLUQ1MEQzQTNBNDYyOSwvOS8wLzkvOTA5NTM2QjgtMUU0MS00MzkzLTg4MUYtRENCNzVFNjVGMTNF</partImage>
    <productId>0454404112</productId>
    <productName>Regolith Pro K1214E Tire</productName>
    <productImage>http://asset.lemansnet.com/z/L0QvNy82L0Q3NjNFREM4LTYwOTEtNDRCRi1BMzlFLUQ1MEQzQTNBNDYyOQ==</productImage>
    <bullet1>All-round E-Mountain bike tire developed to set the benchmark in off-road versatility</bullet1>
    <bullet2>Light weight, it rolls fast while providing excellent cornering and braking traction</bullet2>
    <bullet3>Extremely predictable and confidence inspiring handling in all conditions</bullet3>
    <bullet4>Excellent cornering and braking traction in wet &amp; dry</bullet4>
    <bullet5>Fast rolling center compound and good gripping shoulder compound</bullet5>
    <bullet6>40 PSI</bullet6>
    <bullet7/>
    <bullet8/>
    <bullet9/>
    <bullet10/>
    <bullet11/>
    <bullet12/>
    <bullet13/>
    <bullet14/>
    <bullet15/>
    <bullet16/>
    <bullet17/>
    <bullet18/>
    <bullet19/>
    <bullet20/>
    <bullet21/>
    <bullet22/>
    <bullet23/>
    <bullet24/>
    <vendorPriceUpdateDate>2020-11-23 00:00:00</vendorPriceUpdateDate>
  </part>
  <part>
    <partNumber>03440017</partNumber>
    <punctuatedPartNumber>0344-0017</punctuatedPartNumber>
    <partStatusDescription>DISCONTINUED</partStatusDescription>
    <partDescription>Nevegal2 Tire - 29 x 2.60 (66-622)</partDescription>
    <unitOfMeasure>Each</unitOfMeasure>
    <brandName>KENDA BICYCLE</brandName>
    <supplierNumber>214155</supplierNumber>
    <specialInstructions>Discontinued P/Byr</specialInstructions>
    <baseDealerPrice>43.00</baseDealerPrice>
    <yourDealerPrice>43.00</yourDealerPrice>
    <baseRetailPrice>84.95</baseRetailPrice>
    <originalRetailPrice>84.95</originalRetailPrice>
    <partImage>http://asset.lemansnet.com/z/LzkvOC9BLzk4QTdEN0E0LUMyMTEtNDQ0Qi04NTY2LUEwRjAyRUQ3MEUxQg==</partImage>
    <productId>0287565991</productId>
    <productName>Nevegal2 K1211E Tire — Front</productName>
    <productImage>http://asset.lemansnet.com/z/LzkvOC9BLzk4QTdEN0E0LUMyMTEtNDQ0Qi04NTY2LUEwRjAyRUQ3MEUxQg==</productImage>
    <bullet1>Tread design is optimized for a wide range of conditions balancing traction, handling and rolling speed</bullet1>
    <bullet2>Optimized for E-mountain bikes</bullet2>
    <bullet3>Dual tread compound for longer tread life</bullet3>
    <bullet4>Tubeless ready - Saves weight and provides a better rolling performance and more controlled handling; riding tubeless also reduces the chance of flats</bullet4>
    <bullet5>ECE-R75 certified for E-bikes up to 50 km/h with EMC casing</bullet5>
    <bullet6>60 TPI</bullet6>
    <bullet7/>
    <bullet8/>
    <bullet9/>
    <bullet10/>
    <bullet11/>
    <bullet12/>
    <bullet13/>
    <bullet14/>
    <bullet15/>
    <bullet16/>
    <bullet17/>
    <bullet18/>
    <bullet19/>
    <bullet20/>
    <bullet21/>
    <bullet22/>
    <bullet23/>
    <bullet24/>
    <vendorPriceUpdateDate>2021-06-07 00:00:00</vendorPriceUpdateDate>
  </part>
  <part>
    <partNumber>03440018</partNumber>
    <punctuatedPartNumber>0344-0018</punctuatedPartNumber>
    <partStatusDescription>DISCONTINUED</partStatusDescription>
    <partDescription>Nevegal2 Tire - 29 x 2.40 (60-622)</partDescription>
    <unitOfMeasure>Each</unitOfMeasure>
    <brandName>KENDA BICYCLE</brandName>
    <supplierNumber>214152</supplierNumber>
    <specialInstructions>Discontinued P/Byr</specialInstructions>
    <baseDealerPrice>43.00</baseDealerPrice>
    <yourDealerPrice>43.00</yourDealerPrice>
    <baseRetailPrice>84.95</baseRetailPrice>
    <originalRetailPrice>84.95</originalRetailPrice>
    <partImage>http://asset.lemansnet.com/z/LzkvOC9BLzk4QTdEN0E0LUMyMTEtNDQ0Qi04NTY2LUEwRjAyRUQ3MEUxQg==</partImage>
    <productId>0287565991</productId>
    <productName>Nevegal2 K1211E Tire — Front</productName>
    <productImage>http://asset.lemansnet.com/z/LzkvOC9BLzk4QTdEN0E0LUMyMTEtNDQ0Qi04NTY2LUEwRjAyRUQ3MEUxQg==</productImage>
    <bullet1>Tread design is optimized for a wide range of conditions balancing traction, handling and rolling speed</bullet1>
    <bullet2>Optimized for E-mountain bikes</bullet2>
    <bullet3>Dual tread compound for longer tread life</bullet3>
    <bullet4>Tubeless ready - Saves weight and provides a better rolling performance and more controlled handling; riding tubeless also reduces the chance of flats</bullet4>
    <bullet5>ECE-R75 certified for E-bikes up to 50 km/h with EMC casing</bullet5>
    <bullet6>60 TPI</bullet6>
    <bullet7/>
    <bullet8/>
    <bullet9/>
    <bullet10/>
    <bullet11/>
    <bullet12/>
    <bullet13/>
    <bullet14/>
    <bullet15/>
    <bullet16/>
    <bullet17/>
    <bullet18/>
    <bullet19/>
    <bullet20/>
    <bullet21/>
    <bullet22/>
    <bullet23/>
    <bullet24/>
    <vendorPriceUpdateDate>2020-12-01 00:00:00</vendorPriceUpdateDate>
  </part>
  <part>
    <partNumber>03440020</partNumber>
    <punctuatedPartNumber>0344-0020</punctuatedPartNumber>
    <partStatusDescription>DISCONTINUED</partStatusDescription>
    <partDescription>Nevegal2 Tire - 27.5 x 2.40 (60-584)</partDescription>
    <unitOfMeasure>Each</unitOfMeasure>
    <brandName>KENDA BICYCLE</brandName>
    <supplierNumber>214156</supplierNumber>
    <specialInstructions>Discontinued P/Byr</specialInstructions>
    <baseDealerPrice>36.80</baseDealerPrice>
    <yourDealerPrice>36.80</yourDealerPrice>
    <baseRetailPrice>84.95</baseRetailPrice>
    <originalRetailPrice>84.95</originalRetailPrice>
    <partImage>http://asset.lemansnet.com/z/LzkvOC9BLzk4QTdEN0E0LUMyMTEtNDQ0Qi04NTY2LUEwRjAyRUQ3MEUxQg==</partImage>
    <productId>1890283816</productId>
    <productName>Nevegal2 K1211E Tire — Rear</productName>
    <productImage>http://asset.lemansnet.com/z/LzkvOC9BLzk4QTdEN0E0LUMyMTEtNDQ0Qi04NTY2LUEwRjAyRUQ3MEUxQg==</productImage>
    <bullet1>Tread design is optimized for a wide range of conditions balancing traction, handling and rolling speed</bullet1>
    <bullet2>Optimized for E-mountain bikes</bullet2>
    <bullet3>Dual tread compound for longer tread life</bullet3>
    <bullet4>Tubeless ready - Saves weight and provides a better rolling performance and more controlled handling; riding tubeless also reduces the chance of flats</bullet4>
    <bullet5>ECE-R75 certified for E-bikes up to 50 km/h with EMC casing</bullet5>
    <bullet6>60 TPI</bullet6>
    <bullet7/>
    <bullet8/>
    <bullet9/>
    <bullet10/>
    <bullet11/>
    <bullet12/>
    <bullet13/>
    <bullet14/>
    <bullet15/>
    <bullet16/>
    <bullet17/>
    <bullet18/>
    <bullet19/>
    <bullet20/>
    <bullet21/>
    <bullet22/>
    <bullet23/>
    <bullet24/>
    <vendorPriceUpdateDate>2020-12-01 00:00:00</vendorPriceUpdateDate>
  </part>
</root>
