<root>
  <part>
    <partNumber>37060036</partNumber>
    <punctuatedPartNumber>3706-0036</punctuatedPartNumber>
    <partStatusDescription>STANDARD</partStatusDescription>
    <partDescription>Formula 4 Leather Vinyl - 8 U.S. fl oz.</partDescription>
    <unitOfMeasure>Each</unitOfMeasure>
    <brandName>CYCLE CARE FORMULAS</brandName>
    <supplierNumber>04008</supplierNumber>
    <specialInstructions/>
    <baseDealerPrice>10.00</baseDealerPrice>
    <yourDealerPrice>10.00</yourDealerPrice>
    <baseRetailPrice>14.95</baseRetailPrice>
    <originalRetailPrice>14.95</originalRetailPrice>
    <partImage>http://asset.lemansnet.com/z/L0IvMy83L0IzNzRCNTlELTYzQjEtNEU5Qy1BMDRFLTJEQjY1Rjg1QUYzNywvMC9FL0IvMEVCQzJGOTktNTAzRS00ODkyLUE5QTMtNkZENzBEQTRBMjU1</partImage>
    <productId>1018195286</productId>
    <productName>Formula 4 Leather, Vinyl And Rubber Conditioner</productName>
    <productImage>http://asset.lemansnet.com/z/L0IvMy83L0IzNzRCNTlELTYzQjEtNEU5Qy1BMDRFLTJEQjY1Rjg1QUYzNw==</productImage>
    <bullet1>Cycle Care Formula 4 is a unique, pleasantly scented formulation of premium quality polymers designed to restore the luster and softness to vinyl, leather and rubber surfaces</bullet1>
    <bullet2>Protects against ultraviolet rays and cracking, repels water and prolongs the life and like-new appearance of the materials</bullet2>
    <bullet3>Applied to rubber, Formula 4 creates a water-repellent new appearance, helps prevent tire weather cracking and increases soil resistance</bullet3>
    <bullet4>Restores factory finish to touring bike instrument panel/dash and top facing panels</bullet4>
    <bullet5>True conditioner - restores natural oils to vinyl, leather, and rubber, leaving renewed luster</bullet5>
    <bullet6>Contains no silicones - no slipperiness, greasiness, or film residue</bullet6>
    <bullet7>Made in the USA</bullet7>
    <bullet8/>
    <bullet9/>
    <bullet10/>
    <bullet11/>
    <bullet12/>
    <bullet13/>
    <bullet14/>
    <bullet15/>
    <bullet16/>
    <bullet17/>
    <bullet18/>
    <bullet19/>
    <bullet20/>
    <bullet21/>
    <bullet22/>
    <bullet23/>
    <bullet24/>
    <vendorPriceUpdateDate>2013-08-22 00:00:00</vendorPriceUpdateDate>
  </part>
  <part>
    <partNumber>37060037</partNumber>
    <punctuatedPartNumber>3706-0037</punctuatedPartNumber>
    <partStatusDescription>STANDARD</partStatusDescription>
    <partDescription>Formula 4 Leather Vinyl - 32 U.S. fl oz.</partDescription>
    <unitOfMeasure>Each</unitOfMeasure>
    <brandName>CYCLE CARE FORMULAS</brandName>
    <supplierNumber>04032</supplierNumber>
    <specialInstructions/>
    <baseDealerPrice>25.50</baseDealerPrice>
    <yourDealerPrice>25.50</yourDealerPrice>
    <baseRetailPrice>37.95</baseRetailPrice>
    <originalRetailPrice>37.95</originalRetailPrice>
    <partImage>http://asset.lemansnet.com/z/L0QvQS9GL0RBRkYyQzdDLTgyMDktNDAyRC05MzE1LUU3MjhGMzQwNUI4OQ==</partImage>
    <productId>1018195286</productId>
    <productName>Formula 4 Leather, Vinyl And Rubber Conditioner</productName>
    <productImage>http://asset.lemansnet.com/z/L0IvMy83L0IzNzRCNTlELTYzQjEtNEU5Qy1BMDRFLTJEQjY1Rjg1QUYzNw==</productImage>
    <bullet1>Cycle Care Formula 4 is a unique, pleasantly scented formulation of premium quality polymers designed to restore the luster and softness to vinyl, leather and rubber surfaces</bullet1>
    <bullet2>Protects against ultraviolet rays and cracking, repels water and prolongs the life and like-new appearance of the materials</bullet2>
    <bullet3>Applied to rubber, Formula 4 creates a water-repellent new appearance, helps prevent tire weather cracking and increases soil resistance</bullet3>
    <bullet4>Restores factory finish to touring bike instrument panel/dash and top facing panels</bullet4>
    <bullet5>True conditioner - restores natural oils to vinyl, leather, and rubber, leaving renewed luster</bullet5>
    <bullet6>Contains no silicones - no slipperiness, greasiness, or film residue</bullet6>
    <bullet7>Made in the USA</bullet7>
    <bullet8/>
    <bullet9/>
    <bullet10/>
    <bullet11/>
    <bullet12/>
    <bullet13/>
    <bullet14/>
    <bullet15/>
    <bullet16/>
    <bullet17/>
    <bullet18/>
    <bullet19/>
    <bullet20/>
    <bullet21/>
    <bullet22/>
    <bullet23/>
    <bullet24/>
    <vendorPriceUpdateDate>2013-08-22 00:00:00</vendorPriceUpdateDate>
  </part>
  <part>
    <partNumber>37060090</partNumber>
    <punctuatedPartNumber>3706-0090</punctuatedPartNumber>
    <partStatusDescription>STANDARD</partStatusDescription>
    <partDescription>C6 Detailer - 16 U.S. fl oz</partDescription>
    <unitOfMeasure>Each</unitOfMeasure>
    <brandName>CYCLE CARE FORMULAS</brandName>
    <supplierNumber>C6D201216</supplierNumber>
    <specialInstructions/>
    <baseDealerPrice>16.25</baseDealerPrice>
    <yourDealerPrice>16.25</yourDealerPrice>
    <baseRetailPrice>27.95</baseRetailPrice>
    <originalRetailPrice>27.95</originalRetailPrice>
    <partImage>http://asset.lemansnet.com/z/LzUvQi80LzVCNEIzNDRDLTNEQUItNDYyNC05RTVCLTcyOEZFQTk2REUyOQ==</partImage>
    <productId>0721994241</productId>
    <productName>C6 Detailer</productName>
    <productImage>http://asset.lemansnet.com/z/LzUvQi80LzVCNEIzNDRDLTNEQUItNDYyNC05RTVCLTcyOEZFQTk2REUyOQ==</productImage>
    <bullet1>Carbon infused super coating</bullet1>
    <bullet2>Protection from acid rain, UV rays, road salt, environmental pollutants and more</bullet2>
    <bullet3/>
    <bullet4/>
    <bullet5/>
    <bullet6/>
    <bullet7/>
    <bullet8/>
    <bullet9/>
    <bullet10/>
    <bullet11/>
    <bullet12/>
    <bullet13/>
    <bullet14/>
    <bullet15/>
    <bullet16/>
    <bullet17/>
    <bullet18/>
    <bullet19/>
    <bullet20/>
    <bullet21/>
    <bullet22/>
    <bullet23/>
    <bullet24/>
    <vendorPriceUpdateDate>2021-02-18 00:00:00</vendorPriceUpdateDate>
  </part>
  <part>
    <partNumber>37060091</partNumber>
    <punctuatedPartNumber>3706-0091</punctuatedPartNumber>
    <partStatusDescription>STANDARD</partStatusDescription>
    <partDescription>C6 Detailer - 64 U.S. fl oz</partDescription>
    <unitOfMeasure>Each</unitOfMeasure>
    <brandName>CYCLE CARE FORMULAS</brandName>
    <supplierNumber>C6D200164</supplierNumber>
    <specialInstructions/>
    <baseDealerPrice>48.95</baseDealerPrice>
    <yourDealerPrice>48.95</yourDealerPrice>
    <baseRetailPrice>74.95</baseRetailPrice>
    <originalRetailPrice>74.95</originalRetailPrice>
    <partImage>http://asset.lemansnet.com/z/LzYvMS9CLzYxQkI3RDdBLTE1MTAtNEYwNi1CRUNGLUU0RjFEMjUxMEM2NCwvRC8zL0QvRDNEODU4OTYtMTgwMC00OUI5LThDREQtRDk0RDE3OTVDMzYz</partImage>
    <productId>0721994241</productId>
    <productName>C6 Detailer</productName>
    <productImage>http://asset.lemansnet.com/z/LzUvQi80LzVCNEIzNDRDLTNEQUItNDYyNC05RTVCLTcyOEZFQTk2REUyOQ==</productImage>
    <bullet1>Carbon infused super coating</bullet1>
    <bullet2>Protection from acid rain, UV rays, road salt, environmental pollutants and more</bullet2>
    <bullet3/>
    <bullet4/>
    <bullet5/>
    <bullet6/>
    <bullet7/>
    <bullet8/>
    <bullet9/>
    <bullet10/>
    <bullet11/>
    <bullet12/>
    <bullet13/>
    <bullet14/>
    <bullet15/>
    <bullet16/>
    <bullet17/>
    <bullet18/>
    <bullet19/>
    <bullet20/>
    <bullet21/>
    <bullet22/>
    <bullet23/>
    <bullet24/>
    <vendorPriceUpdateDate>2021-02-18 00:00:00</vendorPriceUpdateDate>
  </part>
  <part>
    <partNumber>37060105</partNumber>
    <punctuatedPartNumber>3706-0105</punctuatedPartNumber>
    <partStatusDescription>STANDARD</partStatusDescription>
    <partDescription>Formula 4 Leather Vinyl - Bag in Box - 1 U.S. gal.</partDescription>
    <unitOfMeasure>Each</unitOfMeasure>
    <brandName>CYCLE CARE FORMULAS</brandName>
    <supplierNumber>CCF04BB02_1G</supplierNumber>
    <specialInstructions/>
    <baseDealerPrice>68.95</baseDealerPrice>
    <yourDealerPrice>68.95</yourDealerPrice>
    <baseRetailPrice>106.08</baseRetailPrice>
    <originalRetailPrice>106.08</originalRetailPrice>
    <partImage>http://asset.lemansnet.com/z/L0MvMS83L0MxNzFDMjVGLTA5OUMtNEZGMi1BQTQxLTA0MUE5MTYxQUQ3OQ==</partImage>
    <productId>1018195286</productId>
    <productName>Formula 4 Leather, Vinyl And Rubber Conditioner</productName>
    <productImage>http://asset.lemansnet.com/z/L0IvMy83L0IzNzRCNTlELTYzQjEtNEU5Qy1BMDRFLTJEQjY1Rjg1QUYzNw==</productImage>
    <bullet1>Cycle Care Formula 4 is a unique, pleasantly scented formulation of premium quality polymers designed to restore the luster and softness to vinyl, leather and rubber surfaces</bullet1>
    <bullet2>Protects against ultraviolet rays and cracking, repels water and prolongs the life and like-new appearance of the materials</bullet2>
    <bullet3>Applied to rubber, Formula 4 creates a water-repellent new appearance, helps prevent tire weather cracking and increases soil resistance</bullet3>
    <bullet4>Restores factory finish to touring bike instrument panel/dash and top facing panels</bullet4>
    <bullet5>True conditioner - restores natural oils to vinyl, leather, and rubber, leaving renewed luster</bullet5>
    <bullet6>Contains no silicones - no slipperiness, greasiness, or film residue</bullet6>
    <bullet7>Made in the USA</bullet7>
    <bullet8/>
    <bullet9/>
    <bullet10/>
    <bullet11/>
    <bullet12/>
    <bullet13/>
    <bullet14/>
    <bullet15/>
    <bullet16/>
    <bullet17/>
    <bullet18/>
    <bullet19/>
    <bullet20/>
    <bullet21/>
    <bullet22/>
    <bullet23/>
    <bullet24/>
    <vendorPriceUpdateDate>2024-01-08 00:00:00</vendorPriceUpdateDate>
  </part>
  <part>
    <partNumber>37060106</partNumber>
    <punctuatedPartNumber>3706-0106</punctuatedPartNumber>
    <partStatusDescription>STANDARD</partStatusDescription>
    <partDescription>C6 Detailer - Bag in Box - 1 U.S. Gal.</partDescription>
    <unitOfMeasure>Each</unitOfMeasure>
    <brandName>CYCLE CARE FORMULAS</brandName>
    <supplierNumber>CCFC6DBB02_1G</supplierNumber>
    <specialInstructions/>
    <baseDealerPrice>87.05</baseDealerPrice>
    <yourDealerPrice>87.05</yourDealerPrice>
    <baseRetailPrice>133.92</baseRetailPrice>
    <originalRetailPrice>133.92</originalRetailPrice>
    <partImage>http://asset.lemansnet.com/z/LzkvOS82Lzk5NkEyNkY1LTJBMEQtNDRBMy1BNDJFLUZCMDdGOTQxMjNDQw==</partImage>
    <productId>0721994241</productId>
    <productName>C6 Detailer</productName>
    <productImage>http://asset.lemansnet.com/z/LzUvQi80LzVCNEIzNDRDLTNEQUItNDYyNC05RTVCLTcyOEZFQTk2REUyOQ==</productImage>
    <bullet1>Carbon infused super coating</bullet1>
    <bullet2>Protection from acid rain, UV rays, road salt, environmental pollutants and more</bullet2>
    <bullet3/>
    <bullet4/>
    <bullet5/>
    <bullet6/>
    <bullet7/>
    <bullet8/>
    <bullet9/>
    <bullet10/>
    <bullet11/>
    <bullet12/>
    <bullet13/>
    <bullet14/>
    <bullet15/>
    <bullet16/>
    <bullet17/>
    <bullet18/>
    <bullet19/>
    <bullet20/>
    <bullet21/>
    <bullet22/>
    <bullet23/>
    <bullet24/>
    <vendorPriceUpdateDate>2024-01-08 00:00:00</vendorPriceUpdateDate>
  </part>
  <part>
    <partNumber>37060107</partNumber>
    <punctuatedPartNumber>3706-0107</punctuatedPartNumber>
    <partStatusDescription>STANDARD</partStatusDescription>
    <partDescription>C6 Matte Detailer - Bag in Box - 1 U.S. Gal.</partDescription>
    <unitOfMeasure>Each</unitOfMeasure>
    <brandName>CYCLE CARE FORMULAS</brandName>
    <supplierNumber>CCFC6MBB02_1G</supplierNumber>
    <specialInstructions/>
    <baseDealerPrice>87.05</baseDealerPrice>
    <yourDealerPrice>87.05</yourDealerPrice>
    <baseRetailPrice>133.92</baseRetailPrice>
    <originalRetailPrice>133.92</originalRetailPrice>
    <partImage>http://asset.lemansnet.com/z/LzUvOS80LzU5NEE0QzJGLTY4MjAtNEQ5Qi05QzlBLTg3QzRFQzI5QURERg==</partImage>
    <productId>0721994241</productId>
    <productName>C6 Detailer</productName>
    <productImage>http://asset.lemansnet.com/z/LzUvQi80LzVCNEIzNDRDLTNEQUItNDYyNC05RTVCLTcyOEZFQTk2REUyOQ==</productImage>
    <bullet1>Carbon infused super coating</bullet1>
    <bullet2>Protection from acid rain, UV rays, road salt, environmental pollutants and more</bullet2>
    <bullet3/>
    <bullet4/>
    <bullet5/>
    <bullet6/>
    <bullet7/>
    <bullet8/>
    <bullet9/>
    <bullet10/>
    <bullet11/>
    <bullet12/>
    <bullet13/>
    <bullet14/>
    <bullet15/>
    <bullet16/>
    <bullet17/>
    <bullet18/>
    <bullet19/>
    <bullet20/>
    <bullet21/>
    <bullet22/>
    <bullet23/>
    <bullet24/>
    <vendorPriceUpdateDate>2024-01-08 00:00:00</vendorPriceUpdateDate>
  </part>
  <part>
    <partNumber>37130041</partNumber>
    <punctuatedPartNumber>3713-0041</punctuatedPartNumber>
    <partStatusDescription>STANDARD</partStatusDescription>
    <partDescription>Formula 3 Polish - 8 oz. net wt.</partDescription>
    <unitOfMeasure>Each</unitOfMeasure>
    <brandName>CYCLE CARE FORMULAS</brandName>
    <supplierNumber>03008</supplierNumber>
    <specialInstructions/>
    <baseDealerPrice>10.70</baseDealerPrice>
    <yourDealerPrice>10.70</yourDealerPrice>
    <baseRetailPrice>15.95</baseRetailPrice>
    <originalRetailPrice>15.95</originalRetailPrice>
    <partImage>http://asset.lemansnet.com/z/bWVkaWEvYmRkM2MzZGMtNDBmZS00YTc5LWIzN2YtNWRlYTFlMjM5OTA1</partImage>
    <productId>0325384159</productId>
    <productName>Formula 3 Windshield/Paint/Chrome Polish</productName>
    <productImage>http://asset.lemansnet.com/z/L0MvNC9FL0M0RTkxMkQzLTk2OTktNEM2Ri04QzIzLTgyQUI2QjUwOEIzNA==</productImage>
    <bullet1>A unique formulation designed to produce a mirror shine on painted or clear-coated finishes and chrome surfaces</bullet1>
    <bullet2>Use to polish and fill in light scratches on Plexiglas®, Lexan®, acrylic or factory coated windscreens</bullet2>
    <bullet3>Repels water from windscreens and keeps bugs from sticking</bullet3>
    <bullet4>Provides protection from oxidation, corrosion, ultraviolet rays and heat</bullet4>
    <bullet5>Use on chrome-plated accessories to prevent surface rust and enjoy a mirror shine</bullet5>
    <bullet6>Made in the USA</bullet6>
    <bullet7/>
    <bullet8/>
    <bullet9/>
    <bullet10/>
    <bullet11/>
    <bullet12/>
    <bullet13/>
    <bullet14/>
    <bullet15/>
    <bullet16/>
    <bullet17/>
    <bullet18/>
    <bullet19/>
    <bullet20/>
    <bullet21/>
    <bullet22/>
    <bullet23/>
    <bullet24/>
    <vendorPriceUpdateDate>2013-08-22 00:00:00</vendorPriceUpdateDate>
  </part>
  <part>
    <partNumber>37130044</partNumber>
    <punctuatedPartNumber>3713-0044</punctuatedPartNumber>
    <partStatusDescription>STANDARD</partStatusDescription>
    <partDescription>Formula B Engine Enhancer - 16 oz net wt.</partDescription>
    <unitOfMeasure>Each</unitOfMeasure>
    <brandName>CYCLE CARE FORMULAS</brandName>
    <supplierNumber>44016</supplierNumber>
    <specialInstructions/>
    <baseDealerPrice>11.40</baseDealerPrice>
    <yourDealerPrice>11.40</yourDealerPrice>
    <baseRetailPrice>16.95</baseRetailPrice>
    <originalRetailPrice>16.95</originalRetailPrice>
    <partImage>http://asset.lemansnet.com/z/bWVkaWEvMGM0MDY1ZDMtMDdhYy00NDE1LTkxYjAtMWZlYTEzOThhY2Uz</partImage>
    <productId>1104906835</productId>
    <productName>Formula B Black/Silver Engine Enhancer</productName>
    <productImage>http://asset.lemansnet.com/z/LzUvQy9GLzVDRjQ1QTdDLUVBNUEtNDI5My04NTczLUE3MjkxNDc4RUNDMw==</productImage>
    <bullet1>Cycle Care® Formula B is formulated to provide a long-lasting repair to chalked-out, chemically burned engines and related parts</bullet1>
    <bullet2>Restores or preserves natural semi-flat black surfaces</bullet2>
    <bullet3>Provides factory-fresh finish without greasy or oily appearance; low sheen</bullet3>
    <bullet4>Maximum resistance to heat; extreme durability</bullet4>
    <bullet5>Made in the USA</bullet5>
    <bullet6/>
    <bullet7/>
    <bullet8/>
    <bullet9/>
    <bullet10/>
    <bullet11/>
    <bullet12/>
    <bullet13/>
    <bullet14/>
    <bullet15/>
    <bullet16/>
    <bullet17/>
    <bullet18/>
    <bullet19/>
    <bullet20/>
    <bullet21/>
    <bullet22/>
    <bullet23/>
    <bullet24/>
    <vendorPriceUpdateDate>2013-08-22 00:00:00</vendorPriceUpdateDate>
  </part>
  <part>
    <partNumber>37130046</partNumber>
    <punctuatedPartNumber>3713-0046</punctuatedPartNumber>
    <partStatusDescription>STANDARD</partStatusDescription>
    <partDescription>Formula M Aluminum/Chrome Polish - 8 oz. net wt.</partDescription>
    <unitOfMeasure>Each</unitOfMeasure>
    <brandName>CYCLE CARE FORMULAS</brandName>
    <supplierNumber>55008</supplierNumber>
    <specialInstructions/>
    <baseDealerPrice>11.40</baseDealerPrice>
    <yourDealerPrice>11.40</yourDealerPrice>
    <baseRetailPrice>16.95</baseRetailPrice>
    <originalRetailPrice>16.95</originalRetailPrice>
    <partImage>http://asset.lemansnet.com/z/bWVkaWEvYWI5OTdkZDItYzZhZi00OGM1LTgzNmQtMTM2OTM2NmM0YWIw</partImage>
    <productId>0309163770</productId>
    <productName>Formula M Metal Polish</productName>
    <productImage>http://asset.lemansnet.com/z/L0UvNC8wL0U0MDUzMTcwLUY2QUItNDk2Ni04QTA1LTNCOUNFOEZERTNFOA==</productImage>
    <bullet1>Cycle Care® Formula M is the best way to clean, polish and protect motorcycle metal surfaces</bullet1>
    <bullet2>A pumice-free and grit-free formulation will not scratch highly polished billet and chrome surfaces</bullet2>
    <bullet3>Easy on and off application, which makes polishing aluminum wheels and rims less labor intensive</bullet3>
    <bullet4>Quickly removes oxidation and polishes aluminum surfaces to a chrome-like finish</bullet4>
    <bullet5>Leaves a protective coat that resists future oxidation for a long-lasting shine, without using additional sealers or polishes</bullet5>
    <bullet6>Made in the USA</bullet6>
    <bullet7/>
    <bullet8/>
    <bullet9/>
    <bullet10/>
    <bullet11/>
    <bullet12/>
    <bullet13/>
    <bullet14/>
    <bullet15/>
    <bullet16/>
    <bullet17/>
    <bullet18/>
    <bullet19/>
    <bullet20/>
    <bullet21/>
    <bullet22/>
    <bullet23/>
    <bullet24/>
    <vendorPriceUpdateDate>2013-08-22 00:00:00</vendorPriceUpdateDate>
  </part>
  <part>
    <partNumber>37130048</partNumber>
    <punctuatedPartNumber>3713-0048</punctuatedPartNumber>
    <partStatusDescription>STANDARD</partStatusDescription>
    <partDescription>Formula S Scratch Remover - 8 oz net wt.</partDescription>
    <unitOfMeasure>Each</unitOfMeasure>
    <brandName>CYCLE CARE FORMULAS</brandName>
    <supplierNumber>77008</supplierNumber>
    <specialInstructions/>
    <baseDealerPrice>10.70</baseDealerPrice>
    <yourDealerPrice>10.70</yourDealerPrice>
    <baseRetailPrice>15.95</baseRetailPrice>
    <originalRetailPrice>15.95</originalRetailPrice>
    <partImage>http://asset.lemansnet.com/z/bWVkaWEvMzBhOTUxMTYtM2RmZS00MmZjLTgwOGQtZjdmMjE5ZmQxMjY2</partImage>
    <productId>0831535309</productId>
    <productName>Formula S Liquid Clay Bar - Scratch, Scuff, and Swirl Remover</productName>
    <productImage>http://asset.lemansnet.com/z/L0QvRi83L0RGN0RDNUFBLUVCNEItNDFBNi1CMjNFLUJEQ0E2NDhCQjFCMA==</productImage>
    <bullet1>Cycle Care® Formula S is a specialty product designed to safely repair blemished areas on clear-coat surfaces</bullet1>
    <bullet2>Provides just the right amount of pumice blended with the correct amount of emulsifier to remove light scratches, scuffs, swirls, abrasions, water spots, tree sap and road tar</bullet2>
    <bullet3>Repairs clouded or oxidized clear-coated or painted surfaces</bullet3>
    <bullet4>Made in the USA</bullet4>
    <bullet5>Not a protective polish (after use, remember to apply a good preservative product such as Cycle Care® Formula 3 Windshield, Paint and Chrome Polish).</bullet5>
    <bullet6/>
    <bullet7/>
    <bullet8/>
    <bullet9/>
    <bullet10/>
    <bullet11/>
    <bullet12/>
    <bullet13/>
    <bullet14/>
    <bullet15/>
    <bullet16/>
    <bullet17/>
    <bullet18/>
    <bullet19/>
    <bullet20/>
    <bullet21/>
    <bullet22/>
    <bullet23/>
    <bullet24/>
    <vendorPriceUpdateDate>2013-08-22 00:00:00</vendorPriceUpdateDate>
  </part>
  <part>
    <partNumber>37130080</partNumber>
    <punctuatedPartNumber>3713-0080</punctuatedPartNumber>
    <partStatusDescription>STANDARD</partStatusDescription>
    <partDescription>Formula B Engine Enhancer - 4 oz net wt.</partDescription>
    <unitOfMeasure>Each</unitOfMeasure>
    <brandName>CYCLE CARE FORMULAS</brandName>
    <supplierNumber>44004</supplierNumber>
    <specialInstructions/>
    <baseDealerPrice>5.20</baseDealerPrice>
    <yourDealerPrice>5.20</yourDealerPrice>
    <baseRetailPrice>7.95</baseRetailPrice>
    <originalRetailPrice>7.95</originalRetailPrice>
    <partImage>http://asset.lemansnet.com/z/bWVkaWEvZjhlOTYxOTYtY2IxNC00NWZlLWIxZmUtNTBmZTMwOTI5NTRmLC80LzMvMC80MzAzQ0I2NC0yQjRDLTQyQUItOUY4My00OTVCM0Q5MzZCNzI=</partImage>
    <productId>1104906835</productId>
    <productName>Formula B Black/Silver Engine Enhancer</productName>
    <productImage>http://asset.lemansnet.com/z/LzUvQy9GLzVDRjQ1QTdDLUVBNUEtNDI5My04NTczLUE3MjkxNDc4RUNDMw==</productImage>
    <bullet1>Cycle Care® Formula B is formulated to provide a long-lasting repair to chalked-out, chemically burned engines and related parts</bullet1>
    <bullet2>Restores or preserves natural semi-flat black surfaces</bullet2>
    <bullet3>Provides factory-fresh finish without greasy or oily appearance; low sheen</bullet3>
    <bullet4>Maximum resistance to heat; extreme durability</bullet4>
    <bullet5>Made in the USA</bullet5>
    <bullet6/>
    <bullet7/>
    <bullet8/>
    <bullet9/>
    <bullet10/>
    <bullet11/>
    <bullet12/>
    <bullet13/>
    <bullet14/>
    <bullet15/>
    <bullet16/>
    <bullet17/>
    <bullet18/>
    <bullet19/>
    <bullet20/>
    <bullet21/>
    <bullet22/>
    <bullet23/>
    <bullet24/>
    <vendorPriceUpdateDate>2019-09-23 00:00:00</vendorPriceUpdateDate>
  </part>
  <part>
    <partNumber>37130108</partNumber>
    <punctuatedPartNumber>3713-0108</punctuatedPartNumber>
    <partStatusDescription>STANDARD</partStatusDescription>
    <partDescription>Formula M Aluminum/Chrome Polish - Bag in Box - 1/2 U.S. gal.</partDescription>
    <unitOfMeasure>Each</unitOfMeasure>
    <brandName>CYCLE CARE FORMULAS</brandName>
    <supplierNumber>CCF55P01_1/2G</supplierNumber>
    <specialInstructions/>
    <baseDealerPrice>40.49</baseDealerPrice>
    <yourDealerPrice>40.49</yourDealerPrice>
    <baseRetailPrice>62.30</baseRetailPrice>
    <originalRetailPrice>62.30</originalRetailPrice>
    <partImage>http://asset.lemansnet.com/z/LzIvMy8zLzIzM0IwNUY1LTRGQTUtNDhFNS1BOTlCLTQ5M0U4RjBGMThFNQ==</partImage>
    <productId>0309163770</productId>
    <productName>Formula M Metal Polish</productName>
    <productImage>http://asset.lemansnet.com/z/L0UvNC8wL0U0MDUzMTcwLUY2QUItNDk2Ni04QTA1LTNCOUNFOEZERTNFOA==</productImage>
    <bullet1>Cycle Care® Formula M is the best way to clean, polish and protect motorcycle metal surfaces</bullet1>
    <bullet2>A pumice-free and grit-free formulation will not scratch highly polished billet and chrome surfaces</bullet2>
    <bullet3>Easy on and off application, which makes polishing aluminum wheels and rims less labor intensive</bullet3>
    <bullet4>Quickly removes oxidation and polishes aluminum surfaces to a chrome-like finish</bullet4>
    <bullet5>Leaves a protective coat that resists future oxidation for a long-lasting shine, without using additional sealers or polishes</bullet5>
    <bullet6>Made in the USA</bullet6>
    <bullet7/>
    <bullet8/>
    <bullet9/>
    <bullet10/>
    <bullet11/>
    <bullet12/>
    <bullet13/>
    <bullet14/>
    <bullet15/>
    <bullet16/>
    <bullet17/>
    <bullet18/>
    <bullet19/>
    <bullet20/>
    <bullet21/>
    <bullet22/>
    <bullet23/>
    <bullet24/>
    <vendorPriceUpdateDate>2024-01-08 00:00:00</vendorPriceUpdateDate>
  </part>
  <part>
    <partNumber>37130109</partNumber>
    <punctuatedPartNumber>3713-0109</punctuatedPartNumber>
    <partStatusDescription>STANDARD</partStatusDescription>
    <partDescription>Formula S Scratch Remover - Bag in Box - 1/2 U.S. gal.</partDescription>
    <unitOfMeasure>Each</unitOfMeasure>
    <brandName>CYCLE CARE FORMULAS</brandName>
    <supplierNumber>CCF77P01_1/2G</supplierNumber>
    <specialInstructions/>
    <baseDealerPrice>38.32</baseDealerPrice>
    <yourDealerPrice>38.32</yourDealerPrice>
    <baseRetailPrice>58.96</baseRetailPrice>
    <originalRetailPrice>58.96</originalRetailPrice>
    <partImage>http://asset.lemansnet.com/z/L0QvRS8zL0RFMzExREIxLUMyQkMtNDZDMS05NjNELTQxMEJDQUQxQkVGNw==</partImage>
    <productId>0831535309</productId>
    <productName>Formula S Liquid Clay Bar - Scratch, Scuff, and Swirl Remover</productName>
    <productImage>http://asset.lemansnet.com/z/L0QvRi83L0RGN0RDNUFBLUVCNEItNDFBNi1CMjNFLUJEQ0E2NDhCQjFCMA==</productImage>
    <bullet1>Cycle Care® Formula S is a specialty product designed to safely repair blemished areas on clear-coat surfaces</bullet1>
    <bullet2>Provides just the right amount of pumice blended with the correct amount of emulsifier to remove light scratches, scuffs, swirls, abrasions, water spots, tree sap and road tar</bullet2>
    <bullet3>Repairs clouded or oxidized clear-coated or painted surfaces</bullet3>
    <bullet4>Made in the USA</bullet4>
    <bullet5>Not a protective polish (after use, remember to apply a good preservative product such as Cycle Care® Formula 3 Windshield, Paint and Chrome Polish).</bullet5>
    <bullet6/>
    <bullet7/>
    <bullet8/>
    <bullet9/>
    <bullet10/>
    <bullet11/>
    <bullet12/>
    <bullet13/>
    <bullet14/>
    <bullet15/>
    <bullet16/>
    <bullet17/>
    <bullet18/>
    <bullet19/>
    <bullet20/>
    <bullet21/>
    <bullet22/>
    <bullet23/>
    <bullet24/>
    <vendorPriceUpdateDate>2024-01-08 00:00:00</vendorPriceUpdateDate>
  </part>
  <part>
    <partNumber>37130110</partNumber>
    <punctuatedPartNumber>3713-0110</punctuatedPartNumber>
    <partStatusDescription>STANDARD</partStatusDescription>
    <partDescription>Formula B Engine Enhancer - Bag in Box - 1 U.S. gal.</partDescription>
    <unitOfMeasure>Each</unitOfMeasure>
    <brandName>CYCLE CARE FORMULAS</brandName>
    <supplierNumber>CCF44BB02_1G</supplierNumber>
    <specialInstructions/>
    <baseDealerPrice>71.05</baseDealerPrice>
    <yourDealerPrice>71.05</yourDealerPrice>
    <baseRetailPrice>109.31</baseRetailPrice>
    <originalRetailPrice>109.31</originalRetailPrice>
    <partImage>http://asset.lemansnet.com/z/LzcvNy81Lzc3NUREODRFLUQzNTgtNDM1RS1BRDFDLTQ4QTAwNkMyNTk2NQ==</partImage>
    <productId>1104906835</productId>
    <productName>Formula B Black/Silver Engine Enhancer</productName>
    <productImage>http://asset.lemansnet.com/z/LzUvQy9GLzVDRjQ1QTdDLUVBNUEtNDI5My04NTczLUE3MjkxNDc4RUNDMw==</productImage>
    <bullet1>Cycle Care® Formula B is formulated to provide a long-lasting repair to chalked-out, chemically burned engines and related parts</bullet1>
    <bullet2>Restores or preserves natural semi-flat black surfaces</bullet2>
    <bullet3>Provides factory-fresh finish without greasy or oily appearance; low sheen</bullet3>
    <bullet4>Maximum resistance to heat; extreme durability</bullet4>
    <bullet5>Made in the USA</bullet5>
    <bullet6/>
    <bullet7/>
    <bullet8/>
    <bullet9/>
    <bullet10/>
    <bullet11/>
    <bullet12/>
    <bullet13/>
    <bullet14/>
    <bullet15/>
    <bullet16/>
    <bullet17/>
    <bullet18/>
    <bullet19/>
    <bullet20/>
    <bullet21/>
    <bullet22/>
    <bullet23/>
    <bullet24/>
    <vendorPriceUpdateDate>2024-01-08 00:00:00</vendorPriceUpdateDate>
  </part>
  <part>
    <partNumber>37160001</partNumber>
    <punctuatedPartNumber>3716-0001</punctuatedPartNumber>
    <partStatusDescription>STANDARD</partStatusDescription>
    <partDescription>Formula W Wax Spray - 22 U.S. fl oz.</partDescription>
    <unitOfMeasure>Each</unitOfMeasure>
    <brandName>CYCLE CARE FORMULAS</brandName>
    <supplierNumber>66022</supplierNumber>
    <specialInstructions/>
    <baseDealerPrice>11.40</baseDealerPrice>
    <yourDealerPrice>11.40</yourDealerPrice>
    <baseRetailPrice>16.95</baseRetailPrice>
    <originalRetailPrice>16.95</originalRetailPrice>
    <partImage>http://asset.lemansnet.com/z/bWVkaWEvYjI4MWQzYjktMmE0Zi00ZDBmLTg1NTgtNjZkMGIwZjFhYzA2</partImage>
    <productId>0869171797</productId>
    <productName>Formula W Wet Wax Spray</productName>
    <productImage>http://asset.lemansnet.com/z/LzEvMC8xLzEwMTU2QjFCLUM4NjctNEZGNy04NkVELUMxNEQ2MjFFRjJDMQ==</productImage>
    <bullet1>Spray Wet Wax produces a durable high gloss shine on a wet or clean and dry surface, with minimal effort</bullet1>
    <bullet2>Formula W contains no abrasives and is clear coat safe</bullet2>
    <bullet3>Also safe on Lexan®, Plexiglas®, acrylic or factory coated windscreens</bullet3>
    <bullet4>Contains no petroleum distillates</bullet4>
    <bullet5>Made in the U.S.A.</bullet5>
    <bullet6/>
    <bullet7/>
    <bullet8/>
    <bullet9/>
    <bullet10/>
    <bullet11/>
    <bullet12/>
    <bullet13/>
    <bullet14/>
    <bullet15/>
    <bullet16/>
    <bullet17/>
    <bullet18/>
    <bullet19/>
    <bullet20/>
    <bullet21/>
    <bullet22/>
    <bullet23/>
    <bullet24/>
    <vendorPriceUpdateDate>2013-08-22 00:00:00</vendorPriceUpdateDate>
  </part>
  <part>
    <partNumber>37160002</partNumber>
    <punctuatedPartNumber>3716-0002</punctuatedPartNumber>
    <partStatusDescription>STANDARD</partStatusDescription>
    <partDescription>Formula W Wax Spray - 1 U.S. gal.</partDescription>
    <unitOfMeasure>Each</unitOfMeasure>
    <brandName>CYCLE CARE FORMULAS</brandName>
    <supplierNumber>66128</supplierNumber>
    <specialInstructions/>
    <baseDealerPrice>46.90</baseDealerPrice>
    <yourDealerPrice>46.90</yourDealerPrice>
    <baseRetailPrice>69.95</baseRetailPrice>
    <originalRetailPrice>69.95</originalRetailPrice>
    <partImage>http://asset.lemansnet.com/z/bWVkaWEvMzBkNWY2N2UtZDdmNS00Nzg1LWI5ODgtNDNjNTAyODI2MThk</partImage>
    <productId>0869171797</productId>
    <productName>Formula W Wet Wax Spray</productName>
    <productImage>http://asset.lemansnet.com/z/LzEvMC8xLzEwMTU2QjFCLUM4NjctNEZGNy04NkVELUMxNEQ2MjFFRjJDMQ==</productImage>
    <bullet1>Spray Wet Wax produces a durable high gloss shine on a wet or clean and dry surface, with minimal effort</bullet1>
    <bullet2>Formula W contains no abrasives and is clear coat safe</bullet2>
    <bullet3>Also safe on Lexan®, Plexiglas®, acrylic or factory coated windscreens</bullet3>
    <bullet4>Contains no petroleum distillates</bullet4>
    <bullet5>Made in the U.S.A.</bullet5>
    <bullet6/>
    <bullet7/>
    <bullet8/>
    <bullet9/>
    <bullet10/>
    <bullet11/>
    <bullet12/>
    <bullet13/>
    <bullet14/>
    <bullet15/>
    <bullet16/>
    <bullet17/>
    <bullet18/>
    <bullet19/>
    <bullet20/>
    <bullet21/>
    <bullet22/>
    <bullet23/>
    <bullet24/>
    <vendorPriceUpdateDate>2013-08-22 00:00:00</vendorPriceUpdateDate>
  </part>
  <part>
    <partNumber>37040118</partNumber>
    <punctuatedPartNumber>3704-0118</punctuatedPartNumber>
    <partStatusDescription>STANDARD</partStatusDescription>
    <partDescription>Formula 33 Detailer &amp; Bug Remover - 1 U.S. gal.</partDescription>
    <unitOfMeasure>Each</unitOfMeasure>
    <brandName>CYCLE CARE FORMULAS</brandName>
    <supplierNumber>33128</supplierNumber>
    <specialInstructions/>
    <baseDealerPrice>40.20</baseDealerPrice>
    <yourDealerPrice>40.20</yourDealerPrice>
    <baseRetailPrice>59.95</baseRetailPrice>
    <originalRetailPrice>59.95</originalRetailPrice>
    <partImage>http://asset.lemansnet.com/z/bWVkaWEvNmIzOWRkMDAtNTRjMC00MjdhLTkwYmEtMmNhYWI3ZGYxOWE3</partImage>
    <productId>1231680839</productId>
    <productName>Formula 33 Spray &amp; Wipe®, Bug Remover, Detailer, &amp; Polish</productName>
    <productImage>http://asset.lemansnet.com/z/LzEvRS9BLzFFQThDOUUxLUUyNkYtNEFCQS04NUQ3LUE1QzZFOEEzOEU4NA==</productImage>
    <bullet1>Cycle Care® Formula 33 for windshields, paint and chrome; a hyper-wetting spray to clean and polish all surfaces</bullet1>
    <bullet2>Provides effortless dust and dirt removal without fear of scratching</bullet2>
    <bullet3>Quick and easy to wipe, leaving no oily residue (silicone and petroleum distillate free)</bullet3>
    <bullet4>Easily removes bugs, road tar and road film from windscreen, paint (clear coat) and chrome</bullet4>
    <bullet5>Non-streaking, provides polished protection and water-repellent shine</bullet5>
    <bullet6>Safe on all pin-striping, custom paint or murals</bullet6>
    <bullet7>Product is clear and will not leave chalked residue</bullet7>
    <bullet8>Made in the USA</bullet8>
    <bullet9/>
    <bullet10/>
    <bullet11/>
    <bullet12/>
    <bullet13/>
    <bullet14/>
    <bullet15/>
    <bullet16/>
    <bullet17/>
    <bullet18/>
    <bullet19/>
    <bullet20/>
    <bullet21/>
    <bullet22/>
    <bullet23/>
    <bullet24/>
    <vendorPriceUpdateDate>2013-08-22 00:00:00</vendorPriceUpdateDate>
  </part>
  <part>
    <partNumber>37040135</partNumber>
    <punctuatedPartNumber>3704-0135</punctuatedPartNumber>
    <partStatusDescription>STANDARD</partStatusDescription>
    <partDescription>D MUD'R Cleaner - 1 U.S. gal.</partDescription>
    <unitOfMeasure>Each</unitOfMeasure>
    <brandName>CYCLE CARE FORMULAS</brandName>
    <supplierNumber>28128</supplierNumber>
    <specialInstructions/>
    <baseDealerPrice>21.40</baseDealerPrice>
    <yourDealerPrice>21.40</yourDealerPrice>
    <baseRetailPrice>31.95</baseRetailPrice>
    <originalRetailPrice>31.95</originalRetailPrice>
    <partImage>http://asset.lemansnet.com/z/bWVkaWEvNjFjNDJjMzktNDhmYi00NWM0LWJmYjAtMGFmMmQ0NzBjZTJl</partImage>
    <productId>0731327050</productId>
    <productName>D MUD'R Mud Release Formula</productName>
    <productImage>http://asset.lemansnet.com/z/LzkvMS82LzkxNjkxNEQ0LTAyQTUtNEJEMC04MDI2LTczMTA3QkNCMTdGNA==</productImage>
    <bullet1>D Mud'R is formulated for all vehicles: motorcycles, ATVs, snowmobiles, watercraft, jeeps, trucks and other off-road vehicles</bullet1>
    <bullet2>No burning of color-molded plastics or stains on aluminum wheels</bullet2>
    <bullet3>Cleans without chalking color-molded plastic parts or rubber parts</bullet3>
    <bullet4>Easy mud release for shocks, springs, struts and all suspension parts</bullet4>
    <bullet5>Safe for use on clear-coated, highly polished, painted or brushed aluminum wheels and components</bullet5>
    <bullet6>D Mud'R is as safe as water</bullet6>
    <bullet7>Made in the U.S.A.</bullet7>
    <bullet8/>
    <bullet9/>
    <bullet10/>
    <bullet11/>
    <bullet12/>
    <bullet13/>
    <bullet14/>
    <bullet15/>
    <bullet16/>
    <bullet17/>
    <bullet18/>
    <bullet19/>
    <bullet20/>
    <bullet21/>
    <bullet22/>
    <bullet23/>
    <bullet24/>
    <vendorPriceUpdateDate>2013-08-22 00:00:00</vendorPriceUpdateDate>
  </part>
  <part>
    <partNumber>37040138</partNumber>
    <punctuatedPartNumber>3704-0138</punctuatedPartNumber>
    <partStatusDescription>STANDARD</partStatusDescription>
    <partDescription>Wash Mitten</partDescription>
    <unitOfMeasure>Each</unitOfMeasure>
    <brandName>CYCLE CARE FORMULAS</brandName>
    <supplierNumber>88010</supplierNumber>
    <specialInstructions/>
    <baseDealerPrice>7.30</baseDealerPrice>
    <yourDealerPrice>7.30</yourDealerPrice>
    <baseRetailPrice>10.95</baseRetailPrice>
    <originalRetailPrice>10.95</originalRetailPrice>
    <partImage>http://asset.lemansnet.com/z/L0QvNy8zL0Q3MzdDRUEwLUQxRDgtNDZGQy1CNDI1LUVBOUUxMjM2MkNCRg==</partImage>
    <productId>1825546500</productId>
    <productName>Plush Wash Mitt</productName>
    <productImage>http://asset.lemansnet.com/z/L0QvNy8zL0Q3MzdDRUEwLUQxRDgtNDZGQy1CNDI1LUVBOUUxMjM2MkNCRg==</productImage>
    <bullet1>This top of the line wash mitt greatly enhances your washing experience</bullet1>
    <bullet2>The mitt is very friendly to all surfaces</bullet2>
    <bullet3>It holds in suspension an incredible amount of sudsy water for a very liquid agitation to remove dirt, bugs and road grime on your bike</bullet3>
    <bullet4>Incredible durability, long life, wash and reuse over and over</bullet4>
    <bullet5>Use with Cycle Care Formulas 2 and 22</bullet5>
    <bullet6>Made in the U.S.A.</bullet6>
    <bullet7/>
    <bullet8/>
    <bullet9/>
    <bullet10/>
    <bullet11/>
    <bullet12/>
    <bullet13/>
    <bullet14/>
    <bullet15/>
    <bullet16/>
    <bullet17/>
    <bullet18/>
    <bullet19/>
    <bullet20/>
    <bullet21/>
    <bullet22/>
    <bullet23/>
    <bullet24/>
    <vendorPriceUpdateDate>2013-08-22 00:00:00</vendorPriceUpdateDate>
  </part>
  <part>
    <partNumber>37040142</partNumber>
    <punctuatedPartNumber>3704-0142</punctuatedPartNumber>
    <partStatusDescription>STANDARD</partStatusDescription>
    <partDescription>Wheel Cleaning Brush</partDescription>
    <unitOfMeasure>Each</unitOfMeasure>
    <brandName>CYCLE CARE FORMULAS</brandName>
    <supplierNumber>88013</supplierNumber>
    <specialInstructions/>
    <baseDealerPrice>5.30</baseDealerPrice>
    <yourDealerPrice>5.30</yourDealerPrice>
    <baseRetailPrice>7.95</baseRetailPrice>
    <originalRetailPrice>7.95</originalRetailPrice>
    <partImage>http://asset.lemansnet.com/z/L0EvMC82L0EwNkE4NEM1LUNBRTUtNDIwNi05RDRGLTlDRjBCOURFRERFQQ==</partImage>
    <productId>2120412773</productId>
    <productName>Wheel and Engine Brush</productName>
    <productImage>http://asset.lemansnet.com/z/L0EvMC82L0EwNkE4NEM1LUNBRTUtNDIwNi05RDRGLTlDRjBCOURFRERFQQ==</productImage>
    <bullet1>This soft bristle brush will go places you can see - but can’t touch</bullet1>
    <bullet2>It will safely bend and curve around anything you need to reach; excellent for use on all types of wheels</bullet2>
    <bullet3>Specifically designed to use with Safeclean™, Silver and Black Motor Cleaner, on all generations of Silver and Black motors/engines and related components</bullet3>
    <bullet4>The road grime stains will rinse away, and you will have your clean motor back</bullet4>
    <bullet5>Made in the USA</bullet5>
    <bullet6/>
    <bullet7/>
    <bullet8/>
    <bullet9/>
    <bullet10/>
    <bullet11/>
    <bullet12/>
    <bullet13/>
    <bullet14/>
    <bullet15/>
    <bullet16/>
    <bullet17/>
    <bullet18/>
    <bullet19/>
    <bullet20/>
    <bullet21/>
    <bullet22/>
    <bullet23/>
    <bullet24/>
    <vendorPriceUpdateDate>2013-08-22 00:00:00</vendorPriceUpdateDate>
  </part>
  <part>
    <partNumber>37040207</partNumber>
    <punctuatedPartNumber>3704-0207</punctuatedPartNumber>
    <partStatusDescription>DISCONTINUED</partStatusDescription>
    <partDescription>RUFFCUT Denim Detailer - 4 U.S. fl oz. - 18 Pack Display</partDescription>
    <unitOfMeasure>Each</unitOfMeasure>
    <brandName>CYCLE CARE FORMULAS</brandName>
    <supplierNumber>38004-M</supplierNumber>
    <specialInstructions>DISC PART</specialInstructions>
    <baseDealerPrice>65.00</baseDealerPrice>
    <yourDealerPrice>65.00</yourDealerPrice>
    <baseRetailPrice>0.00</baseRetailPrice>
    <originalRetailPrice>142.95</originalRetailPrice>
    <partImage>http://asset.lemansnet.com/z/bWVkaWEvM2Y4YmEyOWEtMzQzZi00NjhiLWJlMmItYTY5ZWRmOGM5ODlm</partImage>
    <productId>1709631599</productId>
    <productName>RUFFCUTT Denim Matte Detailer</productName>
    <productImage>http://asset.lemansnet.com/z/L0UvRS9DL0VFQ0MxQzY1LUI1NTUtNDZBRS04QzcyLTZBM0I1RTQzQzczRg==</productImage>
    <bullet1>Cycle Care® Ruff-Cutt is a spray-on, wipe-off instant detailer specifically formulated for denim finish colors</bullet1>
    <bullet2>No-gloss/streak formula that self-levels while cleaning, leaving a natural, flat denim finish</bullet2>
    <bullet3>Ruff-Cutt is also a detailer for other surfaces on the motorcycle (e.g. windshields and chrome)</bullet3>
    <bullet4>Provides easy removal and protection for bugs, dirt and tree sap</bullet4>
    <bullet5/>
    <bullet6/>
    <bullet7/>
    <bullet8/>
    <bullet9/>
    <bullet10/>
    <bullet11/>
    <bullet12/>
    <bullet13/>
    <bullet14/>
    <bullet15/>
    <bullet16/>
    <bullet17/>
    <bullet18/>
    <bullet19/>
    <bullet20/>
    <bullet21/>
    <bullet22/>
    <bullet23/>
    <bullet24/>
    <vendorPriceUpdateDate>2023-04-22 00:00:00</vendorPriceUpdateDate>
  </part>
  <part>
    <partNumber>37040256</partNumber>
    <punctuatedPartNumber>3704-0256</punctuatedPartNumber>
    <partStatusDescription>STANDARD</partStatusDescription>
    <partDescription>Shine &amp; Ride Cleaner - 13 oz. net wt. - Aerosol</partDescription>
    <unitOfMeasure>Each</unitOfMeasure>
    <brandName>CYCLE CARE FORMULAS</brandName>
    <supplierNumber>AC331613</supplierNumber>
    <specialInstructions/>
    <baseDealerPrice>8.70</baseDealerPrice>
    <yourDealerPrice>8.70</yourDealerPrice>
    <baseRetailPrice>12.95</baseRetailPrice>
    <originalRetailPrice>12.95</originalRetailPrice>
    <partImage>http://asset.lemansnet.com/z/LzkvRi9ELzlGRDE2Q0RCLTgyMEQtNEJDQi1BRTFGLTY1OTM5MzE2OEVGOA==</partImage>
    <productId>1384367517</productId>
    <productName>Shine-N-Ride Foam Detailer/Bug Remover</productName>
    <productImage>http://asset.lemansnet.com/z/LzkvRi9ELzlGRDE2Q0RCLTgyMEQtNEJDQi1BRTFGLTY1OTM5MzE2OEVGOA==</productImage>
    <bullet1>Provides an impenetrable glossy shine that last for miles and miles</bullet1>
    <bullet2>Cleans, polishes and protects Lexan™, Plexiglas, acrylics and factory-coated windscreens</bullet2>
    <bullet3>Contains no silicones, petroleum distillates, ammonia or alcohol</bullet3>
    <bullet4>Non-streaking, easy spray and wipe application</bullet4>
    <bullet5>Quick and easy bug residue removal; prevents bug residue from sticking to motorcycle surfaces</bullet5>
    <bullet6>Makes water "bead and blow" from windscreens , face shields, glasses and goggles</bullet6>
    <bullet7>Certified for use on all plastics and clear coats</bullet7>
    <bullet8>Available in 13-ounce aerosol cans</bullet8>
    <bullet9/>
    <bullet10/>
    <bullet11/>
    <bullet12/>
    <bullet13/>
    <bullet14/>
    <bullet15/>
    <bullet16/>
    <bullet17/>
    <bullet18/>
    <bullet19/>
    <bullet20/>
    <bullet21/>
    <bullet22/>
    <bullet23/>
    <bullet24/>
    <vendorPriceUpdateDate>2016-07-25 00:00:00</vendorPriceUpdateDate>
  </part>
  <part>
    <partNumber>37040433</partNumber>
    <punctuatedPartNumber>3704-0433</punctuatedPartNumber>
    <partStatusDescription>STANDARD</partStatusDescription>
    <partDescription>Formula 1 Wheel &amp; Tire Cleaner - Bag in Box - 1 US gal.</partDescription>
    <unitOfMeasure>Each</unitOfMeasure>
    <brandName>CYCLE CARE FORMULAS</brandName>
    <supplierNumber>CCF01BB02_1G</supplierNumber>
    <specialInstructions/>
    <baseDealerPrice>29.69</baseDealerPrice>
    <yourDealerPrice>29.69</yourDealerPrice>
    <baseRetailPrice>45.68</baseRetailPrice>
    <originalRetailPrice>45.68</originalRetailPrice>
    <partImage>http://asset.lemansnet.com/z/L0IvMC9CL0IwQjNERTQ4LUE0NzgtNDAyRC04ODU4LTc5QTMzOEQwQzcwNQ==</partImage>
    <productId>0119814163</productId>
    <productName>Formula 1 White Wall Tire and Wheel Cleaner</productName>
    <productImage>http://asset.lemansnet.com/z/bWVkaWEvYTY2MzdhODItYTBkNC00ZjhmLTg1NWEtYTRhZjRjODFiMDE1</productImage>
    <bullet1>Specifically formulated non-corrosive cleaners that safely dissolve brake dust, road grime, tar, grease, etc. from tires and wheels (agitation required in extremely neglected situations)</bullet1>
    <bullet2>A safe and biodegradable product; just as safe as water on a variety of surfaces such as chrome and aluminum, clear or powder-coated wheels</bullet2>
    <bullet3>Spray on whitewall tires and scrub with a tire brush for brilliant white results</bullet3>
    <bullet4>Cleans but will not dull powder-coated engines</bullet4>
    <bullet5>Made in the USA</bullet5>
    <bullet6/>
    <bullet7/>
    <bullet8/>
    <bullet9/>
    <bullet10/>
    <bullet11/>
    <bullet12/>
    <bullet13/>
    <bullet14/>
    <bullet15/>
    <bullet16/>
    <bullet17/>
    <bullet18/>
    <bullet19/>
    <bullet20/>
    <bullet21/>
    <bullet22/>
    <bullet23/>
    <bullet24/>
    <vendorPriceUpdateDate>2024-01-08 00:00:00</vendorPriceUpdateDate>
  </part>
  <part>
    <partNumber>37040434</partNumber>
    <punctuatedPartNumber>3704-0434</punctuatedPartNumber>
    <partStatusDescription>STANDARD</partStatusDescription>
    <partDescription>Formula 2 Bike Wash - Bag in Box - 1/2 U.S. gal.</partDescription>
    <unitOfMeasure>Each</unitOfMeasure>
    <brandName>CYCLE CARE FORMULAS</brandName>
    <supplierNumber>CCF02P01_1/2G</supplierNumber>
    <specialInstructions/>
    <baseDealerPrice>29.29</baseDealerPrice>
    <yourDealerPrice>29.29</yourDealerPrice>
    <baseRetailPrice>45.07</baseRetailPrice>
    <originalRetailPrice>45.07</originalRetailPrice>
    <partImage>http://asset.lemansnet.com/z/LzQvRC9DLzREQ0U0NUM1LTFDMDMtNDgzRC04RDQyLTVGQjlBMUNGNzlFMQ==</partImage>
    <productId>0214527721</productId>
    <productName>Formula 2 Cycle Bike Wash Concentrate</productName>
    <productImage>http://asset.lemansnet.com/z/LzAvMC9CLzAwQkYxMERGLUYzOEQtNDNEQi1BREYwLUI0RTM1MTNCMjBDNQ==</productImage>
    <bullet1>Cycle Care® Formula 2 is a concentrated gentle shampoo formulated to clean and extend the life of Cycle Care Formula 3, Windshield, Paint and Chrome Polish (available separately)</bullet1>
    <bullet2>Formulated to perform as a wetting agent and will soften road grime and soil to prevent abrasion from wash mitt or cloth; will not strip wax or polish</bullet2>
    <bullet3>Bucket wash; rinse does not require high-pressure (agitation required in extremely neglected situations)</bullet3>
    <bullet4>Given normal drying conditions (sunlight, good breeze or leaf blower) it provides virtually spot-free results</bullet4>
    <bullet5>This product does not contain alkalis, acids or abrasives</bullet5>
    <bullet6>Made in the USA</bullet6>
    <bullet7/>
    <bullet8/>
    <bullet9/>
    <bullet10/>
    <bullet11/>
    <bullet12/>
    <bullet13/>
    <bullet14/>
    <bullet15/>
    <bullet16/>
    <bullet17/>
    <bullet18/>
    <bullet19/>
    <bullet20/>
    <bullet21/>
    <bullet22/>
    <bullet23/>
    <bullet24/>
    <vendorPriceUpdateDate>2024-01-08 00:00:00</vendorPriceUpdateDate>
  </part>
  <part>
    <partNumber>37040435</partNumber>
    <punctuatedPartNumber>3704-0435</punctuatedPartNumber>
    <partStatusDescription>STANDARD</partStatusDescription>
    <partDescription>Formula Safe Clean - Bag in Box - 1 U.S. gal.</partDescription>
    <unitOfMeasure>Each</unitOfMeasure>
    <brandName>CYCLE CARE FORMULAS</brandName>
    <supplierNumber>CCF15BB02_1G</supplierNumber>
    <specialInstructions/>
    <baseDealerPrice>29.69</baseDealerPrice>
    <yourDealerPrice>29.69</yourDealerPrice>
    <baseRetailPrice>45.68</baseRetailPrice>
    <originalRetailPrice>45.68</originalRetailPrice>
    <partImage>http://asset.lemansnet.com/z/LzEvNi8xLzE2MUY3NTlELTQxOUYtNDYzNi1COUE3LTMyMDVFODU0MTMyQg==</partImage>
    <productId>0789484289</productId>
    <productName>Safe Clean™ Silver and Black Engine Cleaner</productName>
    <productImage>http://asset.lemansnet.com/z/L0IvOS8zL0I5MzQ3MzNFLTJGODctNDY0NS1BMkQwLTNGQjMwRjQxMTc0NA==</productImage>
    <bullet1>Cycle Care® Safe Clean™ is specifically formulated for all generations of silver and black motors</bullet1>
    <bullet2>A safe cleaner, stain remover and degreaser for all motors</bullet2>
    <bullet3>Safe Clean™ will not harm any surface water will not harm, and is biodegradable</bullet3>
    <bullet4>Restores silver motors to factory finish appearance</bullet4>
    <bullet5>Use with confidence to safely dissolve grease, oil, road dirt and stains</bullet5>
    <bullet6>Safe for all aluminum and chrome accessories, as well as for pulleys and drive belts</bullet6>
    <bullet7>Made in the U.S.A.</bullet7>
    <bullet8>Will not repair previous damage caused by caustic or acidic cleaners.</bullet8>
    <bullet9/>
    <bullet10/>
    <bullet11/>
    <bullet12/>
    <bullet13/>
    <bullet14/>
    <bullet15/>
    <bullet16/>
    <bullet17/>
    <bullet18/>
    <bullet19/>
    <bullet20/>
    <bullet21/>
    <bullet22/>
    <bullet23/>
    <bullet24/>
    <vendorPriceUpdateDate>2024-01-08 00:00:00</vendorPriceUpdateDate>
  </part>
  <part>
    <partNumber>37040437</partNumber>
    <punctuatedPartNumber>3704-0437</punctuatedPartNumber>
    <partStatusDescription>STANDARD</partStatusDescription>
    <partDescription>Formula 22 Spray &amp; Ride - Bag in Box - 1 U.S. gal.</partDescription>
    <unitOfMeasure>Each</unitOfMeasure>
    <brandName>CYCLE CARE FORMULAS</brandName>
    <supplierNumber>CCF22BB02_1G</supplierNumber>
    <specialInstructions/>
    <baseDealerPrice>36.00</baseDealerPrice>
    <yourDealerPrice>36.00</yourDealerPrice>
    <baseRetailPrice>55.38</baseRetailPrice>
    <originalRetailPrice>55.38</originalRetailPrice>
    <partImage>http://asset.lemansnet.com/z/LzYvMC8zLzYwMzg0M0U3LUZGMjItNDk2Ni05QjhBLTkwODk4QzFBMUI2RQ==</partImage>
    <productId>1104037295</productId>
    <productName>Formula 22 Spray, Rinse &amp; Ride® Cleaner</productName>
    <productImage>http://asset.lemansnet.com/z/LzMvQy8yLzNDMkU2RUQ4LTc0QjItNDAxNi1BNTc3LTBCMzE0NTcyQkEzQg==</productImage>
    <bullet1>Cycle Care® Formula 22 is just as safe as water</bullet1>
    <bullet2>Will not strip polish, etch or stain aluminum</bullet2>
    <bullet3>Will not harm clear coat/paint, black powder-coat engine, leather accessories</bullet3>
    <bullet4>Frequent cleaners may use the product effectively at 50/50 solution</bullet4>
    <bullet5>Made in the USA</bullet5>
    <bullet6/>
    <bullet7/>
    <bullet8/>
    <bullet9/>
    <bullet10/>
    <bullet11/>
    <bullet12/>
    <bullet13/>
    <bullet14/>
    <bullet15/>
    <bullet16/>
    <bullet17/>
    <bullet18/>
    <bullet19/>
    <bullet20/>
    <bullet21/>
    <bullet22/>
    <bullet23/>
    <bullet24/>
    <vendorPriceUpdateDate>2024-01-08 00:00:00</vendorPriceUpdateDate>
  </part>
  <part>
    <partNumber>37040438</partNumber>
    <punctuatedPartNumber>3704-0438</punctuatedPartNumber>
    <partStatusDescription>STANDARD</partStatusDescription>
    <partDescription>Formula 33 Detailer &amp; Bug Remover - Bag in Box - 1 U.S. gal.</partDescription>
    <unitOfMeasure>Each</unitOfMeasure>
    <brandName>CYCLE CARE FORMULAS</brandName>
    <supplierNumber>CCF33BB02_1G</supplierNumber>
    <specialInstructions/>
    <baseDealerPrice>34.42</baseDealerPrice>
    <yourDealerPrice>34.42</yourDealerPrice>
    <baseRetailPrice>52.95</baseRetailPrice>
    <originalRetailPrice>52.95</originalRetailPrice>
    <partImage>http://asset.lemansnet.com/z/L0MvMS85L0MxOUU4MEZCLTFBOTYtNDEzNi04QjdDLUMwNEZGQUMwMURENQ==</partImage>
    <productId>1231680839</productId>
    <productName>Formula 33 Spray &amp; Wipe®, Bug Remover, Detailer, &amp; Polish</productName>
    <productImage>http://asset.lemansnet.com/z/LzEvRS9BLzFFQThDOUUxLUUyNkYtNEFCQS04NUQ3LUE1QzZFOEEzOEU4NA==</productImage>
    <bullet1>Cycle Care® Formula 33 for windshields, paint and chrome; a hyper-wetting spray to clean and polish all surfaces</bullet1>
    <bullet2>Provides effortless dust and dirt removal without fear of scratching</bullet2>
    <bullet3>Quick and easy to wipe, leaving no oily residue (silicone and petroleum distillate free)</bullet3>
    <bullet4>Easily removes bugs, road tar and road film from windscreen, paint (clear coat) and chrome</bullet4>
    <bullet5>Non-streaking, provides polished protection and water-repellent shine</bullet5>
    <bullet6>Safe on all pin-striping, custom paint or murals</bullet6>
    <bullet7>Product is clear and will not leave chalked residue</bullet7>
    <bullet8>Made in the USA</bullet8>
    <bullet9/>
    <bullet10/>
    <bullet11/>
    <bullet12/>
    <bullet13/>
    <bullet14/>
    <bullet15/>
    <bullet16/>
    <bullet17/>
    <bullet18/>
    <bullet19/>
    <bullet20/>
    <bullet21/>
    <bullet22/>
    <bullet23/>
    <bullet24/>
    <vendorPriceUpdateDate>2024-01-08 00:00:00</vendorPriceUpdateDate>
  </part>
  <part>
    <partNumber>37130051</partNumber>
    <punctuatedPartNumber>3713-0051</punctuatedPartNumber>
    <partStatusDescription>STANDARD</partStatusDescription>
    <partDescription>Micro Fiber Towel</partDescription>
    <unitOfMeasure>Each</unitOfMeasure>
    <brandName>CYCLE CARE FORMULAS</brandName>
    <supplierNumber>88015</supplierNumber>
    <specialInstructions/>
    <baseDealerPrice>5.10</baseDealerPrice>
    <yourDealerPrice>5.10</yourDealerPrice>
    <baseRetailPrice>7.95</baseRetailPrice>
    <originalRetailPrice>6.95</originalRetailPrice>
    <partImage>http://asset.lemansnet.com/z/LzEvQS8xLzFBMTA0NEEyLTkxNEEtNEMyQi1CNjE5LUMzMEExRUZEODU3OA==</partImage>
    <productId>1263419941</productId>
    <productName>Microfiber Towels</productName>
    <productImage>http://asset.lemansnet.com/z/LzEvQS8xLzFBMTA0NEEyLTkxNEEtNEMyQi1CNjE5LUMzMEExRUZEODU3OA==</productImage>
    <bullet1>These high-quality, 360 gram weight microfiber towels will perform any job you ask - dry, polish on or polish off</bullet1>
    <bullet2>Work amazingly well with Formula 33 Spray &amp; Wipe products</bullet2>
    <bullet3>Dampen or spray with water and wipe, it will perform beautifully, as the perfect wipe-down tool</bullet3>
    <bullet4>Wash and reuse over and over; will not shrink or lint</bullet4>
    <bullet5>Made in the U.S.A.</bullet5>
    <bullet6/>
    <bullet7/>
    <bullet8/>
    <bullet9/>
    <bullet10/>
    <bullet11/>
    <bullet12/>
    <bullet13/>
    <bullet14/>
    <bullet15/>
    <bullet16/>
    <bullet17/>
    <bullet18/>
    <bullet19/>
    <bullet20/>
    <bullet21/>
    <bullet22/>
    <bullet23/>
    <bullet24/>
    <vendorPriceUpdateDate>2013-08-22 00:00:00</vendorPriceUpdateDate>
  </part>
  <part>
    <partNumber>37130052</partNumber>
    <punctuatedPartNumber>3713-0052</punctuatedPartNumber>
    <partStatusDescription>STANDARD</partStatusDescription>
    <partDescription>Micro Fiber Towel - 4 Pack</partDescription>
    <unitOfMeasure>4 Pack</unitOfMeasure>
    <brandName>CYCLE CARE FORMULAS</brandName>
    <supplierNumber>88016</supplierNumber>
    <specialInstructions/>
    <baseDealerPrice>13.40</baseDealerPrice>
    <yourDealerPrice>13.40</yourDealerPrice>
    <baseRetailPrice>19.95</baseRetailPrice>
    <originalRetailPrice>19.95</originalRetailPrice>
    <partImage>http://asset.lemansnet.com/z/LzQvQi85LzRCOTZGQUUxLTY2QUYtNDc2MC1CMzQzLTk2N0Y2NERBMzM5RQ==</partImage>
    <productId>1263419941</productId>
    <productName>Microfiber Towels</productName>
    <productImage>http://asset.lemansnet.com/z/LzEvQS8xLzFBMTA0NEEyLTkxNEEtNEMyQi1CNjE5LUMzMEExRUZEODU3OA==</productImage>
    <bullet1>These high-quality, 360 gram weight microfiber towels will perform any job you ask - dry, polish on or polish off</bullet1>
    <bullet2>Work amazingly well with Formula 33 Spray &amp; Wipe products</bullet2>
    <bullet3>Dampen or spray with water and wipe, it will perform beautifully, as the perfect wipe-down tool</bullet3>
    <bullet4>Wash and reuse over and over; will not shrink or lint</bullet4>
    <bullet5>Made in the U.S.A.</bullet5>
    <bullet6/>
    <bullet7/>
    <bullet8/>
    <bullet9/>
    <bullet10/>
    <bullet11/>
    <bullet12/>
    <bullet13/>
    <bullet14/>
    <bullet15/>
    <bullet16/>
    <bullet17/>
    <bullet18/>
    <bullet19/>
    <bullet20/>
    <bullet21/>
    <bullet22/>
    <bullet23/>
    <bullet24/>
    <vendorPriceUpdateDate>2023-04-22 00:00:00</vendorPriceUpdateDate>
  </part>
  <part>
    <partNumber>37020008</partNumber>
    <punctuatedPartNumber>3702-0008</punctuatedPartNumber>
    <partStatusDescription>STANDARD</partStatusDescription>
    <partDescription>Scoot Pads Applicator - 4-Pack</partDescription>
    <unitOfMeasure>4 Pack</unitOfMeasure>
    <brandName>CYCLE CARE FORMULAS</brandName>
    <supplierNumber>88019</supplierNumber>
    <specialInstructions/>
    <baseDealerPrice>3.30</baseDealerPrice>
    <yourDealerPrice>3.30</yourDealerPrice>
    <baseRetailPrice>4.95</baseRetailPrice>
    <originalRetailPrice>4.95</originalRetailPrice>
    <partImage>http://asset.lemansnet.com/z/L0MvNC9GL0M0RjAwQkFBLTM0RkQtNEQ0QS1CMEY4LTI3ODc2QjA0NzQzNywvMS9CL0QvMUJEQjQyQzctMEZBQy00MzE5LTkwMzQtNUE3RTNBRkRDOTlBLC80LzEvRi80MUY4RjNBNy1GMUZFLTQyM0QtOEExRC1CNDdDMjYwM0M5NTI=</partImage>
    <productId>0784631491</productId>
    <productName>Scoot Pads for Blueing and Golding</productName>
    <productImage>http://asset.lemansnet.com/z/LzQvMS9GLzQxRjhGM0E3LUYxRkUtNDIzRC04QTFELUI0N0MyNjAzQzk1Mg==</productImage>
    <bullet1>Apply Formula M Metal Polish to one of these pads and watch blueing and/or golding start to disappear</bullet1>
    <bullet2>Made in the USA</bullet2>
    <bullet3/>
    <bullet4/>
    <bullet5/>
    <bullet6/>
    <bullet7/>
    <bullet8/>
    <bullet9/>
    <bullet10/>
    <bullet11/>
    <bullet12/>
    <bullet13/>
    <bullet14/>
    <bullet15/>
    <bullet16/>
    <bullet17/>
    <bullet18/>
    <bullet19/>
    <bullet20/>
    <bullet21/>
    <bullet22/>
    <bullet23/>
    <bullet24/>
    <vendorPriceUpdateDate>2023-04-22 00:00:00</vendorPriceUpdateDate>
  </part>
  <part>
    <partNumber>37040109</partNumber>
    <punctuatedPartNumber>3704-0109</punctuatedPartNumber>
    <partStatusDescription>STANDARD</partStatusDescription>
    <partDescription>Formula 1 Wheel &amp; Tire Cleaner - 22 US fl oz.</partDescription>
    <unitOfMeasure>Each</unitOfMeasure>
    <brandName>CYCLE CARE FORMULAS</brandName>
    <supplierNumber>01022</supplierNumber>
    <specialInstructions/>
    <baseDealerPrice>10.70</baseDealerPrice>
    <yourDealerPrice>10.70</yourDealerPrice>
    <baseRetailPrice>15.95</baseRetailPrice>
    <originalRetailPrice>15.95</originalRetailPrice>
    <partImage>http://asset.lemansnet.com/z/bWVkaWEvYTY2MzdhODItYTBkNC00ZjhmLTg1NWEtYTRhZjRjODFiMDE1</partImage>
    <productId>0119814163</productId>
    <productName>Formula 1 White Wall Tire and Wheel Cleaner</productName>
    <productImage>http://asset.lemansnet.com/z/bWVkaWEvYTY2MzdhODItYTBkNC00ZjhmLTg1NWEtYTRhZjRjODFiMDE1</productImage>
    <bullet1>Specifically formulated non-corrosive cleaners that safely dissolve brake dust, road grime, tar, grease, etc. from tires and wheels (agitation required in extremely neglected situations)</bullet1>
    <bullet2>A safe and biodegradable product; just as safe as water on a variety of surfaces such as chrome and aluminum, clear or powder-coated wheels</bullet2>
    <bullet3>Spray on whitewall tires and scrub with a tire brush for brilliant white results</bullet3>
    <bullet4>Cleans but will not dull powder-coated engines</bullet4>
    <bullet5>Made in the USA</bullet5>
    <bullet6/>
    <bullet7/>
    <bullet8/>
    <bullet9/>
    <bullet10/>
    <bullet11/>
    <bullet12/>
    <bullet13/>
    <bullet14/>
    <bullet15/>
    <bullet16/>
    <bullet17/>
    <bullet18/>
    <bullet19/>
    <bullet20/>
    <bullet21/>
    <bullet22/>
    <bullet23/>
    <bullet24/>
    <vendorPriceUpdateDate>2013-08-22 00:00:00</vendorPriceUpdateDate>
  </part>
  <part>
    <partNumber>37040110</partNumber>
    <punctuatedPartNumber>3704-0110</punctuatedPartNumber>
    <partStatusDescription>STANDARD</partStatusDescription>
    <partDescription>Formula 1 Wheel &amp; Tire Cleaner - 1 US gal.</partDescription>
    <unitOfMeasure>Each</unitOfMeasure>
    <brandName>CYCLE CARE FORMULAS</brandName>
    <supplierNumber>01128</supplierNumber>
    <specialInstructions/>
    <baseDealerPrice>40.20</baseDealerPrice>
    <yourDealerPrice>40.20</yourDealerPrice>
    <baseRetailPrice>59.95</baseRetailPrice>
    <originalRetailPrice>59.95</originalRetailPrice>
    <partImage>http://asset.lemansnet.com/z/bWVkaWEvNWFhNDU4MmYtMGZmMy00NGNiLTk3M2MtYzU5MWViY2IzZDY2</partImage>
    <productId>0119814163</productId>
    <productName>Formula 1 White Wall Tire and Wheel Cleaner</productName>
    <productImage>http://asset.lemansnet.com/z/bWVkaWEvYTY2MzdhODItYTBkNC00ZjhmLTg1NWEtYTRhZjRjODFiMDE1</productImage>
    <bullet1>Specifically formulated non-corrosive cleaners that safely dissolve brake dust, road grime, tar, grease, etc. from tires and wheels (agitation required in extremely neglected situations)</bullet1>
    <bullet2>A safe and biodegradable product; just as safe as water on a variety of surfaces such as chrome and aluminum, clear or powder-coated wheels</bullet2>
    <bullet3>Spray on whitewall tires and scrub with a tire brush for brilliant white results</bullet3>
    <bullet4>Cleans but will not dull powder-coated engines</bullet4>
    <bullet5>Made in the USA</bullet5>
    <bullet6/>
    <bullet7/>
    <bullet8/>
    <bullet9/>
    <bullet10/>
    <bullet11/>
    <bullet12/>
    <bullet13/>
    <bullet14/>
    <bullet15/>
    <bullet16/>
    <bullet17/>
    <bullet18/>
    <bullet19/>
    <bullet20/>
    <bullet21/>
    <bullet22/>
    <bullet23/>
    <bullet24/>
    <vendorPriceUpdateDate>2013-08-22 00:00:00</vendorPriceUpdateDate>
  </part>
  <part>
    <partNumber>37040111</partNumber>
    <punctuatedPartNumber>3704-0111</punctuatedPartNumber>
    <partStatusDescription>STANDARD</partStatusDescription>
    <partDescription>Formula 2 Bike Wash - 8 U.S. fl oz.</partDescription>
    <unitOfMeasure>Each</unitOfMeasure>
    <brandName>CYCLE CARE FORMULAS</brandName>
    <supplierNumber>02008</supplierNumber>
    <specialInstructions/>
    <baseDealerPrice>8.70</baseDealerPrice>
    <yourDealerPrice>8.70</yourDealerPrice>
    <baseRetailPrice>12.95</baseRetailPrice>
    <originalRetailPrice>12.95</originalRetailPrice>
    <partImage>http://asset.lemansnet.com/z/bWVkaWEvYjhjZmE3OTItNTMyNy00MDg0LTkzMWEtZGI0ZWMzMWQ2OTcy</partImage>
    <productId>0214527721</productId>
    <productName>Formula 2 Cycle Bike Wash Concentrate</productName>
    <productImage>http://asset.lemansnet.com/z/LzAvMC9CLzAwQkYxMERGLUYzOEQtNDNEQi1BREYwLUI0RTM1MTNCMjBDNQ==</productImage>
    <bullet1>Cycle Care® Formula 2 is a concentrated gentle shampoo formulated to clean and extend the life of Cycle Care Formula 3, Windshield, Paint and Chrome Polish (available separately)</bullet1>
    <bullet2>Formulated to perform as a wetting agent and will soften road grime and soil to prevent abrasion from wash mitt or cloth; will not strip wax or polish</bullet2>
    <bullet3>Bucket wash; rinse does not require high-pressure (agitation required in extremely neglected situations)</bullet3>
    <bullet4>Given normal drying conditions (sunlight, good breeze or leaf blower) it provides virtually spot-free results</bullet4>
    <bullet5>This product does not contain alkalis, acids or abrasives</bullet5>
    <bullet6>Made in the USA</bullet6>
    <bullet7/>
    <bullet8/>
    <bullet9/>
    <bullet10/>
    <bullet11/>
    <bullet12/>
    <bullet13/>
    <bullet14/>
    <bullet15/>
    <bullet16/>
    <bullet17/>
    <bullet18/>
    <bullet19/>
    <bullet20/>
    <bullet21/>
    <bullet22/>
    <bullet23/>
    <bullet24/>
    <vendorPriceUpdateDate>2013-08-22 00:00:00</vendorPriceUpdateDate>
  </part>
  <part>
    <partNumber>37040113</partNumber>
    <punctuatedPartNumber>3704-0113</punctuatedPartNumber>
    <partStatusDescription>STANDARD</partStatusDescription>
    <partDescription>Formula 2 Bike Wash - 1 U.S. gal.</partDescription>
    <unitOfMeasure>Each</unitOfMeasure>
    <brandName>CYCLE CARE FORMULAS</brandName>
    <supplierNumber>02128</supplierNumber>
    <specialInstructions/>
    <baseDealerPrice>46.90</baseDealerPrice>
    <yourDealerPrice>46.90</yourDealerPrice>
    <baseRetailPrice>69.95</baseRetailPrice>
    <originalRetailPrice>69.95</originalRetailPrice>
    <partImage>http://asset.lemansnet.com/z/bWVkaWEvN2JiMWQ2YTEtZWE3OC00NjY2LTg0ZTctNmRiOWU0MzE1NmI1</partImage>
    <productId>0214527721</productId>
    <productName>Formula 2 Cycle Bike Wash Concentrate</productName>
    <productImage>http://asset.lemansnet.com/z/LzAvMC9CLzAwQkYxMERGLUYzOEQtNDNEQi1BREYwLUI0RTM1MTNCMjBDNQ==</productImage>
    <bullet1>Cycle Care® Formula 2 is a concentrated gentle shampoo formulated to clean and extend the life of Cycle Care Formula 3, Windshield, Paint and Chrome Polish (available separately)</bullet1>
    <bullet2>Formulated to perform as a wetting agent and will soften road grime and soil to prevent abrasion from wash mitt or cloth; will not strip wax or polish</bullet2>
    <bullet3>Bucket wash; rinse does not require high-pressure (agitation required in extremely neglected situations)</bullet3>
    <bullet4>Given normal drying conditions (sunlight, good breeze or leaf blower) it provides virtually spot-free results</bullet4>
    <bullet5>This product does not contain alkalis, acids or abrasives</bullet5>
    <bullet6>Made in the USA</bullet6>
    <bullet7/>
    <bullet8/>
    <bullet9/>
    <bullet10/>
    <bullet11/>
    <bullet12/>
    <bullet13/>
    <bullet14/>
    <bullet15/>
    <bullet16/>
    <bullet17/>
    <bullet18/>
    <bullet19/>
    <bullet20/>
    <bullet21/>
    <bullet22/>
    <bullet23/>
    <bullet24/>
    <vendorPriceUpdateDate>2013-08-22 00:00:00</vendorPriceUpdateDate>
  </part>
  <part>
    <partNumber>37040114</partNumber>
    <punctuatedPartNumber>3704-0114</punctuatedPartNumber>
    <partStatusDescription>STANDARD</partStatusDescription>
    <partDescription>Formula 22 Spray &amp; Ride - 32 U.S. fl oz</partDescription>
    <unitOfMeasure>Each</unitOfMeasure>
    <brandName>CYCLE CARE FORMULAS</brandName>
    <supplierNumber>22032</supplierNumber>
    <specialInstructions/>
    <baseDealerPrice>11.40</baseDealerPrice>
    <yourDealerPrice>11.40</yourDealerPrice>
    <baseRetailPrice>16.95</baseRetailPrice>
    <originalRetailPrice>16.95</originalRetailPrice>
    <partImage>http://asset.lemansnet.com/z/bWVkaWEvNGIyZDIxYmMtOGM4Yi00ZTM4LThhNWUtNmE5Nzc1ZjUwNjZl</partImage>
    <productId>1104037295</productId>
    <productName>Formula 22 Spray, Rinse &amp; Ride® Cleaner</productName>
    <productImage>http://asset.lemansnet.com/z/LzMvQy8yLzNDMkU2RUQ4LTc0QjItNDAxNi1BNTc3LTBCMzE0NTcyQkEzQg==</productImage>
    <bullet1>Cycle Care® Formula 22 is just as safe as water</bullet1>
    <bullet2>Will not strip polish, etch or stain aluminum</bullet2>
    <bullet3>Will not harm clear coat/paint, black powder-coat engine, leather accessories</bullet3>
    <bullet4>Frequent cleaners may use the product effectively at 50/50 solution</bullet4>
    <bullet5>Made in the USA</bullet5>
    <bullet6/>
    <bullet7/>
    <bullet8/>
    <bullet9/>
    <bullet10/>
    <bullet11/>
    <bullet12/>
    <bullet13/>
    <bullet14/>
    <bullet15/>
    <bullet16/>
    <bullet17/>
    <bullet18/>
    <bullet19/>
    <bullet20/>
    <bullet21/>
    <bullet22/>
    <bullet23/>
    <bullet24/>
    <vendorPriceUpdateDate>2013-08-22 00:00:00</vendorPriceUpdateDate>
  </part>
  <part>
    <partNumber>37040115</partNumber>
    <punctuatedPartNumber>3704-0115</punctuatedPartNumber>
    <partStatusDescription>STANDARD</partStatusDescription>
    <partDescription>Formula 22 Spray &amp; Ride - 1 U.S. gal.</partDescription>
    <unitOfMeasure>Each</unitOfMeasure>
    <brandName>CYCLE CARE FORMULAS</brandName>
    <supplierNumber>22128</supplierNumber>
    <specialInstructions/>
    <baseDealerPrice>33.50</baseDealerPrice>
    <yourDealerPrice>33.50</yourDealerPrice>
    <baseRetailPrice>49.95</baseRetailPrice>
    <originalRetailPrice>49.95</originalRetailPrice>
    <partImage>http://asset.lemansnet.com/z/bWVkaWEvYTllYWY1YzMtYzk4ZS00ZTdhLTk4NjAtZTI0NmVjMTYxZmY0</partImage>
    <productId>1104037295</productId>
    <productName>Formula 22 Spray, Rinse &amp; Ride® Cleaner</productName>
    <productImage>http://asset.lemansnet.com/z/LzMvQy8yLzNDMkU2RUQ4LTc0QjItNDAxNi1BNTc3LTBCMzE0NTcyQkEzQg==</productImage>
    <bullet1>Cycle Care® Formula 22 is just as safe as water</bullet1>
    <bullet2>Will not strip polish, etch or stain aluminum</bullet2>
    <bullet3>Will not harm clear coat/paint, black powder-coat engine, leather accessories</bullet3>
    <bullet4>Frequent cleaners may use the product effectively at 50/50 solution</bullet4>
    <bullet5>Made in the USA</bullet5>
    <bullet6/>
    <bullet7/>
    <bullet8/>
    <bullet9/>
    <bullet10/>
    <bullet11/>
    <bullet12/>
    <bullet13/>
    <bullet14/>
    <bullet15/>
    <bullet16/>
    <bullet17/>
    <bullet18/>
    <bullet19/>
    <bullet20/>
    <bullet21/>
    <bullet22/>
    <bullet23/>
    <bullet24/>
    <vendorPriceUpdateDate>2013-08-22 00:00:00</vendorPriceUpdateDate>
  </part>
  <part>
    <partNumber>37040116</partNumber>
    <punctuatedPartNumber>3704-0116</punctuatedPartNumber>
    <partStatusDescription>STANDARD</partStatusDescription>
    <partDescription>Formula 33 Detailer &amp; Bug Remover - 4 U.S. fl oz</partDescription>
    <unitOfMeasure>Each</unitOfMeasure>
    <brandName>CYCLE CARE FORMULAS</brandName>
    <supplierNumber>33004</supplierNumber>
    <specialInstructions/>
    <baseDealerPrice>5.40</baseDealerPrice>
    <yourDealerPrice>5.40</yourDealerPrice>
    <baseRetailPrice>7.95</baseRetailPrice>
    <originalRetailPrice>7.95</originalRetailPrice>
    <partImage>http://asset.lemansnet.com/z/bWVkaWEvNzAyMWE1ZGEtNDUxYS00NDhjLTlkZTQtYTA4MDkyY2U3ZTA1</partImage>
    <productId>1231680839</productId>
    <productName>Formula 33 Spray &amp; Wipe®, Bug Remover, Detailer, &amp; Polish</productName>
    <productImage>http://asset.lemansnet.com/z/LzEvRS9BLzFFQThDOUUxLUUyNkYtNEFCQS04NUQ3LUE1QzZFOEEzOEU4NA==</productImage>
    <bullet1>Cycle Care® Formula 33 for windshields, paint and chrome; a hyper-wetting spray to clean and polish all surfaces</bullet1>
    <bullet2>Provides effortless dust and dirt removal without fear of scratching</bullet2>
    <bullet3>Quick and easy to wipe, leaving no oily residue (silicone and petroleum distillate free)</bullet3>
    <bullet4>Easily removes bugs, road tar and road film from windscreen, paint (clear coat) and chrome</bullet4>
    <bullet5>Non-streaking, provides polished protection and water-repellent shine</bullet5>
    <bullet6>Safe on all pin-striping, custom paint or murals</bullet6>
    <bullet7>Product is clear and will not leave chalked residue</bullet7>
    <bullet8>Made in the USA</bullet8>
    <bullet9/>
    <bullet10/>
    <bullet11/>
    <bullet12/>
    <bullet13/>
    <bullet14/>
    <bullet15/>
    <bullet16/>
    <bullet17/>
    <bullet18/>
    <bullet19/>
    <bullet20/>
    <bullet21/>
    <bullet22/>
    <bullet23/>
    <bullet24/>
    <vendorPriceUpdateDate>2013-08-22 00:00:00</vendorPriceUpdateDate>
  </part>
  <part>
    <partNumber>37040117</partNumber>
    <punctuatedPartNumber>3704-0117</punctuatedPartNumber>
    <partStatusDescription>STANDARD</partStatusDescription>
    <partDescription>Formula 33 Detailer &amp; Bug Remover - 22 U.S. fl oz</partDescription>
    <unitOfMeasure>Each</unitOfMeasure>
    <brandName>CYCLE CARE FORMULAS</brandName>
    <supplierNumber>33022</supplierNumber>
    <specialInstructions/>
    <baseDealerPrice>11.40</baseDealerPrice>
    <yourDealerPrice>11.40</yourDealerPrice>
    <baseRetailPrice>16.95</baseRetailPrice>
    <originalRetailPrice>16.95</originalRetailPrice>
    <partImage>http://asset.lemansnet.com/z/bWVkaWEvYWYxNjg2ZmQtMDhjYi00NzgzLTgyM2UtYWNhNzNjMjBkNjgy</partImage>
    <productId>1231680839</productId>
    <productName>Formula 33 Spray &amp; Wipe®, Bug Remover, Detailer, &amp; Polish</productName>
    <productImage>http://asset.lemansnet.com/z/LzEvRS9BLzFFQThDOUUxLUUyNkYtNEFCQS04NUQ3LUE1QzZFOEEzOEU4NA==</productImage>
    <bullet1>Cycle Care® Formula 33 for windshields, paint and chrome; a hyper-wetting spray to clean and polish all surfaces</bullet1>
    <bullet2>Provides effortless dust and dirt removal without fear of scratching</bullet2>
    <bullet3>Quick and easy to wipe, leaving no oily residue (silicone and petroleum distillate free)</bullet3>
    <bullet4>Easily removes bugs, road tar and road film from windscreen, paint (clear coat) and chrome</bullet4>
    <bullet5>Non-streaking, provides polished protection and water-repellent shine</bullet5>
    <bullet6>Safe on all pin-striping, custom paint or murals</bullet6>
    <bullet7>Product is clear and will not leave chalked residue</bullet7>
    <bullet8>Made in the USA</bullet8>
    <bullet9/>
    <bullet10/>
    <bullet11/>
    <bullet12/>
    <bullet13/>
    <bullet14/>
    <bullet15/>
    <bullet16/>
    <bullet17/>
    <bullet18/>
    <bullet19/>
    <bullet20/>
    <bullet21/>
    <bullet22/>
    <bullet23/>
    <bullet24/>
    <vendorPriceUpdateDate>2013-08-22 00:00:00</vendorPriceUpdateDate>
  </part>
  <part>
    <partNumber>37040119</partNumber>
    <punctuatedPartNumber>3704-0119</punctuatedPartNumber>
    <partStatusDescription>STANDARD</partStatusDescription>
    <partDescription>Formula SafeClean - 22 U.S. fl oz.</partDescription>
    <unitOfMeasure>Each</unitOfMeasure>
    <brandName>CYCLE CARE FORMULAS</brandName>
    <supplierNumber>15022</supplierNumber>
    <specialInstructions/>
    <baseDealerPrice>10.70</baseDealerPrice>
    <yourDealerPrice>10.70</yourDealerPrice>
    <baseRetailPrice>15.95</baseRetailPrice>
    <originalRetailPrice>15.95</originalRetailPrice>
    <partImage>http://asset.lemansnet.com/z/bWVkaWEvODNlMzU0ZjUtOTBmNi00MjlkLWEwZWItNzViMjhlNjEzNjQw</partImage>
    <productId>0789484289</productId>
    <productName>Safe Clean™ Silver and Black Engine Cleaner</productName>
    <productImage>http://asset.lemansnet.com/z/L0IvOS8zL0I5MzQ3MzNFLTJGODctNDY0NS1BMkQwLTNGQjMwRjQxMTc0NA==</productImage>
    <bullet1>Cycle Care® Safe Clean™ is specifically formulated for all generations of silver and black motors</bullet1>
    <bullet2>A safe cleaner, stain remover and degreaser for all motors</bullet2>
    <bullet3>Safe Clean™ will not harm any surface water will not harm, and is biodegradable</bullet3>
    <bullet4>Restores silver motors to factory finish appearance</bullet4>
    <bullet5>Use with confidence to safely dissolve grease, oil, road dirt and stains</bullet5>
    <bullet6>Safe for all aluminum and chrome accessories, as well as for pulleys and drive belts</bullet6>
    <bullet7>Made in the U.S.A.</bullet7>
    <bullet8>Will not repair previous damage caused by caustic or acidic cleaners.</bullet8>
    <bullet9/>
    <bullet10/>
    <bullet11/>
    <bullet12/>
    <bullet13/>
    <bullet14/>
    <bullet15/>
    <bullet16/>
    <bullet17/>
    <bullet18/>
    <bullet19/>
    <bullet20/>
    <bullet21/>
    <bullet22/>
    <bullet23/>
    <bullet24/>
    <vendorPriceUpdateDate>2013-08-22 00:00:00</vendorPriceUpdateDate>
  </part>
  <part>
    <partNumber>37040120</partNumber>
    <punctuatedPartNumber>3704-0120</punctuatedPartNumber>
    <partStatusDescription>STANDARD</partStatusDescription>
    <partDescription>Formula Newspoke - 22 U.S. fl oz.</partDescription>
    <unitOfMeasure>Each</unitOfMeasure>
    <brandName>CYCLE CARE FORMULAS</brandName>
    <supplierNumber>16022</supplierNumber>
    <specialInstructions/>
    <baseDealerPrice>10.70</baseDealerPrice>
    <yourDealerPrice>10.70</yourDealerPrice>
    <baseRetailPrice>15.95</baseRetailPrice>
    <originalRetailPrice>16.95</originalRetailPrice>
    <partImage>http://asset.lemansnet.com/z/bWVkaWEvMDlhZDM1YWEtZjI5Yy00OTc5LWFiZDAtNWM1MGMxOTYyNDcy</partImage>
    <productId>0757415144</productId>
    <productName>Formula NewSpoke™ Bright Cleaner</productName>
    <productImage>http://asset.lemansnet.com/z/L0IvOC8xL0I4MTBFRTI5LTlBOUEtNERCOC05NTcwLTFGMzI0QzAxQUMwMQ==</productImage>
    <bullet1>Formula NewSpoke™ cleans brake dust from areas that are immovable and unreachable with wheel cleaners, string laces, towels or brushes</bullet1>
    <bullet2>Removes brake dust, dirt and road film leaving aluminum, stainless steel and chrome spokes clean and bright</bullet2>
    <bullet3>Safe on brake rotors, calipers, pads, tires and all metal</bullet3>
    <bullet4>It has never been this easy to clean spoke wheels: spray on, wait three minutes, blast with hose nozzle pressure or pressure washer, and you have new spokes</bullet4>
    <bullet5>Made in the U.S.A.</bullet5>
    <bullet6/>
    <bullet7/>
    <bullet8/>
    <bullet9/>
    <bullet10/>
    <bullet11/>
    <bullet12/>
    <bullet13/>
    <bullet14/>
    <bullet15/>
    <bullet16/>
    <bullet17/>
    <bullet18/>
    <bullet19/>
    <bullet20/>
    <bullet21/>
    <bullet22/>
    <bullet23/>
    <bullet24/>
    <vendorPriceUpdateDate>2013-08-22 00:00:00</vendorPriceUpdateDate>
  </part>
  <part>
    <partNumber>37040121</partNumber>
    <punctuatedPartNumber>3704-0121</punctuatedPartNumber>
    <partStatusDescription>STANDARD</partStatusDescription>
    <partDescription>RUFFCUT Denim Detailer - 22 U.S. fl oz.</partDescription>
    <unitOfMeasure>Each</unitOfMeasure>
    <brandName>CYCLE CARE FORMULAS</brandName>
    <supplierNumber>38022</supplierNumber>
    <specialInstructions/>
    <baseDealerPrice>10.70</baseDealerPrice>
    <yourDealerPrice>10.70</yourDealerPrice>
    <baseRetailPrice>15.95</baseRetailPrice>
    <originalRetailPrice>15.95</originalRetailPrice>
    <partImage>http://asset.lemansnet.com/z/bWVkaWEvNDRmZGQyMDYtYzdjMy00N2M3LThlNGItNjZmZWRiMDhjNmIx</partImage>
    <productId>2100527997</productId>
    <productName>RUFFCUTT Denim Matte Detailer</productName>
    <productImage>http://asset.lemansnet.com/z/L0UvRS9DL0VFQ0MxQzY1LUI1NTUtNDZBRS04QzcyLTZBM0I1RTQzQzczRg==</productImage>
    <bullet1>Cycle Care® Ruff-Cutt is a spray-on, wipe-off instant detailer specifically formulated for denim finish colors</bullet1>
    <bullet2>No-gloss/streak formula that self-levels while cleaning, leaving a natural, flat denim finish</bullet2>
    <bullet3>Ruff-Cutt is also a detailer for other surfaces on the motorcycle (e.g. windshields and chrome)</bullet3>
    <bullet4>Provides easy removal and protection for bugs, dirt and tree sap</bullet4>
    <bullet5/>
    <bullet6/>
    <bullet7/>
    <bullet8/>
    <bullet9/>
    <bullet10/>
    <bullet11/>
    <bullet12/>
    <bullet13/>
    <bullet14/>
    <bullet15/>
    <bullet16/>
    <bullet17/>
    <bullet18/>
    <bullet19/>
    <bullet20/>
    <bullet21/>
    <bullet22/>
    <bullet23/>
    <bullet24/>
    <vendorPriceUpdateDate>2013-08-22 00:00:00</vendorPriceUpdateDate>
  </part>
  <part>
    <partNumber>37040133</partNumber>
    <punctuatedPartNumber>3704-0133</punctuatedPartNumber>
    <partStatusDescription>STANDARD</partStatusDescription>
    <partDescription>D MUD'R Cleaner - 32 U.S. fl oz.</partDescription>
    <unitOfMeasure>Each</unitOfMeasure>
    <brandName>CYCLE CARE FORMULAS</brandName>
    <supplierNumber>28032</supplierNumber>
    <specialInstructions/>
    <baseDealerPrice>8.70</baseDealerPrice>
    <yourDealerPrice>8.70</yourDealerPrice>
    <baseRetailPrice>12.95</baseRetailPrice>
    <originalRetailPrice>14.95</originalRetailPrice>
    <partImage>http://asset.lemansnet.com/z/LzQvRS9ELzRFREQxMTU5LTc5MjItNEVBQi04MkU2LTU2NkI2MEQ2N0Q4OQ==</partImage>
    <productId>0731327050</productId>
    <productName>D MUD'R Mud Release Formula</productName>
    <productImage>http://asset.lemansnet.com/z/LzkvMS82LzkxNjkxNEQ0LTAyQTUtNEJEMC04MDI2LTczMTA3QkNCMTdGNA==</productImage>
    <bullet1>D Mud'R is formulated for all vehicles: motorcycles, ATVs, snowmobiles, watercraft, jeeps, trucks and other off-road vehicles</bullet1>
    <bullet2>No burning of color-molded plastics or stains on aluminum wheels</bullet2>
    <bullet3>Cleans without chalking color-molded plastic parts or rubber parts</bullet3>
    <bullet4>Easy mud release for shocks, springs, struts and all suspension parts</bullet4>
    <bullet5>Safe for use on clear-coated, highly polished, painted or brushed aluminum wheels and components</bullet5>
    <bullet6>D Mud'R is as safe as water</bullet6>
    <bullet7>Made in the U.S.A.</bullet7>
    <bullet8/>
    <bullet9/>
    <bullet10/>
    <bullet11/>
    <bullet12/>
    <bullet13/>
    <bullet14/>
    <bullet15/>
    <bullet16/>
    <bullet17/>
    <bullet18/>
    <bullet19/>
    <bullet20/>
    <bullet21/>
    <bullet22/>
    <bullet23/>
    <bullet24/>
    <vendorPriceUpdateDate>2016-07-28 00:00:00</vendorPriceUpdateDate>
  </part>
  <part>
    <partNumber>37040143</partNumber>
    <punctuatedPartNumber>3704-0143</punctuatedPartNumber>
    <partStatusDescription>STANDARD</partStatusDescription>
    <partDescription>Whitewall Tire Brush</partDescription>
    <unitOfMeasure>Each</unitOfMeasure>
    <brandName>CYCLE CARE FORMULAS</brandName>
    <supplierNumber>88014</supplierNumber>
    <specialInstructions/>
    <baseDealerPrice>5.30</baseDealerPrice>
    <yourDealerPrice>5.30</yourDealerPrice>
    <baseRetailPrice>7.95</baseRetailPrice>
    <originalRetailPrice>7.95</originalRetailPrice>
    <partImage>http://asset.lemansnet.com/z/LzIvMC8yLzIwMjhGMUE0LTA5RDEtNDEyQS1CMDQ5LTI2QzM0MERGMjk4QQ==</partImage>
    <productId>1609184790</productId>
    <productName>Whitewall and Tire Brush</productName>
    <productImage>http://asset.lemansnet.com/z/LzIvMC8yLzIwMjhGMUE0LTA5RDEtNDEyQS1CMDQ5LTI2QzM0MERGMjk4QQ==</productImage>
    <bullet1>Softens the oxidation so that slight agitation will cause release of the oxidation from the tire</bullet1>
    <bullet2>Restores the tire surface and leaves white sidewalls whiter than white</bullet2>
    <bullet3>Made in the U.S.A.</bullet3>
    <bullet4>Brass brush will not scratch chrome wheels with this procedure.</bullet4>
    <bullet5/>
    <bullet6/>
    <bullet7/>
    <bullet8/>
    <bullet9/>
    <bullet10/>
    <bullet11/>
    <bullet12/>
    <bullet13/>
    <bullet14/>
    <bullet15/>
    <bullet16/>
    <bullet17/>
    <bullet18/>
    <bullet19/>
    <bullet20/>
    <bullet21/>
    <bullet22/>
    <bullet23/>
    <bullet24/>
    <vendorPriceUpdateDate>2013-08-22 00:00:00</vendorPriceUpdateDate>
  </part>
  <part>
    <partNumber>37040144</partNumber>
    <punctuatedPartNumber>3704-0144</punctuatedPartNumber>
    <partStatusDescription>STANDARD</partStatusDescription>
    <partDescription>Ultra-Fine Steel Wool</partDescription>
    <unitOfMeasure>Each</unitOfMeasure>
    <brandName>CYCLE CARE FORMULAS</brandName>
    <supplierNumber>88018</supplierNumber>
    <specialInstructions/>
    <baseDealerPrice>2.65</baseDealerPrice>
    <yourDealerPrice>2.65</yourDealerPrice>
    <baseRetailPrice>3.95</baseRetailPrice>
    <originalRetailPrice>3.95</originalRetailPrice>
    <partImage>http://asset.lemansnet.com/z/LzkvMS8xLzkxMTBBMTQ1LUI2NjQtNEVFRC1BRjc5LTg4RkNFOTRBMzAwRQ==</partImage>
    <productId>0128991731</productId>
    <productName>Ultra-Fine Steel Wool</productName>
    <productImage>http://asset.lemansnet.com/z/LzkvMS8xLzkxMTBBMTQ1LUI2NjQtNEVFRC1BRjc5LTg4RkNFOTRBMzAwRQ==</productImage>
    <bullet1>A professional detailer's secret weapon to clean and polish burned-on dirt, road oil, little white pollen spots, etc. on chrome exhaust, motor parts and chrome accessories</bullet1>
    <bullet2>Use with a liquid cleaner or polish, such as Formula 33</bullet2>
    <bullet3>Removes burned-on heel marks and flash rust from chrome-plated metal parts</bullet3>
    <bullet4>Do not use on chrome-plated plastics - test with a magnet</bullet4>
    <bullet5>Also good with Formula M on aluminum stains and pitting</bullet5>
    <bullet6>Made in the U.S.A.</bullet6>
    <bullet7/>
    <bullet8/>
    <bullet9/>
    <bullet10/>
    <bullet11/>
    <bullet12/>
    <bullet13/>
    <bullet14/>
    <bullet15/>
    <bullet16/>
    <bullet17/>
    <bullet18/>
    <bullet19/>
    <bullet20/>
    <bullet21/>
    <bullet22/>
    <bullet23/>
    <bullet24/>
    <vendorPriceUpdateDate>2023-04-22 00:00:00</vendorPriceUpdateDate>
  </part>
  <part>
    <partNumber>37040180</partNumber>
    <punctuatedPartNumber>3704-0180</punctuatedPartNumber>
    <partStatusDescription>STANDARD</partStatusDescription>
    <partDescription>Formula SafeClean - 1 U.S. gal.</partDescription>
    <unitOfMeasure>Each</unitOfMeasure>
    <brandName>CYCLE CARE FORMULAS</brandName>
    <supplierNumber>15128</supplierNumber>
    <specialInstructions/>
    <baseDealerPrice>46.90</baseDealerPrice>
    <yourDealerPrice>46.90</yourDealerPrice>
    <baseRetailPrice>69.95</baseRetailPrice>
    <originalRetailPrice>69.95</originalRetailPrice>
    <partImage>http://asset.lemansnet.com/z/bWVkaWEvZWU5NWZhNmItM2M5Mi00YzhlLWI1NDktN2MxNzMxYjhkOGE0</partImage>
    <productId>0789484289</productId>
    <productName>Safe Clean™ Silver and Black Engine Cleaner</productName>
    <productImage>http://asset.lemansnet.com/z/L0IvOS8zL0I5MzQ3MzNFLTJGODctNDY0NS1BMkQwLTNGQjMwRjQxMTc0NA==</productImage>
    <bullet1>Cycle Care® Safe Clean™ is specifically formulated for all generations of silver and black motors</bullet1>
    <bullet2>A safe cleaner, stain remover and degreaser for all motors</bullet2>
    <bullet3>Safe Clean™ will not harm any surface water will not harm, and is biodegradable</bullet3>
    <bullet4>Restores silver motors to factory finish appearance</bullet4>
    <bullet5>Use with confidence to safely dissolve grease, oil, road dirt and stains</bullet5>
    <bullet6>Safe for all aluminum and chrome accessories, as well as for pulleys and drive belts</bullet6>
    <bullet7>Made in the U.S.A.</bullet7>
    <bullet8>Will not repair previous damage caused by caustic or acidic cleaners.</bullet8>
    <bullet9/>
    <bullet10/>
    <bullet11/>
    <bullet12/>
    <bullet13/>
    <bullet14/>
    <bullet15/>
    <bullet16/>
    <bullet17/>
    <bullet18/>
    <bullet19/>
    <bullet20/>
    <bullet21/>
    <bullet22/>
    <bullet23/>
    <bullet24/>
    <vendorPriceUpdateDate>2013-08-22 00:00:00</vendorPriceUpdateDate>
  </part>
  <part>
    <partNumber>37040204</partNumber>
    <punctuatedPartNumber>3704-0204</punctuatedPartNumber>
    <partStatusDescription>DISCONTINUED</partStatusDescription>
    <partDescription>Formula 33 Detailer &amp; Bug Remover - 30 U.S. gal. - Barrel</partDescription>
    <unitOfMeasure>Each</unitOfMeasure>
    <brandName>CYCLE CARE FORMULAS</brandName>
    <supplierNumber>33030</supplierNumber>
    <specialInstructions>Discontinued Item</specialInstructions>
    <baseDealerPrice>600.00</baseDealerPrice>
    <yourDealerPrice>600.00</yourDealerPrice>
    <baseRetailPrice>0.00</baseRetailPrice>
    <originalRetailPrice>1229.95</originalRetailPrice>
    <partImage>http://asset.lemansnet.com/z/bWVkaWEvYTRjNjY4OWMtMjNlMC00YzNjLTg5OWYtNjJkZTk5N2U1OWI4</partImage>
    <productId>1305215178</productId>
    <productName>Formula 33 Spray &amp; Wipe®, Bug Remover, Detailer, &amp; Polish</productName>
    <productImage>http://asset.lemansnet.com/z/LzEvRS9BLzFFQThDOUUxLUUyNkYtNEFCQS04NUQ3LUE1QzZFOEEzOEU4NA==</productImage>
    <bullet1>Cycle Care® Formula 33 for windshields, paint and chrome; a hyper-wetting spray to clean and polish all surfaces</bullet1>
    <bullet2>Provides effortless dust and dirt removal without fear of scratching</bullet2>
    <bullet3>Quick and easy to wipe, leaving no oily residue (silicone and petroleum distillate free)</bullet3>
    <bullet4>Easily removes bugs, road tar and road film from windscreen, paint (clear coat) and chrome</bullet4>
    <bullet5>Non-streaking, provides polished protection and water-repellent shine</bullet5>
    <bullet6>Safe on all pin-striping, custom paint or murals</bullet6>
    <bullet7>Product is clear and will not leave chalked residue</bullet7>
    <bullet8>Made in the USA</bullet8>
    <bullet9/>
    <bullet10/>
    <bullet11/>
    <bullet12/>
    <bullet13/>
    <bullet14/>
    <bullet15/>
    <bullet16/>
    <bullet17/>
    <bullet18/>
    <bullet19/>
    <bullet20/>
    <bullet21/>
    <bullet22/>
    <bullet23/>
    <bullet24/>
    <vendorPriceUpdateDate>2019-11-27 00:00:00</vendorPriceUpdateDate>
  </part>
  <part>
    <partNumber>37040208</partNumber>
    <punctuatedPartNumber>3704-0208</punctuatedPartNumber>
    <partStatusDescription>STANDARD</partStatusDescription>
    <partDescription>RUFFCUT Denim Detailer - 4 U.S. fl oz.</partDescription>
    <unitOfMeasure>Each</unitOfMeasure>
    <brandName>CYCLE CARE FORMULAS</brandName>
    <supplierNumber>38004</supplierNumber>
    <specialInstructions/>
    <baseDealerPrice>5.30</baseDealerPrice>
    <yourDealerPrice>5.30</yourDealerPrice>
    <baseRetailPrice>7.95</baseRetailPrice>
    <originalRetailPrice>7.95</originalRetailPrice>
    <partImage>http://asset.lemansnet.com/z/bWVkaWEvOTFmNTA3MWEtZTg1NS00NThhLTlhMjAtNzYzYjg0NzM1MWU4</partImage>
    <productId>2100527997</productId>
    <productName>RUFFCUTT Denim Matte Detailer</productName>
    <productImage>http://asset.lemansnet.com/z/L0UvRS9DL0VFQ0MxQzY1LUI1NTUtNDZBRS04QzcyLTZBM0I1RTQzQzczRg==</productImage>
    <bullet1>Cycle Care® Ruff-Cutt is a spray-on, wipe-off instant detailer specifically formulated for denim finish colors</bullet1>
    <bullet2>No-gloss/streak formula that self-levels while cleaning, leaving a natural, flat denim finish</bullet2>
    <bullet3>Ruff-Cutt is also a detailer for other surfaces on the motorcycle (e.g. windshields and chrome)</bullet3>
    <bullet4>Provides easy removal and protection for bugs, dirt and tree sap</bullet4>
    <bullet5/>
    <bullet6/>
    <bullet7/>
    <bullet8/>
    <bullet9/>
    <bullet10/>
    <bullet11/>
    <bullet12/>
    <bullet13/>
    <bullet14/>
    <bullet15/>
    <bullet16/>
    <bullet17/>
    <bullet18/>
    <bullet19/>
    <bullet20/>
    <bullet21/>
    <bullet22/>
    <bullet23/>
    <bullet24/>
    <vendorPriceUpdateDate>2014-01-22 00:00:00</vendorPriceUpdateDate>
  </part>
  <part>
    <partNumber>37040205</partNumber>
    <punctuatedPartNumber>3704-0205</punctuatedPartNumber>
    <partStatusDescription>STANDARD</partStatusDescription>
    <partDescription>Formula SafeClean - 30 U.S. gal. - Barrel</partDescription>
    <unitOfMeasure>Each</unitOfMeasure>
    <brandName>CYCLE CARE FORMULAS</brandName>
    <supplierNumber>15030</supplierNumber>
    <specialInstructions>TRUCK PPD/ORD TO SUPPORT ?02JCH</specialInstructions>
    <baseDealerPrice>760.20</baseDealerPrice>
    <yourDealerPrice>760.20</yourDealerPrice>
    <baseRetailPrice>0.00</baseRetailPrice>
    <originalRetailPrice>1169.95</originalRetailPrice>
    <partImage>http://asset.lemansnet.com/z/bWVkaWEvNjBkOGE2ZmMtZTk2YS00MzcyLTgyOGUtNWE4YTE0ZDhmOGQy</partImage>
    <productId>0789484289</productId>
    <productName>Safe Clean™ Silver and Black Engine Cleaner</productName>
    <productImage>http://asset.lemansnet.com/z/L0IvOS8zL0I5MzQ3MzNFLTJGODctNDY0NS1BMkQwLTNGQjMwRjQxMTc0NA==</productImage>
    <bullet1>Cycle Care® Safe Clean™ is specifically formulated for all generations of silver and black motors</bullet1>
    <bullet2>A safe cleaner, stain remover and degreaser for all motors</bullet2>
    <bullet3>Safe Clean™ will not harm any surface water will not harm, and is biodegradable</bullet3>
    <bullet4>Restores silver motors to factory finish appearance</bullet4>
    <bullet5>Use with confidence to safely dissolve grease, oil, road dirt and stains</bullet5>
    <bullet6>Safe for all aluminum and chrome accessories, as well as for pulleys and drive belts</bullet6>
    <bullet7>Made in the U.S.A.</bullet7>
    <bullet8>Will not repair previous damage caused by caustic or acidic cleaners.</bullet8>
    <bullet9/>
    <bullet10/>
    <bullet11/>
    <bullet12/>
    <bullet13/>
    <bullet14/>
    <bullet15/>
    <bullet16/>
    <bullet17/>
    <bullet18/>
    <bullet19/>
    <bullet20/>
    <bullet21/>
    <bullet22/>
    <bullet23/>
    <bullet24/>
    <vendorPriceUpdateDate>2019-11-27 00:00:00</vendorPriceUpdateDate>
  </part>
  <part>
    <partNumber>37040206</partNumber>
    <punctuatedPartNumber>3704-0206</punctuatedPartNumber>
    <partStatusDescription>STANDARD</partStatusDescription>
    <partDescription>Formula Newspoke - 30 U.S. gal. - Barrel</partDescription>
    <unitOfMeasure>Each</unitOfMeasure>
    <brandName>CYCLE CARE FORMULAS</brandName>
    <supplierNumber>16030</supplierNumber>
    <specialInstructions>TRUCK PPD/ORD TO SUPPORT ?02JCH</specialInstructions>
    <baseDealerPrice>760.20</baseDealerPrice>
    <yourDealerPrice>760.20</yourDealerPrice>
    <baseRetailPrice>0.00</baseRetailPrice>
    <originalRetailPrice>1169.95</originalRetailPrice>
    <partImage>http://asset.lemansnet.com/z/bWVkaWEvNTllNzI0OWUtZTlhMi00MWMzLWJlMjgtZWRlYmFmODAxMjhk</partImage>
    <productId>0757415144</productId>
    <productName>Formula NewSpoke™ Bright Cleaner</productName>
    <productImage>http://asset.lemansnet.com/z/L0IvOC8xL0I4MTBFRTI5LTlBOUEtNERCOC05NTcwLTFGMzI0QzAxQUMwMQ==</productImage>
    <bullet1>Formula NewSpoke™ cleans brake dust from areas that are immovable and unreachable with wheel cleaners, string laces, towels or brushes</bullet1>
    <bullet2>Removes brake dust, dirt and road film leaving aluminum, stainless steel and chrome spokes clean and bright</bullet2>
    <bullet3>Safe on brake rotors, calipers, pads, tires and all metal</bullet3>
    <bullet4>It has never been this easy to clean spoke wheels: spray on, wait three minutes, blast with hose nozzle pressure or pressure washer, and you have new spokes</bullet4>
    <bullet5>Made in the U.S.A.</bullet5>
    <bullet6/>
    <bullet7/>
    <bullet8/>
    <bullet9/>
    <bullet10/>
    <bullet11/>
    <bullet12/>
    <bullet13/>
    <bullet14/>
    <bullet15/>
    <bullet16/>
    <bullet17/>
    <bullet18/>
    <bullet19/>
    <bullet20/>
    <bullet21/>
    <bullet22/>
    <bullet23/>
    <bullet24/>
    <vendorPriceUpdateDate>2019-11-27 00:00:00</vendorPriceUpdateDate>
  </part>
</root>
