<root>
  <part>
    <partNumber>03630012</partNumber>
    <punctuatedPartNumber>0363-0012</punctuatedPartNumber>
    <partStatusDescription>STANDARD</partStatusDescription>
    <partDescription>Tire Pressure Gauge - TirePro™ - Analog</partDescription>
    <unitOfMeasure>Each</unitOfMeasure>
    <brandName>CRUZTOOLS</brandName>
    <supplierNumber>DTPG1</supplierNumber>
    <specialInstructions/>
    <baseDealerPrice>12.90</baseDealerPrice>
    <yourDealerPrice>12.90</yourDealerPrice>
    <baseRetailPrice>19.95</baseRetailPrice>
    <originalRetailPrice>19.95</originalRetailPrice>
    <partImage>http://asset.lemansnet.com/z/L0QvRC84L0REOEVDMUZBLUFBRUQtNDU5Ri05OEE4LTRDOEZFQkNCRUJCRg==</partImage>
    <productId>1176389624</productId>
    <productName>TirePro™ Dial Tire Gauge for Powersports</productName>
    <productImage>http://asset.lemansnet.com/z/L0QvRC84L0REOEVDMUZBLUFBRUQtNDU5Ri05OEE4LTRDOEZFQkNCRUJCRg==</productImage>
    <bullet1>Accurate and easy to read analog gauge has a 12” long flexible hose for easy access making it perfect for motorcycles, ATV or UTV</bullet1>
    <bullet2>Rotating brass head makes it easy to reach tight places and the needle holds the reading so you can easily see it</bullet2>
    <bullet3>Readings are in psi and kPa (1-60 psi), and the dial is protected by a rubber boot</bullet3>
    <bullet4>A built-in valve lets you “bleed” down to the desired pressure</bullet4>
    <bullet5>Lifetime guarantee - no questions asked</bullet5>
    <bullet6/>
    <bullet7/>
    <bullet8/>
    <bullet9/>
    <bullet10/>
    <bullet11/>
    <bullet12/>
    <bullet13/>
    <bullet14/>
    <bullet15/>
    <bullet16/>
    <bullet17/>
    <bullet18/>
    <bullet19/>
    <bullet20/>
    <bullet21/>
    <bullet22/>
    <bullet23/>
    <bullet24/>
    <vendorPriceUpdateDate>2022-09-16 00:00:00</vendorPriceUpdateDate>
  </part>
  <part>
    <partNumber>03630021</partNumber>
    <punctuatedPartNumber>0363-0021</punctuatedPartNumber>
    <partStatusDescription>STANDARD</partStatusDescription>
    <partDescription>Tire Pressure Gauge - TirePro™ - Digital</partDescription>
    <unitOfMeasure>Each</unitOfMeasure>
    <brandName>CRUZTOOLS</brandName>
    <supplierNumber>DGTG2</supplierNumber>
    <specialInstructions/>
    <baseDealerPrice>14.80</baseDealerPrice>
    <yourDealerPrice>14.80</yourDealerPrice>
    <baseRetailPrice>22.95</baseRetailPrice>
    <originalRetailPrice>19.95</originalRetailPrice>
    <partImage>http://asset.lemansnet.com/z/LzQvQS9GLzRBRjQxMjQ1LTRCNjctNDFERC1BMjc3LUVDNEVCQTMyNEU5OQ==</partImage>
    <productId>0539392039</productId>
    <productName>TirePro™ Digital Tire Gauge</productName>
    <productImage>http://asset.lemansnet.com/z/LzQvQS9GLzRBRjQxMjQ1LTRCNjctNDFERC1BMjc3LUVDNEVCQTMyNEU5OQ==</productImage>
    <bullet1>Ideal for motorcycle, UTV and ATV use, with a large display and accuracy from 1-99 psi</bullet1>
    <bullet2>Readings are shown to 0.1 psi levels, with bar, Kpa, and Kg-cm2 scales also provided</bullet2>
    <bullet3>Ergonomic shape fits nicely in your hand and is compact for easy storage</bullet3>
    <bullet4>Lifetime guarantee - no questions asked</bullet4>
    <bullet5/>
    <bullet6/>
    <bullet7/>
    <bullet8/>
    <bullet9/>
    <bullet10/>
    <bullet11/>
    <bullet12/>
    <bullet13/>
    <bullet14/>
    <bullet15/>
    <bullet16/>
    <bullet17/>
    <bullet18/>
    <bullet19/>
    <bullet20/>
    <bullet21/>
    <bullet22/>
    <bullet23/>
    <bullet24/>
    <vendorPriceUpdateDate>2022-09-16 00:00:00</vendorPriceUpdateDate>
  </part>
  <part>
    <partNumber>38100001</partNumber>
    <punctuatedPartNumber>3810-0001</punctuatedPartNumber>
    <partStatusDescription>STANDARD</partStatusDescription>
    <partDescription>Tire Lever - TirePro™ - 2-Piece</partDescription>
    <unitOfMeasure>2-Piece</unitOfMeasure>
    <brandName>CRUZTOOLS</brandName>
    <supplierNumber>TLS1</supplierNumber>
    <specialInstructions>ACTUALLY MADE IN CHINA ?02DLW</specialInstructions>
    <baseDealerPrice>16.20</baseDealerPrice>
    <yourDealerPrice>16.20</yourDealerPrice>
    <baseRetailPrice>24.95</baseRetailPrice>
    <originalRetailPrice>19.95</originalRetailPrice>
    <partImage>http://asset.lemansnet.com/z/L0QvMy9EL0QzRDQwNEIyLTI2Q0QtNEFBRC04Q0Y0LUI1ODU3REZGMjUxMg==</partImage>
    <productId>1560889584</productId>
    <productName>TirePro™ 2-Piece Tire Lever Set</productName>
    <productImage>http://asset.lemansnet.com/z/L0QvMy9EL0QzRDQwNEIyLTI2Q0QtNEFBRC04Q0Y0LUI1ODU3REZGMjUxMg==</productImage>
    <bullet1>Made of forged and heat-treated carbon steel alloy, these 9” tire levers offer the strength and leverage you need to change tires</bullet1>
    <bullet2>Compact enough to fit in fanny packs, saddle bags or tank bags</bullet2>
    <bullet3>Lifetime guarantee - no questions asked</bullet3>
    <bullet4/>
    <bullet5/>
    <bullet6/>
    <bullet7/>
    <bullet8/>
    <bullet9/>
    <bullet10/>
    <bullet11/>
    <bullet12/>
    <bullet13/>
    <bullet14/>
    <bullet15/>
    <bullet16/>
    <bullet17/>
    <bullet18/>
    <bullet19/>
    <bullet20/>
    <bullet21/>
    <bullet22/>
    <bullet23/>
    <bullet24/>
    <vendorPriceUpdateDate>2023-04-22 00:00:00</vendorPriceUpdateDate>
  </part>
  <part>
    <partNumber>38110042</partNumber>
    <punctuatedPartNumber>3811-0042</punctuatedPartNumber>
    <partStatusDescription>STANDARD</partStatusDescription>
    <partDescription>Wrench - Front/Rear Axle - Closed End - 14 mm x 22 mm x 27 mm</partDescription>
    <unitOfMeasure>Each</unitOfMeasure>
    <brandName>CRUZTOOLS</brandName>
    <supplierNumber>AW142227</supplierNumber>
    <specialInstructions/>
    <baseDealerPrice>11.60</baseDealerPrice>
    <yourDealerPrice>11.60</yourDealerPrice>
    <baseRetailPrice>17.95</baseRetailPrice>
    <originalRetailPrice>14.95</originalRetailPrice>
    <partImage>http://asset.lemansnet.com/z/LzQvRS83LzRFNzRBQjZFLTQ4MTAtNDhFNi1CNEQyLTJDQkQ2M0UzMkI0QQ==</partImage>
    <productId>1994990038</productId>
    <productName>Combo Axle Wrench</productName>
    <productImage>http://asset.lemansnet.com/z/LzQvRS83LzRFNzRBQjZFLTQ4MTAtNDhFNi1CNEQyLTJDQkQ2M0UzMkI0QQ==</productImage>
    <bullet1>Lightweight and compact for easy storage while offering enough leverage to get the job done while in the field</bullet1>
    <bullet2>Perfect for removing front and rear axles during trail-side repairs or adjustments</bullet2>
    <bullet3>Chrome polished finish with laser-etched markings</bullet3>
    <bullet4>The 14 mm size is good for most spark plugs</bullet4>
    <bullet5>Lifetime guarantee - no questions asked</bullet5>
    <bullet6/>
    <bullet7/>
    <bullet8/>
    <bullet9/>
    <bullet10/>
    <bullet11/>
    <bullet12/>
    <bullet13/>
    <bullet14/>
    <bullet15/>
    <bullet16/>
    <bullet17/>
    <bullet18/>
    <bullet19/>
    <bullet20/>
    <bullet21/>
    <bullet22/>
    <bullet23/>
    <bullet24/>
    <vendorPriceUpdateDate>2022-09-16 00:00:00</vendorPriceUpdateDate>
  </part>
  <part>
    <partNumber>38110043</partNumber>
    <punctuatedPartNumber>3811-0043</punctuatedPartNumber>
    <partStatusDescription>STANDARD</partStatusDescription>
    <partDescription>Wrench - Front/Rear Axle - Closed End - 14 mm x 22 mm x 32 mm</partDescription>
    <unitOfMeasure>Each</unitOfMeasure>
    <brandName>CRUZTOOLS</brandName>
    <supplierNumber>AW142232</supplierNumber>
    <specialInstructions/>
    <baseDealerPrice>11.60</baseDealerPrice>
    <yourDealerPrice>11.60</yourDealerPrice>
    <baseRetailPrice>17.95</baseRetailPrice>
    <originalRetailPrice>14.95</originalRetailPrice>
    <partImage>http://asset.lemansnet.com/z/LzAvMy80LzAzNDYzNTlELUU2NjAtNEI5OS1BNEJDLTE5OThGNEI2OTI0NA==</partImage>
    <productId>1994990038</productId>
    <productName>Combo Axle Wrench</productName>
    <productImage>http://asset.lemansnet.com/z/LzQvRS83LzRFNzRBQjZFLTQ4MTAtNDhFNi1CNEQyLTJDQkQ2M0UzMkI0QQ==</productImage>
    <bullet1>Lightweight and compact for easy storage while offering enough leverage to get the job done while in the field</bullet1>
    <bullet2>Perfect for removing front and rear axles during trail-side repairs or adjustments</bullet2>
    <bullet3>Chrome polished finish with laser-etched markings</bullet3>
    <bullet4>The 14 mm size is good for most spark plugs</bullet4>
    <bullet5>Lifetime guarantee - no questions asked</bullet5>
    <bullet6/>
    <bullet7/>
    <bullet8/>
    <bullet9/>
    <bullet10/>
    <bullet11/>
    <bullet12/>
    <bullet13/>
    <bullet14/>
    <bullet15/>
    <bullet16/>
    <bullet17/>
    <bullet18/>
    <bullet19/>
    <bullet20/>
    <bullet21/>
    <bullet22/>
    <bullet23/>
    <bullet24/>
    <vendorPriceUpdateDate>2022-09-16 00:00:00</vendorPriceUpdateDate>
  </part>
  <part>
    <partNumber>38110061</partNumber>
    <punctuatedPartNumber>3811-0061</punctuatedPartNumber>
    <partStatusDescription>STANDARD</partStatusDescription>
    <partDescription>Wrench - T50 - Rear Wheel - Torx - BMW</partDescription>
    <unitOfMeasure>Each</unitOfMeasure>
    <brandName>CRUZTOOLS</brandName>
    <supplierNumber>T50BM</supplierNumber>
    <specialInstructions/>
    <baseDealerPrice>12.30</baseDealerPrice>
    <yourDealerPrice>12.30</yourDealerPrice>
    <baseRetailPrice>18.95</baseRetailPrice>
    <originalRetailPrice>18.95</originalRetailPrice>
    <partImage>http://asset.lemansnet.com/z/L0MvMS8xL0MxMUM0QjY2LTdGQ0MtNDYwRS1BRjNCLTU4RUJDNzY3OUMwQg==</partImage>
    <productId>0857460677</productId>
    <productName>T50 Rear Wheel Torx Wrench for BMW</productName>
    <productImage>http://asset.lemansnet.com/z/L0MvMS8xL0MxMUM0QjY2LTdGQ0MtNDYwRS1BRjNCLTU4RUJDNzY3OUMwQg==</productImage>
    <bullet1>Professional strength with heat-treated S2 Alloy and plenty of leverage at 7.5" long, this is a must-have tool for BMW owners</bullet1>
    <bullet2>Made for removing the high-torque bolts that attach the rear wheel on modern BMW motorcycles</bullet2>
    <bullet3>Lifetime guarantee - no questions asked</bullet3>
    <bullet4/>
    <bullet5/>
    <bullet6/>
    <bullet7/>
    <bullet8/>
    <bullet9/>
    <bullet10/>
    <bullet11/>
    <bullet12/>
    <bullet13/>
    <bullet14/>
    <bullet15/>
    <bullet16/>
    <bullet17/>
    <bullet18/>
    <bullet19/>
    <bullet20/>
    <bullet21/>
    <bullet22/>
    <bullet23/>
    <bullet24/>
    <vendorPriceUpdateDate>2022-09-16 00:00:00</vendorPriceUpdateDate>
  </part>
  <part>
    <partNumber>DS196203</partNumber>
    <punctuatedPartNumber>DS-196203</punctuatedPartNumber>
    <partStatusDescription>STANDARD</partStatusDescription>
    <partDescription>Tool Kit - Deluxe - Harley Davidson</partDescription>
    <unitOfMeasure>Kit</unitOfMeasure>
    <brandName>CRUZTOOLS</brandName>
    <supplierNumber>EKH1</supplierNumber>
    <specialInstructions/>
    <baseDealerPrice>77.60</baseDealerPrice>
    <yourDealerPrice>77.60</yourDealerPrice>
    <baseRetailPrice>119.95</baseRetailPrice>
    <originalRetailPrice>99.95</originalRetailPrice>
    <partImage>http://asset.lemansnet.com/z/LzEvMS9DLzExQzBGQTFDLTAxRTUtNEJFMS1BNEI2LUYzQTlEQTUwQjJDRg==</partImage>
    <productId>1693096351</productId>
    <productName>EconoKit® H1 Tool Kit for Harley Davidson</productName>
    <productImage>http://asset.lemansnet.com/z/LzEvMS9DLzExQzBGQTFDLTAxRTUtNEJFMS1BNEI2LUYzQTlEQTUwQjJDRg==</productImage>
    <bullet1>Gets the job done with five combination wrenches, an adjustable wrench, locking pliers, tire gauge, 6-in-1 screwdriver, spark plug sockets &amp; gap gauge</bullet1>
    <bullet2>Also includes hex and torx keys, duct tape, zip ties, and mechanics wire all organized in a heavy-duty pouch</bullet2>
    <bullet3>Compact and storable on the bike - perfect for road-side repairs and quick adjustments</bullet3>
    <bullet4>Made in the U.S.A.</bullet4>
    <bullet5>Lifetime guarantee - no questions asked</bullet5>
    <bullet6/>
    <bullet7/>
    <bullet8/>
    <bullet9/>
    <bullet10/>
    <bullet11/>
    <bullet12/>
    <bullet13/>
    <bullet14/>
    <bullet15/>
    <bullet16/>
    <bullet17/>
    <bullet18/>
    <bullet19/>
    <bullet20/>
    <bullet21/>
    <bullet22/>
    <bullet23/>
    <bullet24/>
    <vendorPriceUpdateDate>2022-09-16 00:00:00</vendorPriceUpdateDate>
  </part>
  <part>
    <partNumber>DS196204</partNumber>
    <punctuatedPartNumber>DS-196204</punctuatedPartNumber>
    <partStatusDescription>STANDARD</partStatusDescription>
    <partDescription>Tool Kit - Standard - Harley Davidson</partDescription>
    <unitOfMeasure>Kit</unitOfMeasure>
    <brandName>CRUZTOOLS</brandName>
    <supplierNumber>EKH2</supplierNumber>
    <specialInstructions/>
    <baseDealerPrice>51.70</baseDealerPrice>
    <yourDealerPrice>51.70</yourDealerPrice>
    <baseRetailPrice>79.95</baseRetailPrice>
    <originalRetailPrice>64.95</originalRetailPrice>
    <partImage>http://asset.lemansnet.com/z/L0MvNy84L0M3OEZDNzdFLTE0NjAtNENCQi05Rjc5LTRBRjY4RDE0NzFFRA==</partImage>
    <productId>1790660713</productId>
    <productName>EconoKit® H2 Tool Kit for Harley Davidson</productName>
    <productImage>http://asset.lemansnet.com/z/L0MvNy84L0M3OEZDNzdFLTE0NjAtNENCQi05Rjc5LTRBRjY4RDE0NzFFRA==</productImage>
    <bullet1>Also includes hex and torx keys, 2-in-1 spark plug socket, zip ties, mechanics wire, and a shop towel, all organized in a heavy-duty zipper pouch</bullet1>
    <bullet2>The H2 features five combination wrenches, a stout 6-in-1 screwdriver &amp; tire gauge</bullet2>
    <bullet3>Light weight and very compact for road-side repairs and quick adjustments</bullet3>
    <bullet4>Made in the U.S.A.</bullet4>
    <bullet5>Lifetime guarantee - no questions asked</bullet5>
    <bullet6/>
    <bullet7/>
    <bullet8/>
    <bullet9/>
    <bullet10/>
    <bullet11/>
    <bullet12/>
    <bullet13/>
    <bullet14/>
    <bullet15/>
    <bullet16/>
    <bullet17/>
    <bullet18/>
    <bullet19/>
    <bullet20/>
    <bullet21/>
    <bullet22/>
    <bullet23/>
    <bullet24/>
    <vendorPriceUpdateDate>2022-09-16 00:00:00</vendorPriceUpdateDate>
  </part>
  <part>
    <partNumber>DS196205</partNumber>
    <punctuatedPartNumber>DS-196205</punctuatedPartNumber>
    <partStatusDescription>STANDARD</partStatusDescription>
    <partDescription>Tool Kit - Deluxe</partDescription>
    <unitOfMeasure>Kit</unitOfMeasure>
    <brandName>CRUZTOOLS</brandName>
    <supplierNumber>EKM1</supplierNumber>
    <specialInstructions/>
    <baseDealerPrice>64.60</baseDealerPrice>
    <yourDealerPrice>64.60</yourDealerPrice>
    <baseRetailPrice>99.95</baseRetailPrice>
    <originalRetailPrice>79.95</originalRetailPrice>
    <partImage>http://asset.lemansnet.com/z/L0QvMC9BL0QwQTc1QThBLTRBQTQtNEFBQy05QTEyLURCMjhFQTc1NUU1QQ==</partImage>
    <productId>2034380594</productId>
    <productName>EconoKit® M1 Tool Kit for Japanese Metric Motorcycle and ATV</productName>
    <productImage>http://asset.lemansnet.com/z/L0QvMC9BL0QwQTc1QThBLTRBQTQtNEFBQy05QTEyLURCMjhFQTc1NUU1QQ==</productImage>
    <bullet1>Provides combination wrenches, an adjustable wrench, locking pliers, 6-in-1 screwdriver, spark plug wrench, tire gauge, duct tape, zip ties, mechanics wire, and a shop towel, all organized in a heavy-duty zipper pouch</bullet1>
    <bullet2>Perfect tool kit for use with Japanese brands like Honda, Kawasaki, Yamaha and Suzuki</bullet2>
    <bullet3>Light weight and very compact for road or trail-side repairs and adjustments</bullet3>
    <bullet4>A high-quality upgrade from an OEM tool kit for motorcycle, ATV, and snow</bullet4>
    <bullet5>Lifetime guarantee - no questions asked</bullet5>
    <bullet6/>
    <bullet7/>
    <bullet8/>
    <bullet9/>
    <bullet10/>
    <bullet11/>
    <bullet12/>
    <bullet13/>
    <bullet14/>
    <bullet15/>
    <bullet16/>
    <bullet17/>
    <bullet18/>
    <bullet19/>
    <bullet20/>
    <bullet21/>
    <bullet22/>
    <bullet23/>
    <bullet24/>
    <vendorPriceUpdateDate>2022-09-16 00:00:00</vendorPriceUpdateDate>
  </part>
  <part>
    <partNumber>DS196209</partNumber>
    <punctuatedPartNumber>DS-196209</punctuatedPartNumber>
    <partStatusDescription>STANDARD</partStatusDescription>
    <partDescription>Key Set - Hex/Torx - Folding</partDescription>
    <unitOfMeasure>Each</unitOfMeasure>
    <brandName>CRUZTOOLS</brandName>
    <supplierNumber>FHT1</supplierNumber>
    <specialInstructions/>
    <baseDealerPrice>12.90</baseDealerPrice>
    <yourDealerPrice>12.90</yourDealerPrice>
    <baseRetailPrice>19.95</baseRetailPrice>
    <originalRetailPrice>16.95</originalRetailPrice>
    <partImage>http://asset.lemansnet.com/z/LzkvRi85LzlGOTE0NjZDLUE4MzQtNERERS1BNDU5LTEyMzYzNUQ2MjI0Qw==</partImage>
    <productId>1122397566</productId>
    <productName>Folding Hex/Torx® Key Set for Harley Davidson</productName>
    <productImage>http://asset.lemansnet.com/z/LzkvRi85LzlGOTE0NjZDLUE4MzQtNERERS1BNDU5LTEyMzYzNUQ2MjI0Qw==</productImage>
    <bullet1>Housed in a tough handle that allows multiple angles of use, for those hard-to-reach fasteners</bullet1>
    <bullet2>Forged from heat-treated chrome vanadium alloy </bullet2>
    <bullet3>Use it for road-side repairs and adjustments</bullet3>
    <bullet4>The common sizes in a compact fold-up unit</bullet4>
    <bullet5>Made in the U.S.A.</bullet5>
    <bullet6>Kit Includes</bullet6>
    <bullet7>Hex Keys: 5/32", 3/16", 1/4", 5/16"</bullet7>
    <bullet8>Torx Keys: T25, T27, T40</bullet8>
    <bullet9/>
    <bullet10/>
    <bullet11/>
    <bullet12/>
    <bullet13/>
    <bullet14/>
    <bullet15/>
    <bullet16/>
    <bullet17/>
    <bullet18/>
    <bullet19/>
    <bullet20/>
    <bullet21/>
    <bullet22/>
    <bullet23/>
    <bullet24/>
    <vendorPriceUpdateDate>2022-09-16 00:00:00</vendorPriceUpdateDate>
  </part>
  <part>
    <partNumber>DS196272</partNumber>
    <punctuatedPartNumber>DS196272</punctuatedPartNumber>
    <partStatusDescription>STANDARD</partStatusDescription>
    <partDescription>Tool Pouch - Roll-Up</partDescription>
    <unitOfMeasure>Each</unitOfMeasure>
    <brandName>CRUZTOOLS</brandName>
    <supplierNumber>TPOUCH1</supplierNumber>
    <specialInstructions/>
    <baseDealerPrice>16.20</baseDealerPrice>
    <yourDealerPrice>16.20</yourDealerPrice>
    <baseRetailPrice>24.95</baseRetailPrice>
    <originalRetailPrice>32.95</originalRetailPrice>
    <partImage>http://asset.lemansnet.com/z/L0YvRC9EL0ZERERDRjVDLTI0MjItNEQ0OS04REQ4LTU2RkVFMDU2OTAxRA==</partImage>
    <productId>0150054771</productId>
    <productName>Roll-Up Tool Pouch</productName>
    <productImage>http://asset.lemansnet.com/z/L0YvRC9EL0ZERERDRjVDLTI0MjItNEQ0OS04REQ4LTU2RkVFMDU2OTAxRA==</productImage>
    <bullet1>The 9.5” x 16” organizer rolls tools up tight allowing riders too easily stow and go for motorcycle and other powersports adventures</bullet1>
    <bullet2>A rugged pouch crafted from ballistic nylon with 18 pockets to accommodate a wide range of tools (tools not included)</bullet2>
    <bullet3/>
    <bullet4/>
    <bullet5/>
    <bullet6/>
    <bullet7/>
    <bullet8/>
    <bullet9/>
    <bullet10/>
    <bullet11/>
    <bullet12/>
    <bullet13/>
    <bullet14/>
    <bullet15/>
    <bullet16/>
    <bullet17/>
    <bullet18/>
    <bullet19/>
    <bullet20/>
    <bullet21/>
    <bullet22/>
    <bullet23/>
    <bullet24/>
    <vendorPriceUpdateDate>2022-09-16 00:00:00</vendorPriceUpdateDate>
  </part>
  <part>
    <partNumber>MTM1</partNumber>
    <punctuatedPartNumber>MTM-1</punctuatedPartNumber>
    <partStatusDescription>STANDARD</partStatusDescription>
    <partDescription>Multi Tool - Folding - Combination Hex/Slotted/Phillips</partDescription>
    <unitOfMeasure>Each</unitOfMeasure>
    <brandName>CRUZTOOLS</brandName>
    <supplierNumber>OM14</supplierNumber>
    <specialInstructions/>
    <baseDealerPrice>13.00</baseDealerPrice>
    <yourDealerPrice>13.00</yourDealerPrice>
    <baseRetailPrice>19.95</baseRetailPrice>
    <originalRetailPrice>20.95</originalRetailPrice>
    <partImage>http://asset.lemansnet.com/z/L0QvQi9FL0RCRUUyQ0QxLTdFQTAtNDA4Qy1BOTA0LUY0RTgwRjgyNzVCNw==</partImage>
    <productId>2111423410</productId>
    <productName>Outback'R™ M14 Folding Metric Multi Tool Set</productName>
    <productImage>http://asset.lemansnet.com/z/L0QvQi9FL0RCRUUyQ0QxLTdFQTAtNDA4Qy1BOTA0LUY0RTgwRjgyNzVCNw==</productImage>
    <bullet1>The Outback’R multi-tool is a must-have for any metric motorcycle, UTV, ATV, PWC, or snowmobile</bullet1>
    <bullet2>Enough tools to get you out of a jam, but not weigh you down</bullet2>
    <bullet3>Provides 14 tools in a 3.5” package that weighs only 9-ounces</bullet3>
    <bullet4>Kit Includes</bullet4>
    <bullet5>Hex keys - 3, 4, 5, 6 mm</bullet5>
    <bullet6>13 &amp; 14 mm open wrenches</bullet6>
    <bullet7>3 sizes of spoke wrench</bullet7>
    <bullet8>Slotted &amp; phillips screwdrivers</bullet8>
    <bullet9>8, 10, 12 mm sockets &amp; 1/4" driver</bullet9>
    <bullet10>Lifetime guarantee - no questions asked</bullet10>
    <bullet11/>
    <bullet12/>
    <bullet13/>
    <bullet14/>
    <bullet15/>
    <bullet16/>
    <bullet17/>
    <bullet18/>
    <bullet19/>
    <bullet20/>
    <bullet21/>
    <bullet22/>
    <bullet23/>
    <bullet24/>
    <vendorPriceUpdateDate>2022-09-16 00:00:00</vendorPriceUpdateDate>
  </part>
  <part>
    <partNumber>MTM2</partNumber>
    <punctuatedPartNumber>MTM-2</punctuatedPartNumber>
    <partStatusDescription>STANDARD</partStatusDescription>
    <partDescription>Multi Tool - Compact - Folding</partDescription>
    <unitOfMeasure>Each</unitOfMeasure>
    <brandName>CRUZTOOLS</brandName>
    <supplierNumber>OH13</supplierNumber>
    <specialInstructions/>
    <baseDealerPrice>12.90</baseDealerPrice>
    <yourDealerPrice>12.90</yourDealerPrice>
    <baseRetailPrice>19.95</baseRetailPrice>
    <originalRetailPrice>19.95</originalRetailPrice>
    <partImage>http://asset.lemansnet.com/z/L0QvRS8zL0RFM0Q4NEQzLUNGMTUtNEI5OS1CQ0ZFLTU0RUE0MTgxNjk4Mg==</partImage>
    <productId>0758529188</productId>
    <productName>Outback'R H13 Folding HD Multi Tool for Harley Davidson Motorcycles</productName>
    <productImage>http://asset.lemansnet.com/z/L0QvRS8zL0RFM0Q4NEQzLUNGMTUtNEI5OS1CQ0ZFLTU0RUE0MTgxNjk4Mg==</productImage>
    <bullet1>The Outback’R is a powerhouse of functionality in a 10-ounce, 3.5” long package for any Harley-Davidson</bullet1>
    <bullet2>Enough tools to get you out of a jam, but not weight you down</bullet2>
    <bullet3>All are permanently attached, except for the 3 sockets</bullet3>
    <bullet4>Kit Includes</bullet4>
    <bullet5>Hex &amp; star keys - 5/32", 3/16", 1/4", T25, T27</bullet5>
    <bullet6>9/16" open end &amp; 10 mm box wrenches</bullet6>
    <bullet7>6 mm spoke wrench</bullet7>
    <bullet8>Slotted &amp; phillips screwdrivers</bullet8>
    <bullet9>3/8", 7/16", 1/2" sockets with 1/4" driver</bullet9>
    <bullet10>Made in the U.S.A.</bullet10>
    <bullet11>Lifetime guarantee - no questions asked</bullet11>
    <bullet12/>
    <bullet13/>
    <bullet14/>
    <bullet15/>
    <bullet16/>
    <bullet17/>
    <bullet18/>
    <bullet19/>
    <bullet20/>
    <bullet21/>
    <bullet22/>
    <bullet23/>
    <bullet24/>
    <vendorPriceUpdateDate>2022-09-16 00:00:00</vendorPriceUpdateDate>
  </part>
  <part>
    <partNumber>38110106</partNumber>
    <punctuatedPartNumber>3811-0106</punctuatedPartNumber>
    <partStatusDescription>STANDARD</partStatusDescription>
    <partDescription>Adapter - Hex - Front Axle - Indian</partDescription>
    <unitOfMeasure>Each</unitOfMeasure>
    <brandName>CRUZTOOLS</brandName>
    <supplierNumber>AH1416</supplierNumber>
    <specialInstructions/>
    <baseDealerPrice>8.50</baseDealerPrice>
    <yourDealerPrice>8.50</yourDealerPrice>
    <baseRetailPrice>12.95</baseRetailPrice>
    <originalRetailPrice>14.95</originalRetailPrice>
    <partImage>http://asset.lemansnet.com/z/LzAvQi8wLzBCMEZGNUZFLTE0RTktNEIwNy1BNDlBLTEyMzdFQzhGQTI2QQ==</partImage>
    <productId>0944262004</productId>
    <productName>Hex Adapter for Indian</productName>
    <productImage>http://asset.lemansnet.com/z/LzAvQi8wLzBCMEZGNUZFLTE0RTktNEIwNy1BNDlBLTEyMzdFQzhGQTI2QQ==</productImage>
    <bullet1>14 mm x 16 mm axle adapter to remove front wheel on an Indian Motorcycle</bullet1>
    <bullet2>Use adjustable wrench on one end with other end inserted to operate</bullet2>
    <bullet3>Works on Chief, Chieftain, Scout and Roadmaster models</bullet3>
    <bullet4>Made of heat-treated carbon steel</bullet4>
    <bullet5>Lifetime guarantee - no questions asked</bullet5>
    <bullet6/>
    <bullet7/>
    <bullet8/>
    <bullet9/>
    <bullet10/>
    <bullet11/>
    <bullet12/>
    <bullet13/>
    <bullet14/>
    <bullet15/>
    <bullet16/>
    <bullet17/>
    <bullet18/>
    <bullet19/>
    <bullet20/>
    <bullet21/>
    <bullet22/>
    <bullet23/>
    <bullet24/>
    <vendorPriceUpdateDate>2022-09-16 00:00:00</vendorPriceUpdateDate>
  </part>
  <part>
    <partNumber>38120773</partNumber>
    <punctuatedPartNumber>3812-0773</punctuatedPartNumber>
    <partStatusDescription>STANDARD</partStatusDescription>
    <partDescription>Speedkit Tool Kit - Ultra-Compact</partDescription>
    <unitOfMeasure>Kit</unitOfMeasure>
    <brandName>CRUZTOOLS</brandName>
    <supplierNumber>SKDMX</supplierNumber>
    <specialInstructions/>
    <baseDealerPrice>32.40</baseDealerPrice>
    <yourDealerPrice>32.40</yourDealerPrice>
    <baseRetailPrice>49.95</baseRetailPrice>
    <originalRetailPrice>39.95</originalRetailPrice>
    <partImage>http://asset.lemansnet.com/z/LzcvOC84Lzc4OEQzNTExLUJCNjgtNDY2NC05RkUxLURDMTI3QjUwRjcyNg==</partImage>
    <productId>0914747139</productId>
    <productName>Speedkit Tool Kit</productName>
    <productImage>http://asset.lemansnet.com/z/LzcvOC84Lzc4OEQzNTExLUJCNjgtNDY2NC05RkUxLURDMTI3QjUwRjcyNg==</productImage>
    <bullet1>This ultra-compact took kit is packed with functionality for off-road motorcycles, dirt bikes, UTV and ATV</bullet1>
    <bullet2>Dimensions are approximately 7" x 2" x 2"</bullet2>
    <bullet3>Lifetime guarantee no questions asked</bullet3>
    <bullet4>Kit includes:</bullet4>
    <bullet5>Mini 5-in-1 screwdriver</bullet5>
    <bullet6>8 mm nut driver</bullet6>
    <bullet7>T20, 25, 27, 30 torx bits</bullet7>
    <bullet8>3, 4, 5, 6 mm hex keys</bullet8>
    <bullet9>Locking Pliers</bullet9>
    <bullet10>10 and 12 mm combination wrenches</bullet10>
    <bullet11>5/8" and 18 mm combo spark plug wrench with lever</bullet11>
    <bullet12>14 x 17 mm open end wrench</bullet12>
    <bullet13>0-20 psi tire gauge</bullet13>
    <bullet14>Heavy-duty zipper pouch</bullet14>
    <bullet15/>
    <bullet16/>
    <bullet17/>
    <bullet18/>
    <bullet19/>
    <bullet20/>
    <bullet21/>
    <bullet22/>
    <bullet23/>
    <bullet24/>
    <vendorPriceUpdateDate>2023-10-17 00:00:00</vendorPriceUpdateDate>
  </part>
  <part>
    <partNumber>38500039</partNumber>
    <punctuatedPartNumber>3850-0039</punctuatedPartNumber>
    <partStatusDescription>STANDARD</partStatusDescription>
    <partDescription>Spring Puller - T-Handle - Push/Pull/Twist</partDescription>
    <unitOfMeasure>Each</unitOfMeasure>
    <brandName>CRUZTOOLS</brandName>
    <supplierNumber>SH2</supplierNumber>
    <specialInstructions/>
    <baseDealerPrice>11.60</baseDealerPrice>
    <yourDealerPrice>11.60</yourDealerPrice>
    <baseRetailPrice>17.95</baseRetailPrice>
    <originalRetailPrice>14.95</originalRetailPrice>
    <partImage>http://asset.lemansnet.com/z/L0UvNC81L0U0NTRENzNGLTlGNDItNDA1RC1BNjRBLUFDMzFEQjM1QzY5Mw==</partImage>
    <productId>1651259417</productId>
    <productName>Maxhook™ Spring Hook</productName>
    <productImage>http://asset.lemansnet.com/z/L0UvNC81L0U0NTRENzNGLTlGNDItNDA1RC1BNjRBLUFDMzFEQjM1QzY5Mw==</productImage>
    <bullet1>The MaxHook’s tip is precision cut from heat treated carbon steel</bullet1>
    <bullet2>Designed to push, pull, or twist the spring onto or off the bike</bullet2>
    <bullet3>Features a high-grip PVC coated handle</bullet3>
    <bullet4>Lifetime guarantee - no questions asked</bullet4>
    <bullet5/>
    <bullet6/>
    <bullet7/>
    <bullet8/>
    <bullet9/>
    <bullet10/>
    <bullet11/>
    <bullet12/>
    <bullet13/>
    <bullet14/>
    <bullet15/>
    <bullet16/>
    <bullet17/>
    <bullet18/>
    <bullet19/>
    <bullet20/>
    <bullet21/>
    <bullet22/>
    <bullet23/>
    <bullet24/>
    <vendorPriceUpdateDate>2022-09-16 00:00:00</vendorPriceUpdateDate>
  </part>
  <part>
    <partNumber>38050038</partNumber>
    <punctuatedPartNumber>3805-0038</punctuatedPartNumber>
    <partStatusDescription>STANDARD</partStatusDescription>
    <partDescription>Spanner Wrench - Shock - Pre-Load Adjuster</partDescription>
    <unitOfMeasure>Each</unitOfMeasure>
    <brandName>CRUZTOOLS</brandName>
    <supplierNumber>SPAN1</supplierNumber>
    <specialInstructions/>
    <baseDealerPrice>11.70</baseDealerPrice>
    <yourDealerPrice>11.70</yourDealerPrice>
    <baseRetailPrice>17.95</baseRetailPrice>
    <originalRetailPrice>14.95</originalRetailPrice>
    <partImage>http://asset.lemansnet.com/z/L0EvOS9FL0E5RTQ3RDkxLTRCRTItNEREOC1BQ0Y0LTlBNTZDMjMxNTlBNg==</partImage>
    <productId>1315569282</productId>
    <productName>Shock Spanner Wrench</productName>
    <productImage>http://asset.lemansnet.com/z/L0EvOS9FL0E5RTQ3RDkxLTRCRTItNEREOC1BQ0Y0LTlBNTZDMjMxNTlBNg==</productImage>
    <bullet1>Made of tough stainless steel and is compact enough to bring in your tool kit</bullet1>
    <bullet2>Perfect tool for adjusting pre-load on a shock</bullet2>
    <bullet3>Made in the U.S.A.</bullet3>
    <bullet4/>
    <bullet5/>
    <bullet6/>
    <bullet7/>
    <bullet8/>
    <bullet9/>
    <bullet10/>
    <bullet11/>
    <bullet12/>
    <bullet13/>
    <bullet14/>
    <bullet15/>
    <bullet16/>
    <bullet17/>
    <bullet18/>
    <bullet19/>
    <bullet20/>
    <bullet21/>
    <bullet22/>
    <bullet23/>
    <bullet24/>
    <vendorPriceUpdateDate>2022-09-16 00:00:00</vendorPriceUpdateDate>
  </part>
  <part>
    <partNumber>38110103</partNumber>
    <punctuatedPartNumber>3811-0103</punctuatedPartNumber>
    <partStatusDescription>STANDARD</partStatusDescription>
    <partDescription>Wrench - Front/Rear Axle - Closed End - 27 mm x 32 mm - KTM/Husqvarna</partDescription>
    <unitOfMeasure>Each</unitOfMeasure>
    <brandName>CRUZTOOLS</brandName>
    <supplierNumber>AW2732</supplierNumber>
    <specialInstructions/>
    <baseDealerPrice>11.60</baseDealerPrice>
    <yourDealerPrice>11.60</yourDealerPrice>
    <baseRetailPrice>17.95</baseRetailPrice>
    <originalRetailPrice>14.95</originalRetailPrice>
    <partImage>http://asset.lemansnet.com/z/LzkvMy9CLzkzQkNGQjg4LTFFOUEtNEEyMS1CRTQzLTExN0ExRDREMjIyNw==</partImage>
    <productId>1994990038</productId>
    <productName>Combo Axle Wrench</productName>
    <productImage>http://asset.lemansnet.com/z/LzQvRS83LzRFNzRBQjZFLTQ4MTAtNDhFNi1CNEQyLTJDQkQ2M0UzMkI0QQ==</productImage>
    <bullet1>Lightweight and compact for easy storage while offering enough leverage to get the job done while in the field</bullet1>
    <bullet2>Perfect for removing front and rear axles during trail-side repairs or adjustments</bullet2>
    <bullet3>Chrome polished finish with laser-etched markings</bullet3>
    <bullet4>The 14 mm size is good for most spark plugs</bullet4>
    <bullet5>Lifetime guarantee - no questions asked</bullet5>
    <bullet6/>
    <bullet7/>
    <bullet8/>
    <bullet9/>
    <bullet10/>
    <bullet11/>
    <bullet12/>
    <bullet13/>
    <bullet14/>
    <bullet15/>
    <bullet16/>
    <bullet17/>
    <bullet18/>
    <bullet19/>
    <bullet20/>
    <bullet21/>
    <bullet22/>
    <bullet23/>
    <bullet24/>
    <vendorPriceUpdateDate>2022-09-16 00:00:00</vendorPriceUpdateDate>
  </part>
  <part>
    <partNumber>38110105</partNumber>
    <punctuatedPartNumber>3811-0105</punctuatedPartNumber>
    <partStatusDescription>STANDARD</partStatusDescription>
    <partDescription>Adapter - Hex - Front Axle - BMW</partDescription>
    <unitOfMeasure>Each</unitOfMeasure>
    <brandName>CRUZTOOLS</brandName>
    <supplierNumber>AH10121922</supplierNumber>
    <specialInstructions/>
    <baseDealerPrice>11.60</baseDealerPrice>
    <yourDealerPrice>11.60</yourDealerPrice>
    <baseRetailPrice>17.95</baseRetailPrice>
    <originalRetailPrice>14.95</originalRetailPrice>
    <partImage>http://asset.lemansnet.com/z/L0IvMi9FL0IyRTRBMEEwLUJEMUYtNEI5OS1BMDhGLUI3OTM2MEMxQ0Q0MQ==</partImage>
    <productId>0392956798</productId>
    <productName>Hex Adapter for BMW</productName>
    <productImage>http://asset.lemansnet.com/z/L0IvMi9FL0IyRTRBMEEwLUJEMUYtNEI5OS1BMDhGLUI3OTM2MEMxQ0Q0MQ==</productImage>
    <bullet1>The 19 mm &amp; 22 mm sizes are for front axles on the R1250G, R1200GS, F850GS, F800GS, F750GS, F700GS, and the F650-Twin</bullet1>
    <bullet2>The 10 mm fits oil drain plugs, and the 12 mm end is for F850GS/A and F750GS front axle nuts</bullet2>
    <bullet3>This 10 mm x 12 mm x 19 mm x 22 mm axle adapter handles many tasks</bullet3>
    <bullet4>Use adjustable wrench on one end with other end inserted to operate</bullet4>
    <bullet5>Made of heat-treated carbon steel</bullet5>
    <bullet6>Lifetime guarantee - no questions asked</bullet6>
    <bullet7/>
    <bullet8/>
    <bullet9/>
    <bullet10/>
    <bullet11/>
    <bullet12/>
    <bullet13/>
    <bullet14/>
    <bullet15/>
    <bullet16/>
    <bullet17/>
    <bullet18/>
    <bullet19/>
    <bullet20/>
    <bullet21/>
    <bullet22/>
    <bullet23/>
    <bullet24/>
    <vendorPriceUpdateDate>2022-09-16 00:00:00</vendorPriceUpdateDate>
  </part>
  <part>
    <partNumber>38110132</partNumber>
    <punctuatedPartNumber>3811-0132</punctuatedPartNumber>
    <partStatusDescription>STANDARD</partStatusDescription>
    <partDescription>Axle Wrench w/Extension Handle - For Rear Axle Nut - Harley-Davidson</partDescription>
    <unitOfMeasure>Each</unitOfMeasure>
    <brandName>CRUZTOOLS</brandName>
    <supplierNumber>AW36X</supplierNumber>
    <specialInstructions/>
    <baseDealerPrice>17.50</baseDealerPrice>
    <yourDealerPrice>17.50</yourDealerPrice>
    <baseRetailPrice>26.95</baseRetailPrice>
    <originalRetailPrice>26.95</originalRetailPrice>
    <partImage>http://asset.lemansnet.com/z/LzQvMS83LzQxNzE2MDhCLTM4NUEtNEY2Qy1CMERCLThEMzZCM0Y2NEVCMg==</partImage>
    <productId>1143671223</productId>
    <productName>36 mm Axle Wrench with Extension Handle for Harley-Davidson</productName>
    <productImage>http://asset.lemansnet.com/z/LzQvMS83LzQxNzE2MDhCLTM4NUEtNEY2Qy1CMERCLThEMzZCM0Y2NEVCMg==</productImage>
    <bullet1>An innovative 36 mm axle wrench with a light-weight aluminum extension to boost leverage while keeping it compact for easy storage on the bike</bullet1>
    <bullet2>This specialty tool is designed to loosen the rear axle nut on Harley-Davidson Pan America, H-D Baggers or Indian FTR motorcycles</bullet2>
    <bullet3>The extension nests over the wrench for compact storage at 8.25” in length and can be extended to 12” for maximum leverage</bullet3>
    <bullet4>The narrow profile allows the rear axle nut to be loosened without removing the exhaust for easy belt adjustment</bullet4>
    <bullet5>The extension handle has finger-friendly radiused edges and a non-slip finish providing you with a solid grip</bullet5>
    <bullet6>It’s an essential axle wrench for road-side tire repair or chain adjustments on any bike with 36 mm axle nut</bullet6>
    <bullet7>High strength steel wrench with chrome polished finish with laser-etched size markings</bullet7>
    <bullet8>Aircraft-grade aluminum extension for lightweight strength</bullet8>
    <bullet9>Lifetime guarantee - no questions asked</bullet9>
    <bullet10>Lightweight at only 7 oz (0.44 lb)</bullet10>
    <bullet11>For H-D Pan America, make sure you have a 32 mm wrench to hold the other side while tightening.</bullet11>
    <bullet12>Front axle removal on the Pan America or FTR requires the use of axle adapter part number 3811-0105.</bullet12>
    <bullet13/>
    <bullet14/>
    <bullet15/>
    <bullet16/>
    <bullet17/>
    <bullet18/>
    <bullet19/>
    <bullet20/>
    <bullet21/>
    <bullet22/>
    <bullet23/>
    <bullet24/>
    <vendorPriceUpdateDate>2023-08-07 00:00:00</vendorPriceUpdateDate>
  </part>
  <part>
    <partNumber>38120001</partNumber>
    <punctuatedPartNumber>3812-0001</punctuatedPartNumber>
    <partStatusDescription>STANDARD</partStatusDescription>
    <partDescription>T-Handle Tool - Driver/Socket with Bits - Set</partDescription>
    <unitOfMeasure>Set</unitOfMeasure>
    <brandName>CRUZTOOLS</brandName>
    <supplierNumber>TSDS38</supplierNumber>
    <specialInstructions/>
    <baseDealerPrice>25.90</baseDealerPrice>
    <yourDealerPrice>25.90</yourDealerPrice>
    <baseRetailPrice>39.95</baseRetailPrice>
    <originalRetailPrice>39.95</originalRetailPrice>
    <partImage>http://asset.lemansnet.com/z/LzYvMi9DLzYyQzM5MTQ3LURCQjAtNDBGRi1CMDlFLUVDMzA5NUVCN0MyNA==</partImage>
    <productId>1793303413</productId>
    <productName>Sliding T-Driver with 8-Piece Socket Set</productName>
    <productImage>http://asset.lemansnet.com/z/LzYvMi9DLzYyQzM5MTQ3LURCQjAtNDBGRi1CMDlFLUVDMzA5NUVCN0MyNA==</productImage>
    <bullet1>Professional mechanics grade tool constructed with heat-treated chrome vanadium with a polished-chrome finish</bullet1>
    <bullet2>Sockets store on a clip that attaches to the T-driver handle</bullet2>
    <bullet3>Sliding T-Handle with 3/8" socket driver</bullet3>
    <bullet4>Includes:</bullet4>
    <bullet5>8, 10, 12, 14, 17 mm six-point sockets</bullet5>
    <bullet6>5 mm and 6 mm hex bits</bullet6>
    <bullet7>#2 phillips bit</bullet7>
    <bullet8/>
    <bullet9/>
    <bullet10/>
    <bullet11/>
    <bullet12/>
    <bullet13/>
    <bullet14/>
    <bullet15/>
    <bullet16/>
    <bullet17/>
    <bullet18/>
    <bullet19/>
    <bullet20/>
    <bullet21/>
    <bullet22/>
    <bullet23/>
    <bullet24/>
    <vendorPriceUpdateDate>2023-04-22 00:00:00</vendorPriceUpdateDate>
  </part>
  <part>
    <partNumber>38120018</partNumber>
    <punctuatedPartNumber>3812-0018</punctuatedPartNumber>
    <partStatusDescription>STANDARD</partStatusDescription>
    <partDescription>Tool Kit - Roll-Up - Japanese Metric Motorcycle/ATV/UTV</partDescription>
    <unitOfMeasure>Kit</unitOfMeasure>
    <brandName>CRUZTOOLS</brandName>
    <supplierNumber>RTM3</supplierNumber>
    <specialInstructions/>
    <baseDealerPrice>90.50</baseDealerPrice>
    <yourDealerPrice>90.50</yourDealerPrice>
    <baseRetailPrice>139.95</baseRetailPrice>
    <originalRetailPrice>119.95</originalRetailPrice>
    <partImage>http://asset.lemansnet.com/z/LzgvNy8wLzg3MEU3Qzk4LTU2NkItNDU5RC1BMDA1LTNBOTMxRjQzNTI2Qw==</partImage>
    <productId>0952228442</productId>
    <productName>RoadTech™ M3 Tool Kit for Japanese Metric Motorcycle - ATV/UTV</productName>
    <productImage>http://asset.lemansnet.com/z/LzgvNy8wLzg3MEU3Qzk4LTU2NkItNDU5RC1BMDA1LTNBOTMxRjQzNTI2Qw==</productImage>
    <bullet1>Ultimate tool kit for any Japanese metric motorcycle, ATV or UTV</bullet1>
    <bullet2>Comes in a roll-up pouch</bullet2>
    <bullet3>Kit Includes</bullet3>
    <bullet4>High-quality tool roll</bullet4>
    <bullet5>8, 10, 12, 14 mm combo wrenches</bullet5>
    <bullet6>Mini ratchet &amp; 2" extension</bullet6>
    <bullet7>8, 10, 12 mm sockets</bullet7>
    <bullet8>3, 4, 5, 6 mm hex keys</bullet8>
    <bullet9>6-in-1 screwdriver</bullet9>
    <bullet10>5/8" (16 mm) x 13/16" spark plug socket</bullet10>
    <bullet11>8" adjustable wrench</bullet11>
    <bullet12>Locking pliers</bullet12>
    <bullet13>Spark plug gap gauge</bullet13>
    <bullet14>Duct tape</bullet14>
    <bullet15>Zip-ties</bullet15>
    <bullet16>Mechanics wire</bullet16>
    <bullet17>Blue threadlocker</bullet17>
    <bullet18>Tire pressure gauge</bullet18>
    <bullet19>Lifetime guarantee - no questions asked</bullet19>
    <bullet20/>
    <bullet21/>
    <bullet22/>
    <bullet23/>
    <bullet24/>
    <vendorPriceUpdateDate>2023-04-22 00:00:00</vendorPriceUpdateDate>
  </part>
  <part>
    <partNumber>38120019</partNumber>
    <punctuatedPartNumber>3812-0019</punctuatedPartNumber>
    <partStatusDescription>STANDARD</partStatusDescription>
    <partDescription>Tool Kit - Roll-Up - Combination - Harley Davidson</partDescription>
    <unitOfMeasure>Kit</unitOfMeasure>
    <brandName>CRUZTOOLS</brandName>
    <supplierNumber>RTH3</supplierNumber>
    <specialInstructions/>
    <baseDealerPrice>96.90</baseDealerPrice>
    <yourDealerPrice>96.90</yourDealerPrice>
    <baseRetailPrice>149.95</baseRetailPrice>
    <originalRetailPrice>129.95</originalRetailPrice>
    <partImage>http://asset.lemansnet.com/z/LzQvRS9ELzRFRDExRjQyLTMwN0EtNDQ0NS05OEU0LTAyQUQ5N0Q3NkNGQQ==</partImage>
    <productId>1767677327</productId>
    <productName>RoadTech™ H3 Tool Kit for Harley Davidson Motorcycles</productName>
    <productImage>http://asset.lemansnet.com/z/LzQvRS9ELzRFRDExRjQyLTMwN0EtNDQ0NS05OEU0LTAyQUQ5N0Q3NkNGQQ==</productImage>
    <bullet1>Perfect for roadside repairs and adjustments and organized with a heavy-duty roll-up pouch </bullet1>
    <bullet2>Travel tool kit for Harley Davidson motorcycles</bullet2>
    <bullet3>Kit Includes</bullet3>
    <bullet4>Combination wrenches: 3/8", 7/16", 1/2", 9/16", and 10 mm</bullet4>
    <bullet5>Mini 1/4" drive ratchet with 2" extension</bullet5>
    <bullet6>1/4" drive sockets: 3/8", 7/16", 1/2", 10 mm</bullet6>
    <bullet7>Hex keys: 1/8", 5/32", 3/16", 1/4", 5/16"</bullet7>
    <bullet8>Star keys: T25, T27, T40</bullet8>
    <bullet9>6-in-1 screwdriver</bullet9>
    <bullet10>5/8" spark plug socket</bullet10>
    <bullet11>8" adjustable wrench</bullet11>
    <bullet12>Locking pliers</bullet12>
    <bullet13>Spark plug gap gauge</bullet13>
    <bullet14>Duct tape</bullet14>
    <bullet15>Cable ties (5 pcs)</bullet15>
    <bullet16>Mechanics wire</bullet16>
    <bullet17>Threadlocker</bullet17>
    <bullet18>Tire pressure gauge</bullet18>
    <bullet19>Made in the U.S.A.</bullet19>
    <bullet20>Lifetime guarantee - no questions asked</bullet20>
    <bullet21/>
    <bullet22/>
    <bullet23/>
    <bullet24/>
    <vendorPriceUpdateDate>2023-04-22 00:00:00</vendorPriceUpdateDate>
  </part>
  <part>
    <partNumber>38120023</partNumber>
    <punctuatedPartNumber>3812-0023</punctuatedPartNumber>
    <partStatusDescription>STANDARD</partStatusDescription>
    <partDescription>Tool Kit - Teardrop - Zipper Pouch - Combination - Harley Davidson Softail</partDescription>
    <unitOfMeasure>Kit</unitOfMeasure>
    <brandName>CRUZTOOLS</brandName>
    <supplierNumber>RTTD1</supplierNumber>
    <specialInstructions/>
    <baseDealerPrice>103.40</baseDealerPrice>
    <yourDealerPrice>103.40</yourDealerPrice>
    <baseRetailPrice>159.95</baseRetailPrice>
    <originalRetailPrice>139.95</originalRetailPrice>
    <partImage>http://asset.lemansnet.com/z/LzcvRC85LzdEOUJENzBDLTk3NDctNEM2OS05OUE2LUQyMjg2RDE4RUVDNA==</partImage>
    <productId>1555943987</productId>
    <productName>RoadTech™ Teardrop Tool Kit for Harley Davidson Softail</productName>
    <productImage>http://asset.lemansnet.com/z/LzcvRC85LzdEOUJENzBDLTk3NDctNEM2OS05OUE2LUQyMjg2RDE4RUVDNA==</productImage>
    <bullet1>A clever zipper pouch keeps tools organized while fitting into the tear-drop box on a Softtail</bullet1>
    <bullet2>Kit Includes</bullet2>
    <bullet3>Combination wrenches: 3/8", 7/16", 1/2", 9/16", &amp; 10 mm</bullet3>
    <bullet4>Mini 1/4" drive ratchet with 2" extension</bullet4>
    <bullet5>1/4" drive sockets: 3/8", 7/16", 1/2", 10 mm</bullet5>
    <bullet6>Hex keys: 1/8", 5/32", 3/16", 1/4", 5/16"</bullet6>
    <bullet7>Star keys: T25, T27, T40</bullet7>
    <bullet8>6-in-1 screwdriver</bullet8>
    <bullet9>5/8" spark plug socket</bullet9>
    <bullet10>8" adjustable wrench</bullet10>
    <bullet11>Locking pliers</bullet11>
    <bullet12>Spark plug gap gauge</bullet12>
    <bullet13>Electrical tape</bullet13>
    <bullet14>Cable ties (5 pcs)</bullet14>
    <bullet15>Mechanics wire</bullet15>
    <bullet16>Tire pressure gauge</bullet16>
    <bullet17>Shop towel</bullet17>
    <bullet18>Lifetime guarantee - no questions asked</bullet18>
    <bullet19/>
    <bullet20/>
    <bullet21/>
    <bullet22/>
    <bullet23/>
    <bullet24/>
    <vendorPriceUpdateDate>2023-04-22 00:00:00</vendorPriceUpdateDate>
  </part>
  <part>
    <partNumber>38120030</partNumber>
    <punctuatedPartNumber>3812-0030</punctuatedPartNumber>
    <partStatusDescription>STANDARD</partStatusDescription>
    <partDescription>Tool Kit - Roll-Up - BMW</partDescription>
    <unitOfMeasure>Kit</unitOfMeasure>
    <brandName>CRUZTOOLS</brandName>
    <supplierNumber>RTB1</supplierNumber>
    <specialInstructions>FOR 2018 AND OLDER BMW 02JBC</specialInstructions>
    <baseDealerPrice>103.40</baseDealerPrice>
    <yourDealerPrice>103.40</yourDealerPrice>
    <baseRetailPrice>159.95</baseRetailPrice>
    <originalRetailPrice>139.95</originalRetailPrice>
    <partImage>http://asset.lemansnet.com/z/L0YvRi82L0ZGNkVCNzlDLUQ1QzEtNDFEOC05QTE1LTVEQ0YyMDQyRjU4NQ==</partImage>
    <productId>0661695436</productId>
    <productName>RoadTech™ B1 for BMW Motorcycles (2018 and older)</productName>
    <productImage>http://asset.lemansnet.com/z/L0YvRi82L0ZGNkVCNzlDLUQ1QzEtNDFEOC05QTE1LTVEQ0YyMDQyRjU4NQ==</productImage>
    <bullet1>The perfect tool kit for 2018 and older BMW motorcycles. Designed for road-side repairs and adjustments</bullet1>
    <bullet2>A must-have for 2018 and older BMW motorcycles</bullet2>
    <bullet3>The tools stay organized in a heavy-duty roll-up pouch </bullet3>
    <bullet4>Kit Includes</bullet4>
    <bullet5>Combination wrenches 8, 10, 12, 13 mm and 1 - Torx E10/12</bullet5>
    <bullet6>8" crescent wrench (to 26 mm)</bullet6>
    <bullet7>Locking pliers</bullet7>
    <bullet8>Tire pressure gauge (0-50 psi)</bullet8>
    <bullet9>Wire and zip-ties</bullet9>
    <bullet10>Hex wrenches 3, 4, 5, 6, 8 mm</bullet10>
    <bullet11>Torx wrenches T20, 25, 30, 40, 45, 50</bullet11>
    <bullet12>6-in-1 screwdriver</bullet12>
    <bullet13>Threadlocker</bullet13>
    <bullet14>Mini ratchet with extension &amp; sockets (8, 10, 13 mm and Torx E8)</bullet14>
    <bullet15>Duct tape</bullet15>
    <bullet16>22 x 19 mm axle adapter</bullet16>
    <bullet17>Lifetime guarantee - no questions asked</bullet17>
    <bullet18/>
    <bullet19/>
    <bullet20/>
    <bullet21/>
    <bullet22/>
    <bullet23/>
    <bullet24/>
    <vendorPriceUpdateDate>2023-04-22 00:00:00</vendorPriceUpdateDate>
  </part>
  <part>
    <partNumber>38120031</partNumber>
    <punctuatedPartNumber>3812-0031</punctuatedPartNumber>
    <partStatusDescription>STANDARD</partStatusDescription>
    <partDescription>Key Set - Euro/Torx</partDescription>
    <unitOfMeasure>Set</unitOfMeasure>
    <brandName>CRUZTOOLS</brandName>
    <supplierNumber>TRX2</supplierNumber>
    <specialInstructions/>
    <baseDealerPrice>12.90</baseDealerPrice>
    <yourDealerPrice>12.90</yourDealerPrice>
    <baseRetailPrice>19.95</baseRetailPrice>
    <originalRetailPrice>19.95</originalRetailPrice>
    <partImage>http://asset.lemansnet.com/z/L0EvMy8zL0EzMzAyRTI4LTY0QzMtNDg0OS1CQjc0LTYzQzkzMkNDODMyMA==</partImage>
    <productId>0567489407</productId>
    <productName>Euro Bike Torx Key Set</productName>
    <productImage>http://asset.lemansnet.com/z/L0EvMy8zL0EzMzAyRTI4LTY0QzMtNDg0OS1CQjc0LTYzQzkzMkNDODMyMA==</productImage>
    <bullet1>Designed for European motorcycles with torx fasteners this set includes T20, T25, T30, T40, T45, and T50 sizes</bullet1>
    <bullet2>Made from heat-treated chrome vanadium alloy with precision tips, and nickel plated</bullet2>
    <bullet3>Made in the USA</bullet3>
    <bullet4/>
    <bullet5/>
    <bullet6/>
    <bullet7/>
    <bullet8/>
    <bullet9/>
    <bullet10/>
    <bullet11/>
    <bullet12/>
    <bullet13/>
    <bullet14/>
    <bullet15/>
    <bullet16/>
    <bullet17/>
    <bullet18/>
    <bullet19/>
    <bullet20/>
    <bullet21/>
    <bullet22/>
    <bullet23/>
    <bullet24/>
    <vendorPriceUpdateDate>2023-04-22 00:00:00</vendorPriceUpdateDate>
  </part>
  <part>
    <partNumber>38120032</partNumber>
    <punctuatedPartNumber>3812-0032</punctuatedPartNumber>
    <partStatusDescription>STANDARD</partStatusDescription>
    <partDescription>Socket Bit Set - Hex - Inch</partDescription>
    <unitOfMeasure>Set</unitOfMeasure>
    <brandName>CRUZTOOLS</brandName>
    <supplierNumber>IN38HBS</supplierNumber>
    <specialInstructions/>
    <baseDealerPrice>16.20</baseDealerPrice>
    <yourDealerPrice>16.20</yourDealerPrice>
    <baseRetailPrice>24.95</baseRetailPrice>
    <originalRetailPrice>24.95</originalRetailPrice>
    <partImage>http://asset.lemansnet.com/z/LzgvNy9ELzg3REE3NDEwLTM0OTItNDNGNy04OThDLTQ2NDM4MUZCMjBGMA==</partImage>
    <productId>0888363653</productId>
    <productName>Socket Bit Sets for Powersports</productName>
    <productImage>http://asset.lemansnet.com/z/LzgvNy9ELzg3REE3NDEwLTM0OTItNDNGNy04OThDLTQ2NDM4MUZCMjBGMA==</productImage>
    <bullet1>Includes durable metal storage rail to keep them organized for servicing a wide range of powersports vehicles including motorcycles, UTV, ATV, Snow, and Watercraft</bullet1>
    <bullet2>The 3/8” drive works well with ratchet, T-handle, or cordless driver in the shop</bullet2>
    <bullet3>Professional strength socket bits made from heat-treated S2 alloy</bullet3>
    <bullet4>Bit size is laser imprinted for easy identification</bullet4>
    <bullet5>Lifetime guarantee - no questions asked</bullet5>
    <bullet6/>
    <bullet7/>
    <bullet8/>
    <bullet9/>
    <bullet10/>
    <bullet11/>
    <bullet12/>
    <bullet13/>
    <bullet14/>
    <bullet15/>
    <bullet16/>
    <bullet17/>
    <bullet18/>
    <bullet19/>
    <bullet20/>
    <bullet21/>
    <bullet22/>
    <bullet23/>
    <bullet24/>
    <vendorPriceUpdateDate>2023-04-22 00:00:00</vendorPriceUpdateDate>
  </part>
  <part>
    <partNumber>38120033</partNumber>
    <punctuatedPartNumber>3812-0033</punctuatedPartNumber>
    <partStatusDescription>STANDARD</partStatusDescription>
    <partDescription>Socket Bit Set - Hex - Metric</partDescription>
    <unitOfMeasure>Set</unitOfMeasure>
    <brandName>CRUZTOOLS</brandName>
    <supplierNumber>ME38HBS</supplierNumber>
    <specialInstructions/>
    <baseDealerPrice>16.20</baseDealerPrice>
    <yourDealerPrice>16.20</yourDealerPrice>
    <baseRetailPrice>24.95</baseRetailPrice>
    <originalRetailPrice>24.95</originalRetailPrice>
    <partImage>http://asset.lemansnet.com/z/L0MvRS9BL0NFQTQ2OUEwLUU1RUEtNDhBOC05NjJBLTRGRTU1NjVFMkU3Mw==</partImage>
    <productId>0888363653</productId>
    <productName>Socket Bit Sets for Powersports</productName>
    <productImage>http://asset.lemansnet.com/z/LzgvNy9ELzg3REE3NDEwLTM0OTItNDNGNy04OThDLTQ2NDM4MUZCMjBGMA==</productImage>
    <bullet1>Includes durable metal storage rail to keep them organized for servicing a wide range of powersports vehicles including motorcycles, UTV, ATV, Snow, and Watercraft</bullet1>
    <bullet2>The 3/8” drive works well with ratchet, T-handle, or cordless driver in the shop</bullet2>
    <bullet3>Professional strength socket bits made from heat-treated S2 alloy</bullet3>
    <bullet4>Bit size is laser imprinted for easy identification</bullet4>
    <bullet5>Lifetime guarantee - no questions asked</bullet5>
    <bullet6/>
    <bullet7/>
    <bullet8/>
    <bullet9/>
    <bullet10/>
    <bullet11/>
    <bullet12/>
    <bullet13/>
    <bullet14/>
    <bullet15/>
    <bullet16/>
    <bullet17/>
    <bullet18/>
    <bullet19/>
    <bullet20/>
    <bullet21/>
    <bullet22/>
    <bullet23/>
    <bullet24/>
    <vendorPriceUpdateDate>2023-04-22 00:00:00</vendorPriceUpdateDate>
  </part>
  <part>
    <partNumber>38120034</partNumber>
    <punctuatedPartNumber>3812-0034</punctuatedPartNumber>
    <partStatusDescription>STANDARD</partStatusDescription>
    <partDescription>Socket Bit Set - Torx</partDescription>
    <unitOfMeasure>Set</unitOfMeasure>
    <brandName>CRUZTOOLS</brandName>
    <supplierNumber>TX38TBS</supplierNumber>
    <specialInstructions/>
    <baseDealerPrice>19.40</baseDealerPrice>
    <yourDealerPrice>19.40</yourDealerPrice>
    <baseRetailPrice>29.95</baseRetailPrice>
    <originalRetailPrice>29.95</originalRetailPrice>
    <partImage>http://asset.lemansnet.com/z/L0YvQS81L0ZBNUJCMUM2LUU0NEItNDM0RC1BMDQ1LTIyRkUxMDE4ODhEQQ==</partImage>
    <productId>0888363653</productId>
    <productName>Socket Bit Sets for Powersports</productName>
    <productImage>http://asset.lemansnet.com/z/LzgvNy9ELzg3REE3NDEwLTM0OTItNDNGNy04OThDLTQ2NDM4MUZCMjBGMA==</productImage>
    <bullet1>Includes durable metal storage rail to keep them organized for servicing a wide range of powersports vehicles including motorcycles, UTV, ATV, Snow, and Watercraft</bullet1>
    <bullet2>The 3/8” drive works well with ratchet, T-handle, or cordless driver in the shop</bullet2>
    <bullet3>Professional strength socket bits made from heat-treated S2 alloy</bullet3>
    <bullet4>Bit size is laser imprinted for easy identification</bullet4>
    <bullet5>Lifetime guarantee - no questions asked</bullet5>
    <bullet6/>
    <bullet7/>
    <bullet8/>
    <bullet9/>
    <bullet10/>
    <bullet11/>
    <bullet12/>
    <bullet13/>
    <bullet14/>
    <bullet15/>
    <bullet16/>
    <bullet17/>
    <bullet18/>
    <bullet19/>
    <bullet20/>
    <bullet21/>
    <bullet22/>
    <bullet23/>
    <bullet24/>
    <vendorPriceUpdateDate>2023-04-22 00:00:00</vendorPriceUpdateDate>
  </part>
  <part>
    <partNumber>38120040</partNumber>
    <punctuatedPartNumber>3812-0040</punctuatedPartNumber>
    <partStatusDescription>STANDARD</partStatusDescription>
    <partDescription>Tool Kit - Ultra-Compact - Zipper Pouch - Harley Davidson</partDescription>
    <unitOfMeasure>Kit</unitOfMeasure>
    <brandName>CRUZTOOLS</brandName>
    <supplierNumber>SKHD</supplierNumber>
    <specialInstructions/>
    <baseDealerPrice>32.40</baseDealerPrice>
    <yourDealerPrice>32.40</yourDealerPrice>
    <baseRetailPrice>49.95</baseRetailPrice>
    <originalRetailPrice>44.95</originalRetailPrice>
    <partImage>http://asset.lemansnet.com/z/L0QvMS80L0QxNDQxOUMzLUUyM0YtNENENS04QkU2LTU1NTUxNjgxNTY4Qg==</partImage>
    <productId>0118391054</productId>
    <productName>Speedkit™ Tool Kit for Harley Davidson</productName>
    <productImage>http://asset.lemansnet.com/z/L0QvMS80L0QxNDQxOUMzLUUyM0YtNENENS04QkU2LTU1NTUxNjgxNTY4Qg==</productImage>
    <bullet1>Ultra-compact tool kit packed with functionality for Harley Davidson motorcycles</bullet1>
    <bullet2>A major upgrade over OEM tool kits, and still fits in a relatively compact space</bullet2>
    <bullet3>Kit Includes</bullet3>
    <bullet4>14x17 mm open end wrench</bullet4>
    <bullet5>12 mm combination wrench</bullet5>
    <bullet6>10 mm combination wrench</bullet6>
    <bullet7>8 mm nut driver</bullet7>
    <bullet8>5/18" &amp; 18 mm combo spark plug wrench with lever</bullet8>
    <bullet9>Mini 5-in-1 screwdriver with Torx T20, 25, 27, 30 bits</bullet9>
    <bullet10>Hex keys: 3, 4, 5, 6 mm </bullet10>
    <bullet11>0-20 psi tire gauge</bullet11>
    <bullet12>Locking pliers</bullet12>
    <bullet13>Heavy-duty zip-up pouch</bullet13>
    <bullet14>Lifetime guarantee - no questions asked</bullet14>
    <bullet15>Made in the U.S.A.</bullet15>
    <bullet16>Dimensions approximately 7" x 2" x 2"</bullet16>
    <bullet17/>
    <bullet18/>
    <bullet19/>
    <bullet20/>
    <bullet21/>
    <bullet22/>
    <bullet23/>
    <bullet24/>
    <vendorPriceUpdateDate>2023-04-22 00:00:00</vendorPriceUpdateDate>
  </part>
  <part>
    <partNumber>38120041</partNumber>
    <punctuatedPartNumber>3812-0041</punctuatedPartNumber>
    <partStatusDescription>STANDARD</partStatusDescription>
    <partDescription>Tool Kit - Ultra-Compact - Zipper Pouch - Japanese Motorcycle/ATV/Snow</partDescription>
    <unitOfMeasure>Kit</unitOfMeasure>
    <brandName>CRUZTOOLS</brandName>
    <supplierNumber>SKJAS</supplierNumber>
    <specialInstructions/>
    <baseDealerPrice>32.40</baseDealerPrice>
    <yourDealerPrice>32.40</yourDealerPrice>
    <baseRetailPrice>49.95</baseRetailPrice>
    <originalRetailPrice>44.95</originalRetailPrice>
    <partImage>http://asset.lemansnet.com/z/LzIvOC9GLzI4RjRCM0FBLUY1QjctNDdCQy04MEMyLUU0Mjk0QUUwMDM5RQ==</partImage>
    <productId>1787004940</productId>
    <productName>Speedkit™ Tool Kit for Japanese Motorcycle/ATV/Snow</productName>
    <productImage>http://asset.lemansnet.com/z/LzIvOC9GLzI4RjRCM0FBLUY1QjctNDdCQy04MEMyLUU0Mjk0QUUwMDM5RQ==</productImage>
    <bullet1>Ultra-compact tool kit packed with functionality for metric motorcycles, UTV, ATV, Snowmobiles, Snow bikes, and personal watercraft</bullet1>
    <bullet2>Dimensions are approximately 7" x 2" x 2"</bullet2>
    <bullet3>Kit Includes</bullet3>
    <bullet4>10x12 mm open end wrench</bullet4>
    <bullet5>14x17 mm open end wrench</bullet5>
    <bullet6>8 mm nut driver</bullet6>
    <bullet7>5/8" &amp; 18 mm combo spark plug wrench with lever</bullet7>
    <bullet8>Mini 5-in-1 screwdriver with Torx T20, 25, 27, 30 bits</bullet8>
    <bullet9>Hex keys: 3, 4, 5, 6 mm</bullet9>
    <bullet10>10-50 psi tire gauge</bullet10>
    <bullet11>5.5" slip-joint pliers</bullet11>
    <bullet12>Heavy-duty zip-up pouch</bullet12>
    <bullet13>Lifetime guarantee - no questions asked</bullet13>
    <bullet14/>
    <bullet15/>
    <bullet16/>
    <bullet17/>
    <bullet18/>
    <bullet19/>
    <bullet20/>
    <bullet21/>
    <bullet22/>
    <bullet23/>
    <bullet24/>
    <vendorPriceUpdateDate>2023-04-22 00:00:00</vendorPriceUpdateDate>
  </part>
  <part>
    <partNumber>38120042</partNumber>
    <punctuatedPartNumber>3812-0042</punctuatedPartNumber>
    <partStatusDescription>STANDARD</partStatusDescription>
    <partDescription>Tool Kit - Ultra-Compact - Zipper Pouch - BMW/KTM/Triumph</partDescription>
    <unitOfMeasure>Kit</unitOfMeasure>
    <brandName>CRUZTOOLS</brandName>
    <supplierNumber>SKEU</supplierNumber>
    <specialInstructions/>
    <baseDealerPrice>32.40</baseDealerPrice>
    <yourDealerPrice>32.40</yourDealerPrice>
    <baseRetailPrice>49.95</baseRetailPrice>
    <originalRetailPrice>44.95</originalRetailPrice>
    <partImage>http://asset.lemansnet.com/z/LzcvOS80Lzc5NDNEM0E1LUU1Q0UtNDFCMS04MzE1LTRDMzhCN0RBQzIxOA==</partImage>
    <productId>1607071461</productId>
    <productName>Speedkit™ Tool Kit for BMW/KTM/Triumph</productName>
    <productImage>http://asset.lemansnet.com/z/L0QvMS80L0QxNDQxOUMzLUUyM0YtNENENS04QkU2LTU1NTUxNjgxNTY4Qg==</productImage>
    <bullet1>Ultra-compact tool kit packed with functionality for European motorcycles such as BMW, KTM, or Triumph</bullet1>
    <bullet2>Kit Includes</bullet2>
    <bullet3>10x12 mm open end wrench</bullet3>
    <bullet4>13x15 mm open end wrench</bullet4>
    <bullet5>8 mm nut driver</bullet5>
    <bullet6>5/8" &amp; 18 mm combo spark plug wrench with lever</bullet6>
    <bullet7>Mini 5-in-1 screwdriver with Torx T20, 25, 27, 30 bits</bullet7>
    <bullet8>Hex keys: 3, 4, 5, 6 mm</bullet8>
    <bullet9>10-50 psi tire gauge</bullet9>
    <bullet10>5.5" slip-joint pliers</bullet10>
    <bullet11>Heavy-duty zip-up pouch</bullet11>
    <bullet12>Dimensions approximately 7" x 2" x 2"</bullet12>
    <bullet13>Lifetime guarantee - no questions asked</bullet13>
    <bullet14>Made in the U.S.A.</bullet14>
    <bullet15/>
    <bullet16/>
    <bullet17/>
    <bullet18/>
    <bullet19/>
    <bullet20/>
    <bullet21/>
    <bullet22/>
    <bullet23/>
    <bullet24/>
    <vendorPriceUpdateDate>2023-04-22 00:00:00</vendorPriceUpdateDate>
  </part>
  <part>
    <partNumber>38120524</partNumber>
    <punctuatedPartNumber>3812-0524</punctuatedPartNumber>
    <partStatusDescription>STANDARD</partStatusDescription>
    <partDescription>Tool Kit - Roll-Up - KTM/Husqvarna</partDescription>
    <unitOfMeasure>Kit</unitOfMeasure>
    <brandName>CRUZTOOLS</brandName>
    <supplierNumber>RTKT1</supplierNumber>
    <specialInstructions/>
    <baseDealerPrice>90.50</baseDealerPrice>
    <yourDealerPrice>90.50</yourDealerPrice>
    <baseRetailPrice>139.95</baseRetailPrice>
    <originalRetailPrice>119.95</originalRetailPrice>
    <partImage>http://asset.lemansnet.com/z/LzEvQS84LzFBOERDRjk4LUFBMjItNDBFOS04MUVELUIxRUU1RTgwQkY0RQ==</partImage>
    <productId>1596481848</productId>
    <productName>RoadTech™ KT1 Tool Kit for KTM/Husqvarna</productName>
    <productImage>http://asset.lemansnet.com/z/LzEvQS84LzFBOERDRjk4LUFBMjItNDBFOS04MUVELUIxRUU1RTgwQkY0RQ==</productImage>
    <bullet1>The right mix of torx keys, hex keys and axle wrenches to fit KTM and Husqvarna motorcycles</bullet1>
    <bullet2>Stored in a tough roll-up pouch</bullet2>
    <bullet3>Perfect for roadside repairs </bullet3>
    <bullet4>Kit Includes</bullet4>
    <bullet5>High-quality tool roll</bullet5>
    <bullet6>8, 10, 13 mm combo wrenches</bullet6>
    <bullet7>27x32 mm combo axle wrenches</bullet7>
    <bullet8>Mini ratchet &amp; 2" extension</bullet8>
    <bullet9>8, 10, 13 mm sockets</bullet9>
    <bullet10>2.5, 3, 4, 5, 6 mm hex keys</bullet10>
    <bullet11>T20, 25, 30, 40, 45 torx keys</bullet11>
    <bullet12>6-in-1 screwdriver</bullet12>
    <bullet13>8" adjustable wrench</bullet13>
    <bullet14>Locking pliers</bullet14>
    <bullet15>Duct tape</bullet15>
    <bullet16>Zip-ties</bullet16>
    <bullet17>Mechanics wire</bullet17>
    <bullet18>Blue threadlocker</bullet18>
    <bullet19>Tire pressure gauge</bullet19>
    <bullet20>Lifetime guarantee - no questions asked</bullet20>
    <bullet21/>
    <bullet22/>
    <bullet23/>
    <bullet24/>
    <vendorPriceUpdateDate>2023-04-22 00:00:00</vendorPriceUpdateDate>
  </part>
  <part>
    <partNumber>38120613</partNumber>
    <punctuatedPartNumber>3812-0613</punctuatedPartNumber>
    <partStatusDescription>STANDARD</partStatusDescription>
    <partDescription>Tool Kit - Roll-Up - Triumph</partDescription>
    <unitOfMeasure>Kit</unitOfMeasure>
    <brandName>CRUZTOOLS</brandName>
    <supplierNumber>RTTR2</supplierNumber>
    <specialInstructions/>
    <baseDealerPrice>96.90</baseDealerPrice>
    <yourDealerPrice>96.90</yourDealerPrice>
    <baseRetailPrice>149.95</baseRetailPrice>
    <originalRetailPrice>129.95</originalRetailPrice>
    <partImage>http://asset.lemansnet.com/z/L0MvQy9FL0NDRTg4Q0I5LTdDNTYtNENERC1BRUY1LUQ2MDFDNzU0RjA4Ng==</partImage>
    <productId>1793268371</productId>
    <productName>RoadTech™ TR2 Tool Kit for Triumph Motorcycles</productName>
    <productImage>http://asset.lemansnet.com/z/L0MvQy9FL0NDRTg4Q0I5LTdDNTYtNENERC1BRUY1LUQ2MDFDNzU0RjA4Ng==</productImage>
    <bullet1>The ultimate tool kit for a Triumph motorcycle with the right mix of torx keys, hex keys, 17 x 22 mm hex adapter and axle wrench</bullet1>
    <bullet2>Compact, lightweight and perfect for roadside repairs and adjustments</bullet2>
    <bullet3>Kit Includes</bullet3>
    <bullet4>High-quality tool roll</bullet4>
    <bullet5>8, 10, 12, 13 mm combo wrenches</bullet5>
    <bullet6>Mini ratchet &amp; 2" extension</bullet6>
    <bullet7>8, 10, 12 mm sockets</bullet7>
    <bullet8>3, 4, 5, 6, 8 mm hex keys</bullet8>
    <bullet9>T20, 25, 27, 30, 40 torx keys</bullet9>
    <bullet10>6-in-1 screwdriver</bullet10>
    <bullet11>8" adjustable wrench</bullet11>
    <bullet12>Locking pliers</bullet12>
    <bullet13>Duct tape</bullet13>
    <bullet14>Zip ties</bullet14>
    <bullet15>Mechanics wire</bullet15>
    <bullet16>Blue threadlocker</bullet16>
    <bullet17>Tire pressure gauge</bullet17>
    <bullet18>14 mm x 22 mm x 27 mm combo wrench</bullet18>
    <bullet19>Lifetime Guarantee - no questions asked</bullet19>
    <bullet20/>
    <bullet21/>
    <bullet22/>
    <bullet23/>
    <bullet24/>
    <vendorPriceUpdateDate>2023-04-22 00:00:00</vendorPriceUpdateDate>
  </part>
  <part>
    <partNumber>38120664</partNumber>
    <punctuatedPartNumber>3812-0664</punctuatedPartNumber>
    <partStatusDescription>STANDARD</partStatusDescription>
    <partDescription>Tool Kit - Roll-up - Indian</partDescription>
    <unitOfMeasure>Kit</unitOfMeasure>
    <brandName>CRUZTOOLS</brandName>
    <supplierNumber>RTIN2</supplierNumber>
    <specialInstructions/>
    <baseDealerPrice>103.40</baseDealerPrice>
    <yourDealerPrice>103.40</yourDealerPrice>
    <baseRetailPrice>159.95</baseRetailPrice>
    <originalRetailPrice>139.95</originalRetailPrice>
    <partImage>http://asset.lemansnet.com/z/L0YvMC8zL0YwM0NFMUE3LURFNDAtNDA4Ri04OTIxLTE2OEM1NjE0RjQ2QQ==</partImage>
    <productId>1847092087</productId>
    <productName>RoadTech™ IN2 Tool Kit</productName>
    <productImage>http://asset.lemansnet.com/z/L0YvMC8zL0YwM0NFMUE3LURFNDAtNDA4Ri04OTIxLTE2OEM1NjE0RjQ2QQ==</productImage>
    <bullet1>The perfect travel tool kit for Chief, Chieftain, Roadmaster and Scout model Indian Motorcycles</bullet1>
    <bullet2>Compact for easy storage on the bike and ideal for roadside repairs and adjustments</bullet2>
    <bullet3>Kit Includes</bullet3>
    <bullet4>Set of two 27 mm x 14 mm x 22 mm axle wrenches and a 14 mm x 16 mm axle hex adapter</bullet4>
    <bullet5>Combination wrenches (10 mm, 12 mm, 13 mm)</bullet5>
    <bullet6>8" adjustable wrench</bullet6>
    <bullet7>Mini ratchet with 2" extension and sockets (8 mm, 10 mm, 12 mm, 13 mm)</bullet7>
    <bullet8>5 Torx keys, 5 hex keys</bullet8>
    <bullet9>6-in-1 screwdriver</bullet9>
    <bullet10>Locking pliers</bullet10>
    <bullet11>Shock adjust tool</bullet11>
    <bullet12>Duct tape, cable ties, mechanics wire</bullet12>
    <bullet13>Tire pressure gauge</bullet13>
    <bullet14>Lifetime Guarantee - no questions asked</bullet14>
    <bullet15/>
    <bullet16/>
    <bullet17/>
    <bullet18/>
    <bullet19/>
    <bullet20/>
    <bullet21/>
    <bullet22/>
    <bullet23/>
    <bullet24/>
    <vendorPriceUpdateDate>2022-09-16 00:00:00</vendorPriceUpdateDate>
  </part>
  <part>
    <partNumber>38120665</partNumber>
    <punctuatedPartNumber>3812-0665</punctuatedPartNumber>
    <partStatusDescription>STANDARD</partStatusDescription>
    <partDescription>Tool Kit - Roll-Up - BMW</partDescription>
    <unitOfMeasure>Kit</unitOfMeasure>
    <brandName>CRUZTOOLS</brandName>
    <supplierNumber>RTB2</supplierNumber>
    <specialInstructions>FOR 2019 AND NEWER BMW 02JBC</specialInstructions>
    <baseDealerPrice>103.40</baseDealerPrice>
    <yourDealerPrice>103.40</yourDealerPrice>
    <baseRetailPrice>159.95</baseRetailPrice>
    <originalRetailPrice>139.95</originalRetailPrice>
    <partImage>http://asset.lemansnet.com/z/L0IvMC83L0IwN0Q0NzI5LTdBMDYtNDg1Ni1CRkRELTE0NURGOEU1MzAzQg==</partImage>
    <productId>1234697355</productId>
    <productName>RoadTech™ B2 for BMW Motorcycles (2019 and newer)</productName>
    <productImage>http://asset.lemansnet.com/z/L0IvMC83L0IwN0Q0NzI5LTdBMDYtNDg1Ni1CRkRELTE0NURGOEU1MzAzQg==</productImage>
    <bullet1>BMW made changes to its '19 and newer motorcycles requiring a new RoadTech Tool Kit for road-side repairs and adjustments</bullet1>
    <bullet2>Designed for BMW Motorcycles 2019 and on</bullet2>
    <bullet3>The tools stay organized in a heavy-duty roll-up pouch</bullet3>
    <bullet4>Kit Includes</bullet4>
    <bullet5>34 mm rear axle wrench and 10x12x19x22 mm hex adapter for BMW axles &amp; drain plugs</bullet5>
    <bullet6>Combination wrenches (8 mm, 10 mm, 12 mm, 13 mm), and an 8" adjustable wrench</bullet6>
    <bullet7>Mini ratchet with 2" extension and sockets (8 mm, 10 mm, 12 mm, 13 mm)</bullet7>
    <bullet8>6 Torx keys, 5 hex keys, 6-in-1 screwdriver, locking pliers</bullet8>
    <bullet9>Duct tape, thread-lock, cable ties, mechanics wire, and tire pressure gauge</bullet9>
    <bullet10>Lifetime guarantee - no questions asked</bullet10>
    <bullet11/>
    <bullet12/>
    <bullet13/>
    <bullet14/>
    <bullet15/>
    <bullet16/>
    <bullet17/>
    <bullet18/>
    <bullet19/>
    <bullet20/>
    <bullet21/>
    <bullet22/>
    <bullet23/>
    <bullet24/>
    <vendorPriceUpdateDate>2022-09-16 00:00:00</vendorPriceUpdateDate>
  </part>
  <part>
    <partNumber>38120699</partNumber>
    <punctuatedPartNumber>3812-0699</punctuatedPartNumber>
    <partStatusDescription>STANDARD</partStatusDescription>
    <partDescription>Tool Kit - Fender Mount</partDescription>
    <unitOfMeasure>Kit</unitOfMeasure>
    <brandName>CRUZTOOLS</brandName>
    <supplierNumber>DMX2</supplierNumber>
    <specialInstructions/>
    <baseDealerPrice>116.50</baseDealerPrice>
    <yourDealerPrice>116.50</yourDealerPrice>
    <baseRetailPrice>179.95</baseRetailPrice>
    <originalRetailPrice>149.95</originalRetailPrice>
    <partImage>http://asset.lemansnet.com/z/LzUvMy81LzUzNTI4REI0LTA2QjgtNEE4Mi1BOTJGLTNBMjIwRUE0OURDRQ==</partImage>
    <productId>1339424526</productId>
    <productName>DMX™ Fender Mount Tool Kit</productName>
    <productImage>http://asset.lemansnet.com/z/LzUvMy81LzUzNTI4REI0LTA2QjgtNEE4Mi1BOTJGLTNBMjIwRUE0OURDRQ==</productImage>
    <bullet1>Ready for any trailside repairs or adjustments with this comprehensive ‘Fender Mounted’ tool kit</bullet1>
    <bullet2>Tools stay organized in this heavy-duty waist pack with adjustable buckle</bullet2>
    <bullet3>Ideal for off-road motorcycle, ATV, or snow machine</bullet3>
    <bullet4>Kit Includes</bullet4>
    <bullet5>High quality tool fender bag</bullet5>
    <bullet6>10, 12 mm combo wrenches</bullet6>
    <bullet7>8, 10, 12, 13 mm, 1/4" drive sockets</bullet7>
    <bullet8>1/4" drive mini T-driver</bullet8>
    <bullet9>4, 5, 6 mm hex keys</bullet9>
    <bullet10>6-in-1 screwdriver</bullet10>
    <bullet11>5/8" &amp; 13/16" spark plug socket</bullet11>
    <bullet12>8" adjustable wrench</bullet12>
    <bullet13>Locking pliers</bullet13>
    <bullet14>Duct tape</bullet14>
    <bullet15>Zip ties</bullet15>
    <bullet16>Mechanics wire</bullet16>
    <bullet17>Low range tire pressure gauge</bullet17>
    <bullet18>Tire levers (2 x 190 mm)</bullet18>
    <bullet19>Shop towel</bullet19>
    <bullet20>Lifetime guarantee - no questions asked</bullet20>
    <bullet21/>
    <bullet22/>
    <bullet23/>
    <bullet24/>
    <vendorPriceUpdateDate>2023-04-22 00:00:00</vendorPriceUpdateDate>
  </part>
  <part>
    <partNumber>38120752</partNumber>
    <punctuatedPartNumber>3812-0752</punctuatedPartNumber>
    <partStatusDescription>STANDARD</partStatusDescription>
    <partDescription>Tool Kit - Roadtech™ PA1 - Harley-Davidson Pan America</partDescription>
    <unitOfMeasure>Kit</unitOfMeasure>
    <brandName>CRUZTOOLS</brandName>
    <supplierNumber>RTPA1</supplierNumber>
    <specialInstructions/>
    <baseDealerPrice>116.40</baseDealerPrice>
    <yourDealerPrice>116.40</yourDealerPrice>
    <baseRetailPrice>179.95</baseRetailPrice>
    <originalRetailPrice>159.95</originalRetailPrice>
    <partImage>http://asset.lemansnet.com/z/L0MvNi8zL0M2MzlFMzhCLUM1RDgtNDREMy1BQzRFLUI4MTIwOTk0NzI4RQ==</partImage>
    <productId>2027976391</productId>
    <productName>Roadtech™ PA1 Tool Kit</productName>
    <productImage>http://asset.lemansnet.com/z/L0MvNi8zL0M2MzlFMzhCLUM1RDgtNDREMy1BQzRFLUI4MTIwOTk0NzI4RQ==</productImage>
    <bullet1>The RoadTech™ PA1 tool kit is specifically designed for roadside repairs and adjustments on the Harley-Davidson Pan America</bullet1>
    <bullet2>Professional grade and backed by a lifetime guarantee - no questions asked</bullet2>
    <bullet3>Kit includes:</bullet3>
    <bullet4>8" adjustable wrench</bullet4>
    <bullet5>Locking pliers</bullet5>
    <bullet6>Tire gauge</bullet6>
    <bullet7>Hex &amp; torx keys</bullet7>
    <bullet8>6-in-1 screwdriver</bullet8>
    <bullet9>70-tooth mini ratchet, extensions and socket set</bullet9>
    <bullet10>The highlight of the kit is the innovative 36 mm axle wrench with light-weight aluminum extension that provides 12" of leverage for removing the high-torque axle nut on the Pan America</bullet10>
    <bullet11>The included 32 mm axle wrench is needed to hold the other side of the axle when removing the axle nut</bullet11>
    <bullet12>Front wheel removal is made possible with the included 10 mm x 12 mm x 19 mm x 22 mm combo axle adapter</bullet12>
    <bullet13>The tools stay organized with a heavy-duty pouch that rolls up for compact storage on the bike</bullet13>
    <bullet14/>
    <bullet15/>
    <bullet16/>
    <bullet17/>
    <bullet18/>
    <bullet19/>
    <bullet20/>
    <bullet21/>
    <bullet22/>
    <bullet23/>
    <bullet24/>
    <vendorPriceUpdateDate>2023-08-07 00:00:00</vendorPriceUpdateDate>
  </part>
  <part>
    <partNumber>38120782</partNumber>
    <punctuatedPartNumber>3812-0782</punctuatedPartNumber>
    <partStatusDescription>STANDARD</partStatusDescription>
    <partDescription>Tool Kit - Switchback™ - Honda/Kawasaki/Yamaha/Suzuki</partDescription>
    <unitOfMeasure>Kit</unitOfMeasure>
    <brandName>CRUZTOOLS</brandName>
    <supplierNumber>SBJM</supplierNumber>
    <specialInstructions/>
    <baseDealerPrice>48.50</baseDealerPrice>
    <yourDealerPrice>48.50</yourDealerPrice>
    <baseRetailPrice>74.95</baseRetailPrice>
    <originalRetailPrice>64.95</originalRetailPrice>
    <partImage>http://asset.lemansnet.com/z/LzQvOC9BLzQ4QUNEQUY1LURGOTUtNDI0MS05QzU5LURERDEzQTYyODBCQw==</partImage>
    <productId>0881965352</productId>
    <productName>Switchback™ Tool Kit</productName>
    <productImage>http://asset.lemansnet.com/z/LzQvOC9BLzQ4QUNEQUY1LURGOTUtNDI0MS05QzU5LURERDEzQTYyODBCQw==</productImage>
    <bullet1>Includes full-size combination wrenches, collapsible T-handle driver, sockets, torx &amp; hex bits, 5-in-1 screwdriver, needle nose pliers, mechanics wire and a durable zip up pouch</bullet1>
    <bullet2>Compact at 2" x 2" x 7" for easy storage</bullet2>
    <bullet3>Lightweight at only 1.7 lb</bullet3>
    <bullet4>Lifetime warranty</bullet4>
    <bullet5>Ideal for trailside repairs &amp; adjustments.</bullet5>
    <bullet6>Developed specifically for the woods and enduro riders.</bullet6>
    <bullet7/>
    <bullet8/>
    <bullet9/>
    <bullet10/>
    <bullet11/>
    <bullet12/>
    <bullet13/>
    <bullet14/>
    <bullet15/>
    <bullet16/>
    <bullet17/>
    <bullet18/>
    <bullet19/>
    <bullet20/>
    <bullet21/>
    <bullet22/>
    <bullet23/>
    <bullet24/>
    <vendorPriceUpdateDate>2024-08-05 00:00:00</vendorPriceUpdateDate>
  </part>
  <part>
    <partNumber>38120783</partNumber>
    <punctuatedPartNumber>3812-0783</punctuatedPartNumber>
    <partStatusDescription>STANDARD</partStatusDescription>
    <partDescription>Tool Kit - Switchback™ - KTM/Husqvarna</partDescription>
    <unitOfMeasure>Kit</unitOfMeasure>
    <brandName>CRUZTOOLS</brandName>
    <supplierNumber>SBKH</supplierNumber>
    <specialInstructions/>
    <baseDealerPrice>51.70</baseDealerPrice>
    <yourDealerPrice>51.70</yourDealerPrice>
    <baseRetailPrice>79.95</baseRetailPrice>
    <originalRetailPrice>69.95</originalRetailPrice>
    <partImage>http://asset.lemansnet.com/z/LzYvMS9BLzYxQUUwQzlBLTlCMTMtNENDQi1CN0ZELTZFOTMwQUEzQUQ3QQ==</partImage>
    <productId>0881965352</productId>
    <productName>Switchback™ Tool Kit</productName>
    <productImage>http://asset.lemansnet.com/z/LzQvOC9BLzQ4QUNEQUY1LURGOTUtNDI0MS05QzU5LURERDEzQTYyODBCQw==</productImage>
    <bullet1>Includes full-size combination wrenches, collapsible T-handle driver, sockets, torx &amp; hex bits, 5-in-1 screwdriver, needle nose pliers, mechanics wire and a durable zip up pouch</bullet1>
    <bullet2>Compact at 2" x 2" x 7" for easy storage</bullet2>
    <bullet3>Lightweight at only 1.7 lb</bullet3>
    <bullet4>Lifetime warranty</bullet4>
    <bullet5>Ideal for trailside repairs &amp; adjustments.</bullet5>
    <bullet6>Developed specifically for the woods and enduro riders.</bullet6>
    <bullet7/>
    <bullet8/>
    <bullet9/>
    <bullet10/>
    <bullet11/>
    <bullet12/>
    <bullet13/>
    <bullet14/>
    <bullet15/>
    <bullet16/>
    <bullet17/>
    <bullet18/>
    <bullet19/>
    <bullet20/>
    <bullet21/>
    <bullet22/>
    <bullet23/>
    <bullet24/>
    <vendorPriceUpdateDate>2024-08-05 00:00:00</vendorPriceUpdateDate>
  </part>
  <part>
    <partNumber>38500083</partNumber>
    <punctuatedPartNumber>3850-0083</punctuatedPartNumber>
    <partStatusDescription>STANDARD</partStatusDescription>
    <partDescription>Wrench - Mini - T-Handle - 3-Way</partDescription>
    <unitOfMeasure>Each</unitOfMeasure>
    <brandName>CRUZTOOLS</brandName>
    <supplierNumber>PW1</supplierNumber>
    <specialInstructions/>
    <baseDealerPrice>11.60</baseDealerPrice>
    <yourDealerPrice>11.60</yourDealerPrice>
    <baseRetailPrice>17.95</baseRetailPrice>
    <originalRetailPrice>17.95</originalRetailPrice>
    <partImage>http://asset.lemansnet.com/z/L0IvQy9FL0JDRUNFOUEzLTAwNEMtNDYwMi1CNkVFLUE5QTY0NEJGRjc4OA==</partImage>
    <productId>0674926079</productId>
    <productName>Packwrench™ 3-Way Socket Wrench</productName>
    <productImage>http://asset.lemansnet.com/z/L0IvQy9FL0JDRUNFOUEzLTAwNEMtNDYwMi1CNkVFLUE5QTY0NEJGRjc4OA==</productImage>
    <bullet1> At 5.5” long, it stores easily making a great travel tool that is also find handy in the garage</bullet1>
    <bullet2>Mini T-style wrench with the common 8, 10, and 12 mm socket sizes</bullet2>
    <bullet3>Lifetime guarantee - no questions asked</bullet3>
    <bullet4/>
    <bullet5/>
    <bullet6/>
    <bullet7/>
    <bullet8/>
    <bullet9/>
    <bullet10/>
    <bullet11/>
    <bullet12/>
    <bullet13/>
    <bullet14/>
    <bullet15/>
    <bullet16/>
    <bullet17/>
    <bullet18/>
    <bullet19/>
    <bullet20/>
    <bullet21/>
    <bullet22/>
    <bullet23/>
    <bullet24/>
    <vendorPriceUpdateDate>2022-09-16 00:00:00</vendorPriceUpdateDate>
  </part>
  <part>
    <partNumber>38110104</partNumber>
    <punctuatedPartNumber>3811-0104</punctuatedPartNumber>
    <partStatusDescription>STANDARD</partStatusDescription>
    <partDescription>Wrench - Front/Rear Axle - Closed End - 34 mm - BMW</partDescription>
    <unitOfMeasure>Each</unitOfMeasure>
    <brandName>CRUZTOOLS</brandName>
    <supplierNumber>AW34</supplierNumber>
    <specialInstructions/>
    <baseDealerPrice>11.60</baseDealerPrice>
    <yourDealerPrice>11.60</yourDealerPrice>
    <baseRetailPrice>17.95</baseRetailPrice>
    <originalRetailPrice>14.95</originalRetailPrice>
    <partImage>http://asset.lemansnet.com/z/LzAvRS83LzBFNzJDRjg0LTQwQUYtNDQ2Mi04QkMxLThDREU0MUQwMDY4Mw==</partImage>
    <productId>1994990038</productId>
    <productName>Combo Axle Wrench</productName>
    <productImage>http://asset.lemansnet.com/z/LzQvRS83LzRFNzRBQjZFLTQ4MTAtNDhFNi1CNEQyLTJDQkQ2M0UzMkI0QQ==</productImage>
    <bullet1>Lightweight and compact for easy storage while offering enough leverage to get the job done while in the field</bullet1>
    <bullet2>Perfect for removing front and rear axles during trail-side repairs or adjustments</bullet2>
    <bullet3>Chrome polished finish with laser-etched markings</bullet3>
    <bullet4>The 14 mm size is good for most spark plugs</bullet4>
    <bullet5>Lifetime guarantee - no questions asked</bullet5>
    <bullet6/>
    <bullet7/>
    <bullet8/>
    <bullet9/>
    <bullet10/>
    <bullet11/>
    <bullet12/>
    <bullet13/>
    <bullet14/>
    <bullet15/>
    <bullet16/>
    <bullet17/>
    <bullet18/>
    <bullet19/>
    <bullet20/>
    <bullet21/>
    <bullet22/>
    <bullet23/>
    <bullet24/>
    <vendorPriceUpdateDate>2022-09-16 00:00:00</vendorPriceUpdateDate>
  </part>
  <part>
    <partNumber>38120017</partNumber>
    <punctuatedPartNumber>3812-0017</punctuatedPartNumber>
    <partStatusDescription>STANDARD</partStatusDescription>
    <partDescription>T-Handle Tool - Sliding/Driver - 1/4"</partDescription>
    <unitOfMeasure>Each</unitOfMeasure>
    <brandName>CRUZTOOLS</brandName>
    <supplierNumber>MTD14</supplierNumber>
    <specialInstructions/>
    <baseDealerPrice>12.90</baseDealerPrice>
    <yourDealerPrice>12.90</yourDealerPrice>
    <baseRetailPrice>19.95</baseRetailPrice>
    <originalRetailPrice>19.95</originalRetailPrice>
    <partImage>http://asset.lemansnet.com/z/LzcvNC8wLzc0MDVGODM0LUFEMjEtNDlBOS04NjNDLUQ1Njc1MkQ3MkQ5Mg==</partImage>
    <productId>1253398435</productId>
    <productName>1/4" Drive Sliding T-Driver</productName>
    <productImage>http://asset.lemansnet.com/z/LzcvNC8wLzc0MDVGODM0LUFEMjEtNDlBOS04NjNDLUQ1Njc1MkQ3MkQ5Mg==</productImage>
    <bullet1>Sliding handle T-driver has a 1/4" tip to drive sockets or socket bits for fast and easy work in the shop or while traveling</bullet1>
    <bullet2>T-driver handle slides to either side for increased leverage or to access tight places</bullet2>
    <bullet3>Weighs 1/2 lb</bullet3>
    <bullet4/>
    <bullet5/>
    <bullet6/>
    <bullet7/>
    <bullet8/>
    <bullet9/>
    <bullet10/>
    <bullet11/>
    <bullet12/>
    <bullet13/>
    <bullet14/>
    <bullet15/>
    <bullet16/>
    <bullet17/>
    <bullet18/>
    <bullet19/>
    <bullet20/>
    <bullet21/>
    <bullet22/>
    <bullet23/>
    <bullet24/>
    <vendorPriceUpdateDate>2022-09-16 00:00:00</vendorPriceUpdateDate>
  </part>
  <part>
    <partNumber>38110133</partNumber>
    <punctuatedPartNumber>3811-0133</punctuatedPartNumber>
    <partStatusDescription>STANDARD</partStatusDescription>
    <partDescription>Axle Wrench w/Extension Handle - BMW</partDescription>
    <unitOfMeasure>Each</unitOfMeasure>
    <brandName>CRUZTOOLS</brandName>
    <supplierNumber>AW34X</supplierNumber>
    <specialInstructions/>
    <baseDealerPrice>17.50</baseDealerPrice>
    <yourDealerPrice>17.50</yourDealerPrice>
    <baseRetailPrice>26.95</baseRetailPrice>
    <originalRetailPrice>26.95</originalRetailPrice>
    <partImage>http://asset.lemansnet.com/z/LzQvQS8xLzRBMTU0NDA0LUNGQzYtNDk0RC05Mjg3LUY3QjU2OUVBQjBGRA==</partImage>
    <productId>1210782708</productId>
    <productName>34 mm Axle Wrench with Extension Handle for BMW</productName>
    <productImage>http://asset.lemansnet.com/z/LzQvQS8xLzRBMTU0NDA0LUNGQzYtNDk0RC05Mjg3LUY3QjU2OUVBQjBGRA==</productImage>
    <bullet1>The extension nests over the wrench for compact storage at 8.25” in length and can be extended to 12” for maximum leverage</bullet1>
    <bullet2>Designed to be lightweight and compact for easy storage while offering enough leverage to get the job done while in the field</bullet2>
    <bullet3>The extension handle has finger-friendly radiused edges and a non-slip finish providing you with a solid grip</bullet3>
    <bullet4>Aircraft-grade aluminum extension for lightweight strength with high-grip finish</bullet4>
    <bullet5>Features more leverage with an included aluminum extension handle</bullet5>
    <bullet6>Chrome polished finish with laser-etched size markings</bullet6>
    <bullet7>Perfect travel tool for any bike with 34 mm axle nut</bullet7>
    <bullet8>Lightweight at only 7 oz (0.44 lb)</bullet8>
    <bullet9>34 mm axle wrench for BMW</bullet9>
    <bullet10>High strength steel wrench</bullet10>
    <bullet11/>
    <bullet12/>
    <bullet13/>
    <bullet14/>
    <bullet15/>
    <bullet16/>
    <bullet17/>
    <bullet18/>
    <bullet19/>
    <bullet20/>
    <bullet21/>
    <bullet22/>
    <bullet23/>
    <bullet24/>
    <vendorPriceUpdateDate>2023-08-07 00:00:00</vendorPriceUpdateDate>
  </part>
  <part>
    <partNumber>38110134</partNumber>
    <punctuatedPartNumber>3811-0134</punctuatedPartNumber>
    <partStatusDescription>STANDARD</partStatusDescription>
    <partDescription>Axle Adapter - For Front Axle - Triumph</partDescription>
    <unitOfMeasure>Each</unitOfMeasure>
    <brandName>CRUZTOOLS</brandName>
    <supplierNumber>AH1722</supplierNumber>
    <specialInstructions/>
    <baseDealerPrice>8.50</baseDealerPrice>
    <yourDealerPrice>8.50</yourDealerPrice>
    <baseRetailPrice>12.95</baseRetailPrice>
    <originalRetailPrice>9.95</originalRetailPrice>
    <partImage>http://asset.lemansnet.com/z/L0QvMC9DL0QwQzZENEEzLTI0ODQtNDVBMS1BMERDLUMwMzNBRUQzNjE0Nw==</partImage>
    <productId>0300389262</productId>
    <productName>Front Axle Hex Adapter for Triumph</productName>
    <productImage>http://asset.lemansnet.com/z/L0QvMC9DL0QwQzZENEEzLTI0ODQtNDVBMS1BMERDLUMwMzNBRUQzNjE0Nw==</productImage>
    <bullet1>This 17 mm x 22 mm axle adapter is designed to make it easy to remove the front wheel on Triumph or any motorcycle that uses a 17 mm or 22 mm size hex key for the front axle</bullet1>
    <bullet2>Use adjustable wrench on one end with other end inserted to operate</bullet2>
    <bullet3>Made of heat-treated carbon steel</bullet3>
    <bullet4>Lifetime guarantee - no questions asked</bullet4>
    <bullet5/>
    <bullet6/>
    <bullet7/>
    <bullet8/>
    <bullet9/>
    <bullet10/>
    <bullet11/>
    <bullet12/>
    <bullet13/>
    <bullet14/>
    <bullet15/>
    <bullet16/>
    <bullet17/>
    <bullet18/>
    <bullet19/>
    <bullet20/>
    <bullet21/>
    <bullet22/>
    <bullet23/>
    <bullet24/>
    <vendorPriceUpdateDate>2023-08-07 00:00:00</vendorPriceUpdateDate>
  </part>
</root>
