<root>
  <part>
    <partNumber>09250038</partNumber>
    <punctuatedPartNumber>0925-0038</punctuatedPartNumber>
    <partStatusDescription>STANDARD</partStatusDescription>
    <partDescription>Camshaft - Xtreme Energy™ - EVL5005 - Evolution Big Twin '84-'99</partDescription>
    <unitOfMeasure>Each</unitOfMeasure>
    <brandName>COMP CAMS</brandName>
    <supplierNumber>EVL-5005</supplierNumber>
    <specialInstructions>Discontinue Item</specialInstructions>
    <baseDealerPrice>222.50</baseDealerPrice>
    <yourDealerPrice>222.50</yourDealerPrice>
    <baseRetailPrice>317.95</baseRetailPrice>
    <originalRetailPrice>312.95</originalRetailPrice>
    <partImage>http://asset.lemansnet.com/z/bWVkaWEvZDFjN2E0MzMtMjZjMS00YjBmLWE1MzQtN2ZmZDZiNmE5MDk4</partImage>
    <productId>0720603337</productId>
    <productName>Xtreme Energy™ Camshaft</productName>
    <productImage>http://asset.lemansnet.com/z/LzIvQS80LzJBNDc0OTAxLUU2RkEtNEQ5RC1BNDUyLUQwMjE3NjdENjBGRQ==</productImage>
    <bullet1>New cam lobe designs allow maximum performance for Evolution engines</bullet1>
    <bullet2>Great throttle response and mid-range with excellent high-rpm power</bullet2>
    <bullet3>Fast opening and closing gives better airflow with the lift and duration used</bullet3>
    <bullet4>Low-end and mid-range power for heavy bikes; 1500-5500 rpm</bullet4>
    <bullet5>Made in the USA</bullet5>
    <bullet6>Requires valve springs designed for high-lift cams.</bullet6>
    <bullet7>Always check valve spring coil bind, valve guide-to-collar, valve-to-valve and valve-to piston clearance when installing.</bullet7>
    <bullet8/>
    <bullet9/>
    <bullet10/>
    <bullet11/>
    <bullet12/>
    <bullet13/>
    <bullet14/>
    <bullet15/>
    <bullet16/>
    <bullet17/>
    <bullet18/>
    <bullet19/>
    <bullet20/>
    <bullet21/>
    <bullet22/>
    <bullet23/>
    <bullet24/>
    <vendorPriceUpdateDate>2023-02-08 00:00:00</vendorPriceUpdateDate>
  </part>
  <part>
    <partNumber>09251220</partNumber>
    <punctuatedPartNumber>0925-1220</punctuatedPartNumber>
    <partStatusDescription>DISCONTINUED</partStatusDescription>
    <partDescription>Camshaft - Mega 8 - TQ230V3 - Bolt In - 107"/114" M8</partDescription>
    <unitOfMeasure>Each</unitOfMeasure>
    <brandName>COMP CAMS</brandName>
    <supplierNumber>307-101-9</supplierNumber>
    <specialInstructions>DISCONTINUED ITEM</specialInstructions>
    <baseDealerPrice>158.70</baseDealerPrice>
    <yourDealerPrice>158.70</yourDealerPrice>
    <baseRetailPrice>0.00</baseRetailPrice>
    <originalRetailPrice>417.95</originalRetailPrice>
    <partImage>http://asset.lemansnet.com/z/LzMvNi9ELzM2RDBDREZCLTg5NjgtNDlBOS1CRTY2LTFFREE1RjhGNzNCQw==</partImage>
    <productId>0040273410</productId>
    <productName>Mega 8 Camshaft</productName>
    <productImage>http://asset.lemansnet.com/z/L0EvRC80L0FENDNCMDBGLUJEQzEtNDUxQS1BNUJFLUJCRUIzQTBEQUVERA==</productImage>
    <bullet1>Designed with Comp Cams' industry-leading technology and trademark Endurance Ramps, the Mega 8 series of performance cams covers every bike and riding style</bullet1>
    <bullet2>With reduced valve train noise and increased stability, Mega 8 cams deliver everything from broad torque bands for touring and heavy bikes, to max power and performance cams for the horsepower-hungry riders</bullet2>
    <bullet3>Constructed from billet steel</bullet3>
    <bullet4>Made in the USA</bullet4>
    <bullet5/>
    <bullet6/>
    <bullet7/>
    <bullet8/>
    <bullet9/>
    <bullet10/>
    <bullet11/>
    <bullet12/>
    <bullet13/>
    <bullet14/>
    <bullet15/>
    <bullet16/>
    <bullet17/>
    <bullet18/>
    <bullet19/>
    <bullet20/>
    <bullet21/>
    <bullet22/>
    <bullet23/>
    <bullet24/>
    <vendorPriceUpdateDate>2023-02-08 00:00:00</vendorPriceUpdateDate>
  </part>
  <part>
    <partNumber>09251223</partNumber>
    <punctuatedPartNumber>0925-1223</punctuatedPartNumber>
    <partStatusDescription>STANDARD</partStatusDescription>
    <partDescription>Camshaft - Mega 8 - 246A - Bolt In - 117" M8</partDescription>
    <unitOfMeasure>Each</unitOfMeasure>
    <brandName>COMP CAMS</brandName>
    <supplierNumber>307-104-9</supplierNumber>
    <specialInstructions/>
    <baseDealerPrice>297.60</baseDealerPrice>
    <yourDealerPrice>297.60</yourDealerPrice>
    <baseRetailPrice>425.95</baseRetailPrice>
    <originalRetailPrice>417.95</originalRetailPrice>
    <partImage>http://asset.lemansnet.com/z/LzYvRC9FLzZERTQ2QjVCLTI4RUEtNEQ2NS05MjEwLUFENTVBQUNEQUIwOA==</partImage>
    <productId>0876073937</productId>
    <productName>Mega 8 Camshaft</productName>
    <productImage>http://asset.lemansnet.com/z/L0EvRC80L0FENDNCMDBGLUJEQzEtNDUxQS1BNUJFLUJCRUIzQTBEQUVERA==</productImage>
    <bullet1>Designed with Comp Cams' industry-leading technology and trademark Endurance Ramps, the Mega 8 series of performance cams covers every bike and riding style</bullet1>
    <bullet2>With reduced valve train noise and increased stability, Mega 8 cams deliver everything from broad torque bands for touring and heavy bikes, to max power and performance cams for the horsepower-hungry riders</bullet2>
    <bullet3>Constructed from billet steel</bullet3>
    <bullet4>Made in the USA</bullet4>
    <bullet5/>
    <bullet6/>
    <bullet7/>
    <bullet8/>
    <bullet9/>
    <bullet10/>
    <bullet11/>
    <bullet12/>
    <bullet13/>
    <bullet14/>
    <bullet15/>
    <bullet16/>
    <bullet17/>
    <bullet18/>
    <bullet19/>
    <bullet20/>
    <bullet21/>
    <bullet22/>
    <bullet23/>
    <bullet24/>
    <vendorPriceUpdateDate>2023-02-08 00:00:00</vendorPriceUpdateDate>
  </part>
  <part>
    <partNumber>21020367</partNumber>
    <punctuatedPartNumber>2102-0367</punctuatedPartNumber>
    <partStatusDescription>DISCONTINUED</partStatusDescription>
    <partDescription>Dual-Fire Ignition Coil - Harley Davidson</partDescription>
    <unitOfMeasure>Each</unitOfMeasure>
    <brandName>COMP CAMS</brandName>
    <supplierNumber>F-3006</supplierNumber>
    <specialInstructions>DISCONTINUED ITEM</specialInstructions>
    <baseDealerPrice>54.20</baseDealerPrice>
    <yourDealerPrice>54.20</yourDealerPrice>
    <baseRetailPrice>0.00</baseRetailPrice>
    <originalRetailPrice>95.95</originalRetailPrice>
    <partImage>http://asset.lemansnet.com/z/L0QvNS9FL0Q1RUY2NDVELTk0RTAtNDdBRi1CNzYzLTY1MTQ4RkZFNkUwNQ==</partImage>
    <productId>1773220056</productId>
    <productName>Ignition Coil</productName>
    <productImage>http://asset.lemansnet.com/z/L0QvNS9FL0Q1RUY2NDVELTk0RTAtNDdBRi1CNzYzLTY1MTQ4RkZFNkUwNQ==</productImage>
    <bullet1>Smaller and lighter than stock</bullet1>
    <bullet2>Bolts directly to stock mounts</bullet2>
    <bullet3>Greater spark energy than stock for improved fuel mileage and better starts</bullet3>
    <bullet4>Over-molded poly case is epoxy sealed</bullet4>
    <bullet5/>
    <bullet6/>
    <bullet7/>
    <bullet8/>
    <bullet9/>
    <bullet10/>
    <bullet11/>
    <bullet12/>
    <bullet13/>
    <bullet14/>
    <bullet15/>
    <bullet16/>
    <bullet17/>
    <bullet18/>
    <bullet19/>
    <bullet20/>
    <bullet21/>
    <bullet22/>
    <bullet23/>
    <bullet24/>
    <vendorPriceUpdateDate>2022-01-17 00:00:00</vendorPriceUpdateDate>
  </part>
  <part>
    <partNumber>21020371</partNumber>
    <punctuatedPartNumber>2102-0371</punctuatedPartNumber>
    <partStatusDescription>DISCONTINUED</partStatusDescription>
    <partDescription>Single-Fire Ignition Coil - Harley Davidson</partDescription>
    <unitOfMeasure>Each</unitOfMeasure>
    <brandName>COMP CAMS</brandName>
    <supplierNumber>F-3010</supplierNumber>
    <specialInstructions>DISCONTINUED ITEM</specialInstructions>
    <baseDealerPrice>39.20</baseDealerPrice>
    <yourDealerPrice>39.20</yourDealerPrice>
    <baseRetailPrice>0.00</baseRetailPrice>
    <originalRetailPrice>101.95</originalRetailPrice>
    <partImage>http://asset.lemansnet.com/z/L0QvMS80L0QxNENCNkIwLUI4RTYtNDYyRi05MjE0LUYxMjk0M0RFQzI4NQ==</partImage>
    <productId>0399333563</productId>
    <productName>Ignition Coil</productName>
    <productImage>http://asset.lemansnet.com/z/L0QvNS9FL0Q1RUY2NDVELTk0RTAtNDdBRi1CNzYzLTY1MTQ4RkZFNkUwNQ==</productImage>
    <bullet1>Smaller and lighter than stock</bullet1>
    <bullet2>Bolts directly to stock mounts</bullet2>
    <bullet3>Greater spark energy than stock for improved fuel mileage and better starts</bullet3>
    <bullet4>Over-molded poly case is epoxy sealed</bullet4>
    <bullet5/>
    <bullet6/>
    <bullet7/>
    <bullet8/>
    <bullet9/>
    <bullet10/>
    <bullet11/>
    <bullet12/>
    <bullet13/>
    <bullet14/>
    <bullet15/>
    <bullet16/>
    <bullet17/>
    <bullet18/>
    <bullet19/>
    <bullet20/>
    <bullet21/>
    <bullet22/>
    <bullet23/>
    <bullet24/>
    <vendorPriceUpdateDate>2022-01-17 00:00:00</vendorPriceUpdateDate>
  </part>
  <part>
    <partNumber>21100830</partNumber>
    <punctuatedPartNumber>2110-0830</punctuatedPartNumber>
    <partStatusDescription>STANDARD</partStatusDescription>
    <partDescription>Relay - 30 A</partDescription>
    <unitOfMeasure>Each</unitOfMeasure>
    <brandName>COMP CAMS</brandName>
    <supplierNumber>F-5030</supplierNumber>
    <specialInstructions/>
    <baseDealerPrice>29.80</baseDealerPrice>
    <yourDealerPrice>29.80</yourDealerPrice>
    <baseRetailPrice>42.95</baseRetailPrice>
    <originalRetailPrice>41.95</originalRetailPrice>
    <partImage>http://asset.lemansnet.com/z/LzMvRS9DLzNFQzU0OERELUM1NUEtNDJCNS1CQzA0LTUwODc0MjdFRjU4NA==</partImage>
    <productId>0348228965</productId>
    <productName>Fast Start Boost Relay</productName>
    <productImage>http://asset.lemansnet.com/z/LzMvRS9DLzNFQzU0OERELUM1NUEtNDJCNS1CQzA0LTUwODc0MjdFRjU4NA==</productImage>
    <bullet1>Provides full battery voltage to single-fire coil during cranking</bullet1>
    <bullet2>Eliminates hard starting due to voltage drop</bullet2>
    <bullet3>30 A sealed relay with complete installation hardware</bullet3>
    <bullet4>High-temperature rated sealed housing</bullet4>
    <bullet5>Measures 1.5" x 1" x 1" with mounting flange hole</bullet5>
    <bullet6/>
    <bullet7/>
    <bullet8/>
    <bullet9/>
    <bullet10/>
    <bullet11/>
    <bullet12/>
    <bullet13/>
    <bullet14/>
    <bullet15/>
    <bullet16/>
    <bullet17/>
    <bullet18/>
    <bullet19/>
    <bullet20/>
    <bullet21/>
    <bullet22/>
    <bullet23/>
    <bullet24/>
    <vendorPriceUpdateDate>2022-01-17 00:00:00</vendorPriceUpdateDate>
  </part>
  <part>
    <partNumber>09260690</partNumber>
    <punctuatedPartNumber>0926-0690</punctuatedPartNumber>
    <partStatusDescription>DISCONTINUED</partStatusDescription>
    <partDescription>Spring Kit - 0.650" Lift - Twin Cam</partDescription>
    <unitOfMeasure>Kit</unitOfMeasure>
    <brandName>COMP CAMS</brandName>
    <supplierNumber>9709-KIT</supplierNumber>
    <specialInstructions>DISCONTINUED ITEM</specialInstructions>
    <baseDealerPrice>74.10</baseDealerPrice>
    <yourDealerPrice>74.10</yourDealerPrice>
    <baseRetailPrice>0.00</baseRetailPrice>
    <originalRetailPrice>199.95</originalRetailPrice>
    <partImage>http://asset.lemansnet.com/z/L0IvNy83L0I3NzNEQTA0LTU4QTgtNEM0NS1COTE1LUUzRkIwOTYxMjA5NQ==</partImage>
    <productId>1172796768</productId>
    <productName>Beehive Valve Spring Kit</productName>
    <productImage>http://asset.lemansnet.com/z/LzUvMS8yLzUxMjM3Mzk1LUY1QzktNEM4RC05MUY3LThENzIwNzI0QzE0Mg==</productImage>
    <bullet1>Beehive™ Valve Spring Kits designed as drop-in performance valve train upgrades</bullet1>
    <bullet2>Beehive valve springs deliver a host of well-documented benefits over conventional cylindrical valve springs</bullet2>
    <bullet3>Increased rpm capability with no rocker box clearance problems</bullet3>
    <bullet4>Designed to work with the limited valve spring installed height of the Harley V-Twin engine, small spring pocket and high-lift cams</bullet4>
    <bullet5>Made in the U.S.A.</bullet5>
    <bullet6/>
    <bullet7/>
    <bullet8/>
    <bullet9/>
    <bullet10/>
    <bullet11/>
    <bullet12/>
    <bullet13/>
    <bullet14/>
    <bullet15/>
    <bullet16/>
    <bullet17/>
    <bullet18/>
    <bullet19/>
    <bullet20/>
    <bullet21/>
    <bullet22/>
    <bullet23/>
    <bullet24/>
    <vendorPriceUpdateDate>2023-04-22 00:00:00</vendorPriceUpdateDate>
  </part>
  <part>
    <partNumber>09251095</partNumber>
    <punctuatedPartNumber>0925-1095</punctuatedPartNumber>
    <partStatusDescription>STANDARD</partStatusDescription>
    <partDescription>Camshaft - Thumper - TC4102 - Chain Drive - Twin Cam 07-'17 | Dyna '06</partDescription>
    <unitOfMeasure>Pair</unitOfMeasure>
    <brandName>COMP CAMS</brandName>
    <supplierNumber>TC-4102</supplierNumber>
    <specialInstructions/>
    <baseDealerPrice>263.70</baseDealerPrice>
    <yourDealerPrice>263.70</yourDealerPrice>
    <baseRetailPrice>376.95</baseRetailPrice>
    <originalRetailPrice>370.95</originalRetailPrice>
    <partImage>http://asset.lemansnet.com/z/LzEvMS85LzExOTJGQzRGLTFENzMtNDI2RS1BQ0M2LTdDQjE0NUM0NDIwNA==</partImage>
    <productId>0335240188</productId>
    <productName>Thumper Chain Drive Cam Set</productName>
    <productImage>http://asset.lemansnet.com/z/LzEvMS85LzExOTJGQzRGLTFENzMtNDI2RS1BQ0M2LTdDQjE0NUM0NDIwNA==</productImage>
    <bullet1>Designed as a bolt-in cam set for 110"-117" engines, but really shines with performance heads and higher compression</bullet1>
    <bullet2>Can be used as a bolt-in cam set for 103" engines, but higher compression is needed</bullet2>
    <bullet3>58.00 mm and larger throttle bodies show big gains in acceleration and throttle response</bullet3>
    <bullet4>Very wide power band, pulls great up to 6000 rpm</bullet4>
    <bullet5>Constructed from 8620 billet steel</bullet5>
    <bullet6>Made in the USA</bullet6>
    <bullet7/>
    <bullet8/>
    <bullet9/>
    <bullet10/>
    <bullet11/>
    <bullet12/>
    <bullet13/>
    <bullet14/>
    <bullet15/>
    <bullet16/>
    <bullet17/>
    <bullet18/>
    <bullet19/>
    <bullet20/>
    <bullet21/>
    <bullet22/>
    <bullet23/>
    <bullet24/>
    <vendorPriceUpdateDate>2023-04-22 00:00:00</vendorPriceUpdateDate>
  </part>
  <part>
    <partNumber>09290078</partNumber>
    <punctuatedPartNumber>0929-0078</punctuatedPartNumber>
    <partStatusDescription>DISCONTINUED</partStatusDescription>
    <partDescription>Race Tappet - Evolution</partDescription>
    <unitOfMeasure>Each</unitOfMeasure>
    <brandName>COMP CAMS</brandName>
    <supplierNumber>7391-1</supplierNumber>
    <specialInstructions>DISCONTINUED ITEM</specialInstructions>
    <baseDealerPrice>40.50</baseDealerPrice>
    <yourDealerPrice>40.50</yourDealerPrice>
    <baseRetailPrice>0.00</baseRetailPrice>
    <originalRetailPrice>104.95</originalRetailPrice>
    <partImage>http://asset.lemansnet.com/z/L0IvQy9EL0JDRDc2RTU5LUI5N0ItNDYwOS04QzRBLTQwN0MwMjA2MkEzRSwvRS9BL0QvRUFEMTQ2OTEtQUIzRi00MTlBLTgyQkUtNjA2MTM5Q0U3RDM1</partImage>
    <productId>0858056243</productId>
    <productName>V-Thunder™ Race Forged Tappet</productName>
    <productImage>http://asset.lemansnet.com/z/L0UvQS9EL0VBRDE0NjkxLUFCM0YtNDE5QS04MkJFLTYwNjEzOUNFN0QzNQ==</productImage>
    <bullet1>Race/slow bleed upgrade design for high-performance use</bullet1>
    <bullet2>Each unit is 100% tested for proper function</bullet2>
    <bullet3>Black oxide finish</bullet3>
    <bullet4>Made in the U.S.A.</bullet4>
    <bullet5/>
    <bullet6/>
    <bullet7/>
    <bullet8/>
    <bullet9/>
    <bullet10/>
    <bullet11/>
    <bullet12/>
    <bullet13/>
    <bullet14/>
    <bullet15/>
    <bullet16/>
    <bullet17/>
    <bullet18/>
    <bullet19/>
    <bullet20/>
    <bullet21/>
    <bullet22/>
    <bullet23/>
    <bullet24/>
    <vendorPriceUpdateDate>2022-01-17 00:00:00</vendorPriceUpdateDate>
  </part>
  <part>
    <partNumber>09290079</partNumber>
    <punctuatedPartNumber>0929-0079</punctuatedPartNumber>
    <partStatusDescription>DISCONTINUED</partStatusDescription>
    <partDescription>Race Tappets - Evolution</partDescription>
    <unitOfMeasure>Set of 4</unitOfMeasure>
    <brandName>COMP CAMS</brandName>
    <supplierNumber>7391-4</supplierNumber>
    <specialInstructions>DISCONTINUED ITEM</specialInstructions>
    <baseDealerPrice>158.50</baseDealerPrice>
    <yourDealerPrice>158.50</yourDealerPrice>
    <baseRetailPrice>0.00</baseRetailPrice>
    <originalRetailPrice>412.95</originalRetailPrice>
    <partImage>http://asset.lemansnet.com/z/L0QvOC8xL0Q4MTRCRTdCLTMwMTctNEVCRC1BMDRGLTdCNjc3QjIyQjZGMQ==</partImage>
    <productId>0858056243</productId>
    <productName>V-Thunder™ Race Forged Tappet</productName>
    <productImage>http://asset.lemansnet.com/z/L0UvQS9EL0VBRDE0NjkxLUFCM0YtNDE5QS04MkJFLTYwNjEzOUNFN0QzNQ==</productImage>
    <bullet1>Race/slow bleed upgrade design for high-performance use</bullet1>
    <bullet2>Each unit is 100% tested for proper function</bullet2>
    <bullet3>Black oxide finish</bullet3>
    <bullet4>Made in the U.S.A.</bullet4>
    <bullet5/>
    <bullet6/>
    <bullet7/>
    <bullet8/>
    <bullet9/>
    <bullet10/>
    <bullet11/>
    <bullet12/>
    <bullet13/>
    <bullet14/>
    <bullet15/>
    <bullet16/>
    <bullet17/>
    <bullet18/>
    <bullet19/>
    <bullet20/>
    <bullet21/>
    <bullet22/>
    <bullet23/>
    <bullet24/>
    <vendorPriceUpdateDate>2023-04-22 00:00:00</vendorPriceUpdateDate>
  </part>
</root>
