<root>
  <part>
    <partNumber>13140675</partNumber>
    <punctuatedPartNumber>1314-0675</punctuatedPartNumber>
    <partStatusDescription>STANDARD</partStatusDescription>
    <partDescription>Fork Lock Nut - Front - 12 mm</partDescription>
    <unitOfMeasure>Each</unitOfMeasure>
    <brandName>TECHNICAL TOUCH USA INC.</brandName>
    <supplierNumber>120181200401</supplierNumber>
    <specialInstructions/>
    <baseDealerPrice>4.70</baseDealerPrice>
    <yourDealerPrice>4.70</yourDealerPrice>
    <baseRetailPrice>6.95</baseRetailPrice>
    <originalRetailPrice>6.95</originalRetailPrice>
    <partImage>http://asset.lemansnet.com/z/L0YvQi8yL0ZCMjNBMDZGLTE0MjctNERBQS05NUQ0LTAwOTQ0RTk3RTc5OA==</partImage>
    <productId>0671600013</productId>
    <productName>Front Fork Lock Nut</productName>
    <productImage>http://asset.lemansnet.com/z/LzQvRC84LzREOEJCNENELUZGMTctNENGMC04NEZCLUYyRTMzQTZCM0M2Rg==</productImage>
    <bullet1>Jam nut</bullet1>
    <bullet2>Sold each</bullet2>
    <bullet3/>
    <bullet4/>
    <bullet5/>
    <bullet6/>
    <bullet7/>
    <bullet8/>
    <bullet9/>
    <bullet10/>
    <bullet11/>
    <bullet12/>
    <bullet13/>
    <bullet14/>
    <bullet15/>
    <bullet16/>
    <bullet17/>
    <bullet18/>
    <bullet19/>
    <bullet20/>
    <bullet21/>
    <bullet22/>
    <bullet23/>
    <bullet24/>
    <vendorPriceUpdateDate>2020-09-25 00:00:00</vendorPriceUpdateDate>
  </part>
</root>
