<root>
  <part>
    <partNumber>03210419</partNumber>
    <punctuatedPartNumber>0321-0419</punctuatedPartNumber>
    <partStatusDescription>STANDARD</partStatusDescription>
    <partDescription>Tire - Work Mate® - Front/Rear - 23x11-10 - 8 Ply</partDescription>
    <unitOfMeasure>Each</unitOfMeasure>
    <brandName>CARLISLE TIRES</brandName>
    <supplierNumber>6P16361</supplierNumber>
    <specialInstructions/>
    <baseDealerPrice>145.60</baseDealerPrice>
    <yourDealerPrice>142.69</yourDealerPrice>
    <baseRetailPrice>207.95</baseRetailPrice>
    <originalRetailPrice>176.46</originalRetailPrice>
    <partImage>http://asset.lemansnet.com/z/LzgvNi83Lzg2N0M3MDIxLUU2NzEtNDIzMi04QzgzLTAxRjU0NjkxNUFEMg==</partImage>
    <productId>2115549830</productId>
    <productName>Work Mate® Tire</productName>
    <productImage>http://asset.lemansnet.com/z/LzgvNi83Lzg2N0M3MDIxLUU2NzEtNDIzMi04QzgzLTAxRjU0NjkxNUFEMg==</productImage>
    <bullet1>The intermediate tread design offers traction and braking on multiple terrains</bullet1>
    <bullet2>Cross-ply construction offers rigidity in high load applications</bullet2>
    <bullet3>Square shoulder design ensures lateral stability</bullet3>
    <bullet4>For UTV's in extreme environments</bullet4>
    <bullet5/>
    <bullet6/>
    <bullet7/>
    <bullet8/>
    <bullet9/>
    <bullet10/>
    <bullet11/>
    <bullet12/>
    <bullet13/>
    <bullet14/>
    <bullet15/>
    <bullet16/>
    <bullet17/>
    <bullet18/>
    <bullet19/>
    <bullet20/>
    <bullet21/>
    <bullet22/>
    <bullet23/>
    <bullet24/>
    <vendorPriceUpdateDate>2024-01-23 00:00:00</vendorPriceUpdateDate>
  </part>
  <part>
    <partNumber>02230171</partNumber>
    <punctuatedPartNumber>0223-0171</punctuatedPartNumber>
    <partStatusDescription>STANDARD</partStatusDescription>
    <partDescription>Center Cap - Replacement/Wheel - Cyclone - Tall - Black - Wolverine/Viking</partDescription>
    <unitOfMeasure>Each</unitOfMeasure>
    <brandName>CARLISLE TIRES</brandName>
    <supplierNumber>B110CYT</supplierNumber>
    <specialInstructions/>
    <baseDealerPrice>10.30</baseDealerPrice>
    <yourDealerPrice>10.30</yourDealerPrice>
    <baseRetailPrice>14.95</baseRetailPrice>
    <originalRetailPrice>11.95</originalRetailPrice>
    <partImage>http://asset.lemansnet.com/z/L0YvNi9CL0Y2QjkyRjhFLTkzMTMtNDQ1Ri04NEZFLTNFNjREMkM5NEI0NA==</partImage>
    <productId>0110422880</productId>
    <productName>Cyclone Wheel Center Cap for Wolverine/Viking</productName>
    <productImage>http://asset.lemansnet.com/z/L0YvNi9CL0Y2QjkyRjhFLTkzMTMtNDQ1Ri04NEZFLTNFNjREMkM5NEI0NA==</productImage>
    <bullet1>Replacement tall center cap for Yamaha Wolverine/Viking models</bullet1>
    <bullet2/>
    <bullet3/>
    <bullet4/>
    <bullet5/>
    <bullet6/>
    <bullet7/>
    <bullet8/>
    <bullet9/>
    <bullet10/>
    <bullet11/>
    <bullet12/>
    <bullet13/>
    <bullet14/>
    <bullet15/>
    <bullet16/>
    <bullet17/>
    <bullet18/>
    <bullet19/>
    <bullet20/>
    <bullet21/>
    <bullet22/>
    <bullet23/>
    <bullet24/>
    <vendorPriceUpdateDate>2021-11-10 00:00:00</vendorPriceUpdateDate>
  </part>
  <part>
    <partNumber>03190269</partNumber>
    <punctuatedPartNumber>0319-0269</punctuatedPartNumber>
    <partStatusDescription>STANDARD</partStatusDescription>
    <partDescription>Tire - Versa Trail ATR - Front/Rear - 27x9R12 - 6 Ply</partDescription>
    <unitOfMeasure>Each</unitOfMeasure>
    <brandName>CARLISLE TIRES</brandName>
    <supplierNumber>6P02681</supplierNumber>
    <specialInstructions/>
    <baseDealerPrice>187.00</baseDealerPrice>
    <yourDealerPrice>183.26</yourDealerPrice>
    <baseRetailPrice>267.95</baseRetailPrice>
    <originalRetailPrice>227.95</originalRetailPrice>
    <partImage>http://asset.lemansnet.com/z/LzYvRC9GLzZERjQyQ0IzLTExNTItNENCQy04MUQ5LUIxNzE1MTVGMDY4MQ==</partImage>
    <productId>0680996415</productId>
    <productName>Versa Trail ATR Tire</productName>
    <productImage>http://asset.lemansnet.com/z/LzYvRC9GLzZERjQyQ0IzLTExNTItNENCQy04MUQ5LUIxNzE1MTVGMDY4MQ==</productImage>
    <bullet1>Durable 6 ply rated construction and heavy nylon fabric carcass provides unequaled puncture resistance</bullet1>
    <bullet2>Super-deep rim guard designed to secure tire to rim on styled aftermarket wheels</bullet2>
    <bullet3>Tough tread rubber compound protects against cuts, chips and tread wear</bullet3>
    <bullet4>Non-directional tread pattern delivers a smooth ride on any terrain</bullet4>
    <bullet5>3/4" lug depth for maximum handling and traction control</bullet5>
    <bullet6>Introducing the Versa Trail ATR, the first Carlisle branded, all-purpose utility tire for side-by-sides and utility ATVs.</bullet6>
    <bullet7/>
    <bullet8/>
    <bullet9/>
    <bullet10/>
    <bullet11/>
    <bullet12/>
    <bullet13/>
    <bullet14/>
    <bullet15/>
    <bullet16/>
    <bullet17/>
    <bullet18/>
    <bullet19/>
    <bullet20/>
    <bullet21/>
    <bullet22/>
    <bullet23/>
    <bullet24/>
    <vendorPriceUpdateDate>2022-02-25 00:00:00</vendorPriceUpdateDate>
  </part>
  <part>
    <partNumber>03190270</partNumber>
    <punctuatedPartNumber>0319-0270</punctuatedPartNumber>
    <partStatusDescription>STANDARD</partStatusDescription>
    <partDescription>Tire - Versa Trail ATR - Front/Rear - 27x11R12 - 6 Ply</partDescription>
    <unitOfMeasure>Each</unitOfMeasure>
    <brandName>CARLISLE TIRES</brandName>
    <supplierNumber>6P02691</supplierNumber>
    <specialInstructions/>
    <baseDealerPrice>200.80</baseDealerPrice>
    <yourDealerPrice>196.78</yourDealerPrice>
    <baseRetailPrice>286.95</baseRetailPrice>
    <originalRetailPrice>268.95</originalRetailPrice>
    <partImage>http://asset.lemansnet.com/z/LzYvRC9GLzZERjQyQ0IzLTExNTItNENCQy04MUQ5LUIxNzE1MTVGMDY4MQ==</partImage>
    <productId>0680996415</productId>
    <productName>Versa Trail ATR Tire</productName>
    <productImage>http://asset.lemansnet.com/z/LzYvRC9GLzZERjQyQ0IzLTExNTItNENCQy04MUQ5LUIxNzE1MTVGMDY4MQ==</productImage>
    <bullet1>Durable 6 ply rated construction and heavy nylon fabric carcass provides unequaled puncture resistance</bullet1>
    <bullet2>Super-deep rim guard designed to secure tire to rim on styled aftermarket wheels</bullet2>
    <bullet3>Tough tread rubber compound protects against cuts, chips and tread wear</bullet3>
    <bullet4>Non-directional tread pattern delivers a smooth ride on any terrain</bullet4>
    <bullet5>3/4" lug depth for maximum handling and traction control</bullet5>
    <bullet6>Introducing the Versa Trail ATR, the first Carlisle branded, all-purpose utility tire for side-by-sides and utility ATVs.</bullet6>
    <bullet7/>
    <bullet8/>
    <bullet9/>
    <bullet10/>
    <bullet11/>
    <bullet12/>
    <bullet13/>
    <bullet14/>
    <bullet15/>
    <bullet16/>
    <bullet17/>
    <bullet18/>
    <bullet19/>
    <bullet20/>
    <bullet21/>
    <bullet22/>
    <bullet23/>
    <bullet24/>
    <vendorPriceUpdateDate>2022-02-25 00:00:00</vendorPriceUpdateDate>
  </part>
  <part>
    <partNumber>03190332</partNumber>
    <punctuatedPartNumber>0319-0332</punctuatedPartNumber>
    <partStatusDescription>STANDARD</partStatusDescription>
    <partDescription>Tire - Trail Wolf - Rear - 19x8-8 - 4 Ply</partDescription>
    <unitOfMeasure>Each</unitOfMeasure>
    <brandName>CARLISLE TIRES</brandName>
    <supplierNumber>5370386</supplierNumber>
    <specialInstructions/>
    <baseDealerPrice>80.60</baseDealerPrice>
    <yourDealerPrice>78.99</yourDealerPrice>
    <baseRetailPrice>115.95</baseRetailPrice>
    <originalRetailPrice>109.95</originalRetailPrice>
    <partImage>http://asset.lemansnet.com/z/LzAvRS8wLzBFMDVENDU5LTY3QkYtNDcwNS1BMDA0LTA5NzUxNjNEMDkyOQ==</partImage>
    <productId>1098505862</productId>
    <productName>Trail Wolf OEM Replacement ATV Tire</productName>
    <productImage>http://asset.lemansnet.com/z/LzAvRS8wLzBFMDVENDU5LTY3QkYtNDcwNS1BMDA0LTA5NzUxNjNEMDkyOQ==</productImage>
    <bullet1>Unique tread design gives an incredibly smooth ride regardless of trail conditions</bullet1>
    <bullet2>Harder rubber compound means better wear and longer replacement intervals</bullet2>
    <bullet3>The most puncture-proof trail tire on the market</bullet3>
    <bullet4>Features Carlisle's rim guard design</bullet4>
    <bullet5>OEM replacement tire</bullet5>
    <bullet6/>
    <bullet7/>
    <bullet8/>
    <bullet9/>
    <bullet10/>
    <bullet11/>
    <bullet12/>
    <bullet13/>
    <bullet14/>
    <bullet15/>
    <bullet16/>
    <bullet17/>
    <bullet18/>
    <bullet19/>
    <bullet20/>
    <bullet21/>
    <bullet22/>
    <bullet23/>
    <bullet24/>
    <vendorPriceUpdateDate>2022-02-24 00:00:00</vendorPriceUpdateDate>
  </part>
  <part>
    <partNumber>03190333</partNumber>
    <punctuatedPartNumber>0319-0333</punctuatedPartNumber>
    <partStatusDescription>STANDARD</partStatusDescription>
    <partDescription>Tire - Trail Wolf - Front - 22x7-10 - 4 Ply</partDescription>
    <unitOfMeasure>Each</unitOfMeasure>
    <brandName>CARLISLE TIRES</brandName>
    <supplierNumber>5370486</supplierNumber>
    <specialInstructions/>
    <baseDealerPrice>122.00</baseDealerPrice>
    <yourDealerPrice>119.56</yourDealerPrice>
    <baseRetailPrice>174.95</baseRetailPrice>
    <originalRetailPrice>165.95</originalRetailPrice>
    <partImage>http://asset.lemansnet.com/z/LzAvRS8wLzBFMDVENDU5LTY3QkYtNDcwNS1BMDA0LTA5NzUxNjNEMDkyOQ==</partImage>
    <productId>1098505862</productId>
    <productName>Trail Wolf OEM Replacement ATV Tire</productName>
    <productImage>http://asset.lemansnet.com/z/LzAvRS8wLzBFMDVENDU5LTY3QkYtNDcwNS1BMDA0LTA5NzUxNjNEMDkyOQ==</productImage>
    <bullet1>Unique tread design gives an incredibly smooth ride regardless of trail conditions</bullet1>
    <bullet2>Harder rubber compound means better wear and longer replacement intervals</bullet2>
    <bullet3>The most puncture-proof trail tire on the market</bullet3>
    <bullet4>Features Carlisle's rim guard design</bullet4>
    <bullet5>OEM replacement tire</bullet5>
    <bullet6/>
    <bullet7/>
    <bullet8/>
    <bullet9/>
    <bullet10/>
    <bullet11/>
    <bullet12/>
    <bullet13/>
    <bullet14/>
    <bullet15/>
    <bullet16/>
    <bullet17/>
    <bullet18/>
    <bullet19/>
    <bullet20/>
    <bullet21/>
    <bullet22/>
    <bullet23/>
    <bullet24/>
    <vendorPriceUpdateDate>2022-02-24 00:00:00</vendorPriceUpdateDate>
  </part>
  <part>
    <partNumber>03190335</partNumber>
    <punctuatedPartNumber>0319-0335</punctuatedPartNumber>
    <partStatusDescription>STANDARD</partStatusDescription>
    <partDescription>Tire - Trail Wolf - Rear - 25x12-9 - 4 Ply</partDescription>
    <unitOfMeasure>Each</unitOfMeasure>
    <brandName>CARLISLE TIRES</brandName>
    <supplierNumber>5370826</supplierNumber>
    <specialInstructions/>
    <baseDealerPrice>161.40</baseDealerPrice>
    <yourDealerPrice>158.17</yourDealerPrice>
    <baseRetailPrice>230.95</baseRetailPrice>
    <originalRetailPrice>219.95</originalRetailPrice>
    <partImage>http://asset.lemansnet.com/z/LzAvRS8wLzBFMDVENDU5LTY3QkYtNDcwNS1BMDA0LTA5NzUxNjNEMDkyOQ==</partImage>
    <productId>1098505862</productId>
    <productName>Trail Wolf OEM Replacement ATV Tire</productName>
    <productImage>http://asset.lemansnet.com/z/LzAvRS8wLzBFMDVENDU5LTY3QkYtNDcwNS1BMDA0LTA5NzUxNjNEMDkyOQ==</productImage>
    <bullet1>Unique tread design gives an incredibly smooth ride regardless of trail conditions</bullet1>
    <bullet2>Harder rubber compound means better wear and longer replacement intervals</bullet2>
    <bullet3>The most puncture-proof trail tire on the market</bullet3>
    <bullet4>Features Carlisle's rim guard design</bullet4>
    <bullet5>OEM replacement tire</bullet5>
    <bullet6/>
    <bullet7/>
    <bullet8/>
    <bullet9/>
    <bullet10/>
    <bullet11/>
    <bullet12/>
    <bullet13/>
    <bullet14/>
    <bullet15/>
    <bullet16/>
    <bullet17/>
    <bullet18/>
    <bullet19/>
    <bullet20/>
    <bullet21/>
    <bullet22/>
    <bullet23/>
    <bullet24/>
    <vendorPriceUpdateDate>2022-02-24 00:00:00</vendorPriceUpdateDate>
  </part>
  <part>
    <partNumber>03190337</partNumber>
    <punctuatedPartNumber>0319-0337</punctuatedPartNumber>
    <partStatusDescription>STANDARD</partStatusDescription>
    <partDescription>Tire - AT489 - Rear - 22x11-10 - 4 Ply</partDescription>
    <unitOfMeasure>Each</unitOfMeasure>
    <brandName>CARLISLE TIRES</brandName>
    <supplierNumber>5893H5</supplierNumber>
    <specialInstructions/>
    <baseDealerPrice>142.50</baseDealerPrice>
    <yourDealerPrice>139.65</yourDealerPrice>
    <baseRetailPrice>203.95</baseRetailPrice>
    <originalRetailPrice>203.95</originalRetailPrice>
    <partImage>http://asset.lemansnet.com/z/LzcvRC81LzdENTM3ODJELTRCOTItNDM5RC1CQ0RBLUYxMUQ0OERENUQzRA==</partImage>
    <productId>0494435060</productId>
    <productName>AT489 Tire</productName>
    <productImage>http://asset.lemansnet.com/z/LzcvRC81LzdENTM3ODJELTRCOTItNDM5RC1CQ0RBLUYxMUQ0OERENUQzRA==</productImage>
    <bullet1>Combines high traction, good shock absorption and excellent stability</bullet1>
    <bullet2/>
    <bullet3/>
    <bullet4/>
    <bullet5/>
    <bullet6/>
    <bullet7/>
    <bullet8/>
    <bullet9/>
    <bullet10/>
    <bullet11/>
    <bullet12/>
    <bullet13/>
    <bullet14/>
    <bullet15/>
    <bullet16/>
    <bullet17/>
    <bullet18/>
    <bullet19/>
    <bullet20/>
    <bullet21/>
    <bullet22/>
    <bullet23/>
    <bullet24/>
    <vendorPriceUpdateDate>2022-02-24 00:00:00</vendorPriceUpdateDate>
  </part>
  <part>
    <partNumber>03190338</partNumber>
    <punctuatedPartNumber>0319-0338</punctuatedPartNumber>
    <partStatusDescription>STANDARD</partStatusDescription>
    <partDescription>Tire - AT489 - Front - 24x8-12 - 4 Ply</partDescription>
    <unitOfMeasure>Each</unitOfMeasure>
    <brandName>CARLISLE TIRES</brandName>
    <supplierNumber>6P0819</supplierNumber>
    <specialInstructions/>
    <baseDealerPrice>137.80</baseDealerPrice>
    <yourDealerPrice>135.04</yourDealerPrice>
    <baseRetailPrice>196.95</baseRetailPrice>
    <originalRetailPrice>206.95</originalRetailPrice>
    <partImage>http://asset.lemansnet.com/z/LzcvRC81LzdENTM3ODJELTRCOTItNDM5RC1CQ0RBLUYxMUQ0OERENUQzRA==</partImage>
    <productId>0494435060</productId>
    <productName>AT489 Tire</productName>
    <productImage>http://asset.lemansnet.com/z/LzcvRC81LzdENTM3ODJELTRCOTItNDM5RC1CQ0RBLUYxMUQ0OERENUQzRA==</productImage>
    <bullet1>Combines high traction, good shock absorption and excellent stability</bullet1>
    <bullet2/>
    <bullet3/>
    <bullet4/>
    <bullet5/>
    <bullet6/>
    <bullet7/>
    <bullet8/>
    <bullet9/>
    <bullet10/>
    <bullet11/>
    <bullet12/>
    <bullet13/>
    <bullet14/>
    <bullet15/>
    <bullet16/>
    <bullet17/>
    <bullet18/>
    <bullet19/>
    <bullet20/>
    <bullet21/>
    <bullet22/>
    <bullet23/>
    <bullet24/>
    <vendorPriceUpdateDate>2022-02-24 00:00:00</vendorPriceUpdateDate>
  </part>
  <part>
    <partNumber>03190339</partNumber>
    <punctuatedPartNumber>0319-0339</punctuatedPartNumber>
    <partStatusDescription>STANDARD</partStatusDescription>
    <partDescription>Tire - Versa Trail ATR - Front/Rear - 25x8R12 - 6 Ply</partDescription>
    <unitOfMeasure>Each</unitOfMeasure>
    <brandName>CARLISLE TIRES</brandName>
    <supplierNumber>6P1270</supplierNumber>
    <specialInstructions/>
    <baseDealerPrice>144.10</baseDealerPrice>
    <yourDealerPrice>141.22</yourDealerPrice>
    <baseRetailPrice>205.95</baseRetailPrice>
    <originalRetailPrice>206.95</originalRetailPrice>
    <partImage>http://asset.lemansnet.com/z/LzYvRC9GLzZERjQyQ0IzLTExNTItNENCQy04MUQ5LUIxNzE1MTVGMDY4MQ==</partImage>
    <productId>0680996415</productId>
    <productName>Versa Trail ATR Tire</productName>
    <productImage>http://asset.lemansnet.com/z/LzYvRC9GLzZERjQyQ0IzLTExNTItNENCQy04MUQ5LUIxNzE1MTVGMDY4MQ==</productImage>
    <bullet1>Durable 6 ply rated construction and heavy nylon fabric carcass provides unequaled puncture resistance</bullet1>
    <bullet2>Super-deep rim guard designed to secure tire to rim on styled aftermarket wheels</bullet2>
    <bullet3>Tough tread rubber compound protects against cuts, chips and tread wear</bullet3>
    <bullet4>Non-directional tread pattern delivers a smooth ride on any terrain</bullet4>
    <bullet5>3/4" lug depth for maximum handling and traction control</bullet5>
    <bullet6>Introducing the Versa Trail ATR, the first Carlisle branded, all-purpose utility tire for side-by-sides and utility ATVs.</bullet6>
    <bullet7/>
    <bullet8/>
    <bullet9/>
    <bullet10/>
    <bullet11/>
    <bullet12/>
    <bullet13/>
    <bullet14/>
    <bullet15/>
    <bullet16/>
    <bullet17/>
    <bullet18/>
    <bullet19/>
    <bullet20/>
    <bullet21/>
    <bullet22/>
    <bullet23/>
    <bullet24/>
    <vendorPriceUpdateDate>2022-02-24 00:00:00</vendorPriceUpdateDate>
  </part>
  <part>
    <partNumber>03190340</partNumber>
    <punctuatedPartNumber>0319-0340</punctuatedPartNumber>
    <partStatusDescription>STANDARD</partStatusDescription>
    <partDescription>Tire - Versa Trail ATR - Front/Rear - 25x10R12 - 6 Ply</partDescription>
    <unitOfMeasure>Each</unitOfMeasure>
    <brandName>CARLISLE TIRES</brandName>
    <supplierNumber>6P1271</supplierNumber>
    <specialInstructions/>
    <baseDealerPrice>175.80</baseDealerPrice>
    <yourDealerPrice>172.28</yourDealerPrice>
    <baseRetailPrice>251.95</baseRetailPrice>
    <originalRetailPrice>229.95</originalRetailPrice>
    <partImage>http://asset.lemansnet.com/z/LzYvRC9GLzZERjQyQ0IzLTExNTItNENCQy04MUQ5LUIxNzE1MTVGMDY4MQ==</partImage>
    <productId>0680996415</productId>
    <productName>Versa Trail ATR Tire</productName>
    <productImage>http://asset.lemansnet.com/z/LzYvRC9GLzZERjQyQ0IzLTExNTItNENCQy04MUQ5LUIxNzE1MTVGMDY4MQ==</productImage>
    <bullet1>Durable 6 ply rated construction and heavy nylon fabric carcass provides unequaled puncture resistance</bullet1>
    <bullet2>Super-deep rim guard designed to secure tire to rim on styled aftermarket wheels</bullet2>
    <bullet3>Tough tread rubber compound protects against cuts, chips and tread wear</bullet3>
    <bullet4>Non-directional tread pattern delivers a smooth ride on any terrain</bullet4>
    <bullet5>3/4" lug depth for maximum handling and traction control</bullet5>
    <bullet6>Introducing the Versa Trail ATR, the first Carlisle branded, all-purpose utility tire for side-by-sides and utility ATVs.</bullet6>
    <bullet7/>
    <bullet8/>
    <bullet9/>
    <bullet10/>
    <bullet11/>
    <bullet12/>
    <bullet13/>
    <bullet14/>
    <bullet15/>
    <bullet16/>
    <bullet17/>
    <bullet18/>
    <bullet19/>
    <bullet20/>
    <bullet21/>
    <bullet22/>
    <bullet23/>
    <bullet24/>
    <vendorPriceUpdateDate>2022-02-24 00:00:00</vendorPriceUpdateDate>
  </part>
  <part>
    <partNumber>03190341</partNumber>
    <punctuatedPartNumber>0319-0341</punctuatedPartNumber>
    <partStatusDescription>STANDARD</partStatusDescription>
    <partDescription>Tire - Versa Trail ATR - Front/Rear - 26x9R12 - 6 Ply</partDescription>
    <unitOfMeasure>Each</unitOfMeasure>
    <brandName>CARLISLE TIRES</brandName>
    <supplierNumber>6P1272</supplierNumber>
    <specialInstructions/>
    <baseDealerPrice>157.10</baseDealerPrice>
    <yourDealerPrice>153.96</yourDealerPrice>
    <baseRetailPrice>224.95</baseRetailPrice>
    <originalRetailPrice>225.95</originalRetailPrice>
    <partImage>http://asset.lemansnet.com/z/LzYvRC9GLzZERjQyQ0IzLTExNTItNENCQy04MUQ5LUIxNzE1MTVGMDY4MQ==</partImage>
    <productId>0680996415</productId>
    <productName>Versa Trail ATR Tire</productName>
    <productImage>http://asset.lemansnet.com/z/LzYvRC9GLzZERjQyQ0IzLTExNTItNENCQy04MUQ5LUIxNzE1MTVGMDY4MQ==</productImage>
    <bullet1>Durable 6 ply rated construction and heavy nylon fabric carcass provides unequaled puncture resistance</bullet1>
    <bullet2>Super-deep rim guard designed to secure tire to rim on styled aftermarket wheels</bullet2>
    <bullet3>Tough tread rubber compound protects against cuts, chips and tread wear</bullet3>
    <bullet4>Non-directional tread pattern delivers a smooth ride on any terrain</bullet4>
    <bullet5>3/4" lug depth for maximum handling and traction control</bullet5>
    <bullet6>Introducing the Versa Trail ATR, the first Carlisle branded, all-purpose utility tire for side-by-sides and utility ATVs.</bullet6>
    <bullet7/>
    <bullet8/>
    <bullet9/>
    <bullet10/>
    <bullet11/>
    <bullet12/>
    <bullet13/>
    <bullet14/>
    <bullet15/>
    <bullet16/>
    <bullet17/>
    <bullet18/>
    <bullet19/>
    <bullet20/>
    <bullet21/>
    <bullet22/>
    <bullet23/>
    <bullet24/>
    <vendorPriceUpdateDate>2022-02-24 00:00:00</vendorPriceUpdateDate>
  </part>
  <part>
    <partNumber>03190342</partNumber>
    <punctuatedPartNumber>0319-0342</punctuatedPartNumber>
    <partStatusDescription>STANDARD</partStatusDescription>
    <partDescription>Tire - Versa Trail ATR - Front/Rear - 26x11R12 - 6 Ply</partDescription>
    <unitOfMeasure>Each</unitOfMeasure>
    <brandName>CARLISLE TIRES</brandName>
    <supplierNumber>6P1273</supplierNumber>
    <specialInstructions/>
    <baseDealerPrice>193.20</baseDealerPrice>
    <yourDealerPrice>189.34</yourDealerPrice>
    <baseRetailPrice>275.95</baseRetailPrice>
    <originalRetailPrice>252.95</originalRetailPrice>
    <partImage>http://asset.lemansnet.com/z/LzYvRC9GLzZERjQyQ0IzLTExNTItNENCQy04MUQ5LUIxNzE1MTVGMDY4MQ==</partImage>
    <productId>0680996415</productId>
    <productName>Versa Trail ATR Tire</productName>
    <productImage>http://asset.lemansnet.com/z/LzYvRC9GLzZERjQyQ0IzLTExNTItNENCQy04MUQ5LUIxNzE1MTVGMDY4MQ==</productImage>
    <bullet1>Durable 6 ply rated construction and heavy nylon fabric carcass provides unequaled puncture resistance</bullet1>
    <bullet2>Super-deep rim guard designed to secure tire to rim on styled aftermarket wheels</bullet2>
    <bullet3>Tough tread rubber compound protects against cuts, chips and tread wear</bullet3>
    <bullet4>Non-directional tread pattern delivers a smooth ride on any terrain</bullet4>
    <bullet5>3/4" lug depth for maximum handling and traction control</bullet5>
    <bullet6>Introducing the Versa Trail ATR, the first Carlisle branded, all-purpose utility tire for side-by-sides and utility ATVs.</bullet6>
    <bullet7/>
    <bullet8/>
    <bullet9/>
    <bullet10/>
    <bullet11/>
    <bullet12/>
    <bullet13/>
    <bullet14/>
    <bullet15/>
    <bullet16/>
    <bullet17/>
    <bullet18/>
    <bullet19/>
    <bullet20/>
    <bullet21/>
    <bullet22/>
    <bullet23/>
    <bullet24/>
    <vendorPriceUpdateDate>2022-02-24 00:00:00</vendorPriceUpdateDate>
  </part>
  <part>
    <partNumber>03190343</partNumber>
    <punctuatedPartNumber>0319-0343</punctuatedPartNumber>
    <partStatusDescription>STANDARD</partStatusDescription>
    <partDescription>Tire - Versa Trail ATR - Front/Rear - 27x9R14 - 6 Ply</partDescription>
    <unitOfMeasure>Each</unitOfMeasure>
    <brandName>CARLISLE TIRES</brandName>
    <supplierNumber>6P1274</supplierNumber>
    <specialInstructions/>
    <baseDealerPrice>154.80</baseDealerPrice>
    <yourDealerPrice>151.70</yourDealerPrice>
    <baseRetailPrice>221.95</baseRetailPrice>
    <originalRetailPrice>222.95</originalRetailPrice>
    <partImage>http://asset.lemansnet.com/z/LzYvRC9GLzZERjQyQ0IzLTExNTItNENCQy04MUQ5LUIxNzE1MTVGMDY4MQ==</partImage>
    <productId>0680996415</productId>
    <productName>Versa Trail ATR Tire</productName>
    <productImage>http://asset.lemansnet.com/z/LzYvRC9GLzZERjQyQ0IzLTExNTItNENCQy04MUQ5LUIxNzE1MTVGMDY4MQ==</productImage>
    <bullet1>Durable 6 ply rated construction and heavy nylon fabric carcass provides unequaled puncture resistance</bullet1>
    <bullet2>Super-deep rim guard designed to secure tire to rim on styled aftermarket wheels</bullet2>
    <bullet3>Tough tread rubber compound protects against cuts, chips and tread wear</bullet3>
    <bullet4>Non-directional tread pattern delivers a smooth ride on any terrain</bullet4>
    <bullet5>3/4" lug depth for maximum handling and traction control</bullet5>
    <bullet6>Introducing the Versa Trail ATR, the first Carlisle branded, all-purpose utility tire for side-by-sides and utility ATVs.</bullet6>
    <bullet7/>
    <bullet8/>
    <bullet9/>
    <bullet10/>
    <bullet11/>
    <bullet12/>
    <bullet13/>
    <bullet14/>
    <bullet15/>
    <bullet16/>
    <bullet17/>
    <bullet18/>
    <bullet19/>
    <bullet20/>
    <bullet21/>
    <bullet22/>
    <bullet23/>
    <bullet24/>
    <vendorPriceUpdateDate>2022-02-24 00:00:00</vendorPriceUpdateDate>
  </part>
  <part>
    <partNumber>03190344</partNumber>
    <punctuatedPartNumber>0319-0344</punctuatedPartNumber>
    <partStatusDescription>STANDARD</partStatusDescription>
    <partDescription>Tire - Versa Trail ATR - Front/Rear - 27x11R14 - 6 Ply</partDescription>
    <unitOfMeasure>Each</unitOfMeasure>
    <brandName>CARLISLE TIRES</brandName>
    <supplierNumber>6P1275</supplierNumber>
    <specialInstructions/>
    <baseDealerPrice>187.10</baseDealerPrice>
    <yourDealerPrice>183.36</yourDealerPrice>
    <baseRetailPrice>267.95</baseRetailPrice>
    <originalRetailPrice>268.95</originalRetailPrice>
    <partImage>http://asset.lemansnet.com/z/LzYvRC9GLzZERjQyQ0IzLTExNTItNENCQy04MUQ5LUIxNzE1MTVGMDY4MQ==</partImage>
    <productId>0680996415</productId>
    <productName>Versa Trail ATR Tire</productName>
    <productImage>http://asset.lemansnet.com/z/LzYvRC9GLzZERjQyQ0IzLTExNTItNENCQy04MUQ5LUIxNzE1MTVGMDY4MQ==</productImage>
    <bullet1>Durable 6 ply rated construction and heavy nylon fabric carcass provides unequaled puncture resistance</bullet1>
    <bullet2>Super-deep rim guard designed to secure tire to rim on styled aftermarket wheels</bullet2>
    <bullet3>Tough tread rubber compound protects against cuts, chips and tread wear</bullet3>
    <bullet4>Non-directional tread pattern delivers a smooth ride on any terrain</bullet4>
    <bullet5>3/4" lug depth for maximum handling and traction control</bullet5>
    <bullet6>Introducing the Versa Trail ATR, the first Carlisle branded, all-purpose utility tire for side-by-sides and utility ATVs.</bullet6>
    <bullet7/>
    <bullet8/>
    <bullet9/>
    <bullet10/>
    <bullet11/>
    <bullet12/>
    <bullet13/>
    <bullet14/>
    <bullet15/>
    <bullet16/>
    <bullet17/>
    <bullet18/>
    <bullet19/>
    <bullet20/>
    <bullet21/>
    <bullet22/>
    <bullet23/>
    <bullet24/>
    <vendorPriceUpdateDate>2022-02-24 00:00:00</vendorPriceUpdateDate>
  </part>
  <part>
    <partNumber>03190039</partNumber>
    <punctuatedPartNumber>0319-0039</punctuatedPartNumber>
    <partStatusDescription>STANDARD</partStatusDescription>
    <partDescription>Tire - All Trail - Front/Rear - 25x8-12 - 4 Ply</partDescription>
    <unitOfMeasure>Each</unitOfMeasure>
    <brandName>CARLISLE TIRES</brandName>
    <supplierNumber>511507</supplierNumber>
    <specialInstructions/>
    <baseDealerPrice>150.20</baseDealerPrice>
    <yourDealerPrice>147.20</yourDealerPrice>
    <baseRetailPrice>214.95</baseRetailPrice>
    <originalRetailPrice>199.95</originalRetailPrice>
    <partImage>http://asset.lemansnet.com/z/L0EvRC8yL0FEMjFCMjc4LThBREUtNEIzNi1BMkYzLTREMENDMzM5OTBFNw==</partImage>
    <productId>1175230325</productId>
    <productName>All Trail Tire</productName>
    <productImage>http://asset.lemansnet.com/z/L0EvRC8yL0FEMjFCMjc4LThBREUtNEIzNi1BMkYzLTREMENDMzM5OTBFNw==</productImage>
    <bullet1>The industry's first purposely built hard-surface application tire</bullet1>
    <bullet2>Perfect for lawn, turf and parking lot security applications</bullet2>
    <bullet3>For hard surface and trail</bullet3>
    <bullet4/>
    <bullet5/>
    <bullet6/>
    <bullet7/>
    <bullet8/>
    <bullet9/>
    <bullet10/>
    <bullet11/>
    <bullet12/>
    <bullet13/>
    <bullet14/>
    <bullet15/>
    <bullet16/>
    <bullet17/>
    <bullet18/>
    <bullet19/>
    <bullet20/>
    <bullet21/>
    <bullet22/>
    <bullet23/>
    <bullet24/>
    <vendorPriceUpdateDate>2022-02-25 00:00:00</vendorPriceUpdateDate>
  </part>
  <part>
    <partNumber>03190040</partNumber>
    <punctuatedPartNumber>0319-0040</punctuatedPartNumber>
    <partStatusDescription>STANDARD</partStatusDescription>
    <partDescription>Tire - All Trail - Rear - 25x10.5-12 - 4 Ply</partDescription>
    <unitOfMeasure>Each</unitOfMeasure>
    <brandName>CARLISLE TIRES</brandName>
    <supplierNumber>511508</supplierNumber>
    <specialInstructions/>
    <baseDealerPrice>174.10</baseDealerPrice>
    <yourDealerPrice>170.62</yourDealerPrice>
    <baseRetailPrice>248.95</baseRetailPrice>
    <originalRetailPrice>230.95</originalRetailPrice>
    <partImage>http://asset.lemansnet.com/z/L0EvRC8yL0FEMjFCMjc4LThBREUtNEIzNi1BMkYzLTREMENDMzM5OTBFNw==</partImage>
    <productId>1175230325</productId>
    <productName>All Trail Tire</productName>
    <productImage>http://asset.lemansnet.com/z/L0EvRC8yL0FEMjFCMjc4LThBREUtNEIzNi1BMkYzLTREMENDMzM5OTBFNw==</productImage>
    <bullet1>The industry's first purposely built hard-surface application tire</bullet1>
    <bullet2>Perfect for lawn, turf and parking lot security applications</bullet2>
    <bullet3>For hard surface and trail</bullet3>
    <bullet4/>
    <bullet5/>
    <bullet6/>
    <bullet7/>
    <bullet8/>
    <bullet9/>
    <bullet10/>
    <bullet11/>
    <bullet12/>
    <bullet13/>
    <bullet14/>
    <bullet15/>
    <bullet16/>
    <bullet17/>
    <bullet18/>
    <bullet19/>
    <bullet20/>
    <bullet21/>
    <bullet22/>
    <bullet23/>
    <bullet24/>
    <vendorPriceUpdateDate>2022-02-25 00:00:00</vendorPriceUpdateDate>
  </part>
  <part>
    <partNumber>03190068</partNumber>
    <punctuatedPartNumber>0319-0068</punctuatedPartNumber>
    <partStatusDescription>STANDARD</partStatusDescription>
    <partDescription>Tire - All Trail - Front/Rear - 22x11-10 - 4 Ply</partDescription>
    <unitOfMeasure>Each</unitOfMeasure>
    <brandName>CARLISLE TIRES</brandName>
    <supplierNumber>5100161</supplierNumber>
    <specialInstructions/>
    <baseDealerPrice>146.80</baseDealerPrice>
    <yourDealerPrice>143.86</yourDealerPrice>
    <baseRetailPrice>209.95</baseRetailPrice>
    <originalRetailPrice>185.95</originalRetailPrice>
    <partImage>http://asset.lemansnet.com/z/L0EvRC8yL0FEMjFCMjc4LThBREUtNEIzNi1BMkYzLTREMENDMzM5OTBFNw==</partImage>
    <productId>1175230325</productId>
    <productName>All Trail Tire</productName>
    <productImage>http://asset.lemansnet.com/z/L0EvRC8yL0FEMjFCMjc4LThBREUtNEIzNi1BMkYzLTREMENDMzM5OTBFNw==</productImage>
    <bullet1>The industry's first purposely built hard-surface application tire</bullet1>
    <bullet2>Perfect for lawn, turf and parking lot security applications</bullet2>
    <bullet3>For hard surface and trail</bullet3>
    <bullet4/>
    <bullet5/>
    <bullet6/>
    <bullet7/>
    <bullet8/>
    <bullet9/>
    <bullet10/>
    <bullet11/>
    <bullet12/>
    <bullet13/>
    <bullet14/>
    <bullet15/>
    <bullet16/>
    <bullet17/>
    <bullet18/>
    <bullet19/>
    <bullet20/>
    <bullet21/>
    <bullet22/>
    <bullet23/>
    <bullet24/>
    <vendorPriceUpdateDate>2022-02-25 00:00:00</vendorPriceUpdateDate>
  </part>
  <part>
    <partNumber>03190069</partNumber>
    <punctuatedPartNumber>0319-0069</punctuatedPartNumber>
    <partStatusDescription>STANDARD</partStatusDescription>
    <partDescription>Tire - All Trail - Front/Rear - 23x10.5-12 - 4 Ply</partDescription>
    <unitOfMeasure>Each</unitOfMeasure>
    <brandName>CARLISLE TIRES</brandName>
    <supplierNumber>511505</supplierNumber>
    <specialInstructions/>
    <baseDealerPrice>165.80</baseDealerPrice>
    <yourDealerPrice>162.48</yourDealerPrice>
    <baseRetailPrice>236.95</baseRetailPrice>
    <originalRetailPrice>208.95</originalRetailPrice>
    <partImage>http://asset.lemansnet.com/z/L0EvRC8yL0FEMjFCMjc4LThBREUtNEIzNi1BMkYzLTREMENDMzM5OTBFNw==</partImage>
    <productId>1175230325</productId>
    <productName>All Trail Tire</productName>
    <productImage>http://asset.lemansnet.com/z/L0EvRC8yL0FEMjFCMjc4LThBREUtNEIzNi1BMkYzLTREMENDMzM5OTBFNw==</productImage>
    <bullet1>The industry's first purposely built hard-surface application tire</bullet1>
    <bullet2>Perfect for lawn, turf and parking lot security applications</bullet2>
    <bullet3>For hard surface and trail</bullet3>
    <bullet4/>
    <bullet5/>
    <bullet6/>
    <bullet7/>
    <bullet8/>
    <bullet9/>
    <bullet10/>
    <bullet11/>
    <bullet12/>
    <bullet13/>
    <bullet14/>
    <bullet15/>
    <bullet16/>
    <bullet17/>
    <bullet18/>
    <bullet19/>
    <bullet20/>
    <bullet21/>
    <bullet22/>
    <bullet23/>
    <bullet24/>
    <vendorPriceUpdateDate>2022-02-25 00:00:00</vendorPriceUpdateDate>
  </part>
  <part>
    <partNumber>03190157</partNumber>
    <punctuatedPartNumber>0319-0157</punctuatedPartNumber>
    <partStatusDescription>STANDARD</partStatusDescription>
    <partDescription>Tire - All Trail II - Front/Rear - 25x9-12 - 4 Ply</partDescription>
    <unitOfMeasure>Each</unitOfMeasure>
    <brandName>CARLISLE TIRES</brandName>
    <supplierNumber>560443</supplierNumber>
    <specialInstructions>Actually All Trail 2</specialInstructions>
    <baseDealerPrice>176.00</baseDealerPrice>
    <yourDealerPrice>172.48</yourDealerPrice>
    <baseRetailPrice>251.95</baseRetailPrice>
    <originalRetailPrice>233.95</originalRetailPrice>
    <partImage>http://asset.lemansnet.com/z/L0IvRi9FL0JGRTAxNzNCLUM3OEQtNERBNS05M0NGLTU4NjY2NkY4RDYxQg==</partImage>
    <productId>0575144696</productId>
    <productName>All Trail II Tire</productName>
    <productImage>http://asset.lemansnet.com/z/L0IvRi9FL0JGRTAxNzNCLUM3OEQtNERBNS05M0NGLTU4NjY2NkY4RDYxQg==</productImage>
    <bullet1>Specially formulated compound for extended tire life and responsive handling</bullet1>
    <bullet2>Suitable for various hard surface conditions, from pavement to hard-packed soil</bullet2>
    <bullet3>Low, wide profile reduces soft wallowing chassis roll</bullet3>
    <bullet4>Tightly grooved tread design for enhanced stability</bullet4>
    <bullet5>Made in the USA</bullet5>
    <bullet6/>
    <bullet7/>
    <bullet8/>
    <bullet9/>
    <bullet10/>
    <bullet11/>
    <bullet12/>
    <bullet13/>
    <bullet14/>
    <bullet15/>
    <bullet16/>
    <bullet17/>
    <bullet18/>
    <bullet19/>
    <bullet20/>
    <bullet21/>
    <bullet22/>
    <bullet23/>
    <bullet24/>
    <vendorPriceUpdateDate>2022-02-25 00:00:00</vendorPriceUpdateDate>
  </part>
  <part>
    <partNumber>03190220</partNumber>
    <punctuatedPartNumber>0319-0220</punctuatedPartNumber>
    <partStatusDescription>STANDARD</partStatusDescription>
    <partDescription>Tire - All Trail - Front/Rear - 23x11-10 - 4 Ply</partDescription>
    <unitOfMeasure>Each</unitOfMeasure>
    <brandName>CARLISLE TIRES</brandName>
    <supplierNumber>6P0058</supplierNumber>
    <specialInstructions/>
    <baseDealerPrice>128.20</baseDealerPrice>
    <yourDealerPrice>125.64</yourDealerPrice>
    <baseRetailPrice>197.95</baseRetailPrice>
    <originalRetailPrice>169.95</originalRetailPrice>
    <partImage>http://asset.lemansnet.com/z/L0EvRC8yL0FEMjFCMjc4LThBREUtNEIzNi1BMkYzLTREMENDMzM5OTBFNw==</partImage>
    <productId>1175230325</productId>
    <productName>All Trail Tire</productName>
    <productImage>http://asset.lemansnet.com/z/L0EvRC8yL0FEMjFCMjc4LThBREUtNEIzNi1BMkYzLTREMENDMzM5OTBFNw==</productImage>
    <bullet1>The industry's first purposely built hard-surface application tire</bullet1>
    <bullet2>Perfect for lawn, turf and parking lot security applications</bullet2>
    <bullet3>For hard surface and trail</bullet3>
    <bullet4/>
    <bullet5/>
    <bullet6/>
    <bullet7/>
    <bullet8/>
    <bullet9/>
    <bullet10/>
    <bullet11/>
    <bullet12/>
    <bullet13/>
    <bullet14/>
    <bullet15/>
    <bullet16/>
    <bullet17/>
    <bullet18/>
    <bullet19/>
    <bullet20/>
    <bullet21/>
    <bullet22/>
    <bullet23/>
    <bullet24/>
    <vendorPriceUpdateDate>2022-02-25 00:00:00</vendorPriceUpdateDate>
  </part>
  <part>
    <partNumber>48901</partNumber>
    <punctuatedPartNumber>489-01</punctuatedPartNumber>
    <partStatusDescription>STANDARD</partStatusDescription>
    <partDescription>Tire - AT489 - Front - 23x7-10 - 2 Ply</partDescription>
    <unitOfMeasure>Each</unitOfMeasure>
    <brandName>CARLISLE TIRES</brandName>
    <supplierNumber>5893M0</supplierNumber>
    <specialInstructions/>
    <baseDealerPrice>135.70</baseDealerPrice>
    <yourDealerPrice>132.99</yourDealerPrice>
    <baseRetailPrice>193.95</baseRetailPrice>
    <originalRetailPrice>171.95</originalRetailPrice>
    <partImage>http://asset.lemansnet.com/z/LzcvRC81LzdENTM3ODJELTRCOTItNDM5RC1CQ0RBLUYxMUQ0OERENUQzRA==</partImage>
    <productId>0494435060</productId>
    <productName>AT489 Tire</productName>
    <productImage>http://asset.lemansnet.com/z/LzcvRC81LzdENTM3ODJELTRCOTItNDM5RC1CQ0RBLUYxMUQ0OERENUQzRA==</productImage>
    <bullet1>Combines high traction, good shock absorption and excellent stability</bullet1>
    <bullet2/>
    <bullet3/>
    <bullet4/>
    <bullet5/>
    <bullet6/>
    <bullet7/>
    <bullet8/>
    <bullet9/>
    <bullet10/>
    <bullet11/>
    <bullet12/>
    <bullet13/>
    <bullet14/>
    <bullet15/>
    <bullet16/>
    <bullet17/>
    <bullet18/>
    <bullet19/>
    <bullet20/>
    <bullet21/>
    <bullet22/>
    <bullet23/>
    <bullet24/>
    <vendorPriceUpdateDate>2022-02-25 00:00:00</vendorPriceUpdateDate>
  </part>
  <part>
    <partNumber>48904</partNumber>
    <punctuatedPartNumber>489-04</punctuatedPartNumber>
    <partStatusDescription>STANDARD</partStatusDescription>
    <partDescription>Tire - AT489 - Front - 24x11-10 - 3 Ply</partDescription>
    <unitOfMeasure>Each</unitOfMeasure>
    <brandName>CARLISLE TIRES</brandName>
    <supplierNumber>589305</supplierNumber>
    <specialInstructions/>
    <baseDealerPrice>150.80</baseDealerPrice>
    <yourDealerPrice>147.78</yourDealerPrice>
    <baseRetailPrice>215.95</baseRetailPrice>
    <originalRetailPrice>209.95</originalRetailPrice>
    <partImage>http://asset.lemansnet.com/z/LzcvRC81LzdENTM3ODJELTRCOTItNDM5RC1CQ0RBLUYxMUQ0OERENUQzRA==</partImage>
    <productId>0494435060</productId>
    <productName>AT489 Tire</productName>
    <productImage>http://asset.lemansnet.com/z/LzcvRC81LzdENTM3ODJELTRCOTItNDM5RC1CQ0RBLUYxMUQ0OERENUQzRA==</productImage>
    <bullet1>Combines high traction, good shock absorption and excellent stability</bullet1>
    <bullet2/>
    <bullet3/>
    <bullet4/>
    <bullet5/>
    <bullet6/>
    <bullet7/>
    <bullet8/>
    <bullet9/>
    <bullet10/>
    <bullet11/>
    <bullet12/>
    <bullet13/>
    <bullet14/>
    <bullet15/>
    <bullet16/>
    <bullet17/>
    <bullet18/>
    <bullet19/>
    <bullet20/>
    <bullet21/>
    <bullet22/>
    <bullet23/>
    <bullet24/>
    <vendorPriceUpdateDate>2022-02-25 00:00:00</vendorPriceUpdateDate>
  </part>
  <part>
    <partNumber>48906</partNumber>
    <punctuatedPartNumber>489-06</punctuatedPartNumber>
    <partStatusDescription>STANDARD</partStatusDescription>
    <partDescription>Tire - AT489 - Front - 23x8-11 - 3 Ply</partDescription>
    <unitOfMeasure>Each</unitOfMeasure>
    <brandName>CARLISLE TIRES</brandName>
    <supplierNumber>589304</supplierNumber>
    <specialInstructions/>
    <baseDealerPrice>135.70</baseDealerPrice>
    <yourDealerPrice>132.99</yourDealerPrice>
    <baseRetailPrice>193.95</baseRetailPrice>
    <originalRetailPrice>171.95</originalRetailPrice>
    <partImage>http://asset.lemansnet.com/z/LzcvRC81LzdENTM3ODJELTRCOTItNDM5RC1CQ0RBLUYxMUQ0OERENUQzRA==</partImage>
    <productId>0494435060</productId>
    <productName>AT489 Tire</productName>
    <productImage>http://asset.lemansnet.com/z/LzcvRC81LzdENTM3ODJELTRCOTItNDM5RC1CQ0RBLUYxMUQ0OERENUQzRA==</productImage>
    <bullet1>Combines high traction, good shock absorption and excellent stability</bullet1>
    <bullet2/>
    <bullet3/>
    <bullet4/>
    <bullet5/>
    <bullet6/>
    <bullet7/>
    <bullet8/>
    <bullet9/>
    <bullet10/>
    <bullet11/>
    <bullet12/>
    <bullet13/>
    <bullet14/>
    <bullet15/>
    <bullet16/>
    <bullet17/>
    <bullet18/>
    <bullet19/>
    <bullet20/>
    <bullet21/>
    <bullet22/>
    <bullet23/>
    <bullet24/>
    <vendorPriceUpdateDate>2022-02-25 00:00:00</vendorPriceUpdateDate>
  </part>
  <part>
    <partNumber>48908</partNumber>
    <punctuatedPartNumber>489-08</punctuatedPartNumber>
    <partStatusDescription>STANDARD</partStatusDescription>
    <partDescription>Tire - AT489 - Rear - 24x9-11 - 3 Ply</partDescription>
    <unitOfMeasure>Each</unitOfMeasure>
    <brandName>CARLISLE TIRES</brandName>
    <supplierNumber>5893A9</supplierNumber>
    <specialInstructions/>
    <baseDealerPrice>139.50</baseDealerPrice>
    <yourDealerPrice>136.71</yourDealerPrice>
    <baseRetailPrice>198.95</baseRetailPrice>
    <originalRetailPrice>194.95</originalRetailPrice>
    <partImage>http://asset.lemansnet.com/z/LzcvRC81LzdENTM3ODJELTRCOTItNDM5RC1CQ0RBLUYxMUQ0OERENUQzRA==</partImage>
    <productId>0494435060</productId>
    <productName>AT489 Tire</productName>
    <productImage>http://asset.lemansnet.com/z/LzcvRC81LzdENTM3ODJELTRCOTItNDM5RC1CQ0RBLUYxMUQ0OERENUQzRA==</productImage>
    <bullet1>Combines high traction, good shock absorption and excellent stability</bullet1>
    <bullet2/>
    <bullet3/>
    <bullet4/>
    <bullet5/>
    <bullet6/>
    <bullet7/>
    <bullet8/>
    <bullet9/>
    <bullet10/>
    <bullet11/>
    <bullet12/>
    <bullet13/>
    <bullet14/>
    <bullet15/>
    <bullet16/>
    <bullet17/>
    <bullet18/>
    <bullet19/>
    <bullet20/>
    <bullet21/>
    <bullet22/>
    <bullet23/>
    <bullet24/>
    <vendorPriceUpdateDate>2022-02-25 00:00:00</vendorPriceUpdateDate>
  </part>
  <part>
    <partNumber>48909</partNumber>
    <punctuatedPartNumber>489-09</punctuatedPartNumber>
    <partStatusDescription>STANDARD</partStatusDescription>
    <partDescription>Tire - AT489 - Rear - 24x10-11 - 3 Ply</partDescription>
    <unitOfMeasure>Each</unitOfMeasure>
    <brandName>CARLISLE TIRES</brandName>
    <supplierNumber>589328</supplierNumber>
    <specialInstructions/>
    <baseDealerPrice>145.70</baseDealerPrice>
    <yourDealerPrice>142.79</yourDealerPrice>
    <baseRetailPrice>208.95</baseRetailPrice>
    <originalRetailPrice>202.95</originalRetailPrice>
    <partImage>http://asset.lemansnet.com/z/LzcvRC81LzdENTM3ODJELTRCOTItNDM5RC1CQ0RBLUYxMUQ0OERENUQzRA==</partImage>
    <productId>0494435060</productId>
    <productName>AT489 Tire</productName>
    <productImage>http://asset.lemansnet.com/z/LzcvRC81LzdENTM3ODJELTRCOTItNDM5RC1CQ0RBLUYxMUQ0OERENUQzRA==</productImage>
    <bullet1>Combines high traction, good shock absorption and excellent stability</bullet1>
    <bullet2/>
    <bullet3/>
    <bullet4/>
    <bullet5/>
    <bullet6/>
    <bullet7/>
    <bullet8/>
    <bullet9/>
    <bullet10/>
    <bullet11/>
    <bullet12/>
    <bullet13/>
    <bullet14/>
    <bullet15/>
    <bullet16/>
    <bullet17/>
    <bullet18/>
    <bullet19/>
    <bullet20/>
    <bullet21/>
    <bullet22/>
    <bullet23/>
    <bullet24/>
    <vendorPriceUpdateDate>2022-02-25 00:00:00</vendorPriceUpdateDate>
  </part>
  <part>
    <partNumber>48913</partNumber>
    <punctuatedPartNumber>489-13</punctuatedPartNumber>
    <partStatusDescription>STANDARD</partStatusDescription>
    <partDescription>Tire - AT489 - Front - 25x8-12 - 3 Ply</partDescription>
    <unitOfMeasure>Each</unitOfMeasure>
    <brandName>CARLISLE TIRES</brandName>
    <supplierNumber>589306</supplierNumber>
    <specialInstructions/>
    <baseDealerPrice>143.30</baseDealerPrice>
    <yourDealerPrice>140.43</yourDealerPrice>
    <baseRetailPrice>204.95</baseRetailPrice>
    <originalRetailPrice>185.95</originalRetailPrice>
    <partImage>http://asset.lemansnet.com/z/LzcvRC81LzdENTM3ODJELTRCOTItNDM5RC1CQ0RBLUYxMUQ0OERENUQzRA==</partImage>
    <productId>0494435060</productId>
    <productName>AT489 Tire</productName>
    <productImage>http://asset.lemansnet.com/z/LzcvRC81LzdENTM3ODJELTRCOTItNDM5RC1CQ0RBLUYxMUQ0OERENUQzRA==</productImage>
    <bullet1>Combines high traction, good shock absorption and excellent stability</bullet1>
    <bullet2/>
    <bullet3/>
    <bullet4/>
    <bullet5/>
    <bullet6/>
    <bullet7/>
    <bullet8/>
    <bullet9/>
    <bullet10/>
    <bullet11/>
    <bullet12/>
    <bullet13/>
    <bullet14/>
    <bullet15/>
    <bullet16/>
    <bullet17/>
    <bullet18/>
    <bullet19/>
    <bullet20/>
    <bullet21/>
    <bullet22/>
    <bullet23/>
    <bullet24/>
    <vendorPriceUpdateDate>2022-02-25 00:00:00</vendorPriceUpdateDate>
  </part>
  <part>
    <partNumber>48914</partNumber>
    <punctuatedPartNumber>489-14</punctuatedPartNumber>
    <partStatusDescription>STANDARD</partStatusDescription>
    <partDescription>Tire - AT489 - Rear - 25x10-12 - 3 Ply</partDescription>
    <unitOfMeasure>Each</unitOfMeasure>
    <brandName>CARLISLE TIRES</brandName>
    <supplierNumber>589335</supplierNumber>
    <specialInstructions/>
    <baseDealerPrice>145.70</baseDealerPrice>
    <yourDealerPrice>142.79</yourDealerPrice>
    <baseRetailPrice>208.95</baseRetailPrice>
    <originalRetailPrice>186.95</originalRetailPrice>
    <partImage>http://asset.lemansnet.com/z/LzcvRC81LzdENTM3ODJELTRCOTItNDM5RC1CQ0RBLUYxMUQ0OERENUQzRA==</partImage>
    <productId>0494435060</productId>
    <productName>AT489 Tire</productName>
    <productImage>http://asset.lemansnet.com/z/LzcvRC81LzdENTM3ODJELTRCOTItNDM5RC1CQ0RBLUYxMUQ0OERENUQzRA==</productImage>
    <bullet1>Combines high traction, good shock absorption and excellent stability</bullet1>
    <bullet2/>
    <bullet3/>
    <bullet4/>
    <bullet5/>
    <bullet6/>
    <bullet7/>
    <bullet8/>
    <bullet9/>
    <bullet10/>
    <bullet11/>
    <bullet12/>
    <bullet13/>
    <bullet14/>
    <bullet15/>
    <bullet16/>
    <bullet17/>
    <bullet18/>
    <bullet19/>
    <bullet20/>
    <bullet21/>
    <bullet22/>
    <bullet23/>
    <bullet24/>
    <vendorPriceUpdateDate>2022-02-25 00:00:00</vendorPriceUpdateDate>
  </part>
  <part>
    <partNumber>551020</partNumber>
    <punctuatedPartNumber>551020</punctuatedPartNumber>
    <partStatusDescription>STANDARD</partStatusDescription>
    <partDescription>Tire - Turfsaver - Front/Rear - 13x5-6 - 2 Ply</partDescription>
    <unitOfMeasure>Each</unitOfMeasure>
    <brandName>CARLISLE TIRES</brandName>
    <supplierNumber>5110201</supplierNumber>
    <specialInstructions/>
    <baseDealerPrice>25.30</baseDealerPrice>
    <yourDealerPrice>24.79</yourDealerPrice>
    <baseRetailPrice>36.95</baseRetailPrice>
    <originalRetailPrice>31.95</originalRetailPrice>
    <partImage>http://asset.lemansnet.com/z/LzEvQy85LzFDOUQxRTJCLTNENEQtNEE3MS05NTI2LTQ4NUY3RkY4MzM0MA==</partImage>
    <productId>1902519262</productId>
    <productName>Turfsaver Tire</productName>
    <productImage>http://asset.lemansnet.com/z/LzEvQy85LzFDOUQxRTJCLTNENEQtNEE3MS05NTI2LTQ4NUY3RkY4MzM0MA==</productImage>
    <bullet1>Replacement tires at an economical price for Carter Bros., Manco, Lem, Kasea, Impulse and Action carts and mini quads</bullet1>
    <bullet2/>
    <bullet3/>
    <bullet4/>
    <bullet5/>
    <bullet6/>
    <bullet7/>
    <bullet8/>
    <bullet9/>
    <bullet10/>
    <bullet11/>
    <bullet12/>
    <bullet13/>
    <bullet14/>
    <bullet15/>
    <bullet16/>
    <bullet17/>
    <bullet18/>
    <bullet19/>
    <bullet20/>
    <bullet21/>
    <bullet22/>
    <bullet23/>
    <bullet24/>
    <vendorPriceUpdateDate>2022-02-25 00:00:00</vendorPriceUpdateDate>
  </part>
  <part>
    <partNumber>551430</partNumber>
    <punctuatedPartNumber>551430</punctuatedPartNumber>
    <partStatusDescription>STANDARD</partStatusDescription>
    <partDescription>Tire - Turfsaver - Front/Rear - 15x6-6 - 2 Ply</partDescription>
    <unitOfMeasure>Each</unitOfMeasure>
    <brandName>CARLISLE TIRES</brandName>
    <supplierNumber>5110301</supplierNumber>
    <specialInstructions/>
    <baseDealerPrice>28.60</baseDealerPrice>
    <yourDealerPrice>28.03</yourDealerPrice>
    <baseRetailPrice>40.95</baseRetailPrice>
    <originalRetailPrice>39.95</originalRetailPrice>
    <partImage>http://asset.lemansnet.com/z/LzEvQy85LzFDOUQxRTJCLTNENEQtNEE3MS05NTI2LTQ4NUY3RkY4MzM0MA==</partImage>
    <productId>1902519262</productId>
    <productName>Turfsaver Tire</productName>
    <productImage>http://asset.lemansnet.com/z/LzEvQy85LzFDOUQxRTJCLTNENEQtNEE3MS05NTI2LTQ4NUY3RkY4MzM0MA==</productImage>
    <bullet1>Replacement tires at an economical price for Carter Bros., Manco, Lem, Kasea, Impulse and Action carts and mini quads</bullet1>
    <bullet2/>
    <bullet3/>
    <bullet4/>
    <bullet5/>
    <bullet6/>
    <bullet7/>
    <bullet8/>
    <bullet9/>
    <bullet10/>
    <bullet11/>
    <bullet12/>
    <bullet13/>
    <bullet14/>
    <bullet15/>
    <bullet16/>
    <bullet17/>
    <bullet18/>
    <bullet19/>
    <bullet20/>
    <bullet21/>
    <bullet22/>
    <bullet23/>
    <bullet24/>
    <vendorPriceUpdateDate>2022-02-25 00:00:00</vendorPriceUpdateDate>
  </part>
  <part>
    <partNumber>517002</partNumber>
    <punctuatedPartNumber>517002</punctuatedPartNumber>
    <partStatusDescription>STANDARD</partStatusDescription>
    <partDescription>Tire - Holeshot - Front/Rear - 16x6.5-8 - 2 Ply</partDescription>
    <unitOfMeasure>Each</unitOfMeasure>
    <brandName>CARLISLE TIRES</brandName>
    <supplierNumber>5170021</supplierNumber>
    <specialInstructions/>
    <baseDealerPrice>59.90</baseDealerPrice>
    <yourDealerPrice>58.70</yourDealerPrice>
    <baseRetailPrice>85.95</baseRetailPrice>
    <originalRetailPrice>66.95</originalRetailPrice>
    <partImage>http://asset.lemansnet.com/z/L0IvRi9CL0JGQjg0NjFGLTU4RTUtNDczMS05QkM1LTI1MUU4RDMzOTlCRQ==</partImage>
    <productId>1829397119</productId>
    <productName>Holeshot Tire</productName>
    <productImage>http://asset.lemansnet.com/z/L0IvRi9CL0JGQjg0NjFGLTU4RTUtNDczMS05QkM1LTI1MUU4RDMzOTlCRQ==</productImage>
    <bullet1>Replacement tires at an economical price for Carter Bros., Manco, Lem, Kasea, Impulse and Action carts and mini quads</bullet1>
    <bullet2/>
    <bullet3/>
    <bullet4/>
    <bullet5/>
    <bullet6/>
    <bullet7/>
    <bullet8/>
    <bullet9/>
    <bullet10/>
    <bullet11/>
    <bullet12/>
    <bullet13/>
    <bullet14/>
    <bullet15/>
    <bullet16/>
    <bullet17/>
    <bullet18/>
    <bullet19/>
    <bullet20/>
    <bullet21/>
    <bullet22/>
    <bullet23/>
    <bullet24/>
    <vendorPriceUpdateDate>2022-02-25 00:00:00</vendorPriceUpdateDate>
  </part>
  <part>
    <partNumber>517010</partNumber>
    <punctuatedPartNumber>517010</punctuatedPartNumber>
    <partStatusDescription>STANDARD</partStatusDescription>
    <partDescription>Tire - Holeshot - Front/Rear - 18x6.5-8 - 2 Ply</partDescription>
    <unitOfMeasure>Each</unitOfMeasure>
    <brandName>CARLISLE TIRES</brandName>
    <supplierNumber>5170101</supplierNumber>
    <specialInstructions/>
    <baseDealerPrice>89.80</baseDealerPrice>
    <yourDealerPrice>88.00</yourDealerPrice>
    <baseRetailPrice>128.95</baseRetailPrice>
    <originalRetailPrice>98.95</originalRetailPrice>
    <partImage>http://asset.lemansnet.com/z/L0IvRi9CL0JGQjg0NjFGLTU4RTUtNDczMS05QkM1LTI1MUU4RDMzOTlCRQ==</partImage>
    <productId>1829397119</productId>
    <productName>Holeshot Tire</productName>
    <productImage>http://asset.lemansnet.com/z/L0IvRi9CL0JGQjg0NjFGLTU4RTUtNDczMS05QkM1LTI1MUU4RDMzOTlCRQ==</productImage>
    <bullet1>Replacement tires at an economical price for Carter Bros., Manco, Lem, Kasea, Impulse and Action carts and mini quads</bullet1>
    <bullet2/>
    <bullet3/>
    <bullet4/>
    <bullet5/>
    <bullet6/>
    <bullet7/>
    <bullet8/>
    <bullet9/>
    <bullet10/>
    <bullet11/>
    <bullet12/>
    <bullet13/>
    <bullet14/>
    <bullet15/>
    <bullet16/>
    <bullet17/>
    <bullet18/>
    <bullet19/>
    <bullet20/>
    <bullet21/>
    <bullet22/>
    <bullet23/>
    <bullet24/>
    <vendorPriceUpdateDate>2022-02-25 00:00:00</vendorPriceUpdateDate>
  </part>
  <part>
    <partNumber>557008</partNumber>
    <punctuatedPartNumber>557008</punctuatedPartNumber>
    <partStatusDescription>STANDARD</partStatusDescription>
    <partDescription>Tire - Holeshot - Front/Rear - 15x5-6 - 2 Ply</partDescription>
    <unitOfMeasure>Each</unitOfMeasure>
    <brandName>CARLISLE TIRES</brandName>
    <supplierNumber>5170081</supplierNumber>
    <specialInstructions/>
    <baseDealerPrice>48.40</baseDealerPrice>
    <yourDealerPrice>47.43</yourDealerPrice>
    <baseRetailPrice>69.95</baseRetailPrice>
    <originalRetailPrice>53.95</originalRetailPrice>
    <partImage>http://asset.lemansnet.com/z/L0IvRi9CL0JGQjg0NjFGLTU4RTUtNDczMS05QkM1LTI1MUU4RDMzOTlCRQ==</partImage>
    <productId>1829397119</productId>
    <productName>Holeshot Tire</productName>
    <productImage>http://asset.lemansnet.com/z/L0IvRi9CL0JGQjg0NjFGLTU4RTUtNDczMS05QkM1LTI1MUU4RDMzOTlCRQ==</productImage>
    <bullet1>Replacement tires at an economical price for Carter Bros., Manco, Lem, Kasea, Impulse and Action carts and mini quads</bullet1>
    <bullet2/>
    <bullet3/>
    <bullet4/>
    <bullet5/>
    <bullet6/>
    <bullet7/>
    <bullet8/>
    <bullet9/>
    <bullet10/>
    <bullet11/>
    <bullet12/>
    <bullet13/>
    <bullet14/>
    <bullet15/>
    <bullet16/>
    <bullet17/>
    <bullet18/>
    <bullet19/>
    <bullet20/>
    <bullet21/>
    <bullet22/>
    <bullet23/>
    <bullet24/>
    <vendorPriceUpdateDate>2022-02-25 00:00:00</vendorPriceUpdateDate>
  </part>
  <part>
    <partNumber>03190334</partNumber>
    <punctuatedPartNumber>0319-0334</punctuatedPartNumber>
    <partStatusDescription>STANDARD</partStatusDescription>
    <partDescription>Tire - Trail Wolf - Rear - 22x10-10 - 4 Ply</partDescription>
    <unitOfMeasure>Each</unitOfMeasure>
    <brandName>CARLISLE TIRES</brandName>
    <supplierNumber>5370496</supplierNumber>
    <specialInstructions/>
    <baseDealerPrice>150.70</baseDealerPrice>
    <yourDealerPrice>147.69</yourDealerPrice>
    <baseRetailPrice>215.95</baseRetailPrice>
    <originalRetailPrice>204.95</originalRetailPrice>
    <partImage>http://asset.lemansnet.com/z/LzAvRS8wLzBFMDVENDU5LTY3QkYtNDcwNS1BMDA0LTA5NzUxNjNEMDkyOQ==</partImage>
    <productId>1098505862</productId>
    <productName>Trail Wolf OEM Replacement ATV Tire</productName>
    <productImage>http://asset.lemansnet.com/z/LzAvRS8wLzBFMDVENDU5LTY3QkYtNDcwNS1BMDA0LTA5NzUxNjNEMDkyOQ==</productImage>
    <bullet1>Unique tread design gives an incredibly smooth ride regardless of trail conditions</bullet1>
    <bullet2>Harder rubber compound means better wear and longer replacement intervals</bullet2>
    <bullet3>The most puncture-proof trail tire on the market</bullet3>
    <bullet4>Features Carlisle's rim guard design</bullet4>
    <bullet5>OEM replacement tire</bullet5>
    <bullet6/>
    <bullet7/>
    <bullet8/>
    <bullet9/>
    <bullet10/>
    <bullet11/>
    <bullet12/>
    <bullet13/>
    <bullet14/>
    <bullet15/>
    <bullet16/>
    <bullet17/>
    <bullet18/>
    <bullet19/>
    <bullet20/>
    <bullet21/>
    <bullet22/>
    <bullet23/>
    <bullet24/>
    <vendorPriceUpdateDate>2022-02-24 00:00:00</vendorPriceUpdateDate>
  </part>
  <part>
    <partNumber>03190336</partNumber>
    <punctuatedPartNumber>0319-0336</punctuatedPartNumber>
    <partStatusDescription>STANDARD</partStatusDescription>
    <partDescription>Tire - Trail Wolf - Front - 21x7-10 - 4 Ply</partDescription>
    <unitOfMeasure>Each</unitOfMeasure>
    <brandName>CARLISLE TIRES</brandName>
    <supplierNumber>5370846</supplierNumber>
    <specialInstructions/>
    <baseDealerPrice>117.90</baseDealerPrice>
    <yourDealerPrice>115.54</yourDealerPrice>
    <baseRetailPrice>168.95</baseRetailPrice>
    <originalRetailPrice>159.95</originalRetailPrice>
    <partImage>http://asset.lemansnet.com/z/LzAvRS8wLzBFMDVENDU5LTY3QkYtNDcwNS1BMDA0LTA5NzUxNjNEMDkyOQ==</partImage>
    <productId>1098505862</productId>
    <productName>Trail Wolf OEM Replacement ATV Tire</productName>
    <productImage>http://asset.lemansnet.com/z/LzAvRS8wLzBFMDVENDU5LTY3QkYtNDcwNS1BMDA0LTA5NzUxNjNEMDkyOQ==</productImage>
    <bullet1>Unique tread design gives an incredibly smooth ride regardless of trail conditions</bullet1>
    <bullet2>Harder rubber compound means better wear and longer replacement intervals</bullet2>
    <bullet3>The most puncture-proof trail tire on the market</bullet3>
    <bullet4>Features Carlisle's rim guard design</bullet4>
    <bullet5>OEM replacement tire</bullet5>
    <bullet6/>
    <bullet7/>
    <bullet8/>
    <bullet9/>
    <bullet10/>
    <bullet11/>
    <bullet12/>
    <bullet13/>
    <bullet14/>
    <bullet15/>
    <bullet16/>
    <bullet17/>
    <bullet18/>
    <bullet19/>
    <bullet20/>
    <bullet21/>
    <bullet22/>
    <bullet23/>
    <bullet24/>
    <vendorPriceUpdateDate>2022-02-24 00:00:00</vendorPriceUpdateDate>
  </part>
  <part>
    <partNumber>537062</partNumber>
    <punctuatedPartNumber>537062</punctuatedPartNumber>
    <partStatusDescription>STANDARD</partStatusDescription>
    <partDescription>Tire - Trail Wolf - Front - 25x8-12 - 2 Ply</partDescription>
    <unitOfMeasure>Each</unitOfMeasure>
    <brandName>CARLISLE TIRES</brandName>
    <supplierNumber>5EE1001</supplierNumber>
    <specialInstructions/>
    <baseDealerPrice>151.10</baseDealerPrice>
    <yourDealerPrice>148.08</yourDealerPrice>
    <baseRetailPrice>215.95</baseRetailPrice>
    <originalRetailPrice>184.95</originalRetailPrice>
    <partImage>http://asset.lemansnet.com/z/LzAvRS8wLzBFMDVENDU5LTY3QkYtNDcwNS1BMDA0LTA5NzUxNjNEMDkyOQ==</partImage>
    <productId>1098505862</productId>
    <productName>Trail Wolf OEM Replacement ATV Tire</productName>
    <productImage>http://asset.lemansnet.com/z/LzAvRS8wLzBFMDVENDU5LTY3QkYtNDcwNS1BMDA0LTA5NzUxNjNEMDkyOQ==</productImage>
    <bullet1>Unique tread design gives an incredibly smooth ride regardless of trail conditions</bullet1>
    <bullet2>Harder rubber compound means better wear and longer replacement intervals</bullet2>
    <bullet3>The most puncture-proof trail tire on the market</bullet3>
    <bullet4>Features Carlisle's rim guard design</bullet4>
    <bullet5>OEM replacement tire</bullet5>
    <bullet6/>
    <bullet7/>
    <bullet8/>
    <bullet9/>
    <bullet10/>
    <bullet11/>
    <bullet12/>
    <bullet13/>
    <bullet14/>
    <bullet15/>
    <bullet16/>
    <bullet17/>
    <bullet18/>
    <bullet19/>
    <bullet20/>
    <bullet21/>
    <bullet22/>
    <bullet23/>
    <bullet24/>
    <vendorPriceUpdateDate>2022-02-25 00:00:00</vendorPriceUpdateDate>
  </part>
  <part>
    <partNumber>03190277</partNumber>
    <punctuatedPartNumber>0319-0277</punctuatedPartNumber>
    <partStatusDescription>STANDARD</partStatusDescription>
    <partDescription>Tire - Versa Trail ATR - Front/Rear - 28x10R14 - 6 Ply</partDescription>
    <unitOfMeasure>Each</unitOfMeasure>
    <brandName>CARLISLE TIRES</brandName>
    <supplierNumber>6P0276</supplierNumber>
    <specialInstructions/>
    <baseDealerPrice>198.10</baseDealerPrice>
    <yourDealerPrice>194.14</yourDealerPrice>
    <baseRetailPrice>282.95</baseRetailPrice>
    <originalRetailPrice>262.95</originalRetailPrice>
    <partImage>http://asset.lemansnet.com/z/LzYvRC9GLzZERjQyQ0IzLTExNTItNENCQy04MUQ5LUIxNzE1MTVGMDY4MQ==</partImage>
    <productId>0680996415</productId>
    <productName>Versa Trail ATR Tire</productName>
    <productImage>http://asset.lemansnet.com/z/LzYvRC9GLzZERjQyQ0IzLTExNTItNENCQy04MUQ5LUIxNzE1MTVGMDY4MQ==</productImage>
    <bullet1>Durable 6 ply rated construction and heavy nylon fabric carcass provides unequaled puncture resistance</bullet1>
    <bullet2>Super-deep rim guard designed to secure tire to rim on styled aftermarket wheels</bullet2>
    <bullet3>Tough tread rubber compound protects against cuts, chips and tread wear</bullet3>
    <bullet4>Non-directional tread pattern delivers a smooth ride on any terrain</bullet4>
    <bullet5>3/4" lug depth for maximum handling and traction control</bullet5>
    <bullet6>Introducing the Versa Trail ATR, the first Carlisle branded, all-purpose utility tire for side-by-sides and utility ATVs.</bullet6>
    <bullet7/>
    <bullet8/>
    <bullet9/>
    <bullet10/>
    <bullet11/>
    <bullet12/>
    <bullet13/>
    <bullet14/>
    <bullet15/>
    <bullet16/>
    <bullet17/>
    <bullet18/>
    <bullet19/>
    <bullet20/>
    <bullet21/>
    <bullet22/>
    <bullet23/>
    <bullet24/>
    <vendorPriceUpdateDate>2022-02-25 00:00:00</vendorPriceUpdateDate>
  </part>
</root>
