<root>
  <part>
    <partNumber>36011024</partNumber>
    <punctuatedPartNumber>3601-1024</punctuatedPartNumber>
    <partStatusDescription>NEW</partStatusDescription>
    <partDescription>Motorcycle Oil - 20W60 - 1 US quart</partDescription>
    <unitOfMeasure>Each</unitOfMeasure>
    <brandName>RED LINE SYNTHETIC OIL</brandName>
    <supplierNumber>12604</supplierNumber>
    <specialInstructions/>
    <baseDealerPrice>14.41</baseDealerPrice>
    <yourDealerPrice>14.41</yourDealerPrice>
    <baseRetailPrice>23.05</baseRetailPrice>
    <originalRetailPrice>23.05</originalRetailPrice>
    <partImage>http://asset.lemansnet.com/z/LzUvNS83LzU1NzE2RkM4LTA4MTctNDc2RS04ODQ0LTZEQjVDNzg4MEEzOA==</partImage>
    <productId>0190677844</productId>
    <productName>Motorcycle Oil</productName>
    <productImage>http://asset.lemansnet.com/z/LzUvNS83LzU1NzE2RkM4LTA4MTctNDc2RS04ODQ0LTZEQjVDNzg4MEEzOA==</productImage>
    <bullet1>Superior film strength through the use of ester base stocks for protection and ring seal</bullet1>
    <bullet2>Extended drain intervals over other brands due to higher quality base stocks and excellent dispersants</bullet2>
    <bullet3>Blended with specific friction modifiers that are compatible with wet-clutches</bullet3>
    <bullet4/>
    <bullet5/>
    <bullet6/>
    <bullet7/>
    <bullet8/>
    <bullet9/>
    <bullet10/>
    <bullet11/>
    <bullet12/>
    <bullet13/>
    <bullet14/>
    <bullet15/>
    <bullet16/>
    <bullet17/>
    <bullet18/>
    <bullet19/>
    <bullet20/>
    <bullet21/>
    <bullet22/>
    <bullet23/>
    <bullet24/>
    <vendorPriceUpdateDate>2025-07-03 00:00:00</vendorPriceUpdateDate>
  </part>
  <part>
    <partNumber>36011025</partNumber>
    <punctuatedPartNumber>3601-1025</punctuatedPartNumber>
    <partStatusDescription>NEW</partStatusDescription>
    <partDescription>Powersports Oil - 15W50 - 1 US quart</partDescription>
    <unitOfMeasure>Each</unitOfMeasure>
    <brandName>RED LINE SYNTHETIC OIL</brandName>
    <supplierNumber>42104</supplierNumber>
    <specialInstructions/>
    <baseDealerPrice>14.41</baseDealerPrice>
    <yourDealerPrice>14.41</yourDealerPrice>
    <baseRetailPrice>23.05</baseRetailPrice>
    <originalRetailPrice>23.05</originalRetailPrice>
    <partImage>http://asset.lemansnet.com/z/LzMvMS81LzMxNTBGNTM4LTBDQ0EtNDVCNy1CRUU5LUNDQTREQTg5Q0JCMA==</partImage>
    <productId>0693089932</productId>
    <productName>Powersports Oil</productName>
    <productImage>http://asset.lemansnet.com/z/LzMvMS81LzMxNTBGNTM4LTBDQ0EtNDVCNy1CRUU5LUNDQTREQTg5Q0JCMA==</productImage>
    <bullet1>Less friction modifier for superior wet clutch operation</bullet1>
    <bullet2>Improved mileage and longer drain intervals</bullet2>
    <bullet3>Greater film strength for improved durability</bullet3>
    <bullet4>Viscosity shear protection</bullet4>
    <bullet5>Withstands extreme temperatures</bullet5>
    <bullet6>For high and low-mile engines</bullet6>
    <bullet7>Low temperature flow</bullet7>
    <bullet8>Blended with specific friction modifiers that are compatible with wet-clutches</bullet8>
    <bullet9>Not for break-in of engines.</bullet9>
    <bullet10>Compatible with conventional and synthetic oils.</bullet10>
    <bullet11/>
    <bullet12/>
    <bullet13/>
    <bullet14/>
    <bullet15/>
    <bullet16/>
    <bullet17/>
    <bullet18/>
    <bullet19/>
    <bullet20/>
    <bullet21/>
    <bullet22/>
    <bullet23/>
    <bullet24/>
    <vendorPriceUpdateDate>2025-07-03 00:00:00</vendorPriceUpdateDate>
  </part>
  <part>
    <partNumber>36011026</partNumber>
    <punctuatedPartNumber>3601-1026</punctuatedPartNumber>
    <partStatusDescription>NEW</partStatusDescription>
    <partDescription>Powersports Oil - 0W40 - 1 US quart</partDescription>
    <unitOfMeasure>Each</unitOfMeasure>
    <brandName>RED LINE SYNTHETIC OIL</brandName>
    <supplierNumber>42204</supplierNumber>
    <specialInstructions/>
    <baseDealerPrice>14.41</baseDealerPrice>
    <yourDealerPrice>14.41</yourDealerPrice>
    <baseRetailPrice>23.05</baseRetailPrice>
    <originalRetailPrice>23.05</originalRetailPrice>
    <partImage>http://asset.lemansnet.com/z/LzMvQi81LzNCNTY0Q0Y3LTE0QUYtNDUzNi05RkZFLUNDRTk0RjE3MzRFMQ==</partImage>
    <productId>1636783384</productId>
    <productName>Powersports Oil</productName>
    <productImage>http://asset.lemansnet.com/z/LzMvQi81LzNCNTY0Q0Y3LTE0QUYtNDUzNi05RkZFLUNDRTk0RjE3MzRFMQ==</productImage>
    <bullet1>Superior film strength through the use of ester base stocks for protection and ring seal</bullet1>
    <bullet2>Extended drain intervals over other brands due to higher quality base stocks and excellent dispersants</bullet2>
    <bullet3>Blended with specific friction modifiers that are compatible with wet-clutches</bullet3>
    <bullet4/>
    <bullet5/>
    <bullet6/>
    <bullet7/>
    <bullet8/>
    <bullet9/>
    <bullet10/>
    <bullet11/>
    <bullet12/>
    <bullet13/>
    <bullet14/>
    <bullet15/>
    <bullet16/>
    <bullet17/>
    <bullet18/>
    <bullet19/>
    <bullet20/>
    <bullet21/>
    <bullet22/>
    <bullet23/>
    <bullet24/>
    <vendorPriceUpdateDate>2025-07-03 00:00:00</vendorPriceUpdateDate>
  </part>
  <part>
    <partNumber>36011027</partNumber>
    <punctuatedPartNumber>3601-1027</punctuatedPartNumber>
    <partStatusDescription>NEW</partStatusDescription>
    <partDescription>Motorcycle Oil - 10W30 - 1 US quart</partDescription>
    <unitOfMeasure>Each</unitOfMeasure>
    <brandName>RED LINE SYNTHETIC OIL</brandName>
    <supplierNumber>42304</supplierNumber>
    <specialInstructions/>
    <baseDealerPrice>14.41</baseDealerPrice>
    <yourDealerPrice>14.41</yourDealerPrice>
    <baseRetailPrice>23.05</baseRetailPrice>
    <originalRetailPrice>23.05</originalRetailPrice>
    <partImage>http://asset.lemansnet.com/z/LzMvNC8yLzM0MkFEODMyLTE5RTItNDVGNC1BOUIxLTI4QzUyRkRERTAzNQ==</partImage>
    <productId>0190677844</productId>
    <productName>Motorcycle Oil</productName>
    <productImage>http://asset.lemansnet.com/z/LzUvNS83LzU1NzE2RkM4LTA4MTctNDc2RS04ODQ0LTZEQjVDNzg4MEEzOA==</productImage>
    <bullet1>Superior film strength through the use of ester base stocks for protection and ring seal</bullet1>
    <bullet2>Extended drain intervals over other brands due to higher quality base stocks and excellent dispersants</bullet2>
    <bullet3>Blended with specific friction modifiers that are compatible with wet-clutches</bullet3>
    <bullet4/>
    <bullet5/>
    <bullet6/>
    <bullet7/>
    <bullet8/>
    <bullet9/>
    <bullet10/>
    <bullet11/>
    <bullet12/>
    <bullet13/>
    <bullet14/>
    <bullet15/>
    <bullet16/>
    <bullet17/>
    <bullet18/>
    <bullet19/>
    <bullet20/>
    <bullet21/>
    <bullet22/>
    <bullet23/>
    <bullet24/>
    <vendorPriceUpdateDate>2025-07-03 00:00:00</vendorPriceUpdateDate>
  </part>
  <part>
    <partNumber>36011028</partNumber>
    <punctuatedPartNumber>3601-1028</punctuatedPartNumber>
    <partStatusDescription>NEW</partStatusDescription>
    <partDescription>Motorcycle Oil - 10W40 - 1 US quart</partDescription>
    <unitOfMeasure>Each</unitOfMeasure>
    <brandName>RED LINE SYNTHETIC OIL</brandName>
    <supplierNumber>42404</supplierNumber>
    <specialInstructions/>
    <baseDealerPrice>14.41</baseDealerPrice>
    <yourDealerPrice>14.41</yourDealerPrice>
    <baseRetailPrice>23.05</baseRetailPrice>
    <originalRetailPrice>23.05</originalRetailPrice>
    <partImage>http://asset.lemansnet.com/z/LzMvMC8yLzMwMjZDRTUyLUJBQUItNEI2Mi04RjcwLTNDQTU5RjA1MjNBQg==</partImage>
    <productId>0190677844</productId>
    <productName>Motorcycle Oil</productName>
    <productImage>http://asset.lemansnet.com/z/LzUvNS83LzU1NzE2RkM4LTA4MTctNDc2RS04ODQ0LTZEQjVDNzg4MEEzOA==</productImage>
    <bullet1>Superior film strength through the use of ester base stocks for protection and ring seal</bullet1>
    <bullet2>Extended drain intervals over other brands due to higher quality base stocks and excellent dispersants</bullet2>
    <bullet3>Blended with specific friction modifiers that are compatible with wet-clutches</bullet3>
    <bullet4/>
    <bullet5/>
    <bullet6/>
    <bullet7/>
    <bullet8/>
    <bullet9/>
    <bullet10/>
    <bullet11/>
    <bullet12/>
    <bullet13/>
    <bullet14/>
    <bullet15/>
    <bullet16/>
    <bullet17/>
    <bullet18/>
    <bullet19/>
    <bullet20/>
    <bullet21/>
    <bullet22/>
    <bullet23/>
    <bullet24/>
    <vendorPriceUpdateDate>2025-07-03 00:00:00</vendorPriceUpdateDate>
  </part>
  <part>
    <partNumber>36011030</partNumber>
    <punctuatedPartNumber>3601-1030</punctuatedPartNumber>
    <partStatusDescription>NEW</partStatusDescription>
    <partDescription>Powersports Oil - 10W50 - 1 US quart</partDescription>
    <unitOfMeasure>Each</unitOfMeasure>
    <brandName>RED LINE SYNTHETIC OIL</brandName>
    <supplierNumber>42604</supplierNumber>
    <specialInstructions/>
    <baseDealerPrice>14.41</baseDealerPrice>
    <yourDealerPrice>14.41</yourDealerPrice>
    <baseRetailPrice>23.05</baseRetailPrice>
    <originalRetailPrice>23.05</originalRetailPrice>
    <partImage>http://asset.lemansnet.com/z/LzIvMS9BLzIxQTI1RjU1LUQ2RjctNENCNy1COERCLTIxMDM1ODk4NkFCRA==</partImage>
    <productId>1636783384</productId>
    <productName>Powersports Oil</productName>
    <productImage>http://asset.lemansnet.com/z/LzMvQi81LzNCNTY0Q0Y3LTE0QUYtNDUzNi05RkZFLUNDRTk0RjE3MzRFMQ==</productImage>
    <bullet1>Superior film strength through the use of ester base stocks for protection and ring seal</bullet1>
    <bullet2>Extended drain intervals over other brands due to higher quality base stocks and excellent dispersants</bullet2>
    <bullet3>Blended with specific friction modifiers that are compatible with wet-clutches</bullet3>
    <bullet4/>
    <bullet5/>
    <bullet6/>
    <bullet7/>
    <bullet8/>
    <bullet9/>
    <bullet10/>
    <bullet11/>
    <bullet12/>
    <bullet13/>
    <bullet14/>
    <bullet15/>
    <bullet16/>
    <bullet17/>
    <bullet18/>
    <bullet19/>
    <bullet20/>
    <bullet21/>
    <bullet22/>
    <bullet23/>
    <bullet24/>
    <vendorPriceUpdateDate>2025-07-03 00:00:00</vendorPriceUpdateDate>
  </part>
  <part>
    <partNumber>36011031</partNumber>
    <punctuatedPartNumber>3601-1031</punctuatedPartNumber>
    <partStatusDescription>NEW</partStatusDescription>
    <partDescription>UTV/ATV Powerpack - 10W50</partDescription>
    <unitOfMeasure>Kit</unitOfMeasure>
    <brandName>RED LINE SYNTHETIC OIL</brandName>
    <supplierNumber>90220</supplierNumber>
    <specialInstructions/>
    <baseDealerPrice>96.67</baseDealerPrice>
    <yourDealerPrice>96.67</yourDealerPrice>
    <baseRetailPrice>138.47</baseRetailPrice>
    <originalRetailPrice>138.47</originalRetailPrice>
    <partImage>http://asset.lemansnet.com/z/LzgvOC80Lzg4NDg1OERBLUQ3QUYtNEJDMC1CMEU5LTExQ0Q3ODAwRkM5Mg==</partImage>
    <productId>1828084936</productId>
    <productName>UTV/ATV Powerpack</productName>
    <productImage>http://asset.lemansnet.com/z/LzgvOC80Lzg4NDg1OERBLUQ3QUYtNEJDMC1CMEU5LTExQ0Q3ODAwRkM5Mg==</productImage>
    <bullet1>Complete lubrication kit designed for select late model Polaris® vehicles including 2009+ RZR, 2010+ RGR and specific Hawkeye, Ace and Sportsman ATVs</bullet1>
    <bullet2>Tested for compatibility and includes enough fluid for a complete oil change</bullet2>
    <bullet3>Users must check vehicle specifications for capacity to ensure against overfilling, as full quarts may provide more product than necessary.</bullet3>
    <bullet4>Kit includes:</bullet4>
    <bullet5>Three quarts of 10W50 Powersports Motor oil</bullet5>
    <bullet6>Two quarts of UTV/ATV Gearcase oil</bullet6>
    <bullet7>One bottle of WaterWetter </bullet7>
    <bullet8>One funnel</bullet8>
    <bullet9>One Red Line hat</bullet9>
    <bullet10/>
    <bullet11/>
    <bullet12/>
    <bullet13/>
    <bullet14/>
    <bullet15/>
    <bullet16/>
    <bullet17/>
    <bullet18/>
    <bullet19/>
    <bullet20/>
    <bullet21/>
    <bullet22/>
    <bullet23/>
    <bullet24/>
    <vendorPriceUpdateDate>2025-07-03 00:00:00</vendorPriceUpdateDate>
  </part>
  <part>
    <partNumber>36011032</partNumber>
    <punctuatedPartNumber>3601-1032</punctuatedPartNumber>
    <partStatusDescription>NEW</partStatusDescription>
    <partDescription>V-Twin Powerpack Kit - 20W50</partDescription>
    <unitOfMeasure>Kit</unitOfMeasure>
    <brandName>RED LINE SYNTHETIC OIL</brandName>
    <supplierNumber>90226</supplierNumber>
    <specialInstructions/>
    <baseDealerPrice>101.07</baseDealerPrice>
    <yourDealerPrice>101.07</yourDealerPrice>
    <baseRetailPrice>144.09</baseRetailPrice>
    <originalRetailPrice>144.09</originalRetailPrice>
    <partImage>http://asset.lemansnet.com/z/LzYvMy9CLzYzQkNGMzM3LUE2N0QtNEVFOS1CN0VBLUIwMTNBMjJFNjczMg==</partImage>
    <productId>1567447443</productId>
    <productName>V-Twin Powerpack Kit</productName>
    <productImage>http://asset.lemansnet.com/z/LzYvMy9CLzYzQkNGMzM3LUE2N0QtNEVFOS1CN0VBLUIwMTNBMjJFNjczMg==</productImage>
    <bullet1>Each kit has been tested for compatibility and includes enough fluids for a complete oil change</bullet1>
    <bullet2>Kit includes:</bullet2>
    <bullet3>Five quarts of Motorcycle Oil</bullet3>
    <bullet4>One quart of V-Twin Transmission Oil with ShockProof</bullet4>
    <bullet5>One quart of Primary Chain Case Oil</bullet5>
    <bullet6>One bottle of Fuel Injection Cleaner for Powersports</bullet6>
    <bullet7>One sticker kit</bullet7>
    <bullet8>One versatile funnel</bullet8>
    <bullet9>One Red Line Oil embroidered hat</bullet9>
    <bullet10/>
    <bullet11/>
    <bullet12/>
    <bullet13/>
    <bullet14/>
    <bullet15/>
    <bullet16/>
    <bullet17/>
    <bullet18/>
    <bullet19/>
    <bullet20/>
    <bullet21/>
    <bullet22/>
    <bullet23/>
    <bullet24/>
    <vendorPriceUpdateDate>2025-07-03 00:00:00</vendorPriceUpdateDate>
  </part>
  <part>
    <partNumber>36011033</partNumber>
    <punctuatedPartNumber>3601-1033</punctuatedPartNumber>
    <partStatusDescription>NEW</partStatusDescription>
    <partDescription>V-Twin Powerpack Kit - 20W60</partDescription>
    <unitOfMeasure>Kit</unitOfMeasure>
    <brandName>RED LINE SYNTHETIC OIL</brandName>
    <supplierNumber>90231</supplierNumber>
    <specialInstructions/>
    <baseDealerPrice>101.07</baseDealerPrice>
    <yourDealerPrice>101.07</yourDealerPrice>
    <baseRetailPrice>144.09</baseRetailPrice>
    <originalRetailPrice>144.09</originalRetailPrice>
    <partImage>http://asset.lemansnet.com/z/L0IvNi9FL0I2RUExQzA5LUQzMkMtNEM4Qi1BQjE0LTM4NkFGNTU0MEU1MywvMy9BLzgvM0E4MkE2NjEtODgxMy00MkY0LUI1MzYtREE4OUQwNkMzNkEy</partImage>
    <productId>1567447443</productId>
    <productName>V-Twin Powerpack Kit</productName>
    <productImage>http://asset.lemansnet.com/z/LzYvMy9CLzYzQkNGMzM3LUE2N0QtNEVFOS1CN0VBLUIwMTNBMjJFNjczMg==</productImage>
    <bullet1>Each kit has been tested for compatibility and includes enough fluids for a complete oil change</bullet1>
    <bullet2>Kit includes:</bullet2>
    <bullet3>Five quarts of Motorcycle Oil</bullet3>
    <bullet4>One quart of V-Twin Transmission Oil with ShockProof</bullet4>
    <bullet5>One quart of Primary Chain Case Oil</bullet5>
    <bullet6>One bottle of Fuel Injection Cleaner for Powersports</bullet6>
    <bullet7>One sticker kit</bullet7>
    <bullet8>One versatile funnel</bullet8>
    <bullet9>One Red Line Oil embroidered hat</bullet9>
    <bullet10/>
    <bullet11/>
    <bullet12/>
    <bullet13/>
    <bullet14/>
    <bullet15/>
    <bullet16/>
    <bullet17/>
    <bullet18/>
    <bullet19/>
    <bullet20/>
    <bullet21/>
    <bullet22/>
    <bullet23/>
    <bullet24/>
    <vendorPriceUpdateDate>2025-07-03 00:00:00</vendorPriceUpdateDate>
  </part>
  <part>
    <partNumber>36020186</partNumber>
    <punctuatedPartNumber>3602-0186</punctuatedPartNumber>
    <partStatusDescription>NEW</partStatusDescription>
    <partDescription>2-Stroke Racing Oil - 16 US fl oz.</partDescription>
    <unitOfMeasure>Each</unitOfMeasure>
    <brandName>RED LINE SYNTHETIC OIL</brandName>
    <supplierNumber>40603</supplierNumber>
    <specialInstructions/>
    <baseDealerPrice>10.71</baseDealerPrice>
    <yourDealerPrice>10.71</yourDealerPrice>
    <baseRetailPrice>16.16</baseRetailPrice>
    <originalRetailPrice>16.16</originalRetailPrice>
    <partImage>http://asset.lemansnet.com/z/L0UvMi9BL0UyQUNDQUIzLTc4QkQtNDA5Mi05MkEwLTVGN0UyOUY3NzRCMw==</partImage>
    <productId>0739348622</productId>
    <productName>2-Stroke Racing Oil</productName>
    <productImage>http://asset.lemansnet.com/z/L0UvMi9BL0UyQUNDQUIzLTc4QkQtNDA5Mi05MkEwLTVGN0UyOUY3NzRCMw==</productImage>
    <bullet1>Ultimate in two-cycle performance, extreme cleanliness</bullet1>
    <bullet2>Popular in racing and daily applications like motorcycles, marine, snowmobile racing, etc</bullet2>
    <bullet3>Dyno proven for gains of 3-5% and more power over longer runs</bullet3>
    <bullet4>High-temp stability prevents deposits on combustion chambers, exhaust ports, upper ring and piston crown</bullet4>
    <bullet5>Suggested use at 50:1, but useful up to 100:1 depending on operating conditions.</bullet5>
    <bullet6>Will premix with gas or up to 50% alcohol.</bullet6>
    <bullet7/>
    <bullet8/>
    <bullet9/>
    <bullet10/>
    <bullet11/>
    <bullet12/>
    <bullet13/>
    <bullet14/>
    <bullet15/>
    <bullet16/>
    <bullet17/>
    <bullet18/>
    <bullet19/>
    <bullet20/>
    <bullet21/>
    <bullet22/>
    <bullet23/>
    <bullet24/>
    <vendorPriceUpdateDate>2025-07-03 00:00:00</vendorPriceUpdateDate>
  </part>
  <part>
    <partNumber>36020187</partNumber>
    <punctuatedPartNumber>3602-0187</punctuatedPartNumber>
    <partStatusDescription>NEW</partStatusDescription>
    <partDescription>2-Stroke Racing Oil - 1 US gallon</partDescription>
    <unitOfMeasure>Each</unitOfMeasure>
    <brandName>RED LINE SYNTHETIC OIL</brandName>
    <supplierNumber>40605</supplierNumber>
    <specialInstructions/>
    <baseDealerPrice>73.60</baseDealerPrice>
    <yourDealerPrice>73.60</yourDealerPrice>
    <baseRetailPrice>118.61</baseRetailPrice>
    <originalRetailPrice>118.81</originalRetailPrice>
    <partImage>http://asset.lemansnet.com/z/LzMvQS8xLzNBMTAwQjUzLUFCODAtNEE2Mi04ODcyLUUzQkRCNkQzNzk5RiwvNS82LzQvNTY0MkYyRDMtQkE3Mi00MkNDLUE4NUItNDNCREZFNTZEMDYy</partImage>
    <productId>0739348622</productId>
    <productName>2-Stroke Racing Oil</productName>
    <productImage>http://asset.lemansnet.com/z/L0UvMi9BL0UyQUNDQUIzLTc4QkQtNDA5Mi05MkEwLTVGN0UyOUY3NzRCMw==</productImage>
    <bullet1>Ultimate in two-cycle performance, extreme cleanliness</bullet1>
    <bullet2>Popular in racing and daily applications like motorcycles, marine, snowmobile racing, etc</bullet2>
    <bullet3>Dyno proven for gains of 3-5% and more power over longer runs</bullet3>
    <bullet4>High-temp stability prevents deposits on combustion chambers, exhaust ports, upper ring and piston crown</bullet4>
    <bullet5>Suggested use at 50:1, but useful up to 100:1 depending on operating conditions.</bullet5>
    <bullet6>Will premix with gas or up to 50% alcohol.</bullet6>
    <bullet7/>
    <bullet8/>
    <bullet9/>
    <bullet10/>
    <bullet11/>
    <bullet12/>
    <bullet13/>
    <bullet14/>
    <bullet15/>
    <bullet16/>
    <bullet17/>
    <bullet18/>
    <bullet19/>
    <bullet20/>
    <bullet21/>
    <bullet22/>
    <bullet23/>
    <bullet24/>
    <vendorPriceUpdateDate>2025-07-03 00:00:00</vendorPriceUpdateDate>
  </part>
  <part>
    <partNumber>36020189</partNumber>
    <punctuatedPartNumber>3602-0189</punctuatedPartNumber>
    <partStatusDescription>NEW</partStatusDescription>
    <partDescription>2-Cycle Snowmobile Oil - 1 US gallon</partDescription>
    <unitOfMeasure>Each</unitOfMeasure>
    <brandName>RED LINE SYNTHETIC OIL</brandName>
    <supplierNumber>41005</supplierNumber>
    <specialInstructions/>
    <baseDealerPrice>57.79</baseDealerPrice>
    <yourDealerPrice>57.79</yourDealerPrice>
    <baseRetailPrice>87.59</baseRetailPrice>
    <originalRetailPrice>87.59</originalRetailPrice>
    <partImage>http://asset.lemansnet.com/z/LzEvQy83LzFDNzIyNzBFLTA5NjEtNDY5NC1BNUQwLUMyRDc5RUJFQkI0Qg==</partImage>
    <productId>0920277391</productId>
    <productName>2-Cycle Snowmobile Oil</productName>
    <productImage>http://asset.lemansnet.com/z/LzEvQy83LzFDNzIyNzBFLTA5NjEtNDY5NC1BNUQwLUMyRDc5RUJFQkI0Qg==</productImage>
    <bullet1>Designed to satisfy the low temperature viscosity requirements called for in some newer sleds, specifically the Arctic Cat</bullet1>
    <bullet2>Low-smoke formula, bio-degradable</bullet2>
    <bullet3>Excellent cold flow, injects down to -40°F</bullet3>
    <bullet4>Superior rust protection, adapts to latest pump fuels</bullet4>
    <bullet5>Used as both a pre-mix and as an injected oil in Snowmobiles</bullet5>
    <bullet6>Low ash formulation allows for use in latest direct-injection two stroke snowmobile engines</bullet6>
    <bullet7/>
    <bullet8/>
    <bullet9/>
    <bullet10/>
    <bullet11/>
    <bullet12/>
    <bullet13/>
    <bullet14/>
    <bullet15/>
    <bullet16/>
    <bullet17/>
    <bullet18/>
    <bullet19/>
    <bullet20/>
    <bullet21/>
    <bullet22/>
    <bullet23/>
    <bullet24/>
    <vendorPriceUpdateDate>2025-07-03 00:00:00</vendorPriceUpdateDate>
  </part>
  <part>
    <partNumber>36030093</partNumber>
    <punctuatedPartNumber>3603-0093</punctuatedPartNumber>
    <partStatusDescription>NEW</partStatusDescription>
    <partDescription>Motorcycle Gear Oil with Shockproof - 80W - 1 US quart</partDescription>
    <unitOfMeasure>Each</unitOfMeasure>
    <brandName>RED LINE SYNTHETIC OIL</brandName>
    <supplierNumber>42704</supplierNumber>
    <specialInstructions/>
    <baseDealerPrice>15.55</baseDealerPrice>
    <yourDealerPrice>15.55</yourDealerPrice>
    <baseRetailPrice>24.01</baseRetailPrice>
    <originalRetailPrice>24.01</originalRetailPrice>
    <partImage>http://asset.lemansnet.com/z/LzYvNC84LzY0OEQ4Q0ZGLTc0QzMtNDc0Qy04MTY2LUUzNjA0MDhBOTU2QQ==</partImage>
    <productId>0097721880</productId>
    <productName>Motorcycle Gear Oil with Shockproof</productName>
    <productImage>http://asset.lemansnet.com/z/LzYvNC84LzY0OEQ4Q0ZGLTc0QzMtNDc0Qy04MTY2LUUzNjA0MDhBOTU2QQ==</productImage>
    <bullet1>ShockProof® features microscopic solid medium to provide cushioning between gear teeth, while maintaining lower drag</bullet1>
    <bullet2>Provides consistent shifting and wet-clutch operation</bullet2>
    <bullet3>For 65cc, 85cc, 125cc and 250cc two stroke motocross transmissions, as well as shifter kart gearboxes and CRF transmission cases.</bullet3>
    <bullet4/>
    <bullet5/>
    <bullet6/>
    <bullet7/>
    <bullet8/>
    <bullet9/>
    <bullet10/>
    <bullet11/>
    <bullet12/>
    <bullet13/>
    <bullet14/>
    <bullet15/>
    <bullet16/>
    <bullet17/>
    <bullet18/>
    <bullet19/>
    <bullet20/>
    <bullet21/>
    <bullet22/>
    <bullet23/>
    <bullet24/>
    <vendorPriceUpdateDate>2025-07-07 00:00:00</vendorPriceUpdateDate>
  </part>
  <part>
    <partNumber>36040026</partNumber>
    <punctuatedPartNumber>3604-0026</punctuatedPartNumber>
    <partStatusDescription>NEW</partStatusDescription>
    <partDescription>V-Twin Primary Case Oil - 1 US quart</partDescription>
    <unitOfMeasure>Each</unitOfMeasure>
    <brandName>RED LINE SYNTHETIC OIL</brandName>
    <supplierNumber>42904</supplierNumber>
    <specialInstructions/>
    <baseDealerPrice>14.48</baseDealerPrice>
    <yourDealerPrice>14.48</yourDealerPrice>
    <baseRetailPrice>21.87</baseRetailPrice>
    <originalRetailPrice>21.87</originalRetailPrice>
    <partImage>http://asset.lemansnet.com/z/L0QvOC8zL0Q4M0NGRUJCLUJBMjMtNDBEOS1BNDhELTE4MkJDOEZCMEUxQQ==</partImage>
    <productId>0588311150</productId>
    <productName>V-Twin Primary Case Oil</productName>
    <productImage>http://asset.lemansnet.com/z/L0QvOC8zL0Q4M0NGRUJCLUJBMjMtNDBEOS1BNDhELTE4MkJDOEZCMEUxQQ==</productImage>
    <bullet1>For 1984-to-present V-Twin American motorcycle engines, including M8, Evolution, Twin Cam and aftermarket engines of similar design</bullet1>
    <bullet2>Same fluid as our famous MTL gear oil</bullet2>
    <bullet3>Improves clutch operation while reducing wear and temperature</bullet3>
    <bullet4>Where most synthetics are too slippery for clutch operation, this friction-balanced product is balanced to provide less slip, smoother operation and helps to apply more power in modified engines</bullet4>
    <bullet5>This product is for use in the primary chain case with wet clutches</bullet5>
    <bullet6>Suitable for primary case in older British bikes</bullet6>
    <bullet7/>
    <bullet8/>
    <bullet9/>
    <bullet10/>
    <bullet11/>
    <bullet12/>
    <bullet13/>
    <bullet14/>
    <bullet15/>
    <bullet16/>
    <bullet17/>
    <bullet18/>
    <bullet19/>
    <bullet20/>
    <bullet21/>
    <bullet22/>
    <bullet23/>
    <bullet24/>
    <vendorPriceUpdateDate>2025-07-07 00:00:00</vendorPriceUpdateDate>
  </part>
  <part>
    <partNumber>36011029</partNumber>
    <punctuatedPartNumber>3601-1029</punctuatedPartNumber>
    <partStatusDescription>NEW</partStatusDescription>
    <partDescription>Motorcycle Oil - 20W50 - 1 US quart</partDescription>
    <unitOfMeasure>Each</unitOfMeasure>
    <brandName>RED LINE SYNTHETIC OIL</brandName>
    <supplierNumber>42504</supplierNumber>
    <specialInstructions/>
    <baseDealerPrice>14.41</baseDealerPrice>
    <yourDealerPrice>14.41</yourDealerPrice>
    <baseRetailPrice>23.05</baseRetailPrice>
    <originalRetailPrice>23.05</originalRetailPrice>
    <partImage>http://asset.lemansnet.com/z/L0IvOS81L0I5NTAzMjMwLTFCNzMtNDQ4Ny1CNDFBLTQ2MEZBNzMxOUVENg==</partImage>
    <productId>0190677844</productId>
    <productName>Motorcycle Oil</productName>
    <productImage>http://asset.lemansnet.com/z/LzUvNS83LzU1NzE2RkM4LTA4MTctNDc2RS04ODQ0LTZEQjVDNzg4MEEzOA==</productImage>
    <bullet1>Superior film strength through the use of ester base stocks for protection and ring seal</bullet1>
    <bullet2>Extended drain intervals over other brands due to higher quality base stocks and excellent dispersants</bullet2>
    <bullet3>Blended with specific friction modifiers that are compatible with wet-clutches</bullet3>
    <bullet4/>
    <bullet5/>
    <bullet6/>
    <bullet7/>
    <bullet8/>
    <bullet9/>
    <bullet10/>
    <bullet11/>
    <bullet12/>
    <bullet13/>
    <bullet14/>
    <bullet15/>
    <bullet16/>
    <bullet17/>
    <bullet18/>
    <bullet19/>
    <bullet20/>
    <bullet21/>
    <bullet22/>
    <bullet23/>
    <bullet24/>
    <vendorPriceUpdateDate>2025-07-03 00:00:00</vendorPriceUpdateDate>
  </part>
  <part>
    <partNumber>36050138</partNumber>
    <punctuatedPartNumber>3605-0138</punctuatedPartNumber>
    <partStatusDescription>NEW</partStatusDescription>
    <partDescription>Chain Lube - 13 oz. net wt. - Aerosol</partDescription>
    <unitOfMeasure>Each</unitOfMeasure>
    <brandName>RED LINE SYNTHETIC OIL</brandName>
    <supplierNumber>43103</supplierNumber>
    <specialInstructions/>
    <baseDealerPrice>11.72</baseDealerPrice>
    <yourDealerPrice>11.72</yourDealerPrice>
    <baseRetailPrice>18.67</baseRetailPrice>
    <originalRetailPrice>18.67</originalRetailPrice>
    <partImage>http://asset.lemansnet.com/z/LzAvNy84LzA3ODM1RTM5LUU5MDUtNDU3MS05OTEyLTM4MDQ0NTA0QTkwNA==</partImage>
    <productId>0778230503</productId>
    <productName>Chain Lube</productName>
    <productImage>http://asset.lemansnet.com/z/LzAvNy84LzA3ODM1RTM5LUU5MDUtNDU3MS05OTEyLTM4MDQ0NTA0QTkwNA==</productImage>
    <bullet1>Fully synthetic lubricant specially formulated for road and off-road chain driven vehicles, including: O-Ring, X-Ring and Z-Ring chains</bullet1>
    <bullet2>Industry-leading rust and corrosion prevention</bullet2>
    <bullet3>Resists dirt, sand and grit adhesion</bullet3>
    <bullet4>Minimal fling-off</bullet4>
    <bullet5>Reduces wear to extend life of chain and sprocket</bullet5>
    <bullet6>Protects even in muddy and wet conditions</bullet6>
    <bullet7>Reduced friction for better power transfer</bullet7>
    <bullet8>This product contains flammable materials and will require Ground transportation services. Please expect a longer ship time than usual.</bullet8>
    <bullet9/>
    <bullet10/>
    <bullet11/>
    <bullet12/>
    <bullet13/>
    <bullet14/>
    <bullet15/>
    <bullet16/>
    <bullet17/>
    <bullet18/>
    <bullet19/>
    <bullet20/>
    <bullet21/>
    <bullet22/>
    <bullet23/>
    <bullet24/>
    <vendorPriceUpdateDate>2025-07-07 00:00:00</vendorPriceUpdateDate>
  </part>
  <part>
    <partNumber>36060043</partNumber>
    <punctuatedPartNumber>3606-0043</punctuatedPartNumber>
    <partStatusDescription>NEW</partStatusDescription>
    <partDescription>UTV/ATV Gearcase Oil - 1 US quart</partDescription>
    <unitOfMeasure>Each</unitOfMeasure>
    <brandName>RED LINE SYNTHETIC OIL</brandName>
    <supplierNumber>43704</supplierNumber>
    <specialInstructions/>
    <baseDealerPrice>15.28</baseDealerPrice>
    <yourDealerPrice>15.28</yourDealerPrice>
    <baseRetailPrice>23.01</baseRetailPrice>
    <originalRetailPrice>23.01</originalRetailPrice>
    <partImage>http://asset.lemansnet.com/z/LzAvNi85LzA2OUM0RUVGLTgwQzAtNEFEMC05MDUxLUVENkRDMDFFRTY0MQ==</partImage>
    <productId>0731270503</productId>
    <productName>UTV/ATV Gearcase Oil</productName>
    <productImage>http://asset.lemansnet.com/z/LzAvNi85LzA2OUM0RUVGLTgwQzAtNEFEMC05MDUxLUVENkRDMDFFRTY0MQ==</productImage>
    <bullet1>For most late-model Polaris Ranger®, RZR® and ATVs. Also for Arctic Cat, Polaris and Yamaha snowmobile Chain cases</bullet1>
    <bullet2>Replaces AGL and AGL PLUS, Demand Drive, Demand Drive Â LT and Demand Drive PLUS</bullet2>
    <bullet3>Less slippery for improved coefficient of friction on clutch plates</bullet3>
    <bullet4>Ester-based lubricant designed for use in transmissions, gear cases and chain cases on UTVs, ATVs, Snowmobiles and other recreational vehicles (not for angle drive)</bullet4>
    <bullet5>Offers stronger film strength for better protection, resists breakdown for extended periods with more consistent viscosity in variable temperatures</bullet5>
    <bullet6/>
    <bullet7/>
    <bullet8/>
    <bullet9/>
    <bullet10/>
    <bullet11/>
    <bullet12/>
    <bullet13/>
    <bullet14/>
    <bullet15/>
    <bullet16/>
    <bullet17/>
    <bullet18/>
    <bullet19/>
    <bullet20/>
    <bullet21/>
    <bullet22/>
    <bullet23/>
    <bullet24/>
    <vendorPriceUpdateDate>2025-07-07 00:00:00</vendorPriceUpdateDate>
  </part>
  <part>
    <partNumber>37030078</partNumber>
    <punctuatedPartNumber>3703-0078</punctuatedPartNumber>
    <partStatusDescription>NEW</partStatusDescription>
    <partDescription>DOT 4 Brake Fluid - 500 ml</partDescription>
    <unitOfMeasure>Each</unitOfMeasure>
    <brandName>RED LINE SYNTHETIC OIL</brandName>
    <supplierNumber>90404</supplierNumber>
    <specialInstructions/>
    <baseDealerPrice>13.10</baseDealerPrice>
    <yourDealerPrice>13.10</yourDealerPrice>
    <baseRetailPrice>20.58</baseRetailPrice>
    <originalRetailPrice>20.58</originalRetailPrice>
    <partImage>http://asset.lemansnet.com/z/LzUvOC9ELzU4REFFNjYxLUI0ODUtNEFENS05N0JDLUQ5OTEwRTc3MUVFQg==</partImage>
    <productId>0721555984</productId>
    <productName>DOT 4 Brake Fluid</productName>
    <productImage>http://asset.lemansnet.com/z/LzUvOC9ELzU4REFFNjYxLUI0ODUtNEFENS05N0JDLUQ5OTEwRTc3MUVFQg==</productImage>
    <bullet1>Engineered to maintain viscosity, lubricity and compressibility at extreme temperatures to help safeguard against brake fade and vapor lock in racing, performance and street applications</bullet1>
    <bullet2>Typical dry boiling point: 601°F</bullet2>
    <bullet3>Typical wet boiling point: 394°F</bullet3>
    <bullet4>Blends with and meets specification of DOT 4, however blending may compromise exceptional performance.</bullet4>
    <bullet5>Do not mix with other brake fluids.</bullet5>
    <bullet6/>
    <bullet7/>
    <bullet8/>
    <bullet9/>
    <bullet10/>
    <bullet11/>
    <bullet12/>
    <bullet13/>
    <bullet14/>
    <bullet15/>
    <bullet16/>
    <bullet17/>
    <bullet18/>
    <bullet19/>
    <bullet20/>
    <bullet21/>
    <bullet22/>
    <bullet23/>
    <bullet24/>
    <vendorPriceUpdateDate>2025-07-03 00:00:00</vendorPriceUpdateDate>
  </part>
  <part>
    <partNumber>37030079</partNumber>
    <punctuatedPartNumber>3703-0079</punctuatedPartNumber>
    <partStatusDescription>NEW</partStatusDescription>
    <partDescription>DOT 4 Racing Brake Fluid - 500 ml</partDescription>
    <unitOfMeasure>Each</unitOfMeasure>
    <brandName>RED LINE SYNTHETIC OIL</brandName>
    <supplierNumber>90405</supplierNumber>
    <specialInstructions/>
    <baseDealerPrice>22.99</baseDealerPrice>
    <yourDealerPrice>22.99</yourDealerPrice>
    <baseRetailPrice>36.43</baseRetailPrice>
    <originalRetailPrice>36.43</originalRetailPrice>
    <partImage>http://asset.lemansnet.com/z/L0EvMC8xL0EwMTBGNTRDLTMxOTctNEUyOS04NzVGLTUzMjc0OEI0MUNDRg==</partImage>
    <productId>1727058461</productId>
    <productName>DOT 4 Racing Brake Fluid</productName>
    <productImage>http://asset.lemansnet.com/z/L0EvMC8xL0EwMTBGNTRDLTMxOTctNEUyOS04NzVGLTUzMjc0OEI0MUNDRg==</productImage>
    <bullet1>Typical dry boiling point: 635°F</bullet1>
    <bullet2>Typical wet boiling point: 401°F</bullet2>
    <bullet3>Specially formulated to provide the highest performance under racing conditions where braking systems operate at very high temperatures</bullet3>
    <bullet4>Exceptionally low compressibility</bullet4>
    <bullet5>It has the highest boiling point of all road legal brake fluids ever produced</bullet5>
    <bullet6>Do not mix with other brake fluids, otherwise outstanding performance may be compromised.</bullet6>
    <bullet7>For best results, bleed the braking system with fresh fluid before each race, specifically if the brakes are excessively hot and/or the conditions are humid.</bullet7>
    <bullet8/>
    <bullet9/>
    <bullet10/>
    <bullet11/>
    <bullet12/>
    <bullet13/>
    <bullet14/>
    <bullet15/>
    <bullet16/>
    <bullet17/>
    <bullet18/>
    <bullet19/>
    <bullet20/>
    <bullet21/>
    <bullet22/>
    <bullet23/>
    <bullet24/>
    <vendorPriceUpdateDate>2025-07-03 00:00:00</vendorPriceUpdateDate>
  </part>
  <part>
    <partNumber>37070066</partNumber>
    <punctuatedPartNumber>3707-0066</punctuatedPartNumber>
    <partStatusDescription>NEW</partStatusDescription>
    <partDescription>Complete Fuel System Cleaner for Powersports - 4 US fl oz.</partDescription>
    <unitOfMeasure>Each</unitOfMeasure>
    <brandName>RED LINE SYNTHETIC OIL</brandName>
    <supplierNumber>60102</supplierNumber>
    <specialInstructions/>
    <baseDealerPrice>4.89</baseDealerPrice>
    <yourDealerPrice>4.89</yourDealerPrice>
    <baseRetailPrice>8.13</baseRetailPrice>
    <originalRetailPrice>8.13</originalRetailPrice>
    <partImage>http://asset.lemansnet.com/z/L0EvOC84L0E4OEYxRTgzLUEzNkQtNDcwNS05ODM2LUY2MEIyNjgwRTJFRQ==</partImage>
    <productId>1692670826</productId>
    <productName>Complete Fuel System Cleaner for Powersports</productName>
    <productImage>http://asset.lemansnet.com/z/L0EvOC84L0E4OEYxRTgzLUEzNkQtNDcwNS05ODM2LUY2MEIyNjgwRTJFRQ==</productImage>
    <bullet1>Concentrated, high-temp detergents clean your carburetors or fuel injectors, fuel lines, tank, intake valves, combustion chambers and fouled plugs</bullet1>
    <bullet2>Improves fuel economy, throttle response, hesitation and stalling</bullet2>
    <bullet3>Cleans deposits on intake valves and combustion chambers, lubricates upper cylinder</bullet3>
    <bullet4>Reduces octane demand and regain lost power and improve fuel economy</bullet4>
    <bullet5>Cleans emission control systems (safe for the latest catalytic converters and sensors)</bullet5>
    <bullet6>Compatible with both pump gas and race fuel, pre-mixed or injected two-strokes.</bullet6>
    <bullet7>Pour one bottle into a street bike, dirt bike, ATV or PWC for quick clean-up.</bullet7>
    <bullet8/>
    <bullet9/>
    <bullet10/>
    <bullet11/>
    <bullet12/>
    <bullet13/>
    <bullet14/>
    <bullet15/>
    <bullet16/>
    <bullet17/>
    <bullet18/>
    <bullet19/>
    <bullet20/>
    <bullet21/>
    <bullet22/>
    <bullet23/>
    <bullet24/>
    <vendorPriceUpdateDate>2025-07-03 00:00:00</vendorPriceUpdateDate>
  </part>
  <part>
    <partNumber>36040025</partNumber>
    <punctuatedPartNumber>3604-0025</punctuatedPartNumber>
    <partStatusDescription>NEW</partStatusDescription>
    <partDescription>V-Twin Transmission Oil with Shockproof - 1 US quart</partDescription>
    <unitOfMeasure>Each</unitOfMeasure>
    <brandName>RED LINE SYNTHETIC OIL</brandName>
    <supplierNumber>42804</supplierNumber>
    <specialInstructions/>
    <baseDealerPrice>16.42</baseDealerPrice>
    <yourDealerPrice>16.42</yourDealerPrice>
    <baseRetailPrice>25.17</baseRetailPrice>
    <originalRetailPrice>25.17</originalRetailPrice>
    <partImage>http://asset.lemansnet.com/z/LzYvMC8yLzYwMjM5MTQ4LUY3NEQtNDAzRi1CNDc3LUEyRTA5OTI3OURCQw==</partImage>
    <productId>0437191785</productId>
    <productName>V-Twin Transmission Oil with Shockproof</productName>
    <productImage>http://asset.lemansnet.com/z/LzYvMC8yLzYwMjM5MTQ4LUY3NEQtNDAzRi1CNDc3LUEyRTA5OTI3OURCQw==</productImage>
    <bullet1>Dampens transmission noise (reducing the notorious shifting clunk found in these gearboxes), dramatically reduces temperature, provides thicker oil films between gear teeth and resists throw-off</bullet1>
    <bullet2>Same fluid as our unique Heavy ShockProof® Gear Oil</bullet2>
    <bullet3>For all H-D® transmissions including with M8 engines, Evolution engines, Twin Cam engines and latest 6-speed Cruise Drive.</bullet3>
    <bullet4>For all aftermarket versions like Baker, JIMS, S&amp;S, etc.</bullet4>
    <bullet5/>
    <bullet6/>
    <bullet7/>
    <bullet8/>
    <bullet9/>
    <bullet10/>
    <bullet11/>
    <bullet12/>
    <bullet13/>
    <bullet14/>
    <bullet15/>
    <bullet16/>
    <bullet17/>
    <bullet18/>
    <bullet19/>
    <bullet20/>
    <bullet21/>
    <bullet22/>
    <bullet23/>
    <bullet24/>
    <vendorPriceUpdateDate>2025-07-07 00:00:00</vendorPriceUpdateDate>
  </part>
  <part>
    <partNumber>37050050</partNumber>
    <punctuatedPartNumber>3705-0050</punctuatedPartNumber>
    <partStatusDescription>NEW</partStatusDescription>
    <partDescription>Waterwetter® - 12 US fl oz.</partDescription>
    <unitOfMeasure>Each</unitOfMeasure>
    <brandName>RED LINE SYNTHETIC OIL</brandName>
    <supplierNumber>80204</supplierNumber>
    <specialInstructions/>
    <baseDealerPrice>9.36</baseDealerPrice>
    <yourDealerPrice>9.36</yourDealerPrice>
    <baseRetailPrice>15.28</baseRetailPrice>
    <originalRetailPrice>15.28</originalRetailPrice>
    <partImage>http://asset.lemansnet.com/z/LzQvOS9CLzQ5QjQxMEZFLTE2MkItNDZDRi04OEU1LTg4MjIyOEI4OTlDRg==</partImage>
    <productId>0557241799</productId>
    <productName>Waterwetter®</productName>
    <productImage>http://asset.lemansnet.com/z/LzQvOS9CLzQ5QjQxMEZFLTE2MkItNDZDRi04OEU1LTg4MjIyOEI4OTlDRg==</productImage>
    <bullet1>Unique agent for cooling systems that doubles the wetting ability of water</bullet1>
    <bullet2>Rust and corrosion protection allows for use of straight water in racing or reduced antifreeze levels in warm climates</bullet2>
    <bullet3>Improves heat transfer and reduces cylinder head temperature</bullet3>
    <bullet4>Satisfies ASTM D2570 and ASTM D1384 corrosion tests for glycol-based antifreezes</bullet4>
    <bullet5>Use one bottle for most passenger cars and light trucks, treats 3 to 5 gallons or 13.2 to 15.9 liters, vehicles with larger cooling systems should use two bottles, small cooling systems should use 1oz (3 to 4 capfuls) per quart.</bullet5>
    <bullet6>Compatible with new or used antifreeze (including DEX-COOL® and long-life versions) to improve the heat transfer of ethylene and propylene glycol systems.</bullet6>
    <bullet7>Contains no ethylene glycol.</bullet7>
    <bullet8/>
    <bullet9/>
    <bullet10/>
    <bullet11/>
    <bullet12/>
    <bullet13/>
    <bullet14/>
    <bullet15/>
    <bullet16/>
    <bullet17/>
    <bullet18/>
    <bullet19/>
    <bullet20/>
    <bullet21/>
    <bullet22/>
    <bullet23/>
    <bullet24/>
    <vendorPriceUpdateDate>2025-07-03 00:00:00</vendorPriceUpdateDate>
  </part>
  <part>
    <partNumber>37050051</partNumber>
    <punctuatedPartNumber>3705-0051</punctuatedPartNumber>
    <partStatusDescription>NEW</partStatusDescription>
    <partDescription>Supercool® Extreme - 64 US fl oz.</partDescription>
    <unitOfMeasure>Each</unitOfMeasure>
    <brandName>RED LINE SYNTHETIC OIL</brandName>
    <supplierNumber>80205</supplierNumber>
    <specialInstructions/>
    <baseDealerPrice>16.86</baseDealerPrice>
    <yourDealerPrice>16.86</yourDealerPrice>
    <baseRetailPrice>28.37</baseRetailPrice>
    <originalRetailPrice>28.37</originalRetailPrice>
    <partImage>http://asset.lemansnet.com/z/LzYvNy9FLzY3RTcyQzIwLTExOTItNEE2Qy04NTJBLTI1NkFEQTk1QjMwRA==</partImage>
    <productId>0858737302</productId>
    <productName>Supercool® Extreme</productName>
    <productImage>http://asset.lemansnet.com/z/LzYvNy9FLzY3RTcyQzIwLTExOTItNEE2Qy04NTJBLTI1NkFEQTk1QjMwRA==</productImage>
    <bullet1>Convenient, pre-mixed coolant for motorcycles, ATVs, karts etc. - pour and go</bullet1>
    <bullet2>Blended with purified, deionized water and proper WaterWetter percentage</bullet2>
    <bullet3>Reduces rust, corrosion and electrolysis, cleans and lubricates water pump seals</bullet3>
    <bullet4>Compatible with all antifreeze and coolant.</bullet4>
    <bullet5>Contains no ethylene glycol.</bullet5>
    <bullet6/>
    <bullet7/>
    <bullet8/>
    <bullet9/>
    <bullet10/>
    <bullet11/>
    <bullet12/>
    <bullet13/>
    <bullet14/>
    <bullet15/>
    <bullet16/>
    <bullet17/>
    <bullet18/>
    <bullet19/>
    <bullet20/>
    <bullet21/>
    <bullet22/>
    <bullet23/>
    <bullet24/>
    <vendorPriceUpdateDate>2025-07-03 00:00:00</vendorPriceUpdateDate>
  </part>
  <part>
    <partNumber>36070063</partNumber>
    <punctuatedPartNumber>3607-0063</punctuatedPartNumber>
    <partStatusDescription>NEW</partStatusDescription>
    <partDescription>Assembly Lube - 4 oz</partDescription>
    <unitOfMeasure>Each</unitOfMeasure>
    <brandName>RED LINE SYNTHETIC OIL</brandName>
    <supplierNumber>80312</supplierNumber>
    <specialInstructions/>
    <baseDealerPrice>7.57</baseDealerPrice>
    <yourDealerPrice>7.57</yourDealerPrice>
    <baseRetailPrice>11.53</baseRetailPrice>
    <originalRetailPrice>11.53</originalRetailPrice>
    <partImage>http://asset.lemansnet.com/z/LzUvOS8zLzU5MzE3RjdBLTY0NzMtNEJCRS05NUZCLThBMTBEOEE0NDgxQw==</partImage>
    <productId>1432887845</productId>
    <productName>Assembly Lube</productName>
    <productImage>http://asset.lemansnet.com/z/LzUvOS8zLzU5MzE3RjdBLTY0NzMtNEJCRS05NUZCLThBMTBEOEE0NDgxQw==</productImage>
    <bullet1>Prepares potential wear surface and prevents metal contact before adequate lubrication can be supplied</bullet1>
    <bullet2>Unlike other assembly lubes, Red Line's will not plug filters after initial engine start-up</bullet2>
    <bullet3>Provides 3x greater film strength than conventional black Molybdenum Disulfide greases</bullet3>
    <bullet4>Excellent rust and corrosion inhibitor, allows for long-term storage</bullet4>
    <bullet5>For use on camshafts, lifters, pushrods, piston skirts, bolt threads, main and rod bearings</bullet5>
    <bullet6>Do not use on exhaust bolts or other high temperature bolts which require an anti-seize.</bullet6>
    <bullet7>Recommended and used by top camshaft and drivetrain manufacturers.</bullet7>
    <bullet8/>
    <bullet9/>
    <bullet10/>
    <bullet11/>
    <bullet12/>
    <bullet13/>
    <bullet14/>
    <bullet15/>
    <bullet16/>
    <bullet17/>
    <bullet18/>
    <bullet19/>
    <bullet20/>
    <bullet21/>
    <bullet22/>
    <bullet23/>
    <bullet24/>
    <vendorPriceUpdateDate>2025-07-03 00:00:00</vendorPriceUpdateDate>
  </part>
</root>
