<root>
  <part>
    <partNumber>44050503</partNumber>
    <punctuatedPartNumber>4405-0503</punctuatedPartNumber>
    <partStatusDescription>STANDARD</partStatusDescription>
    <partDescription>Complete Audio Kit - Element 1 Speakers</partDescription>
    <unitOfMeasure>Kit</unitOfMeasure>
    <brandName>METRIX</brandName>
    <supplierNumber>UTV 1</supplierNumber>
    <specialInstructions/>
    <baseDealerPrice>585.00</baseDealerPrice>
    <yourDealerPrice>585.00</yourDealerPrice>
    <baseRetailPrice>899.95</baseRetailPrice>
    <originalRetailPrice>769.95</originalRetailPrice>
    <partImage>http://asset.lemansnet.com/z/L0IvNi9DL0I2QzQwQjFELUJBQzYtNEFEMS1BRjM1LTg0NEZBRTIzRUQ2Mg==</partImage>
    <productId>1739798473</productId>
    <productName>UTV Audio Kit</productName>
    <productImage>http://asset.lemansnet.com/z/L0IvNi9DL0I2QzQwQjFELUJBQzYtNEFEMS1BRjM1LTg0NEZBRTIzRUQ2Mg==</productImage>
    <bullet1>Includes Bluetooth® receiver/controller, amplifier, speakers and all required wiring for typical installations</bullet1>
    <bullet2>Bluetooth® receiver/controller easily "snaps in" to common (37 x 21mm) openings in most UTV dashboards</bullet2>
    <bullet3>Receiver has a wired "AUX IN" for additional music sources such as GPS or XM</bullet3>
    <bullet4>Includes Element 1 5" x 7" 4 ohm, two-way speakers with fully adjustable clamps</bullet4>
    <bullet5>Includes 2 x 12' speaker wire harnesses with weatherproof connectors</bullet5>
    <bullet6>Custom mounting clamps give 4 points of contact on all size tubes</bullet6>
    <bullet7>Clamps work on 1.5" - 2.0" tubes and are fully adjustable</bullet7>
    <bullet8/>
    <bullet9/>
    <bullet10/>
    <bullet11/>
    <bullet12/>
    <bullet13/>
    <bullet14/>
    <bullet15/>
    <bullet16/>
    <bullet17/>
    <bullet18/>
    <bullet19/>
    <bullet20/>
    <bullet21/>
    <bullet22/>
    <bullet23/>
    <bullet24/>
    <vendorPriceUpdateDate>2023-04-22 00:00:00</vendorPriceUpdateDate>
  </part>
  <part>
    <partNumber>44050504</partNumber>
    <punctuatedPartNumber>4405-0504</punctuatedPartNumber>
    <partStatusDescription>STANDARD</partStatusDescription>
    <partDescription>Element X Amplifier</partDescription>
    <unitOfMeasure>Kit</unitOfMeasure>
    <brandName>METRIX</brandName>
    <supplierNumber>Element X Amplifier</supplierNumber>
    <specialInstructions/>
    <baseDealerPrice>305.50</baseDealerPrice>
    <yourDealerPrice>305.50</yourDealerPrice>
    <baseRetailPrice>469.95</baseRetailPrice>
    <originalRetailPrice>329.95</originalRetailPrice>
    <partImage>http://asset.lemansnet.com/z/L0EvQS9EL0FBRDY2NkJDLTFDRDAtNDg2OS05MDIyLTU0OTI3N0Y1MzA3NQ==</partImage>
    <productId>2125571410</productId>
    <productName>Element X Amplifier</productName>
    <productImage>http://asset.lemansnet.com/z/L0EvQS9EL0FBRDY2NkJDLTFDRDAtNDg2OS05MDIyLTU0OTI3N0Y1MzA3NQ==</productImage>
    <bullet1>2-channel powersports amplifier made to power one or two pairs of 4 ohm speakers</bullet1>
    <bullet2>150 W at 4 ohms, 250 W at 2 ohms</bullet2>
    <bullet3>Selectable all pass/high pass/low pass crossover and fully adjustable gain</bullet3>
    <bullet4>3.5 mm low-level output and hardwired high-level output</bullet4>
    <bullet5>Includes all required wiring to complete the installation</bullet5>
    <bullet6/>
    <bullet7/>
    <bullet8/>
    <bullet9/>
    <bullet10/>
    <bullet11/>
    <bullet12/>
    <bullet13/>
    <bullet14/>
    <bullet15/>
    <bullet16/>
    <bullet17/>
    <bullet18/>
    <bullet19/>
    <bullet20/>
    <bullet21/>
    <bullet22/>
    <bullet23/>
    <bullet24/>
    <vendorPriceUpdateDate>2023-04-22 00:00:00</vendorPriceUpdateDate>
  </part>
  <part>
    <partNumber>44050654</partNumber>
    <punctuatedPartNumber>4405-0654</punctuatedPartNumber>
    <partStatusDescription>STANDARD</partStatusDescription>
    <partDescription>Speaker/Amp Kit</partDescription>
    <unitOfMeasure>Kit</unitOfMeasure>
    <brandName>METRIX</brandName>
    <supplierNumber>KVR POWER KIT-XL</supplierNumber>
    <specialInstructions/>
    <baseDealerPrice>380.00</baseDealerPrice>
    <yourDealerPrice>380.00</yourDealerPrice>
    <baseRetailPrice>599.95</baseRetailPrice>
    <originalRetailPrice>499.95</originalRetailPrice>
    <partImage>http://asset.lemansnet.com/z/LzcvRS84LzdFODA5RDYxLTUyQTItNDExQS1BNzU5LUM5MTQyQUFCMDJGRg==</partImage>
    <productId>0325925295</productId>
    <productName>KVR Power Speaker/Amp Kit XL</productName>
    <productImage>http://asset.lemansnet.com/z/LzcvRS84LzdFODA5RDYxLTUyQTItNDExQS1BNzU5LUM5MTQyQUFCMDJGRg==</productImage>
    <bullet1>225 watt amp powers 5.25" XL Series fairing speakers</bullet1>
    <bullet2>Amplifier features R.E.M.I.T. for excellent FM reception from a Class D amp</bullet2>
    <bullet3>Speakers feature carbon fiber woofer cones and studio grade crossover parts</bullet3>
    <bullet4>Includes amp mount plate to easily install amp inside fairing</bullet4>
    <bullet5>No crossover, gain, or EQ adjustments make installation very easy</bullet5>
    <bullet6>All required , hardware and plug &amp; play wire Vaquero specific harnesses are included</bullet6>
    <bullet7/>
    <bullet8/>
    <bullet9/>
    <bullet10/>
    <bullet11/>
    <bullet12/>
    <bullet13/>
    <bullet14/>
    <bullet15/>
    <bullet16/>
    <bullet17/>
    <bullet18/>
    <bullet19/>
    <bullet20/>
    <bullet21/>
    <bullet22/>
    <bullet23/>
    <bullet24/>
    <vendorPriceUpdateDate>2023-04-22 00:00:00</vendorPriceUpdateDate>
  </part>
  <part>
    <partNumber>44050505</partNumber>
    <punctuatedPartNumber>4405-0505</punctuatedPartNumber>
    <partStatusDescription>STANDARD</partStatusDescription>
    <partDescription>Speakers - UTV</partDescription>
    <unitOfMeasure>Kit</unitOfMeasure>
    <brandName>METRIX</brandName>
    <supplierNumber>Element 1 Speakers</supplierNumber>
    <specialInstructions/>
    <baseDealerPrice>325.00</baseDealerPrice>
    <yourDealerPrice>325.00</yourDealerPrice>
    <baseRetailPrice>499.95</baseRetailPrice>
    <originalRetailPrice>399.95</originalRetailPrice>
    <partImage>http://asset.lemansnet.com/z/L0YvMi8yL0YyMjRCMDQ1LUQ2RTktNDU5Qy05NTQ1LTY1MUVCMzUwNEY5Ng==</partImage>
    <productId>1240170067</productId>
    <productName>UTV Speaker Kit</productName>
    <productImage>http://asset.lemansnet.com/z/L0YvMi8yL0YyMjRCMDQ1LUQ2RTktNDU5Qy05NTQ1LTY1MUVCMzUwNEY5Ng==</productImage>
    <bullet1>Designed to work on down tubes in front of or behind rider/passenger</bullet1>
    <bullet2>Aluminum plate through speaker cabinet eliminates damage to cabinet from shock/vibration</bullet2>
    <bullet3>5" x 7" 4 ohm, two-way speakers rated at 100W (RMS) each</bullet3>
    <bullet4>Speakers are designed to work in all weather conditions</bullet4>
    <bullet5>3' of speaker wire comes out of each cabinet with weatherproof connectors</bullet5>
    <bullet6/>
    <bullet7/>
    <bullet8/>
    <bullet9/>
    <bullet10/>
    <bullet11/>
    <bullet12/>
    <bullet13/>
    <bullet14/>
    <bullet15/>
    <bullet16/>
    <bullet17/>
    <bullet18/>
    <bullet19/>
    <bullet20/>
    <bullet21/>
    <bullet22/>
    <bullet23/>
    <bullet24/>
    <vendorPriceUpdateDate>2023-04-22 00:00:00</vendorPriceUpdateDate>
  </part>
</root>
