<root>
  <part>
    <partNumber>DS800115</partNumber>
    <punctuatedPartNumber>DS-800115</punctuatedPartNumber>
    <partStatusDescription>STANDARD</partStatusDescription>
    <partDescription>Door/Truck Decal - 3"</partDescription>
    <unitOfMeasure>50 Pack</unitOfMeasure>
    <brandName>TEC COLOR CRAFT</brandName>
    <supplierNumber>DS-800115</supplierNumber>
    <specialInstructions/>
    <baseDealerPrice>14.90</baseDealerPrice>
    <yourDealerPrice>14.90</yourDealerPrice>
    <baseRetailPrice>20.95</baseRetailPrice>
    <originalRetailPrice>15.95</originalRetailPrice>
    <partImage>http://asset.lemansnet.com/z/LzkvNC84Lzk0ODE3QTExLTQzM0UtNDBGMC1CQkM4LTIzOEMyNDIzNEQ4Nw==</partImage>
    <productId>0187513920</productId>
    <productName>Door/Truck Decals</productName>
    <productImage>http://asset.lemansnet.com/z/LzkvNC84Lzk0ODE3QTExLTQzM0UtNDBGMC1CQkM4LTIzOEMyNDIzNEQ4Nw==</productImage>
    <bullet1>Show your loyalty</bullet1>
    <bullet2>Work great on windows, trailers and trucks</bullet2>
    <bullet3/>
    <bullet4/>
    <bullet5/>
    <bullet6/>
    <bullet7/>
    <bullet8/>
    <bullet9/>
    <bullet10/>
    <bullet11/>
    <bullet12/>
    <bullet13/>
    <bullet14/>
    <bullet15/>
    <bullet16/>
    <bullet17/>
    <bullet18/>
    <bullet19/>
    <bullet20/>
    <bullet21/>
    <bullet22/>
    <bullet23/>
    <bullet24/>
    <vendorPriceUpdateDate>2023-04-22 00:00:00</vendorPriceUpdateDate>
  </part>
  <part>
    <partNumber>DS800116</partNumber>
    <punctuatedPartNumber>DS-800116</punctuatedPartNumber>
    <partStatusDescription>STANDARD</partStatusDescription>
    <partDescription>Door/Truck Decal - 6"</partDescription>
    <unitOfMeasure>50 Pack</unitOfMeasure>
    <brandName>TEC COLOR CRAFT</brandName>
    <supplierNumber>DS-800116</supplierNumber>
    <specialInstructions/>
    <baseDealerPrice>30.50</baseDealerPrice>
    <yourDealerPrice>30.50</yourDealerPrice>
    <baseRetailPrice>42.95</baseRetailPrice>
    <originalRetailPrice>37.95</originalRetailPrice>
    <partImage>http://asset.lemansnet.com/z/LzkvNC84Lzk0ODE3QTExLTQzM0UtNDBGMC1CQkM4LTIzOEMyNDIzNEQ4Nw==</partImage>
    <productId>0187513920</productId>
    <productName>Door/Truck Decals</productName>
    <productImage>http://asset.lemansnet.com/z/LzkvNC84Lzk0ODE3QTExLTQzM0UtNDBGMC1CQkM4LTIzOEMyNDIzNEQ4Nw==</productImage>
    <bullet1>Show your loyalty</bullet1>
    <bullet2>Work great on windows, trailers and trucks</bullet2>
    <bullet3/>
    <bullet4/>
    <bullet5/>
    <bullet6/>
    <bullet7/>
    <bullet8/>
    <bullet9/>
    <bullet10/>
    <bullet11/>
    <bullet12/>
    <bullet13/>
    <bullet14/>
    <bullet15/>
    <bullet16/>
    <bullet17/>
    <bullet18/>
    <bullet19/>
    <bullet20/>
    <bullet21/>
    <bullet22/>
    <bullet23/>
    <bullet24/>
    <vendorPriceUpdateDate>2023-04-22 00:00:00</vendorPriceUpdateDate>
  </part>
  <part>
    <partNumber>DS800111</partNumber>
    <punctuatedPartNumber>DS-800111</punctuatedPartNumber>
    <partStatusDescription>STANDARD</partStatusDescription>
    <partDescription>Door/Truck Decal - 24"</partDescription>
    <unitOfMeasure>Each</unitOfMeasure>
    <brandName>TEC COLOR CRAFT</brandName>
    <supplierNumber>DS800111</supplierNumber>
    <specialInstructions/>
    <baseDealerPrice>10.50</baseDealerPrice>
    <yourDealerPrice>10.50</yourDealerPrice>
    <baseRetailPrice>14.95</baseRetailPrice>
    <originalRetailPrice>11.95</originalRetailPrice>
    <partImage>http://asset.lemansnet.com/z/LzkvNC84Lzk0ODE3QTExLTQzM0UtNDBGMC1CQkM4LTIzOEMyNDIzNEQ4Nw==</partImage>
    <productId>1462092225</productId>
    <productName>Door/Truck Decal</productName>
    <productImage>http://asset.lemansnet.com/z/LzkvNC84Lzk0ODE3QTExLTQzM0UtNDBGMC1CQkM4LTIzOEMyNDIzNEQ4Nw==</productImage>
    <bullet1>Show your loyalty</bullet1>
    <bullet2>Work great on windows, trailers and trucks</bullet2>
    <bullet3/>
    <bullet4/>
    <bullet5/>
    <bullet6/>
    <bullet7/>
    <bullet8/>
    <bullet9/>
    <bullet10/>
    <bullet11/>
    <bullet12/>
    <bullet13/>
    <bullet14/>
    <bullet15/>
    <bullet16/>
    <bullet17/>
    <bullet18/>
    <bullet19/>
    <bullet20/>
    <bullet21/>
    <bullet22/>
    <bullet23/>
    <bullet24/>
    <vendorPriceUpdateDate>2016-02-25 00:00:00</vendorPriceUpdateDate>
  </part>
  <part>
    <partNumber>DS800117</partNumber>
    <punctuatedPartNumber>DS-800117</punctuatedPartNumber>
    <partStatusDescription>STANDARD</partStatusDescription>
    <partDescription>Door/Truck Decal - 9"</partDescription>
    <unitOfMeasure>10 Pack</unitOfMeasure>
    <brandName>TEC COLOR CRAFT</brandName>
    <supplierNumber>DS-800117</supplierNumber>
    <specialInstructions/>
    <baseDealerPrice>17.90</baseDealerPrice>
    <yourDealerPrice>17.90</yourDealerPrice>
    <baseRetailPrice>27.95</baseRetailPrice>
    <originalRetailPrice>27.95</originalRetailPrice>
    <partImage>http://asset.lemansnet.com/z/LzkvNC84Lzk0ODE3QTExLTQzM0UtNDBGMC1CQkM4LTIzOEMyNDIzNEQ4Nw==</partImage>
    <productId>0187513920</productId>
    <productName>Door/Truck Decals</productName>
    <productImage>http://asset.lemansnet.com/z/LzkvNC84Lzk0ODE3QTExLTQzM0UtNDBGMC1CQkM4LTIzOEMyNDIzNEQ4Nw==</productImage>
    <bullet1>Show your loyalty</bullet1>
    <bullet2>Work great on windows, trailers and trucks</bullet2>
    <bullet3/>
    <bullet4/>
    <bullet5/>
    <bullet6/>
    <bullet7/>
    <bullet8/>
    <bullet9/>
    <bullet10/>
    <bullet11/>
    <bullet12/>
    <bullet13/>
    <bullet14/>
    <bullet15/>
    <bullet16/>
    <bullet17/>
    <bullet18/>
    <bullet19/>
    <bullet20/>
    <bullet21/>
    <bullet22/>
    <bullet23/>
    <bullet24/>
    <vendorPriceUpdateDate>2023-04-22 00:00:00</vendorPriceUpdateDate>
  </part>
</root>
