<root>
  <part>
    <partNumber>DS325024</partNumber>
    <punctuatedPartNumber>DS-325024</punctuatedPartNumber>
    <partStatusDescription>STANDARD</partStatusDescription>
    <partDescription>Battery - YTX20L-BS</partDescription>
    <unitOfMeasure>Each</unitOfMeasure>
    <brandName>POWER MAX</brandName>
    <supplierNumber>GTX20L-BS</supplierNumber>
    <specialInstructions/>
    <baseDealerPrice>73.95</baseDealerPrice>
    <yourDealerPrice>71.73</yourDealerPrice>
    <baseRetailPrice>113.95</baseRetailPrice>
    <originalRetailPrice>119.95</originalRetailPrice>
    <partImage>http://asset.lemansnet.com/z/L0QvRi9DL0RGQ0NGNUNBLTg1ODItNDY2RC1CQTFFLTlBQTJDOTA2NUE2RSwvQy9FLzYvQ0U2Nzk3QkYtMkY4Ny00NUEyLUIzMDItNkU2MTNDRDJBMDhD</partImage>
    <productId>1607322026</productId>
    <productName>Maintenance-Free Battery</productName>
    <productImage>http://asset.lemansnet.com/z/LzEvNC82LzE0NjMyNUYyLUQ0QzAtNDgzQS1CQzVGLUEzNTk2QjhERTU4Qg==</productImage>
    <bullet1>Completely sealed black case can be mounted in almost any position</bullet1>
    <bullet2>Advanced technology allows very high power discharge</bullet2>
    <bullet3>Accept a high rate of recharge without damage to the battery</bullet3>
    <bullet4>Can be recharged over 90% in less than one hour on a regulated charger</bullet4>
    <bullet5>Battery must be charged in the same manner as any lead acid battery</bullet5>
    <bullet6>When not in service, battery should be charged once a month</bullet6>
    <bullet7/>
    <bullet8/>
    <bullet9/>
    <bullet10/>
    <bullet11/>
    <bullet12/>
    <bullet13/>
    <bullet14/>
    <bullet15/>
    <bullet16/>
    <bullet17/>
    <bullet18/>
    <bullet19/>
    <bullet20/>
    <bullet21/>
    <bullet22/>
    <bullet23/>
    <bullet24/>
    <vendorPriceUpdateDate>2021-07-28 00:00:00</vendorPriceUpdateDate>
  </part>
  <part>
    <partNumber>DS325748</partNumber>
    <punctuatedPartNumber>DS-325748</punctuatedPartNumber>
    <partStatusDescription>STANDARD</partStatusDescription>
    <partDescription>Battery - YTX4L-BS</partDescription>
    <unitOfMeasure>Each</unitOfMeasure>
    <brandName>POWER MAX</brandName>
    <supplierNumber>GT4L-BS</supplierNumber>
    <specialInstructions>NF 16 250/350/450SXF 02NAB</specialInstructions>
    <baseDealerPrice>29.95</baseDealerPrice>
    <yourDealerPrice>29.05</yourDealerPrice>
    <baseRetailPrice>46.95</baseRetailPrice>
    <originalRetailPrice>47.95</originalRetailPrice>
    <partImage>http://asset.lemansnet.com/z/LzUvRi80LzVGNEZBMDJBLTc3QkYtNEFBRS1CQTAzLTgwMDk4QTRFN0RFQQ==</partImage>
    <productId>1607322026</productId>
    <productName>Maintenance-Free Battery</productName>
    <productImage>http://asset.lemansnet.com/z/LzEvNC82LzE0NjMyNUYyLUQ0QzAtNDgzQS1CQzVGLUEzNTk2QjhERTU4Qg==</productImage>
    <bullet1>Completely sealed black case can be mounted in almost any position</bullet1>
    <bullet2>Advanced technology allows very high power discharge</bullet2>
    <bullet3>Accept a high rate of recharge without damage to the battery</bullet3>
    <bullet4>Can be recharged over 90% in less than one hour on a regulated charger</bullet4>
    <bullet5>Battery must be charged in the same manner as any lead acid battery</bullet5>
    <bullet6>When not in service, battery should be charged once a month</bullet6>
    <bullet7/>
    <bullet8/>
    <bullet9/>
    <bullet10/>
    <bullet11/>
    <bullet12/>
    <bullet13/>
    <bullet14/>
    <bullet15/>
    <bullet16/>
    <bullet17/>
    <bullet18/>
    <bullet19/>
    <bullet20/>
    <bullet21/>
    <bullet22/>
    <bullet23/>
    <bullet24/>
    <vendorPriceUpdateDate>2021-07-28 00:00:00</vendorPriceUpdateDate>
  </part>
  <part>
    <partNumber>DS325030</partNumber>
    <punctuatedPartNumber>DS-325030</punctuatedPartNumber>
    <partStatusDescription>STANDARD</partStatusDescription>
    <partDescription>Battery - YTX20-BS</partDescription>
    <unitOfMeasure>Each</unitOfMeasure>
    <brandName>POWER MAX</brandName>
    <supplierNumber>GTX20-BS</supplierNumber>
    <specialInstructions/>
    <baseDealerPrice>73.95</baseDealerPrice>
    <yourDealerPrice>71.73</yourDealerPrice>
    <baseRetailPrice>113.95</baseRetailPrice>
    <originalRetailPrice>119.95</originalRetailPrice>
    <partImage>http://asset.lemansnet.com/z/LzIvRC8zLzJEM0FBRDVGLTNFRUYtNDJERS04NzY0LTQ5MzE0ODE2QUZFRg==</partImage>
    <productId>1607322026</productId>
    <productName>Maintenance-Free Battery</productName>
    <productImage>http://asset.lemansnet.com/z/LzEvNC82LzE0NjMyNUYyLUQ0QzAtNDgzQS1CQzVGLUEzNTk2QjhERTU4Qg==</productImage>
    <bullet1>Completely sealed black case can be mounted in almost any position</bullet1>
    <bullet2>Advanced technology allows very high power discharge</bullet2>
    <bullet3>Accept a high rate of recharge without damage to the battery</bullet3>
    <bullet4>Can be recharged over 90% in less than one hour on a regulated charger</bullet4>
    <bullet5>Battery must be charged in the same manner as any lead acid battery</bullet5>
    <bullet6>When not in service, battery should be charged once a month</bullet6>
    <bullet7/>
    <bullet8/>
    <bullet9/>
    <bullet10/>
    <bullet11/>
    <bullet12/>
    <bullet13/>
    <bullet14/>
    <bullet15/>
    <bullet16/>
    <bullet17/>
    <bullet18/>
    <bullet19/>
    <bullet20/>
    <bullet21/>
    <bullet22/>
    <bullet23/>
    <bullet24/>
    <vendorPriceUpdateDate>2021-07-28 00:00:00</vendorPriceUpdateDate>
  </part>
  <part>
    <partNumber>DS325750</partNumber>
    <punctuatedPartNumber>DS-325750</punctuatedPartNumber>
    <partStatusDescription>STANDARD</partStatusDescription>
    <partDescription>Battery - YTX9-BS</partDescription>
    <unitOfMeasure>Each</unitOfMeasure>
    <brandName>POWER MAX</brandName>
    <supplierNumber>GTX9-BS</supplierNumber>
    <specialInstructions/>
    <baseDealerPrice>46.95</baseDealerPrice>
    <yourDealerPrice>45.54</yourDealerPrice>
    <baseRetailPrice>72.95</baseRetailPrice>
    <originalRetailPrice>75.95</originalRetailPrice>
    <partImage>http://asset.lemansnet.com/z/LzgvMC84LzgwODgzRjg5LUU2QjctNDlBMC1CODY4LTM1MzdDQjdFODQ2NA==</partImage>
    <productId>1607322026</productId>
    <productName>Maintenance-Free Battery</productName>
    <productImage>http://asset.lemansnet.com/z/LzEvNC82LzE0NjMyNUYyLUQ0QzAtNDgzQS1CQzVGLUEzNTk2QjhERTU4Qg==</productImage>
    <bullet1>Completely sealed black case can be mounted in almost any position</bullet1>
    <bullet2>Advanced technology allows very high power discharge</bullet2>
    <bullet3>Accept a high rate of recharge without damage to the battery</bullet3>
    <bullet4>Can be recharged over 90% in less than one hour on a regulated charger</bullet4>
    <bullet5>Battery must be charged in the same manner as any lead acid battery</bullet5>
    <bullet6>When not in service, battery should be charged once a month</bullet6>
    <bullet7/>
    <bullet8/>
    <bullet9/>
    <bullet10/>
    <bullet11/>
    <bullet12/>
    <bullet13/>
    <bullet14/>
    <bullet15/>
    <bullet16/>
    <bullet17/>
    <bullet18/>
    <bullet19/>
    <bullet20/>
    <bullet21/>
    <bullet22/>
    <bullet23/>
    <bullet24/>
    <vendorPriceUpdateDate>2021-07-28 00:00:00</vendorPriceUpdateDate>
  </part>
  <part>
    <partNumber>21130044</partNumber>
    <punctuatedPartNumber>2113-0044</punctuatedPartNumber>
    <partStatusDescription>STANDARD</partStatusDescription>
    <partDescription>Battery - YTX16CL-BS</partDescription>
    <unitOfMeasure>Each</unitOfMeasure>
    <brandName>POWER MAX</brandName>
    <supplierNumber>GTX16CL-BS</supplierNumber>
    <specialInstructions/>
    <baseDealerPrice>64.95</baseDealerPrice>
    <yourDealerPrice>63.00</yourDealerPrice>
    <baseRetailPrice>99.95</baseRetailPrice>
    <originalRetailPrice>104.95</originalRetailPrice>
    <partImage>http://asset.lemansnet.com/z/LzMvQi8yLzNCMjAzNUM0LTYyNkEtNDYxQi1CQjNBLTRERDI0OEMzMjhFMQ==</partImage>
    <productId>1607322026</productId>
    <productName>Maintenance-Free Battery</productName>
    <productImage>http://asset.lemansnet.com/z/LzEvNC82LzE0NjMyNUYyLUQ0QzAtNDgzQS1CQzVGLUEzNTk2QjhERTU4Qg==</productImage>
    <bullet1>Completely sealed black case can be mounted in almost any position</bullet1>
    <bullet2>Advanced technology allows very high power discharge</bullet2>
    <bullet3>Accept a high rate of recharge without damage to the battery</bullet3>
    <bullet4>Can be recharged over 90% in less than one hour on a regulated charger</bullet4>
    <bullet5>Battery must be charged in the same manner as any lead acid battery</bullet5>
    <bullet6>When not in service, battery should be charged once a month</bullet6>
    <bullet7/>
    <bullet8/>
    <bullet9/>
    <bullet10/>
    <bullet11/>
    <bullet12/>
    <bullet13/>
    <bullet14/>
    <bullet15/>
    <bullet16/>
    <bullet17/>
    <bullet18/>
    <bullet19/>
    <bullet20/>
    <bullet21/>
    <bullet22/>
    <bullet23/>
    <bullet24/>
    <vendorPriceUpdateDate>2021-07-28 00:00:00</vendorPriceUpdateDate>
  </part>
  <part>
    <partNumber>21130086</partNumber>
    <punctuatedPartNumber>2113-0086</punctuatedPartNumber>
    <partStatusDescription>STANDARD</partStatusDescription>
    <partDescription>Battery - YTZ7S</partDescription>
    <unitOfMeasure>Each</unitOfMeasure>
    <brandName>POWER MAX</brandName>
    <supplierNumber>GTZ7S</supplierNumber>
    <specialInstructions/>
    <baseDealerPrice>49.95</baseDealerPrice>
    <yourDealerPrice>48.45</yourDealerPrice>
    <baseRetailPrice>76.95</baseRetailPrice>
    <originalRetailPrice>79.95</originalRetailPrice>
    <partImage>http://asset.lemansnet.com/z/LzEvNC82LzE0NjMyNUYyLUQ0QzAtNDgzQS1CQzVGLUEzNTk2QjhERTU4Qg==</partImage>
    <productId>1607322026</productId>
    <productName>Maintenance-Free Battery</productName>
    <productImage>http://asset.lemansnet.com/z/LzEvNC82LzE0NjMyNUYyLUQ0QzAtNDgzQS1CQzVGLUEzNTk2QjhERTU4Qg==</productImage>
    <bullet1>Completely sealed black case can be mounted in almost any position</bullet1>
    <bullet2>Advanced technology allows very high power discharge</bullet2>
    <bullet3>Accept a high rate of recharge without damage to the battery</bullet3>
    <bullet4>Can be recharged over 90% in less than one hour on a regulated charger</bullet4>
    <bullet5>Battery must be charged in the same manner as any lead acid battery</bullet5>
    <bullet6>When not in service, battery should be charged once a month</bullet6>
    <bullet7/>
    <bullet8/>
    <bullet9/>
    <bullet10/>
    <bullet11/>
    <bullet12/>
    <bullet13/>
    <bullet14/>
    <bullet15/>
    <bullet16/>
    <bullet17/>
    <bullet18/>
    <bullet19/>
    <bullet20/>
    <bullet21/>
    <bullet22/>
    <bullet23/>
    <bullet24/>
    <vendorPriceUpdateDate>2021-07-28 00:00:00</vendorPriceUpdateDate>
  </part>
  <part>
    <partNumber>21130024</partNumber>
    <punctuatedPartNumber>2113-0024</punctuatedPartNumber>
    <partStatusDescription>STANDARD</partStatusDescription>
    <partDescription>Battery - YT9B-4</partDescription>
    <unitOfMeasure>Each</unitOfMeasure>
    <brandName>POWER MAX</brandName>
    <supplierNumber>GT9B-4</supplierNumber>
    <specialInstructions>NF 06-07 R6> 2113-0025 02NAB</specialInstructions>
    <baseDealerPrice>52.95</baseDealerPrice>
    <yourDealerPrice>51.36</yourDealerPrice>
    <baseRetailPrice>81.95</baseRetailPrice>
    <originalRetailPrice>85.95</originalRetailPrice>
    <partImage>http://asset.lemansnet.com/z/LzMvMi8yLzMyMkJEQkRBLTdFRDgtNDg5OC1CNzAzLUVGOTRCRjk4NTJFNg==</partImage>
    <productId>1607322026</productId>
    <productName>Maintenance-Free Battery</productName>
    <productImage>http://asset.lemansnet.com/z/LzEvNC82LzE0NjMyNUYyLUQ0QzAtNDgzQS1CQzVGLUEzNTk2QjhERTU4Qg==</productImage>
    <bullet1>Completely sealed black case can be mounted in almost any position</bullet1>
    <bullet2>Advanced technology allows very high power discharge</bullet2>
    <bullet3>Accept a high rate of recharge without damage to the battery</bullet3>
    <bullet4>Can be recharged over 90% in less than one hour on a regulated charger</bullet4>
    <bullet5>Battery must be charged in the same manner as any lead acid battery</bullet5>
    <bullet6>When not in service, battery should be charged once a month</bullet6>
    <bullet7/>
    <bullet8/>
    <bullet9/>
    <bullet10/>
    <bullet11/>
    <bullet12/>
    <bullet13/>
    <bullet14/>
    <bullet15/>
    <bullet16/>
    <bullet17/>
    <bullet18/>
    <bullet19/>
    <bullet20/>
    <bullet21/>
    <bullet22/>
    <bullet23/>
    <bullet24/>
    <vendorPriceUpdateDate>2021-07-28 00:00:00</vendorPriceUpdateDate>
  </part>
  <part>
    <partNumber>21130025</partNumber>
    <punctuatedPartNumber>2113-0025</punctuatedPartNumber>
    <partStatusDescription>STANDARD</partStatusDescription>
    <partDescription>Battery - YTZ10S</partDescription>
    <unitOfMeasure>Each</unitOfMeasure>
    <brandName>POWER MAX</brandName>
    <supplierNumber>GTZ10S</supplierNumber>
    <specialInstructions>N/F 11-15 ZX10R NON-ABS 02JBC</specialInstructions>
    <baseDealerPrice>65.95</baseDealerPrice>
    <yourDealerPrice>63.97</yourDealerPrice>
    <baseRetailPrice>101.95</baseRetailPrice>
    <originalRetailPrice>105.95</originalRetailPrice>
    <partImage>http://asset.lemansnet.com/z/L0MvMi83L0MyNzc4QkUxLTRBNEMtNDBBNi1CRkE5LTUxMDA1NUFDNzk2RQ==</partImage>
    <productId>1607322026</productId>
    <productName>Maintenance-Free Battery</productName>
    <productImage>http://asset.lemansnet.com/z/LzEvNC82LzE0NjMyNUYyLUQ0QzAtNDgzQS1CQzVGLUEzNTk2QjhERTU4Qg==</productImage>
    <bullet1>Completely sealed black case can be mounted in almost any position</bullet1>
    <bullet2>Advanced technology allows very high power discharge</bullet2>
    <bullet3>Accept a high rate of recharge without damage to the battery</bullet3>
    <bullet4>Can be recharged over 90% in less than one hour on a regulated charger</bullet4>
    <bullet5>Battery must be charged in the same manner as any lead acid battery</bullet5>
    <bullet6>When not in service, battery should be charged once a month</bullet6>
    <bullet7/>
    <bullet8/>
    <bullet9/>
    <bullet10/>
    <bullet11/>
    <bullet12/>
    <bullet13/>
    <bullet14/>
    <bullet15/>
    <bullet16/>
    <bullet17/>
    <bullet18/>
    <bullet19/>
    <bullet20/>
    <bullet21/>
    <bullet22/>
    <bullet23/>
    <bullet24/>
    <vendorPriceUpdateDate>2021-07-28 00:00:00</vendorPriceUpdateDate>
  </part>
  <part>
    <partNumber>21130772</partNumber>
    <punctuatedPartNumber>2113-0772</punctuatedPartNumber>
    <partStatusDescription>STANDARD</partStatusDescription>
    <partDescription>Battery - GT14B-4</partDescription>
    <unitOfMeasure>Each</unitOfMeasure>
    <brandName>POWER MAX</brandName>
    <supplierNumber>GT14B-4</supplierNumber>
    <specialInstructions/>
    <baseDealerPrice>60.95</baseDealerPrice>
    <yourDealerPrice>59.12</yourDealerPrice>
    <baseRetailPrice>93.95</baseRetailPrice>
    <originalRetailPrice>97.95</originalRetailPrice>
    <partImage>http://asset.lemansnet.com/z/LzkvNi85Lzk2OTNBRTBCLTVBNzQtNEVBMS05MTQ3LTlBNzcwMDc4MTNCRCwvMi9EL0UvMkRFQjc1NzItQjBGNi00MUE0LUJGQkQtQkI4MkVDOURDRjVC</partImage>
    <productId>1607322026</productId>
    <productName>Maintenance-Free Battery</productName>
    <productImage>http://asset.lemansnet.com/z/LzEvNC82LzE0NjMyNUYyLUQ0QzAtNDgzQS1CQzVGLUEzNTk2QjhERTU4Qg==</productImage>
    <bullet1>Completely sealed black case can be mounted in almost any position</bullet1>
    <bullet2>Advanced technology allows very high power discharge</bullet2>
    <bullet3>Accept a high rate of recharge without damage to the battery</bullet3>
    <bullet4>Can be recharged over 90% in less than one hour on a regulated charger</bullet4>
    <bullet5>Battery must be charged in the same manner as any lead acid battery</bullet5>
    <bullet6>When not in service, battery should be charged once a month</bullet6>
    <bullet7/>
    <bullet8/>
    <bullet9/>
    <bullet10/>
    <bullet11/>
    <bullet12/>
    <bullet13/>
    <bullet14/>
    <bullet15/>
    <bullet16/>
    <bullet17/>
    <bullet18/>
    <bullet19/>
    <bullet20/>
    <bullet21/>
    <bullet22/>
    <bullet23/>
    <bullet24/>
    <vendorPriceUpdateDate>2021-07-28 00:00:00</vendorPriceUpdateDate>
  </part>
  <part>
    <partNumber>21130223</partNumber>
    <punctuatedPartNumber>2113-0223</punctuatedPartNumber>
    <partStatusDescription>STANDARD</partStatusDescription>
    <partDescription>Battery - GTX24HL-BS</partDescription>
    <unitOfMeasure>Each</unitOfMeasure>
    <brandName>POWER MAX</brandName>
    <supplierNumber>GTX24HL-BS</supplierNumber>
    <specialInstructions/>
    <baseDealerPrice>78.95</baseDealerPrice>
    <yourDealerPrice>76.58</yourDealerPrice>
    <baseRetailPrice>121.95</baseRetailPrice>
    <originalRetailPrice>126.95</originalRetailPrice>
    <partImage>http://asset.lemansnet.com/z/LzIvOS82LzI5NjEwNUY0LTEyRDQtNDIwRS04MzRELTA0NzNDMTQ2Mzk5OA==</partImage>
    <productId>1607322026</productId>
    <productName>Maintenance-Free Battery</productName>
    <productImage>http://asset.lemansnet.com/z/LzEvNC82LzE0NjMyNUYyLUQ0QzAtNDgzQS1CQzVGLUEzNTk2QjhERTU4Qg==</productImage>
    <bullet1>Completely sealed black case can be mounted in almost any position</bullet1>
    <bullet2>Advanced technology allows very high power discharge</bullet2>
    <bullet3>Accept a high rate of recharge without damage to the battery</bullet3>
    <bullet4>Can be recharged over 90% in less than one hour on a regulated charger</bullet4>
    <bullet5>Battery must be charged in the same manner as any lead acid battery</bullet5>
    <bullet6>When not in service, battery should be charged once a month</bullet6>
    <bullet7/>
    <bullet8/>
    <bullet9/>
    <bullet10/>
    <bullet11/>
    <bullet12/>
    <bullet13/>
    <bullet14/>
    <bullet15/>
    <bullet16/>
    <bullet17/>
    <bullet18/>
    <bullet19/>
    <bullet20/>
    <bullet21/>
    <bullet22/>
    <bullet23/>
    <bullet24/>
    <vendorPriceUpdateDate>2021-07-28 00:00:00</vendorPriceUpdateDate>
  </part>
  <part>
    <partNumber>21130220</partNumber>
    <punctuatedPartNumber>2113-0220</punctuatedPartNumber>
    <partStatusDescription>STANDARD</partStatusDescription>
    <partDescription>Battery - GTX7A-BS</partDescription>
    <unitOfMeasure>Each</unitOfMeasure>
    <brandName>POWER MAX</brandName>
    <supplierNumber>GTX7A-BS</supplierNumber>
    <specialInstructions/>
    <baseDealerPrice>38.95</baseDealerPrice>
    <yourDealerPrice>37.78</yourDealerPrice>
    <baseRetailPrice>59.95</baseRetailPrice>
    <originalRetailPrice>62.95</originalRetailPrice>
    <partImage>http://asset.lemansnet.com/z/LzgvRS82LzhFNjZBOTU5LUY2NEYtNDU4My1BMDk3LUEwMERBREVCNTM0Ng==</partImage>
    <productId>1607322026</productId>
    <productName>Maintenance-Free Battery</productName>
    <productImage>http://asset.lemansnet.com/z/LzEvNC82LzE0NjMyNUYyLUQ0QzAtNDgzQS1CQzVGLUEzNTk2QjhERTU4Qg==</productImage>
    <bullet1>Completely sealed black case can be mounted in almost any position</bullet1>
    <bullet2>Advanced technology allows very high power discharge</bullet2>
    <bullet3>Accept a high rate of recharge without damage to the battery</bullet3>
    <bullet4>Can be recharged over 90% in less than one hour on a regulated charger</bullet4>
    <bullet5>Battery must be charged in the same manner as any lead acid battery</bullet5>
    <bullet6>When not in service, battery should be charged once a month</bullet6>
    <bullet7/>
    <bullet8/>
    <bullet9/>
    <bullet10/>
    <bullet11/>
    <bullet12/>
    <bullet13/>
    <bullet14/>
    <bullet15/>
    <bullet16/>
    <bullet17/>
    <bullet18/>
    <bullet19/>
    <bullet20/>
    <bullet21/>
    <bullet22/>
    <bullet23/>
    <bullet24/>
    <vendorPriceUpdateDate>2021-07-28 00:00:00</vendorPriceUpdateDate>
  </part>
  <part>
    <partNumber>21130095</partNumber>
    <punctuatedPartNumber>2113-0095</punctuatedPartNumber>
    <partStatusDescription>STANDARD</partStatusDescription>
    <partDescription>Battery - YT7B-BS</partDescription>
    <unitOfMeasure>Each</unitOfMeasure>
    <brandName>POWER MAX</brandName>
    <supplierNumber>GT7B-4</supplierNumber>
    <specialInstructions>NF DAYTONA 675/R 08-13 02JDS</specialInstructions>
    <baseDealerPrice>36.95</baseDealerPrice>
    <yourDealerPrice>35.84</yourDealerPrice>
    <baseRetailPrice>56.95</baseRetailPrice>
    <originalRetailPrice>59.95</originalRetailPrice>
    <partImage>http://asset.lemansnet.com/z/L0IvMS9EL0IxREYzQkVCLTVCRjctNDNBOC05OUUyLTBFRjJDNDAzOURFRg==</partImage>
    <productId>1607322026</productId>
    <productName>Maintenance-Free Battery</productName>
    <productImage>http://asset.lemansnet.com/z/LzEvNC82LzE0NjMyNUYyLUQ0QzAtNDgzQS1CQzVGLUEzNTk2QjhERTU4Qg==</productImage>
    <bullet1>Completely sealed black case can be mounted in almost any position</bullet1>
    <bullet2>Advanced technology allows very high power discharge</bullet2>
    <bullet3>Accept a high rate of recharge without damage to the battery</bullet3>
    <bullet4>Can be recharged over 90% in less than one hour on a regulated charger</bullet4>
    <bullet5>Battery must be charged in the same manner as any lead acid battery</bullet5>
    <bullet6>When not in service, battery should be charged once a month</bullet6>
    <bullet7/>
    <bullet8/>
    <bullet9/>
    <bullet10/>
    <bullet11/>
    <bullet12/>
    <bullet13/>
    <bullet14/>
    <bullet15/>
    <bullet16/>
    <bullet17/>
    <bullet18/>
    <bullet19/>
    <bullet20/>
    <bullet21/>
    <bullet22/>
    <bullet23/>
    <bullet24/>
    <vendorPriceUpdateDate>2021-07-28 00:00:00</vendorPriceUpdateDate>
  </part>
  <part>
    <partNumber>21130096</partNumber>
    <punctuatedPartNumber>2113-0096</punctuatedPartNumber>
    <partStatusDescription>STANDARD</partStatusDescription>
    <partDescription>Battery - YTZ14S</partDescription>
    <unitOfMeasure>Each</unitOfMeasure>
    <brandName>POWER MAX</brandName>
    <supplierNumber>GTZ14S</supplierNumber>
    <specialInstructions/>
    <baseDealerPrice>57.95</baseDealerPrice>
    <yourDealerPrice>56.21</yourDealerPrice>
    <baseRetailPrice>89.95</baseRetailPrice>
    <originalRetailPrice>93.95</originalRetailPrice>
    <partImage>http://asset.lemansnet.com/z/LzQvQi85LzRCOTQ3M0UyLTRDMEYtNEVCMS04RUY3LUYzRDhEN0U3RjlGRg==</partImage>
    <productId>1607322026</productId>
    <productName>Maintenance-Free Battery</productName>
    <productImage>http://asset.lemansnet.com/z/LzEvNC82LzE0NjMyNUYyLUQ0QzAtNDgzQS1CQzVGLUEzNTk2QjhERTU4Qg==</productImage>
    <bullet1>Completely sealed black case can be mounted in almost any position</bullet1>
    <bullet2>Advanced technology allows very high power discharge</bullet2>
    <bullet3>Accept a high rate of recharge without damage to the battery</bullet3>
    <bullet4>Can be recharged over 90% in less than one hour on a regulated charger</bullet4>
    <bullet5>Battery must be charged in the same manner as any lead acid battery</bullet5>
    <bullet6>When not in service, battery should be charged once a month</bullet6>
    <bullet7/>
    <bullet8/>
    <bullet9/>
    <bullet10/>
    <bullet11/>
    <bullet12/>
    <bullet13/>
    <bullet14/>
    <bullet15/>
    <bullet16/>
    <bullet17/>
    <bullet18/>
    <bullet19/>
    <bullet20/>
    <bullet21/>
    <bullet22/>
    <bullet23/>
    <bullet24/>
    <vendorPriceUpdateDate>2021-07-28 00:00:00</vendorPriceUpdateDate>
  </part>
  <part>
    <partNumber>21130222</partNumber>
    <punctuatedPartNumber>2113-0222</punctuatedPartNumber>
    <partStatusDescription>STANDARD</partStatusDescription>
    <partDescription>Battery - GIX30L</partDescription>
    <unitOfMeasure>Each</unitOfMeasure>
    <brandName>POWER MAX</brandName>
    <supplierNumber>GIX30L-BS</supplierNumber>
    <specialInstructions/>
    <baseDealerPrice>88.95</baseDealerPrice>
    <yourDealerPrice>86.28</yourDealerPrice>
    <baseRetailPrice>136.95</baseRetailPrice>
    <originalRetailPrice>142.95</originalRetailPrice>
    <partImage>http://asset.lemansnet.com/z/L0IvNi8zL0I2MzdDNDk0LUQzM0YtNDJDRC04NkFCLTg4NThGMDk4OTQwRg==</partImage>
    <productId>1607322026</productId>
    <productName>Maintenance-Free Battery</productName>
    <productImage>http://asset.lemansnet.com/z/LzEvNC82LzE0NjMyNUYyLUQ0QzAtNDgzQS1CQzVGLUEzNTk2QjhERTU4Qg==</productImage>
    <bullet1>Completely sealed black case can be mounted in almost any position</bullet1>
    <bullet2>Advanced technology allows very high power discharge</bullet2>
    <bullet3>Accept a high rate of recharge without damage to the battery</bullet3>
    <bullet4>Can be recharged over 90% in less than one hour on a regulated charger</bullet4>
    <bullet5>Battery must be charged in the same manner as any lead acid battery</bullet5>
    <bullet6>When not in service, battery should be charged once a month</bullet6>
    <bullet7/>
    <bullet8/>
    <bullet9/>
    <bullet10/>
    <bullet11/>
    <bullet12/>
    <bullet13/>
    <bullet14/>
    <bullet15/>
    <bullet16/>
    <bullet17/>
    <bullet18/>
    <bullet19/>
    <bullet20/>
    <bullet21/>
    <bullet22/>
    <bullet23/>
    <bullet24/>
    <vendorPriceUpdateDate>2021-07-28 00:00:00</vendorPriceUpdateDate>
  </part>
  <part>
    <partNumber>21130026</partNumber>
    <punctuatedPartNumber>2113-0026</punctuatedPartNumber>
    <partStatusDescription>STANDARD</partStatusDescription>
    <partDescription>Battery - YTZ12S</partDescription>
    <unitOfMeasure>Each</unitOfMeasure>
    <brandName>POWER MAX</brandName>
    <supplierNumber>GTZ12S</supplierNumber>
    <specialInstructions/>
    <baseDealerPrice>68.95</baseDealerPrice>
    <yourDealerPrice>66.88</yourDealerPrice>
    <baseRetailPrice>106.95</baseRetailPrice>
    <originalRetailPrice>110.95</originalRetailPrice>
    <partImage>http://asset.lemansnet.com/z/LzIvNy8xLzI3MUYwMkZDLUY2QUMtNDI0My05NDc4LTc5M0Q4NkNCRjI4Rg==</partImage>
    <productId>1607322026</productId>
    <productName>Maintenance-Free Battery</productName>
    <productImage>http://asset.lemansnet.com/z/LzEvNC82LzE0NjMyNUYyLUQ0QzAtNDgzQS1CQzVGLUEzNTk2QjhERTU4Qg==</productImage>
    <bullet1>Completely sealed black case can be mounted in almost any position</bullet1>
    <bullet2>Advanced technology allows very high power discharge</bullet2>
    <bullet3>Accept a high rate of recharge without damage to the battery</bullet3>
    <bullet4>Can be recharged over 90% in less than one hour on a regulated charger</bullet4>
    <bullet5>Battery must be charged in the same manner as any lead acid battery</bullet5>
    <bullet6>When not in service, battery should be charged once a month</bullet6>
    <bullet7/>
    <bullet8/>
    <bullet9/>
    <bullet10/>
    <bullet11/>
    <bullet12/>
    <bullet13/>
    <bullet14/>
    <bullet15/>
    <bullet16/>
    <bullet17/>
    <bullet18/>
    <bullet19/>
    <bullet20/>
    <bullet21/>
    <bullet22/>
    <bullet23/>
    <bullet24/>
    <vendorPriceUpdateDate>2021-07-28 00:00:00</vendorPriceUpdateDate>
  </part>
  <part>
    <partNumber>21130221</partNumber>
    <punctuatedPartNumber>2113-0221</punctuatedPartNumber>
    <partStatusDescription>STANDARD</partStatusDescription>
    <partDescription>Battery - GT12B-4</partDescription>
    <unitOfMeasure>Each</unitOfMeasure>
    <brandName>POWER MAX</brandName>
    <supplierNumber>GT12B-4</supplierNumber>
    <specialInstructions/>
    <baseDealerPrice>60.95</baseDealerPrice>
    <yourDealerPrice>59.12</yourDealerPrice>
    <baseRetailPrice>93.95</baseRetailPrice>
    <originalRetailPrice>97.95</originalRetailPrice>
    <partImage>http://asset.lemansnet.com/z/LzIvMC8wLzIwMEU4NjUxLTI4MkYtNDgzRC05ODAzLTI0NkJGQjY3QzY1RA==</partImage>
    <productId>1607322026</productId>
    <productName>Maintenance-Free Battery</productName>
    <productImage>http://asset.lemansnet.com/z/LzEvNC82LzE0NjMyNUYyLUQ0QzAtNDgzQS1CQzVGLUEzNTk2QjhERTU4Qg==</productImage>
    <bullet1>Completely sealed black case can be mounted in almost any position</bullet1>
    <bullet2>Advanced technology allows very high power discharge</bullet2>
    <bullet3>Accept a high rate of recharge without damage to the battery</bullet3>
    <bullet4>Can be recharged over 90% in less than one hour on a regulated charger</bullet4>
    <bullet5>Battery must be charged in the same manner as any lead acid battery</bullet5>
    <bullet6>When not in service, battery should be charged once a month</bullet6>
    <bullet7/>
    <bullet8/>
    <bullet9/>
    <bullet10/>
    <bullet11/>
    <bullet12/>
    <bullet13/>
    <bullet14/>
    <bullet15/>
    <bullet16/>
    <bullet17/>
    <bullet18/>
    <bullet19/>
    <bullet20/>
    <bullet21/>
    <bullet22/>
    <bullet23/>
    <bullet24/>
    <vendorPriceUpdateDate>2021-07-28 00:00:00</vendorPriceUpdateDate>
  </part>
  <part>
    <partNumber>DS325749</partNumber>
    <punctuatedPartNumber>DS-325749</punctuatedPartNumber>
    <partStatusDescription>STANDARD</partStatusDescription>
    <partDescription>Battery - YTX5L-BS</partDescription>
    <unitOfMeasure>Each</unitOfMeasure>
    <brandName>POWER MAX</brandName>
    <supplierNumber>GT5L-BS</supplierNumber>
    <specialInstructions/>
    <baseDealerPrice>33.95</baseDealerPrice>
    <yourDealerPrice>32.93</yourDealerPrice>
    <baseRetailPrice>52.95</baseRetailPrice>
    <originalRetailPrice>54.95</originalRetailPrice>
    <partImage>http://asset.lemansnet.com/z/L0YvOS82L0Y5NjhBQ0Y1LTNDOEUtNDBDOS05RTA1LTA4MTZBRUIxRTIwNg==</partImage>
    <productId>1607322026</productId>
    <productName>Maintenance-Free Battery</productName>
    <productImage>http://asset.lemansnet.com/z/LzEvNC82LzE0NjMyNUYyLUQ0QzAtNDgzQS1CQzVGLUEzNTk2QjhERTU4Qg==</productImage>
    <bullet1>Completely sealed black case can be mounted in almost any position</bullet1>
    <bullet2>Advanced technology allows very high power discharge</bullet2>
    <bullet3>Accept a high rate of recharge without damage to the battery</bullet3>
    <bullet4>Can be recharged over 90% in less than one hour on a regulated charger</bullet4>
    <bullet5>Battery must be charged in the same manner as any lead acid battery</bullet5>
    <bullet6>When not in service, battery should be charged once a month</bullet6>
    <bullet7/>
    <bullet8/>
    <bullet9/>
    <bullet10/>
    <bullet11/>
    <bullet12/>
    <bullet13/>
    <bullet14/>
    <bullet15/>
    <bullet16/>
    <bullet17/>
    <bullet18/>
    <bullet19/>
    <bullet20/>
    <bullet21/>
    <bullet22/>
    <bullet23/>
    <bullet24/>
    <vendorPriceUpdateDate>2021-07-28 00:00:00</vendorPriceUpdateDate>
  </part>
  <part>
    <partNumber>DS325752</partNumber>
    <punctuatedPartNumber>DS-325752</punctuatedPartNumber>
    <partStatusDescription>STANDARD</partStatusDescription>
    <partDescription>Battery - YTX12-BS</partDescription>
    <unitOfMeasure>Each</unitOfMeasure>
    <brandName>POWER MAX</brandName>
    <supplierNumber>GTX12-BS</supplierNumber>
    <specialInstructions/>
    <baseDealerPrice>53.95</baseDealerPrice>
    <yourDealerPrice>52.33</yourDealerPrice>
    <baseRetailPrice>82.95</baseRetailPrice>
    <originalRetailPrice>87.95</originalRetailPrice>
    <partImage>http://asset.lemansnet.com/z/LzcvQS9DLzdBQzhDQUVFLUE0MUUtNDZEQy04RTBBLTVCREVENzhGMTc4Ng==</partImage>
    <productId>1607322026</productId>
    <productName>Maintenance-Free Battery</productName>
    <productImage>http://asset.lemansnet.com/z/LzEvNC82LzE0NjMyNUYyLUQ0QzAtNDgzQS1CQzVGLUEzNTk2QjhERTU4Qg==</productImage>
    <bullet1>Completely sealed black case can be mounted in almost any position</bullet1>
    <bullet2>Advanced technology allows very high power discharge</bullet2>
    <bullet3>Accept a high rate of recharge without damage to the battery</bullet3>
    <bullet4>Can be recharged over 90% in less than one hour on a regulated charger</bullet4>
    <bullet5>Battery must be charged in the same manner as any lead acid battery</bullet5>
    <bullet6>When not in service, battery should be charged once a month</bullet6>
    <bullet7/>
    <bullet8/>
    <bullet9/>
    <bullet10/>
    <bullet11/>
    <bullet12/>
    <bullet13/>
    <bullet14/>
    <bullet15/>
    <bullet16/>
    <bullet17/>
    <bullet18/>
    <bullet19/>
    <bullet20/>
    <bullet21/>
    <bullet22/>
    <bullet23/>
    <bullet24/>
    <vendorPriceUpdateDate>2021-07-28 00:00:00</vendorPriceUpdateDate>
  </part>
  <part>
    <partNumber>DS325754</partNumber>
    <punctuatedPartNumber>DS-325754</punctuatedPartNumber>
    <partStatusDescription>STANDARD</partStatusDescription>
    <partDescription>Battery - YTX14-BS</partDescription>
    <unitOfMeasure>Each</unitOfMeasure>
    <brandName>POWER MAX</brandName>
    <supplierNumber>GTX14-BS</supplierNumber>
    <specialInstructions/>
    <baseDealerPrice>53.95</baseDealerPrice>
    <yourDealerPrice>52.33</yourDealerPrice>
    <baseRetailPrice>82.95</baseRetailPrice>
    <originalRetailPrice>87.95</originalRetailPrice>
    <partImage>http://asset.lemansnet.com/z/LzgvMi9FLzgyRUI0QkM3LUY4QkUtNENDMC05MDg0LTNFNjg4RkRGOEI2NQ==</partImage>
    <productId>1607322026</productId>
    <productName>Maintenance-Free Battery</productName>
    <productImage>http://asset.lemansnet.com/z/LzEvNC82LzE0NjMyNUYyLUQ0QzAtNDgzQS1CQzVGLUEzNTk2QjhERTU4Qg==</productImage>
    <bullet1>Completely sealed black case can be mounted in almost any position</bullet1>
    <bullet2>Advanced technology allows very high power discharge</bullet2>
    <bullet3>Accept a high rate of recharge without damage to the battery</bullet3>
    <bullet4>Can be recharged over 90% in less than one hour on a regulated charger</bullet4>
    <bullet5>Battery must be charged in the same manner as any lead acid battery</bullet5>
    <bullet6>When not in service, battery should be charged once a month</bullet6>
    <bullet7/>
    <bullet8/>
    <bullet9/>
    <bullet10/>
    <bullet11/>
    <bullet12/>
    <bullet13/>
    <bullet14/>
    <bullet15/>
    <bullet16/>
    <bullet17/>
    <bullet18/>
    <bullet19/>
    <bullet20/>
    <bullet21/>
    <bullet22/>
    <bullet23/>
    <bullet24/>
    <vendorPriceUpdateDate>2021-07-28 00:00:00</vendorPriceUpdateDate>
  </part>
  <part>
    <partNumber>DS325757</partNumber>
    <punctuatedPartNumber>DS-325757</punctuatedPartNumber>
    <partStatusDescription>STANDARD</partStatusDescription>
    <partDescription>Battery - Y50N18L-A</partDescription>
    <unitOfMeasure>Each</unitOfMeasure>
    <brandName>POWER MAX</brandName>
    <supplierNumber>GIX50L-BS</supplierNumber>
    <specialInstructions/>
    <baseDealerPrice>78.95</baseDealerPrice>
    <yourDealerPrice>76.58</yourDealerPrice>
    <baseRetailPrice>121.95</baseRetailPrice>
    <originalRetailPrice>126.95</originalRetailPrice>
    <partImage>http://asset.lemansnet.com/z/L0MvRS82L0NFNjc5N0JGLTJGODctNDVBMi1CMzAyLTZFNjEzQ0QyQTA4Qw==</partImage>
    <productId>1607322026</productId>
    <productName>Maintenance-Free Battery</productName>
    <productImage>http://asset.lemansnet.com/z/LzEvNC82LzE0NjMyNUYyLUQ0QzAtNDgzQS1CQzVGLUEzNTk2QjhERTU4Qg==</productImage>
    <bullet1>Completely sealed black case can be mounted in almost any position</bullet1>
    <bullet2>Advanced technology allows very high power discharge</bullet2>
    <bullet3>Accept a high rate of recharge without damage to the battery</bullet3>
    <bullet4>Can be recharged over 90% in less than one hour on a regulated charger</bullet4>
    <bullet5>Battery must be charged in the same manner as any lead acid battery</bullet5>
    <bullet6>When not in service, battery should be charged once a month</bullet6>
    <bullet7/>
    <bullet8/>
    <bullet9/>
    <bullet10/>
    <bullet11/>
    <bullet12/>
    <bullet13/>
    <bullet14/>
    <bullet15/>
    <bullet16/>
    <bullet17/>
    <bullet18/>
    <bullet19/>
    <bullet20/>
    <bullet21/>
    <bullet22/>
    <bullet23/>
    <bullet24/>
    <vendorPriceUpdateDate>2021-07-28 00:00:00</vendorPriceUpdateDate>
  </part>
</root>
