<root>
  <part>
    <partNumber>21300269</partNumber>
    <punctuatedPartNumber>2130-0269</punctuatedPartNumber>
    <partStatusDescription>DISCONTINUED</partStatusDescription>
    <partDescription>Pedalmax Processor - Polaris</partDescription>
    <unitOfMeasure>Kit</unitOfMeasure>
    <brandName>JMS</brandName>
    <supplierNumber>RC1418PO1</supplierNumber>
    <specialInstructions/>
    <baseDealerPrice>94.60</baseDealerPrice>
    <yourDealerPrice>94.60</yourDealerPrice>
    <baseRetailPrice>0.00</baseRetailPrice>
    <originalRetailPrice>309.95</originalRetailPrice>
    <partImage>http://asset.lemansnet.com/z/L0MvMy83L0MzNzA5QkFELTg2M0ItNDhDMS05MEVBLTBCOUM5NTQ3RTM0OQ==</partImage>
    <productId>0804302275</productId>
    <productName>Drive By Wire Throttle Modification Device</productName>
    <productImage>http://asset.lemansnet.com/z/L0MvMy83L0MzNzA5QkFELTg2M0ItNDhDMS05MEVBLTBCOUM5NTQ3RTM0OQ==</productImage>
    <bullet1>Increase throttle response and acceleration</bullet1>
    <bullet2>Remote Adjustment Knob to dial in your exact throttle enhancement setting</bullet2>
    <bullet3>Easy Plug-and-Play Installation</bullet3>
    <bullet4/>
    <bullet5/>
    <bullet6/>
    <bullet7/>
    <bullet8/>
    <bullet9/>
    <bullet10/>
    <bullet11/>
    <bullet12/>
    <bullet13/>
    <bullet14/>
    <bullet15/>
    <bullet16/>
    <bullet17/>
    <bullet18/>
    <bullet19/>
    <bullet20/>
    <bullet21/>
    <bullet22/>
    <bullet23/>
    <bullet24/>
    <vendorPriceUpdateDate>2023-04-22 00:00:00</vendorPriceUpdateDate>
  </part>
</root>
