<root>
  <part>
    <partNumber>20207</partNumber>
    <punctuatedPartNumber>20207</punctuatedPartNumber>
    <partStatusDescription>NEW</partStatusDescription>
    <partDescription>Plastic Clean - 7 oz. net wt. - Aerosol</partDescription>
    <unitOfMeasure>Each</unitOfMeasure>
    <brandName>PLEXUS</brandName>
    <supplierNumber>20207</supplierNumber>
    <specialInstructions/>
    <baseDealerPrice>21.45</baseDealerPrice>
    <yourDealerPrice>21.45</yourDealerPrice>
    <baseRetailPrice>32.95</baseRetailPrice>
    <originalRetailPrice>23.95</originalRetailPrice>
    <partImage>http://asset.lemansnet.com/z/LzMvMi8xLzMyMTMyQTk5LUNFNTYtNDVDMC1BNjA5LUY1NkZFNjRGQzc5Mg==</partImage>
    <productId>0660434276</productId>
    <productName>Plastic Cleaner</productName>
    <productImage>http://asset.lemansnet.com/z/L0QvMy8wL0QzMDAyMEI1LTBCQjMtNEIyMi05QjFGLUEwODEwODk2RkI3MQ==</productImage>
    <bullet1>Protects and polishes all clear and colored plastics, as well as most painted surfaces</bullet1>
    <bullet2>Effective at cleaning and polishing lenses and shields</bullet2>
    <bullet3>Originally developed for aviation applications</bullet3>
    <bullet4>Envelops dirt and dust particles, then lifts them from the surface to avoid scratching while wiping the contaminants away</bullet4>
    <bullet5>Protects by sealing the pores of the plastic, thus repelling dust and protecting against dirt, grime, oil and UV fading</bullet5>
    <bullet6>Removes oil, dirt, bugs, sticker adhesive, exhaust stains, grease and fuel, and tire marks</bullet6>
    <bullet7>The actuator now has a narrower spray pattern approx. 4.5" vs the previous spray pattern of approx. 7.5" this is measured spraying from 6" away. Also, the actuator will spray with increased velocity to improve performance outside where there is wind. You can spray gently by depressing actuator gently or push normally and the spray will make it to the target object with improved control due to the narrower pattern and will get to the target object better with increased velocity.</bullet7>
    <bullet8/>
    <bullet9/>
    <bullet10/>
    <bullet11/>
    <bullet12/>
    <bullet13/>
    <bullet14/>
    <bullet15/>
    <bullet16/>
    <bullet17/>
    <bullet18/>
    <bullet19/>
    <bullet20/>
    <bullet21/>
    <bullet22/>
    <bullet23/>
    <bullet24/>
    <vendorPriceUpdateDate>2019-04-01 00:00:00</vendorPriceUpdateDate>
  </part>
  <part>
    <partNumber>20214X</partNumber>
    <punctuatedPartNumber>20214X</punctuatedPartNumber>
    <partStatusDescription>STANDARD</partStatusDescription>
    <partDescription>Plastic Clean - 13 oz. net wt. - Aerosol</partDescription>
    <unitOfMeasure>Each</unitOfMeasure>
    <brandName>PLEXUS</brandName>
    <supplierNumber>20214</supplierNumber>
    <specialInstructions/>
    <baseDealerPrice>25.90</baseDealerPrice>
    <yourDealerPrice>25.90</yourDealerPrice>
    <baseRetailPrice>39.95</baseRetailPrice>
    <originalRetailPrice>30.95</originalRetailPrice>
    <partImage>http://asset.lemansnet.com/z/LzIvRi80LzJGNDJFMjcyLTk5M0YtNEE1My1CNzZCLTlBQjg5NzU1MTkyQw==</partImage>
    <productId>0660434276</productId>
    <productName>Plastic Cleaner</productName>
    <productImage>http://asset.lemansnet.com/z/L0QvMy8wL0QzMDAyMEI1LTBCQjMtNEIyMi05QjFGLUEwODEwODk2RkI3MQ==</productImage>
    <bullet1>Protects and polishes all clear and colored plastics, as well as most painted surfaces</bullet1>
    <bullet2>Effective at cleaning and polishing lenses and shields</bullet2>
    <bullet3>Originally developed for aviation applications</bullet3>
    <bullet4>Envelops dirt and dust particles, then lifts them from the surface to avoid scratching while wiping the contaminants away</bullet4>
    <bullet5>Protects by sealing the pores of the plastic, thus repelling dust and protecting against dirt, grime, oil and UV fading</bullet5>
    <bullet6>Removes oil, dirt, bugs, sticker adhesive, exhaust stains, grease and fuel, and tire marks</bullet6>
    <bullet7>The actuator now has a narrower spray pattern approx. 4.5" vs the previous spray pattern of approx. 7.5" this is measured spraying from 6" away. Also, the actuator will spray with increased velocity to improve performance outside where there is wind. You can spray gently by depressing actuator gently or push normally and the spray will make it to the target object with improved control due to the narrower pattern and will get to the target object better with increased velocity.</bullet7>
    <bullet8/>
    <bullet9/>
    <bullet10/>
    <bullet11/>
    <bullet12/>
    <bullet13/>
    <bullet14/>
    <bullet15/>
    <bullet16/>
    <bullet17/>
    <bullet18/>
    <bullet19/>
    <bullet20/>
    <bullet21/>
    <bullet22/>
    <bullet23/>
    <bullet24/>
    <vendorPriceUpdateDate>2022-09-06 00:00:00</vendorPriceUpdateDate>
  </part>
</root>
