<root>
  <part>
    <partNumber>SM10005S</partNumber>
    <punctuatedPartNumber>SM-10005S</punctuatedPartNumber>
    <partStatusDescription>STANDARD</partStatusDescription>
    <partDescription>5 Liter Remote Spray Hose</partDescription>
    <unitOfMeasure>Each</unitOfMeasure>
    <brandName>S100</brandName>
    <supplierNumber>10005S</supplierNumber>
    <specialInstructions/>
    <baseDealerPrice>4.52</baseDealerPrice>
    <yourDealerPrice>4.52</yourDealerPrice>
    <baseRetailPrice>6.95</baseRetailPrice>
    <originalRetailPrice>6.95</originalRetailPrice>
    <partImage>http://asset.lemansnet.com/z/LzMvNi9CLzM2QjFBQzhELUI3MTYtNDYzMi05NUU5LUFBQ0FCRjg1QUJBOA==</partImage>
    <productId>0743198279</productId>
    <productName>5L Bottle Remote Spray Hose</productName>
    <productImage>http://asset.lemansnet.com/z/LzMvNi9CLzM2QjFBQzhELUI3MTYtNDYzMi05NUU5LUFBQ0FCRjg1QUJBOA==</productImage>
    <bullet1>6' remote spray hose for S100 Total Cycle Cleaner 5L refill canister</bullet1>
    <bullet2/>
    <bullet3/>
    <bullet4/>
    <bullet5/>
    <bullet6/>
    <bullet7/>
    <bullet8/>
    <bullet9/>
    <bullet10/>
    <bullet11/>
    <bullet12/>
    <bullet13/>
    <bullet14/>
    <bullet15/>
    <bullet16/>
    <bullet17/>
    <bullet18/>
    <bullet19/>
    <bullet20/>
    <bullet21/>
    <bullet22/>
    <bullet23/>
    <bullet24/>
    <vendorPriceUpdateDate>2023-01-23 00:00:00</vendorPriceUpdateDate>
  </part>
  <part>
    <partNumber>SM12001B</partNumber>
    <punctuatedPartNumber>SM-12001B</punctuatedPartNumber>
    <partStatusDescription>STANDARD</partStatusDescription>
    <partDescription>Total Cycle Cleaner - Deluxe Kit - 1L</partDescription>
    <unitOfMeasure>Each</unitOfMeasure>
    <brandName>S100</brandName>
    <supplierNumber>12001B</supplierNumber>
    <specialInstructions/>
    <baseDealerPrice>11.68</baseDealerPrice>
    <yourDealerPrice>11.68</yourDealerPrice>
    <baseRetailPrice>17.95</baseRetailPrice>
    <originalRetailPrice>16.95</originalRetailPrice>
    <partImage>http://asset.lemansnet.com/z/LzQvRi8yLzRGMjU5RjI5LTQzODEtNDQ1Qy05NDNELTk5QUZDM0NEOEFGOSwvRi8xLzgvRjE4NTlBNTEtMDJGQS00NTJFLTk0Q0YtQjRENUYxQUE4RTMx</partImage>
    <productId>1708180090</productId>
    <productName>Total Cycle Cleaner</productName>
    <productImage>http://asset.lemansnet.com/z/LzIvNS8yLzI1MjFDMDJGLUI3NzMtNEZCQi05OTRFLTQ1Njk2Nzk3NzNENA==</productImage>
    <bullet1>S100 Total Cycle Cleaner works by creeping to find the hidden soils you can't see, then penetrating and loosening them so a sharp stream of water can remove them</bullet1>
    <bullet2>Corrosion protectant wheel cleaner is a spray-on gel formula that effectively removes "brake dust" (metal particles), road soils and chain lube</bullet2>
    <bullet3>Finish Restorer brightens aluminum stainless steel and chrome engine parts and removes minor scratches and oxidation from paint work; also recommended to reviving clouded plastic windscreens </bullet3>
    <bullet4>Spray on in seconds, rinse off in seconds, and the job is done</bullet4>
    <bullet5>Can be used safely on all plastic, plated and painted surfaces, and won't strip wax</bullet5>
    <bullet6/>
    <bullet7/>
    <bullet8/>
    <bullet9/>
    <bullet10/>
    <bullet11/>
    <bullet12/>
    <bullet13/>
    <bullet14/>
    <bullet15/>
    <bullet16/>
    <bullet17/>
    <bullet18/>
    <bullet19/>
    <bullet20/>
    <bullet21/>
    <bullet22/>
    <bullet23/>
    <bullet24/>
    <vendorPriceUpdateDate>2023-01-23 00:00:00</vendorPriceUpdateDate>
  </part>
  <part>
    <partNumber>SM12001R</partNumber>
    <punctuatedPartNumber>SM-12001R</punctuatedPartNumber>
    <partStatusDescription>STANDARD</partStatusDescription>
    <partDescription>Total Cycle Cleaner - Refill - 1L</partDescription>
    <unitOfMeasure>Each</unitOfMeasure>
    <brandName>S100</brandName>
    <supplierNumber>12001R</supplierNumber>
    <specialInstructions/>
    <baseDealerPrice>9.72</baseDealerPrice>
    <yourDealerPrice>9.72</yourDealerPrice>
    <baseRetailPrice>14.95</baseRetailPrice>
    <originalRetailPrice>13.95</originalRetailPrice>
    <partImage>http://asset.lemansnet.com/z/LzAvRS8xLzBFMTlGNDczLUI4QTktNDdGQS05MUJDLUUyRkQzQTM1RTg0Nw==</partImage>
    <productId>1708180090</productId>
    <productName>Total Cycle Cleaner</productName>
    <productImage>http://asset.lemansnet.com/z/LzIvNS8yLzI1MjFDMDJGLUI3NzMtNEZCQi05OTRFLTQ1Njk2Nzk3NzNENA==</productImage>
    <bullet1>S100 Total Cycle Cleaner works by creeping to find the hidden soils you can't see, then penetrating and loosening them so a sharp stream of water can remove them</bullet1>
    <bullet2>Corrosion protectant wheel cleaner is a spray-on gel formula that effectively removes "brake dust" (metal particles), road soils and chain lube</bullet2>
    <bullet3>Finish Restorer brightens aluminum stainless steel and chrome engine parts and removes minor scratches and oxidation from paint work; also recommended to reviving clouded plastic windscreens </bullet3>
    <bullet4>Spray on in seconds, rinse off in seconds, and the job is done</bullet4>
    <bullet5>Can be used safely on all plastic, plated and painted surfaces, and won't strip wax</bullet5>
    <bullet6/>
    <bullet7/>
    <bullet8/>
    <bullet9/>
    <bullet10/>
    <bullet11/>
    <bullet12/>
    <bullet13/>
    <bullet14/>
    <bullet15/>
    <bullet16/>
    <bullet17/>
    <bullet18/>
    <bullet19/>
    <bullet20/>
    <bullet21/>
    <bullet22/>
    <bullet23/>
    <bullet24/>
    <vendorPriceUpdateDate>2023-01-23 00:00:00</vendorPriceUpdateDate>
  </part>
  <part>
    <partNumber>SM12005L</partNumber>
    <punctuatedPartNumber>SM-12005L</punctuatedPartNumber>
    <partStatusDescription>STANDARD</partStatusDescription>
    <partDescription>Total Cycle Cleaner - Refill - 5L</partDescription>
    <unitOfMeasure>Each</unitOfMeasure>
    <brandName>S100</brandName>
    <supplierNumber>12005L</supplierNumber>
    <specialInstructions/>
    <baseDealerPrice>42.22</baseDealerPrice>
    <yourDealerPrice>42.22</yourDealerPrice>
    <baseRetailPrice>64.95</baseRetailPrice>
    <originalRetailPrice>59.95</originalRetailPrice>
    <partImage>http://asset.lemansnet.com/z/LzgvQS9BLzhBQUUwOTUwLUY0OEQtNENFQS1BQkQ4LTZGQ0I4MEQ2RjNGOA==</partImage>
    <productId>1708180090</productId>
    <productName>Total Cycle Cleaner</productName>
    <productImage>http://asset.lemansnet.com/z/LzIvNS8yLzI1MjFDMDJGLUI3NzMtNEZCQi05OTRFLTQ1Njk2Nzk3NzNENA==</productImage>
    <bullet1>S100 Total Cycle Cleaner works by creeping to find the hidden soils you can't see, then penetrating and loosening them so a sharp stream of water can remove them</bullet1>
    <bullet2>Corrosion protectant wheel cleaner is a spray-on gel formula that effectively removes "brake dust" (metal particles), road soils and chain lube</bullet2>
    <bullet3>Finish Restorer brightens aluminum stainless steel and chrome engine parts and removes minor scratches and oxidation from paint work; also recommended to reviving clouded plastic windscreens </bullet3>
    <bullet4>Spray on in seconds, rinse off in seconds, and the job is done</bullet4>
    <bullet5>Can be used safely on all plastic, plated and painted surfaces, and won't strip wax</bullet5>
    <bullet6/>
    <bullet7/>
    <bullet8/>
    <bullet9/>
    <bullet10/>
    <bullet11/>
    <bullet12/>
    <bullet13/>
    <bullet14/>
    <bullet15/>
    <bullet16/>
    <bullet17/>
    <bullet18/>
    <bullet19/>
    <bullet20/>
    <bullet21/>
    <bullet22/>
    <bullet23/>
    <bullet24/>
    <vendorPriceUpdateDate>2023-01-23 00:00:00</vendorPriceUpdateDate>
  </part>
  <part>
    <partNumber>SM12500S</partNumber>
    <punctuatedPartNumber>SM-12500S</punctuatedPartNumber>
    <partStatusDescription>STANDARD</partStatusDescription>
    <partDescription>Total Cycle Cleaner - Starter Size - 500ml</partDescription>
    <unitOfMeasure>Each</unitOfMeasure>
    <brandName>S100</brandName>
    <supplierNumber>12500S</supplierNumber>
    <specialInstructions/>
    <baseDealerPrice>6.82</baseDealerPrice>
    <yourDealerPrice>6.82</yourDealerPrice>
    <baseRetailPrice>10.49</baseRetailPrice>
    <originalRetailPrice>9.95</originalRetailPrice>
    <partImage>http://asset.lemansnet.com/z/LzIvNS8yLzI1MjFDMDJGLUI3NzMtNEZCQi05OTRFLTQ1Njk2Nzk3NzNENCwvNS8zLzMvNTMzN0Y3REUtNTZEQy00NzI4LUFERTQtRTc1RDcyRDNENUQ3</partImage>
    <productId>1708180090</productId>
    <productName>Total Cycle Cleaner</productName>
    <productImage>http://asset.lemansnet.com/z/LzIvNS8yLzI1MjFDMDJGLUI3NzMtNEZCQi05OTRFLTQ1Njk2Nzk3NzNENA==</productImage>
    <bullet1>S100 Total Cycle Cleaner works by creeping to find the hidden soils you can't see, then penetrating and loosening them so a sharp stream of water can remove them</bullet1>
    <bullet2>Corrosion protectant wheel cleaner is a spray-on gel formula that effectively removes "brake dust" (metal particles), road soils and chain lube</bullet2>
    <bullet3>Finish Restorer brightens aluminum stainless steel and chrome engine parts and removes minor scratches and oxidation from paint work; also recommended to reviving clouded plastic windscreens </bullet3>
    <bullet4>Spray on in seconds, rinse off in seconds, and the job is done</bullet4>
    <bullet5>Can be used safely on all plastic, plated and painted surfaces, and won't strip wax</bullet5>
    <bullet6/>
    <bullet7/>
    <bullet8/>
    <bullet9/>
    <bullet10/>
    <bullet11/>
    <bullet12/>
    <bullet13/>
    <bullet14/>
    <bullet15/>
    <bullet16/>
    <bullet17/>
    <bullet18/>
    <bullet19/>
    <bullet20/>
    <bullet21/>
    <bullet22/>
    <bullet23/>
    <bullet24/>
    <vendorPriceUpdateDate>2023-01-23 00:00:00</vendorPriceUpdateDate>
  </part>
  <part>
    <partNumber>SM12600A</partNumber>
    <punctuatedPartNumber>SM12600A</punctuatedPartNumber>
    <partStatusDescription>STANDARD</partStatusDescription>
    <partDescription>Total Cycle Cleaner - 21 oz. net wt. - Aerosol</partDescription>
    <unitOfMeasure>Each</unitOfMeasure>
    <brandName>S100</brandName>
    <supplierNumber>12600A</supplierNumber>
    <specialInstructions/>
    <baseDealerPrice>11.01</baseDealerPrice>
    <yourDealerPrice>11.01</yourDealerPrice>
    <baseRetailPrice>16.95</baseRetailPrice>
    <originalRetailPrice>14.95</originalRetailPrice>
    <partImage>http://asset.lemansnet.com/z/L0QvRi84L0RGOEZFRkZDLUMxQzYtNEE1Ny04QURBLURFMEJBNUYyMjJEMQ==</partImage>
    <productId>1708180090</productId>
    <productName>Total Cycle Cleaner</productName>
    <productImage>http://asset.lemansnet.com/z/LzIvNS8yLzI1MjFDMDJGLUI3NzMtNEZCQi05OTRFLTQ1Njk2Nzk3NzNENA==</productImage>
    <bullet1>S100 Total Cycle Cleaner works by creeping to find the hidden soils you can't see, then penetrating and loosening them so a sharp stream of water can remove them</bullet1>
    <bullet2>Corrosion protectant wheel cleaner is a spray-on gel formula that effectively removes "brake dust" (metal particles), road soils and chain lube</bullet2>
    <bullet3>Finish Restorer brightens aluminum stainless steel and chrome engine parts and removes minor scratches and oxidation from paint work; also recommended to reviving clouded plastic windscreens </bullet3>
    <bullet4>Spray on in seconds, rinse off in seconds, and the job is done</bullet4>
    <bullet5>Can be used safely on all plastic, plated and painted surfaces, and won't strip wax</bullet5>
    <bullet6/>
    <bullet7/>
    <bullet8/>
    <bullet9/>
    <bullet10/>
    <bullet11/>
    <bullet12/>
    <bullet13/>
    <bullet14/>
    <bullet15/>
    <bullet16/>
    <bullet17/>
    <bullet18/>
    <bullet19/>
    <bullet20/>
    <bullet21/>
    <bullet22/>
    <bullet23/>
    <bullet24/>
    <vendorPriceUpdateDate>2023-01-23 00:00:00</vendorPriceUpdateDate>
  </part>
  <part>
    <partNumber>SM13350</partNumber>
    <punctuatedPartNumber>SM13350</punctuatedPartNumber>
    <partStatusDescription>STANDARD</partStatusDescription>
    <partDescription>Shine Enhancing Cleanser - 11.8 U.S. fl oz. - Aerosol</partDescription>
    <unitOfMeasure>Each</unitOfMeasure>
    <brandName>S100</brandName>
    <supplierNumber>13350B</supplierNumber>
    <specialInstructions/>
    <baseDealerPrice>8.12</baseDealerPrice>
    <yourDealerPrice>8.12</yourDealerPrice>
    <baseRetailPrice>12.49</baseRetailPrice>
    <originalRetailPrice>12.49</originalRetailPrice>
    <partImage>http://asset.lemansnet.com/z/LzUvMC8zLzUwMzcwRTBGLTE4RDItNEMxNC1CNUI2LTA2MTA4MUMwNDhGQw==</partImage>
    <productId>0713804971</productId>
    <productName>Shine-Enhancing Cleanser</productName>
    <productImage>http://asset.lemansnet.com/z/LzUvMC8zLzUwMzcwRTBGLTE4RDItNEMxNC1CNUI2LTA2MTA4MUMwNDhGQw==</productImage>
    <bullet1>Prepares the surface for the ultimate shine prior to waxing</bullet1>
    <bullet2>Eliminates water spots, film and small blemishes</bullet2>
    <bullet3>Easy on/off with no residue or powder left behind</bullet3>
    <bullet4>Available in 11.8-fluid ounce aerosol cans, 12 per case</bullet4>
    <bullet5/>
    <bullet6/>
    <bullet7/>
    <bullet8/>
    <bullet9/>
    <bullet10/>
    <bullet11/>
    <bullet12/>
    <bullet13/>
    <bullet14/>
    <bullet15/>
    <bullet16/>
    <bullet17/>
    <bullet18/>
    <bullet19/>
    <bullet20/>
    <bullet21/>
    <bullet22/>
    <bullet23/>
    <bullet24/>
    <vendorPriceUpdateDate>2023-01-23 00:00:00</vendorPriceUpdateDate>
  </part>
  <part>
    <partNumber>SM15500G</partNumber>
    <punctuatedPartNumber>SM-15500G</punctuatedPartNumber>
    <partStatusDescription>STANDARD</partStatusDescription>
    <partDescription>Performance Wheel Cleaner - 500ml</partDescription>
    <unitOfMeasure>Each</unitOfMeasure>
    <brandName>S100</brandName>
    <supplierNumber>15500G</supplierNumber>
    <specialInstructions/>
    <baseDealerPrice>7.47</baseDealerPrice>
    <yourDealerPrice>7.47</yourDealerPrice>
    <baseRetailPrice>11.49</baseRetailPrice>
    <originalRetailPrice>11.49</originalRetailPrice>
    <partImage>http://asset.lemansnet.com/z/LzMvMy84LzMzODJEN0Y0LTgxNDEtNDZBQy05NTJGLUZEODI4MTRGMjIxRQ==</partImage>
    <productId>0442833321</productId>
    <productName>Special Performance Wheel Cleaner</productName>
    <productImage>http://asset.lemansnet.com/z/LzMvMy84LzMzODJEN0Y0LTgxNDEtNDZBQy05NTJGLUZEODI4MTRGMjIxRQ==</productImage>
    <bullet1>Special Performance Wheel Cleaner is a spray-on gel formula that effectively removes brake dust (metal particles), road soil and chain lube</bullet1>
    <bullet2>Counteracts the corrosive effects of water, salt, and other sources</bullet2>
    <bullet3>Provides complete surface safety for any type of wheel or wheel finish, including anodized finishes</bullet3>
    <bullet4>Available in 500mL spray bottles, 12 per case</bullet4>
    <bullet5/>
    <bullet6/>
    <bullet7/>
    <bullet8/>
    <bullet9/>
    <bullet10/>
    <bullet11/>
    <bullet12/>
    <bullet13/>
    <bullet14/>
    <bullet15/>
    <bullet16/>
    <bullet17/>
    <bullet18/>
    <bullet19/>
    <bullet20/>
    <bullet21/>
    <bullet22/>
    <bullet23/>
    <bullet24/>
    <vendorPriceUpdateDate>2023-01-23 00:00:00</vendorPriceUpdateDate>
  </part>
  <part>
    <partNumber>37130007</partNumber>
    <punctuatedPartNumber>3713-0007</punctuatedPartNumber>
    <partStatusDescription>STANDARD</partStatusDescription>
    <partDescription>Polishing Soap Kit</partDescription>
    <unitOfMeasure>Each</unitOfMeasure>
    <brandName>S100</brandName>
    <supplierNumber>12300P</supplierNumber>
    <specialInstructions/>
    <baseDealerPrice>7.47</baseDealerPrice>
    <yourDealerPrice>7.47</yourDealerPrice>
    <baseRetailPrice>11.49</baseRetailPrice>
    <originalRetailPrice>11.49</originalRetailPrice>
    <partImage>http://asset.lemansnet.com/z/LzMvQy82LzNDNjdGOTQzLTgzOTAtNEM5Ny1BRkI5LTM1NDhEN0RFNUJFNQ==</partImage>
    <productId>0519004439</productId>
    <productName>Polishing Soap</productName>
    <productImage>http://asset.lemansnet.com/z/LzMvQy82LzNDNjdGOTQzLTgzOTAtNEM5Ny1BRkI5LTM1NDhEN0RFNUJFNQ==</productImage>
    <bullet1>Use on exhaust pipes, handlebars, spokes, exhaust tips, forks, headers, and polished wheels and casings</bullet1>
    <bullet2>Safe for use on fiberglass, porcelain, stainless steel, glass, ceramic, grout, aluminum, and plastic</bullet2>
    <bullet3>Removes minor stains from chrome</bullet3>
    <bullet4>Biodegradable and nontoxic</bullet4>
    <bullet5>10.6-ounce net wt. jar with sponge applicator and tips booklet</bullet5>
    <bullet6>Available 12 per case</bullet6>
    <bullet7>Not for use on painted or anodized surfaces</bullet7>
    <bullet8/>
    <bullet9/>
    <bullet10/>
    <bullet11/>
    <bullet12/>
    <bullet13/>
    <bullet14/>
    <bullet15/>
    <bullet16/>
    <bullet17/>
    <bullet18/>
    <bullet19/>
    <bullet20/>
    <bullet21/>
    <bullet22/>
    <bullet23/>
    <bullet24/>
    <vendorPriceUpdateDate>2023-01-23 00:00:00</vendorPriceUpdateDate>
  </part>
  <part>
    <partNumber>SM12000C</partNumber>
    <punctuatedPartNumber>SM12000C</punctuatedPartNumber>
    <partStatusDescription>STANDARD</partStatusDescription>
    <partDescription>Cycle Care Gift Set</partDescription>
    <unitOfMeasure>Each</unitOfMeasure>
    <brandName>S100</brandName>
    <supplierNumber>12000C</supplierNumber>
    <specialInstructions/>
    <baseDealerPrice>42.22</baseDealerPrice>
    <yourDealerPrice>42.22</yourDealerPrice>
    <baseRetailPrice>64.95</baseRetailPrice>
    <originalRetailPrice>64.95</originalRetailPrice>
    <partImage>http://asset.lemansnet.com/z/LzAvQy82LzBDNjk5MEQ0LTIzNzktNEEwMi05NEU4LTlFMzE3NzFDODQwRA==</partImage>
    <productId>2030352300</productId>
    <productName>Cycle Care Gift Set</productName>
    <productImage>http://asset.lemansnet.com/z/LzAvQy82LzBDNjk5MEQ0LTIzNzktNEEwMi05NEU4LTlFMzE3NzFDODQwRA==</productImage>
    <bullet1>A perfectly organized set that contains and organizes the key items a biker needs to keep their steel in the best shape possible</bullet1>
    <bullet2>Gift pack includes 16.9 oz. of S100 Cleaner, 10 oz. Detail + Wax, 3.56 oz. Finish Restorer, 7.2 oz. Corrosion Protectant, a sponge and an S100 Super Absorbent Drying Towel</bullet2>
    <bullet3>Packaged in a convenient plastic carrying case with form-fitting polystyrene insert to keep products from shifting</bullet3>
    <bullet4>Available 4 kits per case</bullet4>
    <bullet5/>
    <bullet6/>
    <bullet7/>
    <bullet8/>
    <bullet9/>
    <bullet10/>
    <bullet11/>
    <bullet12/>
    <bullet13/>
    <bullet14/>
    <bullet15/>
    <bullet16/>
    <bullet17/>
    <bullet18/>
    <bullet19/>
    <bullet20/>
    <bullet21/>
    <bullet22/>
    <bullet23/>
    <bullet24/>
    <vendorPriceUpdateDate>2023-04-22 00:00:00</vendorPriceUpdateDate>
  </part>
  <part>
    <partNumber>SM13700W</partNumber>
    <punctuatedPartNumber>SM-13700W</punctuatedPartNumber>
    <partStatusDescription>STANDARD</partStatusDescription>
    <partDescription>Paste Wax - 6.2 oz. net wt. - Tub</partDescription>
    <unitOfMeasure>Each</unitOfMeasure>
    <brandName>S100</brandName>
    <supplierNumber>13700W</supplierNumber>
    <specialInstructions>ACTUALLY 6.2 OZ CONTAINER02MAF</specialInstructions>
    <baseDealerPrice>12.97</baseDealerPrice>
    <yourDealerPrice>12.97</yourDealerPrice>
    <baseRetailPrice>19.95</baseRetailPrice>
    <originalRetailPrice>18.95</originalRetailPrice>
    <partImage>http://asset.lemansnet.com/z/LzcvNi8yLzc2MkZBNkJCLTdBRkMtNEI5RS1BMEMyLTY4MzAwOTk5NkMxNg==</partImage>
    <productId>0231925759</productId>
    <productName>Carnauba Paste Wax</productName>
    <productImage>http://asset.lemansnet.com/z/LzcvNi8yLzc2MkZBNkJCLTdBRkMtNEI5RS1BMEMyLTY4MzAwOTk5NkMxNg==</productImage>
    <bullet1>Low effort level - carnauba-blend wax is as easy to use as a liquid</bullet1>
    <bullet2>Leaves no chalky, powdery residue</bullet2>
    <bullet3>Doesn't stain or streak rubber, plastics or black engine parts</bullet3>
    <bullet4>Leaves a great initial shine that lasts</bullet4>
    <bullet5>Available in 6.2-ounce containers, 12 per case</bullet5>
    <bullet6/>
    <bullet7/>
    <bullet8/>
    <bullet9/>
    <bullet10/>
    <bullet11/>
    <bullet12/>
    <bullet13/>
    <bullet14/>
    <bullet15/>
    <bullet16/>
    <bullet17/>
    <bullet18/>
    <bullet19/>
    <bullet20/>
    <bullet21/>
    <bullet22/>
    <bullet23/>
    <bullet24/>
    <vendorPriceUpdateDate>2023-01-23 00:00:00</vendorPriceUpdateDate>
  </part>
  <part>
    <partNumber>SM17075T</partNumber>
    <punctuatedPartNumber>SM-17075T</punctuatedPartNumber>
    <partStatusDescription>STANDARD</partStatusDescription>
    <partDescription>Finish Restorer - 3.5 U.S. fl oz. - Tube</partDescription>
    <unitOfMeasure>Each</unitOfMeasure>
    <brandName>S100</brandName>
    <supplierNumber>17075T</supplierNumber>
    <specialInstructions/>
    <baseDealerPrice>7.47</baseDealerPrice>
    <yourDealerPrice>7.47</yourDealerPrice>
    <baseRetailPrice>11.49</baseRetailPrice>
    <originalRetailPrice>11.49</originalRetailPrice>
    <partImage>http://asset.lemansnet.com/z/LzEvQy85LzFDOUNEQUQyLTk5MjItNEMwMS04NzI1LUQ2NjZCMTAxRkMyRQ==</partImage>
    <productId>1649677997</productId>
    <productName>Finish Restorer</productName>
    <productImage>http://asset.lemansnet.com/z/LzEvQy85LzFDOUNEQUQyLTk5MjItNEMwMS04NzI1LUQ2NjZCMTAxRkMyRQ==</productImage>
    <bullet1>Brightens aluminum, stainless steel and chrome engine parts, and removes minor scratches and oxidation from paint work</bullet1>
    <bullet2>Also recommended for reviving clouded plastic windscreens</bullet2>
    <bullet3>Perfect for small areas</bullet3>
    <bullet4>Available in 3.56-ounce tubes, 15 per case</bullet4>
    <bullet5/>
    <bullet6/>
    <bullet7/>
    <bullet8/>
    <bullet9/>
    <bullet10/>
    <bullet11/>
    <bullet12/>
    <bullet13/>
    <bullet14/>
    <bullet15/>
    <bullet16/>
    <bullet17/>
    <bullet18/>
    <bullet19/>
    <bullet20/>
    <bullet21/>
    <bullet22/>
    <bullet23/>
    <bullet24/>
    <vendorPriceUpdateDate>2023-01-23 00:00:00</vendorPriceUpdateDate>
  </part>
  <part>
    <partNumber>SM18400A</partNumber>
    <punctuatedPartNumber>SM-18400A</punctuatedPartNumber>
    <partStatusDescription>STANDARD</partStatusDescription>
    <partDescription>Detail &amp; Wax - 10 oz. net wt. - Aerosol</partDescription>
    <unitOfMeasure>Each</unitOfMeasure>
    <brandName>S100</brandName>
    <supplierNumber>18400A</supplierNumber>
    <specialInstructions/>
    <baseDealerPrice>9.08</baseDealerPrice>
    <yourDealerPrice>9.08</yourDealerPrice>
    <baseRetailPrice>13.95</baseRetailPrice>
    <originalRetailPrice>11.95</originalRetailPrice>
    <partImage>http://asset.lemansnet.com/z/LzYvMC83LzYwN0Y5NzVELTc1ODMtNEZCNy04NjNGLUFCOUE2NzFCRDFENg==</partImage>
    <productId>1761478675</productId>
    <productName>Detail &amp; Wax</productName>
    <productImage>http://asset.lemansnet.com/z/LzYvMC83LzYwN0Y5NzVELTc1ODMtNEZCNy04NjNGLUFCOUE2NzFCRDFENg==</productImage>
    <bullet1>Spray it on and cut through road soil, rain film and other contaminants</bullet1>
    <bullet2>Wipe off and it leaves behind a brilliant shine</bullet2>
    <bullet3>Combines two natural waxes: beeswax and carnauba for a shine that lasts almost as long as a paste wax</bullet3>
    <bullet4>Minimize your cleaning time and wax your machine at the same time</bullet4>
    <bullet5>Available in 10-ounce net wt. aerosol cans, 12 per case</bullet5>
    <bullet6/>
    <bullet7/>
    <bullet8/>
    <bullet9/>
    <bullet10/>
    <bullet11/>
    <bullet12/>
    <bullet13/>
    <bullet14/>
    <bullet15/>
    <bullet16/>
    <bullet17/>
    <bullet18/>
    <bullet19/>
    <bullet20/>
    <bullet21/>
    <bullet22/>
    <bullet23/>
    <bullet24/>
    <vendorPriceUpdateDate>2023-01-23 00:00:00</vendorPriceUpdateDate>
  </part>
  <part>
    <partNumber>SM19200A</partNumber>
    <punctuatedPartNumber>SM-19200A</punctuatedPartNumber>
    <partStatusDescription>STANDARD</partStatusDescription>
    <partDescription>Engine Brightener - 4.5 oz. net wt. - Aerosol</partDescription>
    <unitOfMeasure>Each</unitOfMeasure>
    <brandName>S100</brandName>
    <supplierNumber>19200A</supplierNumber>
    <specialInstructions/>
    <baseDealerPrice>7.77</baseDealerPrice>
    <yourDealerPrice>7.77</yourDealerPrice>
    <baseRetailPrice>11.95</baseRetailPrice>
    <originalRetailPrice>10.95</originalRetailPrice>
    <partImage>http://asset.lemansnet.com/z/L0UvMS9GL0UxRjE5NEI2LTQxNzktNEFCNi1COTgzLUQ4MkFDMzMxREUwRQ==</partImage>
    <productId>1988991885</productId>
    <productName>Engine Brightener</productName>
    <productImage>http://asset.lemansnet.com/z/L0UvMS9GL0UxRjE5NEI2LTQxNzktNEFCNi1COTgzLUQ4MkFDMzMxREUwRQ==</productImage>
    <bullet1>Returns dull black paint to looking brand new</bullet1>
    <bullet2>Bonds to a surface as it heats up; won't break down like other protectants</bullet2>
    <bullet3>Withstands washings and rainstorms</bullet3>
    <bullet4>Use on black-painted engine cylinders and cases, cables, rubber hoses, plastic components and many other surfaces.</bullet4>
    <bullet5>Available in 4.5-ounce net wt. aerosol cans, 12 per case</bullet5>
    <bullet6/>
    <bullet7/>
    <bullet8/>
    <bullet9/>
    <bullet10/>
    <bullet11/>
    <bullet12/>
    <bullet13/>
    <bullet14/>
    <bullet15/>
    <bullet16/>
    <bullet17/>
    <bullet18/>
    <bullet19/>
    <bullet20/>
    <bullet21/>
    <bullet22/>
    <bullet23/>
    <bullet24/>
    <vendorPriceUpdateDate>2023-01-23 00:00:00</vendorPriceUpdateDate>
  </part>
  <part>
    <partNumber>37060001</partNumber>
    <punctuatedPartNumber>3706-0001</punctuatedPartNumber>
    <partStatusDescription>STANDARD</partStatusDescription>
    <partDescription>Polish Detailing Set</partDescription>
    <unitOfMeasure>Each</unitOfMeasure>
    <brandName>S100</brandName>
    <supplierNumber>12025D</supplierNumber>
    <specialInstructions/>
    <baseDealerPrice>7.12</baseDealerPrice>
    <yourDealerPrice>7.12</yourDealerPrice>
    <baseRetailPrice>10.95</baseRetailPrice>
    <originalRetailPrice>10.95</originalRetailPrice>
    <partImage>http://asset.lemansnet.com/z/LzQvQi9FLzRCRTc0NkJBLTIyNDgtNERGMy05RDFDLTFEQUQ0RjlGOEUxNA==</partImage>
    <productId>1257346776</productId>
    <productName>Polish Detailing Set</productName>
    <productImage>http://asset.lemansnet.com/z/LzQvQi9FLzRCRTc0NkJBLTIyNDgtNERGMy05RDFDLTFEQUQ0RjlGOEUxNA==</productImage>
    <bullet1>Includes 25 flexible swabs and an ultra-soft dusting and polishing cloth</bullet1>
    <bullet2>Swabs are great for cleaning in tight areas like cooling fins, swingarms, etc.; use swabs to apply S100 Total Cycle Cleaner or S100 Corrosion Protectant, etc.</bullet2>
    <bullet3>Swabs can be bent to a 90° angle to reach around corners</bullet3>
    <bullet4>Polishing cloth can be used for removing light dust or rubbing out polishes and waxes</bullet4>
    <bullet5/>
    <bullet6/>
    <bullet7/>
    <bullet8/>
    <bullet9/>
    <bullet10/>
    <bullet11/>
    <bullet12/>
    <bullet13/>
    <bullet14/>
    <bullet15/>
    <bullet16/>
    <bullet17/>
    <bullet18/>
    <bullet19/>
    <bullet20/>
    <bullet21/>
    <bullet22/>
    <bullet23/>
    <bullet24/>
    <vendorPriceUpdateDate>2023-04-22 00:00:00</vendorPriceUpdateDate>
  </part>
  <part>
    <partNumber>37060006</partNumber>
    <punctuatedPartNumber>3706-0006</punctuatedPartNumber>
    <partStatusDescription>STANDARD</partStatusDescription>
    <partDescription>Detail Swabs - 50 Pack</partDescription>
    <unitOfMeasure>Each</unitOfMeasure>
    <brandName>S100</brandName>
    <supplierNumber>12026S</supplierNumber>
    <specialInstructions/>
    <baseDealerPrice>7.47</baseDealerPrice>
    <yourDealerPrice>7.47</yourDealerPrice>
    <baseRetailPrice>11.49</baseRetailPrice>
    <originalRetailPrice>11.49</originalRetailPrice>
    <partImage>http://asset.lemansnet.com/z/LzkvMC8zLzkwM0I1MjcxLUFBQzUtNDZBQi1CRUE2LUNGRDdGNTk1QjE1RQ==</partImage>
    <productId>0214216894</productId>
    <productName>Detailing Swabs</productName>
    <productImage>http://asset.lemansnet.com/z/LzkvMC8zLzkwM0I1MjcxLUFBQzUtNDZBQi1CRUE2LUNGRDdGNTk1QjE1RQ==</productImage>
    <bullet1>Flexible design allows cleaning of hard-to-reach places</bullet1>
    <bullet2/>
    <bullet3/>
    <bullet4/>
    <bullet5/>
    <bullet6/>
    <bullet7/>
    <bullet8/>
    <bullet9/>
    <bullet10/>
    <bullet11/>
    <bullet12/>
    <bullet13/>
    <bullet14/>
    <bullet15/>
    <bullet16/>
    <bullet17/>
    <bullet18/>
    <bullet19/>
    <bullet20/>
    <bullet21/>
    <bullet22/>
    <bullet23/>
    <bullet24/>
    <vendorPriceUpdateDate>2023-04-22 00:00:00</vendorPriceUpdateDate>
  </part>
  <part>
    <partNumber>37040050</partNumber>
    <punctuatedPartNumber>3704-0050</punctuatedPartNumber>
    <partStatusDescription>STANDARD</partStatusDescription>
    <partDescription>Special Surface Cleaner - 10.1 U.S. fl oz.</partDescription>
    <unitOfMeasure>Each</unitOfMeasure>
    <brandName>S100</brandName>
    <supplierNumber>12301F</supplierNumber>
    <specialInstructions/>
    <baseDealerPrice>7.77</baseDealerPrice>
    <yourDealerPrice>7.77</yourDealerPrice>
    <baseRetailPrice>11.95</baseRetailPrice>
    <originalRetailPrice>11.95</originalRetailPrice>
    <partImage>http://asset.lemansnet.com/z/LzEvMi8zLzEyMzZFMEVELTZDRTUtNEQxRS1BQUNBLUMwMkY3NzQzRUE1Ng==</partImage>
    <productId>1290069844</productId>
    <productName>Special Surfaces Cleaner</productName>
    <productImage>http://asset.lemansnet.com/z/LzEvMi8zLzEyMzZFMEVELTZDRTUtNEQxRS1BQUNBLUMwMkY3NzQzRUE1Ng==</productImage>
    <bullet1>Spray-on cleaner designed specifically for cleaning plastic surfaces</bullet1>
    <bullet2>Ideal for helmets, face shields, fairings and windshields</bullet2>
    <bullet3>Spray on and wipe off</bullet3>
    <bullet4>Anti-streak and low-residue properties</bullet4>
    <bullet5>Available in 10.1-fluid ounce spray bottles, 12 per case</bullet5>
    <bullet6/>
    <bullet7/>
    <bullet8/>
    <bullet9/>
    <bullet10/>
    <bullet11/>
    <bullet12/>
    <bullet13/>
    <bullet14/>
    <bullet15/>
    <bullet16/>
    <bullet17/>
    <bullet18/>
    <bullet19/>
    <bullet20/>
    <bullet21/>
    <bullet22/>
    <bullet23/>
    <bullet24/>
    <vendorPriceUpdateDate>2023-01-23 00:00:00</vendorPriceUpdateDate>
  </part>
</root>
