<root>
  <part>
    <partNumber>07070003</partNumber>
    <punctuatedPartNumber>0707-0003</punctuatedPartNumber>
    <partStatusDescription>STANDARD</partStatusDescription>
    <partDescription>In-Line Fuel Filters - 1.625" - 20-Pack</partDescription>
    <unitOfMeasure>20 Pack</unitOfMeasure>
    <brandName>VISU - FILTER</brandName>
    <supplierNumber>8424 01 9909</supplierNumber>
    <specialInstructions/>
    <baseDealerPrice>132.00</baseDealerPrice>
    <yourDealerPrice>132.00</yourDealerPrice>
    <baseRetailPrice>10.95</baseRetailPrice>
    <originalRetailPrice>10.95</originalRetailPrice>
    <partImage>http://asset.lemansnet.com/z/LzgvRS84LzhFODQ1MUEwLTFGMzgtNDFBNS1BQjVGLTI5NjMzMkMxRDE3Qw==</partImage>
    <productId>1048877040</productId>
    <productName>In-Line Fuel Filters</productName>
    <productImage>http://asset.lemansnet.com/z/L0MvQi9EL0NCRDJDMkYzLThGNTEtNENBNS05RjZCLTY3NEMyQkIyNTI4MA==</productImage>
    <bullet1>High-impact nylon housing</bullet1>
    <bullet2>Sonically welded for no-leak, no-break performance</bullet2>
    <bullet3/>
    <bullet4/>
    <bullet5/>
    <bullet6/>
    <bullet7/>
    <bullet8/>
    <bullet9/>
    <bullet10/>
    <bullet11/>
    <bullet12/>
    <bullet13/>
    <bullet14/>
    <bullet15/>
    <bullet16/>
    <bullet17/>
    <bullet18/>
    <bullet19/>
    <bullet20/>
    <bullet21/>
    <bullet22/>
    <bullet23/>
    <bullet24/>
    <vendorPriceUpdateDate>2023-04-22 00:00:00</vendorPriceUpdateDate>
  </part>
  <part>
    <partNumber>07070009</partNumber>
    <punctuatedPartNumber>0707-0009</punctuatedPartNumber>
    <partStatusDescription>STANDARD</partStatusDescription>
    <partDescription>In-Line Fuel Filters - 3.558" - 8-Pack</partDescription>
    <unitOfMeasure>8 Pack</unitOfMeasure>
    <brandName>VISU - FILTER</brandName>
    <supplierNumber>8478 02 9909</supplierNumber>
    <specialInstructions>ACT SOLD TO DEALR AS CD/802DLW</specialInstructions>
    <baseDealerPrice>22.60</baseDealerPrice>
    <yourDealerPrice>22.60</yourDealerPrice>
    <baseRetailPrice>4.95</baseRetailPrice>
    <originalRetailPrice>5.95</originalRetailPrice>
    <partImage>http://asset.lemansnet.com/z/L0UvQy9DL0VDQ0E2ODJBLTRDNTktNEQwNy1BQzZELUNBMUU1Q0NGRDZGNg==</partImage>
    <productId>1048877040</productId>
    <productName>In-Line Fuel Filters</productName>
    <productImage>http://asset.lemansnet.com/z/L0MvQi9EL0NCRDJDMkYzLThGNTEtNENBNS05RjZCLTY3NEMyQkIyNTI4MA==</productImage>
    <bullet1>High-impact nylon housing</bullet1>
    <bullet2>Sonically welded for no-leak, no-break performance</bullet2>
    <bullet3/>
    <bullet4/>
    <bullet5/>
    <bullet6/>
    <bullet7/>
    <bullet8/>
    <bullet9/>
    <bullet10/>
    <bullet11/>
    <bullet12/>
    <bullet13/>
    <bullet14/>
    <bullet15/>
    <bullet16/>
    <bullet17/>
    <bullet18/>
    <bullet19/>
    <bullet20/>
    <bullet21/>
    <bullet22/>
    <bullet23/>
    <bullet24/>
    <vendorPriceUpdateDate>2023-04-22 00:00:00</vendorPriceUpdateDate>
  </part>
  <part>
    <partNumber>07070036</partNumber>
    <punctuatedPartNumber>0707-0036</punctuatedPartNumber>
    <partStatusDescription>STANDARD</partStatusDescription>
    <partDescription>In-Line Fuel Filters - 1" - 20-Pack</partDescription>
    <unitOfMeasure>20 Pack</unitOfMeasure>
    <brandName>VISU - FILTER</brandName>
    <supplierNumber>8415 01 9909</supplierNumber>
    <specialInstructions>FOR 90 DEGREE USE 707C 02NAB</specialInstructions>
    <baseDealerPrice>43.60</baseDealerPrice>
    <yourDealerPrice>43.60</yourDealerPrice>
    <baseRetailPrice>3.95</baseRetailPrice>
    <originalRetailPrice>4.95</originalRetailPrice>
    <partImage>http://asset.lemansnet.com/z/L0UvOC9EL0U4RDQxNTQ5LUVGOUUtNDE4Mi05QTg3LURBQUFDNTUyNUU4Qg==</partImage>
    <productId>1048877040</productId>
    <productName>In-Line Fuel Filters</productName>
    <productImage>http://asset.lemansnet.com/z/L0MvQi9EL0NCRDJDMkYzLThGNTEtNENBNS05RjZCLTY3NEMyQkIyNTI4MA==</productImage>
    <bullet1>High-impact nylon housing</bullet1>
    <bullet2>Sonically welded for no-leak, no-break performance</bullet2>
    <bullet3/>
    <bullet4/>
    <bullet5/>
    <bullet6/>
    <bullet7/>
    <bullet8/>
    <bullet9/>
    <bullet10/>
    <bullet11/>
    <bullet12/>
    <bullet13/>
    <bullet14/>
    <bullet15/>
    <bullet16/>
    <bullet17/>
    <bullet18/>
    <bullet19/>
    <bullet20/>
    <bullet21/>
    <bullet22/>
    <bullet23/>
    <bullet24/>
    <vendorPriceUpdateDate>2023-04-22 00:00:00</vendorPriceUpdateDate>
  </part>
  <part>
    <partNumber>601C</partNumber>
    <punctuatedPartNumber>601C</punctuatedPartNumber>
    <partStatusDescription>STANDARD</partStatusDescription>
    <partDescription>In-Line Fuel Filters - 1" - 20-Pack</partDescription>
    <unitOfMeasure>20 Pack</unitOfMeasure>
    <brandName>VISU - FILTER</brandName>
    <supplierNumber>8417 01 9909</supplierNumber>
    <specialInstructions>SOLD IN CARDS OF 20 q02</specialInstructions>
    <baseDealerPrice>108.00</baseDealerPrice>
    <yourDealerPrice>108.00</yourDealerPrice>
    <baseRetailPrice>8.95</baseRetailPrice>
    <originalRetailPrice>8.95</originalRetailPrice>
    <partImage>http://asset.lemansnet.com/z/L0QvMC8xL0QwMUJBRUNBLTlGN0QtNDA3Qy1BQjRELTk3QkI2RjJDRUIwMg==</partImage>
    <productId>1048877040</productId>
    <productName>In-Line Fuel Filters</productName>
    <productImage>http://asset.lemansnet.com/z/L0MvQi9EL0NCRDJDMkYzLThGNTEtNENBNS05RjZCLTY3NEMyQkIyNTI4MA==</productImage>
    <bullet1>High-impact nylon housing</bullet1>
    <bullet2>Sonically welded for no-leak, no-break performance</bullet2>
    <bullet3/>
    <bullet4/>
    <bullet5/>
    <bullet6/>
    <bullet7/>
    <bullet8/>
    <bullet9/>
    <bullet10/>
    <bullet11/>
    <bullet12/>
    <bullet13/>
    <bullet14/>
    <bullet15/>
    <bullet16/>
    <bullet17/>
    <bullet18/>
    <bullet19/>
    <bullet20/>
    <bullet21/>
    <bullet22/>
    <bullet23/>
    <bullet24/>
    <vendorPriceUpdateDate>2023-04-22 00:00:00</vendorPriceUpdateDate>
  </part>
  <part>
    <partNumber>861C</partNumber>
    <punctuatedPartNumber>861C</punctuatedPartNumber>
    <partStatusDescription>STANDARD</partStatusDescription>
    <partDescription>In-Line Fuel Filter - 1/4" - 20-Pack</partDescription>
    <unitOfMeasure>20 Pack</unitOfMeasure>
    <brandName>VISU - FILTER</brandName>
    <supplierNumber>8438 03 9909</supplierNumber>
    <specialInstructions/>
    <baseDealerPrice>63.70</baseDealerPrice>
    <yourDealerPrice>63.70</yourDealerPrice>
    <baseRetailPrice>5.95</baseRetailPrice>
    <originalRetailPrice>6.95</originalRetailPrice>
    <partImage>http://asset.lemansnet.com/z/LzgvOS9ELzg5RDk3NUZBLTM4RjItNDhBQy1BMjM4LUQwNzMxOUVFRjI1Nw==</partImage>
    <productId>1007809860</productId>
    <productName>High-Flow In-Line Filter</productName>
    <productImage>http://asset.lemansnet.com/z/LzgvOS9ELzg5RDk3NUZBLTM4RjItNDhBQy1BMjM4LUQwNzMxOUVFRjI1Nw==</productImage>
    <bullet1>Fit 1/4" fuel lines</bullet1>
    <bullet2>High-impact nylon housings</bullet2>
    <bullet3>Sonically welded for no-leak, no-break performance</bullet3>
    <bullet4>Gravity flow rate of 7.6 gallons per hour compared to typical in-line filters with 2 to 4.5 gallons per hour</bullet4>
    <bullet5>Sold per display card of 20; sold to customer as each</bullet5>
    <bullet6/>
    <bullet7/>
    <bullet8/>
    <bullet9/>
    <bullet10/>
    <bullet11/>
    <bullet12/>
    <bullet13/>
    <bullet14/>
    <bullet15/>
    <bullet16/>
    <bullet17/>
    <bullet18/>
    <bullet19/>
    <bullet20/>
    <bullet21/>
    <bullet22/>
    <bullet23/>
    <bullet24/>
    <vendorPriceUpdateDate>2023-04-22 00:00:00</vendorPriceUpdateDate>
  </part>
  <part>
    <partNumber>704C</partNumber>
    <punctuatedPartNumber>704C</punctuatedPartNumber>
    <partStatusDescription>STANDARD</partStatusDescription>
    <partDescription>In-Line Fuel Filters - 3" - 20-Pack</partDescription>
    <unitOfMeasure>20 Pack</unitOfMeasure>
    <brandName>VISU - FILTER</brandName>
    <supplierNumber>8430 01 9909</supplierNumber>
    <specialInstructions/>
    <baseDealerPrice>106.80</baseDealerPrice>
    <yourDealerPrice>106.80</yourDealerPrice>
    <baseRetailPrice>8.95</baseRetailPrice>
    <originalRetailPrice>9.95</originalRetailPrice>
    <partImage>http://asset.lemansnet.com/z/L0MvQi9EL0NCRDJDMkYzLThGNTEtNENBNS05RjZCLTY3NEMyQkIyNTI4MA==</partImage>
    <productId>1048877040</productId>
    <productName>In-Line Fuel Filters</productName>
    <productImage>http://asset.lemansnet.com/z/L0MvQi9EL0NCRDJDMkYzLThGNTEtNENBNS05RjZCLTY3NEMyQkIyNTI4MA==</productImage>
    <bullet1>High-impact nylon housing</bullet1>
    <bullet2>Sonically welded for no-leak, no-break performance</bullet2>
    <bullet3/>
    <bullet4/>
    <bullet5/>
    <bullet6/>
    <bullet7/>
    <bullet8/>
    <bullet9/>
    <bullet10/>
    <bullet11/>
    <bullet12/>
    <bullet13/>
    <bullet14/>
    <bullet15/>
    <bullet16/>
    <bullet17/>
    <bullet18/>
    <bullet19/>
    <bullet20/>
    <bullet21/>
    <bullet22/>
    <bullet23/>
    <bullet24/>
    <vendorPriceUpdateDate>2023-04-22 00:00:00</vendorPriceUpdateDate>
  </part>
  <part>
    <partNumber>701C</partNumber>
    <punctuatedPartNumber>701C</punctuatedPartNumber>
    <partStatusDescription>STANDARD</partStatusDescription>
    <partDescription>In-Line Fuel Filters - 2" - 20-Pack</partDescription>
    <unitOfMeasure>20 Pack</unitOfMeasure>
    <brandName>VISU - FILTER</brandName>
    <supplierNumber>8420 01 9909</supplierNumber>
    <specialInstructions/>
    <baseDealerPrice>59.00</baseDealerPrice>
    <yourDealerPrice>59.00</yourDealerPrice>
    <baseRetailPrice>4.95</baseRetailPrice>
    <originalRetailPrice>4.95</originalRetailPrice>
    <partImage>http://asset.lemansnet.com/z/LzAvOC81LzA4NTg3MjA1LTU4QUEtNDI4My04NjAwLUU1RTA2QkU1NEIxNA==</partImage>
    <productId>1048877040</productId>
    <productName>In-Line Fuel Filters</productName>
    <productImage>http://asset.lemansnet.com/z/L0MvQi9EL0NCRDJDMkYzLThGNTEtNENBNS05RjZCLTY3NEMyQkIyNTI4MA==</productImage>
    <bullet1>High-impact nylon housing</bullet1>
    <bullet2>Sonically welded for no-leak, no-break performance</bullet2>
    <bullet3/>
    <bullet4/>
    <bullet5/>
    <bullet6/>
    <bullet7/>
    <bullet8/>
    <bullet9/>
    <bullet10/>
    <bullet11/>
    <bullet12/>
    <bullet13/>
    <bullet14/>
    <bullet15/>
    <bullet16/>
    <bullet17/>
    <bullet18/>
    <bullet19/>
    <bullet20/>
    <bullet21/>
    <bullet22/>
    <bullet23/>
    <bullet24/>
    <vendorPriceUpdateDate>2023-04-22 00:00:00</vendorPriceUpdateDate>
  </part>
  <part>
    <partNumber>901C</partNumber>
    <punctuatedPartNumber>901C</punctuatedPartNumber>
    <partStatusDescription>STANDARD</partStatusDescription>
    <partDescription>In-Line Fuel Filters - .5" - 20-Pack</partDescription>
    <unitOfMeasure>20 Pack</unitOfMeasure>
    <brandName>VISU - FILTER</brandName>
    <supplierNumber>8444 01 9909</supplierNumber>
    <specialInstructions/>
    <baseDealerPrice>56.60</baseDealerPrice>
    <yourDealerPrice>56.60</yourDealerPrice>
    <baseRetailPrice>5.95</baseRetailPrice>
    <originalRetailPrice>5.95</originalRetailPrice>
    <partImage>http://asset.lemansnet.com/z/L0YvRS9DL0ZFQzExMTE4LUYzMEYtNEQ1Qi04MjlFLTJENTY2MjEwNEVEOQ==</partImage>
    <productId>1048877040</productId>
    <productName>In-Line Fuel Filters</productName>
    <productImage>http://asset.lemansnet.com/z/L0MvQi9EL0NCRDJDMkYzLThGNTEtNENBNS05RjZCLTY3NEMyQkIyNTI4MA==</productImage>
    <bullet1>High-impact nylon housing</bullet1>
    <bullet2>Sonically welded for no-leak, no-break performance</bullet2>
    <bullet3/>
    <bullet4/>
    <bullet5/>
    <bullet6/>
    <bullet7/>
    <bullet8/>
    <bullet9/>
    <bullet10/>
    <bullet11/>
    <bullet12/>
    <bullet13/>
    <bullet14/>
    <bullet15/>
    <bullet16/>
    <bullet17/>
    <bullet18/>
    <bullet19/>
    <bullet20/>
    <bullet21/>
    <bullet22/>
    <bullet23/>
    <bullet24/>
    <vendorPriceUpdateDate>2023-04-22 00:00:00</vendorPriceUpdateDate>
  </part>
</root>
