<root>
  <part>
    <partNumber>10500108</partNumber>
    <punctuatedPartNumber>1050-0108</punctuatedPartNumber>
    <partStatusDescription>DISCONTINUED</partStatusDescription>
    <partDescription>Replacement Carburetor Top - Honda</partDescription>
    <unitOfMeasure>Each</unitOfMeasure>
    <brandName>BBR MOTORSPORTS</brandName>
    <supplierNumber>510-HXR-5105</supplierNumber>
    <specialInstructions>Discontinued P/Byr</specialInstructions>
    <baseDealerPrice>11.90</baseDealerPrice>
    <yourDealerPrice>11.90</yourDealerPrice>
    <baseRetailPrice>16.95</baseRetailPrice>
    <originalRetailPrice>18.95</originalRetailPrice>
    <partImage>http://asset.lemansnet.com/z/L0EvQy84L0FDOEY4MzlELUQ0RDgtNEExNi04NTAyLTNDRjhGMkYxNUY4Qg==</partImage>
    <productId>0428583363</productId>
    <productName>Replacement Carburetor Top</productName>
    <productImage>http://asset.lemansnet.com/z/L0EvQy84L0FDOEY4MzlELUQ0RDgtNEExNi04NTAyLTNDRjhGMkYxNUY4Qg==</productImage>
    <bullet1>Manufactured from billet aluminum</bullet1>
    <bullet2>Andodized red for the factory look</bullet2>
    <bullet3>Easy to install</bullet3>
    <bullet4/>
    <bullet5/>
    <bullet6/>
    <bullet7/>
    <bullet8/>
    <bullet9/>
    <bullet10/>
    <bullet11/>
    <bullet12/>
    <bullet13/>
    <bullet14/>
    <bullet15/>
    <bullet16/>
    <bullet17/>
    <bullet18/>
    <bullet19/>
    <bullet20/>
    <bullet21/>
    <bullet22/>
    <bullet23/>
    <bullet24/>
    <vendorPriceUpdateDate>2023-03-08 00:00:00</vendorPriceUpdateDate>
  </part>
  <part>
    <partNumber>05060213</partNumber>
    <punctuatedPartNumber>0506-0213</punctuatedPartNumber>
    <partStatusDescription>DISCONTINUED</partStatusDescription>
    <partDescription>Frame Cradle - Black - Honda</partDescription>
    <unitOfMeasure>Each</unitOfMeasure>
    <brandName>BBR MOTORSPORTS</brandName>
    <supplierNumber>320-HXR-1011</supplierNumber>
    <specialInstructions>Discontinued P/Byr</specialInstructions>
    <baseDealerPrice>147.00</baseDealerPrice>
    <yourDealerPrice>147.00</yourDealerPrice>
    <baseRetailPrice>209.95</baseRetailPrice>
    <originalRetailPrice>301.95</originalRetailPrice>
    <partImage>http://asset.lemansnet.com/z/LzUvNS83LzU1N0UwNUFCLTAyMUQtNEE3MS1CREJCLTQ4QjlEQTk5M0FBRg==</partImage>
    <productId>1573915539</productId>
    <productName>Aluminum Frame Cradle</productName>
    <productImage>http://asset.lemansnet.com/z/LzUvNS83LzU1N0UwNUFCLTAyMUQtNEE3MS1CREJCLTQ4QjlEQTk5M0FBRg==</productImage>
    <bullet1>Protects the engine and helps prevent frame stretching and breakage</bullet1>
    <bullet2/>
    <bullet3/>
    <bullet4/>
    <bullet5/>
    <bullet6/>
    <bullet7/>
    <bullet8/>
    <bullet9/>
    <bullet10/>
    <bullet11/>
    <bullet12/>
    <bullet13/>
    <bullet14/>
    <bullet15/>
    <bullet16/>
    <bullet17/>
    <bullet18/>
    <bullet19/>
    <bullet20/>
    <bullet21/>
    <bullet22/>
    <bullet23/>
    <bullet24/>
    <vendorPriceUpdateDate>2023-03-08 00:00:00</vendorPriceUpdateDate>
  </part>
  <part>
    <partNumber>10111503</partNumber>
    <punctuatedPartNumber>1011-1503</punctuatedPartNumber>
    <partStatusDescription>DISCONTINUED</partStatusDescription>
    <partDescription>Airbox Removal Bracket</partDescription>
    <unitOfMeasure>Each</unitOfMeasure>
    <brandName>BBR MOTORSPORTS</brandName>
    <supplierNumber>430-KLX-1109</supplierNumber>
    <specialInstructions>Discontinued P/Byr</specialInstructions>
    <baseDealerPrice>14.70</baseDealerPrice>
    <yourDealerPrice>14.70</yourDealerPrice>
    <baseRetailPrice>20.95</baseRetailPrice>
    <originalRetailPrice>23.95</originalRetailPrice>
    <partImage>http://asset.lemansnet.com/z/LzgvNi8wLzg2MEU0MDU3LTEwRkYtNDg3MC1CQjFGLUQ4MUY3QjM5RDk2RiwvQi9BLzgvQkE4RTg3QzktNDFFMy00N0RDLUFCNTctNUI3OEE1NEQ0MzJF</partImage>
    <productId>0122934897</productId>
    <productName>Airbox Removal Bracket</productName>
    <productImage>http://asset.lemansnet.com/z/L0IvQS84L0JBOEU4N0M5LTQxRTMtNDdEQy1BQjU3LTVCNzhBNTRENDMyRQ==</productImage>
    <bullet1>This bracket supports the shroud when OEM airbox is removed</bullet1>
    <bullet2/>
    <bullet3/>
    <bullet4/>
    <bullet5/>
    <bullet6/>
    <bullet7/>
    <bullet8/>
    <bullet9/>
    <bullet10/>
    <bullet11/>
    <bullet12/>
    <bullet13/>
    <bullet14/>
    <bullet15/>
    <bullet16/>
    <bullet17/>
    <bullet18/>
    <bullet19/>
    <bullet20/>
    <bullet21/>
    <bullet22/>
    <bullet23/>
    <bullet24/>
    <vendorPriceUpdateDate>2023-03-08 00:00:00</vendorPriceUpdateDate>
  </part>
  <part>
    <partNumber>10111499</partNumber>
    <punctuatedPartNumber>1011-1499</punctuatedPartNumber>
    <partStatusDescription>DISCONTINUED</partStatusDescription>
    <partDescription>U-Flow Power Chamber Air Filter Kit - Kawasaki/Suzuki</partDescription>
    <unitOfMeasure>Kit</unitOfMeasure>
    <brandName>BBR MOTORSPORTS</brandName>
    <supplierNumber>430-KLX-1110</supplierNumber>
    <specialInstructions>Discontinued P/Byr</specialInstructions>
    <baseDealerPrice>102.90</baseDealerPrice>
    <yourDealerPrice>102.90</yourDealerPrice>
    <baseRetailPrice>146.95</baseRetailPrice>
    <originalRetailPrice>162.95</originalRetailPrice>
    <partImage>http://asset.lemansnet.com/z/LzkvMC9GLzkwRjA1QkIyLTlEREUtNDlDMy05NUNGLTI3MDgzNzFDMEM3NQ==</partImage>
    <productId>1839600916</productId>
    <productName>U-Flow Power Chamber Air Filter Kit</productName>
    <productImage>http://asset.lemansnet.com/z/LzEvNC9BLzE0QUZENEQ5LUY3MDEtNDk3QS1BQTMxLUYyOEZBNDE4OTdDMw==</productImage>
    <bullet1>System turns the filter around so it faces backwards, keeping it shielded from dirt and mud</bullet1>
    <bullet2>Delivers a high volume of air to your carburetor resulting in sharper throttle response</bullet2>
    <bullet3>Innovative upgrade allows the bike to be jetted for optimum performance</bullet3>
    <bullet4>Comes with a high-volume oversized Uni filter maximizing air flow</bullet4>
    <bullet5/>
    <bullet6/>
    <bullet7/>
    <bullet8/>
    <bullet9/>
    <bullet10/>
    <bullet11/>
    <bullet12/>
    <bullet13/>
    <bullet14/>
    <bullet15/>
    <bullet16/>
    <bullet17/>
    <bullet18/>
    <bullet19/>
    <bullet20/>
    <bullet21/>
    <bullet22/>
    <bullet23/>
    <bullet24/>
    <vendorPriceUpdateDate>2023-04-22 00:00:00</vendorPriceUpdateDate>
  </part>
</root>
