<root>
  <part>
    <partNumber>DS194502</partNumber>
    <punctuatedPartNumber>DS-194502</punctuatedPartNumber>
    <partStatusDescription>DISCONTINUED</partStatusDescription>
    <partDescription>Oil Pump Big Twin</partDescription>
    <unitOfMeasure>Kit</unitOfMeasure>
    <brandName>TP ENGINEERING</brandName>
    <supplierNumber>45-0151-12</supplierNumber>
    <specialInstructions>DISCONTINUED ITEM</specialInstructions>
    <baseDealerPrice>312.00</baseDealerPrice>
    <yourDealerPrice>312.00</yourDealerPrice>
    <baseRetailPrice>524.95</baseRetailPrice>
    <originalRetailPrice>524.95</originalRetailPrice>
    <partImage>http://asset.lemansnet.com/z/LzYvRi9FLzZGRTg1NUQ3LUZFMDMtNDk5QS1CREVCLThFMjc5NTdBQTlGNw==</partImage>
    <productId>0765586185</productId>
    <productName>Pro-Series® Billet Oil Pump Assembly</productName>
    <productImage>http://asset.lemansnet.com/z/L0YvRi8wL0ZGMEVCRDE1LURCNjctNDhEOC05Q0JCLUM1RUI4MkY0MEQyMg==</productImage>
    <bullet1>Constructed of high-quality billet aluminum with a polished finish</bullet1>
    <bullet2>Unique three-valve system delivers 8-10 lb. of oil pressure to the crankshaft at idle (all other oil pumps have a pressure valve that closes at idle, denying the crankshaft oil flow at idle)</bullet2>
    <bullet3>Stainless steel check valve eliminates wet sumping upon start-up; positively will not leak oil into the lower end during storage</bullet3>
    <bullet4>No provisions for primary or rear-chain oiling</bullet4>
    <bullet5>U.S. Patent #6,230,680</bullet5>
    <bullet6/>
    <bullet7/>
    <bullet8/>
    <bullet9/>
    <bullet10/>
    <bullet11/>
    <bullet12/>
    <bullet13/>
    <bullet14/>
    <bullet15/>
    <bullet16/>
    <bullet17/>
    <bullet18/>
    <bullet19/>
    <bullet20/>
    <bullet21/>
    <bullet22/>
    <bullet23/>
    <bullet24/>
    <vendorPriceUpdateDate>2023-04-22 00:00:00</vendorPriceUpdateDate>
  </part>
  <part>
    <partNumber>TP24520</partNumber>
    <punctuatedPartNumber>TP245-20</punctuatedPartNumber>
    <partStatusDescription>DISCONTINUED</partStatusDescription>
    <partDescription>Pro Series Rocker Arms</partDescription>
    <unitOfMeasure>4 Pack</unitOfMeasure>
    <brandName>TP ENGINEERING</brandName>
    <supplierNumber>45-0245-23</supplierNumber>
    <specialInstructions>DISCONTINUED ITEM</specialInstructions>
    <baseDealerPrice>438.00</baseDealerPrice>
    <yourDealerPrice>438.00</yourDealerPrice>
    <baseRetailPrice>732.95</baseRetailPrice>
    <originalRetailPrice>560.95</originalRetailPrice>
    <partImage>http://asset.lemansnet.com/z/LzMvMS81LzMxNTcyRTM3LUQxNDItNDg0NC1BRjE5LTc5NTRGMjMyMzFGRQ==</partImage>
    <productId>0912663608</productId>
    <productName>Pro-Series® Roller Rocker Arms</productName>
    <productImage>http://asset.lemansnet.com/z/LzMvMS81LzMxNTcyRTM3LUQxNDItNDg0NC1BRjE5LTc5NTRGMjMyMzFGRQ==</productImage>
    <bullet1>Premium rocker arms are forged from 4140 steel and CNC-machined for a perfect fit</bullet1>
    <bullet2>Feature a roller tip for less drag and a solid bushing for extended life</bullet2>
    <bullet3>Made in the U.S.A.</bullet3>
    <bullet4/>
    <bullet5/>
    <bullet6/>
    <bullet7/>
    <bullet8/>
    <bullet9/>
    <bullet10/>
    <bullet11/>
    <bullet12/>
    <bullet13/>
    <bullet14/>
    <bullet15/>
    <bullet16/>
    <bullet17/>
    <bullet18/>
    <bullet19/>
    <bullet20/>
    <bullet21/>
    <bullet22/>
    <bullet23/>
    <bullet24/>
    <vendorPriceUpdateDate>2023-04-22 00:00:00</vendorPriceUpdateDate>
  </part>
</root>
