<root>
  <part>
    <partNumber>37150019</partNumber>
    <punctuatedPartNumber>3715-0019</punctuatedPartNumber>
    <partStatusDescription>STANDARD</partStatusDescription>
    <partDescription>Tire Sealant - 5 U.S. gal.</partDescription>
    <unitOfMeasure>Each</unitOfMeasure>
    <brandName>GENUINE INNOVATIONS</brandName>
    <supplierNumber>SB-5G-IN</supplierNumber>
    <specialInstructions/>
    <baseDealerPrice>151.60</baseDealerPrice>
    <yourDealerPrice>151.60</yourDealerPrice>
    <baseRetailPrice>217.99</baseRetailPrice>
    <originalRetailPrice>218.95</originalRetailPrice>
    <partImage>http://asset.lemansnet.com/z/LzkvQy83LzlDNzIzQTBDLTlBRkMtNDYxRC04MzdFLTcxMDI5MzgwQ0M0Nw==</partImage>
    <productId>1329244407</productId>
    <productName>Slime Tire Sealant</productName>
    <productImage>http://asset.lemansnet.com/z/LzkvQy83LzlDNzIzQTBDLTlBRkMtNDYxRC04MzdFLTcxMDI5MzgwQ0M0Nw==</productImage>
    <bullet1>Prevents and repairs flats in tubed tires caused by punctures up to a quarter-inch</bullet1>
    <bullet2>Non-flammable, non-toxic and non-aerosol</bullet2>
    <bullet3>Works repeatedly, puncture after puncture</bullet3>
    <bullet4>Cleans up easily with water</bullet4>
    <bullet5>Lasts up to two years</bullet5>
    <bullet6>Available in 5-gallon drums</bullet6>
    <bullet7/>
    <bullet8/>
    <bullet9/>
    <bullet10/>
    <bullet11/>
    <bullet12/>
    <bullet13/>
    <bullet14/>
    <bullet15/>
    <bullet16/>
    <bullet17/>
    <bullet18/>
    <bullet19/>
    <bullet20/>
    <bullet21/>
    <bullet22/>
    <bullet23/>
    <bullet24/>
    <vendorPriceUpdateDate>2022-05-25 00:00:00</vendorPriceUpdateDate>
  </part>
</root>
